model,K,spk,local_t,gi,method,ASR,presence,S_C,margin,PESQ,STOI,SI_SDR,rho_wave,rho_det,cb_margin,cb_shuf_margin
wavmark,2,chinese:SSB0005,0,0,single_copy,0,1.0000,-0.0000,1.0000,4.6439,1.0000,147.65,nan,nan,-2.0000,-2.0000
wavmark,2,chinese:SSB0005,0,0,mean,1,1.0000,-2.0000,-2.0000,4.5812,0.9978,45.79,nan,nan,-2.0000,-2.0000
wavmark,2,chinese:SSB0005,0,0,rp,1,1.0000,-2.0000,-2.0000,4.5812,0.9978,45.79,nan,nan,-2.0000,-2.0000
wavmark,2,chinese:SSB0005,0,0,random_dirichlet,0,1.0000,-0.0000,1.0000,4.5345,0.9959,43.07,nan,nan,-2.0000,-2.0000
wavmark,2,chinese:SSB0005,0,0,eep,1,1.0000,-2.0000,-2.0000,4.5812,0.9978,45.79,nan,nan,-2.0000,-2.0000
wavmark,2,chinese:SSB0005,0,0,fwp,1,1.0000,-2.0000,-2.0000,4.5812,0.9978,45.79,nan,nan,-2.0000,-2.0000
wavmark,2,chinese:SSB0005,0,0,dm,1,1.0000,-2.0000,-2.0000,4.5812,0.9978,45.79,nan,nan,-2.0000,-2.0000
wavmark,2,chinese:SSB0005,0,0,tct,1,1.0000,-2.0000,-2.0000,4.5812,0.9978,45.79,nan,nan,-2.0000,-2.0000
wavmark,2,chinese:SSB0005,0,0,payload_farthest,1,1.0000,-2.0000,-2.0000,4.5812,0.9978,45.79,nan,nan,-2.0000,-2.0000
wavmark,2,chinese:SSB0005,1,1,single_copy,0,1.0000,-0.0000,1.0000,4.6439,1.0000,147.65,nan,nan,-4.0000,-4.0000
wavmark,2,chinese:SSB0005,1,1,mean,1,1.0000,-4.0000,-4.0000,4.5708,0.9985,45.40,nan,nan,-4.0000,-4.0000
wavmark,2,chinese:SSB0005,1,1,rp,1,1.0000,-4.0000,-4.0000,4.5708,0.9985,45.40,nan,nan,-4.0000,-4.0000
wavmark,2,chinese:SSB0005,1,1,random_dirichlet,0,1.0000,-0.0000,1.0000,4.5180,0.9966,41.95,nan,nan,-4.0000,-4.0000
wavmark,2,chinese:SSB0005,1,1,eep,1,1.0000,-4.0000,-4.0000,4.5708,0.9985,45.40,nan,nan,-4.0000,-4.0000
wavmark,2,chinese:SSB0005,1,1,fwp,1,1.0000,-4.0000,-4.0000,4.5708,0.9985,45.40,nan,nan,-4.0000,-4.0000
wavmark,2,chinese:SSB0005,1,1,dm,1,1.0000,-4.0000,-4.0000,4.5708,0.9985,45.40,nan,nan,-4.0000,-4.0000
wavmark,2,chinese:SSB0005,1,1,tct,1,1.0000,-4.0000,-4.0000,4.5708,0.9985,45.40,nan,nan,-4.0000,-4.0000
wavmark,2,chinese:SSB0005,1,1,payload_farthest,1,1.0000,-4.0000,-4.0000,4.5708,0.9985,45.40,nan,nan,-4.0000,-4.0000
wavmark,2,chinese:SSB0005,2,2,single_copy,0,1.0000,-0.0000,1.0000,4.6439,1.0000,147.65,nan,nan,-2.0000,-2.0000
wavmark,2,chinese:SSB0005,2,2,mean,1,1.0000,-2.0000,-2.0000,4.6118,0.9990,48.15,nan,nan,-2.0000,-2.0000
wavmark,2,chinese:SSB0005,2,2,rp,1,1.0000,-2.0000,-2.0000,4.6118,0.9990,48.15,nan,nan,-2.0000,-2.0000
wavmark,2,chinese:SSB0005,2,2,random_dirichlet,1,1.0000,-1.0000,-1.0000,4.6164,0.9992,48.87,nan,nan,-2.0000,-2.0000
wavmark,2,chinese:SSB0005,2,2,eep,1,1.0000,-2.0000,-2.0000,4.6118,0.9990,48.15,nan,nan,-2.0000,-2.0000
wavmark,2,chinese:SSB0005,2,2,fwp,1,1.0000,-2.0000,-2.0000,4.6118,0.9990,48.15,nan,nan,-2.0000,-2.0000
wavmark,2,chinese:SSB0005,2,2,dm,1,1.0000,-2.0000,-2.0000,4.6118,0.9990,48.15,nan,nan,-2.0000,-2.0000
wavmark,2,chinese:SSB0005,2,2,tct,1,1.0000,-2.0000,-2.0000,4.6118,0.9990,48.15,nan,nan,-2.0000,-2.0000
wavmark,2,chinese:SSB0005,2,2,payload_farthest,1,1.0000,-2.0000,-2.0000,4.6118,0.9990,48.15,nan,nan,-2.0000,-2.0000
wavmark,2,chinese:SSB0009,0,3,single_copy,0,1.0000,-0.0000,1.0000,4.6439,1.0000,145.16,nan,nan,-1.0000,-1.0000
wavmark,2,chinese:SSB0009,0,3,mean,1,1.0000,-1.0000,-1.0000,4.6184,1.0000,48.11,nan,nan,-1.0000,-1.0000
wavmark,2,chinese:SSB0009,0,3,rp,1,1.0000,-1.0000,-1.0000,4.6184,1.0000,48.11,nan,nan,-1.0000,-1.0000
wavmark,2,chinese:SSB0009,0,3,random_dirichlet,0,1.0000,-0.0000,1.0000,4.6346,1.0000,54.64,nan,nan,-1.0000,-1.0000
wavmark,2,chinese:SSB0009,0,3,eep,1,1.0000,-1.0000,-1.0000,4.6184,1.0000,48.11,nan,nan,-1.0000,-1.0000
wavmark,2,chinese:SSB0009,0,3,fwp,1,1.0000,-1.0000,-1.0000,4.6184,1.0000,48.11,nan,nan,-1.0000,-1.0000
wavmark,2,chinese:SSB0009,0,3,dm,1,1.0000,-1.0000,-1.0000,4.6184,1.0000,48.11,nan,nan,-1.0000,-1.0000
wavmark,2,chinese:SSB0009,0,3,tct,1,1.0000,-1.0000,-1.0000,4.6184,1.0000,48.11,nan,nan,-1.0000,-1.0000
wavmark,2,chinese:SSB0009,0,3,payload_farthest,1,1.0000,-1.0000,-1.0000,4.6184,1.0000,48.11,nan,nan,-1.0000,-1.0000
wavmark,2,chinese:SSB0009,1,4,single_copy,0,1.0000,-0.0000,1.0000,4.6439,1.0000,145.16,nan,nan,-4.0000,-4.0000
wavmark,2,chinese:SSB0009,1,4,mean,1,1.0000,-4.0000,-4.0000,4.6179,1.0000,44.95,nan,nan,-4.0000,-4.0000
wavmark,2,chinese:SSB0009,1,4,rp,1,1.0000,-4.0000,-4.0000,4.6179,1.0000,44.95,nan,nan,-4.0000,-4.0000
wavmark,2,chinese:SSB0009,1,4,random_dirichlet,0,1.0000,-0.0000,1.0000,4.5655,0.9999,40.07,nan,nan,-4.0000,-4.0000
wavmark,2,chinese:SSB0009,1,4,eep,1,1.0000,-4.0000,-4.0000,4.6179,1.0000,44.95,nan,nan,-4.0000,-4.0000
wavmark,2,chinese:SSB0009,1,4,fwp,1,1.0000,-4.0000,-4.0000,4.6179,1.0000,44.95,nan,nan,-4.0000,-4.0000
wavmark,2,chinese:SSB0009,1,4,dm,1,1.0000,-4.0000,-4.0000,4.6179,1.0000,44.95,nan,nan,-4.0000,-4.0000
wavmark,2,chinese:SSB0009,1,4,tct,1,1.0000,-4.0000,-4.0000,4.6179,1.0000,44.95,nan,nan,-4.0000,-4.0000
wavmark,2,chinese:SSB0009,1,4,payload_farthest,1,1.0000,-4.0000,-4.0000,4.6179,1.0000,44.95,nan,nan,-4.0000,-4.0000
wavmark,2,chinese:SSB0009,2,5,single_copy,0,1.0000,-0.0000,1.0000,4.6439,1.0000,145.16,nan,nan,-3.0000,-3.0000
wavmark,2,chinese:SSB0009,2,5,mean,1,1.0000,-3.0000,-3.0000,4.5803,0.9999,44.15,nan,nan,-3.0000,-3.0000
wavmark,2,chinese:SSB0009,2,5,rp,1,1.0000,-3.0000,-3.0000,4.5803,0.9999,44.15,nan,nan,-3.0000,-3.0000
wavmark,2,chinese:SSB0009,2,5,random_dirichlet,0,1.0000,-0.0000,1.0000,4.6230,1.0000,49.86,nan,nan,-3.0000,-3.0000
wavmark,2,chinese:SSB0009,2,5,eep,1,1.0000,-3.0000,-3.0000,4.5803,0.9999,44.15,nan,nan,-3.0000,-3.0000
wavmark,2,chinese:SSB0009,2,5,fwp,1,1.0000,-3.0000,-3.0000,4.5803,0.9999,44.15,nan,nan,-3.0000,-3.0000
wavmark,2,chinese:SSB0009,2,5,dm,1,1.0000,-3.0000,-3.0000,4.5803,0.9999,44.15,nan,nan,-3.0000,-3.0000
wavmark,2,chinese:SSB0009,2,5,tct,1,1.0000,-3.0000,-3.0000,4.5803,0.9999,44.15,nan,nan,-3.0000,-3.0000
wavmark,2,chinese:SSB0009,2,5,payload_farthest,1,1.0000,-3.0000,-3.0000,4.5803,0.9999,44.15,nan,nan,-3.0000,-3.0000
wavmark,2,chinese:SSB0011,0,6,single_copy,0,1.0000,-0.0000,1.0000,4.6439,1.0000,140.67,nan,nan,-3.0000,-3.0000
wavmark,2,chinese:SSB0011,0,6,mean,1,1.0000,-3.0000,-3.0000,4.5268,0.9997,44.31,nan,nan,-3.0000,-3.0000
wavmark,2,chinese:SSB0011,0,6,rp,1,1.0000,-3.0000,-3.0000,4.5268,0.9997,44.31,nan,nan,-3.0000,-3.0000
wavmark,2,chinese:SSB0011,0,6,random_dirichlet,1,1.0000,-1.0000,-1.0000,4.5569,0.9998,46.30,nan,nan,-3.0000,-3.0000
wavmark,2,chinese:SSB0011,0,6,eep,1,1.0000,-3.0000,-3.0000,4.5268,0.9997,44.31,nan,nan,-3.0000,-3.0000
wavmark,2,chinese:SSB0011,0,6,fwp,1,1.0000,-3.0000,-3.0000,4.5268,0.9997,44.31,nan,nan,-3.0000,-3.0000
wavmark,2,chinese:SSB0011,0,6,dm,1,1.0000,-3.0000,-3.0000,4.5268,0.9997,44.31,nan,nan,-3.0000,-3.0000
wavmark,2,chinese:SSB0011,0,6,tct,1,1.0000,-3.0000,-3.0000,4.5268,0.9997,44.31,nan,nan,-3.0000,-3.0000
wavmark,2,chinese:SSB0011,0,6,payload_farthest,1,1.0000,-3.0000,-3.0000,4.5268,0.9997,44.31,nan,nan,-3.0000,-3.0000
wavmark,2,chinese:SSB0011,1,7,single_copy,0,1.0000,-0.0000,1.0000,4.6439,1.0000,140.67,nan,nan,-3.0000,-3.0000
wavmark,2,chinese:SSB0011,1,7,mean,1,1.0000,-3.0000,-3.0000,4.5299,0.9997,44.34,nan,nan,-3.0000,-3.0000
wavmark,2,chinese:SSB0011,1,7,rp,1,1.0000,-3.0000,-3.0000,4.5299,0.9997,44.34,nan,nan,-3.0000,-3.0000
wavmark,2,chinese:SSB0011,1,7,random_dirichlet,0,1.0000,-0.0000,1.0000,4.5870,0.9999,48.45,nan,nan,-3.0000,-3.0000
wavmark,2,chinese:SSB0011,1,7,eep,1,1.0000,-3.0000,-3.0000,4.5299,0.9997,44.34,nan,nan,-3.0000,-3.0000
wavmark,2,chinese:SSB0011,1,7,fwp,1,1.0000,-3.0000,-3.0000,4.5299,0.9997,44.34,nan,nan,-3.0000,-3.0000
wavmark,2,chinese:SSB0011,1,7,dm,1,1.0000,-3.0000,-3.0000,4.5299,0.9997,44.34,nan,nan,-3.0000,-3.0000
wavmark,2,chinese:SSB0011,1,7,tct,1,1.0000,-3.0000,-3.0000,4.5299,0.9997,44.34,nan,nan,-3.0000,-3.0000
wavmark,2,chinese:SSB0011,1,7,payload_farthest,1,1.0000,-3.0000,-3.0000,4.5299,0.9997,44.34,nan,nan,-3.0000,-3.0000
wavmark,2,chinese:SSB0011,2,8,single_copy,0,1.0000,-0.0000,1.0000,4.6439,1.0000,140.67,nan,nan,-4.0000,-4.0000
wavmark,2,chinese:SSB0011,2,8,mean,1,1.0000,-4.0000,-4.0000,4.4758,0.9995,43.61,nan,nan,-4.0000,-4.0000
wavmark,2,chinese:SSB0011,2,8,rp,1,1.0000,-4.0000,-4.0000,4.4758,0.9995,43.61,nan,nan,-4.0000,-4.0000
wavmark,2,chinese:SSB0011,2,8,random_dirichlet,0,1.0000,-0.0000,1.0000,4.3728,0.9993,41.37,nan,nan,-4.0000,-4.0000
wavmark,2,chinese:SSB0011,2,8,eep,1,1.0000,-4.0000,-4.0000,4.4758,0.9995,43.61,nan,nan,-4.0000,-4.0000
wavmark,2,chinese:SSB0011,2,8,fwp,1,1.0000,-4.0000,-4.0000,4.4758,0.9995,43.61,nan,nan,-4.0000,-4.0000
wavmark,2,chinese:SSB0011,2,8,dm,1,1.0000,-4.0000,-4.0000,4.4758,0.9995,43.61,nan,nan,-4.0000,-4.0000
wavmark,2,chinese:SSB0011,2,8,tct,1,1.0000,-4.0000,-4.0000,4.4758,0.9995,43.61,nan,nan,-4.0000,-4.0000
wavmark,2,chinese:SSB0011,2,8,payload_farthest,1,1.0000,-4.0000,-4.0000,4.4758,0.9995,43.61,nan,nan,-4.0000,-4.0000
wavmark,2,chinese:SSB0012,0,9,single_copy,0,1.0000,-0.0000,1.0000,4.6439,1.0000,145.72,nan,nan,-3.0000,-3.0000
wavmark,2,chinese:SSB0012,0,9,mean,1,1.0000,-3.0000,-3.0000,4.5779,0.9998,44.85,nan,nan,-3.0000,-3.0000
wavmark,2,chinese:SSB0012,0,9,rp,1,1.0000,-3.0000,-3.0000,4.5779,0.9998,44.85,nan,nan,-3.0000,-3.0000
wavmark,2,chinese:SSB0012,0,9,random_dirichlet,0,1.0000,-0.0000,1.0000,4.6052,0.9999,47.79,nan,nan,-3.0000,-3.0000
wavmark,2,chinese:SSB0012,0,9,eep,1,1.0000,-3.0000,-3.0000,4.5779,0.9998,44.85,nan,nan,-3.0000,-3.0000
wavmark,2,chinese:SSB0012,0,9,fwp,1,1.0000,-3.0000,-3.0000,4.5779,0.9998,44.85,nan,nan,-3.0000,-3.0000
wavmark,2,chinese:SSB0012,0,9,dm,1,1.0000,-3.0000,-3.0000,4.5779,0.9998,44.85,nan,nan,-3.0000,-3.0000
wavmark,2,chinese:SSB0012,0,9,tct,1,1.0000,-3.0000,-3.0000,4.5779,0.9998,44.85,nan,nan,-3.0000,-3.0000
wavmark,2,chinese:SSB0012,0,9,payload_farthest,1,1.0000,-3.0000,-3.0000,4.5779,0.9998,44.85,nan,nan,-3.0000,-3.0000
wavmark,2,chinese:SSB0012,1,10,single_copy,0,1.0000,-0.0000,1.0000,4.6439,1.0000,145.72,nan,nan,-3.0000,-3.0000
wavmark,2,chinese:SSB0012,1,10,mean,1,1.0000,-3.0000,-3.0000,4.5493,0.9998,44.74,nan,nan,-3.0000,-3.0000
wavmark,2,chinese:SSB0012,1,10,rp,1,1.0000,-3.0000,-3.0000,4.5493,0.9998,44.74,nan,nan,-3.0000,-3.0000
wavmark,2,chinese:SSB0012,1,10,random_dirichlet,0,1.0000,-0.0000,1.0000,4.6339,1.0000,57.55,nan,nan,-3.0000,-3.0000
wavmark,2,chinese:SSB0012,1,10,eep,1,1.0000,-3.0000,-3.0000,4.5493,0.9998,44.74,nan,nan,-3.0000,-3.0000
wavmark,2,chinese:SSB0012,1,10,fwp,1,1.0000,-3.0000,-3.0000,4.5493,0.9998,44.74,nan,nan,-3.0000,-3.0000
wavmark,2,chinese:SSB0012,1,10,dm,1,1.0000,-3.0000,-3.0000,4.5493,0.9998,44.74,nan,nan,-3.0000,-3.0000
wavmark,2,chinese:SSB0012,1,10,tct,1,1.0000,-3.0000,-3.0000,4.5493,0.9998,44.74,nan,nan,-3.0000,-3.0000
wavmark,2,chinese:SSB0012,1,10,payload_farthest,1,1.0000,-3.0000,-3.0000,4.5493,0.9998,44.74,nan,nan,-3.0000,-3.0000
wavmark,2,chinese:SSB0012,2,11,single_copy,0,1.0000,-0.0000,1.0000,4.6439,1.0000,145.72,nan,nan,-1.0000,-1.0000
wavmark,2,chinese:SSB0012,2,11,mean,1,1.0000,-1.0000,-1.0000,4.5910,0.9999,48.62,nan,nan,-1.0000,-1.0000
wavmark,2,chinese:SSB0012,2,11,rp,1,1.0000,-1.0000,-1.0000,4.5910,0.9999,48.62,nan,nan,-1.0000,-1.0000
wavmark,2,chinese:SSB0012,2,11,random_dirichlet,0,1.0000,-0.0000,1.0000,4.6247,1.0000,56.79,nan,nan,-1.0000,-1.0000
wavmark,2,chinese:SSB0012,2,11,eep,1,1.0000,-1.0000,-1.0000,4.5910,0.9999,48.62,nan,nan,-1.0000,-1.0000
wavmark,2,chinese:SSB0012,2,11,fwp,1,1.0000,-1.0000,-1.0000,4.5910,0.9999,48.62,nan,nan,-1.0000,-1.0000
wavmark,2,chinese:SSB0012,2,11,dm,1,1.0000,-1.0000,-1.0000,4.5910,0.9999,48.62,nan,nan,-1.0000,-1.0000
wavmark,2,chinese:SSB0012,2,11,tct,1,1.0000,-1.0000,-1.0000,4.5910,0.9999,48.62,nan,nan,-1.0000,-1.0000
wavmark,2,chinese:SSB0012,2,11,payload_farthest,1,1.0000,-1.0000,-1.0000,4.5910,0.9999,48.62,nan,nan,-1.0000,-1.0000
wavmark,2,chinese:SSB0016,0,12,single_copy,0,1.0000,-0.0000,1.0000,4.6439,1.0000,133.04,nan,nan,-1.0000,-1.0000
wavmark,2,chinese:SSB0016,0,12,mean,1,1.0000,-1.0000,-1.0000,4.4780,0.9990,41.42,nan,nan,-1.0000,-1.0000
wavmark,2,chinese:SSB0016,0,12,rp,1,1.0000,-1.0000,-1.0000,4.4780,0.9990,41.42,nan,nan,-1.0000,-1.0000
wavmark,2,chinese:SSB0016,0,12,random_dirichlet,0,1.0000,-0.0000,1.0000,4.6347,1.0000,58.40,nan,nan,-1.0000,-1.0000
wavmark,2,chinese:SSB0016,0,12,eep,1,1.0000,-1.0000,-1.0000,4.4780,0.9990,41.42,nan,nan,-1.0000,-1.0000
wavmark,2,chinese:SSB0016,0,12,fwp,1,1.0000,-1.0000,-1.0000,4.4780,0.9990,41.42,nan,nan,-1.0000,-1.0000
wavmark,2,chinese:SSB0016,0,12,dm,1,1.0000,-1.0000,-1.0000,4.4780,0.9990,41.42,nan,nan,-1.0000,-1.0000
wavmark,2,chinese:SSB0016,0,12,tct,1,1.0000,-1.0000,-1.0000,4.4780,0.9990,41.42,nan,nan,-1.0000,-1.0000
wavmark,2,chinese:SSB0016,0,12,payload_farthest,1,1.0000,-1.0000,-1.0000,4.4780,0.9990,41.42,nan,nan,-1.0000,-1.0000
wavmark,2,chinese:SSB0016,1,13,single_copy,0,1.0000,-0.0000,1.0000,4.6439,1.0000,133.04,nan,nan,-3.0000,-3.0000
wavmark,2,chinese:SSB0016,1,13,mean,1,1.0000,-3.0000,-3.0000,4.4887,0.9986,39.92,nan,nan,-3.0000,-3.0000
wavmark,2,chinese:SSB0016,1,13,rp,1,1.0000,-3.0000,-3.0000,4.4887,0.9986,39.92,nan,nan,-3.0000,-3.0000
wavmark,2,chinese:SSB0016,1,13,random_dirichlet,1,1.0000,-1.0000,-1.0000,4.5860,0.9996,45.38,nan,nan,-3.0000,-3.0000
wavmark,2,chinese:SSB0016,1,13,eep,1,1.0000,-3.0000,-3.0000,4.4887,0.9986,39.92,nan,nan,-3.0000,-3.0000
wavmark,2,chinese:SSB0016,1,13,fwp,1,1.0000,-3.0000,-3.0000,4.4887,0.9986,39.92,nan,nan,-3.0000,-3.0000
wavmark,2,chinese:SSB0016,1,13,dm,1,1.0000,-3.0000,-3.0000,4.4887,0.9986,39.92,nan,nan,-3.0000,-3.0000
wavmark,2,chinese:SSB0016,1,13,tct,1,1.0000,-3.0000,-3.0000,4.4887,0.9986,39.92,nan,nan,-3.0000,-3.0000
wavmark,2,chinese:SSB0016,1,13,payload_farthest,1,1.0000,-3.0000,-3.0000,4.4887,0.9986,39.92,nan,nan,-3.0000,-3.0000
wavmark,2,chinese:SSB0016,2,14,single_copy,0,1.0000,-0.0000,1.0000,4.6439,1.0000,133.04,nan,nan,-1.0000,-1.0000
wavmark,2,chinese:SSB0016,2,14,mean,1,1.0000,-1.0000,-1.0000,4.5846,0.9995,44.71,nan,nan,-1.0000,-1.0000
wavmark,2,chinese:SSB0016,2,14,rp,1,1.0000,-1.0000,-1.0000,4.5846,0.9995,44.71,nan,nan,-1.0000,-1.0000
wavmark,2,chinese:SSB0016,2,14,random_dirichlet,0,1.0000,-0.0000,1.0000,4.6396,1.0000,60.08,nan,nan,-1.0000,-1.0000
wavmark,2,chinese:SSB0016,2,14,eep,1,1.0000,-1.0000,-1.0000,4.5846,0.9995,44.71,nan,nan,-1.0000,-1.0000
wavmark,2,chinese:SSB0016,2,14,fwp,1,1.0000,-1.0000,-1.0000,4.5846,0.9995,44.71,nan,nan,-1.0000,-1.0000
wavmark,2,chinese:SSB0016,2,14,dm,1,1.0000,-1.0000,-1.0000,4.5846,0.9995,44.71,nan,nan,-1.0000,-1.0000
wavmark,2,chinese:SSB0016,2,14,tct,1,1.0000,-1.0000,-1.0000,4.5846,0.9995,44.71,nan,nan,-1.0000,-1.0000
wavmark,2,chinese:SSB0016,2,14,payload_farthest,1,1.0000,-1.0000,-1.0000,4.5846,0.9995,44.71,nan,nan,-1.0000,-1.0000
wavmark,2,chinese:SSB0018,0,15,single_copy,0,1.0000,-0.0000,1.0000,4.6439,1.0000,144.22,nan,nan,-4.0000,-4.0000
wavmark,2,chinese:SSB0018,0,15,mean,1,1.0000,-4.0000,-4.0000,4.5344,0.9997,45.70,nan,nan,-4.0000,-4.0000
wavmark,2,chinese:SSB0018,0,15,rp,1,1.0000,-4.0000,-4.0000,4.5344,0.9997,45.70,nan,nan,-4.0000,-4.0000
wavmark,2,chinese:SSB0018,0,15,random_dirichlet,0,1.0000,-0.0000,1.0000,4.5689,0.9998,48.26,nan,nan,-4.0000,-4.0000
wavmark,2,chinese:SSB0018,0,15,eep,1,1.0000,-4.0000,-4.0000,4.5344,0.9997,45.70,nan,nan,-4.0000,-4.0000
wavmark,2,chinese:SSB0018,0,15,fwp,1,1.0000,-4.0000,-4.0000,4.5344,0.9997,45.70,nan,nan,-4.0000,-4.0000
wavmark,2,chinese:SSB0018,0,15,dm,1,1.0000,-4.0000,-4.0000,4.5344,0.9997,45.70,nan,nan,-4.0000,-4.0000
wavmark,2,chinese:SSB0018,0,15,tct,1,1.0000,-4.0000,-4.0000,4.5344,0.9997,45.70,nan,nan,-4.0000,-4.0000
wavmark,2,chinese:SSB0018,0,15,payload_farthest,1,1.0000,-4.0000,-4.0000,4.5344,0.9997,45.70,nan,nan,-4.0000,-4.0000
wavmark,2,chinese:SSB0018,1,16,single_copy,0,1.0000,-0.0000,1.0000,4.6439,1.0000,144.22,nan,nan,-4.0000,-4.0000
wavmark,2,chinese:SSB0018,1,16,mean,1,1.0000,-4.0000,-4.0000,4.5003,0.9995,44.52,nan,nan,-4.0000,-4.0000
wavmark,2,chinese:SSB0018,1,16,rp,1,1.0000,-4.0000,-4.0000,4.5003,0.9995,44.52,nan,nan,-4.0000,-4.0000
wavmark,2,chinese:SSB0018,1,16,random_dirichlet,1,1.0000,-2.0000,-2.0000,4.5586,0.9998,47.60,nan,nan,-4.0000,-4.0000
wavmark,2,chinese:SSB0018,1,16,eep,1,1.0000,-4.0000,-4.0000,4.5003,0.9995,44.52,nan,nan,-4.0000,-4.0000
wavmark,2,chinese:SSB0018,1,16,fwp,1,1.0000,-4.0000,-4.0000,4.5003,0.9995,44.52,nan,nan,-4.0000,-4.0000
wavmark,2,chinese:SSB0018,1,16,dm,1,1.0000,-4.0000,-4.0000,4.5003,0.9995,44.52,nan,nan,-4.0000,-4.0000
wavmark,2,chinese:SSB0018,1,16,tct,1,1.0000,-4.0000,-4.0000,4.5003,0.9995,44.52,nan,nan,-4.0000,-4.0000
wavmark,2,chinese:SSB0018,1,16,payload_farthest,1,1.0000,-4.0000,-4.0000,4.5003,0.9995,44.52,nan,nan,-4.0000,-4.0000
wavmark,2,chinese:SSB0018,2,17,single_copy,0,1.0000,-0.0000,1.0000,4.6439,1.0000,144.22,nan,nan,-2.0000,-2.0000
wavmark,2,chinese:SSB0018,2,17,mean,1,1.0000,-2.0000,-2.0000,4.5782,0.9997,46.66,nan,nan,-2.0000,-2.0000
wavmark,2,chinese:SSB0018,2,17,rp,1,1.0000,-2.0000,-2.0000,4.5782,0.9997,46.66,nan,nan,-2.0000,-2.0000
wavmark,2,chinese:SSB0018,2,17,random_dirichlet,0,1.0000,-0.0000,1.0000,4.6354,1.0000,58.52,nan,nan,-2.0000,-2.0000
wavmark,2,chinese:SSB0018,2,17,eep,1,1.0000,-2.0000,-2.0000,4.5782,0.9997,46.66,nan,nan,-2.0000,-2.0000
wavmark,2,chinese:SSB0018,2,17,fwp,1,1.0000,-2.0000,-2.0000,4.5782,0.9997,46.66,nan,nan,-2.0000,-2.0000
wavmark,2,chinese:SSB0018,2,17,dm,1,1.0000,-2.0000,-2.0000,4.5782,0.9997,46.66,nan,nan,-2.0000,-2.0000
wavmark,2,chinese:SSB0018,2,17,tct,1,1.0000,-2.0000,-2.0000,4.5782,0.9997,46.66,nan,nan,-2.0000,-2.0000
wavmark,2,chinese:SSB0018,2,17,payload_farthest,1,1.0000,-2.0000,-2.0000,4.5782,0.9997,46.66,nan,nan,-2.0000,-2.0000
wavmark,2,chinese:SSB0033,0,18,single_copy,0,1.0000,-0.0000,1.0000,4.6439,1.0000,147.64,nan,nan,-3.0000,-3.0000
wavmark,2,chinese:SSB0033,0,18,mean,1,1.0000,-3.0000,-3.0000,4.5227,0.9997,44.92,nan,nan,-3.0000,-3.0000
wavmark,2,chinese:SSB0033,0,18,rp,1,1.0000,-3.0000,-3.0000,4.5227,0.9997,44.92,nan,nan,-3.0000,-3.0000
wavmark,2,chinese:SSB0033,0,18,random_dirichlet,1,1.0000,-4.0000,-4.0000,4.5336,0.9997,45.39,nan,nan,-3.0000,-3.0000
wavmark,2,chinese:SSB0033,0,18,eep,1,1.0000,-3.0000,-3.0000,4.5227,0.9997,44.92,nan,nan,-3.0000,-3.0000
wavmark,2,chinese:SSB0033,0,18,fwp,1,1.0000,-3.0000,-3.0000,4.5227,0.9997,44.92,nan,nan,-3.0000,-3.0000
wavmark,2,chinese:SSB0033,0,18,dm,1,1.0000,-3.0000,-3.0000,4.5227,0.9997,44.92,nan,nan,-3.0000,-3.0000
wavmark,2,chinese:SSB0033,0,18,tct,1,1.0000,-3.0000,-3.0000,4.5227,0.9997,44.92,nan,nan,-3.0000,-3.0000
wavmark,2,chinese:SSB0033,0,18,payload_farthest,1,1.0000,-3.0000,-3.0000,4.5227,0.9997,44.92,nan,nan,-3.0000,-3.0000
wavmark,2,chinese:SSB0033,1,19,single_copy,0,1.0000,-0.0000,1.0000,4.6439,1.0000,147.64,nan,nan,-2.0000,-2.0000
wavmark,2,chinese:SSB0033,1,19,mean,1,1.0000,-2.0000,-2.0000,4.4996,0.9997,44.96,nan,nan,-2.0000,-2.0000
wavmark,2,chinese:SSB0033,1,19,rp,1,1.0000,-2.0000,-2.0000,4.4996,0.9997,44.96,nan,nan,-2.0000,-2.0000
wavmark,2,chinese:SSB0033,1,19,random_dirichlet,0,1.0000,-0.0000,1.0000,4.3537,0.9992,40.18,nan,nan,-2.0000,-2.0000
wavmark,2,chinese:SSB0033,1,19,eep,1,1.0000,-2.0000,-2.0000,4.4996,0.9997,44.96,nan,nan,-2.0000,-2.0000
wavmark,2,chinese:SSB0033,1,19,fwp,1,1.0000,-2.0000,-2.0000,4.4996,0.9997,44.96,nan,nan,-2.0000,-2.0000
wavmark,2,chinese:SSB0033,1,19,dm,1,1.0000,-2.0000,-2.0000,4.4996,0.9997,44.96,nan,nan,-2.0000,-2.0000
wavmark,2,chinese:SSB0033,1,19,tct,1,1.0000,-2.0000,-2.0000,4.4996,0.9997,44.96,nan,nan,-2.0000,-2.0000
wavmark,2,chinese:SSB0033,1,19,payload_farthest,1,1.0000,-2.0000,-2.0000,4.4996,0.9997,44.96,nan,nan,-2.0000,-2.0000
wavmark,2,chinese:SSB0033,2,20,single_copy,0,1.0000,-0.0000,1.0000,4.6439,1.0000,147.64,nan,nan,-2.0000,-2.0000
wavmark,2,chinese:SSB0033,2,20,mean,1,1.0000,-2.0000,-2.0000,4.5164,0.9998,45.70,nan,nan,-2.0000,-2.0000
wavmark,2,chinese:SSB0033,2,20,rp,1,1.0000,-2.0000,-2.0000,4.5164,0.9998,45.70,nan,nan,-2.0000,-2.0000
wavmark,2,chinese:SSB0033,2,20,random_dirichlet,0,1.0000,-0.0000,1.0000,4.3871,0.9995,42.19,nan,nan,-2.0000,-2.0000
wavmark,2,chinese:SSB0033,2,20,eep,1,1.0000,-2.0000,-2.0000,4.5164,0.9998,45.70,nan,nan,-2.0000,-2.0000
wavmark,2,chinese:SSB0033,2,20,fwp,1,1.0000,-2.0000,-2.0000,4.5164,0.9998,45.70,nan,nan,-2.0000,-2.0000
wavmark,2,chinese:SSB0033,2,20,dm,1,1.0000,-2.0000,-2.0000,4.5164,0.9998,45.70,nan,nan,-2.0000,-2.0000
wavmark,2,chinese:SSB0033,2,20,tct,1,1.0000,-2.0000,-2.0000,4.5164,0.9998,45.70,nan,nan,-2.0000,-2.0000
wavmark,2,chinese:SSB0033,2,20,payload_farthest,1,1.0000,-2.0000,-2.0000,4.5164,0.9998,45.70,nan,nan,-2.0000,-2.0000
wavmark,2,chinese:SSB0038,0,21,single_copy,0,1.0000,-0.0000,1.0000,4.6439,1.0000,143.24,nan,nan,-5.0000,-5.0000
wavmark,2,chinese:SSB0038,0,21,mean,1,1.0000,-5.0000,-5.0000,4.5236,0.9999,43.98,nan,nan,-5.0000,-5.0000
wavmark,2,chinese:SSB0038,0,21,rp,1,1.0000,-5.0000,-5.0000,4.5236,0.9999,43.98,nan,nan,-5.0000,-5.0000
wavmark,2,chinese:SSB0038,0,21,random_dirichlet,0,1.0000,-0.0000,1.0000,4.5988,1.0000,49.73,nan,nan,-5.0000,-5.0000
wavmark,2,chinese:SSB0038,0,21,eep,1,1.0000,-5.0000,-5.0000,4.5236,0.9999,43.98,nan,nan,-5.0000,-5.0000
wavmark,2,chinese:SSB0038,0,21,fwp,1,1.0000,-5.0000,-5.0000,4.5236,0.9999,43.98,nan,nan,-5.0000,-5.0000
wavmark,2,chinese:SSB0038,0,21,dm,1,1.0000,-5.0000,-5.0000,4.5236,0.9999,43.98,nan,nan,-5.0000,-5.0000
wavmark,2,chinese:SSB0038,0,21,tct,1,1.0000,-5.0000,-5.0000,4.5236,0.9999,43.98,nan,nan,-5.0000,-5.0000
wavmark,2,chinese:SSB0038,0,21,payload_farthest,1,1.0000,-5.0000,-5.0000,4.5236,0.9999,43.98,nan,nan,-5.0000,-5.0000
wavmark,2,chinese:SSB0038,1,22,single_copy,0,1.0000,-0.0000,1.0000,4.6439,1.0000,143.24,nan,nan,-5.0000,-5.0000
wavmark,2,chinese:SSB0038,1,22,mean,1,1.0000,-5.0000,-5.0000,4.5497,0.9999,43.96,nan,nan,-5.0000,-5.0000
wavmark,2,chinese:SSB0038,1,22,rp,1,1.0000,-5.0000,-5.0000,4.5497,0.9999,43.96,nan,nan,-5.0000,-5.0000
wavmark,2,chinese:SSB0038,1,22,random_dirichlet,0,1.0000,-0.0000,1.0000,4.6438,1.0000,79.87,nan,nan,-5.0000,-5.0000
wavmark,2,chinese:SSB0038,1,22,eep,1,1.0000,-5.0000,-5.0000,4.5497,0.9999,43.96,nan,nan,-5.0000,-5.0000
wavmark,2,chinese:SSB0038,1,22,fwp,1,1.0000,-5.0000,-5.0000,4.5497,0.9999,43.96,nan,nan,-5.0000,-5.0000
wavmark,2,chinese:SSB0038,1,22,dm,1,1.0000,-5.0000,-5.0000,4.5497,0.9999,43.96,nan,nan,-5.0000,-5.0000
wavmark,2,chinese:SSB0038,1,22,tct,1,1.0000,-5.0000,-5.0000,4.5497,0.9999,43.96,nan,nan,-5.0000,-5.0000
wavmark,2,chinese:SSB0038,1,22,payload_farthest,1,1.0000,-5.0000,-5.0000,4.5497,0.9999,43.96,nan,nan,-5.0000,-5.0000
wavmark,2,chinese:SSB0038,2,23,single_copy,0,1.0000,-0.0000,1.0000,4.6439,1.0000,143.24,nan,nan,-3.0000,-3.0000
wavmark,2,chinese:SSB0038,2,23,mean,1,1.0000,-3.0000,-3.0000,4.5671,0.9999,45.88,nan,nan,-3.0000,-3.0000
wavmark,2,chinese:SSB0038,2,23,rp,1,1.0000,-3.0000,-3.0000,4.5671,0.9999,45.88,nan,nan,-3.0000,-3.0000
wavmark,2,chinese:SSB0038,2,23,random_dirichlet,0,1.0000,-0.0000,1.0000,4.6207,1.0000,51.94,nan,nan,-3.0000,-3.0000
wavmark,2,chinese:SSB0038,2,23,eep,1,1.0000,-3.0000,-3.0000,4.5671,0.9999,45.88,nan,nan,-3.0000,-3.0000
wavmark,2,chinese:SSB0038,2,23,fwp,1,1.0000,-3.0000,-3.0000,4.5671,0.9999,45.88,nan,nan,-3.0000,-3.0000
wavmark,2,chinese:SSB0038,2,23,dm,1,1.0000,-3.0000,-3.0000,4.5671,0.9999,45.88,nan,nan,-3.0000,-3.0000
wavmark,2,chinese:SSB0038,2,23,tct,1,1.0000,-3.0000,-3.0000,4.5671,0.9999,45.88,nan,nan,-3.0000,-3.0000
wavmark,2,chinese:SSB0038,2,23,payload_farthest,1,1.0000,-3.0000,-3.0000,4.5671,0.9999,45.88,nan,nan,-3.0000,-3.0000
wavmark,2,chinese:SSB0043,0,24,single_copy,0,1.0000,-0.0000,1.0000,4.6439,1.0000,138.46,nan,nan,-3.0000,-3.0000
wavmark,2,chinese:SSB0043,0,24,mean,1,1.0000,-3.0000,-3.0000,4.5744,0.9993,44.69,nan,nan,-3.0000,-3.0000
wavmark,2,chinese:SSB0043,0,24,rp,1,1.0000,-3.0000,-3.0000,4.5744,0.9993,44.69,nan,nan,-3.0000,-3.0000
wavmark,2,chinese:SSB0043,0,24,random_dirichlet,1,1.0000,-2.0000,-2.0000,4.5930,0.9995,46.44,nan,nan,-3.0000,-3.0000
wavmark,2,chinese:SSB0043,0,24,eep,1,1.0000,-3.0000,-3.0000,4.5744,0.9993,44.69,nan,nan,-3.0000,-3.0000
wavmark,2,chinese:SSB0043,0,24,fwp,1,1.0000,-3.0000,-3.0000,4.5744,0.9993,44.69,nan,nan,-3.0000,-3.0000
wavmark,2,chinese:SSB0043,0,24,dm,1,1.0000,-3.0000,-3.0000,4.5744,0.9993,44.69,nan,nan,-3.0000,-3.0000
wavmark,2,chinese:SSB0043,0,24,tct,1,1.0000,-3.0000,-3.0000,4.5744,0.9993,44.69,nan,nan,-3.0000,-3.0000
wavmark,2,chinese:SSB0043,0,24,payload_farthest,1,1.0000,-3.0000,-3.0000,4.5744,0.9993,44.69,nan,nan,-3.0000,-3.0000
wavmark,2,chinese:SSB0043,1,25,single_copy,0,1.0000,-0.0000,1.0000,4.6439,1.0000,138.46,nan,nan,-4.0000,-4.0000
wavmark,2,chinese:SSB0043,1,25,mean,1,1.0000,-4.0000,-4.0000,4.5353,0.9992,43.74,nan,nan,-4.0000,-4.0000
wavmark,2,chinese:SSB0043,1,25,rp,1,1.0000,-4.0000,-4.0000,4.5353,0.9992,43.74,nan,nan,-4.0000,-4.0000
wavmark,2,chinese:SSB0043,1,25,random_dirichlet,0,1.0000,-0.0000,1.0000,4.5966,0.9997,48.19,nan,nan,-4.0000,-4.0000
wavmark,2,chinese:SSB0043,1,25,eep,1,1.0000,-4.0000,-4.0000,4.5353,0.9992,43.74,nan,nan,-4.0000,-4.0000
wavmark,2,chinese:SSB0043,1,25,fwp,1,1.0000,-4.0000,-4.0000,4.5353,0.9992,43.74,nan,nan,-4.0000,-4.0000
wavmark,2,chinese:SSB0043,1,25,dm,1,1.0000,-4.0000,-4.0000,4.5353,0.9992,43.74,nan,nan,-4.0000,-4.0000
wavmark,2,chinese:SSB0043,1,25,tct,1,1.0000,-4.0000,-4.0000,4.5353,0.9992,43.74,nan,nan,-4.0000,-4.0000
wavmark,2,chinese:SSB0043,1,25,payload_farthest,1,1.0000,-4.0000,-4.0000,4.5353,0.9992,43.74,nan,nan,-4.0000,-4.0000
wavmark,2,chinese:SSB0043,2,26,single_copy,0,1.0000,-0.0000,1.0000,4.6439,1.0000,138.46,nan,nan,-4.0000,-4.0000
wavmark,2,chinese:SSB0043,2,26,mean,1,1.0000,-4.0000,-4.0000,4.5239,0.9991,43.22,nan,nan,-4.0000,-4.0000
wavmark,2,chinese:SSB0043,2,26,rp,1,1.0000,-4.0000,-4.0000,4.5239,0.9991,43.22,nan,nan,-4.0000,-4.0000
wavmark,2,chinese:SSB0043,2,26,random_dirichlet,0,1.0000,-0.0000,1.0000,4.6303,1.0000,56.00,nan,nan,-4.0000,-4.0000
wavmark,2,chinese:SSB0043,2,26,eep,1,1.0000,-4.0000,-4.0000,4.5239,0.9991,43.22,nan,nan,-4.0000,-4.0000
wavmark,2,chinese:SSB0043,2,26,fwp,1,1.0000,-4.0000,-4.0000,4.5239,0.9991,43.22,nan,nan,-4.0000,-4.0000
wavmark,2,chinese:SSB0043,2,26,dm,1,1.0000,-4.0000,-4.0000,4.5239,0.9991,43.22,nan,nan,-4.0000,-4.0000
wavmark,2,chinese:SSB0043,2,26,tct,1,1.0000,-4.0000,-4.0000,4.5239,0.9991,43.22,nan,nan,-4.0000,-4.0000
wavmark,2,chinese:SSB0043,2,26,payload_farthest,1,1.0000,-4.0000,-4.0000,4.5239,0.9991,43.22,nan,nan,-4.0000,-4.0000
wavmark,2,chinese:SSB0057,0,27,single_copy,0,1.0000,-0.0000,1.0000,4.6439,1.0000,147.43,nan,nan,-3.0000,-3.0000
wavmark,2,chinese:SSB0057,0,27,mean,1,1.0000,-3.0000,-3.0000,4.5368,0.9959,45.34,nan,nan,-3.0000,-3.0000
wavmark,2,chinese:SSB0057,0,27,rp,1,1.0000,-3.0000,-3.0000,4.5368,0.9959,45.34,nan,nan,-3.0000,-3.0000
wavmark,2,chinese:SSB0057,0,27,random_dirichlet,0,1.0000,-0.0000,1.0000,4.4755,0.9936,42.53,nan,nan,-3.0000,-3.0000
wavmark,2,chinese:SSB0057,0,27,eep,1,1.0000,-3.0000,-3.0000,4.5368,0.9959,45.34,nan,nan,-3.0000,-3.0000
wavmark,2,chinese:SSB0057,0,27,fwp,1,1.0000,-3.0000,-3.0000,4.5368,0.9959,45.34,nan,nan,-3.0000,-3.0000
wavmark,2,chinese:SSB0057,0,27,dm,1,1.0000,-3.0000,-3.0000,4.5368,0.9959,45.34,nan,nan,-3.0000,-3.0000
wavmark,2,chinese:SSB0057,0,27,tct,1,1.0000,-3.0000,-3.0000,4.5368,0.9959,45.34,nan,nan,-3.0000,-3.0000
wavmark,2,chinese:SSB0057,0,27,payload_farthest,1,1.0000,-3.0000,-3.0000,4.5368,0.9959,45.34,nan,nan,-3.0000,-3.0000
wavmark,2,chinese:SSB0057,1,28,single_copy,0,1.0000,-0.0000,1.0000,4.6439,1.0000,147.43,nan,nan,-2.0000,-2.0000
wavmark,2,chinese:SSB0057,1,28,mean,1,1.0000,-2.0000,-2.0000,4.5678,0.9979,46.59,nan,nan,-2.0000,-2.0000
wavmark,2,chinese:SSB0057,1,28,rp,1,1.0000,-2.0000,-2.0000,4.5678,0.9979,46.59,nan,nan,-2.0000,-2.0000
wavmark,2,chinese:SSB0057,1,28,random_dirichlet,1,1.0000,-2.0000,-2.0000,4.5564,0.9975,45.63,nan,nan,-2.0000,-2.0000
wavmark,2,chinese:SSB0057,1,28,eep,1,1.0000,-2.0000,-2.0000,4.5678,0.9979,46.59,nan,nan,-2.0000,-2.0000
wavmark,2,chinese:SSB0057,1,28,fwp,1,1.0000,-2.0000,-2.0000,4.5678,0.9979,46.59,nan,nan,-2.0000,-2.0000
wavmark,2,chinese:SSB0057,1,28,dm,1,1.0000,-2.0000,-2.0000,4.5678,0.9979,46.59,nan,nan,-2.0000,-2.0000
wavmark,2,chinese:SSB0057,1,28,tct,1,1.0000,-2.0000,-2.0000,4.5678,0.9979,46.59,nan,nan,-2.0000,-2.0000
wavmark,2,chinese:SSB0057,1,28,payload_farthest,1,1.0000,-2.0000,-2.0000,4.5678,0.9979,46.59,nan,nan,-2.0000,-2.0000
wavmark,2,chinese:SSB0057,2,29,single_copy,0,1.0000,-0.0000,1.0000,4.6439,1.0000,147.43,nan,nan,-1.0000,-1.0000
wavmark,2,chinese:SSB0057,2,29,mean,1,1.0000,-1.0000,-1.0000,4.5369,0.9956,46.35,nan,nan,-1.0000,-1.0000
wavmark,2,chinese:SSB0057,2,29,rp,1,1.0000,-1.0000,-1.0000,4.5369,0.9956,46.35,nan,nan,-1.0000,-1.0000
wavmark,2,chinese:SSB0057,2,29,random_dirichlet,0,1.0000,-0.0000,1.0000,4.5580,0.9968,48.02,nan,nan,-1.0000,-1.0000
wavmark,2,chinese:SSB0057,2,29,eep,1,1.0000,-1.0000,-1.0000,4.5369,0.9956,46.35,nan,nan,-1.0000,-1.0000
wavmark,2,chinese:SSB0057,2,29,fwp,1,1.0000,-1.0000,-1.0000,4.5369,0.9956,46.35,nan,nan,-1.0000,-1.0000
wavmark,2,chinese:SSB0057,2,29,dm,1,1.0000,-1.0000,-1.0000,4.5369,0.9956,46.35,nan,nan,-1.0000,-1.0000
wavmark,2,chinese:SSB0057,2,29,tct,1,1.0000,-1.0000,-1.0000,4.5369,0.9956,46.35,nan,nan,-1.0000,-1.0000
wavmark,2,chinese:SSB0057,2,29,payload_farthest,1,1.0000,-1.0000,-1.0000,4.5369,0.9956,46.35,nan,nan,-1.0000,-1.0000
wavmark,2,chinese:SSB0073,0,30,single_copy,0,1.0000,-0.0000,1.0000,4.6439,1.0000,144.69,nan,nan,-3.0000,-3.0000
wavmark,2,chinese:SSB0073,0,30,mean,1,1.0000,-3.0000,-3.0000,4.3725,0.9999,45.42,nan,nan,-3.0000,-3.0000
wavmark,2,chinese:SSB0073,0,30,rp,1,1.0000,-3.0000,-3.0000,4.3725,0.9999,45.42,nan,nan,-3.0000,-3.0000
wavmark,2,chinese:SSB0073,0,30,random_dirichlet,1,1.0000,-2.0000,-2.0000,4.3409,0.9998,44.08,nan,nan,-3.0000,-3.0000
wavmark,2,chinese:SSB0073,0,30,eep,1,1.0000,-3.0000,-3.0000,4.3725,0.9999,45.42,nan,nan,-3.0000,-3.0000
wavmark,2,chinese:SSB0073,0,30,fwp,1,1.0000,-3.0000,-3.0000,4.3725,0.9999,45.42,nan,nan,-3.0000,-3.0000
wavmark,2,chinese:SSB0073,0,30,dm,1,1.0000,-3.0000,-3.0000,4.3725,0.9999,45.42,nan,nan,-3.0000,-3.0000
wavmark,2,chinese:SSB0073,0,30,tct,1,1.0000,-3.0000,-3.0000,4.3725,0.9999,45.42,nan,nan,-3.0000,-3.0000
wavmark,2,chinese:SSB0073,0,30,payload_farthest,1,1.0000,-3.0000,-3.0000,4.3725,0.9999,45.42,nan,nan,-3.0000,-3.0000
wavmark,2,chinese:SSB0073,1,31,single_copy,0,1.0000,-0.0000,1.0000,4.6439,1.0000,144.69,nan,nan,-1.0000,-1.0000
wavmark,2,chinese:SSB0073,1,31,mean,1,1.0000,-1.0000,-1.0000,4.5923,0.9999,48.25,nan,nan,-1.0000,-1.0000
wavmark,2,chinese:SSB0073,1,31,rp,1,1.0000,-1.0000,-1.0000,4.5923,0.9999,48.25,nan,nan,-1.0000,-1.0000
wavmark,2,chinese:SSB0073,1,31,random_dirichlet,1,1.0000,-1.0000,-1.0000,4.5960,0.9999,48.63,nan,nan,-1.0000,-1.0000
wavmark,2,chinese:SSB0073,1,31,eep,1,1.0000,-1.0000,-1.0000,4.5923,0.9999,48.25,nan,nan,-1.0000,-1.0000
wavmark,2,chinese:SSB0073,1,31,fwp,1,1.0000,-1.0000,-1.0000,4.5923,0.9999,48.25,nan,nan,-1.0000,-1.0000
wavmark,2,chinese:SSB0073,1,31,dm,1,1.0000,-1.0000,-1.0000,4.5923,0.9999,48.25,nan,nan,-1.0000,-1.0000
wavmark,2,chinese:SSB0073,1,31,tct,1,1.0000,-1.0000,-1.0000,4.5923,0.9999,48.25,nan,nan,-1.0000,-1.0000
wavmark,2,chinese:SSB0073,1,31,payload_farthest,1,1.0000,-1.0000,-1.0000,4.5923,0.9999,48.25,nan,nan,-1.0000,-1.0000
wavmark,2,chinese:SSB0073,2,32,single_copy,0,1.0000,-0.0000,1.0000,4.6439,1.0000,144.69,nan,nan,-2.0000,-2.0000
wavmark,2,chinese:SSB0073,2,32,mean,1,1.0000,-2.0000,-2.0000,4.5781,0.9999,46.83,nan,nan,-2.0000,-2.0000
wavmark,2,chinese:SSB0073,2,32,rp,1,1.0000,-2.0000,-2.0000,4.5781,0.9999,46.83,nan,nan,-2.0000,-2.0000
wavmark,2,chinese:SSB0073,2,32,random_dirichlet,0,1.0000,-0.0000,1.0000,4.6074,1.0000,50.45,nan,nan,-2.0000,-2.0000
wavmark,2,chinese:SSB0073,2,32,eep,1,1.0000,-2.0000,-2.0000,4.5781,0.9999,46.83,nan,nan,-2.0000,-2.0000
wavmark,2,chinese:SSB0073,2,32,fwp,1,1.0000,-2.0000,-2.0000,4.5781,0.9999,46.83,nan,nan,-2.0000,-2.0000
wavmark,2,chinese:SSB0073,2,32,dm,1,1.0000,-2.0000,-2.0000,4.5781,0.9999,46.83,nan,nan,-2.0000,-2.0000
wavmark,2,chinese:SSB0073,2,32,tct,1,1.0000,-2.0000,-2.0000,4.5781,0.9999,46.83,nan,nan,-2.0000,-2.0000
wavmark,2,chinese:SSB0073,2,32,payload_farthest,1,1.0000,-2.0000,-2.0000,4.5781,0.9999,46.83,nan,nan,-2.0000,-2.0000
wavmark,2,chinese:SSB0080,0,33,single_copy,0,1.0000,-0.0000,1.0000,4.6439,1.0000,140.36,nan,nan,-3.0000,-3.0000
wavmark,2,chinese:SSB0080,0,33,mean,1,1.0000,-3.0000,-3.0000,4.5974,0.9983,45.59,nan,nan,-3.0000,-3.0000
wavmark,2,chinese:SSB0080,0,33,rp,1,1.0000,-3.0000,-3.0000,4.5974,0.9983,45.59,nan,nan,-3.0000,-3.0000
wavmark,2,chinese:SSB0080,0,33,random_dirichlet,0,1.0000,-0.0000,1.0000,4.6432,1.0000,65.87,nan,nan,-3.0000,-3.0000
wavmark,2,chinese:SSB0080,0,33,eep,1,1.0000,-3.0000,-3.0000,4.5974,0.9983,45.59,nan,nan,-3.0000,-3.0000
wavmark,2,chinese:SSB0080,0,33,fwp,1,1.0000,-3.0000,-3.0000,4.5974,0.9983,45.59,nan,nan,-3.0000,-3.0000
wavmark,2,chinese:SSB0080,0,33,dm,1,1.0000,-3.0000,-3.0000,4.5974,0.9983,45.59,nan,nan,-3.0000,-3.0000
wavmark,2,chinese:SSB0080,0,33,tct,1,1.0000,-3.0000,-3.0000,4.5974,0.9983,45.59,nan,nan,-3.0000,-3.0000
wavmark,2,chinese:SSB0080,0,33,payload_farthest,1,1.0000,-3.0000,-3.0000,4.5974,0.9983,45.59,nan,nan,-3.0000,-3.0000
wavmark,2,chinese:SSB0080,1,34,single_copy,0,1.0000,-0.0000,1.0000,4.6439,1.0000,140.36,nan,nan,-4.0000,-4.0000
wavmark,2,chinese:SSB0080,1,34,mean,1,1.0000,-4.0000,-4.0000,4.5983,0.9982,44.86,nan,nan,-4.0000,-4.0000
wavmark,2,chinese:SSB0080,1,34,rp,1,1.0000,-4.0000,-4.0000,4.5983,0.9982,44.86,nan,nan,-4.0000,-4.0000
wavmark,2,chinese:SSB0080,1,34,random_dirichlet,1,1.0000,-3.0000,-3.0000,4.5763,0.9972,43.12,nan,nan,-4.0000,-4.0000
wavmark,2,chinese:SSB0080,1,34,eep,1,1.0000,-4.0000,-4.0000,4.5983,0.9982,44.86,nan,nan,-4.0000,-4.0000
wavmark,2,chinese:SSB0080,1,34,fwp,1,1.0000,-4.0000,-4.0000,4.5983,0.9982,44.86,nan,nan,-4.0000,-4.0000
wavmark,2,chinese:SSB0080,1,34,dm,1,1.0000,-4.0000,-4.0000,4.5983,0.9982,44.86,nan,nan,-4.0000,-4.0000
wavmark,2,chinese:SSB0080,1,34,tct,1,1.0000,-4.0000,-4.0000,4.5983,0.9982,44.86,nan,nan,-4.0000,-4.0000
wavmark,2,chinese:SSB0080,1,34,payload_farthest,1,1.0000,-4.0000,-4.0000,4.5983,0.9982,44.86,nan,nan,-4.0000,-4.0000
wavmark,2,chinese:SSB0080,2,35,single_copy,0,1.0000,-0.0000,1.0000,4.6439,1.0000,140.36,nan,nan,-3.0000,-3.0000
wavmark,2,chinese:SSB0080,2,35,mean,1,1.0000,-3.0000,-3.0000,4.5777,0.9974,45.72,nan,nan,-3.0000,-3.0000
wavmark,2,chinese:SSB0080,2,35,rp,1,1.0000,-3.0000,-3.0000,4.5777,0.9974,45.72,nan,nan,-3.0000,-3.0000
wavmark,2,chinese:SSB0080,2,35,random_dirichlet,0,1.0000,-0.0000,1.0000,4.6062,0.9987,48.84,nan,nan,-3.0000,-3.0000
wavmark,2,chinese:SSB0080,2,35,eep,1,1.0000,-3.0000,-3.0000,4.5777,0.9974,45.72,nan,nan,-3.0000,-3.0000
wavmark,2,chinese:SSB0080,2,35,fwp,1,1.0000,-3.0000,-3.0000,4.5777,0.9974,45.72,nan,nan,-3.0000,-3.0000
wavmark,2,chinese:SSB0080,2,35,dm,1,1.0000,-3.0000,-3.0000,4.5777,0.9974,45.72,nan,nan,-3.0000,-3.0000
wavmark,2,chinese:SSB0080,2,35,tct,1,1.0000,-3.0000,-3.0000,4.5777,0.9974,45.72,nan,nan,-3.0000,-3.0000
wavmark,2,chinese:SSB0080,2,35,payload_farthest,1,1.0000,-3.0000,-3.0000,4.5777,0.9974,45.72,nan,nan,-3.0000,-3.0000
wavmark,2,chinese:SSB0112,0,36,single_copy,0,1.0000,-0.0000,1.0000,4.6439,1.0000,135.53,nan,nan,-3.0000,-3.0000
wavmark,2,chinese:SSB0112,0,36,mean,1,1.0000,-3.0000,-3.0000,4.5245,0.9992,40.97,nan,nan,-3.0000,-3.0000
wavmark,2,chinese:SSB0112,0,36,rp,1,1.0000,-3.0000,-3.0000,4.5245,0.9992,40.97,nan,nan,-3.0000,-3.0000
wavmark,2,chinese:SSB0112,0,36,random_dirichlet,0,1.0000,-0.0000,1.0000,4.5996,0.9998,45.91,nan,nan,-3.0000,-3.0000
wavmark,2,chinese:SSB0112,0,36,eep,1,1.0000,-3.0000,-3.0000,4.5245,0.9992,40.97,nan,nan,-3.0000,-3.0000
wavmark,2,chinese:SSB0112,0,36,fwp,1,1.0000,-3.0000,-3.0000,4.5245,0.9992,40.97,nan,nan,-3.0000,-3.0000
wavmark,2,chinese:SSB0112,0,36,dm,1,1.0000,-3.0000,-3.0000,4.5245,0.9992,40.97,nan,nan,-3.0000,-3.0000
wavmark,2,chinese:SSB0112,0,36,tct,1,1.0000,-3.0000,-3.0000,4.5245,0.9992,40.97,nan,nan,-3.0000,-3.0000
wavmark,2,chinese:SSB0112,0,36,payload_farthest,1,1.0000,-3.0000,-3.0000,4.5245,0.9992,40.97,nan,nan,-3.0000,-3.0000
wavmark,2,chinese:SSB0112,1,37,single_copy,0,1.0000,-0.0000,1.0000,4.6439,1.0000,135.53,nan,nan,-2.0000,-2.0000
wavmark,2,chinese:SSB0112,1,37,mean,1,1.0000,-2.0000,-2.0000,4.5300,0.9993,41.05,nan,nan,-2.0000,-2.0000
wavmark,2,chinese:SSB0112,1,37,rp,1,1.0000,-2.0000,-2.0000,4.5300,0.9993,41.05,nan,nan,-2.0000,-2.0000
wavmark,2,chinese:SSB0112,1,37,random_dirichlet,0,1.0000,-0.0000,1.0000,4.6410,1.0000,61.73,nan,nan,-2.0000,-2.0000
wavmark,2,chinese:SSB0112,1,37,eep,1,1.0000,-2.0000,-2.0000,4.5300,0.9993,41.05,nan,nan,-2.0000,-2.0000
wavmark,2,chinese:SSB0112,1,37,fwp,1,1.0000,-2.0000,-2.0000,4.5300,0.9993,41.05,nan,nan,-2.0000,-2.0000
wavmark,2,chinese:SSB0112,1,37,dm,1,1.0000,-2.0000,-2.0000,4.5300,0.9993,41.05,nan,nan,-2.0000,-2.0000
wavmark,2,chinese:SSB0112,1,37,tct,1,1.0000,-2.0000,-2.0000,4.5300,0.9993,41.05,nan,nan,-2.0000,-2.0000
wavmark,2,chinese:SSB0112,1,37,payload_farthest,1,1.0000,-2.0000,-2.0000,4.5300,0.9993,41.05,nan,nan,-2.0000,-2.0000
wavmark,2,chinese:SSB0112,2,38,single_copy,0,1.0000,-0.0000,1.0000,4.6439,1.0000,135.53,nan,nan,-3.0000,-3.0000
wavmark,2,chinese:SSB0112,2,38,mean,1,1.0000,-3.0000,-3.0000,4.5669,0.9994,41.03,nan,nan,-3.0000,-3.0000
wavmark,2,chinese:SSB0112,2,38,rp,1,1.0000,-3.0000,-3.0000,4.5669,0.9994,41.03,nan,nan,-3.0000,-3.0000
wavmark,2,chinese:SSB0112,2,38,random_dirichlet,0,1.0000,-0.0000,1.0000,4.4568,0.9983,36.52,nan,nan,-3.0000,-3.0000
wavmark,2,chinese:SSB0112,2,38,eep,1,1.0000,-3.0000,-3.0000,4.5669,0.9994,41.03,nan,nan,-3.0000,-3.0000
wavmark,2,chinese:SSB0112,2,38,fwp,1,1.0000,-3.0000,-3.0000,4.5669,0.9994,41.03,nan,nan,-3.0000,-3.0000
wavmark,2,chinese:SSB0112,2,38,dm,1,1.0000,-3.0000,-3.0000,4.5669,0.9994,41.03,nan,nan,-3.0000,-3.0000
wavmark,2,chinese:SSB0112,2,38,tct,1,1.0000,-3.0000,-3.0000,4.5669,0.9994,41.03,nan,nan,-3.0000,-3.0000
wavmark,2,chinese:SSB0112,2,38,payload_farthest,1,1.0000,-3.0000,-3.0000,4.5669,0.9994,41.03,nan,nan,-3.0000,-3.0000
wavmark,2,chinese:SSB0122,0,39,single_copy,0,1.0000,-0.0000,1.0000,4.6439,1.0000,144.54,nan,nan,-2.0000,-2.0000
wavmark,2,chinese:SSB0122,0,39,mean,1,1.0000,-2.0000,-2.0000,4.5755,0.9999,45.23,nan,nan,-2.0000,-2.0000
wavmark,2,chinese:SSB0122,0,39,rp,1,1.0000,-2.0000,-2.0000,4.5755,0.9999,45.23,nan,nan,-2.0000,-2.0000
wavmark,2,chinese:SSB0122,0,39,random_dirichlet,0,1.0000,-0.0000,1.0000,4.6434,1.0000,73.85,nan,nan,-2.0000,-2.0000
wavmark,2,chinese:SSB0122,0,39,eep,1,1.0000,-2.0000,-2.0000,4.5755,0.9999,45.23,nan,nan,-2.0000,-2.0000
wavmark,2,chinese:SSB0122,0,39,fwp,1,1.0000,-2.0000,-2.0000,4.5755,0.9999,45.23,nan,nan,-2.0000,-2.0000
wavmark,2,chinese:SSB0122,0,39,dm,1,1.0000,-2.0000,-2.0000,4.5755,0.9999,45.23,nan,nan,-2.0000,-2.0000
wavmark,2,chinese:SSB0122,0,39,tct,1,1.0000,-2.0000,-2.0000,4.5755,0.9999,45.23,nan,nan,-2.0000,-2.0000
wavmark,2,chinese:SSB0122,0,39,payload_farthest,1,1.0000,-2.0000,-2.0000,4.5755,0.9999,45.23,nan,nan,-2.0000,-2.0000
wavmark,2,chinese:SSB0122,1,40,single_copy,0,1.0000,-0.0000,1.0000,4.6439,1.0000,144.54,nan,nan,-2.0000,-2.0000
wavmark,2,chinese:SSB0122,1,40,mean,1,1.0000,-2.0000,-2.0000,4.6055,1.0000,47.08,nan,nan,-2.0000,-2.0000
wavmark,2,chinese:SSB0122,1,40,rp,1,1.0000,-2.0000,-2.0000,4.6055,1.0000,47.08,nan,nan,-2.0000,-2.0000
wavmark,2,chinese:SSB0122,1,40,random_dirichlet,0,1.0000,-0.0000,1.0000,4.5535,0.9998,42.05,nan,nan,-2.0000,-2.0000
wavmark,2,chinese:SSB0122,1,40,eep,1,1.0000,-2.0000,-2.0000,4.6055,1.0000,47.08,nan,nan,-2.0000,-2.0000
wavmark,2,chinese:SSB0122,1,40,fwp,1,1.0000,-2.0000,-2.0000,4.6055,1.0000,47.08,nan,nan,-2.0000,-2.0000
wavmark,2,chinese:SSB0122,1,40,dm,1,1.0000,-2.0000,-2.0000,4.6055,1.0000,47.08,nan,nan,-2.0000,-2.0000
wavmark,2,chinese:SSB0122,1,40,tct,1,1.0000,-2.0000,-2.0000,4.6055,1.0000,47.08,nan,nan,-2.0000,-2.0000
wavmark,2,chinese:SSB0122,1,40,payload_farthest,1,1.0000,-2.0000,-2.0000,4.6055,1.0000,47.08,nan,nan,-2.0000,-2.0000
wavmark,2,chinese:SSB0122,2,41,single_copy,0,1.0000,-0.0000,1.0000,4.6439,1.0000,144.54,nan,nan,-3.0000,-3.0000
wavmark,2,chinese:SSB0122,2,41,mean,1,1.0000,-3.0000,-3.0000,4.5389,0.9999,43.53,nan,nan,-3.0000,-3.0000
wavmark,2,chinese:SSB0122,2,41,rp,1,1.0000,-3.0000,-3.0000,4.5389,0.9999,43.53,nan,nan,-3.0000,-3.0000
wavmark,2,chinese:SSB0122,2,41,random_dirichlet,0,1.0000,-0.0000,1.0000,4.6019,1.0000,49.03,nan,nan,-3.0000,-3.0000
wavmark,2,chinese:SSB0122,2,41,eep,1,1.0000,-3.0000,-3.0000,4.5389,0.9999,43.53,nan,nan,-3.0000,-3.0000
wavmark,2,chinese:SSB0122,2,41,fwp,1,1.0000,-3.0000,-3.0000,4.5389,0.9999,43.53,nan,nan,-3.0000,-3.0000
wavmark,2,chinese:SSB0122,2,41,dm,1,1.0000,-3.0000,-3.0000,4.5389,0.9999,43.53,nan,nan,-3.0000,-3.0000
wavmark,2,chinese:SSB0122,2,41,tct,1,1.0000,-3.0000,-3.0000,4.5389,0.9999,43.53,nan,nan,-3.0000,-3.0000
wavmark,2,chinese:SSB0122,2,41,payload_farthest,1,1.0000,-3.0000,-3.0000,4.5389,0.9999,43.53,nan,nan,-3.0000,-3.0000
wavmark,2,chinese:SSB0133,0,42,single_copy,0,1.0000,-0.0000,1.0000,4.6439,1.0000,140.36,nan,nan,-4.0000,-4.0000
wavmark,2,chinese:SSB0133,0,42,mean,1,1.0000,-4.0000,-4.0000,4.5536,0.9997,44.06,nan,nan,-4.0000,-4.0000
wavmark,2,chinese:SSB0133,0,42,rp,1,1.0000,-4.0000,-4.0000,4.5536,0.9997,44.06,nan,nan,-4.0000,-4.0000
wavmark,2,chinese:SSB0133,0,42,random_dirichlet,1,1.0000,-3.0000,-3.0000,4.5651,0.9998,44.91,nan,nan,-4.0000,-4.0000
wavmark,2,chinese:SSB0133,0,42,eep,1,1.0000,-4.0000,-4.0000,4.5536,0.9997,44.06,nan,nan,-4.0000,-4.0000
wavmark,2,chinese:SSB0133,0,42,fwp,1,1.0000,-4.0000,-4.0000,4.5536,0.9997,44.06,nan,nan,-4.0000,-4.0000
wavmark,2,chinese:SSB0133,0,42,dm,1,1.0000,-4.0000,-4.0000,4.5536,0.9997,44.06,nan,nan,-4.0000,-4.0000
wavmark,2,chinese:SSB0133,0,42,tct,1,1.0000,-4.0000,-4.0000,4.5536,0.9997,44.06,nan,nan,-4.0000,-4.0000
wavmark,2,chinese:SSB0133,0,42,payload_farthest,1,1.0000,-4.0000,-4.0000,4.5536,0.9997,44.06,nan,nan,-4.0000,-4.0000
wavmark,2,chinese:SSB0133,1,43,single_copy,0,1.0000,-0.0000,1.0000,4.6439,1.0000,140.36,nan,nan,-4.0000,-4.0000
wavmark,2,chinese:SSB0133,1,43,mean,1,1.0000,-4.0000,-4.0000,4.5264,0.9997,43.12,nan,nan,-4.0000,-4.0000
wavmark,2,chinese:SSB0133,1,43,rp,1,1.0000,-4.0000,-4.0000,4.5264,0.9997,43.12,nan,nan,-4.0000,-4.0000
wavmark,2,chinese:SSB0133,1,43,random_dirichlet,0,1.0000,-0.0000,1.0000,4.5884,0.9999,47.50,nan,nan,-4.0000,-4.0000
wavmark,2,chinese:SSB0133,1,43,eep,1,1.0000,-4.0000,-4.0000,4.5264,0.9997,43.12,nan,nan,-4.0000,-4.0000
wavmark,2,chinese:SSB0133,1,43,fwp,1,1.0000,-4.0000,-4.0000,4.5264,0.9997,43.12,nan,nan,-4.0000,-4.0000
wavmark,2,chinese:SSB0133,1,43,dm,1,1.0000,-4.0000,-4.0000,4.5264,0.9997,43.12,nan,nan,-4.0000,-4.0000
wavmark,2,chinese:SSB0133,1,43,tct,1,1.0000,-4.0000,-4.0000,4.5264,0.9997,43.12,nan,nan,-4.0000,-4.0000
wavmark,2,chinese:SSB0133,1,43,payload_farthest,1,1.0000,-4.0000,-4.0000,4.5264,0.9997,43.12,nan,nan,-4.0000,-4.0000
wavmark,2,chinese:SSB0133,2,44,single_copy,0,1.0000,-0.0000,1.0000,4.6439,1.0000,140.36,nan,nan,-3.0000,-3.0000
wavmark,2,chinese:SSB0133,2,44,mean,1,1.0000,-3.0000,-3.0000,4.5109,0.9997,42.98,nan,nan,-3.0000,-3.0000
wavmark,2,chinese:SSB0133,2,44,rp,1,1.0000,-3.0000,-3.0000,4.5109,0.9997,42.98,nan,nan,-3.0000,-3.0000
wavmark,2,chinese:SSB0133,2,44,random_dirichlet,1,1.0000,-4.0000,-4.0000,4.5037,0.9997,42.66,nan,nan,-3.0000,-3.0000
wavmark,2,chinese:SSB0133,2,44,eep,1,1.0000,-3.0000,-3.0000,4.5109,0.9997,42.98,nan,nan,-3.0000,-3.0000
wavmark,2,chinese:SSB0133,2,44,fwp,1,1.0000,-3.0000,-3.0000,4.5109,0.9997,42.98,nan,nan,-3.0000,-3.0000
wavmark,2,chinese:SSB0133,2,44,dm,1,1.0000,-3.0000,-3.0000,4.5109,0.9997,42.98,nan,nan,-3.0000,-3.0000
wavmark,2,chinese:SSB0133,2,44,tct,1,1.0000,-3.0000,-3.0000,4.5109,0.9997,42.98,nan,nan,-3.0000,-3.0000
wavmark,2,chinese:SSB0133,2,44,payload_farthest,1,1.0000,-3.0000,-3.0000,4.5109,0.9997,42.98,nan,nan,-3.0000,-3.0000
wavmark,2,chinese:SSB0139,0,45,single_copy,0,1.0000,-0.0000,1.0000,4.6439,1.0000,147.35,nan,nan,-4.0000,-4.0000
wavmark,2,chinese:SSB0139,0,45,mean,1,1.0000,-4.0000,-4.0000,4.5252,0.9999,44.24,nan,nan,-4.0000,-4.0000
wavmark,2,chinese:SSB0139,0,45,rp,1,1.0000,-4.0000,-4.0000,4.5252,0.9999,44.24,nan,nan,-4.0000,-4.0000
wavmark,2,chinese:SSB0139,0,45,random_dirichlet,0,1.0000,-0.0000,1.0000,4.6223,1.0000,55.26,nan,nan,-4.0000,-4.0000
wavmark,2,chinese:SSB0139,0,45,eep,1,1.0000,-4.0000,-4.0000,4.5252,0.9999,44.24,nan,nan,-4.0000,-4.0000
wavmark,2,chinese:SSB0139,0,45,fwp,1,1.0000,-4.0000,-4.0000,4.5252,0.9999,44.24,nan,nan,-4.0000,-4.0000
wavmark,2,chinese:SSB0139,0,45,dm,1,1.0000,-4.0000,-4.0000,4.5252,0.9999,44.24,nan,nan,-4.0000,-4.0000
wavmark,2,chinese:SSB0139,0,45,tct,1,1.0000,-4.0000,-4.0000,4.5252,0.9999,44.24,nan,nan,-4.0000,-4.0000
wavmark,2,chinese:SSB0139,0,45,payload_farthest,1,1.0000,-4.0000,-4.0000,4.5252,0.9999,44.24,nan,nan,-4.0000,-4.0000
wavmark,2,chinese:SSB0139,1,46,single_copy,0,1.0000,-0.0000,1.0000,4.6439,1.0000,147.35,nan,nan,-3.0000,-3.0000
wavmark,2,chinese:SSB0139,1,46,mean,1,1.0000,-3.0000,-3.0000,4.4710,0.9999,46.35,nan,nan,-3.0000,-3.0000
wavmark,2,chinese:SSB0139,1,46,rp,1,1.0000,-3.0000,-3.0000,4.4710,0.9999,46.35,nan,nan,-3.0000,-3.0000
wavmark,2,chinese:SSB0139,1,46,random_dirichlet,0,1.0000,-0.0000,1.0000,4.3237,0.9998,41.78,nan,nan,-3.0000,-3.0000
wavmark,2,chinese:SSB0139,1,46,eep,1,1.0000,-3.0000,-3.0000,4.4710,0.9999,46.35,nan,nan,-3.0000,-3.0000
wavmark,2,chinese:SSB0139,1,46,fwp,1,1.0000,-3.0000,-3.0000,4.4710,0.9999,46.35,nan,nan,-3.0000,-3.0000
wavmark,2,chinese:SSB0139,1,46,dm,1,1.0000,-3.0000,-3.0000,4.4710,0.9999,46.35,nan,nan,-3.0000,-3.0000
wavmark,2,chinese:SSB0139,1,46,tct,1,1.0000,-3.0000,-3.0000,4.4710,0.9999,46.35,nan,nan,-3.0000,-3.0000
wavmark,2,chinese:SSB0139,1,46,payload_farthest,1,1.0000,-3.0000,-3.0000,4.4710,0.9999,46.35,nan,nan,-3.0000,-3.0000
wavmark,2,chinese:SSB0139,2,47,single_copy,0,1.0000,-0.0000,1.0000,4.6439,1.0000,147.35,nan,nan,-2.0000,-2.0000
wavmark,2,chinese:SSB0139,2,47,mean,1,1.0000,-2.0000,-2.0000,4.5765,1.0000,47.40,nan,nan,-2.0000,-2.0000
wavmark,2,chinese:SSB0139,2,47,rp,1,1.0000,-2.0000,-2.0000,4.5765,1.0000,47.40,nan,nan,-2.0000,-2.0000
wavmark,2,chinese:SSB0139,2,47,random_dirichlet,0,1.0000,-0.0000,1.0000,4.5472,0.9999,45.33,nan,nan,-2.0000,-2.0000
wavmark,2,chinese:SSB0139,2,47,eep,1,1.0000,-2.0000,-2.0000,4.5765,1.0000,47.40,nan,nan,-2.0000,-2.0000
wavmark,2,chinese:SSB0139,2,47,fwp,1,1.0000,-2.0000,-2.0000,4.5765,1.0000,47.40,nan,nan,-2.0000,-2.0000
wavmark,2,chinese:SSB0139,2,47,dm,1,1.0000,-2.0000,-2.0000,4.5765,1.0000,47.40,nan,nan,-2.0000,-2.0000
wavmark,2,chinese:SSB0139,2,47,tct,1,1.0000,-2.0000,-2.0000,4.5765,1.0000,47.40,nan,nan,-2.0000,-2.0000
wavmark,2,chinese:SSB0139,2,47,payload_farthest,1,1.0000,-2.0000,-2.0000,4.5765,1.0000,47.40,nan,nan,-2.0000,-2.0000
wavmark,2,chinese:SSB0145,0,48,single_copy,0,1.0000,-0.0000,1.0000,4.6439,1.0000,143.70,nan,nan,-4.0000,-4.0000
wavmark,2,chinese:SSB0145,0,48,mean,1,1.0000,-4.0000,-4.0000,4.5576,1.0000,43.58,nan,nan,-4.0000,-4.0000
wavmark,2,chinese:SSB0145,0,48,rp,1,1.0000,-4.0000,-4.0000,4.5576,1.0000,43.58,nan,nan,-4.0000,-4.0000
wavmark,2,chinese:SSB0145,0,48,random_dirichlet,0,1.0000,-0.0000,1.0000,4.4946,0.9999,40.40,nan,nan,-4.0000,-4.0000
wavmark,2,chinese:SSB0145,0,48,eep,1,1.0000,-4.0000,-4.0000,4.5576,1.0000,43.58,nan,nan,-4.0000,-4.0000
wavmark,2,chinese:SSB0145,0,48,fwp,1,1.0000,-4.0000,-4.0000,4.5576,1.0000,43.58,nan,nan,-4.0000,-4.0000
wavmark,2,chinese:SSB0145,0,48,dm,1,1.0000,-4.0000,-4.0000,4.5576,1.0000,43.58,nan,nan,-4.0000,-4.0000
wavmark,2,chinese:SSB0145,0,48,tct,1,1.0000,-4.0000,-4.0000,4.5576,1.0000,43.58,nan,nan,-4.0000,-4.0000
wavmark,2,chinese:SSB0145,0,48,payload_farthest,1,1.0000,-4.0000,-4.0000,4.5576,1.0000,43.58,nan,nan,-4.0000,-4.0000
wavmark,2,chinese:SSB0145,1,49,single_copy,0,1.0000,-0.0000,1.0000,4.6439,1.0000,143.70,nan,nan,-3.0000,-3.0000
wavmark,2,chinese:SSB0145,1,49,mean,1,1.0000,-3.0000,-3.0000,4.5872,1.0000,43.62,nan,nan,-3.0000,-3.0000
wavmark,2,chinese:SSB0145,1,49,rp,1,1.0000,-3.0000,-3.0000,4.5872,1.0000,43.62,nan,nan,-3.0000,-3.0000
wavmark,2,chinese:SSB0145,1,49,random_dirichlet,0,1.0000,-0.0000,1.0000,4.5219,0.9999,39.94,nan,nan,-3.0000,-3.0000
wavmark,2,chinese:SSB0145,1,49,eep,1,1.0000,-3.0000,-3.0000,4.5872,1.0000,43.62,nan,nan,-3.0000,-3.0000
wavmark,2,chinese:SSB0145,1,49,fwp,1,1.0000,-3.0000,-3.0000,4.5872,1.0000,43.62,nan,nan,-3.0000,-3.0000
wavmark,2,chinese:SSB0145,1,49,dm,1,1.0000,-3.0000,-3.0000,4.5872,1.0000,43.62,nan,nan,-3.0000,-3.0000
wavmark,2,chinese:SSB0145,1,49,tct,1,1.0000,-3.0000,-3.0000,4.5872,1.0000,43.62,nan,nan,-3.0000,-3.0000
wavmark,2,chinese:SSB0145,1,49,payload_farthest,1,1.0000,-3.0000,-3.0000,4.5872,1.0000,43.62,nan,nan,-3.0000,-3.0000
wavmark,2,chinese:SSB0145,2,50,single_copy,0,1.0000,-0.0000,1.0000,4.6439,1.0000,143.70,nan,nan,-3.0000,-3.0000
wavmark,2,chinese:SSB0145,2,50,mean,1,1.0000,-3.0000,-3.0000,4.5842,1.0000,43.74,nan,nan,-3.0000,-3.0000
wavmark,2,chinese:SSB0145,2,50,rp,1,1.0000,-3.0000,-3.0000,4.5842,1.0000,43.74,nan,nan,-3.0000,-3.0000
wavmark,2,chinese:SSB0145,2,50,random_dirichlet,0,1.0000,-0.0000,1.0000,4.4691,0.9999,37.90,nan,nan,-3.0000,-3.0000
wavmark,2,chinese:SSB0145,2,50,eep,1,1.0000,-3.0000,-3.0000,4.5842,1.0000,43.74,nan,nan,-3.0000,-3.0000
wavmark,2,chinese:SSB0145,2,50,fwp,1,1.0000,-3.0000,-3.0000,4.5842,1.0000,43.74,nan,nan,-3.0000,-3.0000
wavmark,2,chinese:SSB0145,2,50,dm,1,1.0000,-3.0000,-3.0000,4.5842,1.0000,43.74,nan,nan,-3.0000,-3.0000
wavmark,2,chinese:SSB0145,2,50,tct,1,1.0000,-3.0000,-3.0000,4.5842,1.0000,43.74,nan,nan,-3.0000,-3.0000
wavmark,2,chinese:SSB0145,2,50,payload_farthest,1,1.0000,-3.0000,-3.0000,4.5842,1.0000,43.74,nan,nan,-3.0000,-3.0000
wavmark,2,chinese:SSB0149,0,51,single_copy,0,1.0000,-0.0000,1.0000,4.6439,1.0000,145.78,nan,nan,-2.0000,-2.0000
wavmark,2,chinese:SSB0149,0,51,mean,1,1.0000,-2.0000,-2.0000,4.2751,0.9998,45.04,nan,nan,-2.0000,-2.0000
wavmark,2,chinese:SSB0149,0,51,rp,1,1.0000,-2.0000,-2.0000,4.2751,0.9998,45.04,nan,nan,-2.0000,-2.0000
wavmark,2,chinese:SSB0149,0,51,random_dirichlet,1,1.0000,-1.0000,-1.0000,4.1841,0.9997,43.64,nan,nan,-2.0000,-2.0000
wavmark,2,chinese:SSB0149,0,51,eep,1,1.0000,-2.0000,-2.0000,4.2751,0.9998,45.04,nan,nan,-2.0000,-2.0000
wavmark,2,chinese:SSB0149,0,51,fwp,1,1.0000,-2.0000,-2.0000,4.2751,0.9998,45.04,nan,nan,-2.0000,-2.0000
wavmark,2,chinese:SSB0149,0,51,dm,1,1.0000,-2.0000,-2.0000,4.2751,0.9998,45.04,nan,nan,-2.0000,-2.0000
wavmark,2,chinese:SSB0149,0,51,tct,1,1.0000,-2.0000,-2.0000,4.2751,0.9998,45.04,nan,nan,-2.0000,-2.0000
wavmark,2,chinese:SSB0149,0,51,payload_farthest,1,1.0000,-2.0000,-2.0000,4.2751,0.9998,45.04,nan,nan,-2.0000,-2.0000
wavmark,2,chinese:SSB0149,1,52,single_copy,0,1.0000,-0.0000,1.0000,4.6439,1.0000,145.78,nan,nan,-3.0000,-3.0000
wavmark,2,chinese:SSB0149,1,52,mean,1,1.0000,-3.0000,-3.0000,4.4564,0.9998,45.15,nan,nan,-3.0000,-3.0000
wavmark,2,chinese:SSB0149,1,52,rp,1,1.0000,-3.0000,-3.0000,4.4564,0.9998,45.15,nan,nan,-3.0000,-3.0000
wavmark,2,chinese:SSB0149,1,52,random_dirichlet,0,1.0000,-0.0000,1.0000,4.5348,0.9999,48.58,nan,nan,-3.0000,-3.0000
wavmark,2,chinese:SSB0149,1,52,eep,1,1.0000,-3.0000,-3.0000,4.4564,0.9998,45.15,nan,nan,-3.0000,-3.0000
wavmark,2,chinese:SSB0149,1,52,fwp,1,1.0000,-3.0000,-3.0000,4.4564,0.9998,45.15,nan,nan,-3.0000,-3.0000
wavmark,2,chinese:SSB0149,1,52,dm,1,1.0000,-3.0000,-3.0000,4.4564,0.9998,45.15,nan,nan,-3.0000,-3.0000
wavmark,2,chinese:SSB0149,1,52,tct,1,1.0000,-3.0000,-3.0000,4.4564,0.9998,45.15,nan,nan,-3.0000,-3.0000
wavmark,2,chinese:SSB0149,1,52,payload_farthest,1,1.0000,-3.0000,-3.0000,4.4564,0.9998,45.15,nan,nan,-3.0000,-3.0000
wavmark,2,chinese:SSB0149,2,53,single_copy,0,1.0000,-0.0000,1.0000,4.6439,1.0000,145.78,nan,nan,-1.0000,-1.0000
wavmark,2,chinese:SSB0149,2,53,mean,1,1.0000,-1.0000,-1.0000,4.4670,0.9997,45.52,nan,nan,-1.0000,-1.0000
wavmark,2,chinese:SSB0149,2,53,rp,1,1.0000,-1.0000,-1.0000,4.4670,0.9997,45.52,nan,nan,-1.0000,-1.0000
wavmark,2,chinese:SSB0149,2,53,random_dirichlet,1,1.0000,-1.0000,-1.0000,4.4347,0.9996,44.14,nan,nan,-1.0000,-1.0000
wavmark,2,chinese:SSB0149,2,53,eep,1,1.0000,-1.0000,-1.0000,4.4670,0.9997,45.52,nan,nan,-1.0000,-1.0000
wavmark,2,chinese:SSB0149,2,53,fwp,1,1.0000,-1.0000,-1.0000,4.4670,0.9997,45.52,nan,nan,-1.0000,-1.0000
wavmark,2,chinese:SSB0149,2,53,dm,1,1.0000,-1.0000,-1.0000,4.4670,0.9997,45.52,nan,nan,-1.0000,-1.0000
wavmark,2,chinese:SSB0149,2,53,tct,1,1.0000,-1.0000,-1.0000,4.4670,0.9997,45.52,nan,nan,-1.0000,-1.0000
wavmark,2,chinese:SSB0149,2,53,payload_farthest,1,1.0000,-1.0000,-1.0000,4.4670,0.9997,45.52,nan,nan,-1.0000,-1.0000
wavmark,2,chinese:SSB0193,0,54,single_copy,0,1.0000,-0.0000,1.0000,4.6439,1.0000,137.73,nan,nan,-2.0000,-2.0000
wavmark,2,chinese:SSB0193,0,54,mean,1,1.0000,-2.0000,-2.0000,4.5654,0.9996,44.54,nan,nan,-2.0000,-2.0000
wavmark,2,chinese:SSB0193,0,54,rp,1,1.0000,-2.0000,-2.0000,4.5654,0.9996,44.54,nan,nan,-2.0000,-2.0000
wavmark,2,chinese:SSB0193,0,54,random_dirichlet,0,1.0000,-0.0000,1.0000,4.5296,0.9993,42.51,nan,nan,-2.0000,-2.0000
wavmark,2,chinese:SSB0193,0,54,eep,1,1.0000,-2.0000,-2.0000,4.5654,0.9996,44.54,nan,nan,-2.0000,-2.0000
wavmark,2,chinese:SSB0193,0,54,fwp,1,1.0000,-2.0000,-2.0000,4.5654,0.9996,44.54,nan,nan,-2.0000,-2.0000
wavmark,2,chinese:SSB0193,0,54,dm,1,1.0000,-2.0000,-2.0000,4.5654,0.9996,44.54,nan,nan,-2.0000,-2.0000
wavmark,2,chinese:SSB0193,0,54,tct,1,1.0000,-2.0000,-2.0000,4.5654,0.9996,44.54,nan,nan,-2.0000,-2.0000
wavmark,2,chinese:SSB0193,0,54,payload_farthest,1,1.0000,-2.0000,-2.0000,4.5654,0.9996,44.54,nan,nan,-2.0000,-2.0000
wavmark,2,chinese:SSB0193,1,55,single_copy,0,1.0000,-0.0000,1.0000,4.6439,1.0000,137.73,nan,nan,-5.0000,-5.0000
wavmark,2,chinese:SSB0193,1,55,mean,1,1.0000,-5.0000,-5.0000,4.5173,0.9990,40.93,nan,nan,-5.0000,-5.0000
wavmark,2,chinese:SSB0193,1,55,rp,1,1.0000,-5.0000,-5.0000,4.5173,0.9990,40.93,nan,nan,-5.0000,-5.0000
wavmark,2,chinese:SSB0193,1,55,random_dirichlet,1,1.0000,-4.0000,-4.0000,4.5297,0.9991,41.51,nan,nan,-5.0000,-5.0000
wavmark,2,chinese:SSB0193,1,55,eep,1,1.0000,-5.0000,-5.0000,4.5173,0.9990,40.93,nan,nan,-5.0000,-5.0000
wavmark,2,chinese:SSB0193,1,55,fwp,1,1.0000,-5.0000,-5.0000,4.5173,0.9990,40.93,nan,nan,-5.0000,-5.0000
wavmark,2,chinese:SSB0193,1,55,dm,1,1.0000,-5.0000,-5.0000,4.5173,0.9990,40.93,nan,nan,-5.0000,-5.0000
wavmark,2,chinese:SSB0193,1,55,tct,1,1.0000,-5.0000,-5.0000,4.5173,0.9990,40.93,nan,nan,-5.0000,-5.0000
wavmark,2,chinese:SSB0193,1,55,payload_farthest,1,1.0000,-5.0000,-5.0000,4.5173,0.9990,40.93,nan,nan,-5.0000,-5.0000
wavmark,2,chinese:SSB0193,2,56,single_copy,0,1.0000,-0.0000,1.0000,4.6439,1.0000,137.73,nan,nan,-4.0000,-4.0000
wavmark,2,chinese:SSB0193,2,56,mean,1,1.0000,-4.0000,-4.0000,4.5061,0.9982,41.92,nan,nan,-4.0000,-4.0000
wavmark,2,chinese:SSB0193,2,56,rp,1,1.0000,-4.0000,-4.0000,4.5061,0.9982,41.92,nan,nan,-4.0000,-4.0000
wavmark,2,chinese:SSB0193,2,56,random_dirichlet,0,1.0000,-0.0000,1.0000,4.3289,0.9967,37.58,nan,nan,-4.0000,-4.0000
wavmark,2,chinese:SSB0193,2,56,eep,1,1.0000,-4.0000,-4.0000,4.5061,0.9982,41.92,nan,nan,-4.0000,-4.0000
wavmark,2,chinese:SSB0193,2,56,fwp,1,1.0000,-4.0000,-4.0000,4.5061,0.9982,41.92,nan,nan,-4.0000,-4.0000
wavmark,2,chinese:SSB0193,2,56,dm,1,1.0000,-4.0000,-4.0000,4.5061,0.9982,41.92,nan,nan,-4.0000,-4.0000
wavmark,2,chinese:SSB0193,2,56,tct,1,1.0000,-4.0000,-4.0000,4.5061,0.9982,41.92,nan,nan,-4.0000,-4.0000
wavmark,2,chinese:SSB0193,2,56,payload_farthest,1,1.0000,-4.0000,-4.0000,4.5061,0.9982,41.92,nan,nan,-4.0000,-4.0000
wavmark,2,chinese:SSB0197,0,57,single_copy,0,1.0000,-0.0000,1.0000,4.6439,1.0000,132.30,nan,nan,-3.0000,-3.0000
wavmark,2,chinese:SSB0197,0,57,mean,1,1.0000,-3.0000,-3.0000,4.4758,0.9872,36.98,nan,nan,-3.0000,-3.0000
wavmark,2,chinese:SSB0197,0,57,rp,1,1.0000,-3.0000,-3.0000,4.4758,0.9872,36.98,nan,nan,-3.0000,-3.0000
wavmark,2,chinese:SSB0197,0,57,random_dirichlet,0,1.0000,-0.0000,1.0000,4.3850,0.9801,34.74,nan,nan,-3.0000,-3.0000
wavmark,2,chinese:SSB0197,0,57,eep,1,1.0000,-3.0000,-3.0000,4.4758,0.9872,36.98,nan,nan,-3.0000,-3.0000
wavmark,2,chinese:SSB0197,0,57,fwp,1,1.0000,-3.0000,-3.0000,4.4758,0.9872,36.98,nan,nan,-3.0000,-3.0000
wavmark,2,chinese:SSB0197,0,57,dm,1,1.0000,-3.0000,-3.0000,4.4758,0.9872,36.98,nan,nan,-3.0000,-3.0000
wavmark,2,chinese:SSB0197,0,57,tct,1,1.0000,-3.0000,-3.0000,4.4758,0.9872,36.98,nan,nan,-3.0000,-3.0000
wavmark,2,chinese:SSB0197,0,57,payload_farthest,1,1.0000,-3.0000,-3.0000,4.4758,0.9872,36.98,nan,nan,-3.0000,-3.0000
wavmark,2,chinese:SSB0197,1,58,single_copy,0,1.0000,-0.0000,1.0000,4.6439,1.0000,132.31,nan,nan,-1.0000,-1.0000
wavmark,2,chinese:SSB0197,1,58,mean,1,1.0000,-1.0000,-1.0000,4.5689,0.9946,38.87,nan,nan,-1.0000,-1.0000
wavmark,2,chinese:SSB0197,1,58,rp,1,1.0000,-1.0000,-1.0000,4.5689,0.9946,38.87,nan,nan,-1.0000,-1.0000
wavmark,2,chinese:SSB0197,1,58,random_dirichlet,1,1.0000,-1.0000,-1.0000,4.5195,0.9887,35.74,nan,nan,-1.0000,-1.0000
wavmark,2,chinese:SSB0197,1,58,eep,1,1.0000,-1.0000,-1.0000,4.5689,0.9946,38.87,nan,nan,-1.0000,-1.0000
wavmark,2,chinese:SSB0197,1,58,fwp,1,1.0000,-1.0000,-1.0000,4.5689,0.9946,38.87,nan,nan,-1.0000,-1.0000
wavmark,2,chinese:SSB0197,1,58,dm,1,1.0000,-1.0000,-1.0000,4.5689,0.9946,38.87,nan,nan,-1.0000,-1.0000
wavmark,2,chinese:SSB0197,1,58,tct,1,1.0000,-1.0000,-1.0000,4.5689,0.9946,38.87,nan,nan,-1.0000,-1.0000
wavmark,2,chinese:SSB0197,1,58,payload_farthest,1,1.0000,-1.0000,-1.0000,4.5689,0.9946,38.87,nan,nan,-1.0000,-1.0000
wavmark,2,chinese:SSB0197,2,59,single_copy,0,1.0000,-0.0000,1.0000,4.6439,1.0000,132.31,nan,nan,-5.0000,-5.0000
wavmark,2,chinese:SSB0197,2,59,mean,1,1.0000,-5.0000,-5.0000,4.5180,0.9905,36.38,nan,nan,-5.0000,-5.0000
wavmark,2,chinese:SSB0197,2,59,rp,1,1.0000,-5.0000,-5.0000,4.5180,0.9905,36.38,nan,nan,-5.0000,-5.0000
wavmark,2,chinese:SSB0197,2,59,random_dirichlet,0,1.0000,-0.0000,1.0000,4.4407,0.9824,33.65,nan,nan,-5.0000,-5.0000
wavmark,2,chinese:SSB0197,2,59,eep,1,1.0000,-5.0000,-5.0000,4.5180,0.9905,36.38,nan,nan,-5.0000,-5.0000
wavmark,2,chinese:SSB0197,2,59,fwp,1,1.0000,-5.0000,-5.0000,4.5180,0.9905,36.38,nan,nan,-5.0000,-5.0000
wavmark,2,chinese:SSB0197,2,59,dm,1,1.0000,-5.0000,-5.0000,4.5180,0.9905,36.38,nan,nan,-5.0000,-5.0000
wavmark,2,chinese:SSB0197,2,59,tct,1,1.0000,-5.0000,-5.0000,4.5180,0.9905,36.38,nan,nan,-5.0000,-5.0000
wavmark,2,chinese:SSB0197,2,59,payload_farthest,1,1.0000,-5.0000,-5.0000,4.5180,0.9905,36.38,nan,nan,-5.0000,-5.0000
wavmark,2,chinese:SSB0200,0,60,single_copy,0,1.0000,-0.0000,1.0000,4.6439,1.0000,137.80,nan,nan,-3.0000,-3.0000
wavmark,2,chinese:SSB0200,0,60,mean,1,1.0000,-3.0000,-3.0000,4.5538,0.9998,42.05,nan,nan,-3.0000,-3.0000
wavmark,2,chinese:SSB0200,0,60,rp,1,1.0000,-3.0000,-3.0000,4.5538,0.9998,42.05,nan,nan,-3.0000,-3.0000
wavmark,2,chinese:SSB0200,0,60,random_dirichlet,0,1.0000,-0.0000,1.0000,4.5994,0.9999,45.58,nan,nan,-3.0000,-3.0000
wavmark,2,chinese:SSB0200,0,60,eep,1,1.0000,-3.0000,-3.0000,4.5538,0.9998,42.05,nan,nan,-3.0000,-3.0000
wavmark,2,chinese:SSB0200,0,60,fwp,1,1.0000,-3.0000,-3.0000,4.5538,0.9998,42.05,nan,nan,-3.0000,-3.0000
wavmark,2,chinese:SSB0200,0,60,dm,1,1.0000,-3.0000,-3.0000,4.5538,0.9998,42.05,nan,nan,-3.0000,-3.0000
wavmark,2,chinese:SSB0200,0,60,tct,1,1.0000,-3.0000,-3.0000,4.5538,0.9998,42.05,nan,nan,-3.0000,-3.0000
wavmark,2,chinese:SSB0200,0,60,payload_farthest,1,1.0000,-3.0000,-3.0000,4.5538,0.9998,42.05,nan,nan,-3.0000,-3.0000
wavmark,2,chinese:SSB0200,1,61,single_copy,0,1.0000,-0.0000,1.0000,4.6439,1.0000,137.80,nan,nan,-2.0000,-2.0000
wavmark,2,chinese:SSB0200,1,61,mean,1,1.0000,-2.0000,-2.0000,4.5507,0.9998,43.43,nan,nan,-2.0000,-2.0000
wavmark,2,chinese:SSB0200,1,61,rp,1,1.0000,-2.0000,-2.0000,4.5507,0.9998,43.43,nan,nan,-2.0000,-2.0000
wavmark,2,chinese:SSB0200,1,61,random_dirichlet,0,1.0000,-0.0000,1.0000,4.3265,0.9994,37.74,nan,nan,-2.0000,-2.0000
wavmark,2,chinese:SSB0200,1,61,eep,1,1.0000,-2.0000,-2.0000,4.5507,0.9998,43.43,nan,nan,-2.0000,-2.0000
wavmark,2,chinese:SSB0200,1,61,fwp,1,1.0000,-2.0000,-2.0000,4.5507,0.9998,43.43,nan,nan,-2.0000,-2.0000
wavmark,2,chinese:SSB0200,1,61,dm,1,1.0000,-2.0000,-2.0000,4.5507,0.9998,43.43,nan,nan,-2.0000,-2.0000
wavmark,2,chinese:SSB0200,1,61,tct,1,1.0000,-2.0000,-2.0000,4.5507,0.9998,43.43,nan,nan,-2.0000,-2.0000
wavmark,2,chinese:SSB0200,1,61,payload_farthest,1,1.0000,-2.0000,-2.0000,4.5507,0.9998,43.43,nan,nan,-2.0000,-2.0000
wavmark,2,chinese:SSB0200,2,62,single_copy,0,1.0000,-0.0000,1.0000,4.6439,1.0000,137.80,nan,nan,-3.0000,-3.0000
wavmark,2,chinese:SSB0200,2,62,mean,1,1.0000,-3.0000,-3.0000,4.5389,0.9997,41.01,nan,nan,-3.0000,-3.0000
wavmark,2,chinese:SSB0200,2,62,rp,1,1.0000,-3.0000,-3.0000,4.5389,0.9997,41.01,nan,nan,-3.0000,-3.0000
wavmark,2,chinese:SSB0200,2,62,random_dirichlet,0,1.0000,-0.0000,1.0000,4.4557,0.9993,37.48,nan,nan,-3.0000,-3.0000
wavmark,2,chinese:SSB0200,2,62,eep,1,1.0000,-3.0000,-3.0000,4.5389,0.9997,41.01,nan,nan,-3.0000,-3.0000
wavmark,2,chinese:SSB0200,2,62,fwp,1,1.0000,-3.0000,-3.0000,4.5389,0.9997,41.01,nan,nan,-3.0000,-3.0000
wavmark,2,chinese:SSB0200,2,62,dm,1,1.0000,-3.0000,-3.0000,4.5389,0.9997,41.01,nan,nan,-3.0000,-3.0000
wavmark,2,chinese:SSB0200,2,62,tct,1,1.0000,-3.0000,-3.0000,4.5389,0.9997,41.01,nan,nan,-3.0000,-3.0000
wavmark,2,chinese:SSB0200,2,62,payload_farthest,1,1.0000,-3.0000,-3.0000,4.5389,0.9997,41.01,nan,nan,-3.0000,-3.0000
wavmark,2,chinese:SSB0241,0,63,single_copy,0,1.0000,-0.0000,1.0000,4.6439,1.0000,148.68,nan,nan,-2.0000,-2.0000
wavmark,2,chinese:SSB0241,0,63,mean,1,1.0000,-2.0000,-2.0000,4.5600,0.9999,45.32,nan,nan,-2.0000,-2.0000
wavmark,2,chinese:SSB0241,0,63,rp,1,1.0000,-2.0000,-2.0000,4.5600,0.9999,45.32,nan,nan,-2.0000,-2.0000
wavmark,2,chinese:SSB0241,0,63,random_dirichlet,0,1.0000,-0.0000,1.0000,4.6436,1.0000,75.18,nan,nan,-2.0000,-2.0000
wavmark,2,chinese:SSB0241,0,63,eep,1,1.0000,-2.0000,-2.0000,4.5600,0.9999,45.32,nan,nan,-2.0000,-2.0000
wavmark,2,chinese:SSB0241,0,63,fwp,1,1.0000,-2.0000,-2.0000,4.5600,0.9999,45.32,nan,nan,-2.0000,-2.0000
wavmark,2,chinese:SSB0241,0,63,dm,1,1.0000,-2.0000,-2.0000,4.5600,0.9999,45.32,nan,nan,-2.0000,-2.0000
wavmark,2,chinese:SSB0241,0,63,tct,1,1.0000,-2.0000,-2.0000,4.5600,0.9999,45.32,nan,nan,-2.0000,-2.0000
wavmark,2,chinese:SSB0241,0,63,payload_farthest,1,1.0000,-2.0000,-2.0000,4.5600,0.9999,45.32,nan,nan,-2.0000,-2.0000
wavmark,2,chinese:SSB0241,1,64,single_copy,0,1.0000,-0.0000,1.0000,4.6439,1.0000,148.68,nan,nan,-1.0000,-1.0000
wavmark,2,chinese:SSB0241,1,64,mean,1,1.0000,-1.0000,-1.0000,4.5546,0.9999,45.33,nan,nan,-1.0000,-1.0000
wavmark,2,chinese:SSB0241,1,64,rp,1,1.0000,-1.0000,-1.0000,4.5546,0.9999,45.33,nan,nan,-1.0000,-1.0000
wavmark,2,chinese:SSB0241,1,64,random_dirichlet,1,1.0000,-1.0000,-1.0000,4.5715,0.9999,46.71,nan,nan,-1.0000,-1.0000
wavmark,2,chinese:SSB0241,1,64,eep,1,1.0000,-1.0000,-1.0000,4.5546,0.9999,45.33,nan,nan,-1.0000,-1.0000
wavmark,2,chinese:SSB0241,1,64,fwp,1,1.0000,-1.0000,-1.0000,4.5546,0.9999,45.33,nan,nan,-1.0000,-1.0000
wavmark,2,chinese:SSB0241,1,64,dm,1,1.0000,-1.0000,-1.0000,4.5546,0.9999,45.33,nan,nan,-1.0000,-1.0000
wavmark,2,chinese:SSB0241,1,64,tct,1,1.0000,-1.0000,-1.0000,4.5546,0.9999,45.33,nan,nan,-1.0000,-1.0000
wavmark,2,chinese:SSB0241,1,64,payload_farthest,1,1.0000,-1.0000,-1.0000,4.5546,0.9999,45.33,nan,nan,-1.0000,-1.0000
wavmark,2,chinese:SSB0241,2,65,single_copy,0,1.0000,-0.0000,1.0000,4.6439,1.0000,148.68,nan,nan,-3.0000,-3.0000
wavmark,2,chinese:SSB0241,2,65,mean,1,1.0000,-3.0000,-3.0000,4.5359,0.9999,45.18,nan,nan,-3.0000,-3.0000
wavmark,2,chinese:SSB0241,2,65,rp,1,1.0000,-3.0000,-3.0000,4.5359,0.9999,45.18,nan,nan,-3.0000,-3.0000
wavmark,2,chinese:SSB0241,2,65,random_dirichlet,1,1.0000,-1.0000,-1.0000,4.5822,1.0000,48.38,nan,nan,-3.0000,-3.0000
wavmark,2,chinese:SSB0241,2,65,eep,1,1.0000,-3.0000,-3.0000,4.5359,0.9999,45.18,nan,nan,-3.0000,-3.0000
wavmark,2,chinese:SSB0241,2,65,fwp,1,1.0000,-3.0000,-3.0000,4.5359,0.9999,45.18,nan,nan,-3.0000,-3.0000
wavmark,2,chinese:SSB0241,2,65,dm,1,1.0000,-3.0000,-3.0000,4.5359,0.9999,45.18,nan,nan,-3.0000,-3.0000
wavmark,2,chinese:SSB0241,2,65,tct,1,1.0000,-3.0000,-3.0000,4.5359,0.9999,45.18,nan,nan,-3.0000,-3.0000
wavmark,2,chinese:SSB0241,2,65,payload_farthest,1,1.0000,-3.0000,-3.0000,4.5359,0.9999,45.18,nan,nan,-3.0000,-3.0000
wavmark,2,chinese:SSB0246,0,66,single_copy,0,1.0000,-0.0000,1.0000,4.6439,1.0000,140.81,nan,nan,-2.0000,-2.0000
wavmark,2,chinese:SSB0246,0,66,mean,1,1.0000,-2.0000,-2.0000,4.5680,0.9996,44.86,nan,nan,-2.0000,-2.0000
wavmark,2,chinese:SSB0246,0,66,rp,1,1.0000,-2.0000,-2.0000,4.5680,0.9996,44.86,nan,nan,-2.0000,-2.0000
wavmark,2,chinese:SSB0246,0,66,random_dirichlet,1,1.0000,-2.0000,-2.0000,4.5628,0.9996,44.39,nan,nan,-2.0000,-2.0000
wavmark,2,chinese:SSB0246,0,66,eep,1,1.0000,-2.0000,-2.0000,4.5680,0.9996,44.86,nan,nan,-2.0000,-2.0000
wavmark,2,chinese:SSB0246,0,66,fwp,1,1.0000,-2.0000,-2.0000,4.5680,0.9996,44.86,nan,nan,-2.0000,-2.0000
wavmark,2,chinese:SSB0246,0,66,dm,1,1.0000,-2.0000,-2.0000,4.5680,0.9996,44.86,nan,nan,-2.0000,-2.0000
wavmark,2,chinese:SSB0246,0,66,tct,1,1.0000,-2.0000,-2.0000,4.5680,0.9996,44.86,nan,nan,-2.0000,-2.0000
wavmark,2,chinese:SSB0246,0,66,payload_farthest,1,1.0000,-2.0000,-2.0000,4.5680,0.9996,44.86,nan,nan,-2.0000,-2.0000
wavmark,2,chinese:SSB0246,1,67,single_copy,0,1.0000,-0.0000,1.0000,4.6439,1.0000,140.81,nan,nan,-5.0000,-5.0000
wavmark,2,chinese:SSB0246,1,67,mean,1,1.0000,-5.0000,-5.0000,4.5776,0.9994,42.53,nan,nan,-5.0000,-5.0000
wavmark,2,chinese:SSB0246,1,67,rp,1,1.0000,-5.0000,-5.0000,4.5776,0.9994,42.53,nan,nan,-5.0000,-5.0000
wavmark,2,chinese:SSB0246,1,67,random_dirichlet,0,1.0000,-0.0000,1.0000,4.4470,0.9984,37.74,nan,nan,-5.0000,-5.0000
wavmark,2,chinese:SSB0246,1,67,eep,1,1.0000,-5.0000,-5.0000,4.5776,0.9994,42.53,nan,nan,-5.0000,-5.0000
wavmark,2,chinese:SSB0246,1,67,fwp,1,1.0000,-5.0000,-5.0000,4.5776,0.9994,42.53,nan,nan,-5.0000,-5.0000
wavmark,2,chinese:SSB0246,1,67,dm,1,1.0000,-5.0000,-5.0000,4.5776,0.9994,42.53,nan,nan,-5.0000,-5.0000
wavmark,2,chinese:SSB0246,1,67,tct,1,1.0000,-5.0000,-5.0000,4.5776,0.9994,42.53,nan,nan,-5.0000,-5.0000
wavmark,2,chinese:SSB0246,1,67,payload_farthest,1,1.0000,-5.0000,-5.0000,4.5776,0.9994,42.53,nan,nan,-5.0000,-5.0000
wavmark,2,chinese:SSB0246,2,68,single_copy,0,1.0000,-0.0000,1.0000,4.6439,1.0000,140.81,nan,nan,-2.0000,-2.0000
wavmark,2,chinese:SSB0246,2,68,mean,1,1.0000,-2.0000,-2.0000,4.5590,0.9995,43.54,nan,nan,-2.0000,-2.0000
wavmark,2,chinese:SSB0246,2,68,rp,1,1.0000,-2.0000,-2.0000,4.5590,0.9995,43.54,nan,nan,-2.0000,-2.0000
wavmark,2,chinese:SSB0246,2,68,random_dirichlet,0,1.0000,-0.0000,1.0000,4.6412,1.0000,61.25,nan,nan,-2.0000,-2.0000
wavmark,2,chinese:SSB0246,2,68,eep,1,1.0000,-2.0000,-2.0000,4.5590,0.9995,43.54,nan,nan,-2.0000,-2.0000
wavmark,2,chinese:SSB0246,2,68,fwp,1,1.0000,-2.0000,-2.0000,4.5590,0.9995,43.54,nan,nan,-2.0000,-2.0000
wavmark,2,chinese:SSB0246,2,68,dm,1,1.0000,-2.0000,-2.0000,4.5590,0.9995,43.54,nan,nan,-2.0000,-2.0000
wavmark,2,chinese:SSB0246,2,68,tct,1,1.0000,-2.0000,-2.0000,4.5590,0.9995,43.54,nan,nan,-2.0000,-2.0000
wavmark,2,chinese:SSB0246,2,68,payload_farthest,1,1.0000,-2.0000,-2.0000,4.5590,0.9995,43.54,nan,nan,-2.0000,-2.0000
wavmark,2,chinese:SSB0261,0,69,single_copy,0,1.0000,-0.0000,1.0000,4.6439,1.0000,142.80,nan,nan,-3.0000,-3.0000
wavmark,2,chinese:SSB0261,0,69,mean,1,1.0000,-3.0000,-3.0000,4.4792,0.9999,42.72,nan,nan,-3.0000,-3.0000
wavmark,2,chinese:SSB0261,0,69,rp,1,1.0000,-3.0000,-3.0000,4.4792,0.9999,42.72,nan,nan,-3.0000,-3.0000
wavmark,2,chinese:SSB0261,0,69,random_dirichlet,0,1.0000,-0.0000,1.0000,4.2624,0.9995,37.06,nan,nan,-3.0000,-3.0000
wavmark,2,chinese:SSB0261,0,69,eep,1,1.0000,-3.0000,-3.0000,4.4792,0.9999,42.72,nan,nan,-3.0000,-3.0000
wavmark,2,chinese:SSB0261,0,69,fwp,1,1.0000,-3.0000,-3.0000,4.4792,0.9999,42.72,nan,nan,-3.0000,-3.0000
wavmark,2,chinese:SSB0261,0,69,dm,1,1.0000,-3.0000,-3.0000,4.4792,0.9999,42.72,nan,nan,-3.0000,-3.0000
wavmark,2,chinese:SSB0261,0,69,tct,1,1.0000,-3.0000,-3.0000,4.4792,0.9999,42.72,nan,nan,-3.0000,-3.0000
wavmark,2,chinese:SSB0261,0,69,payload_farthest,1,1.0000,-3.0000,-3.0000,4.4792,0.9999,42.72,nan,nan,-3.0000,-3.0000
wavmark,2,chinese:SSB0261,1,70,single_copy,0,1.0000,-0.0000,1.0000,4.6439,1.0000,142.80,nan,nan,-4.0000,-4.0000
wavmark,2,chinese:SSB0261,1,70,mean,1,1.0000,-4.0000,-4.0000,4.5820,0.9999,44.17,nan,nan,-4.0000,-4.0000
wavmark,2,chinese:SSB0261,1,70,rp,1,1.0000,-4.0000,-4.0000,4.5820,0.9999,44.17,nan,nan,-4.0000,-4.0000
wavmark,2,chinese:SSB0261,1,70,random_dirichlet,0,1.0000,-0.0000,1.0000,4.6432,1.0000,71.07,nan,nan,-4.0000,-4.0000
wavmark,2,chinese:SSB0261,1,70,eep,1,1.0000,-4.0000,-4.0000,4.5820,0.9999,44.17,nan,nan,-4.0000,-4.0000
wavmark,2,chinese:SSB0261,1,70,fwp,1,1.0000,-4.0000,-4.0000,4.5820,0.9999,44.17,nan,nan,-4.0000,-4.0000
wavmark,2,chinese:SSB0261,1,70,dm,1,1.0000,-4.0000,-4.0000,4.5820,0.9999,44.17,nan,nan,-4.0000,-4.0000
wavmark,2,chinese:SSB0261,1,70,tct,1,1.0000,-4.0000,-4.0000,4.5820,0.9999,44.17,nan,nan,-4.0000,-4.0000
wavmark,2,chinese:SSB0261,1,70,payload_farthest,1,1.0000,-4.0000,-4.0000,4.5820,0.9999,44.17,nan,nan,-4.0000,-4.0000
wavmark,2,chinese:SSB0261,2,71,single_copy,0,1.0000,-0.0000,1.0000,4.6439,1.0000,142.80,nan,nan,-2.0000,-2.0000
wavmark,2,chinese:SSB0261,2,71,mean,1,1.0000,-2.0000,-2.0000,4.5406,0.9999,43.53,nan,nan,-2.0000,-2.0000
wavmark,2,chinese:SSB0261,2,71,rp,1,1.0000,-2.0000,-2.0000,4.5406,0.9999,43.53,nan,nan,-2.0000,-2.0000
wavmark,2,chinese:SSB0261,2,71,random_dirichlet,0,1.0000,-0.0000,1.0000,4.6025,1.0000,50.23,nan,nan,-2.0000,-2.0000
wavmark,2,chinese:SSB0261,2,71,eep,1,1.0000,-2.0000,-2.0000,4.5406,0.9999,43.53,nan,nan,-2.0000,-2.0000
wavmark,2,chinese:SSB0261,2,71,fwp,1,1.0000,-2.0000,-2.0000,4.5406,0.9999,43.53,nan,nan,-2.0000,-2.0000
wavmark,2,chinese:SSB0261,2,71,dm,1,1.0000,-2.0000,-2.0000,4.5406,0.9999,43.53,nan,nan,-2.0000,-2.0000
wavmark,2,chinese:SSB0261,2,71,tct,1,1.0000,-2.0000,-2.0000,4.5406,0.9999,43.53,nan,nan,-2.0000,-2.0000
wavmark,2,chinese:SSB0261,2,71,payload_farthest,1,1.0000,-2.0000,-2.0000,4.5406,0.9999,43.53,nan,nan,-2.0000,-2.0000
wavmark,2,chinese:SSB0267,0,72,single_copy,0,1.0000,-0.0000,1.0000,4.6439,1.0000,141.74,nan,nan,-4.0000,-4.0000
wavmark,2,chinese:SSB0267,0,72,mean,1,1.0000,-4.0000,-4.0000,4.5611,0.9997,42.95,nan,nan,-4.0000,-4.0000
wavmark,2,chinese:SSB0267,0,72,rp,1,1.0000,-4.0000,-4.0000,4.5611,0.9997,42.95,nan,nan,-4.0000,-4.0000
wavmark,2,chinese:SSB0267,0,72,random_dirichlet,0,1.0000,-0.0000,1.0000,4.4443,0.9992,39.04,nan,nan,-4.0000,-4.0000
wavmark,2,chinese:SSB0267,0,72,eep,1,1.0000,-4.0000,-4.0000,4.5611,0.9997,42.95,nan,nan,-4.0000,-4.0000
wavmark,2,chinese:SSB0267,0,72,fwp,1,1.0000,-4.0000,-4.0000,4.5611,0.9997,42.95,nan,nan,-4.0000,-4.0000
wavmark,2,chinese:SSB0267,0,72,dm,1,1.0000,-4.0000,-4.0000,4.5611,0.9997,42.95,nan,nan,-4.0000,-4.0000
wavmark,2,chinese:SSB0267,0,72,tct,1,1.0000,-4.0000,-4.0000,4.5611,0.9997,42.95,nan,nan,-4.0000,-4.0000
wavmark,2,chinese:SSB0267,0,72,payload_farthest,1,1.0000,-4.0000,-4.0000,4.5611,0.9997,42.95,nan,nan,-4.0000,-4.0000
wavmark,2,chinese:SSB0267,1,73,single_copy,0,1.0000,-0.0000,1.0000,4.6439,1.0000,141.74,nan,nan,-3.0000,-3.0000
wavmark,2,chinese:SSB0267,1,73,mean,1,1.0000,-3.0000,-3.0000,4.5680,0.9997,43.82,nan,nan,-3.0000,-3.0000
wavmark,2,chinese:SSB0267,1,73,rp,1,1.0000,-3.0000,-3.0000,4.5680,0.9997,43.82,nan,nan,-3.0000,-3.0000
wavmark,2,chinese:SSB0267,1,73,random_dirichlet,0,1.0000,-0.0000,1.0000,4.4887,0.9994,39.98,nan,nan,-3.0000,-3.0000
wavmark,2,chinese:SSB0267,1,73,eep,1,1.0000,-3.0000,-3.0000,4.5680,0.9997,43.82,nan,nan,-3.0000,-3.0000
wavmark,2,chinese:SSB0267,1,73,fwp,1,1.0000,-3.0000,-3.0000,4.5680,0.9997,43.82,nan,nan,-3.0000,-3.0000
wavmark,2,chinese:SSB0267,1,73,dm,1,1.0000,-3.0000,-3.0000,4.5680,0.9997,43.82,nan,nan,-3.0000,-3.0000
wavmark,2,chinese:SSB0267,1,73,tct,1,1.0000,-3.0000,-3.0000,4.5680,0.9997,43.82,nan,nan,-3.0000,-3.0000
wavmark,2,chinese:SSB0267,1,73,payload_farthest,1,1.0000,-3.0000,-3.0000,4.5680,0.9997,43.82,nan,nan,-3.0000,-3.0000
wavmark,2,chinese:SSB0267,2,74,single_copy,0,1.0000,-0.0000,1.0000,4.6439,1.0000,141.74,nan,nan,-1.0000,-1.0000
wavmark,2,chinese:SSB0267,2,74,mean,1,1.0000,-1.0000,-1.0000,4.5657,0.9998,44.46,nan,nan,-1.0000,-1.0000
wavmark,2,chinese:SSB0267,2,74,rp,1,1.0000,-1.0000,-1.0000,4.5657,0.9998,44.46,nan,nan,-1.0000,-1.0000
wavmark,2,chinese:SSB0267,2,74,random_dirichlet,0,1.0000,-0.0000,1.0000,4.5560,0.9997,43.82,nan,nan,-1.0000,-1.0000
wavmark,2,chinese:SSB0267,2,74,eep,1,1.0000,-1.0000,-1.0000,4.5657,0.9998,44.46,nan,nan,-1.0000,-1.0000
wavmark,2,chinese:SSB0267,2,74,fwp,1,1.0000,-1.0000,-1.0000,4.5657,0.9998,44.46,nan,nan,-1.0000,-1.0000
wavmark,2,chinese:SSB0267,2,74,dm,1,1.0000,-1.0000,-1.0000,4.5657,0.9998,44.46,nan,nan,-1.0000,-1.0000
wavmark,2,chinese:SSB0267,2,74,tct,1,1.0000,-1.0000,-1.0000,4.5657,0.9998,44.46,nan,nan,-1.0000,-1.0000
wavmark,2,chinese:SSB0267,2,74,payload_farthest,1,1.0000,-1.0000,-1.0000,4.5657,0.9998,44.46,nan,nan,-1.0000,-1.0000
wavmark,2,chinese:SSB0273,0,75,single_copy,0,1.0000,-0.0000,1.0000,4.6439,1.0000,149.93,nan,nan,-2.0000,-2.0000
wavmark,2,chinese:SSB0273,0,75,mean,1,1.0000,-2.0000,-2.0000,4.5648,0.9997,46.46,nan,nan,-2.0000,-2.0000
wavmark,2,chinese:SSB0273,0,75,rp,1,1.0000,-2.0000,-2.0000,4.5648,0.9997,46.46,nan,nan,-2.0000,-2.0000
wavmark,2,chinese:SSB0273,0,75,random_dirichlet,1,1.0000,-2.0000,-2.0000,4.5403,0.9995,45.00,nan,nan,-2.0000,-2.0000
wavmark,2,chinese:SSB0273,0,75,eep,1,1.0000,-2.0000,-2.0000,4.5648,0.9997,46.46,nan,nan,-2.0000,-2.0000
wavmark,2,chinese:SSB0273,0,75,fwp,1,1.0000,-2.0000,-2.0000,4.5648,0.9997,46.46,nan,nan,-2.0000,-2.0000
wavmark,2,chinese:SSB0273,0,75,dm,1,1.0000,-2.0000,-2.0000,4.5648,0.9997,46.46,nan,nan,-2.0000,-2.0000
wavmark,2,chinese:SSB0273,0,75,tct,1,1.0000,-2.0000,-2.0000,4.5648,0.9997,46.46,nan,nan,-2.0000,-2.0000
wavmark,2,chinese:SSB0273,0,75,payload_farthest,1,1.0000,-2.0000,-2.0000,4.5648,0.9997,46.46,nan,nan,-2.0000,-2.0000
wavmark,2,chinese:SSB0273,1,76,single_copy,0,1.0000,-0.0000,1.0000,4.6439,1.0000,149.93,nan,nan,-4.0000,-4.0000
wavmark,2,chinese:SSB0273,1,76,mean,1,1.0000,-4.0000,-4.0000,4.5138,0.9996,45.76,nan,nan,-4.0000,-4.0000
wavmark,2,chinese:SSB0273,1,76,rp,1,1.0000,-4.0000,-4.0000,4.5138,0.9996,45.76,nan,nan,-4.0000,-4.0000
wavmark,2,chinese:SSB0273,1,76,random_dirichlet,0,1.0000,-0.0000,1.0000,4.6061,0.9999,54.07,nan,nan,-4.0000,-4.0000
wavmark,2,chinese:SSB0273,1,76,eep,1,1.0000,-4.0000,-4.0000,4.5138,0.9996,45.76,nan,nan,-4.0000,-4.0000
wavmark,2,chinese:SSB0273,1,76,fwp,1,1.0000,-4.0000,-4.0000,4.5138,0.9996,45.76,nan,nan,-4.0000,-4.0000
wavmark,2,chinese:SSB0273,1,76,dm,1,1.0000,-4.0000,-4.0000,4.5138,0.9996,45.76,nan,nan,-4.0000,-4.0000
wavmark,2,chinese:SSB0273,1,76,tct,1,1.0000,-4.0000,-4.0000,4.5138,0.9996,45.76,nan,nan,-4.0000,-4.0000
wavmark,2,chinese:SSB0273,1,76,payload_farthest,1,1.0000,-4.0000,-4.0000,4.5138,0.9996,45.76,nan,nan,-4.0000,-4.0000
wavmark,2,chinese:SSB0273,2,77,single_copy,0,1.0000,-0.0000,1.0000,4.6439,1.0000,149.93,nan,nan,-3.0000,-3.0000
wavmark,2,chinese:SSB0273,2,77,mean,1,1.0000,-3.0000,-3.0000,4.5041,0.9997,46.14,nan,nan,-3.0000,-3.0000
wavmark,2,chinese:SSB0273,2,77,rp,1,1.0000,-3.0000,-3.0000,4.5041,0.9997,46.14,nan,nan,-3.0000,-3.0000
wavmark,2,chinese:SSB0273,2,77,random_dirichlet,0,1.0000,-0.0000,1.0000,4.3094,0.9988,40.36,nan,nan,-3.0000,-3.0000
wavmark,2,chinese:SSB0273,2,77,eep,1,1.0000,-3.0000,-3.0000,4.5041,0.9997,46.14,nan,nan,-3.0000,-3.0000
wavmark,2,chinese:SSB0273,2,77,fwp,1,1.0000,-3.0000,-3.0000,4.5041,0.9997,46.14,nan,nan,-3.0000,-3.0000
wavmark,2,chinese:SSB0273,2,77,dm,1,1.0000,-3.0000,-3.0000,4.5041,0.9997,46.14,nan,nan,-3.0000,-3.0000
wavmark,2,chinese:SSB0273,2,77,tct,1,1.0000,-3.0000,-3.0000,4.5041,0.9997,46.14,nan,nan,-3.0000,-3.0000
wavmark,2,chinese:SSB0273,2,77,payload_farthest,1,1.0000,-3.0000,-3.0000,4.5041,0.9997,46.14,nan,nan,-3.0000,-3.0000
wavmark,2,chinese:SSB0287,0,78,single_copy,0,1.0000,-0.0000,1.0000,4.6439,1.0000,149.53,nan,nan,-1.0000,-1.0000
wavmark,2,chinese:SSB0287,0,78,mean,1,1.0000,-1.0000,-1.0000,4.5836,0.9999,48.89,nan,nan,-1.0000,-1.0000
wavmark,2,chinese:SSB0287,0,78,rp,1,1.0000,-1.0000,-1.0000,4.5836,0.9999,48.89,nan,nan,-1.0000,-1.0000
wavmark,2,chinese:SSB0287,0,78,random_dirichlet,1,1.0000,-1.0000,-1.0000,4.6007,1.0000,51.29,nan,nan,-1.0000,-1.0000
wavmark,2,chinese:SSB0287,0,78,eep,1,1.0000,-1.0000,-1.0000,4.5836,0.9999,48.89,nan,nan,-1.0000,-1.0000
wavmark,2,chinese:SSB0287,0,78,fwp,1,1.0000,-1.0000,-1.0000,4.5836,0.9999,48.89,nan,nan,-1.0000,-1.0000
wavmark,2,chinese:SSB0287,0,78,dm,1,1.0000,-1.0000,-1.0000,4.5836,0.9999,48.89,nan,nan,-1.0000,-1.0000
wavmark,2,chinese:SSB0287,0,78,tct,1,1.0000,-1.0000,-1.0000,4.5836,0.9999,48.89,nan,nan,-1.0000,-1.0000
wavmark,2,chinese:SSB0287,0,78,payload_farthest,1,1.0000,-1.0000,-1.0000,4.5836,0.9999,48.89,nan,nan,-1.0000,-1.0000
wavmark,2,chinese:SSB0287,1,79,single_copy,0,1.0000,-0.0000,1.0000,4.6439,1.0000,149.53,nan,nan,-4.0000,-4.0000
wavmark,2,chinese:SSB0287,1,79,mean,1,1.0000,-4.0000,-4.0000,4.5469,0.9999,45.17,nan,nan,-4.0000,-4.0000
wavmark,2,chinese:SSB0287,1,79,rp,1,1.0000,-4.0000,-4.0000,4.5469,0.9999,45.17,nan,nan,-4.0000,-4.0000
wavmark,2,chinese:SSB0287,1,79,random_dirichlet,1,1.0000,-3.0000,-3.0000,4.5698,0.9999,47.10,nan,nan,-4.0000,-4.0000
wavmark,2,chinese:SSB0287,1,79,eep,1,1.0000,-4.0000,-4.0000,4.5469,0.9999,45.17,nan,nan,-4.0000,-4.0000
wavmark,2,chinese:SSB0287,1,79,fwp,1,1.0000,-4.0000,-4.0000,4.5469,0.9999,45.17,nan,nan,-4.0000,-4.0000
wavmark,2,chinese:SSB0287,1,79,dm,1,1.0000,-4.0000,-4.0000,4.5469,0.9999,45.17,nan,nan,-4.0000,-4.0000
wavmark,2,chinese:SSB0287,1,79,tct,1,1.0000,-4.0000,-4.0000,4.5469,0.9999,45.17,nan,nan,-4.0000,-4.0000
wavmark,2,chinese:SSB0287,1,79,payload_farthest,1,1.0000,-4.0000,-4.0000,4.5469,0.9999,45.17,nan,nan,-4.0000,-4.0000
wavmark,2,chinese:SSB0287,2,80,single_copy,0,1.0000,-0.0000,1.0000,4.6439,1.0000,149.53,nan,nan,-4.0000,-4.0000
wavmark,2,chinese:SSB0287,2,80,mean,1,1.0000,-4.0000,-4.0000,4.5594,0.9998,45.38,nan,nan,-4.0000,-4.0000
wavmark,2,chinese:SSB0287,2,80,rp,1,1.0000,-4.0000,-4.0000,4.5594,0.9998,45.38,nan,nan,-4.0000,-4.0000
wavmark,2,chinese:SSB0287,2,80,random_dirichlet,1,1.0000,-3.0000,-3.0000,4.5457,0.9998,44.47,nan,nan,-4.0000,-4.0000
wavmark,2,chinese:SSB0287,2,80,eep,1,1.0000,-4.0000,-4.0000,4.5594,0.9998,45.38,nan,nan,-4.0000,-4.0000
wavmark,2,chinese:SSB0287,2,80,fwp,1,1.0000,-4.0000,-4.0000,4.5594,0.9998,45.38,nan,nan,-4.0000,-4.0000
wavmark,2,chinese:SSB0287,2,80,dm,1,1.0000,-4.0000,-4.0000,4.5594,0.9998,45.38,nan,nan,-4.0000,-4.0000
wavmark,2,chinese:SSB0287,2,80,tct,1,1.0000,-4.0000,-4.0000,4.5594,0.9998,45.38,nan,nan,-4.0000,-4.0000
wavmark,2,chinese:SSB0287,2,80,payload_farthest,1,1.0000,-4.0000,-4.0000,4.5594,0.9998,45.38,nan,nan,-4.0000,-4.0000
wavmark,2,chinese:SSB0288,0,81,single_copy,0,1.0000,-0.0000,1.0000,4.6439,1.0000,141.45,nan,nan,-4.0000,-4.0000
wavmark,2,chinese:SSB0288,0,81,mean,1,1.0000,-4.0000,-4.0000,4.5282,0.9965,43.72,nan,nan,-4.0000,-4.0000
wavmark,2,chinese:SSB0288,0,81,rp,1,1.0000,-4.0000,-4.0000,4.5282,0.9965,43.72,nan,nan,-4.0000,-4.0000
wavmark,2,chinese:SSB0288,0,81,random_dirichlet,1,1.0000,-5.0000,-5.0000,4.5195,0.9961,43.32,nan,nan,-4.0000,-4.0000
wavmark,2,chinese:SSB0288,0,81,eep,1,1.0000,-4.0000,-4.0000,4.5282,0.9965,43.72,nan,nan,-4.0000,-4.0000
wavmark,2,chinese:SSB0288,0,81,fwp,1,1.0000,-4.0000,-4.0000,4.5282,0.9965,43.72,nan,nan,-4.0000,-4.0000
wavmark,2,chinese:SSB0288,0,81,dm,1,1.0000,-4.0000,-4.0000,4.5282,0.9965,43.72,nan,nan,-4.0000,-4.0000
wavmark,2,chinese:SSB0288,0,81,tct,1,1.0000,-4.0000,-4.0000,4.5282,0.9965,43.72,nan,nan,-4.0000,-4.0000
wavmark,2,chinese:SSB0288,0,81,payload_farthest,1,1.0000,-4.0000,-4.0000,4.5282,0.9965,43.72,nan,nan,-4.0000,-4.0000
wavmark,2,chinese:SSB0288,1,82,single_copy,0,1.0000,-0.0000,1.0000,4.6439,1.0000,141.45,nan,nan,-3.0000,-3.0000
wavmark,2,chinese:SSB0288,1,82,mean,1,1.0000,-3.0000,-3.0000,4.5925,0.9974,45.55,nan,nan,-3.0000,-3.0000
wavmark,2,chinese:SSB0288,1,82,rp,1,1.0000,-3.0000,-3.0000,4.5925,0.9974,45.55,nan,nan,-3.0000,-3.0000
wavmark,2,chinese:SSB0288,1,82,random_dirichlet,1,1.0000,-3.0000,-3.0000,4.5849,0.9970,44.88,nan,nan,-3.0000,-3.0000
wavmark,2,chinese:SSB0288,1,82,eep,1,1.0000,-3.0000,-3.0000,4.5925,0.9974,45.55,nan,nan,-3.0000,-3.0000
wavmark,2,chinese:SSB0288,1,82,fwp,1,1.0000,-3.0000,-3.0000,4.5925,0.9974,45.55,nan,nan,-3.0000,-3.0000
wavmark,2,chinese:SSB0288,1,82,dm,1,1.0000,-3.0000,-3.0000,4.5925,0.9974,45.55,nan,nan,-3.0000,-3.0000
wavmark,2,chinese:SSB0288,1,82,tct,1,1.0000,-3.0000,-3.0000,4.5925,0.9974,45.55,nan,nan,-3.0000,-3.0000
wavmark,2,chinese:SSB0288,1,82,payload_farthest,1,1.0000,-3.0000,-3.0000,4.5925,0.9974,45.55,nan,nan,-3.0000,-3.0000
wavmark,2,chinese:SSB0288,2,83,single_copy,0,1.0000,-0.0000,1.0000,4.6439,1.0000,141.45,nan,nan,-5.0000,-5.0000
wavmark,2,chinese:SSB0288,2,83,mean,1,1.0000,-5.0000,-5.0000,4.5154,0.9965,43.42,nan,nan,-5.0000,-5.0000
wavmark,2,chinese:SSB0288,2,83,rp,1,1.0000,-5.0000,-5.0000,4.5154,0.9965,43.42,nan,nan,-5.0000,-5.0000
wavmark,2,chinese:SSB0288,2,83,random_dirichlet,1,1.0000,-3.0000,-3.0000,4.5255,0.9969,43.90,nan,nan,-5.0000,-5.0000
wavmark,2,chinese:SSB0288,2,83,eep,1,1.0000,-5.0000,-5.0000,4.5154,0.9965,43.42,nan,nan,-5.0000,-5.0000
wavmark,2,chinese:SSB0288,2,83,fwp,1,1.0000,-5.0000,-5.0000,4.5154,0.9965,43.42,nan,nan,-5.0000,-5.0000
wavmark,2,chinese:SSB0288,2,83,dm,1,1.0000,-5.0000,-5.0000,4.5154,0.9965,43.42,nan,nan,-5.0000,-5.0000
wavmark,2,chinese:SSB0288,2,83,tct,1,1.0000,-5.0000,-5.0000,4.5154,0.9965,43.42,nan,nan,-5.0000,-5.0000
wavmark,2,chinese:SSB0288,2,83,payload_farthest,1,1.0000,-5.0000,-5.0000,4.5154,0.9965,43.42,nan,nan,-5.0000,-5.0000
wavmark,2,chinese:SSB0299,0,84,single_copy,0,1.0000,-0.0000,1.0000,4.6439,1.0000,141.68,nan,nan,-4.0000,-4.0000
wavmark,2,chinese:SSB0299,0,84,mean,1,1.0000,-4.0000,-4.0000,4.5481,0.9999,43.19,nan,nan,-4.0000,-4.0000
wavmark,2,chinese:SSB0299,0,84,rp,1,1.0000,-4.0000,-4.0000,4.5481,0.9999,43.19,nan,nan,-4.0000,-4.0000
wavmark,2,chinese:SSB0299,0,84,random_dirichlet,0,1.0000,-0.0000,1.0000,4.5088,0.9999,40.89,nan,nan,-4.0000,-4.0000
wavmark,2,chinese:SSB0299,0,84,eep,1,1.0000,-4.0000,-4.0000,4.5481,0.9999,43.19,nan,nan,-4.0000,-4.0000
wavmark,2,chinese:SSB0299,0,84,fwp,1,1.0000,-4.0000,-4.0000,4.5481,0.9999,43.19,nan,nan,-4.0000,-4.0000
wavmark,2,chinese:SSB0299,0,84,dm,1,1.0000,-4.0000,-4.0000,4.5481,0.9999,43.19,nan,nan,-4.0000,-4.0000
wavmark,2,chinese:SSB0299,0,84,tct,1,1.0000,-4.0000,-4.0000,4.5481,0.9999,43.19,nan,nan,-4.0000,-4.0000
wavmark,2,chinese:SSB0299,0,84,payload_farthest,1,1.0000,-4.0000,-4.0000,4.5481,0.9999,43.19,nan,nan,-4.0000,-4.0000
wavmark,2,chinese:SSB0299,1,85,single_copy,0,1.0000,-0.0000,1.0000,4.6439,1.0000,141.68,nan,nan,-2.0000,-2.0000
wavmark,2,chinese:SSB0299,1,85,mean,1,1.0000,-2.0000,-2.0000,4.3309,0.9999,41.48,nan,nan,-2.0000,-2.0000
wavmark,2,chinese:SSB0299,1,85,rp,1,1.0000,-2.0000,-2.0000,4.3309,0.9999,41.48,nan,nan,-2.0000,-2.0000
wavmark,2,chinese:SSB0299,1,85,random_dirichlet,0,1.0000,-0.0000,1.0000,4.1802,0.9997,37.99,nan,nan,-2.0000,-2.0000
wavmark,2,chinese:SSB0299,1,85,eep,1,1.0000,-2.0000,-2.0000,4.3309,0.9999,41.48,nan,nan,-2.0000,-2.0000
wavmark,2,chinese:SSB0299,1,85,fwp,1,1.0000,-2.0000,-2.0000,4.3309,0.9999,41.48,nan,nan,-2.0000,-2.0000
wavmark,2,chinese:SSB0299,1,85,dm,1,1.0000,-2.0000,-2.0000,4.3309,0.9999,41.48,nan,nan,-2.0000,-2.0000
wavmark,2,chinese:SSB0299,1,85,tct,1,1.0000,-2.0000,-2.0000,4.3309,0.9999,41.48,nan,nan,-2.0000,-2.0000
wavmark,2,chinese:SSB0299,1,85,payload_farthest,1,1.0000,-2.0000,-2.0000,4.3309,0.9999,41.48,nan,nan,-2.0000,-2.0000
wavmark,2,chinese:SSB0299,2,86,single_copy,0,1.0000,-0.0000,1.0000,4.6439,1.0000,141.68,nan,nan,-3.0000,-3.0000
wavmark,2,chinese:SSB0299,2,86,mean,1,1.0000,-3.0000,-3.0000,4.5150,0.9999,42.29,nan,nan,-3.0000,-3.0000
wavmark,2,chinese:SSB0299,2,86,rp,1,1.0000,-3.0000,-3.0000,4.5150,0.9999,42.29,nan,nan,-3.0000,-3.0000
wavmark,2,chinese:SSB0299,2,86,random_dirichlet,0,1.0000,-0.0000,1.0000,4.3122,0.9998,37.18,nan,nan,-3.0000,-3.0000
wavmark,2,chinese:SSB0299,2,86,eep,1,1.0000,-3.0000,-3.0000,4.5150,0.9999,42.29,nan,nan,-3.0000,-3.0000
wavmark,2,chinese:SSB0299,2,86,fwp,1,1.0000,-3.0000,-3.0000,4.5150,0.9999,42.29,nan,nan,-3.0000,-3.0000
wavmark,2,chinese:SSB0299,2,86,dm,1,1.0000,-3.0000,-3.0000,4.5150,0.9999,42.29,nan,nan,-3.0000,-3.0000
wavmark,2,chinese:SSB0299,2,86,tct,1,1.0000,-3.0000,-3.0000,4.5150,0.9999,42.29,nan,nan,-3.0000,-3.0000
wavmark,2,chinese:SSB0299,2,86,payload_farthest,1,1.0000,-3.0000,-3.0000,4.5150,0.9999,42.29,nan,nan,-3.0000,-3.0000
wavmark,2,chinese:SSB0307,0,87,single_copy,0,1.0000,-0.0000,1.0000,4.6439,1.0000,132.23,nan,nan,-3.0000,-3.0000
wavmark,2,chinese:SSB0307,0,87,mean,1,1.0000,-3.0000,-3.0000,4.5343,0.9976,39.60,nan,nan,-3.0000,-3.0000
wavmark,2,chinese:SSB0307,0,87,rp,1,1.0000,-3.0000,-3.0000,4.5343,0.9976,39.60,nan,nan,-3.0000,-3.0000
wavmark,2,chinese:SSB0307,0,87,random_dirichlet,1,1.0000,-3.0000,-3.0000,4.5386,0.9977,39.80,nan,nan,-3.0000,-3.0000
wavmark,2,chinese:SSB0307,0,87,eep,1,1.0000,-3.0000,-3.0000,4.5343,0.9976,39.60,nan,nan,-3.0000,-3.0000
wavmark,2,chinese:SSB0307,0,87,fwp,1,1.0000,-3.0000,-3.0000,4.5343,0.9976,39.60,nan,nan,-3.0000,-3.0000
wavmark,2,chinese:SSB0307,0,87,dm,1,1.0000,-3.0000,-3.0000,4.5343,0.9976,39.60,nan,nan,-3.0000,-3.0000
wavmark,2,chinese:SSB0307,0,87,tct,1,1.0000,-3.0000,-3.0000,4.5343,0.9976,39.60,nan,nan,-3.0000,-3.0000
wavmark,2,chinese:SSB0307,0,87,payload_farthest,1,1.0000,-3.0000,-3.0000,4.5343,0.9976,39.60,nan,nan,-3.0000,-3.0000
wavmark,2,chinese:SSB0307,1,88,single_copy,0,1.0000,-0.0000,1.0000,4.6439,1.0000,132.23,nan,nan,-2.0000,-2.0000
wavmark,2,chinese:SSB0307,1,88,mean,1,1.0000,-2.0000,-2.0000,4.4982,0.9973,39.25,nan,nan,-2.0000,-2.0000
wavmark,2,chinese:SSB0307,1,88,rp,1,1.0000,-2.0000,-2.0000,4.4982,0.9973,39.25,nan,nan,-2.0000,-2.0000
wavmark,2,chinese:SSB0307,1,88,random_dirichlet,0,1.0000,-0.0000,1.0000,4.6071,0.9996,47.07,nan,nan,-2.0000,-2.0000
wavmark,2,chinese:SSB0307,1,88,eep,1,1.0000,-2.0000,-2.0000,4.4982,0.9973,39.25,nan,nan,-2.0000,-2.0000
wavmark,2,chinese:SSB0307,1,88,fwp,1,1.0000,-2.0000,-2.0000,4.4982,0.9973,39.25,nan,nan,-2.0000,-2.0000
wavmark,2,chinese:SSB0307,1,88,dm,1,1.0000,-2.0000,-2.0000,4.4982,0.9973,39.25,nan,nan,-2.0000,-2.0000
wavmark,2,chinese:SSB0307,1,88,tct,1,1.0000,-2.0000,-2.0000,4.4982,0.9973,39.25,nan,nan,-2.0000,-2.0000
wavmark,2,chinese:SSB0307,1,88,payload_farthest,1,1.0000,-2.0000,-2.0000,4.4982,0.9973,39.25,nan,nan,-2.0000,-2.0000
wavmark,2,chinese:SSB0307,2,89,single_copy,0,1.0000,-0.0000,1.0000,4.6439,1.0000,132.23,nan,nan,-6.0000,-6.0000
wavmark,2,chinese:SSB0307,2,89,mean,1,1.0000,-6.0000,-6.0000,4.4213,0.9960,37.30,nan,nan,-6.0000,-6.0000
wavmark,2,chinese:SSB0307,2,89,rp,1,1.0000,-6.0000,-6.0000,4.4213,0.9960,37.30,nan,nan,-6.0000,-6.0000
wavmark,2,chinese:SSB0307,2,89,random_dirichlet,1,1.0000,-2.0000,-2.0000,4.3300,0.9941,35.53,nan,nan,-6.0000,-6.0000
wavmark,2,chinese:SSB0307,2,89,eep,1,1.0000,-6.0000,-6.0000,4.4213,0.9960,37.30,nan,nan,-6.0000,-6.0000
wavmark,2,chinese:SSB0307,2,89,fwp,1,1.0000,-6.0000,-6.0000,4.4213,0.9960,37.30,nan,nan,-6.0000,-6.0000
wavmark,2,chinese:SSB0307,2,89,dm,1,1.0000,-6.0000,-6.0000,4.4213,0.9960,37.30,nan,nan,-6.0000,-6.0000
wavmark,2,chinese:SSB0307,2,89,tct,1,1.0000,-6.0000,-6.0000,4.4213,0.9960,37.30,nan,nan,-6.0000,-6.0000
wavmark,2,chinese:SSB0307,2,89,payload_farthest,1,1.0000,-6.0000,-6.0000,4.4213,0.9960,37.30,nan,nan,-6.0000,-6.0000
wavmark,2,chinese:SSB0309,0,90,single_copy,0,1.0000,-0.0000,1.0000,4.6439,1.0000,143.40,nan,nan,-3.0000,-3.0000
wavmark,2,chinese:SSB0309,0,90,mean,1,1.0000,-3.0000,-3.0000,4.5812,0.9982,45.52,nan,nan,-3.0000,-3.0000
wavmark,2,chinese:SSB0309,0,90,rp,1,1.0000,-3.0000,-3.0000,4.5812,0.9982,45.52,nan,nan,-3.0000,-3.0000
wavmark,2,chinese:SSB0309,0,90,random_dirichlet,0,1.0000,-0.0000,1.0000,4.6132,0.9993,49.35,nan,nan,-3.0000,-3.0000
wavmark,2,chinese:SSB0309,0,90,eep,1,1.0000,-3.0000,-3.0000,4.5812,0.9982,45.52,nan,nan,-3.0000,-3.0000
wavmark,2,chinese:SSB0309,0,90,fwp,1,1.0000,-3.0000,-3.0000,4.5812,0.9982,45.52,nan,nan,-3.0000,-3.0000
wavmark,2,chinese:SSB0309,0,90,dm,1,1.0000,-3.0000,-3.0000,4.5812,0.9982,45.52,nan,nan,-3.0000,-3.0000
wavmark,2,chinese:SSB0309,0,90,tct,1,1.0000,-3.0000,-3.0000,4.5812,0.9982,45.52,nan,nan,-3.0000,-3.0000
wavmark,2,chinese:SSB0309,0,90,payload_farthest,1,1.0000,-3.0000,-3.0000,4.5812,0.9982,45.52,nan,nan,-3.0000,-3.0000
wavmark,2,chinese:SSB0309,1,91,single_copy,0,1.0000,-0.0000,1.0000,4.6439,1.0000,143.40,nan,nan,-4.0000,-4.0000
wavmark,2,chinese:SSB0309,1,91,mean,1,1.0000,-4.0000,-4.0000,4.5892,0.9986,44.74,nan,nan,-4.0000,-4.0000
wavmark,2,chinese:SSB0309,1,91,rp,1,1.0000,-4.0000,-4.0000,4.5892,0.9986,44.74,nan,nan,-4.0000,-4.0000
wavmark,2,chinese:SSB0309,1,91,random_dirichlet,0,1.0000,-0.0000,1.0000,4.5582,0.9975,42.50,nan,nan,-4.0000,-4.0000
wavmark,2,chinese:SSB0309,1,91,eep,1,1.0000,-4.0000,-4.0000,4.5892,0.9986,44.74,nan,nan,-4.0000,-4.0000
wavmark,2,chinese:SSB0309,1,91,fwp,1,1.0000,-4.0000,-4.0000,4.5892,0.9986,44.74,nan,nan,-4.0000,-4.0000
wavmark,2,chinese:SSB0309,1,91,dm,1,1.0000,-4.0000,-4.0000,4.5892,0.9986,44.74,nan,nan,-4.0000,-4.0000
wavmark,2,chinese:SSB0309,1,91,tct,1,1.0000,-4.0000,-4.0000,4.5892,0.9986,44.74,nan,nan,-4.0000,-4.0000
wavmark,2,chinese:SSB0309,1,91,payload_farthest,1,1.0000,-4.0000,-4.0000,4.5892,0.9986,44.74,nan,nan,-4.0000,-4.0000
wavmark,2,chinese:SSB0309,2,92,single_copy,0,1.0000,-0.0000,1.0000,4.6439,1.0000,143.40,nan,nan,-2.0000,-2.0000
wavmark,2,chinese:SSB0309,2,92,mean,1,1.0000,-2.0000,-2.0000,4.5839,0.9985,45.71,nan,nan,-2.0000,-2.0000
wavmark,2,chinese:SSB0309,2,92,rp,1,1.0000,-2.0000,-2.0000,4.5839,0.9985,45.71,nan,nan,-2.0000,-2.0000
wavmark,2,chinese:SSB0309,2,92,random_dirichlet,0,1.0000,-0.0000,1.0000,4.6331,0.9999,56.86,nan,nan,-2.0000,-2.0000
wavmark,2,chinese:SSB0309,2,92,eep,1,1.0000,-2.0000,-2.0000,4.5839,0.9985,45.71,nan,nan,-2.0000,-2.0000
wavmark,2,chinese:SSB0309,2,92,fwp,1,1.0000,-2.0000,-2.0000,4.5839,0.9985,45.71,nan,nan,-2.0000,-2.0000
wavmark,2,chinese:SSB0309,2,92,dm,1,1.0000,-2.0000,-2.0000,4.5839,0.9985,45.71,nan,nan,-2.0000,-2.0000
wavmark,2,chinese:SSB0309,2,92,tct,1,1.0000,-2.0000,-2.0000,4.5839,0.9985,45.71,nan,nan,-2.0000,-2.0000
wavmark,2,chinese:SSB0309,2,92,payload_farthest,1,1.0000,-2.0000,-2.0000,4.5839,0.9985,45.71,nan,nan,-2.0000,-2.0000
wavmark,2,chinese:SSB0315,0,93,single_copy,0,1.0000,-0.0000,1.0000,4.6439,1.0000,145.37,nan,nan,-3.0000,-3.0000
wavmark,2,chinese:SSB0315,0,93,mean,1,1.0000,-3.0000,-3.0000,4.5441,0.9999,45.53,nan,nan,-3.0000,-3.0000
wavmark,2,chinese:SSB0315,0,93,rp,1,1.0000,-3.0000,-3.0000,4.5441,0.9999,45.53,nan,nan,-3.0000,-3.0000
wavmark,2,chinese:SSB0315,0,93,random_dirichlet,0,1.0000,-0.0000,1.0000,4.4565,0.9997,41.80,nan,nan,-3.0000,-3.0000
wavmark,2,chinese:SSB0315,0,93,eep,1,1.0000,-3.0000,-3.0000,4.5441,0.9999,45.53,nan,nan,-3.0000,-3.0000
wavmark,2,chinese:SSB0315,0,93,fwp,1,1.0000,-3.0000,-3.0000,4.5441,0.9999,45.53,nan,nan,-3.0000,-3.0000
wavmark,2,chinese:SSB0315,0,93,dm,1,1.0000,-3.0000,-3.0000,4.5441,0.9999,45.53,nan,nan,-3.0000,-3.0000
wavmark,2,chinese:SSB0315,0,93,tct,1,1.0000,-3.0000,-3.0000,4.5441,0.9999,45.53,nan,nan,-3.0000,-3.0000
wavmark,2,chinese:SSB0315,0,93,payload_farthest,1,1.0000,-3.0000,-3.0000,4.5441,0.9999,45.53,nan,nan,-3.0000,-3.0000
wavmark,2,chinese:SSB0315,1,94,single_copy,0,1.0000,-0.0000,1.0000,4.6439,1.0000,145.37,nan,nan,-2.0000,-2.0000
wavmark,2,chinese:SSB0315,1,94,mean,1,1.0000,-2.0000,-2.0000,4.5482,0.9999,45.83,nan,nan,-2.0000,-2.0000
wavmark,2,chinese:SSB0315,1,94,rp,1,1.0000,-2.0000,-2.0000,4.5482,0.9999,45.83,nan,nan,-2.0000,-2.0000
wavmark,2,chinese:SSB0315,1,94,random_dirichlet,1,1.0000,-3.0000,-3.0000,4.5684,0.9999,47.42,nan,nan,-2.0000,-2.0000
wavmark,2,chinese:SSB0315,1,94,eep,1,1.0000,-2.0000,-2.0000,4.5482,0.9999,45.83,nan,nan,-2.0000,-2.0000
wavmark,2,chinese:SSB0315,1,94,fwp,1,1.0000,-2.0000,-2.0000,4.5482,0.9999,45.83,nan,nan,-2.0000,-2.0000
wavmark,2,chinese:SSB0315,1,94,dm,1,1.0000,-2.0000,-2.0000,4.5482,0.9999,45.83,nan,nan,-2.0000,-2.0000
wavmark,2,chinese:SSB0315,1,94,tct,1,1.0000,-2.0000,-2.0000,4.5482,0.9999,45.83,nan,nan,-2.0000,-2.0000
wavmark,2,chinese:SSB0315,1,94,payload_farthest,1,1.0000,-2.0000,-2.0000,4.5482,0.9999,45.83,nan,nan,-2.0000,-2.0000
wavmark,2,chinese:SSB0315,2,95,single_copy,0,1.0000,-0.0000,1.0000,4.6439,1.0000,145.37,nan,nan,1.0000,1.0000
wavmark,2,chinese:SSB0315,2,95,mean,0,1.0000,-0.0000,1.0000,4.4171,0.9998,45.49,nan,nan,1.0000,1.0000
wavmark,2,chinese:SSB0315,2,95,rp,0,1.0000,-0.0000,1.0000,4.4171,0.9998,45.49,nan,nan,1.0000,1.0000
wavmark,2,chinese:SSB0315,2,95,random_dirichlet,1,1.0000,-1.0000,-1.0000,4.5250,0.9999,49.85,nan,nan,1.0000,1.0000
wavmark,2,chinese:SSB0315,2,95,eep,0,1.0000,-0.0000,1.0000,4.4171,0.9998,45.49,nan,nan,1.0000,1.0000
wavmark,2,chinese:SSB0315,2,95,fwp,0,1.0000,-0.0000,1.0000,4.4171,0.9998,45.49,nan,nan,1.0000,1.0000
wavmark,2,chinese:SSB0315,2,95,dm,0,1.0000,-0.0000,1.0000,4.4171,0.9998,45.49,nan,nan,1.0000,1.0000
wavmark,2,chinese:SSB0315,2,95,tct,0,1.0000,-0.0000,1.0000,4.4171,0.9998,45.49,nan,nan,1.0000,1.0000
wavmark,2,chinese:SSB0315,2,95,payload_farthest,0,1.0000,-0.0000,1.0000,4.4171,0.9998,45.49,nan,nan,1.0000,1.0000
wavmark,2,chinese:SSB0316,0,96,single_copy,0,1.0000,-0.0000,1.0000,4.6439,1.0000,146.35,nan,nan,-3.0000,-3.0000
wavmark,2,chinese:SSB0316,0,96,mean,1,1.0000,-3.0000,-3.0000,4.5687,0.9999,45.30,nan,nan,-3.0000,-3.0000
wavmark,2,chinese:SSB0316,0,96,rp,1,1.0000,-3.0000,-3.0000,4.5687,0.9999,45.30,nan,nan,-3.0000,-3.0000
wavmark,2,chinese:SSB0316,0,96,random_dirichlet,0,1.0000,-0.0000,1.0000,4.4898,0.9998,41.76,nan,nan,-3.0000,-3.0000
wavmark,2,chinese:SSB0316,0,96,eep,1,1.0000,-3.0000,-3.0000,4.5687,0.9999,45.30,nan,nan,-3.0000,-3.0000
wavmark,2,chinese:SSB0316,0,96,fwp,1,1.0000,-3.0000,-3.0000,4.5687,0.9999,45.30,nan,nan,-3.0000,-3.0000
wavmark,2,chinese:SSB0316,0,96,dm,1,1.0000,-3.0000,-3.0000,4.5687,0.9999,45.30,nan,nan,-3.0000,-3.0000
wavmark,2,chinese:SSB0316,0,96,tct,1,1.0000,-3.0000,-3.0000,4.5687,0.9999,45.30,nan,nan,-3.0000,-3.0000
wavmark,2,chinese:SSB0316,0,96,payload_farthest,1,1.0000,-3.0000,-3.0000,4.5687,0.9999,45.30,nan,nan,-3.0000,-3.0000
wavmark,2,chinese:SSB0316,1,97,single_copy,0,1.0000,-0.0000,1.0000,4.6439,1.0000,146.35,nan,nan,-4.0000,-4.0000
wavmark,2,chinese:SSB0316,1,97,mean,1,1.0000,-4.0000,-4.0000,4.6051,0.9999,44.80,nan,nan,-4.0000,-4.0000
wavmark,2,chinese:SSB0316,1,97,rp,1,1.0000,-4.0000,-4.0000,4.6051,0.9999,44.80,nan,nan,-4.0000,-4.0000
wavmark,2,chinese:SSB0316,1,97,random_dirichlet,0,1.0000,-0.0000,1.0000,4.6359,1.0000,52.52,nan,nan,-4.0000,-4.0000
wavmark,2,chinese:SSB0316,1,97,eep,1,1.0000,-4.0000,-4.0000,4.6051,0.9999,44.80,nan,nan,-4.0000,-4.0000
wavmark,2,chinese:SSB0316,1,97,fwp,1,1.0000,-4.0000,-4.0000,4.6051,0.9999,44.80,nan,nan,-4.0000,-4.0000
wavmark,2,chinese:SSB0316,1,97,dm,1,1.0000,-4.0000,-4.0000,4.6051,0.9999,44.80,nan,nan,-4.0000,-4.0000
wavmark,2,chinese:SSB0316,1,97,tct,1,1.0000,-4.0000,-4.0000,4.6051,0.9999,44.80,nan,nan,-4.0000,-4.0000
wavmark,2,chinese:SSB0316,1,97,payload_farthest,1,1.0000,-4.0000,-4.0000,4.6051,0.9999,44.80,nan,nan,-4.0000,-4.0000
wavmark,2,chinese:SSB0316,2,98,single_copy,0,1.0000,-0.0000,1.0000,4.6439,1.0000,146.35,nan,nan,-3.0000,-3.0000
wavmark,2,chinese:SSB0316,2,98,mean,1,1.0000,-3.0000,-3.0000,4.5972,0.9999,44.97,nan,nan,-3.0000,-3.0000
wavmark,2,chinese:SSB0316,2,98,rp,1,1.0000,-3.0000,-3.0000,4.5972,0.9999,44.97,nan,nan,-3.0000,-3.0000
wavmark,2,chinese:SSB0316,2,98,random_dirichlet,0,1.0000,-0.0000,1.0000,4.5752,0.9999,43.10,nan,nan,-3.0000,-3.0000
wavmark,2,chinese:SSB0316,2,98,eep,1,1.0000,-3.0000,-3.0000,4.5972,0.9999,44.97,nan,nan,-3.0000,-3.0000
wavmark,2,chinese:SSB0316,2,98,fwp,1,1.0000,-3.0000,-3.0000,4.5972,0.9999,44.97,nan,nan,-3.0000,-3.0000
wavmark,2,chinese:SSB0316,2,98,dm,1,1.0000,-3.0000,-3.0000,4.5972,0.9999,44.97,nan,nan,-3.0000,-3.0000
wavmark,2,chinese:SSB0316,2,98,tct,1,1.0000,-3.0000,-3.0000,4.5972,0.9999,44.97,nan,nan,-3.0000,-3.0000
wavmark,2,chinese:SSB0316,2,98,payload_farthest,1,1.0000,-3.0000,-3.0000,4.5972,0.9999,44.97,nan,nan,-3.0000,-3.0000
wavmark,2,chinese:SSB0323,0,99,single_copy,0,1.0000,-0.0000,1.0000,4.6439,1.0000,146.15,nan,nan,-4.0000,-4.0000
wavmark,2,chinese:SSB0323,0,99,mean,1,1.0000,-4.0000,-4.0000,4.5929,0.9999,44.02,nan,nan,-4.0000,-4.0000
wavmark,2,chinese:SSB0323,0,99,rp,1,1.0000,-4.0000,-4.0000,4.5929,0.9999,44.02,nan,nan,-4.0000,-4.0000
wavmark,2,chinese:SSB0323,0,99,random_dirichlet,0,1.0000,-0.0000,1.0000,4.6414,1.0000,59.23,nan,nan,-4.0000,-4.0000
wavmark,2,chinese:SSB0323,0,99,eep,1,1.0000,-4.0000,-4.0000,4.5929,0.9999,44.02,nan,nan,-4.0000,-4.0000
wavmark,2,chinese:SSB0323,0,99,fwp,1,1.0000,-4.0000,-4.0000,4.5929,0.9999,44.02,nan,nan,-4.0000,-4.0000
wavmark,2,chinese:SSB0323,0,99,dm,1,1.0000,-4.0000,-4.0000,4.5929,0.9999,44.02,nan,nan,-4.0000,-4.0000
wavmark,2,chinese:SSB0323,0,99,tct,1,1.0000,-4.0000,-4.0000,4.5929,0.9999,44.02,nan,nan,-4.0000,-4.0000
wavmark,2,chinese:SSB0323,0,99,payload_farthest,1,1.0000,-4.0000,-4.0000,4.5929,0.9999,44.02,nan,nan,-4.0000,-4.0000
wavmark,2,chinese:SSB0323,1,100,single_copy,0,1.0000,-0.0000,1.0000,4.6439,1.0000,146.15,nan,nan,-5.0000,-5.0000
wavmark,2,chinese:SSB0323,1,100,mean,1,1.0000,-5.0000,-5.0000,4.5868,0.9999,44.97,nan,nan,-5.0000,-5.0000
wavmark,2,chinese:SSB0323,1,100,rp,1,1.0000,-5.0000,-5.0000,4.5868,0.9999,44.97,nan,nan,-5.0000,-5.0000
wavmark,2,chinese:SSB0323,1,100,random_dirichlet,0,1.0000,-0.0000,1.0000,4.5010,0.9998,39.60,nan,nan,-5.0000,-5.0000
wavmark,2,chinese:SSB0323,1,100,eep,1,1.0000,-5.0000,-5.0000,4.5868,0.9999,44.97,nan,nan,-5.0000,-5.0000
wavmark,2,chinese:SSB0323,1,100,fwp,1,1.0000,-5.0000,-5.0000,4.5868,0.9999,44.97,nan,nan,-5.0000,-5.0000
wavmark,2,chinese:SSB0323,1,100,dm,1,1.0000,-5.0000,-5.0000,4.5868,0.9999,44.97,nan,nan,-5.0000,-5.0000
wavmark,2,chinese:SSB0323,1,100,tct,1,1.0000,-5.0000,-5.0000,4.5868,0.9999,44.97,nan,nan,-5.0000,-5.0000
wavmark,2,chinese:SSB0323,1,100,payload_farthest,1,1.0000,-5.0000,-5.0000,4.5868,0.9999,44.97,nan,nan,-5.0000,-5.0000
wavmark,2,chinese:SSB0323,2,101,single_copy,0,1.0000,-0.0000,1.0000,4.6439,1.0000,146.15,nan,nan,-4.0000,-4.0000
wavmark,2,chinese:SSB0323,2,101,mean,1,1.0000,-4.0000,-4.0000,4.6091,0.9999,44.83,nan,nan,-4.0000,-4.0000
wavmark,2,chinese:SSB0323,2,101,rp,1,1.0000,-4.0000,-4.0000,4.6091,0.9999,44.83,nan,nan,-4.0000,-4.0000
wavmark,2,chinese:SSB0323,2,101,random_dirichlet,0,1.0000,-0.0000,1.0000,4.6418,1.0000,56.78,nan,nan,-4.0000,-4.0000
wavmark,2,chinese:SSB0323,2,101,eep,1,1.0000,-4.0000,-4.0000,4.6091,0.9999,44.83,nan,nan,-4.0000,-4.0000
wavmark,2,chinese:SSB0323,2,101,fwp,1,1.0000,-4.0000,-4.0000,4.6091,0.9999,44.83,nan,nan,-4.0000,-4.0000
wavmark,2,chinese:SSB0323,2,101,dm,1,1.0000,-4.0000,-4.0000,4.6091,0.9999,44.83,nan,nan,-4.0000,-4.0000
wavmark,2,chinese:SSB0323,2,101,tct,1,1.0000,-4.0000,-4.0000,4.6091,0.9999,44.83,nan,nan,-4.0000,-4.0000
wavmark,2,chinese:SSB0323,2,101,payload_farthest,1,1.0000,-4.0000,-4.0000,4.6091,0.9999,44.83,nan,nan,-4.0000,-4.0000
wavmark,2,chinese:SSB0338,0,102,single_copy,0,1.0000,-0.0000,1.0000,4.6439,1.0000,138.32,nan,nan,-1.0000,-1.0000
wavmark,2,chinese:SSB0338,0,102,mean,1,1.0000,-1.0000,-1.0000,4.3820,0.9996,40.92,nan,nan,-1.0000,-1.0000
wavmark,2,chinese:SSB0338,0,102,rp,1,1.0000,-1.0000,-1.0000,4.3820,0.9996,40.92,nan,nan,-1.0000,-1.0000
wavmark,2,chinese:SSB0338,0,102,random_dirichlet,0,1.0000,-0.0000,1.0000,4.0822,0.9986,35.19,nan,nan,-1.0000,-1.0000
wavmark,2,chinese:SSB0338,0,102,eep,1,1.0000,-1.0000,-1.0000,4.3820,0.9996,40.92,nan,nan,-1.0000,-1.0000
wavmark,2,chinese:SSB0338,0,102,fwp,1,1.0000,-1.0000,-1.0000,4.3820,0.9996,40.92,nan,nan,-1.0000,-1.0000
wavmark,2,chinese:SSB0338,0,102,dm,1,1.0000,-1.0000,-1.0000,4.3820,0.9996,40.92,nan,nan,-1.0000,-1.0000
wavmark,2,chinese:SSB0338,0,102,tct,1,1.0000,-1.0000,-1.0000,4.3820,0.9996,40.92,nan,nan,-1.0000,-1.0000
wavmark,2,chinese:SSB0338,0,102,payload_farthest,1,1.0000,-1.0000,-1.0000,4.3820,0.9996,40.92,nan,nan,-1.0000,-1.0000
wavmark,2,chinese:SSB0338,1,103,single_copy,0,1.0000,-0.0000,1.0000,4.6439,1.0000,138.32,nan,nan,-4.0000,-4.0000
wavmark,2,chinese:SSB0338,1,103,mean,1,1.0000,-4.0000,-4.0000,4.5183,0.9996,40.36,nan,nan,-4.0000,-4.0000
wavmark,2,chinese:SSB0338,1,103,rp,1,1.0000,-4.0000,-4.0000,4.5183,0.9996,40.36,nan,nan,-4.0000,-4.0000
wavmark,2,chinese:SSB0338,1,103,random_dirichlet,1,1.0000,-1.0000,-1.0000,4.5764,0.9999,44.58,nan,nan,-4.0000,-4.0000
wavmark,2,chinese:SSB0338,1,103,eep,1,1.0000,-4.0000,-4.0000,4.5183,0.9996,40.36,nan,nan,-4.0000,-4.0000
wavmark,2,chinese:SSB0338,1,103,fwp,1,1.0000,-4.0000,-4.0000,4.5183,0.9996,40.36,nan,nan,-4.0000,-4.0000
wavmark,2,chinese:SSB0338,1,103,dm,1,1.0000,-4.0000,-4.0000,4.5183,0.9996,40.36,nan,nan,-4.0000,-4.0000
wavmark,2,chinese:SSB0338,1,103,tct,1,1.0000,-4.0000,-4.0000,4.5183,0.9996,40.36,nan,nan,-4.0000,-4.0000
wavmark,2,chinese:SSB0338,1,103,payload_farthest,1,1.0000,-4.0000,-4.0000,4.5183,0.9996,40.36,nan,nan,-4.0000,-4.0000
wavmark,2,chinese:SSB0338,2,104,single_copy,0,1.0000,-0.0000,1.0000,4.6439,1.0000,138.32,nan,nan,-3.0000,-3.0000
wavmark,2,chinese:SSB0338,2,104,mean,1,1.0000,-3.0000,-3.0000,4.5416,0.9998,42.40,nan,nan,-3.0000,-3.0000
wavmark,2,chinese:SSB0338,2,104,rp,1,1.0000,-3.0000,-3.0000,4.5416,0.9998,42.40,nan,nan,-3.0000,-3.0000
wavmark,2,chinese:SSB0338,2,104,random_dirichlet,0,1.0000,-0.0000,1.0000,4.4046,0.9995,38.12,nan,nan,-3.0000,-3.0000
wavmark,2,chinese:SSB0338,2,104,eep,1,1.0000,-3.0000,-3.0000,4.5416,0.9998,42.40,nan,nan,-3.0000,-3.0000
wavmark,2,chinese:SSB0338,2,104,fwp,1,1.0000,-3.0000,-3.0000,4.5416,0.9998,42.40,nan,nan,-3.0000,-3.0000
wavmark,2,chinese:SSB0338,2,104,dm,1,1.0000,-3.0000,-3.0000,4.5416,0.9998,42.40,nan,nan,-3.0000,-3.0000
wavmark,2,chinese:SSB0338,2,104,tct,1,1.0000,-3.0000,-3.0000,4.5416,0.9998,42.40,nan,nan,-3.0000,-3.0000
wavmark,2,chinese:SSB0338,2,104,payload_farthest,1,1.0000,-3.0000,-3.0000,4.5416,0.9998,42.40,nan,nan,-3.0000,-3.0000
wavmark,2,chinese:SSB0339,0,105,single_copy,0,1.0000,-0.0000,1.0000,4.6439,1.0000,136.49,nan,nan,-3.0000,-3.0000
wavmark,2,chinese:SSB0339,0,105,mean,1,1.0000,-3.0000,-3.0000,4.5725,0.9993,42.28,nan,nan,-3.0000,-3.0000
wavmark,2,chinese:SSB0339,0,105,rp,1,1.0000,-3.0000,-3.0000,4.5725,0.9993,42.28,nan,nan,-3.0000,-3.0000
wavmark,2,chinese:SSB0339,0,105,random_dirichlet,0,1.0000,-0.0000,1.0000,4.4348,0.9983,38.06,nan,nan,-3.0000,-3.0000
wavmark,2,chinese:SSB0339,0,105,eep,1,1.0000,-3.0000,-3.0000,4.5725,0.9993,42.28,nan,nan,-3.0000,-3.0000
wavmark,2,chinese:SSB0339,0,105,fwp,1,1.0000,-3.0000,-3.0000,4.5725,0.9993,42.28,nan,nan,-3.0000,-3.0000
wavmark,2,chinese:SSB0339,0,105,dm,1,1.0000,-3.0000,-3.0000,4.5725,0.9993,42.28,nan,nan,-3.0000,-3.0000
wavmark,2,chinese:SSB0339,0,105,tct,1,1.0000,-3.0000,-3.0000,4.5725,0.9993,42.28,nan,nan,-3.0000,-3.0000
wavmark,2,chinese:SSB0339,0,105,payload_farthest,1,1.0000,-3.0000,-3.0000,4.5725,0.9993,42.28,nan,nan,-3.0000,-3.0000
wavmark,2,chinese:SSB0339,1,106,single_copy,0,1.0000,-0.0000,1.0000,4.6439,1.0000,136.49,nan,nan,-2.0000,-2.0000
wavmark,2,chinese:SSB0339,1,106,mean,1,1.0000,-2.0000,-2.0000,4.5568,0.9996,42.34,nan,nan,-2.0000,-2.0000
wavmark,2,chinese:SSB0339,1,106,rp,1,1.0000,-2.0000,-2.0000,4.5568,0.9996,42.34,nan,nan,-2.0000,-2.0000
wavmark,2,chinese:SSB0339,1,106,random_dirichlet,0,1.0000,-0.0000,1.0000,4.6025,0.9998,45.70,nan,nan,-2.0000,-2.0000
wavmark,2,chinese:SSB0339,1,106,eep,1,1.0000,-2.0000,-2.0000,4.5568,0.9996,42.34,nan,nan,-2.0000,-2.0000
wavmark,2,chinese:SSB0339,1,106,fwp,1,1.0000,-2.0000,-2.0000,4.5568,0.9996,42.34,nan,nan,-2.0000,-2.0000
wavmark,2,chinese:SSB0339,1,106,dm,1,1.0000,-2.0000,-2.0000,4.5568,0.9996,42.34,nan,nan,-2.0000,-2.0000
wavmark,2,chinese:SSB0339,1,106,tct,1,1.0000,-2.0000,-2.0000,4.5568,0.9996,42.34,nan,nan,-2.0000,-2.0000
wavmark,2,chinese:SSB0339,1,106,payload_farthest,1,1.0000,-2.0000,-2.0000,4.5568,0.9996,42.34,nan,nan,-2.0000,-2.0000
wavmark,2,chinese:SSB0339,2,107,single_copy,0,1.0000,-0.0000,1.0000,4.6439,1.0000,136.49,nan,nan,-2.0000,-2.0000
wavmark,2,chinese:SSB0339,2,107,mean,1,1.0000,-2.0000,-2.0000,4.5110,0.9994,43.20,nan,nan,-2.0000,-2.0000
wavmark,2,chinese:SSB0339,2,107,rp,1,1.0000,-2.0000,-2.0000,4.5110,0.9994,43.20,nan,nan,-2.0000,-2.0000
wavmark,2,chinese:SSB0339,2,107,random_dirichlet,1,1.0000,-2.0000,-2.0000,4.5370,0.9996,44.25,nan,nan,-2.0000,-2.0000
wavmark,2,chinese:SSB0339,2,107,eep,1,1.0000,-2.0000,-2.0000,4.5110,0.9994,43.20,nan,nan,-2.0000,-2.0000
wavmark,2,chinese:SSB0339,2,107,fwp,1,1.0000,-2.0000,-2.0000,4.5110,0.9994,43.20,nan,nan,-2.0000,-2.0000
wavmark,2,chinese:SSB0339,2,107,dm,1,1.0000,-2.0000,-2.0000,4.5110,0.9994,43.20,nan,nan,-2.0000,-2.0000
wavmark,2,chinese:SSB0339,2,107,tct,1,1.0000,-2.0000,-2.0000,4.5110,0.9994,43.20,nan,nan,-2.0000,-2.0000
wavmark,2,chinese:SSB0339,2,107,payload_farthest,1,1.0000,-2.0000,-2.0000,4.5110,0.9994,43.20,nan,nan,-2.0000,-2.0000
wavmark,2,chinese:SSB0341,0,108,single_copy,0,1.0000,-0.0000,1.0000,4.6439,1.0000,145.79,nan,nan,-3.0000,-3.0000
wavmark,2,chinese:SSB0341,0,108,mean,1,1.0000,-3.0000,-3.0000,4.4647,0.9992,44.18,nan,nan,-3.0000,-3.0000
wavmark,2,chinese:SSB0341,0,108,rp,1,1.0000,-3.0000,-3.0000,4.4647,0.9992,44.18,nan,nan,-3.0000,-3.0000
wavmark,2,chinese:SSB0341,0,108,random_dirichlet,0,1.0000,-0.0000,1.0000,4.6285,1.0000,60.23,nan,nan,-3.0000,-3.0000
wavmark,2,chinese:SSB0341,0,108,eep,1,1.0000,-3.0000,-3.0000,4.4647,0.9992,44.18,nan,nan,-3.0000,-3.0000
wavmark,2,chinese:SSB0341,0,108,fwp,1,1.0000,-3.0000,-3.0000,4.4647,0.9992,44.18,nan,nan,-3.0000,-3.0000
wavmark,2,chinese:SSB0341,0,108,dm,1,1.0000,-3.0000,-3.0000,4.4647,0.9992,44.18,nan,nan,-3.0000,-3.0000
wavmark,2,chinese:SSB0341,0,108,tct,1,1.0000,-3.0000,-3.0000,4.4647,0.9992,44.18,nan,nan,-3.0000,-3.0000
wavmark,2,chinese:SSB0341,0,108,payload_farthest,1,1.0000,-3.0000,-3.0000,4.4647,0.9992,44.18,nan,nan,-3.0000,-3.0000
wavmark,2,chinese:SSB0341,1,109,single_copy,0,1.0000,-0.0000,1.0000,4.6439,1.0000,145.79,nan,nan,-3.0000,-3.0000
wavmark,2,chinese:SSB0341,1,109,mean,1,1.0000,-3.0000,-3.0000,4.4540,0.9997,46.14,nan,nan,-3.0000,-3.0000
wavmark,2,chinese:SSB0341,1,109,rp,1,1.0000,-3.0000,-3.0000,4.4540,0.9997,46.14,nan,nan,-3.0000,-3.0000
wavmark,2,chinese:SSB0341,1,109,random_dirichlet,1,1.0000,-3.0000,-3.0000,4.4172,0.9995,44.74,nan,nan,-3.0000,-3.0000
wavmark,2,chinese:SSB0341,1,109,eep,1,1.0000,-3.0000,-3.0000,4.4540,0.9997,46.14,nan,nan,-3.0000,-3.0000
wavmark,2,chinese:SSB0341,1,109,fwp,1,1.0000,-3.0000,-3.0000,4.4540,0.9997,46.14,nan,nan,-3.0000,-3.0000
wavmark,2,chinese:SSB0341,1,109,dm,1,1.0000,-3.0000,-3.0000,4.4540,0.9997,46.14,nan,nan,-3.0000,-3.0000
wavmark,2,chinese:SSB0341,1,109,tct,1,1.0000,-3.0000,-3.0000,4.4540,0.9997,46.14,nan,nan,-3.0000,-3.0000
wavmark,2,chinese:SSB0341,1,109,payload_farthest,1,1.0000,-3.0000,-3.0000,4.4540,0.9997,46.14,nan,nan,-3.0000,-3.0000
wavmark,2,chinese:SSB0341,2,110,single_copy,0,1.0000,-0.0000,1.0000,4.6439,1.0000,145.79,nan,nan,-5.0000,-5.0000
wavmark,2,chinese:SSB0341,2,110,mean,1,1.0000,-5.0000,-5.0000,4.4845,0.9996,44.72,nan,nan,-5.0000,-5.0000
wavmark,2,chinese:SSB0341,2,110,rp,1,1.0000,-5.0000,-5.0000,4.4845,0.9996,44.72,nan,nan,-5.0000,-5.0000
wavmark,2,chinese:SSB0341,2,110,random_dirichlet,1,1.0000,-5.0000,-5.0000,4.4872,0.9996,44.83,nan,nan,-5.0000,-5.0000
wavmark,2,chinese:SSB0341,2,110,eep,1,1.0000,-5.0000,-5.0000,4.4845,0.9996,44.72,nan,nan,-5.0000,-5.0000
wavmark,2,chinese:SSB0341,2,110,fwp,1,1.0000,-5.0000,-5.0000,4.4845,0.9996,44.72,nan,nan,-5.0000,-5.0000
wavmark,2,chinese:SSB0341,2,110,dm,1,1.0000,-5.0000,-5.0000,4.4845,0.9996,44.72,nan,nan,-5.0000,-5.0000
wavmark,2,chinese:SSB0341,2,110,tct,1,1.0000,-5.0000,-5.0000,4.4845,0.9996,44.72,nan,nan,-5.0000,-5.0000
wavmark,2,chinese:SSB0341,2,110,payload_farthest,1,1.0000,-5.0000,-5.0000,4.4845,0.9996,44.72,nan,nan,-5.0000,-5.0000
wavmark,2,chinese:SSB0342,0,111,single_copy,0,1.0000,-0.0000,1.0000,4.6439,1.0000,141.19,nan,nan,-3.0000,-3.0000
wavmark,2,chinese:SSB0342,0,111,mean,1,1.0000,-3.0000,-3.0000,4.5086,0.9989,43.83,nan,nan,-3.0000,-3.0000
wavmark,2,chinese:SSB0342,0,111,rp,1,1.0000,-3.0000,-3.0000,4.5086,0.9989,43.83,nan,nan,-3.0000,-3.0000
wavmark,2,chinese:SSB0342,0,111,random_dirichlet,0,1.0000,-0.0000,1.0000,4.3365,0.9968,39.10,nan,nan,-3.0000,-3.0000
wavmark,2,chinese:SSB0342,0,111,eep,1,1.0000,-3.0000,-3.0000,4.5086,0.9989,43.83,nan,nan,-3.0000,-3.0000
wavmark,2,chinese:SSB0342,0,111,fwp,1,1.0000,-3.0000,-3.0000,4.5086,0.9989,43.83,nan,nan,-3.0000,-3.0000
wavmark,2,chinese:SSB0342,0,111,dm,1,1.0000,-3.0000,-3.0000,4.5086,0.9989,43.83,nan,nan,-3.0000,-3.0000
wavmark,2,chinese:SSB0342,0,111,tct,1,1.0000,-3.0000,-3.0000,4.5086,0.9989,43.83,nan,nan,-3.0000,-3.0000
wavmark,2,chinese:SSB0342,0,111,payload_farthest,1,1.0000,-3.0000,-3.0000,4.5086,0.9989,43.83,nan,nan,-3.0000,-3.0000
wavmark,2,chinese:SSB0342,1,112,single_copy,0,1.0000,-0.0000,1.0000,4.6439,1.0000,141.19,nan,nan,-2.0000,-2.0000
wavmark,2,chinese:SSB0342,1,112,mean,1,1.0000,-2.0000,-2.0000,4.5826,0.9994,45.83,nan,nan,-2.0000,-2.0000
wavmark,2,chinese:SSB0342,1,112,rp,1,1.0000,-2.0000,-2.0000,4.5826,0.9994,45.83,nan,nan,-2.0000,-2.0000
wavmark,2,chinese:SSB0342,1,112,random_dirichlet,0,1.0000,-0.0000,1.0000,4.5520,0.9990,43.84,nan,nan,-2.0000,-2.0000
wavmark,2,chinese:SSB0342,1,112,eep,1,1.0000,-2.0000,-2.0000,4.5826,0.9994,45.83,nan,nan,-2.0000,-2.0000
wavmark,2,chinese:SSB0342,1,112,fwp,1,1.0000,-2.0000,-2.0000,4.5826,0.9994,45.83,nan,nan,-2.0000,-2.0000
wavmark,2,chinese:SSB0342,1,112,dm,1,1.0000,-2.0000,-2.0000,4.5826,0.9994,45.83,nan,nan,-2.0000,-2.0000
wavmark,2,chinese:SSB0342,1,112,tct,1,1.0000,-2.0000,-2.0000,4.5826,0.9994,45.83,nan,nan,-2.0000,-2.0000
wavmark,2,chinese:SSB0342,1,112,payload_farthest,1,1.0000,-2.0000,-2.0000,4.5826,0.9994,45.83,nan,nan,-2.0000,-2.0000
wavmark,2,chinese:SSB0342,2,113,single_copy,0,1.0000,-0.0000,1.0000,4.6439,1.0000,141.19,nan,nan,-4.0000,-4.0000
wavmark,2,chinese:SSB0342,2,113,mean,1,1.0000,-4.0000,-4.0000,4.5252,0.9993,44.38,nan,nan,-4.0000,-4.0000
wavmark,2,chinese:SSB0342,2,113,rp,1,1.0000,-4.0000,-4.0000,4.5252,0.9993,44.38,nan,nan,-4.0000,-4.0000
wavmark,2,chinese:SSB0342,2,113,random_dirichlet,1,1.0000,-3.0000,-3.0000,4.5505,0.9995,45.82,nan,nan,-4.0000,-4.0000
wavmark,2,chinese:SSB0342,2,113,eep,1,1.0000,-4.0000,-4.0000,4.5252,0.9993,44.38,nan,nan,-4.0000,-4.0000
wavmark,2,chinese:SSB0342,2,113,fwp,1,1.0000,-4.0000,-4.0000,4.5252,0.9993,44.38,nan,nan,-4.0000,-4.0000
wavmark,2,chinese:SSB0342,2,113,dm,1,1.0000,-4.0000,-4.0000,4.5252,0.9993,44.38,nan,nan,-4.0000,-4.0000
wavmark,2,chinese:SSB0342,2,113,tct,1,1.0000,-4.0000,-4.0000,4.5252,0.9993,44.38,nan,nan,-4.0000,-4.0000
wavmark,2,chinese:SSB0342,2,113,payload_farthest,1,1.0000,-4.0000,-4.0000,4.5252,0.9993,44.38,nan,nan,-4.0000,-4.0000
wavmark,2,chinese:SSB0354,0,114,single_copy,0,1.0000,-0.0000,1.0000,4.6439,1.0000,140.32,nan,nan,-4.0000,-4.0000
wavmark,2,chinese:SSB0354,0,114,mean,1,1.0000,-4.0000,-4.0000,4.4926,0.9988,45.51,nan,nan,-4.0000,-4.0000
wavmark,2,chinese:SSB0354,0,114,rp,1,1.0000,-4.0000,-4.0000,4.4926,0.9988,45.51,nan,nan,-4.0000,-4.0000
wavmark,2,chinese:SSB0354,0,114,random_dirichlet,1,1.0000,-4.0000,-4.0000,4.4832,0.9987,45.17,nan,nan,-4.0000,-4.0000
wavmark,2,chinese:SSB0354,0,114,eep,1,1.0000,-4.0000,-4.0000,4.4926,0.9988,45.51,nan,nan,-4.0000,-4.0000
wavmark,2,chinese:SSB0354,0,114,fwp,1,1.0000,-4.0000,-4.0000,4.4926,0.9988,45.51,nan,nan,-4.0000,-4.0000
wavmark,2,chinese:SSB0354,0,114,dm,1,1.0000,-4.0000,-4.0000,4.4926,0.9988,45.51,nan,nan,-4.0000,-4.0000
wavmark,2,chinese:SSB0354,0,114,tct,1,1.0000,-4.0000,-4.0000,4.4926,0.9988,45.51,nan,nan,-4.0000,-4.0000
wavmark,2,chinese:SSB0354,0,114,payload_farthest,1,1.0000,-4.0000,-4.0000,4.4926,0.9988,45.51,nan,nan,-4.0000,-4.0000
wavmark,2,chinese:SSB0354,1,115,single_copy,0,1.0000,-0.0000,1.0000,4.6439,1.0000,140.32,nan,nan,-1.0000,-1.0000
wavmark,2,chinese:SSB0354,1,115,mean,1,1.0000,-1.0000,-1.0000,4.3910,0.9980,44.26,nan,nan,-1.0000,-1.0000
wavmark,2,chinese:SSB0354,1,115,rp,1,1.0000,-1.0000,-1.0000,4.3910,0.9980,44.26,nan,nan,-1.0000,-1.0000
wavmark,2,chinese:SSB0354,1,115,random_dirichlet,0,1.0000,-0.0000,1.0000,4.2777,0.9970,42.40,nan,nan,-1.0000,-1.0000
wavmark,2,chinese:SSB0354,1,115,eep,1,1.0000,-1.0000,-1.0000,4.3910,0.9980,44.26,nan,nan,-1.0000,-1.0000
wavmark,2,chinese:SSB0354,1,115,fwp,1,1.0000,-1.0000,-1.0000,4.3910,0.9980,44.26,nan,nan,-1.0000,-1.0000
wavmark,2,chinese:SSB0354,1,115,dm,1,1.0000,-1.0000,-1.0000,4.3910,0.9980,44.26,nan,nan,-1.0000,-1.0000
wavmark,2,chinese:SSB0354,1,115,tct,1,1.0000,-1.0000,-1.0000,4.3910,0.9980,44.26,nan,nan,-1.0000,-1.0000
wavmark,2,chinese:SSB0354,1,115,payload_farthest,1,1.0000,-1.0000,-1.0000,4.3910,0.9980,44.26,nan,nan,-1.0000,-1.0000
wavmark,2,chinese:SSB0354,2,116,single_copy,0,1.0000,-0.0000,1.0000,4.6439,1.0000,140.32,nan,nan,-2.0000,-2.0000
wavmark,2,chinese:SSB0354,2,116,mean,1,1.0000,-2.0000,-2.0000,4.5563,0.9986,45.57,nan,nan,-2.0000,-2.0000
wavmark,2,chinese:SSB0354,2,116,rp,1,1.0000,-2.0000,-2.0000,4.5563,0.9986,45.57,nan,nan,-2.0000,-2.0000
wavmark,2,chinese:SSB0354,2,116,random_dirichlet,0,1.0000,-0.0000,1.0000,4.4559,0.9963,41.16,nan,nan,-2.0000,-2.0000
wavmark,2,chinese:SSB0354,2,116,eep,1,1.0000,-2.0000,-2.0000,4.5563,0.9986,45.57,nan,nan,-2.0000,-2.0000
wavmark,2,chinese:SSB0354,2,116,fwp,1,1.0000,-2.0000,-2.0000,4.5563,0.9986,45.57,nan,nan,-2.0000,-2.0000
wavmark,2,chinese:SSB0354,2,116,dm,1,1.0000,-2.0000,-2.0000,4.5563,0.9986,45.57,nan,nan,-2.0000,-2.0000
wavmark,2,chinese:SSB0354,2,116,tct,1,1.0000,-2.0000,-2.0000,4.5563,0.9986,45.57,nan,nan,-2.0000,-2.0000
wavmark,2,chinese:SSB0354,2,116,payload_farthest,1,1.0000,-2.0000,-2.0000,4.5563,0.9986,45.57,nan,nan,-2.0000,-2.0000
wavmark,2,chinese:SSB0366,0,117,single_copy,0,1.0000,-0.0000,1.0000,4.6439,1.0000,138.62,nan,nan,-1.0000,-1.0000
wavmark,2,chinese:SSB0366,0,117,mean,1,1.0000,-1.0000,-1.0000,4.5517,0.9984,42.54,nan,nan,-1.0000,-1.0000
wavmark,2,chinese:SSB0366,0,117,rp,1,1.0000,-1.0000,-1.0000,4.5517,0.9984,42.54,nan,nan,-1.0000,-1.0000
wavmark,2,chinese:SSB0366,0,117,random_dirichlet,1,1.0000,-1.0000,-1.0000,4.5499,0.9983,42.43,nan,nan,-1.0000,-1.0000
wavmark,2,chinese:SSB0366,0,117,eep,1,1.0000,-1.0000,-1.0000,4.5517,0.9984,42.54,nan,nan,-1.0000,-1.0000
wavmark,2,chinese:SSB0366,0,117,fwp,1,1.0000,-1.0000,-1.0000,4.5517,0.9984,42.54,nan,nan,-1.0000,-1.0000
wavmark,2,chinese:SSB0366,0,117,dm,1,1.0000,-1.0000,-1.0000,4.5517,0.9984,42.54,nan,nan,-1.0000,-1.0000
wavmark,2,chinese:SSB0366,0,117,tct,1,1.0000,-1.0000,-1.0000,4.5517,0.9984,42.54,nan,nan,-1.0000,-1.0000
wavmark,2,chinese:SSB0366,0,117,payload_farthest,1,1.0000,-1.0000,-1.0000,4.5517,0.9984,42.54,nan,nan,-1.0000,-1.0000
wavmark,2,chinese:SSB0366,1,118,single_copy,0,1.0000,-0.0000,1.0000,4.6439,1.0000,138.62,nan,nan,-1.0000,-1.0000
wavmark,2,chinese:SSB0366,1,118,mean,1,1.0000,-1.0000,-1.0000,4.5561,0.9987,44.78,nan,nan,-1.0000,-1.0000
wavmark,2,chinese:SSB0366,1,118,rp,1,1.0000,-1.0000,-1.0000,4.5561,0.9987,44.78,nan,nan,-1.0000,-1.0000
wavmark,2,chinese:SSB0366,1,118,random_dirichlet,0,1.0000,-0.0000,1.0000,4.3621,0.9954,38.78,nan,nan,-1.0000,-1.0000
wavmark,2,chinese:SSB0366,1,118,eep,1,1.0000,-1.0000,-1.0000,4.5561,0.9987,44.78,nan,nan,-1.0000,-1.0000
wavmark,2,chinese:SSB0366,1,118,fwp,1,1.0000,-1.0000,-1.0000,4.5561,0.9987,44.78,nan,nan,-1.0000,-1.0000
wavmark,2,chinese:SSB0366,1,118,dm,1,1.0000,-1.0000,-1.0000,4.5561,0.9987,44.78,nan,nan,-1.0000,-1.0000
wavmark,2,chinese:SSB0366,1,118,tct,1,1.0000,-1.0000,-1.0000,4.5561,0.9987,44.78,nan,nan,-1.0000,-1.0000
wavmark,2,chinese:SSB0366,1,118,payload_farthest,1,1.0000,-1.0000,-1.0000,4.5561,0.9987,44.78,nan,nan,-1.0000,-1.0000
wavmark,2,chinese:SSB0366,2,119,single_copy,0,1.0000,-0.0000,1.0000,4.6439,1.0000,138.62,nan,nan,-5.0000,-5.0000
wavmark,2,chinese:SSB0366,2,119,mean,1,1.0000,-5.0000,-5.0000,4.5388,0.9976,42.09,nan,nan,-5.0000,-5.0000
wavmark,2,chinese:SSB0366,2,119,rp,1,1.0000,-5.0000,-5.0000,4.5388,0.9976,42.09,nan,nan,-5.0000,-5.0000
wavmark,2,chinese:SSB0366,2,119,random_dirichlet,0,1.0000,-0.0000,1.0000,4.3143,0.9933,36.26,nan,nan,-5.0000,-5.0000
wavmark,2,chinese:SSB0366,2,119,eep,1,1.0000,-5.0000,-5.0000,4.5388,0.9976,42.09,nan,nan,-5.0000,-5.0000
wavmark,2,chinese:SSB0366,2,119,fwp,1,1.0000,-5.0000,-5.0000,4.5388,0.9976,42.09,nan,nan,-5.0000,-5.0000
wavmark,2,chinese:SSB0366,2,119,dm,1,1.0000,-5.0000,-5.0000,4.5388,0.9976,42.09,nan,nan,-5.0000,-5.0000
wavmark,2,chinese:SSB0366,2,119,tct,1,1.0000,-5.0000,-5.0000,4.5388,0.9976,42.09,nan,nan,-5.0000,-5.0000
wavmark,2,chinese:SSB0366,2,119,payload_farthest,1,1.0000,-5.0000,-5.0000,4.5388,0.9976,42.09,nan,nan,-5.0000,-5.0000
wavmark,2,chinese:SSB0375,0,120,single_copy,0,1.0000,-0.0000,1.0000,4.6439,1.0000,144.29,nan,nan,-3.0000,-3.0000
wavmark,2,chinese:SSB0375,0,120,mean,1,1.0000,-3.0000,-3.0000,4.5938,0.9999,44.85,nan,nan,-3.0000,-3.0000
wavmark,2,chinese:SSB0375,0,120,rp,1,1.0000,-3.0000,-3.0000,4.5938,0.9999,44.85,nan,nan,-3.0000,-3.0000
wavmark,2,chinese:SSB0375,0,120,random_dirichlet,0,1.0000,-0.0000,1.0000,4.6369,1.0000,54.84,nan,nan,-3.0000,-3.0000
wavmark,2,chinese:SSB0375,0,120,eep,1,1.0000,-3.0000,-3.0000,4.5938,0.9999,44.85,nan,nan,-3.0000,-3.0000
wavmark,2,chinese:SSB0375,0,120,fwp,1,1.0000,-3.0000,-3.0000,4.5938,0.9999,44.85,nan,nan,-3.0000,-3.0000
wavmark,2,chinese:SSB0375,0,120,dm,1,1.0000,-3.0000,-3.0000,4.5938,0.9999,44.85,nan,nan,-3.0000,-3.0000
wavmark,2,chinese:SSB0375,0,120,tct,1,1.0000,-3.0000,-3.0000,4.5938,0.9999,44.85,nan,nan,-3.0000,-3.0000
wavmark,2,chinese:SSB0375,0,120,payload_farthest,1,1.0000,-3.0000,-3.0000,4.5938,0.9999,44.85,nan,nan,-3.0000,-3.0000
wavmark,2,chinese:SSB0375,1,121,single_copy,0,1.0000,-0.0000,1.0000,4.6439,1.0000,144.29,nan,nan,-3.0000,-3.0000
wavmark,2,chinese:SSB0375,1,121,mean,1,1.0000,-3.0000,-3.0000,4.6028,0.9999,44.74,nan,nan,-3.0000,-3.0000
wavmark,2,chinese:SSB0375,1,121,rp,1,1.0000,-3.0000,-3.0000,4.6028,0.9999,44.74,nan,nan,-3.0000,-3.0000
wavmark,2,chinese:SSB0375,1,121,random_dirichlet,1,1.0000,-3.0000,-3.0000,4.6056,0.9999,45.04,nan,nan,-3.0000,-3.0000
wavmark,2,chinese:SSB0375,1,121,eep,1,1.0000,-3.0000,-3.0000,4.6028,0.9999,44.74,nan,nan,-3.0000,-3.0000
wavmark,2,chinese:SSB0375,1,121,fwp,1,1.0000,-3.0000,-3.0000,4.6028,0.9999,44.74,nan,nan,-3.0000,-3.0000
wavmark,2,chinese:SSB0375,1,121,dm,1,1.0000,-3.0000,-3.0000,4.6028,0.9999,44.74,nan,nan,-3.0000,-3.0000
wavmark,2,chinese:SSB0375,1,121,tct,1,1.0000,-3.0000,-3.0000,4.6028,0.9999,44.74,nan,nan,-3.0000,-3.0000
wavmark,2,chinese:SSB0375,1,121,payload_farthest,1,1.0000,-3.0000,-3.0000,4.6028,0.9999,44.74,nan,nan,-3.0000,-3.0000
wavmark,2,chinese:SSB0375,2,122,single_copy,0,1.0000,-0.0000,1.0000,4.6439,1.0000,144.29,nan,nan,1.0000,1.0000
wavmark,2,chinese:SSB0375,2,122,mean,0,1.0000,-0.0000,1.0000,4.5830,0.9999,46.66,nan,nan,1.0000,1.0000
wavmark,2,chinese:SSB0375,2,122,rp,0,1.0000,-0.0000,1.0000,4.5830,0.9999,46.66,nan,nan,1.0000,1.0000
wavmark,2,chinese:SSB0375,2,122,random_dirichlet,0,1.0000,-0.0000,1.0000,4.4501,0.9998,41.05,nan,nan,1.0000,1.0000
wavmark,2,chinese:SSB0375,2,122,eep,0,1.0000,-0.0000,1.0000,4.5830,0.9999,46.66,nan,nan,1.0000,1.0000
wavmark,2,chinese:SSB0375,2,122,fwp,0,1.0000,-0.0000,1.0000,4.5830,0.9999,46.66,nan,nan,1.0000,1.0000
wavmark,2,chinese:SSB0375,2,122,dm,0,1.0000,-0.0000,1.0000,4.5830,0.9999,46.66,nan,nan,1.0000,1.0000
wavmark,2,chinese:SSB0375,2,122,tct,0,1.0000,-0.0000,1.0000,4.5830,0.9999,46.66,nan,nan,1.0000,1.0000
wavmark,2,chinese:SSB0375,2,122,payload_farthest,0,1.0000,-0.0000,1.0000,4.5830,0.9999,46.66,nan,nan,1.0000,1.0000
wavmark,2,chinese:SSB0379,0,123,single_copy,0,1.0000,-0.0000,1.0000,4.6439,1.0000,139.82,nan,nan,-2.0000,-2.0000
wavmark,2,chinese:SSB0379,0,123,mean,1,1.0000,-2.0000,-2.0000,4.5710,0.9993,43.52,nan,nan,-2.0000,-2.0000
wavmark,2,chinese:SSB0379,0,123,rp,1,1.0000,-2.0000,-2.0000,4.5710,0.9993,43.52,nan,nan,-2.0000,-2.0000
wavmark,2,chinese:SSB0379,0,123,random_dirichlet,1,1.0000,-1.0000,-1.0000,4.5308,0.9987,40.92,nan,nan,-2.0000,-2.0000
wavmark,2,chinese:SSB0379,0,123,eep,1,1.0000,-2.0000,-2.0000,4.5710,0.9993,43.52,nan,nan,-2.0000,-2.0000
wavmark,2,chinese:SSB0379,0,123,fwp,1,1.0000,-2.0000,-2.0000,4.5710,0.9993,43.52,nan,nan,-2.0000,-2.0000
wavmark,2,chinese:SSB0379,0,123,dm,1,1.0000,-2.0000,-2.0000,4.5710,0.9993,43.52,nan,nan,-2.0000,-2.0000
wavmark,2,chinese:SSB0379,0,123,tct,1,1.0000,-2.0000,-2.0000,4.5710,0.9993,43.52,nan,nan,-2.0000,-2.0000
wavmark,2,chinese:SSB0379,0,123,payload_farthest,1,1.0000,-2.0000,-2.0000,4.5710,0.9993,43.52,nan,nan,-2.0000,-2.0000
wavmark,2,chinese:SSB0379,1,124,single_copy,0,1.0000,-0.0000,1.0000,4.6439,1.0000,139.82,nan,nan,-1.0000,-1.0000
wavmark,2,chinese:SSB0379,1,124,mean,1,1.0000,-1.0000,-1.0000,4.5785,0.9990,42.72,nan,nan,-1.0000,-1.0000
wavmark,2,chinese:SSB0379,1,124,rp,1,1.0000,-1.0000,-1.0000,4.5785,0.9990,42.72,nan,nan,-1.0000,-1.0000
wavmark,2,chinese:SSB0379,1,124,random_dirichlet,1,1.0000,-1.0000,-1.0000,4.5730,0.9989,42.28,nan,nan,-1.0000,-1.0000
wavmark,2,chinese:SSB0379,1,124,eep,1,1.0000,-1.0000,-1.0000,4.5785,0.9990,42.72,nan,nan,-1.0000,-1.0000
wavmark,2,chinese:SSB0379,1,124,fwp,1,1.0000,-1.0000,-1.0000,4.5785,0.9990,42.72,nan,nan,-1.0000,-1.0000
wavmark,2,chinese:SSB0379,1,124,dm,1,1.0000,-1.0000,-1.0000,4.5785,0.9990,42.72,nan,nan,-1.0000,-1.0000
wavmark,2,chinese:SSB0379,1,124,tct,1,1.0000,-1.0000,-1.0000,4.5785,0.9990,42.72,nan,nan,-1.0000,-1.0000
wavmark,2,chinese:SSB0379,1,124,payload_farthest,1,1.0000,-1.0000,-1.0000,4.5785,0.9990,42.72,nan,nan,-1.0000,-1.0000
wavmark,2,chinese:SSB0379,2,125,single_copy,0,1.0000,-0.0000,1.0000,4.6439,1.0000,139.82,nan,nan,-1.0000,-1.0000
wavmark,2,chinese:SSB0379,2,125,mean,1,1.0000,-1.0000,-1.0000,4.6127,0.9995,46.51,nan,nan,-1.0000,-1.0000
wavmark,2,chinese:SSB0379,2,125,rp,1,1.0000,-1.0000,-1.0000,4.6127,0.9995,46.51,nan,nan,-1.0000,-1.0000
wavmark,2,chinese:SSB0379,2,125,random_dirichlet,0,1.0000,-0.0000,1.0000,4.6415,1.0000,57.46,nan,nan,-1.0000,-1.0000
wavmark,2,chinese:SSB0379,2,125,eep,1,1.0000,-1.0000,-1.0000,4.6127,0.9995,46.51,nan,nan,-1.0000,-1.0000
wavmark,2,chinese:SSB0379,2,125,fwp,1,1.0000,-1.0000,-1.0000,4.6127,0.9995,46.51,nan,nan,-1.0000,-1.0000
wavmark,2,chinese:SSB0379,2,125,dm,1,1.0000,-1.0000,-1.0000,4.6127,0.9995,46.51,nan,nan,-1.0000,-1.0000
wavmark,2,chinese:SSB0379,2,125,tct,1,1.0000,-1.0000,-1.0000,4.6127,0.9995,46.51,nan,nan,-1.0000,-1.0000
wavmark,2,chinese:SSB0379,2,125,payload_farthest,1,1.0000,-1.0000,-1.0000,4.6127,0.9995,46.51,nan,nan,-1.0000,-1.0000
wavmark,2,chinese:SSB0380,0,126,single_copy,0,1.0000,-0.0000,1.0000,4.6439,1.0000,136.67,nan,nan,-1.0000,-1.0000
wavmark,2,chinese:SSB0380,0,126,mean,1,1.0000,-1.0000,-1.0000,4.5377,0.9986,40.80,nan,nan,-1.0000,-1.0000
wavmark,2,chinese:SSB0380,0,126,rp,1,1.0000,-1.0000,-1.0000,4.5377,0.9986,40.80,nan,nan,-1.0000,-1.0000
wavmark,2,chinese:SSB0380,0,126,random_dirichlet,0,1.0000,-0.0000,1.0000,4.3190,0.9955,35.35,nan,nan,-1.0000,-1.0000
wavmark,2,chinese:SSB0380,0,126,eep,1,1.0000,-1.0000,-1.0000,4.5377,0.9986,40.80,nan,nan,-1.0000,-1.0000
wavmark,2,chinese:SSB0380,0,126,fwp,1,1.0000,-1.0000,-1.0000,4.5377,0.9986,40.80,nan,nan,-1.0000,-1.0000
wavmark,2,chinese:SSB0380,0,126,dm,1,1.0000,-1.0000,-1.0000,4.5377,0.9986,40.80,nan,nan,-1.0000,-1.0000
wavmark,2,chinese:SSB0380,0,126,tct,1,1.0000,-1.0000,-1.0000,4.5377,0.9986,40.80,nan,nan,-1.0000,-1.0000
wavmark,2,chinese:SSB0380,0,126,payload_farthest,1,1.0000,-1.0000,-1.0000,4.5377,0.9986,40.80,nan,nan,-1.0000,-1.0000
wavmark,2,chinese:SSB0380,1,127,single_copy,0,1.0000,-0.0000,1.0000,4.6439,1.0000,136.67,nan,nan,-1.0000,-1.0000
wavmark,2,chinese:SSB0380,1,127,mean,1,1.0000,-1.0000,-1.0000,4.5476,0.9990,41.48,nan,nan,-1.0000,-1.0000
wavmark,2,chinese:SSB0380,1,127,rp,1,1.0000,-1.0000,-1.0000,4.5476,0.9990,41.48,nan,nan,-1.0000,-1.0000
wavmark,2,chinese:SSB0380,1,127,random_dirichlet,1,1.0000,-1.0000,-1.0000,4.5932,0.9995,44.40,nan,nan,-1.0000,-1.0000
wavmark,2,chinese:SSB0380,1,127,eep,1,1.0000,-1.0000,-1.0000,4.5476,0.9990,41.48,nan,nan,-1.0000,-1.0000
wavmark,2,chinese:SSB0380,1,127,fwp,1,1.0000,-1.0000,-1.0000,4.5476,0.9990,41.48,nan,nan,-1.0000,-1.0000
wavmark,2,chinese:SSB0380,1,127,dm,1,1.0000,-1.0000,-1.0000,4.5476,0.9990,41.48,nan,nan,-1.0000,-1.0000
wavmark,2,chinese:SSB0380,1,127,tct,1,1.0000,-1.0000,-1.0000,4.5476,0.9990,41.48,nan,nan,-1.0000,-1.0000
wavmark,2,chinese:SSB0380,1,127,payload_farthest,1,1.0000,-1.0000,-1.0000,4.5476,0.9990,41.48,nan,nan,-1.0000,-1.0000
wavmark,2,chinese:SSB0380,2,128,single_copy,0,1.0000,-0.0000,1.0000,4.6439,1.0000,136.67,nan,nan,-4.0000,-4.0000
wavmark,2,chinese:SSB0380,2,128,mean,1,1.0000,-4.0000,-4.0000,4.5653,0.9993,41.18,nan,nan,-4.0000,-4.0000
wavmark,2,chinese:SSB0380,2,128,rp,1,1.0000,-4.0000,-4.0000,4.5653,0.9993,41.18,nan,nan,-4.0000,-4.0000
wavmark,2,chinese:SSB0380,2,128,random_dirichlet,0,1.0000,-0.0000,1.0000,4.6434,1.0000,69.19,nan,nan,-4.0000,-4.0000
wavmark,2,chinese:SSB0380,2,128,eep,1,1.0000,-4.0000,-4.0000,4.5653,0.9993,41.18,nan,nan,-4.0000,-4.0000
wavmark,2,chinese:SSB0380,2,128,fwp,1,1.0000,-4.0000,-4.0000,4.5653,0.9993,41.18,nan,nan,-4.0000,-4.0000
wavmark,2,chinese:SSB0380,2,128,dm,1,1.0000,-4.0000,-4.0000,4.5653,0.9993,41.18,nan,nan,-4.0000,-4.0000
wavmark,2,chinese:SSB0380,2,128,tct,1,1.0000,-4.0000,-4.0000,4.5653,0.9993,41.18,nan,nan,-4.0000,-4.0000
wavmark,2,chinese:SSB0380,2,128,payload_farthest,1,1.0000,-4.0000,-4.0000,4.5653,0.9993,41.18,nan,nan,-4.0000,-4.0000
wavmark,2,chinese:SSB0382,0,129,single_copy,0,1.0000,-0.0000,1.0000,4.6439,1.0000,140.66,nan,nan,-3.0000,-3.0000
wavmark,2,chinese:SSB0382,0,129,mean,1,1.0000,-3.0000,-3.0000,4.5821,0.9997,43.28,nan,nan,-3.0000,-3.0000
wavmark,2,chinese:SSB0382,0,129,rp,1,1.0000,-3.0000,-3.0000,4.5821,0.9997,43.28,nan,nan,-3.0000,-3.0000
wavmark,2,chinese:SSB0382,0,129,random_dirichlet,1,1.0000,-3.0000,-3.0000,4.5951,0.9998,44.42,nan,nan,-3.0000,-3.0000
wavmark,2,chinese:SSB0382,0,129,eep,1,1.0000,-3.0000,-3.0000,4.5821,0.9997,43.28,nan,nan,-3.0000,-3.0000
wavmark,2,chinese:SSB0382,0,129,fwp,1,1.0000,-3.0000,-3.0000,4.5821,0.9997,43.28,nan,nan,-3.0000,-3.0000
wavmark,2,chinese:SSB0382,0,129,dm,1,1.0000,-3.0000,-3.0000,4.5821,0.9997,43.28,nan,nan,-3.0000,-3.0000
wavmark,2,chinese:SSB0382,0,129,tct,1,1.0000,-3.0000,-3.0000,4.5821,0.9997,43.28,nan,nan,-3.0000,-3.0000
wavmark,2,chinese:SSB0382,0,129,payload_farthest,1,1.0000,-3.0000,-3.0000,4.5821,0.9997,43.28,nan,nan,-3.0000,-3.0000
wavmark,2,chinese:SSB0382,1,130,single_copy,0,1.0000,-0.0000,1.0000,4.6439,1.0000,140.66,nan,nan,-2.0000,-2.0000
wavmark,2,chinese:SSB0382,1,130,mean,1,1.0000,-2.0000,-2.0000,4.5805,0.9996,42.72,nan,nan,-2.0000,-2.0000
wavmark,2,chinese:SSB0382,1,130,rp,1,1.0000,-2.0000,-2.0000,4.5805,0.9996,42.72,nan,nan,-2.0000,-2.0000
wavmark,2,chinese:SSB0382,1,130,random_dirichlet,1,1.0000,-1.0000,-1.0000,4.5557,0.9994,40.81,nan,nan,-2.0000,-2.0000
wavmark,2,chinese:SSB0382,1,130,eep,1,1.0000,-2.0000,-2.0000,4.5805,0.9996,42.72,nan,nan,-2.0000,-2.0000
wavmark,2,chinese:SSB0382,1,130,fwp,1,1.0000,-2.0000,-2.0000,4.5805,0.9996,42.72,nan,nan,-2.0000,-2.0000
wavmark,2,chinese:SSB0382,1,130,dm,1,1.0000,-2.0000,-2.0000,4.5805,0.9996,42.72,nan,nan,-2.0000,-2.0000
wavmark,2,chinese:SSB0382,1,130,tct,1,1.0000,-2.0000,-2.0000,4.5805,0.9996,42.72,nan,nan,-2.0000,-2.0000
wavmark,2,chinese:SSB0382,1,130,payload_farthest,1,1.0000,-2.0000,-2.0000,4.5805,0.9996,42.72,nan,nan,-2.0000,-2.0000
wavmark,2,chinese:SSB0382,2,131,single_copy,0,1.0000,-0.0000,1.0000,4.6439,1.0000,140.66,nan,nan,-3.0000,-3.0000
wavmark,2,chinese:SSB0382,2,131,mean,1,1.0000,-3.0000,-3.0000,4.5863,0.9996,42.20,nan,nan,-3.0000,-3.0000
wavmark,2,chinese:SSB0382,2,131,rp,1,1.0000,-3.0000,-3.0000,4.5863,0.9996,42.20,nan,nan,-3.0000,-3.0000
wavmark,2,chinese:SSB0382,2,131,random_dirichlet,0,1.0000,-0.0000,1.0000,4.5272,0.9992,39.32,nan,nan,-3.0000,-3.0000
wavmark,2,chinese:SSB0382,2,131,eep,1,1.0000,-3.0000,-3.0000,4.5863,0.9996,42.20,nan,nan,-3.0000,-3.0000
wavmark,2,chinese:SSB0382,2,131,fwp,1,1.0000,-3.0000,-3.0000,4.5863,0.9996,42.20,nan,nan,-3.0000,-3.0000
wavmark,2,chinese:SSB0382,2,131,dm,1,1.0000,-3.0000,-3.0000,4.5863,0.9996,42.20,nan,nan,-3.0000,-3.0000
wavmark,2,chinese:SSB0382,2,131,tct,1,1.0000,-3.0000,-3.0000,4.5863,0.9996,42.20,nan,nan,-3.0000,-3.0000
wavmark,2,chinese:SSB0382,2,131,payload_farthest,1,1.0000,-3.0000,-3.0000,4.5863,0.9996,42.20,nan,nan,-3.0000,-3.0000
wavmark,2,chinese:SSB0385,0,132,single_copy,0,1.0000,-0.0000,1.0000,4.6439,1.0000,145.73,nan,nan,-3.0000,-3.0000
wavmark,2,chinese:SSB0385,0,132,mean,1,1.0000,-3.0000,-3.0000,4.5945,0.9996,43.97,nan,nan,-3.0000,-3.0000
wavmark,2,chinese:SSB0385,0,132,rp,1,1.0000,-3.0000,-3.0000,4.5945,0.9996,43.97,nan,nan,-3.0000,-3.0000
wavmark,2,chinese:SSB0385,0,132,random_dirichlet,1,1.0000,-2.0000,-2.0000,4.5754,0.9993,42.18,nan,nan,-3.0000,-3.0000
wavmark,2,chinese:SSB0385,0,132,eep,1,1.0000,-3.0000,-3.0000,4.5945,0.9996,43.97,nan,nan,-3.0000,-3.0000
wavmark,2,chinese:SSB0385,0,132,fwp,1,1.0000,-3.0000,-3.0000,4.5945,0.9996,43.97,nan,nan,-3.0000,-3.0000
wavmark,2,chinese:SSB0385,0,132,dm,1,1.0000,-3.0000,-3.0000,4.5945,0.9996,43.97,nan,nan,-3.0000,-3.0000
wavmark,2,chinese:SSB0385,0,132,tct,1,1.0000,-3.0000,-3.0000,4.5945,0.9996,43.97,nan,nan,-3.0000,-3.0000
wavmark,2,chinese:SSB0385,0,132,payload_farthest,1,1.0000,-3.0000,-3.0000,4.5945,0.9996,43.97,nan,nan,-3.0000,-3.0000
wavmark,2,chinese:SSB0385,1,133,single_copy,0,1.0000,-0.0000,1.0000,4.6439,1.0000,145.72,nan,nan,-1.0000,-1.0000
wavmark,2,chinese:SSB0385,1,133,mean,1,1.0000,-1.0000,-1.0000,4.6224,0.9999,49.21,nan,nan,-1.0000,-1.0000
wavmark,2,chinese:SSB0385,1,133,rp,1,1.0000,-1.0000,-1.0000,4.6224,0.9999,49.21,nan,nan,-1.0000,-1.0000
wavmark,2,chinese:SSB0385,1,133,random_dirichlet,0,1.0000,-0.0000,1.0000,4.5850,0.9996,44.11,nan,nan,-1.0000,-1.0000
wavmark,2,chinese:SSB0385,1,133,eep,1,1.0000,-1.0000,-1.0000,4.6224,0.9999,49.21,nan,nan,-1.0000,-1.0000
wavmark,2,chinese:SSB0385,1,133,fwp,1,1.0000,-1.0000,-1.0000,4.6224,0.9999,49.21,nan,nan,-1.0000,-1.0000
wavmark,2,chinese:SSB0385,1,133,dm,1,1.0000,-1.0000,-1.0000,4.6224,0.9999,49.21,nan,nan,-1.0000,-1.0000
wavmark,2,chinese:SSB0385,1,133,tct,1,1.0000,-1.0000,-1.0000,4.6224,0.9999,49.21,nan,nan,-1.0000,-1.0000
wavmark,2,chinese:SSB0385,1,133,payload_farthest,1,1.0000,-1.0000,-1.0000,4.6224,0.9999,49.21,nan,nan,-1.0000,-1.0000
wavmark,2,chinese:SSB0385,2,134,single_copy,0,1.0000,-0.0000,1.0000,4.6439,1.0000,145.72,nan,nan,-2.0000,-2.0000
wavmark,2,chinese:SSB0385,2,134,mean,1,1.0000,-2.0000,-2.0000,4.6153,0.9997,45.89,nan,nan,-2.0000,-2.0000
wavmark,2,chinese:SSB0385,2,134,rp,1,1.0000,-2.0000,-2.0000,4.6153,0.9997,45.89,nan,nan,-2.0000,-2.0000
wavmark,2,chinese:SSB0385,2,134,random_dirichlet,0,1.0000,-0.0000,1.0000,4.5707,0.9992,41.38,nan,nan,-2.0000,-2.0000
wavmark,2,chinese:SSB0385,2,134,eep,1,1.0000,-2.0000,-2.0000,4.6153,0.9997,45.89,nan,nan,-2.0000,-2.0000
wavmark,2,chinese:SSB0385,2,134,fwp,1,1.0000,-2.0000,-2.0000,4.6153,0.9997,45.89,nan,nan,-2.0000,-2.0000
wavmark,2,chinese:SSB0385,2,134,dm,1,1.0000,-2.0000,-2.0000,4.6153,0.9997,45.89,nan,nan,-2.0000,-2.0000
wavmark,2,chinese:SSB0385,2,134,tct,1,1.0000,-2.0000,-2.0000,4.6153,0.9997,45.89,nan,nan,-2.0000,-2.0000
wavmark,2,chinese:SSB0385,2,134,payload_farthest,1,1.0000,-2.0000,-2.0000,4.6153,0.9997,45.89,nan,nan,-2.0000,-2.0000
wavmark,2,chinese:SSB0393,0,135,single_copy,0,1.0000,-0.0000,1.0000,4.6439,1.0000,143.46,nan,nan,-4.0000,-4.0000
wavmark,2,chinese:SSB0393,0,135,mean,1,1.0000,-4.0000,-4.0000,4.5963,0.9999,44.11,nan,nan,-4.0000,-4.0000
wavmark,2,chinese:SSB0393,0,135,rp,1,1.0000,-4.0000,-4.0000,4.5963,0.9999,44.11,nan,nan,-4.0000,-4.0000
wavmark,2,chinese:SSB0393,0,135,random_dirichlet,1,1.0000,-3.0000,-3.0000,4.6052,0.9999,45.36,nan,nan,-4.0000,-4.0000
wavmark,2,chinese:SSB0393,0,135,eep,1,1.0000,-4.0000,-4.0000,4.5963,0.9999,44.11,nan,nan,-4.0000,-4.0000
wavmark,2,chinese:SSB0393,0,135,fwp,1,1.0000,-4.0000,-4.0000,4.5963,0.9999,44.11,nan,nan,-4.0000,-4.0000
wavmark,2,chinese:SSB0393,0,135,dm,1,1.0000,-4.0000,-4.0000,4.5963,0.9999,44.11,nan,nan,-4.0000,-4.0000
wavmark,2,chinese:SSB0393,0,135,tct,1,1.0000,-4.0000,-4.0000,4.5963,0.9999,44.11,nan,nan,-4.0000,-4.0000
wavmark,2,chinese:SSB0393,0,135,payload_farthest,1,1.0000,-4.0000,-4.0000,4.5963,0.9999,44.11,nan,nan,-4.0000,-4.0000
wavmark,2,chinese:SSB0393,1,136,single_copy,0,1.0000,-0.0000,1.0000,4.6439,1.0000,143.46,nan,nan,-4.0000,-4.0000
wavmark,2,chinese:SSB0393,1,136,mean,1,1.0000,-4.0000,-4.0000,4.5505,0.9998,43.95,nan,nan,-4.0000,-4.0000
wavmark,2,chinese:SSB0393,1,136,rp,1,1.0000,-4.0000,-4.0000,4.5505,0.9998,43.95,nan,nan,-4.0000,-4.0000
wavmark,2,chinese:SSB0393,1,136,random_dirichlet,0,1.0000,-0.0000,1.0000,4.4518,0.9995,39.79,nan,nan,-4.0000,-4.0000
wavmark,2,chinese:SSB0393,1,136,eep,1,1.0000,-4.0000,-4.0000,4.5505,0.9998,43.95,nan,nan,-4.0000,-4.0000
wavmark,2,chinese:SSB0393,1,136,fwp,1,1.0000,-4.0000,-4.0000,4.5505,0.9998,43.95,nan,nan,-4.0000,-4.0000
wavmark,2,chinese:SSB0393,1,136,dm,1,1.0000,-4.0000,-4.0000,4.5505,0.9998,43.95,nan,nan,-4.0000,-4.0000
wavmark,2,chinese:SSB0393,1,136,tct,1,1.0000,-4.0000,-4.0000,4.5505,0.9998,43.95,nan,nan,-4.0000,-4.0000
wavmark,2,chinese:SSB0393,1,136,payload_farthest,1,1.0000,-4.0000,-4.0000,4.5505,0.9998,43.95,nan,nan,-4.0000,-4.0000
wavmark,2,chinese:SSB0393,2,137,single_copy,0,1.0000,-0.0000,1.0000,4.6439,1.0000,143.46,nan,nan,-2.0000,-2.0000
wavmark,2,chinese:SSB0393,2,137,mean,1,1.0000,-2.0000,-2.0000,4.5635,0.9998,43.68,nan,nan,-2.0000,-2.0000
wavmark,2,chinese:SSB0393,2,137,rp,1,1.0000,-2.0000,-2.0000,4.5635,0.9998,43.68,nan,nan,-2.0000,-2.0000
wavmark,2,chinese:SSB0393,2,137,random_dirichlet,0,1.0000,-0.0000,1.0000,4.4779,0.9996,39.78,nan,nan,-2.0000,-2.0000
wavmark,2,chinese:SSB0393,2,137,eep,1,1.0000,-2.0000,-2.0000,4.5635,0.9998,43.68,nan,nan,-2.0000,-2.0000
wavmark,2,chinese:SSB0393,2,137,fwp,1,1.0000,-2.0000,-2.0000,4.5635,0.9998,43.68,nan,nan,-2.0000,-2.0000
wavmark,2,chinese:SSB0393,2,137,dm,1,1.0000,-2.0000,-2.0000,4.5635,0.9998,43.68,nan,nan,-2.0000,-2.0000
wavmark,2,chinese:SSB0393,2,137,tct,1,1.0000,-2.0000,-2.0000,4.5635,0.9998,43.68,nan,nan,-2.0000,-2.0000
wavmark,2,chinese:SSB0393,2,137,payload_farthest,1,1.0000,-2.0000,-2.0000,4.5635,0.9998,43.68,nan,nan,-2.0000,-2.0000
wavmark,2,chinese:SSB0394,0,138,single_copy,0,1.0000,-0.0000,1.0000,4.6439,1.0000,141.54,nan,nan,-3.0000,-3.0000
wavmark,2,chinese:SSB0394,0,138,mean,1,1.0000,-3.0000,-3.0000,4.5544,0.9981,43.98,nan,nan,-3.0000,-3.0000
wavmark,2,chinese:SSB0394,0,138,rp,1,1.0000,-3.0000,-3.0000,4.5544,0.9981,43.98,nan,nan,-3.0000,-3.0000
wavmark,2,chinese:SSB0394,0,138,random_dirichlet,0,1.0000,-0.0000,1.0000,4.6110,0.9996,50.14,nan,nan,-3.0000,-3.0000
wavmark,2,chinese:SSB0394,0,138,eep,1,1.0000,-3.0000,-3.0000,4.5544,0.9981,43.98,nan,nan,-3.0000,-3.0000
wavmark,2,chinese:SSB0394,0,138,fwp,1,1.0000,-3.0000,-3.0000,4.5544,0.9981,43.98,nan,nan,-3.0000,-3.0000
wavmark,2,chinese:SSB0394,0,138,dm,1,1.0000,-3.0000,-3.0000,4.5544,0.9981,43.98,nan,nan,-3.0000,-3.0000
wavmark,2,chinese:SSB0394,0,138,tct,1,1.0000,-3.0000,-3.0000,4.5544,0.9981,43.98,nan,nan,-3.0000,-3.0000
wavmark,2,chinese:SSB0394,0,138,payload_farthest,1,1.0000,-3.0000,-3.0000,4.5544,0.9981,43.98,nan,nan,-3.0000,-3.0000
wavmark,2,chinese:SSB0394,1,139,single_copy,0,1.0000,-0.0000,1.0000,4.6439,1.0000,141.54,nan,nan,-2.0000,-2.0000
wavmark,2,chinese:SSB0394,1,139,mean,1,1.0000,-2.0000,-2.0000,4.5768,0.9987,46.66,nan,nan,-2.0000,-2.0000
wavmark,2,chinese:SSB0394,1,139,rp,1,1.0000,-2.0000,-2.0000,4.5768,0.9987,46.66,nan,nan,-2.0000,-2.0000
wavmark,2,chinese:SSB0394,1,139,random_dirichlet,1,1.0000,-1.0000,-1.0000,4.5941,0.9992,48.56,nan,nan,-2.0000,-2.0000
wavmark,2,chinese:SSB0394,1,139,eep,1,1.0000,-2.0000,-2.0000,4.5768,0.9987,46.66,nan,nan,-2.0000,-2.0000
wavmark,2,chinese:SSB0394,1,139,fwp,1,1.0000,-2.0000,-2.0000,4.5768,0.9987,46.66,nan,nan,-2.0000,-2.0000
wavmark,2,chinese:SSB0394,1,139,dm,1,1.0000,-2.0000,-2.0000,4.5768,0.9987,46.66,nan,nan,-2.0000,-2.0000
wavmark,2,chinese:SSB0394,1,139,tct,1,1.0000,-2.0000,-2.0000,4.5768,0.9987,46.66,nan,nan,-2.0000,-2.0000
wavmark,2,chinese:SSB0394,1,139,payload_farthest,1,1.0000,-2.0000,-2.0000,4.5768,0.9987,46.66,nan,nan,-2.0000,-2.0000
wavmark,2,chinese:SSB0394,2,140,single_copy,0,1.0000,-0.0000,1.0000,4.6439,1.0000,141.54,nan,nan,-5.0000,-5.0000
wavmark,2,chinese:SSB0394,2,140,mean,1,1.0000,-5.0000,-5.0000,4.5251,0.9978,43.47,nan,nan,-5.0000,-5.0000
wavmark,2,chinese:SSB0394,2,140,rp,1,1.0000,-5.0000,-5.0000,4.5251,0.9978,43.47,nan,nan,-5.0000,-5.0000
wavmark,2,chinese:SSB0394,2,140,random_dirichlet,0,1.0000,-0.0000,1.0000,4.4461,0.9959,40.67,nan,nan,-5.0000,-5.0000
wavmark,2,chinese:SSB0394,2,140,eep,1,1.0000,-5.0000,-5.0000,4.5251,0.9978,43.47,nan,nan,-5.0000,-5.0000
wavmark,2,chinese:SSB0394,2,140,fwp,1,1.0000,-5.0000,-5.0000,4.5251,0.9978,43.47,nan,nan,-5.0000,-5.0000
wavmark,2,chinese:SSB0394,2,140,dm,1,1.0000,-5.0000,-5.0000,4.5251,0.9978,43.47,nan,nan,-5.0000,-5.0000
wavmark,2,chinese:SSB0394,2,140,tct,1,1.0000,-5.0000,-5.0000,4.5251,0.9978,43.47,nan,nan,-5.0000,-5.0000
wavmark,2,chinese:SSB0394,2,140,payload_farthest,1,1.0000,-5.0000,-5.0000,4.5251,0.9978,43.47,nan,nan,-5.0000,-5.0000
wavmark,2,chinese:SSB0395,0,141,single_copy,0,1.0000,-0.0000,1.0000,4.6439,1.0000,140.70,nan,nan,-2.0000,-2.0000
wavmark,2,chinese:SSB0395,0,141,mean,1,1.0000,-2.0000,-2.0000,4.5567,0.9967,46.03,nan,nan,-2.0000,-2.0000
wavmark,2,chinese:SSB0395,0,141,rp,1,1.0000,-2.0000,-2.0000,4.5567,0.9967,46.03,nan,nan,-2.0000,-2.0000
wavmark,2,chinese:SSB0395,0,141,random_dirichlet,0,1.0000,-0.0000,1.0000,4.3992,0.9896,40.43,nan,nan,-2.0000,-2.0000
wavmark,2,chinese:SSB0395,0,141,eep,1,1.0000,-2.0000,-2.0000,4.5567,0.9967,46.03,nan,nan,-2.0000,-2.0000
wavmark,2,chinese:SSB0395,0,141,fwp,1,1.0000,-2.0000,-2.0000,4.5567,0.9967,46.03,nan,nan,-2.0000,-2.0000
wavmark,2,chinese:SSB0395,0,141,dm,1,1.0000,-2.0000,-2.0000,4.5567,0.9967,46.03,nan,nan,-2.0000,-2.0000
wavmark,2,chinese:SSB0395,0,141,tct,1,1.0000,-2.0000,-2.0000,4.5567,0.9967,46.03,nan,nan,-2.0000,-2.0000
wavmark,2,chinese:SSB0395,0,141,payload_farthest,1,1.0000,-2.0000,-2.0000,4.5567,0.9967,46.03,nan,nan,-2.0000,-2.0000
wavmark,2,chinese:SSB0395,1,142,single_copy,0,1.0000,-0.0000,1.0000,4.6439,1.0000,140.70,nan,nan,-1.0000,-1.0000
wavmark,2,chinese:SSB0395,1,142,mean,1,1.0000,-1.0000,-1.0000,4.5256,0.9947,46.57,nan,nan,-1.0000,-1.0000
wavmark,2,chinese:SSB0395,1,142,rp,1,1.0000,-1.0000,-1.0000,4.5256,0.9947,46.57,nan,nan,-1.0000,-1.0000
wavmark,2,chinese:SSB0395,1,142,random_dirichlet,0,1.0000,-0.0000,1.0000,4.3991,0.9889,41.94,nan,nan,-1.0000,-1.0000
wavmark,2,chinese:SSB0395,1,142,eep,1,1.0000,-1.0000,-1.0000,4.5256,0.9947,46.57,nan,nan,-1.0000,-1.0000
wavmark,2,chinese:SSB0395,1,142,fwp,1,1.0000,-1.0000,-1.0000,4.5256,0.9947,46.57,nan,nan,-1.0000,-1.0000
wavmark,2,chinese:SSB0395,1,142,dm,1,1.0000,-1.0000,-1.0000,4.5256,0.9947,46.57,nan,nan,-1.0000,-1.0000
wavmark,2,chinese:SSB0395,1,142,tct,1,1.0000,-1.0000,-1.0000,4.5256,0.9947,46.57,nan,nan,-1.0000,-1.0000
wavmark,2,chinese:SSB0395,1,142,payload_farthest,1,1.0000,-1.0000,-1.0000,4.5256,0.9947,46.57,nan,nan,-1.0000,-1.0000
wavmark,2,chinese:SSB0395,2,143,single_copy,0,1.0000,-0.0000,1.0000,4.6439,1.0000,140.70,nan,nan,-2.0000,-2.0000
wavmark,2,chinese:SSB0395,2,143,mean,1,1.0000,-2.0000,-2.0000,4.5458,0.9948,44.80,nan,nan,-2.0000,-2.0000
wavmark,2,chinese:SSB0395,2,143,rp,1,1.0000,-2.0000,-2.0000,4.5458,0.9948,44.80,nan,nan,-2.0000,-2.0000
wavmark,2,chinese:SSB0395,2,143,random_dirichlet,1,1.0000,-1.0000,-1.0000,4.5096,0.9928,43.26,nan,nan,-2.0000,-2.0000
wavmark,2,chinese:SSB0395,2,143,eep,1,1.0000,-2.0000,-2.0000,4.5458,0.9948,44.80,nan,nan,-2.0000,-2.0000
wavmark,2,chinese:SSB0395,2,143,fwp,1,1.0000,-2.0000,-2.0000,4.5458,0.9948,44.80,nan,nan,-2.0000,-2.0000
wavmark,2,chinese:SSB0395,2,143,dm,1,1.0000,-2.0000,-2.0000,4.5458,0.9948,44.80,nan,nan,-2.0000,-2.0000
wavmark,2,chinese:SSB0395,2,143,tct,1,1.0000,-2.0000,-2.0000,4.5458,0.9948,44.80,nan,nan,-2.0000,-2.0000
wavmark,2,chinese:SSB0395,2,143,payload_farthest,1,1.0000,-2.0000,-2.0000,4.5458,0.9948,44.80,nan,nan,-2.0000,-2.0000
wavmark,2,chinese:SSB0407,0,144,single_copy,0,1.0000,-0.0000,1.0000,4.6439,1.0000,142.33,nan,nan,-4.0000,-4.0000
wavmark,2,chinese:SSB0407,0,144,mean,1,1.0000,-4.0000,-4.0000,4.5258,0.9996,44.78,nan,nan,-4.0000,-4.0000
wavmark,2,chinese:SSB0407,0,144,rp,1,1.0000,-4.0000,-4.0000,4.5258,0.9996,44.78,nan,nan,-4.0000,-4.0000
wavmark,2,chinese:SSB0407,0,144,random_dirichlet,1,1.0000,-1.0000,-1.0000,4.4678,0.9994,42.48,nan,nan,-4.0000,-4.0000
wavmark,2,chinese:SSB0407,0,144,eep,1,1.0000,-4.0000,-4.0000,4.5258,0.9996,44.78,nan,nan,-4.0000,-4.0000
wavmark,2,chinese:SSB0407,0,144,fwp,1,1.0000,-4.0000,-4.0000,4.5258,0.9996,44.78,nan,nan,-4.0000,-4.0000
wavmark,2,chinese:SSB0407,0,144,dm,1,1.0000,-4.0000,-4.0000,4.5258,0.9996,44.78,nan,nan,-4.0000,-4.0000
wavmark,2,chinese:SSB0407,0,144,tct,1,1.0000,-4.0000,-4.0000,4.5258,0.9996,44.78,nan,nan,-4.0000,-4.0000
wavmark,2,chinese:SSB0407,0,144,payload_farthest,1,1.0000,-4.0000,-4.0000,4.5258,0.9996,44.78,nan,nan,-4.0000,-4.0000
wavmark,2,chinese:SSB0407,1,145,single_copy,0,1.0000,-0.0000,1.0000,4.6439,1.0000,142.33,nan,nan,-3.0000,-3.0000
wavmark,2,chinese:SSB0407,1,145,mean,1,1.0000,-3.0000,-3.0000,4.4704,0.9998,45.72,nan,nan,-3.0000,-3.0000
wavmark,2,chinese:SSB0407,1,145,rp,1,1.0000,-3.0000,-3.0000,4.4704,0.9998,45.72,nan,nan,-3.0000,-3.0000
wavmark,2,chinese:SSB0407,1,145,random_dirichlet,0,1.0000,-0.0000,1.0000,4.6027,1.0000,54.72,nan,nan,-3.0000,-3.0000
wavmark,2,chinese:SSB0407,1,145,eep,1,1.0000,-3.0000,-3.0000,4.4704,0.9998,45.72,nan,nan,-3.0000,-3.0000
wavmark,2,chinese:SSB0407,1,145,fwp,1,1.0000,-3.0000,-3.0000,4.4704,0.9998,45.72,nan,nan,-3.0000,-3.0000
wavmark,2,chinese:SSB0407,1,145,dm,1,1.0000,-3.0000,-3.0000,4.4704,0.9998,45.72,nan,nan,-3.0000,-3.0000
wavmark,2,chinese:SSB0407,1,145,tct,1,1.0000,-3.0000,-3.0000,4.4704,0.9998,45.72,nan,nan,-3.0000,-3.0000
wavmark,2,chinese:SSB0407,1,145,payload_farthest,1,1.0000,-3.0000,-3.0000,4.4704,0.9998,45.72,nan,nan,-3.0000,-3.0000
wavmark,2,chinese:SSB0407,2,146,single_copy,0,1.0000,-0.0000,1.0000,4.6439,1.0000,142.33,nan,nan,-5.0000,-5.0000
wavmark,2,chinese:SSB0407,2,146,mean,1,1.0000,-5.0000,-5.0000,4.5564,0.9997,44.57,nan,nan,-5.0000,-5.0000
wavmark,2,chinese:SSB0407,2,146,rp,1,1.0000,-5.0000,-5.0000,4.5564,0.9997,44.57,nan,nan,-5.0000,-5.0000
wavmark,2,chinese:SSB0407,2,146,random_dirichlet,1,1.0000,-5.0000,-5.0000,4.5552,0.9997,44.49,nan,nan,-5.0000,-5.0000
wavmark,2,chinese:SSB0407,2,146,eep,1,1.0000,-5.0000,-5.0000,4.5564,0.9997,44.57,nan,nan,-5.0000,-5.0000
wavmark,2,chinese:SSB0407,2,146,fwp,1,1.0000,-5.0000,-5.0000,4.5564,0.9997,44.57,nan,nan,-5.0000,-5.0000
wavmark,2,chinese:SSB0407,2,146,dm,1,1.0000,-5.0000,-5.0000,4.5564,0.9997,44.57,nan,nan,-5.0000,-5.0000
wavmark,2,chinese:SSB0407,2,146,tct,1,1.0000,-5.0000,-5.0000,4.5564,0.9997,44.57,nan,nan,-5.0000,-5.0000
wavmark,2,chinese:SSB0407,2,146,payload_farthest,1,1.0000,-5.0000,-5.0000,4.5564,0.9997,44.57,nan,nan,-5.0000,-5.0000
wavmark,2,chinese:SSB0415,0,147,single_copy,0,1.0000,-0.0000,1.0000,4.6439,1.0000,144.67,nan,nan,-3.0000,-3.0000
wavmark,2,chinese:SSB0415,0,147,mean,1,1.0000,-3.0000,-3.0000,4.6014,0.9998,45.61,nan,nan,-3.0000,-3.0000
wavmark,2,chinese:SSB0415,0,147,rp,1,1.0000,-3.0000,-3.0000,4.6014,0.9998,45.61,nan,nan,-3.0000,-3.0000
wavmark,2,chinese:SSB0415,0,147,random_dirichlet,0,1.0000,-0.0000,1.0000,4.6231,0.9999,50.42,nan,nan,-3.0000,-3.0000
wavmark,2,chinese:SSB0415,0,147,eep,1,1.0000,-3.0000,-3.0000,4.6014,0.9998,45.61,nan,nan,-3.0000,-3.0000
wavmark,2,chinese:SSB0415,0,147,fwp,1,1.0000,-3.0000,-3.0000,4.6014,0.9998,45.61,nan,nan,-3.0000,-3.0000
wavmark,2,chinese:SSB0415,0,147,dm,1,1.0000,-3.0000,-3.0000,4.6014,0.9998,45.61,nan,nan,-3.0000,-3.0000
wavmark,2,chinese:SSB0415,0,147,tct,1,1.0000,-3.0000,-3.0000,4.6014,0.9998,45.61,nan,nan,-3.0000,-3.0000
wavmark,2,chinese:SSB0415,0,147,payload_farthest,1,1.0000,-3.0000,-3.0000,4.6014,0.9998,45.61,nan,nan,-3.0000,-3.0000
wavmark,2,chinese:SSB0415,1,148,single_copy,0,1.0000,-0.0000,1.0000,4.6439,1.0000,144.67,nan,nan,-5.0000,-5.0000
wavmark,2,chinese:SSB0415,1,148,mean,1,1.0000,-5.0000,-5.0000,4.5876,0.9997,43.23,nan,nan,-5.0000,-5.0000
wavmark,2,chinese:SSB0415,1,148,rp,1,1.0000,-5.0000,-5.0000,4.5876,0.9997,43.23,nan,nan,-5.0000,-5.0000
wavmark,2,chinese:SSB0415,1,148,random_dirichlet,0,1.0000,-0.0000,1.0000,4.6241,0.9999,48.46,nan,nan,-5.0000,-5.0000
wavmark,2,chinese:SSB0415,1,148,eep,1,1.0000,-5.0000,-5.0000,4.5876,0.9997,43.23,nan,nan,-5.0000,-5.0000
wavmark,2,chinese:SSB0415,1,148,fwp,1,1.0000,-5.0000,-5.0000,4.5876,0.9997,43.23,nan,nan,-5.0000,-5.0000
wavmark,2,chinese:SSB0415,1,148,dm,1,1.0000,-5.0000,-5.0000,4.5876,0.9997,43.23,nan,nan,-5.0000,-5.0000
wavmark,2,chinese:SSB0415,1,148,tct,1,1.0000,-5.0000,-5.0000,4.5876,0.9997,43.23,nan,nan,-5.0000,-5.0000
wavmark,2,chinese:SSB0415,1,148,payload_farthest,1,1.0000,-5.0000,-5.0000,4.5876,0.9997,43.23,nan,nan,-5.0000,-5.0000
wavmark,2,chinese:SSB0415,2,149,single_copy,0,1.0000,-0.0000,1.0000,4.6439,1.0000,144.67,nan,nan,-2.0000,-2.0000
wavmark,2,chinese:SSB0415,2,149,mean,1,1.0000,-2.0000,-2.0000,4.5940,0.9997,44.97,nan,nan,-2.0000,-2.0000
wavmark,2,chinese:SSB0415,2,149,rp,1,1.0000,-2.0000,-2.0000,4.5940,0.9997,44.97,nan,nan,-2.0000,-2.0000
wavmark,2,chinese:SSB0415,2,149,random_dirichlet,0,1.0000,-0.0000,1.0000,4.5256,0.9995,42.43,nan,nan,-2.0000,-2.0000
wavmark,2,chinese:SSB0415,2,149,eep,1,1.0000,-2.0000,-2.0000,4.5940,0.9997,44.97,nan,nan,-2.0000,-2.0000
wavmark,2,chinese:SSB0415,2,149,fwp,1,1.0000,-2.0000,-2.0000,4.5940,0.9997,44.97,nan,nan,-2.0000,-2.0000
wavmark,2,chinese:SSB0415,2,149,dm,1,1.0000,-2.0000,-2.0000,4.5940,0.9997,44.97,nan,nan,-2.0000,-2.0000
wavmark,2,chinese:SSB0415,2,149,tct,1,1.0000,-2.0000,-2.0000,4.5940,0.9997,44.97,nan,nan,-2.0000,-2.0000
wavmark,2,chinese:SSB0415,2,149,payload_farthest,1,1.0000,-2.0000,-2.0000,4.5940,0.9997,44.97,nan,nan,-2.0000,-2.0000
wavmark,2,english:103,0,150,single_copy,0,1.0000,-0.0000,1.0000,4.6439,1.0000,139.27,nan,nan,-4.0000,-4.0000
wavmark,2,english:103,0,150,mean,1,1.0000,-4.0000,-4.0000,4.6223,0.9989,41.20,nan,nan,-4.0000,-4.0000
wavmark,2,english:103,0,150,rp,1,1.0000,-4.0000,-4.0000,4.6223,0.9989,41.20,nan,nan,-4.0000,-4.0000
wavmark,2,english:103,0,150,random_dirichlet,1,1.0000,-1.0000,-1.0000,4.6325,0.9993,43.51,nan,nan,-4.0000,-4.0000
wavmark,2,english:103,0,150,eep,1,1.0000,-4.0000,-4.0000,4.6223,0.9989,41.20,nan,nan,-4.0000,-4.0000
wavmark,2,english:103,0,150,fwp,1,1.0000,-4.0000,-4.0000,4.6223,0.9989,41.20,nan,nan,-4.0000,-4.0000
wavmark,2,english:103,0,150,dm,1,1.0000,-4.0000,-4.0000,4.6223,0.9989,41.20,nan,nan,-4.0000,-4.0000
wavmark,2,english:103,0,150,tct,1,1.0000,-4.0000,-4.0000,4.6223,0.9989,41.20,nan,nan,-4.0000,-4.0000
wavmark,2,english:103,0,150,payload_farthest,1,1.0000,-4.0000,-4.0000,4.6223,0.9989,41.20,nan,nan,-4.0000,-4.0000
wavmark,2,english:103,1,151,single_copy,0,1.0000,-0.0000,1.0000,4.6439,1.0000,139.27,nan,nan,-2.0000,-2.0000
wavmark,2,english:103,1,151,mean,1,1.0000,-2.0000,-2.0000,4.6258,0.9992,42.50,nan,nan,-2.0000,-2.0000
wavmark,2,english:103,1,151,rp,1,1.0000,-2.0000,-2.0000,4.6258,0.9992,42.50,nan,nan,-2.0000,-2.0000
wavmark,2,english:103,1,151,random_dirichlet,0,1.0000,-0.0000,1.0000,4.5856,0.9974,37.20,nan,nan,-2.0000,-2.0000
wavmark,2,english:103,1,151,eep,1,1.0000,-2.0000,-2.0000,4.6258,0.9992,42.50,nan,nan,-2.0000,-2.0000
wavmark,2,english:103,1,151,fwp,1,1.0000,-2.0000,-2.0000,4.6258,0.9992,42.50,nan,nan,-2.0000,-2.0000
wavmark,2,english:103,1,151,dm,1,1.0000,-2.0000,-2.0000,4.6258,0.9992,42.50,nan,nan,-2.0000,-2.0000
wavmark,2,english:103,1,151,tct,1,1.0000,-2.0000,-2.0000,4.6258,0.9992,42.50,nan,nan,-2.0000,-2.0000
wavmark,2,english:103,1,151,payload_farthest,1,1.0000,-2.0000,-2.0000,4.6258,0.9992,42.50,nan,nan,-2.0000,-2.0000
wavmark,2,english:103,2,152,single_copy,0,1.0000,-0.0000,1.0000,4.6439,1.0000,139.27,nan,nan,-4.0000,-4.0000
wavmark,2,english:103,2,152,mean,1,1.0000,-4.0000,-4.0000,4.6148,0.9983,40.10,nan,nan,-4.0000,-4.0000
wavmark,2,english:103,2,152,rp,1,1.0000,-4.0000,-4.0000,4.6148,0.9983,40.10,nan,nan,-4.0000,-4.0000
wavmark,2,english:103,2,152,random_dirichlet,1,1.0000,-1.0000,-1.0000,4.5936,0.9972,37.86,nan,nan,-4.0000,-4.0000
wavmark,2,english:103,2,152,eep,1,1.0000,-4.0000,-4.0000,4.6148,0.9983,40.10,nan,nan,-4.0000,-4.0000
wavmark,2,english:103,2,152,fwp,1,1.0000,-4.0000,-4.0000,4.6148,0.9983,40.10,nan,nan,-4.0000,-4.0000
wavmark,2,english:103,2,152,dm,1,1.0000,-4.0000,-4.0000,4.6148,0.9983,40.10,nan,nan,-4.0000,-4.0000
wavmark,2,english:103,2,152,tct,1,1.0000,-4.0000,-4.0000,4.6148,0.9983,40.10,nan,nan,-4.0000,-4.0000
wavmark,2,english:103,2,152,payload_farthest,1,1.0000,-4.0000,-4.0000,4.6148,0.9983,40.10,nan,nan,-4.0000,-4.0000
wavmark,2,english:1034,0,153,single_copy,0,1.0000,-0.0000,1.0000,4.6439,1.0000,149.39,nan,nan,-3.0000,-3.0000
wavmark,2,english:1034,0,153,mean,1,1.0000,-3.0000,-3.0000,4.5739,0.9902,45.89,nan,nan,-3.0000,-3.0000
wavmark,2,english:1034,0,153,rp,1,1.0000,-3.0000,-3.0000,4.5739,0.9902,45.89,nan,nan,-3.0000,-3.0000
wavmark,2,english:1034,0,153,random_dirichlet,1,1.0000,-4.0000,-4.0000,4.5796,0.9914,46.44,nan,nan,-3.0000,-3.0000
wavmark,2,english:1034,0,153,eep,1,1.0000,-3.0000,-3.0000,4.5739,0.9902,45.89,nan,nan,-3.0000,-3.0000
wavmark,2,english:1034,0,153,fwp,1,1.0000,-3.0000,-3.0000,4.5739,0.9902,45.89,nan,nan,-3.0000,-3.0000
wavmark,2,english:1034,0,153,dm,1,1.0000,-3.0000,-3.0000,4.5739,0.9902,45.89,nan,nan,-3.0000,-3.0000
wavmark,2,english:1034,0,153,tct,1,1.0000,-3.0000,-3.0000,4.5739,0.9902,45.89,nan,nan,-3.0000,-3.0000
wavmark,2,english:1034,0,153,payload_farthest,1,1.0000,-3.0000,-3.0000,4.5739,0.9902,45.89,nan,nan,-3.0000,-3.0000
wavmark,2,english:1034,1,154,single_copy,0,1.0000,-0.0000,1.0000,4.6439,1.0000,149.39,nan,nan,-5.0000,-5.0000
wavmark,2,english:1034,1,154,mean,1,1.0000,-5.0000,-5.0000,4.5478,0.9908,44.78,nan,nan,-5.0000,-5.0000
wavmark,2,english:1034,1,154,rp,1,1.0000,-5.0000,-5.0000,4.5478,0.9908,44.78,nan,nan,-5.0000,-5.0000
wavmark,2,english:1034,1,154,random_dirichlet,0,1.0000,-0.0000,1.0000,4.6056,0.9978,50.79,nan,nan,-5.0000,-5.0000
wavmark,2,english:1034,1,154,eep,1,1.0000,-5.0000,-5.0000,4.5478,0.9908,44.78,nan,nan,-5.0000,-5.0000
wavmark,2,english:1034,1,154,fwp,1,1.0000,-5.0000,-5.0000,4.5478,0.9908,44.78,nan,nan,-5.0000,-5.0000
wavmark,2,english:1034,1,154,dm,1,1.0000,-5.0000,-5.0000,4.5478,0.9908,44.78,nan,nan,-5.0000,-5.0000
wavmark,2,english:1034,1,154,tct,1,1.0000,-5.0000,-5.0000,4.5478,0.9908,44.78,nan,nan,-5.0000,-5.0000
wavmark,2,english:1034,1,154,payload_farthest,1,1.0000,-5.0000,-5.0000,4.5478,0.9908,44.78,nan,nan,-5.0000,-5.0000
wavmark,2,english:1034,2,155,single_copy,0,1.0000,-0.0000,1.0000,4.6439,1.0000,149.39,nan,nan,-4.0000,-4.0000
wavmark,2,english:1034,2,155,mean,1,1.0000,-4.0000,-4.0000,4.5422,0.9912,45.01,nan,nan,-4.0000,-4.0000
wavmark,2,english:1034,2,155,rp,1,1.0000,-4.0000,-4.0000,4.5422,0.9912,45.01,nan,nan,-4.0000,-4.0000
wavmark,2,english:1034,2,155,random_dirichlet,0,1.0000,-0.0000,1.0000,4.4320,0.9783,40.82,nan,nan,-4.0000,-4.0000
wavmark,2,english:1034,2,155,eep,1,1.0000,-4.0000,-4.0000,4.5422,0.9912,45.01,nan,nan,-4.0000,-4.0000
wavmark,2,english:1034,2,155,fwp,1,1.0000,-4.0000,-4.0000,4.5422,0.9912,45.01,nan,nan,-4.0000,-4.0000
wavmark,2,english:1034,2,155,dm,1,1.0000,-4.0000,-4.0000,4.5422,0.9912,45.01,nan,nan,-4.0000,-4.0000
wavmark,2,english:1034,2,155,tct,1,1.0000,-4.0000,-4.0000,4.5422,0.9912,45.01,nan,nan,-4.0000,-4.0000
wavmark,2,english:1034,2,155,payload_farthest,1,1.0000,-4.0000,-4.0000,4.5422,0.9912,45.01,nan,nan,-4.0000,-4.0000
wavmark,2,english:1040,0,156,single_copy,0,1.0000,-0.0000,1.0000,4.6439,1.0000,144.12,nan,nan,-4.0000,-4.0000
wavmark,2,english:1040,0,156,mean,1,1.0000,-4.0000,-4.0000,4.6221,0.9999,45.27,nan,nan,-4.0000,-4.0000
wavmark,2,english:1040,0,156,rp,1,1.0000,-4.0000,-4.0000,4.6221,0.9999,45.27,nan,nan,-4.0000,-4.0000
wavmark,2,english:1040,0,156,random_dirichlet,0,1.0000,-0.0000,1.0000,4.5571,0.9997,39.66,nan,nan,-4.0000,-4.0000
wavmark,2,english:1040,0,156,eep,1,1.0000,-4.0000,-4.0000,4.6221,0.9999,45.27,nan,nan,-4.0000,-4.0000
wavmark,2,english:1040,0,156,fwp,1,1.0000,-4.0000,-4.0000,4.6221,0.9999,45.27,nan,nan,-4.0000,-4.0000
wavmark,2,english:1040,0,156,dm,1,1.0000,-4.0000,-4.0000,4.6221,0.9999,45.27,nan,nan,-4.0000,-4.0000
wavmark,2,english:1040,0,156,tct,1,1.0000,-4.0000,-4.0000,4.6221,0.9999,45.27,nan,nan,-4.0000,-4.0000
wavmark,2,english:1040,0,156,payload_farthest,1,1.0000,-4.0000,-4.0000,4.6221,0.9999,45.27,nan,nan,-4.0000,-4.0000
wavmark,2,english:1040,1,157,single_copy,0,1.0000,-0.0000,1.0000,4.6439,1.0000,144.12,nan,nan,-2.0000,-2.0000
wavmark,2,english:1040,1,157,mean,1,1.0000,-2.0000,-2.0000,4.6220,0.9999,45.14,nan,nan,-2.0000,-2.0000
wavmark,2,english:1040,1,157,rp,1,1.0000,-2.0000,-2.0000,4.6220,0.9999,45.14,nan,nan,-2.0000,-2.0000
wavmark,2,english:1040,1,157,random_dirichlet,1,1.0000,-3.0000,-3.0000,4.6300,0.9999,46.72,nan,nan,-2.0000,-2.0000
wavmark,2,english:1040,1,157,eep,1,1.0000,-2.0000,-2.0000,4.6220,0.9999,45.14,nan,nan,-2.0000,-2.0000
wavmark,2,english:1040,1,157,fwp,1,1.0000,-2.0000,-2.0000,4.6220,0.9999,45.14,nan,nan,-2.0000,-2.0000
wavmark,2,english:1040,1,157,dm,1,1.0000,-2.0000,-2.0000,4.6220,0.9999,45.14,nan,nan,-2.0000,-2.0000
wavmark,2,english:1040,1,157,tct,1,1.0000,-2.0000,-2.0000,4.6220,0.9999,45.14,nan,nan,-2.0000,-2.0000
wavmark,2,english:1040,1,157,payload_farthest,1,1.0000,-2.0000,-2.0000,4.6220,0.9999,45.14,nan,nan,-2.0000,-2.0000
wavmark,2,english:1040,2,158,single_copy,0,1.0000,-0.0000,1.0000,4.6439,1.0000,144.12,nan,nan,-2.0000,-2.0000
wavmark,2,english:1040,2,158,mean,1,1.0000,-2.0000,-2.0000,4.6223,0.9999,46.47,nan,nan,-2.0000,-2.0000
wavmark,2,english:1040,2,158,rp,1,1.0000,-2.0000,-2.0000,4.6223,0.9999,46.47,nan,nan,-2.0000,-2.0000
wavmark,2,english:1040,2,158,random_dirichlet,0,1.0000,-0.0000,1.0000,4.6015,0.9999,42.59,nan,nan,-2.0000,-2.0000
wavmark,2,english:1040,2,158,eep,1,1.0000,-2.0000,-2.0000,4.6223,0.9999,46.47,nan,nan,-2.0000,-2.0000
wavmark,2,english:1040,2,158,fwp,1,1.0000,-2.0000,-2.0000,4.6223,0.9999,46.47,nan,nan,-2.0000,-2.0000
wavmark,2,english:1040,2,158,dm,1,1.0000,-2.0000,-2.0000,4.6223,0.9999,46.47,nan,nan,-2.0000,-2.0000
wavmark,2,english:1040,2,158,tct,1,1.0000,-2.0000,-2.0000,4.6223,0.9999,46.47,nan,nan,-2.0000,-2.0000
wavmark,2,english:1040,2,158,payload_farthest,1,1.0000,-2.0000,-2.0000,4.6223,0.9999,46.47,nan,nan,-2.0000,-2.0000
wavmark,2,english:1069,0,159,single_copy,0,1.0000,-0.0000,1.0000,4.6439,1.0000,149.25,nan,nan,-3.0000,-3.0000
wavmark,2,english:1069,0,159,mean,1,1.0000,-3.0000,-3.0000,4.5902,0.9997,46.10,nan,nan,-3.0000,-3.0000
wavmark,2,english:1069,0,159,rp,1,1.0000,-3.0000,-3.0000,4.5902,0.9997,46.10,nan,nan,-3.0000,-3.0000
wavmark,2,english:1069,0,159,random_dirichlet,0,1.0000,-0.0000,1.0000,4.5169,0.9993,41.70,nan,nan,-3.0000,-3.0000
wavmark,2,english:1069,0,159,eep,1,1.0000,-3.0000,-3.0000,4.5902,0.9997,46.10,nan,nan,-3.0000,-3.0000
wavmark,2,english:1069,0,159,fwp,1,1.0000,-3.0000,-3.0000,4.5902,0.9997,46.10,nan,nan,-3.0000,-3.0000
wavmark,2,english:1069,0,159,dm,1,1.0000,-3.0000,-3.0000,4.5902,0.9997,46.10,nan,nan,-3.0000,-3.0000
wavmark,2,english:1069,0,159,tct,1,1.0000,-3.0000,-3.0000,4.5902,0.9997,46.10,nan,nan,-3.0000,-3.0000
wavmark,2,english:1069,0,159,payload_farthest,1,1.0000,-3.0000,-3.0000,4.5902,0.9997,46.10,nan,nan,-3.0000,-3.0000
wavmark,2,english:1069,1,160,single_copy,0,1.0000,-0.0000,1.0000,4.6439,1.0000,149.25,nan,nan,-2.0000,-2.0000
wavmark,2,english:1069,1,160,mean,1,1.0000,-2.0000,-2.0000,4.5965,0.9998,46.88,nan,nan,-2.0000,-2.0000
wavmark,2,english:1069,1,160,rp,1,1.0000,-2.0000,-2.0000,4.5965,0.9998,46.88,nan,nan,-2.0000,-2.0000
wavmark,2,english:1069,1,160,random_dirichlet,1,1.0000,-2.0000,-2.0000,4.6028,0.9998,47.73,nan,nan,-2.0000,-2.0000
wavmark,2,english:1069,1,160,eep,1,1.0000,-2.0000,-2.0000,4.5965,0.9998,46.88,nan,nan,-2.0000,-2.0000
wavmark,2,english:1069,1,160,fwp,1,1.0000,-2.0000,-2.0000,4.5965,0.9998,46.88,nan,nan,-2.0000,-2.0000
wavmark,2,english:1069,1,160,dm,1,1.0000,-2.0000,-2.0000,4.5965,0.9998,46.88,nan,nan,-2.0000,-2.0000
wavmark,2,english:1069,1,160,tct,1,1.0000,-2.0000,-2.0000,4.5965,0.9998,46.88,nan,nan,-2.0000,-2.0000
wavmark,2,english:1069,1,160,payload_farthest,1,1.0000,-2.0000,-2.0000,4.5965,0.9998,46.88,nan,nan,-2.0000,-2.0000
wavmark,2,english:1069,2,161,single_copy,0,1.0000,-0.0000,1.0000,4.6439,1.0000,149.25,nan,nan,-3.0000,-3.0000
wavmark,2,english:1069,2,161,mean,1,1.0000,-3.0000,-3.0000,4.5950,0.9997,45.02,nan,nan,-3.0000,-3.0000
wavmark,2,english:1069,2,161,rp,1,1.0000,-3.0000,-3.0000,4.5950,0.9997,45.02,nan,nan,-3.0000,-3.0000
wavmark,2,english:1069,2,161,random_dirichlet,0,1.0000,-0.0000,1.0000,4.5435,0.9993,41.90,nan,nan,-3.0000,-3.0000
wavmark,2,english:1069,2,161,eep,1,1.0000,-3.0000,-3.0000,4.5950,0.9997,45.02,nan,nan,-3.0000,-3.0000
wavmark,2,english:1069,2,161,fwp,1,1.0000,-3.0000,-3.0000,4.5950,0.9997,45.02,nan,nan,-3.0000,-3.0000
wavmark,2,english:1069,2,161,dm,1,1.0000,-3.0000,-3.0000,4.5950,0.9997,45.02,nan,nan,-3.0000,-3.0000
wavmark,2,english:1069,2,161,tct,1,1.0000,-3.0000,-3.0000,4.5950,0.9997,45.02,nan,nan,-3.0000,-3.0000
wavmark,2,english:1069,2,161,payload_farthest,1,1.0000,-3.0000,-3.0000,4.5950,0.9997,45.02,nan,nan,-3.0000,-3.0000
wavmark,2,english:1081,0,162,single_copy,0,1.0000,-0.0000,1.0000,4.6439,1.0000,153.46,nan,nan,-3.0000,-3.0000
wavmark,2,english:1081,0,162,mean,1,1.0000,-3.0000,-3.0000,4.6128,0.9999,45.95,nan,nan,-3.0000,-3.0000
wavmark,2,english:1081,0,162,rp,1,1.0000,-3.0000,-3.0000,4.6128,0.9999,45.95,nan,nan,-3.0000,-3.0000
wavmark,2,english:1081,0,162,random_dirichlet,0,1.0000,-0.0000,1.0000,4.5815,0.9999,42.87,nan,nan,-3.0000,-3.0000
wavmark,2,english:1081,0,162,eep,1,1.0000,-3.0000,-3.0000,4.6128,0.9999,45.95,nan,nan,-3.0000,-3.0000
wavmark,2,english:1081,0,162,fwp,1,1.0000,-3.0000,-3.0000,4.6128,0.9999,45.95,nan,nan,-3.0000,-3.0000
wavmark,2,english:1081,0,162,dm,1,1.0000,-3.0000,-3.0000,4.6128,0.9999,45.95,nan,nan,-3.0000,-3.0000
wavmark,2,english:1081,0,162,tct,1,1.0000,-3.0000,-3.0000,4.6128,0.9999,45.95,nan,nan,-3.0000,-3.0000
wavmark,2,english:1081,0,162,payload_farthest,1,1.0000,-3.0000,-3.0000,4.6128,0.9999,45.95,nan,nan,-3.0000,-3.0000
wavmark,2,english:1081,1,163,single_copy,0,1.0000,-0.0000,1.0000,4.6439,1.0000,153.46,nan,nan,-4.0000,-4.0000
wavmark,2,english:1081,1,163,mean,1,1.0000,-4.0000,-4.0000,4.6122,0.9999,45.49,nan,nan,-4.0000,-4.0000
wavmark,2,english:1081,1,163,rp,1,1.0000,-4.0000,-4.0000,4.6122,0.9999,45.49,nan,nan,-4.0000,-4.0000
wavmark,2,english:1081,1,163,random_dirichlet,1,1.0000,-2.0000,-2.0000,4.6260,1.0000,47.77,nan,nan,-4.0000,-4.0000
wavmark,2,english:1081,1,163,eep,1,1.0000,-4.0000,-4.0000,4.6122,0.9999,45.49,nan,nan,-4.0000,-4.0000
wavmark,2,english:1081,1,163,fwp,1,1.0000,-4.0000,-4.0000,4.6122,0.9999,45.49,nan,nan,-4.0000,-4.0000
wavmark,2,english:1081,1,163,dm,1,1.0000,-4.0000,-4.0000,4.6122,0.9999,45.49,nan,nan,-4.0000,-4.0000
wavmark,2,english:1081,1,163,tct,1,1.0000,-4.0000,-4.0000,4.6122,0.9999,45.49,nan,nan,-4.0000,-4.0000
wavmark,2,english:1081,1,163,payload_farthest,1,1.0000,-4.0000,-4.0000,4.6122,0.9999,45.49,nan,nan,-4.0000,-4.0000
wavmark,2,english:1081,2,164,single_copy,0,1.0000,-0.0000,1.0000,4.6439,1.0000,153.46,nan,nan,-3.0000,-3.0000
wavmark,2,english:1081,2,164,mean,1,1.0000,-3.0000,-3.0000,4.6033,0.9999,46.44,nan,nan,-3.0000,-3.0000
wavmark,2,english:1081,2,164,rp,1,1.0000,-3.0000,-3.0000,4.6033,0.9999,46.44,nan,nan,-3.0000,-3.0000
wavmark,2,english:1081,2,164,random_dirichlet,0,1.0000,-0.0000,1.0000,4.5335,0.9998,41.83,nan,nan,-3.0000,-3.0000
wavmark,2,english:1081,2,164,eep,1,1.0000,-3.0000,-3.0000,4.6033,0.9999,46.44,nan,nan,-3.0000,-3.0000
wavmark,2,english:1081,2,164,fwp,1,1.0000,-3.0000,-3.0000,4.6033,0.9999,46.44,nan,nan,-3.0000,-3.0000
wavmark,2,english:1081,2,164,dm,1,1.0000,-3.0000,-3.0000,4.6033,0.9999,46.44,nan,nan,-3.0000,-3.0000
wavmark,2,english:1081,2,164,tct,1,1.0000,-3.0000,-3.0000,4.6033,0.9999,46.44,nan,nan,-3.0000,-3.0000
wavmark,2,english:1081,2,164,payload_farthest,1,1.0000,-3.0000,-3.0000,4.6033,0.9999,46.44,nan,nan,-3.0000,-3.0000
wavmark,2,english:1088,0,165,single_copy,0,1.0000,-0.0000,1.0000,4.6439,1.0000,148.14,nan,nan,-2.0000,-2.0000
wavmark,2,english:1088,0,165,mean,1,1.0000,-2.0000,-2.0000,4.5898,0.9998,46.32,nan,nan,-2.0000,-2.0000
wavmark,2,english:1088,0,165,rp,1,1.0000,-2.0000,-2.0000,4.5898,0.9998,46.32,nan,nan,-2.0000,-2.0000
wavmark,2,english:1088,0,165,random_dirichlet,1,1.0000,-1.0000,-1.0000,4.5635,0.9997,44.22,nan,nan,-2.0000,-2.0000
wavmark,2,english:1088,0,165,eep,1,1.0000,-2.0000,-2.0000,4.5898,0.9998,46.32,nan,nan,-2.0000,-2.0000
wavmark,2,english:1088,0,165,fwp,1,1.0000,-2.0000,-2.0000,4.5898,0.9998,46.32,nan,nan,-2.0000,-2.0000
wavmark,2,english:1088,0,165,dm,1,1.0000,-2.0000,-2.0000,4.5898,0.9998,46.32,nan,nan,-2.0000,-2.0000
wavmark,2,english:1088,0,165,tct,1,1.0000,-2.0000,-2.0000,4.5898,0.9998,46.32,nan,nan,-2.0000,-2.0000
wavmark,2,english:1088,0,165,payload_farthest,1,1.0000,-2.0000,-2.0000,4.5898,0.9998,46.32,nan,nan,-2.0000,-2.0000
wavmark,2,english:1088,1,166,single_copy,0,1.0000,-0.0000,1.0000,4.6439,1.0000,148.14,nan,nan,-6.0000,-6.0000
wavmark,2,english:1088,1,166,mean,1,1.0000,-6.0000,-6.0000,4.5879,0.9998,44.70,nan,nan,-6.0000,-6.0000
wavmark,2,english:1088,1,166,rp,1,1.0000,-6.0000,-6.0000,4.5879,0.9998,44.70,nan,nan,-6.0000,-6.0000
wavmark,2,english:1088,1,166,random_dirichlet,0,1.0000,-0.0000,1.0000,4.4494,0.9993,39.18,nan,nan,-6.0000,-6.0000
wavmark,2,english:1088,1,166,eep,1,1.0000,-6.0000,-6.0000,4.5879,0.9998,44.70,nan,nan,-6.0000,-6.0000
wavmark,2,english:1088,1,166,fwp,1,1.0000,-6.0000,-6.0000,4.5879,0.9998,44.70,nan,nan,-6.0000,-6.0000
wavmark,2,english:1088,1,166,dm,1,1.0000,-6.0000,-6.0000,4.5879,0.9998,44.70,nan,nan,-6.0000,-6.0000
wavmark,2,english:1088,1,166,tct,1,1.0000,-6.0000,-6.0000,4.5879,0.9998,44.70,nan,nan,-6.0000,-6.0000
wavmark,2,english:1088,1,166,payload_farthest,1,1.0000,-6.0000,-6.0000,4.5879,0.9998,44.70,nan,nan,-6.0000,-6.0000
wavmark,2,english:1088,2,167,single_copy,0,1.0000,-0.0000,1.0000,4.6439,1.0000,148.14,nan,nan,1.0000,1.0000
wavmark,2,english:1088,2,167,mean,0,1.0000,-0.0000,1.0000,4.6049,0.9998,46.14,nan,nan,1.0000,1.0000
wavmark,2,english:1088,2,167,rp,0,1.0000,-0.0000,1.0000,4.6049,0.9998,46.14,nan,nan,1.0000,1.0000
wavmark,2,english:1088,2,167,random_dirichlet,0,1.0000,-0.0000,1.0000,4.5957,0.9998,45.29,nan,nan,1.0000,1.0000
wavmark,2,english:1088,2,167,eep,0,1.0000,-0.0000,1.0000,4.6049,0.9998,46.14,nan,nan,1.0000,1.0000
wavmark,2,english:1088,2,167,fwp,0,1.0000,-0.0000,1.0000,4.6049,0.9998,46.14,nan,nan,1.0000,1.0000
wavmark,2,english:1088,2,167,dm,0,1.0000,-0.0000,1.0000,4.6049,0.9998,46.14,nan,nan,1.0000,1.0000
wavmark,2,english:1088,2,167,tct,0,1.0000,-0.0000,1.0000,4.6049,0.9998,46.14,nan,nan,1.0000,1.0000
wavmark,2,english:1088,2,167,payload_farthest,0,1.0000,-0.0000,1.0000,4.6049,0.9998,46.14,nan,nan,1.0000,1.0000
wavmark,2,english:1098,0,168,single_copy,0,1.0000,-0.0000,1.0000,4.6439,1.0000,148.75,nan,nan,-4.0000,-4.0000
wavmark,2,english:1098,0,168,mean,1,1.0000,-4.0000,-4.0000,4.6033,0.9999,45.44,nan,nan,-4.0000,-4.0000
wavmark,2,english:1098,0,168,rp,1,1.0000,-4.0000,-4.0000,4.6033,0.9999,45.44,nan,nan,-4.0000,-4.0000
wavmark,2,english:1098,0,168,random_dirichlet,1,1.0000,-4.0000,-4.0000,4.6062,0.9999,45.73,nan,nan,-4.0000,-4.0000
wavmark,2,english:1098,0,168,eep,1,1.0000,-4.0000,-4.0000,4.6033,0.9999,45.44,nan,nan,-4.0000,-4.0000
wavmark,2,english:1098,0,168,fwp,1,1.0000,-4.0000,-4.0000,4.6033,0.9999,45.44,nan,nan,-4.0000,-4.0000
wavmark,2,english:1098,0,168,dm,1,1.0000,-4.0000,-4.0000,4.6033,0.9999,45.44,nan,nan,-4.0000,-4.0000
wavmark,2,english:1098,0,168,tct,1,1.0000,-4.0000,-4.0000,4.6033,0.9999,45.44,nan,nan,-4.0000,-4.0000
wavmark,2,english:1098,0,168,payload_farthest,1,1.0000,-4.0000,-4.0000,4.6033,0.9999,45.44,nan,nan,-4.0000,-4.0000
wavmark,2,english:1098,1,169,single_copy,0,1.0000,-0.0000,1.0000,4.6439,1.0000,148.75,nan,nan,-4.0000,-4.0000
wavmark,2,english:1098,1,169,mean,1,1.0000,-4.0000,-4.0000,4.5940,0.9999,46.00,nan,nan,-4.0000,-4.0000
wavmark,2,english:1098,1,169,rp,1,1.0000,-4.0000,-4.0000,4.5940,0.9999,46.00,nan,nan,-4.0000,-4.0000
wavmark,2,english:1098,1,169,random_dirichlet,0,1.0000,-0.0000,1.0000,4.6361,1.0000,56.48,nan,nan,-4.0000,-4.0000
wavmark,2,english:1098,1,169,eep,1,1.0000,-4.0000,-4.0000,4.5940,0.9999,46.00,nan,nan,-4.0000,-4.0000
wavmark,2,english:1098,1,169,fwp,1,1.0000,-4.0000,-4.0000,4.5940,0.9999,46.00,nan,nan,-4.0000,-4.0000
wavmark,2,english:1098,1,169,dm,1,1.0000,-4.0000,-4.0000,4.5940,0.9999,46.00,nan,nan,-4.0000,-4.0000
wavmark,2,english:1098,1,169,tct,1,1.0000,-4.0000,-4.0000,4.5940,0.9999,46.00,nan,nan,-4.0000,-4.0000
wavmark,2,english:1098,1,169,payload_farthest,1,1.0000,-4.0000,-4.0000,4.5940,0.9999,46.00,nan,nan,-4.0000,-4.0000
wavmark,2,english:1098,2,170,single_copy,0,1.0000,-0.0000,1.0000,4.6439,1.0000,148.75,nan,nan,-4.0000,-4.0000
wavmark,2,english:1098,2,170,mean,1,1.0000,-4.0000,-4.0000,4.5909,0.9999,46.03,nan,nan,-4.0000,-4.0000
wavmark,2,english:1098,2,170,rp,1,1.0000,-4.0000,-4.0000,4.5909,0.9999,46.03,nan,nan,-4.0000,-4.0000
wavmark,2,english:1098,2,170,random_dirichlet,1,1.0000,-4.0000,-4.0000,4.5733,0.9999,44.46,nan,nan,-4.0000,-4.0000
wavmark,2,english:1098,2,170,eep,1,1.0000,-4.0000,-4.0000,4.5909,0.9999,46.03,nan,nan,-4.0000,-4.0000
wavmark,2,english:1098,2,170,fwp,1,1.0000,-4.0000,-4.0000,4.5909,0.9999,46.03,nan,nan,-4.0000,-4.0000
wavmark,2,english:1098,2,170,dm,1,1.0000,-4.0000,-4.0000,4.5909,0.9999,46.03,nan,nan,-4.0000,-4.0000
wavmark,2,english:1098,2,170,tct,1,1.0000,-4.0000,-4.0000,4.5909,0.9999,46.03,nan,nan,-4.0000,-4.0000
wavmark,2,english:1098,2,170,payload_farthest,1,1.0000,-4.0000,-4.0000,4.5909,0.9999,46.03,nan,nan,-4.0000,-4.0000
wavmark,2,english:1116,0,171,single_copy,0,1.0000,-0.0000,1.0000,4.6439,1.0000,142.57,nan,nan,-2.0000,-2.0000
wavmark,2,english:1116,0,171,mean,1,1.0000,-2.0000,-2.0000,4.5627,1.0000,41.39,nan,nan,-2.0000,-2.0000
wavmark,2,english:1116,0,171,rp,1,1.0000,-2.0000,-2.0000,4.5627,1.0000,41.39,nan,nan,-2.0000,-2.0000
wavmark,2,english:1116,0,171,random_dirichlet,0,1.0000,-0.0000,1.0000,4.6438,1.0000,83.69,nan,nan,-2.0000,-2.0000
wavmark,2,english:1116,0,171,eep,1,1.0000,-2.0000,-2.0000,4.5627,1.0000,41.39,nan,nan,-2.0000,-2.0000
wavmark,2,english:1116,0,171,fwp,1,1.0000,-2.0000,-2.0000,4.5627,1.0000,41.39,nan,nan,-2.0000,-2.0000
wavmark,2,english:1116,0,171,dm,1,1.0000,-2.0000,-2.0000,4.5627,1.0000,41.39,nan,nan,-2.0000,-2.0000
wavmark,2,english:1116,0,171,tct,1,1.0000,-2.0000,-2.0000,4.5627,1.0000,41.39,nan,nan,-2.0000,-2.0000
wavmark,2,english:1116,0,171,payload_farthest,1,1.0000,-2.0000,-2.0000,4.5627,1.0000,41.39,nan,nan,-2.0000,-2.0000
wavmark,2,english:1116,1,172,single_copy,0,1.0000,-0.0000,1.0000,4.6439,1.0000,142.57,nan,nan,-5.0000,-5.0000
wavmark,2,english:1116,1,172,mean,1,1.0000,-5.0000,-5.0000,4.5469,0.9999,38.77,nan,nan,-5.0000,-5.0000
wavmark,2,english:1116,1,172,rp,1,1.0000,-5.0000,-5.0000,4.5469,0.9999,38.77,nan,nan,-5.0000,-5.0000
wavmark,2,english:1116,1,172,random_dirichlet,1,1.0000,-3.0000,-3.0000,4.5779,1.0000,40.76,nan,nan,-5.0000,-5.0000
wavmark,2,english:1116,1,172,eep,1,1.0000,-5.0000,-5.0000,4.5469,0.9999,38.77,nan,nan,-5.0000,-5.0000
wavmark,2,english:1116,1,172,fwp,1,1.0000,-5.0000,-5.0000,4.5469,0.9999,38.77,nan,nan,-5.0000,-5.0000
wavmark,2,english:1116,1,172,dm,1,1.0000,-5.0000,-5.0000,4.5469,0.9999,38.77,nan,nan,-5.0000,-5.0000
wavmark,2,english:1116,1,172,tct,1,1.0000,-5.0000,-5.0000,4.5469,0.9999,38.77,nan,nan,-5.0000,-5.0000
wavmark,2,english:1116,1,172,payload_farthest,1,1.0000,-5.0000,-5.0000,4.5469,0.9999,38.77,nan,nan,-5.0000,-5.0000
wavmark,2,english:1116,2,173,single_copy,0,1.0000,-0.0000,1.0000,4.6439,1.0000,142.57,nan,nan,-3.0000,-3.0000
wavmark,2,english:1116,2,173,mean,1,1.0000,-3.0000,-3.0000,4.5890,1.0000,40.70,nan,nan,-3.0000,-3.0000
wavmark,2,english:1116,2,173,rp,1,1.0000,-3.0000,-3.0000,4.5890,1.0000,40.70,nan,nan,-3.0000,-3.0000
wavmark,2,english:1116,2,173,random_dirichlet,0,1.0000,-0.0000,1.0000,4.6341,1.0000,49.74,nan,nan,-3.0000,-3.0000
wavmark,2,english:1116,2,173,eep,1,1.0000,-3.0000,-3.0000,4.5890,1.0000,40.70,nan,nan,-3.0000,-3.0000
wavmark,2,english:1116,2,173,fwp,1,1.0000,-3.0000,-3.0000,4.5890,1.0000,40.70,nan,nan,-3.0000,-3.0000
wavmark,2,english:1116,2,173,dm,1,1.0000,-3.0000,-3.0000,4.5890,1.0000,40.70,nan,nan,-3.0000,-3.0000
wavmark,2,english:1116,2,173,tct,1,1.0000,-3.0000,-3.0000,4.5890,1.0000,40.70,nan,nan,-3.0000,-3.0000
wavmark,2,english:1116,2,173,payload_farthest,1,1.0000,-3.0000,-3.0000,4.5890,1.0000,40.70,nan,nan,-3.0000,-3.0000
wavmark,2,english:118,0,174,single_copy,0,1.0000,-0.0000,1.0000,4.6439,1.0000,144.93,nan,nan,1.0000,1.0000
wavmark,2,english:118,0,174,mean,0,1.0000,-0.0000,1.0000,4.6301,0.9981,46.54,nan,nan,1.0000,1.0000
wavmark,2,english:118,0,174,rp,0,1.0000,-0.0000,1.0000,4.6301,0.9981,46.54,nan,nan,1.0000,1.0000
wavmark,2,english:118,0,174,random_dirichlet,0,1.0000,-0.0000,1.0000,4.5962,0.9947,41.88,nan,nan,1.0000,1.0000
wavmark,2,english:118,0,174,eep,0,1.0000,-0.0000,1.0000,4.6301,0.9981,46.54,nan,nan,1.0000,1.0000
wavmark,2,english:118,0,174,fwp,0,1.0000,-0.0000,1.0000,4.6301,0.9981,46.54,nan,nan,1.0000,1.0000
wavmark,2,english:118,0,174,dm,0,1.0000,-0.0000,1.0000,4.6301,0.9981,46.54,nan,nan,1.0000,1.0000
wavmark,2,english:118,0,174,tct,0,1.0000,-0.0000,1.0000,4.6301,0.9981,46.54,nan,nan,1.0000,1.0000
wavmark,2,english:118,0,174,payload_farthest,0,1.0000,-0.0000,1.0000,4.6301,0.9981,46.54,nan,nan,1.0000,1.0000
wavmark,2,english:118,1,175,single_copy,0,1.0000,-0.0000,1.0000,4.6439,1.0000,144.93,nan,nan,-3.0000,-3.0000
wavmark,2,english:118,1,175,mean,1,1.0000,-3.0000,-3.0000,4.6245,0.9973,44.88,nan,nan,-3.0000,-3.0000
wavmark,2,english:118,1,175,rp,1,1.0000,-3.0000,-3.0000,4.6245,0.9973,44.88,nan,nan,-3.0000,-3.0000
wavmark,2,english:118,1,175,random_dirichlet,0,1.0000,-0.0000,1.0000,4.5668,0.9908,39.02,nan,nan,-3.0000,-3.0000
wavmark,2,english:118,1,175,eep,1,1.0000,-3.0000,-3.0000,4.6245,0.9973,44.88,nan,nan,-3.0000,-3.0000
wavmark,2,english:118,1,175,fwp,1,1.0000,-3.0000,-3.0000,4.6245,0.9973,44.88,nan,nan,-3.0000,-3.0000
wavmark,2,english:118,1,175,dm,1,1.0000,-3.0000,-3.0000,4.6245,0.9973,44.88,nan,nan,-3.0000,-3.0000
wavmark,2,english:118,1,175,tct,1,1.0000,-3.0000,-3.0000,4.6245,0.9973,44.88,nan,nan,-3.0000,-3.0000
wavmark,2,english:118,1,175,payload_farthest,1,1.0000,-3.0000,-3.0000,4.6245,0.9973,44.88,nan,nan,-3.0000,-3.0000
wavmark,2,english:118,2,176,single_copy,0,1.0000,-0.0000,1.0000,4.6439,1.0000,144.93,nan,nan,-2.0000,-2.0000
wavmark,2,english:118,2,176,mean,1,1.0000,-2.0000,-2.0000,4.6293,0.9984,45.79,nan,nan,-2.0000,-2.0000
wavmark,2,english:118,2,176,rp,1,1.0000,-2.0000,-2.0000,4.6293,0.9984,45.79,nan,nan,-2.0000,-2.0000
wavmark,2,english:118,2,176,random_dirichlet,0,1.0000,-0.0000,1.0000,4.6439,1.0000,65.73,nan,nan,-2.0000,-2.0000
wavmark,2,english:118,2,176,eep,1,1.0000,-2.0000,-2.0000,4.6293,0.9984,45.79,nan,nan,-2.0000,-2.0000
wavmark,2,english:118,2,176,fwp,1,1.0000,-2.0000,-2.0000,4.6293,0.9984,45.79,nan,nan,-2.0000,-2.0000
wavmark,2,english:118,2,176,dm,1,1.0000,-2.0000,-2.0000,4.6293,0.9984,45.79,nan,nan,-2.0000,-2.0000
wavmark,2,english:118,2,176,tct,1,1.0000,-2.0000,-2.0000,4.6293,0.9984,45.79,nan,nan,-2.0000,-2.0000
wavmark,2,english:118,2,176,payload_farthest,1,1.0000,-2.0000,-2.0000,4.6293,0.9984,45.79,nan,nan,-2.0000,-2.0000
wavmark,2,english:1183,0,177,single_copy,0,1.0000,-0.0000,1.0000,4.6439,1.0000,142.60,nan,nan,-3.0000,-3.0000
wavmark,2,english:1183,0,177,mean,1,1.0000,-3.0000,-3.0000,4.6092,0.9995,41.63,nan,nan,-3.0000,-3.0000
wavmark,2,english:1183,0,177,rp,1,1.0000,-3.0000,-3.0000,4.6092,0.9995,41.63,nan,nan,-3.0000,-3.0000
wavmark,2,english:1183,0,177,random_dirichlet,0,1.0000,-0.0000,1.0000,4.5974,0.9993,40.42,nan,nan,-3.0000,-3.0000
wavmark,2,english:1183,0,177,eep,1,1.0000,-3.0000,-3.0000,4.6092,0.9995,41.63,nan,nan,-3.0000,-3.0000
wavmark,2,english:1183,0,177,fwp,1,1.0000,-3.0000,-3.0000,4.6092,0.9995,41.63,nan,nan,-3.0000,-3.0000
wavmark,2,english:1183,0,177,dm,1,1.0000,-3.0000,-3.0000,4.6092,0.9995,41.63,nan,nan,-3.0000,-3.0000
wavmark,2,english:1183,0,177,tct,1,1.0000,-3.0000,-3.0000,4.6092,0.9995,41.63,nan,nan,-3.0000,-3.0000
wavmark,2,english:1183,0,177,payload_farthest,1,1.0000,-3.0000,-3.0000,4.6092,0.9995,41.63,nan,nan,-3.0000,-3.0000
wavmark,2,english:1183,1,178,single_copy,0,1.0000,-0.0000,1.0000,4.6439,1.0000,142.60,nan,nan,-3.0000,-3.0000
wavmark,2,english:1183,1,178,mean,1,1.0000,-3.0000,-3.0000,4.6154,0.9996,42.78,nan,nan,-3.0000,-3.0000
wavmark,2,english:1183,1,178,rp,1,1.0000,-3.0000,-3.0000,4.6154,0.9996,42.78,nan,nan,-3.0000,-3.0000
wavmark,2,english:1183,1,178,random_dirichlet,0,1.0000,-0.0000,1.0000,4.6403,1.0000,51.63,nan,nan,-3.0000,-3.0000
wavmark,2,english:1183,1,178,eep,1,1.0000,-3.0000,-3.0000,4.6154,0.9996,42.78,nan,nan,-3.0000,-3.0000
wavmark,2,english:1183,1,178,fwp,1,1.0000,-3.0000,-3.0000,4.6154,0.9996,42.78,nan,nan,-3.0000,-3.0000
wavmark,2,english:1183,1,178,dm,1,1.0000,-3.0000,-3.0000,4.6154,0.9996,42.78,nan,nan,-3.0000,-3.0000
wavmark,2,english:1183,1,178,tct,1,1.0000,-3.0000,-3.0000,4.6154,0.9996,42.78,nan,nan,-3.0000,-3.0000
wavmark,2,english:1183,1,178,payload_farthest,1,1.0000,-3.0000,-3.0000,4.6154,0.9996,42.78,nan,nan,-3.0000,-3.0000
wavmark,2,english:1183,2,179,single_copy,0,1.0000,-0.0000,1.0000,4.6439,1.0000,142.60,nan,nan,-2.0000,-2.0000
wavmark,2,english:1183,2,179,mean,1,1.0000,-2.0000,-2.0000,4.6057,0.9994,40.93,nan,nan,-2.0000,-2.0000
wavmark,2,english:1183,2,179,rp,1,1.0000,-2.0000,-2.0000,4.6057,0.9994,40.93,nan,nan,-2.0000,-2.0000
wavmark,2,english:1183,2,179,random_dirichlet,0,1.0000,-0.0000,1.0000,4.6416,1.0000,53.81,nan,nan,-2.0000,-2.0000
wavmark,2,english:1183,2,179,eep,1,1.0000,-2.0000,-2.0000,4.6057,0.9994,40.93,nan,nan,-2.0000,-2.0000
wavmark,2,english:1183,2,179,fwp,1,1.0000,-2.0000,-2.0000,4.6057,0.9994,40.93,nan,nan,-2.0000,-2.0000
wavmark,2,english:1183,2,179,dm,1,1.0000,-2.0000,-2.0000,4.6057,0.9994,40.93,nan,nan,-2.0000,-2.0000
wavmark,2,english:1183,2,179,tct,1,1.0000,-2.0000,-2.0000,4.6057,0.9994,40.93,nan,nan,-2.0000,-2.0000
wavmark,2,english:1183,2,179,payload_farthest,1,1.0000,-2.0000,-2.0000,4.6057,0.9994,40.93,nan,nan,-2.0000,-2.0000
wavmark,2,english:1235,0,180,single_copy,0,1.0000,-0.0000,1.0000,4.6439,1.0000,136.72,nan,nan,1.0000,1.0000
wavmark,2,english:1235,0,180,mean,0,1.0000,-0.0000,1.0000,4.6212,0.9988,44.88,nan,nan,1.0000,1.0000
wavmark,2,english:1235,0,180,rp,0,1.0000,-0.0000,1.0000,4.6212,0.9988,44.88,nan,nan,1.0000,1.0000
wavmark,2,english:1235,0,180,random_dirichlet,0,1.0000,-0.0000,1.0000,4.6246,0.9991,45.87,nan,nan,1.0000,1.0000
wavmark,2,english:1235,0,180,eep,0,1.0000,-0.0000,1.0000,4.6212,0.9988,44.88,nan,nan,1.0000,1.0000
wavmark,2,english:1235,0,180,fwp,0,1.0000,-0.0000,1.0000,4.6212,0.9988,44.88,nan,nan,1.0000,1.0000
wavmark,2,english:1235,0,180,dm,0,1.0000,-0.0000,1.0000,4.6212,0.9988,44.88,nan,nan,1.0000,1.0000
wavmark,2,english:1235,0,180,tct,0,1.0000,-0.0000,1.0000,4.6212,0.9988,44.88,nan,nan,1.0000,1.0000
wavmark,2,english:1235,0,180,payload_farthest,0,1.0000,-0.0000,1.0000,4.6212,0.9988,44.88,nan,nan,1.0000,1.0000
wavmark,2,english:1235,1,181,single_copy,0,1.0000,-0.0000,1.0000,4.6439,1.0000,136.72,nan,nan,-2.0000,-2.0000
wavmark,2,english:1235,1,181,mean,1,1.0000,-2.0000,-2.0000,4.5886,0.9974,41.74,nan,nan,-2.0000,-2.0000
wavmark,2,english:1235,1,181,rp,1,1.0000,-2.0000,-2.0000,4.5886,0.9974,41.74,nan,nan,-2.0000,-2.0000
wavmark,2,english:1235,1,181,random_dirichlet,0,1.0000,-0.0000,1.0000,4.6315,0.9996,49.68,nan,nan,-2.0000,-2.0000
wavmark,2,english:1235,1,181,eep,1,1.0000,-2.0000,-2.0000,4.5886,0.9974,41.74,nan,nan,-2.0000,-2.0000
wavmark,2,english:1235,1,181,fwp,1,1.0000,-2.0000,-2.0000,4.5886,0.9974,41.74,nan,nan,-2.0000,-2.0000
wavmark,2,english:1235,1,181,dm,1,1.0000,-2.0000,-2.0000,4.5886,0.9974,41.74,nan,nan,-2.0000,-2.0000
wavmark,2,english:1235,1,181,tct,1,1.0000,-2.0000,-2.0000,4.5886,0.9974,41.74,nan,nan,-2.0000,-2.0000
wavmark,2,english:1235,1,181,payload_farthest,1,1.0000,-2.0000,-2.0000,4.5886,0.9974,41.74,nan,nan,-2.0000,-2.0000
wavmark,2,english:1235,2,182,single_copy,0,1.0000,-0.0000,1.0000,4.6439,1.0000,136.72,nan,nan,-4.0000,-4.0000
wavmark,2,english:1235,2,182,mean,1,1.0000,-4.0000,-4.0000,4.5918,0.9966,40.28,nan,nan,-4.0000,-4.0000
wavmark,2,english:1235,2,182,rp,1,1.0000,-4.0000,-4.0000,4.5918,0.9966,40.28,nan,nan,-4.0000,-4.0000
wavmark,2,english:1235,2,182,random_dirichlet,0,1.0000,-0.0000,1.0000,4.5553,0.9938,37.47,nan,nan,-4.0000,-4.0000
wavmark,2,english:1235,2,182,eep,1,1.0000,-4.0000,-4.0000,4.5918,0.9966,40.28,nan,nan,-4.0000,-4.0000
wavmark,2,english:1235,2,182,fwp,1,1.0000,-4.0000,-4.0000,4.5918,0.9966,40.28,nan,nan,-4.0000,-4.0000
wavmark,2,english:1235,2,182,dm,1,1.0000,-4.0000,-4.0000,4.5918,0.9966,40.28,nan,nan,-4.0000,-4.0000
wavmark,2,english:1235,2,182,tct,1,1.0000,-4.0000,-4.0000,4.5918,0.9966,40.28,nan,nan,-4.0000,-4.0000
wavmark,2,english:1235,2,182,payload_farthest,1,1.0000,-4.0000,-4.0000,4.5918,0.9966,40.28,nan,nan,-4.0000,-4.0000
wavmark,2,english:1246,0,183,single_copy,0,1.0000,-0.0000,1.0000,4.6439,1.0000,139.80,nan,nan,-4.0000,-4.0000
wavmark,2,english:1246,0,183,mean,1,1.0000,-4.0000,-4.0000,4.5845,0.9998,40.56,nan,nan,-4.0000,-4.0000
wavmark,2,english:1246,0,183,rp,1,1.0000,-4.0000,-4.0000,4.5845,0.9998,40.56,nan,nan,-4.0000,-4.0000
wavmark,2,english:1246,0,183,random_dirichlet,1,1.0000,-4.0000,-4.0000,4.5853,0.9998,40.62,nan,nan,-4.0000,-4.0000
wavmark,2,english:1246,0,183,eep,1,1.0000,-4.0000,-4.0000,4.5845,0.9998,40.56,nan,nan,-4.0000,-4.0000
wavmark,2,english:1246,0,183,fwp,1,1.0000,-4.0000,-4.0000,4.5845,0.9998,40.56,nan,nan,-4.0000,-4.0000
wavmark,2,english:1246,0,183,dm,1,1.0000,-4.0000,-4.0000,4.5845,0.9998,40.56,nan,nan,-4.0000,-4.0000
wavmark,2,english:1246,0,183,tct,1,1.0000,-4.0000,-4.0000,4.5845,0.9998,40.56,nan,nan,-4.0000,-4.0000
wavmark,2,english:1246,0,183,payload_farthest,1,1.0000,-4.0000,-4.0000,4.5845,0.9998,40.56,nan,nan,-4.0000,-4.0000
wavmark,2,english:1246,1,184,single_copy,0,1.0000,-0.0000,1.0000,4.6439,1.0000,139.80,nan,nan,-4.0000,-4.0000
wavmark,2,english:1246,1,184,mean,1,1.0000,-4.0000,-4.0000,4.5636,0.9998,40.37,nan,nan,-4.0000,-4.0000
wavmark,2,english:1246,1,184,rp,1,1.0000,-4.0000,-4.0000,4.5636,0.9998,40.37,nan,nan,-4.0000,-4.0000
wavmark,2,english:1246,1,184,random_dirichlet,1,1.0000,-1.0000,-1.0000,4.5149,0.9997,38.29,nan,nan,-4.0000,-4.0000
wavmark,2,english:1246,1,184,eep,1,1.0000,-4.0000,-4.0000,4.5636,0.9998,40.37,nan,nan,-4.0000,-4.0000
wavmark,2,english:1246,1,184,fwp,1,1.0000,-4.0000,-4.0000,4.5636,0.9998,40.37,nan,nan,-4.0000,-4.0000
wavmark,2,english:1246,1,184,dm,1,1.0000,-4.0000,-4.0000,4.5636,0.9998,40.37,nan,nan,-4.0000,-4.0000
wavmark,2,english:1246,1,184,tct,1,1.0000,-4.0000,-4.0000,4.5636,0.9998,40.37,nan,nan,-4.0000,-4.0000
wavmark,2,english:1246,1,184,payload_farthest,1,1.0000,-4.0000,-4.0000,4.5636,0.9998,40.37,nan,nan,-4.0000,-4.0000
wavmark,2,english:1246,2,185,single_copy,0,1.0000,-0.0000,1.0000,4.6439,1.0000,139.80,nan,nan,-4.0000,-4.0000
wavmark,2,english:1246,2,185,mean,1,1.0000,-4.0000,-4.0000,4.5833,0.9999,41.18,nan,nan,-4.0000,-4.0000
wavmark,2,english:1246,2,185,rp,1,1.0000,-4.0000,-4.0000,4.5833,0.9999,41.18,nan,nan,-4.0000,-4.0000
wavmark,2,english:1246,2,185,random_dirichlet,0,1.0000,-0.0000,1.0000,4.5358,0.9997,38.28,nan,nan,-4.0000,-4.0000
wavmark,2,english:1246,2,185,eep,1,1.0000,-4.0000,-4.0000,4.5833,0.9999,41.18,nan,nan,-4.0000,-4.0000
wavmark,2,english:1246,2,185,fwp,1,1.0000,-4.0000,-4.0000,4.5833,0.9999,41.18,nan,nan,-4.0000,-4.0000
wavmark,2,english:1246,2,185,dm,1,1.0000,-4.0000,-4.0000,4.5833,0.9999,41.18,nan,nan,-4.0000,-4.0000
wavmark,2,english:1246,2,185,tct,1,1.0000,-4.0000,-4.0000,4.5833,0.9999,41.18,nan,nan,-4.0000,-4.0000
wavmark,2,english:1246,2,185,payload_farthest,1,1.0000,-4.0000,-4.0000,4.5833,0.9999,41.18,nan,nan,-4.0000,-4.0000
wavmark,2,english:125,0,186,single_copy,0,1.0000,-0.0000,1.0000,4.6439,1.0000,140.12,nan,nan,-3.0000,-3.0000
wavmark,2,english:125,0,186,mean,1,1.0000,-3.0000,-3.0000,4.6002,0.9957,40.08,nan,nan,-3.0000,-3.0000
wavmark,2,english:125,0,186,rp,1,1.0000,-3.0000,-3.0000,4.6002,0.9957,40.08,nan,nan,-3.0000,-3.0000
wavmark,2,english:125,0,186,random_dirichlet,0,1.0000,-0.0000,1.0000,4.6259,0.9982,43.82,nan,nan,-3.0000,-3.0000
wavmark,2,english:125,0,186,eep,1,1.0000,-3.0000,-3.0000,4.6002,0.9957,40.08,nan,nan,-3.0000,-3.0000
wavmark,2,english:125,0,186,fwp,1,1.0000,-3.0000,-3.0000,4.6002,0.9957,40.08,nan,nan,-3.0000,-3.0000
wavmark,2,english:125,0,186,dm,1,1.0000,-3.0000,-3.0000,4.6002,0.9957,40.08,nan,nan,-3.0000,-3.0000
wavmark,2,english:125,0,186,tct,1,1.0000,-3.0000,-3.0000,4.6002,0.9957,40.08,nan,nan,-3.0000,-3.0000
wavmark,2,english:125,0,186,payload_farthest,1,1.0000,-3.0000,-3.0000,4.6002,0.9957,40.08,nan,nan,-3.0000,-3.0000
wavmark,2,english:125,1,187,single_copy,0,1.0000,-0.0000,1.0000,4.6439,1.0000,140.12,nan,nan,-3.0000,-3.0000
wavmark,2,english:125,1,187,mean,1,1.0000,-3.0000,-3.0000,4.5937,0.9967,40.54,nan,nan,-3.0000,-3.0000
wavmark,2,english:125,1,187,rp,1,1.0000,-3.0000,-3.0000,4.5937,0.9967,40.54,nan,nan,-3.0000,-3.0000
wavmark,2,english:125,1,187,random_dirichlet,0,1.0000,-0.0000,1.0000,4.6376,0.9996,50.09,nan,nan,-3.0000,-3.0000
wavmark,2,english:125,1,187,eep,1,1.0000,-3.0000,-3.0000,4.5937,0.9967,40.54,nan,nan,-3.0000,-3.0000
wavmark,2,english:125,1,187,fwp,1,1.0000,-3.0000,-3.0000,4.5937,0.9967,40.54,nan,nan,-3.0000,-3.0000
wavmark,2,english:125,1,187,dm,1,1.0000,-3.0000,-3.0000,4.5937,0.9967,40.54,nan,nan,-3.0000,-3.0000
wavmark,2,english:125,1,187,tct,1,1.0000,-3.0000,-3.0000,4.5937,0.9967,40.54,nan,nan,-3.0000,-3.0000
wavmark,2,english:125,1,187,payload_farthest,1,1.0000,-3.0000,-3.0000,4.5937,0.9967,40.54,nan,nan,-3.0000,-3.0000
wavmark,2,english:125,2,188,single_copy,0,1.0000,-0.0000,1.0000,4.6439,1.0000,140.12,nan,nan,-4.0000,-4.0000
wavmark,2,english:125,2,188,mean,1,1.0000,-4.0000,-4.0000,4.6049,0.9967,41.23,nan,nan,-4.0000,-4.0000
wavmark,2,english:125,2,188,rp,1,1.0000,-4.0000,-4.0000,4.6049,0.9967,41.23,nan,nan,-4.0000,-4.0000
wavmark,2,english:125,2,188,random_dirichlet,0,1.0000,-0.0000,1.0000,4.5703,0.9934,38.16,nan,nan,-4.0000,-4.0000
wavmark,2,english:125,2,188,eep,1,1.0000,-4.0000,-4.0000,4.6049,0.9967,41.23,nan,nan,-4.0000,-4.0000
wavmark,2,english:125,2,188,fwp,1,1.0000,-4.0000,-4.0000,4.6049,0.9967,41.23,nan,nan,-4.0000,-4.0000
wavmark,2,english:125,2,188,dm,1,1.0000,-4.0000,-4.0000,4.6049,0.9967,41.23,nan,nan,-4.0000,-4.0000
wavmark,2,english:125,2,188,tct,1,1.0000,-4.0000,-4.0000,4.6049,0.9967,41.23,nan,nan,-4.0000,-4.0000
wavmark,2,english:125,2,188,payload_farthest,1,1.0000,-4.0000,-4.0000,4.6049,0.9967,41.23,nan,nan,-4.0000,-4.0000
wavmark,2,english:1263,0,189,single_copy,0,1.0000,-0.0000,1.0000,4.6439,1.0000,142.75,nan,nan,-3.0000,-3.0000
wavmark,2,english:1263,0,189,mean,1,1.0000,-3.0000,-3.0000,4.5741,0.9999,43.36,nan,nan,-3.0000,-3.0000
wavmark,2,english:1263,0,189,rp,1,1.0000,-3.0000,-3.0000,4.5741,0.9999,43.36,nan,nan,-3.0000,-3.0000
wavmark,2,english:1263,0,189,random_dirichlet,0,1.0000,-0.0000,1.0000,4.4482,0.9997,38.09,nan,nan,-3.0000,-3.0000
wavmark,2,english:1263,0,189,eep,1,1.0000,-3.0000,-3.0000,4.5741,0.9999,43.36,nan,nan,-3.0000,-3.0000
wavmark,2,english:1263,0,189,fwp,1,1.0000,-3.0000,-3.0000,4.5741,0.9999,43.36,nan,nan,-3.0000,-3.0000
wavmark,2,english:1263,0,189,dm,1,1.0000,-3.0000,-3.0000,4.5741,0.9999,43.36,nan,nan,-3.0000,-3.0000
wavmark,2,english:1263,0,189,tct,1,1.0000,-3.0000,-3.0000,4.5741,0.9999,43.36,nan,nan,-3.0000,-3.0000
wavmark,2,english:1263,0,189,payload_farthest,1,1.0000,-3.0000,-3.0000,4.5741,0.9999,43.36,nan,nan,-3.0000,-3.0000
wavmark,2,english:1263,1,190,single_copy,0,1.0000,-0.0000,1.0000,4.6439,1.0000,142.75,nan,nan,-5.0000,-5.0000
wavmark,2,english:1263,1,190,mean,1,1.0000,-5.0000,-5.0000,4.5972,0.9999,43.02,nan,nan,-5.0000,-5.0000
wavmark,2,english:1263,1,190,rp,1,1.0000,-5.0000,-5.0000,4.5972,0.9999,43.02,nan,nan,-5.0000,-5.0000
wavmark,2,english:1263,1,190,random_dirichlet,0,1.0000,-0.0000,1.0000,4.4782,0.9998,38.02,nan,nan,-5.0000,-5.0000
wavmark,2,english:1263,1,190,eep,1,1.0000,-5.0000,-5.0000,4.5972,0.9999,43.02,nan,nan,-5.0000,-5.0000
wavmark,2,english:1263,1,190,fwp,1,1.0000,-5.0000,-5.0000,4.5972,0.9999,43.02,nan,nan,-5.0000,-5.0000
wavmark,2,english:1263,1,190,dm,1,1.0000,-5.0000,-5.0000,4.5972,0.9999,43.02,nan,nan,-5.0000,-5.0000
wavmark,2,english:1263,1,190,tct,1,1.0000,-5.0000,-5.0000,4.5972,0.9999,43.02,nan,nan,-5.0000,-5.0000
wavmark,2,english:1263,1,190,payload_farthest,1,1.0000,-5.0000,-5.0000,4.5972,0.9999,43.02,nan,nan,-5.0000,-5.0000
wavmark,2,english:1263,2,191,single_copy,0,1.0000,-0.0000,1.0000,4.6439,1.0000,142.75,nan,nan,-3.0000,-3.0000
wavmark,2,english:1263,2,191,mean,1,1.0000,-3.0000,-3.0000,4.6023,0.9999,44.01,nan,nan,-3.0000,-3.0000
wavmark,2,english:1263,2,191,rp,1,1.0000,-3.0000,-3.0000,4.6023,0.9999,44.01,nan,nan,-3.0000,-3.0000
wavmark,2,english:1263,2,191,random_dirichlet,0,1.0000,-0.0000,1.0000,4.6331,1.0000,50.61,nan,nan,-3.0000,-3.0000
wavmark,2,english:1263,2,191,eep,1,1.0000,-3.0000,-3.0000,4.6023,0.9999,44.01,nan,nan,-3.0000,-3.0000
wavmark,2,english:1263,2,191,fwp,1,1.0000,-3.0000,-3.0000,4.6023,0.9999,44.01,nan,nan,-3.0000,-3.0000
wavmark,2,english:1263,2,191,dm,1,1.0000,-3.0000,-3.0000,4.6023,0.9999,44.01,nan,nan,-3.0000,-3.0000
wavmark,2,english:1263,2,191,tct,1,1.0000,-3.0000,-3.0000,4.6023,0.9999,44.01,nan,nan,-3.0000,-3.0000
wavmark,2,english:1263,2,191,payload_farthest,1,1.0000,-3.0000,-3.0000,4.6023,0.9999,44.01,nan,nan,-3.0000,-3.0000
wavmark,2,english:1334,0,192,single_copy,0,1.0000,-0.0000,1.0000,4.6439,1.0000,144.21,nan,nan,-4.0000,-4.0000
wavmark,2,english:1334,0,192,mean,1,1.0000,-4.0000,-4.0000,4.6110,0.9975,43.62,nan,nan,-4.0000,-4.0000
wavmark,2,english:1334,0,192,rp,1,1.0000,-4.0000,-4.0000,4.6110,0.9975,43.62,nan,nan,-4.0000,-4.0000
wavmark,2,english:1334,0,192,random_dirichlet,1,1.0000,-3.0000,-3.0000,4.6069,0.9972,43.09,nan,nan,-4.0000,-4.0000
wavmark,2,english:1334,0,192,eep,1,1.0000,-4.0000,-4.0000,4.6110,0.9975,43.62,nan,nan,-4.0000,-4.0000
wavmark,2,english:1334,0,192,fwp,1,1.0000,-4.0000,-4.0000,4.6110,0.9975,43.62,nan,nan,-4.0000,-4.0000
wavmark,2,english:1334,0,192,dm,1,1.0000,-4.0000,-4.0000,4.6110,0.9975,43.62,nan,nan,-4.0000,-4.0000
wavmark,2,english:1334,0,192,tct,1,1.0000,-4.0000,-4.0000,4.6110,0.9975,43.62,nan,nan,-4.0000,-4.0000
wavmark,2,english:1334,0,192,payload_farthest,1,1.0000,-4.0000,-4.0000,4.6110,0.9975,43.62,nan,nan,-4.0000,-4.0000
wavmark,2,english:1334,1,193,single_copy,0,1.0000,-0.0000,1.0000,4.6439,1.0000,144.21,nan,nan,-3.0000,-3.0000
wavmark,2,english:1334,1,193,mean,1,1.0000,-3.0000,-3.0000,4.6237,0.9983,46.28,nan,nan,-3.0000,-3.0000
wavmark,2,english:1334,1,193,rp,1,1.0000,-3.0000,-3.0000,4.6237,0.9983,46.28,nan,nan,-3.0000,-3.0000
wavmark,2,english:1334,1,193,random_dirichlet,0,1.0000,-0.0000,1.0000,4.6359,0.9993,50.06,nan,nan,-3.0000,-3.0000
wavmark,2,english:1334,1,193,eep,1,1.0000,-3.0000,-3.0000,4.6237,0.9983,46.28,nan,nan,-3.0000,-3.0000
wavmark,2,english:1334,1,193,fwp,1,1.0000,-3.0000,-3.0000,4.6237,0.9983,46.28,nan,nan,-3.0000,-3.0000
wavmark,2,english:1334,1,193,dm,1,1.0000,-3.0000,-3.0000,4.6237,0.9983,46.28,nan,nan,-3.0000,-3.0000
wavmark,2,english:1334,1,193,tct,1,1.0000,-3.0000,-3.0000,4.6237,0.9983,46.28,nan,nan,-3.0000,-3.0000
wavmark,2,english:1334,1,193,payload_farthest,1,1.0000,-3.0000,-3.0000,4.6237,0.9983,46.28,nan,nan,-3.0000,-3.0000
wavmark,2,english:1334,2,194,single_copy,0,1.0000,-0.0000,1.0000,4.6439,1.0000,144.21,nan,nan,-3.0000,-3.0000
wavmark,2,english:1334,2,194,mean,1,1.0000,-3.0000,-3.0000,4.6138,0.9982,45.81,nan,nan,-3.0000,-3.0000
wavmark,2,english:1334,2,194,rp,1,1.0000,-3.0000,-3.0000,4.6138,0.9982,45.81,nan,nan,-3.0000,-3.0000
wavmark,2,english:1334,2,194,random_dirichlet,0,1.0000,-0.0000,1.0000,4.6411,0.9999,58.89,nan,nan,-3.0000,-3.0000
wavmark,2,english:1334,2,194,eep,1,1.0000,-3.0000,-3.0000,4.6138,0.9982,45.81,nan,nan,-3.0000,-3.0000
wavmark,2,english:1334,2,194,fwp,1,1.0000,-3.0000,-3.0000,4.6138,0.9982,45.81,nan,nan,-3.0000,-3.0000
wavmark,2,english:1334,2,194,dm,1,1.0000,-3.0000,-3.0000,4.6138,0.9982,45.81,nan,nan,-3.0000,-3.0000
wavmark,2,english:1334,2,194,tct,1,1.0000,-3.0000,-3.0000,4.6138,0.9982,45.81,nan,nan,-3.0000,-3.0000
wavmark,2,english:1334,2,194,payload_farthest,1,1.0000,-3.0000,-3.0000,4.6138,0.9982,45.81,nan,nan,-3.0000,-3.0000
wavmark,2,english:1355,0,195,single_copy,0,1.0000,-0.0000,1.0000,4.6439,1.0000,149.21,nan,nan,-2.0000,-2.0000
wavmark,2,english:1355,0,195,mean,1,1.0000,-2.0000,-2.0000,4.5988,1.0000,48.80,nan,nan,-2.0000,-2.0000
wavmark,2,english:1355,0,195,rp,1,1.0000,-2.0000,-2.0000,4.5988,1.0000,48.80,nan,nan,-2.0000,-2.0000
wavmark,2,english:1355,0,195,random_dirichlet,0,1.0000,-0.0000,1.0000,4.6355,1.0000,62.25,nan,nan,-2.0000,-2.0000
wavmark,2,english:1355,0,195,eep,1,1.0000,-2.0000,-2.0000,4.5988,1.0000,48.80,nan,nan,-2.0000,-2.0000
wavmark,2,english:1355,0,195,fwp,1,1.0000,-2.0000,-2.0000,4.5988,1.0000,48.80,nan,nan,-2.0000,-2.0000
wavmark,2,english:1355,0,195,dm,1,1.0000,-2.0000,-2.0000,4.5988,1.0000,48.80,nan,nan,-2.0000,-2.0000
wavmark,2,english:1355,0,195,tct,1,1.0000,-2.0000,-2.0000,4.5988,1.0000,48.80,nan,nan,-2.0000,-2.0000
wavmark,2,english:1355,0,195,payload_farthest,1,1.0000,-2.0000,-2.0000,4.5988,1.0000,48.80,nan,nan,-2.0000,-2.0000
wavmark,2,english:1355,1,196,single_copy,0,1.0000,-0.0000,1.0000,4.6439,1.0000,149.21,nan,nan,-3.0000,-3.0000
wavmark,2,english:1355,1,196,mean,1,1.0000,-3.0000,-3.0000,4.5758,0.9999,45.38,nan,nan,-3.0000,-3.0000
wavmark,2,english:1355,1,196,rp,1,1.0000,-3.0000,-3.0000,4.5758,0.9999,45.38,nan,nan,-3.0000,-3.0000
wavmark,2,english:1355,1,196,random_dirichlet,0,1.0000,-0.0000,1.0000,4.6124,1.0000,50.89,nan,nan,-3.0000,-3.0000
wavmark,2,english:1355,1,196,eep,1,1.0000,-3.0000,-3.0000,4.5758,0.9999,45.38,nan,nan,-3.0000,-3.0000
wavmark,2,english:1355,1,196,fwp,1,1.0000,-3.0000,-3.0000,4.5758,0.9999,45.38,nan,nan,-3.0000,-3.0000
wavmark,2,english:1355,1,196,dm,1,1.0000,-3.0000,-3.0000,4.5758,0.9999,45.38,nan,nan,-3.0000,-3.0000
wavmark,2,english:1355,1,196,tct,1,1.0000,-3.0000,-3.0000,4.5758,0.9999,45.38,nan,nan,-3.0000,-3.0000
wavmark,2,english:1355,1,196,payload_farthest,1,1.0000,-3.0000,-3.0000,4.5758,0.9999,45.38,nan,nan,-3.0000,-3.0000
wavmark,2,english:1355,2,197,single_copy,0,1.0000,-0.0000,1.0000,4.6439,1.0000,149.21,nan,nan,-2.0000,-2.0000
wavmark,2,english:1355,2,197,mean,1,1.0000,-2.0000,-2.0000,4.5989,1.0000,46.83,nan,nan,-2.0000,-2.0000
wavmark,2,english:1355,2,197,rp,1,1.0000,-2.0000,-2.0000,4.5989,1.0000,46.83,nan,nan,-2.0000,-2.0000
wavmark,2,english:1355,2,197,random_dirichlet,0,1.0000,-0.0000,1.0000,4.6321,1.0000,55.07,nan,nan,-2.0000,-2.0000
wavmark,2,english:1355,2,197,eep,1,1.0000,-2.0000,-2.0000,4.5989,1.0000,46.83,nan,nan,-2.0000,-2.0000
wavmark,2,english:1355,2,197,fwp,1,1.0000,-2.0000,-2.0000,4.5989,1.0000,46.83,nan,nan,-2.0000,-2.0000
wavmark,2,english:1355,2,197,dm,1,1.0000,-2.0000,-2.0000,4.5989,1.0000,46.83,nan,nan,-2.0000,-2.0000
wavmark,2,english:1355,2,197,tct,1,1.0000,-2.0000,-2.0000,4.5989,1.0000,46.83,nan,nan,-2.0000,-2.0000
wavmark,2,english:1355,2,197,payload_farthest,1,1.0000,-2.0000,-2.0000,4.5989,1.0000,46.83,nan,nan,-2.0000,-2.0000
wavmark,2,english:1363,0,198,single_copy,0,1.0000,-0.0000,1.0000,4.6439,1.0000,149.90,nan,nan,-5.0000,-5.0000
wavmark,2,english:1363,0,198,mean,1,1.0000,-5.0000,-5.0000,4.4329,0.9886,42.01,nan,nan,-5.0000,-5.0000
wavmark,2,english:1363,0,198,rp,1,1.0000,-5.0000,-5.0000,4.4329,0.9886,42.01,nan,nan,-5.0000,-5.0000
wavmark,2,english:1363,0,198,random_dirichlet,1,1.0000,-5.0000,-5.0000,4.4096,0.9866,41.33,nan,nan,-5.0000,-5.0000
wavmark,2,english:1363,0,198,eep,1,1.0000,-5.0000,-5.0000,4.4329,0.9886,42.01,nan,nan,-5.0000,-5.0000
wavmark,2,english:1363,0,198,fwp,1,1.0000,-5.0000,-5.0000,4.4329,0.9886,42.01,nan,nan,-5.0000,-5.0000
wavmark,2,english:1363,0,198,dm,1,1.0000,-5.0000,-5.0000,4.4329,0.9886,42.01,nan,nan,-5.0000,-5.0000
wavmark,2,english:1363,0,198,tct,1,1.0000,-5.0000,-5.0000,4.4329,0.9886,42.01,nan,nan,-5.0000,-5.0000
wavmark,2,english:1363,0,198,payload_farthest,1,1.0000,-5.0000,-5.0000,4.4329,0.9886,42.01,nan,nan,-5.0000,-5.0000
wavmark,2,english:1363,1,199,single_copy,0,1.0000,-0.0000,1.0000,4.6439,1.0000,149.90,nan,nan,-2.0000,-2.0000
wavmark,2,english:1363,1,199,mean,1,1.0000,-2.0000,-2.0000,4.4586,0.9895,42.97,nan,nan,-2.0000,-2.0000
wavmark,2,english:1363,1,199,rp,1,1.0000,-2.0000,-2.0000,4.4586,0.9895,42.97,nan,nan,-2.0000,-2.0000
wavmark,2,english:1363,1,199,random_dirichlet,1,1.0000,-2.0000,-2.0000,4.4420,0.9880,42.39,nan,nan,-2.0000,-2.0000
wavmark,2,english:1363,1,199,eep,1,1.0000,-2.0000,-2.0000,4.4586,0.9895,42.97,nan,nan,-2.0000,-2.0000
wavmark,2,english:1363,1,199,fwp,1,1.0000,-2.0000,-2.0000,4.4586,0.9895,42.97,nan,nan,-2.0000,-2.0000
wavmark,2,english:1363,1,199,dm,1,1.0000,-2.0000,-2.0000,4.4586,0.9895,42.97,nan,nan,-2.0000,-2.0000
wavmark,2,english:1363,1,199,tct,1,1.0000,-2.0000,-2.0000,4.4586,0.9895,42.97,nan,nan,-2.0000,-2.0000
wavmark,2,english:1363,1,199,payload_farthest,1,1.0000,-2.0000,-2.0000,4.4586,0.9895,42.97,nan,nan,-2.0000,-2.0000
wavmark,2,english:1363,2,200,single_copy,0,1.0000,-0.0000,1.0000,4.6439,1.0000,149.90,nan,nan,-4.0000,-4.0000
wavmark,2,english:1363,2,200,mean,1,1.0000,-4.0000,-4.0000,4.4088,0.9888,42.50,nan,nan,-4.0000,-4.0000
wavmark,2,english:1363,2,200,rp,1,1.0000,-4.0000,-4.0000,4.4088,0.9888,42.50,nan,nan,-4.0000,-4.0000
wavmark,2,english:1363,2,200,random_dirichlet,0,1.0000,-0.0000,1.0000,4.4890,0.9946,45.68,nan,nan,-4.0000,-4.0000
wavmark,2,english:1363,2,200,eep,1,1.0000,-4.0000,-4.0000,4.4088,0.9888,42.50,nan,nan,-4.0000,-4.0000
wavmark,2,english:1363,2,200,fwp,1,1.0000,-4.0000,-4.0000,4.4088,0.9888,42.50,nan,nan,-4.0000,-4.0000
wavmark,2,english:1363,2,200,dm,1,1.0000,-4.0000,-4.0000,4.4088,0.9888,42.50,nan,nan,-4.0000,-4.0000
wavmark,2,english:1363,2,200,tct,1,1.0000,-4.0000,-4.0000,4.4088,0.9888,42.50,nan,nan,-4.0000,-4.0000
wavmark,2,english:1363,2,200,payload_farthest,1,1.0000,-4.0000,-4.0000,4.4088,0.9888,42.50,nan,nan,-4.0000,-4.0000
wavmark,2,english:1447,0,201,single_copy,0,1.0000,-0.0000,1.0000,4.6439,1.0000,137.52,nan,nan,-4.0000,-4.0000
wavmark,2,english:1447,0,201,mean,1,1.0000,-4.0000,-4.0000,4.5926,0.9974,40.76,nan,nan,-4.0000,-4.0000
wavmark,2,english:1447,0,201,rp,1,1.0000,-4.0000,-4.0000,4.5926,0.9974,40.76,nan,nan,-4.0000,-4.0000
wavmark,2,english:1447,0,201,random_dirichlet,1,1.0000,-3.0000,-3.0000,4.6062,0.9980,41.81,nan,nan,-4.0000,-4.0000
wavmark,2,english:1447,0,201,eep,1,1.0000,-4.0000,-4.0000,4.5926,0.9974,40.76,nan,nan,-4.0000,-4.0000
wavmark,2,english:1447,0,201,fwp,1,1.0000,-4.0000,-4.0000,4.5926,0.9974,40.76,nan,nan,-4.0000,-4.0000
wavmark,2,english:1447,0,201,dm,1,1.0000,-4.0000,-4.0000,4.5926,0.9974,40.76,nan,nan,-4.0000,-4.0000
wavmark,2,english:1447,0,201,tct,1,1.0000,-4.0000,-4.0000,4.5926,0.9974,40.76,nan,nan,-4.0000,-4.0000
wavmark,2,english:1447,0,201,payload_farthest,1,1.0000,-4.0000,-4.0000,4.5926,0.9974,40.76,nan,nan,-4.0000,-4.0000
wavmark,2,english:1447,1,202,single_copy,0,1.0000,-0.0000,1.0000,4.6439,1.0000,137.52,nan,nan,-1.0000,-1.0000
wavmark,2,english:1447,1,202,mean,1,1.0000,-1.0000,-1.0000,4.6254,0.9986,43.77,nan,nan,-1.0000,-1.0000
wavmark,2,english:1447,1,202,rp,1,1.0000,-1.0000,-1.0000,4.6254,0.9986,43.77,nan,nan,-1.0000,-1.0000
wavmark,2,english:1447,1,202,random_dirichlet,0,1.0000,-0.0000,1.0000,4.5617,0.9951,38.05,nan,nan,-1.0000,-1.0000
wavmark,2,english:1447,1,202,eep,1,1.0000,-1.0000,-1.0000,4.6254,0.9986,43.77,nan,nan,-1.0000,-1.0000
wavmark,2,english:1447,1,202,fwp,1,1.0000,-1.0000,-1.0000,4.6254,0.9986,43.77,nan,nan,-1.0000,-1.0000
wavmark,2,english:1447,1,202,dm,1,1.0000,-1.0000,-1.0000,4.6254,0.9986,43.77,nan,nan,-1.0000,-1.0000
wavmark,2,english:1447,1,202,tct,1,1.0000,-1.0000,-1.0000,4.6254,0.9986,43.77,nan,nan,-1.0000,-1.0000
wavmark,2,english:1447,1,202,payload_farthest,1,1.0000,-1.0000,-1.0000,4.6254,0.9986,43.77,nan,nan,-1.0000,-1.0000
wavmark,2,english:1447,2,203,single_copy,0,1.0000,-0.0000,1.0000,4.6439,1.0000,137.52,nan,nan,-2.0000,-2.0000
wavmark,2,english:1447,2,203,mean,1,1.0000,-2.0000,-2.0000,4.6068,0.9980,42.25,nan,nan,-2.0000,-2.0000
wavmark,2,english:1447,2,203,rp,1,1.0000,-2.0000,-2.0000,4.6068,0.9980,42.25,nan,nan,-2.0000,-2.0000
wavmark,2,english:1447,2,203,random_dirichlet,0,1.0000,-0.0000,1.0000,4.6377,0.9998,52.77,nan,nan,-2.0000,-2.0000
wavmark,2,english:1447,2,203,eep,1,1.0000,-2.0000,-2.0000,4.6068,0.9980,42.25,nan,nan,-2.0000,-2.0000
wavmark,2,english:1447,2,203,fwp,1,1.0000,-2.0000,-2.0000,4.6068,0.9980,42.25,nan,nan,-2.0000,-2.0000
wavmark,2,english:1447,2,203,dm,1,1.0000,-2.0000,-2.0000,4.6068,0.9980,42.25,nan,nan,-2.0000,-2.0000
wavmark,2,english:1447,2,203,tct,1,1.0000,-2.0000,-2.0000,4.6068,0.9980,42.25,nan,nan,-2.0000,-2.0000
wavmark,2,english:1447,2,203,payload_farthest,1,1.0000,-2.0000,-2.0000,4.6068,0.9980,42.25,nan,nan,-2.0000,-2.0000
wavmark,2,english:1455,0,204,single_copy,0,1.0000,-0.0000,1.0000,4.6439,1.0000,141.36,nan,nan,-4.0000,-4.0000
wavmark,2,english:1455,0,204,mean,1,1.0000,-4.0000,-4.0000,4.6021,0.9998,42.16,nan,nan,-4.0000,-4.0000
wavmark,2,english:1455,0,204,rp,1,1.0000,-4.0000,-4.0000,4.6021,0.9998,42.16,nan,nan,-4.0000,-4.0000
wavmark,2,english:1455,0,204,random_dirichlet,0,1.0000,-0.0000,1.0000,4.5344,0.9994,37.96,nan,nan,-4.0000,-4.0000
wavmark,2,english:1455,0,204,eep,1,1.0000,-4.0000,-4.0000,4.6021,0.9998,42.16,nan,nan,-4.0000,-4.0000
wavmark,2,english:1455,0,204,fwp,1,1.0000,-4.0000,-4.0000,4.6021,0.9998,42.16,nan,nan,-4.0000,-4.0000
wavmark,2,english:1455,0,204,dm,1,1.0000,-4.0000,-4.0000,4.6021,0.9998,42.16,nan,nan,-4.0000,-4.0000
wavmark,2,english:1455,0,204,tct,1,1.0000,-4.0000,-4.0000,4.6021,0.9998,42.16,nan,nan,-4.0000,-4.0000
wavmark,2,english:1455,0,204,payload_farthest,1,1.0000,-4.0000,-4.0000,4.6021,0.9998,42.16,nan,nan,-4.0000,-4.0000
wavmark,2,english:1455,1,205,single_copy,0,1.0000,-0.0000,1.0000,4.6439,1.0000,141.36,nan,nan,-5.0000,-5.0000
wavmark,2,english:1455,1,205,mean,1,1.0000,-5.0000,-5.0000,4.6104,0.9999,42.58,nan,nan,-5.0000,-5.0000
wavmark,2,english:1455,1,205,rp,1,1.0000,-5.0000,-5.0000,4.6104,0.9999,42.58,nan,nan,-5.0000,-5.0000
wavmark,2,english:1455,1,205,random_dirichlet,0,1.0000,-0.0000,1.0000,4.6422,1.0000,55.16,nan,nan,-5.0000,-5.0000
wavmark,2,english:1455,1,205,eep,1,1.0000,-5.0000,-5.0000,4.6104,0.9999,42.58,nan,nan,-5.0000,-5.0000
wavmark,2,english:1455,1,205,fwp,1,1.0000,-5.0000,-5.0000,4.6104,0.9999,42.58,nan,nan,-5.0000,-5.0000
wavmark,2,english:1455,1,205,dm,1,1.0000,-5.0000,-5.0000,4.6104,0.9999,42.58,nan,nan,-5.0000,-5.0000
wavmark,2,english:1455,1,205,tct,1,1.0000,-5.0000,-5.0000,4.6104,0.9999,42.58,nan,nan,-5.0000,-5.0000
wavmark,2,english:1455,1,205,payload_farthest,1,1.0000,-5.0000,-5.0000,4.6104,0.9999,42.58,nan,nan,-5.0000,-5.0000
wavmark,2,english:1455,2,206,single_copy,0,1.0000,-0.0000,1.0000,4.6439,1.0000,141.36,nan,nan,-3.0000,-3.0000
wavmark,2,english:1455,2,206,mean,1,1.0000,-3.0000,-3.0000,4.6051,0.9997,42.57,nan,nan,-3.0000,-3.0000
wavmark,2,english:1455,2,206,rp,1,1.0000,-3.0000,-3.0000,4.6051,0.9997,42.57,nan,nan,-3.0000,-3.0000
wavmark,2,english:1455,2,206,random_dirichlet,0,1.0000,-0.0000,1.0000,4.6438,1.0000,74.41,nan,nan,-3.0000,-3.0000
wavmark,2,english:1455,2,206,eep,1,1.0000,-3.0000,-3.0000,4.6051,0.9997,42.57,nan,nan,-3.0000,-3.0000
wavmark,2,english:1455,2,206,fwp,1,1.0000,-3.0000,-3.0000,4.6051,0.9997,42.57,nan,nan,-3.0000,-3.0000
wavmark,2,english:1455,2,206,dm,1,1.0000,-3.0000,-3.0000,4.6051,0.9997,42.57,nan,nan,-3.0000,-3.0000
wavmark,2,english:1455,2,206,tct,1,1.0000,-3.0000,-3.0000,4.6051,0.9997,42.57,nan,nan,-3.0000,-3.0000
wavmark,2,english:1455,2,206,payload_farthest,1,1.0000,-3.0000,-3.0000,4.6051,0.9997,42.57,nan,nan,-3.0000,-3.0000
wavmark,2,english:150,0,207,single_copy,0,1.0000,-0.0000,1.0000,4.6439,1.0000,143.99,nan,nan,-4.0000,-4.0000
wavmark,2,english:150,0,207,mean,1,1.0000,-4.0000,-4.0000,4.6208,0.9994,41.49,nan,nan,-4.0000,-4.0000
wavmark,2,english:150,0,207,rp,1,1.0000,-4.0000,-4.0000,4.6208,0.9994,41.49,nan,nan,-4.0000,-4.0000
wavmark,2,english:150,0,207,random_dirichlet,0,1.0000,-0.0000,1.0000,4.5887,0.9984,37.45,nan,nan,-4.0000,-4.0000
wavmark,2,english:150,0,207,eep,1,1.0000,-4.0000,-4.0000,4.6208,0.9994,41.49,nan,nan,-4.0000,-4.0000
wavmark,2,english:150,0,207,fwp,1,1.0000,-4.0000,-4.0000,4.6208,0.9994,41.49,nan,nan,-4.0000,-4.0000
wavmark,2,english:150,0,207,dm,1,1.0000,-4.0000,-4.0000,4.6208,0.9994,41.49,nan,nan,-4.0000,-4.0000
wavmark,2,english:150,0,207,tct,1,1.0000,-4.0000,-4.0000,4.6208,0.9994,41.49,nan,nan,-4.0000,-4.0000
wavmark,2,english:150,0,207,payload_farthest,1,1.0000,-4.0000,-4.0000,4.6208,0.9994,41.49,nan,nan,-4.0000,-4.0000
wavmark,2,english:150,1,208,single_copy,0,1.0000,-0.0000,1.0000,4.6439,1.0000,143.99,nan,nan,-4.0000,-4.0000
wavmark,2,english:150,1,208,mean,1,1.0000,-4.0000,-4.0000,4.6289,0.9995,41.86,nan,nan,-4.0000,-4.0000
wavmark,2,english:150,1,208,rp,1,1.0000,-4.0000,-4.0000,4.6289,0.9995,41.86,nan,nan,-4.0000,-4.0000
wavmark,2,english:150,1,208,random_dirichlet,0,1.0000,-0.0000,1.0000,4.6000,0.9988,37.43,nan,nan,-4.0000,-4.0000
wavmark,2,english:150,1,208,eep,1,1.0000,-4.0000,-4.0000,4.6289,0.9995,41.86,nan,nan,-4.0000,-4.0000
wavmark,2,english:150,1,208,fwp,1,1.0000,-4.0000,-4.0000,4.6289,0.9995,41.86,nan,nan,-4.0000,-4.0000
wavmark,2,english:150,1,208,dm,1,1.0000,-4.0000,-4.0000,4.6289,0.9995,41.86,nan,nan,-4.0000,-4.0000
wavmark,2,english:150,1,208,tct,1,1.0000,-4.0000,-4.0000,4.6289,0.9995,41.86,nan,nan,-4.0000,-4.0000
wavmark,2,english:150,1,208,payload_farthest,1,1.0000,-4.0000,-4.0000,4.6289,0.9995,41.86,nan,nan,-4.0000,-4.0000
wavmark,2,english:150,2,209,single_copy,0,1.0000,-0.0000,1.0000,4.6439,1.0000,143.99,nan,nan,-3.0000,-3.0000
wavmark,2,english:150,2,209,mean,1,1.0000,-3.0000,-3.0000,4.6277,0.9996,43.49,nan,nan,-3.0000,-3.0000
wavmark,2,english:150,2,209,rp,1,1.0000,-3.0000,-3.0000,4.6277,0.9996,43.49,nan,nan,-3.0000,-3.0000
wavmark,2,english:150,2,209,random_dirichlet,0,1.0000,-0.0000,1.0000,4.6420,0.9999,49.46,nan,nan,-3.0000,-3.0000
wavmark,2,english:150,2,209,eep,1,1.0000,-3.0000,-3.0000,4.6277,0.9996,43.49,nan,nan,-3.0000,-3.0000
wavmark,2,english:150,2,209,fwp,1,1.0000,-3.0000,-3.0000,4.6277,0.9996,43.49,nan,nan,-3.0000,-3.0000
wavmark,2,english:150,2,209,dm,1,1.0000,-3.0000,-3.0000,4.6277,0.9996,43.49,nan,nan,-3.0000,-3.0000
wavmark,2,english:150,2,209,tct,1,1.0000,-3.0000,-3.0000,4.6277,0.9996,43.49,nan,nan,-3.0000,-3.0000
wavmark,2,english:150,2,209,payload_farthest,1,1.0000,-3.0000,-3.0000,4.6277,0.9996,43.49,nan,nan,-3.0000,-3.0000
wavmark,2,english:1502,0,210,single_copy,0,1.0000,-0.0000,1.0000,4.6439,1.0000,144.03,nan,nan,-5.0000,-5.0000
wavmark,2,english:1502,0,210,mean,1,1.0000,-5.0000,-5.0000,4.6016,0.9988,44.71,nan,nan,-5.0000,-5.0000
wavmark,2,english:1502,0,210,rp,1,1.0000,-5.0000,-5.0000,4.6016,0.9988,44.71,nan,nan,-5.0000,-5.0000
wavmark,2,english:1502,0,210,random_dirichlet,1,1.0000,-4.0000,-4.0000,4.6045,0.9989,45.10,nan,nan,-5.0000,-5.0000
wavmark,2,english:1502,0,210,eep,1,1.0000,-5.0000,-5.0000,4.6016,0.9988,44.71,nan,nan,-5.0000,-5.0000
wavmark,2,english:1502,0,210,fwp,1,1.0000,-5.0000,-5.0000,4.6016,0.9988,44.71,nan,nan,-5.0000,-5.0000
wavmark,2,english:1502,0,210,dm,1,1.0000,-5.0000,-5.0000,4.6016,0.9988,44.71,nan,nan,-5.0000,-5.0000
wavmark,2,english:1502,0,210,tct,1,1.0000,-5.0000,-5.0000,4.6016,0.9988,44.71,nan,nan,-5.0000,-5.0000
wavmark,2,english:1502,0,210,payload_farthest,1,1.0000,-5.0000,-5.0000,4.6016,0.9988,44.71,nan,nan,-5.0000,-5.0000
wavmark,2,english:1502,1,211,single_copy,0,1.0000,-0.0000,1.0000,4.6439,1.0000,144.03,nan,nan,-4.0000,-4.0000
wavmark,2,english:1502,1,211,mean,1,1.0000,-4.0000,-4.0000,4.5901,0.9986,44.03,nan,nan,-4.0000,-4.0000
wavmark,2,english:1502,1,211,rp,1,1.0000,-4.0000,-4.0000,4.5901,0.9986,44.03,nan,nan,-4.0000,-4.0000
wavmark,2,english:1502,1,211,random_dirichlet,1,1.0000,-2.0000,-2.0000,4.6083,0.9992,46.61,nan,nan,-4.0000,-4.0000
wavmark,2,english:1502,1,211,eep,1,1.0000,-4.0000,-4.0000,4.5901,0.9986,44.03,nan,nan,-4.0000,-4.0000
wavmark,2,english:1502,1,211,fwp,1,1.0000,-4.0000,-4.0000,4.5901,0.9986,44.03,nan,nan,-4.0000,-4.0000
wavmark,2,english:1502,1,211,dm,1,1.0000,-4.0000,-4.0000,4.5901,0.9986,44.03,nan,nan,-4.0000,-4.0000
wavmark,2,english:1502,1,211,tct,1,1.0000,-4.0000,-4.0000,4.5901,0.9986,44.03,nan,nan,-4.0000,-4.0000
wavmark,2,english:1502,1,211,payload_farthest,1,1.0000,-4.0000,-4.0000,4.5901,0.9986,44.03,nan,nan,-4.0000,-4.0000
wavmark,2,english:1502,2,212,single_copy,0,1.0000,-0.0000,1.0000,4.6439,1.0000,144.03,nan,nan,-2.0000,-2.0000
wavmark,2,english:1502,2,212,mean,1,1.0000,-2.0000,-2.0000,4.6162,0.9991,46.55,nan,nan,-2.0000,-2.0000
wavmark,2,english:1502,2,212,rp,1,1.0000,-2.0000,-2.0000,4.6162,0.9991,46.55,nan,nan,-2.0000,-2.0000
wavmark,2,english:1502,2,212,random_dirichlet,0,1.0000,-0.0000,1.0000,4.6214,0.9993,47.37,nan,nan,-2.0000,-2.0000
wavmark,2,english:1502,2,212,eep,1,1.0000,-2.0000,-2.0000,4.6162,0.9991,46.55,nan,nan,-2.0000,-2.0000
wavmark,2,english:1502,2,212,fwp,1,1.0000,-2.0000,-2.0000,4.6162,0.9991,46.55,nan,nan,-2.0000,-2.0000
wavmark,2,english:1502,2,212,dm,1,1.0000,-2.0000,-2.0000,4.6162,0.9991,46.55,nan,nan,-2.0000,-2.0000
wavmark,2,english:1502,2,212,tct,1,1.0000,-2.0000,-2.0000,4.6162,0.9991,46.55,nan,nan,-2.0000,-2.0000
wavmark,2,english:1502,2,212,payload_farthest,1,1.0000,-2.0000,-2.0000,4.6162,0.9991,46.55,nan,nan,-2.0000,-2.0000
wavmark,2,english:1553,0,213,single_copy,0,1.0000,-0.0000,1.0000,4.6439,1.0000,143.43,nan,nan,-2.0000,-2.0000
wavmark,2,english:1553,0,213,mean,1,1.0000,-2.0000,-2.0000,4.5878,0.9999,44.17,nan,nan,-2.0000,-2.0000
wavmark,2,english:1553,0,213,rp,1,1.0000,-2.0000,-2.0000,4.5878,0.9999,44.17,nan,nan,-2.0000,-2.0000
wavmark,2,english:1553,0,213,random_dirichlet,1,1.0000,-3.0000,-3.0000,4.6060,0.9999,45.95,nan,nan,-2.0000,-2.0000
wavmark,2,english:1553,0,213,eep,1,1.0000,-2.0000,-2.0000,4.5878,0.9999,44.17,nan,nan,-2.0000,-2.0000
wavmark,2,english:1553,0,213,fwp,1,1.0000,-2.0000,-2.0000,4.5878,0.9999,44.17,nan,nan,-2.0000,-2.0000
wavmark,2,english:1553,0,213,dm,1,1.0000,-2.0000,-2.0000,4.5878,0.9999,44.17,nan,nan,-2.0000,-2.0000
wavmark,2,english:1553,0,213,tct,1,1.0000,-2.0000,-2.0000,4.5878,0.9999,44.17,nan,nan,-2.0000,-2.0000
wavmark,2,english:1553,0,213,payload_farthest,1,1.0000,-2.0000,-2.0000,4.5878,0.9999,44.17,nan,nan,-2.0000,-2.0000
wavmark,2,english:1553,1,214,single_copy,0,1.0000,-0.0000,1.0000,4.6439,1.0000,143.43,nan,nan,-3.0000,-3.0000
wavmark,2,english:1553,1,214,mean,1,1.0000,-3.0000,-3.0000,4.6162,0.9999,45.04,nan,nan,-3.0000,-3.0000
wavmark,2,english:1553,1,214,rp,1,1.0000,-3.0000,-3.0000,4.6162,0.9999,45.04,nan,nan,-3.0000,-3.0000
wavmark,2,english:1553,1,214,random_dirichlet,0,1.0000,-0.0000,1.0000,4.6027,0.9999,42.92,nan,nan,-3.0000,-3.0000
wavmark,2,english:1553,1,214,eep,1,1.0000,-3.0000,-3.0000,4.6162,0.9999,45.04,nan,nan,-3.0000,-3.0000
wavmark,2,english:1553,1,214,fwp,1,1.0000,-3.0000,-3.0000,4.6162,0.9999,45.04,nan,nan,-3.0000,-3.0000
wavmark,2,english:1553,1,214,dm,1,1.0000,-3.0000,-3.0000,4.6162,0.9999,45.04,nan,nan,-3.0000,-3.0000
wavmark,2,english:1553,1,214,tct,1,1.0000,-3.0000,-3.0000,4.6162,0.9999,45.04,nan,nan,-3.0000,-3.0000
wavmark,2,english:1553,1,214,payload_farthest,1,1.0000,-3.0000,-3.0000,4.6162,0.9999,45.04,nan,nan,-3.0000,-3.0000
wavmark,2,english:1553,2,215,single_copy,0,1.0000,-0.0000,1.0000,4.6439,1.0000,143.43,nan,nan,-2.0000,-2.0000
wavmark,2,english:1553,2,215,mean,1,1.0000,-2.0000,-2.0000,4.6034,0.9999,44.46,nan,nan,-2.0000,-2.0000
wavmark,2,english:1553,2,215,rp,1,1.0000,-2.0000,-2.0000,4.6034,0.9999,44.46,nan,nan,-2.0000,-2.0000
wavmark,2,english:1553,2,215,random_dirichlet,0,1.0000,-0.0000,1.0000,4.6272,1.0000,49.49,nan,nan,-2.0000,-2.0000
wavmark,2,english:1553,2,215,eep,1,1.0000,-2.0000,-2.0000,4.6034,0.9999,44.46,nan,nan,-2.0000,-2.0000
wavmark,2,english:1553,2,215,fwp,1,1.0000,-2.0000,-2.0000,4.6034,0.9999,44.46,nan,nan,-2.0000,-2.0000
wavmark,2,english:1553,2,215,dm,1,1.0000,-2.0000,-2.0000,4.6034,0.9999,44.46,nan,nan,-2.0000,-2.0000
wavmark,2,english:1553,2,215,tct,1,1.0000,-2.0000,-2.0000,4.6034,0.9999,44.46,nan,nan,-2.0000,-2.0000
wavmark,2,english:1553,2,215,payload_farthest,1,1.0000,-2.0000,-2.0000,4.6034,0.9999,44.46,nan,nan,-2.0000,-2.0000
wavmark,2,english:1578,0,216,single_copy,0,1.0000,-0.0000,1.0000,4.6439,1.0000,141.54,nan,nan,-5.0000,-5.0000
wavmark,2,english:1578,0,216,mean,1,1.0000,-5.0000,-5.0000,4.5908,0.9989,43.99,nan,nan,-5.0000,-5.0000
wavmark,2,english:1578,0,216,rp,1,1.0000,-5.0000,-5.0000,4.5908,0.9989,43.99,nan,nan,-5.0000,-5.0000
wavmark,2,english:1578,0,216,random_dirichlet,1,1.0000,-4.0000,-4.0000,4.5848,0.9987,43.51,nan,nan,-5.0000,-5.0000
wavmark,2,english:1578,0,216,eep,1,1.0000,-5.0000,-5.0000,4.5908,0.9989,43.99,nan,nan,-5.0000,-5.0000
wavmark,2,english:1578,0,216,fwp,1,1.0000,-5.0000,-5.0000,4.5908,0.9989,43.99,nan,nan,-5.0000,-5.0000
wavmark,2,english:1578,0,216,dm,1,1.0000,-5.0000,-5.0000,4.5908,0.9989,43.99,nan,nan,-5.0000,-5.0000
wavmark,2,english:1578,0,216,tct,1,1.0000,-5.0000,-5.0000,4.5908,0.9989,43.99,nan,nan,-5.0000,-5.0000
wavmark,2,english:1578,0,216,payload_farthest,1,1.0000,-5.0000,-5.0000,4.5908,0.9989,43.99,nan,nan,-5.0000,-5.0000
wavmark,2,english:1578,1,217,single_copy,0,1.0000,-0.0000,1.0000,4.6439,1.0000,141.54,nan,nan,1.0000,1.0000
wavmark,2,english:1578,1,217,mean,0,1.0000,-0.0000,1.0000,4.5894,0.9990,45.01,nan,nan,1.0000,1.0000
wavmark,2,english:1578,1,217,rp,0,1.0000,-0.0000,1.0000,4.5894,0.9990,45.01,nan,nan,1.0000,1.0000
wavmark,2,english:1578,1,217,random_dirichlet,0,1.0000,-0.0000,1.0000,4.5920,0.9991,45.25,nan,nan,1.0000,1.0000
wavmark,2,english:1578,1,217,eep,0,1.0000,-0.0000,1.0000,4.5894,0.9990,45.01,nan,nan,1.0000,1.0000
wavmark,2,english:1578,1,217,fwp,0,1.0000,-0.0000,1.0000,4.5894,0.9990,45.01,nan,nan,1.0000,1.0000
wavmark,2,english:1578,1,217,dm,0,1.0000,-0.0000,1.0000,4.5894,0.9990,45.01,nan,nan,1.0000,1.0000
wavmark,2,english:1578,1,217,tct,0,1.0000,-0.0000,1.0000,4.5894,0.9990,45.01,nan,nan,1.0000,1.0000
wavmark,2,english:1578,1,217,payload_farthest,0,1.0000,-0.0000,1.0000,4.5894,0.9990,45.01,nan,nan,1.0000,1.0000
wavmark,2,english:1578,2,218,single_copy,0,1.0000,-0.0000,1.0000,4.6439,1.0000,141.54,nan,nan,-3.0000,-3.0000
wavmark,2,english:1578,2,218,mean,1,1.0000,-3.0000,-3.0000,4.6071,0.9994,44.98,nan,nan,-3.0000,-3.0000
wavmark,2,english:1578,2,218,rp,1,1.0000,-3.0000,-3.0000,4.6071,0.9994,44.98,nan,nan,-3.0000,-3.0000
wavmark,2,english:1578,2,218,random_dirichlet,0,1.0000,-0.0000,1.0000,4.5346,0.9979,39.07,nan,nan,-3.0000,-3.0000
wavmark,2,english:1578,2,218,eep,1,1.0000,-3.0000,-3.0000,4.6071,0.9994,44.98,nan,nan,-3.0000,-3.0000
wavmark,2,english:1578,2,218,fwp,1,1.0000,-3.0000,-3.0000,4.6071,0.9994,44.98,nan,nan,-3.0000,-3.0000
wavmark,2,english:1578,2,218,dm,1,1.0000,-3.0000,-3.0000,4.6071,0.9994,44.98,nan,nan,-3.0000,-3.0000
wavmark,2,english:1578,2,218,tct,1,1.0000,-3.0000,-3.0000,4.6071,0.9994,44.98,nan,nan,-3.0000,-3.0000
wavmark,2,english:1578,2,218,payload_farthest,1,1.0000,-3.0000,-3.0000,4.6071,0.9994,44.98,nan,nan,-3.0000,-3.0000
wavmark,2,english:1594,0,219,single_copy,0,1.0000,-0.0000,1.0000,4.6439,1.0000,139.15,nan,nan,-5.0000,-5.0000
wavmark,2,english:1594,0,219,mean,1,1.0000,-5.0000,-5.0000,4.5584,0.9993,39.34,nan,nan,-5.0000,-5.0000
wavmark,2,english:1594,0,219,rp,1,1.0000,-5.0000,-5.0000,4.5584,0.9993,39.34,nan,nan,-5.0000,-5.0000
wavmark,2,english:1594,0,219,random_dirichlet,1,1.0000,-5.0000,-5.0000,4.5594,0.9993,39.40,nan,nan,-5.0000,-5.0000
wavmark,2,english:1594,0,219,eep,1,1.0000,-5.0000,-5.0000,4.5584,0.9993,39.34,nan,nan,-5.0000,-5.0000
wavmark,2,english:1594,0,219,fwp,1,1.0000,-5.0000,-5.0000,4.5584,0.9993,39.34,nan,nan,-5.0000,-5.0000
wavmark,2,english:1594,0,219,dm,1,1.0000,-5.0000,-5.0000,4.5584,0.9993,39.34,nan,nan,-5.0000,-5.0000
wavmark,2,english:1594,0,219,tct,1,1.0000,-5.0000,-5.0000,4.5584,0.9993,39.34,nan,nan,-5.0000,-5.0000
wavmark,2,english:1594,0,219,payload_farthest,1,1.0000,-5.0000,-5.0000,4.5584,0.9993,39.34,nan,nan,-5.0000,-5.0000
wavmark,2,english:1594,1,220,single_copy,0,1.0000,-0.0000,1.0000,4.6439,1.0000,139.15,nan,nan,-3.0000,-3.0000
wavmark,2,english:1594,1,220,mean,1,1.0000,-3.0000,-3.0000,4.5292,0.9993,39.88,nan,nan,-3.0000,-3.0000
wavmark,2,english:1594,1,220,rp,1,1.0000,-3.0000,-3.0000,4.5292,0.9993,39.88,nan,nan,-3.0000,-3.0000
wavmark,2,english:1594,1,220,random_dirichlet,0,1.0000,-0.0000,1.0000,4.5840,0.9998,44.72,nan,nan,-3.0000,-3.0000
wavmark,2,english:1594,1,220,eep,1,1.0000,-3.0000,-3.0000,4.5292,0.9993,39.88,nan,nan,-3.0000,-3.0000
wavmark,2,english:1594,1,220,fwp,1,1.0000,-3.0000,-3.0000,4.5292,0.9993,39.88,nan,nan,-3.0000,-3.0000
wavmark,2,english:1594,1,220,dm,1,1.0000,-3.0000,-3.0000,4.5292,0.9993,39.88,nan,nan,-3.0000,-3.0000
wavmark,2,english:1594,1,220,tct,1,1.0000,-3.0000,-3.0000,4.5292,0.9993,39.88,nan,nan,-3.0000,-3.0000
wavmark,2,english:1594,1,220,payload_farthest,1,1.0000,-3.0000,-3.0000,4.5292,0.9993,39.88,nan,nan,-3.0000,-3.0000
wavmark,2,english:1594,2,221,single_copy,0,1.0000,-0.0000,1.0000,4.6439,1.0000,139.15,nan,nan,-1.0000,-1.0000
wavmark,2,english:1594,2,221,mean,1,1.0000,-1.0000,-1.0000,4.5590,0.9991,40.90,nan,nan,-1.0000,-1.0000
wavmark,2,english:1594,2,221,rp,1,1.0000,-1.0000,-1.0000,4.5590,0.9991,40.90,nan,nan,-1.0000,-1.0000
wavmark,2,english:1594,2,221,random_dirichlet,0,1.0000,-0.0000,1.0000,4.6335,0.9999,50.95,nan,nan,-1.0000,-1.0000
wavmark,2,english:1594,2,221,eep,1,1.0000,-1.0000,-1.0000,4.5590,0.9991,40.90,nan,nan,-1.0000,-1.0000
wavmark,2,english:1594,2,221,fwp,1,1.0000,-1.0000,-1.0000,4.5590,0.9991,40.90,nan,nan,-1.0000,-1.0000
wavmark,2,english:1594,2,221,dm,1,1.0000,-1.0000,-1.0000,4.5590,0.9991,40.90,nan,nan,-1.0000,-1.0000
wavmark,2,english:1594,2,221,tct,1,1.0000,-1.0000,-1.0000,4.5590,0.9991,40.90,nan,nan,-1.0000,-1.0000
wavmark,2,english:1594,2,221,payload_farthest,1,1.0000,-1.0000,-1.0000,4.5590,0.9991,40.90,nan,nan,-1.0000,-1.0000
wavmark,2,english:1624,0,222,single_copy,0,1.0000,-0.0000,1.0000,4.6439,1.0000,145.62,nan,nan,-2.0000,-2.0000
wavmark,2,english:1624,0,222,mean,1,1.0000,-2.0000,-2.0000,4.5833,1.0000,45.39,nan,nan,-2.0000,-2.0000
wavmark,2,english:1624,0,222,rp,1,1.0000,-2.0000,-2.0000,4.5833,1.0000,45.39,nan,nan,-2.0000,-2.0000
wavmark,2,english:1624,0,222,random_dirichlet,0,1.0000,-0.0000,1.0000,4.6411,1.0000,60.06,nan,nan,-2.0000,-2.0000
wavmark,2,english:1624,0,222,eep,1,1.0000,-2.0000,-2.0000,4.5833,1.0000,45.39,nan,nan,-2.0000,-2.0000
wavmark,2,english:1624,0,222,fwp,1,1.0000,-2.0000,-2.0000,4.5833,1.0000,45.39,nan,nan,-2.0000,-2.0000
wavmark,2,english:1624,0,222,dm,1,1.0000,-2.0000,-2.0000,4.5833,1.0000,45.39,nan,nan,-2.0000,-2.0000
wavmark,2,english:1624,0,222,tct,1,1.0000,-2.0000,-2.0000,4.5833,1.0000,45.39,nan,nan,-2.0000,-2.0000
wavmark,2,english:1624,0,222,payload_farthest,1,1.0000,-2.0000,-2.0000,4.5833,1.0000,45.39,nan,nan,-2.0000,-2.0000
wavmark,2,english:1624,1,223,single_copy,0,1.0000,-0.0000,1.0000,4.6439,1.0000,145.62,nan,nan,-2.0000,-2.0000
wavmark,2,english:1624,1,223,mean,1,1.0000,-2.0000,-2.0000,4.5767,1.0000,45.14,nan,nan,-2.0000,-2.0000
wavmark,2,english:1624,1,223,rp,1,1.0000,-2.0000,-2.0000,4.5767,1.0000,45.14,nan,nan,-2.0000,-2.0000
wavmark,2,english:1624,1,223,random_dirichlet,0,1.0000,-0.0000,1.0000,4.6265,1.0000,53.70,nan,nan,-2.0000,-2.0000
wavmark,2,english:1624,1,223,eep,1,1.0000,-2.0000,-2.0000,4.5767,1.0000,45.14,nan,nan,-2.0000,-2.0000
wavmark,2,english:1624,1,223,fwp,1,1.0000,-2.0000,-2.0000,4.5767,1.0000,45.14,nan,nan,-2.0000,-2.0000
wavmark,2,english:1624,1,223,dm,1,1.0000,-2.0000,-2.0000,4.5767,1.0000,45.14,nan,nan,-2.0000,-2.0000
wavmark,2,english:1624,1,223,tct,1,1.0000,-2.0000,-2.0000,4.5767,1.0000,45.14,nan,nan,-2.0000,-2.0000
wavmark,2,english:1624,1,223,payload_farthest,1,1.0000,-2.0000,-2.0000,4.5767,1.0000,45.14,nan,nan,-2.0000,-2.0000
wavmark,2,english:1624,2,224,single_copy,0,1.0000,-0.0000,1.0000,4.6439,1.0000,145.62,nan,nan,-4.0000,-4.0000
wavmark,2,english:1624,2,224,mean,1,1.0000,-4.0000,-4.0000,4.5565,0.9999,44.49,nan,nan,-4.0000,-4.0000
wavmark,2,english:1624,2,224,rp,1,1.0000,-4.0000,-4.0000,4.5565,0.9999,44.49,nan,nan,-4.0000,-4.0000
wavmark,2,english:1624,2,224,random_dirichlet,0,1.0000,-0.0000,1.0000,4.6194,1.0000,52.24,nan,nan,-4.0000,-4.0000
wavmark,2,english:1624,2,224,eep,1,1.0000,-4.0000,-4.0000,4.5565,0.9999,44.49,nan,nan,-4.0000,-4.0000
wavmark,2,english:1624,2,224,fwp,1,1.0000,-4.0000,-4.0000,4.5565,0.9999,44.49,nan,nan,-4.0000,-4.0000
wavmark,2,english:1624,2,224,dm,1,1.0000,-4.0000,-4.0000,4.5565,0.9999,44.49,nan,nan,-4.0000,-4.0000
wavmark,2,english:1624,2,224,tct,1,1.0000,-4.0000,-4.0000,4.5565,0.9999,44.49,nan,nan,-4.0000,-4.0000
wavmark,2,english:1624,2,224,payload_farthest,1,1.0000,-4.0000,-4.0000,4.5565,0.9999,44.49,nan,nan,-4.0000,-4.0000
wavmark,2,english:163,0,225,single_copy,0,1.0000,-0.0000,1.0000,4.6439,1.0000,147.36,nan,nan,-4.0000,-4.0000
wavmark,2,english:163,0,225,mean,1,1.0000,-4.0000,-4.0000,4.5995,0.9975,43.88,nan,nan,-4.0000,-4.0000
wavmark,2,english:163,0,225,rp,1,1.0000,-4.0000,-4.0000,4.5995,0.9975,43.88,nan,nan,-4.0000,-4.0000
wavmark,2,english:163,0,225,random_dirichlet,0,1.0000,-0.0000,1.0000,4.5023,0.9926,38.58,nan,nan,-4.0000,-4.0000
wavmark,2,english:163,0,225,eep,1,1.0000,-4.0000,-4.0000,4.5995,0.9975,43.88,nan,nan,-4.0000,-4.0000
wavmark,2,english:163,0,225,fwp,1,1.0000,-4.0000,-4.0000,4.5995,0.9975,43.88,nan,nan,-4.0000,-4.0000
wavmark,2,english:163,0,225,dm,1,1.0000,-4.0000,-4.0000,4.5995,0.9975,43.88,nan,nan,-4.0000,-4.0000
wavmark,2,english:163,0,225,tct,1,1.0000,-4.0000,-4.0000,4.5995,0.9975,43.88,nan,nan,-4.0000,-4.0000
wavmark,2,english:163,0,225,payload_farthest,1,1.0000,-4.0000,-4.0000,4.5995,0.9975,43.88,nan,nan,-4.0000,-4.0000
wavmark,2,english:163,1,226,single_copy,0,1.0000,-0.0000,1.0000,4.6439,1.0000,147.36,nan,nan,-2.0000,-2.0000
wavmark,2,english:163,1,226,mean,1,1.0000,-2.0000,-2.0000,4.6169,0.9986,46.91,nan,nan,-2.0000,-2.0000
wavmark,2,english:163,1,226,rp,1,1.0000,-2.0000,-2.0000,4.6169,0.9986,46.91,nan,nan,-2.0000,-2.0000
wavmark,2,english:163,1,226,random_dirichlet,0,1.0000,-0.0000,1.0000,4.6382,0.9997,53.59,nan,nan,-2.0000,-2.0000
wavmark,2,english:163,1,226,eep,1,1.0000,-2.0000,-2.0000,4.6169,0.9986,46.91,nan,nan,-2.0000,-2.0000
wavmark,2,english:163,1,226,fwp,1,1.0000,-2.0000,-2.0000,4.6169,0.9986,46.91,nan,nan,-2.0000,-2.0000
wavmark,2,english:163,1,226,dm,1,1.0000,-2.0000,-2.0000,4.6169,0.9986,46.91,nan,nan,-2.0000,-2.0000
wavmark,2,english:163,1,226,tct,1,1.0000,-2.0000,-2.0000,4.6169,0.9986,46.91,nan,nan,-2.0000,-2.0000
wavmark,2,english:163,1,226,payload_farthest,1,1.0000,-2.0000,-2.0000,4.6169,0.9986,46.91,nan,nan,-2.0000,-2.0000
wavmark,2,english:163,2,227,single_copy,0,1.0000,-0.0000,1.0000,4.6439,1.0000,147.36,nan,nan,-4.0000,-4.0000
wavmark,2,english:163,2,227,mean,1,1.0000,-4.0000,-4.0000,4.6071,0.9980,44.88,nan,nan,-4.0000,-4.0000
wavmark,2,english:163,2,227,rp,1,1.0000,-4.0000,-4.0000,4.6071,0.9980,44.88,nan,nan,-4.0000,-4.0000
wavmark,2,english:163,2,227,random_dirichlet,1,1.0000,-4.0000,-4.0000,4.6163,0.9985,46.19,nan,nan,-4.0000,-4.0000
wavmark,2,english:163,2,227,eep,1,1.0000,-4.0000,-4.0000,4.6071,0.9980,44.88,nan,nan,-4.0000,-4.0000
wavmark,2,english:163,2,227,fwp,1,1.0000,-4.0000,-4.0000,4.6071,0.9980,44.88,nan,nan,-4.0000,-4.0000
wavmark,2,english:163,2,227,dm,1,1.0000,-4.0000,-4.0000,4.6071,0.9980,44.88,nan,nan,-4.0000,-4.0000
wavmark,2,english:163,2,227,tct,1,1.0000,-4.0000,-4.0000,4.6071,0.9980,44.88,nan,nan,-4.0000,-4.0000
wavmark,2,english:163,2,227,payload_farthest,1,1.0000,-4.0000,-4.0000,4.6071,0.9980,44.88,nan,nan,-4.0000,-4.0000
wavmark,2,english:1723,0,228,single_copy,0,1.0000,-0.0000,1.0000,4.6439,1.0000,144.40,nan,nan,-4.0000,-4.0000
wavmark,2,english:1723,0,228,mean,1,1.0000,-4.0000,-4.0000,4.6222,0.9994,43.49,nan,nan,-4.0000,-4.0000
wavmark,2,english:1723,0,228,rp,1,1.0000,-4.0000,-4.0000,4.6222,0.9994,43.49,nan,nan,-4.0000,-4.0000
wavmark,2,english:1723,0,228,random_dirichlet,1,1.0000,-3.0000,-3.0000,4.6209,0.9994,43.26,nan,nan,-4.0000,-4.0000
wavmark,2,english:1723,0,228,eep,1,1.0000,-4.0000,-4.0000,4.6222,0.9994,43.49,nan,nan,-4.0000,-4.0000
wavmark,2,english:1723,0,228,fwp,1,1.0000,-4.0000,-4.0000,4.6222,0.9994,43.49,nan,nan,-4.0000,-4.0000
wavmark,2,english:1723,0,228,dm,1,1.0000,-4.0000,-4.0000,4.6222,0.9994,43.49,nan,nan,-4.0000,-4.0000
wavmark,2,english:1723,0,228,tct,1,1.0000,-4.0000,-4.0000,4.6222,0.9994,43.49,nan,nan,-4.0000,-4.0000
wavmark,2,english:1723,0,228,payload_farthest,1,1.0000,-4.0000,-4.0000,4.6222,0.9994,43.49,nan,nan,-4.0000,-4.0000
wavmark,2,english:1723,1,229,single_copy,0,1.0000,-0.0000,1.0000,4.6439,1.0000,144.40,nan,nan,-2.0000,-2.0000
wavmark,2,english:1723,1,229,mean,1,1.0000,-2.0000,-2.0000,4.6218,0.9990,43.36,nan,nan,-2.0000,-2.0000
wavmark,2,english:1723,1,229,rp,1,1.0000,-2.0000,-2.0000,4.6218,0.9990,43.36,nan,nan,-2.0000,-2.0000
wavmark,2,english:1723,1,229,random_dirichlet,1,1.0000,-2.0000,-2.0000,4.6198,0.9990,43.03,nan,nan,-2.0000,-2.0000
wavmark,2,english:1723,1,229,eep,1,1.0000,-2.0000,-2.0000,4.6218,0.9990,43.36,nan,nan,-2.0000,-2.0000
wavmark,2,english:1723,1,229,fwp,1,1.0000,-2.0000,-2.0000,4.6218,0.9990,43.36,nan,nan,-2.0000,-2.0000
wavmark,2,english:1723,1,229,dm,1,1.0000,-2.0000,-2.0000,4.6218,0.9990,43.36,nan,nan,-2.0000,-2.0000
wavmark,2,english:1723,1,229,tct,1,1.0000,-2.0000,-2.0000,4.6218,0.9990,43.36,nan,nan,-2.0000,-2.0000
wavmark,2,english:1723,1,229,payload_farthest,1,1.0000,-2.0000,-2.0000,4.6218,0.9990,43.36,nan,nan,-2.0000,-2.0000
wavmark,2,english:1723,2,230,single_copy,0,1.0000,-0.0000,1.0000,4.6439,1.0000,144.40,nan,nan,-4.0000,-4.0000
wavmark,2,english:1723,2,230,mean,1,1.0000,-4.0000,-4.0000,4.5945,0.9988,41.76,nan,nan,-4.0000,-4.0000
wavmark,2,english:1723,2,230,rp,1,1.0000,-4.0000,-4.0000,4.5945,0.9988,41.76,nan,nan,-4.0000,-4.0000
wavmark,2,english:1723,2,230,random_dirichlet,1,1.0000,-4.0000,-4.0000,4.5825,0.9984,40.60,nan,nan,-4.0000,-4.0000
wavmark,2,english:1723,2,230,eep,1,1.0000,-4.0000,-4.0000,4.5945,0.9988,41.76,nan,nan,-4.0000,-4.0000
wavmark,2,english:1723,2,230,fwp,1,1.0000,-4.0000,-4.0000,4.5945,0.9988,41.76,nan,nan,-4.0000,-4.0000
wavmark,2,english:1723,2,230,dm,1,1.0000,-4.0000,-4.0000,4.5945,0.9988,41.76,nan,nan,-4.0000,-4.0000
wavmark,2,english:1723,2,230,tct,1,1.0000,-4.0000,-4.0000,4.5945,0.9988,41.76,nan,nan,-4.0000,-4.0000
wavmark,2,english:1723,2,230,payload_farthest,1,1.0000,-4.0000,-4.0000,4.5945,0.9988,41.76,nan,nan,-4.0000,-4.0000
wavmark,2,english:1737,0,231,single_copy,0,1.0000,-0.0000,1.0000,4.6439,1.0000,143.05,nan,nan,-5.0000,-5.0000
wavmark,2,english:1737,0,231,mean,1,1.0000,-5.0000,-5.0000,4.6109,0.9998,42.31,nan,nan,-5.0000,-5.0000
wavmark,2,english:1737,0,231,rp,1,1.0000,-5.0000,-5.0000,4.6109,0.9998,42.31,nan,nan,-5.0000,-5.0000
wavmark,2,english:1737,0,231,random_dirichlet,0,1.0000,-0.0000,1.0000,4.5162,0.9994,36.41,nan,nan,-5.0000,-5.0000
wavmark,2,english:1737,0,231,eep,1,1.0000,-5.0000,-5.0000,4.6109,0.9998,42.31,nan,nan,-5.0000,-5.0000
wavmark,2,english:1737,0,231,fwp,1,1.0000,-5.0000,-5.0000,4.6109,0.9998,42.31,nan,nan,-5.0000,-5.0000
wavmark,2,english:1737,0,231,dm,1,1.0000,-5.0000,-5.0000,4.6109,0.9998,42.31,nan,nan,-5.0000,-5.0000
wavmark,2,english:1737,0,231,tct,1,1.0000,-5.0000,-5.0000,4.6109,0.9998,42.31,nan,nan,-5.0000,-5.0000
wavmark,2,english:1737,0,231,payload_farthest,1,1.0000,-5.0000,-5.0000,4.6109,0.9998,42.31,nan,nan,-5.0000,-5.0000
wavmark,2,english:1737,1,232,single_copy,0,1.0000,-0.0000,1.0000,4.6439,1.0000,143.05,nan,nan,-1.0000,-1.0000
wavmark,2,english:1737,1,232,mean,1,1.0000,-1.0000,-1.0000,4.6196,0.9999,43.42,nan,nan,-1.0000,-1.0000
wavmark,2,english:1737,1,232,rp,1,1.0000,-1.0000,-1.0000,4.6196,0.9999,43.42,nan,nan,-1.0000,-1.0000
wavmark,2,english:1737,1,232,random_dirichlet,1,1.0000,-1.0000,-1.0000,4.6120,0.9998,42.40,nan,nan,-1.0000,-1.0000
wavmark,2,english:1737,1,232,eep,1,1.0000,-1.0000,-1.0000,4.6196,0.9999,43.42,nan,nan,-1.0000,-1.0000
wavmark,2,english:1737,1,232,fwp,1,1.0000,-1.0000,-1.0000,4.6196,0.9999,43.42,nan,nan,-1.0000,-1.0000
wavmark,2,english:1737,1,232,dm,1,1.0000,-1.0000,-1.0000,4.6196,0.9999,43.42,nan,nan,-1.0000,-1.0000
wavmark,2,english:1737,1,232,tct,1,1.0000,-1.0000,-1.0000,4.6196,0.9999,43.42,nan,nan,-1.0000,-1.0000
wavmark,2,english:1737,1,232,payload_farthest,1,1.0000,-1.0000,-1.0000,4.6196,0.9999,43.42,nan,nan,-1.0000,-1.0000
wavmark,2,english:1737,2,233,single_copy,0,1.0000,-0.0000,1.0000,4.6439,1.0000,143.05,nan,nan,-4.0000,-4.0000
wavmark,2,english:1737,2,233,mean,1,1.0000,-4.0000,-4.0000,4.5967,0.9998,42.71,nan,nan,-4.0000,-4.0000
wavmark,2,english:1737,2,233,rp,1,1.0000,-4.0000,-4.0000,4.5967,0.9998,42.71,nan,nan,-4.0000,-4.0000
wavmark,2,english:1737,2,233,random_dirichlet,0,1.0000,-0.0000,1.0000,4.5756,0.9997,41.01,nan,nan,-4.0000,-4.0000
wavmark,2,english:1737,2,233,eep,1,1.0000,-4.0000,-4.0000,4.5967,0.9998,42.71,nan,nan,-4.0000,-4.0000
wavmark,2,english:1737,2,233,fwp,1,1.0000,-4.0000,-4.0000,4.5967,0.9998,42.71,nan,nan,-4.0000,-4.0000
wavmark,2,english:1737,2,233,dm,1,1.0000,-4.0000,-4.0000,4.5967,0.9998,42.71,nan,nan,-4.0000,-4.0000
wavmark,2,english:1737,2,233,tct,1,1.0000,-4.0000,-4.0000,4.5967,0.9998,42.71,nan,nan,-4.0000,-4.0000
wavmark,2,english:1737,2,233,payload_farthest,1,1.0000,-4.0000,-4.0000,4.5967,0.9998,42.71,nan,nan,-4.0000,-4.0000
wavmark,2,english:1743,0,234,single_copy,0,1.0000,-0.0000,1.0000,4.6439,1.0000,145.70,nan,nan,-2.0000,-2.0000
wavmark,2,english:1743,0,234,mean,1,1.0000,-2.0000,-2.0000,4.5781,0.9999,45.80,nan,nan,-2.0000,-2.0000
wavmark,2,english:1743,0,234,rp,1,1.0000,-2.0000,-2.0000,4.5781,0.9999,45.80,nan,nan,-2.0000,-2.0000
wavmark,2,english:1743,0,234,random_dirichlet,0,1.0000,-0.0000,1.0000,4.6411,1.0000,62.22,nan,nan,-2.0000,-2.0000
wavmark,2,english:1743,0,234,eep,1,1.0000,-2.0000,-2.0000,4.5781,0.9999,45.80,nan,nan,-2.0000,-2.0000
wavmark,2,english:1743,0,234,fwp,1,1.0000,-2.0000,-2.0000,4.5781,0.9999,45.80,nan,nan,-2.0000,-2.0000
wavmark,2,english:1743,0,234,dm,1,1.0000,-2.0000,-2.0000,4.5781,0.9999,45.80,nan,nan,-2.0000,-2.0000
wavmark,2,english:1743,0,234,tct,1,1.0000,-2.0000,-2.0000,4.5781,0.9999,45.80,nan,nan,-2.0000,-2.0000
wavmark,2,english:1743,0,234,payload_farthest,1,1.0000,-2.0000,-2.0000,4.5781,0.9999,45.80,nan,nan,-2.0000,-2.0000
wavmark,2,english:1743,1,235,single_copy,0,1.0000,-0.0000,1.0000,4.6439,1.0000,145.70,nan,nan,-5.0000,-5.0000
wavmark,2,english:1743,1,235,mean,1,1.0000,-5.0000,-5.0000,4.5850,0.9999,44.97,nan,nan,-5.0000,-5.0000
wavmark,2,english:1743,1,235,rp,1,1.0000,-5.0000,-5.0000,4.5850,0.9999,44.97,nan,nan,-5.0000,-5.0000
wavmark,2,english:1743,1,235,random_dirichlet,1,1.0000,-4.0000,-4.0000,4.5985,0.9999,46.22,nan,nan,-5.0000,-5.0000
wavmark,2,english:1743,1,235,eep,1,1.0000,-5.0000,-5.0000,4.5850,0.9999,44.97,nan,nan,-5.0000,-5.0000
wavmark,2,english:1743,1,235,fwp,1,1.0000,-5.0000,-5.0000,4.5850,0.9999,44.97,nan,nan,-5.0000,-5.0000
wavmark,2,english:1743,1,235,dm,1,1.0000,-5.0000,-5.0000,4.5850,0.9999,44.97,nan,nan,-5.0000,-5.0000
wavmark,2,english:1743,1,235,tct,1,1.0000,-5.0000,-5.0000,4.5850,0.9999,44.97,nan,nan,-5.0000,-5.0000
wavmark,2,english:1743,1,235,payload_farthest,1,1.0000,-5.0000,-5.0000,4.5850,0.9999,44.97,nan,nan,-5.0000,-5.0000
wavmark,2,english:1743,2,236,single_copy,0,1.0000,-0.0000,1.0000,4.6439,1.0000,145.70,nan,nan,-1.0000,-1.0000
wavmark,2,english:1743,2,236,mean,1,1.0000,-1.0000,-1.0000,4.5916,0.9999,47.05,nan,nan,-1.0000,-1.0000
wavmark,2,english:1743,2,236,rp,1,1.0000,-1.0000,-1.0000,4.5916,0.9999,47.05,nan,nan,-1.0000,-1.0000
wavmark,2,english:1743,2,236,random_dirichlet,1,1.0000,-3.0000,-3.0000,4.5762,0.9999,45.72,nan,nan,-1.0000,-1.0000
wavmark,2,english:1743,2,236,eep,1,1.0000,-1.0000,-1.0000,4.5916,0.9999,47.05,nan,nan,-1.0000,-1.0000
wavmark,2,english:1743,2,236,fwp,1,1.0000,-1.0000,-1.0000,4.5916,0.9999,47.05,nan,nan,-1.0000,-1.0000
wavmark,2,english:1743,2,236,dm,1,1.0000,-1.0000,-1.0000,4.5916,0.9999,47.05,nan,nan,-1.0000,-1.0000
wavmark,2,english:1743,2,236,tct,1,1.0000,-1.0000,-1.0000,4.5916,0.9999,47.05,nan,nan,-1.0000,-1.0000
wavmark,2,english:1743,2,236,payload_farthest,1,1.0000,-1.0000,-1.0000,4.5916,0.9999,47.05,nan,nan,-1.0000,-1.0000
wavmark,2,english:1841,0,237,single_copy,0,1.0000,-0.0000,1.0000,4.6439,1.0000,143.94,nan,nan,-2.0000,-2.0000
wavmark,2,english:1841,0,237,mean,1,1.0000,-2.0000,-2.0000,4.6203,1.0000,43.76,nan,nan,-2.0000,-2.0000
wavmark,2,english:1841,0,237,rp,1,1.0000,-2.0000,-2.0000,4.6203,1.0000,43.76,nan,nan,-2.0000,-2.0000
wavmark,2,english:1841,0,237,random_dirichlet,0,1.0000,-0.0000,1.0000,4.5671,0.9999,38.01,nan,nan,-2.0000,-2.0000
wavmark,2,english:1841,0,237,eep,1,1.0000,-2.0000,-2.0000,4.6203,1.0000,43.76,nan,nan,-2.0000,-2.0000
wavmark,2,english:1841,0,237,fwp,1,1.0000,-2.0000,-2.0000,4.6203,1.0000,43.76,nan,nan,-2.0000,-2.0000
wavmark,2,english:1841,0,237,dm,1,1.0000,-2.0000,-2.0000,4.6203,1.0000,43.76,nan,nan,-2.0000,-2.0000
wavmark,2,english:1841,0,237,tct,1,1.0000,-2.0000,-2.0000,4.6203,1.0000,43.76,nan,nan,-2.0000,-2.0000
wavmark,2,english:1841,0,237,payload_farthest,1,1.0000,-2.0000,-2.0000,4.6203,1.0000,43.76,nan,nan,-2.0000,-2.0000
wavmark,2,english:1841,1,238,single_copy,0,1.0000,-0.0000,1.0000,4.6439,1.0000,143.94,nan,nan,-2.0000,-2.0000
wavmark,2,english:1841,1,238,mean,1,1.0000,-2.0000,-2.0000,4.6202,1.0000,43.98,nan,nan,-2.0000,-2.0000
wavmark,2,english:1841,1,238,rp,1,1.0000,-2.0000,-2.0000,4.6202,1.0000,43.98,nan,nan,-2.0000,-2.0000
wavmark,2,english:1841,1,238,random_dirichlet,0,1.0000,-0.0000,1.0000,4.5549,0.9999,38.55,nan,nan,-2.0000,-2.0000
wavmark,2,english:1841,1,238,eep,1,1.0000,-2.0000,-2.0000,4.6202,1.0000,43.98,nan,nan,-2.0000,-2.0000
wavmark,2,english:1841,1,238,fwp,1,1.0000,-2.0000,-2.0000,4.6202,1.0000,43.98,nan,nan,-2.0000,-2.0000
wavmark,2,english:1841,1,238,dm,1,1.0000,-2.0000,-2.0000,4.6202,1.0000,43.98,nan,nan,-2.0000,-2.0000
wavmark,2,english:1841,1,238,tct,1,1.0000,-2.0000,-2.0000,4.6202,1.0000,43.98,nan,nan,-2.0000,-2.0000
wavmark,2,english:1841,1,238,payload_farthest,1,1.0000,-2.0000,-2.0000,4.6202,1.0000,43.98,nan,nan,-2.0000,-2.0000
wavmark,2,english:1841,2,239,single_copy,0,1.0000,-0.0000,1.0000,4.6439,1.0000,143.94,nan,nan,-1.0000,-1.0000
wavmark,2,english:1841,2,239,mean,1,1.0000,-1.0000,-1.0000,4.6069,1.0000,43.12,nan,nan,-1.0000,-1.0000
wavmark,2,english:1841,2,239,rp,1,1.0000,-1.0000,-1.0000,4.6069,1.0000,43.12,nan,nan,-1.0000,-1.0000
wavmark,2,english:1841,2,239,random_dirichlet,0,1.0000,-0.0000,1.0000,4.6415,1.0000,54.07,nan,nan,-1.0000,-1.0000
wavmark,2,english:1841,2,239,eep,1,1.0000,-1.0000,-1.0000,4.6069,1.0000,43.12,nan,nan,-1.0000,-1.0000
wavmark,2,english:1841,2,239,fwp,1,1.0000,-1.0000,-1.0000,4.6069,1.0000,43.12,nan,nan,-1.0000,-1.0000
wavmark,2,english:1841,2,239,dm,1,1.0000,-1.0000,-1.0000,4.6069,1.0000,43.12,nan,nan,-1.0000,-1.0000
wavmark,2,english:1841,2,239,tct,1,1.0000,-1.0000,-1.0000,4.6069,1.0000,43.12,nan,nan,-1.0000,-1.0000
wavmark,2,english:1841,2,239,payload_farthest,1,1.0000,-1.0000,-1.0000,4.6069,1.0000,43.12,nan,nan,-1.0000,-1.0000
wavmark,2,english:1867,0,240,single_copy,0,1.0000,-0.0000,1.0000,4.6439,1.0000,143.15,nan,nan,-3.0000,-3.0000
wavmark,2,english:1867,0,240,mean,1,1.0000,-3.0000,-3.0000,4.6157,1.0000,42.56,nan,nan,-3.0000,-3.0000
wavmark,2,english:1867,0,240,rp,1,1.0000,-3.0000,-3.0000,4.6157,1.0000,42.56,nan,nan,-3.0000,-3.0000
wavmark,2,english:1867,0,240,random_dirichlet,0,1.0000,-0.0000,1.0000,4.6399,1.0000,50.91,nan,nan,-3.0000,-3.0000
wavmark,2,english:1867,0,240,eep,1,1.0000,-3.0000,-3.0000,4.6157,1.0000,42.56,nan,nan,-3.0000,-3.0000
wavmark,2,english:1867,0,240,fwp,1,1.0000,-3.0000,-3.0000,4.6157,1.0000,42.56,nan,nan,-3.0000,-3.0000
wavmark,2,english:1867,0,240,dm,1,1.0000,-3.0000,-3.0000,4.6157,1.0000,42.56,nan,nan,-3.0000,-3.0000
wavmark,2,english:1867,0,240,tct,1,1.0000,-3.0000,-3.0000,4.6157,1.0000,42.56,nan,nan,-3.0000,-3.0000
wavmark,2,english:1867,0,240,payload_farthest,1,1.0000,-3.0000,-3.0000,4.6157,1.0000,42.56,nan,nan,-3.0000,-3.0000
wavmark,2,english:1867,1,241,single_copy,0,1.0000,-0.0000,1.0000,4.6439,1.0000,143.15,nan,nan,-3.0000,-3.0000
wavmark,2,english:1867,1,241,mean,1,1.0000,-3.0000,-3.0000,4.6088,1.0000,43.56,nan,nan,-3.0000,-3.0000
wavmark,2,english:1867,1,241,rp,1,1.0000,-3.0000,-3.0000,4.6088,1.0000,43.56,nan,nan,-3.0000,-3.0000
wavmark,2,english:1867,1,241,random_dirichlet,0,1.0000,-0.0000,1.0000,4.5897,1.0000,41.30,nan,nan,-3.0000,-3.0000
wavmark,2,english:1867,1,241,eep,1,1.0000,-3.0000,-3.0000,4.6088,1.0000,43.56,nan,nan,-3.0000,-3.0000
wavmark,2,english:1867,1,241,fwp,1,1.0000,-3.0000,-3.0000,4.6088,1.0000,43.56,nan,nan,-3.0000,-3.0000
wavmark,2,english:1867,1,241,dm,1,1.0000,-3.0000,-3.0000,4.6088,1.0000,43.56,nan,nan,-3.0000,-3.0000
wavmark,2,english:1867,1,241,tct,1,1.0000,-3.0000,-3.0000,4.6088,1.0000,43.56,nan,nan,-3.0000,-3.0000
wavmark,2,english:1867,1,241,payload_farthest,1,1.0000,-3.0000,-3.0000,4.6088,1.0000,43.56,nan,nan,-3.0000,-3.0000
wavmark,2,english:1867,2,242,single_copy,0,1.0000,-0.0000,1.0000,4.6439,1.0000,143.15,nan,nan,-3.0000,-3.0000
wavmark,2,english:1867,2,242,mean,1,1.0000,-3.0000,-3.0000,4.6227,1.0000,43.85,nan,nan,-3.0000,-3.0000
wavmark,2,english:1867,2,242,rp,1,1.0000,-3.0000,-3.0000,4.6227,1.0000,43.85,nan,nan,-3.0000,-3.0000
wavmark,2,english:1867,2,242,random_dirichlet,0,1.0000,-0.0000,1.0000,4.6348,1.0000,48.62,nan,nan,-3.0000,-3.0000
wavmark,2,english:1867,2,242,eep,1,1.0000,-3.0000,-3.0000,4.6227,1.0000,43.85,nan,nan,-3.0000,-3.0000
wavmark,2,english:1867,2,242,fwp,1,1.0000,-3.0000,-3.0000,4.6227,1.0000,43.85,nan,nan,-3.0000,-3.0000
wavmark,2,english:1867,2,242,dm,1,1.0000,-3.0000,-3.0000,4.6227,1.0000,43.85,nan,nan,-3.0000,-3.0000
wavmark,2,english:1867,2,242,tct,1,1.0000,-3.0000,-3.0000,4.6227,1.0000,43.85,nan,nan,-3.0000,-3.0000
wavmark,2,english:1867,2,242,payload_farthest,1,1.0000,-3.0000,-3.0000,4.6227,1.0000,43.85,nan,nan,-3.0000,-3.0000
wavmark,2,english:1898,0,243,single_copy,0,1.0000,-0.0000,1.0000,4.6439,1.0000,141.94,nan,nan,-2.0000,-2.0000
wavmark,2,english:1898,0,243,mean,1,1.0000,-2.0000,-2.0000,4.6066,0.9981,41.38,nan,nan,-2.0000,-2.0000
wavmark,2,english:1898,0,243,rp,1,1.0000,-2.0000,-2.0000,4.6066,0.9981,41.38,nan,nan,-2.0000,-2.0000
wavmark,2,english:1898,0,243,random_dirichlet,0,1.0000,-0.0000,1.0000,4.5528,0.9949,37.02,nan,nan,-2.0000,-2.0000
wavmark,2,english:1898,0,243,eep,1,1.0000,-2.0000,-2.0000,4.6066,0.9981,41.38,nan,nan,-2.0000,-2.0000
wavmark,2,english:1898,0,243,fwp,1,1.0000,-2.0000,-2.0000,4.6066,0.9981,41.38,nan,nan,-2.0000,-2.0000
wavmark,2,english:1898,0,243,dm,1,1.0000,-2.0000,-2.0000,4.6066,0.9981,41.38,nan,nan,-2.0000,-2.0000
wavmark,2,english:1898,0,243,tct,1,1.0000,-2.0000,-2.0000,4.6066,0.9981,41.38,nan,nan,-2.0000,-2.0000
wavmark,2,english:1898,0,243,payload_farthest,1,1.0000,-2.0000,-2.0000,4.6066,0.9981,41.38,nan,nan,-2.0000,-2.0000
wavmark,2,english:1898,1,244,single_copy,0,1.0000,-0.0000,1.0000,4.6439,1.0000,141.94,nan,nan,-1.0000,-1.0000
wavmark,2,english:1898,1,244,mean,1,1.0000,-1.0000,-1.0000,4.6067,0.9980,41.80,nan,nan,-1.0000,-1.0000
wavmark,2,english:1898,1,244,rp,1,1.0000,-1.0000,-1.0000,4.6067,0.9980,41.80,nan,nan,-1.0000,-1.0000
wavmark,2,english:1898,1,244,random_dirichlet,1,1.0000,-1.0000,-1.0000,4.6017,0.9976,41.09,nan,nan,-1.0000,-1.0000
wavmark,2,english:1898,1,244,eep,1,1.0000,-1.0000,-1.0000,4.6067,0.9980,41.80,nan,nan,-1.0000,-1.0000
wavmark,2,english:1898,1,244,fwp,1,1.0000,-1.0000,-1.0000,4.6067,0.9980,41.80,nan,nan,-1.0000,-1.0000
wavmark,2,english:1898,1,244,dm,1,1.0000,-1.0000,-1.0000,4.6067,0.9980,41.80,nan,nan,-1.0000,-1.0000
wavmark,2,english:1898,1,244,tct,1,1.0000,-1.0000,-1.0000,4.6067,0.9980,41.80,nan,nan,-1.0000,-1.0000
wavmark,2,english:1898,1,244,payload_farthest,1,1.0000,-1.0000,-1.0000,4.6067,0.9980,41.80,nan,nan,-1.0000,-1.0000
wavmark,2,english:1898,2,245,single_copy,0,1.0000,-0.0000,1.0000,4.6439,1.0000,141.94,nan,nan,-5.0000,-5.0000
wavmark,2,english:1898,2,245,mean,1,1.0000,-5.0000,-5.0000,4.6043,0.9982,40.10,nan,nan,-5.0000,-5.0000
wavmark,2,english:1898,2,245,rp,1,1.0000,-5.0000,-5.0000,4.6043,0.9982,40.10,nan,nan,-5.0000,-5.0000
wavmark,2,english:1898,2,245,random_dirichlet,0,1.0000,-0.0000,1.0000,4.5580,0.9956,36.46,nan,nan,-5.0000,-5.0000
wavmark,2,english:1898,2,245,eep,1,1.0000,-5.0000,-5.0000,4.6043,0.9982,40.10,nan,nan,-5.0000,-5.0000
wavmark,2,english:1898,2,245,fwp,1,1.0000,-5.0000,-5.0000,4.6043,0.9982,40.10,nan,nan,-5.0000,-5.0000
wavmark,2,english:1898,2,245,dm,1,1.0000,-5.0000,-5.0000,4.6043,0.9982,40.10,nan,nan,-5.0000,-5.0000
wavmark,2,english:1898,2,245,tct,1,1.0000,-5.0000,-5.0000,4.6043,0.9982,40.10,nan,nan,-5.0000,-5.0000
wavmark,2,english:1898,2,245,payload_farthest,1,1.0000,-5.0000,-5.0000,4.6043,0.9982,40.10,nan,nan,-5.0000,-5.0000
wavmark,2,english:19,0,246,single_copy,0,1.0000,-0.0000,1.0000,4.6439,1.0000,145.46,nan,nan,-3.0000,-3.0000
wavmark,2,english:19,0,246,mean,1,1.0000,-3.0000,-3.0000,4.6219,0.9985,45.32,nan,nan,-3.0000,-3.0000
wavmark,2,english:19,0,246,rp,1,1.0000,-3.0000,-3.0000,4.6219,0.9985,45.32,nan,nan,-3.0000,-3.0000
wavmark,2,english:19,0,246,random_dirichlet,0,1.0000,-0.0000,1.0000,4.5715,0.9954,39.72,nan,nan,-3.0000,-3.0000
wavmark,2,english:19,0,246,eep,1,1.0000,-3.0000,-3.0000,4.6219,0.9985,45.32,nan,nan,-3.0000,-3.0000
wavmark,2,english:19,0,246,fwp,1,1.0000,-3.0000,-3.0000,4.6219,0.9985,45.32,nan,nan,-3.0000,-3.0000
wavmark,2,english:19,0,246,dm,1,1.0000,-3.0000,-3.0000,4.6219,0.9985,45.32,nan,nan,-3.0000,-3.0000
wavmark,2,english:19,0,246,tct,1,1.0000,-3.0000,-3.0000,4.6219,0.9985,45.32,nan,nan,-3.0000,-3.0000
wavmark,2,english:19,0,246,payload_farthest,1,1.0000,-3.0000,-3.0000,4.6219,0.9985,45.32,nan,nan,-3.0000,-3.0000
wavmark,2,english:19,1,247,single_copy,0,1.0000,-0.0000,1.0000,4.6439,1.0000,145.46,nan,nan,-2.0000,-2.0000
wavmark,2,english:19,1,247,mean,1,1.0000,-2.0000,-2.0000,4.6212,0.9987,45.63,nan,nan,-2.0000,-2.0000
wavmark,2,english:19,1,247,rp,1,1.0000,-2.0000,-2.0000,4.6212,0.9987,45.63,nan,nan,-2.0000,-2.0000
wavmark,2,english:19,1,247,random_dirichlet,0,1.0000,-0.0000,1.0000,4.5820,0.9961,40.48,nan,nan,-2.0000,-2.0000
wavmark,2,english:19,1,247,eep,1,1.0000,-2.0000,-2.0000,4.6212,0.9987,45.63,nan,nan,-2.0000,-2.0000
wavmark,2,english:19,1,247,fwp,1,1.0000,-2.0000,-2.0000,4.6212,0.9987,45.63,nan,nan,-2.0000,-2.0000
wavmark,2,english:19,1,247,dm,1,1.0000,-2.0000,-2.0000,4.6212,0.9987,45.63,nan,nan,-2.0000,-2.0000
wavmark,2,english:19,1,247,tct,1,1.0000,-2.0000,-2.0000,4.6212,0.9987,45.63,nan,nan,-2.0000,-2.0000
wavmark,2,english:19,1,247,payload_farthest,1,1.0000,-2.0000,-2.0000,4.6212,0.9987,45.63,nan,nan,-2.0000,-2.0000
wavmark,2,english:19,2,248,single_copy,0,1.0000,-0.0000,1.0000,4.6439,1.0000,145.46,nan,nan,-1.0000,-1.0000
wavmark,2,english:19,2,248,mean,1,1.0000,-1.0000,-1.0000,4.6257,0.9988,46.48,nan,nan,-1.0000,-1.0000
wavmark,2,english:19,2,248,rp,1,1.0000,-1.0000,-1.0000,4.6257,0.9988,46.48,nan,nan,-1.0000,-1.0000
wavmark,2,english:19,2,248,random_dirichlet,1,1.0000,-1.0000,-1.0000,4.6295,0.9990,47.34,nan,nan,-1.0000,-1.0000
wavmark,2,english:19,2,248,eep,1,1.0000,-1.0000,-1.0000,4.6257,0.9988,46.48,nan,nan,-1.0000,-1.0000
wavmark,2,english:19,2,248,fwp,1,1.0000,-1.0000,-1.0000,4.6257,0.9988,46.48,nan,nan,-1.0000,-1.0000
wavmark,2,english:19,2,248,dm,1,1.0000,-1.0000,-1.0000,4.6257,0.9988,46.48,nan,nan,-1.0000,-1.0000
wavmark,2,english:19,2,248,tct,1,1.0000,-1.0000,-1.0000,4.6257,0.9988,46.48,nan,nan,-1.0000,-1.0000
wavmark,2,english:19,2,248,payload_farthest,1,1.0000,-1.0000,-1.0000,4.6257,0.9988,46.48,nan,nan,-1.0000,-1.0000
wavmark,2,english:1926,0,249,single_copy,0,1.0000,-0.0000,1.0000,4.6439,1.0000,143.91,nan,nan,-3.0000,-3.0000
wavmark,2,english:1926,0,249,mean,1,1.0000,-3.0000,-3.0000,4.5662,1.0000,45.53,nan,nan,-3.0000,-3.0000
wavmark,2,english:1926,0,249,rp,1,1.0000,-3.0000,-3.0000,4.5662,1.0000,45.53,nan,nan,-3.0000,-3.0000
wavmark,2,english:1926,0,249,random_dirichlet,0,1.0000,-0.0000,1.0000,4.6107,1.0000,51.46,nan,nan,-3.0000,-3.0000
wavmark,2,english:1926,0,249,eep,1,1.0000,-3.0000,-3.0000,4.5662,1.0000,45.53,nan,nan,-3.0000,-3.0000
wavmark,2,english:1926,0,249,fwp,1,1.0000,-3.0000,-3.0000,4.5662,1.0000,45.53,nan,nan,-3.0000,-3.0000
wavmark,2,english:1926,0,249,dm,1,1.0000,-3.0000,-3.0000,4.5662,1.0000,45.53,nan,nan,-3.0000,-3.0000
wavmark,2,english:1926,0,249,tct,1,1.0000,-3.0000,-3.0000,4.5662,1.0000,45.53,nan,nan,-3.0000,-3.0000
wavmark,2,english:1926,0,249,payload_farthest,1,1.0000,-3.0000,-3.0000,4.5662,1.0000,45.53,nan,nan,-3.0000,-3.0000
wavmark,2,english:1926,1,250,single_copy,0,1.0000,-0.0000,1.0000,4.6439,1.0000,143.90,nan,nan,-1.0000,-1.0000
wavmark,2,english:1926,1,250,mean,1,1.0000,-1.0000,-1.0000,4.5195,1.0000,45.89,nan,nan,-1.0000,-1.0000
wavmark,2,english:1926,1,250,rp,1,1.0000,-1.0000,-1.0000,4.5195,1.0000,45.89,nan,nan,-1.0000,-1.0000
wavmark,2,english:1926,1,250,random_dirichlet,1,1.0000,-1.0000,-1.0000,4.5623,1.0000,48.93,nan,nan,-1.0000,-1.0000
wavmark,2,english:1926,1,250,eep,1,1.0000,-1.0000,-1.0000,4.5195,1.0000,45.89,nan,nan,-1.0000,-1.0000
wavmark,2,english:1926,1,250,fwp,1,1.0000,-1.0000,-1.0000,4.5195,1.0000,45.89,nan,nan,-1.0000,-1.0000
wavmark,2,english:1926,1,250,dm,1,1.0000,-1.0000,-1.0000,4.5195,1.0000,45.89,nan,nan,-1.0000,-1.0000
wavmark,2,english:1926,1,250,tct,1,1.0000,-1.0000,-1.0000,4.5195,1.0000,45.89,nan,nan,-1.0000,-1.0000
wavmark,2,english:1926,1,250,payload_farthest,1,1.0000,-1.0000,-1.0000,4.5195,1.0000,45.89,nan,nan,-1.0000,-1.0000
wavmark,2,english:1926,2,251,single_copy,0,1.0000,-0.0000,1.0000,4.6439,1.0000,143.91,nan,nan,-3.0000,-3.0000
wavmark,2,english:1926,2,251,mean,1,1.0000,-3.0000,-3.0000,4.5324,1.0000,44.39,nan,nan,-3.0000,-3.0000
wavmark,2,english:1926,2,251,rp,1,1.0000,-3.0000,-3.0000,4.5324,1.0000,44.39,nan,nan,-3.0000,-3.0000
wavmark,2,english:1926,2,251,random_dirichlet,0,1.0000,-0.0000,1.0000,4.4003,0.9999,38.83,nan,nan,-3.0000,-3.0000
wavmark,2,english:1926,2,251,eep,1,1.0000,-3.0000,-3.0000,4.5324,1.0000,44.39,nan,nan,-3.0000,-3.0000
wavmark,2,english:1926,2,251,fwp,1,1.0000,-3.0000,-3.0000,4.5324,1.0000,44.39,nan,nan,-3.0000,-3.0000
wavmark,2,english:1926,2,251,dm,1,1.0000,-3.0000,-3.0000,4.5324,1.0000,44.39,nan,nan,-3.0000,-3.0000
wavmark,2,english:1926,2,251,tct,1,1.0000,-3.0000,-3.0000,4.5324,1.0000,44.39,nan,nan,-3.0000,-3.0000
wavmark,2,english:1926,2,251,payload_farthest,1,1.0000,-3.0000,-3.0000,4.5324,1.0000,44.39,nan,nan,-3.0000,-3.0000
wavmark,2,english:196,0,252,single_copy,0,1.0000,-0.0000,1.0000,4.6439,1.0000,143.11,nan,nan,-3.0000,-3.0000
wavmark,2,english:196,0,252,mean,1,1.0000,-3.0000,-3.0000,4.5628,1.0000,42.78,nan,nan,-3.0000,-3.0000
wavmark,2,english:196,0,252,rp,1,1.0000,-3.0000,-3.0000,4.5628,1.0000,42.78,nan,nan,-3.0000,-3.0000
wavmark,2,english:196,0,252,random_dirichlet,1,1.0000,-1.0000,-1.0000,4.5752,1.0000,44.38,nan,nan,-3.0000,-3.0000
wavmark,2,english:196,0,252,eep,1,1.0000,-3.0000,-3.0000,4.5628,1.0000,42.78,nan,nan,-3.0000,-3.0000
wavmark,2,english:196,0,252,fwp,1,1.0000,-3.0000,-3.0000,4.5628,1.0000,42.78,nan,nan,-3.0000,-3.0000
wavmark,2,english:196,0,252,dm,1,1.0000,-3.0000,-3.0000,4.5628,1.0000,42.78,nan,nan,-3.0000,-3.0000
wavmark,2,english:196,0,252,tct,1,1.0000,-3.0000,-3.0000,4.5628,1.0000,42.78,nan,nan,-3.0000,-3.0000
wavmark,2,english:196,0,252,payload_farthest,1,1.0000,-3.0000,-3.0000,4.5628,1.0000,42.78,nan,nan,-3.0000,-3.0000
wavmark,2,english:196,1,253,single_copy,0,1.0000,-0.0000,1.0000,4.6439,1.0000,143.11,nan,nan,-2.0000,-2.0000
wavmark,2,english:196,1,253,mean,1,1.0000,-2.0000,-2.0000,4.5832,1.0000,42.39,nan,nan,-2.0000,-2.0000
wavmark,2,english:196,1,253,rp,1,1.0000,-2.0000,-2.0000,4.5832,1.0000,42.39,nan,nan,-2.0000,-2.0000
wavmark,2,english:196,1,253,random_dirichlet,0,1.0000,-0.0000,1.0000,4.6433,1.0000,65.49,nan,nan,-2.0000,-2.0000
wavmark,2,english:196,1,253,eep,1,1.0000,-2.0000,-2.0000,4.5832,1.0000,42.39,nan,nan,-2.0000,-2.0000
wavmark,2,english:196,1,253,fwp,1,1.0000,-2.0000,-2.0000,4.5832,1.0000,42.39,nan,nan,-2.0000,-2.0000
wavmark,2,english:196,1,253,dm,1,1.0000,-2.0000,-2.0000,4.5832,1.0000,42.39,nan,nan,-2.0000,-2.0000
wavmark,2,english:196,1,253,tct,1,1.0000,-2.0000,-2.0000,4.5832,1.0000,42.39,nan,nan,-2.0000,-2.0000
wavmark,2,english:196,1,253,payload_farthest,1,1.0000,-2.0000,-2.0000,4.5832,1.0000,42.39,nan,nan,-2.0000,-2.0000
wavmark,2,english:196,2,254,single_copy,0,1.0000,-0.0000,1.0000,4.6439,1.0000,143.11,nan,nan,-1.0000,-1.0000
wavmark,2,english:196,2,254,mean,1,1.0000,-1.0000,-1.0000,4.6007,1.0000,43.41,nan,nan,-1.0000,-1.0000
wavmark,2,english:196,2,254,rp,1,1.0000,-1.0000,-1.0000,4.6007,1.0000,43.41,nan,nan,-1.0000,-1.0000
wavmark,2,english:196,2,254,random_dirichlet,0,1.0000,-0.0000,1.0000,4.6430,1.0000,61.70,nan,nan,-1.0000,-1.0000
wavmark,2,english:196,2,254,eep,1,1.0000,-1.0000,-1.0000,4.6007,1.0000,43.41,nan,nan,-1.0000,-1.0000
wavmark,2,english:196,2,254,fwp,1,1.0000,-1.0000,-1.0000,4.6007,1.0000,43.41,nan,nan,-1.0000,-1.0000
wavmark,2,english:196,2,254,dm,1,1.0000,-1.0000,-1.0000,4.6007,1.0000,43.41,nan,nan,-1.0000,-1.0000
wavmark,2,english:196,2,254,tct,1,1.0000,-1.0000,-1.0000,4.6007,1.0000,43.41,nan,nan,-1.0000,-1.0000
wavmark,2,english:196,2,254,payload_farthest,1,1.0000,-1.0000,-1.0000,4.6007,1.0000,43.41,nan,nan,-1.0000,-1.0000
wavmark,2,english:1963,0,255,single_copy,0,1.0000,-0.0000,1.0000,4.6439,1.0000,155.74,nan,nan,1.0000,1.0000
wavmark,2,english:1963,0,255,mean,0,1.0000,-0.0000,1.0000,4.5969,1.0000,49.81,nan,nan,1.0000,1.0000
wavmark,2,english:1963,0,255,rp,0,1.0000,-0.0000,1.0000,4.5969,1.0000,49.81,nan,nan,1.0000,1.0000
wavmark,2,english:1963,0,255,random_dirichlet,0,1.0000,-0.0000,1.0000,4.5762,1.0000,47.68,nan,nan,1.0000,1.0000
wavmark,2,english:1963,0,255,eep,0,1.0000,-0.0000,1.0000,4.5969,1.0000,49.81,nan,nan,1.0000,1.0000
wavmark,2,english:1963,0,255,fwp,0,1.0000,-0.0000,1.0000,4.5969,1.0000,49.81,nan,nan,1.0000,1.0000
wavmark,2,english:1963,0,255,dm,0,1.0000,-0.0000,1.0000,4.5969,1.0000,49.81,nan,nan,1.0000,1.0000
wavmark,2,english:1963,0,255,tct,0,1.0000,-0.0000,1.0000,4.5969,1.0000,49.81,nan,nan,1.0000,1.0000
wavmark,2,english:1963,0,255,payload_farthest,0,1.0000,-0.0000,1.0000,4.5969,1.0000,49.81,nan,nan,1.0000,1.0000
wavmark,2,english:1963,1,256,single_copy,0,1.0000,-0.0000,1.0000,4.6439,1.0000,155.74,nan,nan,-3.0000,-3.0000
wavmark,2,english:1963,1,256,mean,1,1.0000,-3.0000,-3.0000,4.5225,1.0000,46.70,nan,nan,-3.0000,-3.0000
wavmark,2,english:1963,1,256,rp,1,1.0000,-3.0000,-3.0000,4.5225,1.0000,46.70,nan,nan,-3.0000,-3.0000
wavmark,2,english:1963,1,256,random_dirichlet,0,1.0000,-0.0000,1.0000,4.5793,1.0000,51.44,nan,nan,-3.0000,-3.0000
wavmark,2,english:1963,1,256,eep,1,1.0000,-3.0000,-3.0000,4.5225,1.0000,46.70,nan,nan,-3.0000,-3.0000
wavmark,2,english:1963,1,256,fwp,1,1.0000,-3.0000,-3.0000,4.5225,1.0000,46.70,nan,nan,-3.0000,-3.0000
wavmark,2,english:1963,1,256,dm,1,1.0000,-3.0000,-3.0000,4.5225,1.0000,46.70,nan,nan,-3.0000,-3.0000
wavmark,2,english:1963,1,256,tct,1,1.0000,-3.0000,-3.0000,4.5225,1.0000,46.70,nan,nan,-3.0000,-3.0000
wavmark,2,english:1963,1,256,payload_farthest,1,1.0000,-3.0000,-3.0000,4.5225,1.0000,46.70,nan,nan,-3.0000,-3.0000
wavmark,2,english:1963,2,257,single_copy,0,1.0000,-0.0000,1.0000,4.6439,1.0000,155.74,nan,nan,-3.0000,-3.0000
wavmark,2,english:1963,2,257,mean,1,1.0000,-3.0000,-3.0000,4.5747,1.0000,47.49,nan,nan,-3.0000,-3.0000
wavmark,2,english:1963,2,257,rp,1,1.0000,-3.0000,-3.0000,4.5747,1.0000,47.49,nan,nan,-3.0000,-3.0000
wavmark,2,english:1963,2,257,random_dirichlet,1,1.0000,-2.0000,-2.0000,4.5793,1.0000,47.97,nan,nan,-3.0000,-3.0000
wavmark,2,english:1963,2,257,eep,1,1.0000,-3.0000,-3.0000,4.5747,1.0000,47.49,nan,nan,-3.0000,-3.0000
wavmark,2,english:1963,2,257,fwp,1,1.0000,-3.0000,-3.0000,4.5747,1.0000,47.49,nan,nan,-3.0000,-3.0000
wavmark,2,english:1963,2,257,dm,1,1.0000,-3.0000,-3.0000,4.5747,1.0000,47.49,nan,nan,-3.0000,-3.0000
wavmark,2,english:1963,2,257,tct,1,1.0000,-3.0000,-3.0000,4.5747,1.0000,47.49,nan,nan,-3.0000,-3.0000
wavmark,2,english:1963,2,257,payload_farthest,1,1.0000,-3.0000,-3.0000,4.5747,1.0000,47.49,nan,nan,-3.0000,-3.0000
wavmark,2,english:1970,0,258,single_copy,0,1.0000,-0.0000,1.0000,4.6439,1.0000,148.56,nan,nan,-3.0000,-3.0000
wavmark,2,english:1970,0,258,mean,1,1.0000,-3.0000,-3.0000,4.6223,0.9986,46.64,nan,nan,-3.0000,-3.0000
wavmark,2,english:1970,0,258,rp,1,1.0000,-3.0000,-3.0000,4.6223,0.9986,46.64,nan,nan,-3.0000,-3.0000
wavmark,2,english:1970,0,258,random_dirichlet,0,1.0000,-0.0000,1.0000,4.6437,0.9999,60.15,nan,nan,-3.0000,-3.0000
wavmark,2,english:1970,0,258,eep,1,1.0000,-3.0000,-3.0000,4.6223,0.9986,46.64,nan,nan,-3.0000,-3.0000
wavmark,2,english:1970,0,258,fwp,1,1.0000,-3.0000,-3.0000,4.6223,0.9986,46.64,nan,nan,-3.0000,-3.0000
wavmark,2,english:1970,0,258,dm,1,1.0000,-3.0000,-3.0000,4.6223,0.9986,46.64,nan,nan,-3.0000,-3.0000
wavmark,2,english:1970,0,258,tct,1,1.0000,-3.0000,-3.0000,4.6223,0.9986,46.64,nan,nan,-3.0000,-3.0000
wavmark,2,english:1970,0,258,payload_farthest,1,1.0000,-3.0000,-3.0000,4.6223,0.9986,46.64,nan,nan,-3.0000,-3.0000
wavmark,2,english:1970,1,259,single_copy,0,1.0000,-0.0000,1.0000,4.6439,1.0000,148.56,nan,nan,-1.0000,-1.0000
wavmark,2,english:1970,1,259,mean,1,1.0000,-1.0000,-1.0000,4.6219,0.9985,45.94,nan,nan,-1.0000,-1.0000
wavmark,2,english:1970,1,259,rp,1,1.0000,-1.0000,-1.0000,4.6219,0.9985,45.94,nan,nan,-1.0000,-1.0000
wavmark,2,english:1970,1,259,random_dirichlet,1,1.0000,-3.0000,-3.0000,4.6166,0.9982,45.20,nan,nan,-1.0000,-1.0000
wavmark,2,english:1970,1,259,eep,1,1.0000,-1.0000,-1.0000,4.6219,0.9985,45.94,nan,nan,-1.0000,-1.0000
wavmark,2,english:1970,1,259,fwp,1,1.0000,-1.0000,-1.0000,4.6219,0.9985,45.94,nan,nan,-1.0000,-1.0000
wavmark,2,english:1970,1,259,dm,1,1.0000,-1.0000,-1.0000,4.6219,0.9985,45.94,nan,nan,-1.0000,-1.0000
wavmark,2,english:1970,1,259,tct,1,1.0000,-1.0000,-1.0000,4.6219,0.9985,45.94,nan,nan,-1.0000,-1.0000
wavmark,2,english:1970,1,259,payload_farthest,1,1.0000,-1.0000,-1.0000,4.6219,0.9985,45.94,nan,nan,-1.0000,-1.0000
wavmark,2,english:1970,2,260,single_copy,0,1.0000,-0.0000,1.0000,4.6439,1.0000,148.56,nan,nan,-1.0000,-1.0000
wavmark,2,english:1970,2,260,mean,1,1.0000,-1.0000,-1.0000,4.6132,0.9987,47.10,nan,nan,-1.0000,-1.0000
wavmark,2,english:1970,2,260,rp,1,1.0000,-1.0000,-1.0000,4.6132,0.9987,47.10,nan,nan,-1.0000,-1.0000
wavmark,2,english:1970,2,260,random_dirichlet,0,1.0000,-0.0000,1.0000,4.6399,0.9999,56.59,nan,nan,-1.0000,-1.0000
wavmark,2,english:1970,2,260,eep,1,1.0000,-1.0000,-1.0000,4.6132,0.9987,47.10,nan,nan,-1.0000,-1.0000
wavmark,2,english:1970,2,260,fwp,1,1.0000,-1.0000,-1.0000,4.6132,0.9987,47.10,nan,nan,-1.0000,-1.0000
wavmark,2,english:1970,2,260,dm,1,1.0000,-1.0000,-1.0000,4.6132,0.9987,47.10,nan,nan,-1.0000,-1.0000
wavmark,2,english:1970,2,260,tct,1,1.0000,-1.0000,-1.0000,4.6132,0.9987,47.10,nan,nan,-1.0000,-1.0000
wavmark,2,english:1970,2,260,payload_farthest,1,1.0000,-1.0000,-1.0000,4.6132,0.9987,47.10,nan,nan,-1.0000,-1.0000
wavmark,2,english:198,0,261,single_copy,0,1.0000,-0.0000,1.0000,4.6439,1.0000,138.53,nan,nan,-3.0000,-3.0000
wavmark,2,english:198,0,261,mean,1,1.0000,-3.0000,-3.0000,4.5950,0.9996,42.34,nan,nan,-3.0000,-3.0000
wavmark,2,english:198,0,261,rp,1,1.0000,-3.0000,-3.0000,4.5950,0.9996,42.34,nan,nan,-3.0000,-3.0000
wavmark,2,english:198,0,261,random_dirichlet,0,1.0000,-0.0000,1.0000,4.5031,0.9987,37.20,nan,nan,-3.0000,-3.0000
wavmark,2,english:198,0,261,eep,1,1.0000,-3.0000,-3.0000,4.5950,0.9996,42.34,nan,nan,-3.0000,-3.0000
wavmark,2,english:198,0,261,fwp,1,1.0000,-3.0000,-3.0000,4.5950,0.9996,42.34,nan,nan,-3.0000,-3.0000
wavmark,2,english:198,0,261,dm,1,1.0000,-3.0000,-3.0000,4.5950,0.9996,42.34,nan,nan,-3.0000,-3.0000
wavmark,2,english:198,0,261,tct,1,1.0000,-3.0000,-3.0000,4.5950,0.9996,42.34,nan,nan,-3.0000,-3.0000
wavmark,2,english:198,0,261,payload_farthest,1,1.0000,-3.0000,-3.0000,4.5950,0.9996,42.34,nan,nan,-3.0000,-3.0000
wavmark,2,english:198,1,262,single_copy,0,1.0000,-0.0000,1.0000,4.6439,1.0000,138.53,nan,nan,-3.0000,-3.0000
wavmark,2,english:198,1,262,mean,1,1.0000,-3.0000,-3.0000,4.6124,0.9997,43.02,nan,nan,-3.0000,-3.0000
wavmark,2,english:198,1,262,rp,1,1.0000,-3.0000,-3.0000,4.6124,0.9997,43.02,nan,nan,-3.0000,-3.0000
wavmark,2,english:198,1,262,random_dirichlet,1,1.0000,-3.0000,-3.0000,4.6186,0.9997,43.99,nan,nan,-3.0000,-3.0000
wavmark,2,english:198,1,262,eep,1,1.0000,-3.0000,-3.0000,4.6124,0.9997,43.02,nan,nan,-3.0000,-3.0000
wavmark,2,english:198,1,262,fwp,1,1.0000,-3.0000,-3.0000,4.6124,0.9997,43.02,nan,nan,-3.0000,-3.0000
wavmark,2,english:198,1,262,dm,1,1.0000,-3.0000,-3.0000,4.6124,0.9997,43.02,nan,nan,-3.0000,-3.0000
wavmark,2,english:198,1,262,tct,1,1.0000,-3.0000,-3.0000,4.6124,0.9997,43.02,nan,nan,-3.0000,-3.0000
wavmark,2,english:198,1,262,payload_farthest,1,1.0000,-3.0000,-3.0000,4.6124,0.9997,43.02,nan,nan,-3.0000,-3.0000
wavmark,2,english:198,2,263,single_copy,0,1.0000,-0.0000,1.0000,4.6439,1.0000,138.53,nan,nan,-2.0000,-2.0000
wavmark,2,english:198,2,263,mean,1,1.0000,-2.0000,-2.0000,4.6052,0.9996,43.36,nan,nan,-2.0000,-2.0000
wavmark,2,english:198,2,263,rp,1,1.0000,-2.0000,-2.0000,4.6052,0.9996,43.36,nan,nan,-2.0000,-2.0000
wavmark,2,english:198,2,263,random_dirichlet,0,1.0000,-0.0000,1.0000,4.6384,0.9999,51.40,nan,nan,-2.0000,-2.0000
wavmark,2,english:198,2,263,eep,1,1.0000,-2.0000,-2.0000,4.6052,0.9996,43.36,nan,nan,-2.0000,-2.0000
wavmark,2,english:198,2,263,fwp,1,1.0000,-2.0000,-2.0000,4.6052,0.9996,43.36,nan,nan,-2.0000,-2.0000
wavmark,2,english:198,2,263,dm,1,1.0000,-2.0000,-2.0000,4.6052,0.9996,43.36,nan,nan,-2.0000,-2.0000
wavmark,2,english:198,2,263,tct,1,1.0000,-2.0000,-2.0000,4.6052,0.9996,43.36,nan,nan,-2.0000,-2.0000
wavmark,2,english:198,2,263,payload_farthest,1,1.0000,-2.0000,-2.0000,4.6052,0.9996,43.36,nan,nan,-2.0000,-2.0000
wavmark,2,english:1992,0,264,single_copy,0,1.0000,-0.0000,1.0000,4.6439,1.0000,146.01,nan,nan,-4.0000,-4.0000
wavmark,2,english:1992,0,264,mean,1,1.0000,-4.0000,-4.0000,4.5904,0.9998,44.84,nan,nan,-4.0000,-4.0000
wavmark,2,english:1992,0,264,rp,1,1.0000,-4.0000,-4.0000,4.5904,0.9998,44.84,nan,nan,-4.0000,-4.0000
wavmark,2,english:1992,0,264,random_dirichlet,0,1.0000,-0.0000,1.0000,4.5322,0.9996,41.03,nan,nan,-4.0000,-4.0000
wavmark,2,english:1992,0,264,eep,1,1.0000,-4.0000,-4.0000,4.5904,0.9998,44.84,nan,nan,-4.0000,-4.0000
wavmark,2,english:1992,0,264,fwp,1,1.0000,-4.0000,-4.0000,4.5904,0.9998,44.84,nan,nan,-4.0000,-4.0000
wavmark,2,english:1992,0,264,dm,1,1.0000,-4.0000,-4.0000,4.5904,0.9998,44.84,nan,nan,-4.0000,-4.0000
wavmark,2,english:1992,0,264,tct,1,1.0000,-4.0000,-4.0000,4.5904,0.9998,44.84,nan,nan,-4.0000,-4.0000
wavmark,2,english:1992,0,264,payload_farthest,1,1.0000,-4.0000,-4.0000,4.5904,0.9998,44.84,nan,nan,-4.0000,-4.0000
wavmark,2,english:1992,1,265,single_copy,0,1.0000,-0.0000,1.0000,4.6439,1.0000,146.01,nan,nan,-2.0000,-2.0000
wavmark,2,english:1992,1,265,mean,1,1.0000,-2.0000,-2.0000,4.5705,0.9998,45.16,nan,nan,-2.0000,-2.0000
wavmark,2,english:1992,1,265,rp,1,1.0000,-2.0000,-2.0000,4.5705,0.9998,45.16,nan,nan,-2.0000,-2.0000
wavmark,2,english:1992,1,265,random_dirichlet,0,1.0000,-0.0000,1.0000,4.6340,1.0000,58.28,nan,nan,-2.0000,-2.0000
wavmark,2,english:1992,1,265,eep,1,1.0000,-2.0000,-2.0000,4.5705,0.9998,45.16,nan,nan,-2.0000,-2.0000
wavmark,2,english:1992,1,265,fwp,1,1.0000,-2.0000,-2.0000,4.5705,0.9998,45.16,nan,nan,-2.0000,-2.0000
wavmark,2,english:1992,1,265,dm,1,1.0000,-2.0000,-2.0000,4.5705,0.9998,45.16,nan,nan,-2.0000,-2.0000
wavmark,2,english:1992,1,265,tct,1,1.0000,-2.0000,-2.0000,4.5705,0.9998,45.16,nan,nan,-2.0000,-2.0000
wavmark,2,english:1992,1,265,payload_farthest,1,1.0000,-2.0000,-2.0000,4.5705,0.9998,45.16,nan,nan,-2.0000,-2.0000
wavmark,2,english:1992,2,266,single_copy,0,1.0000,-0.0000,1.0000,4.6439,1.0000,146.01,nan,nan,-4.0000,-4.0000
wavmark,2,english:1992,2,266,mean,1,1.0000,-4.0000,-4.0000,4.6020,0.9999,45.50,nan,nan,-4.0000,-4.0000
wavmark,2,english:1992,2,266,rp,1,1.0000,-4.0000,-4.0000,4.6020,0.9999,45.50,nan,nan,-4.0000,-4.0000
wavmark,2,english:1992,2,266,random_dirichlet,1,1.0000,-4.0000,-4.0000,4.6006,0.9999,45.37,nan,nan,-4.0000,-4.0000
wavmark,2,english:1992,2,266,eep,1,1.0000,-4.0000,-4.0000,4.6020,0.9999,45.50,nan,nan,-4.0000,-4.0000
wavmark,2,english:1992,2,266,fwp,1,1.0000,-4.0000,-4.0000,4.6020,0.9999,45.50,nan,nan,-4.0000,-4.0000
wavmark,2,english:1992,2,266,dm,1,1.0000,-4.0000,-4.0000,4.6020,0.9999,45.50,nan,nan,-4.0000,-4.0000
wavmark,2,english:1992,2,266,tct,1,1.0000,-4.0000,-4.0000,4.6020,0.9999,45.50,nan,nan,-4.0000,-4.0000
wavmark,2,english:1992,2,266,payload_farthest,1,1.0000,-4.0000,-4.0000,4.6020,0.9999,45.50,nan,nan,-4.0000,-4.0000
wavmark,2,english:200,0,267,single_copy,0,1.0000,-0.0000,1.0000,4.6439,1.0000,141.42,nan,nan,-4.0000,-4.0000
wavmark,2,english:200,0,267,mean,1,1.0000,-4.0000,-4.0000,4.5953,0.9997,44.26,nan,nan,-4.0000,-4.0000
wavmark,2,english:200,0,267,rp,1,1.0000,-4.0000,-4.0000,4.5953,0.9997,44.26,nan,nan,-4.0000,-4.0000
wavmark,2,english:200,0,267,random_dirichlet,0,1.0000,-0.0000,1.0000,4.4994,0.9992,38.92,nan,nan,-4.0000,-4.0000
wavmark,2,english:200,0,267,eep,1,1.0000,-4.0000,-4.0000,4.5953,0.9997,44.26,nan,nan,-4.0000,-4.0000
wavmark,2,english:200,0,267,fwp,1,1.0000,-4.0000,-4.0000,4.5953,0.9997,44.26,nan,nan,-4.0000,-4.0000
wavmark,2,english:200,0,267,dm,1,1.0000,-4.0000,-4.0000,4.5953,0.9997,44.26,nan,nan,-4.0000,-4.0000
wavmark,2,english:200,0,267,tct,1,1.0000,-4.0000,-4.0000,4.5953,0.9997,44.26,nan,nan,-4.0000,-4.0000
wavmark,2,english:200,0,267,payload_farthest,1,1.0000,-4.0000,-4.0000,4.5953,0.9997,44.26,nan,nan,-4.0000,-4.0000
wavmark,2,english:200,1,268,single_copy,0,1.0000,-0.0000,1.0000,4.6439,1.0000,141.42,nan,nan,-3.0000,-3.0000
wavmark,2,english:200,1,268,mean,1,1.0000,-3.0000,-3.0000,4.5944,0.9998,44.95,nan,nan,-3.0000,-3.0000
wavmark,2,english:200,1,268,rp,1,1.0000,-3.0000,-3.0000,4.5944,0.9998,44.95,nan,nan,-3.0000,-3.0000
wavmark,2,english:200,1,268,random_dirichlet,1,1.0000,-2.0000,-2.0000,4.5829,0.9997,43.97,nan,nan,-3.0000,-3.0000
wavmark,2,english:200,1,268,eep,1,1.0000,-3.0000,-3.0000,4.5944,0.9998,44.95,nan,nan,-3.0000,-3.0000
wavmark,2,english:200,1,268,fwp,1,1.0000,-3.0000,-3.0000,4.5944,0.9998,44.95,nan,nan,-3.0000,-3.0000
wavmark,2,english:200,1,268,dm,1,1.0000,-3.0000,-3.0000,4.5944,0.9998,44.95,nan,nan,-3.0000,-3.0000
wavmark,2,english:200,1,268,tct,1,1.0000,-3.0000,-3.0000,4.5944,0.9998,44.95,nan,nan,-3.0000,-3.0000
wavmark,2,english:200,1,268,payload_farthest,1,1.0000,-3.0000,-3.0000,4.5944,0.9998,44.95,nan,nan,-3.0000,-3.0000
wavmark,2,english:200,2,269,single_copy,0,1.0000,-0.0000,1.0000,4.6439,1.0000,141.42,nan,nan,-3.0000,-3.0000
wavmark,2,english:200,2,269,mean,1,1.0000,-3.0000,-3.0000,4.5990,0.9997,44.22,nan,nan,-3.0000,-3.0000
wavmark,2,english:200,2,269,rp,1,1.0000,-3.0000,-3.0000,4.5990,0.9997,44.22,nan,nan,-3.0000,-3.0000
wavmark,2,english:200,2,269,random_dirichlet,0,1.0000,-0.0000,1.0000,4.4832,0.9992,38.88,nan,nan,-3.0000,-3.0000
wavmark,2,english:200,2,269,eep,1,1.0000,-3.0000,-3.0000,4.5990,0.9997,44.22,nan,nan,-3.0000,-3.0000
wavmark,2,english:200,2,269,fwp,1,1.0000,-3.0000,-3.0000,4.5990,0.9997,44.22,nan,nan,-3.0000,-3.0000
wavmark,2,english:200,2,269,dm,1,1.0000,-3.0000,-3.0000,4.5990,0.9997,44.22,nan,nan,-3.0000,-3.0000
wavmark,2,english:200,2,269,tct,1,1.0000,-3.0000,-3.0000,4.5990,0.9997,44.22,nan,nan,-3.0000,-3.0000
wavmark,2,english:200,2,269,payload_farthest,1,1.0000,-3.0000,-3.0000,4.5990,0.9997,44.22,nan,nan,-3.0000,-3.0000
wavmark,2,english:2002,0,270,single_copy,0,1.0000,-0.0000,1.0000,4.6439,1.0000,148.91,nan,nan,-5.0000,-5.0000
wavmark,2,english:2002,0,270,mean,1,1.0000,-5.0000,-5.0000,4.5468,0.9997,45.54,nan,nan,-5.0000,-5.0000
wavmark,2,english:2002,0,270,rp,1,1.0000,-5.0000,-5.0000,4.5468,0.9997,45.54,nan,nan,-5.0000,-5.0000
wavmark,2,english:2002,0,270,random_dirichlet,0,1.0000,-0.0000,1.0000,4.6397,1.0000,67.02,nan,nan,-5.0000,-5.0000
wavmark,2,english:2002,0,270,eep,1,1.0000,-5.0000,-5.0000,4.5468,0.9997,45.54,nan,nan,-5.0000,-5.0000
wavmark,2,english:2002,0,270,fwp,1,1.0000,-5.0000,-5.0000,4.5468,0.9997,45.54,nan,nan,-5.0000,-5.0000
wavmark,2,english:2002,0,270,dm,1,1.0000,-5.0000,-5.0000,4.5468,0.9997,45.54,nan,nan,-5.0000,-5.0000
wavmark,2,english:2002,0,270,tct,1,1.0000,-5.0000,-5.0000,4.5468,0.9997,45.54,nan,nan,-5.0000,-5.0000
wavmark,2,english:2002,0,270,payload_farthest,1,1.0000,-5.0000,-5.0000,4.5468,0.9997,45.54,nan,nan,-5.0000,-5.0000
wavmark,2,english:2002,1,271,single_copy,0,1.0000,-0.0000,1.0000,4.6439,1.0000,148.91,nan,nan,-5.0000,-5.0000
wavmark,2,english:2002,1,271,mean,1,1.0000,-5.0000,-5.0000,4.5573,0.9997,46.01,nan,nan,-5.0000,-5.0000
wavmark,2,english:2002,1,271,rp,1,1.0000,-5.0000,-5.0000,4.5573,0.9997,46.01,nan,nan,-5.0000,-5.0000
wavmark,2,english:2002,1,271,random_dirichlet,1,1.0000,-4.0000,-4.0000,4.5586,0.9997,46.11,nan,nan,-5.0000,-5.0000
wavmark,2,english:2002,1,271,eep,1,1.0000,-5.0000,-5.0000,4.5573,0.9997,46.01,nan,nan,-5.0000,-5.0000
wavmark,2,english:2002,1,271,fwp,1,1.0000,-5.0000,-5.0000,4.5573,0.9997,46.01,nan,nan,-5.0000,-5.0000
wavmark,2,english:2002,1,271,dm,1,1.0000,-5.0000,-5.0000,4.5573,0.9997,46.01,nan,nan,-5.0000,-5.0000
wavmark,2,english:2002,1,271,tct,1,1.0000,-5.0000,-5.0000,4.5573,0.9997,46.01,nan,nan,-5.0000,-5.0000
wavmark,2,english:2002,1,271,payload_farthest,1,1.0000,-5.0000,-5.0000,4.5573,0.9997,46.01,nan,nan,-5.0000,-5.0000
wavmark,2,english:2002,2,272,single_copy,0,1.0000,-0.0000,1.0000,4.6439,1.0000,148.91,nan,nan,-2.0000,-2.0000
wavmark,2,english:2002,2,272,mean,1,1.0000,-2.0000,-2.0000,4.5924,0.9997,46.55,nan,nan,-2.0000,-2.0000
wavmark,2,english:2002,2,272,rp,1,1.0000,-2.0000,-2.0000,4.5924,0.9997,46.55,nan,nan,-2.0000,-2.0000
wavmark,2,english:2002,2,272,random_dirichlet,0,1.0000,-0.0000,1.0000,4.5616,0.9996,44.31,nan,nan,-2.0000,-2.0000
wavmark,2,english:2002,2,272,eep,1,1.0000,-2.0000,-2.0000,4.5924,0.9997,46.55,nan,nan,-2.0000,-2.0000
wavmark,2,english:2002,2,272,fwp,1,1.0000,-2.0000,-2.0000,4.5924,0.9997,46.55,nan,nan,-2.0000,-2.0000
wavmark,2,english:2002,2,272,dm,1,1.0000,-2.0000,-2.0000,4.5924,0.9997,46.55,nan,nan,-2.0000,-2.0000
wavmark,2,english:2002,2,272,tct,1,1.0000,-2.0000,-2.0000,4.5924,0.9997,46.55,nan,nan,-2.0000,-2.0000
wavmark,2,english:2002,2,272,payload_farthest,1,1.0000,-2.0000,-2.0000,4.5924,0.9997,46.55,nan,nan,-2.0000,-2.0000
wavmark,2,english:2007,0,273,single_copy,0,1.0000,-0.0000,1.0000,4.6439,1.0000,143.89,nan,nan,-4.0000,-4.0000
wavmark,2,english:2007,0,273,mean,1,1.0000,-4.0000,-4.0000,4.5303,0.9997,43.73,nan,nan,-4.0000,-4.0000
wavmark,2,english:2007,0,273,rp,1,1.0000,-4.0000,-4.0000,4.5303,0.9997,43.73,nan,nan,-4.0000,-4.0000
wavmark,2,english:2007,0,273,random_dirichlet,0,1.0000,-0.0000,1.0000,4.3710,0.9993,39.23,nan,nan,-4.0000,-4.0000
wavmark,2,english:2007,0,273,eep,1,1.0000,-4.0000,-4.0000,4.5303,0.9997,43.73,nan,nan,-4.0000,-4.0000
wavmark,2,english:2007,0,273,fwp,1,1.0000,-4.0000,-4.0000,4.5303,0.9997,43.73,nan,nan,-4.0000,-4.0000
wavmark,2,english:2007,0,273,dm,1,1.0000,-4.0000,-4.0000,4.5303,0.9997,43.73,nan,nan,-4.0000,-4.0000
wavmark,2,english:2007,0,273,tct,1,1.0000,-4.0000,-4.0000,4.5303,0.9997,43.73,nan,nan,-4.0000,-4.0000
wavmark,2,english:2007,0,273,payload_farthest,1,1.0000,-4.0000,-4.0000,4.5303,0.9997,43.73,nan,nan,-4.0000,-4.0000
wavmark,2,english:2007,1,274,single_copy,0,1.0000,-0.0000,1.0000,4.6439,1.0000,143.89,nan,nan,-5.0000,-5.0000
wavmark,2,english:2007,1,274,mean,1,1.0000,-5.0000,-5.0000,4.5279,0.9997,43.78,nan,nan,-5.0000,-5.0000
wavmark,2,english:2007,1,274,rp,1,1.0000,-5.0000,-5.0000,4.5279,0.9997,43.78,nan,nan,-5.0000,-5.0000
wavmark,2,english:2007,1,274,random_dirichlet,0,1.0000,-0.0000,1.0000,4.4202,0.9994,40.26,nan,nan,-5.0000,-5.0000
wavmark,2,english:2007,1,274,eep,1,1.0000,-5.0000,-5.0000,4.5279,0.9997,43.78,nan,nan,-5.0000,-5.0000
wavmark,2,english:2007,1,274,fwp,1,1.0000,-5.0000,-5.0000,4.5279,0.9997,43.78,nan,nan,-5.0000,-5.0000
wavmark,2,english:2007,1,274,dm,1,1.0000,-5.0000,-5.0000,4.5279,0.9997,43.78,nan,nan,-5.0000,-5.0000
wavmark,2,english:2007,1,274,tct,1,1.0000,-5.0000,-5.0000,4.5279,0.9997,43.78,nan,nan,-5.0000,-5.0000
wavmark,2,english:2007,1,274,payload_farthest,1,1.0000,-5.0000,-5.0000,4.5279,0.9997,43.78,nan,nan,-5.0000,-5.0000
wavmark,2,english:2007,2,275,single_copy,0,1.0000,-0.0000,1.0000,4.6439,1.0000,143.89,nan,nan,-3.0000,-3.0000
wavmark,2,english:2007,2,275,mean,1,1.0000,-3.0000,-3.0000,4.5422,0.9997,45.07,nan,nan,-3.0000,-3.0000
wavmark,2,english:2007,2,275,rp,1,1.0000,-3.0000,-3.0000,4.5422,0.9997,45.07,nan,nan,-3.0000,-3.0000
wavmark,2,english:2007,2,275,random_dirichlet,1,1.0000,-3.0000,-3.0000,4.5603,0.9998,46.18,nan,nan,-3.0000,-3.0000
wavmark,2,english:2007,2,275,eep,1,1.0000,-3.0000,-3.0000,4.5422,0.9997,45.07,nan,nan,-3.0000,-3.0000
wavmark,2,english:2007,2,275,fwp,1,1.0000,-3.0000,-3.0000,4.5422,0.9997,45.07,nan,nan,-3.0000,-3.0000
wavmark,2,english:2007,2,275,dm,1,1.0000,-3.0000,-3.0000,4.5422,0.9997,45.07,nan,nan,-3.0000,-3.0000
wavmark,2,english:2007,2,275,tct,1,1.0000,-3.0000,-3.0000,4.5422,0.9997,45.07,nan,nan,-3.0000,-3.0000
wavmark,2,english:2007,2,275,payload_farthest,1,1.0000,-3.0000,-3.0000,4.5422,0.9997,45.07,nan,nan,-3.0000,-3.0000
wavmark,2,english:201,0,276,single_copy,0,1.0000,-0.0000,1.0000,4.6439,1.0000,144.87,nan,nan,-4.0000,-4.0000
wavmark,2,english:201,0,276,mean,1,1.0000,-4.0000,-4.0000,4.6000,0.9999,43.84,nan,nan,-4.0000,-4.0000
wavmark,2,english:201,0,276,rp,1,1.0000,-4.0000,-4.0000,4.6000,0.9999,43.84,nan,nan,-4.0000,-4.0000
wavmark,2,english:201,0,276,random_dirichlet,0,1.0000,-0.0000,1.0000,4.5205,0.9999,39.16,nan,nan,-4.0000,-4.0000
wavmark,2,english:201,0,276,eep,1,1.0000,-4.0000,-4.0000,4.6000,0.9999,43.84,nan,nan,-4.0000,-4.0000
wavmark,2,english:201,0,276,fwp,1,1.0000,-4.0000,-4.0000,4.6000,0.9999,43.84,nan,nan,-4.0000,-4.0000
wavmark,2,english:201,0,276,dm,1,1.0000,-4.0000,-4.0000,4.6000,0.9999,43.84,nan,nan,-4.0000,-4.0000
wavmark,2,english:201,0,276,tct,1,1.0000,-4.0000,-4.0000,4.6000,0.9999,43.84,nan,nan,-4.0000,-4.0000
wavmark,2,english:201,0,276,payload_farthest,1,1.0000,-4.0000,-4.0000,4.6000,0.9999,43.84,nan,nan,-4.0000,-4.0000
wavmark,2,english:201,1,277,single_copy,0,1.0000,-0.0000,1.0000,4.6439,1.0000,144.87,nan,nan,-4.0000,-4.0000
wavmark,2,english:201,1,277,mean,1,1.0000,-4.0000,-4.0000,4.6042,1.0000,44.29,nan,nan,-4.0000,-4.0000
wavmark,2,english:201,1,277,rp,1,1.0000,-4.0000,-4.0000,4.6042,1.0000,44.29,nan,nan,-4.0000,-4.0000
wavmark,2,english:201,1,277,random_dirichlet,0,1.0000,-0.0000,1.0000,4.6434,1.0000,63.69,nan,nan,-4.0000,-4.0000
wavmark,2,english:201,1,277,eep,1,1.0000,-4.0000,-4.0000,4.6042,1.0000,44.29,nan,nan,-4.0000,-4.0000
wavmark,2,english:201,1,277,fwp,1,1.0000,-4.0000,-4.0000,4.6042,1.0000,44.29,nan,nan,-4.0000,-4.0000
wavmark,2,english:201,1,277,dm,1,1.0000,-4.0000,-4.0000,4.6042,1.0000,44.29,nan,nan,-4.0000,-4.0000
wavmark,2,english:201,1,277,tct,1,1.0000,-4.0000,-4.0000,4.6042,1.0000,44.29,nan,nan,-4.0000,-4.0000
wavmark,2,english:201,1,277,payload_farthest,1,1.0000,-4.0000,-4.0000,4.6042,1.0000,44.29,nan,nan,-4.0000,-4.0000
wavmark,2,english:201,2,278,single_copy,0,1.0000,-0.0000,1.0000,4.6439,1.0000,144.87,nan,nan,-2.0000,-2.0000
wavmark,2,english:201,2,278,mean,1,1.0000,-2.0000,-2.0000,4.6172,1.0000,45.22,nan,nan,-2.0000,-2.0000
wavmark,2,english:201,2,278,rp,1,1.0000,-2.0000,-2.0000,4.6172,1.0000,45.22,nan,nan,-2.0000,-2.0000
wavmark,2,english:201,2,278,random_dirichlet,1,1.0000,-3.0000,-3.0000,4.6191,1.0000,45.51,nan,nan,-2.0000,-2.0000
wavmark,2,english:201,2,278,eep,1,1.0000,-2.0000,-2.0000,4.6172,1.0000,45.22,nan,nan,-2.0000,-2.0000
wavmark,2,english:201,2,278,fwp,1,1.0000,-2.0000,-2.0000,4.6172,1.0000,45.22,nan,nan,-2.0000,-2.0000
wavmark,2,english:201,2,278,dm,1,1.0000,-2.0000,-2.0000,4.6172,1.0000,45.22,nan,nan,-2.0000,-2.0000
wavmark,2,english:201,2,278,tct,1,1.0000,-2.0000,-2.0000,4.6172,1.0000,45.22,nan,nan,-2.0000,-2.0000
wavmark,2,english:201,2,278,payload_farthest,1,1.0000,-2.0000,-2.0000,4.6172,1.0000,45.22,nan,nan,-2.0000,-2.0000
wavmark,2,english:2092,0,279,single_copy,0,1.0000,-0.0000,1.0000,4.6439,1.0000,142.20,nan,nan,-2.0000,-2.0000
wavmark,2,english:2092,0,279,mean,1,1.0000,-2.0000,-2.0000,4.5375,0.9784,44.78,nan,nan,-2.0000,-2.0000
wavmark,2,english:2092,0,279,rp,1,1.0000,-2.0000,-2.0000,4.5375,0.9784,44.78,nan,nan,-2.0000,-2.0000
wavmark,2,english:2092,0,279,random_dirichlet,0,1.0000,-0.0000,1.0000,4.3025,0.9366,39.71,nan,nan,-2.0000,-2.0000
wavmark,2,english:2092,0,279,eep,1,1.0000,-2.0000,-2.0000,4.5375,0.9784,44.78,nan,nan,-2.0000,-2.0000
wavmark,2,english:2092,0,279,fwp,1,1.0000,-2.0000,-2.0000,4.5375,0.9784,44.78,nan,nan,-2.0000,-2.0000
wavmark,2,english:2092,0,279,dm,1,1.0000,-2.0000,-2.0000,4.5375,0.9784,44.78,nan,nan,-2.0000,-2.0000
wavmark,2,english:2092,0,279,tct,1,1.0000,-2.0000,-2.0000,4.5375,0.9784,44.78,nan,nan,-2.0000,-2.0000
wavmark,2,english:2092,0,279,payload_farthest,1,1.0000,-2.0000,-2.0000,4.5375,0.9784,44.78,nan,nan,-2.0000,-2.0000
wavmark,2,english:2092,1,280,single_copy,0,1.0000,-0.0000,1.0000,4.6439,1.0000,142.20,nan,nan,-3.0000,-3.0000
wavmark,2,english:2092,1,280,mean,1,1.0000,-3.0000,-3.0000,4.5985,0.9898,45.14,nan,nan,-3.0000,-3.0000
wavmark,2,english:2092,1,280,rp,1,1.0000,-3.0000,-3.0000,4.5985,0.9898,45.14,nan,nan,-3.0000,-3.0000
wavmark,2,english:2092,1,280,random_dirichlet,0,1.0000,-0.0000,1.0000,4.5812,0.9857,43.65,nan,nan,-3.0000,-3.0000
wavmark,2,english:2092,1,280,eep,1,1.0000,-3.0000,-3.0000,4.5985,0.9898,45.14,nan,nan,-3.0000,-3.0000
wavmark,2,english:2092,1,280,fwp,1,1.0000,-3.0000,-3.0000,4.5985,0.9898,45.14,nan,nan,-3.0000,-3.0000
wavmark,2,english:2092,1,280,dm,1,1.0000,-3.0000,-3.0000,4.5985,0.9898,45.14,nan,nan,-3.0000,-3.0000
wavmark,2,english:2092,1,280,tct,1,1.0000,-3.0000,-3.0000,4.5985,0.9898,45.14,nan,nan,-3.0000,-3.0000
wavmark,2,english:2092,1,280,payload_farthest,1,1.0000,-3.0000,-3.0000,4.5985,0.9898,45.14,nan,nan,-3.0000,-3.0000
wavmark,2,english:2092,2,281,single_copy,0,1.0000,-0.0000,1.0000,4.6439,1.0000,142.20,nan,nan,-4.0000,-4.0000
wavmark,2,english:2092,2,281,mean,1,1.0000,-4.0000,-4.0000,4.5284,0.9745,44.30,nan,nan,-4.0000,-4.0000
wavmark,2,english:2092,2,281,rp,1,1.0000,-4.0000,-4.0000,4.5284,0.9745,44.30,nan,nan,-4.0000,-4.0000
wavmark,2,english:2092,2,281,random_dirichlet,0,1.0000,-0.0000,1.0000,4.6230,0.9949,51.47,nan,nan,-4.0000,-4.0000
wavmark,2,english:2092,2,281,eep,1,1.0000,-4.0000,-4.0000,4.5284,0.9745,44.30,nan,nan,-4.0000,-4.0000
wavmark,2,english:2092,2,281,fwp,1,1.0000,-4.0000,-4.0000,4.5284,0.9745,44.30,nan,nan,-4.0000,-4.0000
wavmark,2,english:2092,2,281,dm,1,1.0000,-4.0000,-4.0000,4.5284,0.9745,44.30,nan,nan,-4.0000,-4.0000
wavmark,2,english:2092,2,281,tct,1,1.0000,-4.0000,-4.0000,4.5284,0.9745,44.30,nan,nan,-4.0000,-4.0000
wavmark,2,english:2092,2,281,payload_farthest,1,1.0000,-4.0000,-4.0000,4.5284,0.9745,44.30,nan,nan,-4.0000,-4.0000
wavmark,2,english:211,0,282,single_copy,0,1.0000,-0.0000,1.0000,4.6439,1.0000,144.65,nan,nan,-2.0000,-2.0000
wavmark,2,english:211,0,282,mean,1,1.0000,-2.0000,-2.0000,4.6083,0.9998,44.93,nan,nan,-2.0000,-2.0000
wavmark,2,english:211,0,282,rp,1,1.0000,-2.0000,-2.0000,4.6083,0.9998,44.93,nan,nan,-2.0000,-2.0000
wavmark,2,english:211,0,282,random_dirichlet,0,1.0000,-0.0000,1.0000,4.5627,0.9993,39.39,nan,nan,-2.0000,-2.0000
wavmark,2,english:211,0,282,eep,1,1.0000,-2.0000,-2.0000,4.6083,0.9998,44.93,nan,nan,-2.0000,-2.0000
wavmark,2,english:211,0,282,fwp,1,1.0000,-2.0000,-2.0000,4.6083,0.9998,44.93,nan,nan,-2.0000,-2.0000
wavmark,2,english:211,0,282,dm,1,1.0000,-2.0000,-2.0000,4.6083,0.9998,44.93,nan,nan,-2.0000,-2.0000
wavmark,2,english:211,0,282,tct,1,1.0000,-2.0000,-2.0000,4.6083,0.9998,44.93,nan,nan,-2.0000,-2.0000
wavmark,2,english:211,0,282,payload_farthest,1,1.0000,-2.0000,-2.0000,4.6083,0.9998,44.93,nan,nan,-2.0000,-2.0000
wavmark,2,english:211,1,283,single_copy,0,1.0000,-0.0000,1.0000,4.6439,1.0000,144.65,nan,nan,-4.0000,-4.0000
wavmark,2,english:211,1,283,mean,1,1.0000,-4.0000,-4.0000,4.6198,0.9996,42.55,nan,nan,-4.0000,-4.0000
wavmark,2,english:211,1,283,rp,1,1.0000,-4.0000,-4.0000,4.6198,0.9996,42.55,nan,nan,-4.0000,-4.0000
wavmark,2,english:211,1,283,random_dirichlet,0,1.0000,-0.0000,1.0000,4.5687,0.9990,37.92,nan,nan,-4.0000,-4.0000
wavmark,2,english:211,1,283,eep,1,1.0000,-4.0000,-4.0000,4.6198,0.9996,42.55,nan,nan,-4.0000,-4.0000
wavmark,2,english:211,1,283,fwp,1,1.0000,-4.0000,-4.0000,4.6198,0.9996,42.55,nan,nan,-4.0000,-4.0000
wavmark,2,english:211,1,283,dm,1,1.0000,-4.0000,-4.0000,4.6198,0.9996,42.55,nan,nan,-4.0000,-4.0000
wavmark,2,english:211,1,283,tct,1,1.0000,-4.0000,-4.0000,4.6198,0.9996,42.55,nan,nan,-4.0000,-4.0000
wavmark,2,english:211,1,283,payload_farthest,1,1.0000,-4.0000,-4.0000,4.6198,0.9996,42.55,nan,nan,-4.0000,-4.0000
wavmark,2,english:211,2,284,single_copy,0,1.0000,-0.0000,1.0000,4.6439,1.0000,144.65,nan,nan,-5.0000,-5.0000
wavmark,2,english:211,2,284,mean,1,1.0000,-5.0000,-5.0000,4.6171,0.9995,42.51,nan,nan,-5.0000,-5.0000
wavmark,2,english:211,2,284,rp,1,1.0000,-5.0000,-5.0000,4.6171,0.9995,42.51,nan,nan,-5.0000,-5.0000
wavmark,2,english:211,2,284,random_dirichlet,0,1.0000,-0.0000,1.0000,4.6429,1.0000,55.20,nan,nan,-5.0000,-5.0000
wavmark,2,english:211,2,284,eep,1,1.0000,-5.0000,-5.0000,4.6171,0.9995,42.51,nan,nan,-5.0000,-5.0000
wavmark,2,english:211,2,284,fwp,1,1.0000,-5.0000,-5.0000,4.6171,0.9995,42.51,nan,nan,-5.0000,-5.0000
wavmark,2,english:211,2,284,dm,1,1.0000,-5.0000,-5.0000,4.6171,0.9995,42.51,nan,nan,-5.0000,-5.0000
wavmark,2,english:211,2,284,tct,1,1.0000,-5.0000,-5.0000,4.6171,0.9995,42.51,nan,nan,-5.0000,-5.0000
wavmark,2,english:211,2,284,payload_farthest,1,1.0000,-5.0000,-5.0000,4.6171,0.9995,42.51,nan,nan,-5.0000,-5.0000
wavmark,2,english:2136,0,285,single_copy,0,1.0000,-0.0000,1.0000,4.6439,1.0000,150.20,nan,nan,-5.0000,-5.0000
wavmark,2,english:2136,0,285,mean,1,1.0000,-5.0000,-5.0000,4.5485,0.9996,46.09,nan,nan,-5.0000,-5.0000
wavmark,2,english:2136,0,285,rp,1,1.0000,-5.0000,-5.0000,4.5485,0.9996,46.09,nan,nan,-5.0000,-5.0000
wavmark,2,english:2136,0,285,random_dirichlet,0,1.0000,-0.0000,1.0000,4.6134,0.9999,51.70,nan,nan,-5.0000,-5.0000
wavmark,2,english:2136,0,285,eep,1,1.0000,-5.0000,-5.0000,4.5485,0.9996,46.09,nan,nan,-5.0000,-5.0000
wavmark,2,english:2136,0,285,fwp,1,1.0000,-5.0000,-5.0000,4.5485,0.9996,46.09,nan,nan,-5.0000,-5.0000
wavmark,2,english:2136,0,285,dm,1,1.0000,-5.0000,-5.0000,4.5485,0.9996,46.09,nan,nan,-5.0000,-5.0000
wavmark,2,english:2136,0,285,tct,1,1.0000,-5.0000,-5.0000,4.5485,0.9996,46.09,nan,nan,-5.0000,-5.0000
wavmark,2,english:2136,0,285,payload_farthest,1,1.0000,-5.0000,-5.0000,4.5485,0.9996,46.09,nan,nan,-5.0000,-5.0000
wavmark,2,english:2136,1,286,single_copy,0,1.0000,-0.0000,1.0000,4.6439,1.0000,150.20,nan,nan,-1.0000,-1.0000
wavmark,2,english:2136,1,286,mean,1,1.0000,-1.0000,-1.0000,4.5770,0.9998,48.88,nan,nan,-1.0000,-1.0000
wavmark,2,english:2136,1,286,rp,1,1.0000,-1.0000,-1.0000,4.5770,0.9998,48.88,nan,nan,-1.0000,-1.0000
wavmark,2,english:2136,1,286,random_dirichlet,0,1.0000,-0.0000,1.0000,4.6300,1.0000,57.33,nan,nan,-1.0000,-1.0000
wavmark,2,english:2136,1,286,eep,1,1.0000,-1.0000,-1.0000,4.5770,0.9998,48.88,nan,nan,-1.0000,-1.0000
wavmark,2,english:2136,1,286,fwp,1,1.0000,-1.0000,-1.0000,4.5770,0.9998,48.88,nan,nan,-1.0000,-1.0000
wavmark,2,english:2136,1,286,dm,1,1.0000,-1.0000,-1.0000,4.5770,0.9998,48.88,nan,nan,-1.0000,-1.0000
wavmark,2,english:2136,1,286,tct,1,1.0000,-1.0000,-1.0000,4.5770,0.9998,48.88,nan,nan,-1.0000,-1.0000
wavmark,2,english:2136,1,286,payload_farthest,1,1.0000,-1.0000,-1.0000,4.5770,0.9998,48.88,nan,nan,-1.0000,-1.0000
wavmark,2,english:2136,2,287,single_copy,0,1.0000,-0.0000,1.0000,4.6439,1.0000,150.20,nan,nan,-1.0000,-1.0000
wavmark,2,english:2136,2,287,mean,1,1.0000,-1.0000,-1.0000,4.5809,0.9998,48.14,nan,nan,-1.0000,-1.0000
wavmark,2,english:2136,2,287,rp,1,1.0000,-1.0000,-1.0000,4.5809,0.9998,48.14,nan,nan,-1.0000,-1.0000
wavmark,2,english:2136,2,287,random_dirichlet,0,1.0000,-0.0000,1.0000,4.4304,0.9994,42.83,nan,nan,-1.0000,-1.0000
wavmark,2,english:2136,2,287,eep,1,1.0000,-1.0000,-1.0000,4.5809,0.9998,48.14,nan,nan,-1.0000,-1.0000
wavmark,2,english:2136,2,287,fwp,1,1.0000,-1.0000,-1.0000,4.5809,0.9998,48.14,nan,nan,-1.0000,-1.0000
wavmark,2,english:2136,2,287,dm,1,1.0000,-1.0000,-1.0000,4.5809,0.9998,48.14,nan,nan,-1.0000,-1.0000
wavmark,2,english:2136,2,287,tct,1,1.0000,-1.0000,-1.0000,4.5809,0.9998,48.14,nan,nan,-1.0000,-1.0000
wavmark,2,english:2136,2,287,payload_farthest,1,1.0000,-1.0000,-1.0000,4.5809,0.9998,48.14,nan,nan,-1.0000,-1.0000
wavmark,2,english:2159,0,288,single_copy,0,1.0000,-0.0000,1.0000,4.6439,1.0000,145.53,nan,nan,-4.0000,-4.0000
wavmark,2,english:2159,0,288,mean,1,1.0000,-4.0000,-4.0000,4.6208,0.9990,44.16,nan,nan,-4.0000,-4.0000
wavmark,2,english:2159,0,288,rp,1,1.0000,-4.0000,-4.0000,4.6208,0.9990,44.16,nan,nan,-4.0000,-4.0000
wavmark,2,english:2159,0,288,random_dirichlet,0,1.0000,-0.0000,1.0000,4.6352,0.9996,48.38,nan,nan,-4.0000,-4.0000
wavmark,2,english:2159,0,288,eep,1,1.0000,-4.0000,-4.0000,4.6208,0.9990,44.16,nan,nan,-4.0000,-4.0000
wavmark,2,english:2159,0,288,fwp,1,1.0000,-4.0000,-4.0000,4.6208,0.9990,44.16,nan,nan,-4.0000,-4.0000
wavmark,2,english:2159,0,288,dm,1,1.0000,-4.0000,-4.0000,4.6208,0.9990,44.16,nan,nan,-4.0000,-4.0000
wavmark,2,english:2159,0,288,tct,1,1.0000,-4.0000,-4.0000,4.6208,0.9990,44.16,nan,nan,-4.0000,-4.0000
wavmark,2,english:2159,0,288,payload_farthest,1,1.0000,-4.0000,-4.0000,4.6208,0.9990,44.16,nan,nan,-4.0000,-4.0000
wavmark,2,english:2159,1,289,single_copy,0,1.0000,-0.0000,1.0000,4.6439,1.0000,145.53,nan,nan,-3.0000,-3.0000
wavmark,2,english:2159,1,289,mean,1,1.0000,-3.0000,-3.0000,4.6190,0.9989,44.08,nan,nan,-3.0000,-3.0000
wavmark,2,english:2159,1,289,rp,1,1.0000,-3.0000,-3.0000,4.6190,0.9989,44.08,nan,nan,-3.0000,-3.0000
wavmark,2,english:2159,1,289,random_dirichlet,0,1.0000,-0.0000,1.0000,4.6434,1.0000,60.59,nan,nan,-3.0000,-3.0000
wavmark,2,english:2159,1,289,eep,1,1.0000,-3.0000,-3.0000,4.6190,0.9989,44.08,nan,nan,-3.0000,-3.0000
wavmark,2,english:2159,1,289,fwp,1,1.0000,-3.0000,-3.0000,4.6190,0.9989,44.08,nan,nan,-3.0000,-3.0000
wavmark,2,english:2159,1,289,dm,1,1.0000,-3.0000,-3.0000,4.6190,0.9989,44.08,nan,nan,-3.0000,-3.0000
wavmark,2,english:2159,1,289,tct,1,1.0000,-3.0000,-3.0000,4.6190,0.9989,44.08,nan,nan,-3.0000,-3.0000
wavmark,2,english:2159,1,289,payload_farthest,1,1.0000,-3.0000,-3.0000,4.6190,0.9989,44.08,nan,nan,-3.0000,-3.0000
wavmark,2,english:2159,2,290,single_copy,0,1.0000,-0.0000,1.0000,4.6439,1.0000,145.53,nan,nan,-1.0000,-1.0000
wavmark,2,english:2159,2,290,mean,1,1.0000,-1.0000,-1.0000,4.6188,0.9989,44.35,nan,nan,-1.0000,-1.0000
wavmark,2,english:2159,2,290,rp,1,1.0000,-1.0000,-1.0000,4.6188,0.9989,44.35,nan,nan,-1.0000,-1.0000
wavmark,2,english:2159,2,290,random_dirichlet,0,1.0000,-0.0000,1.0000,4.5999,0.9980,41.82,nan,nan,-1.0000,-1.0000
wavmark,2,english:2159,2,290,eep,1,1.0000,-1.0000,-1.0000,4.6188,0.9989,44.35,nan,nan,-1.0000,-1.0000
wavmark,2,english:2159,2,290,fwp,1,1.0000,-1.0000,-1.0000,4.6188,0.9989,44.35,nan,nan,-1.0000,-1.0000
wavmark,2,english:2159,2,290,dm,1,1.0000,-1.0000,-1.0000,4.6188,0.9989,44.35,nan,nan,-1.0000,-1.0000
wavmark,2,english:2159,2,290,tct,1,1.0000,-1.0000,-1.0000,4.6188,0.9989,44.35,nan,nan,-1.0000,-1.0000
wavmark,2,english:2159,2,290,payload_farthest,1,1.0000,-1.0000,-1.0000,4.6188,0.9989,44.35,nan,nan,-1.0000,-1.0000
wavmark,2,english:2182,0,291,single_copy,0,1.0000,-0.0000,1.0000,4.6439,1.0000,144.21,nan,nan,-6.0000,-6.0000
wavmark,2,english:2182,0,291,mean,1,1.0000,-6.0000,-6.0000,4.5690,0.9983,43.05,nan,nan,-6.0000,-6.0000
wavmark,2,english:2182,0,291,rp,1,1.0000,-6.0000,-6.0000,4.5690,0.9983,43.05,nan,nan,-6.0000,-6.0000
wavmark,2,english:2182,0,291,random_dirichlet,0,1.0000,-0.0000,1.0000,4.6071,0.9993,47.40,nan,nan,-6.0000,-6.0000
wavmark,2,english:2182,0,291,eep,1,1.0000,-6.0000,-6.0000,4.5690,0.9983,43.05,nan,nan,-6.0000,-6.0000
wavmark,2,english:2182,0,291,fwp,1,1.0000,-6.0000,-6.0000,4.5690,0.9983,43.05,nan,nan,-6.0000,-6.0000
wavmark,2,english:2182,0,291,dm,1,1.0000,-6.0000,-6.0000,4.5690,0.9983,43.05,nan,nan,-6.0000,-6.0000
wavmark,2,english:2182,0,291,tct,1,1.0000,-6.0000,-6.0000,4.5690,0.9983,43.05,nan,nan,-6.0000,-6.0000
wavmark,2,english:2182,0,291,payload_farthest,1,1.0000,-6.0000,-6.0000,4.5690,0.9983,43.05,nan,nan,-6.0000,-6.0000
wavmark,2,english:2182,1,292,single_copy,0,1.0000,-0.0000,1.0000,4.6439,1.0000,144.21,nan,nan,-3.0000,-3.0000
wavmark,2,english:2182,1,292,mean,1,1.0000,-3.0000,-3.0000,4.6117,0.9991,44.75,nan,nan,-3.0000,-3.0000
wavmark,2,english:2182,1,292,rp,1,1.0000,-3.0000,-3.0000,4.6117,0.9991,44.75,nan,nan,-3.0000,-3.0000
wavmark,2,english:2182,1,292,random_dirichlet,0,1.0000,-0.0000,1.0000,4.5671,0.9977,40.99,nan,nan,-3.0000,-3.0000
wavmark,2,english:2182,1,292,eep,1,1.0000,-3.0000,-3.0000,4.6117,0.9991,44.75,nan,nan,-3.0000,-3.0000
wavmark,2,english:2182,1,292,fwp,1,1.0000,-3.0000,-3.0000,4.6117,0.9991,44.75,nan,nan,-3.0000,-3.0000
wavmark,2,english:2182,1,292,dm,1,1.0000,-3.0000,-3.0000,4.6117,0.9991,44.75,nan,nan,-3.0000,-3.0000
wavmark,2,english:2182,1,292,tct,1,1.0000,-3.0000,-3.0000,4.6117,0.9991,44.75,nan,nan,-3.0000,-3.0000
wavmark,2,english:2182,1,292,payload_farthest,1,1.0000,-3.0000,-3.0000,4.6117,0.9991,44.75,nan,nan,-3.0000,-3.0000
wavmark,2,english:2182,2,293,single_copy,0,1.0000,-0.0000,1.0000,4.6439,1.0000,144.21,nan,nan,-4.0000,-4.0000
wavmark,2,english:2182,2,293,mean,1,1.0000,-4.0000,-4.0000,4.5804,0.9984,43.55,nan,nan,-4.0000,-4.0000
wavmark,2,english:2182,2,293,rp,1,1.0000,-4.0000,-4.0000,4.5804,0.9984,43.55,nan,nan,-4.0000,-4.0000
wavmark,2,english:2182,2,293,random_dirichlet,0,1.0000,-0.0000,1.0000,4.6158,0.9994,47.52,nan,nan,-4.0000,-4.0000
wavmark,2,english:2182,2,293,eep,1,1.0000,-4.0000,-4.0000,4.5804,0.9984,43.55,nan,nan,-4.0000,-4.0000
wavmark,2,english:2182,2,293,fwp,1,1.0000,-4.0000,-4.0000,4.5804,0.9984,43.55,nan,nan,-4.0000,-4.0000
wavmark,2,english:2182,2,293,dm,1,1.0000,-4.0000,-4.0000,4.5804,0.9984,43.55,nan,nan,-4.0000,-4.0000
wavmark,2,english:2182,2,293,tct,1,1.0000,-4.0000,-4.0000,4.5804,0.9984,43.55,nan,nan,-4.0000,-4.0000
wavmark,2,english:2182,2,293,payload_farthest,1,1.0000,-4.0000,-4.0000,4.5804,0.9984,43.55,nan,nan,-4.0000,-4.0000
wavmark,2,english:2196,0,294,single_copy,0,1.0000,-0.0000,1.0000,4.6439,1.0000,143.58,nan,nan,-4.0000,-4.0000
wavmark,2,english:2196,0,294,mean,1,1.0000,-4.0000,-4.0000,4.6169,0.9999,44.77,nan,nan,-4.0000,-4.0000
wavmark,2,english:2196,0,294,rp,1,1.0000,-4.0000,-4.0000,4.6169,0.9999,44.77,nan,nan,-4.0000,-4.0000
wavmark,2,english:2196,0,294,random_dirichlet,0,1.0000,-0.0000,1.0000,4.5967,0.9998,42.50,nan,nan,-4.0000,-4.0000
wavmark,2,english:2196,0,294,eep,1,1.0000,-4.0000,-4.0000,4.6169,0.9999,44.77,nan,nan,-4.0000,-4.0000
wavmark,2,english:2196,0,294,fwp,1,1.0000,-4.0000,-4.0000,4.6169,0.9999,44.77,nan,nan,-4.0000,-4.0000
wavmark,2,english:2196,0,294,dm,1,1.0000,-4.0000,-4.0000,4.6169,0.9999,44.77,nan,nan,-4.0000,-4.0000
wavmark,2,english:2196,0,294,tct,1,1.0000,-4.0000,-4.0000,4.6169,0.9999,44.77,nan,nan,-4.0000,-4.0000
wavmark,2,english:2196,0,294,payload_farthest,1,1.0000,-4.0000,-4.0000,4.6169,0.9999,44.77,nan,nan,-4.0000,-4.0000
wavmark,2,english:2196,1,295,single_copy,0,1.0000,-0.0000,1.0000,4.6439,1.0000,143.58,nan,nan,-4.0000,-4.0000
wavmark,2,english:2196,1,295,mean,1,1.0000,-4.0000,-4.0000,4.6070,0.9998,44.80,nan,nan,-4.0000,-4.0000
wavmark,2,english:2196,1,295,rp,1,1.0000,-4.0000,-4.0000,4.6070,0.9998,44.80,nan,nan,-4.0000,-4.0000
wavmark,2,english:2196,1,295,random_dirichlet,0,1.0000,-0.0000,1.0000,4.5506,0.9995,41.23,nan,nan,-4.0000,-4.0000
wavmark,2,english:2196,1,295,eep,1,1.0000,-4.0000,-4.0000,4.6070,0.9998,44.80,nan,nan,-4.0000,-4.0000
wavmark,2,english:2196,1,295,fwp,1,1.0000,-4.0000,-4.0000,4.6070,0.9998,44.80,nan,nan,-4.0000,-4.0000
wavmark,2,english:2196,1,295,dm,1,1.0000,-4.0000,-4.0000,4.6070,0.9998,44.80,nan,nan,-4.0000,-4.0000
wavmark,2,english:2196,1,295,tct,1,1.0000,-4.0000,-4.0000,4.6070,0.9998,44.80,nan,nan,-4.0000,-4.0000
wavmark,2,english:2196,1,295,payload_farthest,1,1.0000,-4.0000,-4.0000,4.6070,0.9998,44.80,nan,nan,-4.0000,-4.0000
wavmark,2,english:2196,2,296,single_copy,0,1.0000,-0.0000,1.0000,4.6439,1.0000,143.58,nan,nan,-4.0000,-4.0000
wavmark,2,english:2196,2,296,mean,1,1.0000,-4.0000,-4.0000,4.6124,0.9998,44.32,nan,nan,-4.0000,-4.0000
wavmark,2,english:2196,2,296,rp,1,1.0000,-4.0000,-4.0000,4.6124,0.9998,44.32,nan,nan,-4.0000,-4.0000
wavmark,2,english:2196,2,296,random_dirichlet,0,1.0000,-0.0000,1.0000,4.6402,1.0000,53.23,nan,nan,-4.0000,-4.0000
wavmark,2,english:2196,2,296,eep,1,1.0000,-4.0000,-4.0000,4.6124,0.9998,44.32,nan,nan,-4.0000,-4.0000
wavmark,2,english:2196,2,296,fwp,1,1.0000,-4.0000,-4.0000,4.6124,0.9998,44.32,nan,nan,-4.0000,-4.0000
wavmark,2,english:2196,2,296,dm,1,1.0000,-4.0000,-4.0000,4.6124,0.9998,44.32,nan,nan,-4.0000,-4.0000
wavmark,2,english:2196,2,296,tct,1,1.0000,-4.0000,-4.0000,4.6124,0.9998,44.32,nan,nan,-4.0000,-4.0000
wavmark,2,english:2196,2,296,payload_farthest,1,1.0000,-4.0000,-4.0000,4.6124,0.9998,44.32,nan,nan,-4.0000,-4.0000
wavmark,2,english:226,0,297,single_copy,0,1.0000,-0.0000,1.0000,4.6439,1.0000,140.85,nan,nan,-5.0000,-5.0000
wavmark,2,english:226,0,297,mean,1,1.0000,-5.0000,-5.0000,4.6119,0.9992,41.26,nan,nan,-5.0000,-5.0000
wavmark,2,english:226,0,297,rp,1,1.0000,-5.0000,-5.0000,4.6119,0.9992,41.26,nan,nan,-5.0000,-5.0000
wavmark,2,english:226,0,297,random_dirichlet,0,1.0000,-0.0000,1.0000,4.6432,1.0000,54.68,nan,nan,-5.0000,-5.0000
wavmark,2,english:226,0,297,eep,1,1.0000,-5.0000,-5.0000,4.6119,0.9992,41.26,nan,nan,-5.0000,-5.0000
wavmark,2,english:226,0,297,fwp,1,1.0000,-5.0000,-5.0000,4.6119,0.9992,41.26,nan,nan,-5.0000,-5.0000
wavmark,2,english:226,0,297,dm,1,1.0000,-5.0000,-5.0000,4.6119,0.9992,41.26,nan,nan,-5.0000,-5.0000
wavmark,2,english:226,0,297,tct,1,1.0000,-5.0000,-5.0000,4.6119,0.9992,41.26,nan,nan,-5.0000,-5.0000
wavmark,2,english:226,0,297,payload_farthest,1,1.0000,-5.0000,-5.0000,4.6119,0.9992,41.26,nan,nan,-5.0000,-5.0000
wavmark,2,english:226,1,298,single_copy,0,1.0000,-0.0000,1.0000,4.6439,1.0000,140.85,nan,nan,-4.0000,-4.0000
wavmark,2,english:226,1,298,mean,1,1.0000,-4.0000,-4.0000,4.6204,0.9993,41.14,nan,nan,-4.0000,-4.0000
wavmark,2,english:226,1,298,rp,1,1.0000,-4.0000,-4.0000,4.6204,0.9993,41.14,nan,nan,-4.0000,-4.0000
wavmark,2,english:226,1,298,random_dirichlet,0,1.0000,-0.0000,1.0000,4.5903,0.9985,37.66,nan,nan,-4.0000,-4.0000
wavmark,2,english:226,1,298,eep,1,1.0000,-4.0000,-4.0000,4.6204,0.9993,41.14,nan,nan,-4.0000,-4.0000
wavmark,2,english:226,1,298,fwp,1,1.0000,-4.0000,-4.0000,4.6204,0.9993,41.14,nan,nan,-4.0000,-4.0000
wavmark,2,english:226,1,298,dm,1,1.0000,-4.0000,-4.0000,4.6204,0.9993,41.14,nan,nan,-4.0000,-4.0000
wavmark,2,english:226,1,298,tct,1,1.0000,-4.0000,-4.0000,4.6204,0.9993,41.14,nan,nan,-4.0000,-4.0000
wavmark,2,english:226,1,298,payload_farthest,1,1.0000,-4.0000,-4.0000,4.6204,0.9993,41.14,nan,nan,-4.0000,-4.0000
wavmark,2,english:226,2,299,single_copy,0,1.0000,-0.0000,1.0000,4.6439,1.0000,140.85,nan,nan,-5.0000,-5.0000
wavmark,2,english:226,2,299,mean,1,1.0000,-5.0000,-5.0000,4.6253,0.9991,41.26,nan,nan,-5.0000,-5.0000
wavmark,2,english:226,2,299,rp,1,1.0000,-5.0000,-5.0000,4.6253,0.9991,41.26,nan,nan,-5.0000,-5.0000
wavmark,2,english:226,2,299,random_dirichlet,0,1.0000,-0.0000,1.0000,4.6409,0.9999,49.71,nan,nan,-5.0000,-5.0000
wavmark,2,english:226,2,299,eep,1,1.0000,-5.0000,-5.0000,4.6253,0.9991,41.26,nan,nan,-5.0000,-5.0000
wavmark,2,english:226,2,299,fwp,1,1.0000,-5.0000,-5.0000,4.6253,0.9991,41.26,nan,nan,-5.0000,-5.0000
wavmark,2,english:226,2,299,dm,1,1.0000,-5.0000,-5.0000,4.6253,0.9991,41.26,nan,nan,-5.0000,-5.0000
wavmark,2,english:226,2,299,tct,1,1.0000,-5.0000,-5.0000,4.6253,0.9991,41.26,nan,nan,-5.0000,-5.0000
wavmark,2,english:226,2,299,payload_farthest,1,1.0000,-5.0000,-5.0000,4.6253,0.9991,41.26,nan,nan,-5.0000,-5.0000
