model,K,spk,local_t,gi,method,ASR,presence,S_C,margin,PESQ,STOI,SI_SDR,rho_wave,rho_det,cb_margin,cb_shuf_margin
audioseal,3,chinese:SSB0005,0,0,single_copy,0,1.0000,-3.9538,1.0580,4.6439,1.0000,147.63,0.5000,-0.9276,-2.0526,-2.0526
audioseal,3,chinese:SSB0005,0,0,mean,1,1.0000,-7.3476,-2.1681,4.6051,0.9996,39.54,0.5000,-0.9276,-2.0526,-2.0526
audioseal,3,chinese:SSB0005,0,0,rp,1,0.9999,-7.4451,-2.4074,4.6167,0.9997,42.52,0.5000,-0.9276,-2.0526,-2.0526
audioseal,3,chinese:SSB0005,0,0,random_dirichlet,1,1.0000,-6.2948,-1.3483,4.5867,0.9992,35.42,0.5000,-0.9276,-2.0526,-2.0526
audioseal,3,chinese:SSB0005,0,0,eep,1,1.0000,-9.0254,-3.8231,4.5838,0.9992,36.02,0.5000,-0.9276,-2.0526,-2.0526
audioseal,3,chinese:SSB0005,0,0,fwp,1,1.0000,-9.0254,-3.8231,4.5838,0.9992,36.02,0.5000,-0.9276,-2.0526,-2.0526
audioseal,3,chinese:SSB0005,0,0,dm,1,1.0000,-9.4553,-5.2431,4.5920,0.9994,37.39,0.5000,-0.9276,-2.0526,-2.0526
audioseal,3,chinese:SSB0005,0,0,tct,1,1.0000,-6.9816,-2.0526,4.6098,0.9997,40.77,0.5000,-0.9276,-2.0526,-2.0526
audioseal,3,chinese:SSB0005,0,0,payload_farthest,1,1.0000,-10.4448,-5.6710,4.6081,0.9996,38.06,0.5000,-0.9276,-2.0526,-2.0526
audioseal,3,chinese:SSB0005,1,1,single_copy,0,0.9998,-4.2302,0.9882,4.6439,1.0000,147.63,1.0000,-0.8760,-2.7223,-2.7223
audioseal,3,chinese:SSB0005,1,1,mean,1,1.0000,-8.4867,-3.2092,4.5968,0.9992,35.65,1.0000,-0.8760,-2.7223,-2.7223
audioseal,3,chinese:SSB0005,1,1,rp,1,0.9999,-8.4021,-2.8226,4.6101,0.9995,37.54,1.0000,-0.8760,-2.7223,-2.7223
audioseal,3,chinese:SSB0005,1,1,random_dirichlet,1,1.0000,-8.4706,-3.6055,4.6041,0.9993,36.23,1.0000,-0.8760,-2.7223,-2.7223
audioseal,3,chinese:SSB0005,1,1,eep,1,1.0000,-4.9097,-0.1214,4.5642,0.9984,32.13,1.0000,-0.8760,-2.7223,-2.7223
audioseal,3,chinese:SSB0005,1,1,fwp,1,0.9999,-8.4021,-2.8226,4.6101,0.9995,37.54,1.0000,-0.8760,-2.7223,-2.7223
audioseal,3,chinese:SSB0005,1,1,dm,1,1.0000,-9.1382,-3.7026,4.6064,0.9994,37.01,1.0000,-0.8760,-2.7223,-2.7223
audioseal,3,chinese:SSB0005,1,1,tct,1,0.9999,-7.6590,-2.7223,4.6003,0.9993,36.14,1.0000,-0.8760,-2.7223,-2.7223
audioseal,3,chinese:SSB0005,1,1,payload_farthest,1,0.9999,-8.4021,-2.8226,4.6101,0.9995,37.54,1.0000,-0.8760,-2.7223,-2.7223
audioseal,3,chinese:SSB0005,2,2,single_copy,0,1.0000,-4.1959,0.9682,4.6439,1.0000,147.63,0.8660,-0.6892,0.0595,0.0595
audioseal,3,chinese:SSB0005,2,2,mean,1,1.0000,-7.1859,-1.6505,4.6055,0.9995,39.04,0.8660,-0.6892,0.0595,0.0595
audioseal,3,chinese:SSB0005,2,2,rp,1,1.0000,-7.8268,-1.9303,4.6059,0.9995,38.15,0.8660,-0.6892,0.0595,0.0595
audioseal,3,chinese:SSB0005,2,2,random_dirichlet,1,0.9999,-5.3307,-0.0087,4.6012,0.9996,38.27,0.8660,-0.6892,0.0595,0.0595
audioseal,3,chinese:SSB0005,2,2,eep,1,1.0000,-5.6760,-0.1305,4.6146,0.9998,41.26,0.8660,-0.6892,0.0595,0.0595
audioseal,3,chinese:SSB0005,2,2,fwp,1,1.0000,-6.2294,-0.6626,4.5768,0.9990,35.52,0.8660,-0.6892,0.0595,0.0595
audioseal,3,chinese:SSB0005,2,2,dm,1,1.0000,-7.0382,-1.2370,4.5955,0.9993,37.29,0.8660,-0.6892,0.0595,0.0595
audioseal,3,chinese:SSB0005,2,2,tct,0,1.0000,-5.3530,0.0595,4.6173,0.9997,40.83,0.8660,-0.6892,0.0595,0.0595
audioseal,3,chinese:SSB0005,2,2,payload_farthest,1,1.0000,-7.8268,-1.9303,4.6059,0.9995,38.15,0.8660,-0.6892,0.0595,0.0595
audioseal,3,chinese:SSB0009,0,3,single_copy,0,1.0000,-4.2238,0.8168,4.6439,1.0000,145.15,0.5000,-0.8786,-0.0252,-0.0251
audioseal,3,chinese:SSB0009,0,3,mean,1,1.0000,-5.7431,-0.8911,4.6277,0.9999,39.71,0.5000,-0.8786,-0.0252,-0.0251
audioseal,3,chinese:SSB0009,0,3,rp,1,1.0000,-6.0065,-0.6277,4.6291,0.9999,40.49,0.5000,-0.8786,-0.0252,-0.0251
audioseal,3,chinese:SSB0009,0,3,random_dirichlet,1,1.0000,-5.8565,-0.7891,4.6242,0.9998,38.54,0.5000,-0.8786,-0.0252,-0.0251
audioseal,3,chinese:SSB0009,0,3,eep,1,1.0000,-5.7080,-1.1369,4.6304,0.9999,42.58,0.5000,-0.8786,-0.0252,-0.0251
audioseal,3,chinese:SSB0009,0,3,fwp,1,1.0000,-6.0065,-0.6277,4.6291,0.9999,40.49,0.5000,-0.8786,-0.0252,-0.0251
audioseal,3,chinese:SSB0009,0,3,dm,1,1.0000,-5.6329,-0.4240,4.6300,0.9999,40.40,0.5000,-0.8786,-0.0252,-0.0251
audioseal,3,chinese:SSB0009,0,3,tct,1,1.0000,-4.6435,-0.0252,4.6261,0.9999,39.67,0.5000,-0.8786,-0.0252,-0.0251
audioseal,3,chinese:SSB0009,0,3,payload_farthest,1,1.0000,-6.0065,-0.6277,4.6291,0.9999,40.49,0.5000,-0.8786,-0.0252,-0.0251
audioseal,3,chinese:SSB0009,1,4,single_copy,0,1.0000,-4.4622,0.8733,4.6439,1.0000,145.15,1.0000,-0.9477,-2.5058,-2.5058
audioseal,3,chinese:SSB0009,1,4,mean,1,1.0000,-7.9786,-2.8280,4.5819,0.9995,33.20,1.0000,-0.9477,-2.5058,-2.5058
audioseal,3,chinese:SSB0009,1,4,rp,1,1.0000,-9.0517,-2.9870,4.5970,0.9997,33.92,1.0000,-0.9477,-2.5058,-2.5058
audioseal,3,chinese:SSB0009,1,4,random_dirichlet,1,1.0000,-5.2697,-0.1959,4.5495,0.9992,30.21,1.0000,-0.9477,-2.5058,-2.5058
audioseal,3,chinese:SSB0009,1,4,eep,1,1.0000,-6.1912,-0.7395,4.5288,0.9990,29.68,1.0000,-0.9477,-2.5058,-2.5058
audioseal,3,chinese:SSB0009,1,4,fwp,1,1.0000,-9.0517,-2.9870,4.5970,0.9997,33.92,1.0000,-0.9477,-2.5058,-2.5058
audioseal,3,chinese:SSB0009,1,4,dm,1,1.0000,-9.8924,-3.6975,4.5950,0.9996,33.84,1.0000,-0.9477,-2.5058,-2.5058
audioseal,3,chinese:SSB0009,1,4,tct,1,1.0000,-7.6328,-2.5058,4.5824,0.9995,33.49,1.0000,-0.9477,-2.5058,-2.5058
audioseal,3,chinese:SSB0009,1,4,payload_farthest,1,1.0000,-9.0517,-2.9870,4.5970,0.9997,33.92,1.0000,-0.9477,-2.5058,-2.5058
audioseal,3,chinese:SSB0009,2,5,single_copy,0,1.0000,-3.8675,1.0067,4.6439,1.0000,145.15,0.8660,-0.9312,-2.4506,-2.4506
audioseal,3,chinese:SSB0009,2,5,mean,1,1.0000,-9.0531,-3.2201,4.5933,0.9996,33.64,0.8660,-0.9312,-2.4506,-2.4506
audioseal,3,chinese:SSB0009,2,5,rp,1,1.0000,-11.4951,-5.8101,4.6038,0.9997,35.37,0.8660,-0.9312,-2.4506,-2.4506
audioseal,3,chinese:SSB0009,2,5,random_dirichlet,0,1.0000,-5.5228,0.3602,4.5581,0.9993,30.56,0.8660,-0.9312,-2.4506,-2.4506
audioseal,3,chinese:SSB0009,2,5,eep,1,1.0000,-11.4951,-5.8101,4.6038,0.9997,35.37,0.8660,-0.9312,-2.4506,-2.4506
audioseal,3,chinese:SSB0009,2,5,fwp,1,1.0000,-11.4951,-5.8101,4.6038,0.9997,35.37,0.8660,-0.9312,-2.4506,-2.4506
audioseal,3,chinese:SSB0009,2,5,dm,1,1.0000,-9.9704,-3.4804,4.6037,0.9997,34.67,0.8660,-0.9312,-2.4506,-2.4506
audioseal,3,chinese:SSB0009,2,5,tct,1,1.0000,-8.0735,-2.4506,4.5751,0.9995,32.23,0.8660,-0.9312,-2.4506,-2.4506
audioseal,3,chinese:SSB0009,2,5,payload_farthest,1,1.0000,-11.4951,-5.8101,4.6038,0.9997,35.37,0.8660,-0.9312,-2.4506,-2.4506
audioseal,3,chinese:SSB0011,0,6,single_copy,0,1.0000,-4.4414,0.9799,4.6439,1.0000,140.66,0.5000,-0.9990,-1.6659,-1.6659
audioseal,3,chinese:SSB0011,0,6,mean,1,1.0000,-6.9281,-2.0696,4.5844,0.9994,36.70,0.5000,-0.9990,-1.6659,-1.6659
audioseal,3,chinese:SSB0011,0,6,rp,1,1.0000,-6.3262,-1.1847,4.5906,0.9996,38.87,0.5000,-0.9990,-1.6659,-1.6659
audioseal,3,chinese:SSB0011,0,6,random_dirichlet,1,1.0000,-7.8568,-2.4832,4.5872,0.9993,35.90,0.5000,-0.9990,-1.6659,-1.6659
audioseal,3,chinese:SSB0011,0,6,eep,1,1.0000,-6.3262,-1.1847,4.5906,0.9996,38.87,0.5000,-0.9990,-1.6659,-1.6659
audioseal,3,chinese:SSB0011,0,6,fwp,1,1.0000,-7.6838,-2.2473,4.6050,0.9994,36.84,0.5000,-0.9990,-1.6659,-1.6659
audioseal,3,chinese:SSB0011,0,6,dm,1,1.0000,-7.2645,-2.1974,4.5838,0.9993,36.11,0.5000,-0.9990,-1.6659,-1.6659
audioseal,3,chinese:SSB0011,0,6,tct,1,1.0000,-7.0614,-1.6659,4.5842,0.9992,35.45,0.5000,-0.9990,-1.6659,-1.6659
audioseal,3,chinese:SSB0011,0,6,payload_farthest,1,1.0000,-7.3221,-1.4526,4.5598,0.9988,33.18,0.5000,-0.9990,-1.6659,-1.6659
audioseal,3,chinese:SSB0011,1,7,single_copy,0,1.0000,-3.8027,1.1193,4.6439,1.0000,140.66,1.0000,-0.9781,-1.8827,-1.8826
audioseal,3,chinese:SSB0011,1,7,mean,1,1.0000,-5.7225,-0.1268,4.5721,0.9991,33.98,1.0000,-0.9781,-1.8827,-1.8826
audioseal,3,chinese:SSB0011,1,7,rp,1,0.9999,-7.6297,-1.8585,4.5530,0.9988,32.57,1.0000,-0.9781,-1.8827,-1.8826
audioseal,3,chinese:SSB0011,1,7,random_dirichlet,0,1.0000,-4.9549,0.2007,4.5096,0.9975,28.99,1.0000,-0.9781,-1.8827,-1.8826
audioseal,3,chinese:SSB0011,1,7,eep,1,1.0000,-6.2948,-1.6484,4.5183,0.9980,30.46,1.0000,-0.9781,-1.8827,-1.8826
audioseal,3,chinese:SSB0011,1,7,fwp,1,0.9999,-7.6297,-1.8585,4.5530,0.9988,32.57,1.0000,-0.9781,-1.8827,-1.8826
audioseal,3,chinese:SSB0011,1,7,dm,1,0.9999,-7.4321,-1.7729,4.5508,0.9988,32.47,1.0000,-0.9781,-1.8827,-1.8826
audioseal,3,chinese:SSB0011,1,7,tct,1,1.0000,-6.8811,-1.8827,4.5671,0.9991,33.62,1.0000,-0.9781,-1.8827,-1.8826
audioseal,3,chinese:SSB0011,1,7,payload_farthest,1,0.9999,-7.6297,-1.8585,4.5530,0.9988,32.57,1.0000,-0.9781,-1.8827,-1.8826
audioseal,3,chinese:SSB0011,2,8,single_copy,0,1.0000,-3.9892,1.0038,4.6439,1.0000,140.66,1.0000,-0.9750,-3.7152,-3.7152
audioseal,3,chinese:SSB0011,2,8,mean,1,1.0000,-8.2866,-2.7417,4.5718,0.9988,34.28,1.0000,-0.9750,-3.7152,-3.7152
audioseal,3,chinese:SSB0011,2,8,rp,1,1.0000,-9.0483,-2.8023,4.5068,0.9974,30.75,1.0000,-0.9750,-3.7152,-3.7152
audioseal,3,chinese:SSB0011,2,8,random_dirichlet,0,1.0000,-4.4473,0.7916,4.4902,0.9968,30.15,1.0000,-0.9750,-3.7152,-3.7152
audioseal,3,chinese:SSB0011,2,8,eep,1,1.0000,-10.5222,-3.7631,4.5410,0.9985,33.67,1.0000,-0.9750,-3.7152,-3.7152
audioseal,3,chinese:SSB0011,2,8,fwp,1,1.0000,-10.5222,-3.7631,4.5410,0.9985,33.67,1.0000,-0.9750,-3.7152,-3.7152
audioseal,3,chinese:SSB0011,2,8,dm,1,1.0000,-10.2093,-4.3249,4.5486,0.9984,33.30,1.0000,-0.9750,-3.7152,-3.7152
audioseal,3,chinese:SSB0011,2,8,tct,1,1.0000,-9.8985,-3.7152,4.5563,0.9987,34.14,1.0000,-0.9750,-3.7152,-3.7152
audioseal,3,chinese:SSB0011,2,8,payload_farthest,1,1.0000,-10.5222,-3.7631,4.5410,0.9985,33.67,1.0000,-0.9750,-3.7152,-3.7152
audioseal,3,chinese:SSB0012,0,9,single_copy,0,1.0000,-4.2469,0.9534,4.6439,1.0000,145.69,-0.8660,0.6426,-0.4710,-0.4710
audioseal,3,chinese:SSB0012,0,9,mean,1,1.0000,-8.3646,-3.0150,4.5940,0.9995,33.26,-0.8660,0.6426,-0.4710,-0.4710
audioseal,3,chinese:SSB0012,0,9,rp,1,1.0000,-6.5783,-0.9567,4.6147,0.9997,34.46,-0.8660,0.6426,-0.4710,-0.4710
audioseal,3,chinese:SSB0012,0,9,random_dirichlet,0,1.0000,-4.4631,0.8976,4.5823,0.9990,30.40,-0.8660,0.6426,-0.4710,-0.4710
audioseal,3,chinese:SSB0012,0,9,eep,1,1.0000,-6.5783,-0.9567,4.6147,0.9997,34.46,-0.8660,0.6426,-0.4710,-0.4710
audioseal,3,chinese:SSB0012,0,9,fwp,1,1.0000,-6.5783,-0.9567,4.6147,0.9997,34.46,-0.8660,0.6426,-0.4710,-0.4710
audioseal,3,chinese:SSB0012,0,9,dm,1,1.0000,-8.5817,-2.9860,4.6018,0.9996,33.93,-0.8660,0.6426,-0.4710,-0.4710
audioseal,3,chinese:SSB0012,0,9,tct,1,1.0000,-5.9694,-0.4710,4.6166,0.9997,35.76,-0.8660,0.6426,-0.4710,-0.4710
audioseal,3,chinese:SSB0012,0,9,payload_farthest,1,1.0000,-9.1565,-4.4876,4.5802,0.9989,29.74,-0.8660,0.6426,-0.4710,-0.4710
audioseal,3,chinese:SSB0012,1,10,single_copy,0,1.0000,-4.2581,0.9424,4.6439,1.0000,145.70,1.0000,-0.9774,-2.9813,-2.9813
audioseal,3,chinese:SSB0012,1,10,mean,1,1.0000,-6.8457,-1.3481,4.5984,0.9994,33.32,1.0000,-0.9774,-2.9813,-2.9813
audioseal,3,chinese:SSB0012,1,10,rp,1,1.0000,-9.8821,-4.9258,4.6041,0.9994,34.04,1.0000,-0.9774,-2.9813,-2.9813
audioseal,3,chinese:SSB0012,1,10,random_dirichlet,0,1.0000,-5.0334,0.4743,4.5921,0.9994,32.91,1.0000,-0.9774,-2.9813,-2.9813
audioseal,3,chinese:SSB0012,1,10,eep,1,1.0000,-9.8821,-4.9258,4.6041,0.9994,34.04,1.0000,-0.9774,-2.9813,-2.9813
audioseal,3,chinese:SSB0012,1,10,fwp,1,1.0000,-9.8821,-4.9258,4.6041,0.9994,34.04,1.0000,-0.9774,-2.9813,-2.9813
audioseal,3,chinese:SSB0012,1,10,dm,1,1.0000,-9.7191,-4.1847,4.6032,0.9994,33.94,1.0000,-0.9774,-2.9813,-2.9813
audioseal,3,chinese:SSB0012,1,10,tct,1,1.0000,-8.5225,-2.9813,4.5957,0.9993,32.90,1.0000,-0.9774,-2.9813,-2.9813
audioseal,3,chinese:SSB0012,1,10,payload_farthest,1,1.0000,-9.8821,-4.9258,4.6041,0.9994,34.04,1.0000,-0.9774,-2.9813,-2.9813
audioseal,3,chinese:SSB0012,2,11,single_copy,0,1.0000,-4.0131,0.9471,4.6439,1.0000,145.69,0.5000,-0.9591,-2.0889,-2.0889
audioseal,3,chinese:SSB0012,2,11,mean,1,1.0000,-6.7888,-1.6313,4.5984,0.9995,32.41,0.5000,-0.9591,-2.0889,-2.0889
audioseal,3,chinese:SSB0012,2,11,rp,1,1.0000,-7.2626,-2.1675,4.5498,0.9990,28.89,0.5000,-0.9591,-2.0889,-2.0889
audioseal,3,chinese:SSB0012,2,11,random_dirichlet,1,1.0000,-6.1091,-0.5321,4.6187,0.9997,34.93,0.5000,-0.9591,-2.0889,-2.0889
audioseal,3,chinese:SSB0012,2,11,eep,1,1.0000,-7.5819,-1.5082,4.6056,0.9997,34.98,0.5000,-0.9591,-2.0889,-2.0889
audioseal,3,chinese:SSB0012,2,11,fwp,1,1.0000,-5.6670,-0.1243,4.6150,0.9996,34.08,0.5000,-0.9591,-2.0889,-2.0889
audioseal,3,chinese:SSB0012,2,11,dm,1,1.0000,-7.4938,-2.0532,4.6134,0.9996,34.00,0.5000,-0.9591,-2.0889,-2.0889
audioseal,3,chinese:SSB0012,2,11,tct,1,1.0000,-8.2037,-2.0889,4.6086,0.9996,33.70,0.5000,-0.9591,-2.0889,-2.0889
audioseal,3,chinese:SSB0012,2,11,payload_farthest,1,1.0000,-7.5819,-1.5082,4.6056,0.9997,34.98,0.5000,-0.9591,-2.0889,-2.0889
audioseal,3,chinese:SSB0016,0,12,single_copy,0,1.0000,-4.1316,0.9079,4.6439,1.0000,133.03,0.8660,-0.9384,-0.6523,-0.6523
audioseal,3,chinese:SSB0016,0,12,mean,1,1.0000,-6.2155,-0.7293,4.5750,0.9989,32.69,0.8660,-0.9384,-0.6523,-0.6523
audioseal,3,chinese:SSB0016,0,12,rp,1,1.0000,-7.5281,-2.3607,4.5983,0.9991,33.58,0.8660,-0.9384,-0.6523,-0.6523
audioseal,3,chinese:SSB0016,0,12,random_dirichlet,0,1.0000,-4.9765,0.2158,4.5383,0.9978,29.62,0.8660,-0.9384,-0.6523,-0.6523
audioseal,3,chinese:SSB0016,0,12,eep,1,1.0000,-7.0043,-1.6911,4.5943,0.9993,35.52,0.8660,-0.9384,-0.6523,-0.6523
audioseal,3,chinese:SSB0016,0,12,fwp,1,1.0000,-7.5281,-2.3607,4.5983,0.9991,33.58,0.8660,-0.9384,-0.6523,-0.6523
audioseal,3,chinese:SSB0016,0,12,dm,1,1.0000,-7.5281,-2.3607,4.5983,0.9991,33.58,0.8660,-0.9384,-0.6523,-0.6523
audioseal,3,chinese:SSB0016,0,12,tct,1,1.0000,-6.1446,-0.6523,4.5502,0.9983,30.88,0.8660,-0.9384,-0.6523,-0.6523
audioseal,3,chinese:SSB0016,0,12,payload_farthest,1,1.0000,-7.5281,-2.3607,4.5983,0.9991,33.58,0.8660,-0.9384,-0.6523,-0.6523
audioseal,3,chinese:SSB0016,1,13,single_copy,0,1.0000,-4.3544,0.5408,4.6439,1.0000,133.03,0.5000,-0.5744,-0.8978,-0.8980
audioseal,3,chinese:SSB0016,1,13,mean,1,1.0000,-7.3783,-1.9187,4.5618,0.9989,33.63,0.5000,-0.5744,-0.8978,-0.8980
audioseal,3,chinese:SSB0016,1,13,rp,1,1.0000,-6.7814,-1.4724,4.4922,0.9976,30.10,0.5000,-0.5744,-0.8978,-0.8980
audioseal,3,chinese:SSB0016,1,13,random_dirichlet,0,1.0000,-4.8741,0.0727,4.5511,0.9988,32.98,0.5000,-0.5744,-0.8978,-0.8980
audioseal,3,chinese:SSB0016,1,13,eep,1,1.0000,-8.2961,-2.8256,4.5698,0.9989,34.00,0.5000,-0.5744,-0.8978,-0.8980
audioseal,3,chinese:SSB0016,1,13,fwp,1,1.0000,-8.2961,-2.8256,4.5698,0.9989,34.00,0.5000,-0.5744,-0.8978,-0.8980
audioseal,3,chinese:SSB0016,1,13,dm,1,1.0000,-6.9074,-1.6991,4.5499,0.9987,33.03,0.5000,-0.5744,-0.8978,-0.8980
audioseal,3,chinese:SSB0016,1,13,tct,1,1.0000,-6.6649,-0.8978,4.5920,0.9993,35.41,0.5000,-0.5744,-0.8978,-0.8980
audioseal,3,chinese:SSB0016,1,13,payload_farthest,1,1.0000,-8.2961,-2.8256,4.5698,0.9989,34.00,0.5000,-0.5744,-0.8978,-0.8980
audioseal,3,chinese:SSB0016,2,14,single_copy,0,1.0000,-4.4178,0.9475,4.6439,1.0000,133.02,nan,nan,-2.4812,-2.4812
audioseal,3,chinese:SSB0016,2,14,mean,1,1.0000,-7.8967,-2.4447,4.5763,0.9981,32.37,nan,nan,-2.4812,-2.4812
audioseal,3,chinese:SSB0016,2,14,rp,1,1.0000,-8.3398,-3.0476,4.5922,0.9987,33.94,nan,nan,-2.4812,-2.4812
audioseal,3,chinese:SSB0016,2,14,random_dirichlet,1,1.0000,-7.1660,-1.8149,4.5369,0.9969,30.22,nan,nan,-2.4812,-2.4812
audioseal,3,chinese:SSB0016,2,14,eep,1,1.0000,-7.9758,-2.7475,4.5865,0.9987,33.81,nan,nan,-2.4812,-2.4812
audioseal,3,chinese:SSB0016,2,14,fwp,1,1.0000,-7.9758,-2.7475,4.5865,0.9987,33.81,nan,nan,-2.4812,-2.4812
audioseal,3,chinese:SSB0016,2,14,dm,1,1.0000,-8.1124,-2.6673,4.5834,0.9983,32.88,nan,nan,-2.4812,-2.4812
audioseal,3,chinese:SSB0016,2,14,tct,1,1.0000,-8.1068,-2.4812,4.5993,0.9988,34.56,nan,nan,-2.4812,-2.4812
audioseal,3,chinese:SSB0016,2,14,payload_farthest,1,1.0000,-7.9758,-2.7475,4.5865,0.9987,33.81,nan,nan,-2.4812,-2.4812
audioseal,3,chinese:SSB0018,0,15,single_copy,0,1.0000,-4.3119,0.8513,4.6439,1.0000,144.21,-0.5000,-0.8962,-3.4743,-3.4743
audioseal,3,chinese:SSB0018,0,15,mean,1,1.0000,-6.3761,-1.2652,4.5880,0.9997,38.46,-0.5000,-0.8962,-3.4743,-3.4743
audioseal,3,chinese:SSB0018,0,15,rp,1,1.0000,-5.9141,-0.6788,4.5558,0.9994,34.94,-0.5000,-0.8962,-3.4743,-3.4743
audioseal,3,chinese:SSB0018,0,15,random_dirichlet,0,1.0000,-4.4508,0.8282,4.6423,1.0000,51.67,-0.5000,-0.8962,-3.4743,-3.4743
audioseal,3,chinese:SSB0018,0,15,eep,1,1.0000,-5.9141,-0.6788,4.5558,0.9994,34.94,-0.5000,-0.8962,-3.4743,-3.4743
audioseal,3,chinese:SSB0018,0,15,fwp,1,1.0000,-5.9141,-0.6788,4.5558,0.9994,34.94,-0.5000,-0.8962,-3.4743,-3.4743
audioseal,3,chinese:SSB0018,0,15,dm,1,1.0000,-6.8903,-1.6916,4.5814,0.9997,37.52,-0.5000,-0.8962,-3.4743,-3.4743
audioseal,3,chinese:SSB0018,0,15,tct,1,1.0000,-9.1440,-3.4743,4.5884,0.9998,38.72,-0.5000,-0.8962,-3.4743,-3.4743
audioseal,3,chinese:SSB0018,0,15,payload_farthest,1,1.0000,-9.1440,-3.4743,4.5884,0.9998,38.72,-0.5000,-0.8962,-3.4743,-3.4743
audioseal,3,chinese:SSB0018,1,16,single_copy,0,1.0000,-4.1744,0.9307,4.6439,1.0000,144.21,1.0000,-0.7690,-3.7787,-3.7787
audioseal,3,chinese:SSB0018,1,16,mean,1,1.0000,-8.3330,-3.8222,4.5986,0.9996,35.14,1.0000,-0.7690,-3.7787,-3.7787
audioseal,3,chinese:SSB0018,1,16,rp,1,1.0000,-8.4683,-3.1397,4.5588,0.9993,31.62,1.0000,-0.7690,-3.7787,-3.7787
audioseal,3,chinese:SSB0018,1,16,random_dirichlet,1,1.0000,-7.7510,-3.1192,4.5846,0.9996,32.79,1.0000,-0.7690,-3.7787,-3.7787
audioseal,3,chinese:SSB0018,1,16,eep,1,1.0000,-7.8732,-2.9083,4.6050,0.9998,38.45,1.0000,-0.7690,-3.7787,-3.7787
audioseal,3,chinese:SSB0018,1,16,fwp,1,1.0000,-9.2142,-4.0022,4.6037,0.9997,34.46,1.0000,-0.7690,-3.7787,-3.7787
audioseal,3,chinese:SSB0018,1,16,dm,1,1.0000,-8.6199,-3.9970,4.5983,0.9996,34.22,1.0000,-0.7690,-3.7787,-3.7787
audioseal,3,chinese:SSB0018,1,16,tct,1,1.0000,-8.0542,-3.7787,4.6123,0.9998,38.05,1.0000,-0.7690,-3.7787,-3.7787
audioseal,3,chinese:SSB0018,1,16,payload_farthest,1,1.0000,-9.2142,-4.0022,4.6037,0.9997,34.46,1.0000,-0.7690,-3.7787,-3.7787
audioseal,3,chinese:SSB0018,2,17,single_copy,0,1.0000,-4.0579,0.8428,4.6439,1.0000,144.21,0.8660,-0.9957,-1.7255,-1.7252
audioseal,3,chinese:SSB0018,2,17,mean,1,1.0000,-5.8369,-0.5858,4.5973,0.9997,35.05,0.8660,-0.9957,-1.7255,-1.7252
audioseal,3,chinese:SSB0018,2,17,rp,1,1.0000,-9.9552,-4.6579,4.5944,0.9997,35.74,0.8660,-0.9957,-1.7255,-1.7252
audioseal,3,chinese:SSB0018,2,17,random_dirichlet,0,1.0000,-4.4463,0.5622,4.5832,0.9994,32.58,0.8660,-0.9957,-1.7255,-1.7252
audioseal,3,chinese:SSB0018,2,17,eep,1,1.0000,-9.9552,-4.6579,4.5944,0.9997,35.74,0.8660,-0.9957,-1.7255,-1.7252
audioseal,3,chinese:SSB0018,2,17,fwp,1,1.0000,-9.9552,-4.6579,4.5944,0.9997,35.74,0.8660,-0.9957,-1.7255,-1.7252
audioseal,3,chinese:SSB0018,2,17,dm,1,1.0000,-9.7714,-4.2741,4.5957,0.9997,35.72,0.8660,-0.9957,-1.7255,-1.7252
audioseal,3,chinese:SSB0018,2,17,tct,1,1.0000,-6.9429,-1.7255,4.5893,0.9995,33.75,0.8660,-0.9957,-1.7255,-1.7252
audioseal,3,chinese:SSB0018,2,17,payload_farthest,1,1.0000,-9.9552,-4.6579,4.5944,0.9997,35.74,0.8660,-0.9957,-1.7255,-1.7252
audioseal,3,chinese:SSB0033,0,18,single_copy,0,1.0000,-4.4617,0.8608,4.6439,1.0000,147.63,-0.5000,-0.9770,-2.1110,-2.1110
audioseal,3,chinese:SSB0033,0,18,mean,1,1.0000,-7.3867,-1.9045,4.5735,0.9994,39.81,-0.5000,-0.9770,-2.1110,-2.1110
audioseal,3,chinese:SSB0033,0,18,rp,1,1.0000,-8.5363,-2.1959,4.5846,0.9995,41.15,-0.5000,-0.9770,-2.1110,-2.1110
audioseal,3,chinese:SSB0033,0,18,random_dirichlet,1,1.0000,-5.7870,-0.8812,4.5536,0.9990,37.41,-0.5000,-0.9770,-2.1110,-2.1110
audioseal,3,chinese:SSB0033,0,18,eep,1,1.0000,-8.5363,-2.1959,4.5846,0.9995,41.15,-0.5000,-0.9770,-2.1110,-2.1110
audioseal,3,chinese:SSB0033,0,18,fwp,1,1.0000,-8.8629,-3.1511,4.5927,0.9996,41.00,-0.5000,-0.9770,-2.1110,-2.1110
audioseal,3,chinese:SSB0033,0,18,dm,1,1.0000,-7.4211,-1.8988,4.5740,0.9994,39.85,-0.5000,-0.9770,-2.1110,-2.1110
audioseal,3,chinese:SSB0033,0,18,tct,1,1.0000,-7.0160,-2.1110,4.5741,0.9994,40.19,-0.5000,-0.9770,-2.1110,-2.1110
audioseal,3,chinese:SSB0033,0,18,payload_farthest,1,1.0000,-8.5363,-2.1959,4.5846,0.9995,41.15,-0.5000,-0.9770,-2.1110,-2.1110
audioseal,3,chinese:SSB0033,1,19,single_copy,0,1.0000,-4.1408,1.0206,4.6439,1.0000,147.63,0.8660,-0.7555,-0.4479,-0.4479
audioseal,3,chinese:SSB0033,1,19,mean,1,1.0000,-7.6095,-2.8512,4.5850,0.9997,40.55,0.8660,-0.7555,-0.4479,-0.4479
audioseal,3,chinese:SSB0033,1,19,rp,1,1.0000,-6.7763,-2.1414,4.6030,0.9998,41.99,0.8660,-0.7555,-0.4479,-0.4479
audioseal,3,chinese:SSB0033,1,19,random_dirichlet,1,1.0000,-6.6936,-2.1114,4.6024,0.9998,42.05,0.8660,-0.7555,-0.4479,-0.4479
audioseal,3,chinese:SSB0033,1,19,eep,1,1.0000,-6.7150,-1.5022,4.6016,0.9997,41.12,0.8660,-0.7555,-0.4479,-0.4479
audioseal,3,chinese:SSB0033,1,19,fwp,1,1.0000,-7.4947,-2.2028,4.5595,0.9994,37.03,0.8660,-0.7555,-0.4479,-0.4479
audioseal,3,chinese:SSB0033,1,19,dm,1,1.0000,-7.8147,-2.9637,4.5798,0.9997,40.02,0.8660,-0.7555,-0.4479,-0.4479
audioseal,3,chinese:SSB0033,1,19,tct,1,0.9999,-5.3900,-0.4479,4.6103,0.9998,43.05,0.8660,-0.7555,-0.4479,-0.4479
audioseal,3,chinese:SSB0033,1,19,payload_farthest,1,1.0000,-7.4947,-2.2028,4.5595,0.9994,37.03,0.8660,-0.7555,-0.4479,-0.4479
audioseal,3,chinese:SSB0033,2,20,single_copy,0,0.9997,-4.3654,1.0035,4.6439,1.0000,147.63,-0.8660,-0.8506,-0.8886,-0.8886
audioseal,3,chinese:SSB0033,2,20,mean,1,1.0000,-6.9743,-1.8194,4.5901,0.9997,41.51,-0.8660,-0.8506,-0.8886,-0.8886
audioseal,3,chinese:SSB0033,2,20,rp,1,1.0000,-8.1867,-3.0812,4.5960,0.9997,43.44,-0.8660,-0.8506,-0.8886,-0.8886
audioseal,3,chinese:SSB0033,2,20,random_dirichlet,1,1.0000,-5.7196,-0.8024,4.5841,0.9996,40.46,-0.8660,-0.8506,-0.8886,-0.8886
audioseal,3,chinese:SSB0033,2,20,eep,1,1.0000,-6.0500,-0.9140,4.5585,0.9992,37.99,-0.8660,-0.8506,-0.8886,-0.8886
audioseal,3,chinese:SSB0033,2,20,fwp,1,1.0000,-6.0500,-0.9140,4.5585,0.9992,37.99,-0.8660,-0.8506,-0.8886,-0.8886
audioseal,3,chinese:SSB0033,2,20,dm,1,1.0000,-5.8519,-0.8717,4.5868,0.9996,40.84,-0.8660,-0.8506,-0.8886,-0.8886
audioseal,3,chinese:SSB0033,2,20,tct,1,1.0000,-6.1294,-0.8886,4.5811,0.9995,40.27,-0.8660,-0.8506,-0.8886,-0.8886
audioseal,3,chinese:SSB0033,2,20,payload_farthest,1,1.0000,-5.9546,-0.2481,4.6057,0.9998,41.63,-0.8660,-0.8506,-0.8886,-0.8886
audioseal,3,chinese:SSB0038,0,21,single_copy,0,1.0000,-3.9861,0.9207,4.6439,1.0000,143.23,0.0000,-0.8873,-3.8363,-3.8363
audioseal,3,chinese:SSB0038,0,21,mean,1,1.0000,-8.2432,-2.3652,4.5942,0.9990,36.57,0.0000,-0.8873,-3.8363,-3.8363
audioseal,3,chinese:SSB0038,0,21,rp,1,1.0000,-6.6796,-0.1528,4.6013,0.9994,37.61,0.0000,-0.8873,-3.8363,-3.8363
audioseal,3,chinese:SSB0038,0,21,random_dirichlet,1,1.0000,-7.6392,-1.1847,4.6100,0.9994,38.62,0.0000,-0.8873,-3.8363,-3.8363
audioseal,3,chinese:SSB0038,0,21,eep,1,1.0000,-8.5470,-3.3148,4.6014,0.9992,36.50,0.0000,-0.8873,-3.8363,-3.8363
audioseal,3,chinese:SSB0038,0,21,fwp,1,1.0000,-8.2847,-3.1764,4.5605,0.9979,33.05,0.0000,-0.8873,-3.8363,-3.8363
audioseal,3,chinese:SSB0038,0,21,dm,1,1.0000,-8.5657,-3.3013,4.5798,0.9986,34.96,0.0000,-0.8873,-3.8363,-3.8363
audioseal,3,chinese:SSB0038,0,21,tct,1,1.0000,-9.2755,-3.8363,4.5986,0.9991,36.22,0.0000,-0.8873,-3.8363,-3.8363
audioseal,3,chinese:SSB0038,0,21,payload_farthest,1,1.0000,-8.5470,-3.3148,4.6014,0.9992,36.50,0.0000,-0.8873,-3.8363,-3.8363
audioseal,3,chinese:SSB0038,1,22,single_copy,0,1.0000,-3.9378,0.9327,4.6439,1.0000,143.23,-1.0000,-0.9998,-4.2390,-4.2390
audioseal,3,chinese:SSB0038,1,22,mean,1,1.0000,-7.2998,-1.8360,4.5954,0.9993,33.57,-1.0000,-0.9998,-4.2390,-4.2390
audioseal,3,chinese:SSB0038,1,22,rp,1,0.9999,-7.9154,-1.7394,4.5996,0.9994,35.33,-1.0000,-0.9998,-4.2390,-4.2390
audioseal,3,chinese:SSB0038,1,22,random_dirichlet,1,1.0000,-8.3989,-2.6897,4.5827,0.9991,32.17,-1.0000,-0.9998,-4.2390,-4.2390
audioseal,3,chinese:SSB0038,1,22,eep,1,1.0000,-7.7762,-2.9192,4.6128,0.9995,34.81,-1.0000,-0.9998,-4.2390,-4.2390
audioseal,3,chinese:SSB0038,1,22,fwp,1,1.0000,-7.7762,-2.9192,4.6128,0.9995,34.81,-1.0000,-0.9998,-4.2390,-4.2390
audioseal,3,chinese:SSB0038,1,22,dm,1,1.0000,-7.5301,-2.8440,4.5998,0.9994,34.05,-1.0000,-0.9998,-4.2390,-4.2390
audioseal,3,chinese:SSB0038,1,22,tct,1,1.0000,-9.2001,-4.2390,4.5577,0.9986,30.04,-1.0000,-0.9998,-4.2390,-4.2390
audioseal,3,chinese:SSB0038,1,22,payload_farthest,1,1.0000,-9.2001,-4.2390,4.5577,0.9986,30.04,-1.0000,-0.9998,-4.2390,-4.2390
audioseal,3,chinese:SSB0038,2,23,single_copy,0,0.9999,-4.2758,0.9987,4.6439,1.0000,143.23,-0.8660,-0.1313,-3.2690,-3.2690
audioseal,3,chinese:SSB0038,2,23,mean,1,1.0000,-8.9446,-4.3336,4.5902,0.9991,35.08,-0.8660,-0.1313,-3.2690,-3.2690
audioseal,3,chinese:SSB0038,2,23,rp,1,1.0000,-8.8280,-3.7036,4.5565,0.9980,31.56,-0.8660,-0.1313,-3.2690,-3.2690
audioseal,3,chinese:SSB0038,2,23,random_dirichlet,1,1.0000,-5.6462,-0.3479,4.5730,0.9986,33.04,-0.8660,-0.1313,-3.2690,-3.2690
audioseal,3,chinese:SSB0038,2,23,eep,1,1.0000,-8.7526,-3.4335,4.6037,0.9993,36.64,-0.8660,-0.1313,-3.2690,-3.2690
audioseal,3,chinese:SSB0038,2,23,fwp,1,1.0000,-8.8882,-3.6740,4.5978,0.9993,36.55,-0.8660,-0.1313,-3.2690,-3.2690
audioseal,3,chinese:SSB0038,2,23,dm,1,1.0000,-9.0147,-4.3685,4.5931,0.9992,35.61,-0.8660,-0.1313,-3.2690,-3.2690
audioseal,3,chinese:SSB0038,2,23,tct,1,1.0000,-7.7473,-3.2690,4.5823,0.9988,33.95,-0.8660,-0.1313,-3.2690,-3.2690
audioseal,3,chinese:SSB0038,2,23,payload_farthest,1,1.0000,-8.7526,-3.4335,4.6037,0.9993,36.64,-0.8660,-0.1313,-3.2690,-3.2690
audioseal,3,chinese:SSB0043,0,24,single_copy,0,1.0000,-4.1690,0.9173,4.6439,1.0000,138.45,0.5000,-0.9480,-2.1044,-2.1044
audioseal,3,chinese:SSB0043,0,24,mean,1,1.0000,-6.4820,-2.1044,4.5671,0.9990,33.98,0.5000,-0.9480,-2.1044,-2.1044
audioseal,3,chinese:SSB0043,0,24,rp,1,1.0000,-7.5093,-2.0579,4.6040,0.9994,37.47,0.5000,-0.9480,-2.1044,-2.1044
audioseal,3,chinese:SSB0043,0,24,random_dirichlet,0,1.0000,-4.1290,0.8048,4.5421,0.9982,31.84,0.5000,-0.9480,-2.1044,-2.1044
audioseal,3,chinese:SSB0043,0,24,eep,1,1.0000,-9.0845,-3.7590,4.5493,0.9992,33.88,0.5000,-0.9480,-2.1044,-2.1044
audioseal,3,chinese:SSB0043,0,24,fwp,1,1.0000,-9.0845,-3.7590,4.5493,0.9992,33.88,0.5000,-0.9480,-2.1044,-2.1044
audioseal,3,chinese:SSB0043,0,24,dm,1,0.9999,-7.3010,-2.3793,4.5519,0.9991,33.83,0.5000,-0.9480,-2.1044,-2.1044
audioseal,3,chinese:SSB0043,0,24,tct,1,1.0000,-6.4820,-2.1044,4.5671,0.9990,33.98,0.5000,-0.9480,-2.1044,-2.1044
audioseal,3,chinese:SSB0043,0,24,payload_farthest,1,1.0000,-9.0845,-3.7590,4.5493,0.9992,33.88,0.5000,-0.9480,-2.1044,-2.1044
audioseal,3,chinese:SSB0043,1,25,single_copy,0,1.0000,-4.4042,0.8664,4.6439,1.0000,138.45,0.5000,-0.5066,-2.4679,-2.4679
audioseal,3,chinese:SSB0043,1,25,mean,1,1.0000,-7.5654,-3.0855,4.5689,0.9990,34.04,0.5000,-0.5066,-2.4679,-2.4679
audioseal,3,chinese:SSB0043,1,25,rp,1,1.0000,-7.4316,-2.1734,4.5119,0.9979,30.51,0.5000,-0.5066,-2.4679,-2.4679
audioseal,3,chinese:SSB0043,1,25,random_dirichlet,0,1.0000,-4.5350,0.3710,4.5366,0.9983,31.80,0.5000,-0.5066,-2.4679,-2.4679
audioseal,3,chinese:SSB0043,1,25,eep,1,1.0000,-7.4316,-2.1734,4.5119,0.9979,30.51,0.5000,-0.5066,-2.4679,-2.4679
audioseal,3,chinese:SSB0043,1,25,fwp,1,1.0000,-7.7953,-1.2727,4.5787,0.9993,35.54,0.5000,-0.5066,-2.4679,-2.4679
audioseal,3,chinese:SSB0043,1,25,dm,1,1.0000,-7.4926,-2.9243,4.5773,0.9992,34.63,0.5000,-0.5066,-2.4679,-2.4679
audioseal,3,chinese:SSB0043,1,25,tct,1,1.0000,-7.0801,-2.4679,4.5431,0.9985,32.05,0.5000,-0.5066,-2.4679,-2.4679
audioseal,3,chinese:SSB0043,1,25,payload_farthest,1,1.0000,-7.7953,-1.2727,4.5787,0.9993,35.54,0.5000,-0.5066,-2.4679,-2.4679
audioseal,3,chinese:SSB0043,2,26,single_copy,0,0.9997,-4.0757,1.0109,4.6439,1.0000,138.45,0.5000,-0.8847,-1.5653,-1.5653
audioseal,3,chinese:SSB0043,2,26,mean,1,1.0000,-7.2818,-2.2272,4.5736,0.9992,35.47,0.5000,-0.8847,-1.5653,-1.5653
audioseal,3,chinese:SSB0043,2,26,rp,1,1.0000,-7.4108,-1.9421,4.5697,0.9994,35.32,0.5000,-0.8847,-1.5653,-1.5653
audioseal,3,chinese:SSB0043,2,26,random_dirichlet,0,1.0000,-4.3453,0.1683,4.5309,0.9986,32.41,0.5000,-0.8847,-1.5653,-1.5653
audioseal,3,chinese:SSB0043,2,26,eep,1,1.0000,-7.4108,-1.9421,4.5697,0.9994,35.32,0.5000,-0.8847,-1.5653,-1.5653
audioseal,3,chinese:SSB0043,2,26,fwp,1,1.0000,-6.9038,-1.7502,4.5044,0.9983,31.95,0.5000,-0.8847,-1.5653,-1.5653
audioseal,3,chinese:SSB0043,2,26,dm,1,1.0000,-8.9601,-3.4672,4.5422,0.9989,33.73,0.5000,-0.8847,-1.5653,-1.5653
audioseal,3,chinese:SSB0043,2,26,tct,1,1.0000,-6.1657,-1.5653,4.5397,0.9988,33.37,0.5000,-0.8847,-1.5653,-1.5653
audioseal,3,chinese:SSB0043,2,26,payload_farthest,1,1.0000,-6.9038,-1.7502,4.5044,0.9983,31.95,0.5000,-0.8847,-1.5653,-1.5653
audioseal,3,chinese:SSB0057,0,27,single_copy,0,1.0000,-4.1125,1.0073,4.6439,1.0000,147.41,0.5000,-0.9697,-6.4143,-6.4143
audioseal,3,chinese:SSB0057,0,27,mean,1,1.0000,-8.7761,-2.6555,4.5953,0.9988,38.23,0.5000,-0.9697,-6.4143,-6.4143
audioseal,3,chinese:SSB0057,0,27,rp,1,1.0000,-8.5186,-3.0110,4.5623,0.9977,34.71,0.5000,-0.9697,-6.4143,-6.4143
audioseal,3,chinese:SSB0057,0,27,random_dirichlet,0,1.0000,-4.4281,0.8469,4.5598,0.9977,34.55,0.5000,-0.9697,-6.4143,-6.4143
audioseal,3,chinese:SSB0057,0,27,eep,1,1.0000,-8.5186,-3.0110,4.5623,0.9977,34.71,0.5000,-0.9697,-6.4143,-6.4143
audioseal,3,chinese:SSB0057,0,27,fwp,1,1.0000,-8.5186,-3.0110,4.5623,0.9977,34.71,0.5000,-0.9697,-6.4143,-6.4143
audioseal,3,chinese:SSB0057,0,27,dm,1,1.0000,-10.0668,-4.6204,4.5914,0.9986,37.60,0.5000,-0.9697,-6.4143,-6.4143
audioseal,3,chinese:SSB0057,0,27,tct,1,1.0000,-11.2023,-6.4143,4.5795,0.9982,36.21,0.5000,-0.9697,-6.4143,-6.4143
audioseal,3,chinese:SSB0057,0,27,payload_farthest,1,1.0000,-8.0449,-3.5259,4.6030,0.9989,38.58,0.5000,-0.9697,-6.4143,-6.4143
audioseal,3,chinese:SSB0057,1,28,single_copy,0,1.0000,-4.2774,0.8793,4.6439,1.0000,147.41,1.0000,-0.9779,-2.0906,-2.0906
audioseal,3,chinese:SSB0057,1,28,mean,1,1.0000,-7.5963,-1.9815,4.6084,0.9993,39.67,1.0000,-0.9779,-2.0906,-2.0906
audioseal,3,chinese:SSB0057,1,28,rp,1,1.0000,-6.8317,-1.7237,4.6246,0.9996,43.16,1.0000,-0.9779,-2.0906,-2.0906
audioseal,3,chinese:SSB0057,1,28,random_dirichlet,1,1.0000,-9.9128,-5.1265,4.5897,0.9987,36.67,1.0000,-0.9779,-2.0906,-2.0906
audioseal,3,chinese:SSB0057,1,28,eep,1,1.0000,-8.5882,-2.9787,4.6050,0.9992,38.36,1.0000,-0.9779,-2.0906,-2.0906
audioseal,3,chinese:SSB0057,1,28,fwp,1,1.0000,-8.5882,-2.9787,4.6050,0.9992,38.36,1.0000,-0.9779,-2.0906,-2.0906
audioseal,3,chinese:SSB0057,1,28,dm,1,1.0000,-8.4005,-2.1665,4.5982,0.9990,37.99,1.0000,-0.9779,-2.0906,-2.0906
audioseal,3,chinese:SSB0057,1,28,tct,1,1.0000,-8.5822,-2.0906,4.5982,0.9990,37.76,1.0000,-0.9779,-2.0906,-2.0906
audioseal,3,chinese:SSB0057,1,28,payload_farthest,1,1.0000,-8.5882,-2.9787,4.6050,0.9992,38.36,1.0000,-0.9779,-2.0906,-2.0906
audioseal,3,chinese:SSB0057,2,29,single_copy,0,1.0000,-4.0132,0.9969,4.6439,1.0000,147.41,1.0000,-0.8739,0.3529,0.3529
audioseal,3,chinese:SSB0057,2,29,mean,1,1.0000,-7.0930,-1.8566,4.6097,0.9990,33.58,1.0000,-0.8739,0.3529,0.3529
audioseal,3,chinese:SSB0057,2,29,rp,1,1.0000,-6.0520,-0.6108,4.5780,0.9979,30.05,1.0000,-0.8739,0.3529,0.3529
audioseal,3,chinese:SSB0057,2,29,random_dirichlet,1,1.0000,-6.0485,-0.3387,4.6106,0.9991,34.88,1.0000,-0.8739,0.3529,0.3529
audioseal,3,chinese:SSB0057,2,29,eep,1,1.0000,-9.3389,-3.5139,4.6161,0.9993,35.74,1.0000,-0.8739,0.3529,0.3529
audioseal,3,chinese:SSB0057,2,29,fwp,1,1.0000,-9.3389,-3.5139,4.6161,0.9993,35.74,1.0000,-0.8739,0.3529,0.3529
audioseal,3,chinese:SSB0057,2,29,dm,1,1.0000,-7.7682,-2.4874,4.6210,0.9993,35.42,1.0000,-0.8739,0.3529,0.3529
audioseal,3,chinese:SSB0057,2,29,tct,0,1.0000,-4.8962,0.3529,4.5887,0.9983,31.07,1.0000,-0.8739,0.3529,0.3529
audioseal,3,chinese:SSB0057,2,29,payload_farthest,1,1.0000,-9.3389,-3.5139,4.6161,0.9993,35.74,1.0000,-0.8739,0.3529,0.3529
audioseal,3,chinese:SSB0073,0,30,single_copy,0,1.0000,-3.9727,1.0503,4.6439,1.0000,144.66,0.5000,-0.9999,-1.5795,-1.5795
audioseal,3,chinese:SSB0073,0,30,mean,1,1.0000,-6.3321,-2.0941,4.6041,0.9998,34.52,0.5000,-0.9999,-1.5795,-1.5795
audioseal,3,chinese:SSB0073,0,30,rp,1,1.0000,-8.2761,-2.8540,4.5817,0.9995,30.99,0.5000,-0.9999,-1.5795,-1.5795
audioseal,3,chinese:SSB0073,0,30,random_dirichlet,1,1.0000,-6.7094,-1.1308,4.5722,0.9997,32.85,0.5000,-0.9999,-1.5795,-1.5795
audioseal,3,chinese:SSB0073,0,30,eep,1,1.0000,-7.0055,-1.5795,4.5879,0.9998,34.84,0.5000,-0.9999,-1.5795,-1.5795
audioseal,3,chinese:SSB0073,0,30,fwp,1,1.0000,-8.2761,-2.8540,4.5817,0.9995,30.99,0.5000,-0.9999,-1.5795,-1.5795
audioseal,3,chinese:SSB0073,0,30,dm,1,1.0000,-6.3368,-2.0676,4.5955,0.9997,33.66,0.5000,-0.9999,-1.5795,-1.5795
audioseal,3,chinese:SSB0073,0,30,tct,1,1.0000,-7.0055,-1.5795,4.5879,0.9998,34.84,0.5000,-0.9999,-1.5795,-1.5795
audioseal,3,chinese:SSB0073,0,30,payload_farthest,1,1.0000,-7.0055,-1.5795,4.5879,0.9998,34.84,0.5000,-0.9999,-1.5795,-1.5795
audioseal,3,chinese:SSB0073,1,31,single_copy,0,1.0000,-4.1942,0.9496,4.6439,1.0000,144.65,0.5000,-0.8098,-3.8114,-3.8114
audioseal,3,chinese:SSB0073,1,31,mean,1,1.0000,-8.1318,-2.4878,4.6029,0.9998,34.34,0.5000,-0.8098,-3.8114,-3.8114
audioseal,3,chinese:SSB0073,1,31,rp,1,1.0000,-6.8615,-1.6896,4.6014,0.9998,34.93,0.5000,-0.8098,-3.8114,-3.8114
audioseal,3,chinese:SSB0073,1,31,random_dirichlet,0,1.0000,-4.2984,0.9438,4.5740,0.9996,30.91,0.5000,-0.8098,-3.8114,-3.8114
audioseal,3,chinese:SSB0073,1,31,eep,1,1.0000,-8.3404,-3.1615,4.5612,0.9996,30.82,0.5000,-0.8098,-3.8114,-3.8114
audioseal,3,chinese:SSB0073,1,31,fwp,1,1.0000,-8.3404,-3.1615,4.5612,0.9996,30.82,0.5000,-0.8098,-3.8114,-3.8114
audioseal,3,chinese:SSB0073,1,31,dm,1,1.0000,-9.9110,-4.5441,4.5916,0.9998,33.31,0.5000,-0.8098,-3.8114,-3.8114
audioseal,3,chinese:SSB0073,1,31,tct,1,1.0000,-8.7867,-3.8114,4.5901,0.9998,33.73,0.5000,-0.8098,-3.8114,-3.8114
audioseal,3,chinese:SSB0073,1,31,payload_farthest,1,1.0000,-8.3404,-3.1615,4.5612,0.9996,30.82,0.5000,-0.8098,-3.8114,-3.8114
audioseal,3,chinese:SSB0073,2,32,single_copy,0,1.0000,-4.1673,0.9572,4.6439,1.0000,144.65,0.5000,-0.9501,-1.0545,-1.0545
audioseal,3,chinese:SSB0073,2,32,mean,1,1.0000,-7.8082,-3.0208,4.5991,0.9998,31.58,0.5000,-0.9501,-1.0545,-1.0545
audioseal,3,chinese:SSB0073,2,32,rp,1,0.9998,-7.7357,-2.6146,4.5670,0.9995,28.05,0.5000,-0.9501,-1.0545,-1.0545
audioseal,3,chinese:SSB0073,2,32,random_dirichlet,0,1.0000,-4.6986,0.0771,4.6333,1.0000,38.35,0.5000,-0.9501,-1.0545,-1.0545
audioseal,3,chinese:SSB0073,2,32,eep,1,1.0000,-6.2737,-1.0545,4.6122,0.9999,33.63,0.5000,-0.9501,-1.0545,-1.0545
audioseal,3,chinese:SSB0073,2,32,fwp,1,1.0000,-6.6739,-1.2598,4.6159,0.9998,33.47,0.5000,-0.9501,-1.0545,-1.0545
audioseal,3,chinese:SSB0073,2,32,dm,1,1.0000,-7.7985,-3.0410,4.6100,0.9998,33.01,0.5000,-0.9501,-1.0545,-1.0545
audioseal,3,chinese:SSB0073,2,32,tct,1,1.0000,-6.2737,-1.0545,4.6122,0.9999,33.63,0.5000,-0.9501,-1.0545,-1.0545
audioseal,3,chinese:SSB0073,2,32,payload_farthest,1,1.0000,-6.6739,-1.2598,4.6159,0.9998,33.47,0.5000,-0.9501,-1.0545,-1.0545
audioseal,3,chinese:SSB0080,0,33,single_copy,0,0.9999,-4.0769,0.9148,4.6439,1.0000,140.31,0.8660,-0.9706,-1.8122,-1.8122
audioseal,3,chinese:SSB0080,0,33,mean,1,1.0000,-6.6219,-2.0080,4.5939,0.9993,32.41,0.8660,-0.9706,-1.8122,-1.8122
audioseal,3,chinese:SSB0080,0,33,rp,1,1.0000,-6.7254,-1.8664,4.5591,0.9985,28.89,0.8660,-0.9706,-1.8122,-1.8122
audioseal,3,chinese:SSB0080,0,33,random_dirichlet,0,1.0000,-4.0996,0.7443,4.5494,0.9982,28.98,0.8660,-0.9706,-1.8122,-1.8122
audioseal,3,chinese:SSB0080,0,33,eep,1,1.0000,-6.7969,-1.2029,4.6146,0.9995,34.83,0.8660,-0.9706,-1.8122,-1.8122
audioseal,3,chinese:SSB0080,0,33,fwp,1,1.0000,-7.2953,-1.8122,4.5988,0.9993,33.94,0.8660,-0.9706,-1.8122,-1.8122
audioseal,3,chinese:SSB0080,0,33,dm,1,1.0000,-7.4074,-2.2590,4.6039,0.9994,33.75,0.8660,-0.9706,-1.8122,-1.8122
audioseal,3,chinese:SSB0080,0,33,tct,1,1.0000,-7.2953,-1.8122,4.5988,0.9993,33.94,0.8660,-0.9706,-1.8122,-1.8122
audioseal,3,chinese:SSB0080,0,33,payload_farthest,1,1.0000,-7.2953,-1.8122,4.5988,0.9993,33.94,0.8660,-0.9706,-1.8122,-1.8122
audioseal,3,chinese:SSB0080,1,34,single_copy,0,1.0000,-4.3460,0.9238,4.6439,1.0000,140.31,-0.5000,-0.8109,-4.3016,-4.3019
audioseal,3,chinese:SSB0080,1,34,mean,1,1.0000,-8.5840,-3.8686,4.5906,0.9993,30.50,-0.5000,-0.8109,-4.3016,-4.3019
audioseal,3,chinese:SSB0080,1,34,rp,1,1.0000,-7.4021,-2.4345,4.5306,0.9985,26.98,-0.5000,-0.8109,-4.3016,-4.3019
audioseal,3,chinese:SSB0080,1,34,random_dirichlet,1,1.0000,-6.5330,-1.5606,4.5818,0.9994,30.72,-0.5000,-0.8109,-4.3016,-4.3019
audioseal,3,chinese:SSB0080,1,34,eep,1,1.0000,-6.9929,-1.0270,4.5866,0.9996,31.73,-0.5000,-0.8109,-4.3016,-4.3019
audioseal,3,chinese:SSB0080,1,34,fwp,1,1.0000,-6.9929,-1.0270,4.5866,0.9996,31.73,-0.5000,-0.8109,-4.3016,-4.3019
audioseal,3,chinese:SSB0080,1,34,dm,1,1.0000,-8.5971,-3.9359,4.5906,0.9993,30.56,-0.5000,-0.8109,-4.3016,-4.3019
audioseal,3,chinese:SSB0080,1,34,tct,1,1.0000,-8.9670,-4.3016,4.6024,0.9996,32.82,-0.5000,-0.8109,-4.3016,-4.3019
audioseal,3,chinese:SSB0080,1,34,payload_farthest,1,1.0000,-8.4169,-3.0378,4.6095,0.9993,31.86,-0.5000,-0.8109,-4.3016,-4.3019
audioseal,3,chinese:SSB0080,2,35,single_copy,0,1.0000,-4.2320,0.9695,4.6439,1.0000,140.32,0.8660,-0.8922,-1.3405,-1.3405
audioseal,3,chinese:SSB0080,2,35,mean,1,1.0000,-7.0557,-1.5212,4.5947,0.9988,31.90,0.8660,-0.8922,-1.3405,-1.3405
audioseal,3,chinese:SSB0080,2,35,rp,1,1.0000,-8.3363,-2.0843,4.5980,0.9989,32.79,0.8660,-0.8922,-1.3405,-1.3405
audioseal,3,chinese:SSB0080,2,35,random_dirichlet,0,1.0000,-4.6658,0.4838,4.6331,0.9997,37.81,0.8660,-0.8922,-1.3405,-1.3405
audioseal,3,chinese:SSB0080,2,35,eep,1,1.0000,-6.9024,-1.1789,4.6094,0.9993,33.45,0.8660,-0.8922,-1.3405,-1.3405
audioseal,3,chinese:SSB0080,2,35,fwp,1,1.0000,-8.3363,-2.0843,4.5980,0.9989,32.79,0.8660,-0.8922,-1.3405,-1.3405
audioseal,3,chinese:SSB0080,2,35,dm,1,0.9999,-7.7360,-1.7542,4.5954,0.9988,32.03,0.8660,-0.8922,-1.3405,-1.3405
audioseal,3,chinese:SSB0080,2,35,tct,1,1.0000,-7.2190,-1.3405,4.6045,0.9990,33.43,0.8660,-0.8922,-1.3405,-1.3405
audioseal,3,chinese:SSB0080,2,35,payload_farthest,1,1.0000,-8.3363,-2.0843,4.5980,0.9989,32.79,0.8660,-0.8922,-1.3405,-1.3405
audioseal,3,chinese:SSB0112,0,36,single_copy,0,1.0000,-4.2198,0.9477,4.6439,1.0000,135.48,-0.5000,-0.9083,-1.8783,-1.8783
audioseal,3,chinese:SSB0112,0,36,mean,1,1.0000,-8.1992,-3.1601,4.5722,0.9994,29.72,-0.5000,-0.9083,-1.8783,-1.8783
audioseal,3,chinese:SSB0112,0,36,rp,1,1.0000,-7.8605,-2.9035,4.5745,0.9993,31.04,-0.5000,-0.9083,-1.8783,-1.8783
audioseal,3,chinese:SSB0112,0,36,random_dirichlet,0,1.0000,-4.5283,0.8380,4.5466,0.9991,27.46,-0.5000,-0.9083,-1.8783,-1.8783
audioseal,3,chinese:SSB0112,0,36,eep,1,1.0000,-7.6461,-3.1798,4.5243,0.9987,26.20,-0.5000,-0.9083,-1.8783,-1.8783
audioseal,3,chinese:SSB0112,0,36,fwp,1,1.0000,-7.8605,-2.9035,4.5745,0.9993,31.04,-0.5000,-0.9083,-1.8783,-1.8783
audioseal,3,chinese:SSB0112,0,36,dm,1,1.0000,-8.0754,-3.0016,4.5743,0.9994,29.89,-0.5000,-0.9083,-1.8783,-1.8783
audioseal,3,chinese:SSB0112,0,36,tct,1,1.0000,-6.6764,-1.8783,4.5561,0.9991,28.90,-0.5000,-0.9083,-1.8783,-1.8783
audioseal,3,chinese:SSB0112,0,36,payload_farthest,1,1.0000,-7.6461,-3.1798,4.5243,0.9987,26.20,-0.5000,-0.9083,-1.8783,-1.8783
audioseal,3,chinese:SSB0112,1,37,single_copy,0,1.0000,-3.8726,0.9682,4.6439,1.0000,135.48,0.5000,-0.6696,-1.6922,-1.6922
audioseal,3,chinese:SSB0112,1,37,mean,1,1.0000,-8.5286,-3.8493,4.5555,0.9991,30.19,0.5000,-0.6696,-1.6922,-1.6922
audioseal,3,chinese:SSB0112,1,37,rp,1,1.0000,-8.9222,-3.7839,4.5190,0.9980,26.66,0.5000,-0.6696,-1.6922,-1.6922
audioseal,3,chinese:SSB0112,1,37,random_dirichlet,1,1.0000,-10.1623,-5.4159,4.5534,0.9989,28.42,0.5000,-0.6696,-1.6922,-1.6922
audioseal,3,chinese:SSB0112,1,37,eep,1,1.0000,-8.9222,-3.7839,4.5190,0.9980,26.66,0.5000,-0.6696,-1.6922,-1.6922
audioseal,3,chinese:SSB0112,1,37,fwp,1,1.0000,-9.9470,-4.7366,4.5689,0.9991,29.15,0.5000,-0.6696,-1.6922,-1.6922
audioseal,3,chinese:SSB0112,1,37,dm,1,1.0000,-10.2181,-5.3385,4.5524,0.9989,28.88,0.5000,-0.6696,-1.6922,-1.6922
audioseal,3,chinese:SSB0112,1,37,tct,1,1.0000,-6.7196,-1.6922,4.5467,0.9989,29.72,0.5000,-0.6696,-1.6922,-1.6922
audioseal,3,chinese:SSB0112,1,37,payload_farthest,1,1.0000,-9.9470,-4.7366,4.5689,0.9991,29.15,0.5000,-0.6696,-1.6922,-1.6922
audioseal,3,chinese:SSB0112,2,38,single_copy,0,1.0000,-4.1598,0.9395,4.6439,1.0000,135.48,0.8660,0.0420,-0.9989,-0.9989
audioseal,3,chinese:SSB0112,2,38,mean,1,1.0000,-8.1243,-3.0564,4.5693,0.9991,29.31,0.8660,0.0420,-0.9989,-0.9989
audioseal,3,chinese:SSB0112,2,38,rp,1,1.0000,-8.2672,-2.5734,4.5834,0.9993,30.29,0.8660,0.0420,-0.9989,-0.9989
audioseal,3,chinese:SSB0112,2,38,random_dirichlet,0,1.0000,-4.0233,0.7013,4.4992,0.9977,24.84,0.8660,0.0420,-0.9989,-0.9989
audioseal,3,chinese:SSB0112,2,38,eep,1,1.0000,-8.2672,-2.5734,4.5834,0.9993,30.29,0.8660,0.0420,-0.9989,-0.9989
audioseal,3,chinese:SSB0112,2,38,fwp,1,1.0000,-8.2672,-2.5734,4.5834,0.9993,30.29,0.8660,0.0420,-0.9989,-0.9989
audioseal,3,chinese:SSB0112,2,38,dm,1,1.0000,-7.9916,-3.0212,4.5709,0.9991,29.41,0.8660,0.0420,-0.9989,-0.9989
audioseal,3,chinese:SSB0112,2,38,tct,1,1.0000,-6.5816,-0.9989,4.5806,0.9993,30.25,0.8660,0.0420,-0.9989,-0.9989
audioseal,3,chinese:SSB0112,2,38,payload_farthest,1,1.0000,-8.2672,-2.5734,4.5834,0.9993,30.29,0.8660,0.0420,-0.9989,-0.9989
audioseal,3,chinese:SSB0122,0,39,single_copy,0,1.0000,-3.9658,1.0734,4.6439,1.0000,144.53,1.0000,-0.9426,0.7269,0.7269
audioseal,3,chinese:SSB0122,0,39,mean,1,1.0000,-6.1416,-0.7567,4.5855,0.9995,32.15,1.0000,-0.9426,0.7269,0.7269
audioseal,3,chinese:SSB0122,0,39,rp,1,0.9997,-6.9381,-1.2590,4.5933,0.9996,34.37,1.0000,-0.9426,0.7269,0.7269
audioseal,3,chinese:SSB0122,0,39,random_dirichlet,0,1.0000,-4.4722,0.8664,4.5774,0.9993,31.06,1.0000,-0.9426,0.7269,0.7269
audioseal,3,chinese:SSB0122,0,39,eep,1,1.0000,-7.5753,-1.7271,4.6114,0.9996,34.74,1.0000,-0.9426,0.7269,0.7269
audioseal,3,chinese:SSB0122,0,39,fwp,1,0.9997,-6.9381,-1.2590,4.5933,0.9996,34.37,1.0000,-0.9426,0.7269,0.7269
audioseal,3,chinese:SSB0122,0,39,dm,1,0.9997,-6.9243,-1.2580,4.5940,0.9996,34.37,1.0000,-0.9426,0.7269,0.7269
audioseal,3,chinese:SSB0122,0,39,tct,0,1.0000,-4.4716,0.7269,4.5739,0.9993,30.86,1.0000,-0.9426,0.7269,0.7269
audioseal,3,chinese:SSB0122,0,39,payload_farthest,1,0.9997,-6.9381,-1.2590,4.5933,0.9996,34.37,1.0000,-0.9426,0.7269,0.7269
audioseal,3,chinese:SSB0122,1,40,single_copy,0,1.0000,-4.3266,0.9996,4.6439,1.0000,144.53,0.8660,-0.8428,-3.6228,-3.6228
audioseal,3,chinese:SSB0122,1,40,mean,1,1.0000,-7.6581,-2.7135,4.5783,0.9996,34.24,0.8660,-0.8428,-3.6228,-3.6228
audioseal,3,chinese:SSB0122,1,40,rp,1,1.0000,-9.1276,-3.6228,4.5994,0.9997,35.31,0.8660,-0.8428,-3.6228,-3.6228
audioseal,3,chinese:SSB0122,1,40,random_dirichlet,1,1.0000,-8.2267,-2.0237,4.6005,0.9997,35.67,0.8660,-0.8428,-3.6228,-3.6228
audioseal,3,chinese:SSB0122,1,40,eep,1,1.0000,-9.1276,-3.6228,4.5994,0.9997,35.31,0.8660,-0.8428,-3.6228,-3.6228
audioseal,3,chinese:SSB0122,1,40,fwp,1,1.0000,-9.1276,-3.6228,4.5994,0.9997,35.31,0.8660,-0.8428,-3.6228,-3.6228
audioseal,3,chinese:SSB0122,1,40,dm,1,1.0000,-7.6032,-2.3073,4.5909,0.9997,35.00,0.8660,-0.8428,-3.6228,-3.6228
audioseal,3,chinese:SSB0122,1,40,tct,1,1.0000,-9.1276,-3.6228,4.5994,0.9997,35.31,0.8660,-0.8428,-3.6228,-3.6228
audioseal,3,chinese:SSB0122,1,40,payload_farthest,1,1.0000,-7.9236,-2.9173,4.5932,0.9997,36.60,0.8660,-0.8428,-3.6228,-3.6228
audioseal,3,chinese:SSB0122,2,41,single_copy,0,1.0000,-4.2687,0.9578,4.6439,1.0000,144.53,0.8660,-0.9942,-1.6973,-1.6973
audioseal,3,chinese:SSB0122,2,41,mean,1,1.0000,-6.3946,-1.7242,4.5921,0.9997,36.11,0.8660,-0.9942,-1.6973,-1.6973
audioseal,3,chinese:SSB0122,2,41,rp,1,1.0000,-7.0138,-0.7685,4.6024,0.9998,40.17,0.8660,-0.9942,-1.6973,-1.6973
audioseal,3,chinese:SSB0122,2,41,random_dirichlet,0,1.0000,-4.5481,0.0458,4.5729,0.9994,34.60,0.8660,-0.9942,-1.6973,-1.6973
audioseal,3,chinese:SSB0122,2,41,eep,1,1.0000,-8.2463,-2.9758,4.5557,0.9993,32.59,0.8660,-0.9942,-1.6973,-1.6973
audioseal,3,chinese:SSB0122,2,41,fwp,1,1.0000,-8.4861,-2.6932,4.5999,0.9997,34.98,0.8660,-0.9942,-1.6973,-1.6973
audioseal,3,chinese:SSB0122,2,41,dm,1,1.0000,-7.7787,-2.7896,4.5924,0.9997,34.85,0.8660,-0.9942,-1.6973,-1.6973
audioseal,3,chinese:SSB0122,2,41,tct,1,1.0000,-6.3098,-1.6973,4.5801,0.9995,34.48,0.8660,-0.9942,-1.6973,-1.6973
audioseal,3,chinese:SSB0122,2,41,payload_farthest,1,1.0000,-8.4861,-2.6932,4.5999,0.9997,34.98,0.8660,-0.9942,-1.6973,-1.6973
audioseal,3,chinese:SSB0133,0,42,single_copy,0,1.0000,-4.1644,0.9399,4.6439,1.0000,140.35,1.0000,-0.9218,-2.3582,-2.3582
audioseal,3,chinese:SSB0133,0,42,mean,1,1.0000,-6.7896,-1.6569,4.5506,0.9984,36.28,1.0000,-0.9218,-2.3582,-2.3582
audioseal,3,chinese:SSB0133,0,42,rp,1,1.0000,-6.2005,-0.5110,4.5020,0.9970,32.76,1.0000,-0.9218,-2.3582,-2.3582
audioseal,3,chinese:SSB0133,0,42,random_dirichlet,1,1.0000,-7.5526,-2.3880,4.5996,0.9993,40.00,1.0000,-0.9218,-2.3582,-2.3582
audioseal,3,chinese:SSB0133,0,42,eep,1,1.0000,-6.2005,-0.5110,4.5020,0.9970,32.76,1.0000,-0.9218,-2.3582,-2.3582
audioseal,3,chinese:SSB0133,0,42,fwp,1,1.0000,-8.8144,-3.7847,4.5777,0.9989,37.66,1.0000,-0.9218,-2.3582,-2.3582
audioseal,3,chinese:SSB0133,0,42,dm,1,1.0000,-7.0884,-1.8008,4.5610,0.9986,36.81,1.0000,-0.9218,-2.3582,-2.3582
audioseal,3,chinese:SSB0133,0,42,tct,1,1.0000,-7.4664,-2.3582,4.5565,0.9985,36.31,1.0000,-0.9218,-2.3582,-2.3582
audioseal,3,chinese:SSB0133,0,42,payload_farthest,1,1.0000,-8.8144,-3.7847,4.5777,0.9989,37.66,1.0000,-0.9218,-2.3582,-2.3582
audioseal,3,chinese:SSB0133,1,43,single_copy,0,1.0000,-4.0958,0.9410,4.6439,1.0000,140.35,0.8660,-0.6136,-2.3370,-2.3370
audioseal,3,chinese:SSB0133,1,43,mean,1,1.0000,-6.2818,-1.4005,4.5781,0.9989,38.53,0.8660,-0.6136,-2.3370,-2.3370
audioseal,3,chinese:SSB0133,1,43,rp,1,1.0000,-6.9689,-2.3370,4.5996,0.9990,38.45,0.8660,-0.6136,-2.3370,-2.3370
audioseal,3,chinese:SSB0133,1,43,random_dirichlet,1,1.0000,-5.8936,-1.2377,4.5484,0.9982,35.72,0.8660,-0.6136,-2.3370,-2.3370
audioseal,3,chinese:SSB0133,1,43,eep,1,1.0000,-5.9223,-1.4260,4.5932,0.9994,41.43,0.8660,-0.6136,-2.3370,-2.3370
audioseal,3,chinese:SSB0133,1,43,fwp,1,1.0000,-6.9689,-2.3370,4.5996,0.9990,38.45,0.8660,-0.6136,-2.3370,-2.3370
audioseal,3,chinese:SSB0133,1,43,dm,1,1.0000,-6.9250,-2.0764,4.5714,0.9987,37.60,0.8660,-0.6136,-2.3370,-2.3370
audioseal,3,chinese:SSB0133,1,43,tct,1,1.0000,-6.9689,-2.3370,4.5996,0.9990,38.45,0.8660,-0.6136,-2.3370,-2.3370
audioseal,3,chinese:SSB0133,1,43,payload_farthest,1,1.0000,-6.9689,-2.3370,4.5996,0.9990,38.45,0.8660,-0.6136,-2.3370,-2.3370
audioseal,3,chinese:SSB0133,2,44,single_copy,0,1.0000,-4.1548,1.0206,4.6439,1.0000,140.36,0.8660,-0.9421,-2.8786,-2.8786
audioseal,3,chinese:SSB0133,2,44,mean,1,1.0000,-8.8387,-3.7520,4.5732,0.9988,36.11,0.8660,-0.9421,-2.8786,-2.8786
audioseal,3,chinese:SSB0133,2,44,rp,1,1.0000,-7.2402,-1.0228,4.5084,0.9973,32.59,0.8660,-0.9421,-2.8786,-2.8786
audioseal,3,chinese:SSB0133,2,44,random_dirichlet,0,1.0000,-4.3569,0.8991,4.6389,0.9999,47.98,0.8660,-0.9421,-2.8786,-2.8786
audioseal,3,chinese:SSB0133,2,44,eep,1,1.0000,-7.2402,-1.0228,4.5084,0.9973,32.59,0.8660,-0.9421,-2.8786,-2.8786
audioseal,3,chinese:SSB0133,2,44,fwp,1,1.0000,-8.6823,-2.1487,4.5974,0.9992,37.32,0.8660,-0.9421,-2.8786,-2.8786
audioseal,3,chinese:SSB0133,2,44,dm,1,1.0000,-9.0687,-3.4633,4.5892,0.9991,37.04,0.8660,-0.9421,-2.8786,-2.8786
audioseal,3,chinese:SSB0133,2,44,tct,1,1.0000,-8.7335,-2.8786,4.6044,0.9993,38.61,0.8660,-0.9421,-2.8786,-2.8786
audioseal,3,chinese:SSB0133,2,44,payload_farthest,1,1.0000,-8.6823,-2.1487,4.5974,0.9992,37.32,0.8660,-0.9421,-2.8786,-2.8786
audioseal,3,chinese:SSB0139,0,45,single_copy,0,1.0000,-4.2496,0.9171,4.6439,1.0000,147.34,0.5000,-0.9995,-0.9566,-0.9566
audioseal,3,chinese:SSB0139,0,45,mean,1,1.0000,-5.5805,-0.8488,4.6230,0.9999,37.96,0.5000,-0.9995,-0.9566,-0.9566
audioseal,3,chinese:SSB0139,0,45,rp,1,1.0000,-8.5997,-2.1867,4.6008,0.9999,34.43,0.5000,-0.9995,-0.9566,-0.9566
audioseal,3,chinese:SSB0139,0,45,random_dirichlet,1,1.0000,-5.1176,-0.3202,4.6282,1.0000,39.28,0.5000,-0.9995,-0.9566,-0.9566
audioseal,3,chinese:SSB0139,0,45,eep,1,1.0000,-6.6702,-1.0924,4.6163,0.9999,39.50,0.5000,-0.9995,-0.9566,-0.9566
audioseal,3,chinese:SSB0139,0,45,fwp,1,1.0000,-8.5997,-2.1867,4.6008,0.9999,34.43,0.5000,-0.9995,-0.9566,-0.9566
audioseal,3,chinese:SSB0139,0,45,dm,1,1.0000,-7.0026,-1.1687,4.6070,0.9999,35.24,0.5000,-0.9995,-0.9566,-0.9566
audioseal,3,chinese:SSB0139,0,45,tct,1,1.0000,-6.3348,-0.9566,4.6134,0.9999,37.19,0.5000,-0.9995,-0.9566,-0.9566
audioseal,3,chinese:SSB0139,0,45,payload_farthest,1,1.0000,-8.5997,-2.1867,4.6008,0.9999,34.43,0.5000,-0.9995,-0.9566,-0.9566
audioseal,3,chinese:SSB0139,1,46,single_copy,0,1.0000,-4.2122,0.9461,4.6439,1.0000,147.34,-0.8660,0.3433,-3.1208,-3.1208
audioseal,3,chinese:SSB0139,1,46,mean,1,1.0000,-9.1272,-3.2468,4.5947,0.9998,31.75,-0.8660,0.3433,-3.1208,-3.1208
audioseal,3,chinese:SSB0139,1,46,rp,1,1.0000,-8.4760,-2.8914,4.6019,0.9998,33.74,-0.8660,0.3433,-3.1208,-3.1208
audioseal,3,chinese:SSB0139,1,46,random_dirichlet,1,1.0000,-5.3346,-0.5554,4.6291,0.9999,37.95,-0.8660,0.3433,-3.1208,-3.1208
audioseal,3,chinese:SSB0139,1,46,eep,1,1.0000,-8.4760,-2.8914,4.6019,0.9998,33.74,-0.8660,0.3433,-3.1208,-3.1208
audioseal,3,chinese:SSB0139,1,46,fwp,1,1.0000,-8.4760,-2.8914,4.6019,0.9998,33.74,-0.8660,0.3433,-3.1208,-3.1208
audioseal,3,chinese:SSB0139,1,46,dm,1,1.0000,-7.7253,-1.5896,4.6069,0.9999,33.38,-0.8660,0.3433,-3.1208,-3.1208
audioseal,3,chinese:SSB0139,1,46,tct,1,1.0000,-8.5913,-3.1208,4.5894,0.9998,31.35,-0.8660,0.3433,-3.1208,-3.1208
audioseal,3,chinese:SSB0139,1,46,payload_farthest,1,1.0000,-7.4635,-1.6521,4.5640,0.9996,28.23,-0.8660,0.3433,-3.1208,-3.1208
audioseal,3,chinese:SSB0139,2,47,single_copy,0,1.0000,-4.4103,0.8533,4.6439,1.0000,147.33,0.8660,-0.9586,-1.1457,-1.1457
audioseal,3,chinese:SSB0139,2,47,mean,1,1.0000,-6.4763,-0.7184,4.5916,0.9998,32.99,0.8660,-0.9586,-1.1457,-1.1457
audioseal,3,chinese:SSB0139,2,47,rp,1,1.0000,-7.6958,-2.5805,4.6146,0.9999,36.06,0.8660,-0.9586,-1.1457,-1.1457
audioseal,3,chinese:SSB0139,2,47,random_dirichlet,1,1.0000,-8.9350,-2.6203,4.6112,0.9999,34.24,0.8660,-0.9586,-1.1457,-1.1457
audioseal,3,chinese:SSB0139,2,47,eep,1,1.0000,-8.9356,-2.6865,4.6065,0.9998,33.57,0.8660,-0.9586,-1.1457,-1.1457
audioseal,3,chinese:SSB0139,2,47,fwp,1,1.0000,-8.9356,-2.6865,4.6065,0.9998,33.57,0.8660,-0.9586,-1.1457,-1.1457
audioseal,3,chinese:SSB0139,2,47,dm,1,1.0000,-8.8858,-2.2726,4.6033,0.9998,33.52,0.8660,-0.9586,-1.1457,-1.1457
audioseal,3,chinese:SSB0139,2,47,tct,1,1.0000,-7.6492,-1.1457,4.6103,0.9999,35.09,0.8660,-0.9586,-1.1457,-1.1457
audioseal,3,chinese:SSB0139,2,47,payload_farthest,1,1.0000,-8.9356,-2.6865,4.6065,0.9998,33.57,0.8660,-0.9586,-1.1457,-1.1457
audioseal,3,chinese:SSB0145,0,48,single_copy,0,1.0000,-3.8488,1.0411,4.6439,1.0000,143.68,0.0000,-0.8187,-0.0152,-0.0152
audioseal,3,chinese:SSB0145,0,48,mean,1,1.0000,-7.0474,-2.2153,4.5911,0.9993,33.59,0.0000,-0.8187,-0.0152,-0.0152
audioseal,3,chinese:SSB0145,0,48,rp,1,1.0000,-7.0451,-0.9106,4.5699,0.9988,30.07,0.0000,-0.8187,-0.0152,-0.0152
audioseal,3,chinese:SSB0145,0,48,random_dirichlet,1,1.0000,-8.4823,-3.4580,4.5828,0.9992,31.85,0.0000,-0.8187,-0.0152,-0.0152
audioseal,3,chinese:SSB0145,0,48,eep,1,1.0000,-6.4534,-1.0005,4.6091,0.9994,34.41,0.0000,-0.8187,-0.0152,-0.0152
audioseal,3,chinese:SSB0145,0,48,fwp,1,1.0000,-6.4534,-1.0005,4.6091,0.9994,34.41,0.0000,-0.8187,-0.0152,-0.0152
audioseal,3,chinese:SSB0145,0,48,dm,1,1.0000,-6.8939,-2.1398,4.5928,0.9993,33.79,0.0000,-0.8187,-0.0152,-0.0152
audioseal,3,chinese:SSB0145,0,48,tct,1,1.0000,-5.6117,-0.0152,4.5938,0.9996,35.58,0.0000,-0.8187,-0.0152,-0.0152
audioseal,3,chinese:SSB0145,0,48,payload_farthest,1,1.0000,-7.0451,-0.9106,4.5699,0.9988,30.07,0.0000,-0.8187,-0.0152,-0.0152
audioseal,3,chinese:SSB0145,1,49,single_copy,0,0.9999,-4.3690,0.9451,4.6439,1.0000,143.68,0.5000,-0.9468,-0.7045,-0.7045
audioseal,3,chinese:SSB0145,1,49,mean,1,1.0000,-5.6289,-1.0055,4.5905,0.9992,33.85,0.5000,-0.9468,-0.7045,-0.7045
audioseal,3,chinese:SSB0145,1,49,rp,1,1.0000,-6.5029,-1.0609,4.6043,0.9996,36.06,0.5000,-0.9468,-0.7045,-0.7045
audioseal,3,chinese:SSB0145,1,49,random_dirichlet,0,1.0000,-4.7020,0.7754,4.6333,0.9999,41.95,0.5000,-0.9468,-0.7045,-0.7045
audioseal,3,chinese:SSB0145,1,49,eep,1,1.0000,-7.9958,-2.0074,4.6005,0.9994,35.64,0.5000,-0.9468,-0.7045,-0.7045
audioseal,3,chinese:SSB0145,1,49,fwp,1,1.0000,-7.9958,-2.0074,4.6005,0.9994,35.64,0.5000,-0.9468,-0.7045,-0.7045
audioseal,3,chinese:SSB0145,1,49,dm,1,1.0000,-6.3960,-1.0179,4.5976,0.9994,35.32,0.5000,-0.9468,-0.7045,-0.7045
audioseal,3,chinese:SSB0145,1,49,tct,1,1.0000,-5.3723,-0.7045,4.5761,0.9989,31.93,0.5000,-0.9468,-0.7045,-0.7045
audioseal,3,chinese:SSB0145,1,49,payload_farthest,1,1.0000,-7.9958,-2.0074,4.6005,0.9994,35.64,0.5000,-0.9468,-0.7045,-0.7045
audioseal,3,chinese:SSB0145,2,50,single_copy,0,1.0000,-4.0811,0.9320,4.6439,1.0000,143.68,0.8660,-0.8727,-3.2600,-3.2600
audioseal,3,chinese:SSB0145,2,50,mean,1,1.0000,-8.2343,-2.5145,4.5862,0.9992,32.78,0.8660,-0.8727,-3.2600,-3.2600
audioseal,3,chinese:SSB0145,2,50,rp,1,1.0000,-7.5457,-2.6272,4.6010,0.9995,34.93,0.8660,-0.8727,-3.2600,-3.2600
audioseal,3,chinese:SSB0145,2,50,random_dirichlet,1,1.0000,-6.5451,-0.7868,4.5684,0.9988,30.76,0.8660,-0.8727,-3.2600,-3.2600
audioseal,3,chinese:SSB0145,2,50,eep,1,1.0000,-7.5457,-2.6272,4.6010,0.9995,34.93,0.8660,-0.8727,-3.2600,-3.2600
audioseal,3,chinese:SSB0145,2,50,fwp,1,1.0000,-8.0696,-2.4062,4.6071,0.9994,34.36,0.8660,-0.8727,-3.2600,-3.2600
audioseal,3,chinese:SSB0145,2,50,dm,1,1.0000,-8.4903,-2.7298,4.5977,0.9994,33.98,0.8660,-0.8727,-3.2600,-3.2600
audioseal,3,chinese:SSB0145,2,50,tct,1,1.0000,-8.1974,-3.2600,4.6093,0.9995,35.16,0.8660,-0.8727,-3.2600,-3.2600
audioseal,3,chinese:SSB0145,2,50,payload_farthest,1,1.0000,-8.0696,-2.4062,4.6071,0.9994,34.36,0.8660,-0.8727,-3.2600,-3.2600
audioseal,3,chinese:SSB0149,0,51,single_copy,0,1.0000,-4.3139,0.9611,4.6439,1.0000,145.76,1.0000,-0.8943,-2.9398,-2.9400
audioseal,3,chinese:SSB0149,0,51,mean,1,1.0000,-8.0590,-3.0664,4.6015,0.9998,35.57,1.0000,-0.8943,-2.9398,-2.9400
audioseal,3,chinese:SSB0149,0,51,rp,1,1.0000,-6.9513,-2.0589,4.6171,0.9999,37.90,1.0000,-0.8943,-2.9398,-2.9400
audioseal,3,chinese:SSB0149,0,51,random_dirichlet,1,1.0000,-6.2254,-0.7583,4.6288,0.9999,39.65,1.0000,-0.8943,-2.9398,-2.9400
audioseal,3,chinese:SSB0149,0,51,eep,1,1.0000,-6.9513,-2.0589,4.6171,0.9999,37.90,1.0000,-0.8943,-2.9398,-2.9400
audioseal,3,chinese:SSB0149,0,51,fwp,1,1.0000,-7.9151,-3.1827,4.6104,0.9999,35.92,1.0000,-0.8943,-2.9398,-2.9400
audioseal,3,chinese:SSB0149,0,51,dm,1,1.0000,-8.5795,-3.5631,4.6034,0.9998,35.46,1.0000,-0.8943,-2.9398,-2.9400
audioseal,3,chinese:SSB0149,0,51,tct,1,1.0000,-8.3072,-2.9398,4.6002,0.9998,34.90,1.0000,-0.8943,-2.9398,-2.9400
audioseal,3,chinese:SSB0149,0,51,payload_farthest,1,1.0000,-7.9151,-3.1827,4.6104,0.9999,35.92,1.0000,-0.8943,-2.9398,-2.9400
audioseal,3,chinese:SSB0149,1,52,single_copy,0,0.9981,-4.2078,0.9400,4.6439,1.0000,145.76,-0.8660,-0.9025,-5.1092,-5.1092
audioseal,3,chinese:SSB0149,1,52,mean,1,1.0000,-7.7986,-2.4031,4.5831,0.9997,34.20,-0.8660,-0.9025,-5.1092,-5.1092
audioseal,3,chinese:SSB0149,1,52,rp,1,1.0000,-10.0128,-5.1092,4.5967,0.9998,37.25,-0.8660,-0.9025,-5.1092,-5.1092
audioseal,3,chinese:SSB0149,1,52,random_dirichlet,1,1.0000,-7.4789,-2.3504,4.5641,0.9996,33.67,-0.8660,-0.9025,-5.1092,-5.1092
audioseal,3,chinese:SSB0149,1,52,eep,1,1.0000,-8.9492,-4.0620,4.5489,0.9993,30.68,-0.8660,-0.9025,-5.1092,-5.1092
audioseal,3,chinese:SSB0149,1,52,fwp,1,1.0000,-7.4280,-2.0185,4.6070,0.9998,34.15,-0.8660,-0.9025,-5.1092,-5.1092
audioseal,3,chinese:SSB0149,1,52,dm,1,1.0000,-6.4278,-0.9309,4.5946,0.9997,33.97,-0.8660,-0.9025,-5.1092,-5.1092
audioseal,3,chinese:SSB0149,1,52,tct,1,1.0000,-10.0128,-5.1092,4.5967,0.9998,37.25,-0.8660,-0.9025,-5.1092,-5.1092
audioseal,3,chinese:SSB0149,1,52,payload_farthest,1,1.0000,-10.0128,-5.1092,4.5967,0.9998,37.25,-0.8660,-0.9025,-5.1092,-5.1092
audioseal,3,chinese:SSB0149,2,53,single_copy,0,1.0000,-4.1477,1.0149,4.6439,1.0000,145.76,0.5000,-0.9785,-2.1982,-2.1982
audioseal,3,chinese:SSB0149,2,53,mean,1,1.0000,-5.7683,-0.8704,4.5754,0.9996,31.32,0.5000,-0.9785,-2.1982,-2.1982
audioseal,3,chinese:SSB0149,2,53,rp,1,0.9999,-9.9340,-3.4422,4.5800,0.9998,33.86,0.5000,-0.9785,-2.1982,-2.1982
audioseal,3,chinese:SSB0149,2,53,random_dirichlet,0,1.0000,-4.3384,0.8825,4.5424,0.9993,29.00,0.5000,-0.9785,-2.1982,-2.1982
audioseal,3,chinese:SSB0149,2,53,eep,1,1.0000,-7.4942,-2.2644,4.5893,0.9998,33.13,0.5000,-0.9785,-2.1982,-2.1982
audioseal,3,chinese:SSB0149,2,53,fwp,1,1.0000,-7.4942,-2.2644,4.5893,0.9998,33.13,0.5000,-0.9785,-2.1982,-2.1982
audioseal,3,chinese:SSB0149,2,53,dm,1,1.0000,-7.1474,-1.6437,4.5859,0.9998,33.06,0.5000,-0.9785,-2.1982,-2.1982
audioseal,3,chinese:SSB0149,2,53,tct,1,1.0000,-8.3744,-2.1982,4.5895,0.9998,33.55,0.5000,-0.9785,-2.1982,-2.1982
audioseal,3,chinese:SSB0149,2,53,payload_farthest,1,0.9999,-9.9340,-3.4422,4.5800,0.9998,33.86,0.5000,-0.9785,-2.1982,-2.1982
audioseal,3,chinese:SSB0193,0,54,single_copy,0,1.0000,-4.1417,1.0373,4.6439,1.0000,137.70,0.8660,-0.0114,-3.2573,-3.2573
audioseal,3,chinese:SSB0193,0,54,mean,1,1.0000,-9.0215,-3.4896,4.5637,0.9993,31.49,0.8660,-0.0114,-3.2573,-3.2573
audioseal,3,chinese:SSB0193,0,54,rp,1,1.0000,-7.9045,-2.4528,4.5086,0.9984,27.96,0.8660,-0.0114,-3.2573,-3.2573
audioseal,3,chinese:SSB0193,0,54,random_dirichlet,0,1.0000,-4.6499,0.3200,4.5395,0.9988,29.95,0.8660,-0.0114,-3.2573,-3.2573
audioseal,3,chinese:SSB0193,0,54,eep,1,1.0000,-7.9045,-2.4528,4.5086,0.9984,27.96,0.8660,-0.0114,-3.2573,-3.2573
audioseal,3,chinese:SSB0193,0,54,fwp,1,1.0000,-7.8163,-1.8433,4.5758,0.9995,32.02,0.8660,-0.0114,-3.2573,-3.2573
audioseal,3,chinese:SSB0193,0,54,dm,1,1.0000,-9.0625,-3.2383,4.5597,0.9992,31.18,0.8660,-0.0114,-3.2573,-3.2573
audioseal,3,chinese:SSB0193,0,54,tct,1,1.0000,-8.2404,-3.2573,4.5559,0.9993,30.72,0.8660,-0.0114,-3.2573,-3.2573
audioseal,3,chinese:SSB0193,0,54,payload_farthest,1,1.0000,-7.8163,-1.8433,4.5758,0.9995,32.02,0.8660,-0.0114,-3.2573,-3.2573
audioseal,3,chinese:SSB0193,1,55,single_copy,0,1.0000,-3.8123,0.9752,4.6439,1.0000,137.69,0.5000,-0.9991,-4.3470,-4.3470
audioseal,3,chinese:SSB0193,1,55,mean,1,1.0000,-6.0603,-1.0459,4.5904,0.9995,32.85,0.5000,-0.9991,-4.3470,-4.3470
audioseal,3,chinese:SSB0193,1,55,rp,1,1.0000,-8.8271,-3.6190,4.5378,0.9990,29.33,0.5000,-0.9991,-4.3470,-4.3470
audioseal,3,chinese:SSB0193,1,55,random_dirichlet,0,1.0000,-4.6924,0.0807,4.5880,0.9995,32.60,0.5000,-0.9991,-4.3470,-4.3470
audioseal,3,chinese:SSB0193,1,55,eep,1,1.0000,-5.1695,-1.0511,4.6033,0.9996,34.35,0.5000,-0.9991,-4.3470,-4.3470
audioseal,3,chinese:SSB0193,1,55,fwp,1,1.0000,-8.8271,-3.6190,4.5378,0.9990,29.33,0.5000,-0.9991,-4.3470,-4.3470
audioseal,3,chinese:SSB0193,1,55,dm,1,1.0000,-9.8132,-4.0682,4.5686,0.9994,31.37,0.5000,-0.9991,-4.3470,-4.3470
audioseal,3,chinese:SSB0193,1,55,tct,1,1.0000,-9.5291,-4.3470,4.5880,0.9996,32.57,0.5000,-0.9991,-4.3470,-4.3470
audioseal,3,chinese:SSB0193,1,55,payload_farthest,1,1.0000,-9.5291,-4.3470,4.5880,0.9996,32.57,0.5000,-0.9991,-4.3470,-4.3470
audioseal,3,chinese:SSB0193,2,56,single_copy,0,1.0000,-4.2057,0.9013,4.6439,1.0000,137.70,-0.5000,-0.9428,-0.3931,-0.3931
audioseal,3,chinese:SSB0193,2,56,mean,1,1.0000,-7.5427,-2.5821,4.5921,0.9995,31.99,-0.5000,-0.9428,-0.3931,-0.3931
audioseal,3,chinese:SSB0193,2,56,rp,1,1.0000,-7.5208,-1.9953,4.5524,0.9990,28.46,-0.5000,-0.9428,-0.3931,-0.3931
audioseal,3,chinese:SSB0193,2,56,random_dirichlet,1,1.0000,-7.4133,-2.4667,4.5939,0.9995,32.19,-0.5000,-0.9428,-0.3931,-0.3931
audioseal,3,chinese:SSB0193,2,56,eep,0,1.0000,-5.1978,0.0353,4.6081,0.9997,34.64,-0.5000,-0.9428,-0.3931,-0.3931
audioseal,3,chinese:SSB0193,2,56,fwp,1,1.0000,-5.8137,-1.1344,4.5966,0.9996,32.92,-0.5000,-0.9428,-0.3931,-0.3931
audioseal,3,chinese:SSB0193,2,56,dm,1,1.0000,-6.6303,-1.3326,4.5995,0.9996,32.77,-0.5000,-0.9428,-0.3931,-0.3931
audioseal,3,chinese:SSB0193,2,56,tct,1,1.0000,-5.5698,-0.3931,4.5861,0.9994,31.01,-0.5000,-0.9428,-0.3931,-0.3931
audioseal,3,chinese:SSB0193,2,56,payload_farthest,1,1.0000,-7.5208,-1.9953,4.5524,0.9990,28.46,-0.5000,-0.9428,-0.3931,-0.3931
audioseal,3,chinese:SSB0197,0,57,single_copy,0,1.0000,-3.9930,0.9654,4.6439,1.0000,132.27,-0.5000,-1.0000,-3.3015,-3.3015
audioseal,3,chinese:SSB0197,0,57,mean,1,1.0000,-6.0121,-1.3994,4.5805,0.9924,30.22,-0.5000,-1.0000,-3.3015,-3.3015
audioseal,3,chinese:SSB0197,0,57,rp,1,1.0000,-6.0741,-1.6456,4.6000,0.9937,32.16,-0.5000,-1.0000,-3.3015,-3.3015
audioseal,3,chinese:SSB0197,0,57,random_dirichlet,1,1.0000,-4.6671,-0.0010,4.6182,0.9957,34.32,-0.5000,-1.0000,-3.3015,-3.3015
audioseal,3,chinese:SSB0197,0,57,eep,1,1.0000,-8.8884,-3.3015,4.5231,0.9886,26.69,-0.5000,-1.0000,-3.3015,-3.3015
audioseal,3,chinese:SSB0197,0,57,fwp,1,1.0000,-5.8769,-0.6814,4.5790,0.9923,31.20,-0.5000,-1.0000,-3.3015,-3.3015
audioseal,3,chinese:SSB0197,0,57,dm,1,1.0000,-5.9884,-1.2507,4.5849,0.9925,30.53,-0.5000,-1.0000,-3.3015,-3.3015
audioseal,3,chinese:SSB0197,0,57,tct,1,1.0000,-8.8884,-3.3015,4.5231,0.9886,26.69,-0.5000,-1.0000,-3.3015,-3.3015
audioseal,3,chinese:SSB0197,0,57,payload_farthest,1,1.0000,-8.8884,-3.3015,4.5231,0.9886,26.69,-0.5000,-1.0000,-3.3015,-3.3015
audioseal,3,chinese:SSB0197,1,58,single_copy,0,1.0000,-4.0880,0.8659,4.6439,1.0000,132.27,1.0000,-0.9282,-0.7461,-0.7461
audioseal,3,chinese:SSB0197,1,58,mean,1,1.0000,-7.1147,-1.8834,4.5629,0.9957,30.72,1.0000,-0.9282,-0.7461,-0.7461
audioseal,3,chinese:SSB0197,1,58,rp,1,1.0000,-6.6934,-1.9951,4.5818,0.9963,33.73,1.0000,-0.9282,-0.7461,-0.7461
audioseal,3,chinese:SSB0197,1,58,random_dirichlet,1,1.0000,-5.7146,-0.4773,4.5470,0.9955,28.86,1.0000,-0.9282,-0.7461,-0.7461
audioseal,3,chinese:SSB0197,1,58,eep,1,1.0000,-6.6934,-1.9951,4.5818,0.9963,33.73,1.0000,-0.9282,-0.7461,-0.7461
audioseal,3,chinese:SSB0197,1,58,fwp,1,1.0000,-8.5615,-3.5936,4.5685,0.9970,30.81,1.0000,-0.9282,-0.7461,-0.7461
audioseal,3,chinese:SSB0197,1,58,dm,1,1.0000,-7.9034,-2.8131,4.5539,0.9953,29.87,1.0000,-0.9282,-0.7461,-0.7461
audioseal,3,chinese:SSB0197,1,58,tct,1,1.0000,-5.9416,-0.7461,4.5676,0.9960,32.85,1.0000,-0.9282,-0.7461,-0.7461
audioseal,3,chinese:SSB0197,1,58,payload_farthest,1,1.0000,-8.5615,-3.5936,4.5685,0.9970,30.81,1.0000,-0.9282,-0.7461,-0.7461
audioseal,3,chinese:SSB0197,2,59,single_copy,0,1.0000,-4.1235,1.0084,4.6439,1.0000,132.27,0.5000,-0.9994,-0.6540,-0.6540
audioseal,3,chinese:SSB0197,2,59,mean,1,1.0000,-6.8099,-2.0906,4.5489,0.9912,29.77,0.5000,-0.9994,-0.6540,-0.6540
audioseal,3,chinese:SSB0197,2,59,rp,1,1.0000,-6.1499,-1.8546,4.4583,0.9821,26.24,0.5000,-0.9994,-0.6540,-0.6540
audioseal,3,chinese:SSB0197,2,59,random_dirichlet,0,1.0000,-4.5887,0.7950,4.4519,0.9833,25.84,0.5000,-0.9994,-0.6540,-0.6540
audioseal,3,chinese:SSB0197,2,59,eep,1,1.0000,-7.5067,-1.8649,4.5761,0.9945,31.54,0.5000,-0.9994,-0.6540,-0.6540
audioseal,3,chinese:SSB0197,2,59,fwp,1,1.0000,-6.6347,-1.2945,4.5687,0.9946,30.78,0.5000,-0.9994,-0.6540,-0.6540
audioseal,3,chinese:SSB0197,2,59,dm,1,1.0000,-6.6921,-1.9216,4.5535,0.9918,30.00,0.5000,-0.9994,-0.6540,-0.6540
audioseal,3,chinese:SSB0197,2,59,tct,1,1.0000,-6.3432,-0.6540,4.5668,0.9935,30.94,0.5000,-0.9994,-0.6540,-0.6540
audioseal,3,chinese:SSB0197,2,59,payload_farthest,1,1.0000,-7.5067,-1.8649,4.5761,0.9945,31.54,0.5000,-0.9994,-0.6540,-0.6540
audioseal,3,chinese:SSB0200,0,60,single_copy,0,1.0000,-4.1576,0.9013,4.6439,1.0000,137.74,0.5000,-0.9925,-0.5351,-0.5351
audioseal,3,chinese:SSB0200,0,60,mean,1,1.0000,-6.4758,-1.9900,4.5728,0.9993,27.52,0.5000,-0.9925,-0.5351,-0.5351
audioseal,3,chinese:SSB0200,0,60,rp,1,1.0000,-6.4055,-1.1986,4.5193,0.9984,23.99,0.5000,-0.9925,-0.5351,-0.5351
audioseal,3,chinese:SSB0200,0,60,random_dirichlet,1,1.0000,-7.4832,-2.8801,4.5730,0.9993,27.97,0.5000,-0.9925,-0.5351,-0.5351
audioseal,3,chinese:SSB0200,0,60,eep,1,1.0000,-7.8077,-3.3908,4.5827,0.9994,29.13,0.5000,-0.9925,-0.5351,-0.5351
audioseal,3,chinese:SSB0200,0,60,fwp,1,1.0000,-7.8077,-3.3908,4.5827,0.9994,29.13,0.5000,-0.9925,-0.5351,-0.5351
audioseal,3,chinese:SSB0200,0,60,dm,1,1.0000,-7.7218,-3.2816,4.5833,0.9994,29.13,0.5000,-0.9925,-0.5351,-0.5351
audioseal,3,chinese:SSB0200,0,60,tct,1,1.0000,-5.4069,-0.5351,4.5885,0.9995,29.16,0.5000,-0.9925,-0.5351,-0.5351
audioseal,3,chinese:SSB0200,0,60,payload_farthest,1,1.0000,-7.8077,-3.3908,4.5827,0.9994,29.13,0.5000,-0.9925,-0.5351,-0.5351
audioseal,3,chinese:SSB0200,1,61,single_copy,0,1.0000,-4.0919,0.8758,4.6439,1.0000,137.74,0.8660,-0.9996,-1.1003,-1.1003
audioseal,3,chinese:SSB0200,1,61,mean,1,1.0000,-5.4975,-1.0976,4.6033,0.9997,31.84,0.8660,-0.9996,-1.1003,-1.1003
audioseal,3,chinese:SSB0200,1,61,rp,1,1.0000,-6.7928,-1.4597,4.6128,0.9998,33.49,0.8660,-0.9996,-1.1003,-1.1003
audioseal,3,chinese:SSB0200,1,61,random_dirichlet,1,1.0000,-5.4561,-1.1009,4.6122,0.9998,32.79,0.8660,-0.9996,-1.1003,-1.1003
audioseal,3,chinese:SSB0200,1,61,eep,1,1.0000,-6.0132,-1.0866,4.6085,0.9997,31.42,0.8660,-0.9996,-1.1003,-1.1003
audioseal,3,chinese:SSB0200,1,61,fwp,1,1.0000,-8.0498,-1.3952,4.5520,0.9994,28.32,0.8660,-0.9996,-1.1003,-1.1003
audioseal,3,chinese:SSB0200,1,61,dm,1,1.0000,-5.6479,-1.0980,4.5866,0.9996,30.30,0.8660,-0.9996,-1.1003,-1.1003
audioseal,3,chinese:SSB0200,1,61,tct,1,1.0000,-5.4463,-1.1003,4.6147,0.9998,33.18,0.8660,-0.9996,-1.1003,-1.1003
audioseal,3,chinese:SSB0200,1,61,payload_farthest,1,1.0000,-8.0498,-1.3952,4.5520,0.9994,28.32,0.8660,-0.9996,-1.1003,-1.1003
audioseal,3,chinese:SSB0200,2,62,single_copy,0,1.0000,-3.9115,1.0409,4.6439,1.0000,137.75,1.0000,-0.9904,-0.8708,-0.8706
audioseal,3,chinese:SSB0200,2,62,mean,0,1.0000,-4.7847,0.0668,4.5657,0.9993,28.22,1.0000,-0.9904,-0.8708,-0.8706
audioseal,3,chinese:SSB0200,2,62,rp,1,1.0000,-6.5182,-1.0022,4.6011,0.9996,31.01,1.0000,-0.9904,-0.8708,-0.8706
audioseal,3,chinese:SSB0200,2,62,random_dirichlet,0,1.0000,-4.7452,0.1967,4.5550,0.9991,27.47,1.0000,-0.9904,-0.8708,-0.8706
audioseal,3,chinese:SSB0200,2,62,eep,1,1.0000,-7.4819,-1.5776,4.5846,0.9995,29.78,1.0000,-0.9904,-0.8708,-0.8706
audioseal,3,chinese:SSB0200,2,62,fwp,1,1.0000,-7.4819,-1.5776,4.5846,0.9995,29.78,1.0000,-0.9904,-0.8708,-0.8706
audioseal,3,chinese:SSB0200,2,62,dm,1,1.0000,-7.1211,-1.2755,4.5866,0.9995,29.77,1.0000,-0.9904,-0.8708,-0.8706
audioseal,3,chinese:SSB0200,2,62,tct,1,1.0000,-6.2012,-0.8708,4.5752,0.9994,28.90,1.0000,-0.9904,-0.8708,-0.8706
audioseal,3,chinese:SSB0200,2,62,payload_farthest,1,1.0000,-7.4819,-1.5776,4.5846,0.9995,29.78,1.0000,-0.9904,-0.8708,-0.8706
audioseal,3,chinese:SSB0241,0,63,single_copy,0,1.0000,-3.9952,0.9357,4.6439,1.0000,148.67,-0.5000,-0.9881,-3.0461,-3.0461
audioseal,3,chinese:SSB0241,0,63,mean,0,1.0000,-4.5948,0.4394,4.6162,0.9997,35.56,-0.5000,-0.9881,-3.0461,-3.0461
audioseal,3,chinese:SSB0241,0,63,rp,1,1.0000,-5.1877,-0.1354,4.6172,0.9998,37.43,-0.5000,-0.9881,-3.0461,-3.0461
audioseal,3,chinese:SSB0241,0,63,random_dirichlet,1,1.0000,-7.9212,-2.8044,4.5950,0.9994,32.52,-0.5000,-0.9881,-3.0461,-3.0461
audioseal,3,chinese:SSB0241,0,63,eep,1,1.0000,-5.1877,-0.1354,4.6172,0.9998,37.43,-0.5000,-0.9881,-3.0461,-3.0461
audioseal,3,chinese:SSB0241,0,63,fwp,1,1.0000,-7.2721,-1.9729,4.6108,0.9997,37.30,-0.5000,-0.9881,-3.0461,-3.0461
audioseal,3,chinese:SSB0241,0,63,dm,0,1.0000,-4.4306,0.3993,4.6201,0.9998,36.67,-0.5000,-0.9881,-3.0461,-3.0461
audioseal,3,chinese:SSB0241,0,63,tct,1,1.0000,-8.3038,-3.0461,4.5899,0.9993,32.03,-0.5000,-0.9881,-3.0461,-3.0461
audioseal,3,chinese:SSB0241,0,63,payload_farthest,1,1.0000,-8.3038,-3.0461,4.5899,0.9993,32.03,-0.5000,-0.9881,-3.0461,-3.0461
audioseal,3,chinese:SSB0241,1,64,single_copy,0,1.0000,-4.3404,0.9451,4.6439,1.0000,148.67,0.0000,-0.9640,-5.5653,-5.5653
audioseal,3,chinese:SSB0241,1,64,mean,1,1.0000,-8.5056,-2.8626,4.5914,0.9996,37.08,0.0000,-0.9640,-5.5653,-5.5653
audioseal,3,chinese:SSB0241,1,64,rp,1,1.0000,-8.7856,-4.3813,4.5926,0.9997,39.43,0.0000,-0.9640,-5.5653,-5.5653
audioseal,3,chinese:SSB0241,1,64,random_dirichlet,1,1.0000,-8.7458,-2.9899,4.5845,0.9995,36.00,0.0000,-0.9640,-5.5653,-5.5653
audioseal,3,chinese:SSB0241,1,64,eep,1,1.0000,-9.5887,-4.4500,4.5341,0.9992,33.56,0.0000,-0.9640,-5.5653,-5.5653
audioseal,3,chinese:SSB0241,1,64,fwp,1,1.0000,-7.9474,-2.2303,4.6067,0.9997,37.22,0.0000,-0.9640,-5.5653,-5.5653
audioseal,3,chinese:SSB0241,1,64,dm,1,1.0000,-8.9503,-3.3041,4.5926,0.9996,36.72,0.0000,-0.9640,-5.5653,-5.5653
audioseal,3,chinese:SSB0241,1,64,tct,1,1.0000,-10.2892,-5.5653,4.5778,0.9996,36.73,0.0000,-0.9640,-5.5653,-5.5653
audioseal,3,chinese:SSB0241,1,64,payload_farthest,1,1.0000,-9.5887,-4.4500,4.5341,0.9992,33.56,0.0000,-0.9640,-5.5653,-5.5653
audioseal,3,chinese:SSB0241,2,65,single_copy,0,1.0000,-4.2139,0.9376,4.6439,1.0000,148.67,0.5000,-0.7957,-1.0273,-1.0273
audioseal,3,chinese:SSB0241,2,65,mean,1,1.0000,-6.8856,-1.3737,4.6126,0.9997,38.35,0.5000,-0.7957,-1.0273,-1.0273
audioseal,3,chinese:SSB0241,2,65,rp,1,1.0000,-5.8011,-0.7956,4.5829,0.9993,34.83,0.5000,-0.7957,-1.0273,-1.0273
audioseal,3,chinese:SSB0241,2,65,random_dirichlet,0,1.0000,-4.4762,0.6752,4.5903,0.9995,35.82,0.5000,-0.7957,-1.0273,-1.0273
audioseal,3,chinese:SSB0241,2,65,eep,1,1.0000,-5.8011,-0.7956,4.5829,0.9993,34.83,0.5000,-0.7957,-1.0273,-1.0273
audioseal,3,chinese:SSB0241,2,65,fwp,1,1.0000,-6.3869,-0.3944,4.6222,0.9998,40.31,0.5000,-0.7957,-1.0273,-1.0273
audioseal,3,chinese:SSB0241,2,65,dm,1,1.0000,-7.3683,-1.7934,4.6195,0.9998,39.77,0.5000,-0.7957,-1.0273,-1.0273
audioseal,3,chinese:SSB0241,2,65,tct,1,1.0000,-6.5686,-1.0273,4.6235,0.9998,40.83,0.5000,-0.7957,-1.0273,-1.0273
audioseal,3,chinese:SSB0241,2,65,payload_farthest,1,1.0000,-6.3837,-0.3896,4.6155,0.9998,40.31,0.5000,-0.7957,-1.0273,-1.0273
audioseal,3,chinese:SSB0246,0,66,single_copy,0,0.9999,-4.0778,0.9897,4.6439,1.0000,140.80,0.0000,-0.6106,-2.3862,-2.3862
audioseal,3,chinese:SSB0246,0,66,mean,1,1.0000,-8.8329,-3.8550,4.5730,0.9988,33.59,0.0000,-0.6106,-2.3862,-2.3862
audioseal,3,chinese:SSB0246,0,66,rp,1,1.0000,-7.9145,-2.3041,4.5825,0.9990,33.99,0.0000,-0.6106,-2.3862,-2.3862
audioseal,3,chinese:SSB0246,0,66,random_dirichlet,0,1.0000,-4.2547,0.9338,4.6281,0.9998,41.48,0.0000,-0.6106,-2.3862,-2.3862
audioseal,3,chinese:SSB0246,0,66,eep,1,1.0000,-7.9145,-2.3041,4.5825,0.9990,33.99,0.0000,-0.6106,-2.3862,-2.3862
audioseal,3,chinese:SSB0246,0,66,fwp,1,1.0000,-7.9145,-2.3041,4.5825,0.9990,33.99,0.0000,-0.6106,-2.3862,-2.3862
audioseal,3,chinese:SSB0246,0,66,dm,1,1.0000,-8.6909,-2.8658,4.5761,0.9989,33.69,0.0000,-0.6106,-2.3862,-2.3862
audioseal,3,chinese:SSB0246,0,66,tct,1,1.0000,-7.3831,-2.3862,4.5812,0.9991,34.71,0.0000,-0.6106,-2.3862,-2.3862
audioseal,3,chinese:SSB0246,0,66,payload_farthest,1,1.0000,-6.9383,-1.4977,4.5363,0.9976,30.06,0.0000,-0.6106,-2.3862,-2.3862
audioseal,3,chinese:SSB0246,1,67,single_copy,0,1.0000,-3.9915,1.0057,4.6439,1.0000,140.80,1.0000,-0.9809,0.2211,0.2211
audioseal,3,chinese:SSB0246,1,67,mean,1,1.0000,-5.7651,-0.6738,4.5842,0.9991,32.88,1.0000,-0.9809,0.2211,0.2211
audioseal,3,chinese:SSB0246,1,67,rp,1,1.0000,-6.0222,-1.4738,4.6126,0.9995,35.03,1.0000,-0.9809,0.2211,0.2211
audioseal,3,chinese:SSB0246,1,67,random_dirichlet,1,1.0000,-6.2376,-1.6944,4.6130,0.9995,35.58,1.0000,-0.9809,0.2211,0.2211
audioseal,3,chinese:SSB0246,1,67,eep,1,1.0000,-6.0222,-1.4738,4.6126,0.9995,35.03,1.0000,-0.9809,0.2211,0.2211
audioseal,3,chinese:SSB0246,1,67,fwp,1,1.0000,-7.9517,-3.2778,4.5945,0.9994,34.43,1.0000,-0.9809,0.2211,0.2211
audioseal,3,chinese:SSB0246,1,67,dm,1,1.0000,-6.4085,-1.3417,4.5961,0.9993,34.04,1.0000,-0.9809,0.2211,0.2211
audioseal,3,chinese:SSB0246,1,67,tct,0,1.0000,-4.5752,0.2211,4.5962,0.9992,33.17,1.0000,-0.9809,0.2211,0.2211
audioseal,3,chinese:SSB0246,1,67,payload_farthest,1,1.0000,-7.9517,-3.2778,4.5945,0.9994,34.43,1.0000,-0.9809,0.2211,0.2211
audioseal,3,chinese:SSB0246,2,68,single_copy,0,1.0000,-4.2589,0.9154,4.6439,1.0000,140.79,0.8660,-0.6749,-2.0116,-2.0117
audioseal,3,chinese:SSB0246,2,68,mean,1,1.0000,-8.1117,-3.0570,4.6001,0.9993,35.31,0.8660,-0.6749,-2.0116,-2.0117
audioseal,3,chinese:SSB0246,2,68,rp,1,1.0000,-7.8629,-2.3282,4.5630,0.9986,31.79,0.8660,-0.6749,-2.0116,-2.0117
audioseal,3,chinese:SSB0246,2,68,random_dirichlet,0,0.9999,-4.6260,0.9141,4.5671,0.9986,32.07,0.8660,-0.6749,-2.0116,-2.0117
audioseal,3,chinese:SSB0246,2,68,eep,1,1.0000,-6.5516,-0.8536,4.6073,0.9994,35.92,0.8660,-0.6749,-2.0116,-2.0117
audioseal,3,chinese:SSB0246,2,68,fwp,1,1.0000,-6.5516,-0.8536,4.6073,0.9994,35.92,0.8660,-0.6749,-2.0116,-2.0117
audioseal,3,chinese:SSB0246,2,68,dm,1,1.0000,-8.0219,-2.7170,4.6017,0.9993,35.34,0.8660,-0.6749,-2.0116,-2.0117
audioseal,3,chinese:SSB0246,2,68,tct,1,1.0000,-7.4194,-2.0116,4.6120,0.9995,36.96,0.8660,-0.6749,-2.0116,-2.0117
audioseal,3,chinese:SSB0246,2,68,payload_farthest,1,1.0000,-6.5516,-0.8536,4.6073,0.9994,35.92,0.8660,-0.6749,-2.0116,-2.0117
audioseal,3,chinese:SSB0261,0,69,single_copy,0,1.0000,-4.4275,0.9256,4.6439,1.0000,142.78,-0.5000,-0.7420,-2.6471,-2.6471
audioseal,3,chinese:SSB0261,0,69,mean,1,1.0000,-9.0949,-4.6740,4.5900,0.9996,34.32,-0.5000,-0.7420,-2.6471,-2.6471
audioseal,3,chinese:SSB0261,0,69,rp,1,1.0000,-10.2400,-5.0199,4.6044,0.9997,36.87,-0.5000,-0.7420,-2.6471,-2.6471
audioseal,3,chinese:SSB0261,0,69,random_dirichlet,1,1.0000,-4.9750,-0.5983,4.5667,0.9994,31.59,-0.5000,-0.7420,-2.6471,-2.6471
audioseal,3,chinese:SSB0261,0,69,eep,1,1.0000,-8.1638,-2.8789,4.5460,0.9991,30.80,-0.5000,-0.7420,-2.6471,-2.6471
audioseal,3,chinese:SSB0261,0,69,fwp,1,1.0000,-8.7086,-3.3795,4.5989,0.9997,35.03,-0.5000,-0.7420,-2.6471,-2.6471
audioseal,3,chinese:SSB0261,0,69,dm,1,1.0000,-8.9776,-4.3324,4.5944,0.9997,34.78,-0.5000,-0.7420,-2.6471,-2.6471
audioseal,3,chinese:SSB0261,0,69,tct,1,1.0000,-7.4183,-2.6471,4.5698,0.9994,32.57,-0.5000,-0.7420,-2.6471,-2.6471
audioseal,3,chinese:SSB0261,0,69,payload_farthest,1,1.0000,-10.2400,-5.0199,4.6044,0.9997,36.87,-0.5000,-0.7420,-2.6471,-2.6471
audioseal,3,chinese:SSB0261,1,70,single_copy,0,0.9998,-4.2473,0.8859,4.6439,1.0000,142.78,-0.8660,-0.9913,-2.9684,-2.9682
audioseal,3,chinese:SSB0261,1,70,mean,1,1.0000,-9.6458,-4.9577,4.5932,0.9997,34.58,-0.8660,-0.9913,-2.9684,-2.9682
audioseal,3,chinese:SSB0261,1,70,rp,1,1.0000,-7.4261,-1.3144,4.6122,0.9998,36.18,-0.8660,-0.9913,-2.9684,-2.9682
audioseal,3,chinese:SSB0261,1,70,random_dirichlet,1,1.0000,-5.5179,-0.6872,4.5514,0.9994,31.19,-0.8660,-0.9913,-2.9684,-2.9682
audioseal,3,chinese:SSB0261,1,70,eep,1,1.0000,-7.4261,-1.3144,4.6122,0.9998,36.18,-0.8660,-0.9913,-2.9684,-2.9682
audioseal,3,chinese:SSB0261,1,70,fwp,1,1.0000,-7.4107,-2.5089,4.6101,0.9998,35.77,-0.8660,-0.9913,-2.9684,-2.9682
audioseal,3,chinese:SSB0261,1,70,dm,1,1.0000,-9.3273,-4.5287,4.5951,0.9997,34.75,-0.8660,-0.9913,-2.9684,-2.9682
audioseal,3,chinese:SSB0261,1,70,tct,1,1.0000,-8.1404,-2.9684,4.6107,0.9998,36.16,-0.8660,-0.9913,-2.9684,-2.9682
audioseal,3,chinese:SSB0261,1,70,payload_farthest,1,1.0000,-7.4261,-1.3144,4.6122,0.9998,36.18,-0.8660,-0.9913,-2.9684,-2.9682
audioseal,3,chinese:SSB0261,2,71,single_copy,0,1.0000,-4.0930,0.8641,4.6439,1.0000,142.78,0.8660,0.7628,-1.0313,-1.0312
audioseal,3,chinese:SSB0261,2,71,mean,1,1.0000,-7.3551,-1.6555,4.5965,0.9997,33.86,0.8660,0.7628,-1.0313,-1.0312
audioseal,3,chinese:SSB0261,2,71,rp,1,1.0000,-7.9842,-2.8210,4.6032,0.9997,34.37,0.8660,0.7628,-1.0313,-1.0312
audioseal,3,chinese:SSB0261,2,71,random_dirichlet,1,1.0000,-6.4314,-1.0187,4.5871,0.9996,32.43,0.8660,0.7628,-1.0313,-1.0312
audioseal,3,chinese:SSB0261,2,71,eep,1,1.0000,-7.9842,-2.8210,4.6032,0.9997,34.37,0.8660,0.7628,-1.0313,-1.0312
audioseal,3,chinese:SSB0261,2,71,fwp,1,1.0000,-7.9842,-2.8210,4.6032,0.9997,34.37,0.8660,0.7628,-1.0313,-1.0312
audioseal,3,chinese:SSB0261,2,71,dm,1,1.0000,-7.8958,-2.2609,4.5972,0.9997,34.15,0.8660,0.7628,-1.0313,-1.0312
audioseal,3,chinese:SSB0261,2,71,tct,1,1.0000,-5.5499,-1.0313,4.6101,0.9998,36.74,0.8660,0.7628,-1.0313,-1.0312
audioseal,3,chinese:SSB0261,2,71,payload_farthest,1,1.0000,-7.9842,-2.8210,4.6032,0.9997,34.37,0.8660,0.7628,-1.0313,-1.0312
audioseal,3,chinese:SSB0267,0,72,single_copy,0,1.0000,-4.2319,0.9344,4.6439,1.0000,141.73,0.8660,-0.2082,-1.7769,-1.7769
audioseal,3,chinese:SSB0267,0,72,mean,1,1.0000,-8.5862,-3.4706,4.5702,0.9990,36.02,0.8660,-0.2082,-1.7769,-1.7769
audioseal,3,chinese:SSB0267,0,72,rp,1,1.0000,-8.9127,-3.7276,4.5224,0.9978,32.50,0.8660,-0.2082,-1.7769,-1.7769
audioseal,3,chinese:SSB0267,0,72,random_dirichlet,1,1.0000,-8.8551,-3.0969,4.5826,0.9992,36.91,0.8660,-0.2082,-1.7769,-1.7769
audioseal,3,chinese:SSB0267,0,72,eep,1,1.0000,-8.9127,-3.7276,4.5224,0.9978,32.50,0.8660,-0.2082,-1.7769,-1.7769
audioseal,3,chinese:SSB0267,0,72,fwp,1,1.0000,-8.9127,-3.7276,4.5224,0.9978,32.50,0.8660,-0.2082,-1.7769,-1.7769
audioseal,3,chinese:SSB0267,0,72,dm,1,1.0000,-8.6276,-3.6450,4.5635,0.9989,35.53,0.8660,-0.2082,-1.7769,-1.7769
audioseal,3,chinese:SSB0267,0,72,tct,1,1.0000,-7.2128,-1.7769,4.5990,0.9994,38.28,0.8660,-0.2082,-1.7769,-1.7769
audioseal,3,chinese:SSB0267,0,72,payload_farthest,1,1.0000,-6.8170,-1.0746,4.5899,0.9992,36.93,0.8660,-0.2082,-1.7769,-1.7769
audioseal,3,chinese:SSB0267,1,73,single_copy,0,1.0000,-4.1140,0.9937,4.6439,1.0000,141.73,1.0000,-0.9957,-3.3021,-3.3021
audioseal,3,chinese:SSB0267,1,73,mean,1,1.0000,-7.2811,-1.7580,4.5987,0.9994,37.85,1.0000,-0.9957,-3.3021,-3.3021
audioseal,3,chinese:SSB0267,1,73,rp,1,1.0000,-6.0697,-0.8455,4.6022,0.9996,38.65,1.0000,-0.9957,-3.3021,-3.3021
audioseal,3,chinese:SSB0267,1,73,random_dirichlet,0,1.0000,-4.3240,1.0121,4.5433,0.9988,33.33,1.0000,-0.9957,-3.3021,-3.3021
audioseal,3,chinese:SSB0267,1,73,eep,1,1.0000,-7.0744,-1.2856,4.6009,0.9994,38.13,1.0000,-0.9957,-3.3021,-3.3021
audioseal,3,chinese:SSB0267,1,73,fwp,1,1.0000,-7.8251,-1.9700,4.5666,0.9988,34.33,1.0000,-0.9957,-3.3021,-3.3021
audioseal,3,chinese:SSB0267,1,73,dm,1,1.0000,-7.7083,-2.3367,4.5870,0.9992,36.42,1.0000,-0.9957,-3.3021,-3.3021
audioseal,3,chinese:SSB0267,1,73,tct,1,1.0000,-8.7498,-3.3021,4.5758,0.9989,35.17,1.0000,-0.9957,-3.3021,-3.3021
audioseal,3,chinese:SSB0267,1,73,payload_farthest,1,1.0000,-7.8251,-1.9700,4.5666,0.9988,34.33,1.0000,-0.9957,-3.3021,-3.3021
audioseal,3,chinese:SSB0267,2,74,single_copy,0,1.0000,-4.0509,0.9094,4.6439,1.0000,141.73,0.0000,-0.9810,-0.7887,-0.7887
audioseal,3,chinese:SSB0267,2,74,mean,1,1.0000,-6.4033,-1.9556,4.5628,0.9993,36.56,0.0000,-0.9810,-0.7887,-0.7887
audioseal,3,chinese:SSB0267,2,74,rp,1,1.0000,-7.2725,-2.4733,4.5161,0.9986,33.04,0.0000,-0.9810,-0.7887,-0.7887
audioseal,3,chinese:SSB0267,2,74,random_dirichlet,1,1.0000,-6.7020,-1.1467,4.5381,0.9990,34.58,0.0000,-0.9810,-0.7887,-0.7887
audioseal,3,chinese:SSB0267,2,74,eep,1,0.9998,-6.3867,-0.6554,4.5709,0.9994,36.09,0.0000,-0.9810,-0.7887,-0.7887
audioseal,3,chinese:SSB0267,2,74,fwp,1,0.9998,-6.3867,-0.6554,4.5709,0.9994,36.09,0.0000,-0.9810,-0.7887,-0.7887
audioseal,3,chinese:SSB0267,2,74,dm,1,0.9999,-6.5141,-1.8522,4.5595,0.9993,35.83,0.0000,-0.9810,-0.7887,-0.7887
audioseal,3,chinese:SSB0267,2,74,tct,1,0.9999,-5.8504,-0.7887,4.5506,0.9991,34.94,0.0000,-0.9810,-0.7887,-0.7887
audioseal,3,chinese:SSB0267,2,74,payload_farthest,1,1.0000,-7.2725,-2.4733,4.5161,0.9986,33.04,0.0000,-0.9810,-0.7887,-0.7887
audioseal,3,chinese:SSB0273,0,75,single_copy,0,1.0000,-4.3423,0.9233,4.6439,1.0000,149.92,-0.5000,-0.9510,-2.4830,-2.4830
audioseal,3,chinese:SSB0273,0,75,mean,1,1.0000,-8.3122,-3.3281,4.6036,0.9998,36.79,-0.5000,-0.9510,-2.4830,-2.4830
audioseal,3,chinese:SSB0273,0,75,rp,1,1.0000,-7.4076,-1.7469,4.5829,0.9996,33.27,-0.5000,-0.9510,-2.4830,-2.4830
audioseal,3,chinese:SSB0273,0,75,random_dirichlet,1,1.0000,-7.9866,-2.1296,4.6043,0.9998,37.50,-0.5000,-0.9510,-2.4830,-2.4830
audioseal,3,chinese:SSB0273,0,75,eep,1,1.0000,-7.4076,-1.7469,4.5829,0.9996,33.27,-0.5000,-0.9510,-2.4830,-2.4830
audioseal,3,chinese:SSB0273,0,75,fwp,1,1.0000,-7.4076,-1.7469,4.5829,0.9996,33.27,-0.5000,-0.9510,-2.4830,-2.4830
audioseal,3,chinese:SSB0273,0,75,dm,1,1.0000,-7.6161,-2.6637,4.5974,0.9998,35.57,-0.5000,-0.9510,-2.4830,-2.4830
audioseal,3,chinese:SSB0273,0,75,tct,1,1.0000,-7.6022,-2.4830,4.5992,0.9998,37.00,-0.5000,-0.9510,-2.4830,-2.4830
audioseal,3,chinese:SSB0273,0,75,payload_farthest,1,1.0000,-8.0673,-2.2558,4.6083,0.9998,38.21,-0.5000,-0.9510,-2.4830,-2.4830
audioseal,3,chinese:SSB0273,1,76,single_copy,0,1.0000,-4.2563,0.9087,4.6439,1.0000,149.92,1.0000,-0.9969,-1.1816,-1.1816
audioseal,3,chinese:SSB0273,1,76,mean,1,1.0000,-6.0108,-0.9705,4.6181,0.9998,37.53,1.0000,-0.9969,-1.1816,-1.1816
audioseal,3,chinese:SSB0273,1,76,rp,1,1.0000,-7.2672,-1.3551,4.5977,0.9997,34.01,1.0000,-0.9969,-1.1816,-1.1816
audioseal,3,chinese:SSB0273,1,76,random_dirichlet,1,1.0000,-8.2557,-1.8590,4.6098,0.9998,36.85,1.0000,-0.9969,-1.1816,-1.1816
audioseal,3,chinese:SSB0273,1,76,eep,1,1.0000,-8.2157,-1.8655,4.6093,0.9998,36.85,1.0000,-0.9969,-1.1816,-1.1816
audioseal,3,chinese:SSB0273,1,76,fwp,1,1.0000,-8.2157,-1.8655,4.6093,0.9998,36.85,1.0000,-0.9969,-1.1816,-1.1816
audioseal,3,chinese:SSB0273,1,76,dm,1,1.0000,-7.1318,-1.4914,4.6106,0.9998,36.56,1.0000,-0.9969,-1.1816,-1.1816
audioseal,3,chinese:SSB0273,1,76,tct,1,1.0000,-7.2199,-1.1816,4.6071,0.9998,35.81,1.0000,-0.9969,-1.1816,-1.1816
audioseal,3,chinese:SSB0273,1,76,payload_farthest,1,1.0000,-8.2157,-1.8655,4.6093,0.9998,36.85,1.0000,-0.9969,-1.1816,-1.1816
audioseal,3,chinese:SSB0273,2,77,single_copy,0,1.0000,-4.2427,0.8013,4.6439,1.0000,149.92,0.5000,-0.9820,-0.1693,-0.1693
audioseal,3,chinese:SSB0273,2,77,mean,1,1.0000,-5.9920,-1.3300,4.6108,0.9998,36.98,0.5000,-0.9820,-0.1693,-0.1693
audioseal,3,chinese:SSB0273,2,77,rp,1,1.0000,-6.9284,-1.4968,4.6208,0.9999,39.27,0.5000,-0.9820,-0.1693,-0.1693
audioseal,3,chinese:SSB0273,2,77,random_dirichlet,1,1.0000,-6.4662,-1.3056,4.6029,0.9998,36.03,0.5000,-0.9820,-0.1693,-0.1693
audioseal,3,chinese:SSB0273,2,77,eep,1,1.0000,-8.2715,-1.6792,4.6131,0.9998,37.15,0.5000,-0.9820,-0.1693,-0.1693
audioseal,3,chinese:SSB0273,2,77,fwp,1,1.0000,-8.2715,-1.6792,4.6131,0.9998,37.15,0.5000,-0.9820,-0.1693,-0.1693
audioseal,3,chinese:SSB0273,2,77,dm,1,1.0000,-6.6704,-1.3527,4.6088,0.9998,36.62,0.5000,-0.9820,-0.1693,-0.1693
audioseal,3,chinese:SSB0273,2,77,tct,1,1.0000,-5.0120,-0.1693,4.6078,0.9998,37.11,0.5000,-0.9820,-0.1693,-0.1693
audioseal,3,chinese:SSB0273,2,77,payload_farthest,1,1.0000,-8.2715,-1.6792,4.6131,0.9998,37.15,0.5000,-0.9820,-0.1693,-0.1693
audioseal,3,chinese:SSB0287,0,78,single_copy,0,1.0000,-4.1737,0.9043,4.6439,1.0000,149.49,-0.5000,-0.9995,-0.0355,-0.0354
audioseal,3,chinese:SSB0287,0,78,mean,1,0.9999,-6.3029,-1.1000,4.5987,0.9997,34.04,-0.5000,-0.9995,-0.0355,-0.0354
audioseal,3,chinese:SSB0287,0,78,rp,1,0.9999,-7.8411,-1.4073,4.6070,0.9997,35.89,-0.5000,-0.9995,-0.0355,-0.0354
audioseal,3,chinese:SSB0287,0,78,random_dirichlet,0,0.9998,-4.8658,0.5178,4.6030,0.9997,34.04,-0.5000,-0.9995,-0.0355,-0.0354
audioseal,3,chinese:SSB0287,0,78,eep,1,0.9954,-6.1476,-0.0343,4.6132,0.9998,35.89,-0.5000,-0.9995,-0.0355,-0.0354
audioseal,3,chinese:SSB0287,0,78,fwp,1,0.9954,-6.1476,-0.0343,4.6132,0.9998,35.89,-0.5000,-0.9995,-0.0355,-0.0354
audioseal,3,chinese:SSB0287,0,78,dm,1,0.9990,-7.3366,-1.8466,4.6094,0.9998,35.24,-0.5000,-0.9995,-0.0355,-0.0354
audioseal,3,chinese:SSB0287,0,78,tct,1,0.9999,-5.2986,-0.0355,4.5939,0.9997,33.24,-0.5000,-0.9995,-0.0355,-0.0354
audioseal,3,chinese:SSB0287,0,78,payload_farthest,1,0.9999,-7.8411,-1.4073,4.6070,0.9997,35.89,-0.5000,-0.9995,-0.0355,-0.0354
audioseal,3,chinese:SSB0287,1,79,single_copy,0,1.0000,-4.1545,0.9778,4.6439,1.0000,149.50,1.0000,-0.9990,-0.5095,-0.5095
audioseal,3,chinese:SSB0287,1,79,mean,1,1.0000,-6.2363,-1.3290,4.5958,0.9998,35.17,1.0000,-0.9990,-0.5095,-0.5095
audioseal,3,chinese:SSB0287,1,79,rp,1,1.0000,-5.7609,-0.1602,4.6269,0.9999,39.82,1.0000,-0.9990,-0.5095,-0.5095
audioseal,3,chinese:SSB0287,1,79,random_dirichlet,0,1.0000,-4.8820,0.0863,4.6217,0.9999,39.09,1.0000,-0.9990,-0.5095,-0.5095
audioseal,3,chinese:SSB0287,1,79,eep,1,1.0000,-6.3124,-1.7302,4.5527,0.9995,31.64,1.0000,-0.9990,-0.5095,-0.5095
audioseal,3,chinese:SSB0287,1,79,fwp,1,1.0000,-7.3588,-1.8872,4.5878,0.9997,34.29,1.0000,-0.9990,-0.5095,-0.5095
audioseal,3,chinese:SSB0287,1,79,dm,1,1.0000,-7.3907,-1.8946,4.5878,0.9997,34.29,1.0000,-0.9990,-0.5095,-0.5095
audioseal,3,chinese:SSB0287,1,79,tct,1,1.0000,-5.8510,-0.5095,4.6119,0.9998,36.97,1.0000,-0.9990,-0.5095,-0.5095
audioseal,3,chinese:SSB0287,1,79,payload_farthest,1,1.0000,-7.3588,-1.8872,4.5878,0.9997,34.29,1.0000,-0.9990,-0.5095,-0.5095
audioseal,3,chinese:SSB0287,2,80,single_copy,0,1.0000,-3.9964,0.8831,4.6439,1.0000,149.50,-0.5000,-0.8787,-1.1006,-1.1006
audioseal,3,chinese:SSB0287,2,80,mean,1,1.0000,-8.7053,-3.7976,4.6115,0.9998,39.30,-0.5000,-0.8787,-1.1006,-1.1006
audioseal,3,chinese:SSB0287,2,80,rp,1,1.0000,-6.1389,-0.6497,4.6219,0.9998,38.64,-0.5000,-0.8787,-1.1006,-1.1006
audioseal,3,chinese:SSB0287,2,80,random_dirichlet,1,0.9999,-5.5397,-0.8418,4.5926,0.9997,35.96,-0.5000,-0.8787,-1.1006,-1.1006
audioseal,3,chinese:SSB0287,2,80,eep,1,1.0000,-6.4093,-1.0043,4.6137,0.9999,41.43,-0.5000,-0.8787,-1.1006,-1.1006
audioseal,3,chinese:SSB0287,2,80,fwp,1,0.9999,-7.0687,-1.5951,4.5830,0.9997,35.77,-0.5000,-0.8787,-1.1006,-1.1006
audioseal,3,chinese:SSB0287,2,80,dm,1,1.0000,-7.1109,-1.9743,4.6037,0.9998,37.80,-0.5000,-0.8787,-1.1006,-1.1006
audioseal,3,chinese:SSB0287,2,80,tct,1,1.0000,-6.2952,-1.1006,4.6105,0.9998,37.75,-0.5000,-0.8787,-1.1006,-1.1006
audioseal,3,chinese:SSB0287,2,80,payload_farthest,1,1.0000,-6.1389,-0.6497,4.6219,0.9998,38.64,-0.5000,-0.8787,-1.1006,-1.1006
audioseal,3,chinese:SSB0288,0,81,single_copy,0,1.0000,-4.0336,0.9700,4.6439,1.0000,141.45,0.5000,-0.8891,-1.3866,-1.3866
audioseal,3,chinese:SSB0288,0,81,mean,1,1.0000,-6.7560,-1.1440,4.5978,0.9980,37.51,0.5000,-0.8891,-1.3866,-1.3866
audioseal,3,chinese:SSB0288,0,81,rp,1,1.0000,-6.2868,-0.7642,4.6221,0.9988,39.58,0.5000,-0.8891,-1.3866,-1.3866
audioseal,3,chinese:SSB0288,0,81,random_dirichlet,1,1.0000,-6.6371,-1.2974,4.5829,0.9967,34.83,0.5000,-0.8891,-1.3866,-1.3866
audioseal,3,chinese:SSB0288,0,81,eep,1,1.0000,-9.7074,-4.1602,4.5967,0.9984,38.59,0.5000,-0.8891,-1.3866,-1.3866
audioseal,3,chinese:SSB0288,0,81,fwp,1,1.0000,-9.7074,-4.1602,4.5967,0.9984,38.59,0.5000,-0.8891,-1.3866,-1.3866
audioseal,3,chinese:SSB0288,0,81,dm,1,1.0000,-7.8520,-2.4589,4.5977,0.9982,37.90,0.5000,-0.8891,-1.3866,-1.3866
audioseal,3,chinese:SSB0288,0,81,tct,1,1.0000,-6.5525,-1.3866,4.6121,0.9983,38.25,0.5000,-0.8891,-1.3866,-1.3866
audioseal,3,chinese:SSB0288,0,81,payload_farthest,1,1.0000,-9.7074,-4.1602,4.5967,0.9984,38.59,0.5000,-0.8891,-1.3866,-1.3866
audioseal,3,chinese:SSB0288,1,82,single_copy,0,1.0000,-4.4456,0.8955,4.6439,1.0000,141.45,0.0000,1.0000,0.0255,0.0255
audioseal,3,chinese:SSB0288,1,82,mean,1,1.0000,-7.7135,-1.9830,4.6092,0.9989,40.80,0.0000,1.0000,0.0255,0.0255
audioseal,3,chinese:SSB0288,1,82,rp,1,1.0000,-7.1888,-2.2727,4.5925,0.9975,37.28,0.0000,1.0000,0.0255,0.0255
audioseal,3,chinese:SSB0288,1,82,random_dirichlet,0,0.9998,-5.3218,0.1525,4.5982,0.9978,36.57,0.0000,1.0000,0.0255,0.0255
audioseal,3,chinese:SSB0288,1,82,eep,1,1.0000,-6.2368,-0.7022,4.6226,0.9991,39.70,0.0000,1.0000,0.0255,0.0255
audioseal,3,chinese:SSB0288,1,82,fwp,1,1.0000,-7.1888,-2.2727,4.5925,0.9975,37.28,0.0000,1.0000,0.0255,0.0255
audioseal,3,chinese:SSB0288,1,82,dm,1,1.0000,-7.3078,-2.0303,4.6002,0.9981,38.42,0.0000,1.0000,0.0255,0.0255
audioseal,3,chinese:SSB0288,1,82,tct,0,1.0000,-5.1710,0.0255,4.6234,0.9994,42.92,0.0000,1.0000,0.0255,0.0255
audioseal,3,chinese:SSB0288,1,82,payload_farthest,1,1.0000,-7.7441,-2.9204,4.6073,0.9990,42.45,0.0000,1.0000,0.0255,0.0255
audioseal,3,chinese:SSB0288,2,83,single_copy,0,1.0000,-4.3192,0.9880,4.6439,1.0000,141.45,-0.5000,-0.9805,-3.8991,-3.8991
audioseal,3,chinese:SSB0288,2,83,mean,1,1.0000,-8.3990,-3.5203,4.5968,0.9985,37.71,-0.5000,-0.9805,-3.8991,-3.8991
audioseal,3,chinese:SSB0288,2,83,rp,1,1.0000,-9.5697,-4.6796,4.6083,0.9986,38.35,-0.5000,-0.9805,-3.8991,-3.8991
audioseal,3,chinese:SSB0288,2,83,random_dirichlet,1,1.0000,-8.7691,-3.6521,4.5927,0.9984,37.28,-0.5000,-0.9805,-3.8991,-3.8991
audioseal,3,chinese:SSB0288,2,83,eep,1,0.9999,-9.4371,-3.8991,4.5536,0.9967,34.18,-0.5000,-0.9805,-3.8991,-3.8991
audioseal,3,chinese:SSB0288,2,83,fwp,1,1.0000,-9.5697,-4.6796,4.6083,0.9986,38.35,-0.5000,-0.9805,-3.8991,-3.8991
audioseal,3,chinese:SSB0288,2,83,dm,1,1.0000,-7.4277,-2.0433,4.6003,0.9986,37.95,-0.5000,-0.9805,-3.8991,-3.8991
audioseal,3,chinese:SSB0288,2,83,tct,1,0.9999,-9.4371,-3.8991,4.5536,0.9967,34.18,-0.5000,-0.9805,-3.8991,-3.8991
audioseal,3,chinese:SSB0288,2,83,payload_farthest,1,0.9999,-9.4371,-3.8991,4.5536,0.9967,34.18,-0.5000,-0.9805,-3.8991,-3.8991
audioseal,3,chinese:SSB0299,0,84,single_copy,0,1.0000,-3.9386,1.0082,4.6439,1.0000,141.67,0.5000,-0.1551,-3.6451,-3.6451
audioseal,3,chinese:SSB0299,0,84,mean,1,1.0000,-8.2613,-3.2175,4.5564,0.9998,35.39,0.5000,-0.1551,-3.6451,-3.6451
audioseal,3,chinese:SSB0299,0,84,rp,1,1.0000,-8.3252,-2.8403,4.5743,0.9999,37.66,0.5000,-0.1551,-3.6451,-3.6451
audioseal,3,chinese:SSB0299,0,84,random_dirichlet,1,1.0000,-7.9246,-2.1167,4.5739,0.9999,37.88,0.5000,-0.1551,-3.6451,-3.6451
audioseal,3,chinese:SSB0299,0,84,eep,1,1.0000,-8.4270,-4.1438,4.5212,0.9995,31.87,0.5000,-0.1551,-3.6451,-3.6451
audioseal,3,chinese:SSB0299,0,84,fwp,1,1.0000,-9.5933,-4.7085,4.5868,0.9998,35.22,0.5000,-0.1551,-3.6451,-3.6451
audioseal,3,chinese:SSB0299,0,84,dm,1,1.0000,-7.8729,-3.4606,4.5561,0.9997,34.59,0.5000,-0.1551,-3.6451,-3.6451
audioseal,3,chinese:SSB0299,0,84,tct,1,1.0000,-8.7702,-3.6451,4.5436,0.9997,34.55,0.5000,-0.1551,-3.6451,-3.6451
audioseal,3,chinese:SSB0299,0,84,payload_farthest,1,1.0000,-9.5933,-4.7085,4.5868,0.9998,35.22,0.5000,-0.1551,-3.6451,-3.6451
audioseal,3,chinese:SSB0299,1,85,single_copy,0,1.0000,-4.1120,0.9752,4.6439,1.0000,141.67,0.0000,-0.7952,-0.4637,-0.4637
audioseal,3,chinese:SSB0299,1,85,mean,1,1.0000,-7.1894,-2.2258,4.5838,0.9998,34.90,0.0000,-0.7952,-0.4637,-0.4637
audioseal,3,chinese:SSB0299,1,85,rp,1,1.0000,-8.6745,-3.1699,4.5989,0.9997,35.29,0.0000,-0.7952,-0.4637,-0.4637
audioseal,3,chinese:SSB0299,1,85,random_dirichlet,1,1.0000,-7.8829,-2.6090,4.6029,0.9998,36.45,0.0000,-0.7952,-0.4637,-0.4637
audioseal,3,chinese:SSB0299,1,85,eep,1,1.0000,-8.6745,-3.1699,4.5989,0.9997,35.29,0.0000,-0.7952,-0.4637,-0.4637
audioseal,3,chinese:SSB0299,1,85,fwp,1,1.0000,-5.8604,-1.0919,4.5288,0.9995,31.38,0.0000,-0.7952,-0.4637,-0.4637
audioseal,3,chinese:SSB0299,1,85,dm,1,1.0000,-6.5993,-1.7961,4.5734,0.9997,34.08,0.0000,-0.7952,-0.4637,-0.4637
audioseal,3,chinese:SSB0299,1,85,tct,1,1.0000,-5.0214,-0.4637,4.5770,0.9996,33.67,0.0000,-0.7952,-0.4637,-0.4637
audioseal,3,chinese:SSB0299,1,85,payload_farthest,1,1.0000,-7.3454,-1.4508,4.5763,0.9999,36.25,0.0000,-0.7952,-0.4637,-0.4637
audioseal,3,chinese:SSB0299,2,86,single_copy,0,1.0000,-4.2004,0.9002,4.6439,1.0000,141.67,0.0000,-0.4992,-4.1782,-4.1782
audioseal,3,chinese:SSB0299,2,86,mean,1,1.0000,-9.2143,-4.2962,4.5644,0.9997,33.25,0.0000,-0.4992,-4.1782,-4.1782
audioseal,3,chinese:SSB0299,2,86,rp,1,1.0000,-8.3725,-3.4322,4.5051,0.9995,29.72,0.0000,-0.4992,-4.1782,-4.1782
audioseal,3,chinese:SSB0299,2,86,random_dirichlet,0,0.9999,-4.3215,0.6740,4.5086,0.9995,29.40,0.0000,-0.4992,-4.1782,-4.1782
audioseal,3,chinese:SSB0299,2,86,eep,1,1.0000,-8.3725,-3.4322,4.5051,0.9995,29.72,0.0000,-0.4992,-4.1782,-4.1782
audioseal,3,chinese:SSB0299,2,86,fwp,1,0.9999,-7.5138,-2.2226,4.5800,0.9998,33.88,0.0000,-0.4992,-4.1782,-4.1782
audioseal,3,chinese:SSB0299,2,86,dm,1,1.0000,-8.9219,-3.8133,4.5639,0.9997,33.12,0.0000,-0.4992,-4.1782,-4.1782
audioseal,3,chinese:SSB0299,2,86,tct,1,1.0000,-9.6113,-4.1782,4.5397,0.9996,31.56,0.0000,-0.4992,-4.1782,-4.1782
audioseal,3,chinese:SSB0299,2,86,payload_farthest,1,1.0000,-8.3725,-3.4322,4.5051,0.9995,29.72,0.0000,-0.4992,-4.1782,-4.1782
audioseal,3,chinese:SSB0307,0,87,single_copy,0,1.0000,-4.0559,0.9300,4.6439,1.0000,132.21,0.0000,-0.3699,-2.5947,-2.5947
audioseal,3,chinese:SSB0307,0,87,mean,1,1.0000,-9.6086,-4.4113,4.5430,0.9982,29.92,0.0000,-0.3699,-2.5947,-2.5947
audioseal,3,chinese:SSB0307,0,87,rp,1,1.0000,-6.6009,-0.8826,4.4426,0.9962,26.39,0.0000,-0.3699,-2.5947,-2.5947
audioseal,3,chinese:SSB0307,0,87,random_dirichlet,1,1.0000,-7.8325,-2.9037,4.5767,0.9986,30.76,0.0000,-0.3699,-2.5947,-2.5947
audioseal,3,chinese:SSB0307,0,87,eep,1,1.0000,-6.9276,-2.2689,4.5913,0.9988,31.71,0.0000,-0.3699,-2.5947,-2.5947
audioseal,3,chinese:SSB0307,0,87,fwp,1,1.0000,-8.0128,-2.5392,4.5504,0.9983,30.54,0.0000,-0.3699,-2.5947,-2.5947
audioseal,3,chinese:SSB0307,0,87,dm,1,1.0000,-9.3081,-4.3956,4.5315,0.9980,29.55,0.0000,-0.3699,-2.5947,-2.5947
audioseal,3,chinese:SSB0307,0,87,tct,1,1.0000,-8.5267,-2.5947,4.5701,0.9985,30.55,0.0000,-0.3699,-2.5947,-2.5947
audioseal,3,chinese:SSB0307,0,87,payload_farthest,1,1.0000,-6.6009,-0.8826,4.4426,0.9962,26.39,0.0000,-0.3699,-2.5947,-2.5947
audioseal,3,chinese:SSB0307,1,88,single_copy,0,1.0000,-4.2726,0.8900,4.6439,1.0000,132.21,-1.0000,0.6652,-2.9813,-2.9813
audioseal,3,chinese:SSB0307,1,88,mean,1,1.0000,-8.8271,-3.2314,4.5349,0.9984,28.94,-1.0000,0.6652,-2.9813,-2.9813
audioseal,3,chinese:SSB0307,1,88,rp,1,1.0000,-9.6029,-3.6386,4.5528,0.9989,30.27,-1.0000,0.6652,-2.9813,-2.9813
audioseal,3,chinese:SSB0307,1,88,random_dirichlet,1,1.0000,-6.4834,-2.1879,4.5879,0.9993,32.24,-1.0000,0.6652,-2.9813,-2.9813
audioseal,3,chinese:SSB0307,1,88,eep,1,1.0000,-8.0065,-2.1165,4.5594,0.9988,30.00,-1.0000,0.6652,-2.9813,-2.9813
audioseal,3,chinese:SSB0307,1,88,fwp,1,0.9999,-8.9989,-3.5129,4.4481,0.9967,25.42,-1.0000,0.6652,-2.9813,-2.9813
audioseal,3,chinese:SSB0307,1,88,dm,1,1.0000,-8.9628,-3.3697,4.5325,0.9984,28.83,-1.0000,0.6652,-2.9813,-2.9813
audioseal,3,chinese:SSB0307,1,88,tct,1,1.0000,-8.7471,-2.9813,4.5288,0.9982,28.35,-1.0000,0.6652,-2.9813,-2.9813
audioseal,3,chinese:SSB0307,1,88,payload_farthest,1,1.0000,-9.6029,-3.6386,4.5528,0.9989,30.27,-1.0000,0.6652,-2.9813,-2.9813
audioseal,3,chinese:SSB0307,2,89,single_copy,0,0.9999,-3.9693,0.9570,4.6439,1.0000,132.21,1.0000,-0.9960,-2.8961,-2.8962
audioseal,3,chinese:SSB0307,2,89,mean,1,1.0000,-6.1296,-1.3552,4.5812,0.9987,32.88,1.0000,-0.9960,-2.8961,-2.8962
audioseal,3,chinese:SSB0307,2,89,rp,1,1.0000,-8.1081,-2.0079,4.5379,0.9972,29.36,1.0000,-0.9960,-2.8961,-2.8962
audioseal,3,chinese:SSB0307,2,89,random_dirichlet,0,1.0000,-4.3831,0.9509,4.5315,0.9976,28.73,1.0000,-0.9960,-2.8961,-2.8962
audioseal,3,chinese:SSB0307,2,89,eep,1,1.0000,-6.3203,-2.0854,4.6055,0.9991,33.47,1.0000,-0.9960,-2.8961,-2.8962
audioseal,3,chinese:SSB0307,2,89,fwp,1,1.0000,-8.1081,-2.0079,4.5379,0.9972,29.36,1.0000,-0.9960,-2.8961,-2.8962
audioseal,3,chinese:SSB0307,2,89,dm,1,1.0000,-8.5767,-3.3377,4.5437,0.9976,30.08,1.0000,-0.9960,-2.8961,-2.8962
audioseal,3,chinese:SSB0307,2,89,tct,1,1.0000,-7.9813,-2.8961,4.5478,0.9980,30.79,1.0000,-0.9960,-2.8961,-2.8962
audioseal,3,chinese:SSB0307,2,89,payload_farthest,1,1.0000,-8.1081,-2.0079,4.5379,0.9972,29.36,1.0000,-0.9960,-2.8961,-2.8962
audioseal,3,chinese:SSB0309,0,90,single_copy,0,1.0000,-4.1250,0.8799,4.6439,1.0000,143.39,0.5000,-0.8658,-1.0967,-1.0967
audioseal,3,chinese:SSB0309,0,90,mean,1,1.0000,-9.4137,-3.6725,4.5646,0.9986,35.00,0.5000,-0.8658,-1.0967,-1.0967
audioseal,3,chinese:SSB0309,0,90,rp,1,0.9999,-8.8378,-3.1371,4.5854,0.9988,35.92,0.5000,-0.8658,-1.0967,-1.0967
audioseal,3,chinese:SSB0309,0,90,random_dirichlet,1,1.0000,-5.2389,-0.2426,4.5454,0.9981,32.64,0.5000,-0.8658,-1.0967,-1.0967
audioseal,3,chinese:SSB0309,0,90,eep,1,1.0000,-5.8235,-0.9820,4.5272,0.9977,31.47,0.5000,-0.8658,-1.0967,-1.0967
audioseal,3,chinese:SSB0309,0,90,fwp,1,0.9999,-8.8378,-3.1371,4.5854,0.9988,35.92,0.5000,-0.8658,-1.0967,-1.0967
audioseal,3,chinese:SSB0309,0,90,dm,1,1.0000,-9.1188,-3.3197,4.5680,0.9987,35.27,0.5000,-0.8658,-1.0967,-1.0967
audioseal,3,chinese:SSB0309,0,90,tct,1,1.0000,-6.5266,-1.0967,4.5947,0.9990,37.45,0.5000,-0.8658,-1.0967,-1.0967
audioseal,3,chinese:SSB0309,0,90,payload_farthest,1,0.9999,-8.8378,-3.1371,4.5854,0.9988,35.92,0.5000,-0.8658,-1.0967,-1.0967
audioseal,3,chinese:SSB0309,1,91,single_copy,0,1.0000,-4.1682,0.9471,4.6439,1.0000,143.39,0.0000,-0.2488,-0.7575,-0.7575
audioseal,3,chinese:SSB0309,1,91,mean,1,1.0000,-7.6474,-2.7739,4.5837,0.9992,34.42,0.0000,-0.2488,-0.7575,-0.7575
audioseal,3,chinese:SSB0309,1,91,rp,1,1.0000,-7.3589,-2.2492,4.6140,0.9993,35.88,0.0000,-0.2488,-0.7575,-0.7575
audioseal,3,chinese:SSB0309,1,91,random_dirichlet,1,0.9999,-6.8048,-0.9641,4.5570,0.9987,31.57,0.0000,-0.2488,-0.7575,-0.7575
audioseal,3,chinese:SSB0309,1,91,eep,1,0.9999,-7.5189,-1.8975,4.5530,0.9985,30.90,0.0000,-0.2488,-0.7575,-0.7575
audioseal,3,chinese:SSB0309,1,91,fwp,1,1.0000,-7.3589,-2.2492,4.6140,0.9993,35.88,0.0000,-0.2488,-0.7575,-0.7575
audioseal,3,chinese:SSB0309,1,91,dm,1,1.0000,-7.2600,-2.4418,4.5894,0.9992,34.90,0.0000,-0.2488,-0.7575,-0.7575
audioseal,3,chinese:SSB0309,1,91,tct,1,1.0000,-5.8625,-0.7575,4.6047,0.9995,36.90,0.0000,-0.2488,-0.7575,-0.7575
audioseal,3,chinese:SSB0309,1,91,payload_farthest,1,1.0000,-8.5375,-2.1529,4.5900,0.9994,35.94,0.0000,-0.2488,-0.7575,-0.7575
audioseal,3,chinese:SSB0309,2,92,single_copy,0,1.0000,-4.2583,0.9673,4.6439,1.0000,143.39,-0.5000,0.6867,-2.3121,-2.3121
audioseal,3,chinese:SSB0309,2,92,mean,1,1.0000,-8.9070,-3.2805,4.5872,0.9987,37.49,-0.5000,0.6867,-2.3121,-2.3121
audioseal,3,chinese:SSB0309,2,92,rp,1,1.0000,-8.6481,-3.2181,4.5975,0.9990,38.15,-0.5000,0.6867,-2.3121,-2.3121
audioseal,3,chinese:SSB0309,2,92,random_dirichlet,0,1.0000,-3.9515,1.0358,4.5756,0.9981,34.69,-0.5000,0.6867,-2.3121,-2.3121
audioseal,3,chinese:SSB0309,2,92,eep,1,1.0000,-7.3365,-1.3198,4.6066,0.9990,38.51,-0.5000,0.6867,-2.3121,-2.3121
audioseal,3,chinese:SSB0309,2,92,fwp,1,1.0000,-6.0987,-0.6970,4.5559,0.9977,33.97,-0.5000,0.6867,-2.3121,-2.3121
audioseal,3,chinese:SSB0309,2,92,dm,1,1.0000,-8.7481,-3.1644,4.5817,0.9985,36.69,-0.5000,0.6867,-2.3121,-2.3121
audioseal,3,chinese:SSB0309,2,92,tct,1,1.0000,-8.3639,-2.3121,4.5825,0.9985,36.82,-0.5000,0.6867,-2.3121,-2.3121
audioseal,3,chinese:SSB0309,2,92,payload_farthest,1,1.0000,-8.6481,-3.2181,4.5975,0.9990,38.15,-0.5000,0.6867,-2.3121,-2.3121
audioseal,3,chinese:SSB0315,0,93,single_copy,0,1.0000,-4.3971,0.9439,4.6439,1.0000,145.34,0.5000,-0.9721,-4.3109,-4.3109
audioseal,3,chinese:SSB0315,0,93,mean,1,1.0000,-5.8024,-0.7406,4.6043,0.9997,35.35,0.5000,-0.9721,-4.3109,-4.3109
audioseal,3,chinese:SSB0315,0,93,rp,1,1.0000,-9.0714,-4.3109,4.6099,0.9998,36.91,0.5000,-0.9721,-4.3109,-4.3109
audioseal,3,chinese:SSB0315,0,93,random_dirichlet,0,1.0000,-4.0288,1.0250,4.5553,0.9995,32.43,0.5000,-0.9721,-4.3109,-4.3109
audioseal,3,chinese:SSB0315,0,93,eep,1,1.0000,-5.5725,-0.4396,4.6219,0.9998,36.80,0.5000,-0.9721,-4.3109,-4.3109
audioseal,3,chinese:SSB0315,0,93,fwp,1,1.0000,-5.5725,-0.4396,4.6219,0.9998,36.80,0.5000,-0.9721,-4.3109,-4.3109
audioseal,3,chinese:SSB0315,0,93,dm,1,1.0000,-5.8593,-0.6218,4.6094,0.9998,35.85,0.5000,-0.9721,-4.3109,-4.3109
audioseal,3,chinese:SSB0315,0,93,tct,1,1.0000,-9.0714,-4.3109,4.6099,0.9998,36.91,0.5000,-0.9721,-4.3109,-4.3109
audioseal,3,chinese:SSB0315,0,93,payload_farthest,1,1.0000,-9.0714,-4.3109,4.6099,0.9998,36.91,0.5000,-0.9721,-4.3109,-4.3109
audioseal,3,chinese:SSB0315,1,94,single_copy,0,1.0000,-4.4445,0.9113,4.6439,1.0000,145.34,0.0000,-0.6978,-3.0278,-3.0278
audioseal,3,chinese:SSB0315,1,94,mean,1,1.0000,-9.9315,-4.9663,4.6029,0.9996,35.55,0.0000,-0.6978,-3.0278,-3.0278
audioseal,3,chinese:SSB0315,1,94,rp,1,1.0000,-8.0637,-2.5407,4.6180,0.9998,36.96,0.0000,-0.6978,-3.0278,-3.0278
audioseal,3,chinese:SSB0315,1,94,random_dirichlet,1,1.0000,-6.0353,-0.8979,4.6015,0.9996,34.74,0.0000,-0.6978,-3.0278,-3.0278
audioseal,3,chinese:SSB0315,1,94,eep,1,1.0000,-8.0508,-2.4292,4.6007,0.9997,35.92,0.0000,-0.6978,-3.0278,-3.0278
audioseal,3,chinese:SSB0315,1,94,fwp,1,0.9997,-8.2996,-3.1112,4.5633,0.9992,32.03,0.0000,-0.6978,-3.0278,-3.0278
audioseal,3,chinese:SSB0315,1,94,dm,1,1.0000,-9.6232,-4.8017,4.5970,0.9996,34.77,0.0000,-0.6978,-3.0278,-3.0278
audioseal,3,chinese:SSB0315,1,94,tct,1,1.0000,-8.6117,-3.0278,4.5875,0.9994,33.70,0.0000,-0.6978,-3.0278,-3.0278
audioseal,3,chinese:SSB0315,1,94,payload_farthest,1,1.0000,-8.0508,-2.4292,4.6007,0.9997,35.92,0.0000,-0.6978,-3.0278,-3.0278
audioseal,3,chinese:SSB0315,2,95,single_copy,0,1.0000,-4.1921,0.9475,4.6439,1.0000,145.35,1.0000,-0.9895,-1.9407,-1.9407
audioseal,3,chinese:SSB0315,2,95,mean,1,1.0000,-7.7131,-2.3200,4.6071,0.9997,38.41,1.0000,-0.9895,-1.9407,-1.9407
audioseal,3,chinese:SSB0315,2,95,rp,1,1.0000,-7.1774,-2.2478,4.6121,0.9998,41.19,1.0000,-0.9895,-1.9407,-1.9407
audioseal,3,chinese:SSB0315,2,95,random_dirichlet,0,1.0000,-4.4201,0.6239,4.5767,0.9993,33.24,1.0000,-0.9895,-1.9407,-1.9407
audioseal,3,chinese:SSB0315,2,95,eep,1,1.0000,-9.7527,-4.1401,4.5805,0.9994,34.89,1.0000,-0.9895,-1.9407,-1.9407
audioseal,3,chinese:SSB0315,2,95,fwp,1,1.0000,-9.7527,-4.1401,4.5805,0.9994,34.89,1.0000,-0.9895,-1.9407,-1.9407
audioseal,3,chinese:SSB0315,2,95,dm,1,1.0000,-8.7851,-2.6820,4.6008,0.9997,36.69,1.0000,-0.9895,-1.9407,-1.9407
audioseal,3,chinese:SSB0315,2,95,tct,1,1.0000,-7.1890,-1.9407,4.5954,0.9996,35.83,1.0000,-0.9895,-1.9407,-1.9407
audioseal,3,chinese:SSB0315,2,95,payload_farthest,1,1.0000,-9.7527,-4.1401,4.5805,0.9994,34.89,1.0000,-0.9895,-1.9407,-1.9407
audioseal,3,chinese:SSB0316,0,96,single_copy,0,1.0000,-4.0699,0.8881,4.6439,1.0000,146.33,0.8660,-0.9997,-2.1366,-2.1366
audioseal,3,chinese:SSB0316,0,96,mean,1,1.0000,-7.1845,-2.1781,4.5945,0.9992,34.69,0.8660,-0.9997,-2.1366,-2.1366
audioseal,3,chinese:SSB0316,0,96,rp,1,1.0000,-5.8497,-0.8829,4.5563,0.9983,31.16,0.8660,-0.9997,-2.1366,-2.1366
audioseal,3,chinese:SSB0316,0,96,random_dirichlet,0,1.0000,-4.3500,0.8906,4.5616,0.9985,31.70,0.8660,-0.9997,-2.1366,-2.1366
audioseal,3,chinese:SSB0316,0,96,eep,1,1.0000,-9.1798,-3.2209,4.6107,0.9994,35.60,0.8660,-0.9997,-2.1366,-2.1366
audioseal,3,chinese:SSB0316,0,96,fwp,1,1.0000,-9.1798,-3.2209,4.6107,0.9994,35.60,0.8660,-0.9997,-2.1366,-2.1366
audioseal,3,chinese:SSB0316,0,96,dm,1,1.0000,-7.7447,-2.5337,4.6013,0.9993,35.24,0.8660,-0.9997,-2.1366,-2.1366
audioseal,3,chinese:SSB0316,0,96,tct,1,1.0000,-6.9135,-2.1366,4.5909,0.9991,34.26,0.8660,-0.9997,-2.1366,-2.1366
audioseal,3,chinese:SSB0316,0,96,payload_farthest,1,1.0000,-9.4649,-4.2515,4.6105,0.9995,37.01,0.8660,-0.9997,-2.1366,-2.1366
audioseal,3,chinese:SSB0316,1,97,single_copy,0,1.0000,-4.1881,0.9432,4.6439,1.0000,146.33,1.0000,-0.9997,-3.2896,-3.2896
audioseal,3,chinese:SSB0316,1,97,mean,1,1.0000,-5.9874,-1.2669,4.5868,0.9994,34.61,1.0000,-0.9997,-3.2896,-3.2896
audioseal,3,chinese:SSB0316,1,97,rp,1,1.0000,-8.8013,-3.2896,4.6114,0.9997,37.59,1.0000,-0.9997,-3.2896,-3.2896
audioseal,3,chinese:SSB0316,1,97,random_dirichlet,1,1.0000,-5.6320,-1.1728,4.5649,0.9990,32.57,1.0000,-0.9997,-3.2896,-3.2896
audioseal,3,chinese:SSB0316,1,97,eep,1,1.0000,-10.6724,-4.9268,4.5991,0.9995,35.47,1.0000,-0.9997,-3.2896,-3.2896
audioseal,3,chinese:SSB0316,1,97,fwp,1,1.0000,-10.6724,-4.9268,4.5991,0.9995,35.47,1.0000,-0.9997,-3.2896,-3.2896
audioseal,3,chinese:SSB0316,1,97,dm,1,1.0000,-10.5429,-4.9654,4.5957,0.9995,35.43,1.0000,-0.9997,-3.2896,-3.2896
audioseal,3,chinese:SSB0316,1,97,tct,1,1.0000,-8.8013,-3.2896,4.6114,0.9997,37.59,1.0000,-0.9997,-3.2896,-3.2896
audioseal,3,chinese:SSB0316,1,97,payload_farthest,1,1.0000,-10.6724,-4.9268,4.5991,0.9995,35.47,1.0000,-0.9997,-3.2896,-3.2896
audioseal,3,chinese:SSB0316,2,98,single_copy,0,1.0000,-4.1176,0.9434,4.6439,1.0000,146.34,0.0000,-0.0546,-1.0015,-1.0015
audioseal,3,chinese:SSB0316,2,98,mean,1,1.0000,-6.5901,-1.4053,4.6043,0.9996,34.22,0.0000,-0.0546,-1.0015,-1.0015
audioseal,3,chinese:SSB0316,2,98,rp,1,1.0000,-5.4759,-0.7244,4.6192,0.9997,35.74,0.0000,-0.0546,-1.0015,-1.0015
audioseal,3,chinese:SSB0316,2,98,random_dirichlet,0,1.0000,-4.4646,0.5264,4.6318,0.9998,38.17,0.0000,-0.0546,-1.0015,-1.0015
audioseal,3,chinese:SSB0316,2,98,eep,1,1.0000,-5.4634,-0.2800,4.5734,0.9991,30.69,0.0000,-0.0546,-1.0015,-1.0015
audioseal,3,chinese:SSB0316,2,98,fwp,1,1.0000,-5.4759,-0.7244,4.6192,0.9997,35.74,0.0000,-0.0546,-1.0015,-1.0015
audioseal,3,chinese:SSB0316,2,98,dm,1,1.0000,-5.6335,-1.2715,4.6156,0.9997,35.57,0.0000,-0.0546,-1.0015,-1.0015
audioseal,3,chinese:SSB0316,2,98,tct,1,1.0000,-5.1872,-1.0015,4.6179,0.9997,36.82,0.0000,-0.0546,-1.0015,-1.0015
audioseal,3,chinese:SSB0316,2,98,payload_farthest,1,1.0000,-5.4561,-1.1489,4.6117,0.9997,36.65,0.0000,-0.0546,-1.0015,-1.0015
audioseal,3,chinese:SSB0323,0,99,single_copy,0,1.0000,-4.3146,0.8321,4.6439,1.0000,146.14,1.0000,-0.9927,-5.5908,-5.5908
audioseal,3,chinese:SSB0323,0,99,mean,1,1.0000,-7.4333,-2.3174,4.5481,0.9995,32.52,1.0000,-0.9927,-5.5908,-5.5908
audioseal,3,chinese:SSB0323,0,99,rp,1,1.0000,-5.3587,-0.6113,4.4774,0.9989,29.00,1.0000,-0.9927,-5.5908,-5.5908
audioseal,3,chinese:SSB0323,0,99,random_dirichlet,1,1.0000,-6.2827,-1.0784,4.5224,0.9993,31.16,1.0000,-0.9927,-5.5908,-5.5908
audioseal,3,chinese:SSB0323,0,99,eep,1,1.0000,-10.3236,-5.5908,4.5770,0.9997,34.73,1.0000,-0.9927,-5.5908,-5.5908
audioseal,3,chinese:SSB0323,0,99,fwp,1,1.0000,-10.3236,-5.5908,4.5770,0.9997,34.73,1.0000,-0.9927,-5.5908,-5.5908
audioseal,3,chinese:SSB0323,0,99,dm,1,1.0000,-10.7210,-6.1101,4.5757,0.9997,34.65,1.0000,-0.9927,-5.5908,-5.5908
audioseal,3,chinese:SSB0323,0,99,tct,1,1.0000,-10.3236,-5.5908,4.5770,0.9997,34.73,1.0000,-0.9927,-5.5908,-5.5908
audioseal,3,chinese:SSB0323,0,99,payload_farthest,1,1.0000,-10.3236,-5.5908,4.5770,0.9997,34.73,1.0000,-0.9927,-5.5908,-5.5908
audioseal,3,chinese:SSB0323,1,100,single_copy,0,1.0000,-4.3152,0.9030,4.6439,1.0000,146.14,0.5000,-0.9996,-1.1807,-1.1807
audioseal,3,chinese:SSB0323,1,100,mean,1,1.0000,-6.5643,-1.7081,4.6019,0.9998,37.28,0.5000,-0.9996,-1.1807,-1.1807
audioseal,3,chinese:SSB0323,1,100,rp,1,1.0000,-7.1101,-1.6151,4.6041,0.9998,37.30,0.5000,-0.9996,-1.1807,-1.1807
audioseal,3,chinese:SSB0323,1,100,random_dirichlet,0,1.0000,-4.4815,0.8090,4.6408,1.0000,46.24,0.5000,-0.9996,-1.1807,-1.1807
audioseal,3,chinese:SSB0323,1,100,eep,1,1.0000,-7.1101,-1.6151,4.6041,0.9998,37.30,0.5000,-0.9996,-1.1807,-1.1807
audioseal,3,chinese:SSB0323,1,100,fwp,1,1.0000,-7.1101,-1.6151,4.6041,0.9998,37.30,0.5000,-0.9996,-1.1807,-1.1807
audioseal,3,chinese:SSB0323,1,100,dm,1,1.0000,-7.2045,-2.3790,4.5993,0.9998,36.83,0.5000,-0.9996,-1.1807,-1.1807
audioseal,3,chinese:SSB0323,1,100,tct,1,1.0000,-6.4591,-1.1807,4.6050,0.9999,37.66,0.5000,-0.9996,-1.1807,-1.1807
audioseal,3,chinese:SSB0323,1,100,payload_farthest,1,1.0000,-9.6740,-4.9070,4.5742,0.9996,33.76,0.5000,-0.9996,-1.1807,-1.1807
audioseal,3,chinese:SSB0323,2,101,single_copy,0,1.0000,-4.1973,0.8541,4.6439,1.0000,146.14,nan,nan,-4.7490,-4.7491
audioseal,3,chinese:SSB0323,2,101,mean,1,1.0000,-8.3946,-3.3724,4.5863,0.9997,34.80,nan,nan,-4.7490,-4.7491
audioseal,3,chinese:SSB0323,2,101,rp,1,1.0000,-9.5495,-4.5539,4.5983,0.9998,35.80,nan,nan,-4.7490,-4.7491
audioseal,3,chinese:SSB0323,2,101,random_dirichlet,1,1.0000,-7.0345,-1.4535,4.6230,0.9999,39.74,nan,nan,-4.7490,-4.7491
audioseal,3,chinese:SSB0323,2,101,eep,1,1.0000,-9.5495,-4.5539,4.5983,0.9998,35.80,nan,nan,-4.7490,-4.7491
audioseal,3,chinese:SSB0323,2,101,fwp,1,1.0000,-9.5495,-4.5539,4.5983,0.9998,35.80,nan,nan,-4.7490,-4.7491
audioseal,3,chinese:SSB0323,2,101,dm,1,1.0000,-10.0058,-4.9099,4.5916,0.9997,35.33,nan,nan,-4.7490,-4.7491
audioseal,3,chinese:SSB0323,2,101,tct,1,1.0000,-9.5901,-4.7490,4.5971,0.9998,35.73,nan,nan,-4.7490,-4.7491
audioseal,3,chinese:SSB0323,2,101,payload_farthest,1,1.0000,-9.1824,-3.3734,4.6053,0.9998,36.94,nan,nan,-4.7490,-4.7491
audioseal,3,chinese:SSB0338,0,102,single_copy,0,1.0000,-3.9445,1.0478,4.6439,1.0000,138.28,0.5000,-0.9613,-1.8627,-1.8627
audioseal,3,chinese:SSB0338,0,102,mean,1,1.0000,-7.3273,-1.8295,4.5315,0.9997,27.21,0.5000,-0.9613,-1.8627,-1.8627
audioseal,3,chinese:SSB0338,0,102,rp,1,0.9999,-6.3480,-0.1502,4.5653,0.9998,29.48,0.5000,-0.9613,-1.8627,-1.8627
audioseal,3,chinese:SSB0338,0,102,random_dirichlet,1,1.0000,-7.7271,-1.9773,4.5340,0.9997,27.46,0.5000,-0.9613,-1.8627,-1.8627
audioseal,3,chinese:SSB0338,0,102,eep,1,0.9997,-7.5298,-1.8843,4.5432,0.9998,29.15,0.5000,-0.9613,-1.8627,-1.8627
audioseal,3,chinese:SSB0338,0,102,fwp,1,0.9997,-7.5298,-1.8843,4.5432,0.9998,29.15,0.5000,-0.9613,-1.8627,-1.8627
audioseal,3,chinese:SSB0338,0,102,dm,1,0.9982,-7.7722,-2.0688,4.5521,0.9998,28.90,0.5000,-0.9613,-1.8627,-1.8627
audioseal,3,chinese:SSB0338,0,102,tct,1,0.9999,-7.2740,-1.8627,4.5446,0.9998,28.27,0.5000,-0.9613,-1.8627,-1.8627
audioseal,3,chinese:SSB0338,0,102,payload_farthest,1,0.9997,-7.5298,-1.8843,4.5432,0.9998,29.15,0.5000,-0.9613,-1.8627,-1.8627
audioseal,3,chinese:SSB0338,1,103,single_copy,0,1.0000,-4.0541,0.9819,4.6439,1.0000,138.28,-1.0000,-0.9981,-2.4421,-2.4421
audioseal,3,chinese:SSB0338,1,103,mean,1,1.0000,-7.9630,-2.7877,4.5647,0.9998,31.10,-1.0000,-0.9981,-2.4421,-2.4421
audioseal,3,chinese:SSB0338,1,103,rp,1,1.0000,-7.2496,-1.7573,4.5731,0.9999,31.26,-1.0000,-0.9981,-2.4421,-2.4421
audioseal,3,chinese:SSB0338,1,103,random_dirichlet,1,1.0000,-6.7712,-1.6821,4.5238,0.9996,28.16,-1.0000,-0.9981,-2.4421,-2.4421
audioseal,3,chinese:SSB0338,1,103,eep,1,1.0000,-8.1997,-2.4421,4.5870,0.9998,32.05,-1.0000,-0.9981,-2.4421,-2.4421
audioseal,3,chinese:SSB0338,1,103,fwp,1,1.0000,-5.8386,-0.6787,4.5105,0.9996,27.58,-1.0000,-0.9981,-2.4421,-2.4421
audioseal,3,chinese:SSB0338,1,103,dm,1,1.0000,-7.8802,-2.9279,4.5483,0.9997,29.68,-1.0000,-0.9981,-2.4421,-2.4421
audioseal,3,chinese:SSB0338,1,103,tct,1,1.0000,-8.1997,-2.4421,4.5870,0.9998,32.05,-1.0000,-0.9981,-2.4421,-2.4421
audioseal,3,chinese:SSB0338,1,103,payload_farthest,1,1.0000,-8.1997,-2.4421,4.5870,0.9998,32.05,-1.0000,-0.9981,-2.4421,-2.4421
audioseal,3,chinese:SSB0338,2,104,single_copy,0,1.0000,-4.1201,0.8701,4.6439,1.0000,138.28,0.5000,-0.9991,-2.2956,-2.2956
audioseal,3,chinese:SSB0338,2,104,mean,1,1.0000,-6.5983,-2.2400,4.5476,0.9998,31.51,0.5000,-0.9991,-2.2956,-2.2956
audioseal,3,chinese:SSB0338,2,104,rp,1,1.0000,-6.0840,-0.7522,4.5101,0.9995,27.98,0.5000,-0.9991,-2.2956,-2.2956
audioseal,3,chinese:SSB0338,2,104,random_dirichlet,1,1.0000,-6.1103,-1.2647,4.5258,0.9997,29.64,0.5000,-0.9991,-2.2956,-2.2956
audioseal,3,chinese:SSB0338,2,104,eep,1,1.0000,-7.5321,-1.6736,4.5898,0.9998,32.99,0.5000,-0.9991,-2.2956,-2.2956
audioseal,3,chinese:SSB0338,2,104,fwp,1,1.0000,-7.5321,-1.6736,4.5898,0.9998,32.99,0.5000,-0.9991,-2.2956,-2.2956
audioseal,3,chinese:SSB0338,2,104,dm,1,1.0000,-6.9658,-2.3681,4.5584,0.9998,32.35,0.5000,-0.9991,-2.2956,-2.2956
audioseal,3,chinese:SSB0338,2,104,tct,1,0.9999,-8.1798,-2.2956,4.5691,0.9999,33.83,0.5000,-0.9991,-2.2956,-2.2956
audioseal,3,chinese:SSB0338,2,104,payload_farthest,1,0.9999,-8.6231,-2.7236,4.5579,0.9998,33.39,0.5000,-0.9991,-2.2956,-2.2956
audioseal,3,chinese:SSB0339,0,105,single_copy,0,1.0000,-4.2706,0.9672,4.6439,1.0000,136.47,0.5000,0.1179,-5.8595,-5.8597
audioseal,3,chinese:SSB0339,0,105,mean,1,1.0000,-11.0528,-6.3835,4.5592,0.9994,32.96,0.5000,0.1179,-5.8595,-5.8597
audioseal,3,chinese:SSB0339,0,105,rp,1,1.0000,-7.3542,-1.7172,4.5938,0.9996,35.28,0.5000,0.1179,-5.8595,-5.8597
audioseal,3,chinese:SSB0339,0,105,random_dirichlet,1,1.0000,-6.1469,-0.7722,4.5243,0.9989,30.72,0.5000,0.1179,-5.8595,-5.8597
audioseal,3,chinese:SSB0339,0,105,eep,1,1.0000,-7.3542,-1.7172,4.5938,0.9996,35.28,0.5000,0.1179,-5.8595,-5.8597
audioseal,3,chinese:SSB0339,0,105,fwp,1,1.0000,-8.6428,-3.4316,4.4943,0.9987,29.44,0.5000,0.1179,-5.8595,-5.8597
audioseal,3,chinese:SSB0339,0,105,dm,1,1.0000,-10.0382,-5.5188,4.5336,0.9992,31.77,0.5000,0.1179,-5.8595,-5.8597
audioseal,3,chinese:SSB0339,0,105,tct,1,1.0000,-10.3270,-5.8595,4.5221,0.9991,31.10,0.5000,0.1179,-5.8595,-5.8597
audioseal,3,chinese:SSB0339,0,105,payload_farthest,1,1.0000,-8.7233,-3.7411,4.5438,0.9993,32.46,0.5000,0.1179,-5.8595,-5.8597
audioseal,3,chinese:SSB0339,1,106,single_copy,0,1.0000,-4.1773,0.8865,4.6439,1.0000,136.47,0.8660,-0.9701,-3.0044,-3.0044
audioseal,3,chinese:SSB0339,1,106,mean,1,1.0000,-6.8024,-1.9166,4.5387,0.9994,33.10,0.8660,-0.9701,-3.0044,-3.0044
audioseal,3,chinese:SSB0339,1,106,rp,1,1.0000,-5.4209,-0.8715,4.5083,0.9987,29.58,0.8660,-0.9701,-3.0044,-3.0044
audioseal,3,chinese:SSB0339,1,106,random_dirichlet,0,1.0000,-4.8080,0.3328,4.5353,0.9994,33.29,0.8660,-0.9701,-3.0044,-3.0044
audioseal,3,chinese:SSB0339,1,106,eep,1,1.0000,-5.4209,-0.8715,4.5083,0.9987,29.58,0.8660,-0.9701,-3.0044,-3.0044
audioseal,3,chinese:SSB0339,1,106,fwp,1,1.0000,-8.4753,-3.1140,4.5734,0.9995,34.39,0.8660,-0.9701,-3.0044,-3.0044
audioseal,3,chinese:SSB0339,1,106,dm,1,1.0000,-7.7260,-3.0519,4.5517,0.9994,33.57,0.8660,-0.9701,-3.0044,-3.0044
audioseal,3,chinese:SSB0339,1,106,tct,1,1.0000,-7.6746,-3.0044,4.5507,0.9994,33.53,0.8660,-0.9701,-3.0044,-3.0044
audioseal,3,chinese:SSB0339,1,106,payload_farthest,1,1.0000,-8.4753,-3.1140,4.5734,0.9995,34.39,0.8660,-0.9701,-3.0044,-3.0044
audioseal,3,chinese:SSB0339,2,107,single_copy,0,1.0000,-4.0629,0.9137,4.6439,1.0000,136.47,-0.5000,-0.9494,-2.3179,-2.3179
audioseal,3,chinese:SSB0339,2,107,mean,1,1.0000,-8.0909,-2.6195,4.5487,0.9993,31.89,-0.5000,-0.9494,-2.3179,-2.3179
audioseal,3,chinese:SSB0339,2,107,rp,1,1.0000,-8.9616,-2.9787,4.5521,0.9995,33.41,-0.5000,-0.9494,-2.3179,-2.3179
audioseal,3,chinese:SSB0339,2,107,random_dirichlet,0,1.0000,-5.8589,0.0477,4.5125,0.9987,28.95,-0.5000,-0.9494,-2.3179,-2.3179
audioseal,3,chinese:SSB0339,2,107,eep,1,1.0000,-8.9616,-2.9787,4.5521,0.9995,33.41,-0.5000,-0.9494,-2.3179,-2.3179
audioseal,3,chinese:SSB0339,2,107,fwp,0,1.0000,-5.5611,0.0285,4.5653,0.9994,32.72,-0.5000,-0.9494,-2.3179,-2.3179
audioseal,3,chinese:SSB0339,2,107,dm,1,1.0000,-7.6786,-2.3365,4.5466,0.9993,31.66,-0.5000,-0.9494,-2.3179,-2.3179
audioseal,3,chinese:SSB0339,2,107,tct,1,1.0000,-8.3448,-2.3179,4.5326,0.9992,31.23,-0.5000,-0.9494,-2.3179,-2.3179
audioseal,3,chinese:SSB0339,2,107,payload_farthest,1,1.0000,-8.8163,-2.1598,4.5067,0.9985,28.37,-0.5000,-0.9494,-2.3179,-2.3179
audioseal,3,chinese:SSB0341,0,108,single_copy,0,1.0000,-4.4216,0.8492,4.6439,1.0000,145.79,-0.5000,-0.9614,-3.1146,-3.1146
audioseal,3,chinese:SSB0341,0,108,mean,1,1.0000,-8.7318,-3.0713,4.5936,0.9996,39.60,-0.5000,-0.9614,-3.1146,-3.1146
audioseal,3,chinese:SSB0341,0,108,rp,1,1.0000,-9.2801,-3.7189,4.5677,0.9991,36.08,-0.5000,-0.9614,-3.1146,-3.1146
audioseal,3,chinese:SSB0341,0,108,random_dirichlet,1,1.0000,-8.5472,-2.8443,4.6112,0.9996,41.60,-0.5000,-0.9614,-3.1146,-3.1146
audioseal,3,chinese:SSB0341,0,108,eep,1,1.0000,-9.2801,-3.7189,4.5677,0.9991,36.08,-0.5000,-0.9614,-3.1146,-3.1146
audioseal,3,chinese:SSB0341,0,108,fwp,1,1.0000,-8.0324,-2.3369,4.6093,0.9998,40.50,-0.5000,-0.9614,-3.1146,-3.1146
audioseal,3,chinese:SSB0341,0,108,dm,1,1.0000,-8.4603,-2.8102,4.5961,0.9996,39.79,-0.5000,-0.9614,-3.1146,-3.1146
audioseal,3,chinese:SSB0341,0,108,tct,1,1.0000,-8.3537,-3.1146,4.6006,0.9997,39.85,-0.5000,-0.9614,-3.1146,-3.1146
audioseal,3,chinese:SSB0341,0,108,payload_farthest,1,1.0000,-9.2801,-3.7189,4.5677,0.9991,36.08,-0.5000,-0.9614,-3.1146,-3.1146
audioseal,3,chinese:SSB0341,1,109,single_copy,0,1.0000,-4.1606,0.8725,4.6439,1.0000,145.79,0.0000,-0.3309,-0.1638,-0.1638
audioseal,3,chinese:SSB0341,1,109,mean,1,1.0000,-5.9063,-0.2288,4.6094,0.9997,40.78,0.0000,-0.3309,-0.1638,-0.1638
audioseal,3,chinese:SSB0341,1,109,rp,1,1.0000,-7.0597,-1.4331,4.6063,0.9998,41.81,0.0000,-0.3309,-0.1638,-0.1638
audioseal,3,chinese:SSB0341,1,109,random_dirichlet,0,1.0000,-5.1314,0.1038,4.6140,0.9998,42.16,0.0000,-0.3309,-0.1638,-0.1638
audioseal,3,chinese:SSB0341,1,109,eep,1,1.0000,-5.4030,-0.0373,4.5873,0.9995,37.26,0.0000,-0.3309,-0.1638,-0.1638
audioseal,3,chinese:SSB0341,1,109,fwp,1,1.0000,-7.0597,-1.4331,4.6063,0.9998,41.81,0.0000,-0.3309,-0.1638,-0.1638
audioseal,3,chinese:SSB0341,1,109,dm,1,1.0000,-6.0214,-0.3351,4.6092,0.9997,41.02,0.0000,-0.3309,-0.1638,-0.1638
audioseal,3,chinese:SSB0341,1,109,tct,1,1.0000,-5.7111,-0.1638,4.5988,0.9997,39.47,0.0000,-0.3309,-0.1638,-0.1638
audioseal,3,chinese:SSB0341,1,109,payload_farthest,1,1.0000,-7.0597,-1.4331,4.6063,0.9998,41.81,0.0000,-0.3309,-0.1638,-0.1638
audioseal,3,chinese:SSB0341,2,110,single_copy,0,1.0000,-4.4146,0.8653,4.6439,1.0000,145.79,0.5000,-0.9617,-2.3326,-2.3326
audioseal,3,chinese:SSB0341,2,110,mean,1,1.0000,-8.7386,-2.9420,4.6111,0.9992,38.86,0.5000,-0.9617,-2.3326,-2.3326
audioseal,3,chinese:SSB0341,2,110,rp,1,1.0000,-7.1203,-1.1665,4.6138,0.9996,40.45,0.5000,-0.9617,-2.3326,-2.3326
audioseal,3,chinese:SSB0341,2,110,random_dirichlet,1,1.0000,-9.1499,-2.7176,4.6091,0.9990,38.34,0.5000,-0.9617,-2.3326,-2.3326
audioseal,3,chinese:SSB0341,2,110,eep,1,1.0000,-11.9535,-7.3053,4.6153,0.9992,39.53,0.5000,-0.9617,-2.3326,-2.3326
audioseal,3,chinese:SSB0341,2,110,fwp,1,1.0000,-11.9535,-7.3053,4.6153,0.9992,39.53,0.5000,-0.9617,-2.3326,-2.3326
audioseal,3,chinese:SSB0341,2,110,dm,1,1.0000,-9.4507,-2.5912,4.6099,0.9991,38.56,0.5000,-0.9617,-2.3326,-2.3326
audioseal,3,chinese:SSB0341,2,110,tct,1,1.0000,-7.5666,-2.3326,4.5841,0.9983,35.33,0.5000,-0.9617,-2.3326,-2.3326
audioseal,3,chinese:SSB0341,2,110,payload_farthest,1,1.0000,-11.9535,-7.3053,4.6153,0.9992,39.53,0.5000,-0.9617,-2.3326,-2.3326
audioseal,3,chinese:SSB0342,0,111,single_copy,0,1.0000,-4.1793,0.9883,4.6439,1.0000,141.18,0.5000,0.2894,-4.4565,-4.4565
audioseal,3,chinese:SSB0342,0,111,mean,1,1.0000,-9.1292,-4.7731,4.5799,0.9992,37.07,0.5000,0.2894,-4.4565,-4.4565
audioseal,3,chinese:SSB0342,0,111,rp,1,1.0000,-7.5069,-2.1616,4.5873,0.9994,38.28,0.5000,0.2894,-4.4565,-4.4565
audioseal,3,chinese:SSB0342,0,111,random_dirichlet,1,1.0000,-5.0860,-0.4292,4.5386,0.9987,34.66,0.5000,0.2894,-4.4565,-4.4565
audioseal,3,chinese:SSB0342,0,111,eep,1,1.0000,-7.1834,-1.8895,4.5980,0.9993,36.66,0.5000,0.2894,-4.4565,-4.4565
audioseal,3,chinese:SSB0342,0,111,fwp,1,1.0000,-8.3383,-2.5289,4.5285,0.9984,33.54,0.5000,0.2894,-4.4565,-4.4565
audioseal,3,chinese:SSB0342,0,111,dm,1,1.0000,-8.8927,-4.5365,4.5555,0.9989,35.21,0.5000,0.2894,-4.4565,-4.4565
audioseal,3,chinese:SSB0342,0,111,tct,1,1.0000,-9.1209,-4.4565,4.5476,0.9988,35.08,0.5000,0.2894,-4.4565,-4.4565
audioseal,3,chinese:SSB0342,0,111,payload_farthest,1,1.0000,-8.3383,-2.5289,4.5285,0.9984,33.54,0.5000,0.2894,-4.4565,-4.4565
audioseal,3,chinese:SSB0342,1,112,single_copy,0,1.0000,-4.1957,0.8972,4.6439,1.0000,141.18,1.0000,-0.9844,-0.4663,-0.4664
audioseal,3,chinese:SSB0342,1,112,mean,1,1.0000,-6.7309,-1.7004,4.5831,0.9994,36.90,1.0000,-0.9844,-0.4663,-0.4664
audioseal,3,chinese:SSB0342,1,112,rp,1,1.0000,-6.9450,-1.2209,4.5991,0.9995,38.41,1.0000,-0.9844,-0.4663,-0.4664
audioseal,3,chinese:SSB0342,1,112,random_dirichlet,1,1.0000,-5.0112,-0.0787,4.5540,0.9990,34.57,1.0000,-0.9844,-0.4663,-0.4664
audioseal,3,chinese:SSB0342,1,112,eep,1,1.0000,-7.9368,-2.0213,4.5856,0.9994,36.31,1.0000,-0.9844,-0.4663,-0.4664
audioseal,3,chinese:SSB0342,1,112,fwp,1,1.0000,-7.4959,-1.4464,4.5372,0.9988,33.38,1.0000,-0.9844,-0.4663,-0.4664
audioseal,3,chinese:SSB0342,1,112,dm,1,1.0000,-8.2814,-3.0485,4.5621,0.9991,35.07,1.0000,-0.9844,-0.4663,-0.4664
audioseal,3,chinese:SSB0342,1,112,tct,1,1.0000,-5.8414,-0.4663,4.5558,0.9990,34.72,1.0000,-0.9844,-0.4663,-0.4664
audioseal,3,chinese:SSB0342,1,112,payload_farthest,1,1.0000,-7.4959,-1.4464,4.5372,0.9988,33.38,1.0000,-0.9844,-0.4663,-0.4664
audioseal,3,chinese:SSB0342,2,113,single_copy,0,1.0000,-4.0783,0.8192,4.6439,1.0000,141.18,0.0000,-0.9181,-1.9514,-1.9514
audioseal,3,chinese:SSB0342,2,113,mean,1,1.0000,-8.9109,-3.1529,4.5708,0.9991,34.14,0.0000,-0.9181,-1.9514,-1.9514
audioseal,3,chinese:SSB0342,2,113,rp,1,1.0000,-7.5053,-1.3271,4.5850,0.9993,35.66,0.0000,-0.9181,-1.9514,-1.9514
audioseal,3,chinese:SSB0342,2,113,random_dirichlet,1,1.0000,-6.8312,-1.7856,4.5489,0.9988,32.97,0.0000,-0.9181,-1.9514,-1.9514
audioseal,3,chinese:SSB0342,2,113,eep,1,1.0000,-7.9647,-2.2368,4.5125,0.9981,30.61,0.0000,-0.9181,-1.9514,-1.9514
audioseal,3,chinese:SSB0342,2,113,fwp,1,1.0000,-7.5053,-1.3271,4.5850,0.9993,35.66,0.0000,-0.9181,-1.9514,-1.9514
audioseal,3,chinese:SSB0342,2,113,dm,1,1.0000,-8.1525,-2.6976,4.5787,0.9992,34.90,0.0000,-0.9181,-1.9514,-1.9514
audioseal,3,chinese:SSB0342,2,113,tct,1,1.0000,-7.1546,-1.9514,4.5556,0.9989,33.35,0.0000,-0.9181,-1.9514,-1.9514
audioseal,3,chinese:SSB0342,2,113,payload_farthest,1,1.0000,-7.5053,-1.3271,4.5850,0.9993,35.66,0.0000,-0.9181,-1.9514,-1.9514
audioseal,3,chinese:SSB0354,0,114,single_copy,0,0.9999,-4.2056,0.9970,4.6439,1.0000,140.31,0.8660,-0.9986,-3.8468,-3.8468
audioseal,3,chinese:SSB0354,0,114,mean,1,1.0000,-8.5234,-3.7791,4.5837,0.9990,38.89,0.8660,-0.9986,-3.8468,-3.8468
audioseal,3,chinese:SSB0354,0,114,rp,1,1.0000,-8.8814,-4.0493,4.5254,0.9978,35.37,0.8660,-0.9986,-3.8468,-3.8468
audioseal,3,chinese:SSB0354,0,114,random_dirichlet,0,1.0000,-4.3978,0.7517,4.5510,0.9983,37.05,0.8660,-0.9986,-3.8468,-3.8468
audioseal,3,chinese:SSB0354,0,114,eep,1,1.0000,-8.9932,-3.9458,4.5839,0.9990,38.30,0.8660,-0.9986,-3.8468,-3.8468
audioseal,3,chinese:SSB0354,0,114,fwp,1,1.0000,-8.9932,-3.9458,4.5839,0.9990,38.30,0.8660,-0.9986,-3.8468,-3.8468
audioseal,3,chinese:SSB0354,0,114,dm,1,1.0000,-9.1295,-4.4813,4.5699,0.9988,37.74,0.8660,-0.9986,-3.8468,-3.8468
audioseal,3,chinese:SSB0354,0,114,tct,1,1.0000,-8.6908,-3.8468,4.5916,0.9991,39.06,0.8660,-0.9986,-3.8468,-3.8468
audioseal,3,chinese:SSB0354,0,114,payload_farthest,1,1.0000,-8.9932,-3.9458,4.5839,0.9990,38.30,0.8660,-0.9986,-3.8468,-3.8468
audioseal,3,chinese:SSB0354,1,115,single_copy,0,1.0000,-4.4369,0.9437,4.6439,1.0000,140.31,1.0000,-0.6739,-0.5772,-0.5772
audioseal,3,chinese:SSB0354,1,115,mean,1,1.0000,-6.7562,-1.0395,4.5981,0.9992,39.49,1.0000,-0.6739,-0.5772,-0.5772
audioseal,3,chinese:SSB0354,1,115,rp,1,1.0000,-8.0563,-2.9688,4.6091,0.9992,39.24,1.0000,-0.6739,-0.5772,-0.5772
audioseal,3,chinese:SSB0354,1,115,random_dirichlet,1,1.0000,-6.3017,-0.7787,4.6049,0.9994,41.06,1.0000,-0.6739,-0.5772,-0.5772
audioseal,3,chinese:SSB0354,1,115,eep,1,0.9997,-5.6905,-0.3124,4.6065,0.9993,41.43,1.0000,-0.6739,-0.5772,-0.5772
audioseal,3,chinese:SSB0354,1,115,fwp,1,1.0000,-6.5951,-1.9018,4.5604,0.9982,35.96,1.0000,-0.6739,-0.5772,-0.5772
audioseal,3,chinese:SSB0354,1,115,dm,1,1.0000,-6.9429,-1.1697,4.5948,0.9990,38.63,1.0000,-0.6739,-0.5772,-0.5772
audioseal,3,chinese:SSB0354,1,115,tct,1,1.0000,-5.7547,-0.5772,4.5693,0.9985,36.72,1.0000,-0.6739,-0.5772,-0.5772
audioseal,3,chinese:SSB0354,1,115,payload_farthest,1,1.0000,-6.5951,-1.9018,4.5604,0.9982,35.96,1.0000,-0.6739,-0.5772,-0.5772
audioseal,3,chinese:SSB0354,2,116,single_copy,0,1.0000,-4.0238,0.8261,4.6439,1.0000,140.31,0.8660,-0.9768,-1.1028,-1.1028
audioseal,3,chinese:SSB0354,2,116,mean,1,1.0000,-5.3517,-0.7895,4.5928,0.9991,38.96,0.8660,-0.9768,-1.1028,-1.1028
audioseal,3,chinese:SSB0354,2,116,rp,1,1.0000,-5.5382,-0.2473,4.5563,0.9981,35.44,0.8660,-0.9768,-1.1028,-1.1028
audioseal,3,chinese:SSB0354,2,116,random_dirichlet,0,1.0000,-4.2485,0.7615,4.5639,0.9982,35.96,0.8660,-0.9768,-1.1028,-1.1028
audioseal,3,chinese:SSB0354,2,116,eep,1,1.0000,-5.5382,-0.2473,4.5563,0.9981,35.44,0.8660,-0.9768,-1.1028,-1.1028
audioseal,3,chinese:SSB0354,2,116,fwp,1,1.0000,-6.3100,-0.9427,4.6021,0.9993,39.63,0.8660,-0.9768,-1.1028,-1.1028
audioseal,3,chinese:SSB0354,2,116,dm,1,1.0000,-6.3100,-0.9427,4.6021,0.9993,39.63,0.8660,-0.9768,-1.1028,-1.1028
audioseal,3,chinese:SSB0354,2,116,tct,1,1.0000,-6.1882,-1.1028,4.6082,0.9995,41.18,0.8660,-0.9768,-1.1028,-1.1028
audioseal,3,chinese:SSB0354,2,116,payload_farthest,1,1.0000,-6.3100,-0.9427,4.6021,0.9993,39.63,0.8660,-0.9768,-1.1028,-1.1028
audioseal,3,chinese:SSB0366,0,117,single_copy,0,1.0000,-3.9667,0.9450,4.6439,1.0000,138.59,1.0000,-0.9540,-2.1472,-2.1472
audioseal,3,chinese:SSB0366,0,117,mean,1,1.0000,-7.2294,-2.4196,4.5637,0.9992,32.20,1.0000,-0.9540,-2.1472,-2.1472
audioseal,3,chinese:SSB0366,0,117,rp,1,1.0000,-7.8223,-2.1706,4.5742,0.9991,32.17,1.0000,-0.9540,-2.1472,-2.1472
audioseal,3,chinese:SSB0366,0,117,random_dirichlet,1,1.0000,-6.0741,-0.8696,4.5842,0.9993,33.02,1.0000,-0.9540,-2.1472,-2.1472
audioseal,3,chinese:SSB0366,0,117,eep,1,1.0000,-7.8223,-2.1706,4.5742,0.9991,32.17,1.0000,-0.9540,-2.1472,-2.1472
audioseal,3,chinese:SSB0366,0,117,fwp,1,1.0000,-8.5022,-2.1472,4.5152,0.9982,28.68,1.0000,-0.9540,-2.1472,-2.1472
audioseal,3,chinese:SSB0366,0,117,dm,1,1.0000,-8.4616,-3.5530,4.5530,0.9990,31.26,1.0000,-0.9540,-2.1472,-2.1472
audioseal,3,chinese:SSB0366,0,117,tct,1,1.0000,-8.5022,-2.1472,4.5152,0.9982,28.68,1.0000,-0.9540,-2.1472,-2.1472
audioseal,3,chinese:SSB0366,0,117,payload_farthest,1,1.0000,-8.5022,-2.1472,4.5152,0.9982,28.68,1.0000,-0.9540,-2.1472,-2.1472
audioseal,3,chinese:SSB0366,1,118,single_copy,0,1.0000,-4.2267,0.8857,4.6439,1.0000,138.60,1.0000,-0.9934,-1.6933,-1.6934
audioseal,3,chinese:SSB0366,1,118,mean,1,1.0000,-6.3036,-1.7010,4.5782,0.9992,33.89,1.0000,-0.9934,-1.6933,-1.6934
audioseal,3,chinese:SSB0366,1,118,rp,1,1.0000,-9.4212,-4.0652,4.5874,0.9990,33.02,1.0000,-0.9934,-1.6933,-1.6934
audioseal,3,chinese:SSB0366,1,118,random_dirichlet,0,1.0000,-4.4441,0.6777,4.5266,0.9977,29.17,1.0000,-0.9934,-1.6933,-1.6934
audioseal,3,chinese:SSB0366,1,118,eep,1,1.0000,-7.4149,-1.1431,4.5243,0.9983,30.36,1.0000,-0.9934,-1.6933,-1.6934
audioseal,3,chinese:SSB0366,1,118,fwp,1,1.0000,-9.4212,-4.0652,4.5874,0.9990,33.02,1.0000,-0.9934,-1.6933,-1.6934
audioseal,3,chinese:SSB0366,1,118,dm,1,1.0000,-8.3856,-2.7958,4.5750,0.9990,32.87,1.0000,-0.9934,-1.6933,-1.6934
audioseal,3,chinese:SSB0366,1,118,tct,1,1.0000,-6.6742,-1.6933,4.6131,0.9997,37.63,1.0000,-0.9934,-1.6933,-1.6934
audioseal,3,chinese:SSB0366,1,118,payload_farthest,1,1.0000,-9.4212,-4.0652,4.5874,0.9990,33.02,1.0000,-0.9934,-1.6933,-1.6934
audioseal,3,chinese:SSB0366,2,119,single_copy,0,1.0000,-4.2102,0.9394,4.6439,1.0000,138.60,0.8660,-0.5925,-1.0318,-1.0318
audioseal,3,chinese:SSB0366,2,119,mean,1,1.0000,-7.4398,-2.1976,4.5678,0.9990,31.92,0.8660,-0.5925,-1.0318,-1.0318
audioseal,3,chinese:SSB0366,2,119,rp,1,1.0000,-8.3062,-2.2755,4.5888,0.9992,31.31,0.8660,-0.5925,-1.0318,-1.0318
audioseal,3,chinese:SSB0366,2,119,random_dirichlet,1,1.0000,-5.9707,-0.5925,4.5645,0.9988,30.15,0.8660,-0.5925,-1.0318,-1.0318
audioseal,3,chinese:SSB0366,2,119,eep,1,0.9999,-6.7177,-1.2174,4.5056,0.9979,28.40,0.8660,-0.5925,-1.0318,-1.0318
audioseal,3,chinese:SSB0366,2,119,fwp,1,1.0000,-8.3062,-2.2755,4.5888,0.9992,31.31,0.8660,-0.5925,-1.0318,-1.0318
audioseal,3,chinese:SSB0366,2,119,dm,1,0.9999,-7.2746,-1.5358,4.5665,0.9989,30.94,0.8660,-0.5925,-1.0318,-1.0318
audioseal,3,chinese:SSB0366,2,119,tct,1,1.0000,-6.5568,-1.0318,4.5742,0.9990,30.68,0.8660,-0.5925,-1.0318,-1.0318
audioseal,3,chinese:SSB0366,2,119,payload_farthest,1,1.0000,-8.3062,-2.2755,4.5888,0.9992,31.31,0.8660,-0.5925,-1.0318,-1.0318
audioseal,3,chinese:SSB0375,0,120,single_copy,0,1.0000,-3.9331,0.8877,4.6439,1.0000,144.27,0.0000,-0.2716,-2.6303,-2.6303
audioseal,3,chinese:SSB0375,0,120,mean,1,1.0000,-7.2037,-2.8946,4.5652,0.9996,30.34,0.0000,-0.2716,-2.6303,-2.6303
audioseal,3,chinese:SSB0375,0,120,rp,1,1.0000,-5.9721,-1.6703,4.5902,0.9996,32.88,0.0000,-0.2716,-2.6303,-2.6303
audioseal,3,chinese:SSB0375,0,120,random_dirichlet,1,1.0000,-6.8786,-2.5254,4.5878,0.9997,32.43,0.0000,-0.2716,-2.6303,-2.6303
audioseal,3,chinese:SSB0375,0,120,eep,1,1.0000,-6.9306,-1.9980,4.5928,0.9997,32.25,0.0000,-0.2716,-2.6303,-2.6303
audioseal,3,chinese:SSB0375,0,120,fwp,1,1.0000,-6.9306,-1.9980,4.5928,0.9997,32.25,0.0000,-0.2716,-2.6303,-2.6303
audioseal,3,chinese:SSB0375,0,120,dm,1,1.0000,-7.5988,-3.1711,4.5897,0.9997,32.19,0.0000,-0.2716,-2.6303,-2.6303
audioseal,3,chinese:SSB0375,0,120,tct,1,1.0000,-6.7254,-2.6303,4.5401,0.9993,28.64,0.0000,-0.2716,-2.6303,-2.6303
audioseal,3,chinese:SSB0375,0,120,payload_farthest,1,1.0000,-5.9721,-1.6703,4.5902,0.9996,32.88,0.0000,-0.2716,-2.6303,-2.6303
audioseal,3,chinese:SSB0375,1,121,single_copy,0,1.0000,-4.2813,0.8045,4.6439,1.0000,144.27,-0.8660,-0.9561,-0.6885,-0.6885
audioseal,3,chinese:SSB0375,1,121,mean,1,1.0000,-8.2534,-3.6293,4.5932,0.9995,34.73,-0.8660,-0.9561,-0.6885,-0.6885
audioseal,3,chinese:SSB0375,1,121,rp,1,1.0000,-8.5207,-3.0591,4.6006,0.9996,35.49,-0.8660,-0.9561,-0.6885,-0.6885
audioseal,3,chinese:SSB0375,1,121,random_dirichlet,0,1.0000,-4.3827,0.7152,4.5447,0.9990,31.00,-0.8660,-0.9561,-0.6885,-0.6885
audioseal,3,chinese:SSB0375,1,121,eep,1,1.0000,-6.6906,-1.3544,4.6007,0.9996,34.33,-0.8660,-0.9561,-0.6885,-0.6885
audioseal,3,chinese:SSB0375,1,121,fwp,1,1.0000,-7.9965,-3.0605,4.5416,0.9989,31.21,-0.8660,-0.9561,-0.6885,-0.6885
audioseal,3,chinese:SSB0375,1,121,dm,1,1.0000,-7.1452,-1.9883,4.5625,0.9992,32.51,-0.8660,-0.9561,-0.6885,-0.6885
audioseal,3,chinese:SSB0375,1,121,tct,1,1.0000,-5.5470,-0.6885,4.5714,0.9993,32.88,-0.8660,-0.9561,-0.6885,-0.6885
audioseal,3,chinese:SSB0375,1,121,payload_farthest,1,1.0000,-8.5207,-3.0591,4.6006,0.9996,35.49,-0.8660,-0.9561,-0.6885,-0.6885
audioseal,3,chinese:SSB0375,2,122,single_copy,0,1.0000,-4.0712,0.9761,4.6439,1.0000,144.27,0.8660,-0.5201,-0.4653,-0.4653
audioseal,3,chinese:SSB0375,2,122,mean,1,1.0000,-7.5676,-1.4094,4.5856,0.9995,33.97,0.8660,-0.5201,-0.4653,-0.4653
audioseal,3,chinese:SSB0375,2,122,rp,1,1.0000,-6.9921,-2.2723,4.5920,0.9996,34.95,0.8660,-0.5201,-0.4653,-0.4653
audioseal,3,chinese:SSB0375,2,122,random_dirichlet,0,1.0000,-4.9336,0.1254,4.6304,0.9999,40.40,0.8660,-0.5201,-0.4653,-0.4653
audioseal,3,chinese:SSB0375,2,122,eep,1,1.0000,-7.1919,-1.6201,4.6115,0.9997,36.71,0.8660,-0.5201,-0.4653,-0.4653
audioseal,3,chinese:SSB0375,2,122,fwp,1,1.0000,-6.9921,-2.2723,4.5920,0.9996,34.95,0.8660,-0.5201,-0.4653,-0.4653
audioseal,3,chinese:SSB0375,2,122,dm,1,1.0000,-7.3776,-2.1918,4.5916,0.9996,34.84,0.8660,-0.5201,-0.4653,-0.4653
audioseal,3,chinese:SSB0375,2,122,tct,1,1.0000,-5.5868,-0.4653,4.5641,0.9991,31.59,0.8660,-0.5201,-0.4653,-0.4653
audioseal,3,chinese:SSB0375,2,122,payload_farthest,1,1.0000,-6.9921,-2.2723,4.5920,0.9996,34.95,0.8660,-0.5201,-0.4653,-0.4653
audioseal,3,chinese:SSB0379,0,123,single_copy,0,1.0000,-4.3440,0.9601,4.6439,1.0000,139.77,0.8660,-0.6892,-1.7773,-1.7773
audioseal,3,chinese:SSB0379,0,123,mean,1,1.0000,-6.8569,-1.9258,4.5740,0.9995,31.25,0.8660,-0.6892,-1.7773,-1.7773
audioseal,3,chinese:SSB0379,0,123,rp,1,1.0000,-7.9585,-2.6380,4.6012,0.9997,33.89,0.8660,-0.6892,-1.7773,-1.7773
audioseal,3,chinese:SSB0379,0,123,random_dirichlet,0,1.0000,-4.4923,0.8072,4.6346,0.9999,40.19,0.8660,-0.6892,-1.7773,-1.7773
audioseal,3,chinese:SSB0379,0,123,eep,1,1.0000,-8.7277,-3.6765,4.5893,0.9996,32.29,0.8660,-0.6892,-1.7773,-1.7773
audioseal,3,chinese:SSB0379,0,123,fwp,1,1.0000,-8.7277,-3.6765,4.5893,0.9996,32.29,0.8660,-0.6892,-1.7773,-1.7773
audioseal,3,chinese:SSB0379,0,123,dm,1,1.0000,-9.5133,-4.3953,4.5852,0.9996,32.15,0.8660,-0.6892,-1.7773,-1.7773
audioseal,3,chinese:SSB0379,0,123,tct,1,1.0000,-6.5981,-1.7773,4.5681,0.9994,30.65,0.8660,-0.6892,-1.7773,-1.7773
audioseal,3,chinese:SSB0379,0,123,payload_farthest,1,1.0000,-7.9585,-2.6380,4.6012,0.9997,33.89,0.8660,-0.6892,-1.7773,-1.7773
audioseal,3,chinese:SSB0379,1,124,single_copy,0,1.0000,-4.1067,0.9481,4.6439,1.0000,139.78,1.0000,-0.9393,-3.6656,-3.6655
audioseal,3,chinese:SSB0379,1,124,mean,1,1.0000,-8.4087,-3.8526,4.5963,0.9997,32.77,1.0000,-0.9393,-3.6656,-3.6655
audioseal,3,chinese:SSB0379,1,124,rp,1,1.0000,-6.3380,-0.8878,4.5540,0.9993,29.25,1.0000,-0.9393,-3.6656,-3.6655
audioseal,3,chinese:SSB0379,1,124,random_dirichlet,0,1.0000,-4.1806,0.9123,4.6404,1.0000,43.84,1.0000,-0.9393,-3.6656,-3.6655
audioseal,3,chinese:SSB0379,1,124,eep,1,1.0000,-7.5595,-1.9983,4.6153,0.9998,34.93,1.0000,-0.9393,-3.6656,-3.6655
audioseal,3,chinese:SSB0379,1,124,fwp,1,1.0000,-8.4265,-2.8714,4.6012,0.9997,34.04,1.0000,-0.9393,-3.6656,-3.6655
audioseal,3,chinese:SSB0379,1,124,dm,1,1.0000,-8.5803,-3.5472,4.6037,0.9997,33.78,1.0000,-0.9393,-3.6656,-3.6655
audioseal,3,chinese:SSB0379,1,124,tct,1,1.0000,-8.0320,-3.6656,4.5881,0.9996,31.87,1.0000,-0.9393,-3.6656,-3.6655
audioseal,3,chinese:SSB0379,1,124,payload_farthest,1,1.0000,-8.4265,-2.8714,4.6012,0.9997,34.04,1.0000,-0.9393,-3.6656,-3.6655
audioseal,3,chinese:SSB0379,2,125,single_copy,0,1.0000,-4.2082,0.8966,4.6439,1.0000,139.78,1.0000,-0.9620,-3.8039,-3.8039
audioseal,3,chinese:SSB0379,2,125,mean,1,1.0000,-5.9441,-1.0503,4.5564,0.9996,31.34,1.0000,-0.9620,-3.8039,-3.8039
audioseal,3,chinese:SSB0379,2,125,rp,1,1.0000,-7.3019,-1.6359,4.5862,0.9998,33.99,1.0000,-0.9620,-3.8039,-3.8039
audioseal,3,chinese:SSB0379,2,125,random_dirichlet,1,1.0000,-6.8207,-1.3760,4.5428,0.9995,30.49,1.0000,-0.9620,-3.8039,-3.8039
audioseal,3,chinese:SSB0379,2,125,eep,1,1.0000,-7.3019,-1.6359,4.5862,0.9998,33.99,1.0000,-0.9620,-3.8039,-3.8039
audioseal,3,chinese:SSB0379,2,125,fwp,1,1.0000,-9.2543,-3.8039,4.5554,0.9996,32.38,1.0000,-0.9620,-3.8039,-3.8039
audioseal,3,chinese:SSB0379,2,125,dm,1,1.0000,-9.2416,-3.9904,4.5598,0.9996,32.24,1.0000,-0.9620,-3.8039,-3.8039
audioseal,3,chinese:SSB0379,2,125,tct,1,1.0000,-9.2543,-3.8039,4.5554,0.9996,32.38,1.0000,-0.9620,-3.8039,-3.8039
audioseal,3,chinese:SSB0379,2,125,payload_farthest,1,1.0000,-9.2543,-3.8039,4.5554,0.9996,32.38,1.0000,-0.9620,-3.8039,-3.8039
audioseal,3,chinese:SSB0380,0,126,single_copy,0,1.0000,-4.0950,0.8618,4.6439,1.0000,136.62,1.0000,-0.8057,-2.1506,-2.1506
audioseal,3,chinese:SSB0380,0,126,mean,1,1.0000,-8.7184,-2.7743,4.5550,0.9992,27.88,1.0000,-0.8057,-2.1506,-2.1506
audioseal,3,chinese:SSB0380,0,126,rp,1,1.0000,-6.2050,-0.6478,4.4831,0.9982,24.35,1.0000,-0.8057,-2.1506,-2.1506
audioseal,3,chinese:SSB0380,0,126,random_dirichlet,1,1.0000,-5.5403,-0.4512,4.4877,0.9983,24.63,1.0000,-0.8057,-2.1506,-2.1506
audioseal,3,chinese:SSB0380,0,126,eep,1,1.0000,-6.2050,-0.6478,4.4831,0.9982,24.35,1.0000,-0.8057,-2.1506,-2.1506
audioseal,3,chinese:SSB0380,0,126,fwp,1,1.0000,-8.6797,-3.7510,4.5621,0.9992,29.06,1.0000,-0.8057,-2.1506,-2.1506
audioseal,3,chinese:SSB0380,0,126,dm,1,1.0000,-9.8298,-5.2839,4.5649,0.9993,28.81,1.0000,-0.8057,-2.1506,-2.1506
audioseal,3,chinese:SSB0380,0,126,tct,1,1.0000,-7.2451,-2.1506,4.5370,0.9988,26.80,1.0000,-0.8057,-2.1506,-2.1506
audioseal,3,chinese:SSB0380,0,126,payload_farthest,1,1.0000,-8.6797,-3.7510,4.5621,0.9992,29.06,1.0000,-0.8057,-2.1506,-2.1506
audioseal,3,chinese:SSB0380,1,127,single_copy,0,1.0000,-3.8279,1.0651,4.6439,1.0000,136.62,1.0000,-0.9163,-1.0660,-1.0660
audioseal,3,chinese:SSB0380,1,127,mean,1,1.0000,-5.7570,-0.5240,4.5917,0.9995,31.12,1.0000,-0.9163,-1.0660,-1.0660
audioseal,3,chinese:SSB0380,1,127,rp,1,1.0000,-5.3396,-1.0660,4.5769,0.9994,30.46,1.0000,-0.9163,-1.0660,-1.0660
audioseal,3,chinese:SSB0380,1,127,random_dirichlet,0,1.0000,-4.1850,0.8490,4.5971,0.9996,31.21,1.0000,-0.9163,-1.0660,-1.0660
audioseal,3,chinese:SSB0380,1,127,eep,0,1.0000,-5.0431,0.2202,4.6177,0.9998,34.53,1.0000,-0.9163,-1.0660,-1.0660
audioseal,3,chinese:SSB0380,1,127,fwp,1,1.0000,-5.3396,-1.0660,4.5769,0.9994,30.46,1.0000,-0.9163,-1.0660,-1.0660
audioseal,3,chinese:SSB0380,1,127,dm,1,0.9999,-7.0610,-2.3490,4.5768,0.9994,30.26,1.0000,-0.9163,-1.0660,-1.0660
audioseal,3,chinese:SSB0380,1,127,tct,1,1.0000,-5.3396,-1.0660,4.5769,0.9994,30.46,1.0000,-0.9163,-1.0660,-1.0660
audioseal,3,chinese:SSB0380,1,127,payload_farthest,1,1.0000,-5.3396,-1.0660,4.5769,0.9994,30.46,1.0000,-0.9163,-1.0660,-1.0660
audioseal,3,chinese:SSB0380,2,128,single_copy,0,1.0000,-4.4522,0.9543,4.6439,1.0000,136.62,1.0000,-0.8587,-2.7689,-2.7689
audioseal,3,chinese:SSB0380,2,128,mean,1,1.0000,-6.9595,-1.7012,4.5513,0.9992,28.38,1.0000,-0.8587,-2.7689,-2.7689
audioseal,3,chinese:SSB0380,2,128,rp,1,1.0000,-7.5606,-2.9470,4.4772,0.9983,24.85,1.0000,-0.8587,-2.7689,-2.7689
audioseal,3,chinese:SSB0380,2,128,random_dirichlet,1,1.0000,-5.9509,-1.1984,4.5128,0.9986,25.62,1.0000,-0.8587,-2.7689,-2.7689
audioseal,3,chinese:SSB0380,2,128,eep,1,1.0000,-7.5606,-2.9470,4.4772,0.9983,24.85,1.0000,-0.8587,-2.7689,-2.7689
audioseal,3,chinese:SSB0380,2,128,fwp,1,1.0000,-8.3521,-2.7689,4.5668,0.9992,28.03,1.0000,-0.8587,-2.7689,-2.7689
audioseal,3,chinese:SSB0380,2,128,dm,1,1.0000,-8.6364,-2.4555,4.5565,0.9992,27.88,1.0000,-0.8587,-2.7689,-2.7689
audioseal,3,chinese:SSB0380,2,128,tct,1,1.0000,-8.3521,-2.7689,4.5668,0.9992,28.03,1.0000,-0.8587,-2.7689,-2.7689
audioseal,3,chinese:SSB0380,2,128,payload_farthest,1,1.0000,-8.3521,-2.7689,4.5668,0.9992,28.03,1.0000,-0.8587,-2.7689,-2.7689
audioseal,3,chinese:SSB0382,0,129,single_copy,0,1.0000,-4.2022,0.7860,4.6439,1.0000,140.62,1.0000,-0.9376,-3.1104,-3.1104
audioseal,3,chinese:SSB0382,0,129,mean,1,1.0000,-7.6646,-2.6838,4.5751,0.9994,30.45,1.0000,-0.9376,-3.1104,-3.1104
audioseal,3,chinese:SSB0382,0,129,rp,1,1.0000,-9.2360,-4.3526,4.5869,0.9995,31.43,1.0000,-0.9376,-3.1104,-3.1104
audioseal,3,chinese:SSB0382,0,129,random_dirichlet,1,1.0000,-5.8335,-1.0571,4.5211,0.9989,27.60,1.0000,-0.9376,-3.1104,-3.1104
audioseal,3,chinese:SSB0382,0,129,eep,1,1.0000,-9.2360,-4.3526,4.5869,0.9995,31.43,1.0000,-0.9376,-3.1104,-3.1104
audioseal,3,chinese:SSB0382,0,129,fwp,1,1.0000,-9.2360,-4.3526,4.5869,0.9995,31.43,1.0000,-0.9376,-3.1104,-3.1104
audioseal,3,chinese:SSB0382,0,129,dm,1,1.0000,-8.8601,-4.0215,4.5851,0.9995,31.29,1.0000,-0.9376,-3.1104,-3.1104
audioseal,3,chinese:SSB0382,0,129,tct,1,1.0000,-8.0006,-3.1104,4.5987,0.9996,32.72,1.0000,-0.9376,-3.1104,-3.1104
audioseal,3,chinese:SSB0382,0,129,payload_farthest,1,1.0000,-9.2360,-4.3526,4.5869,0.9995,31.43,1.0000,-0.9376,-3.1104,-3.1104
audioseal,3,chinese:SSB0382,1,130,single_copy,0,1.0000,-4.1404,0.8146,4.6439,1.0000,140.63,1.0000,-0.9942,-2.0779,-2.0779
audioseal,3,chinese:SSB0382,1,130,mean,1,1.0000,-7.0731,-1.6699,4.5441,0.9995,31.33,1.0000,-0.9942,-2.0779,-2.0779
audioseal,3,chinese:SSB0382,1,130,rp,1,0.9999,-5.3456,-0.0125,4.4717,0.9990,27.80,1.0000,-0.9942,-2.0779,-2.0779
audioseal,3,chinese:SSB0382,1,130,random_dirichlet,1,1.0000,-8.9783,-3.2616,4.5477,0.9996,32.05,1.0000,-0.9942,-2.0779,-2.0779
audioseal,3,chinese:SSB0382,1,130,eep,1,1.0000,-9.4393,-3.9939,4.5541,0.9996,32.42,1.0000,-0.9942,-2.0779,-2.0779
audioseal,3,chinese:SSB0382,1,130,fwp,1,1.0000,-9.4393,-3.9939,4.5541,0.9996,32.42,1.0000,-0.9942,-2.0779,-2.0779
audioseal,3,chinese:SSB0382,1,130,dm,1,1.0000,-9.3017,-3.6611,4.5543,0.9996,32.16,1.0000,-0.9942,-2.0779,-2.0779
audioseal,3,chinese:SSB0382,1,130,tct,1,1.0000,-7.0994,-2.0779,4.5766,0.9996,32.62,1.0000,-0.9942,-2.0779,-2.0779
audioseal,3,chinese:SSB0382,1,130,payload_farthest,1,1.0000,-9.4393,-3.9939,4.5541,0.9996,32.42,1.0000,-0.9942,-2.0779,-2.0779
audioseal,3,chinese:SSB0382,2,131,single_copy,0,1.0000,-4.0706,0.8554,4.6439,1.0000,140.62,1.0000,-0.9938,-1.9244,-1.9244
audioseal,3,chinese:SSB0382,2,131,mean,1,1.0000,-6.1616,-0.9081,4.6031,0.9997,34.28,1.0000,-0.9938,-1.9244,-1.9244
audioseal,3,chinese:SSB0382,2,131,rp,0,1.0000,-4.7590,0.3273,4.6247,0.9998,37.14,1.0000,-0.9938,-1.9244,-1.9244
audioseal,3,chinese:SSB0382,2,131,random_dirichlet,0,1.0000,-4.4437,0.8760,4.6152,0.9997,35.05,1.0000,-0.9938,-1.9244,-1.9244
audioseal,3,chinese:SSB0382,2,131,eep,1,1.0000,-7.5700,-1.6174,4.5986,0.9997,34.07,1.0000,-0.9938,-1.9244,-1.9244
audioseal,3,chinese:SSB0382,2,131,fwp,1,1.0000,-7.5700,-1.6174,4.5986,0.9997,34.07,1.0000,-0.9938,-1.9244,-1.9244
audioseal,3,chinese:SSB0382,2,131,dm,1,1.0000,-7.5165,-2.1116,4.5972,0.9997,33.76,1.0000,-0.9938,-1.9244,-1.9244
audioseal,3,chinese:SSB0382,2,131,tct,1,1.0000,-7.5432,-1.9244,4.5836,0.9996,32.12,1.0000,-0.9938,-1.9244,-1.9244
audioseal,3,chinese:SSB0382,2,131,payload_farthest,1,1.0000,-7.5700,-1.6174,4.5986,0.9997,34.07,1.0000,-0.9938,-1.9244,-1.9244
audioseal,3,chinese:SSB0385,0,132,single_copy,0,1.0000,-4.3007,0.9363,4.6439,1.0000,145.69,0.5000,-0.9976,-0.9495,-0.9494
audioseal,3,chinese:SSB0385,0,132,mean,1,1.0000,-6.8005,-1.1504,4.6013,0.9998,36.67,0.5000,-0.9976,-0.9495,-0.9494
audioseal,3,chinese:SSB0385,0,132,rp,1,1.0000,-5.9707,-0.7584,4.6277,0.9999,38.49,0.5000,-0.9976,-0.9495,-0.9494
audioseal,3,chinese:SSB0385,0,132,random_dirichlet,0,1.0000,-4.3156,0.9642,4.6423,1.0000,47.72,0.5000,-0.9976,-0.9495,-0.9494
audioseal,3,chinese:SSB0385,0,132,eep,1,1.0000,-8.5419,-2.3567,4.5765,0.9996,33.14,0.5000,-0.9976,-0.9495,-0.9494
audioseal,3,chinese:SSB0385,0,132,fwp,1,1.0000,-8.5419,-2.3567,4.5765,0.9996,33.14,0.5000,-0.9976,-0.9495,-0.9494
audioseal,3,chinese:SSB0385,0,132,dm,1,1.0000,-9.2736,-3.3694,4.5834,0.9997,34.36,0.5000,-0.9976,-0.9495,-0.9494
audioseal,3,chinese:SSB0385,0,132,tct,1,1.0000,-6.0302,-0.9495,4.6264,0.9999,38.84,0.5000,-0.9976,-0.9495,-0.9494
audioseal,3,chinese:SSB0385,0,132,payload_farthest,1,1.0000,-9.0434,-2.3869,4.5884,0.9998,35.55,0.5000,-0.9976,-0.9495,-0.9494
audioseal,3,chinese:SSB0385,1,133,single_copy,0,1.0000,-4.2650,0.9184,4.6439,1.0000,145.68,0.8660,-0.9706,-2.1105,-2.1105
audioseal,3,chinese:SSB0385,1,133,mean,1,1.0000,-7.0048,-1.6106,4.5775,0.9996,32.59,0.8660,-0.9706,-2.1105,-2.1105
audioseal,3,chinese:SSB0385,1,133,rp,1,1.0000,-6.8017,-2.1148,4.5300,0.9991,29.07,0.8660,-0.9706,-2.1105,-2.1105
audioseal,3,chinese:SSB0385,1,133,random_dirichlet,0,1.0000,-4.8713,0.4399,4.5411,0.9993,29.67,0.8660,-0.9706,-2.1105,-2.1105
audioseal,3,chinese:SSB0385,1,133,eep,1,1.0000,-8.2293,-1.9489,4.5934,0.9998,34.51,0.8660,-0.9706,-2.1105,-2.1105
audioseal,3,chinese:SSB0385,1,133,fwp,1,1.0000,-8.2293,-1.9489,4.5934,0.9998,34.51,0.8660,-0.9706,-2.1105,-2.1105
audioseal,3,chinese:SSB0385,1,133,dm,1,1.0000,-8.4958,-2.2412,4.5922,0.9997,34.09,0.8660,-0.9706,-2.1105,-2.1105
audioseal,3,chinese:SSB0385,1,133,tct,1,1.0000,-7.5945,-2.1105,4.5875,0.9997,34.11,0.8660,-0.9706,-2.1105,-2.1105
audioseal,3,chinese:SSB0385,1,133,payload_farthest,1,1.0000,-8.2293,-1.9489,4.5934,0.9998,34.51,0.8660,-0.9706,-2.1105,-2.1105
audioseal,3,chinese:SSB0385,2,134,single_copy,0,1.0000,-4.1223,1.0149,4.6439,1.0000,145.69,nan,nan,-3.3328,-3.3328
audioseal,3,chinese:SSB0385,2,134,mean,1,1.0000,-8.5763,-3.3328,4.5936,0.9998,35.66,nan,nan,-3.3328,-3.3328
audioseal,3,chinese:SSB0385,2,134,rp,1,1.0000,-7.7122,-2.4140,4.6010,0.9998,35.48,nan,nan,-3.3328,-3.3328
audioseal,3,chinese:SSB0385,2,134,random_dirichlet,0,1.0000,-4.7384,0.6984,4.5804,0.9997,33.72,nan,nan,-3.3328,-3.3328
audioseal,3,chinese:SSB0385,2,134,eep,1,1.0000,-7.9319,-2.0506,4.5706,0.9996,32.14,nan,nan,-3.3328,-3.3328
audioseal,3,chinese:SSB0385,2,134,fwp,1,1.0000,-7.7122,-2.4140,4.6010,0.9998,35.48,nan,nan,-3.3328,-3.3328
audioseal,3,chinese:SSB0385,2,134,dm,1,1.0000,-9.0632,-4.0364,4.5912,0.9998,35.17,nan,nan,-3.3328,-3.3328
audioseal,3,chinese:SSB0385,2,134,tct,1,1.0000,-8.5763,-3.3328,4.5936,0.9998,35.66,nan,nan,-3.3328,-3.3328
audioseal,3,chinese:SSB0385,2,134,payload_farthest,1,1.0000,-7.5450,-1.7351,4.6151,0.9999,38.49,nan,nan,-3.3328,-3.3328
audioseal,3,chinese:SSB0393,0,135,single_copy,0,1.0000,-4.1614,0.9167,4.6439,1.0000,143.45,-1.0000,-0.9567,-2.9937,-2.9937
audioseal,3,chinese:SSB0393,0,135,mean,1,1.0000,-7.7963,-2.7873,4.5777,0.9992,34.74,-1.0000,-0.9567,-2.9937,-2.9937
audioseal,3,chinese:SSB0393,0,135,rp,1,1.0000,-6.9864,-1.4298,4.5868,0.9994,35.69,-1.0000,-0.9567,-2.9937,-2.9937
audioseal,3,chinese:SSB0393,0,135,random_dirichlet,1,1.0000,-9.0824,-3.7618,4.5726,0.9989,33.30,-1.0000,-0.9567,-2.9937,-2.9937
audioseal,3,chinese:SSB0393,0,135,eep,1,1.0000,-6.9864,-1.4298,4.5868,0.9994,35.69,-1.0000,-0.9567,-2.9937,-2.9937
audioseal,3,chinese:SSB0393,0,135,fwp,1,1.0000,-6.9864,-1.4298,4.5868,0.9994,35.69,-1.0000,-0.9567,-2.9937,-2.9937
audioseal,3,chinese:SSB0393,0,135,dm,1,1.0000,-7.3660,-2.4290,4.5771,0.9993,34.96,-1.0000,-0.9567,-2.9937,-2.9937
audioseal,3,chinese:SSB0393,0,135,tct,1,1.0000,-8.0458,-2.9937,4.5885,0.9995,36.53,-1.0000,-0.9567,-2.9937,-2.9937
audioseal,3,chinese:SSB0393,0,135,payload_farthest,1,1.0000,-9.5434,-3.7887,4.5796,0.9993,36.57,-1.0000,-0.9567,-2.9937,-2.9937
audioseal,3,chinese:SSB0393,1,136,single_copy,0,1.0000,-4.3079,0.8616,4.6439,1.0000,143.45,0.8660,0.9898,-2.8301,-2.8301
audioseal,3,chinese:SSB0393,1,136,mean,1,1.0000,-9.5367,-4.0330,4.5951,0.9991,35.85,0.8660,0.9898,-2.8301,-2.8301
audioseal,3,chinese:SSB0393,1,136,rp,1,1.0000,-8.7599,-3.7730,4.5597,0.9981,32.32,0.8660,0.9898,-2.8301,-2.8301
audioseal,3,chinese:SSB0393,1,136,random_dirichlet,0,1.0000,-4.6458,0.3816,4.5654,0.9982,32.67,0.8660,0.9898,-2.8301,-2.8301
audioseal,3,chinese:SSB0393,1,136,eep,1,1.0000,-8.3044,-3.2766,4.6076,0.9994,37.89,0.8660,0.9898,-2.8301,-2.8301
audioseal,3,chinese:SSB0393,1,136,fwp,1,1.0000,-9.3868,-3.9997,4.5977,0.9992,36.13,0.8660,0.9898,-2.8301,-2.8301
audioseal,3,chinese:SSB0393,1,136,dm,1,1.0000,-8.7912,-3.1317,4.5922,0.9990,35.45,0.8660,0.9898,-2.8301,-2.8301
audioseal,3,chinese:SSB0393,1,136,tct,1,1.0000,-8.4751,-2.8301,4.6035,0.9993,37.00,0.8660,0.9898,-2.8301,-2.8301
audioseal,3,chinese:SSB0393,1,136,payload_farthest,1,1.0000,-9.3868,-3.9997,4.5977,0.9992,36.13,0.8660,0.9898,-2.8301,-2.8301
audioseal,3,chinese:SSB0393,2,137,single_copy,0,0.9999,-4.4322,0.8219,4.6439,1.0000,143.45,1.0000,-0.9640,-1.0825,-1.0825
audioseal,3,chinese:SSB0393,2,137,mean,1,1.0000,-6.0995,-0.7263,4.5858,0.9992,37.02,1.0000,-0.9640,-1.0825,-1.0825
audioseal,3,chinese:SSB0393,2,137,rp,1,1.0000,-7.6184,-1.6708,4.5748,0.9991,36.11,1.0000,-0.9640,-1.0825,-1.0825
audioseal,3,chinese:SSB0393,2,137,random_dirichlet,1,1.0000,-5.5686,-0.7227,4.6096,0.9996,40.72,1.0000,-0.9640,-1.0825,-1.0825
audioseal,3,chinese:SSB0393,2,137,eep,1,1.0000,-8.6764,-3.4474,4.5498,0.9982,33.50,1.0000,-0.9640,-1.0825,-1.0825
audioseal,3,chinese:SSB0393,2,137,fwp,1,1.0000,-7.6184,-1.6708,4.5748,0.9991,36.11,1.0000,-0.9640,-1.0825,-1.0825
audioseal,3,chinese:SSB0393,2,137,dm,1,1.0000,-8.4570,-2.3293,4.5740,0.9990,35.97,1.0000,-0.9640,-1.0825,-1.0825
audioseal,3,chinese:SSB0393,2,137,tct,1,1.0000,-5.9030,-1.0825,4.5770,0.9990,35.89,1.0000,-0.9640,-1.0825,-1.0825
audioseal,3,chinese:SSB0393,2,137,payload_farthest,1,1.0000,-7.6184,-1.6708,4.5748,0.9991,36.11,1.0000,-0.9640,-1.0825,-1.0825
audioseal,3,chinese:SSB0394,0,138,single_copy,0,1.0000,-4.3383,0.6945,4.6439,1.0000,141.53,1.0000,0.4312,-2.9652,-2.9652
audioseal,3,chinese:SSB0394,0,138,mean,1,1.0000,-10.7615,-5.8275,4.5773,0.9960,35.50,1.0000,0.4312,-2.9652,-2.9652
audioseal,3,chinese:SSB0394,0,138,rp,1,1.0000,-8.1858,-3.2876,4.5287,0.9913,31.98,1.0000,0.4312,-2.9652,-2.9652
audioseal,3,chinese:SSB0394,0,138,random_dirichlet,1,1.0000,-9.8936,-5.2142,4.5940,0.9971,36.97,1.0000,0.4312,-2.9652,-2.9652
audioseal,3,chinese:SSB0394,0,138,eep,1,1.0000,-8.1858,-3.2876,4.5287,0.9913,31.98,1.0000,0.4312,-2.9652,-2.9652
audioseal,3,chinese:SSB0394,0,138,fwp,1,1.0000,-10.8620,-5.0097,4.5871,0.9962,35.06,1.0000,0.4312,-2.9652,-2.9652
audioseal,3,chinese:SSB0394,0,138,dm,1,1.0000,-10.0221,-5.0974,4.5678,0.9952,34.58,1.0000,0.4312,-2.9652,-2.9652
audioseal,3,chinese:SSB0394,0,138,tct,1,1.0000,-9.1121,-2.9652,4.5795,0.9958,34.74,1.0000,0.4312,-2.9652,-2.9652
audioseal,3,chinese:SSB0394,0,138,payload_farthest,1,1.0000,-10.8620,-5.0097,4.5871,0.9962,35.06,1.0000,0.4312,-2.9652,-2.9652
audioseal,3,chinese:SSB0394,1,139,single_copy,0,1.0000,-3.9041,0.9847,4.6439,1.0000,141.53,0.5000,-0.9706,0.0206,0.0206
audioseal,3,chinese:SSB0394,1,139,mean,1,1.0000,-7.2053,-2.2307,4.5700,0.9957,36.53,0.5000,-0.9706,0.0206,0.0206
audioseal,3,chinese:SSB0394,1,139,rp,1,1.0000,-7.3507,-1.8651,4.5909,0.9977,37.88,0.5000,-0.9706,0.0206,0.0206
audioseal,3,chinese:SSB0394,1,139,random_dirichlet,1,1.0000,-5.6088,-0.3660,4.6066,0.9979,39.19,0.5000,-0.9706,0.0206,0.0206
audioseal,3,chinese:SSB0394,1,139,eep,1,1.0000,-9.2084,-3.1384,4.5809,0.9964,37.95,0.5000,-0.9706,0.0206,0.0206
audioseal,3,chinese:SSB0394,1,139,fwp,1,1.0000,-7.3507,-1.8651,4.5909,0.9977,37.88,0.5000,-0.9706,0.0206,0.0206
audioseal,3,chinese:SSB0394,1,139,dm,1,1.0000,-7.3767,-2.3746,4.5746,0.9960,36.81,0.5000,-0.9706,0.0206,0.0206
audioseal,3,chinese:SSB0394,1,139,tct,0,1.0000,-6.1822,0.0206,4.5966,0.9972,38.82,0.5000,-0.9706,0.0206,0.0206
audioseal,3,chinese:SSB0394,1,139,payload_farthest,1,1.0000,-9.2084,-3.1384,4.5809,0.9964,37.95,0.5000,-0.9706,0.0206,0.0206
audioseal,3,chinese:SSB0394,2,140,single_copy,0,1.0000,-3.9957,1.0452,4.6439,1.0000,141.53,nan,nan,-1.6908,-1.6908
audioseal,3,chinese:SSB0394,2,140,mean,1,1.0000,-8.6220,-3.1660,4.6077,0.9966,36.18,nan,nan,-1.6908,-1.6908
audioseal,3,chinese:SSB0394,2,140,rp,1,1.0000,-7.3170,-2.0418,4.6101,0.9972,38.70,nan,nan,-1.6908,-1.6908
audioseal,3,chinese:SSB0394,2,140,random_dirichlet,1,1.0000,-5.5909,-0.4512,4.5906,0.9953,35.84,nan,nan,-1.6908,-1.6908
audioseal,3,chinese:SSB0394,2,140,eep,1,1.0000,-7.3170,-2.0418,4.6101,0.9972,38.70,nan,nan,-1.6908,-1.6908
audioseal,3,chinese:SSB0394,2,140,fwp,1,1.0000,-9.2615,-4.7895,4.6106,0.9975,36.94,nan,nan,-1.6908,-1.6908
audioseal,3,chinese:SSB0394,2,140,dm,1,1.0000,-7.8974,-2.8813,4.6109,0.9972,36.67,nan,nan,-1.6908,-1.6908
audioseal,3,chinese:SSB0394,2,140,tct,1,1.0000,-7.7310,-1.6908,4.6050,0.9964,37.02,nan,nan,-1.6908,-1.6908
audioseal,3,chinese:SSB0394,2,140,payload_farthest,1,1.0000,-7.3170,-2.0418,4.6101,0.9972,38.70,nan,nan,-1.6908,-1.6908
audioseal,3,chinese:SSB0395,0,141,single_copy,0,1.0000,-3.9690,1.0147,4.6439,1.0000,140.69,-0.5000,-0.7853,-3.0385,-3.0385
audioseal,3,chinese:SSB0395,0,141,mean,1,1.0000,-8.5976,-3.4705,4.5749,0.9941,31.39,-0.5000,-0.7853,-3.0385,-3.0385
audioseal,3,chinese:SSB0395,0,141,rp,1,1.0000,-8.5951,-3.2319,4.5269,0.9919,27.87,-0.5000,-0.7853,-3.0385,-3.0385
audioseal,3,chinese:SSB0395,0,141,random_dirichlet,1,1.0000,-7.9923,-2.2706,4.5780,0.9943,31.39,-0.5000,-0.7853,-3.0385,-3.0385
audioseal,3,chinese:SSB0395,0,141,eep,1,1.0000,-8.5951,-3.2319,4.5269,0.9919,27.87,-0.5000,-0.7853,-3.0385,-3.0385
audioseal,3,chinese:SSB0395,0,141,fwp,1,1.0000,-8.7757,-3.2698,4.5882,0.9954,32.77,-0.5000,-0.7853,-3.0385,-3.0385
audioseal,3,chinese:SSB0395,0,141,dm,1,1.0000,-7.7574,-2.6529,4.5838,0.9946,32.13,-0.5000,-0.7853,-3.0385,-3.0385
audioseal,3,chinese:SSB0395,0,141,tct,1,1.0000,-7.3451,-3.0385,4.5916,0.9953,33.73,-0.5000,-0.7853,-3.0385,-3.0385
audioseal,3,chinese:SSB0395,0,141,payload_farthest,1,1.0000,-7.5788,-3.2489,4.5824,0.9948,33.27,-0.5000,-0.7853,-3.0385,-3.0385
audioseal,3,chinese:SSB0395,1,142,single_copy,0,1.0000,-4.2041,0.9400,4.6439,1.0000,140.69,-0.5000,-0.9999,-2.6655,-2.6655
audioseal,3,chinese:SSB0395,1,142,mean,1,1.0000,-7.1039,-2.1103,4.5561,0.9949,34.17,-0.5000,-0.9999,-2.6655,-2.6655
audioseal,3,chinese:SSB0395,1,142,rp,1,1.0000,-7.2285,-1.3946,4.5674,0.9955,36.45,-0.5000,-0.9999,-2.6655,-2.6655
audioseal,3,chinese:SSB0395,1,142,random_dirichlet,1,1.0000,-5.3991,-0.7843,4.5478,0.9942,33.22,-0.5000,-0.9999,-2.6655,-2.6655
audioseal,3,chinese:SSB0395,1,142,eep,1,1.0000,-7.5393,-2.6655,4.5127,0.9929,30.65,-0.5000,-0.9999,-2.6655,-2.6655
audioseal,3,chinese:SSB0395,1,142,fwp,1,1.0000,-7.5393,-2.6655,4.5127,0.9929,30.65,-0.5000,-0.9999,-2.6655,-2.6655
audioseal,3,chinese:SSB0395,1,142,dm,1,1.0000,-6.0196,-1.0127,4.5354,0.9939,32.21,-0.5000,-0.9999,-2.6655,-2.6655
audioseal,3,chinese:SSB0395,1,142,tct,1,1.0000,-7.5393,-2.6655,4.5127,0.9929,30.65,-0.5000,-0.9999,-2.6655,-2.6655
audioseal,3,chinese:SSB0395,1,142,payload_farthest,1,1.0000,-7.2285,-1.3946,4.5674,0.9955,36.45,-0.5000,-0.9999,-2.6655,-2.6655
audioseal,3,chinese:SSB0395,2,143,single_copy,0,1.0000,-4.3123,0.9576,4.6439,1.0000,140.69,-0.5000,-0.8834,-1.3696,-1.3696
audioseal,3,chinese:SSB0395,2,143,mean,1,1.0000,-7.8425,-2.0273,4.5598,0.9950,32.35,-0.5000,-0.8834,-1.3696,-1.3696
audioseal,3,chinese:SSB0395,2,143,rp,1,1.0000,-7.0930,-0.7876,4.5780,0.9969,33.93,-0.5000,-0.8834,-1.3696,-1.3696
audioseal,3,chinese:SSB0395,2,143,random_dirichlet,1,1.0000,-5.4217,-0.3101,4.5145,0.9917,29.81,-0.5000,-0.8834,-1.3696,-1.3696
audioseal,3,chinese:SSB0395,2,143,eep,1,1.0000,-9.4772,-3.5119,4.5740,0.9958,34.58,-0.5000,-0.8834,-1.3696,-1.3696
audioseal,3,chinese:SSB0395,2,143,fwp,1,1.0000,-7.0930,-0.7876,4.5780,0.9969,33.93,-0.5000,-0.8834,-1.3696,-1.3696
audioseal,3,chinese:SSB0395,2,143,dm,1,1.0000,-7.4834,-1.8450,4.5739,0.9964,33.61,-0.5000,-0.8834,-1.3696,-1.3696
audioseal,3,chinese:SSB0395,2,143,tct,1,1.0000,-7.7833,-1.3696,4.5818,0.9970,34.90,-0.5000,-0.8834,-1.3696,-1.3696
audioseal,3,chinese:SSB0395,2,143,payload_farthest,1,1.0000,-9.4772,-3.5119,4.5740,0.9958,34.58,-0.5000,-0.8834,-1.3696,-1.3696
audioseal,3,chinese:SSB0407,0,144,single_copy,0,1.0000,-3.9044,1.0615,4.6439,1.0000,142.33,1.0000,-0.9482,-1.8040,-1.8040
audioseal,3,chinese:SSB0407,0,144,mean,1,1.0000,-6.2104,-0.4552,4.5764,0.9988,36.36,1.0000,-0.9482,-1.8040,-1.8040
audioseal,3,chinese:SSB0407,0,144,rp,1,1.0000,-7.2856,-1.4507,4.5334,0.9974,32.84,1.0000,-0.9482,-1.8040,-1.8040
audioseal,3,chinese:SSB0407,0,144,random_dirichlet,1,1.0000,-5.8955,-1.3151,4.6217,0.9996,40.77,1.0000,-0.9482,-1.8040,-1.8040
audioseal,3,chinese:SSB0407,0,144,eep,1,1.0000,-7.2856,-1.4507,4.5334,0.9974,32.84,1.0000,-0.9482,-1.8040,-1.8040
audioseal,3,chinese:SSB0407,0,144,fwp,1,1.0000,-9.1476,-3.6610,4.5739,0.9989,36.95,1.0000,-0.9482,-1.8040,-1.8040
audioseal,3,chinese:SSB0407,0,144,dm,1,1.0000,-8.7764,-3.2050,4.5746,0.9989,36.75,1.0000,-0.9482,-1.8040,-1.8040
audioseal,3,chinese:SSB0407,0,144,tct,1,1.0000,-7.3234,-1.8040,4.5545,0.9983,34.81,1.0000,-0.9482,-1.8040,-1.8040
audioseal,3,chinese:SSB0407,0,144,payload_farthest,1,1.0000,-9.1476,-3.6610,4.5739,0.9989,36.95,1.0000,-0.9482,-1.8040,-1.8040
audioseal,3,chinese:SSB0407,1,145,single_copy,0,1.0000,-4.0605,0.9625,4.6439,1.0000,142.33,0.8660,-0.8395,-1.7346,-1.7346
audioseal,3,chinese:SSB0407,1,145,mean,1,1.0000,-7.2849,-2.1889,4.5945,0.9992,37.04,0.8660,-0.8395,-1.7346,-1.7346
audioseal,3,chinese:SSB0407,1,145,rp,1,1.0000,-7.2406,-2.1960,4.5509,0.9984,33.51,0.8660,-0.8395,-1.7346,-1.7346
audioseal,3,chinese:SSB0407,1,145,random_dirichlet,1,1.0000,-6.6430,-1.2274,4.6148,0.9996,40.89,0.8660,-0.8395,-1.7346,-1.7346
audioseal,3,chinese:SSB0407,1,145,eep,1,1.0000,-7.7753,-3.3669,4.5989,0.9993,37.17,0.8660,-0.8395,-1.7346,-1.7346
audioseal,3,chinese:SSB0407,1,145,fwp,1,1.0000,-7.7753,-3.3669,4.5989,0.9993,37.17,0.8660,-0.8395,-1.7346,-1.7346
audioseal,3,chinese:SSB0407,1,145,dm,1,1.0000,-7.4157,-1.4416,4.5972,0.9993,37.09,0.8660,-0.8395,-1.7346,-1.7346
audioseal,3,chinese:SSB0407,1,145,tct,1,1.0000,-7.0203,-1.7346,4.5598,0.9985,34.06,0.8660,-0.8395,-1.7346,-1.7346
audioseal,3,chinese:SSB0407,1,145,payload_farthest,1,1.0000,-7.7753,-3.3669,4.5989,0.9993,37.17,0.8660,-0.8395,-1.7346,-1.7346
audioseal,3,chinese:SSB0407,2,146,single_copy,0,1.0000,-4.3199,0.8347,4.6439,1.0000,142.33,0.5000,-0.8674,-0.7110,-0.7110
audioseal,3,chinese:SSB0407,2,146,mean,1,1.0000,-6.4075,-1.6473,4.6108,0.9995,40.26,0.5000,-0.8674,-0.7110,-0.7110
audioseal,3,chinese:SSB0407,2,146,rp,1,1.0000,-5.8546,-0.7110,4.6271,0.9997,41.91,0.5000,-0.8674,-0.7110,-0.7110
audioseal,3,chinese:SSB0407,2,146,random_dirichlet,0,1.0000,-4.0050,0.9637,4.5809,0.9987,35.52,0.5000,-0.8674,-0.7110,-0.7110
audioseal,3,chinese:SSB0407,2,146,eep,1,1.0000,-5.8546,-0.7110,4.6271,0.9997,41.91,0.5000,-0.8674,-0.7110,-0.7110
audioseal,3,chinese:SSB0407,2,146,fwp,1,1.0000,-6.0545,-1.2323,4.5838,0.9989,36.74,0.5000,-0.8674,-0.7110,-0.7110
audioseal,3,chinese:SSB0407,2,146,dm,1,1.0000,-6.9370,-1.6236,4.5972,0.9992,38.56,0.5000,-0.8674,-0.7110,-0.7110
audioseal,3,chinese:SSB0407,2,146,tct,1,1.0000,-5.8546,-0.7110,4.6271,0.9997,41.91,0.5000,-0.8674,-0.7110,-0.7110
audioseal,3,chinese:SSB0407,2,146,payload_farthest,1,1.0000,-5.0160,-0.0003,4.6095,0.9995,39.70,0.5000,-0.8674,-0.7110,-0.7110
audioseal,3,chinese:SSB0415,0,147,single_copy,0,0.9999,-4.4618,0.8498,4.6439,1.0000,144.66,0.5000,-0.9999,-2.7652,-2.7650
audioseal,3,chinese:SSB0415,0,147,mean,1,1.0000,-7.8613,-2.5979,4.6110,0.9989,37.78,0.5000,-0.9999,-2.7652,-2.7650
audioseal,3,chinese:SSB0415,0,147,rp,1,1.0000,-7.0649,-1.7288,4.6138,0.9989,36.53,0.5000,-0.9999,-2.7652,-2.7650
audioseal,3,chinese:SSB0415,0,147,random_dirichlet,0,1.0000,-4.6526,0.7688,4.6373,0.9997,43.13,0.5000,-0.9999,-2.7652,-2.7650
audioseal,3,chinese:SSB0415,0,147,eep,1,1.0000,-7.0649,-1.7288,4.6138,0.9989,36.53,0.5000,-0.9999,-2.7652,-2.7650
audioseal,3,chinese:SSB0415,0,147,fwp,1,0.9999,-9.5268,-3.7668,4.5854,0.9979,34.25,0.5000,-0.9999,-2.7652,-2.7650
audioseal,3,chinese:SSB0415,0,147,dm,1,0.9999,-9.1976,-3.5835,4.5886,0.9980,34.67,0.5000,-0.9999,-2.7652,-2.7650
audioseal,3,chinese:SSB0415,0,147,tct,1,1.0000,-8.3062,-2.7652,4.6142,0.9989,37.24,0.5000,-0.9999,-2.7652,-2.7650
audioseal,3,chinese:SSB0415,0,147,payload_farthest,1,0.9999,-9.5268,-3.7668,4.5854,0.9979,34.25,0.5000,-0.9999,-2.7652,-2.7650
audioseal,3,chinese:SSB0415,1,148,single_copy,0,1.0000,-4.0835,0.9325,4.6439,1.0000,144.66,1.0000,-1.0000,-0.0248,-0.0248
audioseal,3,chinese:SSB0415,1,148,mean,1,1.0000,-5.4121,-0.6940,4.6013,0.9984,37.50,1.0000,-1.0000,-0.0248,-0.0248
audioseal,3,chinese:SSB0415,1,148,rp,1,1.0000,-5.4986,-0.6430,4.6186,0.9994,42.19,1.0000,-1.0000,-0.0248,-0.0248
audioseal,3,chinese:SSB0415,1,148,random_dirichlet,1,1.0000,-5.1894,-0.4473,4.6103,0.9990,40.26,1.0000,-1.0000,-0.0248,-0.0248
audioseal,3,chinese:SSB0415,1,148,eep,1,1.0000,-7.0491,-1.3913,4.5626,0.9972,33.98,1.0000,-1.0000,-0.0248,-0.0248
audioseal,3,chinese:SSB0415,1,148,fwp,1,1.0000,-8.9331,-2.9631,4.6116,0.9983,36.43,1.0000,-1.0000,-0.0248,-0.0248
audioseal,3,chinese:SSB0415,1,148,dm,1,1.0000,-8.6113,-2.6464,4.6090,0.9983,36.42,1.0000,-1.0000,-0.0248,-0.0248
audioseal,3,chinese:SSB0415,1,148,tct,1,1.0000,-4.8817,-0.0248,4.6087,0.9991,40.37,1.0000,-1.0000,-0.0248,-0.0248
audioseal,3,chinese:SSB0415,1,148,payload_farthest,1,1.0000,-8.9331,-2.9631,4.6116,0.9983,36.43,1.0000,-1.0000,-0.0248,-0.0248
audioseal,3,chinese:SSB0415,2,149,single_copy,0,1.0000,-4.0444,0.9771,4.6439,1.0000,144.66,1.0000,-0.9972,-1.0135,-1.0133
audioseal,3,chinese:SSB0415,2,149,mean,1,1.0000,-7.2893,-2.2485,4.6068,0.9989,38.30,1.0000,-0.9972,-1.0135,-1.0133
audioseal,3,chinese:SSB0415,2,149,rp,1,1.0000,-8.1832,-2.9219,4.5750,0.9977,34.77,1.0000,-0.9972,-1.0135,-1.0133
audioseal,3,chinese:SSB0415,2,149,random_dirichlet,0,1.0000,-4.1474,1.0279,4.6370,0.9997,44.81,1.0000,-0.9972,-1.0135,-1.0133
audioseal,3,chinese:SSB0415,2,149,eep,1,0.9999,-7.8178,-1.6704,4.5989,0.9987,36.40,1.0000,-0.9972,-1.0135,-1.0133
audioseal,3,chinese:SSB0415,2,149,fwp,1,0.9999,-7.8178,-1.6704,4.5989,0.9987,36.40,1.0000,-0.9972,-1.0135,-1.0133
audioseal,3,chinese:SSB0415,2,149,dm,1,1.0000,-8.2195,-2.9085,4.5936,0.9984,36.21,1.0000,-0.9972,-1.0135,-1.0133
audioseal,3,chinese:SSB0415,2,149,tct,1,1.0000,-6.1465,-1.0135,4.6238,0.9994,41.30,1.0000,-0.9972,-1.0135,-1.0133
audioseal,3,chinese:SSB0415,2,149,payload_farthest,1,0.9999,-7.8178,-1.6704,4.5989,0.9987,36.40,1.0000,-0.9972,-1.0135,-1.0133
audioseal,3,english:103,0,150,single_copy,0,1.0000,-4.1887,0.9238,4.6439,1.0000,139.24,1.0000,-0.9666,-0.7669,-0.7669
audioseal,3,english:103,0,150,mean,1,1.0000,-8.0267,-3.4503,4.6120,0.9975,35.97,1.0000,-0.9666,-0.7669,-0.7669
audioseal,3,english:103,0,150,rp,1,1.0000,-6.6710,-0.2320,4.5807,0.9948,32.44,1.0000,-0.9666,-0.7669,-0.7669
audioseal,3,english:103,0,150,random_dirichlet,1,1.0000,-8.5920,-3.5944,4.5996,0.9968,34.47,1.0000,-0.9666,-0.7669,-0.7669
audioseal,3,english:103,0,150,eep,1,1.0000,-6.6710,-0.2320,4.5807,0.9948,32.44,1.0000,-0.9666,-0.7669,-0.7669
audioseal,3,english:103,0,150,fwp,1,1.0000,-6.6710,-0.2320,4.5807,0.9948,32.44,1.0000,-0.9666,-0.7669,-0.7669
audioseal,3,english:103,0,150,dm,1,1.0000,-7.4470,-2.3230,4.5990,0.9965,34.34,1.0000,-0.9666,-0.7669,-0.7669
audioseal,3,english:103,0,150,tct,1,1.0000,-5.9827,-0.7669,4.5969,0.9963,34.36,1.0000,-0.9666,-0.7669,-0.7669
audioseal,3,english:103,0,150,payload_farthest,1,1.0000,-6.6710,-0.2320,4.5807,0.9948,32.44,1.0000,-0.9666,-0.7669,-0.7669
audioseal,3,english:103,1,151,single_copy,0,1.0000,-4.6429,0.9062,4.6439,1.0000,139.24,0.8660,-0.9970,-5.0623,-5.0623
audioseal,3,english:103,1,151,mean,1,1.0000,-7.9241,-2.2500,4.6051,0.9984,36.39,0.8660,-0.9970,-5.0623,-5.0623
audioseal,3,english:103,1,151,rp,0,1.0000,-4.7071,0.7983,4.6225,0.9996,41.53,0.8660,-0.9970,-5.0623,-5.0623
audioseal,3,english:103,1,151,random_dirichlet,1,1.0000,-7.0054,-1.0886,4.6197,0.9987,37.30,0.8660,-0.9970,-5.0623,-5.0623
audioseal,3,english:103,1,151,eep,1,1.0000,-10.9725,-5.3353,4.5907,0.9971,33.57,0.8660,-0.9970,-5.0623,-5.0623
audioseal,3,english:103,1,151,fwp,1,1.0000,-11.0640,-5.9302,4.5712,0.9965,32.86,0.8660,-0.9970,-5.0623,-5.0623
audioseal,3,english:103,1,151,dm,1,1.0000,-11.0378,-5.7995,4.5724,0.9966,32.99,0.8660,-0.9970,-5.0623,-5.0623
audioseal,3,english:103,1,151,tct,1,1.0000,-10.4509,-5.0623,4.5815,0.9969,33.37,0.8660,-0.9970,-5.0623,-5.0623
audioseal,3,english:103,1,151,payload_farthest,1,1.0000,-10.9725,-5.3353,4.5907,0.9971,33.57,0.8660,-0.9970,-5.0623,-5.0623
audioseal,3,english:103,2,152,single_copy,0,0.9993,-4.1847,0.9898,4.6439,1.0000,139.24,0.5000,-0.9993,-2.2215,-2.2215
audioseal,3,english:103,2,152,mean,1,1.0000,-7.0661,-2.2263,4.6036,0.9974,35.65,0.5000,-0.9993,-2.2215,-2.2215
audioseal,3,english:103,2,152,rp,1,1.0000,-8.4401,-2.1667,4.5707,0.9944,32.13,0.5000,-0.9993,-2.2215,-2.2215
audioseal,3,english:103,2,152,random_dirichlet,1,1.0000,-7.4782,-2.3277,4.5896,0.9960,33.65,0.5000,-0.9993,-2.2215,-2.2215
audioseal,3,english:103,2,152,eep,1,1.0000,-8.4401,-2.1667,4.5707,0.9944,32.13,0.5000,-0.9993,-2.2215,-2.2215
audioseal,3,english:103,2,152,fwp,1,1.0000,-8.4401,-2.1667,4.5707,0.9944,32.13,0.5000,-0.9993,-2.2215,-2.2215
audioseal,3,english:103,2,152,dm,1,1.0000,-7.5447,-2.4793,4.5979,0.9967,34.62,0.5000,-0.9993,-2.2215,-2.2215
audioseal,3,english:103,2,152,tct,1,1.0000,-8.0271,-2.2215,4.6024,0.9974,35.53,0.5000,-0.9993,-2.2215,-2.2215
audioseal,3,english:103,2,152,payload_farthest,1,1.0000,-8.0271,-2.2215,4.6024,0.9974,35.53,0.5000,-0.9993,-2.2215,-2.2215
audioseal,3,english:1034,0,153,single_copy,0,1.0000,-4.2319,0.8185,4.6439,1.0000,149.38,-0.8660,0.7400,-3.4441,-3.4443
audioseal,3,english:1034,0,153,mean,1,1.0000,-8.5464,-2.3050,4.6221,0.9967,36.18,-0.8660,0.7400,-3.4441,-3.4443
audioseal,3,english:1034,0,153,rp,1,1.0000,-6.6981,-0.8654,4.6310,0.9973,39.15,-0.8660,0.7400,-3.4441,-3.4443
audioseal,3,english:1034,0,153,random_dirichlet,1,1.0000,-6.7605,-1.2508,4.6260,0.9976,36.69,-0.8660,0.7400,-3.4441,-3.4443
audioseal,3,english:1034,0,153,eep,1,1.0000,-7.8035,-1.7123,4.6191,0.9973,35.33,-0.8660,0.7400,-3.4441,-3.4443
audioseal,3,english:1034,0,153,fwp,1,1.0000,-7.8035,-1.7123,4.6191,0.9973,35.33,-0.8660,0.7400,-3.4441,-3.4443
audioseal,3,english:1034,0,153,dm,1,1.0000,-8.5503,-2.9104,4.6134,0.9963,34.90,-0.8660,0.7400,-3.4441,-3.4443
audioseal,3,english:1034,0,153,tct,1,1.0000,-8.3291,-3.4441,4.6087,0.9960,34.27,-0.8660,0.7400,-3.4441,-3.4443
audioseal,3,english:1034,0,153,payload_farthest,1,1.0000,-6.6981,-0.8654,4.6310,0.9973,39.15,-0.8660,0.7400,-3.4441,-3.4443
audioseal,3,english:1034,1,154,single_copy,0,1.0000,-4.0438,0.9826,4.6439,1.0000,149.37,-0.8660,-0.9975,-0.4040,-0.4040
audioseal,3,english:1034,1,154,mean,1,1.0000,-6.3319,-1.4447,4.6062,0.9977,36.36,-0.8660,-0.9975,-0.4040,-0.4040
audioseal,3,english:1034,1,154,rp,1,0.9999,-6.4530,-1.4797,4.6187,0.9983,36.26,-0.8660,-0.9975,-0.4040,-0.4040
audioseal,3,english:1034,1,154,random_dirichlet,0,1.0000,-4.2770,0.8524,4.5843,0.9961,34.69,-0.8660,-0.9975,-0.4040,-0.4040
audioseal,3,english:1034,1,154,eep,1,0.9999,-6.4530,-1.4797,4.6187,0.9983,36.26,-0.8660,-0.9975,-0.4040,-0.4040
audioseal,3,english:1034,1,154,fwp,1,0.9999,-6.4530,-1.4797,4.6187,0.9983,36.26,-0.8660,-0.9975,-0.4040,-0.4040
audioseal,3,english:1034,1,154,dm,1,1.0000,-5.3698,-0.5982,4.6065,0.9977,35.87,-0.8660,-0.9975,-0.4040,-0.4040
audioseal,3,english:1034,1,154,tct,1,1.0000,-5.6777,-0.4040,4.5771,0.9958,33.41,-0.8660,-0.9975,-0.4040,-0.4040
audioseal,3,english:1034,1,154,payload_farthest,1,1.0000,-6.9830,-2.1919,4.6249,0.9984,39.01,-0.8660,-0.9975,-0.4040,-0.4040
audioseal,3,english:1034,2,155,single_copy,0,1.0000,-4.1819,0.8710,4.6439,1.0000,149.37,-1.0000,-0.6322,-1.3560,-1.3560
audioseal,3,english:1034,2,155,mean,1,1.0000,-8.8185,-3.6939,4.6245,0.9973,34.78,-1.0000,-0.6322,-1.3560,-1.3560
audioseal,3,english:1034,2,155,rp,1,1.0000,-6.2750,-0.5601,4.6157,0.9988,36.50,-1.0000,-0.6322,-1.3560,-1.3560
audioseal,3,english:1034,2,155,random_dirichlet,1,1.0000,-5.5605,-0.7139,4.6028,0.9967,32.73,-1.0000,-0.6322,-1.3560,-1.3560
audioseal,3,english:1034,2,155,eep,1,1.0000,-6.5440,-0.9308,4.6320,0.9971,36.63,-1.0000,-0.6322,-1.3560,-1.3560
audioseal,3,english:1034,2,155,fwp,1,1.0000,-6.2750,-0.5601,4.6157,0.9988,36.50,-1.0000,-0.6322,-1.3560,-1.3560
audioseal,3,english:1034,2,155,dm,1,1.0000,-8.4227,-2.9694,4.6280,0.9979,35.84,-1.0000,-0.6322,-1.3560,-1.3560
audioseal,3,english:1034,2,155,tct,1,1.0000,-6.3933,-1.3560,4.6136,0.9968,33.42,-1.0000,-0.6322,-1.3560,-1.3560
audioseal,3,english:1034,2,155,payload_farthest,1,1.0000,-8.2830,-3.1814,4.6109,0.9940,31.26,-1.0000,-0.6322,-1.3560,-1.3560
audioseal,3,english:1040,0,156,single_copy,0,1.0000,-4.1086,0.8459,4.6439,1.0000,144.11,-0.8660,-0.9782,-0.0541,-0.0541
audioseal,3,english:1040,0,156,mean,1,0.9999,-8.2787,-2.7550,4.6180,0.9995,34.91,-0.8660,-0.9782,-0.0541,-0.0541
audioseal,3,english:1040,0,156,rp,1,1.0000,-6.4018,-0.4951,4.6164,0.9995,35.13,-0.8660,-0.9782,-0.0541,-0.0541
audioseal,3,english:1040,0,156,random_dirichlet,0,1.0000,-4.5320,0.2859,4.6382,0.9999,42.27,-0.8660,-0.9782,-0.0541,-0.0541
audioseal,3,english:1040,0,156,eep,1,1.0000,-6.5593,-1.0236,4.5913,0.9989,31.39,-0.8660,-0.9782,-0.0541,-0.0541
audioseal,3,english:1040,0,156,fwp,1,1.0000,-6.4018,-0.4951,4.6164,0.9995,35.13,-0.8660,-0.9782,-0.0541,-0.0541
audioseal,3,english:1040,0,156,dm,1,1.0000,-7.4884,-2.3070,4.6163,0.9995,34.73,-0.8660,-0.9782,-0.0541,-0.0541
audioseal,3,english:1040,0,156,tct,1,1.0000,-5.1326,-0.0541,4.6078,0.9993,33.27,-0.8660,-0.9782,-0.0541,-0.0541
audioseal,3,english:1040,0,156,payload_farthest,1,1.0000,-8.2767,-3.4095,4.6294,0.9997,37.39,-0.8660,-0.9782,-0.0541,-0.0541
audioseal,3,english:1040,1,157,single_copy,0,1.0000,-4.1222,0.9122,4.6439,1.0000,144.11,0.5000,-0.8710,-4.8590,-4.8588
audioseal,3,english:1040,1,157,mean,1,1.0000,-8.7854,-3.7824,4.6164,0.9995,36.61,0.5000,-0.8710,-4.8590,-4.8588
audioseal,3,english:1040,1,157,rp,1,1.0000,-7.5308,-1.5779,4.6158,0.9997,36.97,0.5000,-0.8710,-4.8590,-4.8588
audioseal,3,english:1040,1,157,random_dirichlet,1,1.0000,-5.4877,-1.0408,4.5929,0.9991,33.47,0.5000,-0.8710,-4.8590,-4.8588
audioseal,3,english:1040,1,157,eep,1,1.0000,-7.5308,-1.5779,4.6158,0.9997,36.97,0.5000,-0.8710,-4.8590,-4.8588
audioseal,3,english:1040,1,157,fwp,1,0.9999,-9.2096,-3.5492,4.5889,0.9990,33.09,0.5000,-0.8710,-4.8590,-4.8588
audioseal,3,english:1040,1,157,dm,1,1.0000,-8.8639,-3.6275,4.6009,0.9993,34.43,0.5000,-0.8710,-4.8590,-4.8588
audioseal,3,english:1040,1,157,tct,1,1.0000,-10.5025,-4.8590,4.6032,0.9993,34.62,0.5000,-0.8710,-4.8590,-4.8588
audioseal,3,english:1040,1,157,payload_farthest,1,0.9999,-9.2096,-3.5492,4.5889,0.9990,33.09,0.5000,-0.8710,-4.8590,-4.8588
audioseal,3,english:1040,2,158,single_copy,0,1.0000,-4.1678,0.9303,4.6439,1.0000,144.11,0.5000,-0.9462,-1.2436,-1.2436
audioseal,3,english:1040,2,158,mean,1,1.0000,-8.2985,-3.0240,4.6068,0.9995,35.84,0.5000,-0.9462,-1.2436,-1.2436
audioseal,3,english:1040,2,158,rp,1,1.0000,-6.5421,-0.2890,4.5662,0.9988,32.31,0.5000,-0.9462,-1.2436,-1.2436
audioseal,3,english:1040,2,158,random_dirichlet,0,1.0000,-4.8031,0.5120,4.6318,0.9998,40.64,0.5000,-0.9462,-1.2436,-1.2436
audioseal,3,english:1040,2,158,eep,1,1.0000,-6.8199,-1.6233,4.6095,0.9995,35.11,0.5000,-0.9462,-1.2436,-1.2436
audioseal,3,english:1040,2,158,fwp,1,1.0000,-6.5421,-0.2890,4.5662,0.9988,32.31,0.5000,-0.9462,-1.2436,-1.2436
audioseal,3,english:1040,2,158,dm,1,1.0000,-6.7014,-1.3953,4.5949,0.9993,34.34,0.5000,-0.9462,-1.2436,-1.2436
audioseal,3,english:1040,2,158,tct,1,1.0000,-7.4270,-1.2436,4.5973,0.9993,34.67,0.5000,-0.9462,-1.2436,-1.2436
audioseal,3,english:1040,2,158,payload_farthest,1,1.0000,-6.8199,-1.6233,4.6095,0.9995,35.11,0.5000,-0.9462,-1.2436,-1.2436
audioseal,3,english:1069,0,159,single_copy,0,0.9999,-3.9735,1.0476,4.6439,1.0000,149.23,0.0000,-0.9945,-1.9132,-1.9132
audioseal,3,english:1069,0,159,mean,1,1.0000,-8.2783,-3.0866,4.6076,0.9998,34.80,0.0000,-0.9945,-1.9132,-1.9132
audioseal,3,english:1069,0,159,rp,1,1.0000,-8.4041,-1.7427,4.6195,0.9999,37.50,0.0000,-0.9945,-1.9132,-1.9132
audioseal,3,english:1069,0,159,random_dirichlet,1,1.0000,-5.3925,-0.1089,4.5846,0.9997,32.74,0.0000,-0.9945,-1.9132,-1.9132
audioseal,3,english:1069,0,159,eep,1,1.0000,-8.3270,-2.6688,4.5658,0.9996,31.28,0.0000,-0.9945,-1.9132,-1.9132
audioseal,3,english:1069,0,159,fwp,1,1.0000,-7.5480,-1.6680,4.6124,0.9999,35.58,0.0000,-0.9945,-1.9132,-1.9132
audioseal,3,english:1069,0,159,dm,1,1.0000,-7.7034,-1.8654,4.6132,0.9999,35.42,0.0000,-0.9945,-1.9132,-1.9132
audioseal,3,english:1069,0,159,tct,1,1.0000,-8.5031,-1.9132,4.6179,0.9999,37.01,0.0000,-0.9945,-1.9132,-1.9132
audioseal,3,english:1069,0,159,payload_farthest,1,1.0000,-8.4041,-1.7427,4.6195,0.9999,37.50,0.0000,-0.9945,-1.9132,-1.9132
audioseal,3,english:1069,1,160,single_copy,0,1.0000,-4.1009,0.9156,4.6439,1.0000,149.23,0.5000,-0.8741,-1.5462,-1.5462
audioseal,3,english:1069,1,160,mean,1,1.0000,-7.6217,-2.8475,4.6106,0.9998,34.92,0.5000,-0.8741,-1.5462,-1.5462
audioseal,3,english:1069,1,160,rp,1,0.9999,-8.4412,-2.7223,4.5723,0.9996,31.39,0.5000,-0.8741,-1.5462,-1.5462
audioseal,3,english:1069,1,160,random_dirichlet,1,1.0000,-8.1225,-3.1995,4.6058,0.9998,34.24,0.5000,-0.8741,-1.5462,-1.5462
audioseal,3,english:1069,1,160,eep,1,0.9999,-8.4412,-2.7223,4.5723,0.9996,31.39,0.5000,-0.8741,-1.5462,-1.5462
audioseal,3,english:1069,1,160,fwp,1,0.9999,-8.4412,-2.7223,4.5723,0.9996,31.39,0.5000,-0.8741,-1.5462,-1.5462
audioseal,3,english:1069,1,160,dm,1,1.0000,-8.5794,-2.8529,4.5935,0.9997,33.15,0.5000,-0.8741,-1.5462,-1.5462
audioseal,3,english:1069,1,160,tct,1,1.0000,-6.3908,-1.5462,4.6257,0.9999,37.15,0.5000,-0.8741,-1.5462,-1.5462
audioseal,3,english:1069,1,160,payload_farthest,1,0.9999,-7.8584,-1.4242,4.6037,0.9998,34.32,0.5000,-0.8741,-1.5462,-1.5462
audioseal,3,english:1069,2,161,single_copy,0,0.9999,-4.2761,0.9469,4.6439,1.0000,149.23,0.5000,-0.6752,-2.0697,-2.0691
audioseal,3,english:1069,2,161,mean,1,1.0000,-8.7008,-2.8993,4.5998,0.9998,36.32,0.5000,-0.6752,-2.0697,-2.0691
audioseal,3,english:1069,2,161,rp,1,1.0000,-7.5183,-2.1133,4.6092,0.9998,36.05,0.5000,-0.6752,-2.0697,-2.0691
audioseal,3,english:1069,2,161,random_dirichlet,0,1.0000,-4.8873,0.4013,4.5931,0.9998,35.92,0.5000,-0.6752,-2.0697,-2.0691
audioseal,3,english:1069,2,161,eep,1,1.0000,-7.5183,-2.1133,4.6092,0.9998,36.05,0.5000,-0.6752,-2.0697,-2.0691
audioseal,3,english:1069,2,161,fwp,1,1.0000,-7.5183,-2.1133,4.6092,0.9998,36.05,0.5000,-0.6752,-2.0697,-2.0691
audioseal,3,english:1069,2,161,dm,1,1.0000,-8.1141,-2.3657,4.5967,0.9998,35.63,0.5000,-0.6752,-2.0697,-2.0691
audioseal,3,english:1069,2,161,tct,1,1.0000,-7.6083,-2.0697,4.5835,0.9998,34.48,0.5000,-0.6752,-2.0697,-2.0691
audioseal,3,english:1069,2,161,payload_farthest,1,1.0000,-7.0475,-1.6443,4.5680,0.9997,32.80,0.5000,-0.6752,-2.0697,-2.0691
audioseal,3,english:1081,0,162,single_copy,0,1.0000,-4.1776,0.9951,4.6439,1.0000,153.45,0.5000,-0.9078,-2.2130,-2.2130
audioseal,3,english:1081,0,162,mean,1,1.0000,-7.7879,-2.2942,4.6172,0.9998,41.43,0.5000,-0.9078,-2.2130,-2.2130
audioseal,3,english:1081,0,162,rp,1,1.0000,-7.1045,-0.9818,4.6188,0.9998,43.39,0.5000,-0.9078,-2.2130,-2.2130
audioseal,3,english:1081,0,162,random_dirichlet,1,1.0000,-6.5287,-2.3334,4.6041,0.9996,38.80,0.5000,-0.9078,-2.2130,-2.2130
audioseal,3,english:1081,0,162,eep,1,1.0000,-7.1045,-0.9818,4.6188,0.9998,43.39,0.5000,-0.9078,-2.2130,-2.2130
audioseal,3,english:1081,0,162,fwp,1,1.0000,-8.7742,-1.9231,4.5922,0.9995,37.91,0.5000,-0.9078,-2.2130,-2.2130
audioseal,3,english:1081,0,162,dm,1,1.0000,-7.1265,-2.5351,4.6105,0.9997,40.10,0.5000,-0.9078,-2.2130,-2.2130
audioseal,3,english:1081,0,162,tct,1,1.0000,-8.1126,-2.2130,4.6070,0.9997,40.40,0.5000,-0.9078,-2.2130,-2.2130
audioseal,3,english:1081,0,162,payload_farthest,1,1.0000,-8.7742,-1.9231,4.5922,0.9995,37.91,0.5000,-0.9078,-2.2130,-2.2130
audioseal,3,english:1081,1,163,single_copy,0,1.0000,-4.0913,1.0469,4.6439,1.0000,153.45,0.5000,-0.8559,-1.8981,-1.8981
audioseal,3,english:1081,1,163,mean,1,1.0000,-7.4119,-2.4299,4.6029,0.9997,38.57,0.5000,-0.8559,-1.8981,-1.8981
audioseal,3,english:1081,1,163,rp,1,0.9984,-6.9460,-1.6494,4.5686,0.9994,35.05,0.5000,-0.8559,-1.8981,-1.8981
audioseal,3,english:1081,1,163,random_dirichlet,1,1.0000,-6.1306,-0.9369,4.6153,0.9998,40.37,0.5000,-0.8559,-1.8981,-1.8981
audioseal,3,english:1081,1,163,eep,1,0.9984,-6.9460,-1.6494,4.5686,0.9994,35.05,0.5000,-0.8559,-1.8981,-1.8981
audioseal,3,english:1081,1,163,fwp,1,0.9916,-7.8212,-2.7869,4.6044,0.9997,39.12,0.5000,-0.8559,-1.8981,-1.8981
audioseal,3,english:1081,1,163,dm,1,0.9923,-7.7752,-2.7541,4.6046,0.9997,39.11,0.5000,-0.8559,-1.8981,-1.8981
audioseal,3,english:1081,1,163,tct,1,0.9993,-7.8494,-1.8981,4.5947,0.9996,37.66,0.5000,-0.8559,-1.8981,-1.8981
audioseal,3,english:1081,1,163,payload_farthest,1,0.9916,-7.8212,-2.7869,4.6044,0.9997,39.12,0.5000,-0.8559,-1.8981,-1.8981
audioseal,3,english:1081,2,164,single_copy,0,1.0000,-4.0367,0.9764,4.6439,1.0000,153.45,0.5000,-1.0000,-4.2313,-4.2313
audioseal,3,english:1081,2,164,mean,1,1.0000,-6.4480,-2.2916,4.6169,0.9997,41.50,0.5000,-1.0000,-4.2313,-4.2313
audioseal,3,english:1081,2,164,rp,1,0.9999,-6.5702,-1.7161,4.5961,0.9994,37.98,0.5000,-1.0000,-4.2313,-4.2313
audioseal,3,english:1081,2,164,random_dirichlet,1,1.0000,-6.4939,-2.3932,4.6109,0.9997,40.52,0.5000,-1.0000,-4.2313,-4.2313
audioseal,3,english:1081,2,164,eep,1,0.9999,-6.5702,-1.7161,4.5961,0.9994,37.98,0.5000,-1.0000,-4.2313,-4.2313
audioseal,3,english:1081,2,164,fwp,1,1.0000,-9.1622,-4.2313,4.6220,0.9998,42.15,0.5000,-1.0000,-4.2313,-4.2313
audioseal,3,english:1081,2,164,dm,1,1.0000,-6.8275,-2.4683,4.6177,0.9998,41.78,0.5000,-1.0000,-4.2313,-4.2313
audioseal,3,english:1081,2,164,tct,1,1.0000,-9.1622,-4.2313,4.6220,0.9998,42.15,0.5000,-1.0000,-4.2313,-4.2313
audioseal,3,english:1081,2,164,payload_farthest,1,1.0000,-9.1622,-4.2313,4.6220,0.9998,42.15,0.5000,-1.0000,-4.2313,-4.2313
audioseal,3,english:1088,0,165,single_copy,0,1.0000,-3.9500,0.9400,4.6439,1.0000,148.13,0.5000,-0.8948,-2.6291,-2.6291
audioseal,3,english:1088,0,165,mean,1,1.0000,-7.5434,-2.5096,4.6000,0.9996,40.12,0.5000,-0.8948,-2.6291,-2.6291
audioseal,3,english:1088,0,165,rp,1,0.9999,-5.9442,-0.1970,4.5625,0.9992,36.60,0.5000,-0.8948,-2.6291,-2.6291
audioseal,3,english:1088,0,165,random_dirichlet,0,1.0000,-4.2465,0.9192,4.5724,0.9994,38.55,0.5000,-0.8948,-2.6291,-2.6291
audioseal,3,english:1088,0,165,eep,1,0.9999,-5.9442,-0.1970,4.5625,0.9992,36.60,0.5000,-0.8948,-2.6291,-2.6291
audioseal,3,english:1088,0,165,fwp,1,1.0000,-8.2122,-2.9130,4.6107,0.9997,39.88,0.5000,-0.8948,-2.6291,-2.6291
audioseal,3,english:1088,0,165,dm,1,1.0000,-8.2240,-2.8389,4.6013,0.9996,39.54,0.5000,-0.8948,-2.6291,-2.6291
audioseal,3,english:1088,0,165,tct,1,1.0000,-7.4888,-2.6291,4.6179,0.9998,41.41,0.5000,-0.8948,-2.6291,-2.6291
audioseal,3,english:1088,0,165,payload_farthest,1,1.0000,-8.2122,-2.9130,4.6107,0.9997,39.88,0.5000,-0.8948,-2.6291,-2.6291
audioseal,3,english:1088,1,166,single_copy,0,1.0000,-4.3101,0.9244,4.6439,1.0000,148.13,1.0000,-0.9932,-2.3645,-2.3645
audioseal,3,english:1088,1,166,mean,1,1.0000,-6.9817,-2.3180,4.6288,0.9998,42.04,1.0000,-0.9932,-2.3645,-2.3645
audioseal,3,english:1088,1,166,rp,1,1.0000,-6.6582,-1.5573,4.6300,0.9999,45.22,1.0000,-0.9932,-2.3645,-2.3645
audioseal,3,english:1088,1,166,random_dirichlet,0,1.0000,-4.2403,0.8840,4.5963,0.9995,39.72,1.0000,-0.9932,-2.3645,-2.3645
audioseal,3,english:1088,1,166,eep,1,1.0000,-8.0507,-2.0051,4.6127,0.9996,38.52,1.0000,-0.9932,-2.3645,-2.3645
audioseal,3,english:1088,1,166,fwp,1,1.0000,-8.0507,-2.0051,4.6127,0.9996,38.52,1.0000,-0.9932,-2.3645,-2.3645
audioseal,3,english:1088,1,166,dm,1,1.0000,-7.7512,-2.3717,4.6250,0.9997,39.95,1.0000,-0.9932,-2.3645,-2.3645
audioseal,3,english:1088,1,166,tct,1,1.0000,-7.7840,-2.3645,4.6315,0.9998,41.51,1.0000,-0.9932,-2.3645,-2.3645
audioseal,3,english:1088,1,166,payload_farthest,1,1.0000,-8.0507,-2.0051,4.6127,0.9996,38.52,1.0000,-0.9932,-2.3645,-2.3645
audioseal,3,english:1088,2,167,single_copy,0,1.0000,-4.0023,0.9443,4.6439,1.0000,148.13,0.8660,-0.9498,-2.3577,-2.3577
audioseal,3,english:1088,2,167,mean,1,1.0000,-6.9699,-1.4854,4.5766,0.9996,38.70,0.8660,-0.9498,-2.3577,-2.3577
audioseal,3,english:1088,2,167,rp,1,1.0000,-6.6765,-0.7517,4.5234,0.9991,35.18,0.8660,-0.9498,-2.3577,-2.3577
audioseal,3,english:1088,2,167,random_dirichlet,1,1.0000,-5.6538,-0.3062,4.5395,0.9992,36.04,0.8660,-0.9498,-2.3577,-2.3577
audioseal,3,english:1088,2,167,eep,1,1.0000,-8.1180,-3.6157,4.6007,0.9997,41.00,0.8660,-0.9498,-2.3577,-2.3577
audioseal,3,english:1088,2,167,fwp,1,1.0000,-7.6987,-1.5195,4.5942,0.9997,40.28,0.8660,-0.9498,-2.3577,-2.3577
audioseal,3,english:1088,2,167,dm,1,1.0000,-7.2182,-1.8386,4.5904,0.9997,40.01,0.8660,-0.9498,-2.3577,-2.3577
audioseal,3,english:1088,2,167,tct,1,1.0000,-7.0744,-2.3577,4.5842,0.9996,39.36,0.8660,-0.9498,-2.3577,-2.3577
audioseal,3,english:1088,2,167,payload_farthest,1,1.0000,-7.6987,-1.5195,4.5942,0.9997,40.28,0.8660,-0.9498,-2.3577,-2.3577
audioseal,3,english:1098,0,168,single_copy,0,1.0000,-3.8330,0.9413,4.6439,1.0000,148.75,-0.8660,-0.9997,-1.4216,-1.4216
audioseal,3,english:1098,0,168,mean,1,1.0000,-5.8179,-1.3079,4.6117,0.9998,42.32,-0.8660,-0.9997,-1.4216,-1.4216
audioseal,3,english:1098,0,168,rp,1,1.0000,-6.3341,-1.3255,4.6196,0.9998,43.19,-0.8660,-0.9997,-1.4216,-1.4216
audioseal,3,english:1098,0,168,random_dirichlet,1,1.0000,-5.3176,-1.1729,4.6033,0.9997,40.62,-0.8660,-0.9997,-1.4216,-1.4216
audioseal,3,english:1098,0,168,eep,1,1.0000,-6.3341,-1.3255,4.6196,0.9998,43.19,-0.8660,-0.9997,-1.4216,-1.4216
audioseal,3,english:1098,0,168,fwp,1,1.0000,-6.3341,-1.3255,4.6196,0.9998,43.19,-0.8660,-0.9997,-1.4216,-1.4216
audioseal,3,english:1098,0,168,dm,1,1.0000,-5.6738,-1.2898,4.6109,0.9998,42.10,-0.8660,-0.9997,-1.4216,-1.4216
audioseal,3,english:1098,0,168,tct,1,1.0000,-5.7865,-1.4216,4.6014,0.9997,40.44,-0.8660,-0.9997,-1.4216,-1.4216
audioseal,3,english:1098,0,168,payload_farthest,1,1.0000,-8.8161,-3.2247,4.6179,0.9999,43.94,-0.8660,-0.9997,-1.4216,-1.4216
audioseal,3,english:1098,1,169,single_copy,0,1.0000,-4.2993,0.9519,4.6439,1.0000,148.75,0.5000,-0.8689,-4.6746,-4.6746
audioseal,3,english:1098,1,169,mean,1,1.0000,-8.1198,-2.5260,4.5976,0.9999,41.20,0.5000,-0.8689,-4.6746,-4.6746
audioseal,3,english:1098,1,169,rp,1,1.0000,-7.3125,-2.2997,4.5643,0.9997,37.67,0.5000,-0.8689,-4.6746,-4.6746
audioseal,3,english:1098,1,169,random_dirichlet,0,1.0000,-4.5164,0.8325,4.6368,1.0000,50.04,0.5000,-0.8689,-4.6746,-4.6746
audioseal,3,english:1098,1,169,eep,1,1.0000,-9.7406,-4.6746,4.6079,0.9999,41.44,0.5000,-0.8689,-4.6746,-4.6746
audioseal,3,english:1098,1,169,fwp,1,1.0000,-9.7406,-4.6746,4.6079,0.9999,41.44,0.5000,-0.8689,-4.6746,-4.6746
audioseal,3,english:1098,1,169,dm,1,1.0000,-9.8163,-5.1909,4.6044,0.9999,41.31,0.5000,-0.8689,-4.6746,-4.6746
audioseal,3,english:1098,1,169,tct,1,1.0000,-9.7406,-4.6746,4.6079,0.9999,41.44,0.5000,-0.8689,-4.6746,-4.6746
audioseal,3,english:1098,1,169,payload_farthest,1,1.0000,-9.7406,-4.6746,4.6079,0.9999,41.44,0.5000,-0.8689,-4.6746,-4.6746
audioseal,3,english:1098,2,170,single_copy,0,1.0000,-4.2971,0.8639,4.6439,1.0000,148.75,0.5000,-0.5469,-4.8848,-4.8848
audioseal,3,english:1098,2,170,mean,1,1.0000,-8.0137,-2.6152,4.6033,0.9998,40.59,0.5000,-0.5469,-4.8848,-4.8848
audioseal,3,english:1098,2,170,rp,1,1.0000,-7.5569,-1.4731,4.6153,0.9999,42.61,0.5000,-0.5469,-4.8848,-4.8848
audioseal,3,english:1098,2,170,random_dirichlet,1,1.0000,-7.2395,-2.0052,4.6110,0.9999,42.10,0.5000,-0.5469,-4.8848,-4.8848
audioseal,3,english:1098,2,170,eep,1,1.0000,-7.5569,-1.4731,4.6153,0.9999,42.61,0.5000,-0.5469,-4.8848,-4.8848
audioseal,3,english:1098,2,170,fwp,1,1.0000,-10.2156,-5.0622,4.5677,0.9997,37.07,0.5000,-0.5469,-4.8848,-4.8848
audioseal,3,english:1098,2,170,dm,1,0.9999,-9.1646,-3.5551,4.5937,0.9998,39.41,0.5000,-0.5469,-4.8848,-4.8848
audioseal,3,english:1098,2,170,tct,1,1.0000,-9.9820,-4.8848,4.6164,0.9999,42.14,0.5000,-0.5469,-4.8848,-4.8848
audioseal,3,english:1098,2,170,payload_farthest,1,1.0000,-7.4988,-2.5786,4.6075,0.9998,40.24,0.5000,-0.5469,-4.8848,-4.8848
audioseal,3,english:1116,0,171,single_copy,0,0.9999,-4.1844,0.8776,4.6439,1.0000,142.54,0.0000,-0.9913,-0.8449,-0.8449
audioseal,3,english:1116,0,171,mean,1,1.0000,-6.9581,-2.3253,4.5952,0.9997,35.27,0.0000,-0.9913,-0.8449,-0.8449
audioseal,3,english:1116,0,171,rp,1,1.0000,-5.8416,-0.4836,4.6053,0.9998,36.29,0.0000,-0.9913,-0.8449,-0.8449
audioseal,3,english:1116,0,171,random_dirichlet,0,1.0000,-4.3652,0.5533,4.5843,0.9996,33.84,0.0000,-0.9913,-0.8449,-0.8449
audioseal,3,english:1116,0,171,eep,1,1.0000,-8.0036,-2.5926,4.6060,0.9998,36.28,0.0000,-0.9913,-0.8449,-0.8449
audioseal,3,english:1116,0,171,fwp,1,1.0000,-6.4028,-1.4447,4.5602,0.9994,31.75,0.0000,-0.9913,-0.8449,-0.8449
audioseal,3,english:1116,0,171,dm,1,1.0000,-6.8733,-2.2591,4.5921,0.9997,34.80,0.0000,-0.9913,-0.8449,-0.8449
audioseal,3,english:1116,0,171,tct,1,1.0000,-5.6969,-0.8449,4.5750,0.9996,32.88,0.0000,-0.9913,-0.8449,-0.8449
audioseal,3,english:1116,0,171,payload_farthest,1,1.0000,-8.0036,-2.5926,4.6060,0.9998,36.28,0.0000,-0.9913,-0.8449,-0.8449
audioseal,3,english:1116,1,172,single_copy,0,1.0000,-4.1240,0.8429,4.6439,1.0000,142.54,1.0000,-0.9606,-2.1038,-2.1039
audioseal,3,english:1116,1,172,mean,1,1.0000,-6.3219,-1.5313,4.6135,0.9997,34.91,1.0000,-0.9606,-2.1038,-2.1039
audioseal,3,english:1116,1,172,rp,1,1.0000,-7.6012,-2.0441,4.6160,0.9997,34.31,1.0000,-0.9606,-2.1038,-2.1039
audioseal,3,english:1116,1,172,random_dirichlet,0,1.0000,-4.1927,0.9555,4.5920,0.9993,31.56,1.0000,-0.9606,-2.1038,-2.1039
audioseal,3,english:1116,1,172,eep,1,1.0000,-7.6012,-2.0441,4.6160,0.9997,34.31,1.0000,-0.9606,-2.1038,-2.1039
audioseal,3,english:1116,1,172,fwp,1,1.0000,-9.2128,-4.1626,4.5873,0.9994,31.39,1.0000,-0.9606,-2.1038,-2.1039
audioseal,3,english:1116,1,172,dm,1,1.0000,-8.6367,-3.4104,4.6042,0.9996,33.13,1.0000,-0.9606,-2.1038,-2.1039
audioseal,3,english:1116,1,172,tct,1,1.0000,-6.5745,-2.1038,4.6117,0.9997,34.83,1.0000,-0.9606,-2.1038,-2.1039
audioseal,3,english:1116,1,172,payload_farthest,1,1.0000,-9.2128,-4.1626,4.5873,0.9994,31.39,1.0000,-0.9606,-2.1038,-2.1039
audioseal,3,english:1116,2,173,single_copy,0,1.0000,-4.0994,0.8388,4.6439,1.0000,142.55,1.0000,-0.9841,-0.3597,-0.3596
audioseal,3,english:1116,2,173,mean,0,1.0000,-4.4799,0.4491,4.6126,0.9999,37.56,1.0000,-0.9841,-0.3597,-0.3596
audioseal,3,english:1116,2,173,rp,1,1.0000,-8.8427,-3.2998,4.5871,0.9997,34.04,1.0000,-0.9841,-0.3597,-0.3596
audioseal,3,english:1116,2,173,random_dirichlet,1,1.0000,-5.8831,-0.7171,4.6054,0.9998,36.66,1.0000,-0.9841,-0.3597,-0.3596
audioseal,3,english:1116,2,173,eep,1,1.0000,-5.1782,-0.5195,4.6185,0.9999,38.06,1.0000,-0.9841,-0.3597,-0.3596
audioseal,3,english:1116,2,173,fwp,1,1.0000,-8.8427,-3.2998,4.5871,0.9997,34.04,1.0000,-0.9841,-0.3597,-0.3596
audioseal,3,english:1116,2,173,dm,1,1.0000,-8.9104,-3.1778,4.5911,0.9997,34.42,1.0000,-0.9841,-0.3597,-0.3596
audioseal,3,english:1116,2,173,tct,1,1.0000,-5.9228,-0.3597,4.5952,0.9997,35.06,1.0000,-0.9841,-0.3597,-0.3596
audioseal,3,english:1116,2,173,payload_farthest,1,1.0000,-8.8427,-3.2998,4.5871,0.9997,34.04,1.0000,-0.9841,-0.3597,-0.3596
audioseal,3,english:118,0,174,single_copy,0,1.0000,-4.1879,0.9109,4.6439,1.0000,144.91,0.0000,-0.2319,-1.4465,-1.4465
audioseal,3,english:118,0,174,mean,1,1.0000,-8.3562,-3.3111,4.5937,0.9982,37.90,0.0000,-0.2319,-1.4465,-1.4465
audioseal,3,english:118,0,174,rp,1,1.0000,-6.9800,-1.1505,4.5534,0.9961,34.37,0.0000,-0.2319,-1.4465,-1.4465
audioseal,3,english:118,0,174,random_dirichlet,1,1.0000,-5.7523,-0.2630,4.6192,0.9993,41.81,0.0000,-0.2319,-1.4465,-1.4465
audioseal,3,english:118,0,174,eep,1,1.0000,-8.1968,-1.2177,4.6105,0.9988,38.82,0.0000,-0.2319,-1.4465,-1.4465
audioseal,3,english:118,0,174,fwp,1,1.0000,-6.9800,-1.1505,4.5534,0.9961,34.37,0.0000,-0.2319,-1.4465,-1.4465
audioseal,3,english:118,0,174,dm,1,1.0000,-8.1936,-3.2268,4.5908,0.9981,37.59,0.0000,-0.2319,-1.4465,-1.4465
audioseal,3,english:118,0,174,tct,1,1.0000,-6.3715,-1.4465,4.5772,0.9973,36.04,0.0000,-0.2319,-1.4465,-1.4465
audioseal,3,english:118,0,174,payload_farthest,1,1.0000,-8.1968,-1.2177,4.6105,0.9988,38.82,0.0000,-0.2319,-1.4465,-1.4465
audioseal,3,english:118,1,175,single_copy,0,1.0000,-4.1899,0.8667,4.6439,1.0000,144.92,0.8660,-0.2296,-1.6473,-1.6474
audioseal,3,english:118,1,175,mean,1,1.0000,-8.9572,-4.6147,4.6023,0.9987,37.00,0.8660,-0.2296,-1.6473,-1.6474
audioseal,3,english:118,1,175,rp,1,1.0000,-6.4721,-1.0892,4.5626,0.9974,33.48,0.8660,-0.2296,-1.6473,-1.6474
audioseal,3,english:118,1,175,random_dirichlet,1,1.0000,-5.3196,-0.8518,4.5846,0.9981,35.30,0.8660,-0.2296,-1.6473,-1.6474
audioseal,3,english:118,1,175,eep,1,1.0000,-7.3553,-2.0610,4.6161,0.9991,38.94,0.8660,-0.2296,-1.6473,-1.6474
audioseal,3,english:118,1,175,fwp,1,1.0000,-6.7502,-1.4115,4.6100,0.9990,38.16,0.8660,-0.2296,-1.6473,-1.6474
audioseal,3,english:118,1,175,dm,1,1.0000,-8.4775,-3.9723,4.6064,0.9989,37.55,0.8660,-0.2296,-1.6473,-1.6474
audioseal,3,english:118,1,175,tct,1,1.0000,-7.0096,-1.6473,4.6100,0.9990,38.19,0.8660,-0.2296,-1.6473,-1.6474
audioseal,3,english:118,1,175,payload_farthest,1,1.0000,-6.7502,-1.4115,4.6100,0.9990,38.16,0.8660,-0.2296,-1.6473,-1.6474
audioseal,3,english:118,2,176,single_copy,0,1.0000,-4.2543,0.8719,4.6439,1.0000,144.91,1.0000,-0.9585,-0.4928,-0.4928
audioseal,3,english:118,2,176,mean,1,1.0000,-6.3321,-1.5863,4.5801,0.9982,33.31,1.0000,-0.9585,-0.4928,-0.4928
audioseal,3,english:118,2,176,rp,1,1.0000,-7.2631,-0.9432,4.5883,0.9990,36.10,1.0000,-0.9585,-0.4928,-0.4928
audioseal,3,english:118,2,176,random_dirichlet,1,1.0000,-5.3315,-0.4290,4.5661,0.9973,31.40,1.0000,-0.9585,-0.4928,-0.4928
audioseal,3,english:118,2,176,eep,1,1.0000,-9.2605,-3.9494,4.5948,0.9985,34.91,1.0000,-0.9585,-0.4928,-0.4928
audioseal,3,english:118,2,176,fwp,1,1.0000,-9.2605,-3.9494,4.5948,0.9985,34.91,1.0000,-0.9585,-0.4928,-0.4928
audioseal,3,english:118,2,176,dm,1,1.0000,-9.1631,-4.0919,4.5944,0.9986,34.90,1.0000,-0.9585,-0.4928,-0.4928
audioseal,3,english:118,2,176,tct,1,1.0000,-5.3201,-0.4928,4.5702,0.9981,32.75,1.0000,-0.9585,-0.4928,-0.4928
audioseal,3,english:118,2,176,payload_farthest,1,1.0000,-9.2605,-3.9494,4.5948,0.9985,34.91,1.0000,-0.9585,-0.4928,-0.4928
audioseal,3,english:1183,0,177,single_copy,0,1.0000,-3.9324,0.9982,4.6439,1.0000,142.58,0.5000,-0.9502,-4.7179,-4.7179
audioseal,3,english:1183,0,177,mean,1,1.0000,-8.4997,-4.0751,4.5895,0.9996,35.09,0.5000,-0.9502,-4.7179,-4.7179
audioseal,3,english:1183,0,177,rp,1,1.0000,-7.4679,-1.6446,4.5524,0.9991,31.56,0.5000,-0.9502,-4.7179,-4.7179
audioseal,3,english:1183,0,177,random_dirichlet,0,1.0000,-5.2200,0.1744,4.6201,0.9998,39.50,0.5000,-0.9502,-4.7179,-4.7179
audioseal,3,english:1183,0,177,eep,1,1.0000,-7.9414,-1.7854,4.5961,0.9997,37.52,0.5000,-0.9502,-4.7179,-4.7179
audioseal,3,english:1183,0,177,fwp,1,1.0000,-9.4823,-4.7179,4.5985,0.9997,35.55,0.5000,-0.9502,-4.7179,-4.7179
audioseal,3,english:1183,0,177,dm,1,1.0000,-8.6966,-4.4873,4.5929,0.9996,35.17,0.5000,-0.9502,-4.7179,-4.7179
audioseal,3,english:1183,0,177,tct,1,1.0000,-9.4823,-4.7179,4.5985,0.9997,35.55,0.5000,-0.9502,-4.7179,-4.7179
audioseal,3,english:1183,0,177,payload_farthest,1,1.0000,-9.4823,-4.7179,4.5985,0.9997,35.55,0.5000,-0.9502,-4.7179,-4.7179
audioseal,3,english:1183,1,178,single_copy,0,1.0000,-4.1534,0.9418,4.6439,1.0000,142.58,-0.5000,-0.9513,-0.6705,-0.6705
audioseal,3,english:1183,1,178,mean,1,1.0000,-8.5209,-3.7713,4.6016,0.9997,31.67,-0.5000,-0.9513,-0.6705,-0.6705
audioseal,3,english:1183,1,178,rp,1,1.0000,-10.4464,-5.6322,4.5638,0.9992,28.15,-0.5000,-0.9513,-0.6705,-0.6705
audioseal,3,english:1183,1,178,random_dirichlet,1,1.0000,-8.2777,-3.0978,4.5896,0.9995,30.71,-0.5000,-0.9513,-0.6705,-0.6705
audioseal,3,english:1183,1,178,eep,1,0.9999,-9.9989,-4.9022,4.6056,0.9997,33.35,-0.5000,-0.9513,-0.6705,-0.6705
audioseal,3,english:1183,1,178,fwp,1,0.9999,-9.9989,-4.9022,4.6056,0.9997,33.35,-0.5000,-0.9513,-0.6705,-0.6705
audioseal,3,english:1183,1,178,dm,1,1.0000,-7.6524,-2.9666,4.6118,0.9997,32.96,-0.5000,-0.9513,-0.6705,-0.6705
audioseal,3,english:1183,1,178,tct,1,1.0000,-6.1411,-0.6705,4.5851,0.9995,30.35,-0.5000,-0.9513,-0.6705,-0.6705
audioseal,3,english:1183,1,178,payload_farthest,1,1.0000,-10.4464,-5.6322,4.5638,0.9992,28.15,-0.5000,-0.9513,-0.6705,-0.6705
audioseal,3,english:1183,2,179,single_copy,0,1.0000,-4.0708,0.9262,4.6439,1.0000,142.58,1.0000,-0.9265,-0.4909,-0.4908
audioseal,3,english:1183,2,179,mean,1,1.0000,-5.7062,-0.7953,4.6244,0.9998,37.46,1.0000,-0.9265,-0.4909,-0.4908
audioseal,3,english:1183,2,179,rp,1,1.0000,-6.7324,-1.6455,4.6254,0.9998,37.85,1.0000,-0.9265,-0.4909,-0.4908
audioseal,3,english:1183,2,179,random_dirichlet,1,1.0000,-5.9636,-0.4507,4.6079,0.9996,34.47,1.0000,-0.9265,-0.4909,-0.4908
audioseal,3,english:1183,2,179,eep,1,1.0000,-6.7324,-1.6455,4.6254,0.9998,37.85,1.0000,-0.9265,-0.4909,-0.4908
audioseal,3,english:1183,2,179,fwp,1,1.0000,-6.7324,-1.6455,4.6254,0.9998,37.85,1.0000,-0.9265,-0.4909,-0.4908
audioseal,3,english:1183,2,179,dm,1,1.0000,-6.4920,-1.6644,4.6261,0.9998,37.84,1.0000,-0.9265,-0.4909,-0.4908
audioseal,3,english:1183,2,179,tct,1,1.0000,-5.2928,-0.4909,4.6331,0.9999,40.73,1.0000,-0.9265,-0.4909,-0.4908
audioseal,3,english:1183,2,179,payload_farthest,1,1.0000,-6.7324,-1.6455,4.6254,0.9998,37.85,1.0000,-0.9265,-0.4909,-0.4908
audioseal,3,english:1235,0,180,single_copy,0,0.9998,-4.2472,0.8260,4.6439,1.0000,136.71,-1.0000,-0.2705,-3.8463,-3.8463
audioseal,3,english:1235,0,180,mean,1,1.0000,-8.6061,-3.5889,4.5997,0.9968,32.51,-1.0000,-0.2705,-3.8463,-3.8463
audioseal,3,english:1235,0,180,rp,1,1.0000,-8.4004,-3.0804,4.5604,0.9943,28.99,-1.0000,-0.2705,-3.8463,-3.8463
audioseal,3,english:1235,0,180,random_dirichlet,1,1.0000,-8.6862,-3.8466,4.5946,0.9964,32.12,-1.0000,-0.2705,-3.8463,-3.8463
audioseal,3,english:1235,0,180,eep,1,1.0000,-7.7017,-2.1122,4.6053,0.9968,34.02,-1.0000,-0.2705,-3.8463,-3.8463
audioseal,3,english:1235,0,180,fwp,1,1.0000,-7.0376,-2.2287,4.6071,0.9979,33.69,-1.0000,-0.2705,-3.8463,-3.8463
audioseal,3,english:1235,0,180,dm,1,1.0000,-8.4727,-3.3735,4.6012,0.9969,32.64,-1.0000,-0.2705,-3.8463,-3.8463
audioseal,3,english:1235,0,180,tct,1,1.0000,-8.7269,-3.8463,4.5981,0.9966,32.59,-1.0000,-0.2705,-3.8463,-3.8463
audioseal,3,english:1235,0,180,payload_farthest,1,1.0000,-8.4004,-3.0804,4.5604,0.9943,28.99,-1.0000,-0.2705,-3.8463,-3.8463
audioseal,3,english:1235,1,181,single_copy,0,1.0000,-4.3556,0.8216,4.6439,1.0000,136.71,1.0000,-0.5629,-3.6227,-3.6227
audioseal,3,english:1235,1,181,mean,1,1.0000,-8.0781,-2.3328,4.5622,0.9964,31.00,1.0000,-0.5629,-3.6227,-3.6227
audioseal,3,english:1235,1,181,rp,0,1.0000,-5.3337,0.3887,4.5055,0.9926,27.47,1.0000,-0.5629,-3.6227,-3.6227
audioseal,3,english:1235,1,181,random_dirichlet,1,1.0000,-5.8435,-0.2274,4.6141,0.9988,36.11,1.0000,-0.5629,-3.6227,-3.6227
audioseal,3,english:1235,1,181,eep,1,1.0000,-9.2935,-3.8511,4.5852,0.9978,33.05,1.0000,-0.5629,-3.6227,-3.6227
audioseal,3,english:1235,1,181,fwp,1,1.0000,-7.8739,-2.6658,4.5842,0.9967,32.68,1.0000,-0.5629,-3.6227,-3.6227
audioseal,3,english:1235,1,181,dm,1,1.0000,-8.9439,-2.8101,4.5788,0.9972,32.25,1.0000,-0.5629,-3.6227,-3.6227
audioseal,3,english:1235,1,181,tct,1,1.0000,-9.4148,-3.6227,4.5903,0.9979,33.37,1.0000,-0.5629,-3.6227,-3.6227
audioseal,3,english:1235,1,181,payload_farthest,1,1.0000,-7.8739,-2.6658,4.5842,0.9967,32.68,1.0000,-0.5629,-3.6227,-3.6227
audioseal,3,english:1235,2,182,single_copy,0,0.9999,-4.1656,0.9599,4.6439,1.0000,136.71,0.8660,-0.9955,-2.5639,-2.5639
audioseal,3,english:1235,2,182,mean,1,1.0000,-7.0310,-2.2953,4.5816,0.9966,33.13,0.8660,-0.9955,-2.5639,-2.5639
audioseal,3,english:1235,2,182,rp,1,1.0000,-6.9477,-1.4528,4.5325,0.9930,29.60,0.8660,-0.9955,-2.5639,-2.5639
audioseal,3,english:1235,2,182,random_dirichlet,1,1.0000,-6.7483,-1.2151,4.5670,0.9960,31.29,0.8660,-0.9955,-2.5639,-2.5639
audioseal,3,english:1235,2,182,eep,1,1.0000,-9.4634,-4.1039,4.5896,0.9973,33.04,0.8660,-0.9955,-2.5639,-2.5639
audioseal,3,english:1235,2,182,fwp,1,1.0000,-9.4634,-4.1039,4.5896,0.9973,33.04,0.8660,-0.9955,-2.5639,-2.5639
audioseal,3,english:1235,2,182,dm,1,1.0000,-8.2339,-2.9590,4.5790,0.9967,32.75,0.8660,-0.9955,-2.5639,-2.5639
audioseal,3,english:1235,2,182,tct,1,1.0000,-7.9154,-2.5639,4.6107,0.9980,36.03,0.8660,-0.9955,-2.5639,-2.5639
audioseal,3,english:1235,2,182,payload_farthest,1,1.0000,-9.4634,-4.1039,4.5896,0.9973,33.04,0.8660,-0.9955,-2.5639,-2.5639
audioseal,3,english:1246,0,183,single_copy,0,1.0000,-4.3634,0.8185,4.6439,1.0000,139.78,-0.8660,-0.9486,-3.5336,-3.5336
audioseal,3,english:1246,0,183,mean,1,1.0000,-8.9220,-3.4662,4.5976,0.9995,33.10,-0.8660,-0.9486,-3.5336,-3.5336
audioseal,3,english:1246,0,183,rp,1,1.0000,-7.0102,-0.2965,4.6010,0.9996,34.75,-0.8660,-0.9486,-3.5336,-3.5336
audioseal,3,english:1246,0,183,random_dirichlet,0,1.0000,-4.2501,0.8148,4.5513,0.9990,29.76,-0.8660,-0.9486,-3.5336,-3.5336
audioseal,3,english:1246,0,183,eep,1,1.0000,-7.5801,-2.0790,4.6153,0.9996,34.88,-0.8660,-0.9486,-3.5336,-3.5336
audioseal,3,english:1246,0,183,fwp,1,1.0000,-7.0102,-0.2965,4.6010,0.9996,34.75,-0.8660,-0.9486,-3.5336,-3.5336
audioseal,3,english:1246,0,183,dm,1,1.0000,-8.3389,-3.0458,4.6058,0.9996,34.03,-0.8660,-0.9486,-3.5336,-3.5336
audioseal,3,english:1246,0,183,tct,1,1.0000,-9.2719,-3.5336,4.5894,0.9994,32.35,-0.8660,-0.9486,-3.5336,-3.5336
audioseal,3,english:1246,0,183,payload_farthest,1,1.0000,-8.8938,-2.8132,4.5524,0.9989,29.58,-0.8660,-0.9486,-3.5336,-3.5336
audioseal,3,english:1246,1,184,single_copy,0,1.0000,-4.0584,0.9642,4.6439,1.0000,139.79,0.8660,-0.9480,-1.4737,-1.4736
audioseal,3,english:1246,1,184,mean,1,1.0000,-7.0587,-2.2265,4.5852,0.9995,35.99,0.8660,-0.9480,-1.4737,-1.4736
audioseal,3,english:1246,1,184,rp,1,1.0000,-8.0454,-2.1797,4.5842,0.9995,35.19,0.8660,-0.9480,-1.4737,-1.4736
audioseal,3,english:1246,1,184,random_dirichlet,1,1.0000,-6.1459,-1.0993,4.6029,0.9997,37.80,0.8660,-0.9480,-1.4737,-1.4736
audioseal,3,english:1246,1,184,eep,1,1.0000,-8.7272,-3.7752,4.5663,0.9990,32.46,0.8660,-0.9480,-1.4737,-1.4736
audioseal,3,english:1246,1,184,fwp,1,1.0000,-8.0454,-2.1797,4.5842,0.9995,35.19,0.8660,-0.9480,-1.4737,-1.4736
audioseal,3,english:1246,1,184,dm,1,1.0000,-8.3124,-3.1006,4.5783,0.9994,34.73,0.8660,-0.9480,-1.4737,-1.4736
audioseal,3,english:1246,1,184,tct,1,1.0000,-7.1989,-1.4737,4.5897,0.9996,36.05,0.8660,-0.9480,-1.4737,-1.4736
audioseal,3,english:1246,1,184,payload_farthest,1,1.0000,-8.0454,-2.1797,4.5842,0.9995,35.19,0.8660,-0.9480,-1.4737,-1.4736
audioseal,3,english:1246,2,185,single_copy,0,1.0000,-4.1088,0.9993,4.6439,1.0000,139.79,-0.5000,-0.9928,-3.3305,-3.3305
audioseal,3,english:1246,2,185,mean,1,1.0000,-8.2778,-3.1895,4.5850,0.9994,33.84,-0.5000,-0.9928,-3.3305,-3.3305
audioseal,3,english:1246,2,185,rp,1,0.9999,-7.8590,-2.7154,4.5987,0.9995,34.72,-0.5000,-0.9928,-3.3305,-3.3305
audioseal,3,english:1246,2,185,random_dirichlet,1,0.9999,-7.5829,-2.1472,4.5576,0.9989,31.06,-0.5000,-0.9928,-3.3305,-3.3305
audioseal,3,english:1246,2,185,eep,1,1.0000,-8.4085,-3.1463,4.5998,0.9996,35.67,-0.5000,-0.9928,-3.3305,-3.3305
audioseal,3,english:1246,2,185,fwp,1,0.9999,-7.8590,-2.7154,4.5987,0.9995,34.72,-0.5000,-0.9928,-3.3305,-3.3305
audioseal,3,english:1246,2,185,dm,1,1.0000,-8.2760,-3.0366,4.5874,0.9995,34.08,-0.5000,-0.9928,-3.3305,-3.3305
audioseal,3,english:1246,2,185,tct,1,0.9999,-8.2601,-3.3305,4.6017,0.9996,35.34,-0.5000,-0.9928,-3.3305,-3.3305
audioseal,3,english:1246,2,185,payload_farthest,1,1.0000,-8.4085,-3.1463,4.5998,0.9996,35.67,-0.5000,-0.9928,-3.3305,-3.3305
audioseal,3,english:125,0,186,single_copy,0,1.0000,-4.1389,0.8897,4.6439,1.0000,140.07,0.5000,-0.9992,0.0744,0.0744
audioseal,3,english:125,0,186,mean,1,1.0000,-6.0716,-0.8019,4.5934,0.9988,33.14,0.5000,-0.9992,0.0744,0.0744
audioseal,3,english:125,0,186,rp,1,1.0000,-5.5684,-0.6074,4.6087,0.9992,33.39,0.5000,-0.9992,0.0744,0.0744
audioseal,3,english:125,0,186,random_dirichlet,0,1.0000,-4.4769,0.3970,4.5597,0.9969,29.80,0.5000,-0.9992,0.0744,0.0744
audioseal,3,english:125,0,186,eep,1,1.0000,-5.5684,-0.6074,4.6087,0.9992,33.39,0.5000,-0.9992,0.0744,0.0744
audioseal,3,english:125,0,186,fwp,1,1.0000,-7.1222,-0.5404,4.5683,0.9976,29.62,0.5000,-0.9992,0.0744,0.0744
audioseal,3,english:125,0,186,dm,1,1.0000,-6.2259,-0.7100,4.5925,0.9987,32.34,0.5000,-0.9992,0.0744,0.0744
audioseal,3,english:125,0,186,tct,0,1.0000,-5.1545,0.0744,4.6173,0.9992,35.72,0.5000,-0.9992,0.0744,0.0744
audioseal,3,english:125,0,186,payload_farthest,1,1.0000,-7.1222,-0.5404,4.5683,0.9976,29.62,0.5000,-0.9992,0.0744,0.0744
audioseal,3,english:125,1,187,single_copy,0,1.0000,-4.2874,0.9869,4.6439,1.0000,140.08,1.0000,-0.8937,-1.8887,-1.8887
audioseal,3,english:125,1,187,mean,1,1.0000,-7.8686,-2.8491,4.5912,0.9963,30.66,1.0000,-0.8937,-1.8887,-1.8887
audioseal,3,english:125,1,187,rp,1,1.0000,-8.2686,-2.9492,4.6056,0.9972,32.98,1.0000,-0.8937,-1.8887,-1.8887
audioseal,3,english:125,1,187,random_dirichlet,1,1.0000,-6.7314,-1.6060,4.6205,0.9983,34.83,1.0000,-0.8937,-1.8887,-1.8887
audioseal,3,english:125,1,187,eep,1,1.0000,-6.5906,-1.4245,4.5500,0.9941,27.13,1.0000,-0.8937,-1.8887,-1.8887
audioseal,3,english:125,1,187,fwp,1,0.9999,-8.9268,-1.8887,4.5788,0.9973,31.79,1.0000,-0.8937,-1.8887,-1.8887
audioseal,3,english:125,1,187,dm,1,1.0000,-8.6915,-3.1961,4.5969,0.9968,31.47,1.0000,-0.8937,-1.8887,-1.8887
audioseal,3,english:125,1,187,tct,1,0.9999,-8.9268,-1.8887,4.5788,0.9973,31.79,1.0000,-0.8937,-1.8887,-1.8887
audioseal,3,english:125,1,187,payload_farthest,1,0.9999,-8.9268,-1.8887,4.5788,0.9973,31.79,1.0000,-0.8937,-1.8887,-1.8887
audioseal,3,english:125,2,188,single_copy,0,1.0000,-4.2471,0.9123,4.6439,1.0000,140.09,1.0000,-0.4462,-4.4594,-4.4594
audioseal,3,english:125,2,188,mean,1,1.0000,-9.9310,-4.5255,4.6108,0.9979,32.90,1.0000,-0.4462,-4.4594,-4.4594
audioseal,3,english:125,2,188,rp,1,1.0000,-9.7770,-4.4594,4.5794,0.9957,29.37,1.0000,-0.4462,-4.4594,-4.4594
audioseal,3,english:125,2,188,random_dirichlet,0,1.0000,-4.2276,0.9134,4.5585,0.9947,28.36,1.0000,-0.4462,-4.4594,-4.4594
audioseal,3,english:125,2,188,eep,1,1.0000,-7.9462,-1.9141,4.5917,0.9971,32.19,1.0000,-0.4462,-4.4594,-4.4594
audioseal,3,english:125,2,188,fwp,1,1.0000,-9.7770,-4.4594,4.5794,0.9957,29.37,1.0000,-0.4462,-4.4594,-4.4594
audioseal,3,english:125,2,188,dm,1,1.0000,-9.2952,-3.7506,4.5959,0.9970,31.40,1.0000,-0.4462,-4.4594,-4.4594
audioseal,3,english:125,2,188,tct,1,1.0000,-9.7770,-4.4594,4.5794,0.9957,29.37,1.0000,-0.4462,-4.4594,-4.4594
audioseal,3,english:125,2,188,payload_farthest,1,1.0000,-9.7770,-4.4594,4.5794,0.9957,29.37,1.0000,-0.4462,-4.4594,-4.4594
audioseal,3,english:1263,0,189,single_copy,0,1.0000,-4.0278,0.9827,4.6439,1.0000,142.73,0.5000,-0.9897,-0.9160,-0.9160
audioseal,3,english:1263,0,189,mean,1,1.0000,-6.4398,-1.4297,4.6051,0.9997,33.45,0.5000,-0.9897,-0.9160,-0.9160
audioseal,3,english:1263,0,189,rp,1,1.0000,-5.6992,-0.8702,4.6132,0.9999,36.94,0.5000,-0.9897,-0.9160,-0.9160
audioseal,3,english:1263,0,189,random_dirichlet,1,1.0000,-7.5400,-1.7814,4.5924,0.9996,31.30,0.5000,-0.9897,-0.9160,-0.9160
audioseal,3,english:1263,0,189,eep,1,1.0000,-5.6992,-0.8702,4.6132,0.9999,36.94,0.5000,-0.9897,-0.9160,-0.9160
audioseal,3,english:1263,0,189,fwp,1,0.9999,-8.6397,-3.3316,4.6087,0.9997,32.91,0.5000,-0.9897,-0.9160,-0.9160
audioseal,3,english:1263,0,189,dm,1,1.0000,-6.8761,-1.3094,4.6054,0.9997,32.78,0.5000,-0.9897,-0.9160,-0.9160
audioseal,3,english:1263,0,189,tct,1,1.0000,-5.7685,-0.9160,4.5967,0.9997,32.27,0.5000,-0.9897,-0.9160,-0.9160
audioseal,3,english:1263,0,189,payload_farthest,1,1.0000,-9.5468,-4.3399,4.5805,0.9994,29.92,0.5000,-0.9897,-0.9160,-0.9160
audioseal,3,english:1263,1,190,single_copy,0,1.0000,-4.0642,0.9209,4.6439,1.0000,142.73,1.0000,-0.9973,-1.1969,-1.1969
audioseal,3,english:1263,1,190,mean,1,1.0000,-6.9772,-1.9573,4.5736,0.9996,31.89,1.0000,-0.9973,-1.1969,-1.1969
audioseal,3,english:1263,1,190,rp,1,1.0000,-7.1634,-2.2000,4.5969,0.9997,33.73,1.0000,-0.9973,-1.1969,-1.1969
audioseal,3,english:1263,1,190,random_dirichlet,1,1.0000,-6.1200,-1.4744,4.6018,0.9998,34.33,1.0000,-0.9973,-1.1969,-1.1969
audioseal,3,english:1263,1,190,eep,1,1.0000,-7.1634,-2.2000,4.5969,0.9997,33.73,1.0000,-0.9973,-1.1969,-1.1969
audioseal,3,english:1263,1,190,fwp,1,1.0000,-7.1634,-2.2000,4.5969,0.9997,33.73,1.0000,-0.9973,-1.1969,-1.1969
audioseal,3,english:1263,1,190,dm,1,1.0000,-6.5463,-1.9696,4.5958,0.9997,33.68,1.0000,-0.9973,-1.1969,-1.1969
audioseal,3,english:1263,1,190,tct,1,1.0000,-7.2976,-1.1969,4.5830,0.9997,32.41,1.0000,-0.9973,-1.1969,-1.1969
audioseal,3,english:1263,1,190,payload_farthest,1,1.0000,-7.1634,-2.2000,4.5969,0.9997,33.73,1.0000,-0.9973,-1.1969,-1.1969
audioseal,3,english:1263,2,191,single_copy,0,1.0000,-4.1750,0.8002,4.6439,1.0000,142.73,0.8660,-0.7921,-0.8231,-0.8231
audioseal,3,english:1263,2,191,mean,1,1.0000,-7.4271,-2.6513,4.6056,0.9998,33.04,0.8660,-0.7921,-0.8231,-0.8231
audioseal,3,english:1263,2,191,rp,1,1.0000,-6.1730,-0.8231,4.5611,0.9994,29.52,0.8660,-0.7921,-0.8231,-0.8231
audioseal,3,english:1263,2,191,random_dirichlet,0,1.0000,-4.4895,0.6921,4.5786,0.9995,30.76,0.8660,-0.7921,-0.8231,-0.8231
audioseal,3,english:1263,2,191,eep,1,1.0000,-6.1730,-0.8231,4.5611,0.9994,29.52,0.8660,-0.7921,-0.8231,-0.8231
audioseal,3,english:1263,2,191,fwp,1,1.0000,-7.5340,-1.1171,4.6097,0.9998,34.06,0.8660,-0.7921,-0.8231,-0.8231
audioseal,3,english:1263,2,191,dm,1,1.0000,-7.8183,-1.9279,4.6111,0.9998,33.96,0.8660,-0.7921,-0.8231,-0.8231
audioseal,3,english:1263,2,191,tct,1,1.0000,-6.1730,-0.8231,4.5611,0.9994,29.52,0.8660,-0.7921,-0.8231,-0.8231
audioseal,3,english:1263,2,191,payload_farthest,1,1.0000,-7.5340,-1.1171,4.6097,0.9998,34.06,0.8660,-0.7921,-0.8231,-0.8231
audioseal,3,english:1334,0,192,single_copy,0,1.0000,-4.0427,0.9252,4.6439,1.0000,144.20,-0.8660,-0.9803,0.4279,0.4279
audioseal,3,english:1334,0,192,mean,1,1.0000,-5.6822,-0.6187,4.6098,0.9989,38.08,-0.8660,-0.9803,0.4279,0.4279
audioseal,3,english:1334,0,192,rp,1,1.0000,-6.6456,-1.5531,4.5799,0.9977,34.55,-0.8660,-0.9803,0.4279,0.4279
audioseal,3,english:1334,0,192,random_dirichlet,1,1.0000,-6.1010,-0.4723,4.6233,0.9995,41.48,-0.8660,-0.9803,0.4279,0.4279
audioseal,3,english:1334,0,192,eep,1,1.0000,-7.0709,-0.8768,4.6168,0.9992,40.12,-0.8660,-0.9803,0.4279,0.4279
audioseal,3,english:1334,0,192,fwp,1,1.0000,-6.6456,-1.5531,4.5799,0.9977,34.55,-0.8660,-0.9803,0.4279,0.4279
audioseal,3,english:1334,0,192,dm,0,1.0000,-5.0699,0.1769,4.6041,0.9987,36.84,-0.8660,-0.9803,0.4279,0.4279
audioseal,3,english:1334,0,192,tct,0,1.0000,-5.0769,0.4279,4.5926,0.9982,35.42,-0.8660,-0.9803,0.4279,0.4279
audioseal,3,english:1334,0,192,payload_farthest,1,1.0000,-7.0709,-0.8768,4.6168,0.9992,40.12,-0.8660,-0.9803,0.4279,0.4279
audioseal,3,english:1334,1,193,single_copy,0,1.0000,-4.1046,0.9424,4.6439,1.0000,144.20,1.0000,-0.5747,-1.0981,-1.0981
audioseal,3,english:1334,1,193,mean,1,1.0000,-8.7215,-3.2809,4.6164,0.9989,37.01,1.0000,-0.5747,-1.0981,-1.0981
audioseal,3,english:1334,1,193,rp,1,1.0000,-10.0143,-5.1046,4.5883,0.9975,33.49,1.0000,-0.5747,-1.0981,-1.0981
audioseal,3,english:1334,1,193,random_dirichlet,1,1.0000,-8.0581,-2.6663,4.6139,0.9987,36.61,1.0000,-0.5747,-1.0981,-1.0981
audioseal,3,english:1334,1,193,eep,1,1.0000,-6.8467,-1.8000,4.6220,0.9990,38.27,1.0000,-0.5747,-1.0981,-1.0981
audioseal,3,english:1334,1,193,fwp,1,1.0000,-10.0143,-5.1046,4.5883,0.9975,33.49,1.0000,-0.5747,-1.0981,-1.0981
audioseal,3,english:1334,1,193,dm,1,1.0000,-8.4352,-2.0384,4.6085,0.9985,35.67,1.0000,-0.5747,-1.0981,-1.0981
audioseal,3,english:1334,1,193,tct,1,1.0000,-6.1476,-1.0981,4.6269,0.9992,39.24,1.0000,-0.5747,-1.0981,-1.0981
audioseal,3,english:1334,1,193,payload_farthest,1,1.0000,-10.0143,-5.1046,4.5883,0.9975,33.49,1.0000,-0.5747,-1.0981,-1.0981
audioseal,3,english:1334,2,194,single_copy,0,1.0000,-4.1989,0.9437,4.6439,1.0000,144.19,1.0000,-0.9844,-3.0413,-3.0413
audioseal,3,english:1334,2,194,mean,1,1.0000,-7.8318,-1.3715,4.5902,0.9982,32.57,1.0000,-0.9844,-3.0413,-3.0413
audioseal,3,english:1334,2,194,rp,1,1.0000,-6.3725,-1.0594,4.5406,0.9964,29.05,1.0000,-0.9844,-3.0413,-3.0413
audioseal,3,english:1334,2,194,random_dirichlet,1,1.0000,-6.5667,-1.1773,4.5616,0.9971,30.23,1.0000,-0.9844,-3.0413,-3.0413
audioseal,3,english:1334,2,194,eep,1,1.0000,-8.9794,-3.2855,4.6084,0.9987,34.69,1.0000,-0.9844,-3.0413,-3.0413
audioseal,3,english:1334,2,194,fwp,1,1.0000,-10.2757,-4.7770,4.6077,0.9987,34.49,1.0000,-0.9844,-3.0413,-3.0413
audioseal,3,english:1334,2,194,dm,1,1.0000,-10.1036,-4.5872,4.6044,0.9986,34.10,1.0000,-0.9844,-3.0413,-3.0413
audioseal,3,english:1334,2,194,tct,1,1.0000,-9.1986,-3.0413,4.6064,0.9987,34.52,1.0000,-0.9844,-3.0413,-3.0413
audioseal,3,english:1334,2,194,payload_farthest,1,1.0000,-10.2757,-4.7770,4.6077,0.9987,34.49,1.0000,-0.9844,-3.0413,-3.0413
audioseal,3,english:1355,0,195,single_copy,0,1.0000,-4.2984,0.9094,4.6439,1.0000,149.20,0.5000,-0.9415,-1.0225,-1.0225
audioseal,3,english:1355,0,195,mean,1,1.0000,-7.3644,-1.9683,4.5878,0.9997,38.87,0.5000,-0.9415,-1.0225,-1.0225
audioseal,3,english:1355,0,195,rp,1,1.0000,-6.8535,-1.1015,4.6084,0.9998,41.56,0.5000,-0.9415,-1.0225,-1.0225
audioseal,3,english:1355,0,195,random_dirichlet,1,1.0000,-5.7536,-0.3357,4.5768,0.9996,37.38,0.5000,-0.9415,-1.0225,-1.0225
audioseal,3,english:1355,0,195,eep,1,1.0000,-7.7719,-2.7113,4.6030,0.9997,39.41,0.5000,-0.9415,-1.0225,-1.0225
audioseal,3,english:1355,0,195,fwp,1,1.0000,-7.7719,-2.7113,4.6030,0.9997,39.41,0.5000,-0.9415,-1.0225,-1.0225
audioseal,3,english:1355,0,195,dm,1,1.0000,-7.8268,-1.8636,4.5977,0.9997,39.20,0.5000,-0.9415,-1.0225,-1.0225
audioseal,3,english:1355,0,195,tct,1,1.0000,-6.2312,-1.0225,4.5709,0.9996,37.44,0.5000,-0.9415,-1.0225,-1.0225
audioseal,3,english:1355,0,195,payload_farthest,1,1.0000,-7.7719,-2.7113,4.6030,0.9997,39.41,0.5000,-0.9415,-1.0225,-1.0225
audioseal,3,english:1355,1,196,single_copy,0,1.0000,-4.3451,0.8465,4.6439,1.0000,149.20,1.0000,-0.8555,-3.0761,-3.0761
audioseal,3,english:1355,1,196,mean,1,1.0000,-6.7611,-1.1163,4.6133,0.9997,41.12,1.0000,-0.8555,-3.0761,-3.0761
audioseal,3,english:1355,1,196,rp,1,0.9999,-8.5258,-3.0761,4.5820,0.9994,37.60,1.0000,-0.8555,-3.0761,-3.0761
audioseal,3,english:1355,1,196,random_dirichlet,1,1.0000,-4.9847,-0.1891,4.5591,0.9992,34.90,1.0000,-0.8555,-3.0761,-3.0761
audioseal,3,english:1355,1,196,eep,1,0.9999,-8.5258,-3.0761,4.5820,0.9994,37.60,1.0000,-0.8555,-3.0761,-3.0761
audioseal,3,english:1355,1,196,fwp,1,0.9999,-8.5258,-3.0761,4.5820,0.9994,37.60,1.0000,-0.8555,-3.0761,-3.0761
audioseal,3,english:1355,1,196,dm,1,0.9999,-8.5258,-3.0761,4.5820,0.9994,37.60,1.0000,-0.8555,-3.0761,-3.0761
audioseal,3,english:1355,1,196,tct,1,0.9999,-8.5258,-3.0761,4.5820,0.9994,37.60,1.0000,-0.8555,-3.0761,-3.0761
audioseal,3,english:1355,1,196,payload_farthest,1,0.9999,-8.5258,-3.0761,4.5820,0.9994,37.60,1.0000,-0.8555,-3.0761,-3.0761
audioseal,3,english:1355,2,197,single_copy,0,1.0000,-4.3028,0.8682,4.6439,1.0000,149.20,0.5000,-0.9839,-4.3678,-4.3678
audioseal,3,english:1355,2,197,mean,1,1.0000,-7.6376,-2.6936,4.6103,0.9996,39.21,0.5000,-0.9839,-4.3678,-4.3678
audioseal,3,english:1355,2,197,rp,1,1.0000,-9.6075,-3.6865,4.5779,0.9992,35.69,0.5000,-0.9839,-4.3678,-4.3678
audioseal,3,english:1355,2,197,random_dirichlet,1,1.0000,-5.1410,-0.0681,4.6198,0.9997,40.35,0.5000,-0.9839,-4.3678,-4.3678
audioseal,3,english:1355,2,197,eep,1,1.0000,-9.5150,-4.4669,4.5991,0.9996,37.93,0.5000,-0.9839,-4.3678,-4.3678
audioseal,3,english:1355,2,197,fwp,1,1.0000,-9.6075,-3.6865,4.5779,0.9992,35.69,0.5000,-0.9839,-4.3678,-4.3678
audioseal,3,english:1355,2,197,dm,1,1.0000,-10.4095,-5.4269,4.5926,0.9994,37.08,0.5000,-0.9839,-4.3678,-4.3678
audioseal,3,english:1355,2,197,tct,1,1.0000,-9.4799,-4.3678,4.5900,0.9994,36.78,0.5000,-0.9839,-4.3678,-4.3678
audioseal,3,english:1355,2,197,payload_farthest,1,1.0000,-9.5150,-4.4669,4.5991,0.9996,37.93,0.5000,-0.9839,-4.3678,-4.3678
audioseal,3,english:1363,0,198,single_copy,0,1.0000,-4.5803,0.8693,4.6439,1.0000,149.88,0.0000,-0.9374,-1.7757,-1.7757
audioseal,3,english:1363,0,198,mean,1,0.9986,-8.9786,-2.8094,4.5973,0.9979,36.26,0.0000,-0.9374,-1.7757,-1.7757
audioseal,3,english:1363,0,198,rp,1,1.0000,-8.6271,-2.8092,4.5695,0.9960,32.74,0.0000,-0.9374,-1.7757,-1.7757
audioseal,3,english:1363,0,198,random_dirichlet,1,0.9992,-8.3360,-2.3716,4.6008,0.9980,36.22,0.0000,-0.9374,-1.7757,-1.7757
audioseal,3,english:1363,0,198,eep,1,0.9999,-7.7569,-1.9759,4.6181,0.9986,38.33,0.0000,-0.9374,-1.7757,-1.7757
audioseal,3,english:1363,0,198,fwp,1,0.9999,-7.7192,-2.0716,4.6000,0.9980,37.83,0.0000,-0.9374,-1.7757,-1.7757
audioseal,3,english:1363,0,198,dm,1,0.9991,-8.5683,-2.3925,4.6041,0.9982,37.37,0.0000,-0.9374,-1.7757,-1.7757
audioseal,3,english:1363,0,198,tct,1,0.9998,-8.0266,-1.7757,4.6081,0.9985,38.58,0.0000,-0.9374,-1.7757,-1.7757
audioseal,3,english:1363,0,198,payload_farthest,1,0.9999,-7.7192,-2.0716,4.6000,0.9980,37.83,0.0000,-0.9374,-1.7757,-1.7757
audioseal,3,english:1363,1,199,single_copy,0,1.0000,-4.4502,0.8121,4.6439,1.0000,149.88,-0.5000,-0.9903,-2.2630,-2.2630
audioseal,3,english:1363,1,199,mean,1,1.0000,-8.1231,-2.0625,4.6035,0.9984,38.56,-0.5000,-0.9903,-2.2630,-2.2630
audioseal,3,english:1363,1,199,rp,1,1.0000,-8.5388,-2.8415,4.6116,0.9987,40.30,-0.5000,-0.9903,-2.2630,-2.2630
audioseal,3,english:1363,1,199,random_dirichlet,0,1.0000,-4.9168,0.5584,4.5725,0.9971,35.32,-0.5000,-0.9903,-2.2630,-2.2630
audioseal,3,english:1363,1,199,eep,1,1.0000,-8.5388,-2.8415,4.6116,0.9987,40.30,-0.5000,-0.9903,-2.2630,-2.2630
audioseal,3,english:1363,1,199,fwp,1,0.9999,-7.9288,-2.3582,4.6193,0.9987,40.04,-0.5000,-0.9903,-2.2630,-2.2630
audioseal,3,english:1363,1,199,dm,1,1.0000,-8.0596,-2.2091,4.6081,0.9986,39.27,-0.5000,-0.9903,-2.2630,-2.2630
audioseal,3,english:1363,1,199,tct,1,1.0000,-8.1801,-2.2630,4.6013,0.9985,38.75,-0.5000,-0.9903,-2.2630,-2.2630
audioseal,3,english:1363,1,199,payload_farthest,1,1.0000,-8.5388,-2.8415,4.6116,0.9987,40.30,-0.5000,-0.9903,-2.2630,-2.2630
audioseal,3,english:1363,2,200,single_copy,0,1.0000,-4.4368,0.9298,4.6439,1.0000,149.88,0.5000,-0.9173,-1.4856,-1.4857
audioseal,3,english:1363,2,200,mean,1,1.0000,-6.6986,-0.6582,4.6113,0.9980,40.38,0.5000,-0.9173,-1.4856,-1.4857
audioseal,3,english:1363,2,200,rp,1,1.0000,-7.2289,-1.6194,4.6169,0.9984,40.17,0.5000,-0.9173,-1.4856,-1.4857
audioseal,3,english:1363,2,200,random_dirichlet,1,1.0000,-6.3437,-0.5595,4.5977,0.9967,38.19,0.5000,-0.9173,-1.4856,-1.4857
audioseal,3,english:1363,2,200,eep,1,1.0000,-7.2289,-1.6194,4.6169,0.9984,40.17,0.5000,-0.9173,-1.4856,-1.4857
audioseal,3,english:1363,2,200,fwp,1,1.0000,-7.2289,-1.6194,4.6169,0.9984,40.17,0.5000,-0.9173,-1.4856,-1.4857
audioseal,3,english:1363,2,200,dm,1,1.0000,-6.2954,-0.0349,4.6123,0.9980,39.95,0.5000,-0.9173,-1.4856,-1.4857
audioseal,3,english:1363,2,200,tct,1,1.0000,-7.2113,-1.4856,4.6241,0.9989,43.34,0.5000,-0.9173,-1.4856,-1.4857
audioseal,3,english:1363,2,200,payload_farthest,1,1.0000,-7.2289,-1.6194,4.6169,0.9984,40.17,0.5000,-0.9173,-1.4856,-1.4857
audioseal,3,english:1447,0,201,single_copy,0,1.0000,-4.0959,0.9625,4.6439,1.0000,137.51,1.0000,-0.9810,0.0079,0.0079
audioseal,3,english:1447,0,201,mean,1,1.0000,-6.3392,-1.0678,4.5568,0.9942,32.80,1.0000,-0.9810,0.0079,0.0079
audioseal,3,english:1447,0,201,rp,1,1.0000,-9.8983,-5.0176,4.5692,0.9957,33.45,1.0000,-0.9810,0.0079,0.0079
audioseal,3,english:1447,0,201,random_dirichlet,0,1.0000,-4.1510,0.9305,4.4885,0.9886,29.86,1.0000,-0.9810,0.0079,0.0079
audioseal,3,english:1447,0,201,eep,0,0.9999,-4.9715,0.1055,4.4752,0.9876,29.27,1.0000,-0.9810,0.0079,0.0079
audioseal,3,english:1447,0,201,fwp,1,1.0000,-9.8983,-5.0176,4.5692,0.9957,33.45,1.0000,-0.9810,0.0079,0.0079
audioseal,3,english:1447,0,201,dm,1,1.0000,-10.1856,-4.8066,4.5693,0.9954,33.38,1.0000,-0.9810,0.0079,0.0079
audioseal,3,english:1447,0,201,tct,0,1.0000,-4.6942,0.0079,4.5394,0.9930,32.14,1.0000,-0.9810,0.0079,0.0079
audioseal,3,english:1447,0,201,payload_farthest,1,1.0000,-9.8983,-5.0176,4.5692,0.9957,33.45,1.0000,-0.9810,0.0079,0.0079
audioseal,3,english:1447,1,202,single_copy,0,1.0000,-3.7937,1.1053,4.6439,1.0000,137.51,1.0000,-0.6913,-1.4749,-1.4749
audioseal,3,english:1447,1,202,mean,1,1.0000,-7.3142,-2.5512,4.5784,0.9967,34.12,1.0000,-0.6913,-1.4749,-1.4749
audioseal,3,english:1447,1,202,rp,1,0.9999,-8.3646,-3.3257,4.5793,0.9969,34.74,1.0000,-0.6913,-1.4749,-1.4749
audioseal,3,english:1447,1,202,random_dirichlet,0,1.0000,-4.6877,0.3444,4.5209,0.9931,30.77,1.0000,-0.6913,-1.4749,-1.4749
audioseal,3,english:1447,1,202,eep,1,1.0000,-7.2591,-2.2843,4.5252,0.9930,30.59,1.0000,-0.6913,-1.4749,-1.4749
audioseal,3,english:1447,1,202,fwp,1,0.9999,-8.3646,-3.3257,4.5793,0.9969,34.74,1.0000,-0.6913,-1.4749,-1.4749
audioseal,3,english:1447,1,202,dm,1,1.0000,-6.6234,-1.6209,4.5815,0.9969,34.50,1.0000,-0.6913,-1.4749,-1.4749
audioseal,3,english:1447,1,202,tct,1,1.0000,-6.6060,-1.4749,4.6119,0.9980,36.52,1.0000,-0.6913,-1.4749,-1.4749
audioseal,3,english:1447,1,202,payload_farthest,1,0.9999,-8.3646,-3.3257,4.5793,0.9969,34.74,1.0000,-0.6913,-1.4749,-1.4749
audioseal,3,english:1447,2,203,single_copy,0,1.0000,-4.1206,0.9031,4.6439,1.0000,137.51,0.5000,-0.9997,-0.7688,-0.7688
audioseal,3,english:1447,2,203,mean,1,1.0000,-5.9441,-1.4370,4.5893,0.9982,36.45,0.5000,-0.9997,-0.7688,-0.7688
audioseal,3,english:1447,2,203,rp,1,1.0000,-5.1656,-0.4583,4.6297,0.9991,40.29,0.5000,-0.9997,-0.7688,-0.7688
audioseal,3,english:1447,2,203,random_dirichlet,0,1.0000,-4.3403,0.9184,4.5915,0.9974,35.55,0.5000,-0.9997,-0.7688,-0.7688
audioseal,3,english:1447,2,203,eep,1,1.0000,-6.8731,-0.6591,4.5714,0.9976,35.00,0.5000,-0.9997,-0.7688,-0.7688
audioseal,3,english:1447,2,203,fwp,1,1.0000,-6.8731,-0.6591,4.5714,0.9976,35.00,0.5000,-0.9997,-0.7688,-0.7688
audioseal,3,english:1447,2,203,dm,1,1.0000,-6.7613,-1.7342,4.5661,0.9974,34.64,0.5000,-0.9997,-0.7688,-0.7688
audioseal,3,english:1447,2,203,tct,1,1.0000,-7.2875,-0.7688,4.5460,0.9959,32.93,0.5000,-0.9997,-0.7688,-0.7688
audioseal,3,english:1447,2,203,payload_farthest,1,1.0000,-7.2875,-0.7688,4.5460,0.9959,32.93,0.5000,-0.9997,-0.7688,-0.7688
audioseal,3,english:1455,0,204,single_copy,0,1.0000,-4.0987,0.9232,4.6439,1.0000,141.35,-0.5000,-0.9551,-3.3993,-3.3993
audioseal,3,english:1455,0,204,mean,1,1.0000,-8.2793,-3.1980,4.5793,0.9991,32.70,-0.5000,-0.9551,-3.3993,-3.3993
audioseal,3,english:1455,0,204,rp,1,1.0000,-10.0768,-4.4347,4.5373,0.9982,29.17,-0.5000,-0.9551,-3.3993,-3.3993
audioseal,3,english:1455,0,204,random_dirichlet,0,1.0000,-4.4358,0.7423,4.6252,0.9997,38.46,-0.5000,-0.9551,-3.3993,-3.3993
audioseal,3,english:1455,0,204,eep,1,1.0000,-10.0768,-4.4347,4.5373,0.9982,29.17,-0.5000,-0.9551,-3.3993,-3.3993
audioseal,3,english:1455,0,204,fwp,1,1.0000,-9.1486,-4.0271,4.5911,0.9993,34.20,-0.5000,-0.9551,-3.3993,-3.3993
audioseal,3,english:1455,0,204,dm,1,1.0000,-8.5477,-2.9272,4.5860,0.9992,33.26,-0.5000,-0.9551,-3.3993,-3.3993
audioseal,3,english:1455,0,204,tct,1,1.0000,-8.9539,-3.3993,4.5748,0.9991,32.29,-0.5000,-0.9551,-3.3993,-3.3993
audioseal,3,english:1455,0,204,payload_farthest,1,1.0000,-10.0768,-4.4347,4.5373,0.9982,29.17,-0.5000,-0.9551,-3.3993,-3.3993
audioseal,3,english:1455,1,205,single_copy,0,1.0000,-4.1227,0.9446,4.6439,1.0000,141.35,1.0000,-0.9907,0.2615,0.2615
audioseal,3,english:1455,1,205,mean,1,1.0000,-6.3294,-1.2645,4.5639,0.9991,33.41,1.0000,-0.9907,0.2615,0.2615
audioseal,3,english:1455,1,205,rp,0,1.0000,-5.0699,0.0538,4.6060,0.9996,37.78,1.0000,-0.9907,0.2615,0.2615
audioseal,3,english:1455,1,205,random_dirichlet,0,1.0000,-4.9316,0.3905,4.4707,0.9973,28.31,1.0000,-0.9907,0.2615,0.2615
audioseal,3,english:1455,1,205,eep,1,1.0000,-11.2209,-6.1946,4.5599,0.9990,32.55,1.0000,-0.9907,0.2615,0.2615
audioseal,3,english:1455,1,205,fwp,1,1.0000,-11.2209,-6.1946,4.5599,0.9990,32.55,1.0000,-0.9907,0.2615,0.2615
audioseal,3,english:1455,1,205,dm,1,1.0000,-10.6958,-5.6279,4.5593,0.9990,32.53,1.0000,-0.9907,0.2615,0.2615
audioseal,3,english:1455,1,205,tct,0,1.0000,-4.7747,0.2615,4.5527,0.9989,32.83,1.0000,-0.9907,0.2615,0.2615
audioseal,3,english:1455,1,205,payload_farthest,1,1.0000,-11.2209,-6.1946,4.5599,0.9990,32.55,1.0000,-0.9907,0.2615,0.2615
audioseal,3,english:1455,2,206,single_copy,0,1.0000,-4.3213,0.8960,4.6439,1.0000,141.35,0.8660,-0.4138,-2.2349,-2.2349
audioseal,3,english:1455,2,206,mean,1,1.0000,-8.1353,-3.1154,4.5994,0.9995,35.57,0.8660,-0.4138,-2.2349,-2.2349
audioseal,3,english:1455,2,206,rp,1,1.0000,-5.9441,-0.4752,4.6010,0.9995,36.20,0.8660,-0.4138,-2.2349,-2.2349
audioseal,3,english:1455,2,206,random_dirichlet,0,1.0000,-4.6946,0.3743,4.5910,0.9993,35.08,0.8660,-0.4138,-2.2349,-2.2349
audioseal,3,english:1455,2,206,eep,1,1.0000,-6.4200,-1.1927,4.6148,0.9996,36.07,0.8660,-0.4138,-2.2349,-2.2349
audioseal,3,english:1455,2,206,fwp,1,1.0000,-6.8408,-1.6891,4.5686,0.9989,32.04,0.8660,-0.4138,-2.2349,-2.2349
audioseal,3,english:1455,2,206,dm,1,1.0000,-7.2459,-1.6309,4.5899,0.9993,34.20,0.8660,-0.4138,-2.2349,-2.2349
audioseal,3,english:1455,2,206,tct,1,1.0000,-7.3959,-2.2349,4.6063,0.9996,36.48,0.8660,-0.4138,-2.2349,-2.2349
audioseal,3,english:1455,2,206,payload_farthest,1,1.0000,-6.8408,-1.6891,4.5686,0.9989,32.04,0.8660,-0.4138,-2.2349,-2.2349
audioseal,3,english:150,0,207,single_copy,0,1.0000,-4.4586,0.9118,4.6439,1.0000,143.97,1.0000,-0.9760,-1.4537,-1.4537
audioseal,3,english:150,0,207,mean,1,1.0000,-8.2089,-2.6696,4.5981,0.9988,34.08,1.0000,-0.9760,-1.4537,-1.4537
audioseal,3,english:150,0,207,rp,1,1.0000,-6.4609,-1.6967,4.5539,0.9975,30.56,1.0000,-0.9760,-1.4537,-1.4537
audioseal,3,english:150,0,207,random_dirichlet,1,1.0000,-6.7706,-1.6432,4.6318,0.9997,39.41,1.0000,-0.9760,-1.4537,-1.4537
audioseal,3,english:150,0,207,eep,1,1.0000,-7.9061,-2.2971,4.6123,0.9994,35.97,1.0000,-0.9760,-1.4537,-1.4537
audioseal,3,english:150,0,207,fwp,1,1.0000,-8.9804,-3.3207,4.6096,0.9991,35.75,1.0000,-0.9760,-1.4537,-1.4537
audioseal,3,english:150,0,207,dm,1,1.0000,-8.8740,-3.4055,4.6073,0.9991,35.13,1.0000,-0.9760,-1.4537,-1.4537
audioseal,3,english:150,0,207,tct,1,1.0000,-7.0009,-1.4537,4.5977,0.9988,34.07,1.0000,-0.9760,-1.4537,-1.4537
audioseal,3,english:150,0,207,payload_farthest,1,1.0000,-8.9804,-3.3207,4.6096,0.9991,35.75,1.0000,-0.9760,-1.4537,-1.4537
audioseal,3,english:150,1,208,single_copy,0,1.0000,-4.2590,0.8795,4.6439,1.0000,143.97,1.0000,0.8702,-1.3756,-1.3757
audioseal,3,english:150,1,208,mean,1,1.0000,-8.4418,-2.5668,4.6005,0.9994,34.55,1.0000,0.8702,-1.3756,-1.3757
audioseal,3,english:150,1,208,rp,1,1.0000,-8.3205,-3.3389,4.6095,0.9996,36.03,1.0000,0.8702,-1.3756,-1.3757
audioseal,3,english:150,1,208,random_dirichlet,1,1.0000,-7.4789,-1.3393,4.5466,0.9987,31.28,1.0000,0.8702,-1.3756,-1.3757
audioseal,3,english:150,1,208,eep,1,1.0000,-7.5351,-2.5985,4.6091,0.9994,35.55,1.0000,0.8702,-1.3756,-1.3757
audioseal,3,english:150,1,208,fwp,1,1.0000,-7.5351,-2.5985,4.6091,0.9994,35.55,1.0000,0.8702,-1.3756,-1.3757
audioseal,3,english:150,1,208,dm,1,1.0000,-8.2730,-2.8028,4.6018,0.9994,34.65,1.0000,0.8702,-1.3756,-1.3757
audioseal,3,english:150,1,208,tct,1,1.0000,-7.1491,-1.3756,4.5887,0.9992,33.55,1.0000,0.8702,-1.3756,-1.3757
audioseal,3,english:150,1,208,payload_farthest,1,1.0000,-7.5351,-2.5985,4.6091,0.9994,35.55,1.0000,0.8702,-1.3756,-1.3757
audioseal,3,english:150,2,209,single_copy,0,1.0000,-4.2009,1.0585,4.6439,1.0000,143.97,1.0000,-0.9504,0.0616,0.0616
audioseal,3,english:150,2,209,mean,1,1.0000,-6.6070,-1.6686,4.6208,0.9995,37.27,1.0000,-0.9504,0.0616,0.0616
audioseal,3,english:150,2,209,rp,1,1.0000,-6.4299,-0.6085,4.6157,0.9994,35.34,1.0000,-0.9504,0.0616,0.0616
audioseal,3,english:150,2,209,random_dirichlet,1,1.0000,-6.0863,-1.1793,4.6256,0.9997,40.77,1.0000,-0.9504,0.0616,0.0616
audioseal,3,english:150,2,209,eep,1,1.0000,-7.7507,-1.5491,4.5987,0.9990,33.74,1.0000,-0.9504,0.0616,0.0616
audioseal,3,english:150,2,209,fwp,1,1.0000,-7.7507,-1.5491,4.5987,0.9990,33.74,1.0000,-0.9504,0.0616,0.0616
audioseal,3,english:150,2,209,dm,1,1.0000,-7.6110,-2.0974,4.6096,0.9992,34.88,1.0000,-0.9504,0.0616,0.0616
audioseal,3,english:150,2,209,tct,0,1.0000,-5.3253,0.0616,4.6212,0.9995,36.70,1.0000,-0.9504,0.0616,0.0616
audioseal,3,english:150,2,209,payload_farthest,1,1.0000,-7.7507,-1.5491,4.5987,0.9990,33.74,1.0000,-0.9504,0.0616,0.0616
audioseal,3,english:1502,0,210,single_copy,0,1.0000,-4.4842,0.8464,4.6439,1.0000,144.02,1.0000,-0.9952,-2.8340,-2.8340
audioseal,3,english:1502,0,210,mean,1,1.0000,-8.1320,-2.5655,4.5847,0.9973,36.22,1.0000,-0.9952,-2.8340,-2.8340
audioseal,3,english:1502,0,210,rp,1,1.0000,-9.7767,-4.6577,4.5996,0.9982,37.71,1.0000,-0.9952,-2.8340,-2.8340
audioseal,3,english:1502,0,210,random_dirichlet,0,1.0000,-4.6473,0.7485,4.6410,0.9998,47.76,1.0000,-0.9952,-2.8340,-2.8340
audioseal,3,english:1502,0,210,eep,1,1.0000,-7.1434,-1.8200,4.5303,0.9943,32.70,1.0000,-0.9952,-2.8340,-2.8340
audioseal,3,english:1502,0,210,fwp,1,1.0000,-9.7767,-4.6577,4.5996,0.9982,37.71,1.0000,-0.9952,-2.8340,-2.8340
audioseal,3,english:1502,0,210,dm,1,1.0000,-9.2754,-3.8704,4.5967,0.9979,37.26,1.0000,-0.9952,-2.8340,-2.8340
audioseal,3,english:1502,0,210,tct,1,1.0000,-8.1564,-2.8340,4.5934,0.9977,37.16,1.0000,-0.9952,-2.8340,-2.8340
audioseal,3,english:1502,0,210,payload_farthest,1,1.0000,-9.7767,-4.6577,4.5996,0.9982,37.71,1.0000,-0.9952,-2.8340,-2.8340
audioseal,3,english:1502,1,211,single_copy,0,1.0000,-4.0014,0.9945,4.6439,1.0000,144.02,1.0000,-0.7150,-2.7121,-2.7121
audioseal,3,english:1502,1,211,mean,1,1.0000,-8.2954,-2.9149,4.5816,0.9978,36.93,1.0000,-0.7150,-2.7121,-2.7121
audioseal,3,english:1502,1,211,rp,1,1.0000,-7.6341,-2.1727,4.5435,0.9952,33.41,1.0000,-0.7150,-2.7121,-2.7121
audioseal,3,english:1502,1,211,random_dirichlet,1,1.0000,-9.8878,-5.0907,4.5911,0.9983,38.04,1.0000,-0.7150,-2.7121,-2.7121
audioseal,3,english:1502,1,211,eep,1,1.0000,-10.8215,-5.3227,4.5969,0.9980,37.55,1.0000,-0.7150,-2.7121,-2.7121
audioseal,3,english:1502,1,211,fwp,1,1.0000,-10.8215,-5.3227,4.5969,0.9980,37.55,1.0000,-0.7150,-2.7121,-2.7121
audioseal,3,english:1502,1,211,dm,1,1.0000,-10.7771,-5.5930,4.5895,0.9980,37.47,1.0000,-0.7150,-2.7121,-2.7121
audioseal,3,english:1502,1,211,tct,1,1.0000,-8.9401,-2.7121,4.5706,0.9968,35.37,1.0000,-0.7150,-2.7121,-2.7121
audioseal,3,english:1502,1,211,payload_farthest,1,1.0000,-10.8215,-5.3227,4.5969,0.9980,37.55,1.0000,-0.7150,-2.7121,-2.7121
audioseal,3,english:1502,2,212,single_copy,0,1.0000,-4.0351,0.9732,4.6439,1.0000,144.02,1.0000,-0.9934,-1.7433,-1.7433
audioseal,3,english:1502,2,212,mean,1,1.0000,-5.5393,-1.0492,4.6053,0.9980,39.00,1.0000,-0.9934,-1.7433,-1.7433
audioseal,3,english:1502,2,212,rp,1,1.0000,-5.6977,-0.8200,4.6218,0.9991,42.43,1.0000,-0.9934,-1.7433,-1.7433
audioseal,3,english:1502,2,212,random_dirichlet,1,1.0000,-6.7550,-1.7255,4.6132,0.9986,40.92,1.0000,-0.9934,-1.7433,-1.7433
audioseal,3,english:1502,2,212,eep,1,1.0000,-5.3859,-0.4644,4.5658,0.9956,35.48,1.0000,-0.9934,-1.7433,-1.7433
audioseal,3,english:1502,2,212,fwp,1,1.0000,-7.4788,-2.7377,4.5976,0.9977,38.89,1.0000,-0.9934,-1.7433,-1.7433
audioseal,3,english:1502,2,212,dm,1,1.0000,-6.9241,-2.4803,4.5988,0.9978,38.82,1.0000,-0.9934,-1.7433,-1.7433
audioseal,3,english:1502,2,212,tct,1,1.0000,-6.2517,-1.7433,4.5972,0.9977,38.33,1.0000,-0.9934,-1.7433,-1.7433
audioseal,3,english:1502,2,212,payload_farthest,1,1.0000,-7.4788,-2.7377,4.5976,0.9977,38.89,1.0000,-0.9934,-1.7433,-1.7433
audioseal,3,english:1553,0,213,single_copy,0,1.0000,-3.9351,0.9612,4.6439,1.0000,143.42,1.0000,-0.9607,-1.7134,-1.7134
audioseal,3,english:1553,0,213,mean,1,1.0000,-7.6865,-2.7813,4.5855,0.9996,32.79,1.0000,-0.9607,-1.7134,-1.7134
audioseal,3,english:1553,0,213,rp,1,1.0000,-7.3689,-1.8495,4.5538,0.9990,29.27,1.0000,-0.9607,-1.7134,-1.7134
audioseal,3,english:1553,0,213,random_dirichlet,0,1.0000,-4.5698,0.8775,4.5747,0.9994,31.63,1.0000,-0.9607,-1.7134,-1.7134
audioseal,3,english:1553,0,213,eep,1,1.0000,-7.1657,-2.4617,4.6054,0.9997,34.62,1.0000,-0.9607,-1.7134,-1.7134
audioseal,3,english:1553,0,213,fwp,1,1.0000,-7.1657,-2.4617,4.6054,0.9997,34.62,1.0000,-0.9607,-1.7134,-1.7134
audioseal,3,english:1553,0,213,dm,1,1.0000,-7.0420,-0.7869,4.5974,0.9997,34.10,1.0000,-0.9607,-1.7134,-1.7134
audioseal,3,english:1553,0,213,tct,1,1.0000,-7.1517,-1.7134,4.5692,0.9993,31.07,1.0000,-0.9607,-1.7134,-1.7134
audioseal,3,english:1553,0,213,payload_farthest,1,1.0000,-7.1657,-2.4617,4.6054,0.9997,34.62,1.0000,-0.9607,-1.7134,-1.7134
audioseal,3,english:1553,1,214,single_copy,0,1.0000,-4.2078,1.0033,4.6439,1.0000,143.42,0.8660,-0.9785,-2.5462,-2.5462
audioseal,3,english:1553,1,214,mean,1,1.0000,-8.6105,-3.4527,4.6066,0.9996,36.00,0.8660,-0.9785,-2.5462,-2.5462
audioseal,3,english:1553,1,214,rp,1,1.0000,-8.3452,-3.3805,4.6014,0.9996,34.25,0.8660,-0.9785,-2.5462,-2.5462
audioseal,3,english:1553,1,214,random_dirichlet,1,1.0000,-8.3481,-3.2509,4.6184,0.9997,37.53,0.8660,-0.9785,-2.5462,-2.5462
audioseal,3,english:1553,1,214,eep,1,1.0000,-6.6865,-1.6591,4.6190,0.9998,39.79,0.8660,-0.9785,-2.5462,-2.5462
audioseal,3,english:1553,1,214,fwp,1,0.9999,-8.8045,-1.7054,4.5767,0.9992,32.48,0.8660,-0.9785,-2.5462,-2.5462
audioseal,3,english:1553,1,214,dm,1,0.9999,-9.0177,-3.6308,4.5914,0.9994,33.82,0.8660,-0.9785,-2.5462,-2.5462
audioseal,3,english:1553,1,214,tct,1,0.9998,-8.4856,-2.5462,4.5810,0.9993,32.85,0.8660,-0.9785,-2.5462,-2.5462
audioseal,3,english:1553,1,214,payload_farthest,1,1.0000,-8.3452,-3.3805,4.6014,0.9996,34.25,0.8660,-0.9785,-2.5462,-2.5462
audioseal,3,english:1553,2,215,single_copy,0,1.0000,-4.5198,0.8588,4.6439,1.0000,143.42,1.0000,-0.8860,-2.2542,-2.2542
audioseal,3,english:1553,2,215,mean,1,1.0000,-7.1557,-1.5700,4.6112,0.9997,38.28,1.0000,-0.8860,-2.2542,-2.2542
audioseal,3,english:1553,2,215,rp,1,1.0000,-6.2398,-1.3612,4.6192,0.9998,40.80,1.0000,-0.8860,-2.2542,-2.2542
audioseal,3,english:1553,2,215,random_dirichlet,1,1.0000,-6.3608,-1.4259,4.6197,0.9998,39.19,1.0000,-0.8860,-2.2542,-2.2542
audioseal,3,english:1553,2,215,eep,1,1.0000,-7.7624,-2.1613,4.5884,0.9994,34.76,1.0000,-0.8860,-2.2542,-2.2542
audioseal,3,english:1553,2,215,fwp,1,1.0000,-7.7624,-2.1613,4.5884,0.9994,34.76,1.0000,-0.8860,-2.2542,-2.2542
audioseal,3,english:1553,2,215,dm,1,1.0000,-7.1442,-0.7481,4.5917,0.9994,35.09,1.0000,-0.8860,-2.2542,-2.2542
audioseal,3,english:1553,2,215,tct,1,1.0000,-8.3280,-2.2542,4.5969,0.9995,35.47,1.0000,-0.8860,-2.2542,-2.2542
audioseal,3,english:1553,2,215,payload_farthest,1,1.0000,-7.7624,-2.1613,4.5884,0.9994,34.76,1.0000,-0.8860,-2.2542,-2.2542
audioseal,3,english:1578,0,216,single_copy,0,1.0000,-4.2358,0.9127,4.6439,1.0000,141.53,1.0000,-0.9887,-1.2418,-1.2418
audioseal,3,english:1578,0,216,mean,1,1.0000,-6.0474,-0.9036,4.5859,0.9986,36.79,1.0000,-0.9887,-1.2418,-1.2418
audioseal,3,english:1578,0,216,rp,1,1.0000,-7.3529,-1.5703,4.6025,0.9992,38.88,1.0000,-0.9887,-1.2418,-1.2418
audioseal,3,english:1578,0,216,random_dirichlet,0,1.0000,-4.0147,0.9476,4.5619,0.9973,33.31,1.0000,-0.9887,-1.2418,-1.2418
audioseal,3,english:1578,0,216,eep,1,0.9999,-8.3257,-1.9743,4.5930,0.9989,38.49,1.0000,-0.9887,-1.2418,-1.2418
audioseal,3,english:1578,0,216,fwp,1,0.9999,-8.3257,-1.9743,4.5930,0.9989,38.49,1.0000,-0.9887,-1.2418,-1.2418
audioseal,3,english:1578,0,216,dm,1,1.0000,-7.6846,-2.2142,4.5949,0.9990,38.10,1.0000,-0.9887,-1.2418,-1.2418
audioseal,3,english:1578,0,216,tct,1,0.9999,-7.2627,-1.2418,4.5984,0.9991,38.94,1.0000,-0.9887,-1.2418,-1.2418
audioseal,3,english:1578,0,216,payload_farthest,1,0.9999,-8.3257,-1.9743,4.5930,0.9989,38.49,1.0000,-0.9887,-1.2418,-1.2418
audioseal,3,english:1578,1,217,single_copy,0,1.0000,-3.9911,0.9595,4.6439,1.0000,141.53,-0.5000,-0.9971,-1.2041,-1.2041
audioseal,3,english:1578,1,217,mean,1,1.0000,-5.4206,-1.0101,4.6028,0.9985,37.11,-0.5000,-0.9971,-1.2041,-1.2041
audioseal,3,english:1578,1,217,rp,1,1.0000,-6.7402,-1.4467,4.6129,0.9990,37.83,-0.5000,-0.9971,-1.2041,-1.2041
audioseal,3,english:1578,1,217,random_dirichlet,1,1.0000,-6.8911,-1.6037,4.6103,0.9990,39.19,-0.5000,-0.9971,-1.2041,-1.2041
audioseal,3,english:1578,1,217,eep,1,1.0000,-6.7402,-1.4467,4.6129,0.9990,37.83,-0.5000,-0.9971,-1.2041,-1.2041
audioseal,3,english:1578,1,217,fwp,1,1.0000,-6.7402,-1.4467,4.6129,0.9990,37.83,-0.5000,-0.9971,-1.2041,-1.2041
audioseal,3,english:1578,1,217,dm,1,1.0000,-5.3989,-0.9777,4.6063,0.9986,37.43,-0.5000,-0.9971,-1.2041,-1.2041
audioseal,3,english:1578,1,217,tct,1,1.0000,-6.4953,-1.2041,4.6065,0.9988,38.26,-0.5000,-0.9971,-1.2041,-1.2041
audioseal,3,english:1578,1,217,payload_farthest,1,1.0000,-6.3844,-1.0646,4.6102,0.9991,39.24,-0.5000,-0.9971,-1.2041,-1.2041
audioseal,3,english:1578,2,218,single_copy,0,1.0000,-4.2571,0.9281,4.6439,1.0000,141.53,0.5000,-0.9288,-2.9510,-2.9510
audioseal,3,english:1578,2,218,mean,1,1.0000,-8.4793,-3.6896,4.6035,0.9984,36.38,0.5000,-0.9288,-2.9510,-2.9510
audioseal,3,english:1578,2,218,rp,1,0.9999,-8.2257,-2.9888,4.5954,0.9985,35.80,0.5000,-0.9288,-2.9510,-2.9510
audioseal,3,english:1578,2,218,random_dirichlet,1,0.9999,-5.6157,-0.0898,4.5623,0.9969,32.66,0.5000,-0.9288,-2.9510,-2.9510
audioseal,3,english:1578,2,218,eep,1,0.9999,-8.5133,-2.4472,4.5573,0.9967,32.85,0.5000,-0.9288,-2.9510,-2.9510
audioseal,3,english:1578,2,218,fwp,1,0.9999,-8.2257,-2.9888,4.5954,0.9985,35.80,0.5000,-0.9288,-2.9510,-2.9510
audioseal,3,english:1578,2,218,dm,1,0.9999,-8.4404,-3.6084,4.5972,0.9983,35.55,0.5000,-0.9288,-2.9510,-2.9510
audioseal,3,english:1578,2,218,tct,1,1.0000,-7.7597,-2.9510,4.6181,0.9990,38.32,0.5000,-0.9288,-2.9510,-2.9510
audioseal,3,english:1578,2,218,payload_farthest,1,0.9999,-8.5133,-2.4472,4.5573,0.9967,32.85,0.5000,-0.9288,-2.9510,-2.9510
audioseal,3,english:1594,0,219,single_copy,0,1.0000,-4.1466,1.0342,4.6439,1.0000,139.12,0.5000,-0.9320,-1.9561,-1.9562
audioseal,3,english:1594,0,219,mean,1,1.0000,-6.1395,-1.0556,4.5933,0.9993,30.33,0.5000,-0.9320,-1.9561,-1.9562
audioseal,3,english:1594,0,219,rp,1,1.0000,-7.1654,-2.1375,4.5533,0.9986,26.80,0.5000,-0.9320,-1.9561,-1.9562
audioseal,3,english:1594,0,219,random_dirichlet,1,1.0000,-5.6586,-0.5404,4.5707,0.9990,28.34,0.5000,-0.9320,-1.9561,-1.9562
audioseal,3,english:1594,0,219,eep,1,1.0000,-7.1654,-2.1375,4.5533,0.9986,26.80,0.5000,-0.9320,-1.9561,-1.9562
audioseal,3,english:1594,0,219,fwp,1,1.0000,-7.1654,-2.1375,4.5533,0.9986,26.80,0.5000,-0.9320,-1.9561,-1.9562
audioseal,3,english:1594,0,219,dm,1,1.0000,-6.0947,-1.0809,4.5856,0.9992,29.59,0.5000,-0.9320,-1.9561,-1.9562
audioseal,3,english:1594,0,219,tct,1,1.0000,-7.0317,-1.9561,4.5746,0.9990,28.52,0.5000,-0.9320,-1.9561,-1.9562
audioseal,3,english:1594,0,219,payload_farthest,1,1.0000,-10.1467,-4.6515,4.6104,0.9995,31.21,0.5000,-0.9320,-1.9561,-1.9562
audioseal,3,english:1594,1,220,single_copy,0,1.0000,-4.2335,0.8527,4.6439,1.0000,139.12,-0.8660,-0.9980,-3.1328,-3.1328
audioseal,3,english:1594,1,220,mean,1,1.0000,-9.3472,-4.2444,4.5888,0.9994,31.67,-0.8660,-0.9980,-3.1328,-3.1328
audioseal,3,english:1594,1,220,rp,1,1.0000,-8.8012,-3.3955,4.6051,0.9996,32.15,-0.8660,-0.9980,-3.1328,-3.1328
audioseal,3,english:1594,1,220,random_dirichlet,1,1.0000,-8.3762,-2.8820,4.6130,0.9997,34.16,-0.8660,-0.9980,-3.1328,-3.1328
audioseal,3,english:1594,1,220,eep,1,1.0000,-7.1874,-1.7389,4.5466,0.9987,28.15,-0.8660,-0.9980,-3.1328,-3.1328
audioseal,3,english:1594,1,220,fwp,1,1.0000,-7.1874,-1.7389,4.5466,0.9987,28.15,-0.8660,-0.9980,-3.1328,-3.1328
audioseal,3,english:1594,1,220,dm,1,1.0000,-8.9527,-3.9267,4.5828,0.9993,31.10,-0.8660,-0.9980,-3.1328,-3.1328
audioseal,3,english:1594,1,220,tct,1,1.0000,-8.4423,-3.1328,4.6098,0.9996,34.05,-0.8660,-0.9980,-3.1328,-3.1328
audioseal,3,english:1594,1,220,payload_farthest,1,1.0000,-8.8012,-3.3955,4.6051,0.9996,32.15,-0.8660,-0.9980,-3.1328,-3.1328
audioseal,3,english:1594,2,221,single_copy,0,1.0000,-3.9746,0.9460,4.6439,1.0000,139.12,1.0000,-0.9556,-3.5248,-3.5248
audioseal,3,english:1594,2,221,mean,1,1.0000,-6.4483,-1.5342,4.6111,0.9997,32.88,1.0000,-0.9556,-3.5248,-3.5248
audioseal,3,english:1594,2,221,rp,1,1.0000,-5.8539,-0.8824,4.6190,0.9998,34.58,1.0000,-0.9556,-3.5248,-3.5248
audioseal,3,english:1594,2,221,random_dirichlet,1,1.0000,-6.1356,-1.6380,4.6146,0.9998,33.47,1.0000,-0.9556,-3.5248,-3.5248
audioseal,3,english:1594,2,221,eep,1,1.0000,-5.8539,-0.8824,4.6190,0.9998,34.58,1.0000,-0.9556,-3.5248,-3.5248
audioseal,3,english:1594,2,221,fwp,1,1.0000,-8.7862,-3.5248,4.5807,0.9994,29.35,1.0000,-0.9556,-3.5248,-3.5248
audioseal,3,english:1594,2,221,dm,1,1.0000,-7.0248,-1.4469,4.6065,0.9997,32.31,1.0000,-0.9556,-3.5248,-3.5248
audioseal,3,english:1594,2,221,tct,1,1.0000,-8.7862,-3.5248,4.5807,0.9994,29.35,1.0000,-0.9556,-3.5248,-3.5248
audioseal,3,english:1594,2,221,payload_farthest,1,1.0000,-8.7862,-3.5248,4.5807,0.9994,29.35,1.0000,-0.9556,-3.5248,-3.5248
audioseal,3,english:1624,0,222,single_copy,0,1.0000,-4.1709,0.8944,4.6439,1.0000,145.61,0.8660,-0.8463,-1.1544,-1.1544
audioseal,3,english:1624,0,222,mean,1,1.0000,-7.4953,-2.5210,4.5956,0.9996,36.32,0.8660,-0.8463,-1.1544,-1.1544
audioseal,3,english:1624,0,222,rp,1,0.9999,-5.9827,-0.5655,4.5674,0.9991,32.80,0.8660,-0.8463,-1.1544,-1.1544
audioseal,3,english:1624,0,222,random_dirichlet,1,1.0000,-5.2800,-0.6378,4.5793,0.9994,34.66,0.8660,-0.8463,-1.1544,-1.1544
audioseal,3,english:1624,0,222,eep,1,0.9999,-5.9827,-0.5655,4.5674,0.9991,32.80,0.8660,-0.8463,-1.1544,-1.1544
audioseal,3,english:1624,0,222,fwp,1,1.0000,-7.4538,-2.8998,4.6059,0.9997,37.59,0.8660,-0.8463,-1.1544,-1.1544
audioseal,3,english:1624,0,222,dm,1,1.0000,-7.6384,-2.9271,4.5999,0.9997,37.14,0.8660,-0.8463,-1.1544,-1.1544
audioseal,3,english:1624,0,222,tct,1,1.0000,-6.3698,-1.1544,4.6012,0.9996,36.65,0.8660,-0.8463,-1.1544,-1.1544
audioseal,3,english:1624,0,222,payload_farthest,1,0.9999,-6.8337,-1.3617,4.6123,0.9997,38.45,0.8660,-0.8463,-1.1544,-1.1544
audioseal,3,english:1624,1,223,single_copy,0,1.0000,-4.0432,0.9544,4.6439,1.0000,145.61,-0.8660,-0.7433,-0.9413,-0.9413
audioseal,3,english:1624,1,223,mean,1,1.0000,-8.2440,-2.9733,4.6023,0.9994,36.42,-0.8660,-0.7433,-0.9413,-0.9413
audioseal,3,english:1624,1,223,rp,1,1.0000,-8.2852,-1.7250,4.6044,0.9994,38.64,-0.8660,-0.7433,-0.9413,-0.9413
audioseal,3,english:1624,1,223,random_dirichlet,1,1.0000,-6.3666,-0.6277,4.5837,0.9990,34.94,-0.8660,-0.7433,-0.9413,-0.9413
audioseal,3,english:1624,1,223,eep,1,1.0000,-6.1666,-0.9413,4.6057,0.9996,37.21,-0.8660,-0.7433,-0.9413,-0.9413
audioseal,3,english:1624,1,223,fwp,1,1.0000,-6.1666,-0.9413,4.6057,0.9996,37.21,-0.8660,-0.7433,-0.9413,-0.9413
audioseal,3,english:1624,1,223,dm,1,1.0000,-7.1012,-2.1847,4.6046,0.9995,36.76,-0.8660,-0.7433,-0.9413,-0.9413
audioseal,3,english:1624,1,223,tct,1,1.0000,-6.1666,-0.9413,4.6057,0.9996,37.21,-0.8660,-0.7433,-0.9413,-0.9413
audioseal,3,english:1624,1,223,payload_farthest,1,1.0000,-8.2852,-1.7250,4.6044,0.9994,38.64,-0.8660,-0.7433,-0.9413,-0.9413
audioseal,3,english:1624,2,224,single_copy,0,1.0000,-3.8080,1.0492,4.6439,1.0000,145.61,0.8660,-0.9975,-1.3172,-1.3172
audioseal,3,english:1624,2,224,mean,1,0.9992,-6.7457,-1.6489,4.5709,0.9990,33.80,0.8660,-0.9975,-1.3172,-1.3172
audioseal,3,english:1624,2,224,rp,1,0.9998,-7.9292,-2.9121,4.5928,0.9994,35.57,0.8660,-0.9975,-1.3172,-1.3172
audioseal,3,english:1624,2,224,random_dirichlet,1,0.9996,-5.5965,-0.8293,4.5673,0.9989,33.63,0.8660,-0.9975,-1.3172,-1.3172
audioseal,3,english:1624,2,224,eep,1,0.9987,-8.0097,-3.0008,4.5881,0.9993,36.12,0.8660,-0.9975,-1.3172,-1.3172
audioseal,3,english:1624,2,224,fwp,1,0.9998,-7.9292,-2.9121,4.5928,0.9994,35.57,0.8660,-0.9975,-1.3172,-1.3172
audioseal,3,english:1624,2,224,dm,1,0.9994,-8.0551,-2.6948,4.5882,0.9993,35.34,0.8660,-0.9975,-1.3172,-1.3172
audioseal,3,english:1624,2,224,tct,1,0.9999,-6.1492,-1.3172,4.5601,0.9987,32.78,0.8660,-0.9975,-1.3172,-1.3172
audioseal,3,english:1624,2,224,payload_farthest,1,0.9987,-8.0097,-3.0008,4.5881,0.9993,36.12,0.8660,-0.9975,-1.3172,-1.3172
audioseal,3,english:163,0,225,single_copy,0,1.0000,-4.2308,0.8720,4.6439,1.0000,147.35,0.8660,-0.1417,-5.3707,-5.3707
audioseal,3,english:163,0,225,mean,1,1.0000,-8.6901,-4.4362,4.5940,0.9978,36.77,0.8660,-0.1417,-5.3707,-5.3707
audioseal,3,english:163,0,225,rp,1,1.0000,-8.0350,-2.6237,4.5441,0.9954,33.25,0.8660,-0.1417,-5.3707,-5.3707
audioseal,3,english:163,0,225,random_dirichlet,1,1.0000,-7.2645,-1.7968,4.6008,0.9983,37.93,0.8660,-0.1417,-5.3707,-5.3707
audioseal,3,english:163,0,225,eep,1,1.0000,-6.7782,-1.1858,4.6000,0.9983,37.98,0.8660,-0.1417,-5.3707,-5.3707
audioseal,3,english:163,0,225,fwp,1,1.0000,-6.7782,-1.1858,4.6000,0.9983,37.98,0.8660,-0.1417,-5.3707,-5.3707
audioseal,3,english:163,0,225,dm,1,1.0000,-8.5949,-4.2192,4.5963,0.9979,37.03,0.8660,-0.1417,-5.3707,-5.3707
audioseal,3,english:163,0,225,tct,1,1.0000,-9.5385,-5.3707,4.5714,0.9967,34.86,0.8660,-0.1417,-5.3707,-5.3707
audioseal,3,english:163,0,225,payload_farthest,1,1.0000,-6.7782,-1.1858,4.6000,0.9983,37.98,0.8660,-0.1417,-5.3707,-5.3707
audioseal,3,english:163,1,226,single_copy,0,0.9999,-4.1109,0.8462,4.6439,1.0000,147.35,0.8660,-0.9376,-1.7033,-1.7033
audioseal,3,english:163,1,226,mean,1,1.0000,-7.8403,-2.3236,4.5971,0.9976,37.69,0.8660,-0.9376,-1.7033,-1.7033
audioseal,3,english:163,1,226,rp,1,1.0000,-7.1469,-2.4771,4.6194,0.9989,41.85,0.8660,-0.9376,-1.7033,-1.7033
audioseal,3,english:163,1,226,random_dirichlet,1,1.0000,-5.1963,-0.2638,4.6241,0.9989,41.31,0.8660,-0.9376,-1.7033,-1.7033
audioseal,3,english:163,1,226,eep,1,0.9999,-9.2813,-4.0297,4.5920,0.9976,37.15,0.8660,-0.9376,-1.7033,-1.7033
audioseal,3,english:163,1,226,fwp,1,0.9999,-9.2813,-4.0297,4.5920,0.9976,37.15,0.8660,-0.9376,-1.7033,-1.7033
audioseal,3,english:163,1,226,dm,1,0.9999,-9.2181,-3.9408,4.5922,0.9976,37.14,0.8660,-0.9376,-1.7033,-1.7033
audioseal,3,english:163,1,226,tct,1,1.0000,-6.9578,-1.7033,4.6079,0.9982,39.37,0.8660,-0.9376,-1.7033,-1.7033
audioseal,3,english:163,1,226,payload_farthest,1,0.9999,-9.2813,-4.0297,4.5920,0.9976,37.15,0.8660,-0.9376,-1.7033,-1.7033
audioseal,3,english:163,2,227,single_copy,0,1.0000,-4.1837,0.9147,4.6439,1.0000,147.35,0.5000,-0.9999,-0.9623,-0.9623
audioseal,3,english:163,2,227,mean,1,1.0000,-6.5759,-0.9456,4.6149,0.9987,40.53,0.5000,-0.9999,-0.9623,-0.9623
audioseal,3,english:163,2,227,rp,1,1.0000,-6.5794,-1.4383,4.6158,0.9987,40.65,0.5000,-0.9999,-0.9623,-0.9623
audioseal,3,english:163,2,227,random_dirichlet,0,0.9999,-4.2578,0.8712,4.5896,0.9976,37.01,0.5000,-0.9999,-0.9623,-0.9623
audioseal,3,english:163,2,227,eep,1,0.9998,-6.6986,-1.1291,4.6167,0.9988,40.40,0.5000,-0.9999,-0.9623,-0.9623
audioseal,3,english:163,2,227,fwp,1,0.9999,-7.3348,-1.8702,4.5829,0.9972,37.00,0.5000,-0.9999,-0.9623,-0.9623
audioseal,3,english:163,2,227,dm,1,0.9999,-7.3913,-1.9022,4.5934,0.9978,38.02,0.5000,-0.9999,-0.9623,-0.9623
audioseal,3,english:163,2,227,tct,1,0.9999,-6.7032,-0.9623,4.5965,0.9979,38.21,0.5000,-0.9999,-0.9623,-0.9623
audioseal,3,english:163,2,227,payload_farthest,1,0.9999,-7.3348,-1.8702,4.5829,0.9972,37.00,0.5000,-0.9999,-0.9623,-0.9623
audioseal,3,english:1723,0,228,single_copy,0,1.0000,-4.0591,1.0055,4.6439,1.0000,144.35,0.5000,-0.7896,-3.5052,-3.5052
audioseal,3,english:1723,0,228,mean,1,1.0000,-9.7495,-4.4131,4.6095,0.9985,36.56,0.5000,-0.7896,-3.5052,-3.5052
audioseal,3,english:1723,0,228,rp,1,0.9999,-8.4252,-3.3315,4.6145,0.9988,36.61,0.5000,-0.7896,-3.5052,-3.5052
audioseal,3,english:1723,0,228,random_dirichlet,1,1.0000,-6.9422,-1.4406,4.6214,0.9990,38.41,0.5000,-0.7896,-3.5052,-3.5052
audioseal,3,english:1723,0,228,eep,1,0.9999,-8.4252,-3.3315,4.6145,0.9988,36.61,0.5000,-0.7896,-3.5052,-3.5052
audioseal,3,english:1723,0,228,fwp,1,1.0000,-8.9544,-3.0790,4.5752,0.9968,33.04,0.5000,-0.7896,-3.5052,-3.5052
audioseal,3,english:1723,0,228,dm,1,1.0000,-10.0389,-4.9444,4.5933,0.9978,34.79,0.5000,-0.7896,-3.5052,-3.5052
audioseal,3,english:1723,0,228,tct,1,1.0000,-8.5572,-3.5052,4.6153,0.9986,36.63,0.5000,-0.7896,-3.5052,-3.5052
audioseal,3,english:1723,0,228,payload_farthest,1,1.0000,-8.9544,-3.0790,4.5752,0.9968,33.04,0.5000,-0.7896,-3.5052,-3.5052
audioseal,3,english:1723,1,229,single_copy,0,1.0000,-4.4476,0.8160,4.6439,1.0000,144.35,0.8660,-0.9351,-1.5960,-1.5960
audioseal,3,english:1723,1,229,mean,1,0.9994,-7.4718,-2.0780,4.5883,0.9987,34.86,0.8660,-0.9351,-1.5960,-1.5960
audioseal,3,english:1723,1,229,rp,1,0.9999,-8.1573,-2.5760,4.5939,0.9991,35.37,0.8660,-0.9351,-1.5960,-1.5960
audioseal,3,english:1723,1,229,random_dirichlet,0,1.0000,-4.5986,0.7640,4.5777,0.9980,33.91,0.8660,-0.9351,-1.5960,-1.5960
audioseal,3,english:1723,1,229,eep,1,1.0000,-6.9416,-1.5960,4.6088,0.9989,37.57,0.8660,-0.9351,-1.5960,-1.5960
audioseal,3,english:1723,1,229,fwp,1,0.9999,-8.1573,-2.5760,4.5939,0.9991,35.37,0.8660,-0.9351,-1.5960,-1.5960
audioseal,3,english:1723,1,229,dm,1,0.9996,-7.7015,-2.0712,4.5907,0.9990,35.16,0.8660,-0.9351,-1.5960,-1.5960
audioseal,3,english:1723,1,229,tct,1,1.0000,-6.9416,-1.5960,4.6088,0.9989,37.57,0.8660,-0.9351,-1.5960,-1.5960
audioseal,3,english:1723,1,229,payload_farthest,1,0.9999,-8.1573,-2.5760,4.5939,0.9991,35.37,0.8660,-0.9351,-1.5960,-1.5960
audioseal,3,english:1723,2,230,single_copy,0,1.0000,-4.0030,0.9875,4.6439,1.0000,144.35,0.5000,-0.3431,-2.2583,-2.2584
audioseal,3,english:1723,2,230,mean,1,1.0000,-9.1145,-3.7053,4.5845,0.9978,34.68,0.5000,-0.3431,-2.2583,-2.2584
audioseal,3,english:1723,2,230,rp,1,1.0000,-8.3964,-2.9425,4.6093,0.9988,37.10,0.5000,-0.3431,-2.2583,-2.2584
audioseal,3,english:1723,2,230,random_dirichlet,1,1.0000,-5.2691,-0.2250,4.6224,0.9993,39.78,0.5000,-0.3431,-2.2583,-2.2584
audioseal,3,english:1723,2,230,eep,1,1.0000,-8.0987,-2.7822,4.5959,0.9981,35.21,0.5000,-0.3431,-2.2583,-2.2584
audioseal,3,english:1723,2,230,fwp,1,1.0000,-8.0987,-2.7822,4.5959,0.9981,35.21,0.5000,-0.3431,-2.2583,-2.2584
audioseal,3,english:1723,2,230,dm,1,1.0000,-8.7473,-2.9155,4.5873,0.9979,34.84,0.5000,-0.3431,-2.2583,-2.2584
audioseal,3,english:1723,2,230,tct,1,1.0000,-8.1035,-2.2583,4.5826,0.9977,34.31,0.5000,-0.3431,-2.2583,-2.2584
audioseal,3,english:1723,2,230,payload_farthest,1,1.0000,-8.0987,-2.7822,4.5959,0.9981,35.21,0.5000,-0.3431,-2.2583,-2.2584
audioseal,3,english:1737,0,231,single_copy,0,1.0000,-4.2897,0.9181,4.6439,1.0000,143.04,0.5000,-0.9489,-2.6452,-2.6452
audioseal,3,english:1737,0,231,mean,1,1.0000,-8.3350,-3.4872,4.5658,0.9991,32.65,0.5000,-0.9489,-2.6452,-2.6452
audioseal,3,english:1737,0,231,rp,1,1.0000,-8.3580,-2.7404,4.5030,0.9981,29.12,0.5000,-0.9489,-2.6452,-2.6452
audioseal,3,english:1737,0,231,random_dirichlet,0,0.9999,-4.3131,0.9100,4.5104,0.9978,29.65,0.5000,-0.9489,-2.6452,-2.6452
audioseal,3,english:1737,0,231,eep,1,1.0000,-9.4870,-4.7247,4.5656,0.9993,33.51,0.5000,-0.9489,-2.6452,-2.6452
audioseal,3,english:1737,0,231,fwp,1,1.0000,-9.4870,-4.7247,4.5656,0.9993,33.51,0.5000,-0.9489,-2.6452,-2.6452
audioseal,3,english:1737,0,231,dm,1,1.0000,-9.6349,-5.0736,4.5693,0.9993,33.45,0.5000,-0.9489,-2.6452,-2.6452
audioseal,3,english:1737,0,231,tct,1,1.0000,-7.7139,-2.6452,4.5286,0.9987,30.85,0.5000,-0.9489,-2.6452,-2.6452
audioseal,3,english:1737,0,231,payload_farthest,1,1.0000,-9.4870,-4.7247,4.5656,0.9993,33.51,0.5000,-0.9489,-2.6452,-2.6452
audioseal,3,english:1737,1,232,single_copy,0,0.9998,-3.9705,1.0302,4.6439,1.0000,143.04,0.8660,-0.8773,-1.0722,-1.0722
audioseal,3,english:1737,1,232,mean,1,1.0000,-5.2132,-0.7534,4.5849,0.9994,36.17,0.8660,-0.8773,-1.0722,-1.0722
audioseal,3,english:1737,1,232,rp,1,1.0000,-5.8330,-1.1568,4.5254,0.9986,32.65,0.8660,-0.8773,-1.0722,-1.0722
audioseal,3,english:1737,1,232,random_dirichlet,1,0.9999,-4.9682,-0.2920,4.6214,0.9997,39.07,0.8660,-0.8773,-1.0722,-1.0722
audioseal,3,english:1737,1,232,eep,1,1.0000,-5.8330,-1.1568,4.5254,0.9986,32.65,0.8660,-0.8773,-1.0722,-1.0722
audioseal,3,english:1737,1,232,fwp,1,1.0000,-6.6421,-0.4790,4.6015,0.9994,36.19,0.8660,-0.8773,-1.0722,-1.0722
audioseal,3,english:1737,1,232,dm,1,1.0000,-6.7515,-2.0961,4.5919,0.9994,36.03,0.8660,-0.8773,-1.0722,-1.0722
audioseal,3,english:1737,1,232,tct,1,1.0000,-7.1207,-1.0722,4.6061,0.9995,37.25,0.8660,-0.8773,-1.0722,-1.0722
audioseal,3,english:1737,1,232,payload_farthest,1,1.0000,-6.6421,-0.4790,4.6015,0.9994,36.19,0.8660,-0.8773,-1.0722,-1.0722
audioseal,3,english:1737,2,233,single_copy,0,0.9999,-4.0868,1.0140,4.6439,1.0000,143.04,0.0000,-0.9667,-1.3534,-1.3534
audioseal,3,english:1737,2,233,mean,1,1.0000,-6.7657,-1.6429,4.6004,0.9994,36.47,0.0000,-0.9667,-1.3534,-1.3534
audioseal,3,english:1737,2,233,rp,1,0.9999,-6.8992,-1.5057,4.5553,0.9986,32.95,0.0000,-0.9667,-1.3534,-1.3534
audioseal,3,english:1737,2,233,random_dirichlet,1,1.0000,-8.3440,-2.7538,4.5847,0.9991,35.41,0.0000,-0.9667,-1.3534,-1.3534
audioseal,3,english:1737,2,233,eep,1,1.0000,-6.3345,-0.6942,4.6147,0.9995,36.59,0.0000,-0.9667,-1.3534,-1.3534
audioseal,3,english:1737,2,233,fwp,1,0.9999,-6.8992,-1.5057,4.5553,0.9986,32.95,0.0000,-0.9667,-1.3534,-1.3534
audioseal,3,english:1737,2,233,dm,1,1.0000,-7.0056,-1.8691,4.5865,0.9991,35.08,0.0000,-0.9667,-1.3534,-1.3534
audioseal,3,english:1737,2,233,tct,1,1.0000,-6.3867,-1.3534,4.5757,0.9989,34.12,0.0000,-0.9667,-1.3534,-1.3534
audioseal,3,english:1737,2,233,payload_farthest,1,0.9999,-7.6669,-2.0189,4.6015,0.9995,37.51,0.0000,-0.9667,-1.3534,-1.3534
audioseal,3,english:1743,0,234,single_copy,0,1.0000,-4.1791,0.9493,4.6439,1.0000,145.70,-1.0000,-0.9598,-0.9812,-0.9812
audioseal,3,english:1743,0,234,mean,1,1.0000,-6.8464,-1.6741,4.6055,0.9998,35.46,-1.0000,-0.9598,-0.9812,-0.9812
audioseal,3,english:1743,0,234,rp,1,1.0000,-5.6270,-0.9337,4.6185,0.9999,35.67,-1.0000,-0.9598,-0.9812,-0.9812
audioseal,3,english:1743,0,234,random_dirichlet,0,1.0000,-4.3096,0.8652,4.5669,0.9997,32.28,-1.0000,-0.9598,-0.9812,-0.9812
audioseal,3,english:1743,0,234,eep,1,1.0000,-6.9179,-1.1783,4.5706,0.9997,31.94,-1.0000,-0.9598,-0.9812,-0.9812
audioseal,3,english:1743,0,234,fwp,1,1.0000,-6.9179,-1.1783,4.5706,0.9997,31.94,-1.0000,-0.9598,-0.9812,-0.9812
audioseal,3,english:1743,0,234,dm,1,1.0000,-6.1924,-0.8172,4.5994,0.9998,34.49,-1.0000,-0.9598,-0.9812,-0.9812
audioseal,3,english:1743,0,234,tct,1,1.0000,-6.7925,-0.9812,4.6017,0.9999,35.94,-1.0000,-0.9598,-0.9812,-0.9812
audioseal,3,english:1743,0,234,payload_farthest,1,1.0000,-7.9186,-2.8335,4.6085,0.9999,36.88,-1.0000,-0.9598,-0.9812,-0.9812
audioseal,3,english:1743,1,235,single_copy,0,0.9998,-4.2745,0.9524,4.6439,1.0000,145.70,0.5000,-1.0000,-3.6888,-3.6888
audioseal,3,english:1743,1,235,mean,0,1.0000,-5.4838,0.2099,4.6145,0.9999,37.31,0.5000,-1.0000,-3.6888,-3.6888
audioseal,3,english:1743,1,235,rp,1,1.0000,-6.9578,-1.9379,4.6257,0.9999,38.49,0.5000,-1.0000,-3.6888,-3.6888
audioseal,3,english:1743,1,235,random_dirichlet,0,1.0000,-4.6474,0.7020,4.5916,0.9998,34.18,0.5000,-1.0000,-3.6888,-3.6888
audioseal,3,english:1743,1,235,eep,1,1.0000,-6.9578,-1.9379,4.6257,0.9999,38.49,0.5000,-1.0000,-3.6888,-3.6888
audioseal,3,english:1743,1,235,fwp,1,1.0000,-6.9578,-1.9379,4.6257,0.9999,38.49,0.5000,-1.0000,-3.6888,-3.6888
audioseal,3,english:1743,1,235,dm,1,1.0000,-8.0845,-2.8206,4.6222,0.9999,38.24,0.5000,-1.0000,-3.6888,-3.6888
audioseal,3,english:1743,1,235,tct,1,1.0000,-9.0808,-3.6888,4.6219,0.9999,38.74,0.5000,-1.0000,-3.6888,-3.6888
audioseal,3,english:1743,1,235,payload_farthest,1,1.0000,-8.9388,-3.4728,4.6273,0.9999,39.72,0.5000,-1.0000,-3.6888,-3.6888
audioseal,3,english:1743,2,236,single_copy,0,1.0000,-4.1470,0.9077,4.6439,1.0000,145.70,1.0000,-0.9824,-0.1214,-0.1214
audioseal,3,english:1743,2,236,mean,1,1.0000,-6.2041,-1.7289,4.6236,0.9999,37.69,1.0000,-0.9824,-0.1214,-0.1214
audioseal,3,english:1743,2,236,rp,1,1.0000,-8.1240,-2.7441,4.6049,0.9998,34.16,1.0000,-0.9824,-0.1214,-0.1214
audioseal,3,english:1743,2,236,random_dirichlet,0,1.0000,-5.1359,0.4192,4.6038,0.9998,33.49,1.0000,-0.9824,-0.1214,-0.1214
audioseal,3,english:1743,2,236,eep,1,1.0000,-8.1240,-2.7441,4.6049,0.9998,34.16,1.0000,-0.9824,-0.1214,-0.1214
audioseal,3,english:1743,2,236,fwp,1,1.0000,-7.7006,-2.5363,4.6244,0.9999,36.78,1.0000,-0.9824,-0.1214,-0.1214
audioseal,3,english:1743,2,236,dm,1,1.0000,-7.9817,-3.0902,4.6227,0.9999,36.52,1.0000,-0.9824,-0.1214,-0.1214
audioseal,3,english:1743,2,236,tct,1,1.0000,-4.7814,-0.1214,4.6234,0.9999,37.91,1.0000,-0.9824,-0.1214,-0.1214
audioseal,3,english:1743,2,236,payload_farthest,1,1.0000,-7.7006,-2.5363,4.6244,0.9999,36.78,1.0000,-0.9824,-0.1214,-0.1214
audioseal,3,english:1841,0,237,single_copy,0,1.0000,-4.0414,0.9892,4.6439,1.0000,143.93,0.8660,-0.9157,0.0557,0.0557
audioseal,3,english:1841,0,237,mean,1,0.9999,-6.5835,-2.1846,4.6231,0.9999,38.28,0.8660,-0.9157,0.0557,0.0557
audioseal,3,english:1841,0,237,rp,1,1.0000,-6.7224,-1.2711,4.6210,0.9999,37.50,0.8660,-0.9157,0.0557,0.0557
audioseal,3,english:1841,0,237,random_dirichlet,0,1.0000,-4.1467,0.8361,4.6374,1.0000,44.16,0.8660,-0.9157,0.0557,0.0557
audioseal,3,english:1841,0,237,eep,1,1.0000,-6.7224,-1.2711,4.6210,0.9999,37.50,0.8660,-0.9157,0.0557,0.0557
audioseal,3,english:1841,0,237,fwp,1,1.0000,-6.7224,-1.2711,4.6210,0.9999,37.50,0.8660,-0.9157,0.0557,0.0557
audioseal,3,english:1841,0,237,dm,1,1.0000,-6.4352,-0.7391,4.6196,0.9998,37.40,0.8660,-0.9157,0.0557,0.0557
audioseal,3,english:1841,0,237,tct,0,1.0000,-5.0158,0.0557,4.6288,0.9999,39.71,0.8660,-0.9157,0.0557,0.0557
audioseal,3,english:1841,0,237,payload_farthest,1,1.0000,-6.7224,-1.2711,4.6210,0.9999,37.50,0.8660,-0.9157,0.0557,0.0557
audioseal,3,english:1841,1,238,single_copy,0,1.0000,-4.0768,1.0215,4.6439,1.0000,143.93,0.8660,-0.9968,-1.0345,-1.0345
audioseal,3,english:1841,1,238,mean,1,0.9999,-7.3872,-2.1817,4.6110,0.9998,37.63,0.8660,-0.9968,-1.0345,-1.0345
audioseal,3,english:1841,1,238,rp,1,1.0000,-8.2151,-1.8501,4.6203,0.9998,37.78,0.8660,-0.9968,-1.0345,-1.0345
audioseal,3,english:1841,1,238,random_dirichlet,0,1.0000,-4.3707,0.6149,4.5917,0.9998,36.31,0.8660,-0.9968,-1.0345,-1.0345
audioseal,3,english:1841,1,238,eep,1,1.0000,-6.4838,-0.6588,4.5764,0.9997,34.11,0.8660,-0.9968,-1.0345,-1.0345
audioseal,3,english:1841,1,238,fwp,1,1.0000,-6.4838,-0.6588,4.5764,0.9997,34.11,0.8660,-0.9968,-1.0345,-1.0345
audioseal,3,english:1841,1,238,dm,1,0.9998,-7.9746,-2.8813,4.6091,0.9998,36.92,0.8660,-0.9968,-1.0345,-1.0345
audioseal,3,english:1841,1,238,tct,1,0.9998,-6.0083,-1.0345,4.6226,0.9999,39.98,0.8660,-0.9968,-1.0345,-1.0345
audioseal,3,english:1841,1,238,payload_farthest,1,1.0000,-8.2151,-1.8501,4.6203,0.9998,37.78,0.8660,-0.9968,-1.0345,-1.0345
audioseal,3,english:1841,2,239,single_copy,0,1.0000,-4.0872,0.9773,4.6439,1.0000,143.92,-0.5000,-0.9973,-5.8197,-5.8197
audioseal,3,english:1841,2,239,mean,1,1.0000,-7.8018,-1.8990,4.5976,0.9998,37.40,-0.5000,-0.9973,-5.8197,-5.8197
audioseal,3,english:1841,2,239,rp,1,1.0000,-8.8309,-3.2665,4.5637,0.9996,33.87,-0.5000,-0.9973,-5.8197,-5.8197
audioseal,3,english:1841,2,239,random_dirichlet,0,1.0000,-4.4265,0.7490,4.6317,0.9999,42.53,-0.5000,-0.9973,-5.8197,-5.8197
audioseal,3,english:1841,2,239,eep,1,1.0000,-7.5223,-2.0763,4.6093,0.9999,36.89,-0.5000,-0.9973,-5.8197,-5.8197
audioseal,3,english:1841,2,239,fwp,1,1.0000,-8.8309,-3.2665,4.5637,0.9996,33.87,-0.5000,-0.9973,-5.8197,-5.8197
audioseal,3,english:1841,2,239,dm,1,0.9999,-7.5723,-1.4605,4.5706,0.9996,34.44,-0.5000,-0.9973,-5.8197,-5.8197
audioseal,3,english:1841,2,239,tct,1,0.9989,-10.8942,-5.8197,4.5994,0.9998,37.61,-0.5000,-0.9973,-5.8197,-5.8197
audioseal,3,english:1841,2,239,payload_farthest,1,0.9999,-9.7858,-3.6652,4.6057,0.9998,37.46,-0.5000,-0.9973,-5.8197,-5.8197
audioseal,3,english:1867,0,240,single_copy,0,1.0000,-3.9848,0.9343,4.6439,1.0000,143.11,1.0000,-0.9844,-2.1238,-2.1238
audioseal,3,english:1867,0,240,mean,1,1.0000,-7.5861,-2.6080,4.6070,0.9999,31.64,1.0000,-0.9844,-2.1238,-2.1238
audioseal,3,english:1867,0,240,rp,1,1.0000,-6.2441,-1.0229,4.6035,0.9999,33.41,1.0000,-0.9844,-2.1238,-2.1238
audioseal,3,english:1867,0,240,random_dirichlet,1,1.0000,-7.7010,-2.7349,4.6058,0.9999,31.48,1.0000,-0.9844,-2.1238,-2.1238
audioseal,3,english:1867,0,240,eep,1,1.0000,-10.4879,-5.6258,4.5782,0.9998,28.11,1.0000,-0.9844,-2.1238,-2.1238
audioseal,3,english:1867,0,240,fwp,1,1.0000,-10.4879,-5.6258,4.5782,0.9998,28.11,1.0000,-0.9844,-2.1238,-2.1238
audioseal,3,english:1867,0,240,dm,1,1.0000,-8.2553,-3.5961,4.6044,0.9999,30.73,1.0000,-0.9844,-2.1238,-2.1238
audioseal,3,english:1867,0,240,tct,1,1.0000,-7.0945,-2.1238,4.6112,0.9999,33.66,1.0000,-0.9844,-2.1238,-2.1238
audioseal,3,english:1867,0,240,payload_farthest,1,1.0000,-10.4879,-5.6258,4.5782,0.9998,28.11,1.0000,-0.9844,-2.1238,-2.1238
audioseal,3,english:1867,1,241,single_copy,0,1.0000,-4.0821,0.9418,4.6439,1.0000,143.11,0.8660,-0.9961,-1.0213,-1.0213
audioseal,3,english:1867,1,241,mean,1,1.0000,-5.9132,-1.0213,4.6250,0.9999,33.48,0.8660,-0.9961,-1.0213,-1.0213
audioseal,3,english:1867,1,241,rp,1,1.0000,-6.7028,-1.4917,4.6259,0.9999,34.52,0.8660,-0.9961,-1.0213,-1.0213
audioseal,3,english:1867,1,241,random_dirichlet,1,1.0000,-5.3543,-0.3740,4.6029,0.9998,29.30,0.8660,-0.9961,-1.0213,-1.0213
audioseal,3,english:1867,1,241,eep,1,1.0000,-6.7028,-1.4917,4.6259,0.9999,34.52,0.8660,-0.9961,-1.0213,-1.0213
audioseal,3,english:1867,1,241,fwp,1,1.0000,-6.9135,-1.6257,4.6051,0.9998,29.96,0.8660,-0.9961,-1.0213,-1.0213
audioseal,3,english:1867,1,241,dm,1,1.0000,-6.8221,-1.7177,4.6198,0.9999,32.41,0.8660,-0.9961,-1.0213,-1.0213
audioseal,3,english:1867,1,241,tct,1,1.0000,-5.9132,-1.0213,4.6250,0.9999,33.48,0.8660,-0.9961,-1.0213,-1.0213
audioseal,3,english:1867,1,241,payload_farthest,1,1.0000,-6.9135,-1.6257,4.6051,0.9998,29.96,0.8660,-0.9961,-1.0213,-1.0213
audioseal,3,english:1867,2,242,single_copy,0,1.0000,-4.2426,0.9185,4.6439,1.0000,143.12,1.0000,-0.9459,-2.0465,-2.0465
audioseal,3,english:1867,2,242,mean,1,1.0000,-6.7141,-2.2146,4.6145,0.9999,32.37,1.0000,-0.9459,-2.0465,-2.0465
audioseal,3,english:1867,2,242,rp,1,1.0000,-6.3236,-0.7361,4.5909,0.9998,28.84,1.0000,-0.9459,-2.0465,-2.0465
audioseal,3,english:1867,2,242,random_dirichlet,1,1.0000,-6.0189,-0.4463,4.6201,0.9999,33.62,1.0000,-0.9459,-2.0465,-2.0465
audioseal,3,english:1867,2,242,eep,1,1.0000,-6.3236,-0.7361,4.5909,0.9998,28.84,1.0000,-0.9459,-2.0465,-2.0465
audioseal,3,english:1867,2,242,fwp,1,1.0000,-10.4019,-5.5415,4.6158,0.9999,32.40,1.0000,-0.9459,-2.0465,-2.0465
audioseal,3,english:1867,2,242,dm,1,1.0000,-7.4922,-2.5785,4.6141,0.9999,32.20,1.0000,-0.9459,-2.0465,-2.0465
audioseal,3,english:1867,2,242,tct,1,1.0000,-7.0336,-2.0465,4.6234,0.9999,34.58,1.0000,-0.9459,-2.0465,-2.0465
audioseal,3,english:1867,2,242,payload_farthest,1,1.0000,-10.4019,-5.5415,4.6158,0.9999,32.40,1.0000,-0.9459,-2.0465,-2.0465
audioseal,3,english:1898,0,243,single_copy,0,1.0000,-4.1734,0.9028,4.6439,1.0000,141.92,1.0000,-0.9732,0.2758,0.2758
audioseal,3,english:1898,0,243,mean,1,1.0000,-6.1869,-1.0052,4.5766,0.9984,32.89,1.0000,-0.9732,0.2758,0.2758
audioseal,3,english:1898,0,243,rp,1,1.0000,-5.0809,-0.7122,4.5174,0.9967,29.36,1.0000,-0.9732,0.2758,0.2758
audioseal,3,english:1898,0,243,random_dirichlet,0,1.0000,-4.5256,0.6029,4.5405,0.9974,30.29,1.0000,-0.9732,0.2758,0.2758
audioseal,3,english:1898,0,243,eep,1,1.0000,-5.0809,-0.7122,4.5174,0.9967,29.36,1.0000,-0.9732,0.2758,0.2758
audioseal,3,english:1898,0,243,fwp,1,1.0000,-8.2982,-2.2894,4.5981,0.9989,35.20,1.0000,-0.9732,0.2758,0.2758
audioseal,3,english:1898,0,243,dm,1,1.0000,-9.0811,-2.9424,4.6002,0.9990,35.07,1.0000,-0.9732,0.2758,0.2758
audioseal,3,english:1898,0,243,tct,0,1.0000,-4.7874,0.2758,4.5628,0.9981,32.15,1.0000,-0.9732,0.2758,0.2758
audioseal,3,english:1898,0,243,payload_farthest,1,1.0000,-8.2982,-2.2894,4.5981,0.9989,35.20,1.0000,-0.9732,0.2758,0.2758
audioseal,3,english:1898,1,244,single_copy,0,1.0000,-4.3404,0.9615,4.6439,1.0000,141.92,-1.0000,-1.0000,-2.9938,-2.9938
audioseal,3,english:1898,1,244,mean,1,1.0000,-8.8105,-3.1092,4.5592,0.9988,33.46,-1.0000,-1.0000,-2.9938,-2.9938
audioseal,3,english:1898,1,244,rp,1,1.0000,-7.9480,-1.8317,4.5792,0.9990,34.70,-1.0000,-1.0000,-2.9938,-2.9938
audioseal,3,english:1898,1,244,random_dirichlet,0,1.0000,-5.0792,0.3571,4.6003,0.9994,36.98,-1.0000,-1.0000,-2.9938,-2.9938
audioseal,3,english:1898,1,244,eep,1,1.0000,-7.9480,-1.8317,4.5792,0.9990,34.70,-1.0000,-1.0000,-2.9938,-2.9938
audioseal,3,english:1898,1,244,fwp,1,1.0000,-7.9480,-1.8317,4.5792,0.9990,34.70,-1.0000,-1.0000,-2.9938,-2.9938
audioseal,3,english:1898,1,244,dm,1,1.0000,-8.7746,-3.0814,4.5595,0.9988,33.50,-1.0000,-1.0000,-2.9938,-2.9938
audioseal,3,english:1898,1,244,tct,1,1.0000,-8.6251,-2.9938,4.5485,0.9985,32.50,-1.0000,-1.0000,-2.9938,-2.9938
audioseal,3,english:1898,1,244,payload_farthest,1,1.0000,-10.3052,-5.4921,4.5215,0.9973,29.94,-1.0000,-1.0000,-2.9938,-2.9938
audioseal,3,english:1898,2,245,single_copy,0,1.0000,-4.0848,0.9515,4.6439,1.0000,141.92,0.8660,-0.9746,-1.1670,-1.1670
audioseal,3,english:1898,2,245,mean,1,1.0000,-6.7956,-1.2259,4.5887,0.9985,35.18,0.8660,-0.9746,-1.1670,-1.1670
audioseal,3,english:1898,2,245,rp,1,1.0000,-8.0110,-2.2625,4.6185,0.9992,37.52,0.8660,-0.9746,-1.1670,-1.1670
audioseal,3,english:1898,2,245,random_dirichlet,1,1.0000,-7.3320,-1.7308,4.5865,0.9985,35.11,0.8660,-0.9746,-1.1670,-1.1670
audioseal,3,english:1898,2,245,eep,1,1.0000,-7.6023,-1.3871,4.5396,0.9967,31.65,0.8660,-0.9746,-1.1670,-1.1670
audioseal,3,english:1898,2,245,fwp,1,1.0000,-9.3290,-2.9364,4.5916,0.9988,35.33,0.8660,-0.9746,-1.1670,-1.1670
audioseal,3,english:1898,2,245,dm,1,1.0000,-7.5462,-1.7552,4.5822,0.9985,34.82,0.8660,-0.9746,-1.1670,-1.1670
audioseal,3,english:1898,2,245,tct,1,1.0000,-7.1152,-1.1670,4.5668,0.9979,33.53,0.8660,-0.9746,-1.1670,-1.1670
audioseal,3,english:1898,2,245,payload_farthest,1,1.0000,-9.3290,-2.9364,4.5916,0.9988,35.33,0.8660,-0.9746,-1.1670,-1.1670
audioseal,3,english:19,0,246,single_copy,0,1.0000,-4.4070,0.9020,4.6439,1.0000,145.46,1.0000,-0.9989,-1.6661,-1.6661
audioseal,3,english:19,0,246,mean,1,1.0000,-6.8501,-2.2407,4.5916,0.9957,37.71,1.0000,-0.9989,-1.6661,-1.6661
audioseal,3,english:19,0,246,rp,1,1.0000,-8.7387,-3.1455,4.6109,0.9973,39.24,1.0000,-0.9989,-1.6661,-1.6661
audioseal,3,english:19,0,246,random_dirichlet,1,1.0000,-6.4313,-1.1572,4.6185,0.9984,42.47,1.0000,-0.9989,-1.6661,-1.6661
audioseal,3,english:19,0,246,eep,1,1.0000,-8.7387,-3.1455,4.6109,0.9973,39.24,1.0000,-0.9989,-1.6661,-1.6661
audioseal,3,english:19,0,246,fwp,1,1.0000,-8.7387,-3.1455,4.6109,0.9973,39.24,1.0000,-0.9989,-1.6661,-1.6661
audioseal,3,english:19,0,246,dm,1,1.0000,-8.8761,-3.9198,4.6052,0.9970,39.08,1.0000,-0.9989,-1.6661,-1.6661
audioseal,3,english:19,0,246,tct,1,1.0000,-6.1885,-1.6661,4.5872,0.9953,37.44,1.0000,-0.9989,-1.6661,-1.6661
audioseal,3,english:19,0,246,payload_farthest,1,1.0000,-8.7387,-3.1455,4.6109,0.9973,39.24,1.0000,-0.9989,-1.6661,-1.6661
audioseal,3,english:19,1,247,single_copy,0,1.0000,-4.1260,1.0219,4.6439,1.0000,145.46,1.0000,-0.9999,-4.9580,-4.9580
audioseal,3,english:19,1,247,mean,1,1.0000,-5.9825,-0.1263,4.5989,0.9949,36.71,1.0000,-0.9999,-4.9580,-4.9580
audioseal,3,english:19,1,247,rp,1,1.0000,-7.9659,-3.1182,4.6138,0.9976,39.69,1.0000,-0.9999,-4.9580,-4.9580
audioseal,3,english:19,1,247,random_dirichlet,0,1.0000,-4.5038,0.7236,4.5557,0.9892,32.95,1.0000,-0.9999,-4.9580,-4.9580
audioseal,3,english:19,1,247,eep,1,1.0000,-7.9659,-3.1182,4.6138,0.9976,39.69,1.0000,-0.9999,-4.9580,-4.9580
audioseal,3,english:19,1,247,fwp,1,1.0000,-10.9493,-4.9580,4.6067,0.9954,37.57,1.0000,-0.9999,-4.9580,-4.9580
audioseal,3,english:19,1,247,dm,1,1.0000,-10.2409,-4.8216,4.6078,0.9955,37.53,1.0000,-0.9999,-4.9580,-4.9580
audioseal,3,english:19,1,247,tct,1,1.0000,-10.9493,-4.9580,4.6067,0.9954,37.57,1.0000,-0.9999,-4.9580,-4.9580
audioseal,3,english:19,1,247,payload_farthest,1,1.0000,-10.9493,-4.9580,4.6067,0.9954,37.57,1.0000,-0.9999,-4.9580,-4.9580
audioseal,3,english:19,2,248,single_copy,0,1.0000,-4.0453,0.9328,4.6439,1.0000,145.46,0.8660,-0.9510,-0.7075,-0.7075
audioseal,3,english:19,2,248,mean,1,1.0000,-6.4124,-1.4709,4.5925,0.9962,38.39,0.8660,-0.9510,-0.7075,-0.7075
audioseal,3,english:19,2,248,rp,1,1.0000,-8.8049,-2.2810,4.6002,0.9972,38.40,0.8660,-0.9510,-0.7075,-0.7075
audioseal,3,english:19,2,248,random_dirichlet,1,1.0000,-5.8459,-1.0487,4.5998,0.9969,39.93,0.8660,-0.9510,-0.7075,-0.7075
audioseal,3,english:19,2,248,eep,1,1.0000,-6.9660,-1.9210,4.6085,0.9976,41.33,0.8660,-0.9510,-0.7075,-0.7075
audioseal,3,english:19,2,248,fwp,1,1.0000,-8.8049,-2.2810,4.6002,0.9972,38.40,0.8660,-0.9510,-0.7075,-0.7075
audioseal,3,english:19,2,248,dm,1,1.0000,-8.7076,-2.2482,4.5949,0.9965,38.19,0.8660,-0.9510,-0.7075,-0.7075
audioseal,3,english:19,2,248,tct,1,1.0000,-6.7735,-0.7075,4.6096,0.9977,40.60,0.8660,-0.9510,-0.7075,-0.7075
audioseal,3,english:19,2,248,payload_farthest,1,1.0000,-8.8049,-2.2810,4.6002,0.9972,38.40,0.8660,-0.9510,-0.7075,-0.7075
audioseal,3,english:1926,0,249,single_copy,0,1.0000,-4.2675,0.9796,4.6439,1.0000,143.89,0.5000,-0.9881,-1.6353,-1.6353
audioseal,3,english:1926,0,249,mean,1,1.0000,-6.7370,-2.5457,4.5843,0.9996,35.24,0.5000,-0.9881,-1.6353,-1.6353
audioseal,3,english:1926,0,249,rp,1,1.0000,-7.6557,-3.3099,4.6129,0.9998,37.78,0.5000,-0.9881,-1.6353,-1.6353
audioseal,3,english:1926,0,249,random_dirichlet,1,1.0000,-6.4268,-1.5989,4.5570,0.9994,33.21,0.5000,-0.9881,-1.6353,-1.6353
audioseal,3,english:1926,0,249,eep,1,0.9999,-8.6730,-2.3310,4.5850,0.9997,35.25,0.5000,-0.9881,-1.6353,-1.6353
audioseal,3,english:1926,0,249,fwp,1,0.9999,-8.6730,-2.3310,4.5850,0.9997,35.25,0.5000,-0.9881,-1.6353,-1.6353
audioseal,3,english:1926,0,249,dm,1,1.0000,-7.0532,-2.4899,4.5791,0.9996,34.83,0.5000,-0.9881,-1.6353,-1.6353
audioseal,3,english:1926,0,249,tct,1,1.0000,-6.7878,-1.6353,4.5591,0.9994,33.26,0.5000,-0.9881,-1.6353,-1.6353
audioseal,3,english:1926,0,249,payload_farthest,1,0.9999,-8.6730,-2.3310,4.5850,0.9997,35.25,0.5000,-0.9881,-1.6353,-1.6353
audioseal,3,english:1926,1,250,single_copy,0,0.9998,-4.3772,1.0078,4.6439,1.0000,143.89,1.0000,-0.9402,-2.1165,-2.1165
audioseal,3,english:1926,1,250,mean,1,1.0000,-6.7010,-1.8681,4.5906,0.9996,36.21,1.0000,-0.9402,-2.1165,-2.1165
audioseal,3,english:1926,1,250,rp,1,0.9997,-8.3203,-2.8128,4.5783,0.9995,34.96,1.0000,-0.9402,-2.1165,-2.1165
audioseal,3,english:1926,1,250,random_dirichlet,1,0.9999,-7.2560,-2.1758,4.5770,0.9995,35.10,1.0000,-0.9402,-2.1165,-2.1165
audioseal,3,english:1926,1,250,eep,1,0.9997,-8.3203,-2.8128,4.5783,0.9995,34.96,1.0000,-0.9402,-2.1165,-2.1165
audioseal,3,english:1926,1,250,fwp,1,0.9997,-8.3203,-2.8128,4.5783,0.9995,34.96,1.0000,-0.9402,-2.1165,-2.1165
audioseal,3,english:1926,1,250,dm,1,0.9998,-6.7964,-1.3078,4.5710,0.9995,34.70,1.0000,-0.9402,-2.1165,-2.1165
audioseal,3,english:1926,1,250,tct,1,0.9999,-7.6314,-2.1165,4.5597,0.9994,33.94,1.0000,-0.9402,-2.1165,-2.1165
audioseal,3,english:1926,1,250,payload_farthest,1,0.9997,-8.3203,-2.8128,4.5783,0.9995,34.96,1.0000,-0.9402,-2.1165,-2.1165
audioseal,3,english:1926,2,251,single_copy,0,1.0000,-4.1218,0.9286,4.6439,1.0000,143.89,1.0000,-0.9679,-2.2950,-2.2950
audioseal,3,english:1926,2,251,mean,1,1.0000,-7.1462,-2.4881,4.5937,0.9995,32.87,1.0000,-0.9679,-2.2950,-2.2950
audioseal,3,english:1926,2,251,rp,1,1.0000,-8.1573,-3.2259,4.6022,0.9997,35.21,1.0000,-0.9679,-2.2950,-2.2950
audioseal,3,english:1926,2,251,random_dirichlet,1,1.0000,-7.2019,-2.2356,4.6109,0.9997,35.67,1.0000,-0.9679,-2.2950,-2.2950
audioseal,3,english:1926,2,251,eep,1,1.0000,-8.1573,-3.2259,4.6022,0.9997,35.21,1.0000,-0.9679,-2.2950,-2.2950
audioseal,3,english:1926,2,251,fwp,1,1.0000,-7.9508,-2.5901,4.6062,0.9997,34.74,1.0000,-0.9679,-2.2950,-2.2950
audioseal,3,english:1926,2,251,dm,1,1.0000,-8.1117,-3.2604,4.6040,0.9996,34.54,1.0000,-0.9679,-2.2950,-2.2950
audioseal,3,english:1926,2,251,tct,1,1.0000,-7.5397,-2.2950,4.6071,0.9997,35.41,1.0000,-0.9679,-2.2950,-2.2950
audioseal,3,english:1926,2,251,payload_farthest,1,1.0000,-7.9508,-2.5901,4.6062,0.9997,34.74,1.0000,-0.9679,-2.2950,-2.2950
audioseal,3,english:196,0,252,single_copy,0,1.0000,-4.0969,0.9042,4.6439,1.0000,143.10,0.8660,-0.8311,-0.2579,-0.2580
audioseal,3,english:196,0,252,mean,1,1.0000,-6.5150,-1.2729,4.6070,0.9994,35.21,0.8660,-0.8311,-0.2579,-0.2580
audioseal,3,english:196,0,252,rp,1,1.0000,-7.9585,-3.0463,4.6148,0.9996,37.21,0.8660,-0.8311,-0.2579,-0.2580
audioseal,3,english:196,0,252,random_dirichlet,0,1.0000,-4.1668,0.9074,4.6425,1.0000,46.71,0.8660,-0.8311,-0.2579,-0.2580
audioseal,3,english:196,0,252,eep,1,1.0000,-7.2282,-1.5343,4.6193,0.9996,36.83,0.8660,-0.8311,-0.2579,-0.2580
audioseal,3,english:196,0,252,fwp,1,1.0000,-7.2282,-1.5343,4.6193,0.9996,36.83,0.8660,-0.8311,-0.2579,-0.2580
audioseal,3,english:196,0,252,dm,1,1.0000,-7.7014,-2.1490,4.6150,0.9996,36.31,0.8660,-0.8311,-0.2579,-0.2580
audioseal,3,english:196,0,252,tct,1,1.0000,-6.3959,-0.2579,4.6193,0.9996,37.25,0.8660,-0.8311,-0.2579,-0.2580
audioseal,3,english:196,0,252,payload_farthest,1,1.0000,-7.9585,-3.0463,4.6148,0.9996,37.21,0.8660,-0.8311,-0.2579,-0.2580
audioseal,3,english:196,1,253,single_copy,0,1.0000,-4.3967,0.8485,4.6439,1.0000,143.11,0.0000,-0.9530,-1.5200,-1.5200
audioseal,3,english:196,1,253,mean,1,1.0000,-8.5346,-3.7164,4.6070,0.9995,36.57,0.0000,-0.9530,-1.5200,-1.5200
audioseal,3,english:196,1,253,rp,1,1.0000,-7.7456,-2.4989,4.6161,0.9997,38.17,0.0000,-0.9530,-1.5200,-1.5200
audioseal,3,english:196,1,253,random_dirichlet,0,1.0000,-4.9452,0.3112,4.6367,0.9999,42.96,0.0000,-0.9530,-1.5200,-1.5200
audioseal,3,english:196,1,253,eep,1,1.0000,-7.4689,-2.0048,4.6052,0.9996,37.18,0.0000,-0.9530,-1.5200,-1.5200
audioseal,3,english:196,1,253,fwp,1,1.0000,-6.7340,-1.3204,4.5692,0.9990,33.05,0.0000,-0.9530,-1.5200,-1.5200
audioseal,3,english:196,1,253,dm,1,1.0000,-8.1519,-3.1875,4.6034,0.9995,36.22,0.0000,-0.9530,-1.5200,-1.5200
audioseal,3,english:196,1,253,tct,1,1.0000,-6.9467,-1.5200,4.6106,0.9997,37.37,0.0000,-0.9530,-1.5200,-1.5200
audioseal,3,english:196,1,253,payload_farthest,1,1.0000,-7.7456,-2.4989,4.6161,0.9997,38.17,0.0000,-0.9530,-1.5200,-1.5200
audioseal,3,english:196,2,254,single_copy,0,1.0000,-4.1425,0.9497,4.6439,1.0000,143.10,0.5000,0.6612,-2.4554,-2.4554
audioseal,3,english:196,2,254,mean,1,1.0000,-8.4806,-3.0745,4.6020,0.9995,36.79,0.5000,0.6612,-2.4554,-2.4554
audioseal,3,english:196,2,254,rp,1,1.0000,-7.3573,-2.4554,4.5694,0.9990,33.27,0.5000,0.6612,-2.4554,-2.4554
audioseal,3,english:196,2,254,random_dirichlet,0,1.0000,-4.8116,0.1176,4.5908,0.9993,35.54,0.5000,0.6612,-2.4554,-2.4554
audioseal,3,english:196,2,254,eep,1,1.0000,-7.4051,-2.0099,4.6121,0.9996,38.25,0.5000,0.6612,-2.4554,-2.4554
audioseal,3,english:196,2,254,fwp,1,1.0000,-7.3573,-2.4554,4.5694,0.9990,33.27,0.5000,0.6612,-2.4554,-2.4554
audioseal,3,english:196,2,254,dm,1,1.0000,-8.1073,-2.6370,4.5989,0.9995,36.41,0.5000,0.6612,-2.4554,-2.4554
audioseal,3,english:196,2,254,tct,1,1.0000,-7.3573,-2.4554,4.5694,0.9990,33.27,0.5000,0.6612,-2.4554,-2.4554
audioseal,3,english:196,2,254,payload_farthest,1,1.0000,-8.5166,-2.9085,4.6179,0.9997,37.48,0.5000,0.6612,-2.4554,-2.4554
audioseal,3,english:1963,0,255,single_copy,0,0.9998,-4.3839,0.9366,4.6439,1.0000,155.74,nan,nan,-1.4931,-1.4931
audioseal,3,english:1963,0,255,mean,1,0.9999,-8.6671,-3.7861,4.6266,1.0000,41.61,nan,nan,-1.4931,-1.4931
audioseal,3,english:1963,0,255,rp,1,0.9999,-7.5240,-1.6167,4.6072,0.9999,38.09,nan,nan,-1.4931,-1.4931
audioseal,3,english:1963,0,255,random_dirichlet,1,0.9999,-8.5259,-3.4854,4.6283,1.0000,41.78,nan,nan,-1.4931,-1.4931
audioseal,3,english:1963,0,255,eep,1,0.9999,-6.9746,-1.4931,4.6275,1.0000,43.30,nan,nan,-1.4931,-1.4931
audioseal,3,english:1963,0,255,fwp,1,0.9999,-7.5240,-1.6167,4.6072,0.9999,38.09,nan,nan,-1.4931,-1.4931
audioseal,3,english:1963,0,255,dm,1,0.9999,-8.1694,-3.4150,4.6227,1.0000,40.62,nan,nan,-1.4931,-1.4931
audioseal,3,english:1963,0,255,tct,1,0.9999,-6.9746,-1.4931,4.6275,1.0000,43.30,nan,nan,-1.4931,-1.4931
audioseal,3,english:1963,0,255,payload_farthest,1,0.9999,-6.9746,-1.4931,4.6275,1.0000,43.30,nan,nan,-1.4931,-1.4931
audioseal,3,english:1963,1,256,single_copy,0,0.9999,-4.4606,0.9046,4.6439,1.0000,155.74,-0.8660,-0.7871,-4.2522,-4.2522
audioseal,3,english:1963,1,256,mean,1,0.9999,-8.7933,-3.7920,4.6184,1.0000,39.99,-0.8660,-0.7871,-4.2522,-4.2522
audioseal,3,english:1963,1,256,rp,1,0.9999,-8.7794,-3.3577,4.6064,1.0000,40.03,-0.8660,-0.7871,-4.2522,-4.2522
audioseal,3,english:1963,1,256,random_dirichlet,1,0.9999,-6.4243,-0.7399,4.6010,0.9999,37.18,-0.8660,-0.7871,-4.2522,-4.2522
audioseal,3,english:1963,1,256,eep,1,0.9999,-8.7050,-2.9431,4.5947,0.9999,36.47,-0.8660,-0.7871,-4.2522,-4.2522
audioseal,3,english:1963,1,256,fwp,1,0.9999,-8.7794,-3.3577,4.6064,1.0000,40.03,-0.8660,-0.7871,-4.2522,-4.2522
audioseal,3,english:1963,1,256,dm,1,0.9998,-8.3358,-3.3549,4.6128,1.0000,39.57,-0.8660,-0.7871,-4.2522,-4.2522
audioseal,3,english:1963,1,256,tct,1,0.9999,-9.6938,-4.2522,4.6274,1.0000,41.91,-0.8660,-0.7871,-4.2522,-4.2522
audioseal,3,english:1963,1,256,payload_farthest,1,0.9999,-10.8058,-5.4485,4.6265,1.0000,42.45,-0.8660,-0.7871,-4.2522,-4.2522
audioseal,3,english:1963,2,257,single_copy,0,0.9999,-4.3576,0.6834,4.6439,1.0000,155.74,0.8660,-0.9950,-4.7933,-4.7933
audioseal,3,english:1963,2,257,mean,1,0.9999,-8.7132,-4.0527,4.6152,0.9999,38.99,0.8660,-0.9950,-4.7933,-4.7933
audioseal,3,english:1963,2,257,rp,1,0.9999,-7.7320,-2.8074,4.5990,0.9999,35.47,0.8660,-0.9950,-4.7933,-4.7933
audioseal,3,english:1963,2,257,random_dirichlet,1,0.9999,-5.2158,-0.5552,4.6096,0.9999,37.39,0.8660,-0.9950,-4.7933,-4.7933
audioseal,3,english:1963,2,257,eep,1,0.9999,-7.5715,-1.3618,4.6263,1.0000,40.56,0.8660,-0.9950,-4.7933,-4.7933
audioseal,3,english:1963,2,257,fwp,1,0.9999,-7.5715,-1.3618,4.6263,1.0000,40.56,0.8660,-0.9950,-4.7933,-4.7933
audioseal,3,english:1963,2,257,dm,1,0.9999,-8.8994,-4.4208,4.6193,1.0000,39.80,0.8660,-0.9950,-4.7933,-4.7933
audioseal,3,english:1963,2,257,tct,1,0.9999,-9.3324,-4.7933,4.6276,1.0000,41.49,0.8660,-0.9950,-4.7933,-4.7933
audioseal,3,english:1963,2,257,payload_farthest,1,0.9999,-7.5715,-1.3618,4.6263,1.0000,40.56,0.8660,-0.9950,-4.7933,-4.7933
audioseal,3,english:1970,0,258,single_copy,0,0.9997,-4.1469,0.8482,4.6439,1.0000,148.55,0.5000,-0.8144,-2.7390,-2.7390
audioseal,3,english:1970,0,258,mean,1,1.0000,-8.8049,-4.2757,4.6192,0.9990,39.43,0.5000,-0.8144,-2.7390,-2.7390
audioseal,3,english:1970,0,258,rp,1,1.0000,-5.8212,-0.6346,4.6301,0.9994,42.36,0.5000,-0.8144,-2.7390,-2.7390
audioseal,3,english:1970,0,258,random_dirichlet,0,1.0000,-4.3578,0.9699,4.6186,0.9988,39.29,0.5000,-0.8144,-2.7390,-2.7390
audioseal,3,english:1970,0,258,eep,1,1.0000,-9.0954,-3.4120,4.6069,0.9988,38.91,0.5000,-0.8144,-2.7390,-2.7390
audioseal,3,english:1970,0,258,fwp,1,1.0000,-9.0954,-3.4120,4.6069,0.9988,38.91,0.5000,-0.8144,-2.7390,-2.7390
audioseal,3,english:1970,0,258,dm,1,1.0000,-9.5089,-4.2764,4.6107,0.9987,38.56,0.5000,-0.8144,-2.7390,-2.7390
audioseal,3,english:1970,0,258,tct,1,1.0000,-7.8556,-2.7390,4.6060,0.9984,37.38,0.5000,-0.8144,-2.7390,-2.7390
audioseal,3,english:1970,0,258,payload_farthest,1,1.0000,-7.4730,-0.9494,4.5900,0.9978,35.90,0.5000,-0.8144,-2.7390,-2.7390
audioseal,3,english:1970,1,259,single_copy,0,0.9999,-4.3331,0.9457,4.6439,1.0000,148.55,1.0000,-0.9987,-2.4908,-2.4908
audioseal,3,english:1970,1,259,mean,1,1.0000,-7.2594,-2.7471,4.5852,0.9979,36.66,1.0000,-0.9987,-2.4908,-2.4908
audioseal,3,english:1970,1,259,rp,1,1.0000,-9.6940,-4.4535,4.6021,0.9982,37.55,1.0000,-0.9987,-2.4908,-2.4908
audioseal,3,english:1970,1,259,random_dirichlet,0,1.0000,-4.6183,0.6215,4.6349,0.9996,44.44,1.0000,-0.9987,-2.4908,-2.4908
audioseal,3,english:1970,1,259,eep,1,1.0000,-9.6940,-4.4535,4.6021,0.9982,37.55,1.0000,-0.9987,-2.4908,-2.4908
audioseal,3,english:1970,1,259,fwp,1,1.0000,-9.6940,-4.4535,4.6021,0.9982,37.55,1.0000,-0.9987,-2.4908,-2.4908
audioseal,3,english:1970,1,259,dm,1,1.0000,-9.4243,-4.2449,4.5967,0.9982,37.48,1.0000,-0.9987,-2.4908,-2.4908
audioseal,3,english:1970,1,259,tct,1,1.0000,-7.5110,-2.4908,4.5999,0.9984,38.04,1.0000,-0.9987,-2.4908,-2.4908
audioseal,3,english:1970,1,259,payload_farthest,1,1.0000,-9.6940,-4.4535,4.6021,0.9982,37.55,1.0000,-0.9987,-2.4908,-2.4908
audioseal,3,english:1970,2,260,single_copy,0,1.0000,-4.1898,0.8308,4.6439,1.0000,148.55,1.0000,-0.5333,-2.1049,-2.1049
audioseal,3,english:1970,2,260,mean,1,1.0000,-6.2567,-1.0567,4.6232,0.9990,39.60,1.0000,-0.5333,-2.1049,-2.1049
audioseal,3,english:1970,2,260,rp,1,1.0000,-6.3917,-1.2785,4.6339,0.9993,43.43,1.0000,-0.5333,-2.1049,-2.1049
audioseal,3,english:1970,2,260,random_dirichlet,0,1.0000,-4.3808,0.8838,4.6270,0.9989,41.18,1.0000,-0.5333,-2.1049,-2.1049
audioseal,3,english:1970,2,260,eep,1,1.0000,-6.3917,-1.2785,4.6339,0.9993,43.43,1.0000,-0.5333,-2.1049,-2.1049
audioseal,3,english:1970,2,260,fwp,1,1.0000,-7.3715,-1.6548,4.6208,0.9992,38.87,1.0000,-0.5333,-2.1049,-2.1049
audioseal,3,english:1970,2,260,dm,1,1.0000,-6.8994,-2.0375,4.6199,0.9991,38.78,1.0000,-0.5333,-2.1049,-2.1049
audioseal,3,english:1970,2,260,tct,1,1.0000,-7.0458,-2.1049,4.6211,0.9991,39.01,1.0000,-0.5333,-2.1049,-2.1049
audioseal,3,english:1970,2,260,payload_farthest,1,1.0000,-7.3715,-1.6548,4.6208,0.9992,38.87,1.0000,-0.5333,-2.1049,-2.1049
audioseal,3,english:198,0,261,single_copy,0,1.0000,-4.1084,0.8899,4.6439,1.0000,138.51,-0.8660,-0.7114,-1.1761,-1.1761
audioseal,3,english:198,0,261,mean,1,1.0000,-8.6666,-3.1143,4.5893,0.9994,33.85,-0.8660,-0.7114,-1.1761,-1.1761
audioseal,3,english:198,0,261,rp,1,1.0000,-7.7063,-2.7357,4.5396,0.9987,30.33,-0.8660,-0.7114,-1.1761,-1.1761
audioseal,3,english:198,0,261,random_dirichlet,1,1.0000,-6.1565,-1.0395,4.5643,0.9990,31.89,-0.8660,-0.7114,-1.1761,-1.1761
audioseal,3,english:198,0,261,eep,1,1.0000,-7.7063,-2.7357,4.5396,0.9987,30.33,-0.8660,-0.7114,-1.1761,-1.1761
audioseal,3,english:198,0,261,fwp,1,1.0000,-7.7063,-2.7357,4.5396,0.9987,30.33,-0.8660,-0.7114,-1.1761,-1.1761
audioseal,3,english:198,0,261,dm,1,1.0000,-8.4709,-2.9060,4.5852,0.9994,33.55,-0.8660,-0.7114,-1.1761,-1.1761
audioseal,3,english:198,0,261,tct,1,1.0000,-6.2655,-1.1761,4.6140,0.9997,36.35,-0.8660,-0.7114,-1.1761,-1.1761
audioseal,3,english:198,0,261,payload_farthest,1,1.0000,-7.1248,-1.5626,4.6004,0.9996,34.90,-0.8660,-0.7114,-1.1761,-1.1761
audioseal,3,english:198,1,262,single_copy,0,1.0000,-4.2144,0.9696,4.6439,1.0000,138.51,0.8660,-0.9990,-4.0025,-4.0024
audioseal,3,english:198,1,262,mean,1,1.0000,-7.1377,-2.3269,4.5860,0.9994,33.19,0.8660,-0.9990,-4.0025,-4.0024
audioseal,3,english:198,1,262,rp,1,1.0000,-8.9195,-2.7773,4.5890,0.9995,33.84,0.8660,-0.9990,-4.0025,-4.0024
audioseal,3,english:198,1,262,random_dirichlet,0,1.0000,-4.4692,0.8377,4.6295,0.9998,39.00,0.8660,-0.9990,-4.0025,-4.0024
audioseal,3,english:198,1,262,eep,1,1.0000,-8.9195,-2.7773,4.5890,0.9995,33.84,0.8660,-0.9990,-4.0025,-4.0024
audioseal,3,english:198,1,262,fwp,1,1.0000,-8.9195,-2.7773,4.5890,0.9995,33.84,0.8660,-0.9990,-4.0025,-4.0024
audioseal,3,english:198,1,262,dm,1,1.0000,-7.3007,-2.3679,4.5856,0.9995,33.48,0.8660,-0.9990,-4.0025,-4.0024
audioseal,3,english:198,1,262,tct,1,1.0000,-8.9419,-4.0025,4.6055,0.9996,34.71,0.8660,-0.9990,-4.0025,-4.0024
audioseal,3,english:198,1,262,payload_farthest,1,1.0000,-8.9195,-2.7773,4.5890,0.9995,33.84,0.8660,-0.9990,-4.0025,-4.0024
audioseal,3,english:198,2,263,single_copy,0,1.0000,-4.2916,0.9191,4.6439,1.0000,138.51,1.0000,-0.9740,-3.4735,-3.4735
audioseal,3,english:198,2,263,mean,1,1.0000,-5.9828,-1.1168,4.5687,0.9994,33.74,1.0000,-0.9740,-3.4735,-3.4735
audioseal,3,english:198,2,263,rp,1,1.0000,-5.9655,-0.0862,4.5948,0.9996,35.48,1.0000,-0.9740,-3.4735,-3.4735
audioseal,3,english:198,2,263,random_dirichlet,0,1.0000,-4.2786,0.6037,4.5583,0.9993,32.61,1.0000,-0.9740,-3.4735,-3.4735
audioseal,3,english:198,2,263,eep,1,1.0000,-5.9655,-0.0862,4.5948,0.9996,35.48,1.0000,-0.9740,-3.4735,-3.4735
audioseal,3,english:198,2,263,fwp,1,1.0000,-6.8374,-1.4080,4.5961,0.9996,35.44,1.0000,-0.9740,-3.4735,-3.4735
audioseal,3,english:198,2,263,dm,1,1.0000,-7.5861,-1.7520,4.5795,0.9995,34.68,1.0000,-0.9740,-3.4735,-3.4735
audioseal,3,english:198,2,263,tct,1,1.0000,-8.6892,-3.4735,4.5985,0.9996,36.02,1.0000,-0.9740,-3.4735,-3.4735
audioseal,3,english:198,2,263,payload_farthest,1,1.0000,-6.8374,-1.4080,4.5961,0.9996,35.44,1.0000,-0.9740,-3.4735,-3.4735
audioseal,3,english:1992,0,264,single_copy,0,1.0000,-3.8950,0.9572,4.6439,1.0000,146.00,0.5000,-0.9211,-0.9549,-0.9549
audioseal,3,english:1992,0,264,mean,1,1.0000,-6.9654,-2.2510,4.6040,0.9994,41.00,0.5000,-0.9211,-0.9549,-0.9549
audioseal,3,english:1992,0,264,rp,1,1.0000,-6.4309,-1.4460,4.5734,0.9988,37.48,0.5000,-0.9211,-0.9549,-0.9549
audioseal,3,english:1992,0,264,random_dirichlet,0,1.0000,-4.2751,0.9008,4.5840,0.9991,39.40,0.5000,-0.9211,-0.9549,-0.9549
audioseal,3,english:1992,0,264,eep,1,1.0000,-6.3149,-0.7781,4.6141,0.9995,41.42,0.5000,-0.9211,-0.9549,-0.9549
audioseal,3,english:1992,0,264,fwp,1,1.0000,-6.3149,-0.7781,4.6141,0.9995,41.42,0.5000,-0.9211,-0.9549,-0.9549
audioseal,3,english:1992,0,264,dm,1,1.0000,-6.6926,-1.8690,4.6053,0.9995,40.91,0.5000,-0.9211,-0.9549,-0.9549
audioseal,3,english:1992,0,264,tct,1,1.0000,-6.7234,-0.9549,4.6173,0.9997,42.97,0.5000,-0.9211,-0.9549,-0.9549
audioseal,3,english:1992,0,264,payload_farthest,1,1.0000,-6.3149,-0.7781,4.6141,0.9995,41.42,0.5000,-0.9211,-0.9549,-0.9549
audioseal,3,english:1992,1,265,single_copy,0,1.0000,-4.1716,0.8855,4.6439,1.0000,146.00,0.5000,-0.8948,-3.7281,-3.7281
audioseal,3,english:1992,1,265,mean,1,1.0000,-7.9499,-2.7362,4.5809,0.9992,37.99,0.5000,-0.8948,-3.7281,-3.7281
audioseal,3,english:1992,1,265,rp,1,1.0000,-9.0495,-2.3891,4.5989,0.9994,40.76,0.5000,-0.8948,-3.7281,-3.7281
audioseal,3,english:1992,1,265,random_dirichlet,0,1.0000,-4.3257,0.8588,4.6395,1.0000,50.50,0.5000,-0.8948,-3.7281,-3.7281
audioseal,3,english:1992,1,265,eep,1,1.0000,-9.0495,-2.3891,4.5989,0.9994,40.76,0.5000,-0.8948,-3.7281,-3.7281
audioseal,3,english:1992,1,265,fwp,1,0.9999,-8.3103,-2.5032,4.5900,0.9994,39.03,0.5000,-0.8948,-3.7281,-3.7281
audioseal,3,english:1992,1,265,dm,1,0.9999,-8.6611,-2.9489,4.5894,0.9994,38.95,0.5000,-0.8948,-3.7281,-3.7281
audioseal,3,english:1992,1,265,tct,1,1.0000,-9.2273,-3.7281,4.5901,0.9994,39.14,0.5000,-0.8948,-3.7281,-3.7281
audioseal,3,english:1992,1,265,payload_farthest,1,1.0000,-9.0495,-2.3891,4.5989,0.9994,40.76,0.5000,-0.8948,-3.7281,-3.7281
audioseal,3,english:1992,2,266,single_copy,0,1.0000,-3.9341,0.9801,4.6439,1.0000,146.00,0.8660,-0.9158,0.4972,0.4972
audioseal,3,english:1992,2,266,mean,1,1.0000,-6.0436,-0.7373,4.6148,0.9996,41.93,0.8660,-0.9158,0.4972,0.4972
audioseal,3,english:1992,2,266,rp,1,1.0000,-7.2784,-2.3500,4.6067,0.9995,39.75,0.8660,-0.9158,0.4972,0.4972
audioseal,3,english:1992,2,266,random_dirichlet,1,1.0000,-6.7784,-1.8126,4.5930,0.9992,38.55,0.8660,-0.9158,0.4972,0.4972
audioseal,3,english:1992,2,266,eep,1,1.0000,-7.9959,-2.7687,4.5867,0.9991,38.41,0.8660,-0.9158,0.4972,0.4972
audioseal,3,english:1992,2,266,fwp,1,1.0000,-7.9959,-2.7687,4.5867,0.9991,38.41,0.8660,-0.9158,0.4972,0.4972
audioseal,3,english:1992,2,266,dm,1,1.0000,-8.6529,-2.7642,4.6003,0.9994,39.45,0.8660,-0.9158,0.4972,0.4972
audioseal,3,english:1992,2,266,tct,0,1.0000,-4.4031,0.4972,4.6284,0.9998,44.99,0.8660,-0.9158,0.4972,0.4972
audioseal,3,english:1992,2,266,payload_farthest,1,1.0000,-7.2784,-2.3500,4.6067,0.9995,39.75,0.8660,-0.9158,0.4972,0.4972
audioseal,3,english:200,0,267,single_copy,0,1.0000,-4.1352,0.9667,4.6439,1.0000,141.41,1.0000,-0.5944,-2.2480,-2.2480
audioseal,3,english:200,0,267,mean,1,1.0000,-7.2992,-2.2480,4.6007,0.9996,39.80,1.0000,-0.5944,-2.2480,-2.2480
audioseal,3,english:200,0,267,rp,1,1.0000,-7.1975,-2.0149,4.5915,0.9994,38.62,1.0000,-0.5944,-2.2480,-2.2480
audioseal,3,english:200,0,267,random_dirichlet,1,1.0000,-6.7195,-1.7665,4.6207,0.9997,41.93,1.0000,-0.5944,-2.2480,-2.2480
audioseal,3,english:200,0,267,eep,1,1.0000,-6.0086,-0.1462,4.6170,0.9998,41.10,1.0000,-0.5944,-2.2480,-2.2480
audioseal,3,english:200,0,267,fwp,1,1.0000,-10.5249,-5.3337,4.5683,0.9991,36.28,1.0000,-0.5944,-2.2480,-2.2480
audioseal,3,english:200,0,267,dm,1,1.0000,-10.5746,-5.5392,4.5789,0.9992,37.07,1.0000,-0.5944,-2.2480,-2.2480
audioseal,3,english:200,0,267,tct,1,1.0000,-7.2992,-2.2480,4.6007,0.9996,39.80,1.0000,-0.5944,-2.2480,-2.2480
audioseal,3,english:200,0,267,payload_farthest,1,1.0000,-10.5249,-5.3337,4.5683,0.9991,36.28,1.0000,-0.5944,-2.2480,-2.2480
audioseal,3,english:200,1,268,single_copy,0,1.0000,-4.0485,0.9474,4.6439,1.0000,141.41,0.5000,-0.6813,-3.4307,-3.4307
audioseal,3,english:200,1,268,mean,1,1.0000,-6.7440,-2.1190,4.5868,0.9993,37.49,0.5000,-0.6813,-3.4307,-3.4307
audioseal,3,english:200,1,268,rp,1,1.0000,-6.4096,-1.2110,4.5435,0.9985,33.97,0.5000,-0.6813,-3.4307,-3.4307
audioseal,3,english:200,1,268,random_dirichlet,0,1.0000,-4.4960,0.8632,4.6267,0.9998,42.36,0.5000,-0.6813,-3.4307,-3.4307
audioseal,3,english:200,1,268,eep,1,1.0000,-6.4096,-1.2110,4.5435,0.9985,33.97,0.5000,-0.6813,-3.4307,-3.4307
audioseal,3,english:200,1,268,fwp,1,1.0000,-8.5217,-3.4307,4.5888,0.9994,38.17,0.5000,-0.6813,-3.4307,-3.4307
audioseal,3,english:200,1,268,dm,1,1.0000,-7.5940,-2.5360,4.5896,0.9994,38.16,0.5000,-0.6813,-3.4307,-3.4307
audioseal,3,english:200,1,268,tct,1,1.0000,-8.5217,-3.4307,4.5888,0.9994,38.17,0.5000,-0.6813,-3.4307,-3.4307
audioseal,3,english:200,1,268,payload_farthest,1,1.0000,-8.5217,-3.4307,4.5888,0.9994,38.17,0.5000,-0.6813,-3.4307,-3.4307
audioseal,3,english:200,2,269,single_copy,0,1.0000,-3.9805,0.9787,4.6439,1.0000,141.41,1.0000,-0.9931,-1.7170,-1.7170
audioseal,3,english:200,2,269,mean,1,1.0000,-6.5878,-2.0082,4.5889,0.9995,38.88,1.0000,-0.9931,-1.7170,-1.7170
audioseal,3,english:200,2,269,rp,1,1.0000,-7.4280,-1.4809,4.5531,0.9990,35.35,1.0000,-0.9931,-1.7170,-1.7170
audioseal,3,english:200,2,269,random_dirichlet,0,1.0000,-4.2529,0.2836,4.5578,0.9991,36.10,1.0000,-0.9931,-1.7170,-1.7170
audioseal,3,english:200,2,269,eep,1,1.0000,-7.9935,-2.1426,4.5999,0.9995,38.33,1.0000,-0.9931,-1.7170,-1.7170
audioseal,3,english:200,2,269,fwp,1,1.0000,-7.9935,-2.1426,4.5999,0.9995,38.33,1.0000,-0.9931,-1.7170,-1.7170
audioseal,3,english:200,2,269,dm,1,1.0000,-8.3721,-2.3325,4.5928,0.9995,38.22,1.0000,-0.9931,-1.7170,-1.7170
audioseal,3,english:200,2,269,tct,1,1.0000,-7.0988,-1.7170,4.5999,0.9996,39.28,1.0000,-0.9931,-1.7170,-1.7170
audioseal,3,english:200,2,269,payload_farthest,1,1.0000,-7.9935,-2.1426,4.5999,0.9995,38.33,1.0000,-0.9931,-1.7170,-1.7170
audioseal,3,english:2002,0,270,single_copy,0,1.0000,-4.1098,1.0172,4.6439,1.0000,148.91,0.8660,-0.7808,-0.5612,-0.5612
audioseal,3,english:2002,0,270,mean,1,1.0000,-6.3059,-1.4396,4.6221,0.9999,41.14,0.8660,-0.7808,-0.5612,-0.5612
audioseal,3,english:2002,0,270,rp,1,0.9998,-5.8619,-0.4239,4.6239,0.9999,43.68,0.8660,-0.7808,-0.5612,-0.5612
audioseal,3,english:2002,0,270,random_dirichlet,0,1.0000,-4.6093,0.2821,4.6322,1.0000,45.45,0.8660,-0.7808,-0.5612,-0.5612
audioseal,3,english:2002,0,270,eep,1,0.9998,-5.8619,-0.4239,4.6239,0.9999,43.68,0.8660,-0.7808,-0.5612,-0.5612
audioseal,3,english:2002,0,270,fwp,1,1.0000,-7.4087,-1.6203,4.6025,0.9997,37.62,0.8660,-0.7808,-0.5612,-0.5612
audioseal,3,english:2002,0,270,dm,1,1.0000,-6.2981,-1.0045,4.6124,0.9998,38.90,0.8660,-0.7808,-0.5612,-0.5612
audioseal,3,english:2002,0,270,tct,1,1.0000,-6.5366,-0.5612,4.6135,0.9998,40.20,0.8660,-0.7808,-0.5612,-0.5612
audioseal,3,english:2002,0,270,payload_farthest,1,1.0000,-7.4087,-1.6203,4.6025,0.9997,37.62,0.8660,-0.7808,-0.5612,-0.5612
audioseal,3,english:2002,1,271,single_copy,0,1.0000,-4.0990,0.8599,4.6439,1.0000,148.91,1.0000,-0.9814,-0.8463,-0.8463
audioseal,3,english:2002,1,271,mean,1,1.0000,-6.3943,-1.3349,4.6068,0.9997,37.51,1.0000,-0.9814,-0.8463,-0.8463
audioseal,3,english:2002,1,271,rp,1,1.0000,-6.1423,-0.9440,4.5791,0.9994,33.98,1.0000,-0.9814,-0.8463,-0.8463
audioseal,3,english:2002,1,271,random_dirichlet,1,1.0000,-4.9807,-0.2627,4.5742,0.9993,33.19,1.0000,-0.9814,-0.8463,-0.8463
audioseal,3,english:2002,1,271,eep,1,1.0000,-7.2064,-0.8463,4.6166,0.9998,38.11,1.0000,-0.9814,-0.8463,-0.8463
audioseal,3,english:2002,1,271,fwp,1,1.0000,-7.2064,-0.8463,4.6166,0.9998,38.11,1.0000,-0.9814,-0.8463,-0.8463
audioseal,3,english:2002,1,271,dm,1,1.0000,-8.6677,-3.4134,4.6163,0.9998,38.11,1.0000,-0.9814,-0.8463,-0.8463
audioseal,3,english:2002,1,271,tct,1,1.0000,-7.2064,-0.8463,4.6166,0.9998,38.11,1.0000,-0.9814,-0.8463,-0.8463
audioseal,3,english:2002,1,271,payload_farthest,1,1.0000,-7.2064,-0.8463,4.6166,0.9998,38.11,1.0000,-0.9814,-0.8463,-0.8463
audioseal,3,english:2002,2,272,single_copy,0,1.0000,-4.2405,0.9469,4.6439,1.0000,148.91,0.5000,-0.3261,-2.5095,-2.5095
audioseal,3,english:2002,2,272,mean,1,1.0000,-8.3547,-3.1742,4.6155,0.9999,39.55,0.5000,-0.3261,-2.5095,-2.5095
audioseal,3,english:2002,2,272,rp,1,1.0000,-5.9355,-0.7079,4.6258,0.9999,42.14,0.5000,-0.3261,-2.5095,-2.5095
audioseal,3,english:2002,2,272,random_dirichlet,0,1.0000,-4.9340,0.0427,4.5963,0.9997,36.74,0.5000,-0.3261,-2.5095,-2.5095
audioseal,3,english:2002,2,272,eep,1,1.0000,-7.4514,-3.0076,4.6213,0.9999,39.80,0.5000,-0.3261,-2.5095,-2.5095
audioseal,3,english:2002,2,272,fwp,1,1.0000,-7.4514,-3.0076,4.6213,0.9999,39.80,0.5000,-0.3261,-2.5095,-2.5095
audioseal,3,english:2002,2,272,dm,1,1.0000,-7.7713,-2.6386,4.6158,0.9999,39.47,0.5000,-0.3261,-2.5095,-2.5095
audioseal,3,english:2002,2,272,tct,1,1.0000,-7.2828,-2.5095,4.6102,0.9998,38.30,0.5000,-0.3261,-2.5095,-2.5095
audioseal,3,english:2002,2,272,payload_farthest,1,1.0000,-8.4610,-3.3745,4.5941,0.9997,36.03,0.5000,-0.3261,-2.5095,-2.5095
audioseal,3,english:2007,0,273,single_copy,0,1.0000,-4.1945,0.9740,4.6439,1.0000,143.86,-0.8660,-0.9832,-2.1919,-2.1919
audioseal,3,english:2007,0,273,mean,1,1.0000,-7.0848,-2.3043,4.5858,0.9996,32.25,-0.8660,-0.9832,-2.1919,-2.1919
audioseal,3,english:2007,0,273,rp,1,1.0000,-7.1259,-1.6801,4.6062,0.9997,34.52,-0.8660,-0.9832,-2.1919,-2.1919
audioseal,3,english:2007,0,273,random_dirichlet,1,1.0000,-7.2960,-2.5558,4.5839,0.9996,32.01,-0.8660,-0.9832,-2.1919,-2.1919
audioseal,3,english:2007,0,273,eep,1,1.0000,-7.3046,-1.6080,4.5965,0.9997,33.40,-0.8660,-0.9832,-2.1919,-2.1919
audioseal,3,english:2007,0,273,fwp,1,1.0000,-7.3046,-1.6080,4.5965,0.9997,33.40,-0.8660,-0.9832,-2.1919,-2.1919
audioseal,3,english:2007,0,273,dm,1,1.0000,-6.1832,-1.3649,4.5888,0.9997,33.05,-0.8660,-0.9832,-2.1919,-2.1919
audioseal,3,english:2007,0,273,tct,1,1.0000,-7.3066,-2.1919,4.5723,0.9993,28.72,-0.8660,-0.9832,-2.1919,-2.1919
audioseal,3,english:2007,0,273,payload_farthest,1,1.0000,-7.3066,-2.1919,4.5723,0.9993,28.72,-0.8660,-0.9832,-2.1919,-2.1919
audioseal,3,english:2007,1,274,single_copy,0,1.0000,-4.4008,0.8456,4.6439,1.0000,143.85,0.5000,-0.9938,-6.4120,-6.4136
audioseal,3,english:2007,1,274,mean,1,1.0000,-8.2289,-3.2559,4.5913,0.9995,32.77,0.5000,-0.9938,-6.4120,-6.4136
audioseal,3,english:2007,1,274,rp,1,1.0000,-8.1058,-2.8697,4.5427,0.9990,29.25,0.5000,-0.9938,-6.4120,-6.4136
audioseal,3,english:2007,1,274,random_dirichlet,1,1.0000,-8.5313,-3.0875,4.5848,0.9995,32.36,0.5000,-0.9938,-6.4120,-6.4136
audioseal,3,english:2007,1,274,eep,1,1.0000,-11.7171,-7.1339,4.5915,0.9996,34.74,0.5000,-0.9938,-6.4120,-6.4136
audioseal,3,english:2007,1,274,fwp,1,1.0000,-8.7116,-3.3468,4.6016,0.9997,34.56,0.5000,-0.9938,-6.4120,-6.4136
audioseal,3,english:2007,1,274,dm,1,1.0000,-9.0010,-3.6886,4.6023,0.9996,34.03,0.5000,-0.9938,-6.4120,-6.4136
audioseal,3,english:2007,1,274,tct,1,1.0000,-11.1408,-6.4120,4.5889,0.9996,34.02,0.5000,-0.9938,-6.4120,-6.4136
audioseal,3,english:2007,1,274,payload_farthest,1,1.0000,-11.7171,-7.1339,4.5915,0.9996,34.74,0.5000,-0.9938,-6.4120,-6.4136
audioseal,3,english:2007,2,275,single_copy,0,1.0000,-4.1431,0.8926,4.6439,1.0000,143.86,-0.5000,-0.7736,-1.2875,-1.2875
audioseal,3,english:2007,2,275,mean,1,1.0000,-7.1938,-2.2386,4.5963,0.9995,34.55,-0.5000,-0.7736,-1.2875,-1.2875
audioseal,3,english:2007,2,275,rp,1,1.0000,-5.8403,-1.1027,4.5610,0.9990,31.02,-0.5000,-0.7736,-1.2875,-1.2875
audioseal,3,english:2007,2,275,random_dirichlet,1,1.0000,-5.4702,-0.8729,4.5868,0.9994,34.39,-0.5000,-0.7736,-1.2875,-1.2875
audioseal,3,english:2007,2,275,eep,1,1.0000,-6.7570,-0.7748,4.6075,0.9996,35.05,-0.5000,-0.7736,-1.2875,-1.2875
audioseal,3,english:2007,2,275,fwp,1,1.0000,-6.7570,-0.7748,4.6075,0.9996,35.05,-0.5000,-0.7736,-1.2875,-1.2875
audioseal,3,english:2007,2,275,dm,1,1.0000,-6.9830,-2.2489,4.5991,0.9995,34.56,-0.5000,-0.7736,-1.2875,-1.2875
audioseal,3,english:2007,2,275,tct,1,1.0000,-6.1783,-1.2875,4.5941,0.9995,35.07,-0.5000,-0.7736,-1.2875,-1.2875
audioseal,3,english:2007,2,275,payload_farthest,1,1.0000,-8.0244,-3.2667,4.6062,0.9997,36.80,-0.5000,-0.7736,-1.2875,-1.2875
audioseal,3,english:201,0,276,single_copy,0,1.0000,-4.4193,0.8313,4.6439,1.0000,144.85,-0.5000,-0.9974,-0.4154,-0.4154
audioseal,3,english:201,0,276,mean,1,1.0000,-6.9040,-2.0056,4.5956,0.9998,31.31,-0.5000,-0.9974,-0.4154,-0.4154
audioseal,3,english:201,0,276,rp,1,1.0000,-6.3640,-0.2220,4.6159,0.9998,32.92,-0.5000,-0.9974,-0.4154,-0.4154
audioseal,3,english:201,0,276,random_dirichlet,0,1.0000,-4.4423,0.8252,4.6437,1.0000,51.97,-0.5000,-0.9974,-0.4154,-0.4154
audioseal,3,english:201,0,276,eep,1,1.0000,-6.3640,-0.2220,4.6159,0.9998,32.92,-0.5000,-0.9974,-0.4154,-0.4154
audioseal,3,english:201,0,276,fwp,1,1.0000,-6.3640,-0.2220,4.6159,0.9998,32.92,-0.5000,-0.9974,-0.4154,-0.4154
audioseal,3,english:201,0,276,dm,1,1.0000,-7.3717,-2.5456,4.6077,0.9998,32.37,-0.5000,-0.9974,-0.4154,-0.4154
audioseal,3,english:201,0,276,tct,1,1.0000,-5.7262,-0.4154,4.5886,0.9997,31.22,-0.5000,-0.9974,-0.4154,-0.4154
audioseal,3,english:201,0,276,payload_farthest,1,1.0000,-7.7716,-2.0947,4.6030,0.9998,33.27,-0.5000,-0.9974,-0.4154,-0.4154
audioseal,3,english:201,1,277,single_copy,0,1.0000,-4.1059,1.0002,4.6439,1.0000,144.85,0.0000,-0.8676,0.4581,0.4581
audioseal,3,english:201,1,277,mean,0,1.0000,-4.9980,0.4581,4.6121,0.9999,33.65,0.0000,-0.8676,0.4581,0.4581
audioseal,3,english:201,1,277,rp,1,1.0000,-8.0983,-2.9497,4.6033,0.9998,34.68,0.0000,-0.8676,0.4581,0.4581
audioseal,3,english:201,1,277,random_dirichlet,0,1.0000,-4.1464,0.9864,4.6415,1.0000,42.67,0.0000,-0.8676,0.4581,0.4581
audioseal,3,english:201,1,277,eep,1,1.0000,-7.6533,-2.1991,4.5936,0.9997,30.12,0.0000,-0.8676,0.4581,0.4581
audioseal,3,english:201,1,277,fwp,1,1.0000,-8.0983,-2.9497,4.6033,0.9998,34.68,0.0000,-0.8676,0.4581,0.4581
audioseal,3,english:201,1,277,dm,0,1.0000,-4.8797,0.0410,4.6127,0.9999,34.25,0.0000,-0.8676,0.4581,0.4581
audioseal,3,english:201,1,277,tct,0,1.0000,-4.9980,0.4581,4.6121,0.9999,33.65,0.0000,-0.8676,0.4581,0.4581
audioseal,3,english:201,1,277,payload_farthest,1,1.0000,-8.0983,-2.9497,4.6033,0.9998,34.68,0.0000,-0.8676,0.4581,0.4581
audioseal,3,english:201,2,278,single_copy,0,1.0000,-4.2656,0.9679,4.6439,1.0000,144.85,0.8660,-0.9385,-1.6563,-1.6563
audioseal,3,english:201,2,278,mean,1,1.0000,-7.6202,-2.5195,4.6055,0.9998,35.30,0.8660,-0.9385,-1.6563,-1.6563
audioseal,3,english:201,2,278,rp,1,1.0000,-6.4384,-1.2926,4.6118,0.9998,37.67,0.8660,-0.9385,-1.6563,-1.6563
audioseal,3,english:201,2,278,random_dirichlet,1,1.0000,-7.7133,-2.9810,4.6051,0.9998,34.84,0.8660,-0.9385,-1.6563,-1.6563
audioseal,3,english:201,2,278,eep,1,1.0000,-6.9161,-1.4839,4.6072,0.9998,34.05,0.8660,-0.9385,-1.6563,-1.6563
audioseal,3,english:201,2,278,fwp,1,1.0000,-7.9259,-2.1386,4.5720,0.9996,31.78,0.8660,-0.9385,-1.6563,-1.6563
audioseal,3,english:201,2,278,dm,1,1.0000,-6.8773,-1.5437,4.5902,0.9997,33.16,0.8660,-0.9385,-1.6563,-1.6563
audioseal,3,english:201,2,278,tct,1,1.0000,-6.4587,-1.6563,4.6218,0.9999,37.80,0.8660,-0.9385,-1.6563,-1.6563
audioseal,3,english:201,2,278,payload_farthest,1,1.0000,-7.9259,-2.1386,4.5720,0.9996,31.78,0.8660,-0.9385,-1.6563,-1.6563
audioseal,3,english:2092,0,279,single_copy,0,1.0000,-4.1558,0.8598,4.6439,1.0000,142.19,0.8660,-0.9977,-2.6409,-2.6409
audioseal,3,english:2092,0,279,mean,1,1.0000,-8.7823,-3.8440,4.5998,0.9921,38.86,0.8660,-0.9977,-2.6409,-2.6409
audioseal,3,english:2092,0,279,rp,1,1.0000,-8.1592,-2.0331,4.6165,0.9946,40.35,0.8660,-0.9977,-2.6409,-2.6409
audioseal,3,english:2092,0,279,random_dirichlet,1,1.0000,-5.6355,-0.0970,4.5843,0.9878,36.98,0.8660,-0.9977,-2.6409,-2.6409
audioseal,3,english:2092,0,279,eep,1,1.0000,-8.1592,-2.0331,4.6165,0.9946,40.35,0.8660,-0.9977,-2.6409,-2.6409
audioseal,3,english:2092,0,279,fwp,1,1.0000,-7.3004,-1.3275,4.6059,0.9942,40.17,0.8660,-0.9977,-2.6409,-2.6409
audioseal,3,english:2092,0,279,dm,1,1.0000,-8.8333,-3.8659,4.6025,0.9926,39.15,0.8660,-0.9977,-2.6409,-2.6409
audioseal,3,english:2092,0,279,tct,1,1.0000,-8.0965,-2.6409,4.5769,0.9869,36.68,0.8660,-0.9977,-2.6409,-2.6409
audioseal,3,english:2092,0,279,payload_farthest,1,1.0000,-7.3004,-1.3275,4.6059,0.9942,40.17,0.8660,-0.9977,-2.6409,-2.6409
audioseal,3,english:2092,1,280,single_copy,0,1.0000,-3.8823,0.9033,4.6439,1.0000,142.19,0.5000,-0.9997,-0.2376,-0.2376
audioseal,3,english:2092,1,280,mean,1,1.0000,-6.7565,-1.3684,4.5869,0.9899,36.67,0.5000,-0.9997,-0.2376,-0.2376
audioseal,3,english:2092,1,280,rp,1,1.0000,-7.7674,-2.0173,4.6034,0.9936,38.17,0.5000,-0.9997,-0.2376,-0.2376
audioseal,3,english:2092,1,280,random_dirichlet,1,1.0000,-8.4624,-2.5575,4.6038,0.9935,38.37,0.5000,-0.9997,-0.2376,-0.2376
audioseal,3,english:2092,1,280,eep,1,1.0000,-7.7674,-2.0173,4.6034,0.9936,38.17,0.5000,-0.9997,-0.2376,-0.2376
audioseal,3,english:2092,1,280,fwp,1,1.0000,-7.7674,-2.0173,4.6034,0.9936,38.17,0.5000,-0.9997,-0.2376,-0.2376
audioseal,3,english:2092,1,280,dm,1,1.0000,-7.6224,-1.8298,4.5926,0.9914,37.34,0.5000,-0.9997,-0.2376,-0.2376
audioseal,3,english:2092,1,280,tct,1,1.0000,-6.2997,-0.2376,4.5962,0.9921,37.46,0.5000,-0.9997,-0.2376,-0.2376
audioseal,3,english:2092,1,280,payload_farthest,1,1.0000,-7.2121,-1.0691,4.5978,0.9926,38.34,0.5000,-0.9997,-0.2376,-0.2376
audioseal,3,english:2092,2,281,single_copy,0,0.9998,-4.2310,0.9439,4.6439,1.0000,142.19,0.8660,-0.5605,-3.7808,-3.7808
audioseal,3,english:2092,2,281,mean,1,1.0000,-9.6565,-4.4583,4.5966,0.9877,37.32,0.8660,-0.5605,-3.7808,-3.7808
audioseal,3,english:2092,2,281,rp,1,0.9999,-7.6936,-2.2587,4.6097,0.9917,39.79,0.8660,-0.5605,-3.7808,-3.7808
audioseal,3,english:2092,2,281,random_dirichlet,1,0.9999,-7.7153,-2.1769,4.6048,0.9907,38.01,0.8660,-0.5605,-3.7808,-3.7808
audioseal,3,english:2092,2,281,eep,1,1.0000,-9.3380,-3.6151,4.5641,0.9786,33.80,0.8660,-0.5605,-3.7808,-3.7808
audioseal,3,english:2092,2,281,fwp,1,0.9999,-8.4646,-2.5727,4.5982,0.9889,37.14,0.8660,-0.5605,-3.7808,-3.7808
audioseal,3,english:2092,2,281,dm,1,1.0000,-8.6677,-3.8308,4.5917,0.9865,36.63,0.8660,-0.5605,-3.7808,-3.7808
audioseal,3,english:2092,2,281,tct,1,1.0000,-8.6399,-3.7808,4.6015,0.9892,38.19,0.8660,-0.5605,-3.7808,-3.7808
audioseal,3,english:2092,2,281,payload_farthest,1,0.9999,-8.4646,-2.5727,4.5982,0.9889,37.14,0.8660,-0.5605,-3.7808,-3.7808
audioseal,3,english:211,0,282,single_copy,0,1.0000,-4.0758,0.9383,4.6439,1.0000,144.63,0.8660,-0.9644,-0.9973,-0.9973
audioseal,3,english:211,0,282,mean,1,1.0000,-8.0507,-3.0525,4.5950,0.9990,39.19,0.8660,-0.9644,-0.9973,-0.9973
audioseal,3,english:211,0,282,rp,1,1.0000,-6.9810,-1.9570,4.6006,0.9992,40.83,0.8660,-0.9644,-0.9973,-0.9973
audioseal,3,english:211,0,282,random_dirichlet,0,1.0000,-4.4112,0.6810,4.5711,0.9987,36.31,0.8660,-0.9644,-0.9973,-0.9973
audioseal,3,english:211,0,282,eep,1,1.0000,-6.9810,-1.9570,4.6006,0.9992,40.83,0.8660,-0.9644,-0.9973,-0.9973
audioseal,3,english:211,0,282,fwp,1,1.0000,-7.4873,-1.7538,4.5594,0.9979,35.66,0.8660,-0.9644,-0.9973,-0.9973
audioseal,3,english:211,0,282,dm,1,1.0000,-7.9916,-2.8655,4.5806,0.9985,37.34,0.8660,-0.9644,-0.9973,-0.9973
audioseal,3,english:211,0,282,tct,1,1.0000,-6.2593,-0.9973,4.5980,0.9993,38.51,0.8660,-0.9644,-0.9973,-0.9973
audioseal,3,english:211,0,282,payload_farthest,1,1.0000,-6.2593,-0.9973,4.5980,0.9993,38.51,0.8660,-0.9644,-0.9973,-0.9973
audioseal,3,english:211,1,283,single_copy,0,1.0000,-4.2105,0.8496,4.6439,1.0000,144.63,0.8660,-0.9996,-1.8881,-1.8881
audioseal,3,english:211,1,283,mean,1,1.0000,-6.6851,-2.0848,4.6067,0.9994,39.77,0.8660,-0.9996,-1.8881,-1.8881
audioseal,3,english:211,1,283,rp,1,1.0000,-7.4140,-1.3972,4.5975,0.9992,39.01,0.8660,-0.9996,-1.8881,-1.8881
audioseal,3,english:211,1,283,random_dirichlet,1,1.0000,-7.9392,-1.7260,4.5831,0.9989,37.27,0.8660,-0.9996,-1.8881,-1.8881
audioseal,3,english:211,1,283,eep,1,1.0000,-8.6774,-3.0362,4.5760,0.9988,36.25,0.8660,-0.9996,-1.8881,-1.8881
audioseal,3,english:211,1,283,fwp,1,1.0000,-8.6774,-3.0362,4.5760,0.9988,36.25,0.8660,-0.9996,-1.8881,-1.8881
audioseal,3,english:211,1,283,dm,1,1.0000,-8.3122,-2.3697,4.5845,0.9990,37.33,0.8660,-0.9996,-1.8881,-1.8881
audioseal,3,english:211,1,283,tct,1,1.0000,-7.2550,-1.8881,4.6086,0.9995,40.54,0.8660,-0.9996,-1.8881,-1.8881
audioseal,3,english:211,1,283,payload_farthest,1,1.0000,-7.4140,-1.3972,4.5975,0.9992,39.01,0.8660,-0.9996,-1.8881,-1.8881
audioseal,3,english:211,2,284,single_copy,0,1.0000,-4.2028,0.8800,4.6439,1.0000,144.63,0.5000,-0.9730,-0.8373,-0.8373
audioseal,3,english:211,2,284,mean,1,1.0000,-6.7001,-1.2275,4.5765,0.9986,34.81,0.5000,-0.9730,-0.8373,-0.8373
audioseal,3,english:211,2,284,rp,1,1.0000,-7.0069,-0.9024,4.6034,0.9992,36.77,0.5000,-0.9730,-0.8373,-0.8373
audioseal,3,english:211,2,284,random_dirichlet,1,1.0000,-5.6262,-0.1870,4.5331,0.9973,32.02,0.5000,-0.9730,-0.8373,-0.8373
audioseal,3,english:211,2,284,eep,1,1.0000,-7.0069,-0.9024,4.6034,0.9992,36.77,0.5000,-0.9730,-0.8373,-0.8373
audioseal,3,english:211,2,284,fwp,1,1.0000,-7.0069,-0.9024,4.6034,0.9992,36.77,0.5000,-0.9730,-0.8373,-0.8373
audioseal,3,english:211,2,284,dm,1,1.0000,-7.7368,-1.6063,4.5947,0.9990,36.40,0.5000,-0.9730,-0.8373,-0.8373
audioseal,3,english:211,2,284,tct,1,1.0000,-7.4506,-0.8373,4.5810,0.9987,35.58,0.5000,-0.9730,-0.8373,-0.8373
audioseal,3,english:211,2,284,payload_farthest,1,1.0000,-11.1020,-5.9083,4.5924,0.9990,36.95,0.5000,-0.9730,-0.8373,-0.8373
audioseal,3,english:2136,0,285,single_copy,0,0.9999,-4.2927,0.8922,4.6439,1.0000,150.19,0.5000,-0.9355,-1.7022,-1.7022
audioseal,3,english:2136,0,285,mean,1,1.0000,-7.5348,-2.4270,4.6186,0.9998,39.60,0.5000,-0.9355,-1.7022,-1.7022
audioseal,3,english:2136,0,285,rp,1,1.0000,-8.8468,-3.1639,4.5934,0.9996,36.08,0.5000,-0.9355,-1.7022,-1.7022
audioseal,3,english:2136,0,285,random_dirichlet,1,1.0000,-6.9308,-1.6845,4.6208,0.9998,39.89,0.5000,-0.9355,-1.7022,-1.7022
audioseal,3,english:2136,0,285,eep,1,1.0000,-7.7044,-2.1486,4.6253,0.9999,40.90,0.5000,-0.9355,-1.7022,-1.7022
audioseal,3,english:2136,0,285,fwp,1,1.0000,-8.8468,-3.1639,4.5934,0.9996,36.08,0.5000,-0.9355,-1.7022,-1.7022
audioseal,3,english:2136,0,285,dm,1,1.0000,-7.7106,-2.5217,4.6153,0.9998,39.07,0.5000,-0.9355,-1.7022,-1.7022
audioseal,3,english:2136,0,285,tct,1,1.0000,-6.9491,-1.7022,4.6062,0.9997,37.87,0.5000,-0.9355,-1.7022,-1.7022
audioseal,3,english:2136,0,285,payload_farthest,1,1.0000,-8.8468,-3.1639,4.5934,0.9996,36.08,0.5000,-0.9355,-1.7022,-1.7022
audioseal,3,english:2136,1,286,single_copy,0,1.0000,-4.1511,0.9540,4.6439,1.0000,150.19,1.0000,-0.9981,-0.7748,-0.7746
audioseal,3,english:2136,1,286,mean,1,0.9999,-7.2987,-1.7779,4.6330,0.9998,39.64,1.0000,-0.9981,-0.7748,-0.7746
audioseal,3,english:2136,1,286,rp,1,1.0000,-8.7009,-2.7533,4.6170,0.9997,36.12,1.0000,-0.9981,-0.7748,-0.7746
audioseal,3,english:2136,1,286,random_dirichlet,0,1.0000,-4.0684,0.9502,4.6262,0.9998,39.28,1.0000,-0.9981,-0.7748,-0.7746
audioseal,3,english:2136,1,286,eep,1,1.0000,-5.3735,-0.2893,4.6363,0.9999,43.56,1.0000,-0.9981,-0.7748,-0.7746
audioseal,3,english:2136,1,286,fwp,1,1.0000,-8.7009,-2.7533,4.6170,0.9997,36.12,1.0000,-0.9981,-0.7748,-0.7746
audioseal,3,english:2136,1,286,dm,1,1.0000,-8.7628,-2.9642,4.6189,0.9997,36.42,1.0000,-0.9981,-0.7748,-0.7746
audioseal,3,english:2136,1,286,tct,1,1.0000,-6.3579,-0.7748,4.6289,0.9998,38.30,1.0000,-0.9981,-0.7748,-0.7746
audioseal,3,english:2136,1,286,payload_farthest,1,1.0000,-8.7009,-2.7533,4.6170,0.9997,36.12,1.0000,-0.9981,-0.7748,-0.7746
audioseal,3,english:2136,2,287,single_copy,0,1.0000,-4.1577,0.8713,4.6439,1.0000,150.19,1.0000,-0.9939,-4.1735,-4.1735
audioseal,3,english:2136,2,287,mean,1,1.0000,-9.4887,-4.2331,4.5985,0.9997,36.84,1.0000,-0.9939,-4.1735,-4.1735
audioseal,3,english:2136,2,287,rp,1,1.0000,-8.4553,-2.2828,4.6163,0.9998,39.45,1.0000,-0.9939,-4.1735,-4.1735
audioseal,3,english:2136,2,287,random_dirichlet,0,1.0000,-4.2496,0.8750,4.6395,1.0000,47.07,1.0000,-0.9939,-4.1735,-4.1735
audioseal,3,english:2136,2,287,eep,1,1.0000,-9.7754,-4.4042,4.5979,0.9998,37.70,1.0000,-0.9939,-4.1735,-4.1735
audioseal,3,english:2136,2,287,fwp,1,1.0000,-9.7754,-4.4042,4.5979,0.9998,37.70,1.0000,-0.9939,-4.1735,-4.1735
audioseal,3,english:2136,2,287,dm,1,1.0000,-9.4123,-3.3727,4.6014,0.9998,37.51,1.0000,-0.9939,-4.1735,-4.1735
audioseal,3,english:2136,2,287,tct,1,1.0000,-9.4963,-4.1735,4.6030,0.9998,38.14,1.0000,-0.9939,-4.1735,-4.1735
audioseal,3,english:2136,2,287,payload_farthest,1,1.0000,-9.7754,-4.4042,4.5979,0.9998,37.70,1.0000,-0.9939,-4.1735,-4.1735
audioseal,3,english:2159,0,288,single_copy,0,1.0000,-4.3669,0.8371,4.6439,1.0000,145.50,-0.5000,0.5811,-2.9150,-2.9150
audioseal,3,english:2159,0,288,mean,1,1.0000,-8.3945,-3.4534,4.6007,0.9993,34.51,-0.5000,0.5811,-2.9150,-2.9150
audioseal,3,english:2159,0,288,rp,1,0.9999,-6.2016,-1.6668,4.5695,0.9984,30.98,-0.5000,0.5811,-2.9150,-2.9150
audioseal,3,english:2159,0,288,random_dirichlet,0,1.0000,-4.4382,0.8013,4.5865,0.9989,32.37,-0.5000,0.5811,-2.9150,-2.9150
audioseal,3,english:2159,0,288,eep,1,0.9999,-6.2016,-1.6668,4.5695,0.9984,30.98,-0.5000,0.5811,-2.9150,-2.9150
audioseal,3,english:2159,0,288,fwp,1,1.0000,-7.3376,-1.6093,4.6180,0.9995,35.77,-0.5000,0.5811,-2.9150,-2.9150
audioseal,3,english:2159,0,288,dm,1,1.0000,-8.7559,-3.7997,4.6035,0.9993,34.82,-0.5000,0.5811,-2.9150,-2.9150
audioseal,3,english:2159,0,288,tct,1,1.0000,-7.3975,-2.9150,4.5928,0.9991,33.55,-0.5000,0.5811,-2.9150,-2.9150
audioseal,3,english:2159,0,288,payload_farthest,1,1.0000,-8.4006,-2.3930,4.6126,0.9994,36.06,-0.5000,0.5811,-2.9150,-2.9150
audioseal,3,english:2159,1,289,single_copy,0,1.0000,-4.2755,0.9484,4.6439,1.0000,145.51,0.5000,-0.9749,-0.6640,-0.6640
audioseal,3,english:2159,1,289,mean,1,1.0000,-6.2056,-1.6829,4.6116,0.9993,35.43,0.5000,-0.9749,-0.6640,-0.6640
audioseal,3,english:2159,1,289,rp,1,1.0000,-6.2040,-1.2927,4.5831,0.9984,31.91,0.5000,-0.9749,-0.6640,-0.6640
audioseal,3,english:2159,1,289,random_dirichlet,0,1.0000,-4.3223,0.8261,4.6092,0.9993,36.40,0.5000,-0.9749,-0.6640,-0.6640
audioseal,3,english:2159,1,289,eep,1,1.0000,-8.0001,-1.5030,4.6210,0.9995,35.84,0.5000,-0.9749,-0.6640,-0.6640
audioseal,3,english:2159,1,289,fwp,1,1.0000,-8.0001,-1.5030,4.6210,0.9995,35.84,0.5000,-0.9749,-0.6640,-0.6640
audioseal,3,english:2159,1,289,dm,1,1.0000,-8.0001,-1.5030,4.6210,0.9995,35.84,0.5000,-0.9749,-0.6640,-0.6640
audioseal,3,english:2159,1,289,tct,1,1.0000,-5.9877,-0.6640,4.6022,0.9990,33.76,0.5000,-0.9749,-0.6640,-0.6640
audioseal,3,english:2159,1,289,payload_farthest,1,1.0000,-8.0001,-1.5030,4.6210,0.9995,35.84,0.5000,-0.9749,-0.6640,-0.6640
audioseal,3,english:2159,2,290,single_copy,0,1.0000,-4.2269,0.8011,4.6439,1.0000,145.50,0.5000,-0.9809,-1.6209,-1.6209
audioseal,3,english:2159,2,290,mean,1,1.0000,-4.3021,-0.1333,4.6150,0.9993,33.91,0.5000,-0.9809,-1.6209,-1.6209
audioseal,3,english:2159,2,290,rp,1,1.0000,-4.4651,-0.4537,4.5824,0.9986,30.38,0.5000,-0.9809,-1.6209,-1.6209
audioseal,3,english:2159,2,290,random_dirichlet,0,0.9999,-4.0373,0.9508,4.5807,0.9981,29.34,0.5000,-0.9809,-1.6209,-1.6209
audioseal,3,english:2159,2,290,eep,1,1.0000,-5.7310,-1.6209,4.6209,0.9993,34.43,0.5000,-0.9809,-1.6209,-1.6209
audioseal,3,english:2159,2,290,fwp,1,1.0000,-5.7310,-1.6209,4.6209,0.9993,34.43,0.5000,-0.9809,-1.6209,-1.6209
audioseal,3,english:2159,2,290,dm,1,1.0000,-5.7310,-1.6209,4.6209,0.9993,34.43,0.5000,-0.9809,-1.6209,-1.6209
audioseal,3,english:2159,2,290,tct,1,1.0000,-5.7310,-1.6209,4.6209,0.9993,34.43,0.5000,-0.9809,-1.6209,-1.6209
audioseal,3,english:2159,2,290,payload_farthest,1,1.0000,-5.7310,-1.6209,4.6209,0.9993,34.43,0.5000,-0.9809,-1.6209,-1.6209
audioseal,3,english:2182,0,291,single_copy,0,0.9996,-4.2197,0.9489,4.6439,1.0000,144.19,1.0000,-0.9947,-1.1986,-1.1986
audioseal,3,english:2182,0,291,mean,1,1.0000,-6.4019,-1.4264,4.6050,0.9982,35.16,1.0000,-0.9947,-1.1986,-1.1986
audioseal,3,english:2182,0,291,rp,1,1.0000,-10.4088,-5.2164,4.6032,0.9985,33.67,1.0000,-0.9947,-1.1986,-1.1986
audioseal,3,english:2182,0,291,random_dirichlet,1,1.0000,-6.6711,-1.6522,4.6080,0.9984,35.47,1.0000,-0.9947,-1.1986,-1.1986
audioseal,3,english:2182,0,291,eep,1,1.0000,-6.9843,-1.5679,4.5671,0.9965,31.63,1.0000,-0.9947,-1.1986,-1.1986
audioseal,3,english:2182,0,291,fwp,1,1.0000,-10.4088,-5.2164,4.6032,0.9985,33.67,1.0000,-0.9947,-1.1986,-1.1986
audioseal,3,english:2182,0,291,dm,1,1.0000,-9.2619,-3.4113,4.5990,0.9982,33.57,1.0000,-0.9947,-1.1986,-1.1986
audioseal,3,english:2182,0,291,tct,1,1.0000,-6.4828,-1.1986,4.5729,0.9968,32.18,1.0000,-0.9947,-1.1986,-1.1986
audioseal,3,english:2182,0,291,payload_farthest,1,1.0000,-10.4088,-5.2164,4.6032,0.9985,33.67,1.0000,-0.9947,-1.1986,-1.1986
audioseal,3,english:2182,1,292,single_copy,0,1.0000,-4.1717,0.9480,4.6439,1.0000,144.19,-1.0000,-0.9830,-2.0111,-2.0111
audioseal,3,english:2182,1,292,mean,1,1.0000,-5.6445,-1.4402,4.6099,0.9988,35.71,-1.0000,-0.9830,-2.0111,-2.0111
audioseal,3,english:2182,1,292,rp,1,1.0000,-6.3550,-1.6718,4.5837,0.9974,32.18,-1.0000,-0.9830,-2.0111,-2.0111
audioseal,3,english:2182,1,292,random_dirichlet,1,1.0000,-4.7372,-0.1465,4.5925,0.9976,33.45,-1.0000,-0.9830,-2.0111,-2.0111
audioseal,3,english:2182,1,292,eep,1,0.9999,-5.3386,-1.2767,4.5992,0.9992,36.58,-1.0000,-0.9830,-2.0111,-2.0111
audioseal,3,english:2182,1,292,fwp,1,0.9999,-5.3386,-1.2767,4.5992,0.9992,36.58,-1.0000,-0.9830,-2.0111,-2.0111
audioseal,3,english:2182,1,292,dm,1,1.0000,-5.4804,-1.4067,4.6081,0.9989,36.05,-1.0000,-0.9830,-2.0111,-2.0111
audioseal,3,english:2182,1,292,tct,1,1.0000,-6.9266,-2.0111,4.6064,0.9987,36.31,-1.0000,-0.9830,-2.0111,-2.0111
audioseal,3,english:2182,1,292,payload_farthest,1,1.0000,-7.2845,-1.5790,4.6028,0.9990,37.81,-1.0000,-0.9830,-2.0111,-2.0111
audioseal,3,english:2182,2,293,single_copy,0,1.0000,-4.1821,0.9752,4.6439,1.0000,144.19,0.5000,-0.9951,-2.6679,-2.6682
audioseal,3,english:2182,2,293,mean,1,1.0000,-6.6120,-1.1900,4.5860,0.9975,30.67,0.5000,-0.9951,-2.6679,-2.6682
audioseal,3,english:2182,2,293,rp,1,1.0000,-8.5212,-2.6965,4.5880,0.9980,32.80,0.5000,-0.9951,-2.6679,-2.6682
audioseal,3,english:2182,2,293,random_dirichlet,0,1.0000,-4.0292,0.9594,4.5793,0.9968,28.86,0.5000,-0.9951,-2.6679,-2.6682
audioseal,3,english:2182,2,293,eep,1,1.0000,-8.5212,-2.6965,4.5880,0.9980,32.80,0.5000,-0.9951,-2.6679,-2.6682
audioseal,3,english:2182,2,293,fwp,1,1.0000,-8.5212,-2.6965,4.5880,0.9980,32.80,0.5000,-0.9951,-2.6679,-2.6682
audioseal,3,english:2182,2,293,dm,1,1.0000,-8.8226,-3.2049,4.5887,0.9981,32.74,0.5000,-0.9951,-2.6679,-2.6682
audioseal,3,english:2182,2,293,tct,1,1.0000,-8.6220,-2.6679,4.5974,0.9984,33.21,0.5000,-0.9951,-2.6679,-2.6682
audioseal,3,english:2182,2,293,payload_farthest,1,1.0000,-9.0377,-2.9905,4.5988,0.9984,33.16,0.5000,-0.9951,-2.6679,-2.6682
audioseal,3,english:2196,0,294,single_copy,0,0.9999,-4.1112,0.9298,4.6439,1.0000,143.54,0.8660,0.6451,-0.7032,-0.7032
audioseal,3,english:2196,0,294,mean,1,0.9999,-8.4316,-3.3523,4.6060,0.9999,36.00,0.8660,0.6451,-0.7032,-0.7032
audioseal,3,english:2196,0,294,rp,1,1.0000,-6.2032,-0.6708,4.6045,0.9999,35.73,0.8660,0.6451,-0.7032,-0.7032
audioseal,3,english:2196,0,294,random_dirichlet,0,0.9999,-5.1128,0.2502,4.6317,1.0000,39.94,0.8660,0.6451,-0.7032,-0.7032
audioseal,3,english:2196,0,294,eep,1,0.9999,-6.0107,-0.3275,4.6261,0.9999,37.34,0.8660,0.6451,-0.7032,-0.7032
audioseal,3,english:2196,0,294,fwp,1,0.9999,-7.4780,-2.2462,4.5775,0.9998,32.48,0.8660,0.6451,-0.7032,-0.7032
audioseal,3,english:2196,0,294,dm,1,1.0000,-7.2144,-1.7400,4.5941,0.9999,34.42,0.8660,0.6451,-0.7032,-0.7032
audioseal,3,english:2196,0,294,tct,1,1.0000,-6.2511,-0.7032,4.6047,0.9999,35.90,0.8660,0.6451,-0.7032,-0.7032
audioseal,3,english:2196,0,294,payload_farthest,1,1.0000,-6.2032,-0.6708,4.6045,0.9999,35.73,0.8660,0.6451,-0.7032,-0.7032
audioseal,3,english:2196,1,295,single_copy,0,1.0000,-3.8428,0.9729,4.6439,1.0000,143.54,-0.5000,-0.9884,-1.3585,-1.3585
audioseal,3,english:2196,1,295,mean,1,1.0000,-6.8786,-2.0179,4.6004,0.9999,33.27,-0.5000,-0.9884,-1.3585,-1.3585
audioseal,3,english:2196,1,295,rp,1,1.0000,-7.0917,-1.8392,4.6168,0.9999,33.07,-0.5000,-0.9884,-1.3585,-1.3585
audioseal,3,english:2196,1,295,random_dirichlet,1,1.0000,-7.6723,-1.9199,4.6019,0.9999,34.73,-0.5000,-0.9884,-1.3585,-1.3585
audioseal,3,english:2196,1,295,eep,1,1.0000,-7.0917,-1.8392,4.6168,0.9999,33.07,-0.5000,-0.9884,-1.3585,-1.3585
audioseal,3,english:2196,1,295,fwp,1,1.0000,-7.8257,-2.5978,4.5564,0.9997,29.75,-0.5000,-0.9884,-1.3585,-1.3585
audioseal,3,english:2196,1,295,dm,1,1.0000,-6.0690,-0.9548,4.5922,0.9999,32.14,-0.5000,-0.9884,-1.3585,-1.3585
audioseal,3,english:2196,1,295,tct,1,1.0000,-6.5705,-1.3585,4.5986,0.9999,34.48,-0.5000,-0.9884,-1.3585,-1.3585
audioseal,3,english:2196,1,295,payload_farthest,1,1.0000,-8.2572,-2.7680,4.6036,0.9999,35.10,-0.5000,-0.9884,-1.3585,-1.3585
audioseal,3,english:2196,2,296,single_copy,0,1.0000,-4.1298,0.9490,4.6439,1.0000,143.55,1.0000,-0.8968,-1.8254,-1.8257
audioseal,3,english:2196,2,296,mean,1,1.0000,-6.7041,-2.0752,4.5949,0.9999,30.31,1.0000,-0.8968,-1.8254,-1.8257
audioseal,3,english:2196,2,296,rp,1,1.0000,-6.5370,-0.5999,4.6173,0.9999,32.74,1.0000,-0.8968,-1.8254,-1.8257
audioseal,3,english:2196,2,296,random_dirichlet,0,1.0000,-4.0517,0.9940,4.5726,0.9997,26.89,1.0000,-0.8968,-1.8254,-1.8257
audioseal,3,english:2196,2,296,eep,1,1.0000,-6.5370,-0.5999,4.6173,0.9999,32.74,1.0000,-0.8968,-1.8254,-1.8257
audioseal,3,english:2196,2,296,fwp,1,0.9999,-8.7919,-3.5796,4.5998,0.9999,31.98,1.0000,-0.8968,-1.8254,-1.8257
audioseal,3,english:2196,2,296,dm,1,1.0000,-8.0621,-3.3200,4.6015,0.9999,31.82,1.0000,-0.8968,-1.8254,-1.8257
audioseal,3,english:2196,2,296,tct,1,1.0000,-7.5678,-1.8254,4.5949,0.9999,31.09,1.0000,-0.8968,-1.8254,-1.8257
audioseal,3,english:2196,2,296,payload_farthest,1,0.9999,-8.7919,-3.5796,4.5998,0.9999,31.98,1.0000,-0.8968,-1.8254,-1.8257
audioseal,3,english:226,0,297,single_copy,0,1.0000,-4.1691,0.8422,4.6439,1.0000,140.82,0.0000,-0.9975,-1.1059,-1.1059
audioseal,3,english:226,0,297,mean,1,1.0000,-7.7367,-2.5127,4.5898,0.9963,30.40,0.0000,-0.9975,-1.1059,-1.1059
audioseal,3,english:226,0,297,rp,1,1.0000,-6.8096,-2.1976,4.6140,0.9976,33.51,0.0000,-0.9975,-1.1059,-1.1059
audioseal,3,english:226,0,297,random_dirichlet,1,1.0000,-6.8121,-1.3930,4.5995,0.9973,31.82,0.0000,-0.9975,-1.1059,-1.1059
audioseal,3,english:226,0,297,eep,1,1.0000,-6.8096,-2.1976,4.6140,0.9976,33.51,0.0000,-0.9975,-1.1059,-1.1059
audioseal,3,english:226,0,297,fwp,1,1.0000,-10.6526,-6.0921,4.5823,0.9962,31.00,0.0000,-0.9975,-1.1059,-1.1059
audioseal,3,english:226,0,297,dm,1,1.0000,-10.1482,-5.5229,4.5849,0.9964,30.96,0.0000,-0.9975,-1.1059,-1.1059
audioseal,3,english:226,0,297,tct,1,1.0000,-5.8284,-1.1059,4.6073,0.9979,33.03,0.0000,-0.9975,-1.1059,-1.1059
audioseal,3,english:226,0,297,payload_farthest,1,1.0000,-10.6526,-6.0921,4.5823,0.9962,31.00,0.0000,-0.9975,-1.1059,-1.1059
audioseal,3,english:226,1,298,single_copy,0,1.0000,-4.4510,0.9019,4.6439,1.0000,140.82,0.8660,0.3693,-1.0514,-1.0514
audioseal,3,english:226,1,298,mean,1,1.0000,-6.6184,-1.6117,4.6120,0.9980,36.11,0.8660,0.3693,-1.0514,-1.0514
audioseal,3,english:226,1,298,rp,1,1.0000,-6.3822,-1.1501,4.6066,0.9986,34.90,0.8660,0.3693,-1.0514,-1.0514
audioseal,3,english:226,1,298,random_dirichlet,1,1.0000,-6.2081,-0.9468,4.6041,0.9984,34.87,0.8660,0.3693,-1.0514,-1.0514
audioseal,3,english:226,1,298,eep,1,1.0000,-6.3822,-1.1501,4.6066,0.9986,34.90,0.8660,0.3693,-1.0514,-1.0514
audioseal,3,english:226,1,298,fwp,1,1.0000,-6.6651,-2.3897,4.5826,0.9957,32.58,0.8660,0.3693,-1.0514,-1.0514
audioseal,3,english:226,1,298,dm,1,1.0000,-6.5953,-2.2724,4.5912,0.9967,33.59,0.8660,0.3693,-1.0514,-1.0514
audioseal,3,english:226,1,298,tct,1,1.0000,-5.9195,-1.0514,4.5982,0.9978,34.26,0.8660,0.3693,-1.0514,-1.0514
audioseal,3,english:226,1,298,payload_farthest,1,1.0000,-6.6651,-2.3897,4.5826,0.9957,32.58,0.8660,0.3693,-1.0514,-1.0514
audioseal,3,english:226,2,299,single_copy,0,1.0000,-4.0924,1.0160,4.6439,1.0000,140.83,1.0000,-0.9748,-3.3431,-3.3431
audioseal,3,english:226,2,299,mean,1,1.0000,-6.6430,-1.6343,4.6131,0.9980,35.52,1.0000,-0.9748,-3.3431,-3.3431
audioseal,3,english:226,2,299,rp,1,1.0000,-6.6777,-1.3315,4.6125,0.9989,36.66,1.0000,-0.9748,-3.3431,-3.3431
audioseal,3,english:226,2,299,random_dirichlet,1,1.0000,-4.4848,-0.1047,4.5645,0.9931,30.62,1.0000,-0.9748,-3.3431,-3.3431
audioseal,3,english:226,2,299,eep,1,1.0000,-7.9532,-3.1780,4.6165,0.9976,35.42,1.0000,-0.9748,-3.3431,-3.3431
audioseal,3,english:226,2,299,fwp,1,1.0000,-8.7670,-2.8348,4.5832,0.9954,32.00,1.0000,-0.9748,-3.3431,-3.3431
audioseal,3,english:226,2,299,dm,1,1.0000,-7.7695,-2.8238,4.6024,0.9971,33.97,1.0000,-0.9748,-3.3431,-3.3431
audioseal,3,english:226,2,299,tct,1,1.0000,-8.4416,-3.3431,4.5986,0.9966,33.55,1.0000,-0.9748,-3.3431,-3.3431
audioseal,3,english:226,2,299,payload_farthest,1,1.0000,-8.7670,-2.8348,4.5832,0.9954,32.00,1.0000,-0.9748,-3.3431,-3.3431
