model,K,spk,local_t,gi,method,ASR,presence,S_C,margin,PESQ,STOI,SI_SDR,rho_wave,rho_det,cb_margin,cb_shuf_margin
wmcodec,8,chinese:SSB0005,0,0,single_copy,1,,-6.7895,-6.7763,4.6439,1.0000,147.76,-0.0142,0.4685,-24.4700,-24.4700
wmcodec,8,chinese:SSB0005,0,0,mean,1,,-12.5134,-10.7753,4.3862,0.9852,17.71,-0.0142,0.4685,-24.4700,-24.4700
wmcodec,8,chinese:SSB0005,0,0,rp,1,,-26.8083,-26.3033,4.2477,0.9809,14.74,-0.0142,0.4685,-24.4700,-24.4700
wmcodec,8,chinese:SSB0005,0,0,random_dirichlet,1,,-7.3219,-6.2719,4.2877,0.9819,16.15,-0.0142,0.4685,-24.4700,-24.4700
wmcodec,8,chinese:SSB0005,0,0,eep,1,,-15.4673,-15.0044,4.1922,0.9814,14.72,-0.0142,0.4685,-24.4700,-24.4700
wmcodec,8,chinese:SSB0005,0,0,fwp,1,,-21.1742,-21.0752,4.1722,0.9789,14.77,-0.0142,0.4685,-24.4700,-24.4700
wmcodec,8,chinese:SSB0005,0,0,dm,1,,-21.4178,-20.5144,4.3536,0.9833,16.82,-0.0142,0.4685,-24.4700,-24.4700
wmcodec,8,chinese:SSB0005,0,0,tct,1,,-24.8256,-24.4700,4.3965,0.9864,17.01,-0.0142,0.4685,-24.4700,-24.4700
wmcodec,8,chinese:SSB0005,0,0,payload_farthest,1,,-15.5012,-13.8543,4.4596,0.9910,19.49,-0.0142,0.4685,-24.4700,-24.4700
wmcodec,8,chinese:SSB0005,1,1,single_copy,0,,-0.0287,4.1440,4.6439,1.0000,147.64,0.1083,-0.2887,-4.5989,-4.5986
wmcodec,8,chinese:SSB0005,1,1,mean,1,,-16.9728,-15.4958,4.3716,0.9847,16.55,0.1083,-0.2887,-4.5989,-4.5986
wmcodec,8,chinese:SSB0005,1,1,rp,1,,-13.5614,-12.4667,4.1880,0.9792,13.40,0.1083,-0.2887,-4.5989,-4.5986
wmcodec,8,chinese:SSB0005,1,1,random_dirichlet,1,,-7.6136,-7.2991,4.2601,0.9831,14.98,0.1083,-0.2887,-4.5989,-4.5986
wmcodec,8,chinese:SSB0005,1,1,eep,1,,-12.1874,-12.1565,4.1496,0.9783,14.04,0.1083,-0.2887,-4.5989,-4.5986
wmcodec,8,chinese:SSB0005,1,1,fwp,1,,-13.9405,-12.4577,4.3996,0.9895,18.32,0.1083,-0.2887,-4.5989,-4.5986
wmcodec,8,chinese:SSB0005,1,1,dm,1,,-17.2317,-15.6296,4.3781,0.9851,16.61,0.1083,-0.2887,-4.5989,-4.5986
wmcodec,8,chinese:SSB0005,1,1,tct,1,,-4.8904,-4.5989,4.2574,0.9816,14.26,0.1083,-0.2887,-4.5989,-4.5986
wmcodec,8,chinese:SSB0005,1,1,payload_farthest,1,,-13.8975,-13.8708,4.1234,0.9781,14.07,0.1083,-0.2887,-4.5989,-4.5986
wmcodec,8,chinese:SSB0005,2,2,single_copy,1,,-1.4035,-1.1087,4.6439,1.0000,147.58,-0.0499,0.3331,-21.8061,-21.8048
wmcodec,8,chinese:SSB0005,2,2,mean,1,,-20.3307,-19.3195,4.4453,0.9863,17.48,-0.0499,0.3331,-21.8061,-21.8048
wmcodec,8,chinese:SSB0005,2,2,rp,1,,-21.1166,-20.4170,4.1349,0.9800,15.30,-0.0499,0.3331,-21.8061,-21.8048
wmcodec,8,chinese:SSB0005,2,2,random_dirichlet,1,,-17.7150,-17.1535,4.4947,0.9891,18.84,-0.0499,0.3331,-21.8061,-21.8048
wmcodec,8,chinese:SSB0005,2,2,eep,1,,-32.5998,-32.0376,4.1101,0.9817,15.22,-0.0499,0.3331,-21.8061,-21.8048
wmcodec,8,chinese:SSB0005,2,2,fwp,1,,-23.2888,-22.3842,4.0969,0.9794,14.89,-0.0499,0.3331,-21.8061,-21.8048
wmcodec,8,chinese:SSB0005,2,2,dm,1,,-21.2693,-19.9049,4.2216,0.9841,16.64,-0.0499,0.3331,-21.8061,-21.8048
wmcodec,8,chinese:SSB0005,2,2,tct,1,,-22.0363,-21.8061,4.3581,0.9838,16.66,-0.0499,0.3331,-21.8061,-21.8048
wmcodec,8,chinese:SSB0005,2,2,payload_farthest,1,,-14.2648,-14.1865,4.4870,0.9915,19.73,-0.0499,0.3331,-21.8061,-21.8048
wmcodec,8,chinese:SSB0009,0,3,single_copy,0,,-0.0006,8.0645,4.6439,1.0000,145.39,-0.3506,0.4556,-13.5368,-13.5356
wmcodec,8,chinese:SSB0009,0,3,mean,1,,-17.4403,-16.8234,4.2447,0.9846,13.98,-0.3506,0.4556,-13.5368,-13.5356
wmcodec,8,chinese:SSB0009,0,3,rp,1,,-7.0190,-6.0965,3.9062,0.9768,10.91,-0.3506,0.4556,-13.5368,-13.5356
wmcodec,8,chinese:SSB0009,0,3,random_dirichlet,1,,-12.1582,-11.8613,4.1035,0.9818,12.70,-0.3506,0.4556,-13.5368,-13.5356
wmcodec,8,chinese:SSB0009,0,3,eep,1,,-20.6256,-19.9995,4.3973,0.9904,15.95,-0.3506,0.4556,-13.5368,-13.5356
wmcodec,8,chinese:SSB0009,0,3,fwp,1,,-20.5798,-20.1146,3.9610,0.9772,11.43,-0.3506,0.4556,-13.5368,-13.5356
wmcodec,8,chinese:SSB0009,0,3,dm,1,,-23.3312,-23.2862,4.1714,0.9824,13.27,-0.3506,0.4556,-13.5368,-13.5356
wmcodec,8,chinese:SSB0009,0,3,tct,1,,-14.2496,-13.5368,4.2387,0.9856,13.88,-0.3506,0.4556,-13.5368,-13.5356
wmcodec,8,chinese:SSB0009,0,3,payload_farthest,1,,-11.3115,-10.9248,3.9282,0.9784,10.72,-0.3506,0.4556,-13.5368,-13.5356
wmcodec,8,chinese:SSB0009,1,4,single_copy,1,,-2.6625,-2.5746,4.6439,1.0000,145.33,0.4559,-0.0104,-23.7405,-23.7403
wmcodec,8,chinese:SSB0009,1,4,mean,1,,-18.5339,-17.1828,4.3477,0.9858,13.17,0.4559,-0.0104,-23.7405,-23.7403
wmcodec,8,chinese:SSB0009,1,4,rp,1,,-17.0777,-16.9425,4.3739,0.9893,15.87,0.4559,-0.0104,-23.7405,-23.7403
wmcodec,8,chinese:SSB0009,1,4,random_dirichlet,1,,-29.5220,-29.1154,4.3674,0.9869,13.52,0.4559,-0.0104,-23.7405,-23.7403
wmcodec,8,chinese:SSB0009,1,4,eep,1,,-33.7705,-33.1619,4.1632,0.9786,10.45,0.4559,-0.0104,-23.7405,-23.7403
wmcodec,8,chinese:SSB0009,1,4,fwp,1,,-33.3352,-33.1811,4.4439,0.9898,14.96,0.4559,-0.0104,-23.7405,-23.7403
wmcodec,8,chinese:SSB0009,1,4,dm,1,,-19.4523,-18.9480,4.3425,0.9858,13.02,0.4559,-0.0104,-23.7405,-23.7403
wmcodec,8,chinese:SSB0009,1,4,tct,1,,-23.8224,-23.7405,4.4467,0.9901,15.23,0.4559,-0.0104,-23.7405,-23.7403
wmcodec,8,chinese:SSB0009,1,4,payload_farthest,1,,-13.3482,-12.5549,4.3932,0.9900,15.20,0.4559,-0.0104,-23.7405,-23.7403
wmcodec,8,chinese:SSB0009,2,5,single_copy,1,,-3.5807,-3.1057,4.6439,1.0000,145.19,0.5861,-0.4148,-16.3485,-16.3482
wmcodec,8,chinese:SSB0009,2,5,mean,1,,-18.3397,-17.5615,4.1231,0.9831,13.15,0.5861,-0.4148,-16.3485,-16.3482
wmcodec,8,chinese:SSB0009,2,5,rp,1,,-15.6186,-15.0515,3.8999,0.9775,10.75,0.5861,-0.4148,-16.3485,-16.3482
wmcodec,8,chinese:SSB0009,2,5,random_dirichlet,1,,-9.0419,-8.3020,4.0469,0.9810,11.79,0.5861,-0.4148,-16.3485,-16.3482
wmcodec,8,chinese:SSB0009,2,5,eep,1,,-13.6773,-13.3811,3.7629,0.9759,9.94,0.5861,-0.4148,-16.3485,-16.3482
wmcodec,8,chinese:SSB0009,2,5,fwp,1,,-28.0042,-27.2205,3.7229,0.9751,10.78,0.5861,-0.4148,-16.3485,-16.3482
wmcodec,8,chinese:SSB0009,2,5,dm,1,,-15.9313,-15.5261,4.0910,0.9821,12.97,0.5861,-0.4148,-16.3485,-16.3482
wmcodec,8,chinese:SSB0009,2,5,tct,1,,-16.3829,-16.3485,3.9867,0.9791,11.15,0.5861,-0.4148,-16.3485,-16.3482
wmcodec,8,chinese:SSB0009,2,5,payload_farthest,1,,-15.6186,-15.0515,3.8999,0.9775,10.75,0.5861,-0.4148,-16.3485,-16.3482
wmcodec,8,chinese:SSB0011,0,6,single_copy,1,,-3.9141,-3.8931,4.6439,1.0000,140.36,-0.2778,-0.8567,-4.9593,-4.9593
wmcodec,8,chinese:SSB0011,0,6,mean,1,,-17.5463,-15.5513,3.9813,0.9804,15.30,-0.2778,-0.8567,-4.9593,-4.9593
wmcodec,8,chinese:SSB0011,0,6,rp,1,,-12.1148,-11.2998,3.7809,0.9731,13.52,-0.2778,-0.8567,-4.9593,-4.9593
wmcodec,8,chinese:SSB0011,0,6,random_dirichlet,1,,-18.0968,-17.2148,3.8892,0.9777,14.29,-0.2778,-0.8567,-4.9593,-4.9593
wmcodec,8,chinese:SSB0011,0,6,eep,1,,-26.7131,-25.5034,4.2153,0.9877,18.02,-0.2778,-0.8567,-4.9593,-4.9593
wmcodec,8,chinese:SSB0011,0,6,fwp,1,,-33.3263,-32.9805,4.1701,0.9849,16.97,-0.2778,-0.8567,-4.9593,-4.9593
wmcodec,8,chinese:SSB0011,0,6,dm,1,,-26.7487,-25.6811,4.0491,0.9817,15.93,-0.2778,-0.8567,-4.9593,-4.9593
wmcodec,8,chinese:SSB0011,0,6,tct,1,,-5.8708,-4.9593,3.7614,0.9755,13.03,-0.2778,-0.8567,-4.9593,-4.9593
wmcodec,8,chinese:SSB0011,0,6,payload_farthest,1,,-14.2500,-13.4234,3.7082,0.9750,13.04,-0.2778,-0.8567,-4.9593,-4.9593
wmcodec,8,chinese:SSB0011,1,7,single_copy,1,,-7.4628,-7.4136,4.6439,1.0000,140.63,0.1129,-0.4742,-17.2800,-17.2800
wmcodec,8,chinese:SSB0011,1,7,mean,1,,-4.9207,-3.3839,4.1077,0.9795,16.66,0.1129,-0.4742,-17.2800,-17.2800
wmcodec,8,chinese:SSB0011,1,7,rp,1,,-14.1765,-12.5048,3.9024,0.9730,14.36,0.1129,-0.4742,-17.2800,-17.2800
wmcodec,8,chinese:SSB0011,1,7,random_dirichlet,1,,-19.8480,-19.1138,4.0400,0.9784,15.92,0.1129,-0.4742,-17.2800,-17.2800
wmcodec,8,chinese:SSB0011,1,7,eep,1,,-25.2763,-25.2152,3.7465,0.9712,13.50,0.1129,-0.4742,-17.2800,-17.2800
wmcodec,8,chinese:SSB0011,1,7,fwp,1,,-9.4842,-9.0295,3.8492,0.9706,14.03,0.1129,-0.4742,-17.2800,-17.2800
wmcodec,8,chinese:SSB0011,1,7,dm,1,,-12.9070,-12.1262,4.0377,0.9781,16.17,0.1129,-0.4742,-17.2800,-17.2800
wmcodec,8,chinese:SSB0011,1,7,tct,1,,-17.9042,-17.2800,3.9518,0.9743,15.28,0.1129,-0.4742,-17.2800,-17.2800
wmcodec,8,chinese:SSB0011,1,7,payload_farthest,1,,-17.2311,-15.7903,4.2834,0.9872,17.97,0.1129,-0.4742,-17.2800,-17.2800
wmcodec,8,chinese:SSB0011,2,8,single_copy,0,,-0.0221,4.6260,4.6439,1.0000,140.72,-0.0786,-0.1448,-10.6609,-10.6609
wmcodec,8,chinese:SSB0011,2,8,mean,1,,-10.3485,-6.7624,4.0981,0.9836,16.83,-0.0786,-0.1448,-10.6609,-10.6609
wmcodec,8,chinese:SSB0011,2,8,rp,1,,-32.2435,-31.5295,3.9583,0.9786,15.05,-0.0786,-0.1448,-10.6609,-10.6609
wmcodec,8,chinese:SSB0011,2,8,random_dirichlet,1,,-19.8780,-19.2219,4.0066,0.9802,16.17,-0.0786,-0.1448,-10.6609,-10.6609
wmcodec,8,chinese:SSB0011,2,8,eep,1,,-21.4275,-21.0687,4.3860,0.9905,18.89,-0.0786,-0.1448,-10.6609,-10.6609
wmcodec,8,chinese:SSB0011,2,8,fwp,1,,-21.7982,-21.1056,3.5314,0.9744,14.32,-0.0786,-0.1448,-10.6609,-10.6609
wmcodec,8,chinese:SSB0011,2,8,dm,1,,-11.9340,-8.9178,4.0632,0.9818,16.57,-0.0786,-0.1448,-10.6609,-10.6609
wmcodec,8,chinese:SSB0011,2,8,tct,1,,-10.7229,-10.6609,4.1119,0.9828,16.49,-0.0786,-0.1448,-10.6609,-10.6609
wmcodec,8,chinese:SSB0011,2,8,payload_farthest,1,,-20.4864,-20.2151,4.3260,0.9891,19.50,-0.0786,-0.1448,-10.6609,-10.6609
wmcodec,8,chinese:SSB0012,0,9,single_copy,1,,-4.5018,-3.8328,4.6439,1.0000,145.83,0.0430,0.0660,-0.7341,-0.7335
wmcodec,8,chinese:SSB0012,0,9,mean,1,,-7.8396,-5.3200,4.2925,0.9810,13.43,0.0430,0.0660,-0.7341,-0.7335
wmcodec,8,chinese:SSB0012,0,9,rp,1,,-25.6944,-25.2066,4.1642,0.9755,10.91,0.0430,0.0660,-0.7341,-0.7335
wmcodec,8,chinese:SSB0012,0,9,random_dirichlet,1,,-14.2458,-13.1213,4.2262,0.9779,12.34,0.0430,0.0660,-0.7341,-0.7335
wmcodec,8,chinese:SSB0012,0,9,eep,1,,-19.8585,-19.3057,4.4480,0.9888,16.32,0.0430,0.0660,-0.7341,-0.7335
wmcodec,8,chinese:SSB0012,0,9,fwp,1,,-20.3531,-19.6296,4.1386,0.9746,11.27,0.0430,0.0660,-0.7341,-0.7335
wmcodec,8,chinese:SSB0012,0,9,dm,1,,-5.9211,-4.3367,4.2840,0.9811,13.35,0.0430,0.0660,-0.7341,-0.7335
wmcodec,8,chinese:SSB0012,0,9,tct,1,,-2.4086,-0.7341,4.1597,0.9761,11.43,0.0430,0.0660,-0.7341,-0.7335
wmcodec,8,chinese:SSB0012,0,9,payload_farthest,1,,-26.5440,-26.5112,4.4836,0.9897,16.39,0.0430,0.0660,-0.7341,-0.7335
wmcodec,8,chinese:SSB0012,1,10,single_copy,1,,-1.2494,-0.9020,4.6439,1.0000,145.62,-0.1982,0.1697,-12.4997,-12.4997
wmcodec,8,chinese:SSB0012,1,10,mean,1,,-16.4855,-16.0834,4.2537,0.9808,12.44,-0.1982,0.1697,-12.4997,-12.4997
wmcodec,8,chinese:SSB0012,1,10,rp,1,,-13.6643,-13.4327,4.0087,0.9729,10.20,-0.1982,0.1697,-12.4997,-12.4997
wmcodec,8,chinese:SSB0012,1,10,random_dirichlet,1,,-17.0612,-16.5385,4.2198,0.9795,12.31,-0.1982,0.1697,-12.4997,-12.4997
wmcodec,8,chinese:SSB0012,1,10,eep,1,,-33.2903,-33.2069,3.9152,0.9731,10.21,-0.1982,0.1697,-12.4997,-12.4997
wmcodec,8,chinese:SSB0012,1,10,fwp,1,,-40.8109,-40.3922,4.0544,0.9741,10.24,-0.1982,0.1697,-12.4997,-12.4997
wmcodec,8,chinese:SSB0012,1,10,dm,1,,-19.1060,-18.3779,4.2907,0.9812,12.59,-0.1982,0.1697,-12.4997,-12.4997
wmcodec,8,chinese:SSB0012,1,10,tct,1,,-12.7742,-12.4997,4.0806,0.9751,10.77,-0.1982,0.1697,-12.4997,-12.4997
wmcodec,8,chinese:SSB0012,1,10,payload_farthest,1,,-17.3288,-16.8319,3.9480,0.9735,10.35,-0.1982,0.1697,-12.4997,-12.4997
wmcodec,8,chinese:SSB0012,2,11,single_copy,0,,-0.0076,5.2891,4.6439,1.0000,145.70,0.0657,0.2807,-32.9604,-32.9606
wmcodec,8,chinese:SSB0012,2,11,mean,1,,-15.1614,-14.1193,4.3451,0.9833,13.35,0.0657,0.2807,-32.9604,-32.9606
wmcodec,8,chinese:SSB0012,2,11,rp,1,,-27.5267,-27.2531,4.1935,0.9777,11.02,0.0657,0.2807,-32.9604,-32.9606
wmcodec,8,chinese:SSB0012,2,11,random_dirichlet,1,,-16.3822,-15.8945,4.2208,0.9795,11.95,0.0657,0.2807,-32.9604,-32.9606
wmcodec,8,chinese:SSB0012,2,11,eep,1,,-16.2247,-15.5523,4.1313,0.9774,11.19,0.0657,0.2807,-32.9604,-32.9606
wmcodec,8,chinese:SSB0012,2,11,fwp,1,,-24.8710,-24.7649,4.1212,0.9772,11.09,0.0657,0.2807,-32.9604,-32.9606
wmcodec,8,chinese:SSB0012,2,11,dm,1,,-17.4262,-17.0118,4.3258,0.9826,13.13,0.0657,0.2807,-32.9604,-32.9606
wmcodec,8,chinese:SSB0012,2,11,tct,1,,-33.6074,-32.9604,4.2635,0.9858,14.05,0.0657,0.2807,-32.9604,-32.9606
wmcodec,8,chinese:SSB0012,2,11,payload_farthest,1,,-10.4891,-8.5129,4.0314,0.9765,10.62,0.0657,0.2807,-32.9604,-32.9606
wmcodec,8,chinese:SSB0016,0,12,single_copy,1,,-4.4764,-4.2309,4.6439,1.0000,132.94,0.4947,-0.8285,-2.8083,-2.8083
wmcodec,8,chinese:SSB0016,0,12,mean,1,,-16.9543,-15.9764,4.0923,0.9805,15.18,0.4947,-0.8285,-2.8083,-2.8083
wmcodec,8,chinese:SSB0016,0,12,rp,1,,-16.0763,-15.9588,4.3008,0.9898,17.65,0.4947,-0.8285,-2.8083,-2.8083
wmcodec,8,chinese:SSB0016,0,12,random_dirichlet,1,,-12.0277,-12.0014,3.9348,0.9765,13.54,0.4947,-0.8285,-2.8083,-2.8083
wmcodec,8,chinese:SSB0016,0,12,eep,1,,-25.0346,-24.9318,3.8341,0.9745,12.87,0.4947,-0.8285,-2.8083,-2.8083
wmcodec,8,chinese:SSB0016,0,12,fwp,1,,-31.0126,-30.5749,3.8698,0.9719,12.92,0.4947,-0.8285,-2.8083,-2.8083
wmcodec,8,chinese:SSB0016,0,12,dm,1,,-13.9750,-12.3975,4.1010,0.9802,15.03,0.4947,-0.8285,-2.8083,-2.8083
wmcodec,8,chinese:SSB0016,0,12,tct,1,,-2.8958,-2.8083,4.0128,0.9778,14.04,0.4947,-0.8285,-2.8083,-2.8083
wmcodec,8,chinese:SSB0016,0,12,payload_farthest,1,,-26.1949,-25.0175,3.9401,0.9746,12.92,0.4947,-0.8285,-2.8083,-2.8083
wmcodec,8,chinese:SSB0016,1,13,single_copy,1,,-3.3014,-3.2342,4.6439,1.0000,132.78,-0.0104,0.7436,-12.3905,-12.3905
wmcodec,8,chinese:SSB0016,1,13,mean,1,,-16.4896,-14.7049,4.1015,0.9811,15.30,-0.0104,0.7436,-12.3905,-12.3905
wmcodec,8,chinese:SSB0016,1,13,rp,1,,-3.0038,-1.8870,3.7637,0.9716,12.43,-0.0104,0.7436,-12.3905,-12.3905
wmcodec,8,chinese:SSB0016,1,13,random_dirichlet,1,,-11.1003,-8.6925,3.9684,0.9772,14.06,-0.0104,0.7436,-12.3905,-12.3905
wmcodec,8,chinese:SSB0016,1,13,eep,1,,-17.0332,-16.2925,3.9124,0.9751,13.22,-0.0104,0.7436,-12.3905,-12.3905
wmcodec,8,chinese:SSB0016,1,13,fwp,1,,-17.0332,-16.2925,3.9124,0.9751,13.22,-0.0104,0.7436,-12.3905,-12.3905
wmcodec,8,chinese:SSB0016,1,13,dm,1,,-16.6918,-15.2648,4.0317,0.9794,14.77,-0.0104,0.7436,-12.3905,-12.3905
wmcodec,8,chinese:SSB0016,1,13,tct,1,,-13.7316,-12.3905,3.9362,0.9757,13.24,-0.0104,0.7436,-12.3905,-12.3905
wmcodec,8,chinese:SSB0016,1,13,payload_farthest,1,,-24.4679,-22.6856,4.3073,0.9892,17.51,-0.0104,0.7436,-12.3905,-12.3905
wmcodec,8,chinese:SSB0016,2,14,single_copy,0,,-0.3528,1.4590,4.6439,1.0000,133.10,-0.1928,0.1821,-16.3175,-16.3178
wmcodec,8,chinese:SSB0016,2,14,mean,1,,-18.4462,-17.6386,4.2929,0.9844,15.46,-0.1928,0.1821,-16.3175,-16.3178
wmcodec,8,chinese:SSB0016,2,14,rp,1,,-30.2121,-29.9639,4.0635,0.9776,13.34,-0.1928,0.1821,-16.3175,-16.3178
wmcodec,8,chinese:SSB0016,2,14,random_dirichlet,1,,-23.8552,-23.6728,4.0943,0.9795,13.60,-0.1928,0.1821,-16.3175,-16.3178
wmcodec,8,chinese:SSB0016,2,14,eep,1,,-21.0048,-20.3991,4.1046,0.9760,12.87,-0.1928,0.1821,-16.3175,-16.3178
wmcodec,8,chinese:SSB0016,2,14,fwp,1,,-30.2121,-29.9639,4.0635,0.9776,13.34,-0.1928,0.1821,-16.3175,-16.3178
wmcodec,8,chinese:SSB0016,2,14,dm,1,,-23.8952,-23.1371,4.2275,0.9817,14.75,-0.1928,0.1821,-16.3175,-16.3178
wmcodec,8,chinese:SSB0016,2,14,tct,1,,-17.7141,-16.3175,4.1725,0.9842,15.31,-0.1928,0.1821,-16.3175,-16.3178
wmcodec,8,chinese:SSB0016,2,14,payload_farthest,1,,-26.8450,-26.6467,4.3607,0.9894,17.45,-0.1928,0.1821,-16.3175,-16.3178
wmcodec,8,chinese:SSB0018,0,15,single_copy,1,,-7.6713,-7.6688,4.6439,1.0000,144.23,-0.1248,-0.2101,-21.2239,-21.2239
wmcodec,8,chinese:SSB0018,0,15,mean,1,,-9.3148,-8.7057,4.3964,0.9877,15.59,-0.1248,-0.2101,-21.2239,-21.2239
wmcodec,8,chinese:SSB0018,0,15,rp,1,,-14.2696,-12.9618,4.2222,0.9803,13.50,-0.1248,-0.2101,-21.2239,-21.2239
wmcodec,8,chinese:SSB0018,0,15,random_dirichlet,1,,-9.4793,-7.6037,4.3106,0.9852,14.32,-0.1248,-0.2101,-21.2239,-21.2239
wmcodec,8,chinese:SSB0018,0,15,eep,1,,-13.2949,-13.0329,4.1125,0.9806,12.24,-0.1248,-0.2101,-21.2239,-21.2239
wmcodec,8,chinese:SSB0018,0,15,fwp,1,,-20.4286,-18.9851,4.1713,0.9804,13.43,-0.1248,-0.2101,-21.2239,-21.2239
wmcodec,8,chinese:SSB0018,0,15,dm,1,,-17.2326,-17.0163,4.3115,0.9848,14.60,-0.1248,-0.2101,-21.2239,-21.2239
wmcodec,8,chinese:SSB0018,0,15,tct,1,,-22.3222,-21.2239,4.2970,0.9854,14.31,-0.1248,-0.2101,-21.2239,-21.2239
wmcodec,8,chinese:SSB0018,0,15,payload_farthest,1,,-16.0405,-15.2466,4.2064,0.9813,12.43,-0.1248,-0.2101,-21.2239,-21.2239
wmcodec,8,chinese:SSB0018,1,16,single_copy,1,,-4.7887,-4.6207,4.6439,1.0000,144.13,-0.1605,-0.2598,-18.9938,-18.9934
wmcodec,8,chinese:SSB0018,1,16,mean,1,,-10.8200,-10.0086,4.3242,0.9843,15.08,-0.1605,-0.2598,-18.9938,-18.9934
wmcodec,8,chinese:SSB0018,1,16,rp,1,,-32.5797,-32.5739,4.1329,0.9795,12.97,-0.1605,-0.2598,-18.9938,-18.9934
wmcodec,8,chinese:SSB0018,1,16,random_dirichlet,1,,-4.5441,-4.3140,4.2171,0.9811,13.78,-0.1605,-0.2598,-18.9938,-18.9934
wmcodec,8,chinese:SSB0018,1,16,eep,1,,-17.3172,-16.4484,4.4377,0.9893,17.03,-0.1605,-0.2598,-18.9938,-18.9934
wmcodec,8,chinese:SSB0018,1,16,fwp,1,,-17.6218,-17.0689,4.0774,0.9742,12.67,-0.1605,-0.2598,-18.9938,-18.9934
wmcodec,8,chinese:SSB0018,1,16,dm,1,,-12.9432,-12.6276,4.2872,0.9820,14.62,-0.1605,-0.2598,-18.9938,-18.9934
wmcodec,8,chinese:SSB0018,1,16,tct,1,,-19.0042,-18.9938,4.2943,0.9855,14.15,-0.1605,-0.2598,-18.9938,-18.9934
wmcodec,8,chinese:SSB0018,1,16,payload_farthest,1,,-16.7530,-16.5631,4.1858,0.9799,12.12,-0.1605,-0.2598,-18.9938,-18.9934
wmcodec,8,chinese:SSB0018,2,17,single_copy,0,,-0.0008,7.8601,4.6439,1.0000,144.16,0.3333,0.6688,-8.5949,-8.5945
wmcodec,8,chinese:SSB0018,2,17,mean,1,,-20.6440,-18.9536,4.3521,0.9844,12.63,0.3333,0.6688,-8.5949,-8.5945
wmcodec,8,chinese:SSB0018,2,17,rp,1,,-18.5707,-18.5246,4.1140,0.9807,10.27,0.3333,0.6688,-8.5949,-8.5945
wmcodec,8,chinese:SSB0018,2,17,random_dirichlet,0,,-0.3271,1.0088,4.2583,0.9802,10.74,0.3333,0.6688,-8.5949,-8.5945
wmcodec,8,chinese:SSB0018,2,17,eep,1,,-13.6511,-13.1492,4.1298,0.9759,9.65,0.3333,0.6688,-8.5949,-8.5945
wmcodec,8,chinese:SSB0018,2,17,fwp,1,,-6.8418,-5.4600,4.3978,0.9852,14.53,0.3333,0.6688,-8.5949,-8.5945
wmcodec,8,chinese:SSB0018,2,17,dm,1,,-16.1845,-14.3852,4.4189,0.9862,13.85,0.3333,0.6688,-8.5949,-8.5945
wmcodec,8,chinese:SSB0018,2,17,tct,1,,-8.7932,-8.5949,4.3436,0.9823,12.00,0.3333,0.6688,-8.5949,-8.5945
wmcodec,8,chinese:SSB0018,2,17,payload_farthest,1,,-34.6529,-34.2668,4.1259,0.9781,10.68,0.3333,0.6688,-8.5949,-8.5945
wmcodec,8,chinese:SSB0033,0,18,single_copy,1,,-8.1978,-8.1901,4.6439,1.0000,147.90,-0.0028,-0.5147,-10.2951,-10.2953
wmcodec,8,chinese:SSB0033,0,18,mean,1,,-21.0473,-20.4573,4.3343,0.9881,19.57,-0.0028,-0.5147,-10.2951,-10.2953
wmcodec,8,chinese:SSB0033,0,18,rp,1,,-29.0321,-29.0008,4.1151,0.9810,16.48,-0.0028,-0.5147,-10.2951,-10.2953
wmcodec,8,chinese:SSB0033,0,18,random_dirichlet,1,,-15.0095,-14.1028,4.3382,0.9879,19.60,-0.0028,-0.5147,-10.2951,-10.2953
wmcodec,8,chinese:SSB0033,0,18,eep,1,,-12.1049,-10.3614,4.3973,0.9913,21.43,-0.0028,-0.5147,-10.2951,-10.2953
wmcodec,8,chinese:SSB0033,0,18,fwp,1,,-28.2508,-26.7435,4.1421,0.9816,17.30,-0.0028,-0.5147,-10.2951,-10.2953
wmcodec,8,chinese:SSB0033,0,18,dm,1,,-21.0580,-20.0825,4.3265,0.9878,19.51,-0.0028,-0.5147,-10.2951,-10.2953
wmcodec,8,chinese:SSB0033,0,18,tct,1,,-10.3005,-10.2951,4.2382,0.9859,17.99,-0.0028,-0.5147,-10.2951,-10.2953
wmcodec,8,chinese:SSB0033,0,18,payload_farthest,1,,-18.4614,-18.4067,4.4457,0.9928,22.49,-0.0028,-0.5147,-10.2951,-10.2953
wmcodec,8,chinese:SSB0033,1,19,single_copy,0,,-0.0003,9.2313,4.6439,1.0000,147.88,0.1141,-0.5915,-0.8253,-0.8251
wmcodec,8,chinese:SSB0033,1,19,mean,1,,-15.6822,-14.0513,4.3540,0.9864,19.56,0.1141,-0.5915,-0.8253,-0.8251
wmcodec,8,chinese:SSB0033,1,19,rp,1,,-22.6268,-22.4609,4.0983,0.9822,17.39,0.1141,-0.5915,-0.8253,-0.8251
wmcodec,8,chinese:SSB0033,1,19,random_dirichlet,1,,-11.6998,-8.6311,4.3107,0.9861,19.23,0.1141,-0.5915,-0.8253,-0.8251
wmcodec,8,chinese:SSB0033,1,19,eep,1,,-12.8742,-12.4547,4.1302,0.9813,17.37,0.1141,-0.5915,-0.8253,-0.8251
wmcodec,8,chinese:SSB0033,1,19,fwp,1,,-31.1601,-30.8090,4.0833,0.9811,17.15,0.1141,-0.5915,-0.8253,-0.8251
wmcodec,8,chinese:SSB0033,1,19,dm,1,,-17.9731,-16.4822,4.3468,0.9859,19.38,0.1141,-0.5915,-0.8253,-0.8251
wmcodec,8,chinese:SSB0033,1,19,tct,1,,-1.7787,-0.8253,4.3594,0.9899,20.59,0.1141,-0.5915,-0.8253,-0.8251
wmcodec,8,chinese:SSB0033,1,19,payload_farthest,1,,-25.5947,-25.1329,4.0926,0.9811,17.42,0.1141,-0.5915,-0.8253,-0.8251
wmcodec,8,chinese:SSB0033,2,20,single_copy,1,,-5.4847,-5.4396,4.6439,1.0000,147.94,0.1092,-0.4782,-18.6383,-18.6383
wmcodec,8,chinese:SSB0033,2,20,mean,1,,-20.2392,-20.1810,4.3238,0.9878,19.73,0.1092,-0.4782,-18.6383,-18.6383
wmcodec,8,chinese:SSB0033,2,20,rp,1,,-16.1601,-16.1565,4.3595,0.9842,18.14,0.1092,-0.4782,-18.6383,-18.6383
wmcodec,8,chinese:SSB0033,2,20,random_dirichlet,1,,-15.4146,-15.0690,4.3565,0.9860,18.99,0.1092,-0.4782,-18.6383,-18.6383
wmcodec,8,chinese:SSB0033,2,20,eep,1,,-17.8132,-16.5720,4.2256,0.9833,17.44,0.1092,-0.4782,-18.6383,-18.6383
wmcodec,8,chinese:SSB0033,2,20,fwp,1,,-22.8132,-21.8926,4.1282,0.9819,17.24,0.1092,-0.4782,-18.6383,-18.6383
wmcodec,8,chinese:SSB0033,2,20,dm,1,,-21.9855,-21.9612,4.3019,0.9873,19.56,0.1092,-0.4782,-18.6383,-18.6383
wmcodec,8,chinese:SSB0033,2,20,tct,1,,-18.7457,-18.6383,4.3694,0.9854,18.71,0.1092,-0.4782,-18.6383,-18.6383
wmcodec,8,chinese:SSB0033,2,20,payload_farthest,1,,-11.3823,-8.7222,4.3867,0.9917,21.49,0.1092,-0.4782,-18.6383,-18.6383
wmcodec,8,chinese:SSB0038,0,21,single_copy,1,,-4.7602,-4.5065,4.6439,1.0000,142.86,0.2660,0.4163,-16.5385,-16.5384
wmcodec,8,chinese:SSB0038,0,21,mean,1,,-17.7943,-17.1120,4.3597,0.9870,16.12,0.2660,0.4163,-16.5385,-16.5384
wmcodec,8,chinese:SSB0038,0,21,rp,1,,-18.3763,-18.3693,4.4743,0.9926,19.52,0.2660,0.4163,-16.5385,-16.5384
wmcodec,8,chinese:SSB0038,0,21,random_dirichlet,1,,-17.3998,-16.2057,4.3302,0.9862,15.86,0.2660,0.4163,-16.5385,-16.5384
wmcodec,8,chinese:SSB0038,0,21,eep,1,,-21.6268,-20.6235,4.1757,0.9826,14.01,0.2660,0.4163,-16.5385,-16.5384
wmcodec,8,chinese:SSB0038,0,21,fwp,1,,-18.2888,-18.2322,4.1356,0.9806,13.46,0.2660,0.4163,-16.5385,-16.5384
wmcodec,8,chinese:SSB0038,0,21,dm,1,,-13.3867,-12.9058,4.3615,0.9866,15.94,0.2660,0.4163,-16.5385,-16.5384
wmcodec,8,chinese:SSB0038,0,21,tct,1,,-17.3127,-16.5385,4.2643,0.9843,14.30,0.2660,0.4163,-16.5385,-16.5384
wmcodec,8,chinese:SSB0038,0,21,payload_farthest,1,,-1.5772,-1.3119,4.2192,0.9813,13.61,0.2660,0.4163,-16.5385,-16.5384
wmcodec,8,chinese:SSB0038,1,22,single_copy,1,,-3.9557,-3.9326,4.6439,1.0000,142.80,-0.0432,0.0602,-9.6792,-9.6789
wmcodec,8,chinese:SSB0038,1,22,mean,1,,-10.4747,-8.5970,4.3393,0.9884,16.02,-0.0432,0.0602,-9.6792,-9.6789
wmcodec,8,chinese:SSB0038,1,22,rp,1,,-24.1212,-23.9954,4.1182,0.9825,13.87,-0.0432,0.0602,-9.6792,-9.6789
wmcodec,8,chinese:SSB0038,1,22,random_dirichlet,1,,-19.8667,-19.0885,4.4150,0.9905,17.08,-0.0432,0.0602,-9.6792,-9.6789
wmcodec,8,chinese:SSB0038,1,22,eep,1,,-28.4239,-27.9040,4.4420,0.9909,18.38,-0.0432,0.0602,-9.6792,-9.6789
wmcodec,8,chinese:SSB0038,1,22,fwp,1,,-24.1212,-23.9954,4.1182,0.9825,13.87,-0.0432,0.0602,-9.6792,-9.6789
wmcodec,8,chinese:SSB0038,1,22,dm,1,,-14.3868,-12.0153,4.3323,0.9883,16.13,-0.0432,0.0602,-9.6792,-9.6789
wmcodec,8,chinese:SSB0038,1,22,tct,1,,-11.0958,-9.6792,4.2104,0.9843,14.19,-0.0432,0.0602,-9.6792,-9.6789
wmcodec,8,chinese:SSB0038,1,22,payload_farthest,1,,-13.5908,-12.6947,4.4663,0.9928,18.99,-0.0432,0.0602,-9.6792,-9.6789
wmcodec,8,chinese:SSB0038,2,23,single_copy,0,,-0.0106,4.5510,4.6439,1.0000,142.93,-0.0100,-0.3499,3.9593,3.9593
wmcodec,8,chinese:SSB0038,2,23,mean,1,,-12.9134,-11.8467,4.4170,0.9869,16.31,-0.0100,-0.3499,3.9593,3.9593
wmcodec,8,chinese:SSB0038,2,23,rp,1,,-6.5545,-5.7098,4.4512,0.9908,18.54,-0.0100,-0.3499,3.9593,3.9593
wmcodec,8,chinese:SSB0038,2,23,random_dirichlet,1,,-18.9970,-17.8009,4.3226,0.9851,15.56,-0.0100,-0.3499,3.9593,3.9593
wmcodec,8,chinese:SSB0038,2,23,eep,1,,-26.7383,-25.6214,4.2601,0.9819,14.10,-0.0100,-0.3499,3.9593,3.9593
wmcodec,8,chinese:SSB0038,2,23,fwp,1,,-27.0445,-25.7939,4.2277,0.9820,14.22,-0.0100,-0.3499,3.9593,3.9593
wmcodec,8,chinese:SSB0038,2,23,dm,1,,-7.4867,-7.2732,4.4091,0.9864,16.25,-0.0100,-0.3499,3.9593,3.9593
wmcodec,8,chinese:SSB0038,2,23,tct,0,,-0.0392,3.9593,4.2447,0.9838,13.82,-0.0100,-0.3499,3.9593,3.9593
wmcodec,8,chinese:SSB0038,2,23,payload_farthest,1,,-19.5932,-18.6700,4.4520,0.9907,18.96,-0.0100,-0.3499,3.9593,3.9593
wmcodec,8,chinese:SSB0043,0,24,single_copy,1,,-3.3404,-3.2156,4.6439,1.0000,138.41,0.3779,-0.2791,-17.1465,-17.1462
wmcodec,8,chinese:SSB0043,0,24,mean,1,,-10.6377,-10.0453,3.9697,0.9769,15.65,0.3779,-0.2791,-17.1465,-17.1462
wmcodec,8,chinese:SSB0043,0,24,rp,1,,-11.2543,-10.7065,3.6725,0.9682,13.39,0.3779,-0.2791,-17.1465,-17.1462
wmcodec,8,chinese:SSB0043,0,24,random_dirichlet,1,,-7.7356,-6.9288,3.9497,0.9794,15.94,0.3779,-0.2791,-17.1465,-17.1462
wmcodec,8,chinese:SSB0043,0,24,eep,1,,-25.3015,-25.0079,3.7011,0.9664,14.07,0.3779,-0.2791,-17.1465,-17.1462
wmcodec,8,chinese:SSB0043,0,24,fwp,1,,-25.3015,-25.0079,3.7011,0.9664,14.07,0.3779,-0.2791,-17.1465,-17.1462
wmcodec,8,chinese:SSB0043,0,24,dm,1,,-14.1628,-12.1144,3.9131,0.9742,15.20,0.3779,-0.2791,-17.1465,-17.1462
wmcodec,8,chinese:SSB0043,0,24,tct,1,,-18.0987,-17.1465,3.7667,0.9705,14.50,0.3779,-0.2791,-17.1465,-17.1462
wmcodec,8,chinese:SSB0043,0,24,payload_farthest,1,,-21.1294,-20.9126,3.4637,0.9651,12.77,0.3779,-0.2791,-17.1465,-17.1462
wmcodec,8,chinese:SSB0043,1,25,single_copy,1,,-11.9761,-11.9712,4.6439,1.0000,138.34,-0.2158,0.3041,-25.4611,-25.4611
wmcodec,8,chinese:SSB0043,1,25,mean,1,,-29.1780,-28.3563,4.1868,0.9772,15.73,-0.2158,0.3041,-25.4611,-25.4611
wmcodec,8,chinese:SSB0043,1,25,rp,1,,-32.8845,-32.8698,3.8473,0.9688,12.17,-0.2158,0.3041,-25.4611,-25.4611
wmcodec,8,chinese:SSB0043,1,25,random_dirichlet,1,,-21.0024,-20.2079,4.1001,0.9730,14.64,-0.2158,0.3041,-25.4611,-25.4611
wmcodec,8,chinese:SSB0043,1,25,eep,1,,-34.2703,-33.9506,3.9417,0.9676,13.20,-0.2158,0.3041,-25.4611,-25.4611
wmcodec,8,chinese:SSB0043,1,25,fwp,1,,-22.9872,-22.5419,3.8985,0.9671,13.14,-0.2158,0.3041,-25.4611,-25.4611
wmcodec,8,chinese:SSB0043,1,25,dm,1,,-21.0598,-20.0276,4.1582,0.9746,14.91,-0.2158,0.3041,-25.4611,-25.4611
wmcodec,8,chinese:SSB0043,1,25,tct,1,,-26.1427,-25.4611,4.1246,0.9760,15.32,-0.2158,0.3041,-25.4611,-25.4611
wmcodec,8,chinese:SSB0043,1,25,payload_farthest,1,,-23.5827,-22.8727,4.3101,0.9862,18.32,-0.2158,0.3041,-25.4611,-25.4611
wmcodec,8,chinese:SSB0043,2,26,single_copy,0,,-0.0309,4.1409,4.6439,1.0000,138.47,-0.0813,-0.5904,-16.1771,-16.1767
wmcodec,8,chinese:SSB0043,2,26,mean,1,,-12.5066,-12.0175,4.0157,0.9756,15.30,-0.0813,-0.5904,-16.1771,-16.1767
wmcodec,8,chinese:SSB0043,2,26,rp,1,,-16.5721,-15.8038,3.7333,0.9670,13.26,-0.0813,-0.5904,-16.1771,-16.1767
wmcodec,8,chinese:SSB0043,2,26,random_dirichlet,0,,-0.0102,4.6092,3.7126,0.9667,12.92,-0.0813,-0.5904,-16.1771,-16.1767
wmcodec,8,chinese:SSB0043,2,26,eep,1,,-33.0289,-32.5137,3.5712,0.9593,12.85,-0.0813,-0.5904,-16.1771,-16.1767
wmcodec,8,chinese:SSB0043,2,26,fwp,1,,-27.0893,-27.0164,3.5086,0.9583,13.09,-0.0813,-0.5904,-16.1771,-16.1767
wmcodec,8,chinese:SSB0043,2,26,dm,1,,-9.7096,-9.1549,3.9992,0.9751,15.54,-0.0813,-0.5904,-16.1771,-16.1767
wmcodec,8,chinese:SSB0043,2,26,tct,1,,-16.8158,-16.1771,3.7774,0.9669,14.13,-0.0813,-0.5904,-16.1771,-16.1767
wmcodec,8,chinese:SSB0043,2,26,payload_farthest,1,,-15.2497,-14.8641,3.7674,0.9655,12.99,-0.0813,-0.5904,-16.1771,-16.1767
wmcodec,8,chinese:SSB0057,0,27,single_copy,0,,-0.0034,5.7303,4.6439,1.0000,147.52,0.1158,-0.3407,-12.6943,-12.6944
wmcodec,8,chinese:SSB0057,0,27,mean,1,,-8.1437,-7.5393,4.3227,0.9830,15.71,0.1158,-0.3407,-12.6943,-12.6944
wmcodec,8,chinese:SSB0057,0,27,rp,1,,-35.3097,-34.7467,4.4349,0.9908,18.54,0.1158,-0.3407,-12.6943,-12.6944
wmcodec,8,chinese:SSB0057,0,27,random_dirichlet,1,,-15.7319,-15.1552,4.3443,0.9844,16.12,0.1158,-0.3407,-12.6943,-12.6944
wmcodec,8,chinese:SSB0057,0,27,eep,1,,-35.3097,-34.7467,4.4349,0.9908,18.54,0.1158,-0.3407,-12.6943,-12.6944
wmcodec,8,chinese:SSB0057,0,27,fwp,1,,-27.2750,-26.6605,4.1936,0.9784,13.58,0.1158,-0.3407,-12.6943,-12.6944
wmcodec,8,chinese:SSB0057,0,27,dm,1,,-2.1218,-0.7205,4.3329,0.9830,15.68,0.1158,-0.3407,-12.6943,-12.6944
wmcodec,8,chinese:SSB0057,0,27,tct,1,,-12.8140,-12.6943,4.2920,0.9810,14.96,0.1158,-0.3407,-12.6943,-12.6944
wmcodec,8,chinese:SSB0057,0,27,payload_farthest,1,,-9.2038,-8.6724,4.1987,0.9779,12.89,0.1158,-0.3407,-12.6943,-12.6944
wmcodec,8,chinese:SSB0057,1,28,single_copy,1,,-6.3912,-6.3888,4.6439,1.0000,147.31,0.0271,0.3074,-21.2828,-21.2828
wmcodec,8,chinese:SSB0057,1,28,mean,1,,-19.6200,-17.3968,4.2755,0.9854,15.22,0.0271,0.3074,-21.2828,-21.2828
wmcodec,8,chinese:SSB0057,1,28,rp,1,,-23.1921,-22.0742,4.3234,0.9906,17.09,0.0271,0.3074,-21.2828,-21.2828
wmcodec,8,chinese:SSB0057,1,28,random_dirichlet,1,,-17.3204,-16.1384,4.0797,0.9821,13.53,0.0271,0.3074,-21.2828,-21.2828
wmcodec,8,chinese:SSB0057,1,28,eep,1,,-9.7225,-9.3233,4.0845,0.9808,12.89,0.0271,0.3074,-21.2828,-21.2828
wmcodec,8,chinese:SSB0057,1,28,fwp,1,,-8.3418,-7.2059,4.0372,0.9801,12.35,0.0271,0.3074,-21.2828,-21.2828
wmcodec,8,chinese:SSB0057,1,28,dm,1,,-23.5849,-21.5200,4.2050,0.9845,14.69,0.0271,0.3074,-21.2828,-21.2828
wmcodec,8,chinese:SSB0057,1,28,tct,1,,-21.3310,-21.2828,4.0267,0.9817,13.36,0.0271,0.3074,-21.2828,-21.2828
wmcodec,8,chinese:SSB0057,1,28,payload_farthest,1,,-23.1921,-22.0742,4.3234,0.9906,17.09,0.0271,0.3074,-21.2828,-21.2828
wmcodec,8,chinese:SSB0057,2,29,single_copy,1,,-2.8514,-2.6975,4.6439,1.0000,147.37,-0.0369,0.1923,-10.6233,-10.6231
wmcodec,8,chinese:SSB0057,2,29,mean,1,,-4.2159,-2.9108,4.3449,0.9854,16.28,-0.0369,0.1923,-10.6233,-10.6231
wmcodec,8,chinese:SSB0057,2,29,rp,1,,-8.8205,-7.4685,4.1446,0.9791,13.42,-0.0369,0.1923,-10.6233,-10.6231
wmcodec,8,chinese:SSB0057,2,29,random_dirichlet,1,,-12.3468,-11.2486,4.2517,0.9828,14.43,-0.0369,0.1923,-10.6233,-10.6231
wmcodec,8,chinese:SSB0057,2,29,eep,1,,-15.2337,-13.7076,4.1697,0.9799,13.13,-0.0369,0.1923,-10.6233,-10.6231
wmcodec,8,chinese:SSB0057,2,29,fwp,1,,-25.8917,-24.6362,4.1327,0.9768,13.84,-0.0369,0.1923,-10.6233,-10.6231
wmcodec,8,chinese:SSB0057,2,29,dm,1,,-10.0901,-7.9168,4.2434,0.9816,14.92,-0.0369,0.1923,-10.6233,-10.6231
wmcodec,8,chinese:SSB0057,2,29,tct,1,,-13.2572,-10.6233,4.4313,0.9911,19.40,-0.0369,0.1923,-10.6233,-10.6231
wmcodec,8,chinese:SSB0057,2,29,payload_farthest,1,,-18.2034,-17.6684,4.4335,0.9913,17.71,-0.0369,0.1923,-10.6233,-10.6231
wmcodec,8,chinese:SSB0073,0,30,single_copy,0,,-0.0009,7.4227,4.6439,1.0000,144.42,-0.2019,-0.4896,0.7810,0.7807
wmcodec,8,chinese:SSB0073,0,30,mean,1,,-18.3425,-16.5633,4.2420,0.9826,15.40,-0.2019,-0.4896,0.7810,0.7807
wmcodec,8,chinese:SSB0073,0,30,rp,1,,-15.3636,-14.7623,3.9747,0.9770,12.50,-0.2019,-0.4896,0.7810,0.7807
wmcodec,8,chinese:SSB0073,0,30,random_dirichlet,1,,-18.5843,-18.3337,4.2222,0.9837,14.84,-0.2019,-0.4896,0.7810,0.7807
wmcodec,8,chinese:SSB0073,0,30,eep,1,,-20.7137,-20.6496,4.0048,0.9786,13.07,-0.2019,-0.4896,0.7810,0.7807
wmcodec,8,chinese:SSB0073,0,30,fwp,1,,-20.1581,-19.9026,4.0024,0.9789,12.37,-0.2019,-0.4896,0.7810,0.7807
wmcodec,8,chinese:SSB0073,0,30,dm,1,,-19.6766,-18.4654,4.1875,0.9815,14.50,-0.2019,-0.4896,0.7810,0.7807
wmcodec,8,chinese:SSB0073,0,30,tct,0,,-0.8053,0.7810,4.0298,0.9767,13.00,-0.2019,-0.4896,0.7810,0.7807
wmcodec,8,chinese:SSB0073,0,30,payload_farthest,1,,-32.2452,-31.7417,4.0111,0.9751,13.07,-0.2019,-0.4896,0.7810,0.7807
wmcodec,8,chinese:SSB0073,1,31,single_copy,0,,-0.0803,2.6455,4.6439,1.0000,144.30,-0.1311,-0.6171,-22.8313,-22.8298
wmcodec,8,chinese:SSB0073,1,31,mean,1,,-9.3016,-8.0301,4.2792,0.9819,14.60,-0.1311,-0.6171,-22.8313,-22.8298
wmcodec,8,chinese:SSB0073,1,31,rp,1,,-20.7156,-18.3303,4.3506,0.9882,16.39,-0.1311,-0.6171,-22.8313,-22.8298
wmcodec,8,chinese:SSB0073,1,31,random_dirichlet,1,,-11.2973,-10.6383,4.3291,0.9846,14.85,-0.1311,-0.6171,-22.8313,-22.8298
wmcodec,8,chinese:SSB0073,1,31,eep,1,,-15.6420,-15.1997,4.0841,0.9761,12.41,-0.1311,-0.6171,-22.8313,-22.8298
wmcodec,8,chinese:SSB0073,1,31,fwp,1,,-13.4210,-12.7471,3.9800,0.9757,12.02,-0.1311,-0.6171,-22.8313,-22.8298
wmcodec,8,chinese:SSB0073,1,31,dm,1,,-16.8751,-16.6929,4.2388,0.9803,14.18,-0.1311,-0.6171,-22.8313,-22.8298
wmcodec,8,chinese:SSB0073,1,31,tct,1,,-23.1251,-22.8313,4.2121,0.9827,14.18,-0.1311,-0.6171,-22.8313,-22.8298
wmcodec,8,chinese:SSB0073,1,31,payload_farthest,1,,-18.9177,-18.5304,4.0002,0.9768,12.32,-0.1311,-0.6171,-22.8313,-22.8298
wmcodec,8,chinese:SSB0073,2,32,single_copy,1,,-7.2528,-7.2412,4.6439,1.0000,144.09,-0.1730,0.2943,-13.5880,-13.5872
wmcodec,8,chinese:SSB0073,2,32,mean,1,,-13.4337,-11.5184,4.2042,0.9823,15.15,-0.1730,0.2943,-13.5880,-13.5872
wmcodec,8,chinese:SSB0073,2,32,rp,1,,-18.5014,-17.8812,4.3850,0.9883,16.88,-0.1730,0.2943,-13.5880,-13.5872
wmcodec,8,chinese:SSB0073,2,32,random_dirichlet,1,,-16.6995,-16.1232,4.1615,0.9810,14.51,-0.1730,0.2943,-13.5880,-13.5872
wmcodec,8,chinese:SSB0073,2,32,eep,1,,-18.0266,-17.4965,4.3471,0.9889,16.84,-0.1730,0.2943,-13.5880,-13.5872
wmcodec,8,chinese:SSB0073,2,32,fwp,1,,-19.8066,-18.9880,4.0107,0.9767,12.76,-0.1730,0.2943,-13.5880,-13.5872
wmcodec,8,chinese:SSB0073,2,32,dm,1,,-12.6002,-10.3852,4.1040,0.9791,13.89,-0.1730,0.2943,-13.5880,-13.5872
wmcodec,8,chinese:SSB0073,2,32,tct,1,,-13.8466,-13.5880,4.3319,0.9876,16.98,-0.1730,0.2943,-13.5880,-13.5872
wmcodec,8,chinese:SSB0073,2,32,payload_farthest,1,,-6.8315,-5.3814,4.0354,0.9774,12.94,-0.1730,0.2943,-13.5880,-13.5872
wmcodec,8,chinese:SSB0080,0,33,single_copy,1,,-10.0162,-10.0083,4.6439,1.0000,140.64,0.1835,0.6180,-21.9754,-21.9754
wmcodec,8,chinese:SSB0080,0,33,mean,1,,-19.5527,-17.6398,4.2724,0.9828,15.39,0.1835,0.6180,-21.9754,-21.9754
wmcodec,8,chinese:SSB0080,0,33,rp,1,,-16.6157,-16.3381,4.0473,0.9762,13.16,0.1835,0.6180,-21.9754,-21.9754
wmcodec,8,chinese:SSB0080,0,33,random_dirichlet,1,,-34.3749,-34.3625,4.2249,0.9821,15.06,0.1835,0.6180,-21.9754,-21.9754
wmcodec,8,chinese:SSB0080,0,33,eep,1,,-28.3624,-28.3112,4.1524,0.9751,13.36,0.1835,0.6180,-21.9754,-21.9754
wmcodec,8,chinese:SSB0080,0,33,fwp,1,,-22.1755,-21.9021,4.1762,0.9750,13.20,0.1835,0.6180,-21.9754,-21.9754
wmcodec,8,chinese:SSB0080,0,33,dm,1,,-17.6131,-15.3328,4.2927,0.9829,15.51,0.1835,0.6180,-21.9754,-21.9754
wmcodec,8,chinese:SSB0080,0,33,tct,1,,-22.1562,-21.9754,4.1666,0.9774,13.55,0.1835,0.6180,-21.9754,-21.9754
wmcodec,8,chinese:SSB0080,0,33,payload_farthest,1,,-28.3624,-28.3112,4.1524,0.9751,13.36,0.1835,0.6180,-21.9754,-21.9754
wmcodec,8,chinese:SSB0080,1,34,single_copy,1,,-9.2642,-9.2615,4.6439,1.0000,140.75,-0.0183,-0.1286,-24.7997,-24.8003
wmcodec,8,chinese:SSB0080,1,34,mean,1,,-28.6397,-26.9715,4.3503,0.9825,16.13,-0.0183,-0.1286,-24.7997,-24.8003
wmcodec,8,chinese:SSB0080,1,34,rp,1,,-22.8318,-22.4247,4.1942,0.9736,13.52,-0.0183,-0.1286,-24.7997,-24.8003
wmcodec,8,chinese:SSB0080,1,34,random_dirichlet,1,,-6.4961,-6.3030,4.2469,0.9792,14.96,-0.0183,-0.1286,-24.7997,-24.8003
wmcodec,8,chinese:SSB0080,1,34,eep,1,,-18.8884,-18.0879,4.1766,0.9731,13.27,-0.0183,-0.1286,-24.7997,-24.8003
wmcodec,8,chinese:SSB0080,1,34,fwp,1,,-29.7263,-28.6511,4.1983,0.9738,13.54,-0.0183,-0.1286,-24.7997,-24.8003
wmcodec,8,chinese:SSB0080,1,34,dm,1,,-29.0566,-27.9013,4.3223,0.9812,15.60,-0.0183,-0.1286,-24.7997,-24.8003
wmcodec,8,chinese:SSB0080,1,34,tct,1,,-25.5116,-24.7997,4.1763,0.9750,13.73,-0.0183,-0.1286,-24.7997,-24.8003
wmcodec,8,chinese:SSB0080,1,34,payload_farthest,1,,-20.8953,-19.4824,4.4660,0.9887,18.12,-0.0183,-0.1286,-24.7997,-24.8003
wmcodec,8,chinese:SSB0080,2,35,single_copy,0,,-0.0001,10.1242,4.6439,1.0000,140.42,0.2046,-0.3009,-21.2369,-21.2369
wmcodec,8,chinese:SSB0080,2,35,mean,1,,-7.1295,-6.5763,4.3160,0.9832,16.19,0.2046,-0.3009,-21.2369,-21.2369
wmcodec,8,chinese:SSB0080,2,35,rp,1,,-19.6596,-19.3625,4.1805,0.9753,13.73,0.2046,-0.3009,-21.2369,-21.2369
wmcodec,8,chinese:SSB0080,2,35,random_dirichlet,1,,-13.2794,-11.9679,4.2242,0.9785,14.85,0.2046,-0.3009,-21.2369,-21.2369
wmcodec,8,chinese:SSB0080,2,35,eep,1,,-4.0329,-3.6665,4.4745,0.9883,18.47,0.2046,-0.3009,-21.2369,-21.2369
wmcodec,8,chinese:SSB0080,2,35,fwp,1,,-20.3066,-19.4139,4.1972,0.9772,13.84,0.2046,-0.3009,-21.2369,-21.2369
wmcodec,8,chinese:SSB0080,2,35,dm,1,,-13.7924,-13.1167,4.2746,0.9814,15.61,0.2046,-0.3009,-21.2369,-21.2369
wmcodec,8,chinese:SSB0080,2,35,tct,1,,-21.9699,-21.2369,4.1871,0.9780,14.41,0.2046,-0.3009,-21.2369,-21.2369
wmcodec,8,chinese:SSB0080,2,35,payload_farthest,1,,-25.3460,-24.5369,4.1040,0.9758,13.55,0.2046,-0.3009,-21.2369,-21.2369
wmcodec,8,chinese:SSB0112,0,36,single_copy,1,,-4.9355,-4.2827,4.6439,1.0000,135.27,-0.1778,0.8107,-9.1159,-9.1166
wmcodec,8,chinese:SSB0112,0,36,mean,1,,-8.9870,-6.6908,4.3708,0.9872,14.42,-0.1778,0.8107,-9.1159,-9.1166
wmcodec,8,chinese:SSB0112,0,36,rp,1,,-20.6986,-20.0579,4.4309,0.9909,16.81,-0.1778,0.8107,-9.1159,-9.1166
wmcodec,8,chinese:SSB0112,0,36,random_dirichlet,1,,-16.5750,-15.4396,4.4022,0.9903,16.12,-0.1778,0.8107,-9.1159,-9.1166
wmcodec,8,chinese:SSB0112,0,36,eep,1,,-13.9706,-10.8748,4.4548,0.9917,17.16,-0.1778,0.8107,-9.1159,-9.1166
wmcodec,8,chinese:SSB0112,0,36,fwp,1,,-14.0551,-13.5395,4.2498,0.9798,11.94,-0.1778,0.8107,-9.1159,-9.1166
wmcodec,8,chinese:SSB0112,0,36,dm,1,,-9.5739,-6.3424,4.3727,0.9867,14.34,-0.1778,0.8107,-9.1159,-9.1166
wmcodec,8,chinese:SSB0112,0,36,tct,1,,-10.5850,-9.1159,4.4096,0.9890,14.99,-0.1778,0.8107,-9.1159,-9.1166
wmcodec,8,chinese:SSB0112,0,36,payload_farthest,1,,-8.8782,-7.7652,4.2110,0.9821,12.44,-0.1778,0.8107,-9.1159,-9.1166
wmcodec,8,chinese:SSB0112,1,37,single_copy,0,,-0.0052,5.6998,4.6439,1.0000,135.74,0.1279,0.1875,-6.3280,-6.3273
wmcodec,8,chinese:SSB0112,1,37,mean,1,,-11.2565,-9.5292,4.4127,0.9885,14.27,0.1279,0.1875,-6.3280,-6.3273
wmcodec,8,chinese:SSB0112,1,37,rp,1,,-4.4409,-2.6442,4.1820,0.9808,11.97,0.1279,0.1875,-6.3280,-6.3273
wmcodec,8,chinese:SSB0112,1,37,random_dirichlet,1,,-11.3769,-10.1955,4.2711,0.9838,13.12,0.1279,0.1875,-6.3280,-6.3273
wmcodec,8,chinese:SSB0112,1,37,eep,1,,-18.6389,-18.3398,4.4570,0.9925,17.18,0.1279,0.1875,-6.3280,-6.3273
wmcodec,8,chinese:SSB0112,1,37,fwp,1,,-12.4200,-9.2915,4.4681,0.9910,15.89,0.1279,0.1875,-6.3280,-6.3273
wmcodec,8,chinese:SSB0112,1,37,dm,1,,-13.0462,-10.3644,4.4330,0.9900,14.97,0.1279,0.1875,-6.3280,-6.3273
wmcodec,8,chinese:SSB0112,1,37,tct,1,,-6.7518,-6.3280,4.3442,0.9867,13.41,0.1279,0.1875,-6.3280,-6.3273
wmcodec,8,chinese:SSB0112,1,37,payload_farthest,1,,-30.9262,-30.9091,4.2367,0.9822,12.31,0.1279,0.1875,-6.3280,-6.3273
wmcodec,8,chinese:SSB0112,2,38,single_copy,0,,-0.4799,0.4986,4.6439,1.0000,135.54,0.2335,-0.2627,-8.5976,-8.5976
wmcodec,8,chinese:SSB0112,2,38,mean,1,,-12.0333,-10.4747,4.3771,0.9871,15.09,0.2335,-0.2627,-8.5976,-8.5976
wmcodec,8,chinese:SSB0112,2,38,rp,1,,-12.4399,-10.8068,4.4710,0.9910,17.23,0.2335,-0.2627,-8.5976,-8.5976
wmcodec,8,chinese:SSB0112,2,38,random_dirichlet,1,,-10.2395,-9.2696,4.3191,0.9840,13.78,0.2335,-0.2627,-8.5976,-8.5976
wmcodec,8,chinese:SSB0112,2,38,eep,1,,-11.4518,-10.5517,4.2845,0.9811,12.99,0.2335,-0.2627,-8.5976,-8.5976
wmcodec,8,chinese:SSB0112,2,38,fwp,1,,-11.4518,-10.5517,4.2845,0.9811,12.99,0.2335,-0.2627,-8.5976,-8.5976
wmcodec,8,chinese:SSB0112,2,38,dm,1,,-11.9470,-10.8440,4.3667,0.9867,14.97,0.2335,-0.2627,-8.5976,-8.5976
wmcodec,8,chinese:SSB0112,2,38,tct,1,,-8.8218,-8.5976,4.3351,0.9833,13.25,0.2335,-0.2627,-8.5976,-8.5976
wmcodec,8,chinese:SSB0112,2,38,payload_farthest,1,,-19.1337,-19.0859,4.5039,0.9930,17.22,0.2335,-0.2627,-8.5976,-8.5976
wmcodec,8,chinese:SSB0122,0,39,single_copy,0,,-0.1510,1.8479,4.6439,1.0000,144.32,0.1785,-0.5741,-14.7886,-14.7885
wmcodec,8,chinese:SSB0122,0,39,mean,1,,-22.1977,-21.0339,4.3996,0.9904,15.55,0.1785,-0.5741,-14.7886,-14.7885
wmcodec,8,chinese:SSB0122,0,39,rp,1,,-11.3316,-10.5073,4.0979,0.9858,13.86,0.1785,-0.5741,-14.7886,-14.7885
wmcodec,8,chinese:SSB0122,0,39,random_dirichlet,1,,-21.6894,-20.9332,4.3359,0.9888,14.39,0.1785,-0.5741,-14.7886,-14.7885
wmcodec,8,chinese:SSB0122,0,39,eep,1,,-28.5533,-27.7731,4.1809,0.9856,13.38,0.1785,-0.5741,-14.7886,-14.7885
wmcodec,8,chinese:SSB0122,0,39,fwp,1,,-19.4736,-19.1917,4.4706,0.9933,17.76,0.1785,-0.5741,-14.7886,-14.7885
wmcodec,8,chinese:SSB0122,0,39,dm,1,,-24.0783,-23.3870,4.4380,0.9914,16.15,0.1785,-0.5741,-14.7886,-14.7885
wmcodec,8,chinese:SSB0122,0,39,tct,1,,-15.4891,-14.7886,4.2899,0.9887,13.40,0.1785,-0.5741,-14.7886,-14.7885
wmcodec,8,chinese:SSB0122,0,39,payload_farthest,1,,-16.4116,-16.2113,4.2174,0.9867,12.81,0.1785,-0.5741,-14.7886,-14.7885
wmcodec,8,chinese:SSB0122,1,40,single_copy,1,,-1.6606,-1.4342,4.6439,1.0000,144.33,-0.0548,-0.4974,-23.0087,-23.0084
wmcodec,8,chinese:SSB0122,1,40,mean,1,,-12.0180,-11.5878,4.4541,0.9884,15.99,-0.0548,-0.4974,-23.0087,-23.0084
wmcodec,8,chinese:SSB0122,1,40,rp,1,,-15.1534,-14.5529,4.2655,0.9842,13.86,-0.0548,-0.4974,-23.0087,-23.0084
wmcodec,8,chinese:SSB0122,1,40,random_dirichlet,0,,-0.0130,5.1881,4.4185,0.9868,14.82,-0.0548,-0.4974,-23.0087,-23.0084
wmcodec,8,chinese:SSB0122,1,40,eep,1,,-10.3317,-9.9836,4.3491,0.9847,13.81,-0.0548,-0.4974,-23.0087,-23.0084
wmcodec,8,chinese:SSB0122,1,40,fwp,1,,-23.3633,-22.8817,4.5105,0.9927,17.77,-0.0548,-0.4974,-23.0087,-23.0084
wmcodec,8,chinese:SSB0122,1,40,dm,1,,-16.0251,-14.3236,4.4644,0.9894,16.41,-0.0548,-0.4974,-23.0087,-23.0084
wmcodec,8,chinese:SSB0122,1,40,tct,1,,-23.1970,-23.0087,4.2310,0.9858,14.27,-0.0548,-0.4974,-23.0087,-23.0084
wmcodec,8,chinese:SSB0122,1,40,payload_farthest,1,,-18.2151,-18.1008,4.2712,0.9850,13.56,-0.0548,-0.4974,-23.0087,-23.0084
wmcodec,8,chinese:SSB0122,2,41,single_copy,1,,-6.6390,-6.5447,4.6439,1.0000,144.45,0.4233,-0.6817,-5.0772,-5.0775
wmcodec,8,chinese:SSB0122,2,41,mean,1,,-14.0317,-13.2448,4.4012,0.9891,16.29,0.4233,-0.6817,-5.0772,-5.0775
wmcodec,8,chinese:SSB0122,2,41,rp,1,,-17.9732,-16.9742,4.2483,0.9858,14.25,0.4233,-0.6817,-5.0772,-5.0775
wmcodec,8,chinese:SSB0122,2,41,random_dirichlet,0,,-0.0180,4.5003,4.3397,0.9891,15.00,0.4233,-0.6817,-5.0772,-5.0775
wmcodec,8,chinese:SSB0122,2,41,eep,1,,-6.1896,-4.7356,4.4070,0.9929,18.35,0.4233,-0.6817,-5.0772,-5.0775
wmcodec,8,chinese:SSB0122,2,41,fwp,1,,-30.6153,-29.7772,4.2588,0.9841,14.03,0.4233,-0.6817,-5.0772,-5.0775
wmcodec,8,chinese:SSB0122,2,41,dm,1,,-9.9700,-7.9903,4.3667,0.9885,15.98,0.4233,-0.6817,-5.0772,-5.0775
wmcodec,8,chinese:SSB0122,2,41,tct,1,,-6.1486,-5.0772,4.5322,0.9950,20.54,0.4233,-0.6817,-5.0772,-5.0775
wmcodec,8,chinese:SSB0122,2,41,payload_farthest,1,,-14.6463,-13.8948,4.4814,0.9932,19.03,0.4233,-0.6817,-5.0772,-5.0775
wmcodec,8,chinese:SSB0133,0,42,single_copy,0,,-0.0011,7.2873,4.6439,1.0000,140.34,0.0302,-0.0222,-13.5574,-13.5568
wmcodec,8,chinese:SSB0133,0,42,mean,1,,-16.8682,-14.7959,4.2865,0.9849,15.09,0.0302,-0.0222,-13.5574,-13.5568
wmcodec,8,chinese:SSB0133,0,42,rp,1,,-5.6197,-5.5879,3.9751,0.9747,12.48,0.0302,-0.0222,-13.5574,-13.5568
wmcodec,8,chinese:SSB0133,0,42,random_dirichlet,1,,-4.3482,-3.9129,4.2042,0.9835,14.69,0.0302,-0.0222,-13.5574,-13.5568
wmcodec,8,chinese:SSB0133,0,42,eep,1,,-16.4597,-15.4985,4.1529,0.9797,13.47,0.0302,-0.0222,-13.5574,-13.5568
wmcodec,8,chinese:SSB0133,0,42,fwp,1,,-13.2942,-13.0306,4.4229,0.9900,17.38,0.0302,-0.0222,-13.5574,-13.5568
wmcodec,8,chinese:SSB0133,0,42,dm,1,,-21.3798,-19.4480,4.3384,0.9861,15.56,0.0302,-0.0222,-13.5574,-13.5568
wmcodec,8,chinese:SSB0133,0,42,tct,1,,-13.8889,-13.5574,4.3737,0.9883,16.39,0.0302,-0.0222,-13.5574,-13.5568
wmcodec,8,chinese:SSB0133,0,42,payload_farthest,1,,-22.0525,-21.2121,4.0437,0.9778,12.81,0.0302,-0.0222,-13.5574,-13.5568
wmcodec,8,chinese:SSB0133,1,43,single_copy,1,,-7.0344,-7.0319,4.6439,1.0000,140.07,0.0287,-0.5955,-15.5448,-15.5436
wmcodec,8,chinese:SSB0133,1,43,mean,1,,-12.4893,-12.0541,4.1897,0.9825,15.62,0.0287,-0.5955,-15.5448,-15.5436
wmcodec,8,chinese:SSB0133,1,43,rp,1,,-7.0691,-6.6403,3.9864,0.9748,13.17,0.0287,-0.5955,-15.5448,-15.5436
wmcodec,8,chinese:SSB0133,1,43,random_dirichlet,1,,-23.7222,-23.4519,4.0950,0.9804,14.36,0.0287,-0.5955,-15.5448,-15.5436
wmcodec,8,chinese:SSB0133,1,43,eep,1,,-18.0425,-17.8442,4.4220,0.9903,18.18,0.0287,-0.5955,-15.5448,-15.5436
wmcodec,8,chinese:SSB0133,1,43,fwp,1,,-24.5288,-24.1411,3.9943,0.9743,13.30,0.0287,-0.5955,-15.5448,-15.5436
wmcodec,8,chinese:SSB0133,1,43,dm,1,,-15.5253,-15.0606,4.1771,0.9819,15.42,0.0287,-0.5955,-15.5448,-15.5436
wmcodec,8,chinese:SSB0133,1,43,tct,1,,-16.1226,-15.5448,4.1287,0.9804,15.05,0.0287,-0.5955,-15.5448,-15.5436
wmcodec,8,chinese:SSB0133,1,43,payload_farthest,1,,-13.5432,-12.8916,4.4192,0.9909,18.70,0.0287,-0.5955,-15.5448,-15.5436
wmcodec,8,chinese:SSB0133,2,44,single_copy,0,,-0.0973,2.3128,4.6439,1.0000,140.77,-0.1143,-0.0695,-8.4932,-8.4941
wmcodec,8,chinese:SSB0133,2,44,mean,1,,-10.2046,-6.1154,4.2594,0.9839,15.61,-0.1143,-0.0695,-8.4932,-8.4941
wmcodec,8,chinese:SSB0133,2,44,rp,1,,-20.0369,-19.4662,3.8507,0.9764,12.70,-0.1143,-0.0695,-8.4932,-8.4941
wmcodec,8,chinese:SSB0133,2,44,random_dirichlet,1,,-3.5923,-2.7751,4.1008,0.9811,14.85,-0.1143,-0.0695,-8.4932,-8.4941
wmcodec,8,chinese:SSB0133,2,44,eep,1,,-26.8973,-25.2911,4.3385,0.9888,17.67,-0.1143,-0.0695,-8.4932,-8.4941
wmcodec,8,chinese:SSB0133,2,44,fwp,1,,-26.8973,-25.2911,4.3385,0.9888,17.67,-0.1143,-0.0695,-8.4932,-8.4941
wmcodec,8,chinese:SSB0133,2,44,dm,1,,-10.6384,-6.2914,4.2996,0.9853,16.16,-0.1143,-0.0695,-8.4932,-8.4941
wmcodec,8,chinese:SSB0133,2,44,tct,1,,-11.5845,-8.4932,4.3159,0.9867,16.38,-0.1143,-0.0695,-8.4932,-8.4941
wmcodec,8,chinese:SSB0133,2,44,payload_farthest,0,,-1.2923,0.3193,3.9161,0.9761,12.96,-0.1143,-0.0695,-8.4932,-8.4941
wmcodec,8,chinese:SSB0139,0,45,single_copy,1,,-7.7744,-7.7722,4.6439,1.0000,147.15,-0.1603,0.3976,-19.9402,-19.9402
wmcodec,8,chinese:SSB0139,0,45,mean,1,,-12.6129,-11.1786,4.4044,0.9923,16.76,-0.1603,0.3976,-19.9402,-19.9402
wmcodec,8,chinese:SSB0139,0,45,rp,1,,-12.5826,-10.5633,4.4779,0.9952,19.63,-0.1603,0.3976,-19.9402,-19.9402
wmcodec,8,chinese:SSB0139,0,45,random_dirichlet,1,,-6.7937,-6.4109,4.3710,0.9919,15.96,-0.1603,0.3976,-19.9402,-19.9402
wmcodec,8,chinese:SSB0139,0,45,eep,1,,-21.1428,-20.7806,4.5077,0.9949,19.11,-0.1603,0.3976,-19.9402,-19.9402
wmcodec,8,chinese:SSB0139,0,45,fwp,1,,-11.5385,-10.5425,4.3063,0.9903,14.85,-0.1603,0.3976,-19.9402,-19.9402
wmcodec,8,chinese:SSB0139,0,45,dm,1,,-16.2039,-15.9229,4.3968,0.9922,16.54,-0.1603,0.3976,-19.9402,-19.9402
wmcodec,8,chinese:SSB0139,0,45,tct,1,,-19.9797,-19.9402,4.3330,0.9908,14.99,-0.1603,0.3976,-19.9402,-19.9402
wmcodec,8,chinese:SSB0139,0,45,payload_farthest,1,,-14.1827,-13.6322,4.4714,0.9954,19.02,-0.1603,0.3976,-19.9402,-19.9402
wmcodec,8,chinese:SSB0139,1,46,single_copy,1,,-6.8197,-6.7962,4.6439,1.0000,147.30,0.0520,-0.7901,-18.9979,-18.9982
wmcodec,8,chinese:SSB0139,1,46,mean,1,,-13.6035,-13.0646,4.3968,0.9925,16.96,0.0520,-0.7901,-18.9979,-18.9982
wmcodec,8,chinese:SSB0139,1,46,rp,1,,-22.6683,-22.0527,4.4576,0.9948,19.23,0.0520,-0.7901,-18.9979,-18.9982
wmcodec,8,chinese:SSB0139,1,46,random_dirichlet,1,,-8.9966,-7.2363,4.4137,0.9929,17.06,0.0520,-0.7901,-18.9979,-18.9982
wmcodec,8,chinese:SSB0139,1,46,eep,1,,-22.6683,-22.0527,4.4576,0.9948,19.23,0.0520,-0.7901,-18.9979,-18.9982
wmcodec,8,chinese:SSB0139,1,46,fwp,1,,-12.3880,-10.5577,4.3106,0.9888,14.44,0.0520,-0.7901,-18.9979,-18.9982
wmcodec,8,chinese:SSB0139,1,46,dm,1,,-14.0328,-12.5664,4.3770,0.9912,16.01,0.0520,-0.7901,-18.9979,-18.9982
wmcodec,8,chinese:SSB0139,1,46,tct,1,,-19.6075,-18.9979,4.3076,0.9901,15.26,0.0520,-0.7901,-18.9979,-18.9982
wmcodec,8,chinese:SSB0139,1,46,payload_farthest,1,,-16.3677,-15.6743,4.4414,0.9939,18.98,0.0520,-0.7901,-18.9979,-18.9982
wmcodec,8,chinese:SSB0139,2,47,single_copy,0,,-0.2043,1.9125,4.6439,1.0000,147.31,-0.2289,-0.6424,-13.2917,-13.2917
wmcodec,8,chinese:SSB0139,2,47,mean,1,,-16.5434,-15.2555,4.4001,0.9922,16.23,-0.2289,-0.6424,-13.2917,-13.2917
wmcodec,8,chinese:SSB0139,2,47,rp,1,,-14.6263,-14.5429,4.1833,0.9881,13.98,-0.2289,-0.6424,-13.2917,-13.2917
wmcodec,8,chinese:SSB0139,2,47,random_dirichlet,1,,-9.0212,-8.1843,4.4247,0.9932,16.79,-0.2289,-0.6424,-13.2917,-13.2917
wmcodec,8,chinese:SSB0139,2,47,eep,1,,-19.3335,-18.3943,4.2887,0.9886,14.14,-0.2289,-0.6424,-13.2917,-13.2917
wmcodec,8,chinese:SSB0139,2,47,fwp,1,,-15.4880,-14.7263,4.2281,0.9870,13.54,-0.2289,-0.6424,-13.2917,-13.2917
wmcodec,8,chinese:SSB0139,2,47,dm,1,,-27.0993,-26.4902,4.3745,0.9918,16.04,-0.2289,-0.6424,-13.2917,-13.2917
wmcodec,8,chinese:SSB0139,2,47,tct,1,,-13.7575,-13.2917,4.2923,0.9906,14.73,-0.2289,-0.6424,-13.2917,-13.2917
wmcodec,8,chinese:SSB0139,2,47,payload_farthest,1,,-14.5500,-13.7334,4.4889,0.9949,19.05,-0.2289,-0.6424,-13.2917,-13.2917
wmcodec,8,chinese:SSB0145,0,48,single_copy,1,,-6.9927,-6.9870,4.6439,1.0000,143.82,0.2543,0.0516,-17.4823,-17.4814
wmcodec,8,chinese:SSB0145,0,48,mean,1,,-6.6175,-4.1706,4.1912,0.9836,14.92,0.2543,0.0516,-17.4823,-17.4814
wmcodec,8,chinese:SSB0145,0,48,rp,1,,-23.6134,-23.5915,3.9576,0.9794,12.59,0.2543,0.0516,-17.4823,-17.4814
wmcodec,8,chinese:SSB0145,0,48,random_dirichlet,1,,-9.8482,-9.5301,4.0376,0.9811,13.50,0.2543,0.0516,-17.4823,-17.4814
wmcodec,8,chinese:SSB0145,0,48,eep,1,,-15.1417,-14.4467,4.0851,0.9794,12.92,0.2543,0.0516,-17.4823,-17.4814
wmcodec,8,chinese:SSB0145,0,48,fwp,1,,-19.1970,-16.2965,3.9647,0.9775,12.61,0.2543,0.0516,-17.4823,-17.4814
wmcodec,8,chinese:SSB0145,0,48,dm,1,,-10.0300,-7.0741,4.1649,0.9819,14.61,0.2543,0.0516,-17.4823,-17.4814
wmcodec,8,chinese:SSB0145,0,48,tct,1,,-18.3119,-17.4823,4.1449,0.9826,13.87,0.2543,0.0516,-17.4823,-17.4814
wmcodec,8,chinese:SSB0145,0,48,payload_farthest,1,,-15.1417,-14.4467,4.0851,0.9794,12.92,0.2543,0.0516,-17.4823,-17.4814
wmcodec,8,chinese:SSB0145,1,49,single_copy,1,,-3.8016,-3.4894,4.6439,1.0000,143.64,0.0462,0.2312,-14.3446,-14.3446
wmcodec,8,chinese:SSB0145,1,49,mean,1,,-29.2835,-28.5093,4.3408,0.9849,14.74,0.0462,0.2312,-14.3446,-14.3446
wmcodec,8,chinese:SSB0145,1,49,rp,1,,-22.2944,-22.1055,4.2019,0.9814,12.81,0.0462,0.2312,-14.3446,-14.3446
wmcodec,8,chinese:SSB0145,1,49,random_dirichlet,0,,-0.0790,2.5499,4.3558,0.9865,14.97,0.0462,0.2312,-14.3446,-14.3446
wmcodec,8,chinese:SSB0145,1,49,eep,1,,-10.9051,-10.3928,4.2709,0.9887,16.73,0.0462,0.2312,-14.3446,-14.3446
wmcodec,8,chinese:SSB0145,1,49,fwp,1,,-11.0651,-10.0969,4.1759,0.9800,12.62,0.0462,0.2312,-14.3446,-14.3446
wmcodec,8,chinese:SSB0145,1,49,dm,1,,-26.9766,-26.8046,4.3126,0.9842,14.48,0.0462,0.2312,-14.3446,-14.3446
wmcodec,8,chinese:SSB0145,1,49,tct,1,,-14.5481,-14.3446,4.4320,0.9879,15.65,0.0462,0.2312,-14.3446,-14.3446
wmcodec,8,chinese:SSB0145,1,49,payload_farthest,1,,-10.9051,-10.3928,4.2709,0.9887,16.73,0.0462,0.2312,-14.3446,-14.3446
wmcodec,8,chinese:SSB0145,2,50,single_copy,0,,-0.3330,1.2234,4.6439,1.0000,143.72,0.2858,-0.5992,-9.4697,-9.4697
wmcodec,8,chinese:SSB0145,2,50,mean,1,,-5.9966,-4.4640,4.1494,0.9813,13.48,0.2858,-0.5992,-9.4697,-9.4697
wmcodec,8,chinese:SSB0145,2,50,rp,1,,-18.2785,-17.6677,3.9461,0.9791,11.14,0.2858,-0.5992,-9.4697,-9.4697
wmcodec,8,chinese:SSB0145,2,50,random_dirichlet,1,,-4.2670,-3.0534,4.0793,0.9794,11.91,0.2858,-0.5992,-9.4697,-9.4697
wmcodec,8,chinese:SSB0145,2,50,eep,1,,-17.1536,-15.8762,3.8873,0.9772,10.61,0.2858,-0.5992,-9.4697,-9.4697
wmcodec,8,chinese:SSB0145,2,50,fwp,1,,-21.6242,-20.9541,4.3462,0.9885,15.77,0.2858,-0.5992,-9.4697,-9.4697
wmcodec,8,chinese:SSB0145,2,50,dm,1,,-7.6200,-4.8808,4.1997,0.9828,14.15,0.2858,-0.5992,-9.4697,-9.4697
wmcodec,8,chinese:SSB0145,2,50,tct,1,,-10.0864,-9.4697,4.4450,0.9915,17.61,0.2858,-0.5992,-9.4697,-9.4697
wmcodec,8,chinese:SSB0145,2,50,payload_farthest,1,,-26.7211,-25.4707,4.0379,0.9776,11.83,0.2858,-0.5992,-9.4697,-9.4697
wmcodec,8,chinese:SSB0149,0,51,single_copy,1,,-8.0969,-7.7463,4.6439,1.0000,146.07,-0.2377,-0.3328,-18.6569,-18.6569
wmcodec,8,chinese:SSB0149,0,51,mean,1,,-12.0794,-11.5472,4.2626,0.9868,12.95,-0.2377,-0.3328,-18.6569,-18.6569
wmcodec,8,chinese:SSB0149,0,51,rp,1,,-30.8216,-30.0968,4.1685,0.9823,10.84,-0.2377,-0.3328,-18.6569,-18.6569
wmcodec,8,chinese:SSB0149,0,51,random_dirichlet,1,,-15.2520,-15.2239,4.2844,0.9873,13.21,-0.2377,-0.3328,-18.6569,-18.6569
wmcodec,8,chinese:SSB0149,0,51,eep,1,,-27.9094,-27.5057,4.3867,0.9913,14.92,-0.2377,-0.3328,-18.6569,-18.6569
wmcodec,8,chinese:SSB0149,0,51,fwp,1,,-30.8216,-30.0968,4.1685,0.9823,10.84,-0.2377,-0.3328,-18.6569,-18.6569
wmcodec,8,chinese:SSB0149,0,51,dm,1,,-20.3580,-19.6651,4.2791,0.9866,12.68,-0.2377,-0.3328,-18.6569,-18.6569
wmcodec,8,chinese:SSB0149,0,51,tct,1,,-18.9747,-18.6569,4.2295,0.9853,11.44,-0.2377,-0.3328,-18.6569,-18.6569
wmcodec,8,chinese:SSB0149,0,51,payload_farthest,1,,-20.8390,-18.8580,4.4136,0.9916,16.16,-0.2377,-0.3328,-18.6569,-18.6569
wmcodec,8,chinese:SSB0149,1,52,single_copy,1,,-4.9264,-4.5641,4.6439,1.0000,146.04,-0.1274,0.3919,-0.1549,-0.1540
wmcodec,8,chinese:SSB0149,1,52,mean,1,,-13.4594,-11.7870,4.3742,0.9890,13.47,-0.1274,0.3919,-0.1549,-0.1540
wmcodec,8,chinese:SSB0149,1,52,rp,1,,-23.3716,-23.0083,4.1276,0.9815,11.25,-0.1274,0.3919,-0.1549,-0.1540
wmcodec,8,chinese:SSB0149,1,52,random_dirichlet,1,,-16.2354,-14.9497,4.2885,0.9854,12.06,-0.1274,0.3919,-0.1549,-0.1540
wmcodec,8,chinese:SSB0149,1,52,eep,1,,-20.5994,-19.3034,4.2222,0.9829,11.14,-0.1274,0.3919,-0.1549,-0.1540
wmcodec,8,chinese:SSB0149,1,52,fwp,1,,-11.8524,-11.0243,4.2706,0.9841,11.45,-0.1274,0.3919,-0.1549,-0.1540
wmcodec,8,chinese:SSB0149,1,52,dm,1,,-7.9513,-5.4067,4.2941,0.9867,12.43,-0.1274,0.3919,-0.1549,-0.1540
wmcodec,8,chinese:SSB0149,1,52,tct,1,,-1.0171,-0.1549,4.3481,0.9865,12.22,-0.1274,0.3919,-0.1549,-0.1540
wmcodec,8,chinese:SSB0149,1,52,payload_farthest,1,,-24.3384,-23.7787,4.2294,0.9842,11.36,-0.1274,0.3919,-0.1549,-0.1540
wmcodec,8,chinese:SSB0149,2,53,single_copy,0,,-0.0015,6.7897,4.6439,1.0000,146.22,-0.0629,0.0047,-12.5353,-12.5346
wmcodec,8,chinese:SSB0149,2,53,mean,1,,-12.7332,-7.3080,4.2952,0.9883,12.96,-0.0629,0.0047,-12.5353,-12.5346
wmcodec,8,chinese:SSB0149,2,53,rp,1,,-18.1244,-17.9344,4.0801,0.9819,10.22,-0.0629,0.0047,-12.5353,-12.5346
wmcodec,8,chinese:SSB0149,2,53,random_dirichlet,1,,-5.4845,-4.0471,4.1475,0.9854,10.85,-0.0629,0.0047,-12.5353,-12.5346
wmcodec,8,chinese:SSB0149,2,53,eep,1,,-23.8493,-23.8198,4.3404,0.9915,15.27,-0.0629,0.0047,-12.5353,-12.5346
wmcodec,8,chinese:SSB0149,2,53,fwp,1,,-13.4011,-12.2970,4.0430,0.9800,10.48,-0.0629,0.0047,-12.5353,-12.5346
wmcodec,8,chinese:SSB0149,2,53,dm,1,,-17.9070,-15.8682,4.2760,0.9878,12.92,-0.0629,0.0047,-12.5353,-12.5346
wmcodec,8,chinese:SSB0149,2,53,tct,1,,-13.1155,-12.5353,4.1493,0.9858,11.74,-0.0629,0.0047,-12.5353,-12.5346
wmcodec,8,chinese:SSB0149,2,53,payload_farthest,1,,-23.8493,-23.8198,4.3404,0.9915,15.27,-0.0629,0.0047,-12.5353,-12.5346
wmcodec,8,chinese:SSB0193,0,54,single_copy,0,,-0.0011,6.8053,4.6439,1.0000,137.78,0.3754,-0.6002,-3.3743,-3.3743
wmcodec,8,chinese:SSB0193,0,54,mean,1,,-19.8174,-19.1680,4.3620,0.9854,14.29,0.3754,-0.6002,-3.3743,-3.3743
wmcodec,8,chinese:SSB0193,0,54,rp,1,,-18.9435,-18.8575,4.4800,0.9921,17.18,0.3754,-0.6002,-3.3743,-3.3743
wmcodec,8,chinese:SSB0193,0,54,random_dirichlet,1,,-13.3145,-13.0822,4.1070,0.9798,12.42,0.3754,-0.6002,-3.3743,-3.3743
wmcodec,8,chinese:SSB0193,0,54,eep,1,,-20.5917,-20.5200,4.2286,0.9800,12.71,0.3754,-0.6002,-3.3743,-3.3743
wmcodec,8,chinese:SSB0193,0,54,fwp,1,,-18.8244,-17.5201,4.0806,0.9779,11.59,0.3754,-0.6002,-3.3743,-3.3743
wmcodec,8,chinese:SSB0193,0,54,dm,1,,-21.4278,-20.3771,4.3064,0.9844,13.82,0.3754,-0.6002,-3.3743,-3.3743
wmcodec,8,chinese:SSB0193,0,54,tct,1,,-5.9130,-3.3743,4.1540,0.9785,12.24,0.3754,-0.6002,-3.3743,-3.3743
wmcodec,8,chinese:SSB0193,0,54,payload_farthest,1,,-18.6391,-18.5185,4.3941,0.9901,15.82,0.3754,-0.6002,-3.3743,-3.3743
wmcodec,8,chinese:SSB0193,1,55,single_copy,0,,-0.0007,7.2982,4.6439,1.0000,137.75,0.3721,-0.6124,-17.4444,-17.4444
wmcodec,8,chinese:SSB0193,1,55,mean,1,,-27.4971,-26.8518,4.3273,0.9863,14.11,0.3721,-0.6124,-17.4444,-17.4444
wmcodec,8,chinese:SSB0193,1,55,rp,1,,-11.1704,-10.9286,4.4549,0.9912,16.95,0.3721,-0.6124,-17.4444,-17.4444
wmcodec,8,chinese:SSB0193,1,55,random_dirichlet,1,,-16.7785,-15.9692,4.2276,0.9832,12.73,0.3721,-0.6124,-17.4444,-17.4444
wmcodec,8,chinese:SSB0193,1,55,eep,1,,-9.2611,-9.0066,4.1609,0.9792,11.63,0.3721,-0.6124,-17.4444,-17.4444
wmcodec,8,chinese:SSB0193,1,55,fwp,1,,-38.9000,-38.6835,4.0925,0.9775,11.89,0.3721,-0.6124,-17.4444,-17.4444
wmcodec,8,chinese:SSB0193,1,55,dm,1,,-20.5289,-19.3234,4.2670,0.9848,13.63,0.3721,-0.6124,-17.4444,-17.4444
wmcodec,8,chinese:SSB0193,1,55,tct,1,,-18.7833,-17.4444,4.1980,0.9819,12.35,0.3721,-0.6124,-17.4444,-17.4444
wmcodec,8,chinese:SSB0193,1,55,payload_farthest,1,,-20.8647,-20.6296,4.1460,0.9784,12.28,0.3721,-0.6124,-17.4444,-17.4444
wmcodec,8,chinese:SSB0193,2,56,single_copy,1,,-11.2801,-11.2782,4.6439,1.0000,137.40,0.1019,0.2490,-19.9122,-19.9130
wmcodec,8,chinese:SSB0193,2,56,mean,1,,-15.6318,-14.2875,4.2589,0.9847,13.96,0.1019,0.2490,-19.9122,-19.9130
wmcodec,8,chinese:SSB0193,2,56,rp,1,,-9.3991,-9.0448,4.4218,0.9902,15.98,0.1019,0.2490,-19.9122,-19.9130
wmcodec,8,chinese:SSB0193,2,56,random_dirichlet,1,,-9.1884,-8.9947,4.1798,0.9814,12.60,0.1019,0.2490,-19.9122,-19.9130
wmcodec,8,chinese:SSB0193,2,56,eep,1,,-17.1353,-15.4411,4.3628,0.9896,15.99,0.1019,0.2490,-19.9122,-19.9130
wmcodec,8,chinese:SSB0193,2,56,fwp,1,,-23.0467,-22.0080,3.9799,0.9765,11.40,0.1019,0.2490,-19.9122,-19.9130
wmcodec,8,chinese:SSB0193,2,56,dm,1,,-17.1668,-16.5663,4.2001,0.9826,13.38,0.1019,0.2490,-19.9122,-19.9130
wmcodec,8,chinese:SSB0193,2,56,tct,1,,-21.4502,-19.9122,4.0603,0.9798,12.28,0.1019,0.2490,-19.9122,-19.9130
wmcodec,8,chinese:SSB0193,2,56,payload_farthest,1,,-9.3991,-9.0448,4.4218,0.9902,15.98,0.1019,0.2490,-19.9122,-19.9130
wmcodec,8,chinese:SSB0197,0,57,single_copy,1,,-3.6344,-3.2253,4.6439,1.0000,132.90,0.2317,-0.5639,-12.9166,-12.9169
wmcodec,8,chinese:SSB0197,0,57,mean,1,,-5.5095,-2.9579,4.4054,0.9835,14.09,0.2317,-0.5639,-12.9166,-12.9169
wmcodec,8,chinese:SSB0197,0,57,rp,1,,-6.9433,-4.2470,4.1635,0.9723,12.03,0.2317,-0.5639,-12.9166,-12.9169
wmcodec,8,chinese:SSB0197,0,57,random_dirichlet,1,,-7.6686,-6.3700,4.3193,0.9813,12.64,0.2317,-0.5639,-12.9166,-12.9169
wmcodec,8,chinese:SSB0197,0,57,eep,1,,-5.6042,-4.6543,4.5055,0.9917,17.21,0.2317,-0.5639,-12.9166,-12.9169
wmcodec,8,chinese:SSB0197,0,57,fwp,1,,-21.7405,-20.7998,4.2161,0.9754,12.36,0.2317,-0.5639,-12.9166,-12.9169
wmcodec,8,chinese:SSB0197,0,57,dm,1,,-14.0726,-12.0345,4.4132,0.9836,14.52,0.2317,-0.5639,-12.9166,-12.9169
wmcodec,8,chinese:SSB0197,0,57,tct,1,,-14.3270,-12.9166,4.2967,0.9790,12.96,0.2317,-0.5639,-12.9166,-12.9169
wmcodec,8,chinese:SSB0197,0,57,payload_farthest,1,,-19.3895,-19.0618,4.2390,0.9781,12.01,0.2317,-0.5639,-12.9166,-12.9169
wmcodec,8,chinese:SSB0197,1,58,single_copy,1,,-3.0782,-2.9606,4.6439,1.0000,132.74,0.5193,-0.5799,-4.3561,-4.3549
wmcodec,8,chinese:SSB0197,1,58,mean,1,,-9.6161,-5.0709,4.3803,0.9842,14.87,0.5193,-0.5799,-4.3561,-4.3549
wmcodec,8,chinese:SSB0197,1,58,rp,1,,-22.8012,-21.8923,3.9865,0.9751,11.59,0.5193,-0.5799,-4.3561,-4.3549
wmcodec,8,chinese:SSB0197,1,58,random_dirichlet,1,,-22.3919,-21.8450,4.4505,0.9892,16.54,0.5193,-0.5799,-4.3561,-4.3549
wmcodec,8,chinese:SSB0197,1,58,eep,1,,-12.8964,-12.2006,4.1592,0.9744,12.70,0.5193,-0.5799,-4.3561,-4.3549
wmcodec,8,chinese:SSB0197,1,58,fwp,1,,-21.6951,-20.2772,4.2648,0.9756,12.74,0.5193,-0.5799,-4.3561,-4.3549
wmcodec,8,chinese:SSB0197,1,58,dm,1,,-8.9517,-5.3058,4.3325,0.9822,14.24,0.5193,-0.5799,-4.3561,-4.3549
wmcodec,8,chinese:SSB0197,1,58,tct,1,,-6.6541,-4.3561,4.3677,0.9846,14.87,0.5193,-0.5799,-4.3561,-4.3549
wmcodec,8,chinese:SSB0197,1,58,payload_farthest,1,,-15.5132,-14.4695,4.4491,0.9902,17.41,0.5193,-0.5799,-4.3561,-4.3549
wmcodec,8,chinese:SSB0197,2,59,single_copy,1,,-1.8485,-1.5862,4.6439,1.0000,132.42,0.0784,-0.6796,-7.2269,-7.2277
wmcodec,8,chinese:SSB0197,2,59,mean,1,,-7.6748,-5.5954,4.3460,0.9819,15.91,0.0784,-0.6796,-7.2269,-7.2277
wmcodec,8,chinese:SSB0197,2,59,rp,1,,-14.0354,-12.0390,4.0962,0.9719,13.23,0.0784,-0.6796,-7.2269,-7.2277
wmcodec,8,chinese:SSB0197,2,59,random_dirichlet,1,,-9.9524,-8.3971,4.2152,0.9792,14.79,0.0784,-0.6796,-7.2269,-7.2277
wmcodec,8,chinese:SSB0197,2,59,eep,1,,-14.0354,-12.0390,4.0962,0.9719,13.23,0.0784,-0.6796,-7.2269,-7.2277
wmcodec,8,chinese:SSB0197,2,59,fwp,1,,-14.0354,-12.0390,4.0962,0.9719,13.23,0.0784,-0.6796,-7.2269,-7.2277
wmcodec,8,chinese:SSB0197,2,59,dm,1,,-6.6256,-4.9268,4.3084,0.9806,15.43,0.0784,-0.6796,-7.2269,-7.2277
wmcodec,8,chinese:SSB0197,2,59,tct,1,,-9.2186,-7.2269,4.1881,0.9748,13.57,0.0784,-0.6796,-7.2269,-7.2277
wmcodec,8,chinese:SSB0197,2,59,payload_farthest,1,,-8.5126,-7.8173,4.0586,0.9714,12.35,0.0784,-0.6796,-7.2269,-7.2277
wmcodec,8,chinese:SSB0200,0,60,single_copy,1,,-3.9963,-3.9481,4.6439,1.0000,137.43,0.0567,-0.6405,-13.6891,-13.6886
wmcodec,8,chinese:SSB0200,0,60,mean,1,,-13.9970,-13.3415,4.1066,0.9779,13.67,0.0567,-0.6405,-13.6891,-13.6886
wmcodec,8,chinese:SSB0200,0,60,rp,1,,-32.3912,-32.3134,3.8828,0.9689,11.38,0.0567,-0.6405,-13.6891,-13.6886
wmcodec,8,chinese:SSB0200,0,60,random_dirichlet,1,,-10.8379,-10.5577,3.9256,0.9739,12.38,0.0567,-0.6405,-13.6891,-13.6886
wmcodec,8,chinese:SSB0200,0,60,eep,1,,-22.7068,-22.1929,3.9088,0.9705,11.56,0.0567,-0.6405,-13.6891,-13.6886
wmcodec,8,chinese:SSB0200,0,60,fwp,1,,-32.3912,-32.3134,3.8828,0.9689,11.38,0.0567,-0.6405,-13.6891,-13.6886
wmcodec,8,chinese:SSB0200,0,60,dm,1,,-20.6172,-20.3722,4.0627,0.9761,13.23,0.0567,-0.6405,-13.6891,-13.6886
wmcodec,8,chinese:SSB0200,0,60,tct,1,,-13.9335,-13.6891,3.9199,0.9721,11.65,0.0567,-0.6405,-13.6891,-13.6886
wmcodec,8,chinese:SSB0200,0,60,payload_farthest,1,,-21.9018,-21.3149,4.2801,0.9873,15.73,0.0567,-0.6405,-13.6891,-13.6886
wmcodec,8,chinese:SSB0200,1,61,single_copy,0,,-0.0010,7.7574,4.6439,1.0000,137.73,0.3903,-0.3256,-20.2666,-20.2666
wmcodec,8,chinese:SSB0200,1,61,mean,1,,-15.6568,-15.2261,4.1136,0.9790,13.93,0.3903,-0.3256,-20.2666,-20.2666
wmcodec,8,chinese:SSB0200,1,61,rp,1,,-17.2650,-16.7898,3.8263,0.9723,11.63,0.3903,-0.3256,-20.2666,-20.2666
wmcodec,8,chinese:SSB0200,1,61,random_dirichlet,1,,-13.4377,-12.8098,3.9613,0.9748,12.76,0.3903,-0.3256,-20.2666,-20.2666
wmcodec,8,chinese:SSB0200,1,61,eep,1,,-8.5513,-7.5711,3.8470,0.9691,11.87,0.3903,-0.3256,-20.2666,-20.2666
wmcodec,8,chinese:SSB0200,1,61,fwp,1,,-28.9274,-28.7594,3.8248,0.9702,11.44,0.3903,-0.3256,-20.2666,-20.2666
wmcodec,8,chinese:SSB0200,1,61,dm,1,,-25.7729,-25.0709,4.0707,0.9778,13.61,0.3903,-0.3256,-20.2666,-20.2666
wmcodec,8,chinese:SSB0200,1,61,tct,1,,-20.7461,-20.2666,4.2988,0.9868,15.85,0.3903,-0.3256,-20.2666,-20.2666
wmcodec,8,chinese:SSB0200,1,61,payload_farthest,1,,-30.9219,-30.8439,4.3556,0.9850,15.62,0.3903,-0.3256,-20.2666,-20.2666
wmcodec,8,chinese:SSB0200,2,62,single_copy,1,,-1.9146,-1.7545,4.6439,1.0000,137.64,-0.2028,-0.7953,-26.8488,-26.8485
wmcodec,8,chinese:SSB0200,2,62,mean,1,,-18.1616,-18.0712,4.0643,0.9785,14.10,-0.2028,-0.7953,-26.8488,-26.8485
wmcodec,8,chinese:SSB0200,2,62,rp,1,,-25.5909,-24.6035,3.7404,0.9685,11.45,-0.2028,-0.7953,-26.8488,-26.8485
wmcodec,8,chinese:SSB0200,2,62,random_dirichlet,1,,-16.8344,-16.1445,3.8534,0.9720,12.45,-0.2028,-0.7953,-26.8488,-26.8485
wmcodec,8,chinese:SSB0200,2,62,eep,1,,-21.0915,-20.9346,3.8356,0.9696,11.64,-0.2028,-0.7953,-26.8488,-26.8485
wmcodec,8,chinese:SSB0200,2,62,fwp,1,,-25.5909,-24.6035,3.7404,0.9685,11.45,-0.2028,-0.7953,-26.8488,-26.8485
wmcodec,8,chinese:SSB0200,2,62,dm,1,,-14.4332,-13.7925,3.9752,0.9757,13.35,-0.2028,-0.7953,-26.8488,-26.8485
wmcodec,8,chinese:SSB0200,2,62,tct,1,,-27.0823,-26.8488,4.3244,0.9878,16.58,-0.2028,-0.7953,-26.8488,-26.8485
wmcodec,8,chinese:SSB0200,2,62,payload_farthest,1,,-16.8054,-14.8949,4.3359,0.9875,16.28,-0.2028,-0.7953,-26.8488,-26.8485
wmcodec,8,chinese:SSB0241,0,63,single_copy,0,,-0.0016,7.1533,4.6439,1.0000,148.51,0.1438,-0.2013,-15.8621,-15.8622
wmcodec,8,chinese:SSB0241,0,63,mean,1,,-12.0519,-10.5285,4.3076,0.9896,15.71,0.1438,-0.2013,-15.8621,-15.8622
wmcodec,8,chinese:SSB0241,0,63,rp,1,,-17.2764,-16.7498,4.1894,0.9854,13.06,0.1438,-0.2013,-15.8621,-15.8622
wmcodec,8,chinese:SSB0241,0,63,random_dirichlet,1,,-8.4678,-8.0759,4.1980,0.9874,14.64,0.1438,-0.2013,-15.8621,-15.8622
wmcodec,8,chinese:SSB0241,0,63,eep,1,,-32.4932,-32.0569,4.4417,0.9921,18.20,0.1438,-0.2013,-15.8621,-15.8622
wmcodec,8,chinese:SSB0241,0,63,fwp,1,,-20.2681,-19.9538,4.1183,0.9825,13.18,0.1438,-0.2013,-15.8621,-15.8622
wmcodec,8,chinese:SSB0241,0,63,dm,1,,-17.2174,-15.8991,4.2983,0.9891,15.51,0.1438,-0.2013,-15.8621,-15.8622
wmcodec,8,chinese:SSB0241,0,63,tct,1,,-16.9981,-15.8621,4.2629,0.9871,14.25,0.1438,-0.2013,-15.8621,-15.8622
wmcodec,8,chinese:SSB0241,0,63,payload_farthest,1,,-20.2681,-19.9538,4.1183,0.9825,13.18,0.1438,-0.2013,-15.8621,-15.8622
wmcodec,8,chinese:SSB0241,1,64,single_copy,1,,-4.2649,-4.2448,4.6439,1.0000,148.47,0.0604,-0.0300,-17.3953,-17.3953
wmcodec,8,chinese:SSB0241,1,64,mean,1,,-12.3296,-11.6063,4.3535,0.9905,15.66,0.0604,-0.0300,-17.3953,-17.3953
wmcodec,8,chinese:SSB0241,1,64,rp,1,,-27.0232,-26.9611,4.2155,0.9853,13.43,0.0604,-0.0300,-17.3953,-17.3953
wmcodec,8,chinese:SSB0241,1,64,random_dirichlet,1,,-2.5566,-1.8399,4.3978,0.9909,15.66,0.0604,-0.0300,-17.3953,-17.3953
wmcodec,8,chinese:SSB0241,1,64,eep,1,,-13.0313,-12.6397,4.1248,0.9853,13.27,0.0604,-0.0300,-17.3953,-17.3953
wmcodec,8,chinese:SSB0241,1,64,fwp,1,,-4.5199,-2.7497,4.2544,0.9840,13.07,0.0604,-0.0300,-17.3953,-17.3953
wmcodec,8,chinese:SSB0241,1,64,dm,1,,-11.5759,-11.0995,4.3412,0.9902,15.54,0.0604,-0.0300,-17.3953,-17.3953
wmcodec,8,chinese:SSB0241,1,64,tct,1,,-17.4309,-17.3953,4.2084,0.9891,14.74,0.0604,-0.0300,-17.3953,-17.3953
wmcodec,8,chinese:SSB0241,1,64,payload_farthest,1,,-19.5427,-19.3953,4.3679,0.9923,17.96,0.0604,-0.0300,-17.3953,-17.3953
wmcodec,8,chinese:SSB0241,2,65,single_copy,1,,-9.5957,-9.5874,4.6439,1.0000,148.27,-0.0210,-0.4056,-13.9938,-13.9939
wmcodec,8,chinese:SSB0241,2,65,mean,1,,-8.2825,-5.6830,4.3237,0.9868,15.90,-0.0210,-0.4056,-13.9938,-13.9939
wmcodec,8,chinese:SSB0241,2,65,rp,1,,-19.7326,-18.6600,4.1370,0.9815,13.37,-0.0210,-0.4056,-13.9938,-13.9939
wmcodec,8,chinese:SSB0241,2,65,random_dirichlet,1,,-9.3135,-7.5983,4.3468,0.9874,16.18,-0.0210,-0.4056,-13.9938,-13.9939
wmcodec,8,chinese:SSB0241,2,65,eep,1,,-17.8405,-16.9847,4.4613,0.9921,17.93,-0.0210,-0.4056,-13.9938,-13.9939
wmcodec,8,chinese:SSB0241,2,65,fwp,1,,-24.4684,-23.8865,4.1838,0.9821,13.26,-0.0210,-0.4056,-13.9938,-13.9939
wmcodec,8,chinese:SSB0241,2,65,dm,1,,-7.5260,-5.0828,4.2569,0.9851,14.96,-0.0210,-0.4056,-13.9938,-13.9939
wmcodec,8,chinese:SSB0241,2,65,tct,1,,-14.4621,-13.9938,4.1969,0.9849,14.48,-0.0210,-0.4056,-13.9938,-13.9939
wmcodec,8,chinese:SSB0241,2,65,payload_farthest,1,,-24.4684,-23.8865,4.1838,0.9821,13.26,-0.0210,-0.4056,-13.9938,-13.9939
wmcodec,8,chinese:SSB0246,0,66,single_copy,1,,-3.3128,-3.2708,4.6439,1.0000,141.16,0.0356,-0.4947,-28.1265,-28.1265
wmcodec,8,chinese:SSB0246,0,66,mean,1,,-24.2617,-23.7446,4.1883,0.9846,16.16,0.0356,-0.4947,-28.1265,-28.1265
wmcodec,8,chinese:SSB0246,0,66,rp,1,,-34.6388,-34.4802,4.0642,0.9804,14.44,0.0356,-0.4947,-28.1265,-28.1265
wmcodec,8,chinese:SSB0246,0,66,random_dirichlet,1,,-6.5649,-6.4075,4.3337,0.9869,16.42,0.0356,-0.4947,-28.1265,-28.1265
wmcodec,8,chinese:SSB0246,0,66,eep,1,,-18.9857,-18.6136,4.0091,0.9785,13.76,0.0356,-0.4947,-28.1265,-28.1265
wmcodec,8,chinese:SSB0246,0,66,fwp,1,,-32.5535,-32.5004,4.2981,0.9894,18.02,0.0356,-0.4947,-28.1265,-28.1265
wmcodec,8,chinese:SSB0246,0,66,dm,1,,-25.0708,-24.6496,4.2200,0.9852,16.42,0.0356,-0.4947,-28.1265,-28.1265
wmcodec,8,chinese:SSB0246,0,66,tct,1,,-29.1778,-28.1265,4.2078,0.9852,16.31,0.0356,-0.4947,-28.1265,-28.1265
wmcodec,8,chinese:SSB0246,0,66,payload_farthest,1,,-8.3918,-8.1375,3.9408,0.9778,13.16,0.0356,-0.4947,-28.1265,-28.1265
wmcodec,8,chinese:SSB0246,1,67,single_copy,1,,-7.7108,-7.7101,4.6439,1.0000,140.92,0.4552,-0.6116,-13.9600,-13.9597
wmcodec,8,chinese:SSB0246,1,67,mean,1,,-9.7861,-8.0427,4.2712,0.9841,16.35,0.4552,-0.6116,-13.9600,-13.9597
wmcodec,8,chinese:SSB0246,1,67,rp,1,,-9.5258,-9.3963,4.0552,0.9800,13.77,0.4552,-0.6116,-13.9600,-13.9597
wmcodec,8,chinese:SSB0246,1,67,random_dirichlet,1,,-23.1813,-22.5935,4.0421,0.9805,14.51,0.4552,-0.6116,-13.9600,-13.9597
wmcodec,8,chinese:SSB0246,1,67,eep,1,,-29.0311,-28.9984,4.4041,0.9906,18.11,0.4552,-0.6116,-13.9600,-13.9597
wmcodec,8,chinese:SSB0246,1,67,fwp,1,,-19.2171,-18.2677,4.0473,0.9768,13.48,0.4552,-0.6116,-13.9600,-13.9597
wmcodec,8,chinese:SSB0246,1,67,dm,1,,-11.1193,-9.3950,4.2423,0.9830,15.89,0.4552,-0.6116,-13.9600,-13.9597
wmcodec,8,chinese:SSB0246,1,67,tct,1,,-13.9830,-13.9600,4.1127,0.9822,15.30,0.4552,-0.6116,-13.9600,-13.9597
wmcodec,8,chinese:SSB0246,1,67,payload_farthest,1,,-18.1604,-17.8862,3.9807,0.9798,14.39,0.4552,-0.6116,-13.9600,-13.9597
wmcodec,8,chinese:SSB0246,2,68,single_copy,0,,-0.0026,6.1188,4.6439,1.0000,141.24,0.0164,-0.5011,-15.6125,-15.6124
wmcodec,8,chinese:SSB0246,2,68,mean,1,,-11.0824,-10.7400,4.2532,0.9868,16.59,0.0164,-0.5011,-15.6125,-15.6124
wmcodec,8,chinese:SSB0246,2,68,rp,1,,-23.5384,-22.5405,4.3492,0.9918,18.99,0.0164,-0.5011,-15.6125,-15.6124
wmcodec,8,chinese:SSB0246,2,68,random_dirichlet,1,,-7.1021,-6.6241,4.3631,0.9891,17.45,0.0164,-0.5011,-15.6125,-15.6124
wmcodec,8,chinese:SSB0246,2,68,eep,1,,-13.3267,-12.5530,3.9480,0.9801,13.96,0.0164,-0.5011,-15.6125,-15.6124
wmcodec,8,chinese:SSB0246,2,68,fwp,1,,-4.5218,-4.1623,3.9367,0.9795,14.13,0.0164,-0.5011,-15.6125,-15.6124
wmcodec,8,chinese:SSB0246,2,68,dm,1,,-6.0510,-5.4903,4.2275,0.9862,16.44,0.0164,-0.5011,-15.6125,-15.6124
wmcodec,8,chinese:SSB0246,2,68,tct,1,,-16.8612,-15.6125,4.3757,0.9917,19.14,0.0164,-0.5011,-15.6125,-15.6124
wmcodec,8,chinese:SSB0246,2,68,payload_farthest,1,,-13.7002,-12.5061,3.9855,0.9816,14.13,0.0164,-0.5011,-15.6125,-15.6124
wmcodec,8,chinese:SSB0261,0,69,single_copy,1,,-9.4738,-9.4642,4.6439,1.0000,142.16,-0.0640,0.4790,-28.6181,-28.6199
wmcodec,8,chinese:SSB0261,0,69,mean,1,,-14.3241,-12.4686,4.2864,0.9805,13.93,-0.0640,0.4790,-28.6181,-28.6199
wmcodec,8,chinese:SSB0261,0,69,rp,1,,-25.5053,-25.3855,3.9782,0.9709,11.32,-0.0640,0.4790,-28.6181,-28.6199
wmcodec,8,chinese:SSB0261,0,69,random_dirichlet,1,,-9.1295,-8.6855,4.1197,0.9754,12.40,-0.0640,0.4790,-28.6181,-28.6199
wmcodec,8,chinese:SSB0261,0,69,eep,1,,-21.6497,-20.4820,3.9591,0.9708,11.34,-0.0640,0.4790,-28.6181,-28.6199
wmcodec,8,chinese:SSB0261,0,69,fwp,1,,-21.6497,-20.4820,3.9591,0.9708,11.34,-0.0640,0.4790,-28.6181,-28.6199
wmcodec,8,chinese:SSB0261,0,69,dm,1,,-12.9939,-10.0278,4.2716,0.9800,13.85,-0.0640,0.4790,-28.6181,-28.6199
wmcodec,8,chinese:SSB0261,0,69,tct,1,,-28.9172,-28.6181,4.1214,0.9769,12.78,-0.0640,0.4790,-28.6181,-28.6199
wmcodec,8,chinese:SSB0261,0,69,payload_farthest,1,,-40.8331,-40.4393,4.0506,0.9720,11.40,-0.0640,0.4790,-28.6181,-28.6199
wmcodec,8,chinese:SSB0261,1,70,single_copy,1,,-0.7860,-0.1407,4.6439,1.0000,142.06,0.1740,-0.6857,-14.5971,-14.5969
wmcodec,8,chinese:SSB0261,1,70,mean,1,,-9.9401,-9.2521,4.2638,0.9790,14.06,0.1740,-0.6857,-14.5971,-14.5969
wmcodec,8,chinese:SSB0261,1,70,rp,1,,-9.8085,-8.3828,4.4334,0.9872,16.24,0.1740,-0.6857,-14.5971,-14.5969
wmcodec,8,chinese:SSB0261,1,70,random_dirichlet,1,,-9.9686,-8.9785,4.1874,0.9756,12.77,0.1740,-0.6857,-14.5971,-14.5969
wmcodec,8,chinese:SSB0261,1,70,eep,1,,-20.4715,-20.0091,4.0380,0.9708,11.76,0.1740,-0.6857,-14.5971,-14.5969
wmcodec,8,chinese:SSB0261,1,70,fwp,1,,-18.3693,-18.0016,4.0592,0.9708,11.75,0.1740,-0.6857,-14.5971,-14.5969
wmcodec,8,chinese:SSB0261,1,70,dm,1,,-13.5086,-12.2868,4.2317,0.9780,13.80,0.1740,-0.6857,-14.5971,-14.5969
wmcodec,8,chinese:SSB0261,1,70,tct,1,,-14.9287,-14.5971,4.1693,0.9748,12.64,0.1740,-0.6857,-14.5971,-14.5969
wmcodec,8,chinese:SSB0261,1,70,payload_farthest,1,,-16.4347,-16.1265,4.0000,0.9696,11.64,0.1740,-0.6857,-14.5971,-14.5969
wmcodec,8,chinese:SSB0261,2,71,single_copy,0,,-0.0103,5.2317,4.6439,1.0000,142.20,0.0959,-0.6883,-21.5426,-21.5424
wmcodec,8,chinese:SSB0261,2,71,mean,1,,-12.8445,-12.4855,4.2171,0.9798,13.81,0.0959,-0.6883,-21.5426,-21.5424
wmcodec,8,chinese:SSB0261,2,71,rp,1,,-31.3979,-30.9932,4.0035,0.9722,11.17,0.0959,-0.6883,-21.5426,-21.5424
wmcodec,8,chinese:SSB0261,2,71,random_dirichlet,1,,-16.7286,-16.7140,4.1711,0.9795,13.21,0.0959,-0.6883,-21.5426,-21.5424
wmcodec,8,chinese:SSB0261,2,71,eep,1,,-14.4504,-13.3858,4.3617,0.9870,16.08,0.0959,-0.6883,-21.5426,-21.5424
wmcodec,8,chinese:SSB0261,2,71,fwp,1,,-31.0734,-30.4916,4.0675,0.9716,11.39,0.0959,-0.6883,-21.5426,-21.5424
wmcodec,8,chinese:SSB0261,2,71,dm,1,,-17.2171,-17.1065,4.2258,0.9798,13.86,0.0959,-0.6883,-21.5426,-21.5424
wmcodec,8,chinese:SSB0261,2,71,tct,1,,-21.5690,-21.5426,3.9834,0.9753,12.04,0.0959,-0.6883,-21.5426,-21.5424
wmcodec,8,chinese:SSB0261,2,71,payload_farthest,1,,-8.1161,-6.5093,4.0958,0.9720,11.51,0.0959,-0.6883,-21.5426,-21.5424
wmcodec,8,chinese:SSB0267,0,72,single_copy,1,,-3.7077,-3.5964,4.6439,1.0000,141.30,0.3033,-0.0199,-13.7664,-13.7671
wmcodec,8,chinese:SSB0267,0,72,mean,1,,-9.9079,-8.4224,4.1190,0.9779,16.49,0.3033,-0.0199,-13.7664,-13.7671
wmcodec,8,chinese:SSB0267,0,72,rp,1,,-21.2734,-20.7763,3.7699,0.9714,14.54,0.3033,-0.0199,-13.7664,-13.7671
wmcodec,8,chinese:SSB0267,0,72,random_dirichlet,1,,-18.5594,-18.1460,3.9298,0.9731,15.09,0.3033,-0.0199,-13.7664,-13.7671
wmcodec,8,chinese:SSB0267,0,72,eep,1,,-18.6526,-18.3664,3.8268,0.9714,14.05,0.3033,-0.0199,-13.7664,-13.7671
wmcodec,8,chinese:SSB0267,0,72,fwp,1,,-21.2113,-20.4740,3.8302,0.9701,14.44,0.3033,-0.0199,-13.7664,-13.7671
wmcodec,8,chinese:SSB0267,0,72,dm,1,,-13.1399,-12.1673,4.0780,0.9771,16.18,0.3033,-0.0199,-13.7664,-13.7671
wmcodec,8,chinese:SSB0267,0,72,tct,1,,-14.6970,-13.7664,4.0513,0.9760,15.61,0.3033,-0.0199,-13.7664,-13.7671
wmcodec,8,chinese:SSB0267,0,72,payload_farthest,1,,-25.9352,-25.7586,3.7063,0.9707,14.37,0.3033,-0.0199,-13.7664,-13.7671
wmcodec,8,chinese:SSB0267,1,73,single_copy,1,,-5.0236,-4.9850,4.6439,1.0000,141.40,0.1794,-0.2280,-4.8736,-4.8736
wmcodec,8,chinese:SSB0267,1,73,mean,1,,-7.1117,-5.1659,4.1994,0.9787,16.92,0.1794,-0.2280,-4.8736,-4.8736
wmcodec,8,chinese:SSB0267,1,73,rp,1,,-20.9553,-19.7889,3.8704,0.9673,14.36,0.1794,-0.2280,-4.8736,-4.8736
wmcodec,8,chinese:SSB0267,1,73,random_dirichlet,1,,-11.8185,-10.8372,4.0749,0.9750,15.93,0.1794,-0.2280,-4.8736,-4.8736
wmcodec,8,chinese:SSB0267,1,73,eep,1,,-13.7416,-13.2701,3.8609,0.9722,14.69,0.1794,-0.2280,-4.8736,-4.8736
wmcodec,8,chinese:SSB0267,1,73,fwp,1,,-27.0794,-26.2848,3.9254,0.9705,14.59,0.1794,-0.2280,-4.8736,-4.8736
wmcodec,8,chinese:SSB0267,1,73,dm,1,,-9.8447,-6.7766,4.1478,0.9758,16.26,0.1794,-0.2280,-4.8736,-4.8736
wmcodec,8,chinese:SSB0267,1,73,tct,1,,-5.0418,-4.8736,3.9774,0.9727,15.14,0.1794,-0.2280,-4.8736,-4.8736
wmcodec,8,chinese:SSB0267,1,73,payload_farthest,1,,-21.7809,-21.2635,3.9221,0.9716,14.44,0.1794,-0.2280,-4.8736,-4.8736
wmcodec,8,chinese:SSB0267,2,74,single_copy,0,,-0.0005,8.0272,4.6439,1.0000,141.46,0.2370,-0.5849,-6.7055,-6.7054
wmcodec,8,chinese:SSB0267,2,74,mean,1,,-10.7157,-9.1561,4.1041,0.9791,17.00,0.2370,-0.5849,-6.7055,-6.7054
wmcodec,8,chinese:SSB0267,2,74,rp,1,,-10.3860,-10.3645,4.2990,0.9886,19.39,0.2370,-0.5849,-6.7055,-6.7054
wmcodec,8,chinese:SSB0267,2,74,random_dirichlet,1,,-6.5293,-6.4966,4.2951,0.9862,18.88,0.2370,-0.5849,-6.7055,-6.7054
wmcodec,8,chinese:SSB0267,2,74,eep,1,,-16.5053,-15.1552,3.7756,0.9740,14.58,0.2370,-0.5849,-6.7055,-6.7054
wmcodec,8,chinese:SSB0267,2,74,fwp,1,,-7.4417,-6.3186,3.7854,0.9710,14.88,0.2370,-0.5849,-6.7055,-6.7054
wmcodec,8,chinese:SSB0267,2,74,dm,1,,-11.1931,-10.3124,4.0255,0.9769,16.45,0.2370,-0.5849,-6.7055,-6.7054
wmcodec,8,chinese:SSB0267,2,74,tct,1,,-6.7898,-6.7055,4.2369,0.9826,18.06,0.2370,-0.5849,-6.7055,-6.7054
wmcodec,8,chinese:SSB0267,2,74,payload_farthest,1,,-20.1969,-18.8374,3.6822,0.9717,14.98,0.2370,-0.5849,-6.7055,-6.7054
wmcodec,8,chinese:SSB0273,0,75,single_copy,1,,-1.8591,-1.6873,4.6439,1.0000,149.60,-0.0693,0.1126,-11.4534,-11.4534
wmcodec,8,chinese:SSB0273,0,75,mean,1,,-4.5732,-3.7291,4.4203,0.9886,17.40,-0.0693,0.1126,-11.4534,-11.4534
wmcodec,8,chinese:SSB0273,0,75,rp,1,,-11.7973,-11.7832,4.1168,0.9840,14.34,-0.0693,0.1126,-11.4534,-11.4534
wmcodec,8,chinese:SSB0273,0,75,random_dirichlet,1,,-8.2440,-7.6847,4.4316,0.9887,17.46,-0.0693,0.1126,-11.4534,-11.4534
wmcodec,8,chinese:SSB0273,0,75,eep,1,,-17.9638,-17.5519,4.1756,0.9843,14.58,-0.0693,0.1126,-11.4534,-11.4534
wmcodec,8,chinese:SSB0273,0,75,fwp,1,,-26.8281,-26.5329,4.1587,0.9830,14.83,-0.0693,0.1126,-11.4534,-11.4534
wmcodec,8,chinese:SSB0273,0,75,dm,1,,-7.7432,-3.9813,4.3645,0.9865,16.55,-0.0693,0.1126,-11.4534,-11.4534
wmcodec,8,chinese:SSB0273,0,75,tct,1,,-12.8101,-11.4534,4.2634,0.9837,15.02,-0.0693,0.1126,-11.4534,-11.4534
wmcodec,8,chinese:SSB0273,0,75,payload_farthest,1,,-6.5930,-6.2179,4.4872,0.9935,19.83,-0.0693,0.1126,-11.4534,-11.4534
wmcodec,8,chinese:SSB0273,1,76,single_copy,1,,-6.1138,-6.1070,4.6439,1.0000,149.67,-0.0277,-0.1735,-12.6203,-12.6202
wmcodec,8,chinese:SSB0273,1,76,mean,1,,-18.8197,-16.7868,4.3335,0.9868,16.93,-0.0277,-0.1735,-12.6203,-12.6202
wmcodec,8,chinese:SSB0273,1,76,rp,1,,-18.2422,-17.1537,4.0253,0.9823,14.29,-0.0277,-0.1735,-12.6203,-12.6202
wmcodec,8,chinese:SSB0273,1,76,random_dirichlet,1,,-19.8783,-18.2011,4.2977,0.9858,16.62,-0.0277,-0.1735,-12.6203,-12.6202
wmcodec,8,chinese:SSB0273,1,76,eep,1,,-29.1696,-28.1440,4.3555,0.9912,18.78,-0.0277,-0.1735,-12.6203,-12.6202
wmcodec,8,chinese:SSB0273,1,76,fwp,1,,-28.6482,-28.5137,4.1310,0.9807,14.63,-0.0277,-0.1735,-12.6203,-12.6202
wmcodec,8,chinese:SSB0273,1,76,dm,1,,-16.9227,-15.6075,4.3219,0.9856,16.66,-0.0277,-0.1735,-12.6203,-12.6202
wmcodec,8,chinese:SSB0273,1,76,tct,1,,-12.7700,-12.6203,4.3733,0.9900,17.77,-0.0277,-0.1735,-12.6203,-12.6202
wmcodec,8,chinese:SSB0273,1,76,payload_farthest,1,,-12.5689,-12.3448,4.4759,0.9931,19.39,-0.0277,-0.1735,-12.6203,-12.6202
wmcodec,8,chinese:SSB0273,2,77,single_copy,0,,-0.0012,7.2157,4.6439,1.0000,149.63,0.1661,0.4319,-6.0414,-6.0418
wmcodec,8,chinese:SSB0273,2,77,mean,1,,-14.6335,-12.8978,4.3166,0.9857,17.41,0.1661,0.4319,-6.0414,-6.0418
wmcodec,8,chinese:SSB0273,2,77,rp,1,,-5.0734,-3.9577,4.0570,0.9804,14.18,0.1661,0.4319,-6.0414,-6.0418
wmcodec,8,chinese:SSB0273,2,77,random_dirichlet,1,,-3.1667,-3.0265,4.3021,0.9860,16.76,0.1661,0.4319,-6.0414,-6.0418
wmcodec,8,chinese:SSB0273,2,77,eep,1,,-32.2020,-31.0816,4.1245,0.9814,14.65,0.1661,0.4319,-6.0414,-6.0418
wmcodec,8,chinese:SSB0273,2,77,fwp,1,,-42.4347,-41.8864,4.0422,0.9792,14.42,0.1661,0.4319,-6.0414,-6.0418
wmcodec,8,chinese:SSB0273,2,77,dm,1,,-18.2097,-16.2601,4.2726,0.9835,16.60,0.1661,0.4319,-6.0414,-6.0418
wmcodec,8,chinese:SSB0273,2,77,tct,1,,-7.4713,-6.0414,4.3135,0.9868,16.69,0.1661,0.4319,-6.0414,-6.0418
wmcodec,8,chinese:SSB0273,2,77,payload_farthest,1,,-22.3919,-21.9508,4.2138,0.9841,15.38,0.1661,0.4319,-6.0414,-6.0418
wmcodec,8,chinese:SSB0287,0,78,single_copy,1,,-5.9072,-5.8545,4.6439,1.0000,148.89,0.1576,0.5948,-14.5112,-14.5117
wmcodec,8,chinese:SSB0287,0,78,mean,1,,-12.2824,-9.9739,4.2957,0.9828,13.30,0.1576,0.5948,-14.5112,-14.5117
wmcodec,8,chinese:SSB0287,0,78,rp,1,,-19.8180,-19.4349,4.1934,0.9778,11.31,0.1576,0.5948,-14.5112,-14.5117
wmcodec,8,chinese:SSB0287,0,78,random_dirichlet,1,,-12.5036,-11.3094,4.1369,0.9784,11.93,0.1576,0.5948,-14.5112,-14.5117
wmcodec,8,chinese:SSB0287,0,78,eep,1,,-6.4287,-6.0733,4.1329,0.9785,11.38,0.1576,0.5948,-14.5112,-14.5117
wmcodec,8,chinese:SSB0287,0,78,fwp,1,,-23.7517,-23.0223,4.0691,0.9762,10.91,0.1576,0.5948,-14.5112,-14.5117
wmcodec,8,chinese:SSB0287,0,78,dm,1,,-17.5403,-15.6123,4.2798,0.9830,13.52,0.1576,0.5948,-14.5112,-14.5117
wmcodec,8,chinese:SSB0287,0,78,tct,1,,-15.7313,-14.5112,4.4434,0.9891,15.73,0.1576,0.5948,-14.5112,-14.5117
wmcodec,8,chinese:SSB0287,0,78,payload_farthest,1,,-10.0476,-9.1611,4.3717,0.9863,15.59,0.1576,0.5948,-14.5112,-14.5117
wmcodec,8,chinese:SSB0287,1,79,single_copy,1,,-6.4680,-6.4455,4.6439,1.0000,148.88,0.3676,-0.7398,-1.1044,-1.1047
wmcodec,8,chinese:SSB0287,1,79,mean,1,,-9.0504,-7.5817,4.3697,0.9845,14.64,0.3676,-0.7398,-1.1044,-1.1047
wmcodec,8,chinese:SSB0287,1,79,rp,1,,-16.8074,-16.6737,4.0838,0.9781,11.01,0.3676,-0.7398,-1.1044,-1.1047
wmcodec,8,chinese:SSB0287,1,79,random_dirichlet,1,,-4.5025,-3.1788,4.3313,0.9830,13.52,0.3676,-0.7398,-1.1044,-1.1047
wmcodec,8,chinese:SSB0287,1,79,eep,1,,-5.0886,-4.9659,4.0818,0.9763,11.51,0.3676,-0.7398,-1.1044,-1.1047
wmcodec,8,chinese:SSB0287,1,79,fwp,1,,-25.4981,-24.8943,4.1695,0.9786,11.37,0.3676,-0.7398,-1.1044,-1.1047
wmcodec,8,chinese:SSB0287,1,79,dm,1,,-11.5417,-10.1462,4.2675,0.9818,13.13,0.3676,-0.7398,-1.1044,-1.1047
wmcodec,8,chinese:SSB0287,1,79,tct,1,,-2.6518,-1.1044,4.1710,0.9797,12.59,0.3676,-0.7398,-1.1044,-1.1047
wmcodec,8,chinese:SSB0287,1,79,payload_farthest,1,,-16.8074,-16.6737,4.0838,0.9781,11.01,0.3676,-0.7398,-1.1044,-1.1047
wmcodec,8,chinese:SSB0287,2,80,single_copy,1,,-3.0396,-2.1244,4.6439,1.0000,148.90,0.4141,0.4296,4.2802,4.2803
wmcodec,8,chinese:SSB0287,2,80,mean,1,,-7.7192,-4.0981,4.3698,0.9841,13.88,0.4141,0.4296,4.2802,4.2803
wmcodec,8,chinese:SSB0287,2,80,rp,1,,-26.7001,-26.3215,4.1229,0.9779,12.29,0.4141,0.4296,4.2802,4.2803
wmcodec,8,chinese:SSB0287,2,80,random_dirichlet,1,,-10.4077,-6.8189,4.3214,0.9821,13.33,0.4141,0.4296,4.2802,4.2803
wmcodec,8,chinese:SSB0287,2,80,eep,1,,-8.7103,-7.7498,4.1915,0.9792,10.87,0.4141,0.4296,4.2802,4.2803
wmcodec,8,chinese:SSB0287,2,80,fwp,1,,-26.7001,-26.3215,4.1229,0.9779,12.29,0.4141,0.4296,4.2802,4.2803
wmcodec,8,chinese:SSB0287,2,80,dm,1,,-10.8316,-7.4735,4.2852,0.9810,12.94,0.4141,0.4296,4.2802,4.2803
wmcodec,8,chinese:SSB0287,2,80,tct,0,,-0.0516,4.2802,4.3198,0.9837,13.14,0.4141,0.4296,4.2802,4.2803
wmcodec,8,chinese:SSB0287,2,80,payload_farthest,1,,-10.5531,-8.9610,4.1926,0.9771,11.13,0.4141,0.4296,4.2802,4.2803
wmcodec,8,chinese:SSB0288,0,81,single_copy,0,,-0.0011,6.9411,4.6439,1.0000,141.01,0.3388,-0.8764,-10.3433,-10.3433
wmcodec,8,chinese:SSB0288,0,81,mean,1,,-10.7767,-9.1236,4.2622,0.9854,15.26,0.3388,-0.8764,-10.3433,-10.3433
wmcodec,8,chinese:SSB0288,0,81,rp,1,,-7.4646,-6.7993,4.1713,0.9821,14.05,0.3388,-0.8764,-10.3433,-10.3433
wmcodec,8,chinese:SSB0288,0,81,random_dirichlet,1,,-10.7199,-9.2599,4.1509,0.9818,13.77,0.3388,-0.8764,-10.3433,-10.3433
wmcodec,8,chinese:SSB0288,0,81,eep,1,,-16.7637,-15.2556,4.1513,0.9804,13.73,0.3388,-0.8764,-10.3433,-10.3433
wmcodec,8,chinese:SSB0288,0,81,fwp,1,,-21.8861,-19.6094,4.3421,0.9891,16.82,0.3388,-0.8764,-10.3433,-10.3433
wmcodec,8,chinese:SSB0288,0,81,dm,1,,-13.9009,-9.2553,4.2847,0.9857,15.59,0.3388,-0.8764,-10.3433,-10.3433
wmcodec,8,chinese:SSB0288,0,81,tct,1,,-13.6400,-10.3433,4.1992,0.9829,14.42,0.3388,-0.8764,-10.3433,-10.3433
wmcodec,8,chinese:SSB0288,0,81,payload_farthest,1,,-11.5609,-10.8267,4.1000,0.9808,13.40,0.3388,-0.8764,-10.3433,-10.3433
wmcodec,8,chinese:SSB0288,1,82,single_copy,0,,-0.0005,8.3022,4.6439,1.0000,141.09,-0.0787,-0.1310,-13.3192,-13.3186
wmcodec,8,chinese:SSB0288,1,82,mean,1,,-19.1278,-18.2747,4.3177,0.9871,15.96,-0.0787,-0.1310,-13.3192,-13.3186
wmcodec,8,chinese:SSB0288,1,82,rp,1,,-15.1551,-13.6428,4.0798,0.9809,13.43,-0.0787,-0.1310,-13.3192,-13.3186
wmcodec,8,chinese:SSB0288,1,82,random_dirichlet,1,,-19.3983,-19.2076,4.3305,0.9876,16.05,-0.0787,-0.1310,-13.3192,-13.3186
wmcodec,8,chinese:SSB0288,1,82,eep,1,,-17.1744,-14.9951,4.3816,0.9913,17.74,-0.0787,-0.1310,-13.3192,-13.3186
wmcodec,8,chinese:SSB0288,1,82,fwp,1,,-17.1744,-14.9951,4.3816,0.9913,17.74,-0.0787,-0.1310,-13.3192,-13.3186
wmcodec,8,chinese:SSB0288,1,82,dm,1,,-18.0249,-17.5906,4.3250,0.9871,16.00,-0.0787,-0.1310,-13.3192,-13.3186
wmcodec,8,chinese:SSB0288,1,82,tct,1,,-13.3932,-13.3192,4.4435,0.9921,19.10,-0.0787,-0.1310,-13.3192,-13.3186
wmcodec,8,chinese:SSB0288,1,82,payload_farthest,1,,-17.8925,-16.7775,4.1529,0.9798,13.05,-0.0787,-0.1310,-13.3192,-13.3186
wmcodec,8,chinese:SSB0288,2,83,single_copy,1,,-6.5593,-6.5359,4.6439,1.0000,141.13,-0.0321,0.4160,-20.7433,-20.7433
wmcodec,8,chinese:SSB0288,2,83,mean,1,,-14.4917,-13.7526,4.3662,0.9877,16.93,-0.0321,0.4160,-20.7433,-20.7433
wmcodec,8,chinese:SSB0288,2,83,rp,1,,-18.9787,-16.9913,4.2043,0.9828,14.78,-0.0321,0.4160,-20.7433,-20.7433
wmcodec,8,chinese:SSB0288,2,83,random_dirichlet,1,,-16.5452,-16.1347,4.3339,0.9856,15.73,-0.0321,0.4160,-20.7433,-20.7433
wmcodec,8,chinese:SSB0288,2,83,eep,1,,-21.0456,-20.2885,4.4118,0.9922,18.82,-0.0321,0.4160,-20.7433,-20.7433
wmcodec,8,chinese:SSB0288,2,83,fwp,1,,-16.8093,-16.2525,4.1560,0.9819,14.60,-0.0321,0.4160,-20.7433,-20.7433
wmcodec,8,chinese:SSB0288,2,83,dm,1,,-9.6011,-8.3774,4.3353,0.9864,16.42,-0.0321,0.4160,-20.7433,-20.7433
wmcodec,8,chinese:SSB0288,2,83,tct,1,,-20.9928,-20.7433,4.3849,0.9892,16.88,-0.0321,0.4160,-20.7433,-20.7433
wmcodec,8,chinese:SSB0288,2,83,payload_farthest,1,,-12.1058,-10.6308,4.0635,0.9826,14.03,-0.0321,0.4160,-20.7433,-20.7433
wmcodec,8,chinese:SSB0299,0,84,single_copy,0,,-0.2194,1.4774,4.6439,1.0000,142.19,0.0669,-0.3379,-17.6392,-17.6389
wmcodec,8,chinese:SSB0299,0,84,mean,1,,-11.1125,-9.7091,4.2516,0.9890,15.16,0.0669,-0.3379,-17.6392,-17.6389
wmcodec,8,chinese:SSB0299,0,84,rp,1,,-6.3195,-5.5505,4.2102,0.9870,13.73,0.0669,-0.3379,-17.6392,-17.6389
wmcodec,8,chinese:SSB0299,0,84,random_dirichlet,1,,-18.0606,-17.8931,4.1591,0.9873,13.98,0.0669,-0.3379,-17.6392,-17.6389
wmcodec,8,chinese:SSB0299,0,84,eep,1,,-20.5339,-20.1737,4.0940,0.9851,13.23,0.0669,-0.3379,-17.6392,-17.6389
wmcodec,8,chinese:SSB0299,0,84,fwp,1,,-30.4155,-29.6999,4.1261,0.9835,13.42,0.0669,-0.3379,-17.6392,-17.6389
wmcodec,8,chinese:SSB0299,0,84,dm,1,,-11.6722,-10.6886,4.2369,0.9883,15.08,0.0669,-0.3379,-17.6392,-17.6389
wmcodec,8,chinese:SSB0299,0,84,tct,1,,-18.1966,-17.6392,4.1415,0.9872,13.96,0.0669,-0.3379,-17.6392,-17.6389
wmcodec,8,chinese:SSB0299,0,84,payload_farthest,1,,-5.3581,-4.8882,4.0194,0.9843,11.59,0.0669,-0.3379,-17.6392,-17.6389
wmcodec,8,chinese:SSB0299,1,85,single_copy,1,,-5.0151,-4.8101,4.6439,1.0000,142.13,0.1293,0.2688,-13.5602,-13.5599
wmcodec,8,chinese:SSB0299,1,85,mean,1,,-14.6330,-13.5620,4.2618,0.9887,15.14,0.1293,0.2688,-13.5602,-13.5599
wmcodec,8,chinese:SSB0299,1,85,rp,1,,-9.5816,-8.9738,4.0364,0.9845,12.50,0.1293,0.2688,-13.5602,-13.5599
wmcodec,8,chinese:SSB0299,1,85,random_dirichlet,1,,-20.4466,-19.2762,4.1917,0.9865,14.20,0.1293,0.2688,-13.5602,-13.5599
wmcodec,8,chinese:SSB0299,1,85,eep,1,,-9.5816,-8.9738,4.0364,0.9845,12.50,0.1293,0.2688,-13.5602,-13.5599
wmcodec,8,chinese:SSB0299,1,85,fwp,1,,-20.0472,-19.1025,4.0893,0.9858,13.14,0.1293,0.2688,-13.5602,-13.5599
wmcodec,8,chinese:SSB0299,1,85,dm,1,,-11.4024,-10.0475,4.2370,0.9881,14.86,0.1293,0.2688,-13.5602,-13.5599
wmcodec,8,chinese:SSB0299,1,85,tct,1,,-13.6618,-13.5602,4.2571,0.9872,14.23,0.1293,0.2688,-13.5602,-13.5599
wmcodec,8,chinese:SSB0299,1,85,payload_farthest,1,,-20.0472,-19.1025,4.0893,0.9858,13.14,0.1293,0.2688,-13.5602,-13.5599
wmcodec,8,chinese:SSB0299,2,86,single_copy,0,,-0.0004,8.6012,4.6439,1.0000,142.09,0.0696,-0.2785,-12.6157,-12.6156
wmcodec,8,chinese:SSB0299,2,86,mean,1,,-11.7575,-10.1003,4.2698,0.9893,15.53,0.0696,-0.2785,-12.6157,-12.6156
wmcodec,8,chinese:SSB0299,2,86,rp,1,,-19.8505,-19.6483,3.9365,0.9844,12.36,0.0696,-0.2785,-12.6157,-12.6156
wmcodec,8,chinese:SSB0299,2,86,random_dirichlet,1,,-9.1956,-8.5588,4.1603,0.9879,13.95,0.0696,-0.2785,-12.6157,-12.6156
wmcodec,8,chinese:SSB0299,2,86,eep,1,,-21.4220,-20.6695,3.9352,0.9850,13.34,0.0696,-0.2785,-12.6157,-12.6156
wmcodec,8,chinese:SSB0299,2,86,fwp,1,,-21.4220,-20.6695,3.9352,0.9850,13.34,0.0696,-0.2785,-12.6157,-12.6156
wmcodec,8,chinese:SSB0299,2,86,dm,1,,-10.5818,-8.8836,4.2006,0.9882,15.06,0.0696,-0.2785,-12.6157,-12.6156
wmcodec,8,chinese:SSB0299,2,86,tct,1,,-12.9200,-12.6157,4.2837,0.9913,15.93,0.0696,-0.2785,-12.6157,-12.6156
wmcodec,8,chinese:SSB0299,2,86,payload_farthest,1,,-10.5535,-10.2889,4.3481,0.9928,17.37,0.0696,-0.2785,-12.6157,-12.6156
wmcodec,8,chinese:SSB0307,0,87,single_copy,1,,-6.8911,-6.7461,4.6439,1.0000,131.81,0.0542,-0.4637,-10.8705,-10.8705
wmcodec,8,chinese:SSB0307,0,87,mean,1,,-14.3356,-12.2741,4.4429,0.9818,15.27,0.0542,-0.4637,-10.8705,-10.8705
wmcodec,8,chinese:SSB0307,0,87,rp,1,,-19.3167,-18.6145,4.4797,0.9884,18.07,0.0542,-0.4637,-10.8705,-10.8705
wmcodec,8,chinese:SSB0307,0,87,random_dirichlet,1,,-5.5673,-4.3853,4.3702,0.9790,14.44,0.0542,-0.4637,-10.8705,-10.8705
wmcodec,8,chinese:SSB0307,0,87,eep,1,,-22.2395,-22.1688,4.3205,0.9744,12.98,0.0542,-0.4637,-10.8705,-10.8705
wmcodec,8,chinese:SSB0307,0,87,fwp,1,,-11.7065,-10.7609,4.2353,0.9738,13.29,0.0542,-0.4637,-10.8705,-10.8705
wmcodec,8,chinese:SSB0307,0,87,dm,1,,-14.5109,-11.4235,4.4483,0.9819,15.33,0.0542,-0.4637,-10.8705,-10.8705
wmcodec,8,chinese:SSB0307,0,87,tct,1,,-11.5718,-10.8705,4.4589,0.9868,17.44,0.0542,-0.4637,-10.8705,-10.8705
wmcodec,8,chinese:SSB0307,0,87,payload_farthest,1,,-14.7087,-13.6202,4.2849,0.9729,12.60,0.0542,-0.4637,-10.8705,-10.8705
wmcodec,8,chinese:SSB0307,1,88,single_copy,1,,-10.1032,-10.0767,4.6439,1.0000,131.74,-0.2630,0.6936,-16.9450,-16.9446
wmcodec,8,chinese:SSB0307,1,88,mean,1,,-7.3378,-6.2631,4.3758,0.9812,15.04,-0.2630,0.6936,-16.9450,-16.9446
wmcodec,8,chinese:SSB0307,1,88,rp,1,,-6.0274,-5.0243,4.1570,0.9728,12.24,-0.2630,0.6936,-16.9450,-16.9446
wmcodec,8,chinese:SSB0307,1,88,random_dirichlet,1,,-17.5067,-17.2086,4.2926,0.9761,13.56,-0.2630,0.6936,-16.9450,-16.9446
wmcodec,8,chinese:SSB0307,1,88,eep,1,,-14.3584,-13.2640,4.1663,0.9724,12.36,-0.2630,0.6936,-16.9450,-16.9446
wmcodec,8,chinese:SSB0307,1,88,fwp,1,,-19.7076,-18.5749,4.2609,0.9717,13.25,-0.2630,0.6936,-16.9450,-16.9446
wmcodec,8,chinese:SSB0307,1,88,dm,1,,-6.1697,-2.7719,4.3744,0.9810,15.00,-0.2630,0.6936,-16.9450,-16.9446
wmcodec,8,chinese:SSB0307,1,88,tct,1,,-17.6704,-16.9450,4.2598,0.9756,13.29,-0.2630,0.6936,-16.9450,-16.9446
wmcodec,8,chinese:SSB0307,1,88,payload_farthest,1,,-9.9457,-9.1074,4.4549,0.9894,17.73,-0.2630,0.6936,-16.9450,-16.9446
wmcodec,8,chinese:SSB0307,2,89,single_copy,0,,-0.0217,4.2657,4.6439,1.0000,131.87,-0.2004,0.2281,-8.2111,-8.2125
wmcodec,8,chinese:SSB0307,2,89,mean,1,,-17.4599,-17.1826,4.4556,0.9802,15.73,-0.2004,0.2281,-8.2111,-8.2125
wmcodec,8,chinese:SSB0307,2,89,rp,1,,-23.2282,-22.4693,4.5004,0.9885,17.72,-0.2004,0.2281,-8.2111,-8.2125
wmcodec,8,chinese:SSB0307,2,89,random_dirichlet,1,,-15.8265,-15.0607,4.4526,0.9811,15.78,-0.2004,0.2281,-8.2111,-8.2125
wmcodec,8,chinese:SSB0307,2,89,eep,1,,-14.9423,-14.2752,4.3162,0.9730,13.33,-0.2004,0.2281,-8.2111,-8.2125
wmcodec,8,chinese:SSB0307,2,89,fwp,1,,-19.9083,-18.3302,4.3133,0.9715,13.29,-0.2004,0.2281,-8.2111,-8.2125
wmcodec,8,chinese:SSB0307,2,89,dm,1,,-14.2279,-13.9209,4.4132,0.9772,14.99,-0.2004,0.2281,-8.2111,-8.2125
wmcodec,8,chinese:SSB0307,2,89,tct,1,,-9.6740,-8.2111,4.3500,0.9744,13.80,-0.2004,0.2281,-8.2111,-8.2125
wmcodec,8,chinese:SSB0307,2,89,payload_farthest,1,,-10.3273,-9.0512,4.4940,0.9892,18.06,-0.2004,0.2281,-8.2111,-8.2125
wmcodec,8,chinese:SSB0309,0,90,single_copy,0,,-0.0145,4.3482,4.6439,1.0000,143.63,-0.3755,0.0303,-16.1894,-16.1885
wmcodec,8,chinese:SSB0309,0,90,mean,1,,-12.2697,-11.0335,4.3189,0.9892,15.66,-0.3755,0.0303,-16.1894,-16.1885
wmcodec,8,chinese:SSB0309,0,90,rp,1,,-18.0080,-17.5737,4.1498,0.9849,13.83,-0.3755,0.0303,-16.1894,-16.1885
wmcodec,8,chinese:SSB0309,0,90,random_dirichlet,1,,-8.9137,-8.9099,4.5685,0.9959,21.41,-0.3755,0.0303,-16.1894,-16.1885
wmcodec,8,chinese:SSB0309,0,90,eep,1,,-15.0247,-14.6425,4.0510,0.9853,13.66,-0.3755,0.0303,-16.1894,-16.1885
wmcodec,8,chinese:SSB0309,0,90,fwp,1,,-10.3648,-9.5643,4.0589,0.9830,13.20,-0.3755,0.0303,-16.1894,-16.1885
wmcodec,8,chinese:SSB0309,0,90,dm,1,,-11.0622,-9.2077,4.3247,0.9888,15.77,-0.3755,0.0303,-16.1894,-16.1885
wmcodec,8,chinese:SSB0309,0,90,tct,1,,-16.2794,-16.1894,4.1961,0.9869,14.08,-0.3755,0.0303,-16.1894,-16.1885
wmcodec,8,chinese:SSB0309,0,90,payload_farthest,1,,-20.2598,-19.6431,4.0604,0.9847,13.27,-0.3755,0.0303,-16.1894,-16.1885
wmcodec,8,chinese:SSB0309,1,91,single_copy,1,,-4.5917,-4.5132,4.6439,1.0000,143.71,-0.1959,-0.4459,-15.9897,-15.9894
wmcodec,8,chinese:SSB0309,1,91,mean,1,,-12.3076,-10.4112,4.2879,0.9894,15.63,-0.1959,-0.4459,-15.9897,-15.9894
wmcodec,8,chinese:SSB0309,1,91,rp,1,,-21.4523,-21.2851,4.0912,0.9851,13.03,-0.1959,-0.4459,-15.9897,-15.9894
wmcodec,8,chinese:SSB0309,1,91,random_dirichlet,1,,-16.7908,-16.2313,4.2505,0.9891,14.92,-0.1959,-0.4459,-15.9897,-15.9894
wmcodec,8,chinese:SSB0309,1,91,eep,1,,-21.4523,-21.2851,4.0912,0.9851,13.03,-0.1959,-0.4459,-15.9897,-15.9894
wmcodec,8,chinese:SSB0309,1,91,fwp,1,,-28.2494,-27.6186,4.3946,0.9932,17.81,-0.1959,-0.4459,-15.9897,-15.9894
wmcodec,8,chinese:SSB0309,1,91,dm,1,,-25.2451,-24.4141,4.3205,0.9904,16.15,-0.1959,-0.4459,-15.9897,-15.9894
wmcodec,8,chinese:SSB0309,1,91,tct,1,,-16.2034,-15.9897,4.1175,0.9853,14.30,-0.1959,-0.4459,-15.9897,-15.9894
wmcodec,8,chinese:SSB0309,1,91,payload_farthest,1,,-18.9819,-16.5579,4.0860,0.9833,13.88,-0.1959,-0.4459,-15.9897,-15.9894
wmcodec,8,chinese:SSB0309,2,92,single_copy,1,,-1.3116,-0.8905,4.6439,1.0000,143.74,0.5527,0.4285,-14.9046,-14.9046
wmcodec,8,chinese:SSB0309,2,92,mean,1,,-26.9215,-26.6757,4.3471,0.9901,16.72,0.5527,0.4285,-14.9046,-14.9046
wmcodec,8,chinese:SSB0309,2,92,rp,1,,-7.2187,-5.4263,4.2279,0.9862,14.79,0.5527,0.4285,-14.9046,-14.9046
wmcodec,8,chinese:SSB0309,2,92,random_dirichlet,1,,-15.4958,-15.1141,4.3608,0.9903,16.82,0.5527,0.4285,-14.9046,-14.9046
wmcodec,8,chinese:SSB0309,2,92,eep,1,,-12.9796,-11.9751,4.1922,0.9837,14.33,0.5527,0.4285,-14.9046,-14.9046
wmcodec,8,chinese:SSB0309,2,92,fwp,1,,-24.7544,-23.5340,4.1932,0.9832,14.13,0.5527,0.4285,-14.9046,-14.9046
wmcodec,8,chinese:SSB0309,2,92,dm,1,,-19.9061,-18.8309,4.3412,0.9893,16.25,0.5527,0.4285,-14.9046,-14.9046
wmcodec,8,chinese:SSB0309,2,92,tct,1,,-15.2968,-14.9046,4.2075,0.9857,14.52,0.5527,0.4285,-14.9046,-14.9046
wmcodec,8,chinese:SSB0309,2,92,payload_farthest,1,,-24.7544,-23.5340,4.1932,0.9832,14.13,0.5527,0.4285,-14.9046,-14.9046
wmcodec,8,chinese:SSB0315,0,93,single_copy,0,,-0.0008,7.4764,4.6439,1.0000,145.58,0.0811,-0.0318,-16.0313,-16.0313
wmcodec,8,chinese:SSB0315,0,93,mean,1,,-23.0233,-22.3004,4.3117,0.9867,16.24,0.0811,-0.0318,-16.0313,-16.0313
wmcodec,8,chinese:SSB0315,0,93,rp,1,,-19.3327,-17.9277,4.0927,0.9800,13.88,0.0811,-0.0318,-16.0313,-16.0313
wmcodec,8,chinese:SSB0315,0,93,random_dirichlet,1,,-12.7991,-11.6501,4.2121,0.9833,15.00,0.0811,-0.0318,-16.0313,-16.0313
wmcodec,8,chinese:SSB0315,0,93,eep,1,,-17.7256,-16.3361,4.1870,0.9809,13.95,0.0811,-0.0318,-16.0313,-16.0313
wmcodec,8,chinese:SSB0315,0,93,fwp,1,,-18.6478,-18.0003,4.1000,0.9807,13.85,0.0811,-0.0318,-16.0313,-16.0313
wmcodec,8,chinese:SSB0315,0,93,dm,1,,-13.1577,-11.5349,4.2867,0.9861,15.93,0.0811,-0.0318,-16.0313,-16.0313
wmcodec,8,chinese:SSB0315,0,93,tct,1,,-17.4223,-16.0313,4.4327,0.9912,17.88,0.0811,-0.0318,-16.0313,-16.0313
wmcodec,8,chinese:SSB0315,0,93,payload_farthest,1,,-19.3327,-17.9277,4.0927,0.9800,13.88,0.0811,-0.0318,-16.0313,-16.0313
wmcodec,8,chinese:SSB0315,1,94,single_copy,1,,-6.0621,-5.9575,4.6439,1.0000,145.49,-0.0192,-0.4407,-15.9646,-15.9649
wmcodec,8,chinese:SSB0315,1,94,mean,1,,-14.2155,-13.0455,4.3877,0.9889,15.94,-0.0192,-0.4407,-15.9646,-15.9649
wmcodec,8,chinese:SSB0315,1,94,rp,1,,-16.9523,-16.1333,4.2971,0.9847,14.11,-0.0192,-0.4407,-15.9646,-15.9649
wmcodec,8,chinese:SSB0315,1,94,random_dirichlet,1,,-12.2103,-10.9071,4.3355,0.9865,14.73,-0.0192,-0.4407,-15.9646,-15.9649
wmcodec,8,chinese:SSB0315,1,94,eep,1,,-4.5559,-3.2529,4.1480,0.9840,13.32,-0.0192,-0.4407,-15.9646,-15.9649
wmcodec,8,chinese:SSB0315,1,94,fwp,1,,-21.0732,-20.5409,4.3076,0.9844,13.74,-0.0192,-0.4407,-15.9646,-15.9649
wmcodec,8,chinese:SSB0315,1,94,dm,1,,-4.9292,-4.1833,4.3768,0.9886,15.68,-0.0192,-0.4407,-15.9646,-15.9649
wmcodec,8,chinese:SSB0315,1,94,tct,1,,-16.9727,-15.9646,4.4699,0.9900,16.74,-0.0192,-0.4407,-15.9646,-15.9649
wmcodec,8,chinese:SSB0315,1,94,payload_farthest,1,,-16.9523,-16.1333,4.2971,0.9847,14.11,-0.0192,-0.4407,-15.9646,-15.9649
wmcodec,8,chinese:SSB0315,2,95,single_copy,1,,-5.5115,-5.3941,4.6439,1.0000,145.66,-0.2145,0.2143,-13.8939,-13.8939
wmcodec,8,chinese:SSB0315,2,95,mean,1,,-16.1630,-15.4493,4.3445,0.9870,15.25,-0.2145,0.2143,-13.8939,-13.8939
wmcodec,8,chinese:SSB0315,2,95,rp,1,,-17.7402,-17.0892,4.1834,0.9805,13.07,-0.2145,0.2143,-13.8939,-13.8939
wmcodec,8,chinese:SSB0315,2,95,random_dirichlet,1,,-15.3383,-14.7671,4.2671,0.9857,14.62,-0.2145,0.2143,-13.8939,-13.8939
wmcodec,8,chinese:SSB0315,2,95,eep,1,,-9.8412,-9.4149,4.4089,0.9913,18.22,-0.2145,0.2143,-13.8939,-13.8939
wmcodec,8,chinese:SSB0315,2,95,fwp,1,,-13.4061,-12.6970,4.4054,0.9911,17.77,-0.2145,0.2143,-13.8939,-13.8939
wmcodec,8,chinese:SSB0315,2,95,dm,1,,-19.1973,-18.3826,4.3764,0.9878,15.84,-0.2145,0.2143,-13.8939,-13.8939
wmcodec,8,chinese:SSB0315,2,95,tct,1,,-13.9126,-13.8939,4.2138,0.9851,14.55,-0.2145,0.2143,-13.8939,-13.8939
wmcodec,8,chinese:SSB0315,2,95,payload_farthest,1,,-28.4307,-28.3706,4.4648,0.9907,17.89,-0.2145,0.2143,-13.8939,-13.8939
wmcodec,8,chinese:SSB0316,0,96,single_copy,1,,-5.8842,-5.8758,4.6439,1.0000,145.84,-0.0901,0.0110,-21.3463,-21.3468
wmcodec,8,chinese:SSB0316,0,96,mean,1,,-15.9866,-13.4016,4.1840,0.9814,13.54,-0.0901,0.0110,-21.3463,-21.3468
wmcodec,8,chinese:SSB0316,0,96,rp,1,,-12.6287,-12.2051,3.6942,0.9727,11.02,-0.0901,0.0110,-21.3463,-21.3468
wmcodec,8,chinese:SSB0316,0,96,random_dirichlet,1,,-5.5981,-5.0997,4.1011,0.9794,12.72,-0.0901,0.0110,-21.3463,-21.3468
wmcodec,8,chinese:SSB0316,0,96,eep,1,,-32.9708,-32.8319,3.7992,0.9754,11.10,-0.0901,0.0110,-21.3463,-21.3468
wmcodec,8,chinese:SSB0316,0,96,fwp,1,,-34.0015,-33.9985,3.8019,0.9732,11.19,-0.0901,0.0110,-21.3463,-21.3468
wmcodec,8,chinese:SSB0316,0,96,dm,1,,-13.2056,-11.4633,4.1882,0.9816,13.58,-0.0901,0.0110,-21.3463,-21.3468
wmcodec,8,chinese:SSB0316,0,96,tct,1,,-22.4822,-21.3463,4.3489,0.9871,15.45,-0.0901,0.0110,-21.3463,-21.3468
wmcodec,8,chinese:SSB0316,0,96,payload_farthest,1,,-18.3481,-18.3416,4.2628,0.9895,15.98,-0.0901,0.0110,-21.3463,-21.3468
wmcodec,8,chinese:SSB0316,1,97,single_copy,0,,-0.0002,9.5123,4.6439,1.0000,145.73,-0.0915,0.7481,-26.6221,-26.6220
wmcodec,8,chinese:SSB0316,1,97,mean,1,,-10.4315,-10.2157,4.0243,0.9757,13.57,-0.0915,0.7481,-26.6221,-26.6220
wmcodec,8,chinese:SSB0316,1,97,rp,1,,-1.3227,-0.8171,3.5203,0.9692,11.19,-0.0915,0.7481,-26.6221,-26.6220
wmcodec,8,chinese:SSB0316,1,97,random_dirichlet,1,,-4.5864,-3.8894,4.1909,0.9791,14.45,-0.0915,0.7481,-26.6221,-26.6220
wmcodec,8,chinese:SSB0316,1,97,eep,1,,-17.8566,-17.3024,4.2933,0.9877,16.75,-0.0915,0.7481,-26.6221,-26.6220
wmcodec,8,chinese:SSB0316,1,97,fwp,1,,-18.7532,-18.2286,3.6845,0.9689,11.20,-0.0915,0.7481,-26.6221,-26.6220
wmcodec,8,chinese:SSB0316,1,97,dm,1,,-11.0109,-10.8816,4.0164,0.9754,13.38,-0.0915,0.7481,-26.6221,-26.6220
wmcodec,8,chinese:SSB0316,1,97,tct,1,,-27.1599,-26.6221,4.1511,0.9804,14.87,-0.0915,0.7481,-26.6221,-26.6220
wmcodec,8,chinese:SSB0316,1,97,payload_farthest,0,,-0.1365,2.3598,4.3490,0.9878,15.84,-0.0915,0.7481,-26.6221,-26.6220
wmcodec,8,chinese:SSB0316,2,98,single_copy,1,,-3.9757,-3.7244,4.6439,1.0000,145.88,-0.2360,-0.1772,-10.7333,-10.7323
wmcodec,8,chinese:SSB0316,2,98,mean,1,,-10.2180,-9.2376,4.0963,0.9796,13.94,-0.2360,-0.1772,-10.7333,-10.7323
wmcodec,8,chinese:SSB0316,2,98,rp,1,,-19.3985,-19.2572,3.7593,0.9724,11.45,-0.2360,-0.1772,-10.7333,-10.7323
wmcodec,8,chinese:SSB0316,2,98,random_dirichlet,1,,-10.9249,-9.5147,3.8796,0.9755,12.75,-0.2360,-0.1772,-10.7333,-10.7323
wmcodec,8,chinese:SSB0316,2,98,eep,1,,-1.5043,-0.6335,3.7318,0.9723,11.19,-0.2360,-0.1772,-10.7333,-10.7323
wmcodec,8,chinese:SSB0316,2,98,fwp,1,,-18.3957,-18.3116,3.8179,0.9744,11.40,-0.2360,-0.1772,-10.7333,-10.7323
wmcodec,8,chinese:SSB0316,2,98,dm,1,,-8.4069,-7.6571,4.0480,0.9774,13.31,-0.2360,-0.1772,-10.7333,-10.7323
wmcodec,8,chinese:SSB0316,2,98,tct,1,,-11.7274,-10.7333,3.9856,0.9778,13.20,-0.2360,-0.1772,-10.7333,-10.7323
wmcodec,8,chinese:SSB0316,2,98,payload_farthest,1,,-11.8121,-11.7414,3.6668,0.9742,10.87,-0.2360,-0.1772,-10.7333,-10.7323
wmcodec,8,chinese:SSB0323,0,99,single_copy,1,,-5.2238,-5.1846,4.6439,1.0000,146.50,0.0648,0.0635,-16.1149,-16.1146
wmcodec,8,chinese:SSB0323,0,99,mean,1,,-9.9660,-7.3315,4.3203,0.9864,14.40,0.0648,0.0635,-16.1149,-16.1146
wmcodec,8,chinese:SSB0323,0,99,rp,1,,-6.7716,-6.7355,4.1820,0.9805,12.06,0.0648,0.0635,-16.1149,-16.1146
wmcodec,8,chinese:SSB0323,0,99,random_dirichlet,1,,-16.1040,-15.5178,4.4539,0.9915,17.87,0.0648,0.0635,-16.1149,-16.1146
wmcodec,8,chinese:SSB0323,0,99,eep,1,,-23.7862,-22.5823,4.2444,0.9818,12.56,0.0648,0.0635,-16.1149,-16.1146
wmcodec,8,chinese:SSB0323,0,99,fwp,1,,-25.0383,-24.4535,4.3631,0.9884,16.31,0.0648,0.0635,-16.1149,-16.1146
wmcodec,8,chinese:SSB0323,0,99,dm,1,,-9.2163,-8.9865,4.3257,0.9868,14.48,0.0648,0.0635,-16.1149,-16.1146
wmcodec,8,chinese:SSB0323,0,99,tct,1,,-16.7651,-16.1149,4.1986,0.9824,12.77,0.0648,0.0635,-16.1149,-16.1146
wmcodec,8,chinese:SSB0323,0,99,payload_farthest,1,,-8.9835,-8.0245,4.1600,0.9805,12.18,0.0648,0.0635,-16.1149,-16.1146
wmcodec,8,chinese:SSB0323,1,100,single_copy,1,,-3.7454,-3.7205,4.6439,1.0000,146.54,0.1543,0.0013,-14.6367,-14.6374
wmcodec,8,chinese:SSB0323,1,100,mean,1,,-17.6733,-15.6701,4.3461,0.9862,13.02,0.1543,0.0013,-14.6367,-14.6374
wmcodec,8,chinese:SSB0323,1,100,rp,1,,-20.7493,-20.2355,4.2378,0.9828,10.86,0.1543,0.0013,-14.6367,-14.6374
wmcodec,8,chinese:SSB0323,1,100,random_dirichlet,1,,-6.0046,-5.9013,4.2532,0.9838,11.66,0.1543,0.0013,-14.6367,-14.6374
wmcodec,8,chinese:SSB0323,1,100,eep,1,,-14.0075,-13.1529,4.1624,0.9827,10.91,0.1543,0.0013,-14.6367,-14.6374
wmcodec,8,chinese:SSB0323,1,100,fwp,1,,-20.5581,-19.3530,4.3834,0.9890,15.72,0.1543,0.0013,-14.6367,-14.6374
wmcodec,8,chinese:SSB0323,1,100,dm,1,,-19.7245,-18.1337,4.4170,0.9883,14.30,0.1543,0.0013,-14.6367,-14.6374
wmcodec,8,chinese:SSB0323,1,100,tct,1,,-15.0260,-14.6367,4.2687,0.9838,11.54,0.1543,0.0013,-14.6367,-14.6374
wmcodec,8,chinese:SSB0323,1,100,payload_farthest,1,,-20.7493,-20.2355,4.2378,0.9828,10.86,0.1543,0.0013,-14.6367,-14.6374
wmcodec,8,chinese:SSB0323,2,101,single_copy,1,,-8.4360,-8.4351,4.6439,1.0000,146.67,-0.0370,-0.3302,-27.1611,-27.1611
wmcodec,8,chinese:SSB0323,2,101,mean,1,,-16.5510,-15.4459,4.3725,0.9890,14.62,-0.0370,-0.3302,-27.1611,-27.1611
wmcodec,8,chinese:SSB0323,2,101,rp,1,,-4.4321,-4.4140,4.4909,0.9932,17.20,-0.0370,-0.3302,-27.1611,-27.1611
wmcodec,8,chinese:SSB0323,2,101,random_dirichlet,1,,-21.4104,-20.5519,4.4495,0.9919,16.71,-0.0370,-0.3302,-27.1611,-27.1611
wmcodec,8,chinese:SSB0323,2,101,eep,1,,-7.6924,-7.2864,4.1866,0.9837,11.97,-0.0370,-0.3302,-27.1611,-27.1611
wmcodec,8,chinese:SSB0323,2,101,fwp,1,,-25.3900,-24.2921,4.1303,0.9823,12.36,-0.0370,-0.3302,-27.1611,-27.1611
wmcodec,8,chinese:SSB0323,2,101,dm,1,,-18.7441,-18.3785,4.3701,0.9894,14.81,-0.0370,-0.3302,-27.1611,-27.1611
wmcodec,8,chinese:SSB0323,2,101,tct,1,,-27.8893,-27.1611,4.1856,0.9840,12.97,-0.0370,-0.3302,-27.1611,-27.1611
wmcodec,8,chinese:SSB0323,2,101,payload_farthest,1,,-27.9635,-27.1172,4.1152,0.9816,12.11,-0.0370,-0.3302,-27.1611,-27.1611
wmcodec,8,chinese:SSB0338,0,102,single_copy,1,,-3.7922,-3.7687,4.6439,1.0000,138.59,0.0518,0.2530,-19.9511,-19.9518
wmcodec,8,chinese:SSB0338,0,102,mean,1,,-13.2801,-12.0751,4.1740,0.9835,13.46,0.0518,0.2530,-19.9511,-19.9518
wmcodec,8,chinese:SSB0338,0,102,rp,1,,-14.9812,-13.8985,4.3644,0.9893,15.66,0.0518,0.2530,-19.9511,-19.9518
wmcodec,8,chinese:SSB0338,0,102,random_dirichlet,1,,-15.2449,-14.6859,4.1732,0.9829,13.37,0.0518,0.2530,-19.9511,-19.9518
wmcodec,8,chinese:SSB0338,0,102,eep,1,,-12.9086,-11.4542,3.9745,0.9782,10.89,0.0518,0.2530,-19.9511,-19.9518
wmcodec,8,chinese:SSB0338,0,102,fwp,1,,-12.9086,-11.4542,3.9745,0.9782,10.89,0.0518,0.2530,-19.9511,-19.9518
wmcodec,8,chinese:SSB0338,0,102,dm,1,,-12.2551,-8.3381,4.1279,0.9820,12.86,0.0518,0.2530,-19.9511,-19.9518
wmcodec,8,chinese:SSB0338,0,102,tct,1,,-20.6576,-19.9511,4.1283,0.9823,12.99,0.0518,0.2530,-19.9511,-19.9518
wmcodec,8,chinese:SSB0338,0,102,payload_farthest,1,,-29.9423,-29.9032,4.3271,0.9903,15.79,0.0518,0.2530,-19.9511,-19.9518
wmcodec,8,chinese:SSB0338,1,103,single_copy,1,,-11.4778,-11.4765,4.6439,1.0000,138.96,0.2151,0.6224,-15.3765,-15.3764
wmcodec,8,chinese:SSB0338,1,103,mean,1,,-25.1370,-24.7578,4.1671,0.9836,12.93,0.2151,0.6224,-15.3765,-15.3764
wmcodec,8,chinese:SSB0338,1,103,rp,1,,-14.3236,-13.2609,4.0712,0.9801,10.68,0.2151,0.6224,-15.3765,-15.3764
wmcodec,8,chinese:SSB0338,1,103,random_dirichlet,1,,-22.9917,-22.3142,3.9769,0.9791,11.32,0.2151,0.6224,-15.3765,-15.3764
wmcodec,8,chinese:SSB0338,1,103,eep,1,,-20.4627,-19.4215,4.2385,0.9902,15.62,0.2151,0.6224,-15.3765,-15.3764
wmcodec,8,chinese:SSB0338,1,103,fwp,1,,-10.2460,-7.5474,4.3731,0.9887,15.19,0.2151,0.6224,-15.3765,-15.3764
wmcodec,8,chinese:SSB0338,1,103,dm,1,,-22.6374,-22.6151,4.1874,0.9841,13.43,0.2151,0.6224,-15.3765,-15.3764
wmcodec,8,chinese:SSB0338,1,103,tct,1,,-15.4403,-15.3765,4.1730,0.9845,12.58,0.2151,0.6224,-15.3765,-15.3764
wmcodec,8,chinese:SSB0338,1,103,payload_farthest,1,,-14.3236,-13.2609,4.0712,0.9801,10.68,0.2151,0.6224,-15.3765,-15.3764
wmcodec,8,chinese:SSB0338,2,104,single_copy,0,,-0.0053,6.3870,4.6439,1.0000,138.79,0.2432,-0.2437,0.1866,0.1871
wmcodec,8,chinese:SSB0338,2,104,mean,1,,-17.7255,-17.1674,4.0914,0.9857,12.77,0.2432,-0.2437,0.1866,0.1871
wmcodec,8,chinese:SSB0338,2,104,rp,1,,-30.7090,-29.9529,3.8663,0.9791,10.74,0.2432,-0.2437,0.1866,0.1871
wmcodec,8,chinese:SSB0338,2,104,random_dirichlet,1,,-1.0157,-0.1289,4.1242,0.9853,12.27,0.2432,-0.2437,0.1866,0.1871
wmcodec,8,chinese:SSB0338,2,104,eep,1,,-21.9519,-21.3030,3.9014,0.9805,11.01,0.2432,-0.2437,0.1866,0.1871
wmcodec,8,chinese:SSB0338,2,104,fwp,1,,-23.7753,-22.5438,4.2670,0.9884,14.71,0.2432,-0.2437,0.1866,0.1871
wmcodec,8,chinese:SSB0338,2,104,dm,1,,-13.4387,-12.3323,4.1277,0.9866,13.17,0.2432,-0.2437,0.1866,0.1871
wmcodec,8,chinese:SSB0338,2,104,tct,0,,-0.6459,0.1866,3.8356,0.9816,10.62,0.2432,-0.2437,0.1866,0.1871
wmcodec,8,chinese:SSB0338,2,104,payload_farthest,1,,-8.2690,-7.5868,4.0700,0.9823,11.01,0.2432,-0.2437,0.1866,0.1871
wmcodec,8,chinese:SSB0339,0,105,single_copy,1,,-11.1186,-11.1179,4.6439,1.0000,136.47,0.1185,-0.4104,-14.1651,-14.1653
wmcodec,8,chinese:SSB0339,0,105,mean,1,,-14.3338,-12.7075,3.9607,0.9749,13.35,0.1185,-0.4104,-14.1651,-14.1653
wmcodec,8,chinese:SSB0339,0,105,rp,1,,-14.8615,-14.7236,4.2098,0.9848,15.35,0.1185,-0.4104,-14.1651,-14.1653
wmcodec,8,chinese:SSB0339,0,105,random_dirichlet,1,,-16.9162,-16.8871,3.9100,0.9688,11.92,0.1185,-0.4104,-14.1651,-14.1653
wmcodec,8,chinese:SSB0339,0,105,eep,1,,-20.5569,-20.5266,3.5419,0.9644,10.63,0.1185,-0.4104,-14.1651,-14.1653
wmcodec,8,chinese:SSB0339,0,105,fwp,1,,-22.6632,-22.4117,3.6615,0.9648,11.01,0.1185,-0.4104,-14.1651,-14.1653
wmcodec,8,chinese:SSB0339,0,105,dm,1,,-14.6620,-14.2127,3.8773,0.9722,12.67,0.1185,-0.4104,-14.1651,-14.1653
wmcodec,8,chinese:SSB0339,0,105,tct,1,,-14.5567,-14.1651,4.0316,0.9754,13.42,0.1185,-0.4104,-14.1651,-14.1653
wmcodec,8,chinese:SSB0339,0,105,payload_farthest,1,,-30.5651,-30.2577,3.7950,0.9652,10.82,0.1185,-0.4104,-14.1651,-14.1653
wmcodec,8,chinese:SSB0339,1,106,single_copy,1,,-13.0534,-13.0495,4.6439,1.0000,136.62,0.0824,0.0421,-7.4728,-7.4728
wmcodec,8,chinese:SSB0339,1,106,mean,1,,-12.7125,-12.6415,3.8526,0.9702,12.70,0.0824,0.0421,-7.4728,-7.4728
wmcodec,8,chinese:SSB0339,1,106,rp,1,,-21.4428,-20.8091,3.5147,0.9608,10.07,0.0824,0.0421,-7.4728,-7.4728
wmcodec,8,chinese:SSB0339,1,106,random_dirichlet,1,,-14.1402,-12.8388,3.6892,0.9657,11.74,0.0824,0.0421,-7.4728,-7.4728
wmcodec,8,chinese:SSB0339,1,106,eep,1,,-10.9187,-10.9012,3.5207,0.9598,10.09,0.0824,0.0421,-7.4728,-7.4728
wmcodec,8,chinese:SSB0339,1,106,fwp,1,,-19.1806,-17.4092,3.5666,0.9612,10.36,0.0824,0.0421,-7.4728,-7.4728
wmcodec,8,chinese:SSB0339,1,106,dm,1,,-5.8404,-4.9463,3.9606,0.9696,12.66,0.0824,0.0421,-7.4728,-7.4728
wmcodec,8,chinese:SSB0339,1,106,tct,1,,-8.0853,-7.4728,3.7522,0.9664,11.01,0.0824,0.0421,-7.4728,-7.4728
wmcodec,8,chinese:SSB0339,1,106,payload_farthest,1,,-21.2199,-19.9731,3.7224,0.9651,10.72,0.0824,0.0421,-7.4728,-7.4728
wmcodec,8,chinese:SSB0339,2,107,single_copy,1,,-9.5829,-9.5792,4.6439,1.0000,136.70,0.4060,0.4738,-12.0614,-12.0614
wmcodec,8,chinese:SSB0339,2,107,mean,1,,-11.2158,-9.2588,3.9538,0.9734,13.24,0.4060,0.4738,-12.0614,-12.0614
wmcodec,8,chinese:SSB0339,2,107,rp,1,,-17.7775,-17.0411,3.6293,0.9608,10.65,0.4060,0.4738,-12.0614,-12.0614
wmcodec,8,chinese:SSB0339,2,107,random_dirichlet,0,,-1.0965,0.7658,3.8873,0.9722,12.73,0.4060,0.4738,-12.0614,-12.0614
wmcodec,8,chinese:SSB0339,2,107,eep,1,,-25.8583,-24.6792,3.7482,0.9681,11.22,0.4060,0.4738,-12.0614,-12.0614
wmcodec,8,chinese:SSB0339,2,107,fwp,1,,-21.4108,-19.6521,3.5881,0.9577,10.57,0.4060,0.4738,-12.0614,-12.0614
wmcodec,8,chinese:SSB0339,2,107,dm,1,,-9.9010,-8.0825,3.8903,0.9706,12.83,0.4060,0.4738,-12.0614,-12.0614
wmcodec,8,chinese:SSB0339,2,107,tct,1,,-13.1706,-12.0614,3.7064,0.9662,11.43,0.4060,0.4738,-12.0614,-12.0614
wmcodec,8,chinese:SSB0339,2,107,payload_farthest,1,,-15.9557,-15.3588,3.6991,0.9646,10.78,0.4060,0.4738,-12.0614,-12.0614
wmcodec,8,chinese:SSB0341,0,108,single_copy,0,,-0.1247,2.0492,4.6439,1.0000,145.22,0.0896,-0.4796,-24.6029,-24.6021
wmcodec,8,chinese:SSB0341,0,108,mean,1,,-16.8438,-15.4319,4.2552,0.9822,15.69,0.0896,-0.4796,-24.6029,-24.6021
wmcodec,8,chinese:SSB0341,0,108,rp,1,,-26.1745,-25.7006,4.3888,0.9888,17.82,0.0896,-0.4796,-24.6029,-24.6021
wmcodec,8,chinese:SSB0341,0,108,random_dirichlet,1,,-10.1052,-8.8638,4.3024,0.9863,16.41,0.0896,-0.4796,-24.6029,-24.6021
wmcodec,8,chinese:SSB0341,0,108,eep,1,,-14.2265,-13.5804,4.4502,0.9905,18.10,0.0896,-0.4796,-24.6029,-24.6021
wmcodec,8,chinese:SSB0341,0,108,fwp,1,,-29.9916,-29.8133,4.1372,0.9763,13.69,0.0896,-0.4796,-24.6029,-24.6021
wmcodec,8,chinese:SSB0341,0,108,dm,1,,-16.6342,-15.3997,4.2331,0.9813,15.46,0.0896,-0.4796,-24.6029,-24.6021
wmcodec,8,chinese:SSB0341,0,108,tct,1,,-24.8902,-24.6029,4.3957,0.9911,18.98,0.0896,-0.4796,-24.6029,-24.6021
wmcodec,8,chinese:SSB0341,0,108,payload_farthest,1,,-24.2772,-22.8347,4.3316,0.9895,18.29,0.0896,-0.4796,-24.6029,-24.6021
wmcodec,8,chinese:SSB0341,1,109,single_copy,1,,-6.7317,-6.4797,4.6439,1.0000,145.19,0.4018,-0.2148,-16.3324,-16.3329
wmcodec,8,chinese:SSB0341,1,109,mean,1,,-7.4347,-3.6962,4.1961,0.9777,14.38,0.4018,-0.2148,-16.3324,-16.3329
wmcodec,8,chinese:SSB0341,1,109,rp,1,,-27.7533,-27.5401,3.9918,0.9706,11.63,0.4018,-0.2148,-16.3324,-16.3329
wmcodec,8,chinese:SSB0341,1,109,random_dirichlet,1,,-9.1166,-5.6791,4.3239,0.9810,15.47,0.4018,-0.2148,-16.3324,-16.3329
wmcodec,8,chinese:SSB0341,1,109,eep,1,,-16.3902,-15.6295,3.8636,0.9703,12.41,0.4018,-0.2148,-16.3324,-16.3329
wmcodec,8,chinese:SSB0341,1,109,fwp,1,,-16.9167,-15.5339,4.3980,0.9880,16.62,0.4018,-0.2148,-16.3324,-16.3329
wmcodec,8,chinese:SSB0341,1,109,dm,1,,-8.4278,-4.2524,4.3084,0.9807,15.04,0.4018,-0.2148,-16.3324,-16.3329
wmcodec,8,chinese:SSB0341,1,109,tct,1,,-18.7430,-16.3324,4.1517,0.9773,13.82,0.4018,-0.2148,-16.3324,-16.3329
wmcodec,8,chinese:SSB0341,1,109,payload_farthest,1,,-20.3340,-17.9418,3.9572,0.9698,11.78,0.4018,-0.2148,-16.3324,-16.3329
wmcodec,8,chinese:SSB0341,2,110,single_copy,1,,-7.7284,-7.5365,4.6439,1.0000,144.96,0.3198,-0.1418,-20.5282,-20.5293
wmcodec,8,chinese:SSB0341,2,110,mean,1,,-14.8691,-13.6054,4.2541,0.9808,14.47,0.3198,-0.1418,-20.5282,-20.5293
wmcodec,8,chinese:SSB0341,2,110,rp,1,,-14.0279,-13.7755,4.4127,0.9908,17.84,0.3198,-0.1418,-20.5282,-20.5293
wmcodec,8,chinese:SSB0341,2,110,random_dirichlet,1,,-13.6934,-11.4002,4.3399,0.9856,16.01,0.3198,-0.1418,-20.5282,-20.5293
wmcodec,8,chinese:SSB0341,2,110,eep,1,,-15.9341,-15.2960,4.0150,0.9744,12.29,0.3198,-0.1418,-20.5282,-20.5293
wmcodec,8,chinese:SSB0341,2,110,fwp,1,,-17.1168,-16.8451,4.3517,0.9889,16.83,0.3198,-0.1418,-20.5282,-20.5293
wmcodec,8,chinese:SSB0341,2,110,dm,1,,-17.1697,-15.5246,4.2989,0.9821,15.08,0.3198,-0.1418,-20.5282,-20.5293
wmcodec,8,chinese:SSB0341,2,110,tct,1,,-20.6184,-20.5282,4.0129,0.9742,12.44,0.3198,-0.1418,-20.5282,-20.5293
wmcodec,8,chinese:SSB0341,2,110,payload_farthest,1,,-26.1888,-25.9414,3.9798,0.9730,12.15,0.3198,-0.1418,-20.5282,-20.5293
wmcodec,8,chinese:SSB0342,0,111,single_copy,0,,-0.1203,2.4505,4.6439,1.0000,141.37,-0.2629,-0.6237,-9.5293,-9.5293
wmcodec,8,chinese:SSB0342,0,111,mean,1,,-14.8698,-12.9136,4.2525,0.9840,17.21,-0.2629,-0.6237,-9.5293,-9.5293
wmcodec,8,chinese:SSB0342,0,111,rp,1,,-16.7504,-15.6615,4.4672,0.9916,19.92,-0.2629,-0.6237,-9.5293,-9.5293
wmcodec,8,chinese:SSB0342,0,111,random_dirichlet,1,,-13.8309,-12.1888,4.2118,0.9827,16.57,-0.2629,-0.6237,-9.5293,-9.5293
wmcodec,8,chinese:SSB0342,0,111,eep,1,,-27.8276,-27.1563,4.0278,0.9789,15.27,-0.2629,-0.6237,-9.5293,-9.5293
wmcodec,8,chinese:SSB0342,0,111,fwp,1,,-16.7997,-15.2534,4.0251,0.9775,14.67,-0.2629,-0.6237,-9.5293,-9.5293
wmcodec,8,chinese:SSB0342,0,111,dm,1,,-13.6404,-10.9400,4.2511,0.9843,17.29,-0.2629,-0.6237,-9.5293,-9.5293
wmcodec,8,chinese:SSB0342,0,111,tct,1,,-10.3380,-9.5293,4.2414,0.9836,17.11,-0.2629,-0.6237,-9.5293,-9.5293
wmcodec,8,chinese:SSB0342,0,111,payload_farthest,1,,-14.8270,-13.5013,4.3797,0.9911,20.36,-0.2629,-0.6237,-9.5293,-9.5293
wmcodec,8,chinese:SSB0342,1,112,single_copy,0,,-0.0198,3.9258,4.6439,1.0000,141.25,0.3938,-0.8208,-21.5186,-21.5187
wmcodec,8,chinese:SSB0342,1,112,mean,1,,-13.5156,-12.0691,4.2081,0.9864,18.29,0.3938,-0.8208,-21.5186,-21.5187
wmcodec,8,chinese:SSB0342,1,112,rp,1,,-10.9213,-10.6597,3.9567,0.9818,15.42,0.3938,-0.8208,-21.5186,-21.5187
wmcodec,8,chinese:SSB0342,1,112,random_dirichlet,1,,-12.6037,-11.3710,4.0870,0.9825,16.88,0.3938,-0.8208,-21.5186,-21.5187
wmcodec,8,chinese:SSB0342,1,112,eep,1,,-22.3991,-21.5152,4.0658,0.9826,15.97,0.3938,-0.8208,-21.5186,-21.5187
wmcodec,8,chinese:SSB0342,1,112,fwp,1,,-19.6113,-18.5428,4.1578,0.9814,16.23,0.3938,-0.8208,-21.5186,-21.5187
wmcodec,8,chinese:SSB0342,1,112,dm,1,,-19.5968,-19.0191,4.1707,0.9843,17.57,0.3938,-0.8208,-21.5186,-21.5187
wmcodec,8,chinese:SSB0342,1,112,tct,1,,-21.9871,-21.5186,4.0408,0.9814,16.22,0.3938,-0.8208,-21.5186,-21.5187
wmcodec,8,chinese:SSB0342,1,112,payload_farthest,1,,-18.4669,-18.3609,4.3843,0.9927,20.56,0.3938,-0.8208,-21.5186,-21.5187
wmcodec,8,chinese:SSB0342,2,113,single_copy,0,,-0.0133,5.3521,4.6439,1.0000,141.24,0.3254,0.0038,-9.6106,-9.6103
wmcodec,8,chinese:SSB0342,2,113,mean,1,,-16.2709,-15.6974,4.3379,0.9857,18.23,0.3254,0.0038,-9.6106,-9.6103
wmcodec,8,chinese:SSB0342,2,113,rp,1,,-13.1091,-11.0693,4.1399,0.9797,15.68,0.3254,0.0038,-9.6106,-9.6103
wmcodec,8,chinese:SSB0342,2,113,random_dirichlet,1,,-12.4575,-11.7765,4.4539,0.9903,20.14,0.3254,0.0038,-9.6106,-9.6103
wmcodec,8,chinese:SSB0342,2,113,eep,1,,-26.4971,-26.3711,4.0342,0.9789,15.12,0.3254,0.0038,-9.6106,-9.6103
wmcodec,8,chinese:SSB0342,2,113,fwp,1,,-35.0754,-34.5551,3.9825,0.9780,15.16,0.3254,0.0038,-9.6106,-9.6103
wmcodec,8,chinese:SSB0342,2,113,dm,1,,-16.4354,-14.7100,4.2429,0.9834,17.30,0.3254,0.0038,-9.6106,-9.6103
wmcodec,8,chinese:SSB0342,2,113,tct,1,,-12.2376,-9.6106,4.1101,0.9810,16.29,0.3254,0.0038,-9.6106,-9.6103
wmcodec,8,chinese:SSB0342,2,113,payload_farthest,1,,-21.9234,-20.6557,3.9889,0.9791,15.66,0.3254,0.0038,-9.6106,-9.6103
wmcodec,8,chinese:SSB0354,0,114,single_copy,0,,-0.0011,7.4862,4.6439,1.0000,139.96,0.2765,0.1634,-6.2448,-6.2444
wmcodec,8,chinese:SSB0354,0,114,mean,1,,-10.3624,-7.5484,4.1420,0.9819,17.17,0.2765,0.1634,-6.2448,-6.2444
wmcodec,8,chinese:SSB0354,0,114,rp,1,,-12.7186,-11.9280,3.7914,0.9751,15.08,0.2765,0.1634,-6.2448,-6.2444
wmcodec,8,chinese:SSB0354,0,114,random_dirichlet,1,,-8.0087,-7.5403,4.4642,0.9925,21.60,0.2765,0.1634,-6.2448,-6.2444
wmcodec,8,chinese:SSB0354,0,114,eep,1,,-28.8107,-28.6794,4.3445,0.9903,19.72,0.2765,0.1634,-6.2448,-6.2444
wmcodec,8,chinese:SSB0354,0,114,fwp,1,,-9.6789,-8.6080,4.2977,0.9888,18.82,0.2765,0.1634,-6.2448,-6.2444
wmcodec,8,chinese:SSB0354,0,114,dm,1,,-7.5708,-4.8084,4.1892,0.9829,17.21,0.2765,0.1634,-6.2448,-6.2444
wmcodec,8,chinese:SSB0354,0,114,tct,1,,-6.2835,-6.2448,3.9601,0.9791,16.24,0.2765,0.1634,-6.2448,-6.2444
wmcodec,8,chinese:SSB0354,0,114,payload_farthest,1,,-28.8107,-28.6794,4.3445,0.9903,19.72,0.2765,0.1634,-6.2448,-6.2444
wmcodec,8,chinese:SSB0354,1,115,single_copy,1,,-7.9237,-7.9190,4.6439,1.0000,139.89,0.1379,-0.2429,0.8567,0.8562
wmcodec,8,chinese:SSB0354,1,115,mean,1,,-14.1337,-12.6728,4.2399,0.9808,17.12,0.1379,-0.2429,0.8567,0.8562
wmcodec,8,chinese:SSB0354,1,115,rp,1,,-6.8271,-5.5624,3.8374,0.9747,14.75,0.1379,-0.2429,0.8567,0.8562
wmcodec,8,chinese:SSB0354,1,115,random_dirichlet,1,,-22.6567,-21.9208,4.2410,0.9823,17.34,0.1379,-0.2429,0.8567,0.8562
wmcodec,8,chinese:SSB0354,1,115,eep,1,,-26.8776,-26.7513,4.0215,0.9772,15.46,0.1379,-0.2429,0.8567,0.8562
wmcodec,8,chinese:SSB0354,1,115,fwp,1,,-16.2581,-16.1926,3.8719,0.9751,14.83,0.1379,-0.2429,0.8567,0.8562
wmcodec,8,chinese:SSB0354,1,115,dm,1,,-19.4310,-17.7772,4.2511,0.9809,17.27,0.1379,-0.2429,0.8567,0.8562
wmcodec,8,chinese:SSB0354,1,115,tct,0,,-0.3945,0.8567,4.0055,0.9787,15.43,0.1379,-0.2429,0.8567,0.8562
wmcodec,8,chinese:SSB0354,1,115,payload_farthest,1,,-9.3419,-8.8779,4.3606,0.9897,19.50,0.1379,-0.2429,0.8567,0.8562
wmcodec,8,chinese:SSB0354,2,116,single_copy,1,,-8.6590,-8.5298,4.6439,1.0000,139.73,-0.1546,-0.7817,-20.0996,-20.0996
wmcodec,8,chinese:SSB0354,2,116,mean,1,,-20.1099,-19.6905,4.0785,0.9813,17.34,-0.1546,-0.7817,-20.0996,-20.0996
wmcodec,8,chinese:SSB0354,2,116,rp,1,,-29.1044,-28.4064,3.8622,0.9764,14.62,-0.1546,-0.7817,-20.0996,-20.0996
wmcodec,8,chinese:SSB0354,2,116,random_dirichlet,1,,-7.2333,-6.8732,3.8933,0.9781,15.43,-0.1546,-0.7817,-20.0996,-20.0996
wmcodec,8,chinese:SSB0354,2,116,eep,1,,-16.6102,-15.4930,3.9706,0.9759,15.10,-0.1546,-0.7817,-20.0996,-20.0996
wmcodec,8,chinese:SSB0354,2,116,fwp,1,,-22.5905,-22.0889,3.7957,0.9757,15.18,-0.1546,-0.7817,-20.0996,-20.0996
wmcodec,8,chinese:SSB0354,2,116,dm,1,,-21.6432,-21.4225,4.0349,0.9803,16.96,-0.1546,-0.7817,-20.0996,-20.0996
wmcodec,8,chinese:SSB0354,2,116,tct,1,,-21.5465,-20.0996,4.2036,0.9814,17.31,-0.1546,-0.7817,-20.0996,-20.0996
wmcodec,8,chinese:SSB0354,2,116,payload_farthest,1,,-19.7101,-19.5939,4.3031,0.9894,19.72,-0.1546,-0.7817,-20.0996,-20.0996
wmcodec,8,chinese:SSB0366,0,117,single_copy,0,,-0.0529,2.9629,4.6439,1.0000,139.15,0.1859,-0.6667,-24.9594,-24.9594
wmcodec,8,chinese:SSB0366,0,117,mean,1,,-17.8217,-16.8834,4.0376,0.9758,14.73,0.1859,-0.6667,-24.9594,-24.9594
wmcodec,8,chinese:SSB0366,0,117,rp,1,,-15.9245,-15.6570,4.2963,0.9854,17.11,0.1859,-0.6667,-24.9594,-24.9594
wmcodec,8,chinese:SSB0366,0,117,random_dirichlet,1,,-6.8686,-6.2658,3.8917,0.9700,13.26,0.1859,-0.6667,-24.9594,-24.9594
wmcodec,8,chinese:SSB0366,0,117,eep,1,,-29.5883,-29.0243,3.8766,0.9681,12.95,0.1859,-0.6667,-24.9594,-24.9594
wmcodec,8,chinese:SSB0366,0,117,fwp,1,,-21.8598,-21.7239,4.2589,0.9816,15.84,0.1859,-0.6667,-24.9594,-24.9594
wmcodec,8,chinese:SSB0366,0,117,dm,1,,-28.8109,-28.6210,3.9580,0.9738,14.21,0.1859,-0.6667,-24.9594,-24.9594
wmcodec,8,chinese:SSB0366,0,117,tct,1,,-25.9481,-24.9594,4.3436,0.9858,17.59,0.1859,-0.6667,-24.9594,-24.9594
wmcodec,8,chinese:SSB0366,0,117,payload_farthest,1,,-27.5177,-27.2513,3.9020,0.9681,12.54,0.1859,-0.6667,-24.9594,-24.9594
wmcodec,8,chinese:SSB0366,1,118,single_copy,1,,-3.5268,-3.4685,4.6439,1.0000,138.98,0.0800,-0.5353,-7.9284,-7.9282
wmcodec,8,chinese:SSB0366,1,118,mean,1,,-14.1443,-13.3669,4.1260,0.9785,15.01,0.0800,-0.5353,-7.9284,-7.9282
wmcodec,8,chinese:SSB0366,1,118,rp,1,,-11.6914,-10.7575,3.7869,0.9649,12.62,0.0800,-0.5353,-7.9284,-7.9282
wmcodec,8,chinese:SSB0366,1,118,random_dirichlet,1,,-2.9700,-2.0568,3.9370,0.9707,13.43,0.0800,-0.5353,-7.9284,-7.9282
wmcodec,8,chinese:SSB0366,1,118,eep,1,,-22.4192,-21.2663,3.8115,0.9679,11.92,0.0800,-0.5353,-7.9284,-7.9282
wmcodec,8,chinese:SSB0366,1,118,fwp,1,,-14.4578,-13.9961,3.9423,0.9671,12.73,0.0800,-0.5353,-7.9284,-7.9282
wmcodec,8,chinese:SSB0366,1,118,dm,1,,-12.3672,-10.8121,3.9921,0.9731,13.76,0.0800,-0.5353,-7.9284,-7.9282
wmcodec,8,chinese:SSB0366,1,118,tct,1,,-8.4537,-7.9284,4.2843,0.9867,16.45,0.0800,-0.5353,-7.9284,-7.9282
wmcodec,8,chinese:SSB0366,1,118,payload_farthest,1,,-22.4192,-21.2663,3.8115,0.9679,11.92,0.0800,-0.5353,-7.9284,-7.9282
wmcodec,8,chinese:SSB0366,2,119,single_copy,0,,-0.0015,6.8869,4.6439,1.0000,139.31,0.2203,-0.0657,-6.1031,-6.1028
wmcodec,8,chinese:SSB0366,2,119,mean,1,,-24.7068,-24.5365,4.1220,0.9760,14.85,0.2203,-0.0657,-6.1031,-6.1028
wmcodec,8,chinese:SSB0366,2,119,rp,1,,-20.0458,-19.3287,3.7093,0.9574,11.23,0.2203,-0.0657,-6.1031,-6.1028
wmcodec,8,chinese:SSB0366,2,119,random_dirichlet,0,,-0.2442,1.6948,3.8742,0.9655,12.25,0.2203,-0.0657,-6.1031,-6.1028
wmcodec,8,chinese:SSB0366,2,119,eep,1,,-14.4975,-13.6496,3.8037,0.9646,12.71,0.2203,-0.0657,-6.1031,-6.1028
wmcodec,8,chinese:SSB0366,2,119,fwp,1,,-28.3467,-27.6105,3.7709,0.9605,12.56,0.2203,-0.0657,-6.1031,-6.1028
wmcodec,8,chinese:SSB0366,2,119,dm,1,,-18.8596,-18.5802,3.9827,0.9705,13.90,0.2203,-0.0657,-6.1031,-6.1028
wmcodec,8,chinese:SSB0366,2,119,tct,1,,-6.6507,-6.1031,4.2514,0.9806,16.04,0.2203,-0.0657,-6.1031,-6.1028
wmcodec,8,chinese:SSB0366,2,119,payload_farthest,1,,-13.3724,-12.9115,3.6656,0.9618,11.76,0.2203,-0.0657,-6.1031,-6.1028
wmcodec,8,chinese:SSB0375,0,120,single_copy,1,,-2.1635,-2.0354,4.6439,1.0000,144.25,0.0073,0.6687,-16.4535,-16.4529
wmcodec,8,chinese:SSB0375,0,120,mean,1,,-26.8273,-26.3430,4.2870,0.9826,13.83,0.0073,0.6687,-16.4535,-16.4529
wmcodec,8,chinese:SSB0375,0,120,rp,1,,-14.4190,-14.2959,4.2713,0.9841,11.70,0.0073,0.6687,-16.4535,-16.4529
wmcodec,8,chinese:SSB0375,0,120,random_dirichlet,1,,-7.7866,-7.6207,4.1672,0.9821,12.19,0.0073,0.6687,-16.4535,-16.4529
wmcodec,8,chinese:SSB0375,0,120,eep,1,,-19.3458,-18.3957,4.4170,0.9899,16.25,0.0073,0.6687,-16.4535,-16.4529
wmcodec,8,chinese:SSB0375,0,120,fwp,1,,-26.0373,-25.7275,4.1664,0.9782,11.81,0.0073,0.6687,-16.4535,-16.4529
wmcodec,8,chinese:SSB0375,0,120,dm,1,,-25.0141,-24.7625,4.3003,0.9826,13.90,0.0073,0.6687,-16.4535,-16.4529
wmcodec,8,chinese:SSB0375,0,120,tct,1,,-16.5045,-16.4535,4.2641,0.9819,12.46,0.0073,0.6687,-16.4535,-16.4529
wmcodec,8,chinese:SSB0375,0,120,payload_farthest,1,,-4.5321,-3.4110,4.0380,0.9810,11.33,0.0073,0.6687,-16.4535,-16.4529
wmcodec,8,chinese:SSB0375,1,121,single_copy,1,,-4.7111,-4.5900,4.6439,1.0000,144.11,-0.0668,-0.7032,-6.0660,-6.0657
wmcodec,8,chinese:SSB0375,1,121,mean,1,,-11.9958,-10.1085,4.3051,0.9809,13.40,-0.0668,-0.7032,-6.0660,-6.0657
wmcodec,8,chinese:SSB0375,1,121,rp,1,,-18.3941,-16.0332,4.1149,0.9788,11.43,-0.0668,-0.7032,-6.0660,-6.0657
wmcodec,8,chinese:SSB0375,1,121,random_dirichlet,1,,-12.2865,-10.8135,4.2631,0.9802,12.61,-0.0668,-0.7032,-6.0660,-6.0657
wmcodec,8,chinese:SSB0375,1,121,eep,1,,-11.0584,-9.1095,4.0773,0.9769,10.76,-0.0668,-0.7032,-6.0660,-6.0657
wmcodec,8,chinese:SSB0375,1,121,fwp,1,,-35.9721,-35.7982,4.3689,0.9873,15.70,-0.0668,-0.7032,-6.0660,-6.0657
wmcodec,8,chinese:SSB0375,1,121,dm,1,,-18.9713,-17.9452,4.3184,0.9818,13.94,-0.0668,-0.7032,-6.0660,-6.0657
wmcodec,8,chinese:SSB0375,1,121,tct,1,,-6.1958,-6.0660,4.3154,0.9835,13.34,-0.0668,-0.7032,-6.0660,-6.0657
wmcodec,8,chinese:SSB0375,1,121,payload_farthest,1,,-8.1028,-6.7985,4.1752,0.9783,10.80,-0.0668,-0.7032,-6.0660,-6.0657
wmcodec,8,chinese:SSB0375,2,122,single_copy,0,,-0.1377,1.9316,4.6439,1.0000,144.13,0.1453,0.4315,-10.2069,-10.2066
wmcodec,8,chinese:SSB0375,2,122,mean,1,,-23.4618,-22.6439,4.2720,0.9835,14.49,0.1453,0.4315,-10.2069,-10.2066
wmcodec,8,chinese:SSB0375,2,122,rp,1,,-21.5094,-20.8449,4.0511,0.9812,11.80,0.1453,0.4315,-10.2069,-10.2066
wmcodec,8,chinese:SSB0375,2,122,random_dirichlet,1,,-2.4056,-1.4226,4.4454,0.9899,17.12,0.1453,0.4315,-10.2069,-10.2066
wmcodec,8,chinese:SSB0375,2,122,eep,1,,-24.5785,-24.2168,4.0841,0.9822,12.12,0.1453,0.4315,-10.2069,-10.2066
wmcodec,8,chinese:SSB0375,2,122,fwp,1,,-15.9310,-13.8823,4.2470,0.9842,12.29,0.1453,0.4315,-10.2069,-10.2066
wmcodec,8,chinese:SSB0375,2,122,dm,1,,-23.4228,-22.0660,4.2554,0.9824,14.09,0.1453,0.4315,-10.2069,-10.2066
wmcodec,8,chinese:SSB0375,2,122,tct,1,,-10.6751,-10.2069,4.2378,0.9843,13.20,0.1453,0.4315,-10.2069,-10.2066
wmcodec,8,chinese:SSB0375,2,122,payload_farthest,1,,-19.8369,-19.3119,4.3572,0.9900,16.95,0.1453,0.4315,-10.2069,-10.2066
wmcodec,8,chinese:SSB0379,0,123,single_copy,0,,-0.0032,6.3585,4.6439,1.0000,140.18,-0.0178,-0.1641,-4.7870,-4.7869
wmcodec,8,chinese:SSB0379,0,123,mean,1,,-7.4380,-6.5910,4.1773,0.9861,15.42,-0.0178,-0.1641,-4.7870,-4.7869
wmcodec,8,chinese:SSB0379,0,123,rp,1,,-18.9120,-18.1389,3.9680,0.9814,13.06,-0.0178,-0.1641,-4.7870,-4.7869
wmcodec,8,chinese:SSB0379,0,123,random_dirichlet,1,,-1.3260,-0.9054,4.1620,0.9867,15.49,-0.0178,-0.1641,-4.7870,-4.7869
wmcodec,8,chinese:SSB0379,0,123,eep,1,,-18.7369,-18.0672,4.0745,0.9826,13.36,-0.0178,-0.1641,-4.7870,-4.7869
wmcodec,8,chinese:SSB0379,0,123,fwp,1,,-29.7060,-28.8002,4.3366,0.9895,17.63,-0.0178,-0.1641,-4.7870,-4.7869
wmcodec,8,chinese:SSB0379,0,123,dm,1,,-9.1323,-8.4605,4.2125,0.9870,15.99,-0.0178,-0.1641,-4.7870,-4.7869
wmcodec,8,chinese:SSB0379,0,123,tct,1,,-5.1968,-4.7870,4.1264,0.9859,14.86,-0.0178,-0.1641,-4.7870,-4.7869
wmcodec,8,chinese:SSB0379,0,123,payload_farthest,1,,-10.1352,-9.4801,4.3786,0.9921,18.04,-0.0178,-0.1641,-4.7870,-4.7869
wmcodec,8,chinese:SSB0379,1,124,single_copy,1,,-9.2443,-9.2029,4.6439,1.0000,140.02,0.0664,-0.5718,-8.6971,-8.6970
wmcodec,8,chinese:SSB0379,1,124,mean,1,,-6.1604,-4.5566,4.3747,0.9882,15.88,0.0664,-0.5718,-8.6971,-8.6970
wmcodec,8,chinese:SSB0379,1,124,rp,1,,-15.6075,-15.3969,4.2547,0.9865,13.79,0.0664,-0.5718,-8.6971,-8.6970
wmcodec,8,chinese:SSB0379,1,124,random_dirichlet,1,,-19.5940,-18.8101,4.3524,0.9870,15.09,0.0664,-0.5718,-8.6971,-8.6970
wmcodec,8,chinese:SSB0379,1,124,eep,1,,-20.1748,-18.9751,4.1271,0.9844,13.85,0.0664,-0.5718,-8.6971,-8.6970
wmcodec,8,chinese:SSB0379,1,124,fwp,1,,-20.1748,-18.9751,4.1271,0.9844,13.85,0.0664,-0.5718,-8.6971,-8.6970
wmcodec,8,chinese:SSB0379,1,124,dm,1,,-6.6386,-5.5838,4.3415,0.9877,15.67,0.0664,-0.5718,-8.6971,-8.6970
wmcodec,8,chinese:SSB0379,1,124,tct,1,,-9.3526,-8.6971,4.3483,0.9885,15.46,0.0664,-0.5718,-8.6971,-8.6970
wmcodec,8,chinese:SSB0379,1,124,payload_farthest,1,,-13.3575,-13.0403,4.3621,0.9921,17.83,0.0664,-0.5718,-8.6971,-8.6970
wmcodec,8,chinese:SSB0379,2,125,single_copy,1,,-7.3406,-7.3360,4.6439,1.0000,140.32,0.3146,-0.1841,-17.0449,-17.0453
wmcodec,8,chinese:SSB0379,2,125,mean,1,,-19.6760,-19.0084,4.2851,0.9872,15.19,0.3146,-0.1841,-17.0449,-17.0453
wmcodec,8,chinese:SSB0379,2,125,rp,1,,-29.5944,-28.7976,4.1818,0.9827,13.10,0.3146,-0.1841,-17.0449,-17.0453
wmcodec,8,chinese:SSB0379,2,125,random_dirichlet,1,,-28.1735,-27.7562,4.2055,0.9852,14.45,0.3146,-0.1841,-17.0449,-17.0453
wmcodec,8,chinese:SSB0379,2,125,eep,1,,-13.3809,-11.3157,4.4320,0.9922,18.49,0.3146,-0.1841,-17.0449,-17.0453
wmcodec,8,chinese:SSB0379,2,125,fwp,1,,-12.5554,-11.4735,4.3880,0.9907,17.62,0.3146,-0.1841,-17.0449,-17.0453
wmcodec,8,chinese:SSB0379,2,125,dm,1,,-14.6738,-14.5179,4.3543,0.9892,16.03,0.3146,-0.1841,-17.0449,-17.0453
wmcodec,8,chinese:SSB0379,2,125,tct,1,,-17.4626,-17.0449,4.3025,0.9887,16.08,0.3146,-0.1841,-17.0449,-17.0453
wmcodec,8,chinese:SSB0379,2,125,payload_farthest,1,,-26.1026,-25.6305,4.0097,0.9817,12.95,0.3146,-0.1841,-17.0449,-17.0453
wmcodec,8,chinese:SSB0380,0,126,single_copy,0,,-0.0290,3.6591,4.6439,1.0000,137.13,0.0093,0.3924,-0.6921,-0.6931
wmcodec,8,chinese:SSB0380,0,126,mean,1,,-14.0225,-12.6164,4.1808,0.9760,11.87,0.0093,0.3924,-0.6921,-0.6931
wmcodec,8,chinese:SSB0380,0,126,rp,1,,-18.3817,-18.0615,3.9260,0.9674,10.18,0.0093,0.3924,-0.6921,-0.6931
wmcodec,8,chinese:SSB0380,0,126,random_dirichlet,1,,-18.9838,-17.8633,3.9112,0.9702,10.18,0.0093,0.3924,-0.6921,-0.6931
wmcodec,8,chinese:SSB0380,0,126,eep,1,,-20.5893,-19.5419,3.9579,0.9678,9.53,0.0093,0.3924,-0.6921,-0.6931
wmcodec,8,chinese:SSB0380,0,126,fwp,1,,-20.9425,-20.4822,3.9261,0.9655,9.67,0.0093,0.3924,-0.6921,-0.6931
wmcodec,8,chinese:SSB0380,0,126,dm,1,,-13.9591,-10.7746,4.1253,0.9737,11.51,0.0093,0.3924,-0.6921,-0.6931
wmcodec,8,chinese:SSB0380,0,126,tct,1,,-2.1552,-0.6921,3.9641,0.9687,10.02,0.0093,0.3924,-0.6921,-0.6931
wmcodec,8,chinese:SSB0380,0,126,payload_farthest,1,,-24.0735,-23.2240,3.9269,0.9672,8.36,0.0093,0.3924,-0.6921,-0.6931
wmcodec,8,chinese:SSB0380,1,127,single_copy,1,,-11.0224,-11.0038,4.6439,1.0000,137.17,-0.0208,0.1049,-27.3245,-27.3240
wmcodec,8,chinese:SSB0380,1,127,mean,1,,-18.3732,-16.5117,4.1086,0.9763,11.89,-0.0208,0.1049,-27.3245,-27.3240
wmcodec,8,chinese:SSB0380,1,127,rp,1,,-18.8048,-18.5627,3.8532,0.9677,9.49,-0.0208,0.1049,-27.3245,-27.3240
wmcodec,8,chinese:SSB0380,1,127,random_dirichlet,0,,-0.0885,2.7992,3.7952,0.9684,9.07,-0.0208,0.1049,-27.3245,-27.3240
wmcodec,8,chinese:SSB0380,1,127,eep,1,,-8.2816,-7.7301,3.9471,0.9699,9.84,-0.0208,0.1049,-27.3245,-27.3240
wmcodec,8,chinese:SSB0380,1,127,fwp,1,,-15.8105,-15.0526,3.9881,0.9691,9.88,-0.0208,0.1049,-27.3245,-27.3240
wmcodec,8,chinese:SSB0380,1,127,dm,1,,-17.6065,-16.2912,4.1348,0.9773,12.02,-0.0208,0.1049,-27.3245,-27.3240
wmcodec,8,chinese:SSB0380,1,127,tct,1,,-27.8233,-27.3245,3.8630,0.9689,10.14,-0.0208,0.1049,-27.3245,-27.3240
wmcodec,8,chinese:SSB0380,1,127,payload_farthest,1,,-4.3388,-3.4237,3.8197,0.9677,9.60,-0.0208,0.1049,-27.3245,-27.3240
wmcodec,8,chinese:SSB0380,2,128,single_copy,0,,-0.0064,5.5247,4.6439,1.0000,136.82,0.1333,-0.3080,-12.5758,-12.5751
wmcodec,8,chinese:SSB0380,2,128,mean,1,,-17.0915,-16.1474,4.1074,0.9782,11.17,0.1333,-0.3080,-12.5758,-12.5751
wmcodec,8,chinese:SSB0380,2,128,rp,1,,-16.6020,-15.4306,3.9173,0.9717,9.08,0.1333,-0.3080,-12.5758,-12.5751
wmcodec,8,chinese:SSB0380,2,128,random_dirichlet,1,,-15.6928,-15.4009,4.2791,0.9820,12.47,0.1333,-0.3080,-12.5758,-12.5751
wmcodec,8,chinese:SSB0380,2,128,eep,1,,-27.3058,-26.1779,4.2070,0.9838,13.61,0.1333,-0.3080,-12.5758,-12.5751
wmcodec,8,chinese:SSB0380,2,128,fwp,1,,-29.0823,-28.9627,4.1757,0.9851,13.20,0.1333,-0.3080,-12.5758,-12.5751
wmcodec,8,chinese:SSB0380,2,128,dm,1,,-20.2607,-20.2425,4.0822,0.9786,11.38,0.1333,-0.3080,-12.5758,-12.5751
wmcodec,8,chinese:SSB0380,2,128,tct,1,,-13.2467,-12.5758,3.8681,0.9727,9.25,0.1333,-0.3080,-12.5758,-12.5751
wmcodec,8,chinese:SSB0380,2,128,payload_farthest,1,,-23.2961,-22.7151,3.7555,0.9671,8.83,0.1333,-0.3080,-12.5758,-12.5751
wmcodec,8,chinese:SSB0382,0,129,single_copy,0,,-0.1764,1.6752,4.6439,1.0000,140.81,-0.0638,-0.1544,-21.9164,-21.9164
wmcodec,8,chinese:SSB0382,0,129,mean,1,,-9.8611,-8.6727,4.2679,0.9832,14.43,-0.0638,-0.1544,-21.9164,-21.9164
wmcodec,8,chinese:SSB0382,0,129,rp,1,,-15.6134,-14.7093,3.9442,0.9743,11.80,-0.0638,-0.1544,-21.9164,-21.9164
wmcodec,8,chinese:SSB0382,0,129,random_dirichlet,1,,-11.2502,-9.3672,4.2451,0.9826,14.19,-0.0638,-0.1544,-21.9164,-21.9164
wmcodec,8,chinese:SSB0382,0,129,eep,1,,-15.6134,-14.7093,3.9442,0.9743,11.80,-0.0638,-0.1544,-21.9164,-21.9164
wmcodec,8,chinese:SSB0382,0,129,fwp,1,,-10.2739,-8.9611,3.9883,0.9754,11.64,-0.0638,-0.1544,-21.9164,-21.9164
wmcodec,8,chinese:SSB0382,0,129,dm,1,,-8.5239,-6.7227,4.1765,0.9807,13.67,-0.0638,-0.1544,-21.9164,-21.9164
wmcodec,8,chinese:SSB0382,0,129,tct,1,,-22.7313,-21.9164,4.3866,0.9889,16.84,-0.0638,-0.1544,-21.9164,-21.9164
wmcodec,8,chinese:SSB0382,0,129,payload_farthest,1,,-8.7020,-7.0742,3.9504,0.9742,11.34,-0.0638,-0.1544,-21.9164,-21.9164
wmcodec,8,chinese:SSB0382,1,130,single_copy,0,,-0.0592,3.2032,4.6439,1.0000,140.80,0.4967,0.1553,-3.6552,-3.6552
wmcodec,8,chinese:SSB0382,1,130,mean,1,,-11.2599,-8.4560,4.2820,0.9817,14.06,0.4967,0.1553,-3.6552,-3.6552
wmcodec,8,chinese:SSB0382,1,130,rp,1,,-18.4525,-18.0149,4.3893,0.9885,16.73,0.4967,0.1553,-3.6552,-3.6552
wmcodec,8,chinese:SSB0382,1,130,random_dirichlet,1,,-8.8534,-8.7242,4.2153,0.9804,13.03,0.4967,0.1553,-3.6552,-3.6552
wmcodec,8,chinese:SSB0382,1,130,eep,1,,-5.2279,-4.0784,4.0051,0.9750,11.33,0.4967,0.1553,-3.6552,-3.6552
wmcodec,8,chinese:SSB0382,1,130,fwp,1,,-19.1274,-18.5295,4.0665,0.9744,11.70,0.4967,0.1553,-3.6552,-3.6552
wmcodec,8,chinese:SSB0382,1,130,dm,1,,-7.1189,-4.0226,4.2630,0.9812,13.82,0.4967,0.1553,-3.6552,-3.6552
wmcodec,8,chinese:SSB0382,1,130,tct,1,,-4.0573,-3.6552,4.0838,0.9765,12.05,0.4967,0.1553,-3.6552,-3.6552
wmcodec,8,chinese:SSB0382,1,130,payload_farthest,1,,-20.0326,-19.6927,4.1641,0.9773,11.70,0.4967,0.1553,-3.6552,-3.6552
wmcodec,8,chinese:SSB0382,2,131,single_copy,0,,-0.4667,0.5236,4.6439,1.0000,141.03,-0.0458,-0.6180,-5.9323,-5.9325
wmcodec,8,chinese:SSB0382,2,131,mean,1,,-12.0659,-11.1317,4.2583,0.9846,13.76,-0.0458,-0.6180,-5.9323,-5.9325
wmcodec,8,chinese:SSB0382,2,131,rp,1,,-9.9588,-7.9848,4.1439,0.9785,11.58,-0.0458,-0.6180,-5.9323,-5.9325
wmcodec,8,chinese:SSB0382,2,131,random_dirichlet,1,,-8.0997,-6.6978,4.3631,0.9884,15.17,-0.0458,-0.6180,-5.9323,-5.9325
wmcodec,8,chinese:SSB0382,2,131,eep,1,,-14.4838,-13.2229,4.1288,0.9769,11.80,-0.0458,-0.6180,-5.9323,-5.9325
wmcodec,8,chinese:SSB0382,2,131,fwp,1,,-15.2469,-14.1853,4.0262,0.9763,11.46,-0.0458,-0.6180,-5.9323,-5.9325
wmcodec,8,chinese:SSB0382,2,131,dm,1,,-7.7186,-6.6923,4.2595,0.9838,13.73,-0.0458,-0.6180,-5.9323,-5.9325
wmcodec,8,chinese:SSB0382,2,131,tct,1,,-6.9083,-5.9323,4.0575,0.9794,11.97,-0.0458,-0.6180,-5.9323,-5.9325
wmcodec,8,chinese:SSB0382,2,131,payload_farthest,1,,-11.8849,-11.4853,3.8843,0.9763,10.80,-0.0458,-0.6180,-5.9323,-5.9325
wmcodec,8,chinese:SSB0385,0,132,single_copy,1,,-7.9439,-7.9432,4.6439,1.0000,145.93,-0.2614,-0.1911,-8.5127,-8.5123
wmcodec,8,chinese:SSB0385,0,132,mean,1,,-11.1121,-10.0623,4.4075,0.9849,12.94,-0.2614,-0.1911,-8.5127,-8.5123
wmcodec,8,chinese:SSB0385,0,132,rp,1,,-18.1196,-17.9993,4.2642,0.9778,10.91,-0.2614,-0.1911,-8.5127,-8.5123
wmcodec,8,chinese:SSB0385,0,132,random_dirichlet,1,,-4.4786,-4.1248,4.2702,0.9820,11.90,-0.2614,-0.1911,-8.5127,-8.5123
wmcodec,8,chinese:SSB0385,0,132,eep,1,,-19.4161,-18.9999,4.2632,0.9769,10.07,-0.2614,-0.1911,-8.5127,-8.5123
wmcodec,8,chinese:SSB0385,0,132,fwp,1,,-21.7747,-20.9747,4.3021,0.9781,10.65,-0.2614,-0.1911,-8.5127,-8.5123
wmcodec,8,chinese:SSB0385,0,132,dm,1,,-12.4093,-11.3678,4.3853,0.9843,12.69,-0.2614,-0.1911,-8.5127,-8.5123
wmcodec,8,chinese:SSB0385,0,132,tct,1,,-9.1539,-8.5127,4.4718,0.9901,15.33,-0.2614,-0.1911,-8.5127,-8.5123
wmcodec,8,chinese:SSB0385,0,132,payload_farthest,1,,-18.1196,-17.9993,4.2642,0.9778,10.91,-0.2614,-0.1911,-8.5127,-8.5123
wmcodec,8,chinese:SSB0385,1,133,single_copy,0,,-0.4161,0.8254,4.6439,1.0000,146.01,-0.0373,-0.6753,-21.3591,-21.3590
wmcodec,8,chinese:SSB0385,1,133,mean,1,,-12.4321,-11.7201,4.3113,0.9817,12.74,-0.0373,-0.6753,-21.3591,-21.3590
wmcodec,8,chinese:SSB0385,1,133,rp,1,,-19.4160,-19.1725,4.1286,0.9718,10.40,-0.0373,-0.6753,-21.3591,-21.3590
wmcodec,8,chinese:SSB0385,1,133,random_dirichlet,1,,-17.7537,-16.0428,4.2288,0.9774,11.51,-0.0373,-0.6753,-21.3591,-21.3590
wmcodec,8,chinese:SSB0385,1,133,eep,1,,-18.9929,-18.5916,4.0711,0.9721,9.42,-0.0373,-0.6753,-21.3591,-21.3590
wmcodec,8,chinese:SSB0385,1,133,fwp,1,,-18.4515,-18.3561,4.1807,0.9749,10.46,-0.0373,-0.6753,-21.3591,-21.3590
wmcodec,8,chinese:SSB0385,1,133,dm,1,,-9.6971,-8.9044,4.3133,0.9811,12.46,-0.0373,-0.6753,-21.3591,-21.3590
wmcodec,8,chinese:SSB0385,1,133,tct,1,,-21.6816,-21.3591,4.2949,0.9795,11.91,-0.0373,-0.6753,-21.3591,-21.3590
wmcodec,8,chinese:SSB0385,1,133,payload_farthest,1,,-6.1451,-5.1708,4.1073,0.9711,9.65,-0.0373,-0.6753,-21.3591,-21.3590
wmcodec,8,chinese:SSB0385,2,134,single_copy,1,,-9.6686,-9.6641,4.6439,1.0000,146.06,-0.0195,0.6094,-5.7990,-5.7988
wmcodec,8,chinese:SSB0385,2,134,mean,1,,-15.1786,-13.9862,4.3182,0.9798,11.69,-0.0195,0.6094,-5.7990,-5.7988
wmcodec,8,chinese:SSB0385,2,134,rp,1,,-10.1607,-9.8677,4.4337,0.9856,14.46,-0.0195,0.6094,-5.7990,-5.7988
wmcodec,8,chinese:SSB0385,2,134,random_dirichlet,1,,-15.7481,-14.9949,4.2398,0.9771,10.56,-0.0195,0.6094,-5.7990,-5.7988
wmcodec,8,chinese:SSB0385,2,134,eep,1,,-10.3670,-10.0112,4.1046,0.9703,9.13,-0.0195,0.6094,-5.7990,-5.7988
wmcodec,8,chinese:SSB0385,2,134,fwp,1,,-12.5407,-10.1510,4.3801,0.9864,13.47,-0.0195,0.6094,-5.7990,-5.7988
wmcodec,8,chinese:SSB0385,2,134,dm,1,,-18.4211,-17.0468,4.3541,0.9827,12.45,-0.0195,0.6094,-5.7990,-5.7988
wmcodec,8,chinese:SSB0385,2,134,tct,1,,-7.3957,-5.7990,4.2034,0.9734,9.99,-0.0195,0.6094,-5.7990,-5.7988
wmcodec,8,chinese:SSB0385,2,134,payload_farthest,1,,-8.8217,-8.0771,4.1759,0.9752,9.63,-0.0195,0.6094,-5.7990,-5.7988
wmcodec,8,chinese:SSB0393,0,135,single_copy,0,,-0.0011,7.3956,4.6439,1.0000,143.79,-0.0912,-0.0999,-12.0798,-12.0796
wmcodec,8,chinese:SSB0393,0,135,mean,1,,-8.9778,-7.6249,4.4064,0.9872,13.92,-0.0912,-0.0999,-12.0798,-12.0796
wmcodec,8,chinese:SSB0393,0,135,rp,1,,-20.2128,-19.1970,4.2175,0.9810,12.29,-0.0912,-0.0999,-12.0798,-12.0796
wmcodec,8,chinese:SSB0393,0,135,random_dirichlet,1,,-7.0239,-6.0662,4.3376,0.9858,13.37,-0.0912,-0.0999,-12.0798,-12.0796
wmcodec,8,chinese:SSB0393,0,135,eep,1,,-4.4204,-4.0868,4.4699,0.9914,17.69,-0.0912,-0.0999,-12.0798,-12.0796
wmcodec,8,chinese:SSB0393,0,135,fwp,1,,-14.1703,-13.5840,4.4433,0.9892,15.86,-0.0912,-0.0999,-12.0798,-12.0796
wmcodec,8,chinese:SSB0393,0,135,dm,1,,-7.4836,-6.1095,4.4346,0.9880,14.49,-0.0912,-0.0999,-12.0798,-12.0796
wmcodec,8,chinese:SSB0393,0,135,tct,1,,-12.1971,-12.0798,4.4336,0.9890,15.61,-0.0912,-0.0999,-12.0798,-12.0796
wmcodec,8,chinese:SSB0393,0,135,payload_farthest,1,,-11.2880,-10.4128,4.4873,0.9912,16.89,-0.0912,-0.0999,-12.0798,-12.0796
wmcodec,8,chinese:SSB0393,1,136,single_copy,1,,-2.9381,-2.3070,4.6439,1.0000,143.68,-0.0918,-0.6384,-14.7400,-14.7419
wmcodec,8,chinese:SSB0393,1,136,mean,1,,-18.4647,-15.7956,4.3163,0.9872,13.98,-0.0918,-0.6384,-14.7400,-14.7419
wmcodec,8,chinese:SSB0393,1,136,rp,1,,-21.1261,-20.3731,4.1443,0.9815,11.81,-0.0918,-0.6384,-14.7400,-14.7419
wmcodec,8,chinese:SSB0393,1,136,random_dirichlet,1,,-9.1594,-7.5421,4.2074,0.9838,12.19,-0.0918,-0.6384,-14.7400,-14.7419
wmcodec,8,chinese:SSB0393,1,136,eep,1,,-31.1428,-30.2917,4.1674,0.9827,12.42,-0.0918,-0.6384,-14.7400,-14.7419
wmcodec,8,chinese:SSB0393,1,136,fwp,1,,-26.6904,-26.0802,4.1544,0.9796,11.78,-0.0918,-0.6384,-14.7400,-14.7419
wmcodec,8,chinese:SSB0393,1,136,dm,1,,-20.9876,-20.0500,4.3267,0.9877,14.21,-0.0918,-0.6384,-14.7400,-14.7419
wmcodec,8,chinese:SSB0393,1,136,tct,1,,-15.6292,-14.7400,4.1918,0.9820,12.23,-0.0918,-0.6384,-14.7400,-14.7419
wmcodec,8,chinese:SSB0393,1,136,payload_farthest,1,,-31.1299,-31.0557,4.1630,0.9827,11.53,-0.0918,-0.6384,-14.7400,-14.7419
wmcodec,8,chinese:SSB0393,2,137,single_copy,0,,-0.3396,0.9381,4.6439,1.0000,143.69,-0.0821,0.1581,-12.6728,-12.6733
wmcodec,8,chinese:SSB0393,2,137,mean,1,,-19.5383,-18.5830,4.3199,0.9884,14.37,-0.0821,0.1581,-12.6728,-12.6733
wmcodec,8,chinese:SSB0393,2,137,rp,0,,-0.1400,2.2623,4.4399,0.9894,16.78,-0.0821,0.1581,-12.6728,-12.6733
wmcodec,8,chinese:SSB0393,2,137,random_dirichlet,1,,-11.3772,-9.3402,4.3351,0.9866,13.97,-0.0821,0.1581,-12.6728,-12.6733
wmcodec,8,chinese:SSB0393,2,137,eep,1,,-27.7285,-27.4662,4.1717,0.9809,12.31,-0.0821,0.1581,-12.6728,-12.6733
wmcodec,8,chinese:SSB0393,2,137,fwp,1,,-26.3840,-25.6998,4.1412,0.9811,11.59,-0.0821,0.1581,-12.6728,-12.6733
wmcodec,8,chinese:SSB0393,2,137,dm,1,,-14.8562,-12.8241,4.3268,0.9881,14.19,-0.0821,0.1581,-12.6728,-12.6733
wmcodec,8,chinese:SSB0393,2,137,tct,1,,-13.6435,-12.6728,4.4803,0.9925,17.19,-0.0821,0.1581,-12.6728,-12.6733
wmcodec,8,chinese:SSB0393,2,137,payload_farthest,1,,-26.3840,-25.6998,4.1412,0.9811,11.59,-0.0821,0.1581,-12.6728,-12.6733
wmcodec,8,chinese:SSB0394,0,138,single_copy,0,,-0.3963,0.7749,4.6439,1.0000,140.29,-0.1045,-0.3502,-17.4025,-17.4043
wmcodec,8,chinese:SSB0394,0,138,mean,1,,-19.8130,-19.1874,3.6378,0.9681,15.35,-0.1045,-0.3502,-17.4025,-17.4043
wmcodec,8,chinese:SSB0394,0,138,rp,1,,-15.3217,-14.6638,3.2845,0.9534,12.75,-0.1045,-0.3502,-17.4025,-17.4043
wmcodec,8,chinese:SSB0394,0,138,random_dirichlet,1,,-7.7327,-6.2698,3.7731,0.9716,15.89,-0.1045,-0.3502,-17.4025,-17.4043
wmcodec,8,chinese:SSB0394,0,138,eep,1,,-19.1811,-19.1212,3.1297,0.9515,12.43,-0.1045,-0.3502,-17.4025,-17.4043
wmcodec,8,chinese:SSB0394,0,138,fwp,1,,-32.9788,-32.9228,3.0753,0.9531,12.56,-0.1045,-0.3502,-17.4025,-17.4043
wmcodec,8,chinese:SSB0394,0,138,dm,1,,-20.2960,-19.7125,3.5244,0.9640,14.57,-0.1045,-0.3502,-17.4025,-17.4043
wmcodec,8,chinese:SSB0394,0,138,tct,1,,-18.1195,-17.4025,3.3428,0.9585,13.30,-0.1045,-0.3502,-17.4025,-17.4043
wmcodec,8,chinese:SSB0394,0,138,payload_farthest,1,,-28.1384,-28.1069,3.1639,0.9521,12.61,-0.1045,-0.3502,-17.4025,-17.4043
wmcodec,8,chinese:SSB0394,1,139,single_copy,1,,-9.6224,-9.6212,4.6439,1.0000,140.37,0.0277,0.2459,-8.1622,-8.1634
wmcodec,8,chinese:SSB0394,1,139,mean,1,,-13.6324,-12.3257,3.5711,0.9621,14.71,0.0277,0.2459,-8.1622,-8.1634
wmcodec,8,chinese:SSB0394,1,139,rp,1,,-17.6742,-16.8957,3.2117,0.9460,12.45,0.0277,0.2459,-8.1622,-8.1634
wmcodec,8,chinese:SSB0394,1,139,random_dirichlet,1,,-28.5401,-28.0958,3.2202,0.9530,12.78,0.0277,0.2459,-8.1622,-8.1634
wmcodec,8,chinese:SSB0394,1,139,eep,1,,-16.5651,-15.7959,3.0164,0.9471,12.11,0.0277,0.2459,-8.1622,-8.1634
wmcodec,8,chinese:SSB0394,1,139,fwp,1,,-9.9370,-7.6518,3.2469,0.9463,12.34,0.0277,0.2459,-8.1622,-8.1634
wmcodec,8,chinese:SSB0394,1,139,dm,1,,-17.3320,-16.0613,3.4144,0.9569,14.12,0.0277,0.2459,-8.1622,-8.1634
wmcodec,8,chinese:SSB0394,1,139,tct,1,,-9.4506,-8.1622,3.1655,0.9503,12.87,0.0277,0.2459,-8.1622,-8.1634
wmcodec,8,chinese:SSB0394,1,139,payload_farthest,1,,-26.2862,-25.6078,4.1688,0.9823,17.52,0.0277,0.2459,-8.1622,-8.1634
wmcodec,8,chinese:SSB0394,2,140,single_copy,0,,-0.0007,7.3465,4.6439,1.0000,140.44,0.2722,0.1804,-10.8790,-10.8789
wmcodec,8,chinese:SSB0394,2,140,mean,1,,-15.3315,-12.5596,3.7004,0.9608,14.03,0.2722,0.1804,-10.8790,-10.8789
wmcodec,8,chinese:SSB0394,2,140,rp,1,,-14.6740,-14.6237,4.1487,0.9778,16.70,0.2722,0.1804,-10.8790,-10.8789
wmcodec,8,chinese:SSB0394,2,140,random_dirichlet,1,,-17.7212,-16.8269,3.6149,0.9603,14.01,0.2722,0.1804,-10.8790,-10.8789
wmcodec,8,chinese:SSB0394,2,140,eep,1,,-12.5739,-12.5159,3.2122,0.9447,11.60,0.2722,0.1804,-10.8790,-10.8789
wmcodec,8,chinese:SSB0394,2,140,fwp,1,,-36.3131,-36.1505,4.0682,0.9766,16.45,0.2722,0.1804,-10.8790,-10.8789
wmcodec,8,chinese:SSB0394,2,140,dm,1,,-12.2040,-10.4316,3.8174,0.9647,14.59,0.2722,0.1804,-10.8790,-10.8789
wmcodec,8,chinese:SSB0394,2,140,tct,1,,-14.2283,-10.8790,3.4402,0.9500,12.56,0.2722,0.1804,-10.8790,-10.8789
wmcodec,8,chinese:SSB0394,2,140,payload_farthest,1,,-25.6471,-24.2047,4.0800,0.9764,17.16,0.2722,0.1804,-10.8790,-10.8789
wmcodec,8,chinese:SSB0395,0,141,single_copy,1,,-4.0433,-4.0160,4.6439,1.0000,140.25,0.3166,-0.3290,-15.9253,-15.9253
wmcodec,8,chinese:SSB0395,0,141,mean,1,,-7.8322,-6.6897,4.3066,0.9836,16.44,0.3166,-0.3290,-15.9253,-15.9253
wmcodec,8,chinese:SSB0395,0,141,rp,1,,-14.4002,-12.8545,4.4360,0.9884,19.18,0.3166,-0.3290,-15.9253,-15.9253
wmcodec,8,chinese:SSB0395,0,141,random_dirichlet,1,,-3.6862,-3.5242,4.1849,0.9819,15.33,0.3166,-0.3290,-15.9253,-15.9253
wmcodec,8,chinese:SSB0395,0,141,eep,1,,-9.8039,-9.4822,4.1039,0.9800,14.39,0.3166,-0.3290,-15.9253,-15.9253
wmcodec,8,chinese:SSB0395,0,141,fwp,1,,-40.4263,-40.3447,4.4345,0.9880,18.51,0.3166,-0.3290,-15.9253,-15.9253
wmcodec,8,chinese:SSB0395,0,141,dm,1,,-12.9380,-11.2768,4.3288,0.9840,16.71,0.3166,-0.3290,-15.9253,-15.9253
wmcodec,8,chinese:SSB0395,0,141,tct,1,,-16.5620,-15.9253,4.3110,0.9839,16.70,0.3166,-0.3290,-15.9253,-15.9253
wmcodec,8,chinese:SSB0395,0,141,payload_farthest,1,,-14.8049,-14.7424,4.0164,0.9777,14.14,0.3166,-0.3290,-15.9253,-15.9253
wmcodec,8,chinese:SSB0395,1,142,single_copy,0,,-0.0687,2.7976,4.6439,1.0000,140.55,-0.1739,-0.3290,-24.4943,-24.4943
wmcodec,8,chinese:SSB0395,1,142,mean,1,,-23.1915,-21.7531,4.1760,0.9851,17.33,-0.1739,-0.3290,-24.4943,-24.4943
wmcodec,8,chinese:SSB0395,1,142,rp,1,,-31.6658,-31.1776,3.9934,0.9803,14.67,-0.1739,-0.3290,-24.4943,-24.4943
wmcodec,8,chinese:SSB0395,1,142,random_dirichlet,1,,-18.9320,-17.7307,4.3455,0.9892,19.40,-0.1739,-0.3290,-24.4943,-24.4943
wmcodec,8,chinese:SSB0395,1,142,eep,1,,-9.3325,-8.0772,4.3809,0.9891,20.24,-0.1739,-0.3290,-24.4943,-24.4943
wmcodec,8,chinese:SSB0395,1,142,fwp,1,,-24.7460,-23.7533,4.0739,0.9780,15.32,-0.1739,-0.3290,-24.4943,-24.4943
wmcodec,8,chinese:SSB0395,1,142,dm,1,,-23.4119,-22.0768,4.1783,0.9838,17.19,-0.1739,-0.3290,-24.4943,-24.4943
wmcodec,8,chinese:SSB0395,1,142,tct,1,,-25.3475,-24.4943,4.2735,0.9893,18.87,-0.1739,-0.3290,-24.4943,-24.4943
wmcodec,8,chinese:SSB0395,1,142,payload_farthest,1,,-25.3179,-25.2845,4.4362,0.9896,20.08,-0.1739,-0.3290,-24.4943,-24.4943
wmcodec,8,chinese:SSB0395,2,143,single_copy,1,,-8.7325,-8.7276,4.6439,1.0000,140.49,0.0394,0.1782,-19.6167,-19.6161
wmcodec,8,chinese:SSB0395,2,143,mean,1,,-20.0345,-18.5327,4.2293,0.9845,16.59,0.0394,0.1782,-19.6167,-19.6161
wmcodec,8,chinese:SSB0395,2,143,rp,1,,-12.4958,-11.7966,3.7969,0.9784,14.18,0.0394,0.1782,-19.6167,-19.6161
wmcodec,8,chinese:SSB0395,2,143,random_dirichlet,1,,-23.0730,-22.3235,4.1321,0.9818,15.46,0.0394,0.1782,-19.6167,-19.6161
wmcodec,8,chinese:SSB0395,2,143,eep,1,,-14.5418,-14.3733,4.3921,0.9917,19.86,0.0394,0.1782,-19.6167,-19.6161
wmcodec,8,chinese:SSB0395,2,143,fwp,1,,-25.9985,-25.6663,4.2492,0.9863,18.53,0.0394,0.1782,-19.6167,-19.6161
wmcodec,8,chinese:SSB0395,2,143,dm,1,,-17.2204,-16.2666,4.2628,0.9845,16.78,0.0394,0.1782,-19.6167,-19.6161
wmcodec,8,chinese:SSB0395,2,143,tct,1,,-19.7247,-19.6167,4.3910,0.9887,18.88,0.0394,0.1782,-19.6167,-19.6161
wmcodec,8,chinese:SSB0395,2,143,payload_farthest,1,,-10.9492,-10.4340,3.9497,0.9798,13.98,0.0394,0.1782,-19.6167,-19.6161
wmcodec,8,chinese:SSB0407,0,144,single_copy,0,,-0.0013,6.9473,4.6439,1.0000,142.00,0.0161,-0.1239,-17.1464,-17.1461
wmcodec,8,chinese:SSB0407,0,144,mean,1,,-22.3918,-21.4738,4.3057,0.9861,17.74,0.0161,-0.1239,-17.1464,-17.1461
wmcodec,8,chinese:SSB0407,0,144,rp,1,,-25.4692,-24.7196,4.4409,0.9922,20.71,0.0161,-0.1239,-17.1464,-17.1461
wmcodec,8,chinese:SSB0407,0,144,random_dirichlet,1,,-10.4920,-8.5069,4.2981,0.9852,17.18,0.0161,-0.1239,-17.1464,-17.1461
wmcodec,8,chinese:SSB0407,0,144,eep,1,,-14.6530,-14.4744,4.1256,0.9799,14.85,0.0161,-0.1239,-17.1464,-17.1461
wmcodec,8,chinese:SSB0407,0,144,fwp,1,,-26.4065,-26.3471,4.1540,0.9806,14.78,0.0161,-0.1239,-17.1464,-17.1461
wmcodec,8,chinese:SSB0407,0,144,dm,1,,-16.0275,-15.3303,4.2721,0.9847,17.06,0.0161,-0.1239,-17.1464,-17.1461
wmcodec,8,chinese:SSB0407,0,144,tct,1,,-17.1787,-17.1464,4.2214,0.9868,17.49,0.0161,-0.1239,-17.1464,-17.1461
wmcodec,8,chinese:SSB0407,0,144,payload_farthest,1,,-22.8538,-22.0835,4.4243,0.9919,20.45,0.0161,-0.1239,-17.1464,-17.1461
wmcodec,8,chinese:SSB0407,1,145,single_copy,1,,-10.4377,-10.4365,4.6439,1.0000,142.06,0.1509,0.0375,-7.2869,-7.2868
wmcodec,8,chinese:SSB0407,1,145,mean,1,,-19.3016,-18.6668,4.3156,0.9860,17.37,0.1509,0.0375,-7.2869,-7.2868
wmcodec,8,chinese:SSB0407,1,145,rp,1,,-22.6995,-22.2766,4.0451,0.9789,14.79,0.1509,0.0375,-7.2869,-7.2868
wmcodec,8,chinese:SSB0407,1,145,random_dirichlet,1,,-2.0814,-1.8842,4.1554,0.9843,16.49,0.1509,0.0375,-7.2869,-7.2868
wmcodec,8,chinese:SSB0407,1,145,eep,1,,-8.0444,-6.5127,4.1187,0.9800,15.30,0.1509,0.0375,-7.2869,-7.2868
wmcodec,8,chinese:SSB0407,1,145,fwp,1,,-21.4030,-20.6772,4.4079,0.9898,19.60,0.1509,0.0375,-7.2869,-7.2868
wmcodec,8,chinese:SSB0407,1,145,dm,1,,-18.3770,-16.6578,4.3495,0.9867,17.63,0.1509,0.0375,-7.2869,-7.2868
wmcodec,8,chinese:SSB0407,1,145,tct,1,,-8.0508,-7.2869,4.2674,0.9860,17.42,0.1509,0.0375,-7.2869,-7.2868
wmcodec,8,chinese:SSB0407,1,145,payload_farthest,1,,-21.4030,-20.6772,4.4079,0.9898,19.60,0.1509,0.0375,-7.2869,-7.2868
wmcodec,8,chinese:SSB0407,2,146,single_copy,1,,-6.8317,-6.8222,4.6439,1.0000,141.92,0.4032,-0.2670,-4.4869,-4.4867
wmcodec,8,chinese:SSB0407,2,146,mean,1,,-7.6789,-6.6196,4.2643,0.9859,17.49,0.4032,-0.2670,-4.4869,-4.4867
wmcodec,8,chinese:SSB0407,2,146,rp,1,,-10.0469,-9.2762,4.1032,0.9811,15.08,0.4032,-0.2670,-4.4869,-4.4867
wmcodec,8,chinese:SSB0407,2,146,random_dirichlet,1,,-16.4946,-14.8036,4.1943,0.9834,16.75,0.4032,-0.2670,-4.4869,-4.4867
wmcodec,8,chinese:SSB0407,2,146,eep,0,,-0.3695,0.9533,4.4379,0.9932,20.40,0.4032,-0.2670,-4.4869,-4.4867
wmcodec,8,chinese:SSB0407,2,146,fwp,1,,-28.5310,-28.2862,4.0258,0.9797,15.29,0.4032,-0.2670,-4.4869,-4.4867
wmcodec,8,chinese:SSB0407,2,146,dm,1,,-22.5161,-22.4326,4.2057,0.9846,17.11,0.4032,-0.2670,-4.4869,-4.4867
wmcodec,8,chinese:SSB0407,2,146,tct,1,,-4.5736,-4.4869,4.1196,0.9824,15.64,0.4032,-0.2670,-4.4869,-4.4867
wmcodec,8,chinese:SSB0407,2,146,payload_farthest,1,,-8.5831,-7.7805,3.9542,0.9802,14.71,0.4032,-0.2670,-4.4869,-4.4867
wmcodec,8,chinese:SSB0415,0,147,single_copy,1,,-8.7716,-8.7558,4.6439,1.0000,144.96,-0.0692,-0.0025,-7.1888,-7.1888
wmcodec,8,chinese:SSB0415,0,147,mean,1,,-13.3822,-11.6863,4.2897,0.9850,15.82,-0.0692,-0.0025,-7.1888,-7.1888
wmcodec,8,chinese:SSB0415,0,147,rp,1,,-15.0039,-14.4456,4.0413,0.9774,13.03,-0.0692,-0.0025,-7.1888,-7.1888
wmcodec,8,chinese:SSB0415,0,147,random_dirichlet,1,,-21.7538,-21.4073,4.3700,0.9870,16.69,-0.0692,-0.0025,-7.1888,-7.1888
wmcodec,8,chinese:SSB0415,0,147,eep,1,,-18.8320,-17.5698,4.4566,0.9912,18.33,-0.0692,-0.0025,-7.1888,-7.1888
wmcodec,8,chinese:SSB0415,0,147,fwp,1,,-15.0039,-14.4456,4.0413,0.9774,13.03,-0.0692,-0.0025,-7.1888,-7.1888
wmcodec,8,chinese:SSB0415,0,147,dm,1,,-20.7202,-19.7235,4.2686,0.9839,15.37,-0.0692,-0.0025,-7.1888,-7.1888
wmcodec,8,chinese:SSB0415,0,147,tct,1,,-8.8239,-7.1888,4.0785,0.9801,14.18,-0.0692,-0.0025,-7.1888,-7.1888
wmcodec,8,chinese:SSB0415,0,147,payload_farthest,1,,-11.9878,-11.7345,4.4579,0.9903,18.48,-0.0692,-0.0025,-7.1888,-7.1888
wmcodec,8,chinese:SSB0415,1,148,single_copy,0,,-0.0371,3.4790,4.6439,1.0000,144.82,-0.1666,0.3123,-17.0699,-17.0701
wmcodec,8,chinese:SSB0415,1,148,mean,1,,-14.6062,-13.4049,4.2516,0.9840,15.10,-0.1666,0.3123,-17.0699,-17.0701
wmcodec,8,chinese:SSB0415,1,148,rp,1,,-16.8204,-14.8896,4.0670,0.9781,13.05,-0.1666,0.3123,-17.0699,-17.0701
wmcodec,8,chinese:SSB0415,1,148,random_dirichlet,1,,-25.4621,-25.2997,4.1530,0.9814,14.09,-0.1666,0.3123,-17.0699,-17.0701
wmcodec,8,chinese:SSB0415,1,148,eep,1,,-21.8906,-21.4654,3.9738,0.9772,12.84,-0.1666,0.3123,-17.0699,-17.0701
wmcodec,8,chinese:SSB0415,1,148,fwp,1,,-23.9475,-23.7225,4.3153,0.9887,16.99,-0.1666,0.3123,-17.0699,-17.0701
wmcodec,8,chinese:SSB0415,1,148,dm,1,,-17.5101,-17.1595,4.2541,0.9842,15.13,-0.1666,0.3123,-17.0699,-17.0701
wmcodec,8,chinese:SSB0415,1,148,tct,1,,-17.5247,-17.0699,4.1329,0.9816,14.23,-0.1666,0.3123,-17.0699,-17.0701
wmcodec,8,chinese:SSB0415,1,148,payload_farthest,1,,-19.6443,-19.1298,3.9200,0.9751,12.43,-0.1666,0.3123,-17.0699,-17.0701
wmcodec,8,chinese:SSB0415,2,149,single_copy,1,,-12.2681,-12.2574,4.6439,1.0000,144.90,-0.3644,-0.1371,-19.8299,-19.8290
wmcodec,8,chinese:SSB0415,2,149,mean,1,,-7.8909,-6.0378,4.2522,0.9859,16.21,-0.3644,-0.1371,-19.8299,-19.8290
wmcodec,8,chinese:SSB0415,2,149,rp,1,,-16.8525,-16.5968,3.9517,0.9792,13.75,-0.3644,-0.1371,-19.8299,-19.8290
wmcodec,8,chinese:SSB0415,2,149,random_dirichlet,1,,-11.8280,-11.6488,4.2510,0.9850,15.77,-0.3644,-0.1371,-19.8299,-19.8290
wmcodec,8,chinese:SSB0415,2,149,eep,1,,-16.8525,-16.5968,3.9517,0.9792,13.75,-0.3644,-0.1371,-19.8299,-19.8290
wmcodec,8,chinese:SSB0415,2,149,fwp,1,,-22.9147,-22.8036,3.9322,0.9787,13.31,-0.3644,-0.1371,-19.8299,-19.8290
wmcodec,8,chinese:SSB0415,2,149,dm,1,,-13.6592,-12.4756,4.1854,0.9844,15.71,-0.3644,-0.1371,-19.8299,-19.8290
wmcodec,8,chinese:SSB0415,2,149,tct,1,,-20.5153,-19.8299,4.3799,0.9897,17.35,-0.3644,-0.1371,-19.8299,-19.8290
wmcodec,8,chinese:SSB0415,2,149,payload_farthest,1,,-15.8607,-13.7413,4.4067,0.9913,18.79,-0.3644,-0.1371,-19.8299,-19.8290
wmcodec,8,english:103,0,150,single_copy,0,,-0.0192,4.2806,4.6439,1.0000,139.16,0.4293,0.2241,-15.2985,-15.2968
wmcodec,8,english:103,0,150,mean,1,,-9.7749,-7.1822,4.3810,0.9781,10.06,0.4293,0.2241,-15.2985,-15.2968
wmcodec,8,english:103,0,150,rp,1,,-5.2188,-4.8637,4.3940,0.9856,12.45,0.4293,0.2241,-15.2985,-15.2968
wmcodec,8,english:103,0,150,random_dirichlet,1,,-5.4705,-3.3423,4.4450,0.9840,12.09,0.4293,0.2241,-15.2985,-15.2968
wmcodec,8,english:103,0,150,eep,1,,-2.7024,-2.4807,4.4564,0.9859,13.25,0.4293,0.2241,-15.2985,-15.2968
wmcodec,8,english:103,0,150,fwp,1,,-27.5780,-26.6473,4.2195,0.9660,7.93,0.4293,0.2241,-15.2985,-15.2968
wmcodec,8,english:103,0,150,dm,1,,-8.4094,-5.3707,4.3382,0.9750,9.35,0.4293,0.2241,-15.2985,-15.2968
wmcodec,8,english:103,0,150,tct,1,,-15.7569,-15.2985,4.3430,0.9769,9.63,0.4293,0.2241,-15.2985,-15.2968
wmcodec,8,english:103,0,150,payload_farthest,1,,-18.2277,-18.0118,4.2408,0.9669,7.89,0.4293,0.2241,-15.2985,-15.2968
wmcodec,8,english:103,1,151,single_copy,1,,-6.0893,-5.9875,4.6439,1.0000,138.99,-0.2294,-0.2800,-21.5803,-21.5801
wmcodec,8,english:103,1,151,mean,1,,-11.0539,-8.8560,4.2658,0.9770,9.42,-0.2294,-0.2800,-21.5803,-21.5801
wmcodec,8,english:103,1,151,rp,1,,-21.8131,-20.8060,4.3058,0.9822,11.39,-0.2294,-0.2800,-21.5803,-21.5801
wmcodec,8,english:103,1,151,random_dirichlet,1,,-15.7433,-15.0851,4.1956,0.9758,8.70,-0.2294,-0.2800,-21.5803,-21.5801
wmcodec,8,english:103,1,151,eep,1,,-22.9116,-22.3660,4.1275,0.9660,8.04,-0.2294,-0.2800,-21.5803,-21.5801
wmcodec,8,english:103,1,151,fwp,1,,-20.8740,-20.2908,4.2839,0.9838,10.76,-0.2294,-0.2800,-21.5803,-21.5801
wmcodec,8,english:103,1,151,dm,1,,-7.9035,-6.8412,4.2289,0.9761,9.02,-0.2294,-0.2800,-21.5803,-21.5801
wmcodec,8,english:103,1,151,tct,1,,-22.0067,-21.5803,4.4211,0.9843,11.35,-0.2294,-0.2800,-21.5803,-21.5801
wmcodec,8,english:103,1,151,payload_farthest,1,,-7.3360,-6.7690,4.4405,0.9873,12.77,-0.2294,-0.2800,-21.5803,-21.5801
wmcodec,8,english:103,2,152,single_copy,0,,-0.0337,3.5190,4.6439,1.0000,139.16,0.0610,-0.3524,-21.4100,-21.4100
wmcodec,8,english:103,2,152,mean,1,,-18.4102,-17.7129,4.1855,0.9759,9.04,0.0610,-0.3524,-21.4100,-21.4100
wmcodec,8,english:103,2,152,rp,1,,-22.8357,-22.1547,4.3313,0.9837,11.65,0.0610,-0.3524,-21.4100,-21.4100
wmcodec,8,english:103,2,152,random_dirichlet,1,,-8.3216,-8.3011,4.0987,0.9716,7.89,0.0610,-0.3524,-21.4100,-21.4100
wmcodec,8,english:103,2,152,eep,1,,-15.6878,-14.6886,4.3911,0.9868,11.80,0.0610,-0.3524,-21.4100,-21.4100
wmcodec,8,english:103,2,152,fwp,1,,-28.2344,-27.9699,3.9926,0.9640,6.61,0.0610,-0.3524,-21.4100,-21.4100
wmcodec,8,english:103,2,152,dm,1,,-18.0843,-16.6370,4.2352,0.9775,9.44,0.0610,-0.3524,-21.4100,-21.4100
wmcodec,8,english:103,2,152,tct,1,,-21.8404,-21.4100,4.3561,0.9807,10.88,0.0610,-0.3524,-21.4100,-21.4100
wmcodec,8,english:103,2,152,payload_farthest,1,,-22.7502,-21.8032,4.2614,0.9838,11.58,0.0610,-0.3524,-21.4100,-21.4100
wmcodec,8,english:1034,0,153,single_copy,1,,-5.9641,-5.8831,4.6439,1.0000,149.12,-0.0162,0.2438,-20.2001,-20.2001
wmcodec,8,english:1034,0,153,mean,1,,-11.1136,-10.0449,4.2309,0.9608,11.61,-0.0162,0.2438,-20.2001,-20.2001
wmcodec,8,english:1034,0,153,rp,1,,-22.2761,-21.4276,4.3385,0.9746,14.26,-0.0162,0.2438,-20.2001,-20.2001
wmcodec,8,english:1034,0,153,random_dirichlet,1,,-12.8352,-11.8009,4.2072,0.9603,11.47,-0.0162,0.2438,-20.2001,-20.2001
wmcodec,8,english:1034,0,153,eep,1,,-29.4621,-28.9697,3.9434,0.9466,9.11,-0.0162,0.2438,-20.2001,-20.2001
wmcodec,8,english:1034,0,153,fwp,1,,-15.5340,-14.6835,4.2478,0.9747,13.90,-0.0162,0.2438,-20.2001,-20.2001
wmcodec,8,english:1034,0,153,dm,1,,-10.2961,-9.1012,4.2595,0.9645,12.32,-0.0162,0.2438,-20.2001,-20.2001
wmcodec,8,english:1034,0,153,tct,1,,-20.8202,-20.2001,4.1655,0.9584,10.82,-0.0162,0.2438,-20.2001,-20.2001
wmcodec,8,english:1034,0,153,payload_farthest,1,,-10.9258,-10.6854,4.1022,0.9467,9.75,-0.0162,0.2438,-20.2001,-20.2001
wmcodec,8,english:1034,1,154,single_copy,0,,-0.0021,6.5698,4.6439,1.0000,149.06,0.4806,-0.3274,-9.5855,-9.5852
wmcodec,8,english:1034,1,154,mean,1,,-11.2240,-9.7789,4.1978,0.9652,12.50,0.4806,-0.3274,-9.5855,-9.5852
wmcodec,8,english:1034,1,154,rp,1,,-9.6997,-9.3551,4.3445,0.9795,15.45,0.4806,-0.3274,-9.5855,-9.5852
wmcodec,8,english:1034,1,154,random_dirichlet,1,,-7.8872,-7.3848,4.2526,0.9702,13.39,0.4806,-0.3274,-9.5855,-9.5852
wmcodec,8,english:1034,1,154,eep,1,,-24.6245,-24.3875,4.0263,0.9521,10.18,0.4806,-0.3274,-9.5855,-9.5852
wmcodec,8,english:1034,1,154,fwp,1,,-15.6175,-15.0954,3.9727,0.9467,9.84,0.4806,-0.3274,-9.5855,-9.5852
wmcodec,8,english:1034,1,154,dm,1,,-8.6401,-6.5399,4.1995,0.9639,12.28,0.4806,-0.3274,-9.5855,-9.5852
wmcodec,8,english:1034,1,154,tct,1,,-11.4839,-9.5855,4.2496,0.9680,13.13,0.4806,-0.3274,-9.5855,-9.5852
wmcodec,8,english:1034,1,154,payload_farthest,1,,-7.3004,-5.5114,4.3202,0.9774,15.27,0.4806,-0.3274,-9.5855,-9.5852
wmcodec,8,english:1034,2,155,single_copy,1,,-8.6133,-8.6086,4.6439,1.0000,149.31,0.1863,-0.6548,-14.7565,-14.7546
wmcodec,8,english:1034,2,155,mean,1,,-7.9188,-4.3892,4.1728,0.9550,12.57,0.1863,-0.6548,-14.7565,-14.7546
wmcodec,8,english:1034,2,155,rp,1,,-13.9757,-13.7675,4.3735,0.9781,15.93,0.1863,-0.6548,-14.7565,-14.7546
wmcodec,8,english:1034,2,155,random_dirichlet,1,,-9.1549,-6.0271,4.2692,0.9627,13.63,0.1863,-0.6548,-14.7565,-14.7546
wmcodec,8,english:1034,2,155,eep,1,,-28.5329,-28.2388,4.0831,0.9437,10.72,0.1863,-0.6548,-14.7565,-14.7546
wmcodec,8,english:1034,2,155,fwp,1,,-34.0458,-34.0339,3.9174,0.9385,9.85,0.1863,-0.6548,-14.7565,-14.7546
wmcodec,8,english:1034,2,155,dm,1,,-14.5227,-12.2985,4.1860,0.9571,12.65,0.1863,-0.6548,-14.7565,-14.7546
wmcodec,8,english:1034,2,155,tct,1,,-15.6110,-14.7565,4.1581,0.9514,11.76,0.1863,-0.6548,-14.7565,-14.7546
wmcodec,8,english:1034,2,155,payload_farthest,1,,-13.4592,-12.0378,4.0110,0.9393,10.37,0.1863,-0.6548,-14.7565,-14.7546
wmcodec,8,english:1040,0,156,single_copy,1,,-2.5071,-2.4039,4.6439,1.0000,143.98,0.1529,-0.1226,-23.4537,-23.4546
wmcodec,8,english:1040,0,156,mean,1,,-11.6752,-10.5333,4.1790,0.9797,13.38,0.1529,-0.1226,-23.4537,-23.4546
wmcodec,8,english:1040,0,156,rp,1,,-11.3044,-10.5082,4.3954,0.9887,15.77,0.1529,-0.1226,-23.4537,-23.4546
wmcodec,8,english:1040,0,156,random_dirichlet,1,,-18.3351,-17.4215,4.0625,0.9767,11.89,0.1529,-0.1226,-23.4537,-23.4546
wmcodec,8,english:1040,0,156,eep,1,,-23.0172,-21.9276,4.3467,0.9862,15.52,0.1529,-0.1226,-23.4537,-23.4546
wmcodec,8,english:1040,0,156,fwp,1,,-27.4558,-27.2221,3.9923,0.9723,11.13,0.1529,-0.1226,-23.4537,-23.4546
wmcodec,8,english:1040,0,156,dm,1,,-21.0453,-20.5348,4.1430,0.9780,12.89,0.1529,-0.1226,-23.4537,-23.4546
wmcodec,8,english:1040,0,156,tct,1,,-23.4950,-23.4537,4.0863,0.9759,12.13,0.1529,-0.1226,-23.4537,-23.4546
wmcodec,8,english:1040,0,156,payload_farthest,1,,-23.0172,-21.9276,4.3467,0.9862,15.52,0.1529,-0.1226,-23.4537,-23.4546
wmcodec,8,english:1040,1,157,single_copy,1,,-1.3515,-1.0433,4.6439,1.0000,143.75,-0.1748,-0.2653,-17.7728,-17.7728
wmcodec,8,english:1040,1,157,mean,1,,-17.5231,-16.9711,4.2558,0.9791,12.95,-0.1748,-0.2653,-17.7728,-17.7728
wmcodec,8,english:1040,1,157,rp,1,,-27.6969,-27.2242,4.3842,0.9881,15.76,-0.1748,-0.2653,-17.7728,-17.7728
wmcodec,8,english:1040,1,157,random_dirichlet,1,,-14.1439,-13.7315,4.3992,0.9861,15.38,-0.1748,-0.2653,-17.7728,-17.7728
wmcodec,8,english:1040,1,157,eep,1,,-25.5511,-25.2725,4.1048,0.9722,10.11,-0.1748,-0.2653,-17.7728,-17.7728
wmcodec,8,english:1040,1,157,fwp,1,,-25.1573,-24.7848,4.0424,0.9721,10.43,-0.1748,-0.2653,-17.7728,-17.7728
wmcodec,8,english:1040,1,157,dm,1,,-22.0119,-20.7172,4.2468,0.9784,12.76,-0.1748,-0.2653,-17.7728,-17.7728
wmcodec,8,english:1040,1,157,tct,1,,-18.2686,-17.7728,4.1151,0.9749,11.27,-0.1748,-0.2653,-17.7728,-17.7728
wmcodec,8,english:1040,1,157,payload_farthest,1,,-16.3855,-16.1914,4.0029,0.9750,10.96,-0.1748,-0.2653,-17.7728,-17.7728
wmcodec,8,english:1040,2,158,single_copy,1,,-9.6072,-9.6035,4.6439,1.0000,143.66,-0.2698,0.8171,-12.1882,-12.1879
wmcodec,8,english:1040,2,158,mean,1,,-11.8591,-11.7241,4.1404,0.9785,12.27,-0.2698,0.8171,-12.1882,-12.1879
wmcodec,8,english:1040,2,158,rp,1,,-11.5134,-11.3786,3.9770,0.9741,10.12,-0.2698,0.8171,-12.1882,-12.1879
wmcodec,8,english:1040,2,158,random_dirichlet,1,,-11.0423,-10.9373,4.0952,0.9760,11.01,-0.2698,0.8171,-12.1882,-12.1879
wmcodec,8,english:1040,2,158,eep,1,,-16.1153,-15.7745,3.9242,0.9677,9.62,-0.2698,0.8171,-12.1882,-12.1879
wmcodec,8,english:1040,2,158,fwp,1,,-20.8071,-20.5495,4.3866,0.9874,14.43,-0.2698,0.8171,-12.1882,-12.1879
wmcodec,8,english:1040,2,158,dm,1,,-20.9600,-20.3173,4.1548,0.9789,12.43,-0.2698,0.8171,-12.1882,-12.1879
wmcodec,8,english:1040,2,158,tct,1,,-12.3453,-12.1882,4.2671,0.9825,12.43,-0.2698,0.8171,-12.1882,-12.1879
wmcodec,8,english:1040,2,158,payload_farthest,1,,-15.9787,-15.6715,3.9900,0.9730,9.61,-0.2698,0.8171,-12.1882,-12.1879
wmcodec,8,english:1069,0,159,single_copy,0,,-0.0692,3.1824,4.6439,1.0000,149.19,0.2179,-0.2386,-8.4327,-8.4327
wmcodec,8,english:1069,0,159,mean,1,,-17.5651,-17.2080,4.3823,0.9890,15.53,0.2179,-0.2386,-8.4327,-8.4327
wmcodec,8,english:1069,0,159,rp,1,,-24.8996,-24.5446,4.1733,0.9859,12.02,0.2179,-0.2386,-8.4327,-8.4327
wmcodec,8,english:1069,0,159,random_dirichlet,1,,-21.4919,-21.2853,4.4040,0.9906,15.93,0.2179,-0.2386,-8.4327,-8.4327
wmcodec,8,english:1069,0,159,eep,1,,-13.6947,-12.6594,4.2416,0.9876,13.51,0.2179,-0.2386,-8.4327,-8.4327
wmcodec,8,english:1069,0,159,fwp,1,,-33.8483,-33.7478,4.4418,0.9924,16.60,0.2179,-0.2386,-8.4327,-8.4327
wmcodec,8,english:1069,0,159,dm,1,,-15.3045,-14.3720,4.3665,0.9883,15.22,0.2179,-0.2386,-8.4327,-8.4327
wmcodec,8,english:1069,0,159,tct,1,,-9.7839,-8.4327,4.2724,0.9876,14.23,0.2179,-0.2386,-8.4327,-8.4327
wmcodec,8,english:1069,0,159,payload_farthest,1,,-26.1444,-26.0340,4.3570,0.9885,13.78,0.2179,-0.2386,-8.4327,-8.4327
wmcodec,8,english:1069,1,160,single_copy,1,,-2.0137,-1.8468,4.6439,1.0000,149.23,0.1120,-0.7289,-18.2075,-18.2065
wmcodec,8,english:1069,1,160,mean,1,,-10.7661,-9.8299,4.3063,0.9906,15.09,0.1120,-0.7289,-18.2075,-18.2065
wmcodec,8,english:1069,1,160,rp,1,,-12.9527,-12.3197,4.0932,0.9888,13.32,0.1120,-0.7289,-18.2075,-18.2065
wmcodec,8,english:1069,1,160,random_dirichlet,1,,-5.0653,-4.3750,4.1732,0.9886,13.32,0.1120,-0.7289,-18.2075,-18.2065
wmcodec,8,english:1069,1,160,eep,1,,-30.9932,-30.5253,4.1471,0.9875,12.55,0.1120,-0.7289,-18.2075,-18.2065
wmcodec,8,english:1069,1,160,fwp,1,,-20.0438,-18.8124,4.4561,0.9940,17.07,0.1120,-0.7289,-18.2075,-18.2065
wmcodec,8,english:1069,1,160,dm,1,,-9.7045,-8.9380,4.3433,0.9911,15.40,0.1120,-0.7289,-18.2075,-18.2065
wmcodec,8,english:1069,1,160,tct,1,,-18.4637,-18.2075,4.1822,0.9886,13.16,0.1120,-0.7289,-18.2075,-18.2065
wmcodec,8,english:1069,1,160,payload_farthest,1,,-17.8102,-17.4348,4.0670,0.9869,12.03,0.1120,-0.7289,-18.2075,-18.2065
wmcodec,8,english:1069,2,161,single_copy,0,,-0.0065,5.6061,4.6439,1.0000,149.30,0.1695,0.4236,-16.0411,-16.0410
wmcodec,8,english:1069,2,161,mean,1,,-21.7145,-21.3582,4.3814,0.9903,15.92,0.1695,0.4236,-16.0411,-16.0410
wmcodec,8,english:1069,2,161,rp,1,,-20.1196,-19.1584,4.2536,0.9883,13.61,0.1695,0.4236,-16.0411,-16.0410
wmcodec,8,english:1069,2,161,random_dirichlet,1,,-16.0620,-14.5135,4.3262,0.9901,14.78,0.1695,0.4236,-16.0411,-16.0410
wmcodec,8,english:1069,2,161,eep,1,,-29.8011,-29.3066,4.2597,0.9882,12.83,0.1695,0.4236,-16.0411,-16.0410
wmcodec,8,english:1069,2,161,fwp,1,,-39.9006,-39.6828,4.1313,0.9884,13.75,0.1695,0.4236,-16.0411,-16.0410
wmcodec,8,english:1069,2,161,dm,1,,-22.7972,-22.4088,4.3557,0.9900,15.52,0.1695,0.4236,-16.0411,-16.0410
wmcodec,8,english:1069,2,161,tct,1,,-16.8018,-16.0411,4.2144,0.9889,14.46,0.1695,0.4236,-16.0411,-16.0410
wmcodec,8,english:1069,2,161,payload_farthest,1,,-14.4902,-12.4306,4.2241,0.9872,13.40,0.1695,0.4236,-16.0411,-16.0410
wmcodec,8,english:1081,0,162,single_copy,1,,-7.6572,-7.6560,4.6439,1.0000,153.38,0.2489,-0.1663,-19.9877,-19.9877
wmcodec,8,english:1081,0,162,mean,1,,-14.7994,-14.4751,4.2150,0.9841,12.97,0.2489,-0.1663,-19.9877,-19.9877
wmcodec,8,english:1081,0,162,rp,1,,-10.6951,-10.1397,3.8488,0.9792,10.64,0.2489,-0.1663,-19.9877,-19.9877
wmcodec,8,english:1081,0,162,random_dirichlet,1,,-16.0178,-15.1005,4.3094,0.9875,14.45,0.2489,-0.1663,-19.9877,-19.9877
wmcodec,8,english:1081,0,162,eep,1,,-29.1187,-28.9984,3.8707,0.9808,10.15,0.2489,-0.1663,-19.9877,-19.9877
wmcodec,8,english:1081,0,162,fwp,1,,-14.3308,-13.4332,3.9507,0.9776,9.23,0.2489,-0.1663,-19.9877,-19.9877
wmcodec,8,english:1081,0,162,dm,1,,-22.1515,-21.8033,4.1234,0.9812,11.79,0.2489,-0.1663,-19.9877,-19.9877
wmcodec,8,english:1081,0,162,tct,1,,-20.7106,-19.9877,4.2754,0.9861,13.59,0.2489,-0.1663,-19.9877,-19.9877
wmcodec,8,english:1081,0,162,payload_farthest,1,,-23.7359,-23.0836,3.8849,0.9796,10.11,0.2489,-0.1663,-19.9877,-19.9877
wmcodec,8,english:1081,1,163,single_copy,1,,-7.6807,-7.6793,4.6439,1.0000,153.43,0.4755,-0.8259,-6.7267,-6.7267
wmcodec,8,english:1081,1,163,mean,1,,-18.8257,-17.0453,4.0835,0.9817,11.24,0.4755,-0.8259,-6.7267,-6.7267
wmcodec,8,english:1081,1,163,rp,1,,-19.4819,-17.4875,4.3111,0.9887,14.22,0.4755,-0.8259,-6.7267,-6.7267
wmcodec,8,english:1081,1,163,random_dirichlet,1,,-15.2111,-14.9493,3.8954,0.9791,9.63,0.4755,-0.8259,-6.7267,-6.7267
wmcodec,8,english:1081,1,163,eep,1,,-12.6872,-12.3211,3.7388,0.9771,8.69,0.4755,-0.8259,-6.7267,-6.7267
wmcodec,8,english:1081,1,163,fwp,1,,-22.1477,-21.7358,3.8226,0.9765,9.58,0.4755,-0.8259,-6.7267,-6.7267
wmcodec,8,english:1081,1,163,dm,1,,-21.3722,-19.5539,4.1164,0.9815,11.45,0.4755,-0.8259,-6.7267,-6.7267
wmcodec,8,english:1081,1,163,tct,1,,-7.5956,-6.7267,4.4160,0.9906,15.61,0.4755,-0.8259,-6.7267,-6.7267
wmcodec,8,english:1081,1,163,payload_farthest,1,,-5.0106,-4.7449,4.3159,0.9889,14.25,0.4755,-0.8259,-6.7267,-6.7267
wmcodec,8,english:1081,2,164,single_copy,1,,-7.4267,-7.4221,4.6439,1.0000,153.39,0.0051,-0.5531,-2.7040,-2.7039
wmcodec,8,english:1081,2,164,mean,1,,-7.9684,-6.3309,4.1566,0.9829,12.32,0.0051,-0.5531,-2.7040,-2.7039
wmcodec,8,english:1081,2,164,rp,1,,-19.0172,-18.1548,4.3384,0.9882,14.68,0.0051,-0.5531,-2.7040,-2.7039
wmcodec,8,english:1081,2,164,random_dirichlet,1,,-15.8359,-13.6807,4.0668,0.9815,10.85,0.0051,-0.5531,-2.7040,-2.7039
wmcodec,8,english:1081,2,164,eep,1,,-10.9260,-10.8829,3.8906,0.9783,10.05,0.0051,-0.5531,-2.7040,-2.7039
wmcodec,8,english:1081,2,164,fwp,1,,-13.3383,-11.8342,3.7990,0.9768,9.72,0.0051,-0.5531,-2.7040,-2.7039
wmcodec,8,english:1081,2,164,dm,1,,-9.4821,-7.7061,4.1100,0.9811,11.66,0.0051,-0.5531,-2.7040,-2.7039
wmcodec,8,english:1081,2,164,tct,1,,-3.3390,-2.7040,4.0300,0.9807,10.66,0.0051,-0.5531,-2.7040,-2.7039
wmcodec,8,english:1081,2,164,payload_farthest,1,,-20.2185,-19.0524,3.9231,0.9815,9.52,0.0051,-0.5531,-2.7040,-2.7039
wmcodec,8,english:1088,0,165,single_copy,0,,-0.0565,2.8772,4.6439,1.0000,148.29,-0.3394,-0.1513,-5.1501,-5.1499
wmcodec,8,english:1088,0,165,mean,1,,-23.2732,-22.5238,4.3120,0.9868,19.04,-0.3394,-0.1513,-5.1501,-5.1499
wmcodec,8,english:1088,0,165,rp,1,,-7.1155,-6.2601,4.0933,0.9865,16.91,-0.3394,-0.1513,-5.1501,-5.1499
wmcodec,8,english:1088,0,165,random_dirichlet,1,,-27.9105,-27.4552,4.3732,0.9886,20.05,-0.3394,-0.1513,-5.1501,-5.1499
wmcodec,8,english:1088,0,165,eep,1,,-8.8305,-8.5939,4.0885,0.9868,16.45,-0.3394,-0.1513,-5.1501,-5.1499
wmcodec,8,english:1088,0,165,fwp,1,,-9.5791,-8.7644,3.9897,0.9856,16.72,-0.3394,-0.1513,-5.1501,-5.1499
wmcodec,8,english:1088,0,165,dm,1,,-22.8280,-21.6119,4.1988,0.9859,18.73,-0.3394,-0.1513,-5.1501,-5.1499
wmcodec,8,english:1088,0,165,tct,1,,-6.6656,-5.1501,4.1295,0.9872,18.06,-0.3394,-0.1513,-5.1501,-5.1499
wmcodec,8,english:1088,0,165,payload_farthest,1,,-8.8305,-8.5939,4.0885,0.9868,16.45,-0.3394,-0.1513,-5.1501,-5.1499
wmcodec,8,english:1088,1,166,single_copy,0,,-0.0001,10.0927,4.6439,1.0000,148.30,-0.0553,-0.1036,-17.5611,-17.5611
wmcodec,8,english:1088,1,166,mean,1,,-8.4243,-7.3401,4.3808,0.9872,19.61,-0.0553,-0.1036,-17.5611,-17.5611
wmcodec,8,english:1088,1,166,rp,1,,-20.2087,-19.3061,4.2043,0.9862,16.98,-0.0553,-0.1036,-17.5611,-17.5611
wmcodec,8,english:1088,1,166,random_dirichlet,1,,-23.5425,-22.8343,4.1231,0.9865,18.71,-0.0553,-0.1036,-17.5611,-17.5611
wmcodec,8,english:1088,1,166,eep,1,,-38.4170,-37.5917,3.9832,0.9857,17.28,-0.0553,-0.1036,-17.5611,-17.5611
wmcodec,8,english:1088,1,166,fwp,1,,-34.7110,-34.1532,3.6412,0.9854,17.21,-0.0553,-0.1036,-17.5611,-17.5611
wmcodec,8,english:1088,1,166,dm,1,,-7.3174,-4.5318,4.1556,0.9854,18.86,-0.0553,-0.1036,-17.5611,-17.5611
wmcodec,8,english:1088,1,166,tct,1,,-18.9836,-17.5611,3.9726,0.9840,17.63,-0.0553,-0.1036,-17.5611,-17.5611
wmcodec,8,english:1088,1,166,payload_farthest,1,,-27.8350,-27.3972,4.4509,0.9914,21.36,-0.0553,-0.1036,-17.5611,-17.5611
wmcodec,8,english:1088,2,167,single_copy,0,,-0.0016,6.7918,4.6439,1.0000,148.27,0.3494,-0.5216,-8.5904,-8.5905
wmcodec,8,english:1088,2,167,mean,1,,-12.2616,-11.1850,4.3015,0.9868,18.68,0.3494,-0.5216,-8.5904,-8.5905
wmcodec,8,english:1088,2,167,rp,1,,-18.8117,-18.4146,3.6598,0.9838,16.00,0.3494,-0.5216,-8.5904,-8.5905
wmcodec,8,english:1088,2,167,random_dirichlet,1,,-12.9188,-12.2432,3.8706,0.9865,17.99,0.3494,-0.5216,-8.5904,-8.5905
wmcodec,8,english:1088,2,167,eep,1,,-18.8117,-18.4146,3.6598,0.9838,16.00,0.3494,-0.5216,-8.5904,-8.5905
wmcodec,8,english:1088,2,167,fwp,1,,-4.1870,-3.2142,4.0347,0.9826,15.51,0.3494,-0.5216,-8.5904,-8.5905
wmcodec,8,english:1088,2,167,dm,1,,-16.9935,-15.2364,4.2596,0.9861,18.31,0.3494,-0.5216,-8.5904,-8.5905
wmcodec,8,english:1088,2,167,tct,1,,-8.6058,-8.5904,3.9452,0.9862,16.92,0.3494,-0.5216,-8.5904,-8.5905
wmcodec,8,english:1088,2,167,payload_farthest,1,,-23.4970,-23.1282,4.2055,0.9929,21.37,0.3494,-0.5216,-8.5904,-8.5905
wmcodec,8,english:1098,0,168,single_copy,1,,-2.9329,-2.3682,4.6439,1.0000,147.74,-0.0481,-0.0085,-3.3554,-3.3547
wmcodec,8,english:1098,0,168,mean,1,,-14.5545,-13.1483,4.1571,0.9819,13.67,-0.0481,-0.0085,-3.3554,-3.3547
wmcodec,8,english:1098,0,168,rp,1,,-10.8316,-9.8320,3.8841,0.9768,11.82,-0.0481,-0.0085,-3.3554,-3.3547
wmcodec,8,english:1098,0,168,random_dirichlet,1,,-10.6311,-9.1570,4.1630,0.9822,13.51,-0.0481,-0.0085,-3.3554,-3.3547
wmcodec,8,english:1098,0,168,eep,1,,-25.3941,-25.0477,4.2900,0.9891,15.67,-0.0481,-0.0085,-3.3554,-3.3547
wmcodec,8,english:1098,0,168,fwp,1,,-18.5317,-17.8795,3.7966,0.9771,11.25,-0.0481,-0.0085,-3.3554,-3.3547
wmcodec,8,english:1098,0,168,dm,1,,-14.1497,-11.9329,4.1412,0.9815,13.51,-0.0481,-0.0085,-3.3554,-3.3547
wmcodec,8,english:1098,0,168,tct,1,,-3.7390,-3.3554,3.7366,0.9778,11.38,-0.0481,-0.0085,-3.3554,-3.3547
wmcodec,8,english:1098,0,168,payload_farthest,1,,-14.3605,-13.9275,3.7432,0.9759,10.82,-0.0481,-0.0085,-3.3554,-3.3547
wmcodec,8,english:1098,1,169,single_copy,1,,-4.3243,-3.9259,4.6439,1.0000,147.83,0.2238,-0.4822,-14.5888,-14.5888
wmcodec,8,english:1098,1,169,mean,1,,-17.3994,-16.5501,4.2007,0.9813,13.46,0.2238,-0.4822,-14.5888,-14.5888
wmcodec,8,english:1098,1,169,rp,1,,-20.6276,-20.6080,3.8209,0.9776,10.96,0.2238,-0.4822,-14.5888,-14.5888
wmcodec,8,english:1098,1,169,random_dirichlet,1,,-12.5976,-11.4733,4.3073,0.9859,14.29,0.2238,-0.4822,-14.5888,-14.5888
wmcodec,8,english:1098,1,169,eep,1,,-15.8514,-14.5639,3.7967,0.9753,10.66,0.2238,-0.4822,-14.5888,-14.5888
wmcodec,8,english:1098,1,169,fwp,1,,-34.2934,-33.8655,3.9109,0.9771,11.13,0.2238,-0.4822,-14.5888,-14.5888
wmcodec,8,english:1098,1,169,dm,1,,-18.4404,-17.9706,4.2083,0.9813,13.55,0.2238,-0.4822,-14.5888,-14.5888
wmcodec,8,english:1098,1,169,tct,1,,-15.4367,-14.5888,4.2984,0.9846,14.51,0.2238,-0.4822,-14.5888,-14.5888
wmcodec,8,english:1098,1,169,payload_farthest,1,,-14.3137,-13.8995,3.9309,0.9764,11.13,0.2238,-0.4822,-14.5888,-14.5888
wmcodec,8,english:1098,2,170,single_copy,0,,-0.0125,4.5825,4.6439,1.0000,147.69,0.2837,0.0476,-20.6206,-20.6206
wmcodec,8,english:1098,2,170,mean,1,,-20.3260,-20.1359,4.2157,0.9829,13.96,0.2837,0.0476,-20.6206,-20.6206
wmcodec,8,english:1098,2,170,rp,1,,-6.7603,-4.9980,3.7524,0.9770,10.92,0.2837,0.0476,-20.6206,-20.6206
wmcodec,8,english:1098,2,170,random_dirichlet,1,,-11.6574,-11.1287,4.0983,0.9843,13.41,0.2837,0.0476,-20.6206,-20.6206
wmcodec,8,english:1098,2,170,eep,1,,-5.8209,-4.4382,4.3529,0.9894,16.55,0.2837,0.0476,-20.6206,-20.6206
wmcodec,8,english:1098,2,170,fwp,1,,-9.3005,-8.3802,3.9844,0.9792,11.38,0.2837,0.0476,-20.6206,-20.6206
wmcodec,8,english:1098,2,170,dm,1,,-18.0892,-16.6734,4.1164,0.9811,13.14,0.2837,0.0476,-20.6206,-20.6206
wmcodec,8,english:1098,2,170,tct,1,,-20.8906,-20.6206,4.1200,0.9832,13.23,0.2837,0.0476,-20.6206,-20.6206
wmcodec,8,english:1098,2,170,payload_farthest,1,,-9.3005,-8.3802,3.9844,0.9792,11.38,0.2837,0.0476,-20.6206,-20.6206
wmcodec,8,english:1116,0,171,single_copy,0,,-0.0019,6.5286,4.6439,1.0000,142.83,0.1404,0.2692,-30.3769,-30.3769
wmcodec,8,english:1116,0,171,mean,1,,-12.7853,-11.9056,4.3262,0.9914,8.33,0.1404,0.2692,-30.3769,-30.3769
wmcodec,8,english:1116,0,171,rp,1,,-22.1051,-21.5790,4.0598,0.9878,6.55,0.1404,0.2692,-30.3769,-30.3769
wmcodec,8,english:1116,0,171,random_dirichlet,1,,-18.9420,-17.7074,4.2696,0.9902,6.51,0.1404,0.2692,-30.3769,-30.3769
wmcodec,8,english:1116,0,171,eep,1,,-4.6388,-3.6261,4.0635,0.9887,5.94,0.1404,0.2692,-30.3769,-30.3769
wmcodec,8,english:1116,0,171,fwp,1,,-9.4619,-9.1283,4.3929,0.9937,10.12,0.1404,0.2692,-30.3769,-30.3769
wmcodec,8,english:1116,0,171,dm,1,,-13.8744,-13.4545,4.3299,0.9915,8.36,0.1404,0.2692,-30.3769,-30.3769
wmcodec,8,english:1116,0,171,tct,1,,-30.9832,-30.3769,4.1072,0.9890,5.80,0.1404,0.2692,-30.3769,-30.3769
wmcodec,8,english:1116,0,171,payload_farthest,1,,-1.5858,-0.9319,4.3978,0.9941,11.06,0.1404,0.2692,-30.3769,-30.3769
wmcodec,8,english:1116,1,172,single_copy,0,,-0.0116,4.7475,4.6439,1.0000,142.90,0.0605,-0.5096,-19.8039,-19.8039
wmcodec,8,english:1116,1,172,mean,1,,-21.6891,-20.3057,4.2345,0.9919,7.92,0.0605,-0.5096,-19.8039,-19.8039
wmcodec,8,english:1116,1,172,rp,1,,-38.2814,-38.2545,4.3205,0.9937,10.54,0.0605,-0.5096,-19.8039,-19.8039
wmcodec,8,english:1116,1,172,random_dirichlet,1,,-8.5907,-6.9856,4.5058,0.9957,11.80,0.0605,-0.5096,-19.8039,-19.8039
wmcodec,8,english:1116,1,172,eep,1,,-16.8222,-16.5091,3.9867,0.9884,5.05,0.0605,-0.5096,-19.8039,-19.8039
wmcodec,8,english:1116,1,172,fwp,1,,-11.9580,-11.1670,4.0075,0.9870,5.53,0.0605,-0.5096,-19.8039,-19.8039
wmcodec,8,english:1116,1,172,dm,1,,-19.8995,-19.0812,4.2696,0.9922,8.18,0.0605,-0.5096,-19.8039,-19.8039
wmcodec,8,english:1116,1,172,tct,1,,-20.9723,-19.8039,4.4152,0.9936,9.55,0.0605,-0.5096,-19.8039,-19.8039
wmcodec,8,english:1116,1,172,payload_farthest,1,,-32.0260,-31.7046,4.3183,0.9945,11.12,0.0605,-0.5096,-19.8039,-19.8039
wmcodec,8,english:1116,2,173,single_copy,0,,-0.4371,0.8343,4.6439,1.0000,142.75,0.2564,-0.0026,-30.2613,-30.2608
wmcodec,8,english:1116,2,173,mean,1,,-26.5336,-25.1995,4.2953,0.9924,8.64,0.2564,-0.0026,-30.2613,-30.2608
wmcodec,8,english:1116,2,173,rp,1,,-25.9008,-25.8670,4.0328,0.9894,5.50,0.2564,-0.0026,-30.2613,-30.2608
wmcodec,8,english:1116,2,173,random_dirichlet,1,,-12.3648,-12.2273,4.2513,0.9914,6.85,0.2564,-0.0026,-30.2613,-30.2608
wmcodec,8,english:1116,2,173,eep,1,,-20.7094,-18.7558,4.2945,0.9898,5.93,0.2564,-0.0026,-30.2613,-30.2608
wmcodec,8,english:1116,2,173,fwp,1,,-35.0509,-34.4806,4.0717,0.9887,6.05,0.2564,-0.0026,-30.2613,-30.2608
wmcodec,8,english:1116,2,173,dm,1,,-26.1832,-25.6417,4.2822,0.9923,8.56,0.2564,-0.0026,-30.2613,-30.2608
wmcodec,8,english:1116,2,173,tct,1,,-30.9162,-30.2613,4.3107,0.9922,7.53,0.2564,-0.0026,-30.2613,-30.2608
wmcodec,8,english:1116,2,173,payload_farthest,1,,-15.1240,-15.1162,4.4555,0.9954,11.57,0.2564,-0.0026,-30.2613,-30.2608
wmcodec,8,english:118,0,174,single_copy,0,,-0.0617,3.1715,4.6439,1.0000,144.29,0.0036,-0.2563,-3.8753,-3.8758
wmcodec,8,english:118,0,174,mean,1,,-13.6835,-11.0982,4.0551,0.9761,9.79,0.0036,-0.2563,-3.8753,-3.8758
wmcodec,8,english:118,0,174,rp,1,,-18.7399,-18.3736,3.7996,0.9706,7.00,0.0036,-0.2563,-3.8753,-3.8758
wmcodec,8,english:118,0,174,random_dirichlet,1,,-19.1934,-18.7016,3.9670,0.9735,8.80,0.0036,-0.2563,-3.8753,-3.8758
wmcodec,8,english:118,0,174,eep,1,,-21.1598,-20.7148,3.8394,0.9699,6.95,0.0036,-0.2563,-3.8753,-3.8758
wmcodec,8,english:118,0,174,fwp,1,,-27.7501,-27.2285,3.8669,0.9741,7.90,0.0036,-0.2563,-3.8753,-3.8758
wmcodec,8,english:118,0,174,dm,1,,-13.1763,-11.7379,3.9998,0.9740,9.33,0.0036,-0.2563,-3.8753,-3.8758
wmcodec,8,english:118,0,174,tct,1,,-4.7071,-3.8753,3.8619,0.9724,7.60,0.0036,-0.2563,-3.8753,-3.8758
wmcodec,8,english:118,0,174,payload_farthest,1,,-11.8600,-11.1445,3.8168,0.9723,6.91,0.0036,-0.2563,-3.8753,-3.8758
wmcodec,8,english:118,1,175,single_copy,1,,-3.0392,-2.9038,4.6439,1.0000,144.39,-0.0741,-0.3994,-25.5236,-25.5239
wmcodec,8,english:118,1,175,mean,1,,-20.8615,-19.5828,4.0443,0.9763,9.55,-0.0741,-0.3994,-25.5236,-25.5239
wmcodec,8,english:118,1,175,rp,1,,-22.7515,-21.5939,3.8241,0.9746,7.35,-0.0741,-0.3994,-25.5236,-25.5239
wmcodec,8,english:118,1,175,random_dirichlet,1,,-24.5250,-23.5394,3.9404,0.9743,8.58,-0.0741,-0.3994,-25.5236,-25.5239
wmcodec,8,english:118,1,175,eep,1,,-34.5113,-34.4681,4.3149,0.9860,12.46,-0.0741,-0.3994,-25.5236,-25.5239
wmcodec,8,english:118,1,175,fwp,1,,-3.0553,-2.2638,3.6302,0.9693,6.77,-0.0741,-0.3994,-25.5236,-25.5239
wmcodec,8,english:118,1,175,dm,1,,-19.6049,-17.9806,4.0022,0.9757,9.28,-0.0741,-0.3994,-25.5236,-25.5239
wmcodec,8,english:118,1,175,tct,1,,-25.5646,-25.5236,3.7813,0.9730,7.43,-0.0741,-0.3994,-25.5236,-25.5239
wmcodec,8,english:118,1,175,payload_farthest,1,,-23.2855,-22.9246,4.2358,0.9845,12.54,-0.0741,-0.3994,-25.5236,-25.5239
wmcodec,8,english:118,2,176,single_copy,0,,-0.0001,9.8170,4.6439,1.0000,144.21,0.3687,-0.5297,-0.3357,-0.3357
wmcodec,8,english:118,2,176,mean,1,,-5.6070,-3.7507,4.1575,0.9780,9.88,0.3687,-0.5297,-0.3357,-0.3357
wmcodec,8,english:118,2,176,rp,1,,-24.2533,-23.2022,3.9387,0.9728,7.33,0.3687,-0.5297,-0.3357,-0.3357
wmcodec,8,english:118,2,176,random_dirichlet,1,,-16.7658,-16.0018,4.0336,0.9765,9.04,0.3687,-0.5297,-0.3357,-0.3357
wmcodec,8,english:118,2,176,eep,1,,-28.1915,-27.8458,3.9550,0.9734,7.55,0.3687,-0.5297,-0.3357,-0.3357
wmcodec,8,english:118,2,176,fwp,1,,-32.0761,-31.4871,4.1466,0.9832,11.26,0.3687,-0.5297,-0.3357,-0.3357
wmcodec,8,english:118,2,176,dm,1,,-9.1457,-6.8353,4.1068,0.9765,9.40,0.3687,-0.5297,-0.3357,-0.3357
wmcodec,8,english:118,2,176,tct,1,,-1.5974,-0.3357,4.0140,0.9736,7.77,0.3687,-0.5297,-0.3357,-0.3357
wmcodec,8,english:118,2,176,payload_farthest,1,,-24.2533,-23.2022,3.9387,0.9728,7.33,0.3687,-0.5297,-0.3357,-0.3357
wmcodec,8,english:1183,0,177,single_copy,1,,-4.2627,-4.2455,4.6439,1.0000,142.37,0.0715,-0.5878,-16.3951,-16.3961
wmcodec,8,english:1183,0,177,mean,1,,-19.2777,-18.1173,4.2634,0.9812,8.48,0.0715,-0.5878,-16.3951,-16.3961
wmcodec,8,english:1183,0,177,rp,1,,-5.7031,-5.1481,3.8684,0.9754,4.64,0.0715,-0.5878,-16.3951,-16.3961
wmcodec,8,english:1183,0,177,random_dirichlet,1,,-14.0032,-13.0264,4.1663,0.9792,7.24,0.0715,-0.5878,-16.3951,-16.3961
wmcodec,8,english:1183,0,177,eep,1,,-19.5641,-18.7636,4.3318,0.9858,9.49,0.0715,-0.5878,-16.3951,-16.3961
wmcodec,8,english:1183,0,177,fwp,1,,-26.7183,-26.3144,4.1380,0.9774,6.33,0.0715,-0.5878,-16.3951,-16.3961
wmcodec,8,english:1183,0,177,dm,1,,-23.8945,-23.3789,4.1436,0.9782,7.14,0.0715,-0.5878,-16.3951,-16.3961
wmcodec,8,english:1183,0,177,tct,1,,-16.5965,-16.3951,4.2484,0.9833,8.11,0.0715,-0.5878,-16.3951,-16.3961
wmcodec,8,english:1183,0,177,payload_farthest,1,,-18.1056,-17.4844,3.7964,0.9740,4.39,0.0715,-0.5878,-16.3951,-16.3961
wmcodec,8,english:1183,1,178,single_copy,1,,-6.0833,-5.9925,4.6439,1.0000,142.68,-0.0149,-0.1518,-16.8459,-16.8462
wmcodec,8,english:1183,1,178,mean,1,,-9.6682,-6.6887,4.0389,0.9776,7.14,-0.0149,-0.1518,-16.8459,-16.8462
wmcodec,8,english:1183,1,178,rp,1,,-23.7256,-23.1672,3.6388,0.9709,3.87,-0.0149,-0.1518,-16.8459,-16.8462
wmcodec,8,english:1183,1,178,random_dirichlet,1,,-13.0050,-11.6419,4.0755,0.9792,7.28,-0.0149,-0.1518,-16.8459,-16.8462
wmcodec,8,english:1183,1,178,eep,1,,-36.8772,-36.5664,4.2848,0.9866,10.31,-0.0149,-0.1518,-16.8459,-16.8462
wmcodec,8,english:1183,1,178,fwp,1,,-23.7256,-23.1672,3.6388,0.9709,3.87,-0.0149,-0.1518,-16.8459,-16.8462
wmcodec,8,english:1183,1,178,dm,1,,-12.1453,-9.4417,4.0639,0.9778,7.14,-0.0149,-0.1518,-16.8459,-16.8462
wmcodec,8,english:1183,1,178,tct,1,,-17.7083,-16.8459,4.4201,0.9897,11.69,-0.0149,-0.1518,-16.8459,-16.8462
wmcodec,8,english:1183,1,178,payload_farthest,1,,-22.9029,-22.8702,4.3410,0.9889,10.45,-0.0149,-0.1518,-16.8459,-16.8462
wmcodec,8,english:1183,2,179,single_copy,1,,-4.8797,-4.8187,4.6439,1.0000,142.31,-0.0981,-0.5147,-5.0683,-5.0680
wmcodec,8,english:1183,2,179,mean,1,,-11.5276,-8.2517,4.1982,0.9749,6.96,-0.0981,-0.5147,-5.0683,-5.0680
wmcodec,8,english:1183,2,179,rp,1,,-26.1136,-25.7058,3.9358,0.9691,4.40,-0.0981,-0.5147,-5.0683,-5.0680
wmcodec,8,english:1183,2,179,random_dirichlet,1,,-8.4061,-6.4685,4.0878,0.9753,6.06,-0.0981,-0.5147,-5.0683,-5.0680
wmcodec,8,english:1183,2,179,eep,1,,-9.0206,-8.6224,3.8803,0.9693,4.51,-0.0981,-0.5147,-5.0683,-5.0680
wmcodec,8,english:1183,2,179,fwp,1,,-16.7026,-15.9232,3.9513,0.9697,5.23,-0.0981,-0.5147,-5.0683,-5.0680
wmcodec,8,english:1183,2,179,dm,1,,-10.3800,-6.7282,4.1908,0.9748,7.04,-0.0981,-0.5147,-5.0683,-5.0680
wmcodec,8,english:1183,2,179,tct,1,,-5.5687,-5.0683,4.0456,0.9735,4.82,-0.0981,-0.5147,-5.0683,-5.0680
wmcodec,8,english:1183,2,179,payload_farthest,1,,-9.5480,-8.8127,4.2788,0.9867,10.51,-0.0981,-0.5147,-5.0683,-5.0680
wmcodec,8,english:1235,0,180,single_copy,0,,-0.0335,3.4220,4.6439,1.0000,136.64,0.3299,-0.0107,-13.6330,-13.6326
wmcodec,8,english:1235,0,180,mean,1,,-14.5578,-13.7472,4.3020,0.9725,13.08,0.3299,-0.0107,-13.6330,-13.6326
wmcodec,8,english:1235,0,180,rp,1,,-9.1785,-7.7340,4.4047,0.9830,15.73,0.3299,-0.0107,-13.6330,-13.6326
wmcodec,8,english:1235,0,180,random_dirichlet,1,,-20.7100,-20.0238,4.2058,0.9708,12.73,0.3299,-0.0107,-13.6330,-13.6326
wmcodec,8,english:1235,0,180,eep,1,,-11.7165,-10.9566,3.9630,0.9595,10.62,0.3299,-0.0107,-13.6330,-13.6326
wmcodec,8,english:1235,0,180,fwp,1,,-22.1474,-21.8199,4.0656,0.9591,10.85,0.3299,-0.0107,-13.6330,-13.6326
wmcodec,8,english:1235,0,180,dm,1,,-12.6064,-11.4757,4.3191,0.9737,13.36,0.3299,-0.0107,-13.6330,-13.6326
wmcodec,8,english:1235,0,180,tct,1,,-13.6494,-13.6330,4.3467,0.9800,14.46,0.3299,-0.0107,-13.6330,-13.6326
wmcodec,8,english:1235,0,180,payload_farthest,1,,-32.6960,-32.2462,4.3828,0.9843,15.71,0.3299,-0.0107,-13.6330,-13.6326
wmcodec,8,english:1235,1,181,single_copy,1,,-1.0047,-0.4909,4.6439,1.0000,136.68,0.0876,-0.0697,-0.3157,-0.3157
wmcodec,8,english:1235,1,181,mean,1,,-12.2116,-9.1535,4.3093,0.9749,14.23,0.0876,-0.0697,-0.3157,-0.3157
wmcodec,8,english:1235,1,181,rp,1,,-25.3219,-24.7122,4.0573,0.9613,11.66,0.0876,-0.0697,-0.3157,-0.3157
wmcodec,8,english:1235,1,181,random_dirichlet,0,,-0.6330,0.2220,4.1656,0.9728,13.33,0.0876,-0.0697,-0.3157,-0.3157
wmcodec,8,english:1235,1,181,eep,1,,-15.6780,-15.5120,3.8924,0.9637,11.44,0.0876,-0.0697,-0.3157,-0.3157
wmcodec,8,english:1235,1,181,fwp,1,,-13.2706,-10.6569,4.0413,0.9606,11.25,0.0876,-0.0697,-0.3157,-0.3157
wmcodec,8,english:1235,1,181,dm,1,,-15.6100,-14.0742,4.2501,0.9702,13.24,0.0876,-0.0697,-0.3157,-0.3157
wmcodec,8,english:1235,1,181,tct,1,,-1.0762,-0.3157,4.2074,0.9689,12.43,0.0876,-0.0697,-0.3157,-0.3157
wmcodec,8,english:1235,1,181,payload_farthest,1,,-13.0118,-12.0943,4.0922,0.9640,11.10,0.0876,-0.0697,-0.3157,-0.3157
wmcodec,8,english:1235,2,182,single_copy,0,,-0.0030,5.9058,4.6439,1.0000,136.64,0.0644,-0.3445,-13.8367,-13.8375
wmcodec,8,english:1235,2,182,mean,1,,-23.6359,-23.4897,4.2317,0.9717,13.60,0.0644,-0.3445,-13.8367,-13.8375
wmcodec,8,english:1235,2,182,rp,1,,-10.7584,-10.2458,4.0798,0.9627,11.60,0.0644,-0.3445,-13.8367,-13.8375
wmcodec,8,english:1235,2,182,random_dirichlet,1,,-24.8665,-23.5701,4.0952,0.9655,12.22,0.0644,-0.3445,-13.8367,-13.8375
wmcodec,8,english:1235,2,182,eep,1,,-19.5281,-17.9796,3.8673,0.9579,10.67,0.0644,-0.3445,-13.8367,-13.8375
wmcodec,8,english:1235,2,182,fwp,1,,-13.2696,-12.6267,3.9665,0.9603,11.07,0.0644,-0.3445,-13.8367,-13.8375
wmcodec,8,english:1235,2,182,dm,1,,-26.8158,-26.4852,4.2150,0.9718,13.51,0.0644,-0.3445,-13.8367,-13.8375
wmcodec,8,english:1235,2,182,tct,1,,-14.3828,-13.8367,4.1562,0.9679,12.59,0.0644,-0.3445,-13.8367,-13.8375
wmcodec,8,english:1235,2,182,payload_farthest,1,,-17.6464,-17.4544,3.8370,0.9572,10.56,0.0644,-0.3445,-13.8367,-13.8375
wmcodec,8,english:1246,0,183,single_copy,1,,-7.4107,-7.4040,4.6439,1.0000,140.11,0.3401,-0.7221,-20.4193,-20.4197
wmcodec,8,english:1246,0,183,mean,1,,-15.2396,-13.9880,4.1350,0.9860,11.42,0.3401,-0.7221,-20.4193,-20.4197
wmcodec,8,english:1246,0,183,rp,1,,-12.3039,-11.2243,3.9362,0.9824,8.76,0.3401,-0.7221,-20.4193,-20.4197
wmcodec,8,english:1246,0,183,random_dirichlet,1,,-17.6759,-16.9097,3.9305,0.9843,10.22,0.3401,-0.7221,-20.4193,-20.4197
wmcodec,8,english:1246,0,183,eep,1,,-25.2967,-24.9813,4.4416,0.9934,14.19,0.3401,-0.7221,-20.4193,-20.4197
wmcodec,8,english:1246,0,183,fwp,1,,-11.4638,-10.1120,3.9900,0.9835,9.40,0.3401,-0.7221,-20.4193,-20.4197
wmcodec,8,english:1246,0,183,dm,1,,-21.3847,-21.0665,4.1896,0.9855,11.32,0.3401,-0.7221,-20.4193,-20.4197
wmcodec,8,english:1246,0,183,tct,1,,-21.1034,-20.4193,4.0426,0.9858,10.72,0.3401,-0.7221,-20.4193,-20.4197
wmcodec,8,english:1246,0,183,payload_farthest,1,,-12.3039,-11.2243,3.9362,0.9824,8.76,0.3401,-0.7221,-20.4193,-20.4197
wmcodec,8,english:1246,1,184,single_copy,1,,-11.0755,-11.0746,4.6439,1.0000,139.94,0.0352,-0.0022,-13.6110,-13.6110
wmcodec,8,english:1246,1,184,mean,1,,-8.8564,-6.8305,4.0558,0.9844,11.05,0.0352,-0.0022,-13.6110,-13.6110
wmcodec,8,english:1246,1,184,rp,1,,-25.2599,-25.2465,3.7274,0.9818,8.16,0.0352,-0.0022,-13.6110,-13.6110
wmcodec,8,english:1246,1,184,random_dirichlet,1,,-6.4305,-5.9898,4.0756,0.9854,10.94,0.0352,-0.0022,-13.6110,-13.6110
wmcodec,8,english:1246,1,184,eep,1,,-9.1031,-9.0019,3.8963,0.9809,7.96,0.0352,-0.0022,-13.6110,-13.6110
wmcodec,8,english:1246,1,184,fwp,1,,-18.2900,-17.9017,3.7898,0.9794,8.29,0.0352,-0.0022,-13.6110,-13.6110
wmcodec,8,english:1246,1,184,dm,1,,-16.8370,-16.2663,4.0194,0.9834,10.55,0.0352,-0.0022,-13.6110,-13.6110
wmcodec,8,english:1246,1,184,tct,1,,-13.6265,-13.6110,3.9976,0.9857,10.09,0.0352,-0.0022,-13.6110,-13.6110
wmcodec,8,english:1246,1,184,payload_farthest,1,,-25.2599,-25.2465,3.7274,0.9818,8.16,0.0352,-0.0022,-13.6110,-13.6110
wmcodec,8,english:1246,2,185,single_copy,1,,-9.3270,-9.3076,4.6439,1.0000,140.08,-0.0185,0.0382,-13.8420,-13.8412
wmcodec,8,english:1246,2,185,mean,1,,-6.0193,-5.8075,4.1588,0.9857,11.08,-0.0185,0.0382,-13.8420,-13.8412
wmcodec,8,english:1246,2,185,rp,1,,-19.8351,-19.7880,3.7798,0.9829,8.27,-0.0185,0.0382,-13.8420,-13.8412
wmcodec,8,english:1246,2,185,random_dirichlet,1,,-12.9754,-12.5982,4.1215,0.9841,9.85,-0.0185,0.0382,-13.8420,-13.8412
wmcodec,8,english:1246,2,185,eep,1,,-17.1331,-17.0147,4.4268,0.9920,14.09,-0.0185,0.0382,-13.8420,-13.8412
wmcodec,8,english:1246,2,185,fwp,1,,-14.6398,-13.7727,4.3760,0.9909,12.84,-0.0185,0.0382,-13.8420,-13.8412
wmcodec,8,english:1246,2,185,dm,1,,-15.9679,-14.7938,4.1880,0.9854,11.11,-0.0185,0.0382,-13.8420,-13.8412
wmcodec,8,english:1246,2,185,tct,1,,-14.5429,-13.8420,4.1129,0.9842,9.13,-0.0185,0.0382,-13.8420,-13.8412
wmcodec,8,english:1246,2,185,payload_farthest,1,,-20.5385,-20.1016,3.9958,0.9834,9.18,-0.0185,0.0382,-13.8420,-13.8412
wmcodec,8,english:125,0,186,single_copy,1,,-7.4761,-7.4648,4.6439,1.0000,140.29,0.4016,0.2945,-2.5935,-2.5931
wmcodec,8,english:125,0,186,mean,1,,-7.6037,-6.0947,4.2846,0.9803,9.72,0.4016,0.2945,-2.5935,-2.5931
wmcodec,8,english:125,0,186,rp,1,,-19.0438,-17.1813,4.3904,0.9887,11.85,0.4016,0.2945,-2.5935,-2.5931
wmcodec,8,english:125,0,186,random_dirichlet,1,,-16.5414,-14.6105,4.1758,0.9757,8.27,0.4016,0.2945,-2.5935,-2.5931
wmcodec,8,english:125,0,186,eep,1,,-16.8971,-16.3915,4.0323,0.9719,6.20,0.4016,0.2945,-2.5935,-2.5931
wmcodec,8,english:125,0,186,fwp,1,,-37.6097,-37.1419,4.0869,0.9729,7.02,0.4016,0.2945,-2.5935,-2.5931
wmcodec,8,english:125,0,186,dm,1,,-7.2761,-3.7728,4.2784,0.9802,9.52,0.4016,0.2945,-2.5935,-2.5931
wmcodec,8,english:125,0,186,tct,1,,-2.9770,-2.5935,4.1878,0.9756,7.97,0.4016,0.2945,-2.5935,-2.5931
wmcodec,8,english:125,0,186,payload_farthest,1,,-17.9167,-17.2832,4.0938,0.9726,8.12,0.4016,0.2945,-2.5935,-2.5931
wmcodec,8,english:125,1,187,single_copy,0,,-0.0013,6.8490,4.6439,1.0000,140.15,0.3259,-0.2704,-19.4281,-19.4281
wmcodec,8,english:125,1,187,mean,1,,-23.3665,-23.3296,4.2802,0.9805,9.29,0.3259,-0.2704,-19.4281,-19.4281
wmcodec,8,english:125,1,187,rp,1,,-6.5151,-4.8954,3.2229,0.9744,6.20,0.3259,-0.2704,-19.4281,-19.4281
wmcodec,8,english:125,1,187,random_dirichlet,1,,-11.7846,-11.2635,4.4323,0.9861,11.34,0.3259,-0.2704,-19.4281,-19.4281
wmcodec,8,english:125,1,187,eep,1,,-18.9679,-18.7458,3.2345,0.9749,6.40,0.3259,-0.2704,-19.4281,-19.4281
wmcodec,8,english:125,1,187,fwp,1,,-27.6676,-27.3174,3.1635,0.9738,7.19,0.3259,-0.2704,-19.4281,-19.4281
wmcodec,8,english:125,1,187,dm,1,,-15.7047,-15.4766,4.2675,0.9802,9.31,0.3259,-0.2704,-19.4281,-19.4281
wmcodec,8,english:125,1,187,tct,1,,-20.2421,-19.4281,4.2941,0.9803,8.66,0.3259,-0.2704,-19.4281,-19.4281
wmcodec,8,english:125,1,187,payload_farthest,1,,-15.8539,-14.0173,4.2027,0.9732,6.72,0.3259,-0.2704,-19.4281,-19.4281
wmcodec,8,english:125,2,188,single_copy,1,,-9.1313,-9.1299,4.6439,1.0000,140.10,-0.1312,0.0929,-6.7721,-6.7721
wmcodec,8,english:125,2,188,mean,1,,-11.3002,-9.2604,4.3669,0.9814,10.71,-0.1312,0.0929,-6.7721,-6.7721
wmcodec,8,english:125,2,188,rp,1,,-30.3188,-30.0803,3.2542,0.9745,8.17,-0.1312,0.0929,-6.7721,-6.7721
wmcodec,8,english:125,2,188,random_dirichlet,1,,-8.9883,-8.2912,4.1803,0.9743,7.61,-0.1312,0.0929,-6.7721,-6.7721
wmcodec,8,english:125,2,188,eep,1,,-14.6437,-14.0074,4.4619,0.9880,13.24,-0.1312,0.0929,-6.7721,-6.7721
wmcodec,8,english:125,2,188,fwp,1,,-9.2019,-8.0664,3.1550,0.9728,8.10,-0.1312,0.0929,-6.7721,-6.7721
wmcodec,8,english:125,2,188,dm,1,,-12.1770,-11.6959,4.2652,0.9766,9.38,-0.1312,0.0929,-6.7721,-6.7721
wmcodec,8,english:125,2,188,tct,1,,-6.9080,-6.7721,4.2335,0.9764,8.75,-0.1312,0.0929,-6.7721,-6.7721
wmcodec,8,english:125,2,188,payload_farthest,1,,-18.7679,-17.9674,4.4557,0.9904,12.86,-0.1312,0.0929,-6.7721,-6.7721
wmcodec,8,english:1263,0,189,single_copy,1,,-9.0699,-9.0340,4.6439,1.0000,142.68,0.1369,0.0486,-14.8846,-14.8846
wmcodec,8,english:1263,0,189,mean,1,,-11.4057,-10.3020,4.2256,0.9891,16.39,0.1369,0.0486,-14.8846,-14.8846
wmcodec,8,english:1263,0,189,rp,1,,-15.1188,-14.4904,4.1221,0.9871,14.02,0.1369,0.0486,-14.8846,-14.8846
wmcodec,8,english:1263,0,189,random_dirichlet,1,,-2.0592,-0.0657,4.1452,0.9882,15.09,0.1369,0.0486,-14.8846,-14.8846
wmcodec,8,english:1263,0,189,eep,1,,-18.1702,-17.7491,3.9220,0.9861,13.66,0.1369,0.0486,-14.8846,-14.8846
wmcodec,8,english:1263,0,189,fwp,1,,-33.7324,-33.0205,3.9536,0.9871,13.97,0.1369,0.0486,-14.8846,-14.8846
wmcodec,8,english:1263,0,189,dm,1,,-17.0257,-16.4586,4.1431,0.9875,15.61,0.1369,0.0486,-14.8846,-14.8846
wmcodec,8,english:1263,0,189,tct,1,,-15.0760,-14.8846,4.0958,0.9876,14.37,0.1369,0.0486,-14.8846,-14.8846
wmcodec,8,english:1263,0,189,payload_farthest,1,,-10.9664,-7.8355,4.3978,0.9933,18.46,0.1369,0.0486,-14.8846,-14.8846
wmcodec,8,english:1263,1,190,single_copy,1,,-6.2219,-6.1612,4.6439,1.0000,142.86,0.2590,-0.4395,-4.9972,-4.9974
wmcodec,8,english:1263,1,190,mean,1,,-10.6120,-9.6694,4.1754,0.9871,15.29,0.2590,-0.4395,-4.9972,-4.9974
wmcodec,8,english:1263,1,190,rp,1,,-20.7866,-19.9735,3.9426,0.9864,13.19,0.2590,-0.4395,-4.9972,-4.9974
wmcodec,8,english:1263,1,190,random_dirichlet,1,,-10.7575,-9.9837,4.0696,0.9861,14.38,0.2590,-0.4395,-4.9972,-4.9974
wmcodec,8,english:1263,1,190,eep,1,,-9.9917,-9.2348,4.4012,0.9926,17.98,0.2590,-0.4395,-4.9972,-4.9974
wmcodec,8,english:1263,1,190,fwp,1,,-9.9371,-8.0300,3.9444,0.9842,12.88,0.2590,-0.4395,-4.9972,-4.9974
wmcodec,8,english:1263,1,190,dm,1,,-9.6641,-6.7320,4.2103,0.9874,15.67,0.2590,-0.4395,-4.9972,-4.9974
wmcodec,8,english:1263,1,190,tct,1,,-6.2866,-4.9972,4.0866,0.9860,13.58,0.2590,-0.4395,-4.9972,-4.9974
wmcodec,8,english:1263,1,190,payload_farthest,1,,-41.0319,-40.9202,4.0136,0.9846,12.82,0.2590,-0.4395,-4.9972,-4.9974
wmcodec,8,english:1263,2,191,single_copy,0,,-0.0203,4.0379,4.6439,1.0000,142.60,0.2508,-0.3094,-5.9732,-5.9735
wmcodec,8,english:1263,2,191,mean,1,,-9.2343,-9.0483,4.2951,0.9899,16.63,0.2508,-0.3094,-5.9732,-5.9735
wmcodec,8,english:1263,2,191,rp,1,,-22.7693,-22.2850,4.1949,0.9868,14.20,0.2508,-0.3094,-5.9732,-5.9735
wmcodec,8,english:1263,2,191,random_dirichlet,1,,-25.2805,-25.0445,4.2951,0.9901,16.04,0.2508,-0.3094,-5.9732,-5.9735
wmcodec,8,english:1263,2,191,eep,1,,-24.7743,-23.6393,4.0981,0.9872,14.09,0.2508,-0.3094,-5.9732,-5.9735
wmcodec,8,english:1263,2,191,fwp,1,,-27.6632,-26.7898,4.1760,0.9869,13.97,0.2508,-0.3094,-5.9732,-5.9735
wmcodec,8,english:1263,2,191,dm,1,,-17.0828,-15.4749,4.2726,0.9891,15.75,0.2508,-0.3094,-5.9732,-5.9735
wmcodec,8,english:1263,2,191,tct,1,,-6.0949,-5.9732,4.4578,0.9947,20.46,0.2508,-0.3094,-5.9732,-5.9735
wmcodec,8,english:1263,2,191,payload_farthest,1,,-14.7085,-13.2574,4.1416,0.9879,14.44,0.2508,-0.3094,-5.9732,-5.9735
wmcodec,8,english:1334,0,192,single_copy,1,,-7.1770,-7.1729,4.6439,1.0000,144.77,0.4853,-0.6828,-2.4777,-2.4777
wmcodec,8,english:1334,0,192,mean,1,,-12.4231,-10.4254,4.2645,0.9887,12.01,0.4853,-0.6828,-2.4777,-2.4777
wmcodec,8,english:1334,0,192,rp,1,,-12.3732,-11.6744,4.4140,0.9925,14.54,0.4853,-0.6828,-2.4777,-2.4777
wmcodec,8,english:1334,0,192,random_dirichlet,1,,-20.3001,-18.9463,4.1309,0.9865,10.23,0.4853,-0.6828,-2.4777,-2.4777
wmcodec,8,english:1334,0,192,eep,1,,-17.5848,-16.6061,4.1467,0.9839,9.61,0.4853,-0.6828,-2.4777,-2.4777
wmcodec,8,english:1334,0,192,fwp,1,,-19.9279,-19.3733,4.3951,0.9924,13.95,0.4853,-0.6828,-2.4777,-2.4777
wmcodec,8,english:1334,0,192,dm,1,,-14.0772,-10.8212,4.2664,0.9891,12.23,0.4853,-0.6828,-2.4777,-2.4777
wmcodec,8,english:1334,0,192,tct,1,,-3.3533,-2.4777,4.2475,0.9887,11.35,0.4853,-0.6828,-2.4777,-2.4777
wmcodec,8,english:1334,0,192,payload_farthest,1,,-20.8944,-20.0260,4.2102,0.9857,10.32,0.4853,-0.6828,-2.4777,-2.4777
wmcodec,8,english:1334,1,193,single_copy,0,,-0.0009,7.0249,4.6439,1.0000,144.61,0.1511,-0.0611,-13.5793,-13.5790
wmcodec,8,english:1334,1,193,mean,1,,-15.2916,-14.5737,4.2544,0.9879,11.28,0.1511,-0.0611,-13.5793,-13.5790
wmcodec,8,english:1334,1,193,rp,1,,-16.3723,-15.2219,4.1751,0.9841,9.57,0.1511,-0.0611,-13.5793,-13.5790
wmcodec,8,english:1334,1,193,random_dirichlet,1,,-13.7784,-13.1033,4.1205,0.9865,9.98,0.1511,-0.0611,-13.5793,-13.5790
wmcodec,8,english:1334,1,193,eep,1,,-31.5109,-31.1699,4.0674,0.9843,9.38,0.1511,-0.0611,-13.5793,-13.5790
wmcodec,8,english:1334,1,193,fwp,1,,-20.1453,-19.2905,4.0539,0.9844,9.24,0.1511,-0.0611,-13.5793,-13.5790
wmcodec,8,english:1334,1,193,dm,1,,-12.6279,-12.2842,4.3062,0.9888,11.98,0.1511,-0.0611,-13.5793,-13.5790
wmcodec,8,english:1334,1,193,tct,1,,-13.8629,-13.5793,4.3512,0.9904,13.10,0.1511,-0.0611,-13.5793,-13.5790
wmcodec,8,english:1334,1,193,payload_farthest,1,,-25.1261,-24.7026,4.1719,0.9846,8.73,0.1511,-0.0611,-13.5793,-13.5790
wmcodec,8,english:1334,2,194,single_copy,1,,-8.8754,-8.8748,4.6439,1.0000,144.55,0.0070,-0.4041,-21.7082,-21.7081
wmcodec,8,english:1334,2,194,mean,1,,-11.7977,-10.9825,4.3414,0.9882,12.64,0.0070,-0.4041,-21.7082,-21.7081
wmcodec,8,english:1334,2,194,rp,1,,-17.7400,-17.3058,4.1546,0.9843,10.52,0.0070,-0.4041,-21.7082,-21.7081
wmcodec,8,english:1334,2,194,random_dirichlet,1,,-18.9551,-18.5834,4.2864,0.9880,12.17,0.0070,-0.4041,-21.7082,-21.7081
wmcodec,8,english:1334,2,194,eep,1,,-16.4598,-15.8877,4.4126,0.9925,15.06,0.0070,-0.4041,-21.7082,-21.7081
wmcodec,8,english:1334,2,194,fwp,1,,-32.2204,-32.0612,4.1663,0.9842,10.12,0.0070,-0.4041,-21.7082,-21.7081
wmcodec,8,english:1334,2,194,dm,1,,-11.5272,-8.3269,4.2863,0.9872,12.02,0.0070,-0.4041,-21.7082,-21.7081
wmcodec,8,english:1334,2,194,tct,1,,-22.3958,-21.7082,4.2943,0.9885,12.25,0.0070,-0.4041,-21.7082,-21.7081
wmcodec,8,english:1334,2,194,payload_farthest,1,,-32.2204,-32.0612,4.1663,0.9842,10.12,0.0070,-0.4041,-21.7082,-21.7081
wmcodec,8,english:1355,0,195,single_copy,1,,-9.2382,-9.2378,4.6439,1.0000,149.30,0.2809,-0.1735,-18.6493,-18.6491
wmcodec,8,english:1355,0,195,mean,1,,-22.9458,-22.9265,4.2987,0.9911,17.21,0.2809,-0.1735,-18.6493,-18.6491
wmcodec,8,english:1355,0,195,rp,1,,-14.0992,-13.2416,4.0112,0.9877,14.96,0.2809,-0.1735,-18.6493,-18.6491
wmcodec,8,english:1355,0,195,random_dirichlet,1,,-4.2086,-3.4272,4.0794,0.9876,14.90,0.2809,-0.1735,-18.6493,-18.6491
wmcodec,8,english:1355,0,195,eep,1,,-24.3437,-23.4104,4.1570,0.9879,15.01,0.2809,-0.1735,-18.6493,-18.6491
wmcodec,8,english:1355,0,195,fwp,1,,-12.5427,-11.9616,4.4043,0.9927,18.97,0.2809,-0.1735,-18.6493,-18.6491
wmcodec,8,english:1355,0,195,dm,1,,-23.9072,-23.2235,4.3052,0.9908,17.22,0.2809,-0.1735,-18.6493,-18.6491
wmcodec,8,english:1355,0,195,tct,1,,-18.7933,-18.6493,4.3634,0.9938,18.47,0.2809,-0.1735,-18.6493,-18.6491
wmcodec,8,english:1355,0,195,payload_farthest,1,,-19.5147,-19.4572,4.3877,0.9943,19.98,0.2809,-0.1735,-18.6493,-18.6491
wmcodec,8,english:1355,1,196,single_copy,0,,-0.0027,6.3173,4.6439,1.0000,149.28,0.0457,0.4297,-14.1261,-14.1261
wmcodec,8,english:1355,1,196,mean,1,,-20.8501,-19.8287,4.3439,0.9912,18.08,0.0457,0.4297,-14.1261,-14.1261
wmcodec,8,english:1355,1,196,rp,1,,-9.8970,-8.7588,4.4504,0.9943,19.68,0.0457,0.4297,-14.1261,-14.1261
wmcodec,8,english:1355,1,196,random_dirichlet,0,,-0.0230,4.3427,4.2823,0.9898,17.06,0.0457,0.4297,-14.1261,-14.1261
wmcodec,8,english:1355,1,196,eep,1,,-20.1242,-19.2974,4.2354,0.9878,15.49,0.0457,0.4297,-14.1261,-14.1261
wmcodec,8,english:1355,1,196,fwp,1,,-20.1242,-19.2974,4.2354,0.9878,15.49,0.0457,0.4297,-14.1261,-14.1261
wmcodec,8,english:1355,1,196,dm,1,,-20.8637,-18.9211,4.2817,0.9901,17.28,0.0457,0.4297,-14.1261,-14.1261
wmcodec,8,english:1355,1,196,tct,1,,-14.1696,-14.1261,4.4481,0.9940,19.62,0.0457,0.4297,-14.1261,-14.1261
wmcodec,8,english:1355,1,196,payload_farthest,1,,-9.8970,-8.7588,4.4504,0.9943,19.68,0.0457,0.4297,-14.1261,-14.1261
wmcodec,8,english:1355,2,197,single_copy,1,,-9.8547,-9.8505,4.6439,1.0000,149.34,0.0443,-0.4765,-6.4105,-6.4105
wmcodec,8,english:1355,2,197,mean,1,,-14.8599,-13.8887,4.3312,0.9911,17.93,0.0443,-0.4765,-6.4105,-6.4105
wmcodec,8,english:1355,2,197,rp,1,,-21.9897,-21.0181,4.2796,0.9901,15.82,0.0443,-0.4765,-6.4105,-6.4105
wmcodec,8,english:1355,2,197,random_dirichlet,1,,-18.0205,-17.8797,4.2375,0.9902,16.81,0.0443,-0.4765,-6.4105,-6.4105
wmcodec,8,english:1355,2,197,eep,1,,-19.5807,-18.8152,4.4253,0.9944,20.21,0.0443,-0.4765,-6.4105,-6.4105
wmcodec,8,english:1355,2,197,fwp,1,,-21.9897,-21.0181,4.2796,0.9901,15.82,0.0443,-0.4765,-6.4105,-6.4105
wmcodec,8,english:1355,2,197,dm,1,,-14.0967,-12.7267,4.3100,0.9906,17.48,0.0443,-0.4765,-6.4105,-6.4105
wmcodec,8,english:1355,2,197,tct,1,,-7.1045,-6.4105,4.3373,0.9911,17.95,0.0443,-0.4765,-6.4105,-6.4105
wmcodec,8,english:1355,2,197,payload_farthest,1,,-33.5443,-33.1219,4.1487,0.9894,15.97,0.0443,-0.4765,-6.4105,-6.4105
wmcodec,8,english:1363,0,198,single_copy,0,,-0.0115,5.3182,4.6439,1.0000,147.72,-0.0830,0.1426,-30.1910,-30.1910
wmcodec,8,english:1363,0,198,mean,1,,-13.9370,-12.5430,4.2128,0.9758,12.57,-0.0830,0.1426,-30.1910,-30.1910
wmcodec,8,english:1363,0,198,rp,1,,-28.9013,-28.3516,4.1179,0.9614,10.43,-0.0830,0.1426,-30.1910,-30.1910
wmcodec,8,english:1363,0,198,random_dirichlet,0,,-1.4157,0.0810,4.5092,0.9905,17.73,-0.0830,0.1426,-30.1910,-30.1910
wmcodec,8,english:1363,0,198,eep,1,,-19.6429,-19.0192,3.8940,0.9622,10.38,-0.0830,0.1426,-30.1910,-30.1910
wmcodec,8,english:1363,0,198,fwp,1,,-10.9529,-9.3733,4.3288,0.9827,14.89,-0.0830,0.1426,-30.1910,-30.1910
wmcodec,8,english:1363,0,198,dm,1,,-9.5182,-8.0256,4.2739,0.9785,13.03,-0.0830,0.1426,-30.1910,-30.1910
wmcodec,8,english:1363,0,198,tct,1,,-30.2697,-30.1910,3.9640,0.9605,9.89,-0.0830,0.1426,-30.1910,-30.1910
wmcodec,8,english:1363,0,198,payload_farthest,1,,-19.6429,-19.0192,3.8940,0.9622,10.38,-0.0830,0.1426,-30.1910,-30.1910
wmcodec,8,english:1363,1,199,single_copy,1,,-8.9873,-8.9762,4.6439,1.0000,147.55,-0.1239,0.0100,-18.2718,-18.2718
wmcodec,8,english:1363,1,199,mean,1,,-19.3685,-18.5985,4.1525,0.9759,13.20,-0.1239,0.0100,-18.2718,-18.2718
wmcodec,8,english:1363,1,199,rp,1,,-30.5008,-30.4715,3.8680,0.9594,11.13,-0.1239,0.0100,-18.2718,-18.2718
wmcodec,8,english:1363,1,199,random_dirichlet,1,,-21.8386,-20.8667,4.2140,0.9768,13.06,-0.1239,0.0100,-18.2718,-18.2718
wmcodec,8,english:1363,1,199,eep,1,,-20.6885,-19.3727,4.2399,0.9826,15.53,-0.1239,0.0100,-18.2718,-18.2718
wmcodec,8,english:1363,1,199,fwp,1,,-4.3558,-4.0958,3.7475,0.9563,10.87,-0.1239,0.0100,-18.2718,-18.2718
wmcodec,8,english:1363,1,199,dm,1,,-14.7979,-13.4759,4.0857,0.9729,12.88,-0.1239,0.0100,-18.2718,-18.2718
wmcodec,8,english:1363,1,199,tct,1,,-19.3276,-18.2718,3.9171,0.9629,12.16,-0.1239,0.0100,-18.2718,-18.2718
wmcodec,8,english:1363,1,199,payload_farthest,1,,-30.5008,-30.4715,3.8680,0.9594,11.13,-0.1239,0.0100,-18.2718,-18.2718
wmcodec,8,english:1363,2,200,single_copy,0,,-0.0317,3.8219,4.6439,1.0000,147.76,-0.2500,-0.3007,-11.2720,-11.2712
wmcodec,8,english:1363,2,200,mean,1,,-7.7593,-6.5467,4.1559,0.9773,12.47,-0.2500,-0.3007,-11.2720,-11.2712
wmcodec,8,english:1363,2,200,rp,1,,-8.1634,-6.6450,4.3294,0.9874,15.55,-0.2500,-0.3007,-11.2720,-11.2712
wmcodec,8,english:1363,2,200,random_dirichlet,1,,-20.2832,-19.6539,3.9407,0.9668,10.60,-0.2500,-0.3007,-11.2720,-11.2712
wmcodec,8,english:1363,2,200,eep,1,,-27.1040,-26.9513,3.8568,0.9630,9.98,-0.2500,-0.3007,-11.2720,-11.2712
wmcodec,8,english:1363,2,200,fwp,1,,-8.2365,-7.6192,4.2751,0.9835,14.94,-0.2500,-0.3007,-11.2720,-11.2712
wmcodec,8,english:1363,2,200,dm,1,,-8.2698,-6.6985,4.2263,0.9810,13.47,-0.2500,-0.3007,-11.2720,-11.2712
wmcodec,8,english:1363,2,200,tct,1,,-13.1945,-11.2720,4.0308,0.9711,11.10,-0.2500,-0.3007,-11.2720,-11.2712
wmcodec,8,english:1363,2,200,payload_farthest,1,,-11.4701,-10.6872,3.8903,0.9637,10.08,-0.2500,-0.3007,-11.2720,-11.2712
wmcodec,8,english:1447,0,201,single_copy,1,,-2.9892,-2.6517,4.6439,1.0000,137.52,0.0608,-0.2676,-23.3288,-23.3283
wmcodec,8,english:1447,0,201,mean,1,,-21.2238,-20.5446,4.1320,0.9718,16.84,0.0608,-0.2676,-23.3288,-23.3283
wmcodec,8,english:1447,0,201,rp,1,,-17.2002,-17.0347,4.2997,0.9844,19.58,0.0608,-0.2676,-23.3288,-23.3283
wmcodec,8,english:1447,0,201,random_dirichlet,0,,-0.6052,0.2767,3.9828,0.9681,15.46,0.0608,-0.2676,-23.3288,-23.3283
wmcodec,8,english:1447,0,201,eep,1,,-23.1981,-22.0728,3.9641,0.9589,14.92,0.0608,-0.2676,-23.3288,-23.3283
wmcodec,8,english:1447,0,201,fwp,1,,-33.0939,-32.9898,3.9016,0.9592,15.13,0.0608,-0.2676,-23.3288,-23.3283
wmcodec,8,english:1447,0,201,dm,1,,-20.8194,-19.8660,4.0704,0.9684,16.23,0.0608,-0.2676,-23.3288,-23.3283
wmcodec,8,english:1447,0,201,tct,1,,-23.4943,-23.3288,3.9565,0.9631,15.45,0.0608,-0.2676,-23.3288,-23.3283
wmcodec,8,english:1447,0,201,payload_farthest,1,,-17.2002,-17.0347,4.2997,0.9844,19.58,0.0608,-0.2676,-23.3288,-23.3283
wmcodec,8,english:1447,1,202,single_copy,0,,-0.0004,7.9997,4.6439,1.0000,137.53,0.1583,-0.3460,-15.1614,-15.1614
wmcodec,8,english:1447,1,202,mean,1,,-11.8726,-11.1654,4.1268,0.9713,16.50,0.1583,-0.3460,-15.1614,-15.1614
wmcodec,8,english:1447,1,202,rp,1,,-26.3262,-25.8467,3.9158,0.9600,14.00,0.1583,-0.3460,-15.1614,-15.1614
wmcodec,8,english:1447,1,202,random_dirichlet,1,,-7.0949,-6.9991,3.9594,0.9701,15.41,0.1583,-0.3460,-15.1614,-15.1614
wmcodec,8,english:1447,1,202,eep,1,,-26.3262,-25.8467,3.9158,0.9600,14.00,0.1583,-0.3460,-15.1614,-15.1614
wmcodec,8,english:1447,1,202,fwp,1,,-21.2558,-20.7590,3.8117,0.9564,14.24,0.1583,-0.3460,-15.1614,-15.1614
wmcodec,8,english:1447,1,202,dm,1,,-11.9633,-11.3213,4.1216,0.9714,16.45,0.1583,-0.3460,-15.1614,-15.1614
wmcodec,8,english:1447,1,202,tct,1,,-16.1688,-15.1614,4.1920,0.9741,16.90,0.1583,-0.3460,-15.1614,-15.1614
wmcodec,8,english:1447,1,202,payload_farthest,1,,-3.9996,-2.2379,3.9745,0.9593,14.55,0.1583,-0.3460,-15.1614,-15.1614
wmcodec,8,english:1447,2,203,single_copy,0,,-0.0471,3.4092,4.6439,1.0000,137.59,-0.0119,0.7113,-13.3140,-13.3142
wmcodec,8,english:1447,2,203,mean,1,,-19.3537,-17.9991,4.1723,0.9682,16.62,-0.0119,0.7113,-13.3140,-13.3142
wmcodec,8,english:1447,2,203,rp,1,,-22.7773,-21.8983,4.3583,0.9829,19.35,-0.0119,0.7113,-13.3140,-13.3142
wmcodec,8,english:1447,2,203,random_dirichlet,1,,-21.3431,-20.1606,4.1399,0.9680,16.44,-0.0119,0.7113,-13.3140,-13.3142
wmcodec,8,english:1447,2,203,eep,1,,-26.0775,-25.3504,3.8653,0.9561,13.73,-0.0119,0.7113,-13.3140,-13.3142
wmcodec,8,english:1447,2,203,fwp,1,,-26.7866,-26.6430,3.8167,0.9571,14.32,-0.0119,0.7113,-13.3140,-13.3142
wmcodec,8,english:1447,2,203,dm,1,,-17.8529,-17.0373,4.1289,0.9668,16.46,-0.0119,0.7113,-13.3140,-13.3142
wmcodec,8,english:1447,2,203,tct,1,,-13.6171,-13.3140,4.1499,0.9715,16.99,-0.0119,0.7113,-13.3140,-13.3142
wmcodec,8,english:1447,2,203,payload_farthest,1,,-22.2427,-22.1513,3.8880,0.9568,14.21,-0.0119,0.7113,-13.3140,-13.3142
wmcodec,8,english:1455,0,204,single_copy,1,,-7.8171,-7.2190,4.6439,1.0000,140.48,0.4316,-0.1139,-23.8045,-23.8045
wmcodec,8,english:1455,0,204,mean,1,,-19.8308,-19.1112,4.0186,0.9803,10.16,0.4316,-0.1139,-23.8045,-23.8045
wmcodec,8,english:1455,0,204,rp,1,,-14.4726,-13.0165,4.1867,0.9863,11.71,0.4316,-0.1139,-23.8045,-23.8045
wmcodec,8,english:1455,0,204,random_dirichlet,1,,-16.8148,-15.5583,3.9879,0.9796,9.35,0.4316,-0.1139,-23.8045,-23.8045
wmcodec,8,english:1455,0,204,eep,1,,-20.9977,-20.6080,3.8162,0.9758,9.16,0.4316,-0.1139,-23.8045,-23.8045
wmcodec,8,english:1455,0,204,fwp,1,,-20.9977,-20.6080,3.8162,0.9758,9.16,0.4316,-0.1139,-23.8045,-23.8045
wmcodec,8,english:1455,0,204,dm,1,,-11.4050,-10.5539,3.9321,0.9787,9.71,0.4316,-0.1139,-23.8045,-23.8045
wmcodec,8,english:1455,0,204,tct,1,,-24.6284,-23.8045,4.0410,0.9793,9.94,0.4316,-0.1139,-23.8045,-23.8045
wmcodec,8,english:1455,0,204,payload_farthest,1,,-14.4726,-13.0165,4.1867,0.9863,11.71,0.4316,-0.1139,-23.8045,-23.8045
wmcodec,8,english:1455,1,205,single_copy,0,,-0.0012,7.2672,4.6439,1.0000,140.66,0.2661,0.4985,-30.4559,-30.4558
wmcodec,8,english:1455,1,205,mean,1,,-13.7951,-12.8716,3.9195,0.9771,8.80,0.2661,0.4985,-30.4559,-30.4558
wmcodec,8,english:1455,1,205,rp,1,,-7.5433,-6.8352,4.3312,0.9879,12.66,0.2661,0.4985,-30.4559,-30.4558
wmcodec,8,english:1455,1,205,random_dirichlet,1,,-6.5631,-5.6347,4.2107,0.9837,11.21,0.2661,0.4985,-30.4559,-30.4558
wmcodec,8,english:1455,1,205,eep,1,,-7.5433,-6.8352,4.3312,0.9879,12.66,0.2661,0.4985,-30.4559,-30.4558
wmcodec,8,english:1455,1,205,fwp,1,,-3.8460,-1.3333,4.0928,0.9838,10.60,0.2661,0.4985,-30.4559,-30.4558
wmcodec,8,english:1455,1,205,dm,1,,-19.4014,-18.2493,4.1279,0.9816,9.73,0.2661,0.4985,-30.4559,-30.4558
wmcodec,8,english:1455,1,205,tct,1,,-31.3535,-30.4559,3.7088,0.9710,7.27,0.2661,0.4985,-30.4559,-30.4558
wmcodec,8,english:1455,1,205,payload_farthest,1,,-12.6927,-11.6126,3.4534,0.9662,5.72,0.2661,0.4985,-30.4559,-30.4558
wmcodec,8,english:1455,2,206,single_copy,1,,-10.7255,-10.7249,4.6439,1.0000,140.41,-0.0344,-0.3893,-13.8678,-13.8683
wmcodec,8,english:1455,2,206,mean,1,,-12.1798,-10.6332,4.1604,0.9779,9.99,-0.0344,-0.3893,-13.8678,-13.8683
wmcodec,8,english:1455,2,206,rp,1,,-16.7785,-16.4963,3.8904,0.9724,8.49,-0.0344,-0.3893,-13.8678,-13.8683
wmcodec,8,english:1455,2,206,random_dirichlet,1,,-30.7881,-30.7754,4.0079,0.9732,8.88,-0.0344,-0.3893,-13.8678,-13.8683
wmcodec,8,english:1455,2,206,eep,1,,-31.0032,-30.8644,3.7654,0.9713,7.72,-0.0344,-0.3893,-13.8678,-13.8683
wmcodec,8,english:1455,2,206,fwp,1,,-31.3229,-30.2932,4.1804,0.9862,11.56,-0.0344,-0.3893,-13.8678,-13.8683
wmcodec,8,english:1455,2,206,dm,1,,-19.2463,-18.3451,4.1556,0.9790,10.39,-0.0344,-0.3893,-13.8678,-13.8683
wmcodec,8,english:1455,2,206,tct,1,,-13.9342,-13.8678,4.4971,0.9903,15.27,-0.0344,-0.3893,-13.8678,-13.8683
wmcodec,8,english:1455,2,206,payload_farthest,1,,-24.0135,-23.8204,4.3201,0.9885,13.69,-0.0344,-0.3893,-13.8678,-13.8683
wmcodec,8,english:150,0,207,single_copy,0,,-0.0474,3.7101,4.6439,1.0000,144.48,0.1075,0.4678,-12.0393,-12.0394
wmcodec,8,english:150,0,207,mean,1,,-18.0389,-17.3351,4.3617,0.9807,11.71,0.1075,0.4678,-12.0393,-12.0394
wmcodec,8,english:150,0,207,rp,1,,-13.2959,-12.8810,4.1635,0.9749,9.64,0.1075,0.4678,-12.0393,-12.0394
wmcodec,8,english:150,0,207,random_dirichlet,1,,-9.5467,-9.2286,4.2283,0.9788,10.44,0.1075,0.4678,-12.0393,-12.0394
wmcodec,8,english:150,0,207,eep,1,,-16.7418,-16.5070,3.9686,0.9741,8.98,0.1075,0.4678,-12.0393,-12.0394
wmcodec,8,english:150,0,207,fwp,1,,-32.2431,-31.2820,4.0793,0.9718,8.95,0.1075,0.4678,-12.0393,-12.0394
wmcodec,8,english:150,0,207,dm,1,,-22.1783,-21.2998,4.3103,0.9782,11.13,0.1075,0.4678,-12.0393,-12.0394
wmcodec,8,english:150,0,207,tct,1,,-13.2841,-12.0393,4.2093,0.9750,10.03,0.1075,0.4678,-12.0393,-12.0394
wmcodec,8,english:150,0,207,payload_farthest,1,,-24.6486,-24.0046,4.0968,0.9765,9.80,0.1075,0.4678,-12.0393,-12.0394
wmcodec,8,english:150,1,208,single_copy,1,,-0.7496,-0.0603,4.6439,1.0000,144.64,0.3561,-0.5137,-13.5841,-13.5841
wmcodec,8,english:150,1,208,mean,1,,-14.6845,-12.7415,4.2660,0.9818,12.18,0.3561,-0.5137,-13.5841,-13.5841
wmcodec,8,english:150,1,208,rp,1,,-14.7672,-14.1064,4.3672,0.9877,13.80,0.3561,-0.5137,-13.5841,-13.5841
wmcodec,8,english:150,1,208,random_dirichlet,1,,-26.3502,-26.1204,4.2829,0.9823,11.82,0.3561,-0.5137,-13.5841,-13.5841
wmcodec,8,english:150,1,208,eep,1,,-30.4632,-29.9728,4.0152,0.9728,8.84,0.3561,-0.5137,-13.5841,-13.5841
wmcodec,8,english:150,1,208,fwp,1,,-12.4824,-11.6675,4.0223,0.9747,10.23,0.3561,-0.5137,-13.5841,-13.5841
wmcodec,8,english:150,1,208,dm,1,,-10.7451,-7.6893,4.1804,0.9790,11.41,0.3561,-0.5137,-13.5841,-13.5841
wmcodec,8,english:150,1,208,tct,1,,-13.6837,-13.5841,4.1379,0.9770,10.46,0.3561,-0.5137,-13.5841,-13.5841
wmcodec,8,english:150,1,208,payload_farthest,1,,-19.0381,-18.7080,3.8727,0.9742,9.90,0.3561,-0.5137,-13.5841,-13.5841
wmcodec,8,english:150,2,209,single_copy,1,,-8.0218,-8.0176,4.6439,1.0000,144.50,0.2431,0.7133,-12.8219,-12.8225
wmcodec,8,english:150,2,209,mean,1,,-12.9922,-11.6878,3.6208,0.9828,11.44,0.2431,0.7133,-12.8219,-12.8225
wmcodec,8,english:150,2,209,rp,1,,-21.7208,-21.2775,3.4753,0.9752,9.32,0.2431,0.7133,-12.8219,-12.8225
wmcodec,8,english:150,2,209,random_dirichlet,1,,-15.6528,-14.9366,3.6322,0.9820,11.38,0.2431,0.7133,-12.8219,-12.8225
wmcodec,8,english:150,2,209,eep,1,,-4.4948,-3.4186,4.0084,0.9734,8.76,0.2431,0.7133,-12.8219,-12.8225
wmcodec,8,english:150,2,209,fwp,1,,-5.3554,-2.1115,3.6244,0.9858,13.09,0.2431,0.7133,-12.8219,-12.8225
wmcodec,8,english:150,2,209,dm,1,,-11.7879,-11.0706,3.6378,0.9831,11.60,0.2431,0.7133,-12.8219,-12.8225
wmcodec,8,english:150,2,209,tct,1,,-14.2300,-12.8219,3.5391,0.9776,9.80,0.2431,0.7133,-12.8219,-12.8225
wmcodec,8,english:150,2,209,payload_farthest,1,,-20.4601,-19.8601,3.3807,0.9741,8.17,0.2431,0.7133,-12.8219,-12.8225
wmcodec,8,english:1502,0,210,single_copy,0,,-0.0008,7.0977,4.6439,1.0000,142.54,0.0892,-0.1245,-28.2567,-28.2567
wmcodec,8,english:1502,0,210,mean,1,,-28.6190,-28.0948,4.2433,0.9739,14.49,0.0892,-0.1245,-28.2567,-28.2567
wmcodec,8,english:1502,0,210,rp,1,,-16.5609,-16.3167,4.0486,0.9682,11.83,0.0892,-0.1245,-28.2567,-28.2567
wmcodec,8,english:1502,0,210,random_dirichlet,1,,-10.0710,-9.6544,4.3087,0.9747,14.32,0.0892,-0.1245,-28.2567,-28.2567
wmcodec,8,english:1502,0,210,eep,1,,-16.5685,-15.5888,3.9372,0.9677,11.68,0.0892,-0.1245,-28.2567,-28.2567
wmcodec,8,english:1502,0,210,fwp,1,,-28.6302,-28.2242,3.9364,0.9646,12.40,0.0892,-0.1245,-28.2567,-28.2567
wmcodec,8,english:1502,0,210,dm,1,,-30.6496,-30.5916,4.2247,0.9723,14.41,0.0892,-0.1245,-28.2567,-28.2567
wmcodec,8,english:1502,0,210,tct,1,,-29.1615,-28.2567,3.9923,0.9653,12.42,0.0892,-0.1245,-28.2567,-28.2567
wmcodec,8,english:1502,0,210,payload_farthest,1,,-30.3398,-29.5781,3.9264,0.9627,12.02,0.0892,-0.1245,-28.2567,-28.2567
wmcodec,8,english:1502,1,211,single_copy,1,,-5.0290,-5.0192,4.6439,1.0000,142.34,0.0711,0.0078,-13.9530,-13.9530
wmcodec,8,english:1502,1,211,mean,1,,-14.9863,-12.8464,4.2097,0.9741,14.25,0.0711,0.0078,-13.9530,-13.9530
wmcodec,8,english:1502,1,211,rp,1,,-24.3637,-23.8607,4.0213,0.9681,12.20,0.0711,0.0078,-13.9530,-13.9530
wmcodec,8,english:1502,1,211,random_dirichlet,1,,-10.1516,-9.6176,4.0734,0.9707,12.90,0.0711,0.0078,-13.9530,-13.9530
wmcodec,8,english:1502,1,211,eep,1,,-27.4798,-27.0130,4.1317,0.9699,11.64,0.0711,0.0078,-13.9530,-13.9530
wmcodec,8,english:1502,1,211,fwp,1,,-14.5401,-12.9939,3.9275,0.9670,11.27,0.0711,0.0078,-13.9530,-13.9530
wmcodec,8,english:1502,1,211,dm,1,,-15.1434,-12.6822,4.2125,0.9734,14.04,0.0711,0.0078,-13.9530,-13.9530
wmcodec,8,english:1502,1,211,tct,1,,-14.6594,-13.9530,4.1331,0.9704,13.00,0.0711,0.0078,-13.9530,-13.9530
wmcodec,8,english:1502,1,211,payload_farthest,1,,-25.1067,-24.8442,4.3997,0.9850,17.76,0.0711,0.0078,-13.9530,-13.9530
wmcodec,8,english:1502,2,212,single_copy,0,,-0.3329,0.9349,4.6439,1.0000,142.34,0.0591,-0.4421,-34.6917,-34.6896
wmcodec,8,english:1502,2,212,mean,1,,-20.5957,-20.4356,4.1512,0.9708,13.35,0.0591,-0.4421,-34.6917,-34.6896
wmcodec,8,english:1502,2,212,rp,1,,-23.8048,-23.7991,3.9059,0.9631,11.10,0.0591,-0.4421,-34.6917,-34.6896
wmcodec,8,english:1502,2,212,random_dirichlet,1,,-2.9179,-2.5591,4.0368,0.9683,12.53,0.0591,-0.4421,-34.6917,-34.6896
wmcodec,8,english:1502,2,212,eep,1,,-20.2337,-19.7782,3.8582,0.9619,11.03,0.0591,-0.4421,-34.6917,-34.6896
wmcodec,8,english:1502,2,212,fwp,1,,-22.3880,-21.0985,4.2108,0.9812,15.31,0.0591,-0.4421,-34.6917,-34.6896
wmcodec,8,english:1502,2,212,dm,1,,-16.4292,-14.6871,4.2174,0.9726,14.01,0.0591,-0.4421,-34.6917,-34.6896
wmcodec,8,english:1502,2,212,tct,1,,-35.0316,-34.6917,4.4632,0.9849,17.16,0.0591,-0.4421,-34.6917,-34.6896
wmcodec,8,english:1502,2,212,payload_farthest,1,,-21.3288,-20.4642,4.3656,0.9849,16.77,0.0591,-0.4421,-34.6917,-34.6896
wmcodec,8,english:1553,0,213,single_copy,1,,-2.6145,-2.5079,4.6439,1.0000,143.58,0.0566,0.5659,-8.3971,-8.3968
wmcodec,8,english:1553,0,213,mean,1,,-19.5159,-19.3783,4.3289,0.9904,10.45,0.0566,0.5659,-8.3971,-8.3968
wmcodec,8,english:1553,0,213,rp,1,,-35.6105,-35.0842,4.0603,0.9880,8.93,0.0566,0.5659,-8.3971,-8.3968
wmcodec,8,english:1553,0,213,random_dirichlet,0,,-0.0476,3.4453,4.1705,0.9881,8.65,0.0566,0.5659,-8.3971,-8.3968
wmcodec,8,english:1553,0,213,eep,1,,-22.9504,-21.9291,4.0139,0.9861,7.20,0.0566,0.5659,-8.3971,-8.3968
wmcodec,8,english:1553,0,213,fwp,1,,-13.6675,-11.4212,4.1033,0.9866,7.83,0.0566,0.5659,-8.3971,-8.3968
wmcodec,8,english:1553,0,213,dm,1,,-18.2342,-17.8724,4.3017,0.9902,10.31,0.0566,0.5659,-8.3971,-8.3968
wmcodec,8,english:1553,0,213,tct,1,,-8.4296,-8.3971,4.1560,0.9872,8.32,0.0566,0.5659,-8.3971,-8.3968
wmcodec,8,english:1553,0,213,payload_farthest,1,,-16.0348,-15.3983,4.0789,0.9882,8.13,0.0566,0.5659,-8.3971,-8.3968
wmcodec,8,english:1553,1,214,single_copy,0,,-0.0002,9.7745,4.6439,1.0000,143.50,-0.1085,-0.2102,-19.9736,-19.9736
wmcodec,8,english:1553,1,214,mean,1,,-17.1637,-14.9133,4.2307,0.9905,9.93,-0.1085,-0.2102,-19.9736,-19.9736
wmcodec,8,english:1553,1,214,rp,1,,-17.4416,-16.5750,4.1300,0.9888,6.49,-0.1085,-0.2102,-19.9736,-19.9736
wmcodec,8,english:1553,1,214,random_dirichlet,1,,-5.2275,-4.3067,4.4905,0.9950,13.94,-0.1085,-0.2102,-19.9736,-19.9736
wmcodec,8,english:1553,1,214,eep,1,,-6.7162,-6.3304,4.0284,0.9881,8.05,-0.1085,-0.2102,-19.9736,-19.9736
wmcodec,8,english:1553,1,214,fwp,1,,-21.0083,-20.2187,4.0508,0.9867,7.68,-0.1085,-0.2102,-19.9736,-19.9736
wmcodec,8,english:1553,1,214,dm,1,,-17.2025,-17.0378,4.2511,0.9908,9.73,-0.1085,-0.2102,-19.9736,-19.9736
wmcodec,8,english:1553,1,214,tct,1,,-20.1711,-19.9736,4.2915,0.9902,10.81,-0.1085,-0.2102,-19.9736,-19.9736
wmcodec,8,english:1553,1,214,payload_farthest,1,,-2.5970,-2.2483,4.3511,0.9919,13.09,-0.1085,-0.2102,-19.9736,-19.9736
wmcodec,8,english:1553,2,215,single_copy,1,,-10.3615,-10.3614,4.6439,1.0000,143.49,0.1627,-0.4445,-1.9312,-1.9315
wmcodec,8,english:1553,2,215,mean,1,,-13.5046,-13.1717,4.1416,0.9908,10.71,0.1627,-0.4445,-1.9312,-1.9315
wmcodec,8,english:1553,2,215,rp,1,,-14.0268,-13.4487,3.9947,0.9874,7.32,0.1627,-0.4445,-1.9312,-1.9315
wmcodec,8,english:1553,2,215,random_dirichlet,1,,-8.1156,-7.4781,4.2440,0.9912,11.18,0.1627,-0.4445,-1.9312,-1.9315
wmcodec,8,english:1553,2,215,eep,1,,-16.0861,-13.8626,3.9868,0.9875,8.89,0.1627,-0.4445,-1.9312,-1.9315
wmcodec,8,english:1553,2,215,fwp,1,,-16.0861,-13.8626,3.9868,0.9875,8.89,0.1627,-0.4445,-1.9312,-1.9315
wmcodec,8,english:1553,2,215,dm,1,,-10.5925,-9.7899,4.0865,0.9897,10.08,0.1627,-0.4445,-1.9312,-1.9315
wmcodec,8,english:1553,2,215,tct,1,,-2.0919,-1.9312,3.9580,0.9873,7.56,0.1627,-0.4445,-1.9312,-1.9315
wmcodec,8,english:1553,2,215,payload_farthest,1,,-13.2593,-12.3735,4.1214,0.9876,8.18,0.1627,-0.4445,-1.9312,-1.9315
wmcodec,8,english:1578,0,216,single_copy,0,,-0.0539,2.9293,4.6439,1.0000,141.80,0.1934,-0.5768,-4.4819,-4.4822
wmcodec,8,english:1578,0,216,mean,1,,-29.0090,-28.8471,4.1596,0.9835,16.52,0.1934,-0.5768,-4.4819,-4.4822
wmcodec,8,english:1578,0,216,rp,1,,-34.4345,-32.7554,4.2676,0.9881,18.39,0.1934,-0.5768,-4.4819,-4.4822
wmcodec,8,english:1578,0,216,random_dirichlet,1,,-23.9990,-23.9886,4.0367,0.9804,14.56,0.1934,-0.5768,-4.4819,-4.4822
wmcodec,8,english:1578,0,216,eep,1,,-15.8082,-14.7077,4.4070,0.9909,19.71,0.1934,-0.5768,-4.4819,-4.4822
wmcodec,8,english:1578,0,216,fwp,1,,-34.4345,-32.7554,4.2676,0.9881,18.39,0.1934,-0.5768,-4.4819,-4.4822
wmcodec,8,english:1578,0,216,dm,1,,-20.8496,-20.7125,4.2036,0.9851,17.20,0.1934,-0.5768,-4.4819,-4.4822
wmcodec,8,english:1578,0,216,tct,1,,-5.1543,-4.4819,4.1513,0.9828,15.74,0.1934,-0.5768,-4.4819,-4.4822
wmcodec,8,english:1578,0,216,payload_farthest,1,,-20.9298,-20.4992,4.0606,0.9788,14.29,0.1934,-0.5768,-4.4819,-4.4822
wmcodec,8,english:1578,1,217,single_copy,1,,-2.5463,-2.4492,4.6439,1.0000,141.60,0.1498,-0.1907,-9.0380,-9.0381
wmcodec,8,english:1578,1,217,mean,1,,-6.8083,-6.3952,4.3604,0.9845,16.69,0.1498,-0.1907,-9.0380,-9.0381
wmcodec,8,english:1578,1,217,rp,1,,-15.8143,-14.6541,4.1776,0.9804,14.55,0.1498,-0.1907,-9.0380,-9.0381
wmcodec,8,english:1578,1,217,random_dirichlet,1,,-11.4433,-11.1826,4.3049,0.9836,15.61,0.1498,-0.1907,-9.0380,-9.0381
wmcodec,8,english:1578,1,217,eep,1,,-2.0521,-1.3622,4.2311,0.9808,14.57,0.1498,-0.1907,-9.0380,-9.0381
wmcodec,8,english:1578,1,217,fwp,1,,-14.9792,-13.2916,4.2291,0.9800,14.48,0.1498,-0.1907,-9.0380,-9.0381
wmcodec,8,english:1578,1,217,dm,1,,-14.3203,-13.9659,4.3821,0.9845,17.00,0.1498,-0.1907,-9.0380,-9.0381
wmcodec,8,english:1578,1,217,tct,1,,-9.8310,-9.0380,4.2571,0.9816,14.98,0.1498,-0.1907,-9.0380,-9.0381
wmcodec,8,english:1578,1,217,payload_farthest,1,,-15.8143,-14.6541,4.1776,0.9804,14.55,0.1498,-0.1907,-9.0380,-9.0381
wmcodec,8,english:1578,2,218,single_copy,0,,-0.0005,7.6542,4.6439,1.0000,141.50,-0.3419,0.5527,-13.5977,-13.5979
wmcodec,8,english:1578,2,218,mean,1,,-8.6436,-7.8820,4.4035,0.9850,17.64,-0.3419,0.5527,-13.5977,-13.5979
wmcodec,8,english:1578,2,218,rp,1,,-9.4923,-7.5606,4.3002,0.9812,15.66,-0.3419,0.5527,-13.5977,-13.5979
wmcodec,8,english:1578,2,218,random_dirichlet,1,,-11.6995,-10.7019,4.3735,0.9830,16.33,-0.3419,0.5527,-13.5977,-13.5979
wmcodec,8,english:1578,2,218,eep,1,,-30.4076,-29.8091,4.2514,0.9797,15.01,-0.3419,0.5527,-13.5977,-13.5979
wmcodec,8,english:1578,2,218,fwp,1,,-24.7198,-24.3075,4.3301,0.9811,15.09,-0.3419,0.5527,-13.5977,-13.5979
wmcodec,8,english:1578,2,218,dm,1,,-9.3679,-8.6272,4.3875,0.9831,16.84,-0.3419,0.5527,-13.5977,-13.5979
wmcodec,8,english:1578,2,218,tct,1,,-13.8935,-13.5977,4.3884,0.9860,16.87,-0.3419,0.5527,-13.5977,-13.5979
wmcodec,8,english:1578,2,218,payload_farthest,1,,-18.0228,-17.9644,4.4708,0.9920,19.72,-0.3419,0.5527,-13.5977,-13.5979
wmcodec,8,english:1594,0,219,single_copy,0,,-0.0616,2.7885,4.6439,1.0000,139.25,0.3024,-0.2092,-24.3451,-24.3448
wmcodec,8,english:1594,0,219,mean,1,,-27.1050,-26.9871,4.0896,0.9783,7.73,0.3024,-0.2092,-24.3451,-24.3448
wmcodec,8,english:1594,0,219,rp,1,,-23.7626,-23.1592,3.9833,0.9754,4.90,0.3024,-0.2092,-24.3451,-24.3448
wmcodec,8,english:1594,0,219,random_dirichlet,1,,-27.4960,-27.4518,4.2161,0.9806,8.45,0.3024,-0.2092,-24.3451,-24.3448
wmcodec,8,english:1594,0,219,eep,1,,-12.0235,-10.9470,3.9163,0.9744,5.25,0.3024,-0.2092,-24.3451,-24.3448
wmcodec,8,english:1594,0,219,fwp,1,,-17.7265,-16.9701,4.2798,0.9834,9.87,0.3024,-0.2092,-24.3451,-24.3448
wmcodec,8,english:1594,0,219,dm,1,,-26.7629,-26.6186,4.1720,0.9796,8.24,0.3024,-0.2092,-24.3451,-24.3448
wmcodec,8,english:1594,0,219,tct,1,,-24.5674,-24.3451,4.0578,0.9763,6.76,0.3024,-0.2092,-24.3451,-24.3448
wmcodec,8,english:1594,0,219,payload_farthest,1,,-18.1371,-17.2137,3.8666,0.9729,5.62,0.3024,-0.2092,-24.3451,-24.3448
wmcodec,8,english:1594,1,220,single_copy,0,,-0.0002,9.6629,4.6439,1.0000,139.22,0.1225,0.3088,-9.4388,-9.4388
wmcodec,8,english:1594,1,220,mean,1,,-11.0289,-10.2621,4.0054,0.9807,8.20,0.1225,0.3088,-9.4388,-9.4388
wmcodec,8,english:1594,1,220,rp,1,,-10.3864,-9.7101,3.8245,0.9766,5.66,0.1225,0.3088,-9.4388,-9.4388
wmcodec,8,english:1594,1,220,random_dirichlet,1,,-22.3625,-22.2360,4.0001,0.9818,7.88,0.1225,0.3088,-9.4388,-9.4388
wmcodec,8,english:1594,1,220,eep,1,,-10.3864,-9.7101,3.8245,0.9766,5.66,0.1225,0.3088,-9.4388,-9.4388
wmcodec,8,english:1594,1,220,fwp,1,,-16.9412,-16.3074,3.7150,0.9742,5.39,0.1225,0.3088,-9.4388,-9.4388
wmcodec,8,english:1594,1,220,dm,1,,-17.3222,-16.3069,3.9411,0.9789,7.86,0.1225,0.3088,-9.4388,-9.4388
wmcodec,8,english:1594,1,220,tct,1,,-9.7029,-9.4388,3.8342,0.9779,5.97,0.1225,0.3088,-9.4388,-9.4388
wmcodec,8,english:1594,1,220,payload_farthest,1,,-22.4541,-21.5139,3.7849,0.9753,5.35,0.1225,0.3088,-9.4388,-9.4388
wmcodec,8,english:1594,2,221,single_copy,1,,-1.1389,-0.4668,4.6439,1.0000,139.40,0.1089,0.2653,-22.5547,-22.5554
wmcodec,8,english:1594,2,221,mean,1,,-27.1941,-26.7065,4.0550,0.9788,8.44,0.1089,0.2653,-22.5547,-22.5554
wmcodec,8,english:1594,2,221,rp,1,,-19.8966,-19.1477,3.7780,0.9763,5.74,0.1089,0.2653,-22.5547,-22.5554
wmcodec,8,english:1594,2,221,random_dirichlet,1,,-10.3175,-10.3158,4.2020,0.9838,8.84,0.1089,0.2653,-22.5547,-22.5554
wmcodec,8,english:1594,2,221,eep,1,,-19.4373,-18.7972,4.2407,0.9866,11.52,0.1089,0.2653,-22.5547,-22.5554
wmcodec,8,english:1594,2,221,fwp,1,,-13.9748,-13.3502,3.6534,0.9730,5.81,0.1089,0.2653,-22.5547,-22.5554
wmcodec,8,english:1594,2,221,dm,1,,-28.2197,-27.4469,4.0545,0.9787,8.39,0.1089,0.2653,-22.5547,-22.5554
wmcodec,8,english:1594,2,221,tct,1,,-23.6178,-22.5547,3.9247,0.9785,7.20,0.1089,0.2653,-22.5547,-22.5554
wmcodec,8,english:1594,2,221,payload_farthest,1,,-25.0750,-25.0100,4.2462,0.9855,10.69,0.1089,0.2653,-22.5547,-22.5554
wmcodec,8,english:1624,0,222,single_copy,0,,-0.0026,6.2958,4.6439,1.0000,145.88,0.3310,-0.6048,-12.8444,-12.8451
wmcodec,8,english:1624,0,222,mean,1,,-7.7309,-5.1660,4.2208,0.9856,13.85,0.3310,-0.6048,-12.8444,-12.8451
wmcodec,8,english:1624,0,222,rp,1,,-17.0890,-16.3030,4.1971,0.9875,15.57,0.3310,-0.6048,-12.8444,-12.8451
wmcodec,8,english:1624,0,222,random_dirichlet,1,,-14.2986,-14.2689,4.1136,0.9827,12.44,0.3310,-0.6048,-12.8444,-12.8451
wmcodec,8,english:1624,0,222,eep,1,,-14.7766,-13.6447,3.9644,0.9809,11.22,0.3310,-0.6048,-12.8444,-12.8451
wmcodec,8,english:1624,0,222,fwp,1,,-15.2560,-14.3585,3.9397,0.9784,11.85,0.3310,-0.6048,-12.8444,-12.8451
wmcodec,8,english:1624,0,222,dm,1,,-7.9542,-5.4959,4.1526,0.9838,13.62,0.3310,-0.6048,-12.8444,-12.8451
wmcodec,8,english:1624,0,222,tct,1,,-15.2267,-12.8444,4.1048,0.9835,12.33,0.3310,-0.6048,-12.8444,-12.8451
wmcodec,8,english:1624,0,222,payload_farthest,1,,-17.0890,-16.3030,4.1971,0.9875,15.57,0.3310,-0.6048,-12.8444,-12.8451
wmcodec,8,english:1624,1,223,single_copy,1,,-2.8493,-2.4377,4.6439,1.0000,145.72,0.2270,-0.0322,-6.0978,-6.0975
wmcodec,8,english:1624,1,223,mean,1,,-16.6512,-15.8029,4.2420,0.9848,14.13,0.2270,-0.0322,-6.0978,-6.0975
wmcodec,8,english:1624,1,223,rp,1,,-22.8917,-22.5876,4.0186,0.9791,12.04,0.2270,-0.0322,-6.0978,-6.0975
wmcodec,8,english:1624,1,223,random_dirichlet,1,,-20.4559,-20.0814,4.2653,0.9849,14.01,0.2270,-0.0322,-6.0978,-6.0975
wmcodec,8,english:1624,1,223,eep,1,,-19.9951,-19.2621,4.3532,0.9884,17.23,0.2270,-0.0322,-6.0978,-6.0975
wmcodec,8,english:1624,1,223,fwp,1,,-15.3166,-14.8764,3.9978,0.9761,12.02,0.2270,-0.0322,-6.0978,-6.0975
wmcodec,8,english:1624,1,223,dm,1,,-19.0683,-18.1814,4.2770,0.9845,14.41,0.2270,-0.0322,-6.0978,-6.0975
wmcodec,8,english:1624,1,223,tct,1,,-7.0318,-6.0978,4.0103,0.9827,12.29,0.2270,-0.0322,-6.0978,-6.0975
wmcodec,8,english:1624,1,223,payload_farthest,1,,-18.6235,-18.4276,4.4082,0.9882,16.66,0.2270,-0.0322,-6.0978,-6.0975
wmcodec,8,english:1624,2,224,single_copy,0,,-0.0001,10.5331,4.6439,1.0000,145.71,-0.2532,0.2014,-15.1719,-15.1715
wmcodec,8,english:1624,2,224,mean,1,,-11.0381,-10.0774,4.2884,0.9871,14.84,-0.2532,0.2014,-15.1719,-15.1715
wmcodec,8,english:1624,2,224,rp,1,,-12.8269,-12.6547,4.4221,0.9919,17.14,-0.2532,0.2014,-15.1719,-15.1715
wmcodec,8,english:1624,2,224,random_dirichlet,1,,-10.9401,-10.0627,4.2227,0.9849,14.23,-0.2532,0.2014,-15.1719,-15.1715
wmcodec,8,english:1624,2,224,eep,1,,-28.6814,-28.0929,4.2083,0.9835,12.69,-0.2532,0.2014,-15.1719,-15.1715
wmcodec,8,english:1624,2,224,fwp,1,,-16.1296,-14.9984,4.0115,0.9785,11.44,-0.2532,0.2014,-15.1719,-15.1715
wmcodec,8,english:1624,2,224,dm,1,,-10.9283,-7.8557,4.2497,0.9856,14.10,-0.2532,0.2014,-15.1719,-15.1715
wmcodec,8,english:1624,2,224,tct,1,,-15.2473,-15.1719,4.3214,0.9870,16.23,-0.2532,0.2014,-15.1719,-15.1715
wmcodec,8,english:1624,2,224,payload_farthest,1,,-8.4154,-7.9239,4.3729,0.9888,17.62,-0.2532,0.2014,-15.1719,-15.1715
wmcodec,8,english:163,0,225,single_copy,0,,-0.0003,8.1961,4.6439,1.0000,147.11,0.2764,0.2511,-25.5669,-25.5669
wmcodec,8,english:163,0,225,mean,1,,-9.8362,-9.5200,4.0509,0.9653,12.43,0.2764,0.2511,-25.5669,-25.5669
wmcodec,8,english:163,0,225,rp,1,,-24.2321,-24.1885,4.2632,0.9824,15.20,0.2764,0.2511,-25.5669,-25.5669
wmcodec,8,english:163,0,225,random_dirichlet,1,,-1.6469,-1.4303,3.8082,0.9629,10.87,0.2764,0.2511,-25.5669,-25.5669
wmcodec,8,english:163,0,225,eep,1,,-15.6223,-15.2701,3.6391,0.9569,9.91,0.2764,0.2511,-25.5669,-25.5669
wmcodec,8,english:163,0,225,fwp,1,,-29.2003,-28.9524,3.6044,0.9609,10.43,0.2764,0.2511,-25.5669,-25.5669
wmcodec,8,english:163,0,225,dm,1,,-10.8829,-9.6754,4.0064,0.9638,12.06,0.2764,0.2511,-25.5669,-25.5669
wmcodec,8,english:163,0,225,tct,1,,-25.5678,-25.5669,4.0689,0.9663,11.54,0.2764,0.2511,-25.5669,-25.5669
wmcodec,8,english:163,0,225,payload_farthest,1,,-25.7244,-25.5923,3.7150,0.9562,10.52,0.2764,0.2511,-25.5669,-25.5669
wmcodec,8,english:163,1,226,single_copy,0,,-0.0009,7.5812,4.6439,1.0000,147.17,-0.0477,0.1871,-16.5739,-16.5737
wmcodec,8,english:163,1,226,mean,1,,-10.8867,-8.1703,3.9965,0.9648,11.99,-0.0477,0.1871,-16.5739,-16.5737
wmcodec,8,english:163,1,226,rp,1,,-31.1806,-31.1711,3.5932,0.9542,9.24,-0.0477,0.1871,-16.5739,-16.5737
wmcodec,8,english:163,1,226,random_dirichlet,1,,-8.8108,-8.6651,3.7814,0.9624,10.43,-0.0477,0.1871,-16.5739,-16.5737
wmcodec,8,english:163,1,226,eep,1,,-16.9500,-16.0845,4.2828,0.9812,14.83,-0.0477,0.1871,-16.5739,-16.5737
wmcodec,8,english:163,1,226,fwp,1,,-12.7832,-11.4613,4.1632,0.9784,13.62,-0.0477,0.1871,-16.5739,-16.5737
wmcodec,8,english:163,1,226,dm,1,,-13.7093,-12.5167,3.9775,0.9650,11.82,-0.0477,0.1871,-16.5739,-16.5737
wmcodec,8,english:163,1,226,tct,1,,-17.4293,-16.5739,3.9161,0.9633,11.63,-0.0477,0.1871,-16.5739,-16.5737
wmcodec,8,english:163,1,226,payload_farthest,1,,-14.0408,-13.3859,3.7667,0.9571,10.58,-0.0477,0.1871,-16.5739,-16.5737
wmcodec,8,english:163,2,227,single_copy,1,,-4.3439,-3.8556,4.6439,1.0000,147.01,-0.0333,-0.1513,-19.0463,-19.0458
wmcodec,8,english:163,2,227,mean,1,,-21.2981,-20.9826,3.4415,0.9699,12.39,-0.0333,-0.1513,-19.0463,-19.0458
wmcodec,8,english:163,2,227,rp,1,,-32.1539,-31.4762,3.2764,0.9646,10.69,-0.0333,-0.1513,-19.0463,-19.0458
wmcodec,8,english:163,2,227,random_dirichlet,1,,-5.9194,-5.8676,3.3478,0.9638,10.98,-0.0333,-0.1513,-19.0463,-19.0458
wmcodec,8,english:163,2,227,eep,1,,-19.0482,-18.7853,4.3463,0.9860,15.61,-0.0333,-0.1513,-19.0463,-19.0458
wmcodec,8,english:163,2,227,fwp,1,,-19.5172,-19.2775,3.2333,0.9567,9.77,-0.0333,-0.1513,-19.0463,-19.0458
wmcodec,8,english:163,2,227,dm,1,,-19.8752,-19.4741,3.4144,0.9679,12.07,-0.0333,-0.1513,-19.0463,-19.0458
wmcodec,8,english:163,2,227,tct,1,,-19.4225,-19.0463,3.4229,0.9674,11.30,-0.0333,-0.1513,-19.0463,-19.0458
wmcodec,8,english:163,2,227,payload_farthest,1,,-13.1529,-12.7273,3.5657,0.9795,14.60,-0.0333,-0.1513,-19.0463,-19.0458
wmcodec,8,english:1723,0,228,single_copy,1,,-2.7418,-2.1582,4.6439,1.0000,144.40,0.0749,-0.2363,1.2169,1.2167
wmcodec,8,english:1723,0,228,mean,1,,-8.0021,-6.1100,4.1738,0.9788,7.89,0.0749,-0.2363,1.2169,1.2167
wmcodec,8,english:1723,0,228,rp,1,,-15.1660,-14.3121,3.8169,0.9686,3.39,0.0749,-0.2363,1.2169,1.2167
wmcodec,8,english:1723,0,228,random_dirichlet,1,,-14.7371,-14.5722,4.1442,0.9775,6.93,0.0749,-0.2363,1.2169,1.2167
wmcodec,8,english:1723,0,228,eep,1,,-11.1937,-10.4548,4.3525,0.9876,10.42,0.0749,-0.2363,1.2169,1.2167
wmcodec,8,english:1723,0,228,fwp,1,,-19.6219,-18.9324,3.6710,0.9669,3.95,0.0749,-0.2363,1.2169,1.2167
wmcodec,8,english:1723,0,228,dm,1,,-14.5172,-13.3567,4.1341,0.9774,7.05,0.0749,-0.2363,1.2169,1.2167
wmcodec,8,english:1723,0,228,tct,0,,-0.3028,1.2169,4.0933,0.9738,6.55,0.0749,-0.2363,1.2169,1.2167
wmcodec,8,english:1723,0,228,payload_farthest,1,,-22.6420,-21.9720,3.8306,0.9690,3.51,0.0749,-0.2363,1.2169,1.2167
wmcodec,8,english:1723,1,229,single_copy,0,,-0.0004,8.1161,4.6439,1.0000,144.25,0.2755,-0.6145,-27.9186,-27.9188
wmcodec,8,english:1723,1,229,mean,1,,-19.4100,-19.3620,4.1714,0.9789,7.29,0.2755,-0.6145,-27.9186,-27.9188
wmcodec,8,english:1723,1,229,rp,1,,-2.5445,-2.4547,4.3714,0.9873,11.25,0.2755,-0.6145,-27.9186,-27.9188
wmcodec,8,english:1723,1,229,random_dirichlet,1,,-17.9018,-17.6814,4.1560,0.9778,7.19,0.2755,-0.6145,-27.9186,-27.9188
wmcodec,8,english:1723,1,229,eep,1,,-29.5961,-29.2557,3.8453,0.9688,3.95,0.2755,-0.6145,-27.9186,-27.9188
wmcodec,8,english:1723,1,229,fwp,1,,-18.0195,-16.8167,3.8118,0.9705,4.30,0.2755,-0.6145,-27.9186,-27.9188
wmcodec,8,english:1723,1,229,dm,1,,-20.0691,-19.9640,4.0917,0.9775,6.72,0.2755,-0.6145,-27.9186,-27.9188
wmcodec,8,english:1723,1,229,tct,1,,-28.0256,-27.9186,3.8826,0.9705,4.69,0.2755,-0.6145,-27.9186,-27.9188
wmcodec,8,english:1723,1,229,payload_farthest,1,,-11.3318,-11.2761,4.2861,0.9864,9.84,0.2755,-0.6145,-27.9186,-27.9188
wmcodec,8,english:1723,2,230,single_copy,0,,-0.1767,1.7230,4.6439,1.0000,144.23,0.1561,0.1606,-11.3040,-11.3038
wmcodec,8,english:1723,2,230,mean,1,,-14.4000,-12.4645,4.0636,0.9751,6.82,0.1561,0.1606,-11.3040,-11.3038
wmcodec,8,english:1723,2,230,rp,1,,-16.0845,-14.0369,4.2291,0.9834,8.64,0.1561,0.1606,-11.3040,-11.3038
wmcodec,8,english:1723,2,230,random_dirichlet,1,,-18.2904,-17.8153,4.0289,0.9722,5.47,0.1561,0.1606,-11.3040,-11.3038
wmcodec,8,english:1723,2,230,eep,1,,-14.9098,-13.9845,3.7297,0.9682,3.62,0.1561,0.1606,-11.3040,-11.3038
wmcodec,8,english:1723,2,230,fwp,1,,-26.3719,-25.5124,3.8437,0.9689,4.44,0.1561,0.1606,-11.3040,-11.3038
wmcodec,8,english:1723,2,230,dm,1,,-11.9566,-9.6978,4.0404,0.9748,6.56,0.1561,0.1606,-11.3040,-11.3038
wmcodec,8,english:1723,2,230,tct,1,,-12.6880,-11.3040,4.1382,0.9748,6.28,0.1561,0.1606,-11.3040,-11.3038
wmcodec,8,english:1723,2,230,payload_farthest,1,,-23.3510,-22.6179,4.3582,0.9859,10.25,0.1561,0.1606,-11.3040,-11.3038
wmcodec,8,english:1737,0,231,single_copy,1,,-6.5322,-6.5305,4.6439,1.0000,142.95,0.2315,-0.1435,-16.2352,-16.2352
wmcodec,8,english:1737,0,231,mean,1,,-12.2611,-9.5621,3.8643,0.9753,7.47,0.2315,-0.1435,-16.2352,-16.2352
wmcodec,8,english:1737,0,231,rp,1,,-5.5873,-4.4620,3.3758,0.9678,3.07,0.2315,-0.1435,-16.2352,-16.2352
wmcodec,8,english:1737,0,231,random_dirichlet,1,,-1.4775,-0.4886,3.7747,0.9762,6.08,0.2315,-0.1435,-16.2352,-16.2352
wmcodec,8,english:1737,0,231,eep,1,,-19.6914,-19.5869,3.4600,0.9671,3.73,0.2315,-0.1435,-16.2352,-16.2352
wmcodec,8,english:1737,0,231,fwp,1,,-13.5993,-12.7604,4.1480,0.9848,8.44,0.2315,-0.1435,-16.2352,-16.2352
wmcodec,8,english:1737,0,231,dm,1,,-10.7585,-7.7765,3.8931,0.9773,7.30,0.2315,-0.1435,-16.2352,-16.2352
wmcodec,8,english:1737,0,231,tct,1,,-16.7336,-16.2352,3.7772,0.9738,6.59,0.2315,-0.1435,-16.2352,-16.2352
wmcodec,8,english:1737,0,231,payload_farthest,1,,-24.4878,-23.9397,4.2472,0.9847,11.06,0.2315,-0.1435,-16.2352,-16.2352
wmcodec,8,english:1737,1,232,single_copy,0,,-0.3624,0.8371,4.6439,1.0000,142.88,0.0763,-0.0458,-3.6375,-3.6375
wmcodec,8,english:1737,1,232,mean,1,,-10.0550,-7.0930,3.7836,0.9735,7.03,0.0763,-0.0458,-3.6375,-3.6375
wmcodec,8,english:1737,1,232,rp,1,,-16.3092,-14.5275,3.4324,0.9695,4.83,0.0763,-0.0458,-3.6375,-3.6375
wmcodec,8,english:1737,1,232,random_dirichlet,1,,-10.9330,-7.0024,3.7802,0.9741,7.39,0.0763,-0.0458,-3.6375,-3.6375
wmcodec,8,english:1737,1,232,eep,1,,-24.8586,-23.9185,3.5000,0.9675,4.80,0.0763,-0.0458,-3.6375,-3.6375
wmcodec,8,english:1737,1,232,fwp,1,,-16.6626,-15.3309,4.1011,0.9837,9.45,0.0763,-0.0458,-3.6375,-3.6375
wmcodec,8,english:1737,1,232,dm,1,,-8.9663,-6.3709,3.8340,0.9747,7.67,0.0763,-0.0458,-3.6375,-3.6375
wmcodec,8,english:1737,1,232,tct,1,,-4.8509,-3.6375,3.5952,0.9706,4.92,0.0763,-0.0458,-3.6375,-3.6375
wmcodec,8,english:1737,1,232,payload_farthest,1,,-16.3092,-14.5275,3.4324,0.9695,4.83,0.0763,-0.0458,-3.6375,-3.6375
wmcodec,8,english:1737,2,233,single_copy,1,,-6.4723,-6.4697,4.6439,1.0000,142.78,0.2366,-0.4520,-17.9340,-17.9340
wmcodec,8,english:1737,2,233,mean,1,,-12.9530,-12.5636,3.9670,0.9764,8.86,0.2366,-0.4520,-17.9340,-17.9340
wmcodec,8,english:1737,2,233,rp,1,,-8.5127,-8.3795,3.7137,0.9725,6.23,0.2366,-0.4520,-17.9340,-17.9340
wmcodec,8,english:1737,2,233,random_dirichlet,1,,-13.2314,-13.0391,3.8130,0.9729,6.76,0.2366,-0.4520,-17.9340,-17.9340
wmcodec,8,english:1737,2,233,eep,1,,-19.4534,-18.2950,3.5883,0.9702,6.03,0.2366,-0.4520,-17.9340,-17.9340
wmcodec,8,english:1737,2,233,fwp,1,,-17.6872,-16.3375,3.5630,0.9686,6.04,0.2366,-0.4520,-17.9340,-17.9340
wmcodec,8,english:1737,2,233,dm,1,,-12.1379,-10.5633,3.8217,0.9712,7.69,0.2366,-0.4520,-17.9340,-17.9340
wmcodec,8,english:1737,2,233,tct,1,,-18.4851,-17.9340,3.9930,0.9777,9.08,0.2366,-0.4520,-17.9340,-17.9340
wmcodec,8,english:1737,2,233,payload_farthest,1,,-27.9902,-27.8131,4.1404,0.9837,10.84,0.2366,-0.4520,-17.9340,-17.9340
wmcodec,8,english:1743,0,234,single_copy,0,,-0.0010,7.0835,4.6439,1.0000,146.04,0.2611,-0.2267,-9.9345,-9.9339
wmcodec,8,english:1743,0,234,mean,1,,-12.7211,-11.7540,4.3075,0.9921,14.54,0.2611,-0.2267,-9.9345,-9.9339
wmcodec,8,english:1743,0,234,rp,1,,-26.4792,-26.1173,4.4664,0.9936,17.20,0.2611,-0.2267,-9.9345,-9.9339
wmcodec,8,english:1743,0,234,random_dirichlet,1,,-6.7557,-5.3112,4.3691,0.9932,15.69,0.2611,-0.2267,-9.9345,-9.9339
wmcodec,8,english:1743,0,234,eep,1,,-3.8041,-1.4540,4.4342,0.9940,16.71,0.2611,-0.2267,-9.9345,-9.9339
wmcodec,8,english:1743,0,234,fwp,1,,-3.8041,-1.4540,4.4342,0.9940,16.71,0.2611,-0.2267,-9.9345,-9.9339
wmcodec,8,english:1743,0,234,dm,1,,-11.8220,-11.3106,4.3328,0.9925,14.88,0.2611,-0.2267,-9.9345,-9.9339
wmcodec,8,english:1743,0,234,tct,1,,-11.0130,-9.9345,4.3264,0.9915,14.44,0.2611,-0.2267,-9.9345,-9.9339
wmcodec,8,english:1743,0,234,payload_farthest,1,,-12.0033,-11.3759,4.1345,0.9863,11.77,0.2611,-0.2267,-9.9345,-9.9339
wmcodec,8,english:1743,1,235,single_copy,1,,-5.2522,-5.2380,4.6439,1.0000,146.04,0.0469,-0.2646,-14.6531,-14.6531
wmcodec,8,english:1743,1,235,mean,1,,-16.0904,-15.3451,4.4284,0.9923,15.11,0.0469,-0.2646,-14.6531,-14.6531
wmcodec,8,english:1743,1,235,rp,1,,-23.3585,-22.9175,4.3346,0.9899,12.60,0.0469,-0.2646,-14.6531,-14.6531
wmcodec,8,english:1743,1,235,random_dirichlet,1,,-20.7628,-20.5123,4.3838,0.9904,13.87,0.0469,-0.2646,-14.6531,-14.6531
wmcodec,8,english:1743,1,235,eep,1,,-23.9907,-23.6275,4.3353,0.9886,12.78,0.0469,-0.2646,-14.6531,-14.6531
wmcodec,8,english:1743,1,235,fwp,1,,-35.8575,-35.0470,4.2699,0.9879,12.86,0.0469,-0.2646,-14.6531,-14.6531
wmcodec,8,english:1743,1,235,dm,1,,-22.8272,-22.4263,4.4174,0.9919,14.86,0.0469,-0.2646,-14.6531,-14.6531
wmcodec,8,english:1743,1,235,tct,1,,-14.9606,-14.6531,4.3235,0.9897,12.90,0.0469,-0.2646,-14.6531,-14.6531
wmcodec,8,english:1743,1,235,payload_farthest,1,,-17.0139,-16.0935,4.5244,0.9955,17.62,0.0469,-0.2646,-14.6531,-14.6531
wmcodec,8,english:1743,2,236,single_copy,1,,-6.2094,-5.6505,4.6439,1.0000,145.87,-0.0327,-0.1749,-11.2740,-11.2731
wmcodec,8,english:1743,2,236,mean,1,,-18.5407,-17.5776,4.3978,0.9918,15.09,-0.0327,-0.1749,-11.2740,-11.2731
wmcodec,8,english:1743,2,236,rp,1,,-29.6515,-29.1404,4.2033,0.9873,12.32,-0.0327,-0.1749,-11.2740,-11.2731
wmcodec,8,english:1743,2,236,random_dirichlet,1,,-21.8434,-21.6790,4.3226,0.9889,13.30,-0.0327,-0.1749,-11.2740,-11.2731
wmcodec,8,english:1743,2,236,eep,1,,-10.2981,-9.6117,4.2905,0.9891,12.03,-0.0327,-0.1749,-11.2740,-11.2731
wmcodec,8,english:1743,2,236,fwp,1,,-28.3439,-28.1027,4.3053,0.9882,13.07,-0.0327,-0.1749,-11.2740,-11.2731
wmcodec,8,english:1743,2,236,dm,1,,-14.7837,-14.2867,4.3496,0.9906,14.34,-0.0327,-0.1749,-11.2740,-11.2731
wmcodec,8,english:1743,2,236,tct,1,,-11.7021,-11.2740,4.3342,0.9898,13.68,-0.0327,-0.1749,-11.2740,-11.2731
wmcodec,8,english:1743,2,236,payload_farthest,1,,-9.3520,-8.6408,4.2948,0.9894,12.60,-0.0327,-0.1749,-11.2740,-11.2731
wmcodec,8,english:1841,0,237,single_copy,1,,-4.4391,-4.4102,4.6439,1.0000,143.66,0.0761,-0.2397,-24.4240,-24.4240
wmcodec,8,english:1841,0,237,mean,1,,-21.6660,-21.0510,4.2706,0.9890,9.95,0.0761,-0.2397,-24.4240,-24.4240
wmcodec,8,english:1841,0,237,rp,1,,-24.2595,-24.2480,4.3527,0.9927,12.82,0.0761,-0.2397,-24.4240,-24.4240
wmcodec,8,english:1841,0,237,random_dirichlet,1,,-4.7707,-4.5723,4.0028,0.9886,8.26,0.0761,-0.2397,-24.4240,-24.4240
wmcodec,8,english:1841,0,237,eep,1,,-12.4290,-11.5987,4.0717,0.9839,6.55,0.0761,-0.2397,-24.4240,-24.4240
wmcodec,8,english:1841,0,237,fwp,1,,-15.9258,-15.3526,4.1061,0.9864,8.23,0.0761,-0.2397,-24.4240,-24.4240
wmcodec,8,english:1841,0,237,dm,1,,-24.8678,-24.0450,4.2640,0.9886,9.73,0.0761,-0.2397,-24.4240,-24.4240
wmcodec,8,english:1841,0,237,tct,1,,-25.1482,-24.4240,4.1263,0.9888,7.90,0.0761,-0.2397,-24.4240,-24.4240
wmcodec,8,english:1841,0,237,payload_farthest,1,,-35.0559,-34.5223,4.3489,0.9910,12.03,0.0761,-0.2397,-24.4240,-24.4240
wmcodec,8,english:1841,1,238,single_copy,1,,-2.9697,-2.8799,4.6439,1.0000,143.71,0.0176,-0.5240,-9.1655,-9.1646
wmcodec,8,english:1841,1,238,mean,1,,-12.5601,-11.3940,4.2657,0.9902,10.54,0.0176,-0.5240,-9.1655,-9.1646
wmcodec,8,english:1841,1,238,rp,1,,-3.4755,-3.0260,4.4232,0.9947,13.73,0.0176,-0.5240,-9.1655,-9.1646
wmcodec,8,english:1841,1,238,random_dirichlet,0,,-0.6196,1.1158,4.2876,0.9897,10.19,0.0176,-0.5240,-9.1655,-9.1646
wmcodec,8,english:1841,1,238,eep,1,,-19.1547,-18.5768,4.1610,0.9878,7.65,0.0176,-0.5240,-9.1655,-9.1646
wmcodec,8,english:1841,1,238,fwp,1,,-24.9928,-23.8003,4.1748,0.9875,8.51,0.0176,-0.5240,-9.1655,-9.1646
wmcodec,8,english:1841,1,238,dm,1,,-6.1650,-5.2496,4.2335,0.9894,9.94,0.0176,-0.5240,-9.1655,-9.1646
wmcodec,8,english:1841,1,238,tct,1,,-9.5813,-9.1655,4.1926,0.9887,9.38,0.0176,-0.5240,-9.1655,-9.1646
wmcodec,8,english:1841,1,238,payload_farthest,1,,-17.7841,-17.5285,4.1102,0.9887,8.39,0.0176,-0.5240,-9.1655,-9.1646
wmcodec,8,english:1841,2,239,single_copy,0,,-0.0003,8.3735,4.6439,1.0000,143.70,-0.0605,0.2714,-0.8597,-0.8594
wmcodec,8,english:1841,2,239,mean,1,,-6.7104,-5.3566,4.2522,0.9900,9.47,-0.0605,0.2714,-0.8597,-0.8594
wmcodec,8,english:1841,2,239,rp,1,,-35.1017,-35.0675,4.3387,0.9923,12.26,-0.0605,0.2714,-0.8597,-0.8594
wmcodec,8,english:1841,2,239,random_dirichlet,1,,-8.8311,-8.7058,4.2352,0.9893,8.70,-0.0605,0.2714,-0.8597,-0.8594
wmcodec,8,english:1841,2,239,eep,1,,-35.1017,-35.0675,4.3387,0.9923,12.26,-0.0605,0.2714,-0.8597,-0.8594
wmcodec,8,english:1841,2,239,fwp,1,,-19.2763,-18.5462,4.3739,0.9928,11.61,-0.0605,0.2714,-0.8597,-0.8594
wmcodec,8,english:1841,2,239,dm,1,,-12.4664,-10.8697,4.2708,0.9904,9.95,-0.0605,0.2714,-0.8597,-0.8594
wmcodec,8,english:1841,2,239,tct,1,,-1.2959,-0.8597,4.4437,0.9940,12.84,-0.0605,0.2714,-0.8597,-0.8594
wmcodec,8,english:1841,2,239,payload_farthest,1,,-9.7270,-8.5773,4.4188,0.9927,13.38,-0.0605,0.2714,-0.8597,-0.8594
wmcodec,8,english:1867,0,240,single_copy,1,,-8.8542,-8.8527,4.6439,1.0000,142.79,-0.0025,-0.0907,-13.4358,-13.4358
wmcodec,8,english:1867,0,240,mean,1,,-21.3727,-20.9629,4.3059,0.9845,10.21,-0.0025,-0.0907,-13.4358,-13.4358
wmcodec,8,english:1867,0,240,rp,1,,-20.2195,-20.1059,3.9712,0.9796,6.99,-0.0025,-0.0907,-13.4358,-13.4358
wmcodec,8,english:1867,0,240,random_dirichlet,0,,-0.0283,3.8531,4.1760,0.9846,9.09,-0.0025,-0.0907,-13.4358,-13.4358
wmcodec,8,english:1867,0,240,eep,1,,-30.2032,-29.5459,4.0449,0.9821,7.87,-0.0025,-0.0907,-13.4358,-13.4358
wmcodec,8,english:1867,0,240,fwp,1,,-13.3875,-11.4153,4.0756,0.9808,6.86,-0.0025,-0.0907,-13.4358,-13.4358
wmcodec,8,english:1867,0,240,dm,1,,-15.5160,-12.9427,4.2442,0.9818,9.00,-0.0025,-0.0907,-13.4358,-13.4358
wmcodec,8,english:1867,0,240,tct,1,,-13.8658,-13.4358,4.3375,0.9894,12.11,-0.0025,-0.0907,-13.4358,-13.4358
wmcodec,8,english:1867,0,240,payload_farthest,1,,-12.6866,-12.3906,4.1088,0.9816,7.69,-0.0025,-0.0907,-13.4358,-13.4358
wmcodec,8,english:1867,1,241,single_copy,1,,-9.6561,-9.6547,4.6439,1.0000,142.93,-0.0603,-0.4989,-13.0852,-13.0852
wmcodec,8,english:1867,1,241,mean,1,,-15.7318,-15.0494,4.0850,0.9832,9.05,-0.0603,-0.4989,-13.0852,-13.0852
wmcodec,8,english:1867,1,241,rp,1,,-15.5402,-14.9109,3.7876,0.9779,5.58,-0.0603,-0.4989,-13.0852,-13.0852
wmcodec,8,english:1867,1,241,random_dirichlet,1,,-21.3691,-20.3525,4.0464,0.9819,8.03,-0.0603,-0.4989,-13.0852,-13.0852
wmcodec,8,english:1867,1,241,eep,1,,-14.8423,-14.5297,3.8306,0.9782,6.06,-0.0603,-0.4989,-13.0852,-13.0852
wmcodec,8,english:1867,1,241,fwp,1,,-30.6404,-30.6122,3.8613,0.9778,6.54,-0.0603,-0.4989,-13.0852,-13.0852
wmcodec,8,english:1867,1,241,dm,1,,-20.6123,-19.0950,4.0493,0.9828,8.72,-0.0603,-0.4989,-13.0852,-13.0852
wmcodec,8,english:1867,1,241,tct,1,,-15.0522,-13.0852,4.0281,0.9810,7.72,-0.0603,-0.4989,-13.0852,-13.0852
wmcodec,8,english:1867,1,241,payload_farthest,1,,-13.6643,-12.7149,4.3465,0.9905,11.33,-0.0603,-0.4989,-13.0852,-13.0852
wmcodec,8,english:1867,2,242,single_copy,0,,-0.0222,4.3154,4.6439,1.0000,142.96,0.1427,0.2361,-7.1324,-7.1324
wmcodec,8,english:1867,2,242,mean,1,,-9.9908,-6.3364,4.1454,0.9840,8.92,0.1427,0.2361,-7.1324,-7.1324
wmcodec,8,english:1867,2,242,rp,1,,-30.7188,-29.7648,3.8834,0.9794,6.75,0.1427,0.2361,-7.1324,-7.1324
wmcodec,8,english:1867,2,242,random_dirichlet,1,,-14.8670,-13.9921,4.2220,0.9869,10.01,0.1427,0.2361,-7.1324,-7.1324
wmcodec,8,english:1867,2,242,eep,1,,-22.7679,-22.1657,4.3917,0.9914,12.22,0.1427,0.2361,-7.1324,-7.1324
wmcodec,8,english:1867,2,242,fwp,1,,-28.4993,-28.3750,3.8880,0.9790,6.46,0.1427,0.2361,-7.1324,-7.1324
wmcodec,8,english:1867,2,242,dm,1,,-7.3079,-5.3937,4.1268,0.9839,8.93,0.1427,0.2361,-7.1324,-7.1324
wmcodec,8,english:1867,2,242,tct,1,,-7.3541,-7.1324,4.1429,0.9861,8.49,0.1427,0.2361,-7.1324,-7.1324
wmcodec,8,english:1867,2,242,payload_farthest,1,,-13.4572,-13.2471,3.8573,0.9807,5.87,0.1427,0.2361,-7.1324,-7.1324
wmcodec,8,english:1898,0,243,single_copy,1,,-4.1416,-4.1201,4.6439,1.0000,140.77,0.1087,-0.2481,-13.8836,-13.8831
wmcodec,8,english:1898,0,243,mean,1,,-21.0924,-20.8529,3.7978,0.9712,7.50,0.1087,-0.2481,-13.8836,-13.8831
wmcodec,8,english:1898,0,243,rp,1,,-15.1088,-14.4560,4.0734,0.9824,10.02,0.1087,-0.2481,-13.8836,-13.8831
wmcodec,8,english:1898,0,243,random_dirichlet,1,,-24.1645,-24.0543,4.0230,0.9798,9.56,0.1087,-0.2481,-13.8836,-13.8831
wmcodec,8,english:1898,0,243,eep,1,,-29.0717,-28.3780,3.9945,0.9819,10.07,0.1087,-0.2481,-13.8836,-13.8831
wmcodec,8,english:1898,0,243,fwp,1,,-13.7222,-11.9267,3.4885,0.9627,4.87,0.1087,-0.2481,-13.8836,-13.8831
wmcodec,8,english:1898,0,243,dm,1,,-22.4182,-22.1625,3.7540,0.9697,7.13,0.1087,-0.2481,-13.8836,-13.8831
wmcodec,8,english:1898,0,243,tct,1,,-14.0195,-13.8836,3.7429,0.9698,6.70,0.1087,-0.2481,-13.8836,-13.8831
wmcodec,8,english:1898,0,243,payload_farthest,1,,-28.9688,-27.7737,3.5948,0.9634,5.17,0.1087,-0.2481,-13.8836,-13.8831
wmcodec,8,english:1898,1,244,single_copy,1,,-4.7426,-4.7325,4.6439,1.0000,140.48,-0.0563,0.4129,-29.8824,-29.8826
wmcodec,8,english:1898,1,244,mean,1,,-12.7663,-11.6795,3.8295,0.9685,7.03,-0.0563,0.4129,-29.8824,-29.8826
wmcodec,8,english:1898,1,244,rp,1,,-12.9172,-12.3305,3.3708,0.9623,3.63,-0.0563,0.4129,-29.8824,-29.8826
wmcodec,8,english:1898,1,244,random_dirichlet,1,,-23.6577,-23.5364,4.2394,0.9819,10.08,-0.0563,0.4129,-29.8824,-29.8826
wmcodec,8,english:1898,1,244,eep,1,,-25.6911,-24.9769,3.6106,0.9631,3.86,-0.0563,0.4129,-29.8824,-29.8826
wmcodec,8,english:1898,1,244,fwp,1,,-22.2338,-20.9704,3.5061,0.9605,4.52,-0.0563,0.4129,-29.8824,-29.8826
wmcodec,8,english:1898,1,244,dm,1,,-18.4798,-18.1377,3.7628,0.9668,6.47,-0.0563,0.4129,-29.8824,-29.8826
wmcodec,8,english:1898,1,244,tct,1,,-29.9098,-29.8824,3.6821,0.9655,4.92,-0.0563,0.4129,-29.8824,-29.8826
wmcodec,8,english:1898,1,244,payload_farthest,1,,-10.7748,-10.3926,4.0767,0.9822,9.87,-0.0563,0.4129,-29.8824,-29.8826
wmcodec,8,english:1898,2,245,single_copy,0,,-0.1087,2.8619,4.6439,1.0000,140.75,0.0902,-0.1986,-14.8163,-14.8176
wmcodec,8,english:1898,2,245,mean,1,,-17.0964,-15.4742,3.9141,0.9730,7.16,0.0902,-0.1986,-14.8163,-14.8176
wmcodec,8,english:1898,2,245,rp,1,,-18.2091,-17.9568,3.5992,0.9677,4.05,0.0902,-0.1986,-14.8163,-14.8176
wmcodec,8,english:1898,2,245,random_dirichlet,1,,-29.3284,-29.2318,3.8676,0.9700,6.04,0.0902,-0.1986,-14.8163,-14.8176
wmcodec,8,english:1898,2,245,eep,1,,-21.7260,-20.9003,3.6460,0.9665,4.50,0.0902,-0.1986,-14.8163,-14.8176
wmcodec,8,english:1898,2,245,fwp,1,,-32.8048,-32.5188,3.5670,0.9647,4.25,0.0902,-0.1986,-14.8163,-14.8176
wmcodec,8,english:1898,2,245,dm,1,,-19.1498,-17.9578,3.8963,0.9721,6.88,0.0902,-0.1986,-14.8163,-14.8176
wmcodec,8,english:1898,2,245,tct,1,,-16.8455,-14.8163,3.7829,0.9698,5.90,0.0902,-0.1986,-14.8163,-14.8176
wmcodec,8,english:1898,2,245,payload_farthest,1,,-14.7108,-13.6044,4.1953,0.9846,9.66,0.0902,-0.1986,-14.8163,-14.8176
wmcodec,8,english:19,0,246,single_copy,0,,-0.0533,3.1793,4.6439,1.0000,145.64,0.1889,-0.1418,-12.4698,-12.4689
wmcodec,8,english:19,0,246,mean,1,,-16.6302,-14.1800,4.3407,0.9744,14.42,0.1889,-0.1418,-12.4698,-12.4689
wmcodec,8,english:19,0,246,rp,1,,-16.3873,-15.5104,4.0328,0.9634,11.89,0.1889,-0.1418,-12.4698,-12.4689
wmcodec,8,english:19,0,246,random_dirichlet,1,,-4.6959,-2.5320,4.3053,0.9695,13.47,0.1889,-0.1418,-12.4698,-12.4689
wmcodec,8,english:19,0,246,eep,1,,-16.2070,-15.8998,4.2217,0.9647,12.13,0.1889,-0.1418,-12.4698,-12.4689
wmcodec,8,english:19,0,246,fwp,1,,-26.5487,-25.7738,4.2142,0.9630,12.35,0.1889,-0.1418,-12.4698,-12.4689
wmcodec,8,english:19,0,246,dm,1,,-14.2046,-12.4376,4.3335,0.9743,14.38,0.1889,-0.1418,-12.4698,-12.4689
wmcodec,8,english:19,0,246,tct,1,,-13.5469,-12.4698,4.3370,0.9762,14.79,0.1889,-0.1418,-12.4698,-12.4689
wmcodec,8,english:19,0,246,payload_farthest,1,,-23.2094,-22.5752,4.3785,0.9852,16.70,0.1889,-0.1418,-12.4698,-12.4689
wmcodec,8,english:19,1,247,single_copy,0,,-0.0001,9.5576,4.6439,1.0000,145.63,-0.0497,0.2524,-12.9823,-12.9820
wmcodec,8,english:19,1,247,mean,1,,-7.9822,-4.8152,4.4188,0.9781,15.33,-0.0497,0.2524,-12.9823,-12.9820
wmcodec,8,english:19,1,247,rp,1,,-25.9028,-25.6871,4.4185,0.9846,16.93,-0.0497,0.2524,-12.9823,-12.9820
wmcodec,8,english:19,1,247,random_dirichlet,1,,-6.5893,-3.6212,4.4353,0.9815,16.04,-0.0497,0.2524,-12.9823,-12.9820
wmcodec,8,english:19,1,247,eep,1,,-25.1788,-25.0057,4.3123,0.9707,13.20,-0.0497,0.2524,-12.9823,-12.9820
wmcodec,8,english:19,1,247,fwp,1,,-27.3417,-27.1268,4.1857,0.9660,12.37,-0.0497,0.2524,-12.9823,-12.9820
wmcodec,8,english:19,1,247,dm,1,,-10.4054,-7.0101,4.3373,0.9737,14.28,-0.0497,0.2524,-12.9823,-12.9820
wmcodec,8,english:19,1,247,tct,1,,-14.4183,-12.9823,4.3216,0.9724,13.56,-0.0497,0.2524,-12.9823,-12.9820
wmcodec,8,english:19,1,247,payload_farthest,1,,-15.6394,-14.3706,4.2573,0.9693,12.94,-0.0497,0.2524,-12.9823,-12.9820
wmcodec,8,english:19,2,248,single_copy,0,,-0.0090,5.0918,4.6439,1.0000,145.70,0.1446,-0.1834,-7.0585,-7.0583
wmcodec,8,english:19,2,248,mean,1,,-13.0192,-12.7139,4.2939,0.9760,14.14,0.1446,-0.1834,-7.0585,-7.0583
wmcodec,8,english:19,2,248,rp,1,,-17.9956,-17.8552,4.0442,0.9636,11.17,0.1446,-0.1834,-7.0585,-7.0583
wmcodec,8,english:19,2,248,random_dirichlet,1,,-5.3486,-4.3827,4.4621,0.9860,17.12,0.1446,-0.1834,-7.0585,-7.0583
wmcodec,8,english:19,2,248,eep,1,,-17.4748,-17.4556,4.4427,0.9852,17.29,0.1446,-0.1834,-7.0585,-7.0583
wmcodec,8,english:19,2,248,fwp,1,,-32.2899,-32.2843,4.4235,0.9826,15.86,0.1446,-0.1834,-7.0585,-7.0583
wmcodec,8,english:19,2,248,dm,1,,-12.0970,-10.0913,4.2930,0.9761,14.19,0.1446,-0.1834,-7.0585,-7.0583
wmcodec,8,english:19,2,248,tct,1,,-8.1775,-7.0585,4.3380,0.9791,14.88,0.1446,-0.1834,-7.0585,-7.0583
wmcodec,8,english:19,2,248,payload_farthest,1,,-13.1048,-12.4507,4.1727,0.9648,11.71,0.1446,-0.1834,-7.0585,-7.0583
wmcodec,8,english:1926,0,249,single_copy,1,,-8.1114,-8.1107,4.6439,1.0000,143.50,0.0728,-0.3769,-21.8670,-21.8670
wmcodec,8,english:1926,0,249,mean,1,,-6.5299,-4.7012,4.1354,0.9778,9.35,0.0728,-0.3769,-21.8670,-21.8670
wmcodec,8,english:1926,0,249,rp,1,,-20.7181,-20.6644,4.2498,0.9869,11.38,0.0728,-0.3769,-21.8670,-21.8670
wmcodec,8,english:1926,0,249,random_dirichlet,1,,-5.1010,-5.0920,4.5035,0.9914,14.68,0.0728,-0.3769,-21.8670,-21.8670
wmcodec,8,english:1926,0,249,eep,1,,-8.7829,-7.9032,3.8502,0.9727,6.53,0.0728,-0.3769,-21.8670,-21.8670
wmcodec,8,english:1926,0,249,fwp,1,,-13.5744,-12.5325,3.9123,0.9715,7.09,0.0728,-0.3769,-21.8670,-21.8670
wmcodec,8,english:1926,0,249,dm,1,,-9.0388,-6.8447,4.0743,0.9757,8.77,0.0728,-0.3769,-21.8670,-21.8670
wmcodec,8,english:1926,0,249,tct,1,,-22.0595,-21.8670,3.8755,0.9721,7.08,0.0728,-0.3769,-21.8670,-21.8670
wmcodec,8,english:1926,0,249,payload_farthest,1,,-12.4699,-11.8710,3.9198,0.9728,6.32,0.0728,-0.3769,-21.8670,-21.8670
wmcodec,8,english:1926,1,250,single_copy,0,,-0.0034,6.0502,4.6439,1.0000,143.33,0.1654,-0.2611,-18.1646,-18.1641
wmcodec,8,english:1926,1,250,mean,1,,-20.5610,-19.7754,4.1027,0.9763,8.65,0.1654,-0.2611,-18.1646,-18.1641
wmcodec,8,english:1926,1,250,rp,1,,-6.5054,-5.7637,3.9741,0.9742,6.49,0.1654,-0.2611,-18.1646,-18.1641
wmcodec,8,english:1926,1,250,random_dirichlet,1,,-11.2928,-11.1708,4.0114,0.9739,7.63,0.1654,-0.2611,-18.1646,-18.1641
wmcodec,8,english:1926,1,250,eep,1,,-28.0312,-27.7065,4.2849,0.9863,10.81,0.1654,-0.2611,-18.1646,-18.1641
wmcodec,8,english:1926,1,250,fwp,1,,-28.9468,-28.3365,3.8358,0.9701,6.56,0.1654,-0.2611,-18.1646,-18.1641
wmcodec,8,english:1926,1,250,dm,1,,-16.0110,-14.4387,4.0683,0.9751,8.33,0.1654,-0.2611,-18.1646,-18.1641
wmcodec,8,english:1926,1,250,tct,1,,-19.8471,-18.1646,4.0128,0.9739,7.21,0.1654,-0.2611,-18.1646,-18.1641
wmcodec,8,english:1926,1,250,payload_farthest,1,,-20.5106,-19.6583,3.8204,0.9701,5.98,0.1654,-0.2611,-18.1646,-18.1641
wmcodec,8,english:1926,2,251,single_copy,0,,-0.0254,3.8460,4.6439,1.0000,143.46,-0.0262,0.3101,-17.8887,-17.8887
wmcodec,8,english:1926,2,251,mean,1,,-11.3019,-9.9595,4.1441,0.9749,9.13,-0.0262,0.3101,-17.8887,-17.8887
wmcodec,8,english:1926,2,251,rp,1,,-14.1851,-12.6640,3.8552,0.9690,6.82,-0.0262,0.3101,-17.8887,-17.8887
wmcodec,8,english:1926,2,251,random_dirichlet,1,,-13.1892,-12.8636,3.9817,0.9717,7.38,-0.0262,0.3101,-17.8887,-17.8887
wmcodec,8,english:1926,2,251,eep,1,,-13.6914,-12.8475,4.3152,0.9845,11.36,-0.0262,0.3101,-17.8887,-17.8887
wmcodec,8,english:1926,2,251,fwp,1,,-30.0601,-30.0294,3.9847,0.9694,7.03,-0.0262,0.3101,-17.8887,-17.8887
wmcodec,8,english:1926,2,251,dm,1,,-8.8901,-6.5350,4.1341,0.9745,8.75,-0.0262,0.3101,-17.8887,-17.8887
wmcodec,8,english:1926,2,251,tct,1,,-17.9254,-17.8887,3.8930,0.9706,7.19,-0.0262,0.3101,-17.8887,-17.8887
wmcodec,8,english:1926,2,251,payload_farthest,1,,-14.1851,-12.6640,3.8552,0.9690,6.82,-0.0262,0.3101,-17.8887,-17.8887
wmcodec,8,english:196,0,252,single_copy,1,,-11.2196,-11.2148,4.6439,1.0000,143.14,0.2431,0.0531,-14.8841,-14.8846
wmcodec,8,english:196,0,252,mean,1,,-25.7026,-25.5224,4.1893,0.9828,12.26,0.2431,0.0531,-14.8841,-14.8846
wmcodec,8,english:196,0,252,rp,1,,-22.2026,-20.8624,3.8890,0.9801,9.87,0.2431,0.0531,-14.8841,-14.8846
wmcodec,8,english:196,0,252,random_dirichlet,1,,-22.7153,-21.9448,4.2969,0.9854,14.33,0.2431,0.0531,-14.8841,-14.8846
wmcodec,8,english:196,0,252,eep,1,,-27.9537,-27.8183,3.9763,0.9797,10.10,0.2431,0.0531,-14.8841,-14.8846
wmcodec,8,english:196,0,252,fwp,1,,-17.7977,-17.5374,4.1334,0.9804,10.03,0.2431,0.0531,-14.8841,-14.8846
wmcodec,8,english:196,0,252,dm,1,,-25.4411,-25.1232,4.2315,0.9828,12.47,0.2431,0.0531,-14.8841,-14.8846
wmcodec,8,english:196,0,252,tct,1,,-15.3165,-14.8841,4.1492,0.9844,12.34,0.2431,0.0531,-14.8841,-14.8846
wmcodec,8,english:196,0,252,payload_farthest,1,,-32.8310,-32.7509,4.2338,0.9871,14.78,0.2431,0.0531,-14.8841,-14.8846
wmcodec,8,english:196,1,253,single_copy,0,,-0.0003,8.8100,4.6439,1.0000,143.30,0.3026,-0.3724,-7.8148,-7.8147
wmcodec,8,english:196,1,253,mean,1,,-13.1949,-12.3768,4.2925,0.9850,12.67,0.3026,-0.3724,-7.8148,-7.8147
wmcodec,8,english:196,1,253,rp,1,,-36.0250,-34.9417,4.0638,0.9819,10.58,0.3026,-0.3724,-7.8148,-7.8147
wmcodec,8,english:196,1,253,random_dirichlet,1,,-2.3658,-2.1426,4.2960,0.9849,11.63,0.3026,-0.3724,-7.8148,-7.8147
wmcodec,8,english:196,1,253,eep,1,,-26.8509,-25.8913,4.0774,0.9811,10.57,0.3026,-0.3724,-7.8148,-7.8147
wmcodec,8,english:196,1,253,fwp,1,,-16.3397,-15.3047,4.0765,0.9795,10.37,0.3026,-0.3724,-7.8148,-7.8147
wmcodec,8,english:196,1,253,dm,1,,-10.8538,-9.2823,4.3173,0.9856,13.03,0.3026,-0.3724,-7.8148,-7.8147
wmcodec,8,english:196,1,253,tct,1,,-9.7027,-7.8148,4.1979,0.9816,10.92,0.3026,-0.3724,-7.8148,-7.8147
wmcodec,8,english:196,1,253,payload_farthest,1,,-11.5648,-10.8438,4.1449,0.9817,10.71,0.3026,-0.3724,-7.8148,-7.8147
wmcodec,8,english:196,2,254,single_copy,0,,-0.0001,9.3105,4.6439,1.0000,143.22,0.1426,0.5194,-21.8456,-21.8452
wmcodec,8,english:196,2,254,mean,1,,-28.8129,-28.1472,4.2753,0.9863,13.57,0.1426,0.5194,-21.8456,-21.8452
wmcodec,8,english:196,2,254,rp,1,,-10.2279,-9.9393,4.4306,0.9924,16.69,0.1426,0.5194,-21.8456,-21.8452
wmcodec,8,english:196,2,254,random_dirichlet,1,,-22.1461,-22.0452,4.2313,0.9854,12.98,0.1426,0.5194,-21.8456,-21.8452
wmcodec,8,english:196,2,254,eep,1,,-18.7232,-18.7221,3.9682,0.9822,10.32,0.1426,0.5194,-21.8456,-21.8452
wmcodec,8,english:196,2,254,fwp,1,,-25.8541,-25.2218,4.0324,0.9817,10.60,0.1426,0.5194,-21.8456,-21.8452
wmcodec,8,english:196,2,254,dm,1,,-31.5547,-31.4831,4.2246,0.9853,13.03,0.1426,0.5194,-21.8456,-21.8452
wmcodec,8,english:196,2,254,tct,1,,-22.0251,-21.8456,4.3681,0.9906,15.36,0.1426,0.5194,-21.8456,-21.8452
wmcodec,8,english:196,2,254,payload_farthest,1,,-10.2279,-9.9393,4.4306,0.9924,16.69,0.1426,0.5194,-21.8456,-21.8452
wmcodec,8,english:1963,0,255,single_copy,1,,-3.8395,-3.8085,4.6439,1.0000,155.26,-0.1280,0.0930,-14.9105,-14.9105
wmcodec,8,english:1963,0,255,mean,1,,-10.7423,-9.1315,4.2816,0.9889,8.32,-0.1280,0.0930,-14.9105,-14.9105
wmcodec,8,english:1963,0,255,rp,1,,-22.1844,-21.4680,4.1357,0.9856,6.13,-0.1280,0.0930,-14.9105,-14.9105
wmcodec,8,english:1963,0,255,random_dirichlet,1,,-29.1580,-28.4079,4.3226,0.9903,9.83,-0.1280,0.0930,-14.9105,-14.9105
wmcodec,8,english:1963,0,255,eep,1,,-34.6524,-34.6460,4.1577,0.9865,5.86,-0.1280,0.0930,-14.9105,-14.9105
wmcodec,8,english:1963,0,255,fwp,1,,-34.6524,-34.6460,4.1577,0.9865,5.86,-0.1280,0.0930,-14.9105,-14.9105
wmcodec,8,english:1963,0,255,dm,1,,-10.8493,-9.8398,4.3027,0.9892,8.45,-0.1280,0.0930,-14.9105,-14.9105
wmcodec,8,english:1963,0,255,tct,1,,-15.4859,-14.9105,4.2261,0.9882,6.67,-0.1280,0.0930,-14.9105,-14.9105
wmcodec,8,english:1963,0,255,payload_farthest,1,,-9.4886,-9.0706,4.0768,0.9864,5.93,-0.1280,0.0930,-14.9105,-14.9105
wmcodec,8,english:1963,1,256,single_copy,0,,-0.0013,7.7786,4.6439,1.0000,155.31,-0.0966,-0.0158,-11.0754,-11.0754
wmcodec,8,english:1963,1,256,mean,1,,-9.0241,-8.3866,4.3033,0.9906,8.41,-0.0966,-0.0158,-11.0754,-11.0754
wmcodec,8,english:1963,1,256,rp,1,,-13.9291,-13.4311,4.1098,0.9872,6.18,-0.0966,-0.0158,-11.0754,-11.0754
wmcodec,8,english:1963,1,256,random_dirichlet,1,,-12.0031,-11.7827,4.2660,0.9904,7.71,-0.0966,-0.0158,-11.0754,-11.0754
wmcodec,8,english:1963,1,256,eep,1,,-28.6237,-28.6210,4.0874,0.9877,5.88,-0.0966,-0.0158,-11.0754,-11.0754
wmcodec,8,english:1963,1,256,fwp,1,,-27.3468,-27.2927,4.3749,0.9931,10.57,-0.0966,-0.0158,-11.0754,-11.0754
wmcodec,8,english:1963,1,256,dm,1,,-11.2138,-9.4725,4.3249,0.9912,9.09,-0.0966,-0.0158,-11.0754,-11.0754
wmcodec,8,english:1963,1,256,tct,1,,-12.2225,-11.0754,4.4691,0.9944,12.20,-0.0966,-0.0158,-11.0754,-11.0754
wmcodec,8,english:1963,1,256,payload_farthest,1,,-22.7134,-21.8258,4.1737,0.9890,6.23,-0.0966,-0.0158,-11.0754,-11.0754
wmcodec,8,english:1963,2,257,single_copy,1,,-9.2756,-9.2741,4.6439,1.0000,155.24,0.1427,-0.0776,-15.6339,-15.6339
wmcodec,8,english:1963,2,257,mean,1,,-18.5364,-16.7346,4.3359,0.9914,9.44,0.1427,-0.0776,-15.6339,-15.6339
wmcodec,8,english:1963,2,257,rp,1,,-19.3367,-18.7118,4.4752,0.9942,13.04,0.1427,-0.0776,-15.6339,-15.6339
wmcodec,8,english:1963,2,257,random_dirichlet,1,,-21.9756,-19.6925,4.2764,0.9897,7.90,0.1427,-0.0776,-15.6339,-15.6339
wmcodec,8,english:1963,2,257,eep,1,,-15.0465,-14.7911,4.4022,0.9939,11.83,0.1427,-0.0776,-15.6339,-15.6339
wmcodec,8,english:1963,2,257,fwp,1,,-21.2716,-21.1794,4.1663,0.9887,6.99,0.1427,-0.0776,-15.6339,-15.6339
wmcodec,8,english:1963,2,257,dm,1,,-17.7038,-16.1642,4.3154,0.9911,8.99,0.1427,-0.0776,-15.6339,-15.6339
wmcodec,8,english:1963,2,257,tct,1,,-16.0195,-15.6339,4.4514,0.9946,12.45,0.1427,-0.0776,-15.6339,-15.6339
wmcodec,8,english:1963,2,257,payload_farthest,1,,-29.8859,-28.9078,4.2248,0.9883,7.21,0.1427,-0.0776,-15.6339,-15.6339
wmcodec,8,english:1970,0,258,single_copy,1,,-3.8770,-3.1181,4.6439,1.0000,148.52,-0.0437,-0.5246,-18.7799,-18.7799
wmcodec,8,english:1970,0,258,mean,1,,-18.3398,-17.5767,4.2929,0.9811,16.65,-0.0437,-0.5246,-18.7799,-18.7799
wmcodec,8,english:1970,0,258,rp,1,,-16.9084,-15.7224,4.0613,0.9762,14.16,-0.0437,-0.5246,-18.7799,-18.7799
wmcodec,8,english:1970,0,258,random_dirichlet,1,,-12.6041,-11.2756,4.3967,0.9855,17.68,-0.0437,-0.5246,-18.7799,-18.7799
wmcodec,8,english:1970,0,258,eep,1,,-18.5419,-16.5183,4.1260,0.9741,14.45,-0.0437,-0.5246,-18.7799,-18.7799
wmcodec,8,english:1970,0,258,fwp,1,,-27.8679,-27.6045,4.1841,0.9744,14.43,-0.0437,-0.5246,-18.7799,-18.7799
wmcodec,8,english:1970,0,258,dm,1,,-16.2807,-15.3702,4.3158,0.9819,17.01,-0.0437,-0.5246,-18.7799,-18.7799
wmcodec,8,english:1970,0,258,tct,1,,-19.2045,-18.7799,4.3134,0.9836,16.96,-0.0437,-0.5246,-18.7799,-18.7799
wmcodec,8,english:1970,0,258,payload_farthest,1,,-19.9632,-19.8848,4.1855,0.9770,14.94,-0.0437,-0.5246,-18.7799,-18.7799
wmcodec,8,english:1970,1,259,single_copy,1,,-9.7245,-9.7220,4.6439,1.0000,148.54,0.2124,-0.0233,-22.9621,-22.9621
wmcodec,8,english:1970,1,259,mean,1,,-14.0176,-13.3363,4.4395,0.9843,17.47,0.2124,-0.0233,-22.9621,-22.9621
wmcodec,8,english:1970,1,259,rp,1,,-20.3464,-19.7726,4.2895,0.9773,14.99,0.2124,-0.0233,-22.9621,-22.9621
wmcodec,8,english:1970,1,259,random_dirichlet,1,,-17.7909,-16.8239,4.3731,0.9813,16.13,0.2124,-0.0233,-22.9621,-22.9621
wmcodec,8,english:1970,1,259,eep,1,,-14.8448,-14.5644,4.2780,0.9776,14.97,0.2124,-0.0233,-22.9621,-22.9621
wmcodec,8,english:1970,1,259,fwp,1,,-27.5159,-27.1891,4.3200,0.9773,15.43,0.2124,-0.0233,-22.9621,-22.9621
wmcodec,8,english:1970,1,259,dm,1,,-15.0527,-13.3747,4.4129,0.9824,16.90,0.2124,-0.0233,-22.9621,-22.9621
wmcodec,8,english:1970,1,259,tct,1,,-23.6772,-22.9621,4.2863,0.9779,15.05,0.2124,-0.0233,-22.9621,-22.9621
wmcodec,8,english:1970,1,259,payload_farthest,1,,-14.8448,-14.5644,4.2780,0.9776,14.97,0.2124,-0.0233,-22.9621,-22.9621
wmcodec,8,english:1970,2,260,single_copy,0,,-0.0021,6.3872,4.6439,1.0000,148.41,-0.0590,0.0578,-13.6864,-13.6864
wmcodec,8,english:1970,2,260,mean,1,,-5.2831,-5.1583,4.3976,0.9868,18.08,-0.0590,0.0578,-13.6864,-13.6864
wmcodec,8,english:1970,2,260,rp,1,,-2.4031,-2.0307,4.5180,0.9933,21.18,-0.0590,0.0578,-13.6864,-13.6864
wmcodec,8,english:1970,2,260,random_dirichlet,1,,-4.7022,-4.5619,4.4829,0.9905,19.58,-0.0590,0.0578,-13.6864,-13.6864
wmcodec,8,english:1970,2,260,eep,1,,-7.4252,-7.1548,4.2414,0.9808,16.13,-0.0590,0.0578,-13.6864,-13.6864
wmcodec,8,english:1970,2,260,fwp,1,,-35.2758,-34.9405,4.2374,0.9800,15.24,-0.0590,0.0578,-13.6864,-13.6864
wmcodec,8,english:1970,2,260,dm,1,,-5.3984,-3.4963,4.3640,0.9847,17.28,-0.0590,0.0578,-13.6864,-13.6864
wmcodec,8,english:1970,2,260,tct,1,,-14.4034,-13.6864,4.2744,0.9813,16.41,-0.0590,0.0578,-13.6864,-13.6864
wmcodec,8,english:1970,2,260,payload_farthest,1,,-15.8154,-15.2314,4.4947,0.9920,19.77,-0.0590,0.0578,-13.6864,-13.6864
wmcodec,8,english:198,0,261,single_copy,0,,-0.0081,4.9032,4.6439,1.0000,136.59,0.0672,0.0486,-0.8706,-0.8710
wmcodec,8,english:198,0,261,mean,1,,-6.9770,-4.9664,4.0941,0.9789,9.55,0.0672,0.0486,-0.8706,-0.8710
wmcodec,8,english:198,0,261,rp,1,,-12.0786,-11.4490,3.8523,0.9704,7.01,0.0672,0.0486,-0.8706,-0.8710
wmcodec,8,english:198,0,261,random_dirichlet,1,,-3.3654,-2.3886,4.2894,0.9868,12.22,0.0672,0.0486,-0.8706,-0.8710
wmcodec,8,english:198,0,261,eep,1,,-18.2677,-17.5516,3.8102,0.9699,7.32,0.0672,0.0486,-0.8706,-0.8710
wmcodec,8,english:198,0,261,fwp,1,,-18.4213,-18.2221,3.8259,0.9704,7.39,0.0672,0.0486,-0.8706,-0.8710
wmcodec,8,english:198,0,261,dm,1,,-8.1030,-6.2721,4.0685,0.9791,9.59,0.0672,0.0486,-0.8706,-0.8710
wmcodec,8,english:198,0,261,tct,1,,-2.6143,-0.8706,4.3089,0.9899,14.05,0.0672,0.0486,-0.8706,-0.8710
wmcodec,8,english:198,0,261,payload_farthest,1,,-26.0877,-25.6224,4.2599,0.9873,12.86,0.0672,0.0486,-0.8706,-0.8710
wmcodec,8,english:198,1,262,single_copy,0,,-0.0020,6.5369,4.6439,1.0000,136.36,-0.0313,0.4873,-9.6036,-9.6036
wmcodec,8,english:198,1,262,mean,1,,-26.0463,-25.1872,3.9832,0.9765,10.01,-0.0313,0.4873,-9.6036,-9.6036
wmcodec,8,english:198,1,262,rp,1,,-4.0700,-3.4288,4.3061,0.9863,12.70,-0.0313,0.4873,-9.6036,-9.6036
wmcodec,8,english:198,1,262,random_dirichlet,1,,-17.1965,-16.6400,3.7463,0.9716,8.37,-0.0313,0.4873,-9.6036,-9.6036
wmcodec,8,english:198,1,262,eep,1,,-6.4238,-5.2247,3.6400,0.9695,7.48,-0.0313,0.4873,-9.6036,-9.6036
wmcodec,8,english:198,1,262,fwp,1,,-36.7643,-36.7088,3.6189,0.9658,7.47,-0.0313,0.4873,-9.6036,-9.6036
wmcodec,8,english:198,1,262,dm,1,,-31.8959,-31.5407,3.9039,0.9745,9.49,-0.0313,0.4873,-9.6036,-9.6036
wmcodec,8,english:198,1,262,tct,1,,-11.2870,-9.6036,3.7996,0.9733,8.95,-0.0313,0.4873,-9.6036,-9.6036
wmcodec,8,english:198,1,262,payload_farthest,1,,-23.0697,-21.4647,3.6807,0.9681,7.06,-0.0313,0.4873,-9.6036,-9.6036
wmcodec,8,english:198,2,263,single_copy,1,,-1.2240,-0.8579,4.6439,1.0000,136.67,0.2207,0.2576,-12.0395,-12.0395
wmcodec,8,english:198,2,263,mean,1,,-15.9103,-13.8488,3.9421,0.9756,9.42,0.2207,0.2576,-12.0395,-12.0395
wmcodec,8,english:198,2,263,rp,1,,-21.8114,-20.8087,3.4113,0.9662,6.97,0.2207,0.2576,-12.0395,-12.0395
wmcodec,8,english:198,2,263,random_dirichlet,1,,-20.6983,-19.3496,3.8165,0.9719,8.17,0.2207,0.2576,-12.0395,-12.0395
wmcodec,8,english:198,2,263,eep,1,,-33.2279,-33.1386,3.4499,0.9647,6.12,0.2207,0.2576,-12.0395,-12.0395
wmcodec,8,english:198,2,263,fwp,1,,-13.3360,-12.1341,3.5153,0.9658,6.90,0.2207,0.2576,-12.0395,-12.0395
wmcodec,8,english:198,2,263,dm,1,,-14.7975,-12.0376,3.9280,0.9751,9.22,0.2207,0.2576,-12.0395,-12.0395
wmcodec,8,english:198,2,263,tct,1,,-12.3896,-12.0395,3.8758,0.9756,9.01,0.2207,0.2576,-12.0395,-12.0395
wmcodec,8,english:198,2,263,payload_farthest,1,,-21.8114,-20.8087,3.4113,0.9662,6.97,0.2207,0.2576,-12.0395,-12.0395
wmcodec,8,english:1992,0,264,single_copy,1,,-7.5340,-7.5321,4.6439,1.0000,146.26,0.1490,-0.0737,-10.3911,-10.3914
wmcodec,8,english:1992,0,264,mean,1,,-9.2276,-7.4032,4.2327,0.9872,19.01,0.1490,-0.0737,-10.3911,-10.3914
wmcodec,8,english:1992,0,264,rp,1,,-13.4684,-12.6720,3.9940,0.9823,16.64,0.1490,-0.0737,-10.3911,-10.3914
wmcodec,8,english:1992,0,264,random_dirichlet,0,,-0.0303,3.6966,4.1363,0.9869,17.50,0.1490,-0.0737,-10.3911,-10.3914
wmcodec,8,english:1992,0,264,eep,1,,-9.8622,-9.2241,4.0343,0.9833,16.69,0.1490,-0.0737,-10.3911,-10.3914
wmcodec,8,english:1992,0,264,fwp,1,,-9.8622,-9.2241,4.0343,0.9833,16.69,0.1490,-0.0737,-10.3911,-10.3914
wmcodec,8,english:1992,0,264,dm,1,,-11.7924,-8.3559,4.1848,0.9864,18.40,0.1490,-0.0737,-10.3911,-10.3914
wmcodec,8,english:1992,0,264,tct,1,,-10.4153,-10.3911,4.2789,0.9890,19.22,0.1490,-0.0737,-10.3911,-10.3914
wmcodec,8,english:1992,0,264,payload_farthest,1,,-24.8319,-23.9217,4.0339,0.9851,16.66,0.1490,-0.0737,-10.3911,-10.3914
wmcodec,8,english:1992,1,265,single_copy,1,,-2.6989,-2.6290,4.6439,1.0000,146.16,-0.2929,0.3582,-11.5380,-11.5384
wmcodec,8,english:1992,1,265,mean,1,,-21.1268,-20.7919,4.1051,0.9863,18.36,-0.2929,0.3582,-11.5380,-11.5384
wmcodec,8,english:1992,1,265,rp,1,,-4.4173,-4.0952,3.9381,0.9818,15.84,-0.2929,0.3582,-11.5380,-11.5384
wmcodec,8,english:1992,1,265,random_dirichlet,1,,-7.7171,-6.7801,3.9723,0.9828,16.71,-0.2929,0.3582,-11.5380,-11.5384
wmcodec,8,english:1992,1,265,eep,1,,-20.1385,-20.0618,3.9250,0.9809,15.53,-0.2929,0.3582,-11.5380,-11.5384
wmcodec,8,english:1992,1,265,fwp,1,,-11.1489,-10.8995,4.2962,0.9900,19.87,-0.2929,0.3582,-11.5380,-11.5384
wmcodec,8,english:1992,1,265,dm,1,,-11.8959,-10.7093,4.0966,0.9860,18.28,-0.2929,0.3582,-11.5380,-11.5384
wmcodec,8,english:1992,1,265,tct,1,,-12.0450,-11.5380,3.9646,0.9846,16.78,-0.2929,0.3582,-11.5380,-11.5384
wmcodec,8,english:1992,1,265,payload_farthest,1,,-33.0249,-32.9056,4.3545,0.9924,20.94,-0.2929,0.3582,-11.5380,-11.5384
wmcodec,8,english:1992,2,266,single_copy,0,,-0.0001,10.1058,4.6439,1.0000,146.02,0.1469,0.0695,-11.6403,-11.6403
wmcodec,8,english:1992,2,266,mean,1,,-11.1472,-8.8290,4.2292,0.9873,18.26,0.1469,0.0695,-11.6403,-11.6403
wmcodec,8,english:1992,2,266,rp,1,,-26.2163,-25.6851,4.0854,0.9857,16.96,0.1469,0.0695,-11.6403,-11.6403
wmcodec,8,english:1992,2,266,random_dirichlet,1,,-20.7780,-20.3535,4.1186,0.9856,17.28,0.1469,0.0695,-11.6403,-11.6403
wmcodec,8,english:1992,2,266,eep,1,,-14.7809,-14.2610,4.4057,0.9916,20.43,0.1469,0.0695,-11.6403,-11.6403
wmcodec,8,english:1992,2,266,fwp,1,,-28.5250,-28.2969,4.3213,0.9914,19.96,0.1469,0.0695,-11.6403,-11.6403
wmcodec,8,english:1992,2,266,dm,1,,-11.4967,-8.3736,4.2286,0.9874,18.32,0.1469,0.0695,-11.6403,-11.6403
wmcodec,8,english:1992,2,266,tct,1,,-12.5413,-11.6403,4.1524,0.9869,17.72,0.1469,0.0695,-11.6403,-11.6403
wmcodec,8,english:1992,2,266,payload_farthest,1,,-6.8108,-6.4438,4.4128,0.9913,20.82,0.1469,0.0695,-11.6403,-11.6403
wmcodec,8,english:200,0,267,single_copy,0,,-0.1161,2.1957,4.6439,1.0000,141.42,0.4302,-0.5793,-12.2018,-12.2023
wmcodec,8,english:200,0,267,mean,1,,-25.4259,-24.7923,4.1642,0.9787,16.05,0.4302,-0.5793,-12.2018,-12.2023
wmcodec,8,english:200,0,267,rp,1,,-51.6240,-51.5031,4.2664,0.9883,18.88,0.4302,-0.5793,-12.2018,-12.2023
wmcodec,8,english:200,0,267,random_dirichlet,0,,-0.1383,2.4297,4.4571,0.9908,20.73,0.4302,-0.5793,-12.2018,-12.2023
wmcodec,8,english:200,0,267,eep,1,,-15.0354,-13.8418,3.9045,0.9757,13.93,0.4302,-0.5793,-12.2018,-12.2023
wmcodec,8,english:200,0,267,fwp,1,,-31.9168,-31.8265,3.9227,0.9720,13.47,0.4302,-0.5793,-12.2018,-12.2023
wmcodec,8,english:200,0,267,dm,1,,-21.6288,-20.6947,4.1840,0.9788,16.30,0.4302,-0.5793,-12.2018,-12.2023
wmcodec,8,english:200,0,267,tct,1,,-12.4348,-12.2018,3.9418,0.9764,14.36,0.4302,-0.5793,-12.2018,-12.2023
wmcodec,8,english:200,0,267,payload_farthest,1,,-19.4732,-19.2017,4.2546,0.9872,18.72,0.4302,-0.5793,-12.2018,-12.2023
wmcodec,8,english:200,1,268,single_copy,0,,-0.0205,3.9525,4.6439,1.0000,141.33,0.2662,-0.1195,-0.9009,-0.9000
wmcodec,8,english:200,1,268,mean,1,,-11.7152,-10.6445,4.2277,0.9823,16.53,0.2662,-0.1195,-0.9009,-0.9000
wmcodec,8,english:200,1,268,rp,1,,-23.4390,-21.2043,3.9066,0.9748,13.79,0.2662,-0.1195,-0.9009,-0.9000
wmcodec,8,english:200,1,268,random_dirichlet,1,,-15.4203,-14.9948,4.2197,0.9809,15.61,0.2662,-0.1195,-0.9009,-0.9000
wmcodec,8,english:200,1,268,eep,1,,-16.8367,-16.5173,3.9857,0.9792,14.23,0.2662,-0.1195,-0.9009,-0.9000
wmcodec,8,english:200,1,268,fwp,1,,-9.4133,-9.3326,3.8090,0.9773,13.96,0.2662,-0.1195,-0.9009,-0.9000
wmcodec,8,english:200,1,268,dm,1,,-7.1043,-6.2821,4.1781,0.9816,16.20,0.2662,-0.1195,-0.9009,-0.9000
wmcodec,8,english:200,1,268,tct,1,,-1.2717,-0.9009,4.0669,0.9784,14.50,0.2662,-0.1195,-0.9009,-0.9000
wmcodec,8,english:200,1,268,payload_farthest,1,,-23.7429,-23.3262,4.0167,0.9774,14.21,0.2662,-0.1195,-0.9009,-0.9000
wmcodec,8,english:200,2,269,single_copy,1,,-8.3077,-8.2969,4.6439,1.0000,141.42,0.0993,-0.2366,-9.0285,-9.0285
wmcodec,8,english:200,2,269,mean,1,,-26.2979,-25.3848,4.2004,0.9828,16.04,0.0993,-0.2366,-9.0285,-9.0285
wmcodec,8,english:200,2,269,rp,1,,-23.6062,-22.6008,4.0360,0.9785,13.74,0.0993,-0.2366,-9.0285,-9.0285
wmcodec,8,english:200,2,269,random_dirichlet,1,,-4.4889,-3.6579,4.0158,0.9815,14.94,0.0993,-0.2366,-9.0285,-9.0285
wmcodec,8,english:200,2,269,eep,1,,-31.6771,-31.3746,4.4230,0.9907,19.28,0.0993,-0.2366,-9.0285,-9.0285
wmcodec,8,english:200,2,269,fwp,1,,-17.4238,-16.2378,4.2627,0.9873,17.53,0.0993,-0.2366,-9.0285,-9.0285
wmcodec,8,english:200,2,269,dm,1,,-21.1131,-19.9034,4.1962,0.9833,16.15,0.0993,-0.2366,-9.0285,-9.0285
wmcodec,8,english:200,2,269,tct,1,,-9.5094,-9.0285,3.9610,0.9805,14.20,0.0993,-0.2366,-9.0285,-9.0285
wmcodec,8,english:200,2,269,payload_farthest,1,,-17.5618,-16.8005,4.3144,0.9873,18.52,0.0993,-0.2366,-9.0285,-9.0285
wmcodec,8,english:2002,0,270,single_copy,1,,-5.9344,-5.8859,4.6439,1.0000,148.95,0.4256,0.2284,-6.9810,-6.9816
wmcodec,8,english:2002,0,270,mean,1,,-13.4737,-10.6000,4.3234,0.9842,15.00,0.4256,0.2284,-6.9810,-6.9816
wmcodec,8,english:2002,0,270,rp,1,,-17.2272,-16.2736,4.0700,0.9804,11.85,0.4256,0.2284,-6.9810,-6.9816
wmcodec,8,english:2002,0,270,random_dirichlet,1,,-17.7541,-16.2544,4.2324,0.9822,14.15,0.4256,0.2284,-6.9810,-6.9816
wmcodec,8,english:2002,0,270,eep,1,,-22.0770,-21.7242,4.4218,0.9908,16.85,0.4256,0.2284,-6.9810,-6.9816
wmcodec,8,english:2002,0,270,fwp,1,,-22.1229,-21.5645,4.0607,0.9797,12.14,0.4256,0.2284,-6.9810,-6.9816
wmcodec,8,english:2002,0,270,dm,1,,-16.1886,-14.5192,4.2905,0.9828,14.66,0.4256,0.2284,-6.9810,-6.9816
wmcodec,8,english:2002,0,270,tct,1,,-7.3271,-6.9810,4.5160,0.9924,18.82,0.4256,0.2284,-6.9810,-6.9816
wmcodec,8,english:2002,0,270,payload_farthest,1,,-22.1229,-21.5645,4.0607,0.9797,12.14,0.4256,0.2284,-6.9810,-6.9816
wmcodec,8,english:2002,1,271,single_copy,1,,-2.1930,-2.0027,4.6439,1.0000,148.98,-0.2250,0.2428,1.2731,1.2731
wmcodec,8,english:2002,1,271,mean,1,,-21.4800,-21.3293,4.2684,0.9856,15.39,-0.2250,0.2428,1.2731,1.2731
wmcodec,8,english:2002,1,271,rp,1,,-29.0170,-28.7862,4.0364,0.9824,13.01,-0.2250,0.2428,1.2731,1.2731
wmcodec,8,english:2002,1,271,random_dirichlet,1,,-21.7551,-20.7090,4.3894,0.9908,17.93,-0.2250,0.2428,1.2731,1.2731
wmcodec,8,english:2002,1,271,eep,1,,-14.6151,-13.4161,4.0295,0.9815,12.65,-0.2250,0.2428,1.2731,1.2731
wmcodec,8,english:2002,1,271,fwp,1,,-28.5170,-27.8204,4.1194,0.9827,13.47,-0.2250,0.2428,1.2731,1.2731
wmcodec,8,english:2002,1,271,dm,1,,-21.9016,-21.2217,4.2382,0.9848,14.90,-0.2250,0.2428,1.2731,1.2731
wmcodec,8,english:2002,1,271,tct,0,,-0.5898,1.2731,4.1853,0.9822,13.83,-0.2250,0.2428,1.2731,1.2731
wmcodec,8,english:2002,1,271,payload_farthest,1,,-24.3218,-23.1606,3.9676,0.9833,12.84,-0.2250,0.2428,1.2731,1.2731
wmcodec,8,english:2002,2,272,single_copy,1,,-4.9124,-4.8943,4.6439,1.0000,148.85,0.1721,-0.8336,-2.5386,-2.5381
wmcodec,8,english:2002,2,272,mean,1,,-14.1017,-13.2001,4.2913,0.9864,15.23,0.1721,-0.8336,-2.5386,-2.5381
wmcodec,8,english:2002,2,272,rp,1,,-35.2253,-34.5127,4.0751,0.9830,13.27,0.1721,-0.8336,-2.5386,-2.5381
wmcodec,8,english:2002,2,272,random_dirichlet,1,,-2.5214,-1.7399,4.2605,0.9854,14.55,0.1721,-0.8336,-2.5386,-2.5381
wmcodec,8,english:2002,2,272,eep,1,,-13.0274,-11.2065,4.1427,0.9843,13.20,0.1721,-0.8336,-2.5386,-2.5381
wmcodec,8,english:2002,2,272,fwp,1,,-15.1444,-14.3912,4.3744,0.9896,16.79,0.1721,-0.8336,-2.5386,-2.5381
wmcodec,8,english:2002,2,272,dm,1,,-19.3993,-18.6755,4.2973,0.9863,15.21,0.1721,-0.8336,-2.5386,-2.5381
wmcodec,8,english:2002,2,272,tct,1,,-2.7321,-2.5386,4.2210,0.9860,13.98,0.1721,-0.8336,-2.5386,-2.5381
wmcodec,8,english:2002,2,272,payload_farthest,1,,-22.2938,-21.6553,4.4088,0.9910,18.06,0.1721,-0.8336,-2.5386,-2.5381
wmcodec,8,english:2007,0,273,single_copy,1,,-9.0113,-9.0110,4.6439,1.0000,142.34,-0.2882,0.0987,-11.5458,-11.5454
wmcodec,8,english:2007,0,273,mean,1,,-11.2755,-9.5402,4.0823,0.9717,7.16,-0.2882,0.0987,-11.5458,-11.5454
wmcodec,8,english:2007,0,273,rp,1,,-24.2268,-24.0717,4.1632,0.9803,9.35,-0.2882,0.0987,-11.5458,-11.5454
wmcodec,8,english:2007,0,273,random_dirichlet,1,,-18.5411,-17.6783,4.2149,0.9770,8.27,-0.2882,0.0987,-11.5458,-11.5454
wmcodec,8,english:2007,0,273,eep,1,,-32.9168,-32.6137,3.8109,0.9697,4.99,-0.2882,0.0987,-11.5458,-11.5454
wmcodec,8,english:2007,0,273,fwp,1,,-16.4853,-15.3355,4.1569,0.9808,9.32,-0.2882,0.0987,-11.5458,-11.5454
wmcodec,8,english:2007,0,273,dm,1,,-15.6186,-14.3526,4.0936,0.9718,7.35,-0.2882,0.0987,-11.5458,-11.5454
wmcodec,8,english:2007,0,273,tct,1,,-12.2172,-11.5458,3.8737,0.9693,5.05,-0.2882,0.0987,-11.5458,-11.5454
wmcodec,8,english:2007,0,273,payload_farthest,1,,-16.0717,-15.8495,3.8832,0.9693,5.24,-0.2882,0.0987,-11.5458,-11.5454
wmcodec,8,english:2007,1,274,single_copy,0,,-0.0014,6.8411,4.6439,1.0000,142.56,-0.0716,0.0629,-16.0616,-16.0621
wmcodec,8,english:2007,1,274,mean,1,,-19.2765,-17.9372,3.9935,0.9729,7.45,-0.0716,0.0629,-16.0616,-16.0621
wmcodec,8,english:2007,1,274,rp,1,,-24.1753,-22.8943,4.1282,0.9847,9.39,-0.0716,0.0629,-16.0616,-16.0621
wmcodec,8,english:2007,1,274,random_dirichlet,1,,-9.6723,-9.1106,3.8637,0.9692,5.43,-0.0716,0.0629,-16.0616,-16.0621
wmcodec,8,english:2007,1,274,eep,1,,-29.2551,-28.7027,3.6348,0.9672,4.20,-0.0716,0.0629,-16.0616,-16.0621
wmcodec,8,english:2007,1,274,fwp,1,,-9.7043,-7.7242,3.7504,0.9670,4.78,-0.0716,0.0629,-16.0616,-16.0621
wmcodec,8,english:2007,1,274,dm,1,,-11.0592,-10.8185,3.9499,0.9713,6.89,-0.0716,0.0629,-16.0616,-16.0621
wmcodec,8,english:2007,1,274,tct,1,,-16.7110,-16.0616,3.8873,0.9689,5.31,-0.0716,0.0629,-16.0616,-16.0621
wmcodec,8,english:2007,1,274,payload_farthest,1,,-9.1955,-9.1331,4.3372,0.9858,10.90,-0.0716,0.0629,-16.0616,-16.0621
wmcodec,8,english:2007,2,275,single_copy,1,,-2.4002,-1.7949,4.6439,1.0000,142.64,0.5367,-0.3137,-6.8332,-6.8322
wmcodec,8,english:2007,2,275,mean,1,,-15.3303,-15.3161,4.0006,0.9761,6.62,0.5367,-0.3137,-6.8332,-6.8322
wmcodec,8,english:2007,2,275,rp,1,,-15.6524,-15.5118,3.6200,0.9677,4.11,0.5367,-0.3137,-6.8332,-6.8322
wmcodec,8,english:2007,2,275,random_dirichlet,1,,-5.0090,-3.9310,3.7929,0.9721,4.98,0.5367,-0.3137,-6.8332,-6.8322
wmcodec,8,english:2007,2,275,eep,1,,-15.7649,-15.6247,3.6410,0.9712,4.56,0.5367,-0.3137,-6.8332,-6.8322
wmcodec,8,english:2007,2,275,fwp,1,,-22.3323,-22.2643,4.1475,0.9838,8.16,0.5367,-0.3137,-6.8332,-6.8322
wmcodec,8,english:2007,2,275,dm,1,,-27.3856,-27.0305,4.0875,0.9793,7.02,0.5367,-0.3137,-6.8332,-6.8322
wmcodec,8,english:2007,2,275,tct,1,,-7.5393,-6.8332,3.8288,0.9736,5.39,0.5367,-0.3137,-6.8332,-6.8322
wmcodec,8,english:2007,2,275,payload_farthest,1,,-25.3090,-24.3141,4.2269,0.9851,9.97,0.5367,-0.3137,-6.8332,-6.8322
wmcodec,8,english:201,0,276,single_copy,1,,-7.8707,-7.7539,4.6439,1.0000,144.91,-0.1500,0.6976,-11.3507,-11.3507
wmcodec,8,english:201,0,276,mean,1,,-8.3569,-7.7461,4.3644,0.9918,14.40,-0.1500,0.6976,-11.3507,-11.3507
wmcodec,8,english:201,0,276,rp,1,,-19.5823,-19.2788,4.1993,0.9893,11.90,-0.1500,0.6976,-11.3507,-11.3507
wmcodec,8,english:201,0,276,random_dirichlet,1,,-5.9120,-4.9148,4.3388,0.9917,13.95,-0.1500,0.6976,-11.3507,-11.3507
wmcodec,8,english:201,0,276,eep,1,,-14.6508,-13.8671,4.2677,0.9898,11.43,-0.1500,0.6976,-11.3507,-11.3507
wmcodec,8,english:201,0,276,fwp,1,,-26.0935,-25.7235,4.2619,0.9892,12.09,-0.1500,0.6976,-11.3507,-11.3507
wmcodec,8,english:201,0,276,dm,1,,-7.9504,-6.8806,4.3330,0.9908,13.73,-0.1500,0.6976,-11.3507,-11.3507
wmcodec,8,english:201,0,276,tct,1,,-11.5002,-11.3507,4.3578,0.9917,14.12,-0.1500,0.6976,-11.3507,-11.3507
wmcodec,8,english:201,0,276,payload_farthest,1,,-15.5785,-15.3483,4.2955,0.9901,11.91,-0.1500,0.6976,-11.3507,-11.3507
wmcodec,8,english:201,1,277,single_copy,1,,-3.2867,-2.8666,4.6439,1.0000,145.18,0.0683,-0.0713,-6.6508,-6.6508
wmcodec,8,english:201,1,277,mean,1,,-13.1067,-11.6291,4.2913,0.9907,13.47,0.0683,-0.0713,-6.6508,-6.6508
wmcodec,8,english:201,1,277,rp,1,,-27.4466,-27.2991,4.1877,0.9871,10.86,0.0683,-0.0713,-6.6508,-6.6508
wmcodec,8,english:201,1,277,random_dirichlet,1,,-11.8496,-11.2872,4.2107,0.9901,11.63,0.0683,-0.0713,-6.6508,-6.6508
wmcodec,8,english:201,1,277,eep,1,,-24.0127,-22.5623,4.4594,0.9944,16.08,0.0683,-0.0713,-6.6508,-6.6508
wmcodec,8,english:201,1,277,fwp,1,,-19.9173,-19.7801,4.0755,0.9881,11.23,0.0683,-0.0713,-6.6508,-6.6508
wmcodec,8,english:201,1,277,dm,1,,-13.3943,-12.2113,4.3083,0.9909,13.65,0.0683,-0.0713,-6.6508,-6.6508
wmcodec,8,english:201,1,277,tct,1,,-7.4816,-6.6508,4.3097,0.9900,13.44,0.0683,-0.0713,-6.6508,-6.6508
wmcodec,8,english:201,1,277,payload_farthest,1,,-16.5713,-15.2024,4.1483,0.9871,10.94,0.0683,-0.0713,-6.6508,-6.6508
wmcodec,8,english:201,2,278,single_copy,1,,-8.3987,-8.3741,4.6439,1.0000,145.01,-0.1309,0.0918,-9.4127,-9.4127
wmcodec,8,english:201,2,278,mean,1,,-15.7621,-13.6585,4.3511,0.9911,13.52,-0.1309,0.0918,-9.4127,-9.4127
wmcodec,8,english:201,2,278,rp,1,,-36.1969,-35.4107,4.1687,0.9878,11.44,-0.1309,0.0918,-9.4127,-9.4127
wmcodec,8,english:201,2,278,random_dirichlet,1,,-4.2093,-2.8860,4.3977,0.9928,14.79,-0.1309,0.0918,-9.4127,-9.4127
wmcodec,8,english:201,2,278,eep,1,,-18.2458,-17.5630,4.2340,0.9889,11.15,-0.1309,0.0918,-9.4127,-9.4127
wmcodec,8,english:201,2,278,fwp,1,,-21.5652,-21.3977,4.1425,0.9870,10.87,-0.1309,0.0918,-9.4127,-9.4127
wmcodec,8,english:201,2,278,dm,1,,-13.8265,-11.4011,4.3405,0.9909,13.54,-0.1309,0.0918,-9.4127,-9.4127
wmcodec,8,english:201,2,278,tct,1,,-9.4602,-9.4127,4.3032,0.9900,12.04,-0.1309,0.0918,-9.4127,-9.4127
wmcodec,8,english:201,2,278,payload_farthest,1,,-12.7905,-11.9190,4.2462,0.9899,11.26,-0.1309,0.0918,-9.4127,-9.4127
wmcodec,8,english:2092,0,279,single_copy,0,,-0.1797,1.9742,4.6439,1.0000,141.98,0.2271,0.0291,-9.1132,-9.1132
wmcodec,8,english:2092,0,279,mean,1,,-9.5448,-8.2046,4.3141,0.9677,15.64,0.2271,0.0291,-9.1132,-9.1132
wmcodec,8,english:2092,0,279,rp,1,,-14.2639,-13.4344,4.1739,0.9528,13.68,0.2271,0.0291,-9.1132,-9.1132
wmcodec,8,english:2092,0,279,random_dirichlet,1,,-2.2036,-2.0794,4.1435,0.9571,13.85,0.2271,0.0291,-9.1132,-9.1132
wmcodec,8,english:2092,0,279,eep,1,,-24.6668,-24.3044,4.3739,0.9818,18.45,0.2271,0.0291,-9.1132,-9.1132
wmcodec,8,english:2092,0,279,fwp,1,,-16.7547,-15.7971,4.3365,0.9787,17.30,0.2271,0.0291,-9.1132,-9.1132
wmcodec,8,english:2092,0,279,dm,1,,-14.8051,-13.5835,4.3236,0.9695,15.87,0.2271,0.0291,-9.1132,-9.1132
wmcodec,8,english:2092,0,279,tct,1,,-10.2018,-9.1132,4.2534,0.9556,14.39,0.2271,0.0291,-9.1132,-9.1132
wmcodec,8,english:2092,0,279,payload_farthest,1,,-20.5246,-19.6718,4.1908,0.9521,13.86,0.2271,0.0291,-9.1132,-9.1132
wmcodec,8,english:2092,1,280,single_copy,1,,-2.1695,-1.9531,4.6439,1.0000,141.98,-0.0905,-0.0573,-6.1015,-6.1012
wmcodec,8,english:2092,1,280,mean,1,,-18.1857,-17.0645,4.2662,0.9668,15.18,-0.0905,-0.0573,-6.1015,-6.1012
wmcodec,8,english:2092,1,280,rp,1,,-26.7015,-25.5296,4.4154,0.9816,17.92,-0.0905,-0.0573,-6.1015,-6.1012
wmcodec,8,english:2092,1,280,random_dirichlet,1,,-17.5263,-16.9503,4.2210,0.9641,14.67,-0.0905,-0.0573,-6.1015,-6.1012
wmcodec,8,english:2092,1,280,eep,1,,-16.8716,-16.1332,4.4020,0.9817,18.41,-0.0905,-0.0573,-6.1015,-6.1012
wmcodec,8,english:2092,1,280,fwp,1,,-28.2398,-28.1191,4.4387,0.9809,17.33,-0.0905,-0.0573,-6.1015,-6.1012
wmcodec,8,english:2092,1,280,dm,1,,-16.4365,-15.6210,4.3245,0.9700,15.68,-0.0905,-0.0573,-6.1015,-6.1012
wmcodec,8,english:2092,1,280,tct,1,,-6.2627,-6.1015,4.1885,0.9549,13.84,-0.0905,-0.0573,-6.1015,-6.1012
wmcodec,8,english:2092,1,280,payload_farthest,1,,-18.7316,-18.1076,4.3990,0.9815,18.37,-0.0905,-0.0573,-6.1015,-6.1012
wmcodec,8,english:2092,2,281,single_copy,1,,-7.4192,-7.3936,4.6439,1.0000,141.76,-0.1594,-0.0743,-4.7761,-4.7761
wmcodec,8,english:2092,2,281,mean,1,,-14.4226,-13.9843,4.3052,0.9635,15.79,-0.1594,-0.0743,-4.7761,-4.7761
wmcodec,8,english:2092,2,281,rp,1,,-10.1871,-8.3300,4.3944,0.9810,18.41,-0.1594,-0.0743,-4.7761,-4.7761
wmcodec,8,english:2092,2,281,random_dirichlet,1,,-10.9000,-10.6654,4.2381,0.9574,15.17,-0.1594,-0.0743,-4.7761,-4.7761
wmcodec,8,english:2092,2,281,eep,1,,-3.3911,-2.7951,4.1061,0.9455,13.39,-0.1594,-0.0743,-4.7761,-4.7761
wmcodec,8,english:2092,2,281,fwp,1,,-13.0449,-12.6546,4.0577,0.9473,13.73,-0.1594,-0.0743,-4.7761,-4.7761
wmcodec,8,english:2092,2,281,dm,1,,-15.4132,-15.1377,4.3119,0.9631,15.77,-0.1594,-0.0743,-4.7761,-4.7761
wmcodec,8,english:2092,2,281,tct,1,,-6.1089,-4.7761,4.4330,0.9792,18.44,-0.1594,-0.0743,-4.7761,-4.7761
wmcodec,8,english:2092,2,281,payload_farthest,1,,-7.9397,-3.9876,4.3833,0.9788,18.43,-0.1594,-0.0743,-4.7761,-4.7761
wmcodec,8,english:211,0,282,single_copy,1,,-5.5271,-5.4225,4.6439,1.0000,143.25,-0.1215,0.3255,-20.6249,-20.6247
wmcodec,8,english:211,0,282,mean,1,,-12.2066,-11.2708,4.0948,0.9801,10.40,-0.1215,0.3255,-20.6249,-20.6247
wmcodec,8,english:211,0,282,rp,1,,-8.0635,-7.7907,4.4058,0.9910,13.60,-0.1215,0.3255,-20.6249,-20.6247
wmcodec,8,english:211,0,282,random_dirichlet,1,,-12.6744,-10.9972,4.0743,0.9795,9.98,-0.1215,0.3255,-20.6249,-20.6247
wmcodec,8,english:211,0,282,eep,1,,-27.2105,-26.3273,3.8022,0.9686,7.25,-0.1215,0.3255,-20.6249,-20.6247
wmcodec,8,english:211,0,282,fwp,1,,-31.0808,-30.8894,3.7277,0.9710,7.57,-0.1215,0.3255,-20.6249,-20.6247
wmcodec,8,english:211,0,282,dm,1,,-11.5623,-10.0358,4.0344,0.9776,9.74,-0.1215,0.3255,-20.6249,-20.6247
wmcodec,8,english:211,0,282,tct,1,,-20.8254,-20.6249,4.2628,0.9867,12.30,-0.1215,0.3255,-20.6249,-20.6247
wmcodec,8,english:211,0,282,payload_farthest,1,,-18.2807,-18.1982,4.3097,0.9899,13.35,-0.1215,0.3255,-20.6249,-20.6247
wmcodec,8,english:211,1,283,single_copy,1,,-3.6924,-3.6089,4.6439,1.0000,143.27,0.1260,-0.8390,-14.9446,-14.9450
wmcodec,8,english:211,1,283,mean,1,,-8.8510,-7.4684,4.1275,0.9807,10.18,0.1260,-0.8390,-14.9446,-14.9450
wmcodec,8,english:211,1,283,rp,1,,-24.3758,-24.3364,3.7061,0.9726,7.76,0.1260,-0.8390,-14.9446,-14.9450
wmcodec,8,english:211,1,283,random_dirichlet,1,,-5.1730,-4.1786,3.9770,0.9757,8.87,0.1260,-0.8390,-14.9446,-14.9450
wmcodec,8,english:211,1,283,eep,1,,-13.4351,-12.7895,3.7163,0.9735,7.50,0.1260,-0.8390,-14.9446,-14.9450
wmcodec,8,english:211,1,283,fwp,1,,-23.6493,-23.3136,3.8800,0.9731,7.76,0.1260,-0.8390,-14.9446,-14.9450
wmcodec,8,english:211,1,283,dm,1,,-11.8643,-9.1724,4.1177,0.9804,10.03,0.1260,-0.8390,-14.9446,-14.9450
wmcodec,8,english:211,1,283,tct,1,,-15.8876,-14.9446,4.3389,0.9879,12.83,0.1260,-0.8390,-14.9446,-14.9450
wmcodec,8,english:211,1,283,payload_farthest,1,,-27.5904,-27.1350,3.7944,0.9739,7.82,0.1260,-0.8390,-14.9446,-14.9450
wmcodec,8,english:211,2,284,single_copy,1,,-5.3445,-5.1776,4.6439,1.0000,143.32,0.1578,0.2770,-15.5990,-15.6000
wmcodec,8,english:211,2,284,mean,1,,-13.2320,-12.3349,3.9137,0.9802,9.69,0.1578,0.2770,-15.5990,-15.6000
wmcodec,8,english:211,2,284,rp,1,,-27.3210,-26.8320,3.5846,0.9696,7.07,0.1578,0.2770,-15.5990,-15.6000
wmcodec,8,english:211,2,284,random_dirichlet,1,,-9.0608,-8.2078,3.7785,0.9774,8.35,0.1578,0.2770,-15.5990,-15.6000
wmcodec,8,english:211,2,284,eep,1,,-24.3954,-23.2709,4.1739,0.9886,12.68,0.1578,0.2770,-15.5990,-15.6000
wmcodec,8,english:211,2,284,fwp,1,,-28.8451,-28.4599,4.1008,0.9856,11.35,0.1578,0.2770,-15.5990,-15.6000
wmcodec,8,english:211,2,284,dm,1,,-12.1008,-11.0754,3.9340,0.9809,9.87,0.1578,0.2770,-15.5990,-15.6000
wmcodec,8,english:211,2,284,tct,1,,-16.1427,-15.5990,3.6173,0.9751,7.92,0.1578,0.2770,-15.5990,-15.6000
wmcodec,8,english:211,2,284,payload_farthest,1,,-28.2144,-26.8782,4.1604,0.9899,12.22,0.1578,0.2770,-15.5990,-15.6000
wmcodec,8,english:2136,0,285,single_copy,1,,-0.8108,-0.1557,4.6439,1.0000,150.46,0.1448,-0.1871,-6.5890,-6.5887
wmcodec,8,english:2136,0,285,mean,1,,-12.0404,-11.6627,4.4486,0.9922,19.44,0.1448,-0.1871,-6.5890,-6.5887
wmcodec,8,english:2136,0,285,rp,1,,-20.1052,-19.6353,4.5026,0.9934,21.44,0.1448,-0.1871,-6.5890,-6.5887
wmcodec,8,english:2136,0,285,random_dirichlet,1,,-8.0713,-7.0666,4.4029,0.9903,18.26,0.1448,-0.1871,-6.5890,-6.5887
wmcodec,8,english:2136,0,285,eep,1,,-19.2245,-18.9033,4.4958,0.9947,21.77,0.1448,-0.1871,-6.5890,-6.5887
wmcodec,8,english:2136,0,285,fwp,1,,-25.3637,-24.4537,4.3060,0.9886,16.85,0.1448,-0.1871,-6.5890,-6.5887
wmcodec,8,english:2136,0,285,dm,1,,-11.8946,-9.7761,4.4365,0.9918,19.20,0.1448,-0.1871,-6.5890,-6.5887
wmcodec,8,english:2136,0,285,tct,1,,-6.6213,-6.5890,4.4900,0.9942,20.87,0.1448,-0.1871,-6.5890,-6.5887
wmcodec,8,english:2136,0,285,payload_farthest,1,,-19.2245,-18.9033,4.4958,0.9947,21.77,0.1448,-0.1871,-6.5890,-6.5887
wmcodec,8,english:2136,1,286,single_copy,0,,-0.0203,3.9272,4.6439,1.0000,150.36,0.0485,-0.1808,-21.4264,-21.4264
wmcodec,8,english:2136,1,286,mean,1,,-19.5129,-18.7090,4.3677,0.9916,19.61,0.0485,-0.1808,-21.4264,-21.4264
wmcodec,8,english:2136,1,286,rp,1,,-3.3470,-1.7500,4.2537,0.9886,16.49,0.0485,-0.1808,-21.4264,-21.4264
wmcodec,8,english:2136,1,286,random_dirichlet,1,,-20.5050,-20.2959,4.3964,0.9911,18.49,0.0485,-0.1808,-21.4264,-21.4264
wmcodec,8,english:2136,1,286,eep,1,,-11.5400,-10.3838,4.2193,0.9875,16.88,0.0485,-0.1808,-21.4264,-21.4264
wmcodec,8,english:2136,1,286,fwp,1,,-24.9090,-23.3225,4.1696,0.9882,17.52,0.0485,-0.1808,-21.4264,-21.4264
wmcodec,8,english:2136,1,286,dm,1,,-16.0036,-14.6242,4.3024,0.9903,18.69,0.0485,-0.1808,-21.4264,-21.4264
wmcodec,8,english:2136,1,286,tct,1,,-21.5377,-21.4264,4.4525,0.9931,19.99,0.0485,-0.1808,-21.4264,-21.4264
wmcodec,8,english:2136,1,286,payload_farthest,1,,-25.5876,-25.3355,4.4527,0.9944,21.60,0.0485,-0.1808,-21.4264,-21.4264
wmcodec,8,english:2136,2,287,single_copy,1,,-2.4797,-2.0581,4.6439,1.0000,150.33,0.2327,0.3366,-2.2068,-2.2068
wmcodec,8,english:2136,2,287,mean,1,,-19.1104,-17.8977,4.4043,0.9903,18.75,0.2327,0.3366,-2.2068,-2.2068
wmcodec,8,english:2136,2,287,rp,1,,-6.7991,-6.6685,4.2746,0.9878,16.30,0.2327,0.3366,-2.2068,-2.2068
wmcodec,8,english:2136,2,287,random_dirichlet,1,,-20.9257,-20.4910,4.3547,0.9896,17.89,0.2327,0.3366,-2.2068,-2.2068
wmcodec,8,english:2136,2,287,eep,1,,-14.7108,-13.8600,4.2892,0.9870,16.33,0.2327,0.3366,-2.2068,-2.2068
wmcodec,8,english:2136,2,287,fwp,1,,-16.0692,-15.9458,4.2857,0.9869,16.86,0.2327,0.3366,-2.2068,-2.2068
wmcodec,8,english:2136,2,287,dm,1,,-15.3709,-13.6943,4.4130,0.9905,18.87,0.2327,0.3366,-2.2068,-2.2068
wmcodec,8,english:2136,2,287,tct,1,,-2.4903,-2.2068,4.3797,0.9914,18.33,0.2327,0.3366,-2.2068,-2.2068
wmcodec,8,english:2136,2,287,payload_farthest,1,,-17.8555,-17.4615,4.3284,0.9876,16.93,0.2327,0.3366,-2.2068,-2.2068
wmcodec,8,english:2159,0,288,single_copy,1,,-3.1285,-2.7621,4.6439,1.0000,145.26,0.5563,-0.3061,3.0123,3.0122
wmcodec,8,english:2159,0,288,mean,1,,-16.3025,-13.8068,4.0528,0.9726,8.00,0.5563,-0.3061,3.0123,3.0122
wmcodec,8,english:2159,0,288,rp,1,,-15.5323,-14.9173,4.3432,0.9849,11.22,0.5563,-0.3061,3.0123,3.0122
wmcodec,8,english:2159,0,288,random_dirichlet,1,,-3.6706,-3.4116,3.9034,0.9717,6.84,0.5563,-0.3061,3.0123,3.0122
wmcodec,8,english:2159,0,288,eep,1,,-10.6404,-9.7097,3.7669,0.9670,5.91,0.5563,-0.3061,3.0123,3.0122
wmcodec,8,english:2159,0,288,fwp,1,,-22.6546,-21.7637,3.6869,0.9641,5.40,0.5563,-0.3061,3.0123,3.0122
wmcodec,8,english:2159,0,288,dm,1,,-24.8413,-23.7154,4.0691,0.9718,8.23,0.5563,-0.3061,3.0123,3.0122
wmcodec,8,english:2159,0,288,tct,0,,-0.0697,3.0123,3.9530,0.9742,6.62,0.5563,-0.3061,3.0123,3.0122
wmcodec,8,english:2159,0,288,payload_farthest,1,,-19.8645,-19.2758,4.3029,0.9817,10.68,0.5563,-0.3061,3.0123,3.0122
wmcodec,8,english:2159,1,289,single_copy,1,,-1.1885,-0.7707,4.6439,1.0000,145.40,0.3082,-0.1238,-2.5455,-2.5461
wmcodec,8,english:2159,1,289,mean,1,,-10.7312,-8.6509,4.2202,0.9740,9.08,0.3082,-0.1238,-2.5455,-2.5461
wmcodec,8,english:2159,1,289,rp,1,,-12.8882,-12.3329,3.9586,0.9677,6.10,0.3082,-0.1238,-2.5455,-2.5461
wmcodec,8,english:2159,1,289,random_dirichlet,1,,-3.7071,-2.5762,4.2277,0.9754,9.00,0.3082,-0.1238,-2.5455,-2.5461
wmcodec,8,english:2159,1,289,eep,1,,-22.8823,-22.5009,3.9573,0.9718,6.63,0.3082,-0.1238,-2.5455,-2.5461
wmcodec,8,english:2159,1,289,fwp,1,,-17.2964,-16.7795,3.8092,0.9627,5.78,0.3082,-0.1238,-2.5455,-2.5461
wmcodec,8,english:2159,1,289,dm,1,,-18.3637,-16.6720,4.1544,0.9724,8.65,0.3082,-0.1238,-2.5455,-2.5461
wmcodec,8,english:2159,1,289,tct,1,,-3.9852,-2.5455,4.0561,0.9725,7.35,0.3082,-0.1238,-2.5455,-2.5461
wmcodec,8,english:2159,1,289,payload_farthest,1,,-9.0614,-8.0106,3.9035,0.9688,6.27,0.3082,-0.1238,-2.5455,-2.5461
wmcodec,8,english:2159,2,290,single_copy,1,,-4.6836,-4.6699,4.6439,1.0000,145.31,0.2125,-0.2093,-24.2323,-24.2323
wmcodec,8,english:2159,2,290,mean,1,,-21.6406,-21.0705,4.2370,0.9705,9.51,0.2125,-0.2093,-24.2323,-24.2323
wmcodec,8,english:2159,2,290,rp,1,,-10.4251,-10.2410,3.8575,0.9641,6.74,0.2125,-0.2093,-24.2323,-24.2323
wmcodec,8,english:2159,2,290,random_dirichlet,1,,-16.0170,-14.2599,4.0463,0.9679,7.65,0.2125,-0.2093,-24.2323,-24.2323
wmcodec,8,english:2159,2,290,eep,1,,-17.5377,-17.3099,3.9187,0.9685,6.77,0.2125,-0.2093,-24.2323,-24.2323
wmcodec,8,english:2159,2,290,fwp,1,,-17.3549,-15.6469,3.8926,0.9649,6.77,0.2125,-0.2093,-24.2323,-24.2323
wmcodec,8,english:2159,2,290,dm,1,,-15.4331,-15.0465,4.1561,0.9674,8.73,0.2125,-0.2093,-24.2323,-24.2323
wmcodec,8,english:2159,2,290,tct,1,,-24.8718,-24.2323,4.0691,0.9658,7.83,0.2125,-0.2093,-24.2323,-24.2323
wmcodec,8,english:2159,2,290,payload_farthest,1,,-19.2669,-18.7563,4.3372,0.9820,11.41,0.2125,-0.2093,-24.2323,-24.2323
wmcodec,8,english:2182,0,291,single_copy,0,,-0.0373,3.5171,4.6439,1.0000,143.52,-0.3373,0.5361,-22.2409,-22.2409
wmcodec,8,english:2182,0,291,mean,1,,-14.6398,-14.4164,4.2237,0.9821,11.59,-0.3373,0.5361,-22.2409,-22.2409
wmcodec,8,english:2182,0,291,rp,1,,-8.4668,-7.8933,4.2834,0.9882,14.69,-0.3373,0.5361,-22.2409,-22.2409
wmcodec,8,english:2182,0,291,random_dirichlet,1,,-11.7092,-11.2552,4.0760,0.9797,10.40,-0.3373,0.5361,-22.2409,-22.2409
wmcodec,8,english:2182,0,291,eep,0,,-0.7977,0.1421,4.3683,0.9892,14.94,-0.3373,0.5361,-22.2409,-22.2409
wmcodec,8,english:2182,0,291,fwp,1,,-1.6609,-0.4167,4.3457,0.9898,12.98,-0.3373,0.5361,-22.2409,-22.2409
wmcodec,8,english:2182,0,291,dm,1,,-14.1927,-13.4218,4.2310,0.9837,11.48,-0.3373,0.5361,-22.2409,-22.2409
wmcodec,8,english:2182,0,291,tct,1,,-22.4975,-22.2409,3.8900,0.9772,9.31,-0.3373,0.5361,-22.2409,-22.2409
wmcodec,8,english:2182,0,291,payload_farthest,1,,-10.5571,-10.0657,4.3631,0.9896,15.50,-0.3373,0.5361,-22.2409,-22.2409
wmcodec,8,english:2182,1,292,single_copy,0,,-0.0012,7.6224,4.6439,1.0000,143.50,0.3646,-0.7276,-3.9548,-3.9549
wmcodec,8,english:2182,1,292,mean,1,,-22.3168,-22.0109,4.1155,0.9782,10.24,0.3646,-0.7276,-3.9548,-3.9549
wmcodec,8,english:2182,1,292,rp,1,,-7.9176,-5.5951,3.8591,0.9719,8.81,0.3646,-0.7276,-3.9548,-3.9549
wmcodec,8,english:2182,1,292,random_dirichlet,1,,-7.3424,-7.3409,3.7559,0.9738,7.21,0.3646,-0.7276,-3.9548,-3.9549
wmcodec,8,english:2182,1,292,eep,1,,-8.2221,-6.5232,3.8277,0.9729,8.62,0.3646,-0.7276,-3.9548,-3.9549
wmcodec,8,english:2182,1,292,fwp,1,,-7.9176,-5.5951,3.8591,0.9719,8.81,0.3646,-0.7276,-3.9548,-3.9549
wmcodec,8,english:2182,1,292,dm,1,,-18.2121,-17.0058,4.1761,0.9795,10.87,0.3646,-0.7276,-3.9548,-3.9549
wmcodec,8,english:2182,1,292,tct,1,,-5.0749,-3.9548,3.8812,0.9738,8.12,0.3646,-0.7276,-3.9548,-3.9549
wmcodec,8,english:2182,1,292,payload_farthest,1,,-16.2109,-15.2092,4.3262,0.9878,13.73,0.3646,-0.7276,-3.9548,-3.9549
wmcodec,8,english:2182,2,293,single_copy,1,,-9.6598,-9.6595,4.6439,1.0000,143.27,0.1319,-0.0965,-14.9914,-14.9917
wmcodec,8,english:2182,2,293,mean,1,,-8.6939,-8.2385,4.1032,0.9759,10.57,0.1319,-0.0965,-14.9914,-14.9917
wmcodec,8,english:2182,2,293,rp,1,,-4.1635,-3.9123,3.7420,0.9713,7.45,0.1319,-0.0965,-14.9914,-14.9917
wmcodec,8,english:2182,2,293,random_dirichlet,1,,-6.1017,-5.2644,4.2154,0.9799,11.69,0.1319,-0.0965,-14.9914,-14.9917
wmcodec,8,english:2182,2,293,eep,1,,-22.8705,-22.6132,3.8042,0.9712,8.21,0.1319,-0.0965,-14.9914,-14.9917
wmcodec,8,english:2182,2,293,fwp,1,,-23.2167,-22.8186,3.6972,0.9683,7.96,0.1319,-0.0965,-14.9914,-14.9917
wmcodec,8,english:2182,2,293,dm,0,,-1.7053,0.1911,4.0587,0.9754,10.49,0.1319,-0.0965,-14.9914,-14.9917
wmcodec,8,english:2182,2,293,tct,1,,-16.1865,-14.9914,3.8859,0.9700,9.07,0.1319,-0.0965,-14.9914,-14.9917
wmcodec,8,english:2182,2,293,payload_farthest,1,,-20.8763,-18.2098,4.2817,0.9846,12.64,0.1319,-0.0965,-14.9914,-14.9917
wmcodec,8,english:2196,0,294,single_copy,0,,-0.0001,9.8572,4.6439,1.0000,143.96,0.3659,-0.4822,-21.2540,-21.2537
wmcodec,8,english:2196,0,294,mean,1,,-14.9314,-13.9949,4.2329,0.9900,14.98,0.3659,-0.4822,-21.2540,-21.2537
wmcodec,8,english:2196,0,294,rp,1,,-23.9395,-23.5987,3.9712,0.9863,12.12,0.3659,-0.4822,-21.2540,-21.2537
wmcodec,8,english:2196,0,294,random_dirichlet,1,,-24.2982,-24.2467,4.2857,0.9890,14.55,0.3659,-0.4822,-21.2540,-21.2537
wmcodec,8,english:2196,0,294,eep,1,,-13.0265,-12.0624,4.1882,0.9871,13.25,0.3659,-0.4822,-21.2540,-21.2537
wmcodec,8,english:2196,0,294,fwp,1,,-15.0419,-14.0374,4.1197,0.9874,13.60,0.3659,-0.4822,-21.2540,-21.2537
wmcodec,8,english:2196,0,294,dm,1,,-12.6639,-11.4857,4.2824,0.9903,15.29,0.3659,-0.4822,-21.2540,-21.2537
wmcodec,8,english:2196,0,294,tct,1,,-21.9070,-21.2540,4.3272,0.9895,15.35,0.3659,-0.4822,-21.2540,-21.2537
wmcodec,8,english:2196,0,294,payload_farthest,1,,-26.4333,-26.2539,4.3576,0.9939,17.61,0.3659,-0.4822,-21.2540,-21.2537
wmcodec,8,english:2196,1,295,single_copy,0,,-0.0001,9.7333,4.6439,1.0000,143.73,-0.3135,-0.0890,-22.7139,-22.7153
wmcodec,8,english:2196,1,295,mean,1,,-15.1713,-13.0046,4.3401,0.9904,15.76,-0.3135,-0.0890,-22.7139,-22.7153
wmcodec,8,english:2196,1,295,rp,1,,-12.2908,-11.7175,4.2010,0.9875,12.45,-0.3135,-0.0890,-22.7139,-22.7153
wmcodec,8,english:2196,1,295,random_dirichlet,1,,-19.2226,-18.7783,4.3885,0.9925,17.25,-0.3135,-0.0890,-22.7139,-22.7153
wmcodec,8,english:2196,1,295,eep,1,,-21.5527,-21.5432,4.4643,0.9941,17.65,-0.3135,-0.0890,-22.7139,-22.7153
wmcodec,8,english:2196,1,295,fwp,1,,-21.0612,-20.6080,4.1929,0.9871,13.34,-0.3135,-0.0890,-22.7139,-22.7153
wmcodec,8,english:2196,1,295,dm,1,,-14.9095,-13.6371,4.2622,0.9887,14.79,-0.3135,-0.0890,-22.7139,-22.7153
wmcodec,8,english:2196,1,295,tct,1,,-23.1871,-22.7139,4.2612,0.9894,14.43,-0.3135,-0.0890,-22.7139,-22.7153
wmcodec,8,english:2196,1,295,payload_farthest,1,,-27.9547,-27.8688,4.0773,0.9870,12.53,-0.3135,-0.0890,-22.7139,-22.7153
wmcodec,8,english:2196,2,296,single_copy,0,,-0.0375,3.5290,4.6439,1.0000,144.14,0.2992,0.3970,-24.4370,-24.4370
wmcodec,8,english:2196,2,296,mean,1,,-20.6402,-19.6508,4.3174,0.9894,14.33,0.2992,0.3970,-24.4370,-24.4370
wmcodec,8,english:2196,2,296,rp,1,,-19.2016,-19.1533,4.1116,0.9858,11.40,0.2992,0.3970,-24.4370,-24.4370
wmcodec,8,english:2196,2,296,random_dirichlet,1,,-20.5505,-19.7246,4.2302,0.9876,13.05,0.2992,0.3970,-24.4370,-24.4370
wmcodec,8,english:2196,2,296,eep,1,,-12.3184,-11.9491,4.1452,0.9874,12.39,0.2992,0.3970,-24.4370,-24.4370
wmcodec,8,english:2196,2,296,fwp,1,,-9.5047,-7.7678,4.4149,0.9941,16.57,0.2992,0.3970,-24.4370,-24.4370
wmcodec,8,english:2196,2,296,dm,1,,-24.8941,-24.0416,4.3564,0.9908,14.91,0.2992,0.3970,-24.4370,-24.4370
wmcodec,8,english:2196,2,296,tct,1,,-25.9373,-24.4370,4.2488,0.9878,12.94,0.2992,0.3970,-24.4370,-24.4370
wmcodec,8,english:2196,2,296,payload_farthest,1,,-29.5303,-28.5644,4.2781,0.9873,12.74,0.2992,0.3970,-24.4370,-24.4370
wmcodec,8,english:226,0,297,single_copy,1,,-8.4889,-8.4861,4.6439,1.0000,140.58,0.0481,0.1840,-1.2497,-1.2497
wmcodec,8,english:226,0,297,mean,1,,-7.6641,-7.5206,4.1957,0.9743,8.33,0.0481,0.1840,-1.2497,-1.2497
wmcodec,8,english:226,0,297,rp,1,,-10.7216,-9.2559,4.0443,0.9621,6.11,0.0481,0.1840,-1.2497,-1.2497
wmcodec,8,english:226,0,297,random_dirichlet,1,,-1.0202,-0.1704,4.1308,0.9672,7.17,0.0481,0.1840,-1.2497,-1.2497
wmcodec,8,english:226,0,297,eep,1,,-8.5356,-8.1412,3.9245,0.9617,5.72,0.0481,0.1840,-1.2497,-1.2497
wmcodec,8,english:226,0,297,fwp,1,,-9.3708,-7.8392,4.3834,0.9843,10.84,0.0481,0.1840,-1.2497,-1.2497
wmcodec,8,english:226,0,297,dm,1,,-14.6493,-12.9960,4.2613,0.9777,9.31,0.0481,0.1840,-1.2497,-1.2497
wmcodec,8,english:226,0,297,tct,1,,-2.3648,-1.2497,4.0329,0.9649,6.26,0.0481,0.1840,-1.2497,-1.2497
wmcodec,8,english:226,0,297,payload_farthest,1,,-11.9799,-11.0499,4.3389,0.9847,11.17,0.0481,0.1840,-1.2497,-1.2497
wmcodec,8,english:226,1,298,single_copy,1,,-1.5881,-1.3585,4.6439,1.0000,140.71,0.3063,-0.4640,-11.2605,-11.2609
wmcodec,8,english:226,1,298,mean,1,,-13.2554,-13.0523,4.1735,0.9760,8.05,0.3063,-0.4640,-11.2605,-11.2609
wmcodec,8,english:226,1,298,rp,1,,-3.6087,-2.1755,3.9303,0.9644,5.39,0.3063,-0.4640,-11.2605,-11.2609
wmcodec,8,english:226,1,298,random_dirichlet,1,,-16.8806,-16.3105,4.1765,0.9725,7.45,0.3063,-0.4640,-11.2605,-11.2609
wmcodec,8,english:226,1,298,eep,1,,-11.1756,-9.8677,4.0547,0.9648,6.42,0.3063,-0.4640,-11.2605,-11.2609
wmcodec,8,english:226,1,298,fwp,1,,-24.2389,-23.1459,3.9773,0.9656,6.60,0.3063,-0.4640,-11.2605,-11.2609
wmcodec,8,english:226,1,298,dm,1,,-8.6682,-7.5392,4.2404,0.9785,8.95,0.3063,-0.4640,-11.2605,-11.2609
wmcodec,8,english:226,1,298,tct,1,,-12.2096,-11.2605,4.2137,0.9752,8.52,0.3063,-0.4640,-11.2605,-11.2609
wmcodec,8,english:226,1,298,payload_farthest,1,,-17.3622,-16.7930,4.0642,0.9660,5.29,0.3063,-0.4640,-11.2605,-11.2609
wmcodec,8,english:226,2,299,single_copy,1,,-5.2644,-5.2273,4.6439,1.0000,140.63,0.2625,0.3158,-6.8191,-6.8187
wmcodec,8,english:226,2,299,mean,1,,-12.3281,-11.6769,4.1187,0.9724,9.36,0.2625,0.3158,-6.8191,-6.8187
wmcodec,8,english:226,2,299,rp,1,,-19.6291,-18.3818,3.8636,0.9564,7.00,0.2625,0.3158,-6.8191,-6.8187
wmcodec,8,english:226,2,299,random_dirichlet,1,,-20.5300,-20.1906,4.0411,0.9664,7.58,0.2625,0.3158,-6.8191,-6.8187
wmcodec,8,english:226,2,299,eep,1,,-16.4548,-15.9700,4.0036,0.9646,6.33,0.2625,0.3158,-6.8191,-6.8187
wmcodec,8,english:226,2,299,fwp,1,,-17.5667,-17.4649,3.8235,0.9608,7.31,0.2625,0.3158,-6.8191,-6.8187
wmcodec,8,english:226,2,299,dm,1,,-14.1178,-12.6840,4.0658,0.9689,8.97,0.2625,0.3158,-6.8191,-6.8187
wmcodec,8,english:226,2,299,tct,1,,-8.2235,-6.8191,4.2755,0.9822,11.36,0.2625,0.3158,-6.8191,-6.8187
wmcodec,8,english:226,2,299,payload_farthest,1,,-17.5667,-17.4649,3.8235,0.9608,7.31,0.2625,0.3158,-6.8191,-6.8187
