model,K,N_registry,trial_id,spk,local_t,method,colluder_ids,top1_identity,top1_is_colluder,max_colluder_score,max_noncolluder_score,attribution_margin,best_colluder_rank,ASR,R3_escape,R5_escape
wavmark,8,256,0,chinese:SSB0005,0,mean,"[9070, 20507, 39891, 43582, 47002, 47707, 56130, 60581]",47707,1,-1.0,-4.0,-3.0,1,0,0,0
wavmark,8,1024,0,chinese:SSB0005,0,mean,"[9070, 20507, 39891, 43582, 47002, 47707, 56130, 60581]",47707,1,-1.0,-2.0,-1.0,1,0,0,0
wavmark,8,4096,0,chinese:SSB0005,0,mean,"[9070, 20507, 39891, 43582, 47002, 47707, 56130, 60581]",48091,0,-1.0,-1.0,0.0,1,1,0,0
wavmark,8,16384,0,chinese:SSB0005,0,mean,"[9070, 20507, 39891, 43582, 47002, 47707, 56130, 60581]",47961,0,-1.0,-1.0,0.0,1,1,0,0
wavmark,8,65536,0,chinese:SSB0005,0,mean,"[9070, 20507, 39891, 43582, 47002, 47707, 56130, 60581]",47963,0,-1.0,-0.0,1.0,2,1,1,1
wavmark,8,256,0,chinese:SSB0005,0,fwp,"[9070, 20507, 39891, 43582, 47002, 47707, 56130, 60581]",64559,0,-3.0,-3.0,0.0,1,1,0,0
wavmark,8,1024,0,chinese:SSB0005,0,fwp,"[9070, 20507, 39891, 43582, 47002, 47707, 56130, 60581]",27839,0,-3.0,-1.0,2.0,6,1,1,1
wavmark,8,4096,0,chinese:SSB0005,0,fwp,"[9070, 20507, 39891, 43582, 47002, 47707, 56130, 60581]",59583,0,-3.0,-1.0,2.0,7,1,1,1
wavmark,8,16384,0,chinese:SSB0005,0,fwp,"[9070, 20507, 39891, 43582, 47002, 47707, 56130, 60581]",60607,0,-3.0,-0.0,3.0,31,1,1,1
wavmark,8,65536,0,chinese:SSB0005,0,fwp,"[9070, 20507, 39891, 43582, 47002, 47707, 56130, 60581]",60607,0,-3.0,-0.0,3.0,138,1,1,1
wavmark,8,256,1,chinese:SSB0005,1,mean,"[13521, 14625, 22060, 25735, 42842, 47079, 48003, 50501]",47079,1,-2.0,-3.0,-1.0,1,0,0,0
wavmark,8,1024,1,chinese:SSB0005,1,mean,"[13521, 14625, 22060, 25735, 42842, 47079, 48003, 50501]",47079,1,-2.0,-2.0,0.0,1,0,0,0
wavmark,8,4096,1,chinese:SSB0005,1,mean,"[13521, 14625, 22060, 25735, 42842, 47079, 48003, 50501]",14275,0,-2.0,-1.0,1.0,2,1,0,0
wavmark,8,16384,1,chinese:SSB0005,1,mean,"[13521, 14625, 22060, 25735, 42842, 47079, 48003, 50501]",47047,0,-2.0,-1.0,1.0,4,1,1,0
wavmark,8,65536,1,chinese:SSB0005,1,mean,"[13521, 14625, 22060, 25735, 42842, 47079, 48003, 50501]",14279,0,-2.0,-0.0,2.0,18,1,1,1
wavmark,8,256,1,chinese:SSB0005,1,fwp,"[13521, 14625, 22060, 25735, 42842, 47079, 48003, 50501]",32143,0,-4.0,-3.0,1.0,3,1,1,0
wavmark,8,1024,1,chinese:SSB0005,1,fwp,"[13521, 14625, 22060, 25735, 42842, 47079, 48003, 50501]",16319,0,-4.0,-1.0,3.0,18,1,1,1
wavmark,8,4096,1,chinese:SSB0005,1,fwp,"[13521, 14625, 22060, 25735, 42842, 47079, 48003, 50501]",15295,0,-4.0,-2.0,2.0,54,1,1,1
wavmark,8,16384,1,chinese:SSB0005,1,fwp,"[13521, 14625, 22060, 25735, 42842, 47079, 48003, 50501]",16047,0,-4.0,-1.0,3.0,167,1,1,1
wavmark,8,65536,1,chinese:SSB0005,1,fwp,"[13521, 14625, 22060, 25735, 42842, 47079, 48003, 50501]",16303,0,-4.0,-0.0,4.0,698,1,1,1
wavmark,8,256,2,chinese:SSB0005,2,mean,"[13536, 16032, 22036, 30003, 43878, 60920, 60951, 61654]",65174,0,-4.0,-2.0,2.0,7,1,1,1
wavmark,8,1024,2,chinese:SSB0005,2,mean,"[13536, 16032, 22036, 30003, 43878, 60920, 60951, 61654]",57014,0,-4.0,-2.0,2.0,12,1,1,1
wavmark,8,4096,2,chinese:SSB0005,2,mean,"[13536, 16032, 22036, 30003, 43878, 60920, 60951, 61654]",65271,0,-4.0,-1.0,3.0,52,1,1,1
wavmark,8,16384,2,chinese:SSB0005,2,mean,"[13536, 16032, 22036, 30003, 43878, 60920, 60951, 61654]",65254,0,-4.0,-1.0,3.0,193,1,1,1
wavmark,8,65536,2,chinese:SSB0005,2,mean,"[13536, 16032, 22036, 30003, 43878, 60920, 60951, 61654]",65270,0,-4.0,-0.0,4.0,698,1,1,1
wavmark,8,256,2,chinese:SSB0005,2,fwp,"[13536, 16032, 22036, 30003, 43878, 60920, 60951, 61654]",52983,0,-4.0,-2.0,2.0,8,1,1,1
wavmark,8,1024,2,chinese:SSB0005,2,fwp,"[13536, 16032, 22036, 30003, 43878, 60920, 60951, 61654]",28343,0,-4.0,-1.0,3.0,13,1,1,1
wavmark,8,4096,2,chinese:SSB0005,2,fwp,"[13536, 16032, 22036, 30003, 43878, 60920, 60951, 61654]",28407,0,-4.0,-0.0,4.0,45,1,1,1
wavmark,8,16384,2,chinese:SSB0005,2,fwp,"[13536, 16032, 22036, 30003, 43878, 60920, 60951, 61654]",61175,0,-4.0,-1.0,3.0,171,1,1,1
wavmark,8,65536,2,chinese:SSB0005,2,fwp,"[13536, 16032, 22036, 30003, 43878, 60920, 60951, 61654]",28407,0,-4.0,-0.0,4.0,698,1,1,1
wavmark,8,256,3,chinese:SSB0009,0,mean,"[11515, 22208, 23186, 25501, 29960, 53271, 58468, 59319]",59319,1,-2.0,-3.0,-1.0,1,0,0,0
wavmark,8,1024,3,chinese:SSB0009,0,mean,"[11515, 22208, 23186, 25501, 29960, 53271, 58468, 59319]",59319,1,-2.0,-2.0,0.0,1,0,0,0
wavmark,8,4096,3,chinese:SSB0009,0,mean,"[11515, 22208, 23186, 25501, 29960, 53271, 58468, 59319]",59319,1,-2.0,-2.0,0.0,1,0,0,0
wavmark,8,16384,3,chinese:SSB0009,0,mean,"[11515, 22208, 23186, 25501, 29960, 53271, 58468, 59319]",26551,0,-2.0,-1.0,1.0,4,1,1,0
wavmark,8,65536,3,chinese:SSB0009,0,mean,"[11515, 22208, 23186, 25501, 29960, 53271, 58468, 59319]",26295,0,-2.0,-0.0,2.0,18,1,1,1
wavmark,8,256,3,chinese:SSB0009,0,fwp,"[11515, 22208, 23186, 25501, 29960, 53271, 58468, 59319]",28596,0,-4.0,-3.0,1.0,3,1,1,0
wavmark,8,1024,3,chinese:SSB0009,0,fwp,"[11515, 22208, 23186, 25501, 29960, 53271, 58468, 59319]",52980,0,-4.0,-1.0,3.0,12,1,1,1
wavmark,8,4096,3,chinese:SSB0009,0,fwp,"[11515, 22208, 23186, 25501, 29960, 53271, 58468, 59319]",65236,0,-4.0,-2.0,2.0,42,1,1,1
wavmark,8,16384,3,chinese:SSB0009,0,fwp,"[11515, 22208, 23186, 25501, 29960, 53271, 58468, 59319]",61428,0,-4.0,-1.0,3.0,169,1,1,1
wavmark,8,65536,3,chinese:SSB0009,0,fwp,"[11515, 22208, 23186, 25501, 29960, 53271, 58468, 59319]",61172,0,-4.0,-0.0,4.0,698,1,1,1
wavmark,8,256,4,chinese:SSB0009,1,mean,"[2320, 2410, 37339, 42219, 44392, 46288, 48267, 55201]",46267,0,-4.0,-3.0,1.0,4,1,1,0
wavmark,8,1024,4,chinese:SSB0009,1,mean,"[2320, 2410, 37339, 42219, 44392, 46288, 48267, 55201]",46523,0,-4.0,-2.0,2.0,14,1,1,1
wavmark,8,4096,4,chinese:SSB0009,1,mean,"[2320, 2410, 37339, 42219, 44392, 46288, 48267, 55201]",46587,0,-4.0,-1.0,3.0,50,1,1,1
wavmark,8,16384,4,chinese:SSB0009,1,mean,"[2320, 2410, 37339, 42219, 44392, 46288, 48267, 55201]",65019,0,-4.0,-1.0,3.0,165,1,1,1
wavmark,8,65536,4,chinese:SSB0009,1,mean,"[2320, 2410, 37339, 42219, 44392, 46288, 48267, 55201]",48635,0,-4.0,-0.0,4.0,698,1,1,1
wavmark,8,256,4,chinese:SSB0009,1,fwp,"[2320, 2410, 37339, 42219, 44392, 46288, 48267, 55201]",45055,0,-3.0,-2.0,1.0,3,1,0,0
wavmark,8,1024,4,chinese:SSB0009,1,fwp,"[2320, 2410, 37339, 42219, 44392, 46288, 48267, 55201]",60667,0,-3.0,-2.0,1.0,4,1,1,1
wavmark,8,4096,4,chinese:SSB0009,1,fwp,"[2320, 2410, 37339, 42219, 44392, 46288, 48267, 55201]",46587,0,-3.0,-2.0,1.0,9,1,1,1
wavmark,8,16384,4,chinese:SSB0009,1,fwp,"[2320, 2410, 37339, 42219, 44392, 46288, 48267, 55201]",44537,0,-3.0,-1.0,2.0,31,1,1,1
wavmark,8,65536,4,chinese:SSB0009,1,fwp,"[2320, 2410, 37339, 42219, 44392, 46288, 48267, 55201]",44539,0,-3.0,-0.0,3.0,138,1,1,1
wavmark,8,256,5,chinese:SSB0009,2,mean,"[83, 17770, 19684, 21795, 24112, 24966, 47855, 53081]",32115,0,-4.0,-2.0,2.0,6,1,1,1
wavmark,8,1024,5,chinese:SSB0009,2,mean,"[83, 17770, 19684, 21795, 24112, 24966, 47855, 53081]",28531,0,-4.0,-2.0,2.0,10,1,1,1
wavmark,8,4096,5,chinese:SSB0009,2,mean,"[83, 17770, 19684, 21795, 24112, 24966, 47855, 53081]",52579,0,-4.0,-2.0,2.0,38,1,1,1
wavmark,8,16384,5,chinese:SSB0009,2,mean,"[83, 17770, 19684, 21795, 24112, 24966, 47855, 53081]",23923,0,-4.0,-1.0,3.0,177,1,1,1
wavmark,8,65536,5,chinese:SSB0009,2,mean,"[83, 17770, 19684, 21795, 24112, 24966, 47855, 53081]",19827,0,-4.0,-0.0,4.0,698,1,1,1
wavmark,8,256,5,chinese:SSB0009,2,fwp,"[83, 17770, 19684, 21795, 24112, 24966, 47855, 53081]",65483,0,-4.0,-3.0,1.0,6,1,1,1
wavmark,8,1024,5,chinese:SSB0009,2,fwp,"[83, 17770, 19684, 21795, 24112, 24966, 47855, 53081]",61423,0,-4.0,-2.0,2.0,12,1,1,1
wavmark,8,4096,5,chinese:SSB0009,2,fwp,"[83, 17770, 19684, 21795, 24112, 24966, 47855, 53081]",61135,0,-4.0,-2.0,2.0,30,1,1,1
wavmark,8,16384,5,chinese:SSB0009,2,fwp,"[83, 17770, 19684, 21795, 24112, 24966, 47855, 53081]",61407,0,-4.0,-0.0,4.0,158,1,1,1
wavmark,8,65536,5,chinese:SSB0009,2,fwp,"[83, 17770, 19684, 21795, 24112, 24966, 47855, 53081]",61407,0,-4.0,-0.0,4.0,698,1,1,1
wavmark,8,256,6,chinese:SSB0011,0,mean,"[3519, 18044, 22982, 36925, 38757, 45865, 47927, 49045]",65336,0,-3.0,-3.0,0.0,1,1,0,0
wavmark,8,1024,6,chinese:SSB0011,0,mean,"[3519, 18044, 22982, 36925, 38757, 45865, 47927, 49045]",49085,0,-3.0,-1.0,2.0,5,1,1,0
wavmark,8,4096,6,chinese:SSB0011,0,mean,"[3519, 18044, 22982, 36925, 38757, 45865, 47927, 49045]",49021,0,-3.0,-1.0,2.0,8,1,1,1
wavmark,8,16384,6,chinese:SSB0011,0,mean,"[3519, 18044, 22982, 36925, 38757, 45865, 47927, 49045]",48956,0,-3.0,-1.0,2.0,31,1,1,1
wavmark,8,65536,6,chinese:SSB0011,0,mean,"[3519, 18044, 22982, 36925, 38757, 45865, 47927, 49045]",48957,0,-3.0,-0.0,3.0,138,1,1,1
wavmark,8,256,6,chinese:SSB0011,0,fwp,"[3519, 18044, 22982, 36925, 38757, 45865, 47927, 49045]",47613,0,-4.0,-2.0,2.0,4,1,1,1
wavmark,8,1024,6,chinese:SSB0011,0,fwp,"[3519, 18044, 22982, 36925, 38757, 45865, 47927, 49045]",39406,0,-4.0,-2.0,2.0,10,1,1,1
wavmark,8,4096,6,chinese:SSB0011,0,fwp,"[3519, 18044, 22982, 36925, 38757, 45865, 47927, 49045]",39415,0,-4.0,-1.0,3.0,37,1,1,1
wavmark,8,16384,6,chinese:SSB0011,0,fwp,"[3519, 18044, 22982, 36925, 38757, 45865, 47927, 49045]",39295,0,-4.0,-1.0,3.0,163,1,1,1
wavmark,8,65536,6,chinese:SSB0011,0,fwp,"[3519, 18044, 22982, 36925, 38757, 45865, 47927, 49045]",39423,0,-4.0,-0.0,4.0,698,1,1,1
wavmark,8,256,7,chinese:SSB0011,1,mean,"[9702, 17475, 33230, 40337, 40699, 43061, 55675, 61332]",36323,0,-5.0,-2.0,3.0,6,1,1,1
wavmark,8,1024,7,chinese:SSB0011,1,mean,"[9702, 17475, 33230, 40337, 40699, 43061, 55675, 61332]",36339,0,-5.0,-1.0,4.0,38,1,1,1
wavmark,8,4096,7,chinese:SSB0011,1,mean,"[9702, 17475, 33230, 40337, 40699, 43061, 55675, 61332]",36855,0,-5.0,-1.0,4.0,172,1,1,1
wavmark,8,16384,7,chinese:SSB0011,1,mean,"[9702, 17475, 33230, 40337, 40699, 43061, 55675, 61332]",40439,0,-5.0,-1.0,4.0,624,1,1,1
wavmark,8,65536,7,chinese:SSB0011,1,mean,"[9702, 17475, 33230, 40337, 40699, 43061, 55675, 61332]",36343,0,-5.0,-0.0,5.0,2518,1,1,1
wavmark,8,256,7,chinese:SSB0011,1,fwp,"[9702, 17475, 33230, 40337, 40699, 43061, 55675, 61332]",65431,0,-3.0,-2.0,1.0,2,1,0,0
wavmark,8,1024,7,chinese:SSB0011,1,fwp,"[9702, 17475, 33230, 40337, 40699, 43061, 55675, 61332]",61429,0,-3.0,-2.0,1.0,2,1,1,0
wavmark,8,4096,7,chinese:SSB0011,1,fwp,"[9702, 17475, 33230, 40337, 40699, 43061, 55675, 61332]",61383,0,-3.0,-1.0,2.0,14,1,1,1
wavmark,8,16384,7,chinese:SSB0011,1,fwp,"[9702, 17475, 33230, 40337, 40699, 43061, 55675, 61332]",65495,0,-3.0,-1.0,2.0,36,1,1,1
wavmark,8,65536,7,chinese:SSB0011,1,fwp,"[9702, 17475, 33230, 40337, 40699, 43061, 55675, 61332]",61399,0,-3.0,-0.0,3.0,138,1,1,1
wavmark,8,256,8,chinese:SSB0011,2,mean,"[6754, 7869, 14792, 15382, 30689, 34567, 53021, 60012]",16244,0,-4.0,-2.0,2.0,4,1,1,1
wavmark,8,1024,8,chinese:SSB0011,2,mean,"[6754, 7869, 14792, 15382, 30689, 34567, 53021, 60012]",32125,0,-4.0,-2.0,2.0,12,1,1,1
wavmark,8,4096,8,chinese:SSB0011,2,mean,"[6754, 7869, 14792, 15382, 30689, 34567, 53021, 60012]",49023,0,-4.0,-2.0,2.0,45,1,1,1
wavmark,8,16384,8,chinese:SSB0011,2,mean,"[6754, 7869, 14792, 15382, 30689, 34567, 53021, 60012]",16252,0,-4.0,-1.0,3.0,178,1,1,1
wavmark,8,65536,8,chinese:SSB0011,2,mean,"[6754, 7869, 14792, 15382, 30689, 34567, 53021, 60012]",16253,0,-4.0,-0.0,4.0,698,1,1,1
wavmark,8,256,8,chinese:SSB0011,2,fwp,"[6754, 7869, 14792, 15382, 30689, 34567, 53021, 60012]",3455,0,-4.0,-2.0,2.0,4,1,1,1
wavmark,8,1024,8,chinese:SSB0011,2,fwp,"[6754, 7869, 14792, 15382, 30689, 34567, 53021, 60012]",5983,0,-4.0,-2.0,2.0,11,1,1,1
wavmark,8,4096,8,chinese:SSB0011,2,fwp,"[6754, 7869, 14792, 15382, 30689, 34567, 53021, 60012]",8063,0,-4.0,-0.0,4.0,45,1,1,1
wavmark,8,16384,8,chinese:SSB0011,2,fwp,"[6754, 7869, 14792, 15382, 30689, 34567, 53021, 60012]",8055,0,-4.0,-1.0,3.0,193,1,1,1
wavmark,8,65536,8,chinese:SSB0011,2,fwp,"[6754, 7869, 14792, 15382, 30689, 34567, 53021, 60012]",8063,0,-4.0,-0.0,4.0,698,1,1,1
wavmark,8,256,9,chinese:SSB0012,0,mean,"[5261, 10487, 12309, 15142, 20111, 32279, 43936, 56681]",48055,0,-4.0,-3.0,1.0,3,1,1,0
wavmark,8,1024,9,chinese:SSB0012,0,mean,"[5261, 10487, 12309, 15142, 20111, 32279, 43936, 56681]",16309,0,-4.0,-2.0,2.0,9,1,1,1
wavmark,8,4096,9,chinese:SSB0012,0,mean,"[5261, 10487, 12309, 15142, 20111, 32279, 43936, 56681]",32183,0,-4.0,-1.0,3.0,55,1,1,1
wavmark,8,16384,9,chinese:SSB0012,0,mean,"[5261, 10487, 12309, 15142, 20111, 32279, 43936, 56681]",15799,0,-4.0,-0.0,4.0,160,1,1,1
wavmark,8,65536,9,chinese:SSB0012,0,mean,"[5261, 10487, 12309, 15142, 20111, 32279, 43936, 56681]",15799,0,-4.0,-0.0,4.0,698,1,1,1
wavmark,8,256,9,chinese:SSB0012,0,fwp,"[5261, 10487, 12309, 15142, 20111, 32279, 43936, 56681]",62585,0,-3.0,-3.0,0.0,1,1,0,0
wavmark,8,1024,9,chinese:SSB0012,0,fwp,"[5261, 10487, 12309, 15142, 20111, 32279, 43936, 56681]",64949,0,-3.0,-3.0,0.0,1,1,1,1
wavmark,8,4096,9,chinese:SSB0012,0,fwp,"[5261, 10487, 12309, 15142, 20111, 32279, 43936, 56681]",65020,0,-3.0,-2.0,1.0,10,1,1,1
wavmark,8,16384,9,chinese:SSB0012,0,fwp,"[5261, 10487, 12309, 15142, 20111, 32279, 43936, 56681]",64861,0,-3.0,-1.0,2.0,31,1,1,1
wavmark,8,65536,9,chinese:SSB0012,0,fwp,"[5261, 10487, 12309, 15142, 20111, 32279, 43936, 56681]",64893,0,-3.0,-0.0,3.0,138,1,1,1
wavmark,8,256,10,chinese:SSB0012,1,mean,"[7175, 8512, 20700, 41046, 44481, 44858, 52179, 64807]",58719,0,-4.0,-3.0,1.0,3,1,1,1
wavmark,8,1024,10,chinese:SSB0012,1,mean,"[7175, 8512, 20700, 41046, 44481, 44858, 52179, 64807]",43350,0,-4.0,-2.0,2.0,10,1,1,1
wavmark,8,4096,10,chinese:SSB0012,1,mean,"[7175, 8512, 20700, 41046, 44481, 44858, 52179, 64807]",44374,0,-4.0,-1.0,3.0,58,1,1,1
wavmark,8,16384,10,chinese:SSB0012,1,mean,"[7175, 8512, 20700, 41046, 44481, 44858, 52179, 64807]",48471,0,-4.0,-1.0,3.0,166,1,1,1
wavmark,8,65536,10,chinese:SSB0012,1,mean,"[7175, 8512, 20700, 41046, 44481, 44858, 52179, 64807]",44375,0,-4.0,-0.0,4.0,698,1,1,1
wavmark,8,256,10,chinese:SSB0012,1,fwp,"[7175, 8512, 20700, 41046, 44481, 44858, 52179, 64807]",64956,0,-3.0,-3.0,0.0,1,1,0,0
wavmark,8,1024,10,chinese:SSB0012,1,fwp,"[7175, 8512, 20700, 41046, 44481, 44858, 52179, 64807]",49150,0,-3.0,-1.0,2.0,3,1,1,1
wavmark,8,4096,10,chinese:SSB0012,1,fwp,"[7175, 8512, 20700, 41046, 44481, 44858, 52179, 64807]",65342,0,-3.0,-2.0,1.0,7,1,1,1
wavmark,8,16384,10,chinese:SSB0012,1,fwp,"[7175, 8512, 20700, 41046, 44481, 44858, 52179, 64807]",48958,0,-3.0,-1.0,2.0,31,1,1,1
wavmark,8,65536,10,chinese:SSB0012,1,fwp,"[7175, 8512, 20700, 41046, 44481, 44858, 52179, 64807]",49086,0,-3.0,-0.0,3.0,138,1,1,1
wavmark,8,256,11,chinese:SSB0012,2,mean,"[3458, 4454, 13687, 20786, 21334, 54520, 59436, 62737]",6006,0,-3.0,-2.0,1.0,2,1,1,0
wavmark,8,1024,11,chinese:SSB0012,2,mean,"[3458, 4454, 13687, 20786, 21334, 54520, 59436, 62737]",21874,0,-3.0,-1.0,2.0,5,1,1,1
wavmark,8,4096,11,chinese:SSB0012,2,mean,"[3458, 4454, 13687, 20786, 21334, 54520, 59436, 62737]",22390,0,-3.0,-1.0,2.0,12,1,1,1
wavmark,8,16384,11,chinese:SSB0012,2,mean,"[3458, 4454, 13687, 20786, 21334, 54520, 59436, 62737]",21878,0,-3.0,-0.0,3.0,36,1,1,1
wavmark,8,65536,11,chinese:SSB0012,2,mean,"[3458, 4454, 13687, 20786, 21334, 54520, 59436, 62737]",21878,0,-3.0,-0.0,3.0,138,1,1,1
wavmark,8,256,11,chinese:SSB0012,2,fwp,"[3458, 4454, 13687, 20786, 21334, 54520, 59436, 62737]",48509,0,-3.0,-1.0,2.0,5,1,1,1
wavmark,8,1024,11,chinese:SSB0012,2,fwp,"[3458, 4454, 13687, 20786, 21334, 54520, 59436, 62737]",44927,0,-3.0,-2.0,1.0,4,1,1,1
wavmark,8,4096,11,chinese:SSB0012,2,fwp,"[3458, 4454, 13687, 20786, 21334, 54520, 59436, 62737]",47487,0,-3.0,-1.0,2.0,14,1,1,1
wavmark,8,16384,11,chinese:SSB0012,2,fwp,"[3458, 4454, 13687, 20786, 21334, 54520, 59436, 62737]",48511,0,-3.0,-0.0,3.0,35,1,1,1
wavmark,8,65536,11,chinese:SSB0012,2,fwp,"[3458, 4454, 13687, 20786, 21334, 54520, 59436, 62737]",48511,0,-3.0,-0.0,3.0,138,1,1,1
wavmark,8,256,12,chinese:SSB0016,0,mean,"[4391, 10703, 18216, 27009, 33515, 35363, 45490, 53496]",50619,0,-3.0,-3.0,0.0,1,1,1,0
wavmark,8,1024,12,chinese:SSB0016,0,mean,"[4391, 10703, 18216, 27009, 33515, 35363, 45490, 53496]",50091,0,-3.0,-2.0,1.0,4,1,1,1
wavmark,8,4096,12,chinese:SSB0016,0,mean,"[4391, 10703, 18216, 27009, 33515, 35363, 45490, 53496]",33187,0,-3.0,-1.0,2.0,7,1,1,1
wavmark,8,16384,12,chinese:SSB0016,0,mean,"[4391, 10703, 18216, 27009, 33515, 35363, 45490, 53496]",33195,0,-3.0,-0.0,3.0,30,1,1,1
wavmark,8,65536,12,chinese:SSB0016,0,mean,"[4391, 10703, 18216, 27009, 33515, 35363, 45490, 53496]",33195,0,-3.0,-0.0,3.0,138,1,1,1
wavmark,8,256,12,chinese:SSB0016,0,fwp,"[4391, 10703, 18216, 27009, 33515, 35363, 45490, 53496]",43260,0,-3.0,-3.0,0.0,1,1,0,0
wavmark,8,1024,12,chinese:SSB0016,0,fwp,"[4391, 10703, 18216, 27009, 33515, 35363, 45490, 53496]",44543,0,-3.0,-1.0,2.0,3,1,1,1
wavmark,8,4096,12,chinese:SSB0016,0,fwp,"[4391, 10703, 18216, 27009, 33515, 35363, 45490, 53496]",35327,0,-3.0,-1.0,2.0,11,1,1,1
wavmark,8,16384,12,chinese:SSB0016,0,fwp,"[4391, 10703, 18216, 27009, 33515, 35363, 45490, 53496]",43518,0,-3.0,-1.0,2.0,35,1,1,1
wavmark,8,65536,12,chinese:SSB0016,0,fwp,"[4391, 10703, 18216, 27009, 33515, 35363, 45490, 53496]",43519,0,-3.0,-0.0,3.0,138,1,1,1
wavmark,8,256,13,chinese:SSB0016,1,mean,"[6407, 9376, 19555, 20618, 39097, 51603, 61103, 64289]",26811,0,-4.0,-3.0,1.0,3,1,0,0
wavmark,8,1024,13,chinese:SSB0016,1,mean,"[6407, 9376, 19555, 20618, 39097, 51603, 61103, 64289]",55459,0,-4.0,-2.0,2.0,16,1,1,1
wavmark,8,4096,13,chinese:SSB0016,1,mean,"[6407, 9376, 19555, 20618, 39097, 51603, 61103, 64289]",60323,0,-4.0,-2.0,2.0,26,1,1,1
wavmark,8,16384,13,chinese:SSB0016,1,mean,"[6407, 9376, 19555, 20618, 39097, 51603, 61103, 64289]",63651,0,-4.0,-1.0,3.0,182,1,1,1
wavmark,8,65536,13,chinese:SSB0016,1,mean,"[6407, 9376, 19555, 20618, 39097, 51603, 61103, 64289]",59555,0,-4.0,-0.0,4.0,698,1,1,1
wavmark,8,256,13,chinese:SSB0016,1,fwp,"[6407, 9376, 19555, 20618, 39097, 51603, 61103, 64289]",61103,1,-1.0,-2.0,-1.0,1,0,0,0
wavmark,8,1024,13,chinese:SSB0016,1,fwp,"[6407, 9376, 19555, 20618, 39097, 51603, 61103, 64289]",61103,1,-1.0,-2.0,-1.0,1,0,0,0
wavmark,8,4096,13,chinese:SSB0016,1,fwp,"[6407, 9376, 19555, 20618, 39097, 51603, 61103, 64289]",61103,1,-1.0,-1.0,0.0,1,0,0,0
wavmark,8,16384,13,chinese:SSB0016,1,fwp,"[6407, 9376, 19555, 20618, 39097, 51603, 61103, 64289]",65198,0,-1.0,-1.0,0.0,1,1,0,0
wavmark,8,65536,13,chinese:SSB0016,1,fwp,"[6407, 9376, 19555, 20618, 39097, 51603, 61103, 64289]",61102,0,-1.0,-0.0,1.0,2,1,1,1
wavmark,8,256,14,chinese:SSB0016,2,mean,"[2928, 8663, 9358, 13182, 37269, 40180, 45202, 57270]",63734,0,-4.0,-3.0,1.0,2,1,1,1
wavmark,8,1024,14,chinese:SSB0016,2,mean,"[2928, 8663, 9358, 13182, 37269, 40180, 45202, 57270]",12798,0,-4.0,-2.0,2.0,11,1,1,1
wavmark,8,4096,14,chinese:SSB0016,2,mean,"[2928, 8663, 9358, 13182, 37269, 40180, 45202, 57270]",61814,0,-4.0,-2.0,2.0,40,1,1,1
wavmark,8,16384,14,chinese:SSB0016,2,mean,"[2928, 8663, 9358, 13182, 37269, 40180, 45202, 57270]",46070,0,-4.0,-1.0,3.0,161,1,1,1
wavmark,8,65536,14,chinese:SSB0016,2,mean,"[2928, 8663, 9358, 13182, 37269, 40180, 45202, 57270]",45558,0,-4.0,-0.0,4.0,698,1,1,1
wavmark,8,256,14,chinese:SSB0016,2,fwp,"[2928, 8663, 9358, 13182, 37269, 40180, 45202, 57270]",12219,0,-4.0,-3.0,1.0,2,1,0,0
wavmark,8,1024,14,chinese:SSB0016,2,fwp,"[2928, 8663, 9358, 13182, 37269, 40180, 45202, 57270]",59322,0,-4.0,-3.0,1.0,12,1,1,1
wavmark,8,4096,14,chinese:SSB0016,2,fwp,"[2928, 8663, 9358, 13182, 37269, 40180, 45202, 57270]",44991,0,-4.0,-1.0,3.0,48,1,1,1
wavmark,8,16384,14,chinese:SSB0016,2,fwp,"[2928, 8663, 9358, 13182, 37269, 40180, 45202, 57270]",45054,0,-4.0,-1.0,3.0,186,1,1,1
wavmark,8,65536,14,chinese:SSB0016,2,fwp,"[2928, 8663, 9358, 13182, 37269, 40180, 45202, 57270]",44990,0,-4.0,-0.0,4.0,698,1,1,1
wavmark,8,256,15,chinese:SSB0018,0,mean,"[6892, 24261, 27839, 30236, 41754, 44111, 47462, 53715]",13983,0,-5.0,-2.0,3.0,14,1,1,1
wavmark,8,1024,15,chinese:SSB0018,0,mean,"[6892, 24261, 27839, 30236, 41754, 44111, 47462, 53715]",30431,0,-5.0,-2.0,3.0,40,1,1,1
wavmark,8,4096,15,chinese:SSB0018,0,mean,"[6892, 24261, 27839, 30236, 41754, 44111, 47462, 53715]",48863,0,-5.0,-1.0,4.0,150,1,1,1
wavmark,8,16384,15,chinese:SSB0018,0,mean,"[6892, 24261, 27839, 30236, 41754, 44111, 47462, 53715]",32479,0,-5.0,-1.0,4.0,627,1,1,1
wavmark,8,65536,15,chinese:SSB0018,0,mean,"[6892, 24261, 27839, 30236, 41754, 44111, 47462, 53715]",16095,0,-5.0,-0.0,5.0,2518,1,1,1
wavmark,8,256,15,chinese:SSB0018,0,fwp,"[6892, 24261, 27839, 30236, 41754, 44111, 47462, 53715]",16281,0,-5.0,-2.0,3.0,12,1,1,1
wavmark,8,1024,15,chinese:SSB0018,0,fwp,"[6892, 24261, 27839, 30236, 41754, 44111, 47462, 53715]",15775,0,-5.0,-1.0,4.0,42,1,1,1
wavmark,8,4096,15,chinese:SSB0018,0,fwp,"[6892, 24261, 27839, 30236, 41754, 44111, 47462, 53715]",49055,0,-5.0,-1.0,4.0,162,1,1,1
wavmark,8,16384,15,chinese:SSB0018,0,fwp,"[6892, 24261, 27839, 30236, 41754, 44111, 47462, 53715]",16319,0,-5.0,-1.0,4.0,635,1,1,1
wavmark,8,65536,15,chinese:SSB0018,0,fwp,"[6892, 24261, 27839, 30236, 41754, 44111, 47462, 53715]",16287,0,-5.0,-0.0,5.0,2518,1,1,1
wavmark,8,256,16,chinese:SSB0018,1,mean,"[14030, 26882, 32217, 55147, 56535, 59638, 59646, 62362]",65434,0,-4.0,-3.0,1.0,7,1,1,1
wavmark,8,1024,16,chinese:SSB0018,1,mean,"[14030, 26882, 32217, 55147, 56535, 59638, 59646, 62362]",64670,0,-4.0,-2.0,2.0,9,1,1,1
wavmark,8,4096,16,chinese:SSB0018,1,mean,"[14030, 26882, 32217, 55147, 56535, 59638, 59646, 62362]",64926,0,-4.0,-1.0,3.0,52,1,1,1
wavmark,8,16384,16,chinese:SSB0018,1,mean,"[14030, 26882, 32217, 55147, 56535, 59638, 59646, 62362]",64862,0,-4.0,-1.0,3.0,180,1,1,1
wavmark,8,65536,16,chinese:SSB0018,1,mean,"[14030, 26882, 32217, 55147, 56535, 59638, 59646, 62362]",64990,0,-4.0,-0.0,4.0,698,1,1,1
wavmark,8,256,16,chinese:SSB0018,1,fwp,"[14030, 26882, 32217, 55147, 56535, 59638, 59646, 62362]",28514,0,-4.0,-2.0,2.0,3,1,1,0
wavmark,8,1024,16,chinese:SSB0018,1,fwp,"[14030, 26882, 32217, 55147, 56535, 59638, 59646, 62362]",65385,0,-4.0,-3.0,1.0,11,1,1,1
wavmark,8,4096,16,chinese:SSB0018,1,fwp,"[14030, 26882, 32217, 55147, 56535, 59638, 59646, 62362]",65387,0,-4.0,-2.0,2.0,43,1,1,1
wavmark,8,16384,16,chinese:SSB0018,1,fwp,"[14030, 26882, 32217, 55147, 56535, 59638, 59646, 62362]",61034,0,-4.0,-1.0,3.0,167,1,1,1
wavmark,8,65536,16,chinese:SSB0018,1,fwp,"[14030, 26882, 32217, 55147, 56535, 59638, 59646, 62362]",61290,0,-4.0,-0.0,4.0,698,1,1,1
wavmark,8,256,17,chinese:SSB0018,2,mean,"[13269, 22554, 25638, 39855, 43450, 48195, 51591, 53824]",48919,0,-4.0,-3.0,1.0,3,1,1,0
wavmark,8,1024,17,chinese:SSB0018,2,mean,"[13269, 22554, 25638, 39855, 43450, 48195, 51591, 53824]",47506,0,-4.0,-2.0,2.0,14,1,1,1
wavmark,8,4096,17,chinese:SSB0018,2,mean,"[13269, 22554, 25638, 39855, 43450, 48195, 51591, 53824]",47575,0,-4.0,-1.0,3.0,46,1,1,1
wavmark,8,16384,17,chinese:SSB0018,2,mean,"[13269, 22554, 25638, 39855, 43450, 48195, 51591, 53824]",48535,0,-4.0,-1.0,3.0,184,1,1,1
wavmark,8,65536,17,chinese:SSB0018,2,mean,"[13269, 22554, 25638, 39855, 43450, 48195, 51591, 53824]",47511,0,-4.0,-0.0,4.0,698,1,1,1
wavmark,8,256,17,chinese:SSB0018,2,fwp,"[13269, 22554, 25638, 39855, 43450, 48195, 51591, 53824]",60410,0,-3.0,-2.0,1.0,2,1,1,0
wavmark,8,1024,17,chinese:SSB0018,2,fwp,"[13269, 22554, 25638, 39855, 43450, 48195, 51591, 53824]",48050,0,-3.0,-2.0,1.0,4,1,1,1
wavmark,8,4096,17,chinese:SSB0018,2,fwp,"[13269, 22554, 25638, 39855, 43450, 48195, 51591, 53824]",48090,0,-3.0,-1.0,2.0,10,1,1,1
wavmark,8,16384,17,chinese:SSB0018,2,fwp,"[13269, 22554, 25638, 39855, 43450, 48195, 51591, 53824]",49146,0,-3.0,-1.0,2.0,40,1,1,1
wavmark,8,65536,17,chinese:SSB0018,2,fwp,"[13269, 22554, 25638, 39855, 43450, 48195, 51591, 53824]",48122,0,-3.0,-0.0,3.0,138,1,1,1
wavmark,8,256,18,chinese:SSB0033,0,mean,"[291, 15242, 16972, 19435, 27145, 29067, 36236, 41672]",15242,1,-2.0,-2.0,0.0,1,0,0,0
wavmark,8,1024,18,chinese:SSB0033,0,mean,"[291, 15242, 16972, 19435, 27145, 29067, 36236, 41672]",15242,1,-2.0,-2.0,0.0,1,0,0,0
wavmark,8,4096,18,chinese:SSB0033,0,mean,"[291, 15242, 16972, 19435, 27145, 29067, 36236, 41672]",43947,0,-2.0,-2.0,0.0,1,1,1,0
wavmark,8,16384,18,chinese:SSB0033,0,mean,"[291, 15242, 16972, 19435, 27145, 29067, 36236, 41672]",15243,0,-2.0,-1.0,1.0,5,1,1,1
wavmark,8,65536,18,chinese:SSB0033,0,mean,"[291, 15242, 16972, 19435, 27145, 29067, 36236, 41672]",11147,0,-2.0,-0.0,2.0,18,1,1,1
wavmark,8,256,18,chinese:SSB0033,0,fwp,"[291, 15242, 16972, 19435, 27145, 29067, 36236, 41672]",41442,0,-3.0,-2.0,1.0,2,1,0,0
wavmark,8,1024,18,chinese:SSB0033,0,fwp,"[291, 15242, 16972, 19435, 27145, 29067, 36236, 41672]",41922,0,-3.0,-2.0,1.0,5,1,1,1
wavmark,8,4096,18,chinese:SSB0033,0,fwp,"[291, 15242, 16972, 19435, 27145, 29067, 36236, 41672]",41954,0,-3.0,-1.0,2.0,8,1,1,1
wavmark,8,16384,18,chinese:SSB0033,0,fwp,"[291, 15242, 16972, 19435, 27145, 29067, 36236, 41672]",41978,0,-3.0,-1.0,2.0,22,1,1,1
wavmark,8,65536,18,chinese:SSB0033,0,fwp,"[291, 15242, 16972, 19435, 27145, 29067, 36236, 41672]",41962,0,-3.0,-0.0,3.0,138,1,1,1
wavmark,8,256,19,chinese:SSB0033,1,mean,"[5669, 11409, 36537, 42994, 53833, 58720, 63095, 63418]",59120,0,-3.0,-2.0,1.0,2,1,0,0
wavmark,8,1024,19,chinese:SSB0033,1,mean,"[5669, 11409, 36537, 42994, 53833, 58720, 63095, 63418]",42641,0,-3.0,-2.0,1.0,2,1,1,1
wavmark,8,4096,19,chinese:SSB0033,1,mean,"[5669, 11409, 36537, 42994, 53833, 58720, 63095, 63418]",50929,0,-3.0,-2.0,1.0,9,1,1,1
wavmark,8,16384,19,chinese:SSB0033,1,mean,"[5669, 11409, 36537, 42994, 53833, 58720, 63095, 63418]",42736,0,-3.0,-1.0,2.0,32,1,1,1
wavmark,8,65536,19,chinese:SSB0033,1,mean,"[5669, 11409, 36537, 42994, 53833, 58720, 63095, 63418]",42737,0,-3.0,-0.0,3.0,138,1,1,1
wavmark,8,256,19,chinese:SSB0033,1,fwp,"[5669, 11409, 36537, 42994, 53833, 58720, 63095, 63418]",60085,0,-4.0,-3.0,1.0,3,1,1,1
wavmark,8,1024,19,chinese:SSB0033,1,fwp,"[5669, 11409, 36537, 42994, 53833, 58720, 63095, 63418]",42679,0,-4.0,-1.0,3.0,15,1,1,1
wavmark,8,4096,19,chinese:SSB0033,1,fwp,"[5669, 11409, 36537, 42994, 53833, 58720, 63095, 63418]",48823,0,-4.0,-1.0,3.0,56,1,1,1
wavmark,8,16384,19,chinese:SSB0033,1,fwp,"[5669, 11409, 36537, 42994, 53833, 58720, 63095, 63418]",44983,0,-4.0,-1.0,3.0,161,1,1,1
wavmark,8,65536,19,chinese:SSB0033,1,fwp,"[5669, 11409, 36537, 42994, 53833, 58720, 63095, 63418]",44727,0,-4.0,-0.0,4.0,698,1,1,1
wavmark,8,256,20,chinese:SSB0033,2,mean,"[14713, 15992, 19456, 27126, 33750, 49270, 60583, 60904]",27126,1,-2.0,-4.0,-2.0,1,0,0,0
wavmark,8,1024,20,chinese:SSB0033,2,mean,"[14713, 15992, 19456, 27126, 33750, 49270, 60583, 60904]",61431,0,-2.0,-2.0,0.0,1,1,0,0
wavmark,8,4096,20,chinese:SSB0033,2,mean,"[14713, 15992, 19456, 27126, 33750, 49270, 60583, 60904]",28150,0,-2.0,-1.0,1.0,2,1,1,0
wavmark,8,16384,20,chinese:SSB0033,2,mean,"[14713, 15992, 19456, 27126, 33750, 49270, 60583, 60904]",61430,0,-2.0,-1.0,1.0,5,1,1,1
wavmark,8,65536,20,chinese:SSB0033,2,mean,"[14713, 15992, 19456, 27126, 33750, 49270, 60583, 60904]",60918,0,-2.0,-0.0,2.0,18,1,1,1
wavmark,8,256,20,chinese:SSB0033,2,fwp,"[14713, 15992, 19456, 27126, 33750, 49270, 60583, 60904]",52182,0,-3.0,-3.0,0.0,1,1,0,0
wavmark,8,1024,20,chinese:SSB0033,2,fwp,"[14713, 15992, 19456, 27126, 33750, 49270, 60583, 60904]",34262,0,-3.0,-1.0,2.0,2,1,1,1
wavmark,8,4096,20,chinese:SSB0033,2,fwp,"[14713, 15992, 19456, 27126, 33750, 49270, 60583, 60904]",36246,0,-3.0,-1.0,2.0,6,1,1,1
wavmark,8,16384,20,chinese:SSB0033,2,fwp,"[14713, 15992, 19456, 27126, 33750, 49270, 60583, 60904]",36306,0,-3.0,-1.0,2.0,21,1,1,1
wavmark,8,65536,20,chinese:SSB0033,2,fwp,"[14713, 15992, 19456, 27126, 33750, 49270, 60583, 60904]",36310,0,-3.0,-0.0,3.0,138,1,1,1
wavmark,8,256,21,chinese:SSB0038,0,mean,"[237, 14707, 16444, 22036, 46660, 47465, 52070, 54203]",62461,0,-3.0,-3.0,0.0,1,1,0,0
wavmark,8,1024,21,chinese:SSB0038,0,mean,"[237, 14707, 16444, 22036, 46660, 47465, 52070, 54203]",47581,0,-3.0,-3.0,0.0,1,1,0,0
wavmark,8,4096,21,chinese:SSB0038,0,mean,"[237, 14707, 16444, 22036, 46660, 47465, 52070, 54203]",43901,0,-3.0,-1.0,2.0,11,1,1,1
wavmark,8,16384,21,chinese:SSB0038,0,mean,"[237, 14707, 16444, 22036, 46660, 47465, 52070, 54203]",64381,0,-3.0,-1.0,2.0,43,1,1,1
wavmark,8,65536,21,chinese:SSB0038,0,mean,"[237, 14707, 16444, 22036, 46660, 47465, 52070, 54203]",47997,0,-3.0,-0.0,3.0,138,1,1,1
wavmark,8,256,21,chinese:SSB0038,0,fwp,"[237, 14707, 16444, 22036, 46660, 47465, 52070, 54203]",57209,0,-4.0,-3.0,1.0,3,1,1,1
wavmark,8,1024,21,chinese:SSB0038,0,fwp,"[237, 14707, 16444, 22036, 46660, 47465, 52070, 54203]",40573,0,-4.0,-2.0,2.0,6,1,1,1
wavmark,8,4096,21,chinese:SSB0038,0,fwp,"[237, 14707, 16444, 22036, 46660, 47465, 52070, 54203]",49017,0,-4.0,-1.0,3.0,43,1,1,1
wavmark,8,16384,21,chinese:SSB0038,0,fwp,"[237, 14707, 16444, 22036, 46660, 47465, 52070, 54203]",65405,0,-4.0,-1.0,3.0,196,1,1,1
wavmark,8,65536,21,chinese:SSB0038,0,fwp,"[237, 14707, 16444, 22036, 46660, 47465, 52070, 54203]",49021,0,-4.0,-0.0,4.0,698,1,1,1
wavmark,8,256,22,chinese:SSB0038,1,mean,"[13839, 13864, 16942, 17353, 28760, 35554, 40300, 50956]",42820,0,-4.0,-3.0,1.0,3,1,1,1
wavmark,8,1024,22,chinese:SSB0038,1,mean,"[13839, 13864, 16942, 17353, 28760, 35554, 40300, 50956]",13164,0,-4.0,-2.0,2.0,9,1,1,1
wavmark,8,4096,22,chinese:SSB0038,1,mean,"[13839, 13864, 16942, 17353, 28760, 35554, 40300, 50956]",42860,0,-4.0,-1.0,3.0,48,1,1,1
wavmark,8,16384,22,chinese:SSB0038,1,mean,"[13839, 13864, 16942, 17353, 28760, 35554, 40300, 50956]",10092,0,-4.0,-0.0,4.0,165,1,1,1
wavmark,8,65536,22,chinese:SSB0038,1,mean,"[13839, 13864, 16942, 17353, 28760, 35554, 40300, 50956]",10092,0,-4.0,-0.0,4.0,698,1,1,1
wavmark,8,256,22,chinese:SSB0038,1,fwp,"[13839, 13864, 16942, 17353, 28760, 35554, 40300, 50956]",36587,0,-5.0,-2.0,3.0,10,1,1,1
wavmark,8,1024,22,chinese:SSB0038,1,fwp,"[13839, 13864, 16942, 17353, 28760, 35554, 40300, 50956]",12031,0,-5.0,-2.0,3.0,32,1,1,1
wavmark,8,4096,22,chinese:SSB0038,1,fwp,"[13839, 13864, 16942, 17353, 28760, 35554, 40300, 50956]",44779,0,-5.0,-1.0,4.0,166,1,1,1
wavmark,8,16384,22,chinese:SSB0038,1,fwp,"[13839, 13864, 16942, 17353, 28760, 35554, 40300, 50956]",44783,0,-5.0,-0.0,5.0,627,1,1,1
wavmark,8,65536,22,chinese:SSB0038,1,fwp,"[13839, 13864, 16942, 17353, 28760, 35554, 40300, 50956]",44783,0,-5.0,-0.0,5.0,2518,1,1,1
wavmark,8,256,23,chinese:SSB0038,2,mean,"[9508, 37675, 40888, 44101, 51738, 59270, 59843, 63403]",63403,1,-3.0,-3.0,0.0,1,0,0,0
wavmark,8,1024,23,chinese:SSB0038,2,mean,"[9508, 37675, 40888, 44101, 51738, 59270, 59843, 63403]",45033,0,-3.0,-2.0,1.0,2,1,0,0
wavmark,8,4096,23,chinese:SSB0038,2,mean,"[9508, 37675, 40888, 44101, 51738, 59270, 59843, 63403]",61227,0,-3.0,-2.0,1.0,9,1,1,1
wavmark,8,16384,23,chinese:SSB0038,2,mean,"[9508, 37675, 40888, 44101, 51738, 59270, 59843, 63403]",45035,0,-3.0,-1.0,2.0,32,1,1,1
wavmark,8,65536,23,chinese:SSB0038,2,mean,"[9508, 37675, 40888, 44101, 51738, 59270, 59843, 63403]",44971,0,-3.0,-0.0,3.0,138,1,1,1
wavmark,8,256,23,chinese:SSB0038,2,fwp,"[9508, 37675, 40888, 44101, 51738, 59270, 59843, 63403]",58174,0,-5.0,-3.0,2.0,16,1,1,1
wavmark,8,1024,23,chinese:SSB0038,2,fwp,"[9508, 37675, 40888, 44101, 51738, 59270, 59843, 63403]",44846,0,-5.0,-1.0,4.0,46,1,1,1
wavmark,8,4096,23,chinese:SSB0038,2,fwp,"[9508, 37675, 40888, 44101, 51738, 59270, 59843, 63403]",61244,0,-5.0,-2.0,3.0,143,1,1,1
wavmark,8,16384,23,chinese:SSB0038,2,fwp,"[9508, 37675, 40888, 44101, 51738, 59270, 59843, 63403]",48958,0,-5.0,-1.0,4.0,624,1,1,1
wavmark,8,65536,23,chinese:SSB0038,2,fwp,"[9508, 37675, 40888, 44101, 51738, 59270, 59843, 63403]",44862,0,-5.0,-0.0,5.0,2518,1,1,1
wavmark,8,256,24,chinese:SSB0043,0,mean,"[6815, 8591, 11622, 31937, 32139, 32195, 46838, 54322]",15735,0,-3.0,-2.0,1.0,2,1,0,0
wavmark,8,1024,24,chinese:SSB0043,0,mean,"[6815, 8591, 11622, 31937, 32139, 32195, 46838, 54322]",16375,0,-3.0,-2.0,1.0,3,1,1,0
wavmark,8,4096,24,chinese:SSB0043,0,mean,"[6815, 8591, 11622, 31937, 32139, 32195, 46838, 54322]",15830,0,-3.0,-1.0,2.0,6,1,1,1
wavmark,8,16384,24,chinese:SSB0043,0,mean,"[6815, 8591, 11622, 31937, 32139, 32195, 46838, 54322]",32215,0,-3.0,-1.0,2.0,38,1,1,1
wavmark,8,65536,24,chinese:SSB0043,0,mean,"[6815, 8591, 11622, 31937, 32139, 32195, 46838, 54322]",15831,0,-3.0,-0.0,3.0,138,1,1,1
wavmark,8,256,24,chinese:SSB0043,0,fwp,"[6815, 8591, 11622, 31937, 32139, 32195, 46838, 54322]",47039,0,-5.0,-1.0,4.0,14,1,1,1
wavmark,8,1024,24,chinese:SSB0043,0,fwp,"[6815, 8591, 11622, 31937, 32139, 32195, 46838, 54322]",46395,0,-5.0,-2.0,3.0,40,1,1,1
wavmark,8,4096,24,chinese:SSB0043,0,fwp,"[6815, 8591, 11622, 31937, 32139, 32195, 46838, 54322]",62911,0,-5.0,-1.0,4.0,182,1,1,1
wavmark,8,16384,24,chinese:SSB0043,0,fwp,"[6815, 8591, 11622, 31937, 32139, 32195, 46838, 54322]",62911,0,-5.0,-1.0,4.0,633,1,1,1
wavmark,8,65536,24,chinese:SSB0043,0,fwp,"[6815, 8591, 11622, 31937, 32139, 32195, 46838, 54322]",46527,0,-5.0,-0.0,5.0,2518,1,1,1
wavmark,8,256,25,chinese:SSB0043,1,mean,"[5884, 11537, 42318, 50085, 52105, 58851, 61601, 65310]",44985,0,-4.0,-3.0,1.0,4,1,1,1
wavmark,8,1024,25,chinese:SSB0043,1,mean,"[5884, 11537, 42318, 50085, 52105, 58851, 61601, 65310]",59289,0,-4.0,-2.0,2.0,17,1,1,1
wavmark,8,4096,25,chinese:SSB0043,1,mean,"[5884, 11537, 42318, 50085, 52105, 58851, 61601, 65310]",63417,0,-4.0,-2.0,2.0,34,1,1,1
wavmark,8,16384,25,chinese:SSB0043,1,mean,"[5884, 11537, 42318, 50085, 52105, 58851, 61601, 65310]",63421,0,-4.0,-1.0,3.0,193,1,1,1
wavmark,8,65536,25,chinese:SSB0043,1,mean,"[5884, 11537, 42318, 50085, 52105, 58851, 61601, 65310]",59325,0,-4.0,-0.0,4.0,698,1,1,1
wavmark,8,256,25,chinese:SSB0043,1,fwp,"[5884, 11537, 42318, 50085, 52105, 58851, 61601, 65310]",65310,1,-3.0,-3.0,0.0,1,0,0,0
wavmark,8,1024,25,chinese:SSB0043,1,fwp,"[5884, 11537, 42318, 50085, 52105, 58851, 61601, 65310]",65527,0,-3.0,-2.0,1.0,3,1,1,0
wavmark,8,4096,25,chinese:SSB0043,1,fwp,"[5884, 11537, 42318, 50085, 52105, 58851, 61601, 65310]",65527,0,-3.0,-2.0,1.0,7,1,1,1
wavmark,8,16384,25,chinese:SSB0043,1,fwp,"[5884, 11537, 42318, 50085, 52105, 58851, 61601, 65310]",65463,0,-3.0,-1.0,2.0,43,1,1,1
wavmark,8,65536,25,chinese:SSB0043,1,fwp,"[5884, 11537, 42318, 50085, 52105, 58851, 61601, 65310]",65471,0,-3.0,-0.0,3.0,138,1,1,1
wavmark,8,256,26,chinese:SSB0043,2,mean,"[7618, 21632, 23213, 39702, 44188, 49256, 52914, 54411]",55446,0,-3.0,-3.0,0.0,1,1,0,0
wavmark,8,1024,26,chinese:SSB0043,2,mean,"[7618, 21632, 23213, 39702, 44188, 49256, 52914, 54411]",57018,0,-3.0,-2.0,1.0,3,1,1,1
wavmark,8,4096,26,chinese:SSB0043,2,mean,"[7618, 21632, 23213, 39702, 44188, 49256, 52914, 54411]",56472,0,-3.0,-1.0,2.0,7,1,1,1
wavmark,8,16384,26,chinese:SSB0043,2,mean,"[7618, 21632, 23213, 39702, 44188, 49256, 52914, 54411]",56538,0,-3.0,-1.0,2.0,38,1,1,1
wavmark,8,65536,26,chinese:SSB0043,2,mean,"[7618, 21632, 23213, 39702, 44188, 49256, 52914, 54411]",56474,0,-3.0,-0.0,3.0,138,1,1,1
wavmark,8,256,26,chinese:SSB0043,2,fwp,"[7618, 21632, 23213, 39702, 44188, 49256, 52914, 54411]",35134,0,-4.0,-2.0,2.0,3,1,1,0
wavmark,8,1024,26,chinese:SSB0043,2,fwp,"[7618, 21632, 23213, 39702, 44188, 49256, 52914, 54411]",55806,0,-4.0,-2.0,2.0,9,1,1,1
wavmark,8,4096,26,chinese:SSB0043,2,fwp,"[7618, 21632, 23213, 39702, 44188, 49256, 52914, 54411]",40830,0,-4.0,-2.0,2.0,43,1,1,1
wavmark,8,16384,26,chinese:SSB0043,2,fwp,"[7618, 21632, 23213, 39702, 44188, 49256, 52914, 54411]",55678,0,-4.0,-1.0,3.0,187,1,1,1
wavmark,8,65536,26,chinese:SSB0043,2,fwp,"[7618, 21632, 23213, 39702, 44188, 49256, 52914, 54411]",39294,0,-4.0,-0.0,4.0,698,1,1,1
wavmark,8,256,27,chinese:SSB0057,0,mean,"[11435, 17962, 23136, 26654, 41075, 47856, 51912, 60364]",51890,0,-4.0,-3.0,1.0,3,1,1,0
wavmark,8,1024,27,chinese:SSB0057,0,mean,"[11435, 17962, 23136, 26654, 41075, 47856, 51912, 60364]",61050,0,-4.0,-2.0,2.0,9,1,1,1
wavmark,8,4096,27,chinese:SSB0057,0,mean,"[11435, 17962, 23136, 26654, 41075, 47856, 51912, 60364]",60123,0,-4.0,-2.0,2.0,30,1,1,1
wavmark,8,16384,27,chinese:SSB0057,0,mean,"[11435, 17962, 23136, 26654, 41075, 47856, 51912, 60364]",60410,0,-4.0,-1.0,3.0,160,1,1,1
wavmark,8,65536,27,chinese:SSB0057,0,mean,"[11435, 17962, 23136, 26654, 41075, 47856, 51912, 60364]",60154,0,-4.0,-0.0,4.0,698,1,1,1
wavmark,8,256,27,chinese:SSB0057,0,fwp,"[11435, 17962, 23136, 26654, 41075, 47856, 51912, 60364]",48863,0,-4.0,-4.0,0.0,1,1,0,0
wavmark,8,1024,27,chinese:SSB0057,0,fwp,"[11435, 17962, 23136, 26654, 41075, 47856, 51912, 60364]",61050,0,-4.0,-2.0,2.0,11,1,1,1
wavmark,8,4096,27,chinese:SSB0057,0,fwp,"[11435, 17962, 23136, 26654, 41075, 47856, 51912, 60364]",44786,0,-4.0,-1.0,3.0,31,1,1,1
wavmark,8,16384,27,chinese:SSB0057,0,fwp,"[11435, 17962, 23136, 26654, 41075, 47856, 51912, 60364]",44786,0,-4.0,-1.0,3.0,175,1,1,1
wavmark,8,65536,27,chinese:SSB0057,0,fwp,"[11435, 17962, 23136, 26654, 41075, 47856, 51912, 60364]",44794,0,-4.0,-0.0,4.0,698,1,1,1
wavmark,8,256,28,chinese:SSB0057,1,mean,"[4060, 6571, 11862, 17173, 25155, 43035, 62382, 62659]",43995,0,-4.0,-2.0,2.0,8,1,1,1
wavmark,8,1024,28,chinese:SSB0057,1,mean,"[4060, 6571, 11862, 17173, 25155, 43035, 62382, 62659]",48094,0,-4.0,-3.0,1.0,9,1,1,1
wavmark,8,4096,28,chinese:SSB0057,1,mean,"[4060, 6571, 11862, 17173, 25155, 43035, 62382, 62659]",11227,0,-4.0,-1.0,3.0,51,1,1,1
wavmark,8,16384,28,chinese:SSB0057,1,mean,"[4060, 6571, 11862, 17173, 25155, 43035, 62382, 62659]",11231,0,-4.0,-0.0,4.0,171,1,1,1
wavmark,8,65536,28,chinese:SSB0057,1,mean,"[4060, 6571, 11862, 17173, 25155, 43035, 62382, 62659]",11231,0,-4.0,-0.0,4.0,698,1,1,1
wavmark,8,256,28,chinese:SSB0057,1,fwp,"[4060, 6571, 11862, 17173, 25155, 43035, 62382, 62659]",11262,0,-4.0,-2.0,2.0,3,1,1,1
wavmark,8,1024,28,chinese:SSB0057,1,fwp,"[4060, 6571, 11862, 17173, 25155, 43035, 62382, 62659]",15871,0,-4.0,-2.0,2.0,14,1,1,1
wavmark,8,4096,28,chinese:SSB0057,1,fwp,"[4060, 6571, 11862, 17173, 25155, 43035, 62382, 62659]",45055,0,-4.0,-1.0,3.0,44,1,1,1
wavmark,8,16384,28,chinese:SSB0057,1,fwp,"[4060, 6571, 11862, 17173, 25155, 43035, 62382, 62659]",28671,0,-4.0,-1.0,3.0,168,1,1,1
wavmark,8,65536,28,chinese:SSB0057,1,fwp,"[4060, 6571, 11862, 17173, 25155, 43035, 62382, 62659]",12287,0,-4.0,-0.0,4.0,698,1,1,1
wavmark,8,256,29,chinese:SSB0057,2,mean,"[3859, 4717, 34307, 49829, 51315, 53243, 53319, 57575]",51315,1,-2.0,-3.0,-1.0,1,0,0,0
wavmark,8,1024,29,chinese:SSB0057,2,mean,"[3859, 4717, 34307, 49829, 51315, 53243, 53319, 57575]",59511,0,-2.0,-2.0,0.0,1,1,0,0
wavmark,8,4096,29,chinese:SSB0057,2,mean,"[3859, 4717, 34307, 49829, 51315, 53243, 53319, 57575]",52855,0,-2.0,-1.0,1.0,2,1,1,1
wavmark,8,16384,29,chinese:SSB0057,2,mean,"[3859, 4717, 34307, 49829, 51315, 53243, 53319, 57575]",52855,0,-2.0,-1.0,1.0,5,1,1,1
wavmark,8,65536,29,chinese:SSB0057,2,mean,"[3859, 4717, 34307, 49829, 51315, 53243, 53319, 57575]",51831,0,-2.0,-0.0,2.0,18,1,1,1
wavmark,8,256,29,chinese:SSB0057,2,fwp,"[3859, 4717, 34307, 49829, 51315, 53243, 53319, 57575]",7991,0,-4.0,-3.0,1.0,3,1,0,0
wavmark,8,1024,29,chinese:SSB0057,2,fwp,"[3859, 4717, 34307, 49829, 51315, 53243, 53319, 57575]",40831,0,-4.0,-2.0,2.0,15,1,1,1
wavmark,8,4096,29,chinese:SSB0057,2,fwp,"[3859, 4717, 34307, 49829, 51315, 53243, 53319, 57575]",3965,0,-4.0,-1.0,3.0,58,1,1,1
wavmark,8,16384,29,chinese:SSB0057,2,fwp,"[3859, 4717, 34307, 49829, 51315, 53243, 53319, 57575]",3711,0,-4.0,-1.0,3.0,178,1,1,1
wavmark,8,65536,29,chinese:SSB0057,2,fwp,"[3859, 4717, 34307, 49829, 51315, 53243, 53319, 57575]",3967,0,-4.0,-0.0,4.0,698,1,1,1
wavmark,8,256,30,chinese:SSB0073,0,mean,"[14162, 25586, 28399, 32008, 32435, 53057, 59307, 61658]",27627,0,-3.0,-2.0,1.0,2,1,0,0
wavmark,8,1024,30,chinese:SSB0073,0,mean,"[14162, 25586, 28399, 32008, 32435, 53057, 59307, 61658]",28663,0,-3.0,-2.0,1.0,3,1,1,1
wavmark,8,4096,30,chinese:SSB0073,0,mean,"[14162, 25586, 28399, 32008, 32435, 53057, 59307, 61658]",32755,0,-3.0,-2.0,1.0,10,1,1,1
wavmark,8,16384,30,chinese:SSB0073,0,mean,"[14162, 25586, 28399, 32008, 32435, 53057, 59307, 61658]",28651,0,-3.0,-1.0,2.0,37,1,1,1
wavmark,8,65536,30,chinese:SSB0073,0,mean,"[14162, 25586, 28399, 32008, 32435, 53057, 59307, 61658]",28667,0,-3.0,-0.0,3.0,138,1,1,1
wavmark,8,256,30,chinese:SSB0073,0,fwp,"[14162, 25586, 28399, 32008, 32435, 53057, 59307, 61658]",32722,0,-3.0,-3.0,0.0,1,1,1,0
wavmark,8,1024,30,chinese:SSB0073,0,fwp,"[14162, 25586, 28399, 32008, 32435, 53057, 59307, 61658]",28122,0,-3.0,-2.0,1.0,2,1,1,0
wavmark,8,4096,30,chinese:SSB0073,0,fwp,"[14162, 25586, 28399, 32008, 32435, 53057, 59307, 61658]",26618,0,-3.0,-1.0,2.0,13,1,1,1
wavmark,8,16384,30,chinese:SSB0073,0,fwp,"[14162, 25586, 28399, 32008, 32435, 53057, 59307, 61658]",28664,0,-3.0,-1.0,2.0,38,1,1,1
wavmark,8,65536,30,chinese:SSB0073,0,fwp,"[14162, 25586, 28399, 32008, 32435, 53057, 59307, 61658]",28666,0,-3.0,-0.0,3.0,138,1,1,1
wavmark,8,256,31,chinese:SSB0073,1,mean,"[5217, 12211, 15674, 37931, 38841, 42795, 43042, 47432]",15674,1,-2.0,-3.0,-1.0,1,0,0,0
wavmark,8,1024,31,chinese:SSB0073,1,mean,"[5217, 12211, 15674, 37931, 38841, 42795, 43042, 47432]",15674,1,-2.0,-3.0,-1.0,1,0,0,0
wavmark,8,4096,31,chinese:SSB0073,1,mean,"[5217, 12211, 15674, 37931, 38841, 42795, 43042, 47432]",48410,0,-2.0,-2.0,0.0,1,1,1,1
wavmark,8,16384,31,chinese:SSB0073,1,mean,"[5217, 12211, 15674, 37931, 38841, 42795, 43042, 47432]",48955,0,-2.0,-1.0,1.0,4,1,1,1
wavmark,8,65536,31,chinese:SSB0073,1,mean,"[5217, 12211, 15674, 37931, 38841, 42795, 43042, 47432]",48443,0,-2.0,-0.0,2.0,18,1,1,1
wavmark,8,256,31,chinese:SSB0073,1,fwp,"[5217, 12211, 15674, 37931, 38841, 42795, 43042, 47432]",12211,1,-2.0,-3.0,-1.0,1,0,0,0
wavmark,8,1024,31,chinese:SSB0073,1,fwp,"[5217, 12211, 15674, 37931, 38841, 42795, 43042, 47432]",44991,0,-2.0,-1.0,1.0,2,1,0,0
wavmark,8,4096,31,chinese:SSB0073,1,fwp,"[5217, 12211, 15674, 37931, 38841, 42795, 43042, 47432]",61115,0,-2.0,-2.0,0.0,1,1,1,1
wavmark,8,16384,31,chinese:SSB0073,1,fwp,"[5217, 12211, 15674, 37931, 38841, 42795, 43042, 47432]",44987,0,-2.0,-0.0,2.0,4,1,1,1
wavmark,8,65536,31,chinese:SSB0073,1,fwp,"[5217, 12211, 15674, 37931, 38841, 42795, 43042, 47432]",44987,0,-2.0,-0.0,2.0,18,1,1,1
wavmark,8,256,32,chinese:SSB0073,2,mean,"[7961, 10405, 25897, 35873, 43369, 47594, 54148, 60231]",43369,1,-1.0,-3.0,-2.0,1,0,0,0
wavmark,8,1024,32,chinese:SSB0073,2,mean,"[7961, 10405, 25897, 35873, 43369, 47594, 54148, 60231]",43369,1,-1.0,-2.0,-1.0,1,0,0,0
wavmark,8,4096,32,chinese:SSB0073,2,mean,"[7961, 10405, 25897, 35873, 43369, 47594, 54148, 60231]",43817,0,-1.0,-1.0,0.0,1,1,0,0
wavmark,8,16384,32,chinese:SSB0073,2,mean,"[7961, 10405, 25897, 35873, 43369, 47594, 54148, 60231]",47401,0,-1.0,-1.0,0.0,1,1,0,0
wavmark,8,65536,32,chinese:SSB0073,2,mean,"[7961, 10405, 25897, 35873, 43369, 47594, 54148, 60231]",43305,0,-1.0,-0.0,1.0,2,1,1,1
wavmark,8,256,32,chinese:SSB0073,2,fwp,"[7961, 10405, 25897, 35873, 43369, 47594, 54148, 60231]",11668,0,-4.0,-3.0,1.0,3,1,1,0
wavmark,8,1024,32,chinese:SSB0073,2,fwp,"[7961, 10405, 25897, 35873, 43369, 47594, 54148, 60231]",3519,0,-4.0,-2.0,2.0,11,1,1,1
wavmark,8,4096,32,chinese:SSB0073,2,fwp,"[7961, 10405, 25897, 35873, 43369, 47594, 54148, 60231]",11708,0,-4.0,-1.0,3.0,56,1,1,1
wavmark,8,16384,32,chinese:SSB0073,2,fwp,"[7961, 10405, 25897, 35873, 43369, 47594, 54148, 60231]",28093,0,-4.0,-1.0,3.0,159,1,1,1
wavmark,8,65536,32,chinese:SSB0073,2,fwp,"[7961, 10405, 25897, 35873, 43369, 47594, 54148, 60231]",11709,0,-4.0,-0.0,4.0,698,1,1,1
wavmark,8,256,33,chinese:SSB0080,0,mean,"[14505, 16526, 17109, 17351, 37049, 48289, 58668, 62432]",59405,0,-4.0,-3.0,1.0,4,1,1,1
wavmark,8,1024,33,chinese:SSB0080,0,mean,"[14505, 16526, 17109, 17351, 37049, 48289, 58668, 62432]",58029,0,-4.0,-1.0,3.0,11,1,1,1
wavmark,8,4096,33,chinese:SSB0080,0,mean,"[14505, 16526, 17109, 17351, 37049, 48289, 58668, 62432]",58533,0,-4.0,-2.0,2.0,47,1,1,1
wavmark,8,16384,33,chinese:SSB0080,0,mean,"[14505, 16526, 17109, 17351, 37049, 48289, 58668, 62432]",61613,0,-4.0,-1.0,3.0,159,1,1,1
wavmark,8,65536,33,chinese:SSB0080,0,mean,"[14505, 16526, 17109, 17351, 37049, 48289, 58668, 62432]",57517,0,-4.0,-0.0,4.0,698,1,1,1
wavmark,8,256,33,chinese:SSB0080,0,fwp,"[14505, 16526, 17109, 17351, 37049, 48289, 58668, 62432]",44221,0,-5.0,-3.0,2.0,7,1,1,1
wavmark,8,1024,33,chinese:SSB0080,0,fwp,"[14505, 16526, 17109, 17351, 37049, 48289, 58668, 62432]",60719,0,-5.0,-2.0,3.0,41,1,1,1
wavmark,8,4096,33,chinese:SSB0080,0,fwp,"[14505, 16526, 17109, 17351, 37049, 48289, 58668, 62432]",60591,0,-5.0,-0.0,5.0,143,1,1,1
wavmark,8,16384,33,chinese:SSB0080,0,fwp,"[14505, 16526, 17109, 17351, 37049, 48289, 58668, 62432]",64687,0,-5.0,-1.0,4.0,604,1,1,1
wavmark,8,65536,33,chinese:SSB0080,0,fwp,"[14505, 16526, 17109, 17351, 37049, 48289, 58668, 62432]",60591,0,-5.0,-0.0,5.0,2518,1,1,1
wavmark,8,256,34,chinese:SSB0080,1,mean,"[11395, 29327, 44179, 51455, 53319, 58983, 60655, 63590]",60655,1,-1.0,-1.0,0.0,1,0,0,0
wavmark,8,1024,34,chinese:SSB0080,1,mean,"[11395, 29327, 44179, 51455, 53319, 58983, 60655, 63590]",60655,1,-1.0,-2.0,-1.0,1,0,0,0
wavmark,8,4096,34,chinese:SSB0080,1,mean,"[11395, 29327, 44179, 51455, 53319, 58983, 60655, 63590]",60647,0,-1.0,-0.0,1.0,2,1,0,0
wavmark,8,16384,34,chinese:SSB0080,1,mean,"[11395, 29327, 44179, 51455, 53319, 58983, 60655, 63590]",60655,1,-1.0,-1.0,0.0,1,0,0,0
wavmark,8,65536,34,chinese:SSB0080,1,mean,"[11395, 29327, 44179, 51455, 53319, 58983, 60655, 63590]",60647,0,-1.0,-0.0,1.0,2,1,1,1
wavmark,8,256,34,chinese:SSB0080,1,fwp,"[11395, 29327, 44179, 51455, 53319, 58983, 60655, 63590]",60655,1,-2.0,-4.0,-2.0,1,0,0,0
wavmark,8,1024,34,chinese:SSB0080,1,fwp,"[11395, 29327, 44179, 51455, 53319, 58983, 60655, 63590]",61183,0,-2.0,-2.0,0.0,1,1,0,0
wavmark,8,4096,34,chinese:SSB0080,1,fwp,"[11395, 29327, 44179, 51455, 53319, 58983, 60655, 63590]",64703,0,-2.0,-1.0,1.0,2,1,0,0
wavmark,8,16384,34,chinese:SSB0080,1,fwp,"[11395, 29327, 44179, 51455, 53319, 58983, 60655, 63590]",64703,0,-2.0,-1.0,1.0,7,1,1,1
wavmark,8,65536,34,chinese:SSB0080,1,fwp,"[11395, 29327, 44179, 51455, 53319, 58983, 60655, 63590]",60607,0,-2.0,-0.0,2.0,18,1,1,1
wavmark,8,256,35,chinese:SSB0080,2,mean,"[980, 10749, 17046, 20003, 27331, 29152, 46900, 53789]",25015,0,-4.0,-3.0,1.0,2,1,1,1
wavmark,8,1024,35,chinese:SSB0080,2,mean,"[980, 10749, 17046, 20003, 27331, 29152, 46900, 53789]",25524,0,-4.0,-2.0,2.0,10,1,1,1
wavmark,8,4096,35,chinese:SSB0080,2,mean,"[980, 10749, 17046, 20003, 27331, 29152, 46900, 53789]",27637,0,-4.0,-1.0,3.0,35,1,1,1
wavmark,8,16384,35,chinese:SSB0080,2,mean,"[980, 10749, 17046, 20003, 27331, 29152, 46900, 53789]",27573,0,-4.0,-0.0,4.0,174,1,1,1
wavmark,8,65536,35,chinese:SSB0080,2,mean,"[980, 10749, 17046, 20003, 27331, 29152, 46900, 53789]",27573,0,-4.0,-0.0,4.0,698,1,1,1
wavmark,8,256,35,chinese:SSB0080,2,fwp,"[980, 10749, 17046, 20003, 27331, 29152, 46900, 53789]",59895,0,-6.0,-2.0,4.0,32,1,1,1
wavmark,8,1024,35,chinese:SSB0080,2,fwp,"[980, 10749, 17046, 20003, 27331, 29152, 46900, 53789]",65495,0,-6.0,-2.0,4.0,97,1,1,1
wavmark,8,4096,35,chinese:SSB0080,2,fwp,"[980, 10749, 17046, 20003, 27331, 29152, 46900, 53789]",65526,0,-6.0,-2.0,4.0,443,1,1,1
wavmark,8,16384,35,chinese:SSB0080,2,fwp,"[980, 10749, 17046, 20003, 27331, 29152, 46900, 53789]",61431,0,-6.0,-0.0,6.0,1758,1,1,1
wavmark,8,65536,35,chinese:SSB0080,2,fwp,"[980, 10749, 17046, 20003, 27331, 29152, 46900, 53789]",61431,0,-6.0,-0.0,6.0,6886,1,1,1
wavmark,8,256,36,chinese:SSB0112,0,mean,"[7427, 9843, 11148, 24635, 33047, 57635, 63042, 65409]",42513,0,-4.0,-2.0,2.0,6,1,1,1
wavmark,8,1024,36,chinese:SSB0112,0,mean,"[7427, 9843, 11148, 24635, 33047, 57635, 63042, 65409]",59347,0,-4.0,-3.0,1.0,14,1,1,1
wavmark,8,4096,36,chinese:SSB0112,0,mean,"[7427, 9843, 11148, 24635, 33047, 57635, 63042, 65409]",42770,0,-4.0,-1.0,3.0,50,1,1,1
wavmark,8,16384,36,chinese:SSB0112,0,mean,"[7427, 9843, 11148, 24635, 33047, 57635, 63042, 65409]",42779,0,-4.0,-1.0,3.0,165,1,1,1
wavmark,8,65536,36,chinese:SSB0112,0,mean,"[7427, 9843, 11148, 24635, 33047, 57635, 63042, 65409]",42771,0,-4.0,-0.0,4.0,698,1,1,1
wavmark,8,256,36,chinese:SSB0112,0,fwp,"[7427, 9843, 11148, 24635, 33047, 57635, 63042, 65409]",43886,0,-4.0,-3.0,1.0,3,1,1,1
wavmark,8,1024,36,chinese:SSB0112,0,fwp,"[7427, 9843, 11148, 24635, 33047, 57635, 63042, 65409]",48846,0,-4.0,-2.0,2.0,8,1,1,1
wavmark,8,4096,36,chinese:SSB0112,0,fwp,"[7427, 9843, 11148, 24635, 33047, 57635, 63042, 65409]",49102,0,-4.0,-1.0,3.0,44,1,1,1
wavmark,8,16384,36,chinese:SSB0112,0,fwp,"[7427, 9843, 11148, 24635, 33047, 57635, 63042, 65409]",49102,0,-4.0,-1.0,3.0,180,1,1,1
wavmark,8,65536,36,chinese:SSB0112,0,fwp,"[7427, 9843, 11148, 24635, 33047, 57635, 63042, 65409]",45006,0,-4.0,-0.0,4.0,698,1,1,1
wavmark,8,256,37,chinese:SSB0112,1,mean,"[634, 2120, 4263, 19953, 32430, 37378, 42079, 58799]",42079,1,-3.0,-3.0,0.0,1,0,0,0
wavmark,8,1024,37,chinese:SSB0112,1,mean,"[634, 2120, 4263, 19953, 32430, 37378, 42079, 58799]",10239,0,-3.0,-2.0,1.0,3,1,1,0
wavmark,8,4096,37,chinese:SSB0112,1,mean,"[634, 2120, 4263, 19953, 32430, 37378, 42079, 58799]",25855,0,-3.0,-1.0,2.0,13,1,1,1
wavmark,8,16384,37,chinese:SSB0112,1,mean,"[634, 2120, 4263, 19953, 32430, 37378, 42079, 58799]",42239,0,-3.0,-1.0,2.0,44,1,1,1
wavmark,8,65536,37,chinese:SSB0112,1,mean,"[634, 2120, 4263, 19953, 32430, 37378, 42079, 58799]",9471,0,-3.0,-0.0,3.0,138,1,1,1
wavmark,8,256,37,chinese:SSB0112,1,fwp,"[634, 2120, 4263, 19953, 32430, 37378, 42079, 58799]",43370,0,-4.0,-3.0,1.0,2,1,0,0
wavmark,8,1024,37,chinese:SSB0112,1,fwp,"[634, 2120, 4263, 19953, 32430, 37378, 42079, 58799]",49134,0,-4.0,-2.0,2.0,8,1,1,1
wavmark,8,4096,37,chinese:SSB0112,1,fwp,"[634, 2120, 4263, 19953, 32430, 37378, 42079, 58799]",44518,0,-4.0,-1.0,3.0,48,1,1,1
wavmark,8,16384,37,chinese:SSB0112,1,fwp,"[634, 2120, 4263, 19953, 32430, 37378, 42079, 58799]",60910,0,-4.0,-1.0,3.0,198,1,1,1
wavmark,8,65536,37,chinese:SSB0112,1,fwp,"[634, 2120, 4263, 19953, 32430, 37378, 42079, 58799]",44526,0,-4.0,-0.0,4.0,698,1,1,1
wavmark,8,256,38,chinese:SSB0112,2,mean,"[9431, 16427, 28119, 32923, 42279, 43338, 53138, 56305]",11666,0,-4.0,-2.0,2.0,5,1,1,0
wavmark,8,1024,38,chinese:SSB0112,2,mean,"[9431, 16427, 28119, 32923, 42279, 43338, 53138, 56305]",61330,0,-4.0,-3.0,1.0,12,1,1,1
wavmark,8,4096,38,chinese:SSB0112,2,mean,"[9431, 16427, 28119, 32923, 42279, 43338, 53138, 56305]",48515,0,-4.0,-2.0,2.0,51,1,1,1
wavmark,8,16384,38,chinese:SSB0112,2,mean,"[9431, 16427, 28119, 32923, 42279, 43338, 53138, 56305]",44435,0,-4.0,-0.0,4.0,189,1,1,1
wavmark,8,65536,38,chinese:SSB0112,2,mean,"[9431, 16427, 28119, 32923, 42279, 43338, 53138, 56305]",44435,0,-4.0,-0.0,4.0,698,1,1,1
wavmark,8,256,38,chinese:SSB0112,2,fwp,"[9431, 16427, 28119, 32923, 42279, 43338, 53138, 56305]",11735,0,-3.0,-2.0,1.0,2,1,0,0
wavmark,8,1024,38,chinese:SSB0112,2,fwp,"[9431, 16427, 28119, 32923, 42279, 43338, 53138, 56305]",49143,0,-3.0,-2.0,1.0,3,1,1,1
wavmark,8,4096,38,chinese:SSB0112,2,fwp,"[9431, 16427, 28119, 32923, 42279, 43338, 53138, 56305]",60903,0,-3.0,-2.0,1.0,8,1,1,1
wavmark,8,16384,38,chinese:SSB0112,2,fwp,"[9431, 16427, 28119, 32923, 42279, 43338, 53138, 56305]",44535,0,-3.0,-0.0,3.0,28,1,1,1
wavmark,8,65536,38,chinese:SSB0112,2,fwp,"[9431, 16427, 28119, 32923, 42279, 43338, 53138, 56305]",44535,0,-3.0,-0.0,3.0,138,1,1,1
wavmark,8,256,39,chinese:SSB0122,0,mean,"[1288, 7952, 10345, 19621, 29409, 37366, 54162, 54254]",7920,0,-4.0,-2.0,2.0,5,1,1,1
wavmark,8,1024,39,chinese:SSB0122,0,mean,"[1288, 7952, 10345, 19621, 29409, 37366, 54162, 54254]",6134,0,-4.0,-2.0,2.0,9,1,1,1
wavmark,8,4096,39,chinese:SSB0122,0,mean,"[1288, 7952, 10345, 19621, 29409, 37366, 54162, 54254]",38896,0,-4.0,-1.0,3.0,50,1,1,1
wavmark,8,16384,39,chinese:SSB0122,0,mean,"[1288, 7952, 10345, 19621, 29409, 37366, 54162, 54254]",6128,0,-4.0,-0.0,4.0,194,1,1,1
wavmark,8,65536,39,chinese:SSB0122,0,mean,"[1288, 7952, 10345, 19621, 29409, 37366, 54162, 54254]",6128,0,-4.0,-0.0,4.0,698,1,1,1
wavmark,8,256,39,chinese:SSB0122,0,fwp,"[1288, 7952, 10345, 19621, 29409, 37366, 54162, 54254]",52059,0,-6.0,-4.0,2.0,32,1,1,1
wavmark,8,1024,39,chinese:SSB0122,0,fwp,"[1288, 7952, 10345, 19621, 29409, 37366, 54162, 54254]",61403,0,-6.0,-3.0,3.0,107,1,1,1
wavmark,8,4096,39,chinese:SSB0122,0,fwp,"[1288, 7952, 10345, 19621, 29409, 37366, 54162, 54254]",44025,0,-6.0,-1.0,5.0,461,1,1,1
wavmark,8,16384,39,chinese:SSB0122,0,fwp,"[1288, 7952, 10345, 19621, 29409, 37366, 54162, 54254]",60411,0,-6.0,-1.0,5.0,1737,1,1,1
wavmark,8,65536,39,chinese:SSB0122,0,fwp,"[1288, 7952, 10345, 19621, 29409, 37366, 54162, 54254]",44027,0,-6.0,-0.0,6.0,6886,1,1,1
wavmark,8,256,40,chinese:SSB0122,1,mean,"[768, 1492, 14028, 18315, 25409, 30686, 37748, 42296]",30686,1,-3.0,-4.0,-1.0,1,0,0,0
wavmark,8,1024,40,chinese:SSB0122,1,mean,"[768, 1492, 14028, 18315, 25409, 30686, 37748, 42296]",14284,0,-3.0,-2.0,1.0,8,1,1,1
wavmark,8,4096,40,chinese:SSB0122,1,mean,"[768, 1492, 14028, 18315, 25409, 30686, 37748, 42296]",9948,0,-3.0,-1.0,2.0,6,1,1,1
wavmark,8,16384,40,chinese:SSB0122,1,mean,"[768, 1492, 14028, 18315, 25409, 30686, 37748, 42296]",42972,0,-3.0,-1.0,2.0,41,1,1,1
wavmark,8,65536,40,chinese:SSB0122,1,mean,"[768, 1492, 14028, 18315, 25409, 30686, 37748, 42296]",10204,0,-3.0,-0.0,3.0,138,1,1,1
wavmark,8,256,40,chinese:SSB0122,1,fwp,"[768, 1492, 14028, 18315, 25409, 30686, 37748, 42296]",34797,0,-6.0,-2.0,4.0,26,1,1,1
wavmark,8,1024,40,chinese:SSB0122,1,fwp,"[768, 1492, 14028, 18315, 25409, 30686, 37748, 42296]",51195,0,-6.0,-2.0,4.0,113,1,1,1
wavmark,8,4096,40,chinese:SSB0122,1,fwp,"[768, 1492, 14028, 18315, 25409, 30686, 37748, 42296]",51199,0,-6.0,-1.0,5.0,409,1,1,1
wavmark,8,16384,40,chinese:SSB0122,1,fwp,"[768, 1492, 14028, 18315, 25409, 30686, 37748, 42296]",34815,0,-6.0,-0.0,6.0,1734,1,1,1
wavmark,8,65536,40,chinese:SSB0122,1,fwp,"[768, 1492, 14028, 18315, 25409, 30686, 37748, 42296]",34815,0,-6.0,-0.0,6.0,6886,1,1,1
wavmark,8,256,41,chinese:SSB0122,2,mean,"[294, 14291, 20378, 25165, 25323, 27005, 28301, 50828]",18399,0,-4.0,-2.0,2.0,5,1,1,1
wavmark,8,1024,41,chinese:SSB0122,2,mean,"[294, 14291, 20378, 25165, 25323, 27005, 28301, 50828]",28639,0,-4.0,-2.0,2.0,13,1,1,1
wavmark,8,4096,41,chinese:SSB0122,2,mean,"[294, 14291, 20378, 25165, 25323, 27005, 28301, 50828]",18431,0,-4.0,-1.0,3.0,53,1,1,1
wavmark,8,16384,41,chinese:SSB0122,2,mean,"[294, 14291, 20378, 25165, 25323, 27005, 28301, 50828]",59391,0,-4.0,-1.0,3.0,153,1,1,1
wavmark,8,65536,41,chinese:SSB0122,2,mean,"[294, 14291, 20378, 25165, 25323, 27005, 28301, 50828]",26623,0,-4.0,-0.0,4.0,698,1,1,1
wavmark,8,256,41,chinese:SSB0122,2,fwp,"[294, 14291, 20378, 25165, 25323, 27005, 28301, 50828]",64927,0,-4.0,-3.0,1.0,6,1,1,1
wavmark,8,1024,41,chinese:SSB0122,2,fwp,"[294, 14291, 20378, 25165, 25323, 27005, 28301, 50828]",47003,0,-4.0,-1.0,3.0,10,1,1,1
wavmark,8,4096,41,chinese:SSB0122,2,fwp,"[294, 14291, 20378, 25165, 25323, 27005, 28301, 50828]",14239,0,-4.0,-1.0,3.0,38,1,1,1
wavmark,8,16384,41,chinese:SSB0122,2,fwp,"[294, 14291, 20378, 25165, 25323, 27005, 28301, 50828]",49055,0,-4.0,-1.0,3.0,165,1,1,1
wavmark,8,65536,41,chinese:SSB0122,2,fwp,"[294, 14291, 20378, 25165, 25323, 27005, 28301, 50828]",47007,0,-4.0,-0.0,4.0,698,1,1,1
wavmark,8,256,42,chinese:SSB0133,0,mean,"[8741, 10767, 12372, 16820, 19660, 38763, 38789, 51445]",9157,0,-4.0,-2.0,2.0,6,1,1,1
wavmark,8,1024,42,chinese:SSB0133,0,mean,"[8741, 10767, 12372, 16820, 19660, 38763, 38789, 51445]",9200,0,-4.0,-2.0,2.0,11,1,1,1
wavmark,8,4096,42,chinese:SSB0133,0,mean,"[8741, 10767, 12372, 16820, 19660, 38763, 38789, 51445]",46069,0,-4.0,-2.0,2.0,45,1,1,1
wavmark,8,16384,42,chinese:SSB0133,0,mean,"[8741, 10767, 12372, 16820, 19660, 38763, 38789, 51445]",10229,0,-4.0,-1.0,3.0,174,1,1,1
wavmark,8,65536,42,chinese:SSB0133,0,mean,"[8741, 10767, 12372, 16820, 19660, 38763, 38789, 51445]",9205,0,-4.0,-0.0,4.0,698,1,1,1
wavmark,8,256,42,chinese:SSB0133,0,fwp,"[8741, 10767, 12372, 16820, 19660, 38763, 38789, 51445]",38839,0,-4.0,-1.0,3.0,6,1,1,1
wavmark,8,1024,42,chinese:SSB0133,0,fwp,"[8741, 10767, 12372, 16820, 19660, 38763, 38789, 51445]",37367,0,-4.0,-2.0,2.0,13,1,1,1
wavmark,8,4096,42,chinese:SSB0133,0,fwp,"[8741, 10767, 12372, 16820, 19660, 38763, 38789, 51445]",38911,0,-4.0,-1.0,3.0,45,1,1,1
wavmark,8,16384,42,chinese:SSB0133,0,fwp,"[8741, 10767, 12372, 16820, 19660, 38763, 38789, 51445]",38647,0,-4.0,-1.0,3.0,164,1,1,1
wavmark,8,65536,42,chinese:SSB0133,0,fwp,"[8741, 10767, 12372, 16820, 19660, 38763, 38789, 51445]",38903,0,-4.0,-0.0,4.0,698,1,1,1
wavmark,8,256,43,chinese:SSB0133,1,mean,"[20428, 20470, 25328, 29106, 43774, 54162, 55576, 57591]",64468,0,-3.0,-3.0,0.0,1,1,0,0
wavmark,8,1024,43,chinese:SSB0133,1,mean,"[20428, 20470, 25328, 29106, 43774, 54162, 55576, 57591]",60406,0,-3.0,-0.0,3.0,2,1,1,1
wavmark,8,4096,43,chinese:SSB0133,1,mean,"[20428, 20470, 25328, 29106, 43774, 54162, 55576, 57591]",60404,0,-3.0,-1.0,2.0,12,1,1,1
wavmark,8,16384,43,chinese:SSB0133,1,mean,"[20428, 20470, 25328, 29106, 43774, 54162, 55576, 57591]",64502,0,-3.0,-1.0,2.0,30,1,1,1
wavmark,8,65536,43,chinese:SSB0133,1,mean,"[20428, 20470, 25328, 29106, 43774, 54162, 55576, 57591]",60406,0,-3.0,-0.0,3.0,138,1,1,1
wavmark,8,256,43,chinese:SSB0133,1,fwp,"[20428, 20470, 25328, 29106, 43774, 54162, 55576, 57591]",61182,0,-4.0,-2.0,2.0,6,1,1,1
wavmark,8,1024,43,chinese:SSB0133,1,fwp,"[20428, 20470, 25328, 29106, 43774, 54162, 55576, 57591]",61311,0,-4.0,-1.0,3.0,10,1,1,1
wavmark,8,4096,43,chinese:SSB0133,1,fwp,"[20428, 20470, 25328, 29106, 43774, 54162, 55576, 57591]",60671,0,-4.0,-2.0,2.0,36,1,1,1
wavmark,8,16384,43,chinese:SSB0133,1,fwp,"[20428, 20470, 25328, 29106, 43774, 54162, 55576, 57591]",61407,0,-4.0,-1.0,3.0,180,1,1,1
wavmark,8,65536,43,chinese:SSB0133,1,fwp,"[20428, 20470, 25328, 29106, 43774, 54162, 55576, 57591]",61439,0,-4.0,-0.0,4.0,698,1,1,1
wavmark,8,256,44,chinese:SSB0133,2,mean,"[10696, 12066, 12607, 13024, 22002, 45785, 49192, 51857]",29180,0,-3.0,-3.0,0.0,1,1,0,0
wavmark,8,1024,44,chinese:SSB0133,2,mean,"[10696, 12066, 12607, 13024, 22002, 45785, 49192, 51857]",46064,0,-3.0,-2.0,1.0,4,1,1,1
wavmark,8,4096,44,chinese:SSB0133,2,mean,"[10696, 12066, 12607, 13024, 22002, 45785, 49192, 51857]",29672,0,-3.0,-2.0,1.0,9,1,1,1
wavmark,8,16384,44,chinese:SSB0133,2,mean,"[10696, 12066, 12607, 13024, 22002, 45785, 49192, 51857]",13304,0,-3.0,-0.0,3.0,32,1,1,1
wavmark,8,65536,44,chinese:SSB0133,2,mean,"[10696, 12066, 12607, 13024, 22002, 45785, 49192, 51857]",13304,0,-3.0,-0.0,3.0,138,1,1,1
wavmark,8,256,44,chinese:SSB0133,2,fwp,"[10696, 12066, 12607, 13024, 22002, 45785, 49192, 51857]",12217,0,-6.0,-3.0,3.0,24,1,1,1
wavmark,8,1024,44,chinese:SSB0133,2,fwp,"[10696, 12066, 12607, 13024, 22002, 45785, 49192, 51857]",49147,0,-6.0,-1.0,5.0,120,1,1,1
wavmark,8,4096,44,chinese:SSB0133,2,fwp,"[10696, 12066, 12607, 13024, 22002, 45785, 49192, 51857]",16383,0,-6.0,-1.0,5.0,431,1,1,1
wavmark,8,16384,44,chinese:SSB0133,2,fwp,"[10696, 12066, 12607, 13024, 22002, 45785, 49192, 51857]",14331,0,-6.0,-1.0,5.0,1760,1,1,1
wavmark,8,65536,44,chinese:SSB0133,2,fwp,"[10696, 12066, 12607, 13024, 22002, 45785, 49192, 51857]",16379,0,-6.0,-0.0,6.0,6886,1,1,1
wavmark,8,256,45,chinese:SSB0139,0,mean,"[5337, 7585, 12326, 35565, 39798, 43908, 46232, 61298]",64500,0,-4.0,-3.0,1.0,3,1,1,1
wavmark,8,1024,45,chinese:SSB0139,0,mean,"[5337, 7585, 12326, 35565, 39798, 43908, 46232, 61298]",48820,0,-4.0,-1.0,3.0,7,1,1,1
wavmark,8,4096,45,chinese:SSB0139,0,mean,"[5337, 7585, 12326, 35565, 39798, 43908, 46232, 61298]",16308,0,-4.0,-1.0,3.0,47,1,1,1
wavmark,8,16384,45,chinese:SSB0139,0,mean,"[5337, 7585, 12326, 35565, 39798, 43908, 46232, 61298]",49076,0,-4.0,-0.0,4.0,171,1,1,1
wavmark,8,65536,45,chinese:SSB0139,0,mean,"[5337, 7585, 12326, 35565, 39798, 43908, 46232, 61298]",49076,0,-4.0,-0.0,4.0,698,1,1,1
wavmark,8,256,45,chinese:SSB0139,0,fwp,"[5337, 7585, 12326, 35565, 39798, 43908, 46232, 61298]",65338,0,-5.0,-3.0,2.0,13,1,1,1
wavmark,8,1024,45,chinese:SSB0139,0,fwp,"[5337, 7585, 12326, 35565, 39798, 43908, 46232, 61298]",48942,0,-5.0,-2.0,3.0,46,1,1,1
wavmark,8,4096,45,chinese:SSB0139,0,fwp,"[5337, 7585, 12326, 35565, 39798, 43908, 46232, 61298]",40894,0,-5.0,-1.0,4.0,152,1,1,1
wavmark,8,16384,45,chinese:SSB0139,0,fwp,"[5337, 7585, 12326, 35565, 39798, 43908, 46232, 61298]",65470,0,-5.0,-1.0,4.0,630,1,1,1
wavmark,8,65536,45,chinese:SSB0139,0,fwp,"[5337, 7585, 12326, 35565, 39798, 43908, 46232, 61298]",49086,0,-5.0,-0.0,5.0,2518,1,1,1
wavmark,8,256,46,chinese:SSB0139,1,mean,"[1773, 11570, 18855, 26421, 30578, 40407, 48946, 49296]",12023,0,-4.0,-2.0,2.0,2,1,1,0
wavmark,8,1024,46,chinese:SSB0139,1,mean,"[1773, 11570, 18855, 26421, 30578, 40407, 48946, 49296]",16310,0,-4.0,-2.0,2.0,14,1,1,1
wavmark,8,4096,46,chinese:SSB0139,1,mean,"[1773, 11570, 18855, 26421, 30578, 40407, 48946, 49296]",12223,0,-4.0,-1.0,3.0,45,1,1,1
wavmark,8,16384,46,chinese:SSB0139,1,mean,"[1773, 11570, 18855, 26421, 30578, 40407, 48946, 49296]",12199,0,-4.0,-1.0,3.0,188,1,1,1
wavmark,8,65536,46,chinese:SSB0139,1,mean,"[1773, 11570, 18855, 26421, 30578, 40407, 48946, 49296]",12215,0,-4.0,-0.0,4.0,698,1,1,1
wavmark,8,256,46,chinese:SSB0139,1,fwp,"[1773, 11570, 18855, 26421, 30578, 40407, 48946, 49296]",48946,1,-2.0,-3.0,-1.0,1,0,0,0
wavmark,8,1024,46,chinese:SSB0139,1,fwp,"[1773, 11570, 18855, 26421, 30578, 40407, 48946, 49296]",49082,0,-2.0,-2.0,0.0,1,1,0,0
wavmark,8,4096,46,chinese:SSB0139,1,fwp,"[1773, 11570, 18855, 26421, 30578, 40407, 48946, 49296]",65470,0,-2.0,-2.0,0.0,1,1,1,1
wavmark,8,16384,46,chinese:SSB0139,1,fwp,"[1773, 11570, 18855, 26421, 30578, 40407, 48946, 49296]",65442,0,-2.0,-1.0,1.0,2,1,1,1
wavmark,8,65536,46,chinese:SSB0139,1,fwp,"[1773, 11570, 18855, 26421, 30578, 40407, 48946, 49296]",65458,0,-2.0,-0.0,2.0,18,1,1,1
wavmark,8,256,47,chinese:SSB0139,2,mean,"[8065, 24878, 29866, 35427, 55237, 63742, 63795, 65019]",65019,1,-1.0,-3.0,-2.0,1,0,0,0
wavmark,8,1024,47,chinese:SSB0139,2,mean,"[8065, 24878, 29866, 35427, 55237, 63742, 63795, 65019]",65019,1,-1.0,-2.0,-1.0,1,0,0,0
wavmark,8,4096,47,chinese:SSB0139,2,mean,"[8065, 24878, 29866, 35427, 55237, 63742, 63795, 65019]",65019,1,-1.0,-2.0,-1.0,1,0,0,0
wavmark,8,16384,47,chinese:SSB0139,2,mean,"[8065, 24878, 29866, 35427, 55237, 63742, 63795, 65019]",65003,0,-1.0,-0.0,1.0,2,1,0,0
wavmark,8,65536,47,chinese:SSB0139,2,mean,"[8065, 24878, 29866, 35427, 55237, 63742, 63795, 65019]",65003,0,-1.0,-0.0,1.0,2,1,0,0
wavmark,8,256,47,chinese:SSB0139,2,fwp,"[8065, 24878, 29866, 35427, 55237, 63742, 63795, 65019]",49087,0,-4.0,-2.0,2.0,7,1,1,1
wavmark,8,1024,47,chinese:SSB0139,2,fwp,"[8065, 24878, 29866, 35427, 55237, 63742, 63795, 65019]",32751,0,-4.0,-2.0,2.0,11,1,1,1
wavmark,8,4096,47,chinese:SSB0139,2,fwp,"[8065, 24878, 29866, 35427, 55237, 63742, 63795, 65019]",15871,0,-4.0,-1.0,3.0,44,1,1,1
wavmark,8,16384,47,chinese:SSB0139,2,fwp,"[8065, 24878, 29866, 35427, 55237, 63742, 63795, 65019]",16375,0,-4.0,-1.0,3.0,163,1,1,1
wavmark,8,65536,47,chinese:SSB0139,2,fwp,"[8065, 24878, 29866, 35427, 55237, 63742, 63795, 65019]",16383,0,-4.0,-0.0,4.0,698,1,1,1
wavmark,8,256,48,chinese:SSB0145,0,mean,"[1865, 2996, 7465, 11064, 18227, 19218, 23651, 34272]",18227,1,-2.0,-3.0,-1.0,1,0,0,0
wavmark,8,1024,48,chinese:SSB0145,0,mean,"[1865, 2996, 7465, 11064, 18227, 19218, 23651, 34272]",18227,1,-2.0,-2.0,0.0,1,0,0,0
wavmark,8,4096,48,chinese:SSB0145,0,mean,"[1865, 2996, 7465, 11064, 18227, 19218, 23651, 34272]",4019,0,-2.0,-1.0,1.0,3,1,1,1
wavmark,8,16384,48,chinese:SSB0145,0,mean,"[1865, 2996, 7465, 11064, 18227, 19218, 23651, 34272]",36658,0,-2.0,-2.0,0.0,1,1,1,1
wavmark,8,65536,48,chinese:SSB0145,0,mean,"[1865, 2996, 7465, 11064, 18227, 19218, 23651, 34272]",3891,0,-2.0,-0.0,2.0,18,1,1,1
wavmark,8,256,48,chinese:SSB0145,0,fwp,"[1865, 2996, 7465, 11064, 18227, 19218, 23651, 34272]",49127,0,-5.0,-3.0,2.0,7,1,1,1
wavmark,8,1024,48,chinese:SSB0145,0,fwp,"[1865, 2996, 7465, 11064, 18227, 19218, 23651, 34272]",6119,0,-5.0,-2.0,3.0,38,1,1,1
wavmark,8,4096,48,chinese:SSB0145,0,fwp,"[1865, 2996, 7465, 11064, 18227, 19218, 23651, 34272]",16375,0,-5.0,-1.0,4.0,153,1,1,1
wavmark,8,16384,48,chinese:SSB0145,0,fwp,"[1865, 2996, 7465, 11064, 18227, 19218, 23651, 34272]",24567,0,-5.0,-1.0,4.0,629,1,1,1
wavmark,8,65536,48,chinese:SSB0145,0,fwp,"[1865, 2996, 7465, 11064, 18227, 19218, 23651, 34272]",8183,0,-5.0,-0.0,5.0,2518,1,1,1
wavmark,8,256,49,chinese:SSB0145,1,mean,"[191, 22102, 23974, 24624, 31499, 47440, 48905, 64864]",64864,1,-4.0,-4.0,0.0,1,0,0,0
wavmark,8,1024,49,chinese:SSB0145,1,mean,"[191, 22102, 23974, 24624, 31499, 47440, 48905, 64864]",32056,0,-4.0,-2.0,2.0,11,1,1,1
wavmark,8,4096,49,chinese:SSB0145,1,mean,"[191, 22102, 23974, 24624, 31499, 47440, 48905, 64864]",27954,0,-4.0,-1.0,3.0,52,1,1,1
wavmark,8,16384,49,chinese:SSB0145,1,mean,"[191, 22102, 23974, 24624, 31499, 47440, 48905, 64864]",32050,0,-4.0,-0.0,4.0,184,1,1,1
wavmark,8,65536,49,chinese:SSB0145,1,mean,"[191, 22102, 23974, 24624, 31499, 47440, 48905, 64864]",32050,0,-4.0,-0.0,4.0,698,1,1,1
wavmark,8,256,49,chinese:SSB0145,1,fwp,"[191, 22102, 23974, 24624, 31499, 47440, 48905, 64864]",44410,0,-6.0,-3.0,3.0,30,1,1,1
wavmark,8,1024,49,chinese:SSB0145,1,fwp,"[191, 22102, 23974, 24624, 31499, 47440, 48905, 64864]",48575,0,-6.0,-2.0,4.0,97,1,1,1
wavmark,8,4096,49,chinese:SSB0145,1,fwp,"[191, 22102, 23974, 24624, 31499, 47440, 48905, 64864]",44542,0,-6.0,-1.0,5.0,449,1,1,1
wavmark,8,16384,49,chinese:SSB0145,1,fwp,"[191, 22102, 23974, 24624, 31499, 47440, 48905, 64864]",44543,0,-6.0,-0.0,6.0,1762,1,1,1
wavmark,8,65536,49,chinese:SSB0145,1,fwp,"[191, 22102, 23974, 24624, 31499, 47440, 48905, 64864]",44543,0,-6.0,-0.0,6.0,6886,1,1,1
wavmark,8,256,50,chinese:SSB0145,2,mean,"[19489, 25527, 26440, 27199, 50360, 55826, 61878, 63425]",58995,0,-3.0,-3.0,0.0,1,1,0,0
wavmark,8,1024,50,chinese:SSB0145,2,mean,"[19489, 25527, 26440, 27199, 50360, 55826, 61878, 63425]",58807,0,-3.0,-2.0,1.0,4,1,1,1
wavmark,8,4096,50,chinese:SSB0145,2,mean,"[19489, 25527, 26440, 27199, 50360, 55826, 61878, 63425]",61347,0,-3.0,-2.0,1.0,9,1,1,1
wavmark,8,16384,50,chinese:SSB0145,2,mean,"[19489, 25527, 26440, 27199, 50360, 55826, 61878, 63425]",63411,0,-3.0,-1.0,2.0,31,1,1,1
wavmark,8,65536,50,chinese:SSB0145,2,mean,"[19489, 25527, 26440, 27199, 50360, 55826, 61878, 63425]",59315,0,-3.0,-0.0,3.0,138,1,1,1
wavmark,8,256,50,chinese:SSB0145,2,fwp,"[19489, 25527, 26440, 27199, 50360, 55826, 61878, 63425]",60151,0,-5.0,-3.0,2.0,10,1,1,1
wavmark,8,1024,50,chinese:SSB0145,2,fwp,"[19489, 25527, 26440, 27199, 50360, 55826, 61878, 63425]",61307,0,-5.0,-2.0,3.0,43,1,1,1
wavmark,8,4096,50,chinese:SSB0145,2,fwp,"[19489, 25527, 26440, 27199, 50360, 55826, 61878, 63425]",61431,0,-5.0,-1.0,4.0,157,1,1,1
wavmark,8,16384,50,chinese:SSB0145,2,fwp,"[19489, 25527, 26440, 27199, 50360, 55826, 61878, 63425]",61439,0,-5.0,-0.0,5.0,661,1,1,1
wavmark,8,65536,50,chinese:SSB0145,2,fwp,"[19489, 25527, 26440, 27199, 50360, 55826, 61878, 63425]",61439,0,-5.0,-0.0,5.0,2518,1,1,1
wavmark,8,256,51,chinese:SSB0149,0,mean,"[34166, 36115, 42505, 46401, 54826, 59123, 60035, 60631]",44624,0,-4.0,-2.0,2.0,4,1,1,0
wavmark,8,1024,51,chinese:SSB0149,0,mean,"[34166, 36115, 42505, 46401, 54826, 59123, 60035, 60631]",46675,0,-4.0,-2.0,2.0,14,1,1,1
wavmark,8,4096,51,chinese:SSB0149,0,mean,"[34166, 36115, 42505, 46401, 54826, 59123, 60035, 60631]",48723,0,-4.0,-1.0,3.0,48,1,1,1
wavmark,8,16384,51,chinese:SSB0149,0,mean,"[34166, 36115, 42505, 46401, 54826, 59123, 60035, 60631]",44627,0,-4.0,-0.0,4.0,188,1,1,1
wavmark,8,65536,51,chinese:SSB0149,0,mean,"[34166, 36115, 42505, 46401, 54826, 59123, 60035, 60631]",44627,0,-4.0,-0.0,4.0,698,1,1,1
wavmark,8,256,51,chinese:SSB0149,0,fwp,"[34166, 36115, 42505, 46401, 54826, 59123, 60035, 60631]",58359,0,-4.0,-3.0,1.0,3,1,1,1
wavmark,8,1024,51,chinese:SSB0149,0,fwp,"[34166, 36115, 42505, 46401, 54826, 59123, 60035, 60631]",49143,0,-4.0,-1.0,3.0,10,1,1,1
wavmark,8,4096,51,chinese:SSB0149,0,fwp,"[34166, 36115, 42505, 46401, 54826, 59123, 60035, 60631]",45045,0,-4.0,-1.0,3.0,52,1,1,1
wavmark,8,16384,51,chinese:SSB0149,0,fwp,"[34166, 36115, 42505, 46401, 54826, 59123, 60035, 60631]",49143,0,-4.0,-1.0,3.0,176,1,1,1
wavmark,8,65536,51,chinese:SSB0149,0,fwp,"[34166, 36115, 42505, 46401, 54826, 59123, 60035, 60631]",45047,0,-4.0,-0.0,4.0,698,1,1,1
wavmark,8,256,52,chinese:SSB0149,1,mean,"[5395, 16810, 26132, 28774, 33813, 42736, 49335, 54694]",49335,1,-2.0,-2.0,0.0,1,0,0,0
wavmark,8,1024,52,chinese:SSB0149,1,mean,"[5395, 16810, 26132, 28774, 33813, 42736, 49335, 54694]",50342,0,-2.0,-1.0,1.0,2,1,1,0
wavmark,8,4096,52,chinese:SSB0149,1,mean,"[5395, 16810, 26132, 28774, 33813, 42736, 49335, 54694]",58614,0,-2.0,-2.0,0.0,1,1,1,1
wavmark,8,16384,52,chinese:SSB0149,1,mean,"[5395, 16810, 26132, 28774, 33813, 42736, 49335, 54694]",58806,0,-2.0,-2.0,0.0,1,1,1,1
wavmark,8,65536,52,chinese:SSB0149,1,mean,"[5395, 16810, 26132, 28774, 33813, 42736, 49335, 54694]",50358,0,-2.0,-0.0,2.0,18,1,1,1
wavmark,8,256,52,chinese:SSB0149,1,fwp,"[5395, 16810, 26132, 28774, 33813, 42736, 49335, 54694]",14320,0,-3.0,-2.0,1.0,2,1,0,0
wavmark,8,1024,52,chinese:SSB0149,1,fwp,"[5395, 16810, 26132, 28774, 33813, 42736, 49335, 54694]",63346,0,-3.0,-2.0,1.0,5,1,1,1
wavmark,8,4096,52,chinese:SSB0149,1,fwp,"[5395, 16810, 26132, 28774, 33813, 42736, 49335, 54694]",47088,0,-3.0,-1.0,2.0,7,1,1,1
wavmark,8,16384,52,chinese:SSB0149,1,fwp,"[5395, 16810, 26132, 28774, 33813, 42736, 49335, 54694]",49138,0,-3.0,-1.0,2.0,31,1,1,1
wavmark,8,65536,52,chinese:SSB0149,1,fwp,"[5395, 16810, 26132, 28774, 33813, 42736, 49335, 54694]",47090,0,-3.0,-0.0,3.0,138,1,1,1
wavmark,8,256,53,chinese:SSB0149,2,mean,"[4212, 19558, 21343, 22227, 25271, 53051, 61602, 63752]",29239,0,-3.0,-3.0,0.0,1,1,0,0
wavmark,8,1024,53,chinese:SSB0149,2,mean,"[4212, 19558, 21343, 22227, 25271, 53051, 61602, 63752]",22134,0,-3.0,-1.0,2.0,4,1,1,1
wavmark,8,4096,53,chinese:SSB0149,2,mean,"[4212, 19558, 21343, 22227, 25271, 53051, 61602, 63752]",22391,0,-3.0,-1.0,2.0,10,1,1,1
wavmark,8,16384,53,chinese:SSB0149,2,mean,"[4212, 19558, 21343, 22227, 25271, 53051, 61602, 63752]",22263,0,-3.0,-1.0,2.0,37,1,1,1
wavmark,8,65536,53,chinese:SSB0149,2,mean,"[4212, 19558, 21343, 22227, 25271, 53051, 61602, 63752]",22135,0,-3.0,-0.0,3.0,138,1,1,1
wavmark,8,256,53,chinese:SSB0149,2,fwp,"[4212, 19558, 21343, 22227, 25271, 53051, 61602, 63752]",53051,1,-3.0,-4.0,-1.0,1,0,0,0
wavmark,8,1024,53,chinese:SSB0149,2,fwp,"[4212, 19558, 21343, 22227, 25271, 53051, 61602, 63752]",40825,0,-3.0,-1.0,2.0,4,1,1,1
wavmark,8,4096,53,chinese:SSB0149,2,fwp,"[4212, 19558, 21343, 22227, 25271, 53051, 61602, 63752]",56955,0,-3.0,-2.0,1.0,9,1,1,1
wavmark,8,16384,53,chinese:SSB0149,2,fwp,"[4212, 19558, 21343, 22227, 25271, 53051, 61602, 63752]",49019,0,-3.0,-1.0,2.0,37,1,1,1
wavmark,8,65536,53,chinese:SSB0149,2,fwp,"[4212, 19558, 21343, 22227, 25271, 53051, 61602, 63752]",40827,0,-3.0,-0.0,3.0,138,1,1,1
wavmark,8,256,54,chinese:SSB0193,0,mean,"[1604, 9132, 22357, 34752, 40844, 41282, 42724, 63742]",42724,1,-1.0,-4.0,-3.0,1,0,0,0
wavmark,8,1024,54,chinese:SSB0193,0,mean,"[1604, 9132, 22357, 34752, 40844, 41282, 42724, 63742]",42724,1,-1.0,-2.0,-1.0,1,0,0,0
wavmark,8,4096,54,chinese:SSB0193,0,mean,"[1604, 9132, 22357, 34752, 40844, 41282, 42724, 63742]",59364,0,-1.0,-1.0,0.0,1,1,0,0
wavmark,8,16384,54,chinese:SSB0193,0,mean,"[1604, 9132, 22357, 34752, 40844, 41282, 42724, 63742]",59364,0,-1.0,-1.0,0.0,1,1,0,0
wavmark,8,65536,54,chinese:SSB0193,0,mean,"[1604, 9132, 22357, 34752, 40844, 41282, 42724, 63742]",42980,0,-1.0,-0.0,1.0,2,1,1,1
wavmark,8,256,54,chinese:SSB0193,0,fwp,"[1604, 9132, 22357, 34752, 40844, 41282, 42724, 63742]",48383,0,-2.0,-1.0,1.0,2,1,0,0
wavmark,8,1024,54,chinese:SSB0193,0,fwp,"[1604, 9132, 22357, 34752, 40844, 41282, 42724, 63742]",63742,1,-2.0,-2.0,0.0,1,0,0,0
wavmark,8,4096,54,chinese:SSB0193,0,fwp,"[1604, 9132, 22357, 34752, 40844, 41282, 42724, 63742]",63742,1,-2.0,-2.0,0.0,1,0,0,0
wavmark,8,16384,54,chinese:SSB0193,0,fwp,"[1604, 9132, 22357, 34752, 40844, 41282, 42724, 63742]",48638,0,-2.0,-1.0,1.0,5,1,1,1
wavmark,8,65536,54,chinese:SSB0193,0,fwp,"[1604, 9132, 22357, 34752, 40844, 41282, 42724, 63742]",48382,0,-2.0,-0.0,2.0,18,1,1,1
wavmark,8,256,55,chinese:SSB0193,1,mean,"[2548, 3830, 5196, 42135, 45952, 57576, 58912, 60983]",52980,0,-4.0,-3.0,1.0,4,1,1,1
wavmark,8,1024,55,chinese:SSB0193,1,mean,"[2548, 3830, 5196, 42135, 45952, 57576, 58912, 60983]",46844,0,-4.0,-2.0,2.0,15,1,1,1
wavmark,8,4096,55,chinese:SSB0193,1,mean,"[2548, 3830, 5196, 42135, 45952, 57576, 58912, 60983]",42676,0,-4.0,-1.0,3.0,37,1,1,1
wavmark,8,16384,55,chinese:SSB0193,1,mean,"[2548, 3830, 5196, 42135, 45952, 57576, 58912, 60983]",42740,0,-4.0,-0.0,4.0,182,1,1,1
wavmark,8,65536,55,chinese:SSB0193,1,mean,"[2548, 3830, 5196, 42135, 45952, 57576, 58912, 60983]",42740,0,-4.0,-0.0,4.0,698,1,1,1
wavmark,8,256,55,chinese:SSB0193,1,fwp,"[2548, 3830, 5196, 42135, 45952, 57576, 58912, 60983]",61439,0,-3.0,-3.0,0.0,1,1,0,0
wavmark,8,1024,55,chinese:SSB0193,1,fwp,"[2548, 3830, 5196, 42135, 45952, 57576, 58912, 60983]",44575,0,-3.0,-2.0,1.0,2,1,0,0
wavmark,8,4096,55,chinese:SSB0193,1,fwp,"[2548, 3830, 5196, 42135, 45952, 57576, 58912, 60983]",44603,0,-3.0,-2.0,1.0,7,1,1,1
wavmark,8,16384,55,chinese:SSB0193,1,fwp,"[2548, 3830, 5196, 42135, 45952, 57576, 58912, 60983]",61055,0,-3.0,-1.0,2.0,30,1,1,1
wavmark,8,65536,55,chinese:SSB0193,1,fwp,"[2548, 3830, 5196, 42135, 45952, 57576, 58912, 60983]",44671,0,-3.0,-0.0,3.0,138,1,1,1
wavmark,8,256,56,chinese:SSB0193,2,mean,"[4572, 10541, 15052, 25914, 33594, 35501, 50345, 60167]",59839,0,-3.0,-3.0,0.0,1,1,1,0
wavmark,8,1024,56,chinese:SSB0193,2,mean,"[4572, 10541, 15052, 25914, 33594, 35501, 50345, 60167]",48063,0,-3.0,-2.0,1.0,5,1,1,1
wavmark,8,4096,56,chinese:SSB0193,2,mean,"[4572, 10541, 15052, 25914, 33594, 35501, 50345, 60167]",43967,0,-3.0,-1.0,2.0,13,1,1,1
wavmark,8,16384,56,chinese:SSB0193,2,mean,"[4572, 10541, 15052, 25914, 33594, 35501, 50345, 60167]",44989,0,-3.0,-1.0,2.0,43,1,1,1
wavmark,8,65536,56,chinese:SSB0193,2,mean,"[4572, 10541, 15052, 25914, 33594, 35501, 50345, 60167]",43965,0,-3.0,-0.0,3.0,138,1,1,1
wavmark,8,256,56,chinese:SSB0193,2,fwp,"[4572, 10541, 15052, 25914, 33594, 35501, 50345, 60167]",64255,0,-5.0,-3.0,2.0,12,1,1,1
wavmark,8,1024,56,chinese:SSB0193,2,fwp,"[4572, 10541, 15052, 25914, 33594, 35501, 50345, 60167]",48063,0,-5.0,-2.0,3.0,39,1,1,1
wavmark,8,4096,56,chinese:SSB0193,2,fwp,"[4572, 10541, 15052, 25914, 33594, 35501, 50345, 60167]",47967,0,-5.0,-1.0,4.0,139,1,1,1
wavmark,8,16384,56,chinese:SSB0193,2,fwp,"[4572, 10541, 15052, 25914, 33594, 35501, 50345, 60167]",48087,0,-5.0,-1.0,4.0,669,1,1,1
wavmark,8,65536,56,chinese:SSB0193,2,fwp,"[4572, 10541, 15052, 25914, 33594, 35501, 50345, 60167]",48095,0,-5.0,-0.0,5.0,2518,1,1,1
wavmark,8,256,57,chinese:SSB0197,0,mean,"[5779, 5843, 13512, 16152, 18301, 46502, 59662, 59840]",45786,0,-4.0,-3.0,1.0,4,1,1,1
wavmark,8,1024,57,chinese:SSB0197,0,mean,"[5779, 5843, 13512, 16152, 18301, 46502, 59662, 59840]",14282,0,-4.0,-1.0,3.0,13,1,1,1
wavmark,8,4096,57,chinese:SSB0197,0,mean,"[5779, 5843, 13512, 16152, 18301, 46502, 59662, 59840]",47098,0,-4.0,-2.0,2.0,43,1,1,1
wavmark,8,16384,57,chinese:SSB0197,0,mean,"[5779, 5843, 13512, 16152, 18301, 46502, 59662, 59840]",30682,0,-4.0,-1.0,3.0,173,1,1,1
wavmark,8,65536,57,chinese:SSB0197,0,mean,"[5779, 5843, 13512, 16152, 18301, 46502, 59662, 59840]",14298,0,-4.0,-0.0,4.0,698,1,1,1
wavmark,8,256,57,chinese:SSB0197,0,fwp,"[5779, 5843, 13512, 16152, 18301, 46502, 59662, 59840]",57279,0,-5.0,-3.0,2.0,5,1,1,1
wavmark,8,1024,57,chinese:SSB0197,0,fwp,"[5779, 5843, 13512, 16152, 18301, 46502, 59662, 59840]",49109,0,-5.0,-3.0,2.0,43,1,1,1
wavmark,8,4096,57,chinese:SSB0197,0,fwp,"[5779, 5843, 13512, 16152, 18301, 46502, 59662, 59840]",16287,0,-5.0,-1.0,4.0,164,1,1,1
wavmark,8,16384,57,chinese:SSB0197,0,fwp,"[5779, 5843, 13512, 16152, 18301, 46502, 59662, 59840]",49087,0,-5.0,-1.0,4.0,600,1,1,1
wavmark,8,65536,57,chinese:SSB0197,0,fwp,"[5779, 5843, 13512, 16152, 18301, 46502, 59662, 59840]",49055,0,-5.0,-0.0,5.0,2518,1,1,1
wavmark,8,256,58,chinese:SSB0197,1,mean,"[5825, 6593, 14571, 15142, 29699, 37091, 51312, 60268]",14571,1,-1.0,-2.0,-1.0,1,0,0,0
wavmark,8,1024,58,chinese:SSB0197,1,mean,"[5825, 6593, 14571, 15142, 29699, 37091, 51312, 60268]",14571,1,-1.0,-2.0,-1.0,1,0,0,0
wavmark,8,4096,58,chinese:SSB0197,1,mean,"[5825, 6593, 14571, 15142, 29699, 37091, 51312, 60268]",14571,1,-1.0,-1.0,0.0,1,0,0,0
wavmark,8,16384,58,chinese:SSB0197,1,mean,"[5825, 6593, 14571, 15142, 29699, 37091, 51312, 60268]",14563,0,-1.0,-0.0,1.0,2,1,0,0
wavmark,8,65536,58,chinese:SSB0197,1,mean,"[5825, 6593, 14571, 15142, 29699, 37091, 51312, 60268]",14563,0,-1.0,-0.0,1.0,2,1,1,1
wavmark,8,256,58,chinese:SSB0197,1,fwp,"[5825, 6593, 14571, 15142, 29699, 37091, 51312, 60268]",60268,1,-3.0,-3.0,0.0,1,0,0,0
wavmark,8,1024,58,chinese:SSB0197,1,fwp,"[5825, 6593, 14571, 15142, 29699, 37091, 51312, 60268]",45005,0,-3.0,-2.0,1.0,2,1,0,0
wavmark,8,4096,58,chinese:SSB0197,1,fwp,"[5825, 6593, 14571, 15142, 29699, 37091, 51312, 60268]",44908,0,-3.0,-1.0,2.0,10,1,1,1
wavmark,8,16384,58,chinese:SSB0197,1,fwp,"[5825, 6593, 14571, 15142, 29699, 37091, 51312, 60268]",45032,0,-3.0,-1.0,2.0,42,1,1,1
wavmark,8,65536,58,chinese:SSB0197,1,fwp,"[5825, 6593, 14571, 15142, 29699, 37091, 51312, 60268]",45036,0,-3.0,-0.0,3.0,138,1,1,1
wavmark,8,256,59,chinese:SSB0197,2,mean,"[4584, 7692, 16100, 43731, 46950, 50412, 52632, 57049]",48760,0,-3.0,-2.0,1.0,2,1,1,0
wavmark,8,1024,59,chinese:SSB0197,2,mean,"[4584, 7692, 16100, 43731, 46950, 50412, 52632, 57049]",47869,0,-3.0,-2.0,1.0,2,1,1,1
wavmark,8,4096,59,chinese:SSB0197,2,mean,"[4584, 7692, 16100, 43731, 46950, 50412, 52632, 57049]",65276,0,-3.0,-1.0,2.0,8,1,1,1
wavmark,8,16384,59,chinese:SSB0197,2,mean,"[4584, 7692, 16100, 43731, 46950, 50412, 52632, 57049]",48888,0,-3.0,-1.0,2.0,37,1,1,1
wavmark,8,65536,59,chinese:SSB0197,2,mean,"[4584, 7692, 16100, 43731, 46950, 50412, 52632, 57049]",48892,0,-3.0,-0.0,3.0,138,1,1,1
wavmark,8,256,59,chinese:SSB0197,2,fwp,"[4584, 7692, 16100, 43731, 46950, 50412, 52632, 57049]",45023,0,-5.0,-2.0,3.0,13,1,1,1
wavmark,8,1024,59,chinese:SSB0197,2,fwp,"[4584, 7692, 16100, 43731, 46950, 50412, 52632, 57049]",61418,0,-5.0,-3.0,2.0,27,1,1,1
wavmark,8,4096,59,chinese:SSB0197,2,fwp,"[4584, 7692, 16100, 43731, 46950, 50412, 52632, 57049]",49134,0,-5.0,-2.0,3.0,157,1,1,1
wavmark,8,16384,59,chinese:SSB0197,2,fwp,"[4584, 7692, 16100, 43731, 46950, 50412, 52632, 57049]",45055,0,-5.0,-1.0,4.0,667,1,1,1
wavmark,8,65536,59,chinese:SSB0197,2,fwp,"[4584, 7692, 16100, 43731, 46950, 50412, 52632, 57049]",45054,0,-5.0,-0.0,5.0,2518,1,1,1
wavmark,8,256,60,chinese:SSB0200,0,mean,"[4432, 11593, 14691, 17478, 21845, 28517, 60688, 64039]",23925,0,-2.0,-2.0,0.0,1,1,0,0
wavmark,8,1024,60,chinese:SSB0200,0,mean,"[4432, 11593, 14691, 17478, 21845, 28517, 60688, 64039]",64597,0,-2.0,-2.0,0.0,1,1,1,0
wavmark,8,4096,60,chinese:SSB0200,0,mean,"[4432, 11593, 14691, 17478, 21845, 28517, 60688, 64039]",32725,0,-2.0,-2.0,0.0,1,1,1,0
wavmark,8,16384,60,chinese:SSB0200,0,mean,"[4432, 11593, 14691, 17478, 21845, 28517, 60688, 64039]",32117,0,-2.0,-1.0,1.0,6,1,1,1
wavmark,8,65536,60,chinese:SSB0200,0,mean,"[4432, 11593, 14691, 17478, 21845, 28517, 60688, 64039]",32085,0,-2.0,-0.0,2.0,18,1,1,1
wavmark,8,256,60,chinese:SSB0200,0,fwp,"[4432, 11593, 14691, 17478, 21845, 28517, 60688, 64039]",49014,0,-4.0,-2.0,2.0,2,1,1,0
wavmark,8,1024,60,chinese:SSB0200,0,fwp,"[4432, 11593, 14691, 17478, 21845, 28517, 60688, 64039]",47863,0,-4.0,-2.0,2.0,6,1,1,1
wavmark,8,4096,60,chinese:SSB0200,0,fwp,"[4432, 11593, 14691, 17478, 21845, 28517, 60688, 64039]",45943,0,-4.0,-1.0,3.0,38,1,1,1
wavmark,8,16384,60,chinese:SSB0200,0,fwp,"[4432, 11593, 14691, 17478, 21845, 28517, 60688, 64039]",49015,0,-4.0,-1.0,3.0,174,1,1,1
wavmark,8,65536,60,chinese:SSB0200,0,fwp,"[4432, 11593, 14691, 17478, 21845, 28517, 60688, 64039]",47991,0,-4.0,-0.0,4.0,698,1,1,1
wavmark,8,256,61,chinese:SSB0200,1,mean,"[9794, 15574, 21400, 50204, 50903, 52892, 58358, 58489]",59070,0,-3.0,-2.0,1.0,2,1,1,0
wavmark,8,1024,61,chinese:SSB0200,1,mean,"[9794, 15574, 21400, 50204, 50903, 52892, 58358, 58489]",58526,0,-3.0,-2.0,1.0,3,1,1,1
wavmark,8,4096,61,chinese:SSB0200,1,mean,"[9794, 15574, 21400, 50204, 50903, 52892, 58358, 58489]",59134,0,-3.0,-1.0,2.0,11,1,1,1
wavmark,8,16384,61,chinese:SSB0200,1,mean,"[9794, 15574, 21400, 50204, 50903, 52892, 58358, 58489]",63198,0,-3.0,-1.0,2.0,32,1,1,1
wavmark,8,65536,61,chinese:SSB0200,1,mean,"[9794, 15574, 21400, 50204, 50903, 52892, 58358, 58489]",59102,0,-3.0,-0.0,3.0,138,1,1,1
wavmark,8,256,61,chinese:SSB0200,1,fwp,"[9794, 15574, 21400, 50204, 50903, 52892, 58358, 58489]",44574,0,-4.0,-2.0,2.0,6,1,1,1
wavmark,8,1024,61,chinese:SSB0200,1,fwp,"[9794, 15574, 21400, 50204, 50903, 52892, 58358, 58489]",61138,0,-4.0,-3.0,1.0,13,1,1,1
wavmark,8,4096,61,chinese:SSB0200,1,fwp,"[9794, 15574, 21400, 50204, 50903, 52892, 58358, 58489]",61086,0,-4.0,-2.0,2.0,43,1,1,1
wavmark,8,16384,61,chinese:SSB0200,1,fwp,"[9794, 15574, 21400, 50204, 50903, 52892, 58358, 58489]",44766,0,-4.0,-0.0,4.0,167,1,1,1
wavmark,8,65536,61,chinese:SSB0200,1,fwp,"[9794, 15574, 21400, 50204, 50903, 52892, 58358, 58489]",44766,0,-4.0,-0.0,4.0,698,1,1,1
wavmark,8,256,62,chinese:SSB0200,2,mean,"[10042, 16621, 22749, 32683, 39910, 44225, 46069, 65003]",65003,1,-4.0,-4.0,0.0,1,0,0,0
wavmark,8,1024,62,chinese:SSB0200,2,mean,"[10042, 16621, 22749, 32683, 39910, 44225, 46069, 65003]",49148,0,-4.0,-2.0,2.0,11,1,1,1
wavmark,8,4096,62,chinese:SSB0200,2,mean,"[10042, 16621, 22749, 32683, 39910, 44225, 46069, 65003]",65535,0,-4.0,-1.0,3.0,51,1,1,1
wavmark,8,16384,62,chinese:SSB0200,2,mean,"[10042, 16621, 22749, 32683, 39910, 44225, 46069, 65003]",49150,0,-4.0,-1.0,3.0,177,1,1,1
wavmark,8,65536,62,chinese:SSB0200,2,mean,"[10042, 16621, 22749, 32683, 39910, 44225, 46069, 65003]",49151,0,-4.0,-0.0,4.0,698,1,1,1
wavmark,8,256,62,chinese:SSB0200,2,fwp,"[10042, 16621, 22749, 32683, 39910, 44225, 46069, 65003]",9723,0,-5.0,-3.0,2.0,7,1,1,1
wavmark,8,1024,62,chinese:SSB0200,2,fwp,"[10042, 16621, 22749, 32683, 39910, 44225, 46069, 65003]",44919,0,-5.0,-3.0,2.0,42,1,1,1
wavmark,8,4096,62,chinese:SSB0200,2,fwp,"[10042, 16621, 22749, 32683, 39910, 44225, 46069, 65003]",12279,0,-5.0,-1.0,4.0,159,1,1,1
wavmark,8,16384,62,chinese:SSB0200,2,fwp,"[10042, 16621, 22749, 32683, 39910, 44225, 46069, 65003]",12271,0,-5.0,-1.0,4.0,681,1,1,1
wavmark,8,65536,62,chinese:SSB0200,2,fwp,"[10042, 16621, 22749, 32683, 39910, 44225, 46069, 65003]",12287,0,-5.0,-0.0,5.0,2518,1,1,1
wavmark,8,256,63,chinese:SSB0241,0,mean,"[2245, 5086, 13006, 16513, 32260, 48370, 51996, 54095]",15262,0,-2.0,-2.0,0.0,1,1,0,0
wavmark,8,1024,63,chinese:SSB0241,0,mean,"[2245, 5086, 13006, 16513, 32260, 48370, 51996, 54095]",48094,0,-2.0,-2.0,0.0,1,1,0,0
wavmark,8,4096,63,chinese:SSB0241,0,mean,"[2245, 5086, 13006, 16513, 32260, 48370, 51996, 54095]",47836,0,-2.0,-2.0,0.0,1,1,1,1
wavmark,8,16384,63,chinese:SSB0241,0,mean,"[2245, 5086, 13006, 16513, 32260, 48370, 51996, 54095]",47838,0,-2.0,-1.0,1.0,5,1,1,1
wavmark,8,65536,63,chinese:SSB0241,0,mean,"[2245, 5086, 13006, 16513, 32260, 48370, 51996, 54095]",15070,0,-2.0,-0.0,2.0,18,1,1,1
wavmark,8,256,63,chinese:SSB0241,0,fwp,"[2245, 5086, 13006, 16513, 32260, 48370, 51996, 54095]",48370,1,-2.0,-3.0,-1.0,1,0,0,0
wavmark,8,1024,63,chinese:SSB0241,0,fwp,"[2245, 5086, 13006, 16513, 32260, 48370, 51996, 54095]",48370,1,-2.0,-2.0,0.0,1,0,0,0
wavmark,8,4096,63,chinese:SSB0241,0,fwp,"[2245, 5086, 13006, 16513, 32260, 48370, 51996, 54095]",48291,0,-2.0,-1.0,1.0,2,1,1,0
wavmark,8,16384,63,chinese:SSB0241,0,fwp,"[2245, 5086, 13006, 16513, 32260, 48370, 51996, 54095]",48291,0,-2.0,-1.0,1.0,3,1,1,1
wavmark,8,65536,63,chinese:SSB0241,0,fwp,"[2245, 5086, 13006, 16513, 32260, 48370, 51996, 54095]",48307,0,-2.0,-0.0,2.0,18,1,1,1
wavmark,8,256,64,chinese:SSB0241,1,mean,"[2384, 6150, 6717, 7380, 9451, 15650, 39242, 39328]",37362,0,-3.0,-3.0,0.0,1,1,0,0
wavmark,8,1024,64,chinese:SSB0241,1,mean,"[2384, 6150, 6717, 7380, 9451, 15650, 39242, 39328]",31090,0,-3.0,-2.0,1.0,4,1,1,1
wavmark,8,4096,64,chinese:SSB0241,1,mean,"[2384, 6150, 6717, 7380, 9451, 15650, 39242, 39328]",14706,0,-3.0,-1.0,2.0,9,1,1,1
wavmark,8,16384,64,chinese:SSB0241,1,mean,"[2384, 6150, 6717, 7380, 9451, 15650, 39242, 39328]",7026,0,-3.0,-1.0,2.0,33,1,1,1
wavmark,8,65536,64,chinese:SSB0241,1,mean,"[2384, 6150, 6717, 7380, 9451, 15650, 39242, 39328]",6514,0,-3.0,-0.0,3.0,138,1,1,1
wavmark,8,256,64,chinese:SSB0241,1,fwp,"[2384, 6150, 6717, 7380, 9451, 15650, 39242, 39328]",65007,0,-3.0,-3.0,0.0,1,1,1,1
wavmark,8,1024,64,chinese:SSB0241,1,fwp,"[2384, 6150, 6717, 7380, 9451, 15650, 39242, 39328]",16127,0,-3.0,-2.0,1.0,2,1,1,1
wavmark,8,4096,64,chinese:SSB0241,1,fwp,"[2384, 6150, 6717, 7380, 9451, 15650, 39242, 39328]",31983,0,-3.0,-1.0,2.0,15,1,1,1
wavmark,8,16384,64,chinese:SSB0241,1,fwp,"[2384, 6150, 6717, 7380, 9451, 15650, 39242, 39328]",15599,0,-3.0,-0.0,3.0,34,1,1,1
wavmark,8,65536,64,chinese:SSB0241,1,fwp,"[2384, 6150, 6717, 7380, 9451, 15650, 39242, 39328]",15599,0,-3.0,-0.0,3.0,138,1,1,1
wavmark,8,256,65,chinese:SSB0241,2,mean,"[15814, 20295, 33168, 40003, 41992, 43736, 45800, 55113]",65514,0,-4.0,-3.0,1.0,3,1,1,0
wavmark,8,1024,65,chinese:SSB0241,2,mean,"[15814, 20295, 33168, 40003, 41992, 43736, 45800, 55113]",60362,0,-4.0,-2.0,2.0,12,1,1,1
wavmark,8,4096,65,chinese:SSB0241,2,mean,"[15814, 20295, 33168, 40003, 41992, 43736, 45800, 55113]",44490,0,-4.0,-1.0,3.0,47,1,1,1
wavmark,8,16384,65,chinese:SSB0241,2,mean,"[15814, 20295, 33168, 40003, 41992, 43736, 45800, 55113]",45002,0,-4.0,-0.0,4.0,184,1,1,1
wavmark,8,65536,65,chinese:SSB0241,2,mean,"[15814, 20295, 33168, 40003, 41992, 43736, 45800, 55113]",45002,0,-4.0,-0.0,4.0,698,1,1,1
wavmark,8,256,65,chinese:SSB0241,2,fwp,"[15814, 20295, 33168, 40003, 41992, 43736, 45800, 55113]",46959,0,-6.0,-3.0,3.0,28,1,1,1
wavmark,8,1024,65,chinese:SSB0241,2,fwp,"[15814, 20295, 33168, 40003, 41992, 43736, 45800, 55113]",36335,0,-6.0,-2.0,4.0,105,1,1,1
wavmark,8,4096,65,chinese:SSB0241,2,fwp,"[15814, 20295, 33168, 40003, 41992, 43736, 45800, 55113]",49135,0,-6.0,-1.0,5.0,413,1,1,1
wavmark,8,16384,65,chinese:SSB0241,2,fwp,"[15814, 20295, 33168, 40003, 41992, 43736, 45800, 55113]",49135,0,-6.0,-1.0,5.0,1731,1,1,1
wavmark,8,65536,65,chinese:SSB0241,2,fwp,"[15814, 20295, 33168, 40003, 41992, 43736, 45800, 55113]",45039,0,-6.0,-0.0,6.0,6886,1,1,1
wavmark,8,256,66,chinese:SSB0246,0,mean,"[919, 4737, 5961, 12888, 39945, 40681, 44127, 61079]",40921,0,-3.0,-2.0,1.0,2,1,0,0
wavmark,8,1024,66,chinese:SSB0246,0,mean,"[919, 4737, 5961, 12888, 39945, 40681, 44127, 61079]",40589,0,-3.0,-2.0,1.0,2,1,1,0
wavmark,8,4096,66,chinese:SSB0246,0,mean,"[919, 4737, 5961, 12888, 39945, 40681, 44127, 61079]",40729,0,-3.0,-2.0,1.0,8,1,1,1
wavmark,8,16384,66,chinese:SSB0246,0,mean,"[919, 4737, 5961, 12888, 39945, 40681, 44127, 61079]",48793,0,-3.0,-1.0,2.0,27,1,1,1
wavmark,8,65536,66,chinese:SSB0246,0,mean,"[919, 4737, 5961, 12888, 39945, 40681, 44127, 61079]",40601,0,-3.0,-0.0,3.0,138,1,1,1
wavmark,8,256,66,chinese:SSB0246,0,fwp,"[919, 4737, 5961, 12888, 39945, 40681, 44127, 61079]",61079,1,-3.0,-4.0,-1.0,1,0,0,0
wavmark,8,1024,66,chinese:SSB0246,0,fwp,"[919, 4737, 5961, 12888, 39945, 40681, 44127, 61079]",65214,0,-3.0,-3.0,0.0,1,1,0,0
wavmark,8,4096,66,chinese:SSB0246,0,fwp,"[919, 4737, 5961, 12888, 39945, 40681, 44127, 61079]",48863,0,-3.0,-1.0,2.0,3,1,1,1
wavmark,8,16384,66,chinese:SSB0246,0,fwp,"[919, 4737, 5961, 12888, 39945, 40681, 44127, 61079]",48863,0,-3.0,-1.0,2.0,36,1,1,1
wavmark,8,65536,66,chinese:SSB0246,0,fwp,"[919, 4737, 5961, 12888, 39945, 40681, 44127, 61079]",48799,0,-3.0,-0.0,3.0,138,1,1,1
wavmark,8,256,67,chinese:SSB0246,1,mean,"[6364, 12875, 19793, 42096, 43477, 45008, 45994, 64881]",64881,1,-2.0,-3.0,-1.0,1,0,0,0
wavmark,8,1024,67,chinese:SSB0246,1,mean,"[6364, 12875, 19793, 42096, 43477, 45008, 45994, 64881]",64881,1,-2.0,-2.0,0.0,1,0,0,0
wavmark,8,4096,67,chinese:SSB0246,1,mean,"[6364, 12875, 19793, 42096, 43477, 45008, 45994, 64881]",64993,0,-2.0,-2.0,0.0,1,1,0,0
wavmark,8,16384,67,chinese:SSB0246,1,mean,"[6364, 12875, 19793, 42096, 43477, 45008, 45994, 64881]",48625,0,-2.0,-0.0,2.0,7,1,1,1
wavmark,8,65536,67,chinese:SSB0246,1,mean,"[6364, 12875, 19793, 42096, 43477, 45008, 45994, 64881]",48625,0,-2.0,-0.0,2.0,18,1,1,1
wavmark,8,256,67,chinese:SSB0246,1,fwp,"[6364, 12875, 19793, 42096, 43477, 45008, 45994, 64881]",47610,0,-5.0,-3.0,2.0,8,1,1,1
wavmark,8,1024,67,chinese:SSB0246,1,fwp,"[6364, 12875, 19793, 42096, 43477, 45008, 45994, 64881]",65275,0,-5.0,-2.0,3.0,33,1,1,1
wavmark,8,4096,67,chinese:SSB0246,1,fwp,"[6364, 12875, 19793, 42096, 43477, 45008, 45994, 64881]",49145,0,-5.0,-1.0,4.0,148,1,1,1
wavmark,8,16384,67,chinese:SSB0246,1,fwp,"[6364, 12875, 19793, 42096, 43477, 45008, 45994, 64881]",49146,0,-5.0,-1.0,4.0,631,1,1,1
wavmark,8,65536,67,chinese:SSB0246,1,fwp,"[6364, 12875, 19793, 42096, 43477, 45008, 45994, 64881]",49147,0,-5.0,-0.0,5.0,2518,1,1,1
wavmark,8,256,68,chinese:SSB0246,2,mean,"[6312, 8354, 13582, 17101, 34974, 50225, 61467, 61673]",61947,0,-3.0,-3.0,0.0,1,1,0,0
wavmark,8,1024,68,chinese:SSB0246,2,mean,"[6312, 8354, 13582, 17101, 34974, 50225, 61467, 61673]",45227,0,-3.0,-1.0,2.0,5,1,1,1
wavmark,8,4096,68,chinese:SSB0246,2,mean,"[6312, 8354, 13582, 17101, 34974, 50225, 61467, 61673]",45307,0,-3.0,-1.0,2.0,9,1,1,1
wavmark,8,16384,68,chinese:SSB0246,2,mean,"[6312, 8354, 13582, 17101, 34974, 50225, 61467, 61673]",47291,0,-3.0,-1.0,2.0,39,1,1,1
wavmark,8,65536,68,chinese:SSB0246,2,mean,"[6312, 8354, 13582, 17101, 34974, 50225, 61467, 61673]",45243,0,-3.0,-0.0,3.0,138,1,1,1
wavmark,8,256,68,chinese:SSB0246,2,fwp,"[6312, 8354, 13582, 17101, 34974, 50225, 61467, 61673]",61947,0,-5.0,-4.0,1.0,8,1,1,1
wavmark,8,1024,68,chinese:SSB0246,2,fwp,"[6312, 8354, 13582, 17101, 34974, 50225, 61467, 61673]",47087,0,-5.0,-1.0,4.0,42,1,1,1
wavmark,8,4096,68,chinese:SSB0246,2,fwp,"[6312, 8354, 13582, 17101, 34974, 50225, 61467, 61673]",58863,0,-5.0,-2.0,3.0,134,1,1,1
wavmark,8,16384,68,chinese:SSB0246,2,fwp,"[6312, 8354, 13582, 17101, 34974, 50225, 61467, 61673]",47087,0,-5.0,-1.0,4.0,657,1,1,1
wavmark,8,65536,68,chinese:SSB0246,2,fwp,"[6312, 8354, 13582, 17101, 34974, 50225, 61467, 61673]",46575,0,-5.0,-0.0,5.0,2518,1,1,1
wavmark,8,256,69,chinese:SSB0261,0,mean,"[11510, 21462, 22969, 23303, 24990, 31647, 53766, 60480]",31647,1,-2.0,-2.0,0.0,1,0,0,0
wavmark,8,1024,69,chinese:SSB0261,0,mean,"[11510, 21462, 22969, 23303, 24990, 31647, 53766, 60480]",32660,0,-2.0,-2.0,0.0,1,1,0,0
wavmark,8,4096,69,chinese:SSB0261,0,mean,"[11510, 21462, 22969, 23303, 24990, 31647, 53766, 60480]",31646,0,-2.0,-1.0,1.0,2,1,1,0
wavmark,8,16384,69,chinese:SSB0261,0,mean,"[11510, 21462, 22969, 23303, 24990, 31647, 53766, 60480]",31636,0,-2.0,-1.0,1.0,5,1,1,1
wavmark,8,65536,69,chinese:SSB0261,0,mean,"[11510, 21462, 22969, 23303, 24990, 31647, 53766, 60480]",31638,0,-2.0,-0.0,2.0,18,1,1,1
wavmark,8,256,69,chinese:SSB0261,0,fwp,"[11510, 21462, 22969, 23303, 24990, 31647, 53766, 60480]",60911,0,-4.0,-3.0,1.0,2,1,1,1
wavmark,8,1024,69,chinese:SSB0261,0,fwp,"[11510, 21462, 22969, 23303, 24990, 31647, 53766, 60480]",28575,0,-4.0,-2.0,2.0,9,1,1,1
wavmark,8,4096,69,chinese:SSB0261,0,fwp,"[11510, 21462, 22969, 23303, 24990, 31647, 53766, 60480]",61405,0,-4.0,-1.0,3.0,58,1,1,1
wavmark,8,16384,69,chinese:SSB0261,0,fwp,"[11510, 21462, 22969, 23303, 24990, 31647, 53766, 60480]",61405,0,-4.0,-1.0,3.0,176,1,1,1
wavmark,8,65536,69,chinese:SSB0261,0,fwp,"[11510, 21462, 22969, 23303, 24990, 31647, 53766, 60480]",61407,0,-4.0,-0.0,4.0,698,1,1,1
wavmark,8,256,70,chinese:SSB0261,1,mean,"[6320, 8982, 10787, 12997, 17306, 37371, 44108, 62312]",37882,0,-4.0,-3.0,1.0,4,1,1,1
wavmark,8,1024,70,chinese:SSB0261,1,mean,"[6320, 8982, 10787, 12997, 17306, 37371, 44108, 62312]",41976,0,-4.0,-2.0,2.0,13,1,1,1
wavmark,8,4096,70,chinese:SSB0261,1,mean,"[6320, 8982, 10787, 12997, 17306, 37371, 44108, 62312]",9211,0,-4.0,-1.0,3.0,48,1,1,1
wavmark,8,16384,70,chinese:SSB0261,1,mean,"[6320, 8982, 10787, 12997, 17306, 37371, 44108, 62312]",9210,0,-4.0,-0.0,4.0,172,1,1,1
wavmark,8,65536,70,chinese:SSB0261,1,mean,"[6320, 8982, 10787, 12997, 17306, 37371, 44108, 62312]",9210,0,-4.0,-0.0,4.0,698,1,1,1
wavmark,8,256,70,chinese:SSB0261,1,fwp,"[6320, 8982, 10787, 12997, 17306, 37371, 44108, 62312]",36831,0,-5.0,-2.0,3.0,9,1,1,1
wavmark,8,1024,70,chinese:SSB0261,1,fwp,"[6320, 8982, 10787, 12997, 17306, 37371, 44108, 62312]",45022,0,-5.0,-0.0,5.0,33,1,1,1
wavmark,8,4096,70,chinese:SSB0261,1,fwp,"[6320, 8982, 10787, 12997, 17306, 37371, 44108, 62312]",49118,0,-5.0,-1.0,4.0,152,1,1,1
wavmark,8,16384,70,chinese:SSB0261,1,fwp,"[6320, 8982, 10787, 12997, 17306, 37371, 44108, 62312]",45023,0,-5.0,-1.0,4.0,659,1,1,1
wavmark,8,65536,70,chinese:SSB0261,1,fwp,"[6320, 8982, 10787, 12997, 17306, 37371, 44108, 62312]",45022,0,-5.0,-0.0,5.0,2518,1,1,1
wavmark,8,256,71,chinese:SSB0261,2,mean,"[1826, 5897, 9551, 23579, 35074, 37535, 41709, 43940]",36687,0,-4.0,-2.0,2.0,3,1,1,1
wavmark,8,1024,71,chinese:SSB0261,2,mean,"[1826, 5897, 9551, 23579, 35074, 37535, 41709, 43940]",12079,0,-4.0,-2.0,2.0,11,1,1,1
wavmark,8,4096,71,chinese:SSB0261,2,mean,"[1826, 5897, 9551, 23579, 35074, 37535, 41709, 43940]",44811,0,-4.0,-1.0,3.0,44,1,1,1
wavmark,8,16384,71,chinese:SSB0261,2,mean,"[1826, 5897, 9551, 23579, 35074, 37535, 41709, 43940]",44815,0,-4.0,-0.0,4.0,192,1,1,1
wavmark,8,65536,71,chinese:SSB0261,2,mean,"[1826, 5897, 9551, 23579, 35074, 37535, 41709, 43940]",44815,0,-4.0,-0.0,4.0,698,1,1,1
wavmark,8,256,71,chinese:SSB0261,2,fwp,"[1826, 5897, 9551, 23579, 35074, 37535, 41709, 43940]",44791,0,-5.0,-3.0,2.0,12,1,1,1
wavmark,8,1024,71,chinese:SSB0261,2,fwp,"[1826, 5897, 9551, 23579, 35074, 37535, 41709, 43940]",61365,0,-5.0,-3.0,2.0,38,1,1,1
wavmark,8,4096,71,chinese:SSB0261,2,fwp,"[1826, 5897, 9551, 23579, 35074, 37535, 41709, 43940]",61374,0,-5.0,-2.0,3.0,140,1,1,1
wavmark,8,16384,71,chinese:SSB0261,2,fwp,"[1826, 5897, 9551, 23579, 35074, 37535, 41709, 43940]",44989,0,-5.0,-1.0,4.0,620,1,1,1
wavmark,8,65536,71,chinese:SSB0261,2,fwp,"[1826, 5897, 9551, 23579, 35074, 37535, 41709, 43940]",44991,0,-5.0,-0.0,5.0,2518,1,1,1
wavmark,8,256,72,chinese:SSB0267,0,mean,"[7231, 10856, 13980, 26510, 30808, 45295, 48607, 57116]",15070,0,-3.0,-1.0,2.0,2,1,1,0
wavmark,8,1024,72,chinese:SSB0267,0,mean,"[7231, 10856, 13980, 26510, 30808, 45295, 48607, 57116]",15998,0,-3.0,-2.0,1.0,3,1,1,1
wavmark,8,4096,72,chinese:SSB0267,0,mean,"[7231, 10856, 13980, 26510, 30808, 45295, 48607, 57116]",48863,0,-3.0,-2.0,1.0,15,1,1,1
wavmark,8,16384,72,chinese:SSB0267,0,mean,"[7231, 10856, 13980, 26510, 30808, 45295, 48607, 57116]",16094,0,-3.0,-0.0,3.0,42,1,1,1
wavmark,8,65536,72,chinese:SSB0267,0,mean,"[7231, 10856, 13980, 26510, 30808, 45295, 48607, 57116]",16094,0,-3.0,-0.0,3.0,138,1,1,1
wavmark,8,256,72,chinese:SSB0267,0,fwp,"[7231, 10856, 13980, 26510, 30808, 45295, 48607, 57116]",64511,0,-2.0,-2.0,0.0,1,1,0,0
wavmark,8,1024,72,chinese:SSB0267,0,fwp,"[7231, 10856, 13980, 26510, 30808, 45295, 48607, 57116]",48607,1,-2.0,-3.0,-1.0,1,0,0,0
wavmark,8,4096,72,chinese:SSB0267,0,fwp,"[7231, 10856, 13980, 26510, 30808, 45295, 48607, 57116]",65519,0,-2.0,-2.0,0.0,1,1,1,1
wavmark,8,16384,72,chinese:SSB0267,0,fwp,"[7231, 10856, 13980, 26510, 30808, 45295, 48607, 57116]",49150,0,-2.0,-1.0,1.0,4,1,1,1
wavmark,8,65536,72,chinese:SSB0267,0,fwp,"[7231, 10856, 13980, 26510, 30808, 45295, 48607, 57116]",49151,0,-2.0,-0.0,2.0,18,1,1,1
wavmark,8,256,73,chinese:SSB0267,1,mean,"[83, 2735, 12326, 17832, 29110, 31058, 44504, 55959]",29110,1,-3.0,-3.0,0.0,1,0,0,0
wavmark,8,1024,73,chinese:SSB0267,1,mean,"[83, 2735, 12326, 17832, 29110, 31058, 44504, 55959]",10750,0,-3.0,-2.0,1.0,2,1,1,0
wavmark,8,4096,73,chinese:SSB0267,1,mean,"[83, 2735, 12326, 17832, 29110, 31058, 44504, 55959]",14774,0,-3.0,-1.0,2.0,12,1,1,1
wavmark,8,16384,73,chinese:SSB0267,1,mean,"[83, 2735, 12326, 17832, 29110, 31058, 44504, 55959]",11190,0,-3.0,-1.0,2.0,31,1,1,1
wavmark,8,65536,73,chinese:SSB0267,1,mean,"[83, 2735, 12326, 17832, 29110, 31058, 44504, 55959]",10678,0,-3.0,-0.0,3.0,138,1,1,1
wavmark,8,256,73,chinese:SSB0267,1,fwp,"[83, 2735, 12326, 17832, 29110, 31058, 44504, 55959]",44078,0,-4.0,-3.0,1.0,2,1,1,1
wavmark,8,1024,73,chinese:SSB0267,1,fwp,"[83, 2735, 12326, 17832, 29110, 31058, 44504, 55959]",43450,0,-4.0,-2.0,2.0,11,1,1,1
wavmark,8,4096,73,chinese:SSB0267,1,fwp,"[83, 2735, 12326, 17832, 29110, 31058, 44504, 55959]",44476,0,-4.0,-1.0,3.0,39,1,1,1
wavmark,8,16384,73,chinese:SSB0267,1,fwp,"[83, 2735, 12326, 17832, 29110, 31058, 44504, 55959]",44542,0,-4.0,-1.0,3.0,176,1,1,1
wavmark,8,65536,73,chinese:SSB0267,1,fwp,"[83, 2735, 12326, 17832, 29110, 31058, 44504, 55959]",44478,0,-4.0,-0.0,4.0,698,1,1,1
wavmark,8,256,74,chinese:SSB0267,2,mean,"[2100, 2862, 8039, 15155, 17971, 39247, 43898, 55452]",2877,0,-2.0,-1.0,1.0,2,1,0,0
wavmark,8,1024,74,chinese:SSB0267,2,mean,"[2100, 2862, 8039, 15155, 17971, 39247, 43898, 55452]",2623,0,-2.0,-1.0,1.0,2,1,0,0
wavmark,8,4096,74,chinese:SSB0267,2,mean,"[2100, 2862, 8039, 15155, 17971, 39247, 43898, 55452]",2879,0,-2.0,-0.0,2.0,4,1,1,1
wavmark,8,16384,74,chinese:SSB0267,2,mean,"[2100, 2862, 8039, 15155, 17971, 39247, 43898, 55452]",19263,0,-2.0,-1.0,1.0,5,1,1,1
wavmark,8,65536,74,chinese:SSB0267,2,mean,"[2100, 2862, 8039, 15155, 17971, 39247, 43898, 55452]",2879,0,-2.0,-0.0,2.0,18,1,1,1
wavmark,8,256,74,chinese:SSB0267,2,fwp,"[2100, 2862, 8039, 15155, 17971, 39247, 43898, 55452]",24315,0,-3.0,-3.0,0.0,1,1,1,0
wavmark,8,1024,74,chinese:SSB0267,2,fwp,"[2100, 2862, 8039, 15155, 17971, 39247, 43898, 55452]",8031,0,-3.0,-2.0,1.0,5,1,1,1
wavmark,8,4096,74,chinese:SSB0267,2,fwp,"[2100, 2862, 8039, 15155, 17971, 39247, 43898, 55452]",16383,0,-3.0,-1.0,2.0,9,1,1,1
wavmark,8,16384,74,chinese:SSB0267,2,fwp,"[2100, 2862, 8039, 15155, 17971, 39247, 43898, 55452]",8191,0,-3.0,-0.0,3.0,44,1,1,1
wavmark,8,65536,74,chinese:SSB0267,2,fwp,"[2100, 2862, 8039, 15155, 17971, 39247, 43898, 55452]",8191,0,-3.0,-0.0,3.0,138,1,1,1
wavmark,8,256,75,chinese:SSB0273,0,mean,"[12791, 13610, 25343, 41587, 41986, 52746, 57039, 62474]",42291,0,-3.0,-3.0,0.0,1,1,0,0
wavmark,8,1024,75,chinese:SSB0273,0,mean,"[12791, 13610, 25343, 41587, 41986, 52746, 57039, 62474]",46635,0,-3.0,-2.0,1.0,4,1,1,1
wavmark,8,4096,75,chinese:SSB0273,0,mean,"[12791, 13610, 25343, 41587, 41986, 52746, 57039, 62474]",42555,0,-3.0,-0.0,3.0,6,1,1,1
wavmark,8,16384,75,chinese:SSB0273,0,mean,"[12791, 13610, 25343, 41587, 41986, 52746, 57039, 62474]",42683,0,-3.0,-1.0,2.0,32,1,1,1
wavmark,8,65536,75,chinese:SSB0273,0,mean,"[12791, 13610, 25343, 41587, 41986, 52746, 57039, 62474]",42555,0,-3.0,-0.0,3.0,138,1,1,1
wavmark,8,256,75,chinese:SSB0273,0,fwp,"[12791, 13610, 25343, 41587, 41986, 52746, 57039, 62474]",43807,0,-6.0,-3.0,3.0,25,1,1,1
wavmark,8,1024,75,chinese:SSB0273,0,fwp,"[12791, 13610, 25343, 41587, 41986, 52746, 57039, 62474]",44727,0,-6.0,-2.0,4.0,100,1,1,1
wavmark,8,4096,75,chinese:SSB0273,0,fwp,"[12791, 13610, 25343, 41587, 41986, 52746, 57039, 62474]",42943,0,-6.0,-1.0,5.0,395,1,1,1
wavmark,8,16384,75,chinese:SSB0273,0,fwp,"[12791, 13610, 25343, 41587, 41986, 52746, 57039, 62474]",44989,0,-6.0,-1.0,5.0,1722,1,1,1
wavmark,8,65536,75,chinese:SSB0273,0,fwp,"[12791, 13610, 25343, 41587, 41986, 52746, 57039, 62474]",44991,0,-6.0,-0.0,6.0,6886,1,1,1
wavmark,8,256,76,chinese:SSB0273,1,mean,"[11117, 15933, 21035, 27629, 29712, 32930, 45498, 59357]",12731,0,-4.0,-3.0,1.0,3,1,1,1
wavmark,8,1024,76,chinese:SSB0273,1,mean,"[11117, 15933, 21035, 27629, 29712, 32930, 45498, 59357]",14333,0,-4.0,-2.0,2.0,11,1,1,1
wavmark,8,4096,76,chinese:SSB0273,1,mean,"[11117, 15933, 21035, 27629, 29712, 32930, 45498, 59357]",13245,0,-4.0,-0.0,4.0,45,1,1,1
wavmark,8,16384,76,chinese:SSB0273,1,mean,"[11117, 15933, 21035, 27629, 29712, 32930, 45498, 59357]",62397,0,-4.0,-2.0,2.0,176,1,1,1
wavmark,8,65536,76,chinese:SSB0273,1,mean,"[11117, 15933, 21035, 27629, 29712, 32930, 45498, 59357]",13245,0,-4.0,-0.0,4.0,698,1,1,1
wavmark,8,256,76,chinese:SSB0273,1,fwp,"[11117, 15933, 21035, 27629, 29712, 32930, 45498, 59357]",15933,1,-2.0,-3.0,-1.0,1,0,0,0
wavmark,8,1024,76,chinese:SSB0273,1,fwp,"[11117, 15933, 21035, 27629, 29712, 32930, 45498, 59357]",15933,1,-2.0,-2.0,0.0,1,0,0,0
wavmark,8,4096,76,chinese:SSB0273,1,fwp,"[11117, 15933, 21035, 27629, 29712, 32930, 45498, 59357]",15679,0,-2.0,-1.0,1.0,2,1,1,0
wavmark,8,16384,76,chinese:SSB0273,1,fwp,"[11117, 15933, 21035, 27629, 29712, 32930, 45498, 59357]",15679,0,-2.0,-1.0,1.0,6,1,1,1
wavmark,8,65536,76,chinese:SSB0273,1,fwp,"[11117, 15933, 21035, 27629, 29712, 32930, 45498, 59357]",15677,0,-2.0,-0.0,2.0,18,1,1,1
wavmark,8,256,77,chinese:SSB0273,2,mean,"[13733, 16735, 35902, 43465, 52652, 53868, 61363, 61996]",64703,0,-3.0,-3.0,0.0,1,1,0,0
wavmark,8,1024,77,chinese:SSB0273,2,mean,"[13733, 16735, 35902, 43465, 52652, 53868, 61363, 61996]",60477,0,-3.0,-2.0,1.0,2,1,1,1
wavmark,8,4096,77,chinese:SSB0273,2,mean,"[13733, 16735, 35902, 43465, 52652, 53868, 61363, 61996]",52669,0,-3.0,-1.0,2.0,10,1,1,1
wavmark,8,16384,77,chinese:SSB0273,2,mean,"[13733, 16735, 35902, 43465, 52652, 53868, 61363, 61996]",61373,0,-3.0,-1.0,2.0,40,1,1,1
wavmark,8,65536,77,chinese:SSB0273,2,mean,"[13733, 16735, 35902, 43465, 52652, 53868, 61363, 61996]",60861,0,-3.0,-0.0,3.0,138,1,1,1
wavmark,8,256,77,chinese:SSB0273,2,fwp,"[13733, 16735, 35902, 43465, 52652, 53868, 61363, 61996]",61363,1,-3.0,-4.0,-1.0,1,0,0,0
wavmark,8,1024,77,chinese:SSB0273,2,fwp,"[13733, 16735, 35902, 43465, 52652, 53868, 61363, 61996]",60919,0,-3.0,-2.0,1.0,2,1,0,0
wavmark,8,4096,77,chinese:SSB0273,2,fwp,"[13733, 16735, 35902, 43465, 52652, 53868, 61363, 61996]",65407,0,-3.0,-2.0,1.0,10,1,1,1
wavmark,8,16384,77,chinese:SSB0273,2,fwp,"[13733, 16735, 35902, 43465, 52652, 53868, 61363, 61996]",61439,0,-3.0,-0.0,3.0,45,1,1,1
wavmark,8,65536,77,chinese:SSB0273,2,fwp,"[13733, 16735, 35902, 43465, 52652, 53868, 61363, 61996]",61439,0,-3.0,-0.0,3.0,138,1,1,1
wavmark,8,256,78,chinese:SSB0287,0,mean,"[1203, 7053, 7379, 22002, 23820, 37413, 53659, 64296]",5307,0,-4.0,-2.0,2.0,3,1,1,1
wavmark,8,1024,78,chinese:SSB0287,0,mean,"[1203, 7053, 7379, 22002, 23820, 37413, 53659, 64296]",15807,0,-4.0,-2.0,2.0,10,1,1,1
wavmark,8,4096,78,chinese:SSB0287,0,mean,"[1203, 7053, 7379, 22002, 23820, 37413, 53659, 64296]",7611,0,-4.0,-0.0,4.0,51,1,1,1
wavmark,8,16384,78,chinese:SSB0287,0,mean,"[1203, 7053, 7379, 22002, 23820, 37413, 53659, 64296]",23995,0,-4.0,-1.0,3.0,185,1,1,1
wavmark,8,65536,78,chinese:SSB0287,0,mean,"[1203, 7053, 7379, 22002, 23820, 37413, 53659, 64296]",7611,0,-4.0,-0.0,4.0,698,1,1,1
wavmark,8,256,78,chinese:SSB0287,0,fwp,"[1203, 7053, 7379, 22002, 23820, 37413, 53659, 64296]",48874,0,-6.0,-4.0,2.0,24,1,1,1
wavmark,8,1024,78,chinese:SSB0287,0,fwp,"[1203, 7053, 7379, 22002, 23820, 37413, 53659, 64296]",65331,0,-6.0,-3.0,3.0,100,1,1,1
wavmark,8,4096,78,chinese:SSB0287,0,fwp,"[1203, 7053, 7379, 22002, 23820, 37413, 53659, 64296]",65467,0,-6.0,-1.0,5.0,452,1,1,1
wavmark,8,16384,78,chinese:SSB0287,0,fwp,"[1203, 7053, 7379, 22002, 23820, 37413, 53659, 64296]",49083,0,-6.0,-0.0,6.0,1773,1,1,1
wavmark,8,65536,78,chinese:SSB0287,0,fwp,"[1203, 7053, 7379, 22002, 23820, 37413, 53659, 64296]",49083,0,-6.0,-0.0,6.0,6886,1,1,1
wavmark,8,256,79,chinese:SSB0287,1,mean,"[10701, 17485, 21207, 35301, 35462, 45247, 51747, 57704]",59647,0,-4.0,-2.0,2.0,4,1,1,1
wavmark,8,1024,79,chinese:SSB0287,1,mean,"[10701, 17485, 21207, 35301, 35462, 45247, 51747, 57704]",60142,0,-4.0,-3.0,1.0,10,1,1,1
wavmark,8,4096,79,chinese:SSB0287,1,mean,"[10701, 17485, 21207, 35301, 35462, 45247, 51747, 57704]",44271,0,-4.0,-1.0,3.0,55,1,1,1
wavmark,8,16384,79,chinese:SSB0287,1,mean,"[10701, 17485, 21207, 35301, 35462, 45247, 51747, 57704]",59631,0,-4.0,-1.0,3.0,159,1,1,1
wavmark,8,65536,79,chinese:SSB0287,1,mean,"[10701, 17485, 21207, 35301, 35462, 45247, 51747, 57704]",43247,0,-4.0,-0.0,4.0,698,1,1,1
wavmark,8,256,79,chinese:SSB0287,1,fwp,"[10701, 17485, 21207, 35301, 35462, 45247, 51747, 57704]",43498,0,-5.0,-2.0,3.0,15,1,1,1
wavmark,8,1024,79,chinese:SSB0287,1,fwp,"[10701, 17485, 21207, 35301, 35462, 45247, 51747, 57704]",60142,0,-5.0,-2.0,3.0,32,1,1,1
wavmark,8,4096,79,chinese:SSB0287,1,fwp,"[10701, 17485, 21207, 35301, 35462, 45247, 51747, 57704]",61422,0,-5.0,-2.0,3.0,156,1,1,1
wavmark,8,16384,79,chinese:SSB0287,1,fwp,"[10701, 17485, 21207, 35301, 35462, 45247, 51747, 57704]",44012,0,-5.0,-1.0,4.0,627,1,1,1
wavmark,8,65536,79,chinese:SSB0287,1,fwp,"[10701, 17485, 21207, 35301, 35462, 45247, 51747, 57704]",44014,0,-5.0,-0.0,5.0,2518,1,1,1
wavmark,8,256,80,chinese:SSB0287,2,mean,"[5539, 11977, 16691, 22265, 30674, 34597, 47903, 55474]",49078,0,-4.0,-3.0,1.0,3,1,1,1
wavmark,8,1024,80,chinese:SSB0287,2,mean,"[5539, 11977, 16691, 22265, 30674, 34597, 47903, 55474]",14263,0,-4.0,-2.0,2.0,9,1,1,1
wavmark,8,4096,80,chinese:SSB0287,2,mean,"[5539, 11977, 16691, 22265, 30674, 34597, 47903, 55474]",15283,0,-4.0,-1.0,3.0,33,1,1,1
wavmark,8,16384,80,chinese:SSB0287,2,mean,"[5539, 11977, 16691, 22265, 30674, 34597, 47903, 55474]",32691,0,-4.0,-1.0,3.0,164,1,1,1
wavmark,8,65536,80,chinese:SSB0287,2,mean,"[5539, 11977, 16691, 22265, 30674, 34597, 47903, 55474]",16307,0,-4.0,-0.0,4.0,698,1,1,1
wavmark,8,256,80,chinese:SSB0287,2,fwp,"[5539, 11977, 16691, 22265, 30674, 34597, 47903, 55474]",65193,0,-5.0,-3.0,2.0,8,1,1,1
wavmark,8,1024,80,chinese:SSB0287,2,fwp,"[5539, 11977, 16691, 22265, 30674, 34597, 47903, 55474]",65210,0,-5.0,-2.0,3.0,42,1,1,1
wavmark,8,4096,80,chinese:SSB0287,2,fwp,"[5539, 11977, 16691, 22265, 30674, 34597, 47903, 55474]",44731,0,-5.0,-1.0,4.0,163,1,1,1
wavmark,8,16384,80,chinese:SSB0287,2,fwp,"[5539, 11977, 16691, 22265, 30674, 34597, 47903, 55474]",48831,0,-5.0,-1.0,4.0,611,1,1,1
wavmark,8,65536,80,chinese:SSB0287,2,fwp,"[5539, 11977, 16691, 22265, 30674, 34597, 47903, 55474]",48827,0,-5.0,-0.0,5.0,2518,1,1,1
wavmark,8,256,81,chinese:SSB0288,0,mean,"[2196, 8582, 11881, 28648, 31626, 35654, 51217, 60250]",3018,0,-3.0,-2.0,1.0,2,1,0,0
wavmark,8,1024,81,chinese:SSB0288,0,mean,"[2196, 8582, 11881, 28648, 31626, 35654, 51217, 60250]",60250,1,-3.0,-3.0,0.0,1,0,0,0
wavmark,8,4096,81,chinese:SSB0288,0,mean,"[2196, 8582, 11881, 28648, 31626, 35654, 51217, 60250]",9178,0,-3.0,-1.0,2.0,8,1,1,1
wavmark,8,16384,81,chinese:SSB0288,0,mean,"[2196, 8582, 11881, 28648, 31626, 35654, 51217, 60250]",43994,0,-3.0,-1.0,2.0,36,1,1,1
wavmark,8,65536,81,chinese:SSB0288,0,mean,"[2196, 8582, 11881, 28648, 31626, 35654, 51217, 60250]",11226,0,-3.0,-0.0,3.0,138,1,1,1
wavmark,8,256,81,chinese:SSB0288,0,fwp,"[2196, 8582, 11881, 28648, 31626, 35654, 51217, 60250]",16295,0,-4.0,-3.0,1.0,3,1,1,0
wavmark,8,1024,81,chinese:SSB0288,0,fwp,"[2196, 8582, 11881, 28648, 31626, 35654, 51217, 60250]",12143,0,-4.0,-1.0,3.0,15,1,1,1
wavmark,8,4096,81,chinese:SSB0288,0,fwp,"[2196, 8582, 11881, 28648, 31626, 35654, 51217, 60250]",44015,0,-4.0,-2.0,2.0,50,1,1,1
wavmark,8,16384,81,chinese:SSB0288,0,fwp,"[2196, 8582, 11881, 28648, 31626, 35654, 51217, 60250]",28655,0,-4.0,-1.0,3.0,177,1,1,1
wavmark,8,65536,81,chinese:SSB0288,0,fwp,"[2196, 8582, 11881, 28648, 31626, 35654, 51217, 60250]",12271,0,-4.0,-0.0,4.0,698,1,1,1
wavmark,8,256,82,chinese:SSB0288,1,mean,"[12661, 18169, 24475, 47423, 49697, 52045, 52816, 56323]",40953,0,-4.0,-3.0,1.0,2,1,1,0
wavmark,8,1024,82,chinese:SSB0288,1,mean,"[12661, 18169, 24475, 47423, 49697, 52045, 52816, 56323]",24377,0,-4.0,-1.0,3.0,14,1,1,1
wavmark,8,4096,82,chinese:SSB0288,1,mean,"[12661, 18169, 24475, 47423, 49697, 52045, 52816, 56323]",64313,0,-4.0,-2.0,2.0,37,1,1,1
wavmark,8,16384,82,chinese:SSB0288,1,mean,"[12661, 18169, 24475, 47423, 49697, 52045, 52816, 56323]",57209,0,-4.0,-1.0,3.0,155,1,1,1
wavmark,8,65536,82,chinese:SSB0288,1,mean,"[12661, 18169, 24475, 47423, 49697, 52045, 52816, 56323]",57145,0,-4.0,-0.0,4.0,698,1,1,1
wavmark,8,256,82,chinese:SSB0288,1,fwp,"[12661, 18169, 24475, 47423, 49697, 52045, 52816, 56323]",49077,0,-4.0,-3.0,1.0,5,1,1,0
wavmark,8,1024,82,chinese:SSB0288,1,fwp,"[12661, 18169, 24475, 47423, 49697, 52045, 52816, 56323]",61119,0,-4.0,-2.0,2.0,20,1,1,1
wavmark,8,4096,82,chinese:SSB0288,1,fwp,"[12661, 18169, 24475, 47423, 49697, 52045, 52816, 56323]",44991,0,-4.0,-0.0,4.0,48,1,1,1
wavmark,8,16384,82,chinese:SSB0288,1,fwp,"[12661, 18169, 24475, 47423, 49697, 52045, 52816, 56323]",44990,0,-4.0,-1.0,3.0,176,1,1,1
wavmark,8,65536,82,chinese:SSB0288,1,fwp,"[12661, 18169, 24475, 47423, 49697, 52045, 52816, 56323]",44991,0,-4.0,-0.0,4.0,698,1,1,1
wavmark,8,256,83,chinese:SSB0288,2,mean,"[7022, 7395, 8258, 16539, 25172, 36536, 41477, 52093]",11903,0,-4.0,-2.0,2.0,2,1,0,0
wavmark,8,1024,83,chinese:SSB0288,2,mean,"[7022, 7395, 8258, 16539, 25172, 36536, 41477, 52093]",35447,0,-4.0,-2.0,2.0,11,1,1,1
wavmark,8,4096,83,chinese:SSB0288,2,mean,"[7022, 7395, 8258, 16539, 25172, 36536, 41477, 52093]",35583,0,-4.0,-2.0,2.0,41,1,1,1
wavmark,8,16384,83,chinese:SSB0288,2,mean,"[7022, 7395, 8258, 16539, 25172, 36536, 41477, 52093]",2687,0,-4.0,-0.0,4.0,183,1,1,1
wavmark,8,65536,83,chinese:SSB0288,2,mean,"[7022, 7395, 8258, 16539, 25172, 36536, 41477, 52093]",2687,0,-4.0,-0.0,4.0,698,1,1,1
wavmark,8,256,83,chinese:SSB0288,2,fwp,"[7022, 7395, 8258, 16539, 25172, 36536, 41477, 52093]",43389,0,-3.0,-2.0,1.0,3,1,1,0
wavmark,8,1024,83,chinese:SSB0288,2,fwp,"[7022, 7395, 8258, 16539, 25172, 36536, 41477, 52093]",58239,0,-3.0,-2.0,1.0,4,1,1,1
wavmark,8,4096,83,chinese:SSB0288,2,fwp,"[7022, 7395, 8258, 16539, 25172, 36536, 41477, 52093]",47995,0,-3.0,-2.0,1.0,6,1,1,1
wavmark,8,16384,83,chinese:SSB0288,2,fwp,"[7022, 7395, 8258, 16539, 25172, 36536, 41477, 52093]",44927,0,-3.0,-1.0,2.0,50,1,1,1
wavmark,8,65536,83,chinese:SSB0288,2,fwp,"[7022, 7395, 8258, 16539, 25172, 36536, 41477, 52093]",43903,0,-3.0,-0.0,3.0,138,1,1,1
wavmark,8,256,84,chinese:SSB0299,0,mean,"[1520, 8580, 11931, 31862, 41734, 47069, 54649, 56395]",47069,1,-2.0,-2.0,0.0,1,0,0,0
wavmark,8,1024,84,chinese:SSB0299,0,mean,"[1520, 8580, 11931, 31862, 41734, 47069, 54649, 56395]",46557,0,-2.0,-1.0,1.0,2,1,0,0
wavmark,8,4096,84,chinese:SSB0299,0,mean,"[1520, 8580, 11931, 31862, 41734, 47069, 54649, 56395]",62943,0,-2.0,-1.0,1.0,2,1,1,0
wavmark,8,16384,84,chinese:SSB0299,0,mean,"[1520, 8580, 11931, 31862, 41734, 47069, 54649, 56395]",48607,0,-2.0,-1.0,1.0,6,1,1,1
wavmark,8,65536,84,chinese:SSB0299,0,mean,"[1520, 8580, 11931, 31862, 41734, 47069, 54649, 56395]",46559,0,-2.0,-0.0,2.0,18,1,1,1
wavmark,8,256,84,chinese:SSB0299,0,fwp,"[1520, 8580, 11931, 31862, 41734, 47069, 54649, 56395]",65419,0,-4.0,-4.0,0.0,1,1,1,1
wavmark,8,1024,84,chinese:SSB0299,0,fwp,"[1520, 8580, 11931, 31862, 41734, 47069, 54649, 56395]",47559,0,-4.0,-2.0,2.0,13,1,1,1
wavmark,8,4096,84,chinese:SSB0299,0,fwp,"[1520, 8580, 11931, 31862, 41734, 47069, 54649, 56395]",64974,0,-4.0,-2.0,2.0,39,1,1,1
wavmark,8,16384,84,chinese:SSB0299,0,fwp,"[1520, 8580, 11931, 31862, 41734, 47069, 54649, 56395]",48607,0,-4.0,-1.0,3.0,173,1,1,1
wavmark,8,65536,84,chinese:SSB0299,0,fwp,"[1520, 8580, 11931, 31862, 41734, 47069, 54649, 56395]",48591,0,-4.0,-0.0,4.0,698,1,1,1
wavmark,8,256,85,chinese:SSB0299,1,mean,"[8349, 19049, 21164, 26844, 27534, 44844, 61665, 62583]",31677,0,-3.0,-3.0,0.0,1,1,0,0
wavmark,8,1024,85,chinese:SSB0299,1,mean,"[8349, 19049, 21164, 26844, 27534, 44844, 61665, 62583]",28285,0,-3.0,-2.0,1.0,2,1,1,0
wavmark,8,4096,85,chinese:SSB0299,1,mean,"[8349, 19049, 21164, 26844, 27534, 44844, 61665, 62583]",31485,0,-3.0,-1.0,2.0,9,1,1,1
wavmark,8,16384,85,chinese:SSB0299,1,mean,"[8349, 19049, 21164, 26844, 27534, 44844, 61665, 62583]",27261,0,-3.0,-1.0,2.0,39,1,1,1
wavmark,8,65536,85,chinese:SSB0299,1,mean,"[8349, 19049, 21164, 26844, 27534, 44844, 61665, 62583]",27389,0,-3.0,-0.0,3.0,138,1,1,1
wavmark,8,256,85,chinese:SSB0299,1,fwp,"[8349, 19049, 21164, 26844, 27534, 44844, 61665, 62583]",65387,0,-5.0,-3.0,2.0,10,1,1,1
wavmark,8,1024,85,chinese:SSB0299,1,fwp,"[8349, 19049, 21164, 26844, 27534, 44844, 61665, 62583]",65518,0,-5.0,-2.0,3.0,41,1,1,1
wavmark,8,4096,85,chinese:SSB0299,1,fwp,"[8349, 19049, 21164, 26844, 27534, 44844, 61665, 62583]",65023,0,-5.0,-1.0,4.0,192,1,1,1
wavmark,8,16384,85,chinese:SSB0299,1,fwp,"[8349, 19049, 21164, 26844, 27534, 44844, 61665, 62583]",65527,0,-5.0,-1.0,4.0,652,1,1,1
wavmark,8,65536,85,chinese:SSB0299,1,fwp,"[8349, 19049, 21164, 26844, 27534, 44844, 61665, 62583]",65535,0,-5.0,-0.0,5.0,2518,1,1,1
wavmark,8,256,86,chinese:SSB0299,2,mean,"[16837, 48290, 56156, 57803, 58766, 60931, 62868, 65228]",58766,1,-2.0,-3.0,-1.0,1,0,0,0
wavmark,8,1024,86,chinese:SSB0299,2,mean,"[16837, 48290, 56156, 57803, 58766, 60931, 62868, 65228]",64974,0,-2.0,-1.0,1.0,2,1,1,0
wavmark,8,4096,86,chinese:SSB0299,2,mean,"[16837, 48290, 56156, 57803, 58766, 60931, 62868, 65228]",64926,0,-2.0,-1.0,1.0,2,1,1,1
wavmark,8,16384,86,chinese:SSB0299,2,mean,"[16837, 48290, 56156, 57803, 58766, 60931, 62868, 65228]",64942,0,-2.0,-1.0,1.0,5,1,1,1
wavmark,8,65536,86,chinese:SSB0299,2,mean,"[16837, 48290, 56156, 57803, 58766, 60931, 62868, 65228]",64910,0,-2.0,-0.0,2.0,18,1,1,1
wavmark,8,256,86,chinese:SSB0299,2,fwp,"[16837, 48290, 56156, 57803, 58766, 60931, 62868, 65228]",11687,0,-3.0,-2.0,1.0,2,1,0,0
wavmark,8,1024,86,chinese:SSB0299,2,fwp,"[16837, 48290, 56156, 57803, 58766, 60931, 62868, 65228]",48293,0,-3.0,-2.0,1.0,2,1,1,1
wavmark,8,4096,86,chinese:SSB0299,2,fwp,"[16837, 48290, 56156, 57803, 58766, 60931, 62868, 65228]",48547,0,-3.0,-1.0,2.0,9,1,1,1
wavmark,8,16384,86,chinese:SSB0299,2,fwp,"[16837, 48290, 56156, 57803, 58766, 60931, 62868, 65228]",64935,0,-3.0,-1.0,2.0,30,1,1,1
wavmark,8,65536,86,chinese:SSB0299,2,fwp,"[16837, 48290, 56156, 57803, 58766, 60931, 62868, 65228]",48551,0,-3.0,-0.0,3.0,138,1,1,1
wavmark,8,256,87,chinese:SSB0307,0,mean,"[9676, 16451, 29936, 33214, 37365, 40642, 51210, 59960]",42202,0,-4.0,-2.0,2.0,4,1,1,1
wavmark,8,1024,87,chinese:SSB0307,0,mean,"[9676, 16451, 29936, 33214, 37365, 40642, 51210, 59960]",41198,0,-4.0,-2.0,2.0,15,1,1,1
wavmark,8,4096,87,chinese:SSB0307,0,mean,"[9676, 16451, 29936, 33214, 37365, 40642, 51210, 59960]",41214,0,-4.0,-1.0,3.0,51,1,1,1
wavmark,8,16384,87,chinese:SSB0307,0,mean,"[9676, 16451, 29936, 33214, 37365, 40642, 51210, 59960]",57594,0,-4.0,-1.0,3.0,168,1,1,1
wavmark,8,65536,87,chinese:SSB0307,0,mean,"[9676, 16451, 29936, 33214, 37365, 40642, 51210, 59960]",41210,0,-4.0,-0.0,4.0,698,1,1,1
wavmark,8,256,87,chinese:SSB0307,0,fwp,"[9676, 16451, 29936, 33214, 37365, 40642, 51210, 59960]",22967,0,-3.0,-2.0,1.0,2,1,0,0
wavmark,8,1024,87,chinese:SSB0307,0,fwp,"[9676, 16451, 29936, 33214, 37365, 40642, 51210, 59960]",48567,0,-3.0,-2.0,1.0,6,1,1,1
wavmark,8,4096,87,chinese:SSB0307,0,fwp,"[9676, 16451, 29936, 33214, 37365, 40642, 51210, 59960]",55735,0,-3.0,-1.0,2.0,7,1,1,1
wavmark,8,16384,87,chinese:SSB0307,0,fwp,"[9676, 16451, 29936, 33214, 37365, 40642, 51210, 59960]",39863,0,-3.0,-1.0,2.0,45,1,1,1
wavmark,8,65536,87,chinese:SSB0307,0,fwp,"[9676, 16451, 29936, 33214, 37365, 40642, 51210, 59960]",39351,0,-3.0,-0.0,3.0,138,1,1,1
wavmark,8,256,88,chinese:SSB0307,1,mean,"[5289, 21202, 23159, 36259, 43695, 47873, 57397, 61260]",60085,0,-2.0,-2.0,0.0,1,1,0,0
wavmark,8,1024,88,chinese:SSB0307,1,mean,"[5289, 21202, 23159, 36259, 43695, 47873, 57397, 61260]",43695,1,-2.0,-3.0,-1.0,1,0,0,0
wavmark,8,4096,88,chinese:SSB0307,1,mean,"[5289, 21202, 23159, 36259, 43695, 47873, 57397, 61260]",43703,0,-2.0,-0.0,2.0,2,1,1,1
wavmark,8,16384,88,chinese:SSB0307,1,mean,"[5289, 21202, 23159, 36259, 43695, 47873, 57397, 61260]",43959,0,-2.0,-1.0,1.0,8,1,1,1
wavmark,8,65536,88,chinese:SSB0307,1,mean,"[5289, 21202, 23159, 36259, 43695, 47873, 57397, 61260]",43703,0,-2.0,-0.0,2.0,18,1,1,1
wavmark,8,256,88,chinese:SSB0307,1,fwp,"[5289, 21202, 23159, 36259, 43695, 47873, 57397, 61260]",47017,0,-3.0,-3.0,0.0,1,1,0,0
wavmark,8,1024,88,chinese:SSB0307,1,fwp,"[5289, 21202, 23159, 36259, 43695, 47873, 57397, 61260]",41901,0,-3.0,-2.0,1.0,3,1,1,1
wavmark,8,4096,88,chinese:SSB0307,1,fwp,"[5289, 21202, 23159, 36259, 43695, 47873, 57397, 61260]",61357,0,-3.0,-1.0,2.0,13,1,1,1
wavmark,8,16384,88,chinese:SSB0307,1,fwp,"[5289, 21202, 23159, 36259, 43695, 47873, 57397, 61260]",61357,0,-3.0,-1.0,2.0,49,1,1,1
wavmark,8,65536,88,chinese:SSB0307,1,fwp,"[5289, 21202, 23159, 36259, 43695, 47873, 57397, 61260]",44973,0,-3.0,-0.0,3.0,138,1,1,1
wavmark,8,256,89,chinese:SSB0307,2,mean,"[8904, 22763, 25203, 32848, 36277, 55049, 56362, 59701]",51225,0,-4.0,-1.0,3.0,3,1,1,0
wavmark,8,1024,89,chinese:SSB0307,2,mean,"[8904, 22763, 25203, 32848, 36277, 55049, 56362, 59701]",59769,0,-4.0,-3.0,1.0,15,1,1,1
wavmark,8,4096,89,chinese:SSB0307,2,mean,"[8904, 22763, 25203, 32848, 36277, 55049, 56362, 59701]",51241,0,-4.0,-1.0,3.0,43,1,1,1
wavmark,8,16384,89,chinese:SSB0307,2,mean,"[8904, 22763, 25203, 32848, 36277, 55049, 56362, 59701]",55353,0,-4.0,-1.0,3.0,166,1,1,1
wavmark,8,65536,89,chinese:SSB0307,2,mean,"[8904, 22763, 25203, 32848, 36277, 55049, 56362, 59701]",51257,0,-4.0,-0.0,4.0,698,1,1,1
wavmark,8,256,89,chinese:SSB0307,2,fwp,"[8904, 22763, 25203, 32848, 36277, 55049, 56362, 59701]",60324,0,-3.0,-3.0,0.0,1,1,0,0
wavmark,8,1024,89,chinese:SSB0307,2,fwp,"[8904, 22763, 25203, 32848, 36277, 55049, 56362, 59701]",61365,0,-3.0,-2.0,1.0,4,1,1,1
wavmark,8,4096,89,chinese:SSB0307,2,fwp,"[8904, 22763, 25203, 32848, 36277, 55049, 56362, 59701]",44980,0,-3.0,-0.0,3.0,11,1,1,1
wavmark,8,16384,89,chinese:SSB0307,2,fwp,"[8904, 22763, 25203, 32848, 36277, 55049, 56362, 59701]",44988,0,-3.0,-1.0,2.0,40,1,1,1
wavmark,8,65536,89,chinese:SSB0307,2,fwp,"[8904, 22763, 25203, 32848, 36277, 55049, 56362, 59701]",44980,0,-3.0,-0.0,3.0,138,1,1,1
wavmark,8,256,90,chinese:SSB0309,0,mean,"[6074, 6160, 14253, 21861, 25845, 42163, 46629, 60382]",14253,1,-2.0,-4.0,-2.0,1,0,0,0
wavmark,8,1024,90,chinese:SSB0309,0,mean,"[6074, 6160, 14253, 21861, 25845, 42163, 46629, 60382]",14333,0,-2.0,-2.0,0.0,1,1,0,0
wavmark,8,4096,90,chinese:SSB0309,0,mean,"[6074, 6160, 14253, 21861, 25845, 42163, 46629, 60382]",14261,0,-2.0,-0.0,2.0,3,1,1,1
wavmark,8,16384,90,chinese:SSB0309,0,mean,"[6074, 6160, 14253, 21861, 25845, 42163, 46629, 60382]",14261,0,-2.0,-0.0,2.0,7,1,1,1
wavmark,8,65536,90,chinese:SSB0309,0,mean,"[6074, 6160, 14253, 21861, 25845, 42163, 46629, 60382]",14261,0,-2.0,-0.0,2.0,18,1,1,1
wavmark,8,256,90,chinese:SSB0309,0,fwp,"[6074, 6160, 14253, 21861, 25845, 42163, 46629, 60382]",60382,1,-1.0,-4.0,-3.0,1,0,0,0
wavmark,8,1024,90,chinese:SSB0309,0,fwp,"[6074, 6160, 14253, 21861, 25845, 42163, 46629, 60382]",60382,1,-1.0,-2.0,-1.0,1,0,0,0
wavmark,8,4096,90,chinese:SSB0309,0,fwp,"[6074, 6160, 14253, 21861, 25845, 42163, 46629, 60382]",60382,1,-1.0,-1.0,0.0,1,0,0,0
wavmark,8,16384,90,chinese:SSB0309,0,fwp,"[6074, 6160, 14253, 21861, 25845, 42163, 46629, 60382]",60382,1,-1.0,-1.0,0.0,1,0,0,0
wavmark,8,65536,90,chinese:SSB0309,0,fwp,"[6074, 6160, 14253, 21861, 25845, 42163, 46629, 60382]",60318,0,-1.0,-0.0,1.0,2,1,1,0
wavmark,8,256,91,chinese:SSB0309,1,mean,"[8735, 11653, 12944, 18042, 25266, 36921, 41415, 44165]",41879,0,-2.0,-2.0,0.0,1,1,0,0
wavmark,8,1024,91,chinese:SSB0309,1,mean,"[8735, 11653, 12944, 18042, 25266, 36921, 41415, 44165]",41687,0,-2.0,-2.0,0.0,1,1,0,0
wavmark,8,4096,91,chinese:SSB0309,1,mean,"[8735, 11653, 12944, 18042, 25266, 36921, 41415, 44165]",8727,0,-2.0,-1.0,1.0,2,1,1,1
wavmark,8,16384,91,chinese:SSB0309,1,mean,"[8735, 11653, 12944, 18042, 25266, 36921, 41415, 44165]",41623,0,-2.0,-1.0,1.0,4,1,1,1
wavmark,8,65536,91,chinese:SSB0309,1,mean,"[8735, 11653, 12944, 18042, 25266, 36921, 41415, 44165]",8855,0,-2.0,-0.0,2.0,18,1,1,1
wavmark,8,256,91,chinese:SSB0309,1,fwp,"[8735, 11653, 12944, 18042, 25266, 36921, 41415, 44165]",35503,0,-5.0,-3.0,2.0,6,1,1,1
wavmark,8,1024,91,chinese:SSB0309,1,fwp,"[8735, 11653, 12944, 18042, 25266, 36921, 41415, 44165]",48799,0,-5.0,-2.0,3.0,35,1,1,1
wavmark,8,4096,91,chinese:SSB0309,1,fwp,"[8735, 11653, 12944, 18042, 25266, 36921, 41415, 44165]",61117,0,-5.0,-2.0,3.0,142,1,1,1
wavmark,8,16384,91,chinese:SSB0309,1,fwp,"[8735, 11653, 12944, 18042, 25266, 36921, 41415, 44165]",44733,0,-5.0,-1.0,4.0,643,1,1,1
wavmark,8,65536,91,chinese:SSB0309,1,fwp,"[8735, 11653, 12944, 18042, 25266, 36921, 41415, 44165]",44735,0,-5.0,-0.0,5.0,2518,1,1,1
wavmark,8,256,92,chinese:SSB0309,2,mean,"[832, 1391, 2766, 3533, 7021, 25723, 35760, 50516]",20348,0,-3.0,-2.0,1.0,2,1,1,0
wavmark,8,1024,92,chinese:SSB0309,2,mean,"[832, 1391, 2766, 3533, 7021, 25723, 35760, 50516]",36477,0,-3.0,-2.0,1.0,4,1,1,1
wavmark,8,4096,92,chinese:SSB0309,2,mean,"[832, 1391, 2766, 3533, 7021, 25723, 35760, 50516]",20349,0,-3.0,-1.0,2.0,8,1,1,1
wavmark,8,16384,92,chinese:SSB0309,2,mean,"[832, 1391, 2766, 3533, 7021, 25723, 35760, 50516]",36733,0,-3.0,-1.0,2.0,37,1,1,1
wavmark,8,65536,92,chinese:SSB0309,2,mean,"[832, 1391, 2766, 3533, 7021, 25723, 35760, 50516]",3965,0,-3.0,-0.0,3.0,138,1,1,1
wavmark,8,256,92,chinese:SSB0309,2,fwp,"[832, 1391, 2766, 3533, 7021, 25723, 35760, 50516]",48954,0,-5.0,-3.0,2.0,15,1,1,1
wavmark,8,1024,92,chinese:SSB0309,2,fwp,"[832, 1391, 2766, 3533, 7021, 25723, 35760, 50516]",44715,0,-5.0,-2.0,3.0,62,1,1,1
wavmark,8,4096,92,chinese:SSB0309,2,fwp,"[832, 1391, 2766, 3533, 7021, 25723, 35760, 50516]",44955,0,-5.0,-1.0,4.0,179,1,1,1
wavmark,8,16384,92,chinese:SSB0309,2,fwp,"[832, 1391, 2766, 3533, 7021, 25723, 35760, 50516]",44991,0,-5.0,-1.0,4.0,703,1,1,1
wavmark,8,65536,92,chinese:SSB0309,2,fwp,"[832, 1391, 2766, 3533, 7021, 25723, 35760, 50516]",44987,0,-5.0,-0.0,5.0,2518,1,1,1
wavmark,8,256,93,chinese:SSB0315,0,mean,"[12187, 15187, 23524, 23614, 34172, 36095, 38949, 43987]",49115,0,-4.0,-2.0,2.0,3,1,1,1
wavmark,8,1024,93,chinese:SSB0315,0,mean,"[12187, 15187, 23524, 23614, 34172, 36095, 38949, 43987]",49150,0,-4.0,-1.0,3.0,9,1,1,1
wavmark,8,4096,93,chinese:SSB0315,0,mean,"[12187, 15187, 23524, 23614, 34172, 36095, 38949, 43987]",49149,0,-4.0,-1.0,3.0,38,1,1,1
wavmark,8,16384,93,chinese:SSB0315,0,mean,"[12187, 15187, 23524, 23614, 34172, 36095, 38949, 43987]",49143,0,-4.0,-1.0,3.0,164,1,1,1
wavmark,8,65536,93,chinese:SSB0315,0,mean,"[12187, 15187, 23524, 23614, 34172, 36095, 38949, 43987]",49151,0,-4.0,-0.0,4.0,698,1,1,1
wavmark,8,256,93,chinese:SSB0315,0,fwp,"[12187, 15187, 23524, 23614, 34172, 36095, 38949, 43987]",49115,0,-4.0,-2.0,2.0,3,1,1,1
wavmark,8,1024,93,chinese:SSB0315,0,fwp,"[12187, 15187, 23524, 23614, 34172, 36095, 38949, 43987]",49150,0,-4.0,-1.0,3.0,9,1,1,1
wavmark,8,4096,93,chinese:SSB0315,0,fwp,"[12187, 15187, 23524, 23614, 34172, 36095, 38949, 43987]",49149,0,-4.0,-1.0,3.0,38,1,1,1
wavmark,8,16384,93,chinese:SSB0315,0,fwp,"[12187, 15187, 23524, 23614, 34172, 36095, 38949, 43987]",49143,0,-4.0,-1.0,3.0,164,1,1,1
wavmark,8,65536,93,chinese:SSB0315,0,fwp,"[12187, 15187, 23524, 23614, 34172, 36095, 38949, 43987]",49151,0,-4.0,-0.0,4.0,698,1,1,1
wavmark,8,256,94,chinese:SSB0315,1,mean,"[4870, 6829, 11856, 31605, 38433, 39659, 61824, 64360]",64368,0,-3.0,-3.0,0.0,1,1,0,0
wavmark,8,1024,94,chinese:SSB0315,1,mean,"[4870, 6829, 11856, 31605, 38433, 39659, 61824, 64360]",47905,0,-3.0,-1.0,2.0,2,1,0,0
wavmark,8,4096,94,chinese:SSB0315,1,mean,"[4870, 6829, 11856, 31605, 38433, 39659, 61824, 64360]",64289,0,-3.0,-2.0,1.0,10,1,1,1
wavmark,8,16384,94,chinese:SSB0315,1,mean,"[4870, 6829, 11856, 31605, 38433, 39659, 61824, 64360]",47969,0,-3.0,-0.0,3.0,32,1,1,1
wavmark,8,65536,94,chinese:SSB0315,1,mean,"[4870, 6829, 11856, 31605, 38433, 39659, 61824, 64360]",47969,0,-3.0,-0.0,3.0,138,1,1,1
wavmark,8,256,94,chinese:SSB0315,1,fwp,"[4870, 6829, 11856, 31605, 38433, 39659, 61824, 64360]",9963,0,-4.0,-3.0,1.0,2,1,1,1
wavmark,8,1024,94,chinese:SSB0315,1,fwp,"[4870, 6829, 11856, 31605, 38433, 39659, 61824, 64360]",44699,0,-4.0,-2.0,2.0,14,1,1,1
wavmark,8,4096,94,chinese:SSB0315,1,fwp,"[4870, 6829, 11856, 31605, 38433, 39659, 61824, 64360]",44283,0,-4.0,-1.0,3.0,41,1,1,1
wavmark,8,16384,94,chinese:SSB0315,1,fwp,"[4870, 6829, 11856, 31605, 38433, 39659, 61824, 64360]",61179,0,-4.0,-1.0,3.0,181,1,1,1
wavmark,8,65536,94,chinese:SSB0315,1,fwp,"[4870, 6829, 11856, 31605, 38433, 39659, 61824, 64360]",44795,0,-4.0,-0.0,4.0,698,1,1,1
wavmark,8,256,95,chinese:SSB0315,2,mean,"[3718, 6940, 10643, 13389, 19125, 22904, 25267, 57343]",39871,0,-4.0,-3.0,1.0,4,1,1,0
wavmark,8,1024,95,chinese:SSB0315,2,mean,"[3718, 6940, 10643, 13389, 19125, 22904, 25267, 57343]",32191,0,-4.0,-2.0,2.0,9,1,1,1
wavmark,8,4096,95,chinese:SSB0315,2,mean,"[3718, 6940, 10643, 13389, 19125, 22904, 25267, 57343]",49083,0,-4.0,-2.0,2.0,48,1,1,1
wavmark,8,16384,95,chinese:SSB0315,2,mean,"[3718, 6940, 10643, 13389, 19125, 22904, 25267, 57343]",16319,0,-4.0,-0.0,4.0,170,1,1,1
wavmark,8,65536,95,chinese:SSB0315,2,mean,"[3718, 6940, 10643, 13389, 19125, 22904, 25267, 57343]",16319,0,-4.0,-0.0,4.0,698,1,1,1
wavmark,8,256,95,chinese:SSB0315,2,fwp,"[3718, 6940, 10643, 13389, 19125, 22904, 25267, 57343]",57343,1,-2.0,-3.0,-1.0,1,0,0,0
wavmark,8,1024,95,chinese:SSB0315,2,fwp,"[3718, 6940, 10643, 13389, 19125, 22904, 25267, 57343]",57343,1,-2.0,-2.0,0.0,1,0,0,0
wavmark,8,4096,95,chinese:SSB0315,2,fwp,"[3718, 6940, 10643, 13389, 19125, 22904, 25267, 57343]",57343,1,-2.0,-2.0,0.0,1,0,0,0
wavmark,8,16384,95,chinese:SSB0315,2,fwp,"[3718, 6940, 10643, 13389, 19125, 22904, 25267, 57343]",57342,0,-2.0,-1.0,1.0,3,1,0,0
wavmark,8,65536,95,chinese:SSB0315,2,fwp,"[3718, 6940, 10643, 13389, 19125, 22904, 25267, 57343]",24574,0,-2.0,-0.0,2.0,18,1,1,1
wavmark,8,256,96,chinese:SSB0316,0,mean,"[6590, 12369, 22721, 38796, 43885, 45730, 50537, 61441]",45293,0,-5.0,-2.0,3.0,7,1,1,1
wavmark,8,1024,96,chinese:SSB0316,0,mean,"[6590, 12369, 22721, 38796, 43885, 45730, 50537, 61441]",53737,0,-5.0,-2.0,3.0,38,1,1,1
wavmark,8,4096,96,chinese:SSB0316,0,mean,"[6590, 12369, 22721, 38796, 43885, 45730, 50537, 61441]",61897,0,-5.0,-2.0,3.0,155,1,1,1
wavmark,8,16384,96,chinese:SSB0316,0,mean,"[6590, 12369, 22721, 38796, 43885, 45730, 50537, 61441]",45545,0,-5.0,-0.0,5.0,639,1,1,1
wavmark,8,65536,96,chinese:SSB0316,0,mean,"[6590, 12369, 22721, 38796, 43885, 45730, 50537, 61441]",45545,0,-5.0,-0.0,5.0,2518,1,1,1
wavmark,8,256,96,chinese:SSB0316,0,fwp,"[6590, 12369, 22721, 38796, 43885, 45730, 50537, 61441]",48063,0,-3.0,-1.0,2.0,3,1,1,1
wavmark,8,1024,96,chinese:SSB0316,0,fwp,"[6590, 12369, 22721, 38796, 43885, 45730, 50537, 61441]",47539,0,-3.0,-2.0,1.0,6,1,1,1
wavmark,8,4096,96,chinese:SSB0316,0,fwp,"[6590, 12369, 22721, 38796, 43885, 45730, 50537, 61441]",47545,0,-3.0,-2.0,1.0,5,1,1,1
wavmark,8,16384,96,chinese:SSB0316,0,fwp,"[6590, 12369, 22721, 38796, 43885, 45730, 50537, 61441]",47549,0,-3.0,-1.0,2.0,26,1,1,1
wavmark,8,65536,96,chinese:SSB0316,0,fwp,"[6590, 12369, 22721, 38796, 43885, 45730, 50537, 61441]",47551,0,-3.0,-0.0,3.0,138,1,1,1
wavmark,8,256,97,chinese:SSB0316,1,mean,"[13909, 21757, 25690, 28978, 31153, 31203, 57500, 59787]",31153,1,-3.0,-4.0,-1.0,1,0,0,0
wavmark,8,1024,97,chinese:SSB0316,1,mean,"[13909, 21757, 25690, 28978, 31153, 31203, 57500, 59787]",32179,0,-3.0,-3.0,0.0,1,1,0,0
wavmark,8,4096,97,chinese:SSB0316,1,mean,"[13909, 21757, 25690, 28978, 31153, 31203, 57500, 59787]",29627,0,-3.0,-1.0,2.0,9,1,1,1
wavmark,8,16384,97,chinese:SSB0316,1,mean,"[13909, 21757, 25690, 28978, 31153, 31203, 57500, 59787]",31163,0,-3.0,-1.0,2.0,40,1,1,1
wavmark,8,65536,97,chinese:SSB0316,1,mean,"[13909, 21757, 25690, 28978, 31153, 31203, 57500, 59787]",29115,0,-3.0,-0.0,3.0,138,1,1,1
wavmark,8,256,97,chinese:SSB0316,1,fwp,"[13909, 21757, 25690, 28978, 31153, 31203, 57500, 59787]",59871,0,-5.0,-2.0,3.0,16,1,1,1
wavmark,8,1024,97,chinese:SSB0316,1,fwp,"[13909, 21757, 25690, 28978, 31153, 31203, 57500, 59787]",61340,0,-5.0,-3.0,2.0,41,1,1,1
wavmark,8,4096,97,chinese:SSB0316,1,fwp,"[13909, 21757, 25690, 28978, 31153, 31203, 57500, 59787]",65503,0,-5.0,-1.0,4.0,154,1,1,1
wavmark,8,16384,97,chinese:SSB0316,1,fwp,"[13909, 21757, 25690, 28978, 31153, 31203, 57500, 59787]",61399,0,-5.0,-1.0,4.0,623,1,1,1
wavmark,8,65536,97,chinese:SSB0316,1,fwp,"[13909, 21757, 25690, 28978, 31153, 31203, 57500, 59787]",61407,0,-5.0,-0.0,5.0,2518,1,1,1
wavmark,8,256,98,chinese:SSB0316,2,mean,"[2157, 7026, 11028, 36969, 43819, 49675, 51909, 62488]",33609,0,-4.0,-3.0,1.0,2,1,1,0
wavmark,8,1024,98,chinese:SSB0316,2,mean,"[2157, 7026, 11028, 36969, 43819, 49675, 51909, 62488]",51833,0,-4.0,-2.0,2.0,13,1,1,1
wavmark,8,4096,98,chinese:SSB0316,2,mean,"[2157, 7026, 11028, 36969, 43819, 49675, 51909, 62488]",56185,0,-4.0,-2.0,2.0,35,1,1,1
wavmark,8,16384,98,chinese:SSB0316,2,mean,"[2157, 7026, 11028, 36969, 43819, 49675, 51909, 62488]",35705,0,-4.0,-0.0,4.0,178,1,1,1
wavmark,8,65536,98,chinese:SSB0316,2,mean,"[2157, 7026, 11028, 36969, 43819, 49675, 51909, 62488]",35705,0,-4.0,-0.0,4.0,698,1,1,1
wavmark,8,256,98,chinese:SSB0316,2,fwp,"[2157, 7026, 11028, 36969, 43819, 49675, 51909, 62488]",47742,0,-5.0,-3.0,2.0,9,1,1,1
wavmark,8,1024,98,chinese:SSB0316,2,fwp,"[2157, 7026, 11028, 36969, 43819, 49675, 51909, 62488]",31613,0,-5.0,-2.0,3.0,37,1,1,1
wavmark,8,4096,98,chinese:SSB0316,2,fwp,"[2157, 7026, 11028, 36969, 43819, 49675, 51909, 62488]",47999,0,-5.0,-1.0,4.0,150,1,1,1
wavmark,8,16384,98,chinese:SSB0316,2,fwp,"[2157, 7026, 11028, 36969, 43819, 49675, 51909, 62488]",47999,0,-5.0,-1.0,4.0,623,1,1,1
wavmark,8,65536,98,chinese:SSB0316,2,fwp,"[2157, 7026, 11028, 36969, 43819, 49675, 51909, 62488]",47997,0,-5.0,-0.0,5.0,2518,1,1,1
wavmark,8,256,99,chinese:SSB0323,0,mean,"[11507, 18306, 24406, 26877, 27398, 34897, 44120, 52184]",31442,0,-4.0,-3.0,1.0,2,1,1,1
wavmark,8,1024,99,chinese:SSB0323,0,mean,"[11507, 18306, 24406, 26877, 27398, 34897, 44120, 52184]",30674,0,-4.0,-2.0,2.0,17,1,1,1
wavmark,8,4096,99,chinese:SSB0323,0,mean,"[11507, 18306, 24406, 26877, 27398, 34897, 44120, 52184]",60370,0,-4.0,-2.0,2.0,45,1,1,1
wavmark,8,16384,99,chinese:SSB0323,0,mean,"[11507, 18306, 24406, 26877, 27398, 34897, 44120, 52184]",28630,0,-4.0,-1.0,3.0,172,1,1,1
wavmark,8,65536,99,chinese:SSB0323,0,mean,"[11507, 18306, 24406, 26877, 27398, 34897, 44120, 52184]",28626,0,-4.0,-0.0,4.0,698,1,1,1
wavmark,8,256,99,chinese:SSB0323,0,fwp,"[11507, 18306, 24406, 26877, 27398, 34897, 44120, 52184]",35730,0,-5.0,-3.0,2.0,6,1,1,1
wavmark,8,1024,99,chinese:SSB0323,0,fwp,"[11507, 18306, 24406, 26877, 27398, 34897, 44120, 52184]",40851,0,-5.0,-2.0,3.0,35,1,1,1
wavmark,8,4096,99,chinese:SSB0323,0,fwp,"[11507, 18306, 24406, 26877, 27398, 34897, 44120, 52184]",36827,0,-5.0,-1.0,4.0,151,1,1,1
wavmark,8,16384,99,chinese:SSB0323,0,fwp,"[11507, 18306, 24406, 26877, 27398, 34897, 44120, 52184]",35795,0,-5.0,-1.0,4.0,645,1,1,1
wavmark,8,65536,99,chinese:SSB0323,0,fwp,"[11507, 18306, 24406, 26877, 27398, 34897, 44120, 52184]",36819,0,-5.0,-0.0,5.0,2518,1,1,1
wavmark,8,256,100,chinese:SSB0323,1,mean,"[9904, 19808, 20849, 22082, 30964, 40494, 43320, 49016]",49016,1,-2.0,-3.0,-1.0,1,0,0,0
wavmark,8,1024,100,chinese:SSB0323,1,mean,"[9904, 19808, 20849, 22082, 30964, 40494, 43320, 49016]",49016,1,-2.0,-2.0,0.0,1,0,0,0
wavmark,8,4096,100,chinese:SSB0323,1,mean,"[9904, 19808, 20849, 22082, 30964, 40494, 43320, 49016]",49016,1,-2.0,-2.0,0.0,1,0,0,0
wavmark,8,16384,100,chinese:SSB0323,1,mean,"[9904, 19808, 20849, 22082, 30964, 40494, 43320, 49016]",16242,0,-2.0,-1.0,1.0,2,1,0,0
wavmark,8,65536,100,chinese:SSB0323,1,mean,"[9904, 19808, 20849, 22082, 30964, 40494, 43320, 49016]",16240,0,-2.0,-0.0,2.0,18,1,1,1
wavmark,8,256,100,chinese:SSB0323,1,fwp,"[9904, 19808, 20849, 22082, 30964, 40494, 43320, 49016]",49016,1,-2.0,-3.0,-1.0,1,0,0,0
wavmark,8,1024,100,chinese:SSB0323,1,fwp,"[9904, 19808, 20849, 22082, 30964, 40494, 43320, 49016]",65274,0,-2.0,-2.0,0.0,1,1,1,0
wavmark,8,4096,100,chinese:SSB0323,1,fwp,"[9904, 19808, 20849, 22082, 30964, 40494, 43320, 49016]",65528,0,-2.0,-2.0,0.0,1,1,1,0
wavmark,8,16384,100,chinese:SSB0323,1,fwp,"[9904, 19808, 20849, 22082, 30964, 40494, 43320, 49016]",65370,0,-2.0,-1.0,1.0,3,1,1,1
wavmark,8,65536,100,chinese:SSB0323,1,fwp,"[9904, 19808, 20849, 22082, 30964, 40494, 43320, 49016]",65402,0,-2.0,-0.0,2.0,18,1,1,1
wavmark,8,256,101,chinese:SSB0323,2,mean,"[18814, 24343, 29501, 32252, 49332, 50144, 58484, 60844]",60844,1,-2.0,-3.0,-1.0,1,0,0,0
wavmark,8,1024,101,chinese:SSB0323,2,mean,"[18814, 24343, 29501, 32252, 49332, 50144, 58484, 60844]",60844,1,-2.0,-2.0,0.0,1,0,0,0
wavmark,8,4096,101,chinese:SSB0323,2,mean,"[18814, 24343, 29501, 32252, 49332, 50144, 58484, 60844]",61432,0,-2.0,-2.0,0.0,1,1,1,0
wavmark,8,16384,101,chinese:SSB0323,2,mean,"[18814, 24343, 29501, 32252, 49332, 50144, 58484, 60844]",60920,0,-2.0,-1.0,1.0,3,1,1,1
wavmark,8,65536,101,chinese:SSB0323,2,mean,"[18814, 24343, 29501, 32252, 49332, 50144, 58484, 60844]",60924,0,-2.0,-0.0,2.0,18,1,1,1
wavmark,8,256,101,chinese:SSB0323,2,fwp,"[18814, 24343, 29501, 32252, 49332, 50144, 58484, 60844]",63411,0,-4.0,-4.0,0.0,1,1,1,1
wavmark,8,1024,101,chinese:SSB0323,2,fwp,"[18814, 24343, 29501, 32252, 49332, 50144, 58484, 60844]",57239,0,-4.0,-2.0,2.0,11,1,1,1
wavmark,8,4096,101,chinese:SSB0323,2,fwp,"[18814, 24343, 29501, 32252, 49332, 50144, 58484, 60844]",57271,0,-4.0,-1.0,3.0,36,1,1,1
wavmark,8,16384,101,chinese:SSB0323,2,fwp,"[18814, 24343, 29501, 32252, 49332, 50144, 58484, 60844]",57335,0,-4.0,-0.0,4.0,158,1,1,1
wavmark,8,65536,101,chinese:SSB0323,2,fwp,"[18814, 24343, 29501, 32252, 49332, 50144, 58484, 60844]",57335,0,-4.0,-0.0,4.0,698,1,1,1
wavmark,8,256,102,chinese:SSB0338,0,mean,"[4023, 11413, 21433, 42579, 45889, 48686, 50373, 61958]",58647,0,-4.0,-3.0,1.0,6,1,1,1
wavmark,8,1024,102,chinese:SSB0338,0,mean,"[4023, 11413, 21433, 42579, 45889, 48686, 50373, 61958]",42775,0,-4.0,-1.0,3.0,14,1,1,1
wavmark,8,4096,102,chinese:SSB0338,0,mean,"[4023, 11413, 21433, 42579, 45889, 48686, 50373, 61958]",42775,0,-4.0,-1.0,3.0,44,1,1,1
wavmark,8,16384,102,chinese:SSB0338,0,mean,"[4023, 11413, 21433, 42579, 45889, 48686, 50373, 61958]",42967,0,-4.0,-1.0,3.0,155,1,1,1
wavmark,8,65536,102,chinese:SSB0338,0,mean,"[4023, 11413, 21433, 42579, 45889, 48686, 50373, 61958]",42903,0,-4.0,-0.0,4.0,698,1,1,1
wavmark,8,256,102,chinese:SSB0338,0,fwp,"[4023, 11413, 21433, 42579, 45889, 48686, 50373, 61958]",48751,0,-4.0,-4.0,0.0,1,1,0,0
wavmark,8,1024,102,chinese:SSB0338,0,fwp,"[4023, 11413, 21433, 42579, 45889, 48686, 50373, 61958]",48573,0,-4.0,-2.0,2.0,10,1,1,1
wavmark,8,4096,102,chinese:SSB0338,0,fwp,"[4023, 11413, 21433, 42579, 45889, 48686, 50373, 61958]",49085,0,-4.0,-1.0,3.0,39,1,1,1
wavmark,8,16384,102,chinese:SSB0338,0,fwp,"[4023, 11413, 21433, 42579, 45889, 48686, 50373, 61958]",49087,0,-4.0,-0.0,4.0,194,1,1,1
wavmark,8,65536,102,chinese:SSB0338,0,fwp,"[4023, 11413, 21433, 42579, 45889, 48686, 50373, 61958]",49087,0,-4.0,-0.0,4.0,698,1,1,1
wavmark,8,256,103,chinese:SSB0338,1,mean,"[24732, 25170, 26218, 32021, 32326, 47205, 62256, 63438]",32326,1,-2.0,-3.0,-1.0,1,0,0,0
wavmark,8,1024,103,chinese:SSB0338,1,mean,"[24732, 25170, 26218, 32021, 32326, 47205, 62256, 63438]",32326,1,-2.0,-2.0,0.0,1,0,0,0
wavmark,8,4096,103,chinese:SSB0338,1,mean,"[24732, 25170, 26218, 32021, 32326, 47205, 62256, 63438]",26198,0,-2.0,-1.0,1.0,2,1,1,0
wavmark,8,16384,103,chinese:SSB0338,1,mean,"[24732, 25170, 26218, 32021, 32326, 47205, 62256, 63438]",63062,0,-2.0,-1.0,1.0,8,1,1,1
wavmark,8,65536,103,chinese:SSB0338,1,mean,"[24732, 25170, 26218, 32021, 32326, 47205, 62256, 63438]",30294,0,-2.0,-0.0,2.0,18,1,1,1
wavmark,8,256,103,chinese:SSB0338,1,fwp,"[24732, 25170, 26218, 32021, 32326, 47205, 62256, 63438]",47851,0,-4.0,-3.0,1.0,3,1,0,0
wavmark,8,1024,103,chinese:SSB0338,1,fwp,"[24732, 25170, 26218, 32021, 32326, 47205, 62256, 63438]",49101,0,-4.0,-2.0,2.0,13,1,1,1
wavmark,8,4096,103,chinese:SSB0338,1,fwp,"[24732, 25170, 26218, 32021, 32326, 47205, 62256, 63438]",48879,0,-4.0,-1.0,3.0,36,1,1,1
wavmark,8,16384,103,chinese:SSB0338,1,fwp,"[24732, 25170, 26218, 32021, 32326, 47205, 62256, 63438]",65519,0,-4.0,-1.0,3.0,191,1,1,1
wavmark,8,65536,103,chinese:SSB0338,1,fwp,"[24732, 25170, 26218, 32021, 32326, 47205, 62256, 63438]",49135,0,-4.0,-0.0,4.0,698,1,1,1
wavmark,8,256,104,chinese:SSB0338,2,mean,"[4034, 6429, 14179, 21549, 25459, 28050, 51691, 54498]",28411,0,-3.0,-3.0,0.0,1,1,0,0
wavmark,8,1024,104,chinese:SSB0338,2,mean,"[4034, 6429, 14179, 21549, 25459, 28050, 51691, 54498]",27875,0,-3.0,-2.0,1.0,2,1,1,0
wavmark,8,4096,104,chinese:SSB0338,2,mean,"[4034, 6429, 14179, 21549, 25459, 28050, 51691, 54498]",28151,0,-3.0,-1.0,2.0,10,1,1,1
wavmark,8,16384,104,chinese:SSB0338,2,mean,"[4034, 6429, 14179, 21549, 25459, 28050, 51691, 54498]",28151,0,-3.0,-1.0,2.0,37,1,1,1
wavmark,8,65536,104,chinese:SSB0338,2,mean,"[4034, 6429, 14179, 21549, 25459, 28050, 51691, 54498]",28147,0,-3.0,-0.0,3.0,138,1,1,1
wavmark,8,256,104,chinese:SSB0338,2,fwp,"[4034, 6429, 14179, 21549, 25459, 28050, 51691, 54498]",36287,0,-5.0,-2.0,3.0,8,1,1,1
wavmark,8,1024,104,chinese:SSB0338,2,fwp,"[4034, 6429, 14179, 21549, 25459, 28050, 51691, 54498]",39421,0,-5.0,-2.0,3.0,38,1,1,1
wavmark,8,4096,104,chinese:SSB0338,2,fwp,"[4034, 6429, 14179, 21549, 25459, 28050, 51691, 54498]",48638,0,-5.0,-2.0,3.0,158,1,1,1
wavmark,8,16384,104,chinese:SSB0338,2,fwp,"[4034, 6429, 14179, 21549, 25459, 28050, 51691, 54498]",56831,0,-5.0,-1.0,4.0,630,1,1,1
wavmark,8,65536,104,chinese:SSB0338,2,fwp,"[4034, 6429, 14179, 21549, 25459, 28050, 51691, 54498]",40447,0,-5.0,-0.0,5.0,2518,1,1,1
wavmark,8,256,105,chinese:SSB0339,0,mean,"[18510, 37548, 42370, 49774, 53854, 57533, 63576, 64857]",53854,1,-3.0,-3.0,0.0,1,0,0,0
wavmark,8,1024,105,chinese:SSB0339,0,mean,"[18510, 37548, 42370, 49774, 53854, 57533, 63576, 64857]",57434,0,-3.0,-1.0,2.0,3,1,1,1
wavmark,8,4096,105,chinese:SSB0339,0,mean,"[18510, 37548, 42370, 49774, 53854, 57533, 63576, 64857]",61534,0,-3.0,-1.0,2.0,8,1,1,1
wavmark,8,16384,105,chinese:SSB0339,0,mean,"[18510, 37548, 42370, 49774, 53854, 57533, 63576, 64857]",61534,0,-3.0,-1.0,2.0,42,1,1,1
wavmark,8,65536,105,chinese:SSB0339,0,mean,"[18510, 37548, 42370, 49774, 53854, 57533, 63576, 64857]",57438,0,-3.0,-0.0,3.0,138,1,1,1
wavmark,8,256,105,chinese:SSB0339,0,fwp,"[18510, 37548, 42370, 49774, 53854, 57533, 63576, 64857]",65515,0,-4.0,-3.0,1.0,4,1,1,0
wavmark,8,1024,105,chinese:SSB0339,0,fwp,"[18510, 37548, 42370, 49774, 53854, 57533, 63576, 64857]",65273,0,-4.0,-2.0,2.0,13,1,1,1
wavmark,8,4096,105,chinese:SSB0339,0,fwp,"[18510, 37548, 42370, 49774, 53854, 57533, 63576, 64857]",65532,0,-4.0,-1.0,3.0,48,1,1,1
wavmark,8,16384,105,chinese:SSB0339,0,fwp,"[18510, 37548, 42370, 49774, 53854, 57533, 63576, 64857]",65525,0,-4.0,-1.0,3.0,174,1,1,1
wavmark,8,65536,105,chinese:SSB0339,0,fwp,"[18510, 37548, 42370, 49774, 53854, 57533, 63576, 64857]",65533,0,-4.0,-0.0,4.0,698,1,1,1
wavmark,8,256,106,chinese:SSB0339,1,mean,"[19502, 23725, 26443, 32141, 37215, 41555, 56756, 58722]",44911,0,-5.0,-3.0,2.0,8,1,1,1
wavmark,8,1024,106,chinese:SSB0339,1,mean,"[19502, 23725, 26443, 32141, 37215, 41555, 56756, 58722]",63871,0,-5.0,-2.0,3.0,41,1,1,1
wavmark,8,4096,106,chinese:SSB0339,1,mean,"[19502, 23725, 26443, 32141, 37215, 41555, 56756, 58722]",60794,0,-5.0,-2.0,3.0,120,1,1,1
wavmark,8,16384,106,chinese:SSB0339,1,mean,"[19502, 23725, 26443, 32141, 37215, 41555, 56756, 58722]",60798,0,-5.0,-1.0,4.0,641,1,1,1
wavmark,8,65536,106,chinese:SSB0339,1,mean,"[19502, 23725, 26443, 32141, 37215, 41555, 56756, 58722]",60799,0,-5.0,-0.0,5.0,2518,1,1,1
wavmark,8,256,106,chinese:SSB0339,1,fwp,"[19502, 23725, 26443, 32141, 37215, 41555, 56756, 58722]",44911,0,-6.0,-3.0,3.0,28,1,1,1
wavmark,8,1024,106,chinese:SSB0339,1,fwp,"[19502, 23725, 26443, 32141, 37215, 41555, 56756, 58722]",44471,0,-6.0,-2.0,4.0,109,1,1,1
wavmark,8,4096,106,chinese:SSB0339,1,fwp,"[19502, 23725, 26443, 32141, 37215, 41555, 56756, 58722]",44787,0,-6.0,-2.0,4.0,406,1,1,1
wavmark,8,16384,106,chinese:SSB0339,1,fwp,"[19502, 23725, 26443, 32141, 37215, 41555, 56756, 58722]",45046,0,-6.0,-1.0,5.0,1686,1,1,1
wavmark,8,65536,106,chinese:SSB0339,1,fwp,"[19502, 23725, 26443, 32141, 37215, 41555, 56756, 58722]",45047,0,-6.0,-0.0,6.0,6886,1,1,1
wavmark,8,256,107,chinese:SSB0339,2,mean,"[7502, 8713, 15077, 15981, 20332, 31087, 40343, 49362]",15727,0,-2.0,-1.0,1.0,2,1,0,0
wavmark,8,1024,107,chinese:SSB0339,2,mean,"[7502, 8713, 15077, 15981, 20332, 31087, 40343, 49362]",15981,1,-2.0,-2.0,0.0,1,0,0,0
wavmark,8,4096,107,chinese:SSB0339,2,mean,"[7502, 8713, 15077, 15981, 20332, 31087, 40343, 49362]",8047,0,-2.0,-1.0,1.0,2,1,1,1
wavmark,8,16384,107,chinese:SSB0339,2,mean,"[7502, 8713, 15077, 15981, 20332, 31087, 40343, 49362]",16255,0,-2.0,-1.0,1.0,5,1,1,1
wavmark,8,65536,107,chinese:SSB0339,2,mean,"[7502, 8713, 15077, 15981, 20332, 31087, 40343, 49362]",16239,0,-2.0,-0.0,2.0,18,1,1,1
wavmark,8,256,107,chinese:SSB0339,2,fwp,"[7502, 8713, 15077, 15981, 20332, 31087, 40343, 49362]",45051,0,-5.0,-2.0,3.0,16,1,1,1
wavmark,8,1024,107,chinese:SSB0339,2,fwp,"[7502, 8713, 15077, 15981, 20332, 31087, 40343, 49362]",44671,0,-5.0,-1.0,4.0,37,1,1,1
wavmark,8,4096,107,chinese:SSB0339,2,fwp,"[7502, 8713, 15077, 15981, 20332, 31087, 40343, 49362]",44797,0,-5.0,-1.0,4.0,165,1,1,1
wavmark,8,16384,107,chinese:SSB0339,2,fwp,"[7502, 8713, 15077, 15981, 20332, 31087, 40343, 49362]",61183,0,-5.0,-1.0,4.0,606,1,1,1
wavmark,8,65536,107,chinese:SSB0339,2,fwp,"[7502, 8713, 15077, 15981, 20332, 31087, 40343, 49362]",44799,0,-5.0,-0.0,5.0,2518,1,1,1
wavmark,8,256,108,chinese:SSB0341,0,mean,"[3096, 29631, 32111, 41704, 44304, 49669, 59208, 60007]",61310,0,-5.0,-2.0,3.0,12,1,1,1
wavmark,8,1024,108,chinese:SSB0341,0,mean,"[3096, 29631, 32111, 41704, 44304, 49669, 59208, 60007]",61293,0,-5.0,-1.0,4.0,36,1,1,1
wavmark,8,4096,108,chinese:SSB0341,0,mean,"[3096, 29631, 32111, 41704, 44304, 49669, 59208, 60007]",61245,0,-5.0,-1.0,4.0,143,1,1,1
wavmark,8,16384,108,chinese:SSB0341,0,mean,"[3096, 29631, 32111, 41704, 44304, 49669, 59208, 60007]",61305,0,-5.0,-1.0,4.0,609,1,1,1
wavmark,8,65536,108,chinese:SSB0341,0,mean,"[3096, 29631, 32111, 41704, 44304, 49669, 59208, 60007]",61309,0,-5.0,-0.0,5.0,2518,1,1,1
wavmark,8,256,108,chinese:SSB0341,0,fwp,"[3096, 29631, 32111, 41704, 44304, 49669, 59208, 60007]",4031,0,-4.0,-1.0,3.0,2,1,1,0
wavmark,8,1024,108,chinese:SSB0341,0,fwp,"[3096, 29631, 32111, 41704, 44304, 49669, 59208, 60007]",42943,0,-4.0,-2.0,2.0,18,1,1,1
wavmark,8,4096,108,chinese:SSB0341,0,fwp,"[3096, 29631, 32111, 41704, 44304, 49669, 59208, 60007]",11711,0,-4.0,-1.0,3.0,39,1,1,1
wavmark,8,16384,108,chinese:SSB0341,0,fwp,"[3096, 29631, 32111, 41704, 44304, 49669, 59208, 60007]",28607,0,-4.0,-1.0,3.0,183,1,1,1
wavmark,8,65536,108,chinese:SSB0341,0,fwp,"[3096, 29631, 32111, 41704, 44304, 49669, 59208, 60007]",12223,0,-4.0,-0.0,4.0,698,1,1,1
wavmark,8,256,109,chinese:SSB0341,1,mean,"[5238, 17201, 29515, 40215, 48492, 49751, 58158, 65317]",65317,1,-3.0,-3.0,0.0,1,0,0,0
wavmark,8,1024,109,chinese:SSB0341,1,mean,"[5238, 17201, 29515, 40215, 48492, 49751, 58158, 65317]",63349,0,-3.0,-2.0,1.0,3,1,0,0
wavmark,8,4096,109,chinese:SSB0341,1,mean,"[5238, 17201, 29515, 40215, 48492, 49751, 58158, 65317]",65335,0,-3.0,-1.0,2.0,10,1,1,1
wavmark,8,16384,109,chinese:SSB0341,1,mean,"[5238, 17201, 29515, 40215, 48492, 49751, 58158, 65317]",65143,0,-3.0,-1.0,2.0,29,1,1,1
wavmark,8,65536,109,chinese:SSB0341,1,mean,"[5238, 17201, 29515, 40215, 48492, 49751, 58158, 65317]",65399,0,-3.0,-0.0,3.0,138,1,1,1
wavmark,8,256,109,chinese:SSB0341,1,fwp,"[5238, 17201, 29515, 40215, 48492, 49751, 58158, 65317]",49017,0,-4.0,-2.0,2.0,4,1,1,0
wavmark,8,1024,109,chinese:SSB0341,1,fwp,"[5238, 17201, 29515, 40215, 48492, 49751, 58158, 65317]",49013,0,-4.0,-2.0,2.0,16,1,1,1
wavmark,8,4096,109,chinese:SSB0341,1,fwp,"[5238, 17201, 29515, 40215, 48492, 49751, 58158, 65317]",42877,0,-4.0,-1.0,3.0,49,1,1,1
wavmark,8,16384,109,chinese:SSB0341,1,fwp,"[5238, 17201, 29515, 40215, 48492, 49751, 58158, 65317]",49021,0,-4.0,-1.0,3.0,187,1,1,1
wavmark,8,65536,109,chinese:SSB0341,1,fwp,"[5238, 17201, 29515, 40215, 48492, 49751, 58158, 65317]",44925,0,-4.0,-0.0,4.0,698,1,1,1
wavmark,8,256,110,chinese:SSB0341,2,mean,"[6902, 10248, 21969, 32023, 38388, 44215, 54319, 59613]",44215,1,-2.0,-4.0,-2.0,1,0,0,0
wavmark,8,1024,110,chinese:SSB0341,2,mean,"[6902, 10248, 21969, 32023, 38388, 44215, 54319, 59613]",44215,1,-2.0,-3.0,-1.0,1,0,0,0
wavmark,8,4096,110,chinese:SSB0341,2,mean,"[6902, 10248, 21969, 32023, 38388, 44215, 54319, 59613]",64767,0,-2.0,-2.0,0.0,1,1,1,1
wavmark,8,16384,110,chinese:SSB0341,2,mean,"[6902, 10248, 21969, 32023, 38388, 44215, 54319, 59613]",48375,0,-2.0,-0.0,2.0,6,1,1,1
wavmark,8,65536,110,chinese:SSB0341,2,mean,"[6902, 10248, 21969, 32023, 38388, 44215, 54319, 59613]",48375,0,-2.0,-0.0,2.0,18,1,1,1
wavmark,8,256,110,chinese:SSB0341,2,fwp,"[6902, 10248, 21969, 32023, 38388, 44215, 54319, 59613]",60860,0,-4.0,-2.0,2.0,3,1,1,1
wavmark,8,1024,110,chinese:SSB0341,2,fwp,"[6902, 10248, 21969, 32023, 38388, 44215, 54319, 59613]",44492,0,-4.0,-2.0,2.0,15,1,1,1
wavmark,8,4096,110,chinese:SSB0341,2,fwp,"[6902, 10248, 21969, 32023, 38388, 44215, 54319, 59613]",44524,0,-4.0,-1.0,3.0,40,1,1,1
wavmark,8,16384,110,chinese:SSB0341,2,fwp,"[6902, 10248, 21969, 32023, 38388, 44215, 54319, 59613]",44540,0,-4.0,-0.0,4.0,169,1,1,1
wavmark,8,65536,110,chinese:SSB0341,2,fwp,"[6902, 10248, 21969, 32023, 38388, 44215, 54319, 59613]",44540,0,-4.0,-0.0,4.0,698,1,1,1
wavmark,8,256,111,chinese:SSB0342,0,mean,"[7537, 15250, 27768, 44629, 46629, 59597, 62056, 65370]",48737,0,-4.0,-2.0,2.0,4,1,1,1
wavmark,8,1024,111,chinese:SSB0342,0,mean,"[7537, 15250, 27768, 44629, 46629, 59597, 62056, 65370]",48765,0,-4.0,-1.0,3.0,14,1,1,1
wavmark,8,4096,111,chinese:SSB0342,0,mean,"[7537, 15250, 27768, 44629, 46629, 59597, 62056, 65370]",40569,0,-4.0,-1.0,3.0,48,1,1,1
wavmark,8,16384,111,chinese:SSB0342,0,mean,"[7537, 15250, 27768, 44629, 46629, 59597, 62056, 65370]",48761,0,-4.0,-0.0,4.0,186,1,1,1
wavmark,8,65536,111,chinese:SSB0342,0,mean,"[7537, 15250, 27768, 44629, 46629, 59597, 62056, 65370]",48761,0,-4.0,-0.0,4.0,698,1,1,1
wavmark,8,256,111,chinese:SSB0342,0,fwp,"[7537, 15250, 27768, 44629, 46629, 59597, 62056, 65370]",45019,0,-5.0,-3.0,2.0,5,1,1,1
wavmark,8,1024,111,chinese:SSB0342,0,fwp,"[7537, 15250, 27768, 44629, 46629, 59597, 62056, 65370]",60383,0,-5.0,-2.0,3.0,35,1,1,1
wavmark,8,4096,111,chinese:SSB0342,0,fwp,"[7537, 15250, 27768, 44629, 46629, 59597, 62056, 65370]",43967,0,-5.0,-1.0,4.0,164,1,1,1
wavmark,8,16384,111,chinese:SSB0342,0,fwp,"[7537, 15250, 27768, 44629, 46629, 59597, 62056, 65370]",43933,0,-5.0,-1.0,4.0,650,1,1,1
wavmark,8,65536,111,chinese:SSB0342,0,fwp,"[7537, 15250, 27768, 44629, 46629, 59597, 62056, 65370]",43935,0,-5.0,-0.0,5.0,2518,1,1,1
wavmark,8,256,112,chinese:SSB0342,1,mean,"[6427, 21956, 23020, 31122, 36681, 52713, 59103, 59369]",52713,1,-3.0,-4.0,-1.0,1,0,0,0
wavmark,8,1024,112,chinese:SSB0342,1,mean,"[6427, 21956, 23020, 31122, 36681, 52713, 59103, 59369]",60763,0,-3.0,-2.0,1.0,2,1,1,1
wavmark,8,4096,112,chinese:SSB0342,1,mean,"[6427, 21956, 23020, 31122, 36681, 52713, 59103, 59369]",60889,0,-3.0,-0.0,3.0,8,1,1,1
wavmark,8,16384,112,chinese:SSB0342,1,mean,"[6427, 21956, 23020, 31122, 36681, 52713, 59103, 59369]",60873,0,-3.0,-1.0,2.0,28,1,1,1
wavmark,8,65536,112,chinese:SSB0342,1,mean,"[6427, 21956, 23020, 31122, 36681, 52713, 59103, 59369]",60889,0,-3.0,-0.0,3.0,138,1,1,1
wavmark,8,256,112,chinese:SSB0342,1,fwp,"[6427, 21956, 23020, 31122, 36681, 52713, 59103, 59369]",65535,0,-3.0,-2.0,1.0,2,1,0,0
wavmark,8,1024,112,chinese:SSB0342,1,fwp,"[6427, 21956, 23020, 31122, 36681, 52713, 59103, 59369]",26619,0,-3.0,-2.0,1.0,2,1,1,1
wavmark,8,4096,112,chinese:SSB0342,1,fwp,"[6427, 21956, 23020, 31122, 36681, 52713, 59103, 59369]",65467,0,-3.0,-2.0,1.0,5,1,1,1
wavmark,8,16384,112,chinese:SSB0342,1,fwp,"[6427, 21956, 23020, 31122, 36681, 52713, 59103, 59369]",61434,0,-3.0,-1.0,2.0,41,1,1,1
wavmark,8,65536,112,chinese:SSB0342,1,fwp,"[6427, 21956, 23020, 31122, 36681, 52713, 59103, 59369]",61435,0,-3.0,-0.0,3.0,138,1,1,1
wavmark,8,256,113,chinese:SSB0342,2,mean,"[1738, 3304, 14499, 17943, 39247, 49575, 62396, 65242]",40687,0,-5.0,-3.0,2.0,11,1,1,1
wavmark,8,1024,113,chinese:SSB0342,2,mean,"[1738, 3304, 14499, 17943, 39247, 49575, 62396, 65242]",48891,0,-5.0,-2.0,3.0,46,1,1,1
wavmark,8,4096,113,chinese:SSB0342,2,mean,"[1738, 3304, 14499, 17943, 39247, 49575, 62396, 65242]",44287,0,-5.0,-1.0,4.0,154,1,1,1
wavmark,8,16384,113,chinese:SSB0342,2,mean,"[1738, 3304, 14499, 17943, 39247, 49575, 62396, 65242]",48895,0,-5.0,-1.0,4.0,622,1,1,1
wavmark,8,65536,113,chinese:SSB0342,2,mean,"[1738, 3304, 14499, 17943, 39247, 49575, 62396, 65242]",44799,0,-5.0,-0.0,5.0,2518,1,1,1
wavmark,8,256,113,chinese:SSB0342,2,fwp,"[1738, 3304, 14499, 17943, 39247, 49575, 62396, 65242]",61402,0,-4.0,-3.0,1.0,3,1,1,0
wavmark,8,1024,113,chinese:SSB0342,2,fwp,"[1738, 3304, 14499, 17943, 39247, 49575, 62396, 65242]",59326,0,-4.0,-1.0,3.0,14,1,1,1
wavmark,8,4096,113,chinese:SSB0342,2,fwp,"[1738, 3304, 14499, 17943, 39247, 49575, 62396, 65242]",61362,0,-4.0,-2.0,2.0,38,1,1,1
wavmark,8,16384,113,chinese:SSB0342,2,fwp,"[1738, 3304, 14499, 17943, 39247, 49575, 62396, 65242]",61358,0,-4.0,-1.0,3.0,160,1,1,1
wavmark,8,65536,113,chinese:SSB0342,2,fwp,"[1738, 3304, 14499, 17943, 39247, 49575, 62396, 65242]",61374,0,-4.0,-0.0,4.0,698,1,1,1
wavmark,8,256,114,chinese:SSB0354,0,mean,"[8040, 13754, 24583, 34623, 39980, 51013, 55969, 62132]",38837,0,-3.0,-1.0,2.0,3,1,1,1
wavmark,8,1024,114,chinese:SSB0354,0,mean,"[8040, 13754, 24583, 34623, 39980, 51013, 55969, 62132]",54189,0,-3.0,-3.0,0.0,1,1,1,1
wavmark,8,4096,114,chinese:SSB0354,0,mean,"[8040, 13754, 24583, 34623, 39980, 51013, 55969, 62132]",38589,0,-3.0,-1.0,2.0,9,1,1,1
wavmark,8,16384,114,chinese:SSB0354,0,mean,"[8040, 13754, 24583, 34623, 39980, 51013, 55969, 62132]",38845,0,-3.0,-0.0,3.0,38,1,1,1
wavmark,8,65536,114,chinese:SSB0354,0,mean,"[8040, 13754, 24583, 34623, 39980, 51013, 55969, 62132]",38845,0,-3.0,-0.0,3.0,138,1,1,1
wavmark,8,256,114,chinese:SSB0354,0,fwp,"[8040, 13754, 24583, 34623, 39980, 51013, 55969, 62132]",11847,0,-5.0,-3.0,2.0,7,1,1,1
wavmark,8,1024,114,chinese:SSB0354,0,fwp,"[8040, 13754, 24583, 34623, 39980, 51013, 55969, 62132]",11055,0,-5.0,-2.0,3.0,26,1,1,1
wavmark,8,4096,114,chinese:SSB0354,0,fwp,"[8040, 13754, 24583, 34623, 39980, 51013, 55969, 62132]",44911,0,-5.0,-1.0,4.0,174,1,1,1
wavmark,8,16384,114,chinese:SSB0354,0,fwp,"[8040, 13754, 24583, 34623, 39980, 51013, 55969, 62132]",16239,0,-5.0,-1.0,4.0,635,1,1,1
wavmark,8,65536,114,chinese:SSB0354,0,fwp,"[8040, 13754, 24583, 34623, 39980, 51013, 55969, 62132]",12143,0,-5.0,-0.0,5.0,2518,1,1,1
wavmark,8,256,115,chinese:SSB0354,1,mean,"[3683, 4564, 12898, 22092, 23271, 27046, 32318, 37095]",23271,1,-3.0,-3.0,0.0,1,0,0,0
wavmark,8,1024,115,chinese:SSB0354,1,mean,"[3683, 4564, 12898, 22092, 23271, 27046, 32318, 37095]",47334,0,-3.0,-2.0,1.0,5,1,1,1
wavmark,8,4096,115,chinese:SSB0354,1,mean,"[3683, 4564, 12898, 22092, 23271, 27046, 32318, 37095]",15078,0,-3.0,-0.0,3.0,14,1,1,1
wavmark,8,16384,115,chinese:SSB0354,1,mean,"[3683, 4564, 12898, 22092, 23271, 27046, 32318, 37095]",15078,0,-3.0,-0.0,3.0,36,1,1,1
wavmark,8,65536,115,chinese:SSB0354,1,mean,"[3683, 4564, 12898, 22092, 23271, 27046, 32318, 37095]",15078,0,-3.0,-0.0,3.0,138,1,1,1
wavmark,8,256,115,chinese:SSB0354,1,fwp,"[3683, 4564, 12898, 22092, 23271, 27046, 32318, 37095]",3060,0,-4.0,-3.0,1.0,4,1,1,1
wavmark,8,1024,115,chinese:SSB0354,1,fwp,"[3683, 4564, 12898, 22092, 23271, 27046, 32318, 37095]",45055,0,-4.0,-3.0,1.0,6,1,1,1
wavmark,8,4096,115,chinese:SSB0354,1,fwp,"[3683, 4564, 12898, 22092, 23271, 27046, 32318, 37095]",20471,0,-4.0,-1.0,3.0,37,1,1,1
wavmark,8,16384,115,chinese:SSB0354,1,fwp,"[3683, 4564, 12898, 22092, 23271, 27046, 32318, 37095]",20471,0,-4.0,-1.0,3.0,172,1,1,1
wavmark,8,65536,115,chinese:SSB0354,1,fwp,"[3683, 4564, 12898, 22092, 23271, 27046, 32318, 37095]",4087,0,-4.0,-0.0,4.0,698,1,1,1
wavmark,8,256,116,chinese:SSB0354,2,mean,"[918, 2760, 17617, 22225, 22997, 44825, 51171, 64497]",22225,1,-3.0,-3.0,0.0,1,0,0,0
wavmark,8,1024,116,chinese:SSB0354,2,mean,"[918, 2760, 17617, 22225, 22997, 44825, 51171, 64497]",20304,0,-3.0,-2.0,1.0,3,1,1,1
wavmark,8,4096,116,chinese:SSB0354,2,mean,"[918, 2760, 17617, 22225, 22997, 44825, 51171, 64497]",19921,0,-3.0,-1.0,2.0,6,1,1,1
wavmark,8,16384,116,chinese:SSB0354,2,mean,"[918, 2760, 17617, 22225, 22997, 44825, 51171, 64497]",20465,0,-3.0,-1.0,2.0,37,1,1,1
wavmark,8,65536,116,chinese:SSB0354,2,mean,"[918, 2760, 17617, 22225, 22997, 44825, 51171, 64497]",20433,0,-3.0,-0.0,3.0,138,1,1,1
wavmark,8,256,116,chinese:SSB0354,2,fwp,"[918, 2760, 17617, 22225, 22997, 44825, 51171, 64497]",41721,0,-3.0,-2.0,1.0,2,1,0,0
wavmark,8,1024,116,chinese:SSB0354,2,fwp,"[918, 2760, 17617, 22225, 22997, 44825, 51171, 64497]",45033,0,-3.0,-2.0,1.0,2,1,0,0
wavmark,8,4096,116,chinese:SSB0354,2,fwp,"[918, 2760, 17617, 22225, 22997, 44825, 51171, 64497]",43995,0,-3.0,-2.0,1.0,6,1,1,1
wavmark,8,16384,116,chinese:SSB0354,2,fwp,"[918, 2760, 17617, 22225, 22997, 44825, 51171, 64497]",60409,0,-3.0,-1.0,2.0,29,1,1,1
wavmark,8,65536,116,chinese:SSB0354,2,fwp,"[918, 2760, 17617, 22225, 22997, 44825, 51171, 64497]",44025,0,-3.0,-0.0,3.0,138,1,1,1
wavmark,8,256,117,chinese:SSB0366,0,mean,"[24810, 25773, 32390, 51653, 53907, 55066, 55240, 62331]",55066,1,-2.0,-3.0,-1.0,1,0,0,0
wavmark,8,1024,117,chinese:SSB0366,0,mean,"[24810, 25773, 32390, 51653, 53907, 55066, 55240, 62331]",63382,0,-2.0,-2.0,0.0,1,1,0,0
wavmark,8,4096,117,chinese:SSB0366,0,mean,"[24810, 25773, 32390, 51653, 53907, 55066, 55240, 62331]",63454,0,-2.0,-2.0,0.0,1,1,1,0
wavmark,8,16384,117,chinese:SSB0366,0,mean,"[24810, 25773, 32390, 51653, 53907, 55066, 55240, 62331]",63378,0,-2.0,-1.0,1.0,5,1,1,1
wavmark,8,65536,117,chinese:SSB0366,0,mean,"[24810, 25773, 32390, 51653, 53907, 55066, 55240, 62331]",63386,0,-2.0,-0.0,2.0,18,1,1,1
wavmark,8,256,117,chinese:SSB0366,0,fwp,"[24810, 25773, 32390, 51653, 53907, 55066, 55240, 62331]",63423,0,-5.0,-3.0,2.0,13,1,1,1
wavmark,8,1024,117,chinese:SSB0366,0,fwp,"[24810, 25773, 32390, 51653, 53907, 55066, 55240, 62331]",32509,0,-5.0,-2.0,3.0,34,1,1,1
wavmark,8,4096,117,chinese:SSB0366,0,fwp,"[24810, 25773, 32390, 51653, 53907, 55066, 55240, 62331]",65531,0,-5.0,-2.0,3.0,138,1,1,1
wavmark,8,16384,117,chinese:SSB0366,0,fwp,"[24810, 25773, 32390, 51653, 53907, 55066, 55240, 62331]",65535,0,-5.0,-1.0,4.0,618,1,1,1
wavmark,8,65536,117,chinese:SSB0366,0,fwp,"[24810, 25773, 32390, 51653, 53907, 55066, 55240, 62331]",32767,0,-5.0,-0.0,5.0,2518,1,1,1
wavmark,8,256,118,chinese:SSB0366,1,mean,"[3059, 15099, 21204, 24056, 35691, 40944, 62707, 65418]",15099,1,-2.0,-3.0,-1.0,1,0,0,0
wavmark,8,1024,118,chinese:SSB0366,1,mean,"[3059, 15099, 21204, 24056, 35691, 40944, 62707, 65418]",15871,0,-2.0,-2.0,0.0,1,1,0,0
wavmark,8,4096,118,chinese:SSB0366,1,mean,"[3059, 15099, 21204, 24056, 35691, 40944, 62707, 65418]",16377,0,-2.0,-1.0,1.0,2,1,1,1
wavmark,8,16384,118,chinese:SSB0366,1,mean,"[3059, 15099, 21204, 24056, 35691, 40944, 62707, 65418]",16371,0,-2.0,-1.0,1.0,7,1,1,1
wavmark,8,65536,118,chinese:SSB0366,1,mean,"[3059, 15099, 21204, 24056, 35691, 40944, 62707, 65418]",16379,0,-2.0,-0.0,2.0,18,1,1,1
wavmark,8,256,118,chinese:SSB0366,1,fwp,"[3059, 15099, 21204, 24056, 35691, 40944, 62707, 65418]",3059,1,-2.0,-3.0,-1.0,1,0,0,0
wavmark,8,1024,118,chinese:SSB0366,1,fwp,"[3059, 15099, 21204, 24056, 35691, 40944, 62707, 65418]",35823,0,-2.0,-2.0,0.0,1,1,0,0
wavmark,8,4096,118,chinese:SSB0366,1,fwp,"[3059, 15099, 21204, 24056, 35691, 40944, 62707, 65418]",11263,0,-2.0,-1.0,1.0,4,1,1,1
wavmark,8,16384,118,chinese:SSB0366,1,fwp,"[3059, 15099, 21204, 24056, 35691, 40944, 62707, 65418]",3071,0,-2.0,-0.0,2.0,5,1,1,1
wavmark,8,65536,118,chinese:SSB0366,1,fwp,"[3059, 15099, 21204, 24056, 35691, 40944, 62707, 65418]",3071,0,-2.0,-0.0,2.0,18,1,1,1
wavmark,8,256,119,chinese:SSB0366,2,mean,"[8552, 10773, 28607, 37175, 40011, 41509, 57775, 61221]",41534,0,-4.0,-3.0,1.0,3,1,1,1
wavmark,8,1024,119,chinese:SSB0366,2,mean,"[8552, 10773, 28607, 37175, 40011, 41509, 57775, 61221]",43834,0,-4.0,-2.0,2.0,13,1,1,1
wavmark,8,4096,119,chinese:SSB0366,2,mean,"[8552, 10773, 28607, 37175, 40011, 41509, 57775, 61221]",47934,0,-4.0,-2.0,2.0,38,1,1,1
wavmark,8,16384,119,chinese:SSB0366,2,mean,"[8552, 10773, 28607, 37175, 40011, 41509, 57775, 61221]",43903,0,-4.0,-1.0,3.0,182,1,1,1
wavmark,8,65536,119,chinese:SSB0366,2,mean,"[8552, 10773, 28607, 37175, 40011, 41509, 57775, 61221]",43839,0,-4.0,-0.0,4.0,698,1,1,1
wavmark,8,256,119,chinese:SSB0366,2,fwp,"[8552, 10773, 28607, 37175, 40011, 41509, 57775, 61221]",28607,1,-2.0,-3.0,-1.0,1,0,0,0
wavmark,8,1024,119,chinese:SSB0366,2,fwp,"[8552, 10773, 28607, 37175, 40011, 41509, 57775, 61221]",28607,1,-2.0,-2.0,0.0,1,0,0,0
wavmark,8,4096,119,chinese:SSB0366,2,fwp,"[8552, 10773, 28607, 37175, 40011, 41509, 57775, 61221]",61375,0,-2.0,-1.0,1.0,2,1,1,1
wavmark,8,16384,119,chinese:SSB0366,2,fwp,"[8552, 10773, 28607, 37175, 40011, 41509, 57775, 61221]",44987,0,-2.0,-1.0,1.0,6,1,1,1
wavmark,8,65536,119,chinese:SSB0366,2,fwp,"[8552, 10773, 28607, 37175, 40011, 41509, 57775, 61221]",44991,0,-2.0,-0.0,2.0,18,1,1,1
wavmark,8,256,120,chinese:SSB0375,0,mean,"[11415, 14755, 16391, 26555, 46477, 51994, 54646, 61412]",59699,0,-4.0,-3.0,1.0,2,1,1,1
wavmark,8,1024,120,chinese:SSB0375,0,mean,"[11415, 14755, 16391, 26555, 46477, 51994, 54646, 61412]",64919,0,-4.0,-2.0,2.0,9,1,1,1
wavmark,8,4096,120,chinese:SSB0375,0,mean,"[11415, 14755, 16391, 26555, 46477, 51994, 54646, 61412]",64919,0,-4.0,-2.0,2.0,47,1,1,1
wavmark,8,16384,120,chinese:SSB0375,0,mean,"[11415, 14755, 16391, 26555, 46477, 51994, 54646, 61412]",64951,0,-4.0,-1.0,3.0,195,1,1,1
wavmark,8,65536,120,chinese:SSB0375,0,mean,"[11415, 14755, 16391, 26555, 46477, 51994, 54646, 61412]",60855,0,-4.0,-0.0,4.0,698,1,1,1
wavmark,8,256,120,chinese:SSB0375,0,fwp,"[11415, 14755, 16391, 26555, 46477, 51994, 54646, 61412]",61412,1,-2.0,-2.0,0.0,1,0,0,0
wavmark,8,1024,120,chinese:SSB0375,0,fwp,"[11415, 14755, 16391, 26555, 46477, 51994, 54646, 61412]",61412,1,-2.0,-2.0,0.0,1,0,0,0
wavmark,8,4096,120,chinese:SSB0375,0,fwp,"[11415, 14755, 16391, 26555, 46477, 51994, 54646, 61412]",59367,0,-2.0,-1.0,1.0,2,1,0,0
wavmark,8,16384,120,chinese:SSB0375,0,fwp,"[11415, 14755, 16391, 26555, 46477, 51994, 54646, 61412]",61415,0,-2.0,-0.0,2.0,6,1,1,1
wavmark,8,65536,120,chinese:SSB0375,0,fwp,"[11415, 14755, 16391, 26555, 46477, 51994, 54646, 61412]",61415,0,-2.0,-0.0,2.0,18,1,1,1
wavmark,8,256,121,chinese:SSB0375,1,mean,"[1206, 13462, 17355, 23826, 27924, 44052, 44552, 65203]",27924,1,-3.0,-3.0,0.0,1,0,0,0
wavmark,8,1024,121,chinese:SSB0375,1,mean,"[1206, 13462, 17355, 23826, 27924, 44052, 44552, 65203]",60822,0,-3.0,-2.0,1.0,3,1,1,1
wavmark,8,4096,121,chinese:SSB0375,1,mean,"[1206, 13462, 17355, 23826, 27924, 44052, 44552, 65203]",60822,0,-3.0,-2.0,1.0,9,1,1,1
wavmark,8,16384,121,chinese:SSB0375,1,mean,"[1206, 13462, 17355, 23826, 27924, 44052, 44552, 65203]",11734,0,-3.0,-1.0,2.0,34,1,1,1
wavmark,8,65536,121,chinese:SSB0375,1,mean,"[1206, 13462, 17355, 23826, 27924, 44052, 44552, 65203]",11670,0,-3.0,-0.0,3.0,138,1,1,1
wavmark,8,256,121,chinese:SSB0375,1,fwp,"[1206, 13462, 17355, 23826, 27924, 44052, 44552, 65203]",51102,0,-5.0,-3.0,2.0,8,1,1,1
wavmark,8,1024,121,chinese:SSB0375,1,fwp,"[1206, 13462, 17355, 23826, 27924, 44052, 44552, 65203]",53151,0,-5.0,-1.0,4.0,45,1,1,1
wavmark,8,4096,121,chinese:SSB0375,1,fwp,"[1206, 13462, 17355, 23826, 27924, 44052, 44552, 65203]",61207,0,-5.0,-2.0,3.0,182,1,1,1
wavmark,8,16384,121,chinese:SSB0375,1,fwp,"[1206, 13462, 17355, 23826, 27924, 44052, 44552, 65203]",61339,0,-5.0,-1.0,4.0,601,1,1,1
wavmark,8,65536,121,chinese:SSB0375,1,fwp,"[1206, 13462, 17355, 23826, 27924, 44052, 44552, 65203]",61343,0,-5.0,-0.0,5.0,2518,1,1,1
wavmark,8,256,122,chinese:SSB0375,2,mean,"[9178, 9343, 10022, 14055, 14750, 30509, 40055, 54089]",30701,0,-3.0,-3.0,0.0,1,1,0,0
wavmark,8,1024,122,chinese:SSB0375,2,mean,"[9178, 9343, 10022, 14055, 14750, 30509, 40055, 54089]",10239,0,-3.0,-1.0,2.0,6,1,1,1
wavmark,8,4096,122,chinese:SSB0375,2,mean,"[9178, 9343, 10022, 14055, 14750, 30509, 40055, 54089]",47103,0,-3.0,-1.0,2.0,8,1,1,1
wavmark,8,16384,122,chinese:SSB0375,2,mean,"[9178, 9343, 10022, 14055, 14750, 30509, 40055, 54089]",14335,0,-3.0,-0.0,3.0,30,1,1,1
wavmark,8,65536,122,chinese:SSB0375,2,mean,"[9178, 9343, 10022, 14055, 14750, 30509, 40055, 54089]",14335,0,-3.0,-0.0,3.0,138,1,1,1
wavmark,8,256,122,chinese:SSB0375,2,fwp,"[9178, 9343, 10022, 14055, 14750, 30509, 40055, 54089]",42829,0,-4.0,-2.0,2.0,4,1,1,1
wavmark,8,1024,122,chinese:SSB0375,2,fwp,"[9178, 9343, 10022, 14055, 14750, 30509, 40055, 54089]",59239,0,-4.0,-2.0,2.0,11,1,1,1
wavmark,8,4096,122,chinese:SSB0375,2,fwp,"[9178, 9343, 10022, 14055, 14750, 30509, 40055, 54089]",42607,0,-4.0,-1.0,3.0,45,1,1,1
wavmark,8,16384,122,chinese:SSB0375,2,fwp,"[9178, 9343, 10022, 14055, 14750, 30509, 40055, 54089]",42862,0,-4.0,-1.0,3.0,184,1,1,1
wavmark,8,65536,122,chinese:SSB0375,2,fwp,"[9178, 9343, 10022, 14055, 14750, 30509, 40055, 54089]",42863,0,-4.0,-0.0,4.0,698,1,1,1
wavmark,8,256,123,chinese:SSB0379,0,mean,"[1058, 4833, 14792, 26848, 36949, 41474, 51669, 54514]",12496,0,-3.0,-2.0,1.0,2,1,0,0
wavmark,8,1024,123,chinese:SSB0379,0,mean,"[1058, 4833, 14792, 26848, 36949, 41474, 51669, 54514]",5361,0,-3.0,-2.0,1.0,2,1,1,0
wavmark,8,4096,123,chinese:SSB0379,0,mean,"[1058, 4833, 14792, 26848, 36949, 41474, 51669, 54514]",37616,0,-3.0,-2.0,1.0,10,1,1,1
wavmark,8,16384,123,chinese:SSB0379,0,mean,"[1058, 4833, 14792, 26848, 36949, 41474, 51669, 54514]",37104,0,-3.0,-1.0,2.0,38,1,1,1
wavmark,8,65536,123,chinese:SSB0379,0,mean,"[1058, 4833, 14792, 26848, 36949, 41474, 51669, 54514]",4336,0,-3.0,-0.0,3.0,138,1,1,1
wavmark,8,256,123,chinese:SSB0379,0,fwp,"[1058, 4833, 14792, 26848, 36949, 41474, 51669, 54514]",44531,0,-5.0,-3.0,2.0,12,1,1,1
wavmark,8,1024,123,chinese:SSB0379,0,fwp,"[1058, 4833, 14792, 26848, 36949, 41474, 51669, 54514]",11765,0,-5.0,-2.0,3.0,30,1,1,1
wavmark,8,4096,123,chinese:SSB0379,0,fwp,"[1058, 4833, 14792, 26848, 36949, 41474, 51669, 54514]",36341,0,-5.0,-2.0,3.0,183,1,1,1
wavmark,8,16384,123,chinese:SSB0379,0,fwp,"[1058, 4833, 14792, 26848, 36949, 41474, 51669, 54514]",3575,0,-5.0,-0.0,5.0,657,1,1,1
wavmark,8,65536,123,chinese:SSB0379,0,fwp,"[1058, 4833, 14792, 26848, 36949, 41474, 51669, 54514]",3575,0,-5.0,-0.0,5.0,2518,1,1,1
wavmark,8,256,124,chinese:SSB0379,1,mean,"[6630, 6972, 17104, 18882, 34712, 36297, 38827, 56994]",36218,0,-4.0,-2.0,2.0,2,1,1,1
wavmark,8,1024,124,chinese:SSB0379,1,mean,"[6630, 6972, 17104, 18882, 34712, 36297, 38827, 56994]",40826,0,-4.0,-2.0,2.0,11,1,1,1
wavmark,8,4096,124,chinese:SSB0379,1,mean,"[6630, 6972, 17104, 18882, 34712, 36297, 38827, 56994]",53243,0,-4.0,-2.0,2.0,36,1,1,1
wavmark,8,16384,124,chinese:SSB0379,1,mean,"[6630, 6972, 17104, 18882, 34712, 36297, 38827, 56994]",36862,0,-4.0,-1.0,3.0,180,1,1,1
wavmark,8,65536,124,chinese:SSB0379,1,mean,"[6630, 6972, 17104, 18882, 34712, 36297, 38827, 56994]",36858,0,-4.0,-0.0,4.0,698,1,1,1
wavmark,8,256,124,chinese:SSB0379,1,fwp,"[6630, 6972, 17104, 18882, 34712, 36297, 38827, 56994]",38873,0,-3.0,-3.0,0.0,1,1,0,0
wavmark,8,1024,124,chinese:SSB0379,1,fwp,"[6630, 6972, 17104, 18882, 34712, 36297, 38827, 56994]",51099,0,-3.0,-3.0,0.0,1,1,1,1
wavmark,8,4096,124,chinese:SSB0379,1,fwp,"[6630, 6972, 17104, 18882, 34712, 36297, 38827, 56994]",53243,0,-3.0,-2.0,1.0,8,1,1,1
wavmark,8,16384,124,chinese:SSB0379,1,fwp,"[6630, 6972, 17104, 18882, 34712, 36297, 38827, 56994]",34811,0,-3.0,-0.0,3.0,35,1,1,1
wavmark,8,65536,124,chinese:SSB0379,1,fwp,"[6630, 6972, 17104, 18882, 34712, 36297, 38827, 56994]",34811,0,-3.0,-0.0,3.0,138,1,1,1
wavmark,8,256,125,chinese:SSB0379,2,mean,"[1683, 5084, 8364, 10784, 23188, 38461, 49145, 63017]",14269,0,-3.0,-1.0,2.0,3,1,0,0
wavmark,8,1024,125,chinese:SSB0379,2,mean,"[1683, 5084, 8364, 10784, 23188, 38461, 49145, 63017]",16057,0,-3.0,-2.0,1.0,3,1,1,0
wavmark,8,4096,125,chinese:SSB0379,2,mean,"[1683, 5084, 8364, 10784, 23188, 38461, 49145, 63017]",14009,0,-3.0,-1.0,2.0,11,1,1,1
wavmark,8,16384,125,chinese:SSB0379,2,mean,"[1683, 5084, 8364, 10784, 23188, 38461, 49145, 63017]",30397,0,-3.0,-1.0,2.0,41,1,1,1
wavmark,8,65536,125,chinese:SSB0379,2,mean,"[1683, 5084, 8364, 10784, 23188, 38461, 49145, 63017]",14013,0,-3.0,-0.0,3.0,138,1,1,1
wavmark,8,256,125,chinese:SSB0379,2,fwp,"[1683, 5084, 8364, 10784, 23188, 38461, 49145, 63017]",49145,1,-2.0,-2.0,0.0,1,0,0,0
wavmark,8,1024,125,chinese:SSB0379,2,fwp,"[1683, 5084, 8364, 10784, 23188, 38461, 49145, 63017]",49145,1,-2.0,-2.0,0.0,1,0,0,0
wavmark,8,4096,125,chinese:SSB0379,2,fwp,"[1683, 5084, 8364, 10784, 23188, 38461, 49145, 63017]",45052,0,-2.0,-1.0,1.0,2,1,0,0
wavmark,8,16384,125,chinese:SSB0379,2,fwp,"[1683, 5084, 8364, 10784, 23188, 38461, 49145, 63017]",45053,0,-2.0,-0.0,2.0,6,1,1,1
wavmark,8,65536,125,chinese:SSB0379,2,fwp,"[1683, 5084, 8364, 10784, 23188, 38461, 49145, 63017]",45053,0,-2.0,-0.0,2.0,18,1,1,1
wavmark,8,256,126,chinese:SSB0380,0,mean,"[241, 13570, 22206, 29559, 36883, 47533, 51877, 60758]",8503,0,-4.0,-2.0,2.0,5,1,1,1
wavmark,8,1024,126,chinese:SSB0380,0,mean,"[241, 13570, 22206, 29559, 36883, 47533, 51877, 60758]",12469,0,-4.0,-2.0,2.0,13,1,1,1
wavmark,8,4096,126,chinese:SSB0380,0,mean,"[241, 13570, 22206, 29559, 36883, 47533, 51877, 60758]",14775,0,-4.0,-1.0,3.0,42,1,1,1
wavmark,8,16384,126,chinese:SSB0380,0,mean,"[241, 13570, 22206, 29559, 36883, 47533, 51877, 60758]",13751,0,-4.0,-1.0,3.0,184,1,1,1
wavmark,8,65536,126,chinese:SSB0380,0,mean,"[241, 13570, 22206, 29559, 36883, 47533, 51877, 60758]",12727,0,-4.0,-0.0,4.0,698,1,1,1
wavmark,8,256,126,chinese:SSB0380,0,fwp,"[241, 13570, 22206, 29559, 36883, 47533, 51877, 60758]",65431,0,-4.0,-3.0,1.0,5,1,1,1
wavmark,8,1024,126,chinese:SSB0380,0,fwp,"[241, 13570, 22206, 29559, 36883, 47533, 51877, 60758]",16295,0,-4.0,-1.0,3.0,12,1,1,1
wavmark,8,4096,126,chinese:SSB0380,0,fwp,"[241, 13570, 22206, 29559, 36883, 47533, 51877, 60758]",49127,0,-4.0,-1.0,3.0,47,1,1,1
wavmark,8,16384,126,chinese:SSB0380,0,fwp,"[241, 13570, 22206, 29559, 36883, 47533, 51877, 60758]",49063,0,-4.0,-0.0,4.0,176,1,1,1
wavmark,8,65536,126,chinese:SSB0380,0,fwp,"[241, 13570, 22206, 29559, 36883, 47533, 51877, 60758]",49063,0,-4.0,-0.0,4.0,698,1,1,1
wavmark,8,256,127,chinese:SSB0380,1,mean,"[8518, 16289, 19768, 32614, 40555, 41196, 49364, 60778]",60778,1,-2.0,-2.0,0.0,1,0,0,0
wavmark,8,1024,127,chinese:SSB0380,1,mean,"[8518, 16289, 19768, 32614, 40555, 41196, 49364, 60778]",60778,1,-2.0,-2.0,0.0,1,0,0,0
wavmark,8,4096,127,chinese:SSB0380,1,mean,"[8518, 16289, 19768, 32614, 40555, 41196, 49364, 60778]",60782,0,-2.0,-1.0,1.0,2,1,0,0
wavmark,8,16384,127,chinese:SSB0380,1,mean,"[8518, 16289, 19768, 32614, 40555, 41196, 49364, 60778]",44414,0,-2.0,-1.0,1.0,6,1,1,1
wavmark,8,65536,127,chinese:SSB0380,1,mean,"[8518, 16289, 19768, 32614, 40555, 41196, 49364, 60778]",44398,0,-2.0,-0.0,2.0,18,1,1,1
wavmark,8,256,127,chinese:SSB0380,1,fwp,"[8518, 16289, 19768, 32614, 40555, 41196, 49364, 60778]",44949,0,-4.0,-3.0,1.0,3,1,1,0
wavmark,8,1024,127,chinese:SSB0380,1,fwp,"[8518, 16289, 19768, 32614, 40555, 41196, 49364, 60778]",44533,0,-4.0,-2.0,2.0,11,1,1,1
wavmark,8,4096,127,chinese:SSB0380,1,fwp,"[8518, 16289, 19768, 32614, 40555, 41196, 49364, 60778]",27957,0,-4.0,-2.0,2.0,45,1,1,1
wavmark,8,16384,127,chinese:SSB0380,1,fwp,"[8518, 16289, 19768, 32614, 40555, 41196, 49364, 60778]",11701,0,-4.0,-0.0,4.0,167,1,1,1
wavmark,8,65536,127,chinese:SSB0380,1,fwp,"[8518, 16289, 19768, 32614, 40555, 41196, 49364, 60778]",11701,0,-4.0,-0.0,4.0,698,1,1,1
wavmark,8,256,128,chinese:SSB0380,2,mean,"[1754, 5395, 26283, 31427, 38360, 48109, 49526, 62307]",14075,0,-5.0,-2.0,3.0,9,1,1,1
wavmark,8,1024,128,chinese:SSB0380,2,mean,"[1754, 5395, 26283, 31427, 38360, 48109, 49526, 62307]",46555,0,-5.0,-2.0,3.0,32,1,1,1
wavmark,8,4096,128,chinese:SSB0380,2,mean,"[1754, 5395, 26283, 31427, 38360, 48109, 49526, 62307]",47091,0,-5.0,-1.0,4.0,171,1,1,1
wavmark,8,16384,128,chinese:SSB0380,2,mean,"[1754, 5395, 26283, 31427, 38360, 48109, 49526, 62307]",47099,0,-5.0,-0.0,5.0,630,1,1,1
wavmark,8,65536,128,chinese:SSB0380,2,mean,"[1754, 5395, 26283, 31427, 38360, 48109, 49526, 62307]",47099,0,-5.0,-0.0,5.0,2518,1,1,1
wavmark,8,256,128,chinese:SSB0380,2,fwp,"[1754, 5395, 26283, 31427, 38360, 48109, 49526, 62307]",48055,0,-5.0,-3.0,2.0,11,1,1,1
wavmark,8,1024,128,chinese:SSB0380,2,fwp,"[1754, 5395, 26283, 31427, 38360, 48109, 49526, 62307]",15295,0,-5.0,-1.0,4.0,38,1,1,1
wavmark,8,4096,128,chinese:SSB0380,2,fwp,"[1754, 5395, 26283, 31427, 38360, 48109, 49526, 62307]",49151,0,-5.0,-2.0,3.0,164,1,1,1
wavmark,8,16384,128,chinese:SSB0380,2,fwp,"[1754, 5395, 26283, 31427, 38360, 48109, 49526, 62307]",16318,0,-5.0,-1.0,4.0,646,1,1,1
wavmark,8,65536,128,chinese:SSB0380,2,fwp,"[1754, 5395, 26283, 31427, 38360, 48109, 49526, 62307]",16319,0,-5.0,-0.0,5.0,2518,1,1,1
wavmark,8,256,129,chinese:SSB0382,0,mean,"[5138, 6616, 11097, 23651, 32762, 61120, 61976, 63827]",32762,1,-2.0,-3.0,-1.0,1,0,0,0
wavmark,8,1024,129,chinese:SSB0382,0,mean,"[5138, 6616, 11097, 23651, 32762, 61120, 61976, 63827]",32762,1,-2.0,-2.0,0.0,1,0,0,0
wavmark,8,4096,129,chinese:SSB0382,0,mean,"[5138, 6616, 11097, 23651, 32762, 61120, 61976, 63827]",65362,0,-2.0,-2.0,0.0,1,1,0,0
wavmark,8,16384,129,chinese:SSB0382,0,mean,"[5138, 6616, 11097, 23651, 32762, 61120, 61976, 63827]",32602,0,-2.0,-0.0,2.0,6,1,1,1
wavmark,8,65536,129,chinese:SSB0382,0,mean,"[5138, 6616, 11097, 23651, 32762, 61120, 61976, 63827]",32602,0,-2.0,-0.0,2.0,18,1,1,1
wavmark,8,256,129,chinese:SSB0382,0,fwp,"[5138, 6616, 11097, 23651, 32762, 61120, 61976, 63827]",32155,0,-4.0,-3.0,1.0,5,1,1,0
wavmark,8,1024,129,chinese:SSB0382,0,fwp,"[5138, 6616, 11097, 23651, 32762, 61120, 61976, 63827]",15690,0,-4.0,-2.0,2.0,11,1,1,1
wavmark,8,4096,129,chinese:SSB0382,0,fwp,"[5138, 6616, 11097, 23651, 32762, 61120, 61976, 63827]",48507,0,-4.0,-2.0,2.0,53,1,1,1
wavmark,8,16384,129,chinese:SSB0382,0,fwp,"[5138, 6616, 11097, 23651, 32762, 61120, 61976, 63827]",15707,0,-4.0,-0.0,4.0,170,1,1,1
wavmark,8,65536,129,chinese:SSB0382,0,fwp,"[5138, 6616, 11097, 23651, 32762, 61120, 61976, 63827]",15707,0,-4.0,-0.0,4.0,698,1,1,1
wavmark,8,256,130,chinese:SSB0382,1,mean,"[3882, 5572, 28984, 32930, 35353, 39644, 43662, 59310]",60158,0,-3.0,-3.0,0.0,1,1,0,0
wavmark,8,1024,130,chinese:SSB0382,1,mean,"[3882, 5572, 28984, 32930, 35353, 39644, 43662, 59310]",60348,0,-3.0,-2.0,1.0,2,1,1,1
wavmark,8,4096,130,chinese:SSB0382,1,mean,"[3882, 5572, 28984, 32930, 35353, 39644, 43662, 59310]",43934,0,-3.0,-1.0,2.0,10,1,1,1
wavmark,8,16384,130,chinese:SSB0382,1,mean,"[3882, 5572, 28984, 32930, 35353, 39644, 43662, 59310]",43964,0,-3.0,-1.0,2.0,40,1,1,1
wavmark,8,65536,130,chinese:SSB0382,1,mean,"[3882, 5572, 28984, 32930, 35353, 39644, 43662, 59310]",43966,0,-3.0,-0.0,3.0,138,1,1,1
wavmark,8,256,130,chinese:SSB0382,1,fwp,"[3882, 5572, 28984, 32930, 35353, 39644, 43662, 59310]",7625,0,-4.0,-2.0,2.0,3,1,1,1
wavmark,8,1024,130,chinese:SSB0382,1,fwp,"[3882, 5572, 28984, 32930, 35353, 39644, 43662, 59310]",4061,0,-4.0,-2.0,2.0,11,1,1,1
wavmark,8,4096,130,chinese:SSB0382,1,fwp,"[3882, 5572, 28984, 32930, 35353, 39644, 43662, 59310]",56797,0,-4.0,-2.0,2.0,49,1,1,1
wavmark,8,16384,130,chinese:SSB0382,1,fwp,"[3882, 5572, 28984, 32930, 35353, 39644, 43662, 59310]",7645,0,-4.0,-0.0,4.0,176,1,1,1
wavmark,8,65536,130,chinese:SSB0382,1,fwp,"[3882, 5572, 28984, 32930, 35353, 39644, 43662, 59310]",7645,0,-4.0,-0.0,4.0,698,1,1,1
wavmark,8,256,131,chinese:SSB0382,2,mean,"[119, 5940, 10447, 28146, 38463, 40821, 42338, 57858]",44853,0,-4.0,-3.0,1.0,3,1,1,1
wavmark,8,1024,131,chinese:SSB0382,2,mean,"[119, 5940, 10447, 28146, 38463, 40821, 42338, 57858]",41855,0,-4.0,-2.0,2.0,11,1,1,1
wavmark,8,4096,131,chinese:SSB0382,2,mean,"[119, 5940, 10447, 28146, 38463, 40821, 42338, 57858]",59255,0,-4.0,-1.0,3.0,41,1,1,1
wavmark,8,16384,131,chinese:SSB0382,2,mean,"[119, 5940, 10447, 28146, 38463, 40821, 42338, 57858]",46967,0,-4.0,-1.0,3.0,183,1,1,1
wavmark,8,65536,131,chinese:SSB0382,2,mean,"[119, 5940, 10447, 28146, 38463, 40821, 42338, 57858]",42871,0,-4.0,-0.0,4.0,698,1,1,1
wavmark,8,256,131,chinese:SSB0382,2,fwp,"[119, 5940, 10447, 28146, 38463, 40821, 42338, 57858]",44853,0,-3.0,-2.0,1.0,2,1,0,0
wavmark,8,1024,131,chinese:SSB0382,2,fwp,"[119, 5940, 10447, 28146, 38463, 40821, 42338, 57858]",44895,0,-3.0,-2.0,1.0,2,1,1,1
wavmark,8,4096,131,chinese:SSB0382,2,fwp,"[119, 5940, 10447, 28146, 38463, 40821, 42338, 57858]",49015,0,-3.0,-1.0,2.0,13,1,1,1
wavmark,8,16384,131,chinese:SSB0382,2,fwp,"[119, 5940, 10447, 28146, 38463, 40821, 42338, 57858]",44927,0,-3.0,-1.0,2.0,30,1,1,1
wavmark,8,65536,131,chinese:SSB0382,2,fwp,"[119, 5940, 10447, 28146, 38463, 40821, 42338, 57858]",44919,0,-3.0,-0.0,3.0,138,1,1,1
wavmark,8,256,132,chinese:SSB0385,0,mean,"[956, 2491, 22793, 25400, 39419, 39751, 46674, 49604]",39419,1,-2.0,-3.0,-1.0,1,0,0,0
wavmark,8,1024,132,chinese:SSB0385,0,mean,"[956, 2491, 22793, 25400, 39419, 39751, 46674, 49604]",39839,0,-2.0,-2.0,0.0,1,1,0,0
wavmark,8,4096,132,chinese:SSB0385,0,mean,"[956, 2491, 22793, 25400, 39419, 39751, 46674, 49604]",56063,0,-2.0,-2.0,0.0,1,1,1,0
wavmark,8,16384,132,chinese:SSB0385,0,mean,"[956, 2491, 22793, 25400, 39419, 39751, 46674, 49604]",39935,0,-2.0,-0.0,2.0,3,1,1,1
wavmark,8,65536,132,chinese:SSB0385,0,mean,"[956, 2491, 22793, 25400, 39419, 39751, 46674, 49604]",39935,0,-2.0,-0.0,2.0,18,1,1,1
wavmark,8,256,132,chinese:SSB0385,0,fwp,"[956, 2491, 22793, 25400, 39419, 39751, 46674, 49604]",11251,0,-4.0,-2.0,2.0,5,1,1,1
wavmark,8,1024,132,chinese:SSB0385,0,fwp,"[956, 2491, 22793, 25400, 39419, 39751, 46674, 49604]",12147,0,-4.0,-2.0,2.0,15,1,1,1
wavmark,8,4096,132,chinese:SSB0385,0,fwp,"[956, 2491, 22793, 25400, 39419, 39751, 46674, 49604]",28667,0,-4.0,-1.0,3.0,60,1,1,1
wavmark,8,16384,132,chinese:SSB0385,0,fwp,"[956, 2491, 22793, 25400, 39419, 39751, 46674, 49604]",12275,0,-4.0,-1.0,3.0,181,1,1,1
wavmark,8,65536,132,chinese:SSB0385,0,fwp,"[956, 2491, 22793, 25400, 39419, 39751, 46674, 49604]",12283,0,-4.0,-0.0,4.0,698,1,1,1
wavmark,8,256,133,chinese:SSB0385,1,mean,"[16016, 25214, 26686, 27687, 28278, 47833, 59963, 63380]",61183,0,-3.0,-3.0,0.0,1,1,0,0
wavmark,8,1024,133,chinese:SSB0385,1,mean,"[16016, 25214, 26686, 27687, 28278, 47833, 59963, 63380]",11958,0,-3.0,-2.0,1.0,2,1,1,1
wavmark,8,4096,133,chinese:SSB0385,1,mean,"[16016, 25214, 26686, 27687, 28278, 47833, 59963, 63380]",28342,0,-3.0,-1.0,2.0,9,1,1,1
wavmark,8,16384,133,chinese:SSB0385,1,mean,"[16016, 25214, 26686, 27687, 28278, 47833, 59963, 63380]",28350,0,-3.0,-0.0,3.0,41,1,1,1
wavmark,8,65536,133,chinese:SSB0385,1,mean,"[16016, 25214, 26686, 27687, 28278, 47833, 59963, 63380]",28350,0,-3.0,-0.0,3.0,138,1,1,1
wavmark,8,256,133,chinese:SSB0385,1,fwp,"[16016, 25214, 26686, 27687, 28278, 47833, 59963, 63380]",64957,0,-4.0,-3.0,1.0,5,1,1,1
wavmark,8,1024,133,chinese:SSB0385,1,fwp,"[16016, 25214, 26686, 27687, 28278, 47833, 59963, 63380]",48341,0,-4.0,-2.0,2.0,11,1,1,1
wavmark,8,4096,133,chinese:SSB0385,1,fwp,"[16016, 25214, 26686, 27687, 28278, 47833, 59963, 63380]",48861,0,-4.0,-2.0,2.0,43,1,1,1
wavmark,8,16384,133,chinese:SSB0385,1,fwp,"[16016, 25214, 26686, 27687, 28278, 47833, 59963, 63380]",48383,0,-4.0,-1.0,3.0,163,1,1,1
wavmark,8,65536,133,chinese:SSB0385,1,fwp,"[16016, 25214, 26686, 27687, 28278, 47833, 59963, 63380]",48381,0,-4.0,-0.0,4.0,698,1,1,1
wavmark,8,256,134,chinese:SSB0385,2,mean,"[8601, 13526, 24914, 34228, 46339, 47608, 55273, 58139]",14330,0,-3.0,-2.0,1.0,2,1,0,0
wavmark,8,1024,134,chinese:SSB0385,2,mean,"[8601, 13526, 24914, 34228, 46339, 47608, 55273, 58139]",13818,0,-3.0,-1.0,2.0,2,1,0,0
wavmark,8,4096,134,chinese:SSB0385,2,mean,"[8601, 13526, 24914, 34228, 46339, 47608, 55273, 58139]",65018,0,-3.0,-2.0,1.0,10,1,1,1
wavmark,8,16384,134,chinese:SSB0385,2,mean,"[8601, 13526, 24914, 34228, 46339, 47608, 55273, 58139]",46586,0,-3.0,-0.0,3.0,34,1,1,1
wavmark,8,65536,134,chinese:SSB0385,2,mean,"[8601, 13526, 24914, 34228, 46339, 47608, 55273, 58139]",46586,0,-3.0,-0.0,3.0,138,1,1,1
wavmark,8,256,134,chinese:SSB0385,2,fwp,"[8601, 13526, 24914, 34228, 46339, 47608, 55273, 58139]",51134,0,-5.0,-3.0,2.0,13,1,1,1
wavmark,8,1024,134,chinese:SSB0385,2,fwp,"[8601, 13526, 24914, 34228, 46339, 47608, 55273, 58139]",59258,0,-5.0,-1.0,4.0,31,1,1,1
wavmark,8,4096,134,chinese:SSB0385,2,fwp,"[8601, 13526, 24914, 34228, 46339, 47608, 55273, 58139]",51194,0,-5.0,-1.0,4.0,158,1,1,1
wavmark,8,16384,134,chinese:SSB0385,2,fwp,"[8601, 13526, 24914, 34228, 46339, 47608, 55273, 58139]",59384,0,-5.0,-1.0,4.0,592,1,1,1
wavmark,8,65536,134,chinese:SSB0385,2,fwp,"[8601, 13526, 24914, 34228, 46339, 47608, 55273, 58139]",59386,0,-5.0,-0.0,5.0,2518,1,1,1
wavmark,8,256,135,chinese:SSB0393,0,mean,"[869, 2375, 4338, 7071, 30414, 51352, 60835, 61904]",47863,0,-5.0,-3.0,2.0,9,1,1,1
wavmark,8,1024,135,chinese:SSB0393,0,mean,"[869, 2375, 4338, 7071, 30414, 51352, 60835, 61904]",39415,0,-5.0,-2.0,3.0,38,1,1,1
wavmark,8,4096,135,chinese:SSB0393,0,mean,"[869, 2375, 4338, 7071, 30414, 51352, 60835, 61904]",14838,0,-5.0,-1.0,4.0,165,1,1,1
wavmark,8,16384,135,chinese:SSB0393,0,mean,"[869, 2375, 4338, 7071, 30414, 51352, 60835, 61904]",31223,0,-5.0,-1.0,4.0,657,1,1,1
wavmark,8,65536,135,chinese:SSB0393,0,mean,"[869, 2375, 4338, 7071, 30414, 51352, 60835, 61904]",14839,0,-5.0,-0.0,5.0,2518,1,1,1
wavmark,8,256,135,chinese:SSB0393,0,fwp,"[869, 2375, 4338, 7071, 30414, 51352, 60835, 61904]",3037,0,-5.0,-2.0,3.0,12,1,1,1
wavmark,8,1024,135,chinese:SSB0393,0,fwp,"[869, 2375, 4338, 7071, 30414, 51352, 60835, 61904]",35583,0,-5.0,-2.0,3.0,41,1,1,1
wavmark,8,4096,135,chinese:SSB0393,0,fwp,"[869, 2375, 4338, 7071, 30414, 51352, 60835, 61904]",60413,0,-5.0,-2.0,3.0,147,1,1,1
wavmark,8,16384,135,chinese:SSB0393,0,fwp,"[869, 2375, 4338, 7071, 30414, 51352, 60835, 61904]",44029,0,-5.0,-1.0,4.0,610,1,1,1
wavmark,8,65536,135,chinese:SSB0393,0,fwp,"[869, 2375, 4338, 7071, 30414, 51352, 60835, 61904]",35837,0,-5.0,-0.0,5.0,2518,1,1,1
wavmark,8,256,136,chinese:SSB0393,1,mean,"[2223, 4733, 9775, 17439, 34314, 38467, 51536, 56179]",34430,0,-4.0,-1.0,3.0,6,1,1,1
wavmark,8,1024,136,chinese:SSB0393,1,mean,"[2223, 4733, 9775, 17439, 34314, 38467, 51536, 56179]",34415,0,-4.0,-1.0,3.0,12,1,1,1
wavmark,8,4096,136,chinese:SSB0393,1,mean,"[2223, 4733, 9775, 17439, 34314, 38467, 51536, 56179]",42623,0,-4.0,-1.0,3.0,37,1,1,1
wavmark,8,16384,136,chinese:SSB0393,1,mean,"[2223, 4733, 9775, 17439, 34314, 38467, 51536, 56179]",34559,0,-4.0,-1.0,3.0,192,1,1,1
wavmark,8,65536,136,chinese:SSB0393,1,mean,"[2223, 4733, 9775, 17439, 34314, 38467, 51536, 56179]",34431,0,-4.0,-0.0,4.0,698,1,1,1
wavmark,8,256,136,chinese:SSB0393,1,fwp,"[2223, 4733, 9775, 17439, 34314, 38467, 51536, 56179]",44413,0,-5.0,-2.0,3.0,12,1,1,1
wavmark,8,1024,136,chinese:SSB0393,1,fwp,"[2223, 4733, 9775, 17439, 34314, 38467, 51536, 56179]",44895,0,-5.0,-1.0,4.0,39,1,1,1
wavmark,8,4096,136,chinese:SSB0393,1,fwp,"[2223, 4733, 9775, 17439, 34314, 38467, 51536, 56179]",60287,0,-5.0,-2.0,3.0,153,1,1,1
wavmark,8,16384,136,chinese:SSB0393,1,fwp,"[2223, 4733, 9775, 17439, 34314, 38467, 51536, 56179]",44923,0,-5.0,-1.0,4.0,596,1,1,1
wavmark,8,65536,136,chinese:SSB0393,1,fwp,"[2223, 4733, 9775, 17439, 34314, 38467, 51536, 56179]",44927,0,-5.0,-0.0,5.0,2518,1,1,1
wavmark,8,256,137,chinese:SSB0393,2,mean,"[4976, 20181, 28795, 47637, 48758, 50906, 51428, 56098]",48758,1,-2.0,-3.0,-1.0,1,0,0,0
wavmark,8,1024,137,chinese:SSB0393,2,mean,"[4976, 20181, 28795, 47637, 48758, 50906, 51428, 56098]",57206,0,-2.0,-1.0,1.0,3,1,1,0
wavmark,8,4096,137,chinese:SSB0393,2,mean,"[4976, 20181, 28795, 47637, 48758, 50906, 51428, 56098]",56951,0,-2.0,-1.0,1.0,2,1,1,0
wavmark,8,16384,137,chinese:SSB0393,2,mean,"[4976, 20181, 28795, 47637, 48758, 50906, 51428, 56098]",56918,0,-2.0,-1.0,1.0,2,1,1,1
wavmark,8,65536,137,chinese:SSB0393,2,mean,"[4976, 20181, 28795, 47637, 48758, 50906, 51428, 56098]",56950,0,-2.0,-0.0,2.0,18,1,1,1
wavmark,8,256,137,chinese:SSB0393,2,fwp,"[4976, 20181, 28795, 47637, 48758, 50906, 51428, 56098]",64957,0,-5.0,-3.0,2.0,10,1,1,1
wavmark,8,1024,137,chinese:SSB0393,2,fwp,"[4976, 20181, 28795, 47637, 48758, 50906, 51428, 56098]",63993,0,-5.0,-2.0,3.0,43,1,1,1
wavmark,8,4096,137,chinese:SSB0393,2,fwp,"[4976, 20181, 28795, 47637, 48758, 50906, 51428, 56098]",63677,0,-5.0,-1.0,4.0,158,1,1,1
wavmark,8,16384,137,chinese:SSB0393,2,fwp,"[4976, 20181, 28795, 47637, 48758, 50906, 51428, 56098]",63743,0,-5.0,-1.0,4.0,607,1,1,1
wavmark,8,65536,137,chinese:SSB0393,2,fwp,"[4976, 20181, 28795, 47637, 48758, 50906, 51428, 56098]",63741,0,-5.0,-0.0,5.0,2518,1,1,1
wavmark,8,256,138,chinese:SSB0394,0,mean,"[18049, 25852, 34377, 51383, 54846, 57816, 61220, 64740]",58524,0,-3.0,-2.0,1.0,2,1,1,0
wavmark,8,1024,138,chinese:SSB0394,0,mean,"[18049, 25852, 34377, 51383, 54846, 57816, 61220, 64740]",58940,0,-3.0,-1.0,2.0,5,1,1,1
wavmark,8,4096,138,chinese:SSB0394,0,mean,"[18049, 25852, 34377, 51383, 54846, 57816, 61220, 64740]",58940,0,-3.0,-1.0,2.0,13,1,1,1
wavmark,8,16384,138,chinese:SSB0394,0,mean,"[18049, 25852, 34377, 51383, 54846, 57816, 61220, 64740]",61116,0,-3.0,-1.0,2.0,32,1,1,1
wavmark,8,65536,138,chinese:SSB0394,0,mean,"[18049, 25852, 34377, 51383, 54846, 57816, 61220, 64740]",59068,0,-3.0,-0.0,3.0,138,1,1,1
wavmark,8,256,138,chinese:SSB0394,0,fwp,"[18049, 25852, 34377, 51383, 54846, 57816, 61220, 64740]",54846,1,-3.0,-3.0,0.0,1,0,0,0
wavmark,8,1024,138,chinese:SSB0394,0,fwp,"[18049, 25852, 34377, 51383, 54846, 57816, 61220, 64740]",52799,0,-3.0,-2.0,1.0,4,1,1,1
wavmark,8,4096,138,chinese:SSB0394,0,fwp,"[18049, 25852, 34377, 51383, 54846, 57816, 61220, 64740]",50879,0,-3.0,-0.0,3.0,12,1,1,1
wavmark,8,16384,138,chinese:SSB0394,0,fwp,"[18049, 25852, 34377, 51383, 54846, 57816, 61220, 64740]",50877,0,-3.0,-1.0,2.0,29,1,1,1
wavmark,8,65536,138,chinese:SSB0394,0,fwp,"[18049, 25852, 34377, 51383, 54846, 57816, 61220, 64740]",50879,0,-3.0,-0.0,3.0,138,1,1,1
wavmark,8,256,139,chinese:SSB0394,1,mean,"[6889, 8535, 14590, 22819, 26098, 46021, 48841, 57140]",16231,0,-4.0,-3.0,1.0,4,1,1,1
wavmark,8,1024,139,chinese:SSB0394,1,mean,"[6889, 8535, 14590, 22819, 26098, 46021, 48841, 57140]",14327,0,-4.0,-2.0,2.0,11,1,1,1
wavmark,8,4096,139,chinese:SSB0394,1,mean,"[6889, 8535, 14590, 22819, 26098, 46021, 48841, 57140]",16375,0,-4.0,-1.0,3.0,42,1,1,1
wavmark,8,16384,139,chinese:SSB0394,1,mean,"[6889, 8535, 14590, 22819, 26098, 46021, 48841, 57140]",15359,0,-4.0,-1.0,3.0,161,1,1,1
wavmark,8,65536,139,chinese:SSB0394,1,mean,"[6889, 8535, 14590, 22819, 26098, 46021, 48841, 57140]",15351,0,-4.0,-0.0,4.0,698,1,1,1
wavmark,8,256,139,chinese:SSB0394,1,fwp,"[6889, 8535, 14590, 22819, 26098, 46021, 48841, 57140]",47499,0,-4.0,-3.0,1.0,4,1,1,1
wavmark,8,1024,139,chinese:SSB0394,1,fwp,"[6889, 8535, 14590, 22819, 26098, 46021, 48841, 57140]",64939,0,-4.0,-2.0,2.0,11,1,1,1
wavmark,8,4096,139,chinese:SSB0394,1,fwp,"[6889, 8535, 14590, 22819, 26098, 46021, 48841, 57140]",47019,0,-4.0,-1.0,3.0,42,1,1,1
wavmark,8,16384,139,chinese:SSB0394,1,fwp,"[6889, 8535, 14590, 22819, 26098, 46021, 48841, 57140]",65451,0,-4.0,-1.0,3.0,164,1,1,1
wavmark,8,65536,139,chinese:SSB0394,1,fwp,"[6889, 8535, 14590, 22819, 26098, 46021, 48841, 57140]",49067,0,-4.0,-0.0,4.0,698,1,1,1
wavmark,8,256,140,chinese:SSB0394,2,mean,"[7499, 8952, 17454, 38476, 45332, 45388, 45804, 50475]",45388,1,-2.0,-3.0,-1.0,1,0,0,0
wavmark,8,1024,140,chinese:SSB0394,2,mean,"[7499, 8952, 17454, 38476, 45332, 45388, 45804, 50475]",46446,0,-2.0,-1.0,1.0,2,1,0,0
wavmark,8,4096,140,chinese:SSB0394,2,mean,"[7499, 8952, 17454, 38476, 45332, 45388, 45804, 50475]",48494,0,-2.0,-2.0,0.0,1,1,1,1
wavmark,8,16384,140,chinese:SSB0394,2,mean,"[7499, 8952, 17454, 38476, 45332, 45388, 45804, 50475]",48492,0,-2.0,-1.0,1.0,4,1,1,1
wavmark,8,65536,140,chinese:SSB0394,2,mean,"[7499, 8952, 17454, 38476, 45332, 45388, 45804, 50475]",46444,0,-2.0,-0.0,2.0,18,1,1,1
wavmark,8,256,140,chinese:SSB0394,2,fwp,"[7499, 8952, 17454, 38476, 45332, 45388, 45804, 50475]",64959,0,-5.0,-3.0,2.0,15,1,1,1
wavmark,8,1024,140,chinese:SSB0394,2,fwp,"[7499, 8952, 17454, 38476, 45332, 45388, 45804, 50475]",48543,0,-5.0,-1.0,4.0,47,1,1,1
wavmark,8,4096,140,chinese:SSB0394,2,fwp,"[7499, 8952, 17454, 38476, 45332, 45388, 45804, 50475]",64799,0,-5.0,-1.0,4.0,166,1,1,1
wavmark,8,16384,140,chinese:SSB0394,2,fwp,"[7499, 8952, 17454, 38476, 45332, 45388, 45804, 50475]",64799,0,-5.0,-1.0,4.0,656,1,1,1
wavmark,8,65536,140,chinese:SSB0394,2,fwp,"[7499, 8952, 17454, 38476, 45332, 45388, 45804, 50475]",48415,0,-5.0,-0.0,5.0,2518,1,1,1
wavmark,8,256,141,chinese:SSB0395,0,mean,"[13807, 16548, 26905, 34149, 44627, 50770, 50798, 52530]",54615,0,-3.0,-2.0,1.0,3,1,1,1
wavmark,8,1024,141,chinese:SSB0395,0,mean,"[13807, 16548, 26905, 34149, 44627, 50770, 50798, 52530]",58739,0,-3.0,-2.0,1.0,6,1,1,1
wavmark,8,4096,141,chinese:SSB0395,0,mean,"[13807, 16548, 26905, 34149, 44627, 50770, 50798, 52530]",17783,0,-3.0,-1.0,2.0,4,1,1,1
wavmark,8,16384,141,chinese:SSB0395,0,mean,"[13807, 16548, 26905, 34149, 44627, 50770, 50798, 52530]",50551,0,-3.0,-0.0,3.0,32,1,1,1
wavmark,8,65536,141,chinese:SSB0395,0,mean,"[13807, 16548, 26905, 34149, 44627, 50770, 50798, 52530]",50551,0,-3.0,-0.0,3.0,138,1,1,1
wavmark,8,256,141,chinese:SSB0395,0,fwp,"[13807, 16548, 26905, 34149, 44627, 50770, 50798, 52530]",61170,0,-3.0,-3.0,0.0,1,1,0,0
wavmark,8,1024,141,chinese:SSB0395,0,fwp,"[13807, 16548, 26905, 34149, 44627, 50770, 50798, 52530]",44279,0,-3.0,-1.0,2.0,2,1,1,0
wavmark,8,4096,141,chinese:SSB0395,0,fwp,"[13807, 16548, 26905, 34149, 44627, 50770, 50798, 52530]",48887,0,-3.0,-1.0,2.0,10,1,1,1
wavmark,8,16384,141,chinese:SSB0395,0,fwp,"[13807, 16548, 26905, 34149, 44627, 50770, 50798, 52530]",44791,0,-3.0,-0.0,3.0,27,1,1,1
wavmark,8,65536,141,chinese:SSB0395,0,fwp,"[13807, 16548, 26905, 34149, 44627, 50770, 50798, 52530]",44791,0,-3.0,-0.0,3.0,138,1,1,1
wavmark,8,256,142,chinese:SSB0395,1,mean,"[8833, 11783, 18955, 25805, 40749, 52539, 57161, 58902]",59975,0,-3.0,-3.0,0.0,1,1,0,0
wavmark,8,1024,142,chinese:SSB0395,1,mean,"[8833, 11783, 18955, 25805, 40749, 52539, 57161, 58902]",61071,0,-3.0,-1.0,2.0,5,1,1,1
wavmark,8,4096,142,chinese:SSB0395,1,mean,"[8833, 11783, 18955, 25805, 40749, 52539, 57161, 58902]",65055,0,-3.0,-2.0,1.0,4,1,1,1
wavmark,8,16384,142,chinese:SSB0395,1,mean,"[8833, 11783, 18955, 25805, 40749, 52539, 57161, 58902]",61007,0,-3.0,-1.0,2.0,39,1,1,1
wavmark,8,65536,142,chinese:SSB0395,1,mean,"[8833, 11783, 18955, 25805, 40749, 52539, 57161, 58902]",60943,0,-3.0,-0.0,3.0,138,1,1,1
wavmark,8,256,142,chinese:SSB0395,1,fwp,"[8833, 11783, 18955, 25805, 40749, 52539, 57161, 58902]",60411,0,-4.0,-3.0,1.0,3,1,1,0
wavmark,8,1024,142,chinese:SSB0395,1,fwp,"[8833, 11783, 18955, 25805, 40749, 52539, 57161, 58902]",44959,0,-4.0,-2.0,2.0,9,1,1,1
wavmark,8,4096,142,chinese:SSB0395,1,fwp,"[8833, 11783, 18955, 25805, 40749, 52539, 57161, 58902]",44475,0,-4.0,-1.0,3.0,45,1,1,1
wavmark,8,16384,142,chinese:SSB0395,1,fwp,"[8833, 11783, 18955, 25805, 40749, 52539, 57161, 58902]",44986,0,-4.0,-1.0,3.0,173,1,1,1
wavmark,8,65536,142,chinese:SSB0395,1,fwp,"[8833, 11783, 18955, 25805, 40749, 52539, 57161, 58902]",44987,0,-4.0,-0.0,4.0,698,1,1,1
wavmark,8,256,143,chinese:SSB0395,2,mean,"[1446, 15411, 22440, 54724, 57873, 59340, 65199, 65435]",65435,1,-3.0,-3.0,0.0,1,0,0,0
wavmark,8,1024,143,chinese:SSB0395,2,mean,"[1446, 15411, 22440, 54724, 57873, 59340, 65199, 65435]",62398,0,-3.0,-2.0,1.0,3,1,0,0
wavmark,8,4096,143,chinese:SSB0395,2,mean,"[1446, 15411, 22440, 54724, 57873, 59340, 65199, 65435]",63419,0,-3.0,-1.0,2.0,7,1,1,1
wavmark,8,16384,143,chinese:SSB0395,2,mean,"[1446, 15411, 22440, 54724, 57873, 59340, 65199, 65435]",65471,0,-3.0,-1.0,2.0,37,1,1,1
wavmark,8,65536,143,chinese:SSB0395,2,mean,"[1446, 15411, 22440, 54724, 57873, 59340, 65199, 65435]",63423,0,-3.0,-0.0,3.0,138,1,1,1
wavmark,8,256,143,chinese:SSB0395,2,fwp,"[1446, 15411, 22440, 54724, 57873, 59340, 65199, 65435]",44471,0,-4.0,-2.0,2.0,4,1,1,0
wavmark,8,1024,143,chinese:SSB0395,2,fwp,"[1446, 15411, 22440, 54724, 57873, 59340, 65199, 65435]",44981,0,-4.0,-2.0,2.0,12,1,1,1
wavmark,8,4096,143,chinese:SSB0395,2,fwp,"[1446, 15411, 22440, 54724, 57873, 59340, 65199, 65435]",44990,0,-4.0,-1.0,3.0,47,1,1,1
wavmark,8,16384,143,chinese:SSB0395,2,fwp,"[1446, 15411, 22440, 54724, 57873, 59340, 65199, 65435]",43967,0,-4.0,-1.0,3.0,179,1,1,1
wavmark,8,65536,143,chinese:SSB0395,2,fwp,"[1446, 15411, 22440, 54724, 57873, 59340, 65199, 65435]",44991,0,-4.0,-0.0,4.0,698,1,1,1
wavmark,8,256,144,chinese:SSB0407,0,mean,"[2100, 8142, 13244, 28329, 30962, 48651, 48684, 62966]",61118,0,-4.0,-3.0,1.0,5,1,1,1
wavmark,8,1024,144,chinese:SSB0407,0,mean,"[2100, 8142, 13244, 28329, 30962, 48651, 48684, 62966]",12222,0,-4.0,-2.0,2.0,10,1,1,1
wavmark,8,4096,144,chinese:SSB0407,0,mean,"[2100, 8142, 13244, 28329, 30962, 48651, 48684, 62966]",49086,0,-4.0,-2.0,2.0,35,1,1,1
wavmark,8,16384,144,chinese:SSB0407,0,mean,"[2100, 8142, 13244, 28329, 30962, 48651, 48684, 62966]",16060,0,-4.0,-1.0,3.0,179,1,1,1
wavmark,8,65536,144,chinese:SSB0407,0,mean,"[2100, 8142, 13244, 28329, 30962, 48651, 48684, 62966]",16062,0,-4.0,-0.0,4.0,698,1,1,1
wavmark,8,256,144,chinese:SSB0407,0,fwp,"[2100, 8142, 13244, 28329, 30962, 48651, 48684, 62966]",48703,0,-4.0,-1.0,3.0,4,1,1,0
wavmark,8,1024,144,chinese:SSB0407,0,fwp,"[2100, 8142, 13244, 28329, 30962, 48651, 48684, 62966]",48445,0,-4.0,-2.0,2.0,10,1,1,1
wavmark,8,4096,144,chinese:SSB0407,0,fwp,"[2100, 8142, 13244, 28329, 30962, 48651, 48684, 62966]",48447,0,-4.0,-1.0,3.0,44,1,1,1
wavmark,8,16384,144,chinese:SSB0407,0,fwp,"[2100, 8142, 13244, 28329, 30962, 48651, 48684, 62966]",64575,0,-4.0,-1.0,3.0,188,1,1,1
wavmark,8,65536,144,chinese:SSB0407,0,fwp,"[2100, 8142, 13244, 28329, 30962, 48651, 48684, 62966]",48191,0,-4.0,-0.0,4.0,698,1,1,1
wavmark,8,256,145,chinese:SSB0407,1,mean,"[2622, 6456, 8967, 37481, 42686, 44353, 57617, 59392]",35257,0,-5.0,-3.0,2.0,10,1,1,1
wavmark,8,1024,145,chinese:SSB0407,1,mean,"[2622, 6456, 8967, 37481, 42686, 44353, 57617, 59392]",47897,0,-5.0,-2.0,3.0,37,1,1,1
wavmark,8,4096,145,chinese:SSB0407,1,mean,"[2622, 6456, 8967, 37481, 42686, 44353, 57617, 59392]",43833,0,-5.0,-0.0,5.0,174,1,1,1
wavmark,8,16384,145,chinese:SSB0407,1,mean,"[2622, 6456, 8967, 37481, 42686, 44353, 57617, 59392]",60216,0,-5.0,-2.0,3.0,594,1,1,1
wavmark,8,65536,145,chinese:SSB0407,1,mean,"[2622, 6456, 8967, 37481, 42686, 44353, 57617, 59392]",43833,0,-5.0,-0.0,5.0,2518,1,1,1
wavmark,8,256,145,chinese:SSB0407,1,fwp,"[2622, 6456, 8967, 37481, 42686, 44353, 57617, 59392]",60991,0,-4.0,-3.0,1.0,2,1,1,1
wavmark,8,1024,145,chinese:SSB0407,1,fwp,"[2622, 6456, 8967, 37481, 42686, 44353, 57617, 59392]",15167,0,-4.0,-2.0,2.0,15,1,1,1
wavmark,8,4096,145,chinese:SSB0407,1,fwp,"[2622, 6456, 8967, 37481, 42686, 44353, 57617, 59392]",35647,0,-4.0,-1.0,3.0,51,1,1,1
wavmark,8,16384,145,chinese:SSB0407,1,fwp,"[2622, 6456, 8967, 37481, 42686, 44353, 57617, 59392]",60223,0,-4.0,-1.0,3.0,158,1,1,1
wavmark,8,65536,145,chinese:SSB0407,1,fwp,"[2622, 6456, 8967, 37481, 42686, 44353, 57617, 59392]",43839,0,-4.0,-0.0,4.0,698,1,1,1
wavmark,8,256,146,chinese:SSB0407,2,mean,"[17289, 19995, 37269, 41611, 45596, 47181, 60008, 61274]",47785,0,-3.0,-3.0,0.0,1,1,0,0
wavmark,8,1024,146,chinese:SSB0407,2,mean,"[17289, 19995, 37269, 41611, 45596, 47181, 60008, 61274]",43529,0,-3.0,-2.0,1.0,3,1,1,1
wavmark,8,4096,146,chinese:SSB0407,2,mean,"[17289, 19995, 37269, 41611, 45596, 47181, 60008, 61274]",43705,0,-3.0,-1.0,2.0,10,1,1,1
wavmark,8,16384,146,chinese:SSB0407,2,mean,"[17289, 19995, 37269, 41611, 45596, 47181, 60008, 61274]",43673,0,-3.0,-0.0,3.0,32,1,1,1
wavmark,8,65536,146,chinese:SSB0407,2,mean,"[17289, 19995, 37269, 41611, 45596, 47181, 60008, 61274]",43673,0,-3.0,-0.0,3.0,138,1,1,1
wavmark,8,256,146,chinese:SSB0407,2,fwp,"[17289, 19995, 37269, 41611, 45596, 47181, 60008, 61274]",60415,0,-6.0,-2.0,4.0,22,1,1,1
wavmark,8,1024,146,chinese:SSB0407,2,fwp,"[17289, 19995, 37269, 41611, 45596, 47181, 60008, 61274]",46077,0,-6.0,-2.0,4.0,90,1,1,1
wavmark,8,4096,146,chinese:SSB0407,2,fwp,"[17289, 19995, 37269, 41611, 45596, 47181, 60008, 61274]",60413,0,-6.0,-1.0,5.0,425,1,1,1
wavmark,8,16384,146,chinese:SSB0407,2,fwp,"[17289, 19995, 37269, 41611, 45596, 47181, 60008, 61274]",48125,0,-6.0,-1.0,5.0,1706,1,1,1
wavmark,8,65536,146,chinese:SSB0407,2,fwp,"[17289, 19995, 37269, 41611, 45596, 47181, 60008, 61274]",44029,0,-6.0,-0.0,6.0,6886,1,1,1
wavmark,8,256,147,chinese:SSB0415,0,mean,"[1822, 10787, 35395, 41767, 43848, 46744, 52028, 57451]",43570,0,-4.0,-3.0,1.0,4,1,1,1
wavmark,8,1024,147,chinese:SSB0415,0,mean,"[1822, 10787, 35395, 41767, 43848, 46744, 52028, 57451]",43323,0,-4.0,-1.0,3.0,14,1,1,1
wavmark,8,4096,147,chinese:SSB0415,0,mean,"[1822, 10787, 35395, 41767, 43848, 46744, 52028, 57451]",44859,0,-4.0,-1.0,3.0,41,1,1,1
wavmark,8,16384,147,chinese:SSB0415,0,mean,"[1822, 10787, 35395, 41767, 43848, 46744, 52028, 57451]",43839,0,-4.0,-1.0,3.0,167,1,1,1
wavmark,8,65536,147,chinese:SSB0415,0,mean,"[1822, 10787, 35395, 41767, 43848, 46744, 52028, 57451]",43835,0,-4.0,-0.0,4.0,698,1,1,1
wavmark,8,256,147,chinese:SSB0415,0,fwp,"[1822, 10787, 35395, 41767, 43848, 46744, 52028, 57451]",42543,0,-4.0,-3.0,1.0,2,1,1,1
wavmark,8,1024,147,chinese:SSB0415,0,fwp,"[1822, 10787, 35395, 41767, 43848, 46744, 52028, 57451]",42877,0,-4.0,-1.0,3.0,10,1,1,1
wavmark,8,4096,147,chinese:SSB0415,0,fwp,"[1822, 10787, 35395, 41767, 43848, 46744, 52028, 57451]",42623,0,-4.0,-1.0,3.0,41,1,1,1
wavmark,8,16384,147,chinese:SSB0415,0,fwp,"[1822, 10787, 35395, 41767, 43848, 46744, 52028, 57451]",42877,0,-4.0,-1.0,3.0,161,1,1,1
wavmark,8,65536,147,chinese:SSB0415,0,fwp,"[1822, 10787, 35395, 41767, 43848, 46744, 52028, 57451]",42879,0,-4.0,-0.0,4.0,698,1,1,1
wavmark,8,256,148,chinese:SSB0415,1,mean,"[4097, 10712, 18221, 25727, 32613, 50008, 59635, 61723]",25081,0,-4.0,-1.0,3.0,6,1,1,1
wavmark,8,1024,148,chinese:SSB0415,1,mean,"[4097, 10712, 18221, 25727, 32613, 50008, 59635, 61723]",49529,0,-4.0,-2.0,2.0,13,1,1,1
wavmark,8,4096,148,chinese:SSB0415,1,mean,"[4097, 10712, 18221, 25727, 32613, 50008, 59635, 61723]",25465,0,-4.0,-1.0,3.0,51,1,1,1
wavmark,8,16384,148,chinese:SSB0415,1,mean,"[4097, 10712, 18221, 25727, 32613, 50008, 59635, 61723]",27001,0,-4.0,-1.0,3.0,191,1,1,1
wavmark,8,65536,148,chinese:SSB0415,1,mean,"[4097, 10712, 18221, 25727, 32613, 50008, 59635, 61723]",24953,0,-4.0,-0.0,4.0,698,1,1,1
wavmark,8,256,148,chinese:SSB0415,1,fwp,"[4097, 10712, 18221, 25727, 32613, 50008, 59635, 61723]",28855,0,-4.0,-3.0,1.0,3,1,0,0
wavmark,8,1024,148,chinese:SSB0415,1,fwp,"[4097, 10712, 18221, 25727, 32613, 50008, 59635, 61723]",64179,0,-4.0,-3.0,1.0,13,1,1,1
wavmark,8,4096,148,chinese:SSB0415,1,fwp,"[4097, 10712, 18221, 25727, 32613, 50008, 59635, 61723]",14515,0,-4.0,-0.0,4.0,43,1,1,1
wavmark,8,16384,148,chinese:SSB0415,1,fwp,"[4097, 10712, 18221, 25727, 32613, 50008, 59635, 61723]",30899,0,-4.0,-1.0,3.0,195,1,1,1
wavmark,8,65536,148,chinese:SSB0415,1,fwp,"[4097, 10712, 18221, 25727, 32613, 50008, 59635, 61723]",14515,0,-4.0,-0.0,4.0,698,1,1,1
wavmark,8,256,149,chinese:SSB0415,2,mean,"[6700, 11927, 13698, 15873, 25731, 43357, 59037, 60718]",11927,1,-1.0,-3.0,-2.0,1,0,0,0
wavmark,8,1024,149,chinese:SSB0415,2,mean,"[6700, 11927, 13698, 15873, 25731, 43357, 59037, 60718]",11927,1,-1.0,-1.0,0.0,1,0,0,0
wavmark,8,4096,149,chinese:SSB0415,2,mean,"[6700, 11927, 13698, 15873, 25731, 43357, 59037, 60718]",11927,1,-1.0,-2.0,-1.0,1,0,0,0
wavmark,8,16384,149,chinese:SSB0415,2,mean,"[6700, 11927, 13698, 15873, 25731, 43357, 59037, 60718]",44703,0,-1.0,-1.0,0.0,1,1,1,1
wavmark,8,65536,149,chinese:SSB0415,2,mean,"[6700, 11927, 13698, 15873, 25731, 43357, 59037, 60718]",11935,0,-1.0,-0.0,1.0,2,1,1,1
wavmark,8,256,149,chinese:SSB0415,2,fwp,"[6700, 11927, 13698, 15873, 25731, 43357, 59037, 60718]",31911,0,-5.0,-2.0,3.0,15,1,1,1
wavmark,8,1024,149,chinese:SSB0415,2,fwp,"[6700, 11927, 13698, 15873, 25731, 43357, 59037, 60718]",65455,0,-5.0,-2.0,3.0,26,1,1,1
wavmark,8,4096,149,chinese:SSB0415,2,fwp,"[6700, 11927, 13698, 15873, 25731, 43357, 59037, 60718]",65199,0,-5.0,-1.0,4.0,149,1,1,1
wavmark,8,16384,149,chinese:SSB0415,2,fwp,"[6700, 11927, 13698, 15873, 25731, 43357, 59037, 60718]",32447,0,-5.0,-1.0,4.0,615,1,1,1
wavmark,8,65536,149,chinese:SSB0415,2,fwp,"[6700, 11927, 13698, 15873, 25731, 43357, 59037, 60718]",32431,0,-5.0,-0.0,5.0,2518,1,1,1
wavmark,8,256,150,english:103,0,mean,"[2322, 3134, 14407, 21174, 50027, 50834, 51485, 62890]",51501,0,-3.0,-3.0,0.0,1,1,0,0
wavmark,8,1024,150,english:103,0,mean,"[2322, 3134, 14407, 21174, 50027, 50834, 51485, 62890]",50494,0,-3.0,-2.0,1.0,2,1,1,0
wavmark,8,4096,150,english:103,0,mean,"[2322, 3134, 14407, 21174, 50027, 50834, 51485, 62890]",59710,0,-3.0,-1.0,2.0,15,1,1,1
wavmark,8,16384,150,english:103,0,mean,"[2322, 3134, 14407, 21174, 50027, 50834, 51485, 62890]",59710,0,-3.0,-1.0,2.0,32,1,1,1
wavmark,8,65536,150,english:103,0,mean,"[2322, 3134, 14407, 21174, 50027, 50834, 51485, 62890]",51518,0,-3.0,-0.0,3.0,138,1,1,1
wavmark,8,256,150,english:103,0,fwp,"[2322, 3134, 14407, 21174, 50027, 50834, 51485, 62890]",44743,0,-6.0,-1.0,5.0,25,1,1,1
wavmark,8,1024,150,english:103,0,fwp,"[2322, 3134, 14407, 21174, 50027, 50834, 51485, 62890]",44567,0,-6.0,-2.0,4.0,109,1,1,1
wavmark,8,4096,150,english:103,0,fwp,"[2322, 3134, 14407, 21174, 50027, 50834, 51485, 62890]",61143,0,-6.0,-1.0,5.0,418,1,1,1
wavmark,8,16384,150,english:103,0,fwp,"[2322, 3134, 14407, 21174, 50027, 50834, 51485, 62890]",48855,0,-6.0,-1.0,5.0,1727,1,1,1
wavmark,8,65536,150,english:103,0,fwp,"[2322, 3134, 14407, 21174, 50027, 50834, 51485, 62890]",44759,0,-6.0,-0.0,6.0,6886,1,1,1
wavmark,8,256,151,english:103,1,mean,"[4854, 10678, 21666, 21766, 23842, 26467, 43072, 53217]",28007,0,-4.0,-3.0,1.0,4,1,1,1
wavmark,8,1024,151,english:103,1,mean,"[4854, 10678, 21666, 21766, 23842, 26467, 43072, 53217]",60832,0,-4.0,-3.0,1.0,9,1,1,1
wavmark,8,4096,151,english:103,1,mean,"[4854, 10678, 21666, 21766, 23842, 26467, 43072, 53217]",27874,0,-4.0,-1.0,3.0,34,1,1,1
wavmark,8,16384,151,english:103,1,mean,"[4854, 10678, 21666, 21766, 23842, 26467, 43072, 53217]",28002,0,-4.0,-1.0,3.0,166,1,1,1
wavmark,8,65536,151,english:103,1,mean,"[4854, 10678, 21666, 21766, 23842, 26467, 43072, 53217]",28130,0,-4.0,-0.0,4.0,698,1,1,1
wavmark,8,256,151,english:103,1,fwp,"[4854, 10678, 21666, 21766, 23842, 26467, 43072, 53217]",43699,0,-5.0,-2.0,3.0,10,1,1,1
wavmark,8,1024,151,english:103,1,fwp,"[4854, 10678, 21666, 21766, 23842, 26467, 43072, 53217]",47856,0,-5.0,-2.0,3.0,40,1,1,1
wavmark,8,4096,151,english:103,1,fwp,"[4854, 10678, 21666, 21766, 23842, 26467, 43072, 53217]",47858,0,-5.0,-1.0,4.0,140,1,1,1
wavmark,8,16384,151,english:103,1,fwp,"[4854, 10678, 21666, 21766, 23842, 26467, 43072, 53217]",43762,0,-5.0,-0.0,5.0,644,1,1,1
wavmark,8,65536,151,english:103,1,fwp,"[4854, 10678, 21666, 21766, 23842, 26467, 43072, 53217]",43762,0,-5.0,-0.0,5.0,2518,1,1,1
wavmark,8,256,152,english:103,2,mean,"[3848, 4909, 13703, 29389, 41909, 50069, 55118, 61612]",63405,0,-4.0,-3.0,1.0,2,1,1,1
wavmark,8,1024,152,english:103,2,mean,"[3848, 4909, 13703, 29389, 41909, 50069, 55118, 61612]",62093,0,-4.0,-2.0,2.0,12,1,1,1
wavmark,8,4096,152,english:103,2,mean,"[3848, 4909, 13703, 29389, 41909, 50069, 55118, 61612]",45964,0,-4.0,-1.0,3.0,45,1,1,1
wavmark,8,16384,152,english:103,2,mean,"[3848, 4909, 13703, 29389, 41909, 50069, 55118, 61612]",62349,0,-4.0,-1.0,3.0,185,1,1,1
wavmark,8,65536,152,english:103,2,mean,"[3848, 4909, 13703, 29389, 41909, 50069, 55118, 61612]",45965,0,-4.0,-0.0,4.0,698,1,1,1
wavmark,8,256,152,english:103,2,fwp,"[3848, 4909, 13703, 29389, 41909, 50069, 55118, 61612]",46892,0,-5.0,-3.0,2.0,10,1,1,1
wavmark,8,1024,152,english:103,2,fwp,"[3848, 4909, 13703, 29389, 41909, 50069, 55118, 61612]",59304,0,-5.0,-3.0,2.0,42,1,1,1
wavmark,8,4096,152,english:103,2,fwp,"[3848, 4909, 13703, 29389, 41909, 50069, 55118, 61612]",36780,0,-5.0,-1.0,4.0,146,1,1,1
wavmark,8,16384,152,english:103,2,fwp,"[3848, 4909, 13703, 29389, 41909, 50069, 55118, 61612]",44974,0,-5.0,-1.0,4.0,594,1,1,1
wavmark,8,65536,152,english:103,2,fwp,"[3848, 4909, 13703, 29389, 41909, 50069, 55118, 61612]",44972,0,-5.0,-0.0,5.0,2518,1,1,1
wavmark,8,256,153,english:1034,0,mean,"[8029, 9349, 12062, 12992, 14783, 24116, 48244, 64344]",15768,0,-3.0,-2.0,1.0,2,1,0,0
wavmark,8,1024,153,english:1034,0,mean,"[8029, 9349, 12062, 12992, 14783, 24116, 48244, 64344]",15773,0,-3.0,-2.0,1.0,2,1,1,1
wavmark,8,4096,153,english:1034,0,mean,"[8029, 9349, 12062, 12992, 14783, 24116, 48244, 64344]",16316,0,-3.0,-1.0,2.0,11,1,1,1
wavmark,8,16384,153,english:1034,0,mean,"[8029, 9349, 12062, 12992, 14783, 24116, 48244, 64344]",16284,0,-3.0,-0.0,3.0,41,1,1,1
wavmark,8,65536,153,english:1034,0,mean,"[8029, 9349, 12062, 12992, 14783, 24116, 48244, 64344]",16284,0,-3.0,-0.0,3.0,138,1,1,1
wavmark,8,256,153,english:1034,0,fwp,"[8029, 9349, 12062, 12992, 14783, 24116, 48244, 64344]",15581,0,-4.0,-2.0,2.0,4,1,1,1
wavmark,8,1024,153,english:1034,0,fwp,"[8029, 9349, 12062, 12992, 14783, 24116, 48244, 64344]",48543,0,-4.0,-2.0,2.0,16,1,1,1
wavmark,8,4096,153,english:1034,0,fwp,"[8029, 9349, 12062, 12992, 14783, 24116, 48244, 64344]",56797,0,-4.0,-2.0,2.0,41,1,1,1
wavmark,8,16384,153,english:1034,0,fwp,"[8029, 9349, 12062, 12992, 14783, 24116, 48244, 64344]",48604,0,-4.0,-1.0,3.0,156,1,1,1
wavmark,8,65536,153,english:1034,0,fwp,"[8029, 9349, 12062, 12992, 14783, 24116, 48244, 64344]",48605,0,-4.0,-0.0,4.0,698,1,1,1
wavmark,8,256,154,english:1034,1,mean,"[5844, 9239, 21754, 33682, 37632, 52123, 52963, 56287]",38294,0,-2.0,-2.0,0.0,1,1,0,0
wavmark,8,1024,154,english:1034,1,mean,"[5844, 9239, 21754, 33682, 37632, 52123, 52963, 56287]",33682,1,-2.0,-3.0,-1.0,1,0,0,0
wavmark,8,4096,154,english:1034,1,mean,"[5844, 9239, 21754, 33682, 37632, 52123, 52963, 56287]",46994,0,-2.0,-1.0,1.0,3,1,1,1
wavmark,8,16384,154,english:1034,1,mean,"[5844, 9239, 21754, 33682, 37632, 52123, 52963, 56287]",38866,0,-2.0,-1.0,1.0,2,1,1,1
wavmark,8,65536,154,english:1034,1,mean,"[5844, 9239, 21754, 33682, 37632, 52123, 52963, 56287]",38802,0,-2.0,-0.0,2.0,18,1,1,1
wavmark,8,256,154,english:1034,1,fwp,"[5844, 9239, 21754, 33682, 37632, 52123, 52963, 56287]",38778,0,-4.0,-1.0,3.0,5,1,1,1
wavmark,8,1024,154,english:1034,1,fwp,"[5844, 9239, 21754, 33682, 37632, 52123, 52963, 56287]",38890,0,-4.0,-1.0,3.0,11,1,1,1
wavmark,8,4096,154,english:1034,1,fwp,"[5844, 9239, 21754, 33682, 37632, 52123, 52963, 56287]",38778,0,-4.0,-1.0,3.0,48,1,1,1
wavmark,8,16384,154,english:1034,1,fwp,"[5844, 9239, 21754, 33682, 37632, 52123, 52963, 56287]",55290,0,-4.0,-1.0,3.0,171,1,1,1
wavmark,8,65536,154,english:1034,1,fwp,"[5844, 9239, 21754, 33682, 37632, 52123, 52963, 56287]",38906,0,-4.0,-0.0,4.0,698,1,1,1
wavmark,8,256,155,english:1034,2,mean,"[10366, 20141, 20186, 21681, 24252, 29564, 43650, 49896]",28342,0,-2.0,-2.0,0.0,1,1,0,0
wavmark,8,1024,155,english:1034,2,mean,"[10366, 20141, 20186, 21681, 24252, 29564, 43650, 49896]",24252,1,-2.0,-3.0,-1.0,1,0,0,0
wavmark,8,4096,155,english:1034,2,mean,"[10366, 20141, 20186, 21681, 24252, 29564, 43650, 49896]",32446,0,-2.0,-2.0,0.0,1,1,1,0
wavmark,8,16384,155,english:1034,2,mean,"[10366, 20141, 20186, 21681, 24252, 29564, 43650, 49896]",28604,0,-2.0,-1.0,1.0,8,1,1,1
wavmark,8,65536,155,english:1034,2,mean,"[10366, 20141, 20186, 21681, 24252, 29564, 43650, 49896]",28348,0,-2.0,-0.0,2.0,18,1,1,1
wavmark,8,256,155,english:1034,2,fwp,"[10366, 20141, 20186, 21681, 24252, 29564, 43650, 49896]",23730,0,-3.0,-2.0,1.0,2,1,1,0
wavmark,8,1024,155,english:1034,2,fwp,"[10366, 20141, 20186, 21681, 24252, 29564, 43650, 49896]",31763,0,-3.0,-2.0,1.0,2,1,1,1
wavmark,8,4096,155,english:1034,2,fwp,"[10366, 20141, 20186, 21681, 24252, 29564, 43650, 49896]",15539,0,-3.0,-1.0,2.0,14,1,1,1
wavmark,8,16384,155,english:1034,2,fwp,"[10366, 20141, 20186, 21681, 24252, 29564, 43650, 49896]",32179,0,-3.0,-1.0,2.0,29,1,1,1
wavmark,8,65536,155,english:1034,2,fwp,"[10366, 20141, 20186, 21681, 24252, 29564, 43650, 49896]",31923,0,-3.0,-0.0,3.0,138,1,1,1
wavmark,8,256,156,english:1040,0,mean,"[615, 11159, 20986, 25586, 37203, 44508, 53945, 59724]",25551,0,-4.0,-3.0,1.0,3,1,1,1
wavmark,8,1024,156,english:1040,0,mean,"[615, 11159, 20986, 25586, 37203, 44508, 53945, 59724]",11259,0,-4.0,-2.0,2.0,8,1,1,1
wavmark,8,4096,156,english:1040,0,mean,"[615, 11159, 20986, 25586, 37203, 44508, 53945, 59724]",13311,0,-4.0,-1.0,3.0,47,1,1,1
wavmark,8,16384,156,english:1040,0,mean,"[615, 11159, 20986, 25586, 37203, 44508, 53945, 59724]",25599,0,-4.0,-1.0,3.0,177,1,1,1
wavmark,8,65536,156,english:1040,0,mean,"[615, 11159, 20986, 25586, 37203, 44508, 53945, 59724]",9215,0,-4.0,-0.0,4.0,698,1,1,1
wavmark,8,256,156,english:1040,0,fwp,"[615, 11159, 20986, 25586, 37203, 44508, 53945, 59724]",61343,0,-4.0,-3.0,1.0,5,1,1,1
wavmark,8,1024,156,english:1040,0,fwp,"[615, 11159, 20986, 25586, 37203, 44508, 53945, 59724]",12159,0,-4.0,-2.0,2.0,8,1,1,1
wavmark,8,4096,156,english:1040,0,fwp,"[615, 11159, 20986, 25586, 37203, 44508, 53945, 59724]",45054,0,-4.0,-1.0,3.0,49,1,1,1
wavmark,8,16384,156,english:1040,0,fwp,"[615, 11159, 20986, 25586, 37203, 44508, 53945, 59724]",45051,0,-4.0,-1.0,3.0,173,1,1,1
wavmark,8,65536,156,english:1040,0,fwp,"[615, 11159, 20986, 25586, 37203, 44508, 53945, 59724]",45055,0,-4.0,-0.0,4.0,698,1,1,1
wavmark,8,256,157,english:1040,1,mean,"[8007, 16578, 19290, 32776, 44136, 52439, 56310, 63240]",19290,1,-2.0,-3.0,-1.0,1,0,0,0
wavmark,8,1024,157,english:1040,1,mean,"[8007, 16578, 19290, 32776, 44136, 52439, 56310, 63240]",61018,0,-2.0,-2.0,0.0,1,1,0,0
wavmark,8,4096,157,english:1040,1,mean,"[8007, 16578, 19290, 32776, 44136, 52439, 56310, 63240]",61278,0,-2.0,-2.0,0.0,1,1,1,1
wavmark,8,16384,157,english:1040,1,mean,"[8007, 16578, 19290, 32776, 44136, 52439, 56310, 63240]",53114,0,-2.0,-1.0,1.0,5,1,1,1
wavmark,8,65536,157,english:1040,1,mean,"[8007, 16578, 19290, 32776, 44136, 52439, 56310, 63240]",53082,0,-2.0,-0.0,2.0,18,1,1,1
wavmark,8,256,157,english:1040,1,fwp,"[8007, 16578, 19290, 32776, 44136, 52439, 56310, 63240]",56310,1,-3.0,-3.0,0.0,1,0,0,0
wavmark,8,1024,157,english:1040,1,fwp,"[8007, 16578, 19290, 32776, 44136, 52439, 56310, 63240]",39870,0,-3.0,-2.0,1.0,5,1,1,0
wavmark,8,4096,157,english:1040,1,fwp,"[8007, 16578, 19290, 32776, 44136, 52439, 56310, 63240]",52223,0,-3.0,-2.0,1.0,10,1,1,1
wavmark,8,16384,157,english:1040,1,fwp,"[8007, 16578, 19290, 32776, 44136, 52439, 56310, 63240]",44030,0,-3.0,-1.0,2.0,42,1,1,1
wavmark,8,65536,157,english:1040,1,fwp,"[8007, 16578, 19290, 32776, 44136, 52439, 56310, 63240]",35838,0,-3.0,-0.0,3.0,138,1,1,1
wavmark,8,256,158,english:1040,2,mean,"[10659, 12515, 16464, 43278, 45954, 50348, 53084, 56265]",59866,0,-3.0,-2.0,1.0,3,1,1,0
wavmark,8,1024,158,english:1040,2,mean,"[10659, 12515, 16464, 43278, 45954, 50348, 53084, 56265]",43210,0,-3.0,-1.0,2.0,2,1,1,1
wavmark,8,4096,158,english:1040,2,mean,"[10659, 12515, 16464, 43278, 45954, 50348, 53084, 56265]",60874,0,-3.0,-2.0,1.0,8,1,1,1
wavmark,8,16384,158,english:1040,2,mean,"[10659, 12515, 16464, 43278, 45954, 50348, 53084, 56265]",59850,0,-3.0,-1.0,2.0,31,1,1,1
wavmark,8,65536,158,english:1040,2,mean,"[10659, 12515, 16464, 43278, 45954, 50348, 53084, 56265]",43466,0,-3.0,-0.0,3.0,138,1,1,1
wavmark,8,256,158,english:1040,2,fwp,"[10659, 12515, 16464, 43278, 45954, 50348, 53084, 56265]",65359,0,-7.0,-4.0,3.0,60,1,1,1
wavmark,8,1024,158,english:1040,2,fwp,"[10659, 12515, 16464, 43278, 45954, 50348, 53084, 56265]",48895,0,-7.0,-1.0,6.0,231,1,1,1
wavmark,8,4096,158,english:1040,2,fwp,"[10659, 12515, 16464, 43278, 45954, 50348, 53084, 56265]",65503,0,-7.0,-2.0,5.0,930,1,1,1
wavmark,8,16384,158,english:1040,2,fwp,"[10659, 12515, 16464, 43278, 45954, 50348, 53084, 56265]",49149,0,-7.0,-1.0,6.0,3686,1,1,1
wavmark,8,65536,158,english:1040,2,fwp,"[10659, 12515, 16464, 43278, 45954, 50348, 53084, 56265]",49151,0,-7.0,-0.0,7.0,14894,1,1,1
wavmark,8,256,159,english:1069,0,mean,"[17553, 23659, 41625, 46388, 49432, 51490, 53847, 63935]",52235,0,-4.0,-3.0,1.0,3,1,1,1
wavmark,8,1024,159,english:1069,0,mean,"[17553, 23659, 41625, 46388, 49432, 51490, 53847, 63935]",57147,0,-4.0,-2.0,2.0,9,1,1,1
wavmark,8,4096,159,english:1069,0,mean,"[17553, 23659, 41625, 46388, 49432, 51490, 53847, 63935]",52537,0,-4.0,-1.0,3.0,48,1,1,1
wavmark,8,16384,159,english:1069,0,mean,"[17553, 23659, 41625, 46388, 49432, 51490, 53847, 63935]",60731,0,-4.0,-1.0,3.0,157,1,1,1
wavmark,8,65536,159,english:1069,0,mean,"[17553, 23659, 41625, 46388, 49432, 51490, 53847, 63935]",52539,0,-4.0,-0.0,4.0,698,1,1,1
wavmark,8,256,159,english:1069,0,fwp,"[17553, 23659, 41625, 46388, 49432, 51490, 53847, 63935]",44786,0,-5.0,-2.0,3.0,9,1,1,1
wavmark,8,1024,159,english:1069,0,fwp,"[17553, 23659, 41625, 46388, 49432, 51490, 53847, 63935]",44787,0,-5.0,-1.0,4.0,36,1,1,1
wavmark,8,4096,159,english:1069,0,fwp,"[17553, 23659, 41625, 46388, 49432, 51490, 53847, 63935]",61178,0,-5.0,-2.0,3.0,153,1,1,1
wavmark,8,16384,159,english:1069,0,fwp,"[17553, 23659, 41625, 46388, 49432, 51490, 53847, 63935]",44731,0,-5.0,-1.0,4.0,622,1,1,1
wavmark,8,65536,159,english:1069,0,fwp,"[17553, 23659, 41625, 46388, 49432, 51490, 53847, 63935]",44795,0,-5.0,-0.0,5.0,2518,1,1,1
wavmark,8,256,160,english:1069,1,mean,"[9471, 14737, 17035, 22587, 24249, 42870, 47471, 63565]",14575,0,-3.0,-1.0,2.0,2,1,0,0
wavmark,8,1024,160,english:1069,1,mean,"[9471, 14737, 17035, 22587, 24249, 42870, 47471, 63565]",14511,0,-3.0,-2.0,1.0,3,1,1,1
wavmark,8,4096,160,english:1069,1,mean,"[9471, 14737, 17035, 22587, 24249, 42870, 47471, 63565]",16127,0,-3.0,-2.0,1.0,6,1,1,1
wavmark,8,16384,160,english:1069,1,mean,"[9471, 14737, 17035, 22587, 24249, 42870, 47471, 63565]",30975,0,-3.0,-1.0,2.0,38,1,1,1
wavmark,8,65536,160,english:1069,1,mean,"[9471, 14737, 17035, 22587, 24249, 42870, 47471, 63565]",14591,0,-3.0,-0.0,3.0,138,1,1,1
wavmark,8,256,160,english:1069,1,fwp,"[9471, 14737, 17035, 22587, 24249, 42870, 47471, 63565]",42870,1,-3.0,-3.0,0.0,1,0,0,0
wavmark,8,1024,160,english:1069,1,fwp,"[9471, 14737, 17035, 22587, 24249, 42870, 47471, 63565]",63487,0,-3.0,-2.0,1.0,3,1,1,1
wavmark,8,4096,160,english:1069,1,fwp,"[9471, 14737, 17035, 22587, 24249, 42870, 47471, 63565]",43007,0,-3.0,-0.0,3.0,12,1,1,1
wavmark,8,16384,160,english:1069,1,fwp,"[9471, 14737, 17035, 22587, 24249, 42870, 47471, 63565]",43007,0,-3.0,-0.0,3.0,45,1,1,1
wavmark,8,65536,160,english:1069,1,fwp,"[9471, 14737, 17035, 22587, 24249, 42870, 47471, 63565]",43007,0,-3.0,-0.0,3.0,138,1,1,1
wavmark,8,256,161,english:1069,2,mean,"[10480, 34707, 39104, 47513, 50528, 51746, 61106, 63548]",61106,1,-3.0,-3.0,0.0,1,0,0,0
wavmark,8,1024,161,english:1069,2,mean,"[10480, 34707, 39104, 47513, 50528, 51746, 61106, 63548]",64752,0,-3.0,-3.0,0.0,1,1,0,0
wavmark,8,4096,161,english:1069,2,mean,"[10480, 34707, 39104, 47513, 50528, 51746, 61106, 63548]",60592,0,-3.0,-1.0,2.0,11,1,1,1
wavmark,8,16384,161,english:1069,2,mean,"[10480, 34707, 39104, 47513, 50528, 51746, 61106, 63548]",44208,0,-3.0,-0.0,3.0,36,1,1,1
wavmark,8,65536,161,english:1069,2,mean,"[10480, 34707, 39104, 47513, 50528, 51746, 61106, 63548]",44208,0,-3.0,-0.0,3.0,138,1,1,1
wavmark,8,256,161,english:1069,2,fwp,"[10480, 34707, 39104, 47513, 50528, 51746, 61106, 63548]",44439,0,-5.0,-3.0,2.0,10,1,1,1
wavmark,8,1024,161,english:1069,2,fwp,"[10480, 34707, 39104, 47513, 50528, 51746, 61106, 63548]",36797,0,-5.0,-2.0,3.0,34,1,1,1
wavmark,8,4096,161,english:1069,2,fwp,"[10480, 34707, 39104, 47513, 50528, 51746, 61106, 63548]",44983,0,-5.0,-1.0,4.0,171,1,1,1
wavmark,8,16384,161,english:1069,2,fwp,"[10480, 34707, 39104, 47513, 50528, 51746, 61106, 63548]",44735,0,-5.0,-1.0,4.0,605,1,1,1
wavmark,8,65536,161,english:1069,2,fwp,"[10480, 34707, 39104, 47513, 50528, 51746, 61106, 63548]",44991,0,-5.0,-0.0,5.0,2518,1,1,1
wavmark,8,256,162,english:1081,0,mean,"[1326, 5816, 11113, 17193, 48602, 55109, 58030, 58518]",61366,0,-4.0,-3.0,1.0,6,1,1,1
wavmark,8,1024,162,english:1081,0,mean,"[1326, 5816, 11113, 17193, 48602, 55109, 58030, 58518]",42558,0,-4.0,-2.0,2.0,10,1,1,1
wavmark,8,4096,162,english:1081,0,mean,"[1326, 5816, 11113, 17193, 48602, 55109, 58030, 58518]",59198,0,-4.0,-2.0,2.0,37,1,1,1
wavmark,8,16384,162,english:1081,0,mean,"[1326, 5816, 11113, 17193, 48602, 55109, 58030, 58518]",44990,0,-4.0,-1.0,3.0,171,1,1,1
wavmark,8,65536,162,english:1081,0,mean,"[1326, 5816, 11113, 17193, 48602, 55109, 58030, 58518]",42942,0,-4.0,-0.0,4.0,698,1,1,1
wavmark,8,256,162,english:1081,0,fwp,"[1326, 5816, 11113, 17193, 48602, 55109, 58030, 58518]",61366,0,-6.0,-3.0,3.0,29,1,1,1
wavmark,8,1024,162,english:1081,0,fwp,"[1326, 5816, 11113, 17193, 48602, 55109, 58030, 58518]",49051,0,-6.0,-3.0,3.0,112,1,1,1
wavmark,8,4096,162,english:1081,0,fwp,"[1326, 5816, 11113, 17193, 48602, 55109, 58030, 58518]",44973,0,-6.0,-2.0,4.0,431,1,1,1
wavmark,8,16384,162,english:1081,0,fwp,"[1326, 5816, 11113, 17193, 48602, 55109, 58030, 58518]",44990,0,-6.0,-1.0,5.0,1752,1,1,1
wavmark,8,65536,162,english:1081,0,fwp,"[1326, 5816, 11113, 17193, 48602, 55109, 58030, 58518]",44991,0,-6.0,-0.0,6.0,6886,1,1,1
wavmark,8,256,163,english:1081,1,mean,"[44, 14991, 18336, 18375, 33729, 40790, 49911, 64192]",51943,0,-3.0,-3.0,0.0,1,1,0,0
wavmark,8,1024,163,english:1081,1,mean,"[44, 14991, 18336, 18375, 33729, 40790, 49911, 64192]",35823,0,-3.0,-2.0,1.0,4,1,1,1
wavmark,8,4096,163,english:1081,1,mean,"[44, 14991, 18336, 18375, 33729, 40790, 49911, 64192]",35719,0,-3.0,-1.0,2.0,6,1,1,1
wavmark,8,16384,163,english:1081,1,mean,"[44, 14991, 18336, 18375, 33729, 40790, 49911, 64192]",36807,0,-3.0,-1.0,2.0,30,1,1,1
wavmark,8,65536,163,english:1081,1,mean,"[44, 14991, 18336, 18375, 33729, 40790, 49911, 64192]",35783,0,-3.0,-0.0,3.0,138,1,1,1
wavmark,8,256,163,english:1081,1,fwp,"[44, 14991, 18336, 18375, 33729, 40790, 49911, 64192]",44838,0,-4.0,-3.0,1.0,2,1,0,0
wavmark,8,1024,163,english:1081,1,fwp,"[44, 14991, 18336, 18375, 33729, 40790, 49911, 64192]",48958,0,-4.0,-2.0,2.0,9,1,1,1
wavmark,8,4096,163,english:1081,1,fwp,"[44, 14991, 18336, 18375, 33729, 40790, 49911, 64192]",36668,0,-4.0,-1.0,3.0,34,1,1,1
wavmark,8,16384,163,english:1081,1,fwp,"[44, 14991, 18336, 18375, 33729, 40790, 49911, 64192]",36670,0,-4.0,-0.0,4.0,182,1,1,1
wavmark,8,65536,163,english:1081,1,fwp,"[44, 14991, 18336, 18375, 33729, 40790, 49911, 64192]",36670,0,-4.0,-0.0,4.0,698,1,1,1
wavmark,8,256,164,english:1081,2,mean,"[7853, 12712, 26475, 27103, 30258, 33400, 38737, 57316]",15353,0,-5.0,-2.0,3.0,9,1,1,1
wavmark,8,1024,164,english:1081,2,mean,"[7853, 12712, 26475, 27103, 30258, 33400, 38737, 57316]",47069,0,-5.0,-3.0,2.0,49,1,1,1
wavmark,8,4096,164,english:1081,2,mean,"[7853, 12712, 26475, 27103, 30258, 33400, 38737, 57316]",6137,0,-5.0,-1.0,4.0,151,1,1,1
wavmark,8,16384,164,english:1081,2,mean,"[7853, 12712, 26475, 27103, 30258, 33400, 38737, 57316]",30713,0,-5.0,-1.0,4.0,647,1,1,1
wavmark,8,65536,164,english:1081,2,mean,"[7853, 12712, 26475, 27103, 30258, 33400, 38737, 57316]",14329,0,-5.0,-0.0,5.0,2518,1,1,1
wavmark,8,256,164,english:1081,2,fwp,"[7853, 12712, 26475, 27103, 30258, 33400, 38737, 57316]",32735,0,-4.0,-1.0,3.0,5,1,1,1
wavmark,8,1024,164,english:1081,2,fwp,"[7853, 12712, 26475, 27103, 30258, 33400, 38737, 57316]",31615,0,-4.0,-2.0,2.0,14,1,1,1
wavmark,8,4096,164,english:1081,2,fwp,"[7853, 12712, 26475, 27103, 30258, 33400, 38737, 57316]",63487,0,-4.0,-2.0,2.0,39,1,1,1
wavmark,8,16384,164,english:1081,2,fwp,"[7853, 12712, 26475, 27103, 30258, 33400, 38737, 57316]",32765,0,-4.0,-1.0,3.0,182,1,1,1
wavmark,8,65536,164,english:1081,2,fwp,"[7853, 12712, 26475, 27103, 30258, 33400, 38737, 57316]",32767,0,-4.0,-0.0,4.0,698,1,1,1
wavmark,8,256,165,english:1088,0,mean,"[7322, 10804, 24635, 24843, 37824, 40956, 47851, 52339]",47851,1,-2.0,-2.0,0.0,1,0,0,0
wavmark,8,1024,165,english:1088,0,mean,"[7322, 10804, 24635, 24843, 37824, 40956, 47851, 52339]",60155,0,-2.0,-1.0,1.0,2,1,0,0
wavmark,8,4096,165,english:1088,0,mean,"[7322, 10804, 24635, 24843, 37824, 40956, 47851, 52339]",35579,0,-2.0,-1.0,1.0,2,1,0,0
wavmark,8,16384,165,english:1088,0,mean,"[7322, 10804, 24635, 24843, 37824, 40956, 47851, 52339]",47867,0,-2.0,-1.0,1.0,4,1,1,0
wavmark,8,65536,165,english:1088,0,mean,"[7322, 10804, 24635, 24843, 37824, 40956, 47851, 52339]",43771,0,-2.0,-0.0,2.0,18,1,1,1
wavmark,8,256,165,english:1088,0,fwp,"[7322, 10804, 24635, 24843, 37824, 40956, 47851, 52339]",43455,0,-4.0,-3.0,1.0,2,1,1,0
wavmark,8,1024,165,english:1088,0,fwp,"[7322, 10804, 24635, 24843, 37824, 40956, 47851, 52339]",60925,0,-4.0,-3.0,1.0,9,1,1,1
wavmark,8,4096,165,english:1088,0,fwp,"[7322, 10804, 24635, 24843, 37824, 40956, 47851, 52339]",45047,0,-4.0,-1.0,3.0,38,1,1,1
wavmark,8,16384,165,english:1088,0,fwp,"[7322, 10804, 24635, 24843, 37824, 40956, 47851, 52339]",45023,0,-4.0,-1.0,3.0,171,1,1,1
wavmark,8,65536,165,english:1088,0,fwp,"[7322, 10804, 24635, 24843, 37824, 40956, 47851, 52339]",45055,0,-4.0,-0.0,4.0,698,1,1,1
wavmark,8,256,166,english:1088,1,mean,"[31461, 31575, 33434, 37075, 37215, 52814, 53942, 60465]",39646,0,-5.0,-2.0,3.0,9,1,1,1
wavmark,8,1024,166,english:1088,1,mean,"[31461, 31575, 33434, 37075, 37215, 52814, 53942, 60465]",56543,0,-5.0,-2.0,3.0,32,1,1,1
wavmark,8,4096,166,english:1088,1,mean,"[31461, 31575, 33434, 37075, 37215, 52814, 53942, 60465]",56027,0,-5.0,-1.0,4.0,167,1,1,1
wavmark,8,16384,166,english:1088,1,mean,"[31461, 31575, 33434, 37075, 37215, 52814, 53942, 60465]",64223,0,-5.0,-1.0,4.0,621,1,1,1
wavmark,8,65536,166,english:1088,1,mean,"[31461, 31575, 33434, 37075, 37215, 52814, 53942, 60465]",56031,0,-5.0,-0.0,5.0,2518,1,1,1
wavmark,8,256,166,english:1088,1,fwp,"[31461, 31575, 33434, 37075, 37215, 52814, 53942, 60465]",41727,0,-6.0,-1.0,5.0,30,1,1,1
wavmark,8,1024,166,english:1088,1,fwp,"[31461, 31575, 33434, 37075, 37215, 52814, 53942, 60465]",43693,0,-6.0,-3.0,3.0,89,1,1,1
wavmark,8,4096,166,english:1088,1,fwp,"[31461, 31575, 33434, 37075, 37215, 52814, 53942, 60465]",44287,0,-6.0,-2.0,4.0,419,1,1,1
wavmark,8,16384,166,english:1088,1,fwp,"[31461, 31575, 33434, 37075, 37215, 52814, 53942, 60465]",43775,0,-6.0,-0.0,6.0,1764,1,1,1
wavmark,8,65536,166,english:1088,1,fwp,"[31461, 31575, 33434, 37075, 37215, 52814, 53942, 60465]",43775,0,-6.0,-0.0,6.0,6886,1,1,1
wavmark,8,256,167,english:1088,2,mean,"[952, 10000, 11842, 25531, 46110, 59551, 60951, 61641]",60951,1,-4.0,-4.0,0.0,1,0,0,0
wavmark,8,1024,167,english:1088,2,mean,"[952, 10000, 11842, 25531, 46110, 59551, 60951, 61641]",45019,0,-4.0,-2.0,2.0,15,1,1,1
wavmark,8,4096,167,english:1088,2,mean,"[952, 10000, 11842, 25531, 46110, 59551, 60951, 61641]",42651,0,-4.0,-1.0,3.0,44,1,1,1
wavmark,8,16384,167,english:1088,2,mean,"[952, 10000, 11842, 25531, 46110, 59551, 60951, 61641]",48795,0,-4.0,-1.0,3.0,180,1,1,1
wavmark,8,65536,167,english:1088,2,mean,"[952, 10000, 11842, 25531, 46110, 59551, 60951, 61641]",44699,0,-4.0,-0.0,4.0,698,1,1,1
wavmark,8,256,167,english:1088,2,fwp,"[952, 10000, 11842, 25531, 46110, 59551, 60951, 61641]",64959,0,-5.0,-3.0,2.0,12,1,1,1
wavmark,8,1024,167,english:1088,2,fwp,"[952, 10000, 11842, 25531, 46110, 59551, 60951, 61641]",61374,0,-5.0,-2.0,3.0,34,1,1,1
wavmark,8,4096,167,english:1088,2,fwp,"[952, 10000, 11842, 25531, 46110, 59551, 60951, 61641]",61374,0,-5.0,-2.0,3.0,149,1,1,1
wavmark,8,16384,167,english:1088,2,fwp,"[952, 10000, 11842, 25531, 46110, 59551, 60951, 61641]",61375,0,-5.0,-1.0,4.0,617,1,1,1
wavmark,8,65536,167,english:1088,2,fwp,"[952, 10000, 11842, 25531, 46110, 59551, 60951, 61641]",44991,0,-5.0,-0.0,5.0,2518,1,1,1
wavmark,8,256,168,english:1098,0,mean,"[5846, 10548, 13547, 36630, 42781, 53570, 54012, 54889]",13174,0,-5.0,-3.0,2.0,9,1,1,1
wavmark,8,1024,168,english:1098,0,mean,"[5846, 10548, 13547, 36630, 42781, 53570, 54012, 54889]",63326,0,-5.0,-2.0,3.0,42,1,1,1
wavmark,8,4096,168,english:1098,0,mean,"[5846, 10548, 13547, 36630, 42781, 53570, 54012, 54889]",46974,0,-5.0,-0.0,5.0,161,1,1,1
wavmark,8,16384,168,english:1098,0,mean,"[5846, 10548, 13547, 36630, 42781, 53570, 54012, 54889]",46910,0,-5.0,-1.0,4.0,624,1,1,1
wavmark,8,65536,168,english:1098,0,mean,"[5846, 10548, 13547, 36630, 42781, 53570, 54012, 54889]",46974,0,-5.0,-0.0,5.0,2518,1,1,1
wavmark,8,256,168,english:1098,0,fwp,"[5846, 10548, 13547, 36630, 42781, 53570, 54012, 54889]",61813,0,-5.0,-4.0,1.0,9,1,1,1
wavmark,8,1024,168,english:1098,0,fwp,"[5846, 10548, 13547, 36630, 42781, 53570, 54012, 54889]",65333,0,-5.0,-2.0,3.0,41,1,1,1
wavmark,8,4096,168,english:1098,0,fwp,"[5846, 10548, 13547, 36630, 42781, 53570, 54012, 54889]",65401,0,-5.0,-1.0,4.0,153,1,1,1
wavmark,8,16384,168,english:1098,0,fwp,"[5846, 10548, 13547, 36630, 42781, 53570, 54012, 54889]",65397,0,-5.0,-1.0,4.0,626,1,1,1
wavmark,8,65536,168,english:1098,0,fwp,"[5846, 10548, 13547, 36630, 42781, 53570, 54012, 54889]",65405,0,-5.0,-0.0,5.0,2518,1,1,1
wavmark,8,256,169,english:1098,1,mean,"[16134, 18682, 18869, 27383, 28324, 38151, 42049, 53676]",18869,1,-3.0,-4.0,-1.0,1,0,0,0
wavmark,8,1024,169,english:1098,1,mean,"[16134, 18682, 18869, 27383, 28324, 38151, 42049, 53676]",60839,0,-3.0,-2.0,1.0,3,1,1,1
wavmark,8,4096,169,english:1098,1,mean,"[16134, 18682, 18869, 27383, 28324, 38151, 42049, 53676]",32183,0,-3.0,-1.0,2.0,9,1,1,1
wavmark,8,16384,169,english:1098,1,mean,"[16134, 18682, 18869, 27383, 28324, 38151, 42049, 53676]",28087,0,-3.0,-0.0,3.0,32,1,1,1
wavmark,8,65536,169,english:1098,1,mean,"[16134, 18682, 18869, 27383, 28324, 38151, 42049, 53676]",28087,0,-3.0,-0.0,3.0,138,1,1,1
wavmark,8,256,169,english:1098,1,fwp,"[16134, 18682, 18869, 27383, 28324, 38151, 42049, 53676]",40343,0,-6.0,-3.0,3.0,23,1,1,1
wavmark,8,1024,169,english:1098,1,fwp,"[16134, 18682, 18869, 27383, 28324, 38151, 42049, 53676]",40444,0,-6.0,-2.0,4.0,106,1,1,1
wavmark,8,4096,169,english:1098,1,fwp,"[16134, 18682, 18869, 27383, 28324, 38151, 42049, 53676]",40383,0,-6.0,-1.0,5.0,424,1,1,1
wavmark,8,16384,169,english:1098,1,fwp,"[16134, 18682, 18869, 27383, 28324, 38151, 42049, 53676]",40447,0,-6.0,-0.0,6.0,1696,1,1,1
wavmark,8,65536,169,english:1098,1,fwp,"[16134, 18682, 18869, 27383, 28324, 38151, 42049, 53676]",40447,0,-6.0,-0.0,6.0,6886,1,1,1
wavmark,8,256,170,english:1098,2,mean,"[13578, 20503, 22752, 29602, 32560, 43752, 55400, 58271]",31122,0,-3.0,-3.0,0.0,1,1,0,0
wavmark,8,1024,170,english:1098,2,mean,"[13578, 20503, 22752, 29602, 32560, 43752, 55400, 58271]",31544,0,-3.0,-2.0,1.0,2,1,1,0
wavmark,8,4096,170,english:1098,2,mean,"[13578, 20503, 22752, 29602, 32560, 43752, 55400, 58271]",31544,0,-3.0,-2.0,1.0,5,1,1,1
wavmark,8,16384,170,english:1098,2,mean,"[13578, 20503, 22752, 29602, 32560, 43752, 55400, 58271]",64442,0,-3.0,-1.0,2.0,34,1,1,1
wavmark,8,65536,170,english:1098,2,mean,"[13578, 20503, 22752, 29602, 32560, 43752, 55400, 58271]",31674,0,-3.0,-0.0,3.0,138,1,1,1
wavmark,8,256,170,english:1098,2,fwp,"[13578, 20503, 22752, 29602, 32560, 43752, 55400, 58271]",47356,0,-5.0,-3.0,2.0,11,1,1,1
wavmark,8,1024,170,english:1098,2,fwp,"[13578, 20503, 22752, 29602, 32560, 43752, 55400, 58271]",39679,0,-5.0,-1.0,4.0,44,1,1,1
wavmark,8,4096,170,english:1098,2,fwp,"[13578, 20503, 22752, 29602, 32560, 43752, 55400, 58271]",64511,0,-5.0,-2.0,3.0,184,1,1,1
wavmark,8,16384,170,english:1098,2,fwp,"[13578, 20503, 22752, 29602, 32560, 43752, 55400, 58271]",47863,0,-5.0,-1.0,4.0,628,1,1,1
wavmark,8,65536,170,english:1098,2,fwp,"[13578, 20503, 22752, 29602, 32560, 43752, 55400, 58271]",47871,0,-5.0,-0.0,5.0,2518,1,1,1
wavmark,8,256,171,english:1116,0,mean,"[16484, 21703, 34602, 43526, 44992, 48938, 58185, 61307]",48938,1,-2.0,-3.0,-1.0,1,0,0,0
wavmark,8,1024,171,english:1116,0,mean,"[16484, 21703, 34602, 43526, 44992, 48938, 58185, 61307]",43882,0,-2.0,-1.0,1.0,2,1,0,0
wavmark,8,4096,171,english:1116,0,mean,"[16484, 21703, 34602, 43526, 44992, 48938, 58185, 61307]",44906,0,-2.0,-0.0,2.0,5,1,1,1
wavmark,8,16384,171,english:1116,0,mean,"[16484, 21703, 34602, 43526, 44992, 48938, 58185, 61307]",45034,0,-2.0,-1.0,1.0,7,1,1,1
wavmark,8,65536,171,english:1116,0,mean,"[16484, 21703, 34602, 43526, 44992, 48938, 58185, 61307]",44906,0,-2.0,-0.0,2.0,18,1,1,1
wavmark,8,256,171,english:1116,0,fwp,"[16484, 21703, 34602, 43526, 44992, 48938, 58185, 61307]",61311,0,-3.0,-3.0,0.0,1,1,0,0
wavmark,8,1024,171,english:1116,0,fwp,"[16484, 21703, 34602, 43526, 44992, 48938, 58185, 61307]",44900,0,-3.0,-2.0,1.0,4,1,1,1
wavmark,8,4096,171,english:1116,0,fwp,"[16484, 21703, 34602, 43526, 44992, 48938, 58185, 61307]",44910,0,-3.0,-0.0,3.0,12,1,1,1
wavmark,8,16384,171,english:1116,0,fwp,"[16484, 21703, 34602, 43526, 44992, 48938, 58185, 61307]",44902,0,-3.0,-1.0,2.0,40,1,1,1
wavmark,8,65536,171,english:1116,0,fwp,"[16484, 21703, 34602, 43526, 44992, 48938, 58185, 61307]",44910,0,-3.0,-0.0,3.0,138,1,1,1
wavmark,8,256,172,english:1116,1,mean,"[4088, 11937, 18726, 26479, 43228, 48444, 62036, 62551]",48444,1,-3.0,-3.0,0.0,1,0,0,0
wavmark,8,1024,172,english:1116,1,mean,"[4088, 11937, 18726, 26479, 43228, 48444, 62036, 62551]",43900,0,-3.0,-1.0,2.0,5,1,1,1
wavmark,8,4096,172,english:1116,1,mean,"[4088, 11937, 18726, 26479, 43228, 48444, 62036, 62551]",42876,0,-3.0,-1.0,2.0,8,1,1,1
wavmark,8,16384,172,english:1116,1,mean,"[4088, 11937, 18726, 26479, 43228, 48444, 62036, 62551]",61308,0,-3.0,-1.0,2.0,48,1,1,1
wavmark,8,65536,172,english:1116,1,mean,"[4088, 11937, 18726, 26479, 43228, 48444, 62036, 62551]",44924,0,-3.0,-0.0,3.0,138,1,1,1
wavmark,8,256,172,english:1116,1,fwp,"[4088, 11937, 18726, 26479, 43228, 48444, 62036, 62551]",44919,0,-5.0,-2.0,3.0,18,1,1,1
wavmark,8,1024,172,english:1116,1,fwp,"[4088, 11937, 18726, 26479, 43228, 48444, 62036, 62551]",53247,0,-5.0,-2.0,3.0,33,1,1,1
wavmark,8,4096,172,english:1116,1,fwp,"[4088, 11937, 18726, 26479, 43228, 48444, 62036, 62551]",44927,0,-5.0,-1.0,4.0,158,1,1,1
wavmark,8,16384,172,english:1116,1,fwp,"[4088, 11937, 18726, 26479, 43228, 48444, 62036, 62551]",61439,0,-5.0,-1.0,4.0,650,1,1,1
wavmark,8,65536,172,english:1116,1,fwp,"[4088, 11937, 18726, 26479, 43228, 48444, 62036, 62551]",45055,0,-5.0,-0.0,5.0,2518,1,1,1
wavmark,8,256,173,english:1116,2,mean,"[3969, 13215, 17521, 19175, 22345, 23176, 48687, 54622]",23899,0,-5.0,-3.0,2.0,14,1,1,1
wavmark,8,1024,173,english:1116,2,mean,"[3969, 13215, 17521, 19175, 22345, 23176, 48687, 54622]",32733,0,-5.0,-2.0,3.0,35,1,1,1
wavmark,8,4096,173,english:1116,2,mean,"[3969, 13215, 17521, 19175, 22345, 23176, 48687, 54622]",24531,0,-5.0,-2.0,3.0,169,1,1,1
wavmark,8,16384,173,english:1116,2,mean,"[3969, 13215, 17521, 19175, 22345, 23176, 48687, 54622]",24543,0,-5.0,-0.0,5.0,604,1,1,1
wavmark,8,65536,173,english:1116,2,mean,"[3969, 13215, 17521, 19175, 22345, 23176, 48687, 54622]",24543,0,-5.0,-0.0,5.0,2518,1,1,1
wavmark,8,256,173,english:1116,2,fwp,"[3969, 13215, 17521, 19175, 22345, 23176, 48687, 54622]",40351,0,-5.0,-2.0,3.0,19,1,1,1
wavmark,8,1024,173,english:1116,2,fwp,"[3969, 13215, 17521, 19175, 22345, 23176, 48687, 54622]",42911,0,-5.0,-2.0,3.0,27,1,1,1
wavmark,8,4096,173,english:1116,2,fwp,"[3969, 13215, 17521, 19175, 22345, 23176, 48687, 54622]",36751,0,-5.0,-1.0,4.0,176,1,1,1
wavmark,8,16384,173,english:1116,2,fwp,"[3969, 13215, 17521, 19175, 22345, 23176, 48687, 54622]",36831,0,-5.0,-1.0,4.0,655,1,1,1
wavmark,8,65536,173,english:1116,2,fwp,"[3969, 13215, 17521, 19175, 22345, 23176, 48687, 54622]",36767,0,-5.0,-0.0,5.0,2518,1,1,1
wavmark,8,256,174,english:118,0,mean,"[529, 776, 20018, 20243, 32439, 43391, 52480, 54486]",20243,1,-0.0,-2.0,-2.0,1,0,0,0
wavmark,8,1024,174,english:118,0,mean,"[529, 776, 20018, 20243, 32439, 43391, 52480, 54486]",20243,1,-0.0,-2.0,-2.0,1,0,0,0
wavmark,8,4096,174,english:118,0,mean,"[529, 776, 20018, 20243, 32439, 43391, 52480, 54486]",20243,1,-0.0,-2.0,-2.0,1,0,0,0
wavmark,8,16384,174,english:118,0,mean,"[529, 776, 20018, 20243, 32439, 43391, 52480, 54486]",20243,1,-0.0,-1.0,-1.0,1,0,0,0
wavmark,8,65536,174,english:118,0,mean,"[529, 776, 20018, 20243, 32439, 43391, 52480, 54486]",20243,1,-0.0,-1.0,-1.0,1,0,0,0
wavmark,8,256,174,english:118,0,fwp,"[529, 776, 20018, 20243, 32439, 43391, 52480, 54486]",12031,0,-4.0,-2.0,2.0,4,1,1,1
wavmark,8,1024,174,english:118,0,fwp,"[529, 776, 20018, 20243, 32439, 43391, 52480, 54486]",12091,0,-4.0,-2.0,2.0,12,1,1,1
wavmark,8,4096,174,english:118,0,fwp,"[529, 776, 20018, 20243, 32439, 43391, 52480, 54486]",44989,0,-4.0,-2.0,2.0,48,1,1,1
wavmark,8,16384,174,english:118,0,fwp,"[529, 776, 20018, 20243, 32439, 43391, 52480, 54486]",12221,0,-4.0,-1.0,3.0,183,1,1,1
wavmark,8,65536,174,english:118,0,fwp,"[529, 776, 20018, 20243, 32439, 43391, 52480, 54486]",12223,0,-4.0,-0.0,4.0,698,1,1,1
wavmark,8,256,175,english:118,1,mean,"[3455, 9120, 21744, 21989, 23291, 23869, 25806, 39305]",23917,0,-2.0,-2.0,0.0,1,1,0,0
wavmark,8,1024,175,english:118,1,mean,"[3455, 9120, 21744, 21989, 23291, 23869, 25806, 39305]",31997,0,-2.0,-2.0,0.0,1,1,0,0
wavmark,8,4096,175,english:118,1,mean,"[3455, 9120, 21744, 21989, 23291, 23869, 25806, 39305]",56701,0,-2.0,-2.0,0.0,1,1,1,1
wavmark,8,16384,175,english:118,1,mean,"[3455, 9120, 21744, 21989, 23291, 23869, 25806, 39305]",24061,0,-2.0,-0.0,2.0,3,1,1,1
wavmark,8,65536,175,english:118,1,mean,"[3455, 9120, 21744, 21989, 23291, 23869, 25806, 39305]",24061,0,-2.0,-0.0,2.0,18,1,1,1
wavmark,8,256,175,english:118,1,fwp,"[3455, 9120, 21744, 21989, 23291, 23869, 25806, 39305]",49103,0,-4.0,-2.0,2.0,5,1,1,1
wavmark,8,1024,175,english:118,1,fwp,"[3455, 9120, 21744, 21989, 23291, 23869, 25806, 39305]",40079,0,-4.0,-2.0,2.0,15,1,1,1
wavmark,8,4096,175,english:118,1,fwp,"[3455, 9120, 21744, 21989, 23291, 23869, 25806, 39305]",65423,0,-4.0,-2.0,2.0,29,1,1,1
wavmark,8,16384,175,english:118,1,fwp,"[3455, 9120, 21744, 21989, 23291, 23869, 25806, 39305]",64911,0,-4.0,-1.0,3.0,162,1,1,1
wavmark,8,65536,175,english:118,1,fwp,"[3455, 9120, 21744, 21989, 23291, 23869, 25806, 39305]",48527,0,-4.0,-0.0,4.0,698,1,1,1
wavmark,8,256,176,english:118,2,mean,"[1413, 3792, 7334, 23755, 34765, 37415, 46649, 50574]",60587,0,-4.0,-4.0,0.0,1,1,0,0
wavmark,8,1024,176,english:118,2,mean,"[1413, 3792, 7334, 23755, 34765, 37415, 46649, 50574]",36751,0,-4.0,-2.0,2.0,9,1,1,1
wavmark,8,4096,176,english:118,2,mean,"[1413, 3792, 7334, 23755, 34765, 37415, 46649, 50574]",34959,0,-4.0,-1.0,3.0,44,1,1,1
wavmark,8,16384,176,english:118,2,mean,"[1413, 3792, 7334, 23755, 34765, 37415, 46649, 50574]",35983,0,-4.0,-0.0,4.0,175,1,1,1
wavmark,8,65536,176,english:118,2,mean,"[1413, 3792, 7334, 23755, 34765, 37415, 46649, 50574]",35983,0,-4.0,-0.0,4.0,698,1,1,1
wavmark,8,256,176,english:118,2,fwp,"[1413, 3792, 7334, 23755, 34765, 37415, 46649, 50574]",57335,0,-5.0,-3.0,2.0,15,1,1,1
wavmark,8,1024,176,english:118,2,fwp,"[1413, 3792, 7334, 23755, 34765, 37415, 46649, 50574]",52983,0,-5.0,-1.0,4.0,38,1,1,1
wavmark,8,4096,176,english:118,2,fwp,"[1413, 3792, 7334, 23755, 34765, 37415, 46649, 50574]",36583,0,-5.0,-1.0,4.0,156,1,1,1
wavmark,8,16384,176,english:118,2,fwp,"[1413, 3792, 7334, 23755, 34765, 37415, 46649, 50574]",36607,0,-5.0,-1.0,4.0,638,1,1,1
wavmark,8,65536,176,english:118,2,fwp,"[1413, 3792, 7334, 23755, 34765, 37415, 46649, 50574]",36599,0,-5.0,-0.0,5.0,2518,1,1,1
wavmark,8,256,177,english:1183,0,mean,"[11228, 11233, 13091, 16012, 16743, 29958, 32428, 45272]",49133,0,-3.0,-2.0,1.0,3,1,1,0
wavmark,8,1024,177,english:1183,0,mean,"[11228, 11233, 13091, 16012, 16743, 29958, 32428, 45272]",7916,0,-3.0,-2.0,1.0,2,1,1,1
wavmark,8,4096,177,english:1183,0,mean,"[11228, 11233, 13091, 16012, 16743, 29958, 32428, 45272]",15852,0,-3.0,-1.0,2.0,7,1,1,1
wavmark,8,16384,177,english:1183,0,mean,"[11228, 11233, 13091, 16012, 16743, 29958, 32428, 45272]",16356,0,-3.0,-1.0,2.0,27,1,1,1
wavmark,8,65536,177,english:1183,0,mean,"[11228, 11233, 13091, 16012, 16743, 29958, 32428, 45272]",16364,0,-3.0,-0.0,3.0,138,1,1,1
wavmark,8,256,177,english:1183,0,fwp,"[11228, 11233, 13091, 16012, 16743, 29958, 32428, 45272]",49133,0,-6.0,-3.0,3.0,29,1,1,1
wavmark,8,1024,177,english:1183,0,fwp,"[11228, 11233, 13091, 16012, 16743, 29958, 32428, 45272]",48559,0,-6.0,-2.0,4.0,101,1,1,1
wavmark,8,4096,177,english:1183,0,fwp,"[11228, 11233, 13091, 16012, 16743, 29958, 32428, 45272]",15871,0,-6.0,-1.0,5.0,424,1,1,1
wavmark,8,16384,177,english:1183,0,fwp,"[11228, 11233, 13091, 16012, 16743, 29958, 32428, 45272]",15871,0,-6.0,-1.0,5.0,1771,1,1,1
wavmark,8,65536,177,english:1183,0,fwp,"[11228, 11233, 13091, 16012, 16743, 29958, 32428, 45272]",15855,0,-6.0,-0.0,6.0,6886,1,1,1
wavmark,8,256,178,english:1183,1,mean,"[3958, 5124, 6915, 12013, 15812, 24314, 39336, 55887]",8138,0,-4.0,-2.0,2.0,3,1,1,0
wavmark,8,1024,178,english:1183,1,mean,"[3958, 5124, 6915, 12013, 15812, 24314, 39336, 55887]",40940,0,-4.0,-2.0,2.0,19,1,1,1
wavmark,8,4096,178,english:1183,1,mean,"[3958, 5124, 6915, 12013, 15812, 24314, 39336, 55887]",24556,0,-4.0,-2.0,2.0,50,1,1,1
wavmark,8,16384,178,english:1183,1,mean,"[3958, 5124, 6915, 12013, 15812, 24314, 39336, 55887]",8174,0,-4.0,-0.0,4.0,172,1,1,1
wavmark,8,65536,178,english:1183,1,mean,"[3958, 5124, 6915, 12013, 15812, 24314, 39336, 55887]",8174,0,-4.0,-0.0,4.0,698,1,1,1
wavmark,8,256,178,english:1183,1,fwp,"[3958, 5124, 6915, 12013, 15812, 24314, 39336, 55887]",31966,0,-3.0,-3.0,0.0,1,1,0,0
wavmark,8,1024,178,english:1183,1,fwp,"[3958, 5124, 6915, 12013, 15812, 24314, 39336, 55887]",40063,0,-3.0,-3.0,0.0,1,1,0,0
wavmark,8,4096,178,english:1183,1,fwp,"[3958, 5124, 6915, 12013, 15812, 24314, 39336, 55887]",7422,0,-3.0,-0.0,3.0,9,1,1,1
wavmark,8,16384,178,english:1183,1,fwp,"[3958, 5124, 6915, 12013, 15812, 24314, 39336, 55887]",40190,0,-3.0,-1.0,2.0,43,1,1,1
wavmark,8,65536,178,english:1183,1,fwp,"[3958, 5124, 6915, 12013, 15812, 24314, 39336, 55887]",7422,0,-3.0,-0.0,3.0,138,1,1,1
wavmark,8,256,179,english:1183,2,mean,"[12995, 24355, 27031, 30096, 33078, 43913, 44969, 63670]",64951,0,-4.0,-3.0,1.0,6,1,1,1
wavmark,8,1024,179,english:1183,2,mean,"[12995, 24355, 27031, 30096, 33078, 43913, 44969, 63670]",48531,0,-4.0,-2.0,2.0,11,1,1,1
wavmark,8,4096,179,english:1183,2,mean,"[12995, 24355, 27031, 30096, 33078, 43913, 44969, 63670]",48787,0,-4.0,-2.0,2.0,44,1,1,1
wavmark,8,16384,179,english:1183,2,mean,"[12995, 24355, 27031, 30096, 33078, 43913, 44969, 63670]",49043,0,-4.0,-1.0,3.0,178,1,1,1
wavmark,8,65536,179,english:1183,2,mean,"[12995, 24355, 27031, 30096, 33078, 43913, 44969, 63670]",49075,0,-4.0,-0.0,4.0,698,1,1,1
wavmark,8,256,179,english:1183,2,fwp,"[12995, 24355, 27031, 30096, 33078, 43913, 44969, 63670]",44478,0,-3.0,-2.0,1.0,3,1,1,0
wavmark,8,1024,179,english:1183,2,fwp,"[12995, 24355, 27031, 30096, 33078, 43913, 44969, 63670]",36798,0,-3.0,-2.0,1.0,3,1,1,1
wavmark,8,4096,179,english:1183,2,fwp,"[12995, 24355, 27031, 30096, 33078, 43913, 44969, 63670]",61247,0,-3.0,-2.0,1.0,10,1,1,1
wavmark,8,16384,179,english:1183,2,fwp,"[12995, 24355, 27031, 30096, 33078, 43913, 44969, 63670]",44990,0,-3.0,-1.0,2.0,27,1,1,1
wavmark,8,65536,179,english:1183,2,fwp,"[12995, 24355, 27031, 30096, 33078, 43913, 44969, 63670]",44991,0,-3.0,-0.0,3.0,138,1,1,1
wavmark,8,256,180,english:1235,0,mean,"[5864, 9917, 14525, 14771, 26455, 32003, 38931, 62995]",32433,0,-3.0,-2.0,1.0,2,1,1,1
wavmark,8,1024,180,english:1235,0,mean,"[5864, 9917, 14525, 14771, 26455, 32003, 38931, 62995]",7859,0,-3.0,-1.0,2.0,2,1,0,0
wavmark,8,4096,180,english:1235,0,mean,"[5864, 9917, 14525, 14771, 26455, 32003, 38931, 62995]",16059,0,-3.0,-1.0,2.0,14,1,1,1
wavmark,8,16384,180,english:1235,0,mean,"[5864, 9917, 14525, 14771, 26455, 32003, 38931, 62995]",15923,0,-3.0,-1.0,2.0,31,1,1,1
wavmark,8,65536,180,english:1235,0,mean,"[5864, 9917, 14525, 14771, 26455, 32003, 38931, 62995]",16051,0,-3.0,-0.0,3.0,138,1,1,1
wavmark,8,256,180,english:1235,0,fwp,"[5864, 9917, 14525, 14771, 26455, 32003, 38931, 62995]",14525,1,-2.0,-3.0,-1.0,1,0,0,0
wavmark,8,1024,180,english:1235,0,fwp,"[5864, 9917, 14525, 14771, 26455, 32003, 38931, 62995]",15549,0,-2.0,-1.0,1.0,3,1,0,0
wavmark,8,4096,180,english:1235,0,fwp,"[5864, 9917, 14525, 14771, 26455, 32003, 38931, 62995]",47295,0,-2.0,-2.0,0.0,1,1,1,1
wavmark,8,16384,180,english:1235,0,fwp,"[5864, 9917, 14525, 14771, 26455, 32003, 38931, 62995]",48319,0,-2.0,-1.0,1.0,6,1,1,1
wavmark,8,65536,180,english:1235,0,fwp,"[5864, 9917, 14525, 14771, 26455, 32003, 38931, 62995]",15551,0,-2.0,-0.0,2.0,18,1,1,1
wavmark,8,256,181,english:1235,1,mean,"[11168, 13032, 14459, 18344, 34542, 38959, 46919, 65332]",65516,0,-4.0,-2.0,2.0,5,1,1,1
wavmark,8,1024,181,english:1235,1,mean,"[11168, 13032, 14459, 18344, 34542, 38959, 46919, 65332]",42990,0,-4.0,-2.0,2.0,11,1,1,1
wavmark,8,4096,181,english:1235,1,mean,"[11168, 13032, 14459, 18344, 34542, 38959, 46919, 65332]",48878,0,-4.0,-1.0,3.0,39,1,1,1
wavmark,8,16384,181,english:1235,1,mean,"[11168, 13032, 14459, 18344, 34542, 38959, 46919, 65332]",49134,0,-4.0,-0.0,4.0,181,1,1,1
wavmark,8,65536,181,english:1235,1,mean,"[11168, 13032, 14459, 18344, 34542, 38959, 46919, 65332]",49134,0,-4.0,-0.0,4.0,698,1,1,1
wavmark,8,256,181,english:1235,1,fwp,"[11168, 13032, 14459, 18344, 34542, 38959, 46919, 65332]",30697,0,-5.0,-3.0,2.0,5,1,1,1
wavmark,8,1024,181,english:1235,1,fwp,"[11168, 13032, 14459, 18344, 34542, 38959, 46919, 65332]",32667,0,-5.0,-2.0,3.0,40,1,1,1
wavmark,8,4096,181,english:1235,1,fwp,"[11168, 13032, 14459, 18344, 34542, 38959, 46919, 65332]",65523,0,-5.0,-2.0,3.0,160,1,1,1
wavmark,8,16384,181,english:1235,1,fwp,"[11168, 13032, 14459, 18344, 34542, 38959, 46919, 65332]",32763,0,-5.0,-0.0,5.0,579,1,1,1
wavmark,8,65536,181,english:1235,1,fwp,"[11168, 13032, 14459, 18344, 34542, 38959, 46919, 65332]",32763,0,-5.0,-0.0,5.0,2518,1,1,1
wavmark,8,256,182,english:1235,2,mean,"[2155, 6943, 48119, 49793, 50435, 53461, 56673, 65083]",64819,0,-3.0,-2.0,1.0,2,1,0,0
wavmark,8,1024,182,english:1235,2,mean,"[2155, 6943, 48119, 49793, 50435, 53461, 56673, 65083]",65330,0,-3.0,-2.0,1.0,8,1,1,1
wavmark,8,4096,182,english:1235,2,mean,"[2155, 6943, 48119, 49793, 50435, 53461, 56673, 65083]",57139,0,-3.0,-0.0,3.0,12,1,1,1
wavmark,8,16384,182,english:1235,2,mean,"[2155, 6943, 48119, 49793, 50435, 53461, 56673, 65083]",57143,0,-3.0,-1.0,2.0,36,1,1,1
wavmark,8,65536,182,english:1235,2,mean,"[2155, 6943, 48119, 49793, 50435, 53461, 56673, 65083]",57139,0,-3.0,-0.0,3.0,138,1,1,1
wavmark,8,256,182,english:1235,2,fwp,"[2155, 6943, 48119, 49793, 50435, 53461, 56673, 65083]",45055,0,-3.0,-2.0,1.0,2,1,0,0
wavmark,8,1024,182,english:1235,2,fwp,"[2155, 6943, 48119, 49793, 50435, 53461, 56673, 65083]",44965,0,-3.0,-2.0,1.0,2,1,1,1
wavmark,8,4096,182,english:1235,2,fwp,"[2155, 6943, 48119, 49793, 50435, 53461, 56673, 65083]",61431,0,-3.0,-2.0,1.0,10,1,1,1
wavmark,8,16384,182,english:1235,2,fwp,"[2155, 6943, 48119, 49793, 50435, 53461, 56673, 65083]",44991,0,-3.0,-1.0,2.0,32,1,1,1
wavmark,8,65536,182,english:1235,2,fwp,"[2155, 6943, 48119, 49793, 50435, 53461, 56673, 65083]",44983,0,-3.0,-0.0,3.0,138,1,1,1
wavmark,8,256,183,english:1246,0,mean,"[2918, 8902, 10009, 11918, 46115, 52158, 60893, 62351]",48959,0,-4.0,-3.0,1.0,5,1,1,0
wavmark,8,1024,183,english:1246,0,mean,"[2918, 8902, 10009, 11918, 46115, 52158, 60893, 62351]",61339,0,-4.0,-2.0,2.0,11,1,1,1
wavmark,8,4096,183,english:1246,0,mean,"[2918, 8902, 10009, 11918, 46115, 52158, 60893, 62351]",44958,0,-4.0,-1.0,3.0,45,1,1,1
wavmark,8,16384,183,english:1246,0,mean,"[2918, 8902, 10009, 11918, 46115, 52158, 60893, 62351]",44959,0,-4.0,-0.0,4.0,173,1,1,1
wavmark,8,65536,183,english:1246,0,mean,"[2918, 8902, 10009, 11918, 46115, 52158, 60893, 62351]",44959,0,-4.0,-0.0,4.0,698,1,1,1
wavmark,8,256,183,english:1246,0,fwp,"[2918, 8902, 10009, 11918, 46115, 52158, 60893, 62351]",48959,0,-5.0,-1.0,4.0,7,1,1,1
wavmark,8,1024,183,english:1246,0,fwp,"[2918, 8902, 10009, 11918, 46115, 52158, 60893, 62351]",48951,0,-5.0,-2.0,3.0,43,1,1,1
wavmark,8,4096,183,english:1246,0,fwp,"[2918, 8902, 10009, 11918, 46115, 52158, 60893, 62351]",65439,0,-5.0,-2.0,3.0,152,1,1,1
wavmark,8,16384,183,english:1246,0,fwp,"[2918, 8902, 10009, 11918, 46115, 52158, 60893, 62351]",65471,0,-5.0,-1.0,4.0,610,1,1,1
wavmark,8,65536,183,english:1246,0,fwp,"[2918, 8902, 10009, 11918, 46115, 52158, 60893, 62351]",49087,0,-5.0,-0.0,5.0,2518,1,1,1
wavmark,8,256,184,english:1246,1,mean,"[265, 9694, 22437, 23617, 23703, 46235, 46420, 65067]",11707,0,-4.0,-3.0,1.0,2,1,0,0
wavmark,8,1024,184,english:1246,1,mean,"[265, 9694, 22437, 23617, 23703, 46235, 46420, 65067]",48574,0,-4.0,-3.0,1.0,15,1,1,1
wavmark,8,4096,184,english:1246,1,mean,"[265, 9694, 22437, 23617, 23703, 46235, 46420, 65067]",15767,0,-4.0,-1.0,3.0,45,1,1,1
wavmark,8,16384,184,english:1246,1,mean,"[265, 9694, 22437, 23617, 23703, 46235, 46420, 65067]",48543,0,-4.0,-1.0,3.0,181,1,1,1
wavmark,8,65536,184,english:1246,1,mean,"[265, 9694, 22437, 23617, 23703, 46235, 46420, 65067]",15775,0,-4.0,-0.0,4.0,698,1,1,1
wavmark,8,256,184,english:1246,1,fwp,"[265, 9694, 22437, 23617, 23703, 46235, 46420, 65067]",47871,0,-5.0,-3.0,2.0,12,1,1,1
wavmark,8,1024,184,english:1246,1,fwp,"[265, 9694, 22437, 23617, 23703, 46235, 46420, 65067]",44031,0,-5.0,-1.0,4.0,40,1,1,1
wavmark,8,4096,184,english:1246,1,fwp,"[265, 9694, 22437, 23617, 23703, 46235, 46420, 65067]",45055,0,-5.0,-0.0,5.0,157,1,1,1
wavmark,8,16384,184,english:1246,1,fwp,"[265, 9694, 22437, 23617, 23703, 46235, 46420, 65067]",49151,0,-5.0,-1.0,4.0,641,1,1,1
wavmark,8,65536,184,english:1246,1,fwp,"[265, 9694, 22437, 23617, 23703, 46235, 46420, 65067]",45055,0,-5.0,-0.0,5.0,2518,1,1,1
wavmark,8,256,185,english:1246,2,mean,"[12678, 14680, 18370, 22450, 33767, 41284, 48902, 49214]",45814,0,-4.0,-2.0,2.0,3,1,1,1
wavmark,8,1024,185,english:1246,2,mean,"[12678, 14680, 18370, 22450, 33767, 41284, 48902, 49214]",41878,0,-4.0,-2.0,2.0,14,1,1,1
wavmark,8,4096,185,english:1246,2,mean,"[12678, 14680, 18370, 22450, 33767, 41284, 48902, 49214]",46022,0,-4.0,-1.0,3.0,61,1,1,1
wavmark,8,16384,185,english:1246,2,mean,"[12678, 14680, 18370, 22450, 33767, 41284, 48902, 49214]",46038,0,-4.0,-0.0,4.0,179,1,1,1
wavmark,8,65536,185,english:1246,2,mean,"[12678, 14680, 18370, 22450, 33767, 41284, 48902, 49214]",46038,0,-4.0,-0.0,4.0,698,1,1,1
wavmark,8,256,185,english:1246,2,fwp,"[12678, 14680, 18370, 22450, 33767, 41284, 48902, 49214]",47835,0,-5.0,-3.0,2.0,12,1,1,1
wavmark,8,1024,185,english:1246,2,fwp,"[12678, 14680, 18370, 22450, 33767, 41284, 48902, 49214]",64477,0,-5.0,-3.0,2.0,36,1,1,1
wavmark,8,4096,185,english:1246,2,fwp,"[12678, 14680, 18370, 22450, 33767, 41284, 48902, 49214]",47615,0,-5.0,-1.0,4.0,154,1,1,1
wavmark,8,16384,185,english:1246,2,fwp,"[12678, 14680, 18370, 22450, 33767, 41284, 48902, 49214]",48127,0,-5.0,-0.0,5.0,663,1,1,1
wavmark,8,65536,185,english:1246,2,fwp,"[12678, 14680, 18370, 22450, 33767, 41284, 48902, 49214]",48127,0,-5.0,-0.0,5.0,2518,1,1,1
wavmark,8,256,186,english:125,0,mean,"[371, 1776, 6825, 13088, 15893, 35146, 41039, 51945]",889,0,-4.0,-1.0,3.0,2,1,1,0
wavmark,8,1024,186,english:125,0,mean,"[371, 1776, 6825, 13088, 15893, 35146, 41039, 51945]",39793,0,-4.0,-3.0,1.0,6,1,1,1
wavmark,8,4096,186,english:125,0,mean,"[371, 1776, 6825, 13088, 15893, 35146, 41039, 51945]",19313,0,-4.0,-2.0,2.0,46,1,1,1
wavmark,8,16384,186,english:125,0,mean,"[371, 1776, 6825, 13088, 15893, 35146, 41039, 51945]",35705,0,-4.0,-1.0,3.0,171,1,1,1
wavmark,8,65536,186,english:125,0,mean,"[371, 1776, 6825, 13088, 15893, 35146, 41039, 51945]",2937,0,-4.0,-0.0,4.0,698,1,1,1
wavmark,8,256,186,english:125,0,fwp,"[371, 1776, 6825, 13088, 15893, 35146, 41039, 51945]",44559,0,-5.0,-3.0,2.0,14,1,1,1
wavmark,8,1024,186,english:125,0,fwp,"[371, 1776, 6825, 13088, 15893, 35146, 41039, 51945]",61275,0,-5.0,-2.0,3.0,42,1,1,1
wavmark,8,4096,186,english:125,0,fwp,"[371, 1776, 6825, 13088, 15893, 35146, 41039, 51945]",44893,0,-5.0,-1.0,4.0,142,1,1,1
wavmark,8,16384,186,english:125,0,fwp,"[371, 1776, 6825, 13088, 15893, 35146, 41039, 51945]",44831,0,-5.0,-1.0,4.0,620,1,1,1
wavmark,8,65536,186,english:125,0,fwp,"[371, 1776, 6825, 13088, 15893, 35146, 41039, 51945]",44895,0,-5.0,-0.0,5.0,2518,1,1,1
wavmark,8,256,187,english:125,1,mean,"[13650, 26249, 33802, 46451, 46630, 53366, 59174, 59914]",46630,1,-2.0,-3.0,-1.0,1,0,0,0
wavmark,8,1024,187,english:125,1,mean,"[13650, 26249, 33802, 46451, 46630, 53366, 59174, 59914]",46690,0,-2.0,-2.0,0.0,1,1,0,0
wavmark,8,4096,187,english:125,1,mean,"[13650, 26249, 33802, 46451, 46630, 53366, 59174, 59914]",63026,0,-2.0,-1.0,1.0,3,1,1,1
wavmark,8,16384,187,english:125,1,mean,"[13650, 26249, 33802, 46451, 46630, 53366, 59174, 59914]",46898,0,-2.0,-1.0,1.0,3,1,1,1
wavmark,8,65536,187,english:125,1,mean,"[13650, 26249, 33802, 46451, 46630, 53366, 59174, 59914]",46642,0,-2.0,-0.0,2.0,18,1,1,1
wavmark,8,256,187,english:125,1,fwp,"[13650, 26249, 33802, 46451, 46630, 53366, 59174, 59914]",58999,0,-6.0,-3.0,3.0,16,1,1,1
wavmark,8,1024,187,english:125,1,fwp,"[13650, 26249, 33802, 46451, 46630, 53366, 59174, 59914]",63099,0,-6.0,-2.0,4.0,101,1,1,1
wavmark,8,4096,187,english:125,1,fwp,"[13650, 26249, 33802, 46451, 46630, 53366, 59174, 59914]",63223,0,-6.0,-1.0,5.0,462,1,1,1
wavmark,8,16384,187,english:125,1,fwp,"[13650, 26249, 33802, 46451, 46630, 53366, 59174, 59914]",65279,0,-6.0,-1.0,5.0,1756,1,1,1
wavmark,8,65536,187,english:125,1,fwp,"[13650, 26249, 33802, 46451, 46630, 53366, 59174, 59914]",63231,0,-6.0,-0.0,6.0,6886,1,1,1
wavmark,8,256,188,english:125,2,mean,"[7417, 8823, 21542, 27334, 52127, 57441, 62495, 64245]",64245,1,-1.0,-3.0,-2.0,1,0,0,0
wavmark,8,1024,188,english:125,2,mean,"[7417, 8823, 21542, 27334, 52127, 57441, 62495, 64245]",64245,1,-1.0,-3.0,-2.0,1,0,0,0
wavmark,8,4096,188,english:125,2,mean,"[7417, 8823, 21542, 27334, 52127, 57441, 62495, 64245]",64245,1,-1.0,-1.0,0.0,1,0,0,0
wavmark,8,16384,188,english:125,2,mean,"[7417, 8823, 21542, 27334, 52127, 57441, 62495, 64245]",64245,1,-1.0,-1.0,0.0,1,0,0,0
wavmark,8,65536,188,english:125,2,mean,"[7417, 8823, 21542, 27334, 52127, 57441, 62495, 64245]",64247,0,-1.0,-0.0,1.0,2,1,1,1
wavmark,8,256,188,english:125,2,fwp,"[7417, 8823, 21542, 27334, 52127, 57441, 62495, 64245]",26363,0,-4.0,-3.0,1.0,3,1,1,1
wavmark,8,1024,188,english:125,2,fwp,"[7417, 8823, 21542, 27334, 52127, 57441, 62495, 64245]",12028,0,-4.0,-2.0,2.0,6,1,1,1
wavmark,8,4096,188,english:125,2,fwp,"[7417, 8823, 21542, 27334, 52127, 57441, 62495, 64245]",28407,0,-4.0,-2.0,2.0,51,1,1,1
wavmark,8,16384,188,english:125,2,fwp,"[7417, 8823, 21542, 27334, 52127, 57441, 62495, 64245]",44799,0,-4.0,-1.0,3.0,182,1,1,1
wavmark,8,65536,188,english:125,2,fwp,"[7417, 8823, 21542, 27334, 52127, 57441, 62495, 64245]",12031,0,-4.0,-0.0,4.0,698,1,1,1
wavmark,8,256,189,english:1263,0,mean,"[13849, 19272, 29714, 35222, 54502, 60648, 61935, 64158]",64158,1,-2.0,-4.0,-2.0,1,0,0,0
wavmark,8,1024,189,english:1263,0,mean,"[13849, 19272, 29714, 35222, 54502, 60648, 61935, 64158]",64652,0,-2.0,-2.0,0.0,1,1,0,0
wavmark,8,4096,189,english:1263,0,mean,"[13849, 19272, 29714, 35222, 54502, 60648, 61935, 64158]",56478,0,-2.0,-1.0,1.0,2,1,1,1
wavmark,8,16384,189,english:1263,0,mean,"[13849, 19272, 29714, 35222, 54502, 60648, 61935, 64158]",65182,0,-2.0,-1.0,1.0,8,1,1,1
wavmark,8,65536,189,english:1263,0,mean,"[13849, 19272, 29714, 35222, 54502, 60648, 61935, 64158]",64670,0,-2.0,-0.0,2.0,18,1,1,1
wavmark,8,256,189,english:1263,0,fwp,"[13849, 19272, 29714, 35222, 54502, 60648, 61935, 64158]",42175,0,-4.0,-2.0,2.0,3,1,1,0
wavmark,8,1024,189,english:1263,0,fwp,"[13849, 19272, 29714, 35222, 54502, 60648, 61935, 64158]",46591,0,-4.0,-1.0,3.0,8,1,1,1
wavmark,8,4096,189,english:1263,0,fwp,"[13849, 19272, 29714, 35222, 54502, 60648, 61935, 64158]",62703,0,-4.0,-2.0,2.0,42,1,1,1
wavmark,8,16384,189,english:1263,0,fwp,"[13849, 19272, 29714, 35222, 54502, 60648, 61935, 64158]",46303,0,-4.0,-1.0,3.0,154,1,1,1
wavmark,8,65536,189,english:1263,0,fwp,"[13849, 19272, 29714, 35222, 54502, 60648, 61935, 64158]",46335,0,-4.0,-0.0,4.0,698,1,1,1
wavmark,8,256,190,english:1263,1,mean,"[4086, 6706, 20435, 29190, 41319, 51234, 54062, 64369]",61246,0,-4.0,-3.0,1.0,5,1,1,0
wavmark,8,1024,190,english:1263,1,mean,"[4086, 6706, 20435, 29190, 41319, 51234, 54062, 64369]",19252,0,-4.0,-2.0,2.0,10,1,1,1
wavmark,8,4096,190,english:1263,1,mean,"[4086, 6706, 20435, 29190, 41319, 51234, 54062, 64369]",49974,0,-4.0,-1.0,3.0,53,1,1,1
wavmark,8,16384,190,english:1263,1,mean,"[4086, 6706, 20435, 29190, 41319, 51234, 54062, 64369]",56118,0,-4.0,-1.0,3.0,157,1,1,1
wavmark,8,65536,190,english:1263,1,mean,"[4086, 6706, 20435, 29190, 41319, 51234, 54062, 64369]",52022,0,-4.0,-0.0,4.0,698,1,1,1
wavmark,8,256,190,english:1263,1,fwp,"[4086, 6706, 20435, 29190, 41319, 51234, 54062, 64369]",52159,0,-4.0,-2.0,2.0,6,1,1,1
wavmark,8,1024,190,english:1263,1,fwp,"[4086, 6706, 20435, 29190, 41319, 51234, 54062, 64369]",53241,0,-4.0,-2.0,2.0,8,1,1,1
wavmark,8,4096,190,english:1263,1,fwp,"[4086, 6706, 20435, 29190, 41319, 51234, 54062, 64369]",53181,0,-4.0,-2.0,2.0,38,1,1,1
wavmark,8,16384,190,english:1263,1,fwp,"[4086, 6706, 20435, 29190, 41319, 51234, 54062, 64369]",53247,0,-4.0,-0.0,4.0,167,1,1,1
wavmark,8,65536,190,english:1263,1,fwp,"[4086, 6706, 20435, 29190, 41319, 51234, 54062, 64369]",53247,0,-4.0,-0.0,4.0,698,1,1,1
wavmark,8,256,191,english:1263,2,mean,"[1489, 5987, 13292, 15984, 16712, 18876, 30468, 47580]",14292,0,-2.0,-2.0,0.0,1,1,0,0
wavmark,8,1024,191,english:1263,2,mean,"[1489, 5987, 13292, 15984, 16712, 18876, 30468, 47580]",13292,1,-2.0,-2.0,0.0,1,0,0,0
wavmark,8,4096,191,english:1263,2,mean,"[1489, 5987, 13292, 15984, 16712, 18876, 30468, 47580]",47096,0,-2.0,-2.0,0.0,1,1,1,1
wavmark,8,16384,191,english:1263,2,mean,"[1489, 5987, 13292, 15984, 16712, 18876, 30468, 47580]",16380,0,-2.0,-1.0,1.0,6,1,1,1
wavmark,8,65536,191,english:1263,2,mean,"[1489, 5987, 13292, 15984, 16712, 18876, 30468, 47580]",14332,0,-2.0,-0.0,2.0,18,1,1,1
wavmark,8,256,191,english:1263,2,fwp,"[1489, 5987, 13292, 15984, 16712, 18876, 30468, 47580]",7287,0,-4.0,-3.0,1.0,4,1,1,1
wavmark,8,1024,191,english:1263,2,fwp,"[1489, 5987, 13292, 15984, 16712, 18876, 30468, 47580]",40887,0,-4.0,-2.0,2.0,16,1,1,1
wavmark,8,4096,191,english:1263,2,fwp,"[1489, 5987, 13292, 15984, 16712, 18876, 30468, 47580]",40947,0,-4.0,-2.0,2.0,46,1,1,1
wavmark,8,16384,191,english:1263,2,fwp,"[1489, 5987, 13292, 15984, 16712, 18876, 30468, 47580]",8191,0,-4.0,-1.0,3.0,185,1,1,1
wavmark,8,65536,191,english:1263,2,fwp,"[1489, 5987, 13292, 15984, 16712, 18876, 30468, 47580]",8183,0,-4.0,-0.0,4.0,698,1,1,1
wavmark,8,256,192,english:1334,0,mean,"[6030, 17754, 24950, 25480, 28531, 48341, 50281, 62546]",17754,1,-1.0,-2.0,-1.0,1,0,0,0
wavmark,8,1024,192,english:1334,0,mean,"[6030, 17754, 24950, 25480, 28531, 48341, 50281, 62546]",17754,1,-1.0,-2.0,-1.0,1,0,0,0
wavmark,8,4096,192,english:1334,0,mean,"[6030, 17754, 24950, 25480, 28531, 48341, 50281, 62546]",17754,1,-1.0,-2.0,-1.0,1,0,0,0
wavmark,8,16384,192,english:1334,0,mean,"[6030, 17754, 24950, 25480, 28531, 48341, 50281, 62546]",58714,0,-1.0,-1.0,0.0,1,1,0,0
wavmark,8,65536,192,english:1334,0,mean,"[6030, 17754, 24950, 25480, 28531, 48341, 50281, 62546]",25946,0,-1.0,-0.0,1.0,2,1,1,1
wavmark,8,256,192,english:1334,0,fwp,"[6030, 17754, 24950, 25480, 28531, 48341, 50281, 62546]",48853,0,-3.0,-2.0,1.0,2,1,0,0
wavmark,8,1024,192,english:1334,0,fwp,"[6030, 17754, 24950, 25480, 28531, 48341, 50281, 62546]",48853,0,-3.0,-2.0,1.0,4,1,1,1
wavmark,8,4096,192,english:1334,0,fwp,"[6030, 17754, 24950, 25480, 28531, 48341, 50281, 62546]",48605,0,-3.0,-1.0,2.0,6,1,1,1
wavmark,8,16384,192,english:1334,0,fwp,"[6030, 17754, 24950, 25480, 28531, 48341, 50281, 62546]",49113,0,-3.0,-1.0,2.0,34,1,1,1
wavmark,8,65536,192,english:1334,0,fwp,"[6030, 17754, 24950, 25480, 28531, 48341, 50281, 62546]",49117,0,-3.0,-0.0,3.0,138,1,1,1
wavmark,8,256,193,english:1334,1,mean,"[17988, 25080, 43260, 43563, 43817, 50186, 55113, 63356]",63356,1,-2.0,-3.0,-1.0,1,0,0,0
wavmark,8,1024,193,english:1334,1,mean,"[17988, 25080, 43260, 43563, 43817, 50186, 55113, 63356]",63356,1,-2.0,-2.0,0.0,1,0,0,0
wavmark,8,4096,193,english:1334,1,mean,"[17988, 25080, 43260, 43563, 43817, 50186, 55113, 63356]",59256,0,-2.0,-0.0,2.0,2,1,0,0
wavmark,8,16384,193,english:1334,1,mean,"[17988, 25080, 43260, 43563, 43817, 50186, 55113, 63356]",59258,0,-2.0,-1.0,1.0,3,1,1,0
wavmark,8,65536,193,english:1334,1,mean,"[17988, 25080, 43260, 43563, 43817, 50186, 55113, 63356]",59256,0,-2.0,-0.0,2.0,18,1,1,1
wavmark,8,256,193,english:1334,1,fwp,"[17988, 25080, 43260, 43563, 43817, 50186, 55113, 63356]",40959,0,-4.0,-2.0,2.0,7,1,1,1
wavmark,8,1024,193,english:1334,1,fwp,"[17988, 25080, 43260, 43563, 43817, 50186, 55113, 63356]",49151,0,-4.0,-1.0,3.0,10,1,1,1
wavmark,8,4096,193,english:1334,1,fwp,"[17988, 25080, 43260, 43563, 43817, 50186, 55113, 63356]",65525,0,-4.0,-2.0,2.0,40,1,1,1
wavmark,8,16384,193,english:1334,1,fwp,"[17988, 25080, 43260, 43563, 43817, 50186, 55113, 63356]",48637,0,-4.0,-1.0,3.0,181,1,1,1
wavmark,8,65536,193,english:1334,1,fwp,"[17988, 25080, 43260, 43563, 43817, 50186, 55113, 63356]",49149,0,-4.0,-0.0,4.0,698,1,1,1
wavmark,8,256,194,english:1334,2,mean,"[478, 2320, 4815, 15466, 28503, 38980, 59966, 60790]",11642,0,-3.0,-3.0,0.0,1,1,0,0
wavmark,8,1024,194,english:1334,2,mean,"[478, 2320, 4815, 15466, 28503, 38980, 59966, 60790]",14687,0,-3.0,-2.0,1.0,3,1,1,1
wavmark,8,4096,194,english:1334,2,mean,"[478, 2320, 4815, 15466, 28503, 38980, 59966, 60790]",14686,0,-3.0,-1.0,2.0,11,1,1,1
wavmark,8,16384,194,english:1334,2,mean,"[478, 2320, 4815, 15466, 28503, 38980, 59966, 60790]",14686,0,-3.0,-1.0,2.0,36,1,1,1
wavmark,8,65536,194,english:1334,2,mean,"[478, 2320, 4815, 15466, 28503, 38980, 59966, 60790]",10590,0,-3.0,-0.0,3.0,138,1,1,1
wavmark,8,256,194,english:1334,2,fwp,"[478, 2320, 4815, 15466, 28503, 38980, 59966, 60790]",43006,0,-5.0,-2.0,3.0,7,1,1,1
wavmark,8,1024,194,english:1334,2,fwp,"[478, 2320, 4815, 15466, 28503, 38980, 59966, 60790]",61183,0,-5.0,-2.0,3.0,47,1,1,1
wavmark,8,4096,194,english:1334,2,fwp,"[478, 2320, 4815, 15466, 28503, 38980, 59966, 60790]",45039,0,-5.0,-1.0,4.0,171,1,1,1
wavmark,8,16384,194,english:1334,2,fwp,"[478, 2320, 4815, 15466, 28503, 38980, 59966, 60790]",44991,0,-5.0,-1.0,4.0,663,1,1,1
wavmark,8,65536,194,english:1334,2,fwp,"[478, 2320, 4815, 15466, 28503, 38980, 59966, 60790]",45055,0,-5.0,-0.0,5.0,2518,1,1,1
wavmark,8,256,195,english:1355,0,mean,"[478, 4605, 22706, 30160, 31088, 31097, 47518, 63979]",31194,0,-3.0,-1.0,2.0,3,1,0,0
wavmark,8,1024,195,english:1355,0,mean,"[478, 4605, 22706, 30160, 31088, 31097, 47518, 63979]",32234,0,-3.0,-2.0,1.0,5,1,1,0
wavmark,8,4096,195,english:1355,0,mean,"[478, 4605, 22706, 30160, 31088, 31097, 47518, 63979]",31738,0,-3.0,-1.0,2.0,6,1,1,1
wavmark,8,16384,195,english:1355,0,mean,"[478, 4605, 22706, 30160, 31088, 31097, 47518, 63979]",32250,0,-3.0,-1.0,2.0,33,1,1,1
wavmark,8,65536,195,english:1355,0,mean,"[478, 4605, 22706, 30160, 31088, 31097, 47518, 63979]",31226,0,-3.0,-0.0,3.0,138,1,1,1
wavmark,8,256,195,english:1355,0,fwp,"[478, 4605, 22706, 30160, 31088, 31097, 47518, 63979]",63979,1,-3.0,-3.0,0.0,1,0,0,0
wavmark,8,1024,195,english:1355,0,fwp,"[478, 4605, 22706, 30160, 31088, 31097, 47518, 63979]",47487,0,-3.0,-1.0,2.0,8,1,1,1
wavmark,8,4096,195,english:1355,0,fwp,"[478, 4605, 22706, 30160, 31088, 31097, 47518, 63979]",47583,0,-3.0,-1.0,2.0,14,1,1,1
wavmark,8,16384,195,english:1355,0,fwp,"[478, 4605, 22706, 30160, 31088, 31097, 47518, 63979]",63997,0,-3.0,-2.0,1.0,29,1,1,1
wavmark,8,65536,195,english:1355,0,fwp,"[478, 4605, 22706, 30160, 31088, 31097, 47518, 63979]",47615,0,-3.0,-0.0,3.0,138,1,1,1
wavmark,8,256,196,english:1355,1,mean,"[11298, 12564, 25813, 32158, 38448, 42875, 54200, 61932]",57788,0,-4.0,-3.0,1.0,3,1,0,0
wavmark,8,1024,196,english:1355,1,mean,"[11298, 12564, 25813, 32158, 38448, 42875, 54200, 61932]",46524,0,-4.0,-0.0,4.0,9,1,1,1
wavmark,8,4096,196,english:1355,1,mean,"[11298, 12564, 25813, 32158, 38448, 42875, 54200, 61932]",45500,0,-4.0,-1.0,3.0,33,1,1,1
wavmark,8,16384,196,english:1355,1,mean,"[11298, 12564, 25813, 32158, 38448, 42875, 54200, 61932]",46524,0,-4.0,-0.0,4.0,170,1,1,1
wavmark,8,65536,196,english:1355,1,mean,"[11298, 12564, 25813, 32158, 38448, 42875, 54200, 61932]",46524,0,-4.0,-0.0,4.0,698,1,1,1
wavmark,8,256,196,english:1355,1,fwp,"[11298, 12564, 25813, 32158, 38448, 42875, 54200, 61932]",49050,0,-4.0,-2.0,2.0,4,1,1,1
wavmark,8,1024,196,english:1355,1,fwp,"[11298, 12564, 25813, 32158, 38448, 42875, 54200, 61932]",65442,0,-4.0,-2.0,2.0,15,1,1,1
wavmark,8,4096,196,english:1355,1,fwp,"[11298, 12564, 25813, 32158, 38448, 42875, 54200, 61932]",65466,0,-4.0,-0.0,4.0,50,1,1,1
wavmark,8,16384,196,english:1355,1,fwp,"[11298, 12564, 25813, 32158, 38448, 42875, 54200, 61932]",65466,0,-4.0,-0.0,4.0,187,1,1,1
wavmark,8,65536,196,english:1355,1,fwp,"[11298, 12564, 25813, 32158, 38448, 42875, 54200, 61932]",65466,0,-4.0,-0.0,4.0,698,1,1,1
wavmark,8,256,197,english:1355,2,mean,"[812, 6343, 15169, 16406, 35648, 49349, 49969, 58477]",43461,0,-3.0,-2.0,1.0,2,1,0,0
wavmark,8,1024,197,english:1355,2,mean,"[812, 6343, 15169, 16406, 35648, 49349, 49969, 58477]",44485,0,-3.0,-3.0,0.0,1,1,1,1
wavmark,8,4096,197,english:1355,2,mean,"[812, 6343, 15169, 16406, 35648, 49349, 49969, 58477]",35653,0,-3.0,-1.0,2.0,11,1,1,1
wavmark,8,16384,197,english:1355,2,mean,"[812, 6343, 15169, 16406, 35648, 49349, 49969, 58477]",35653,0,-3.0,-1.0,2.0,31,1,1,1
wavmark,8,65536,197,english:1355,2,mean,"[812, 6343, 15169, 16406, 35648, 49349, 49969, 58477]",35141,0,-3.0,-0.0,3.0,138,1,1,1
wavmark,8,256,197,english:1355,2,fwp,"[812, 6343, 15169, 16406, 35648, 49349, 49969, 58477]",32007,0,-5.0,-3.0,2.0,8,1,1,1
wavmark,8,1024,197,english:1355,2,fwp,"[812, 6343, 15169, 16406, 35648, 49349, 49969, 58477]",31319,0,-5.0,-2.0,3.0,46,1,1,1
wavmark,8,4096,197,english:1355,2,fwp,"[812, 6343, 15169, 16406, 35648, 49349, 49969, 58477]",26967,0,-5.0,-1.0,4.0,147,1,1,1
wavmark,8,16384,197,english:1355,2,fwp,"[812, 6343, 15169, 16406, 35648, 49349, 49969, 58477]",31063,0,-5.0,-0.0,5.0,633,1,1,1
wavmark,8,65536,197,english:1355,2,fwp,"[812, 6343, 15169, 16406, 35648, 49349, 49969, 58477]",31063,0,-5.0,-0.0,5.0,2518,1,1,1
wavmark,8,256,198,english:1363,0,mean,"[1186, 14609, 22340, 25597, 36984, 50556, 50636, 54416]",50556,1,-2.0,-2.0,0.0,1,0,0,0
wavmark,8,1024,198,english:1363,0,mean,"[1186, 14609, 22340, 25597, 36984, 50556, 50636, 54416]",17916,0,-2.0,-0.0,2.0,2,1,0,0
wavmark,8,4096,198,english:1363,0,mean,"[1186, 14609, 22340, 25597, 36984, 50556, 50636, 54416]",17900,0,-2.0,-1.0,1.0,2,1,0,0
wavmark,8,16384,198,english:1363,0,mean,"[1186, 14609, 22340, 25597, 36984, 50556, 50636, 54416]",17918,0,-2.0,-1.0,1.0,6,1,1,1
wavmark,8,65536,198,english:1363,0,mean,"[1186, 14609, 22340, 25597, 36984, 50556, 50636, 54416]",17916,0,-2.0,-0.0,2.0,18,1,1,1
wavmark,8,256,198,english:1363,0,fwp,"[1186, 14609, 22340, 25597, 36984, 50556, 50636, 54416]",42163,0,-3.0,-3.0,0.0,1,1,0,0
wavmark,8,1024,198,english:1363,0,fwp,"[1186, 14609, 22340, 25597, 36984, 50556, 50636, 54416]",25790,0,-3.0,-2.0,1.0,3,1,1,1
wavmark,8,4096,198,english:1363,0,fwp,"[1186, 14609, 22340, 25597, 36984, 50556, 50636, 54416]",42167,0,-3.0,-2.0,1.0,7,1,1,1
wavmark,8,16384,198,english:1363,0,fwp,"[1186, 14609, 22340, 25597, 36984, 50556, 50636, 54416]",25782,0,-3.0,-1.0,2.0,36,1,1,1
wavmark,8,65536,198,english:1363,0,fwp,"[1186, 14609, 22340, 25597, 36984, 50556, 50636, 54416]",9398,0,-3.0,-0.0,3.0,138,1,1,1
wavmark,8,256,199,english:1363,1,mean,"[21245, 27935, 28352, 31904, 39308, 39328, 57870, 63739]",60588,0,-4.0,-2.0,2.0,5,1,1,1
wavmark,8,1024,199,english:1363,1,mean,"[21245, 27935, 28352, 31904, 39308, 39328, 57870, 63739]",63908,0,-4.0,-2.0,2.0,19,1,1,1
wavmark,8,4096,199,english:1363,1,mean,"[21245, 27935, 28352, 31904, 39308, 39328, 57870, 63739]",63532,0,-4.0,-1.0,3.0,47,1,1,1
wavmark,8,16384,199,english:1363,1,mean,"[21245, 27935, 28352, 31904, 39308, 39328, 57870, 63739]",63916,0,-4.0,-1.0,3.0,174,1,1,1
wavmark,8,65536,199,english:1363,1,mean,"[21245, 27935, 28352, 31904, 39308, 39328, 57870, 63739]",63660,0,-4.0,-0.0,4.0,698,1,1,1
wavmark,8,256,199,english:1363,1,fwp,"[21245, 27935, 28352, 31904, 39308, 39328, 57870, 63739]",44473,0,-4.0,-2.0,2.0,3,1,1,1
wavmark,8,1024,199,english:1363,1,fwp,"[21245, 27935, 28352, 31904, 39308, 39328, 57870, 63739]",50623,0,-4.0,-3.0,1.0,8,1,1,1
wavmark,8,4096,199,english:1363,1,fwp,"[21245, 27935, 28352, 31904, 39308, 39328, 57870, 63739]",60863,0,-4.0,-1.0,3.0,44,1,1,1
wavmark,8,16384,199,english:1363,1,fwp,"[21245, 27935, 28352, 31904, 39308, 39328, 57870, 63739]",44479,0,-4.0,-0.0,4.0,185,1,1,1
wavmark,8,65536,199,english:1363,1,fwp,"[21245, 27935, 28352, 31904, 39308, 39328, 57870, 63739]",44479,0,-4.0,-0.0,4.0,698,1,1,1
wavmark,8,256,200,english:1363,2,mean,"[4866, 16907, 27312, 36594, 37360, 46972, 60379, 64779]",60379,1,-2.0,-3.0,-1.0,1,0,0,0
wavmark,8,1024,200,english:1363,2,mean,"[4866, 16907, 27312, 36594, 37360, 46972, 60379, 64779]",60379,1,-2.0,-2.0,0.0,1,0,0,0
wavmark,8,4096,200,english:1363,2,mean,"[4866, 16907, 27312, 36594, 37360, 46972, 60379, 64779]",60379,1,-2.0,-2.0,0.0,1,0,0,0
wavmark,8,16384,200,english:1363,2,mean,"[4866, 16907, 27312, 36594, 37360, 46972, 60379, 64779]",60378,0,-2.0,-1.0,1.0,5,1,1,1
wavmark,8,65536,200,english:1363,2,mean,"[4866, 16907, 27312, 36594, 37360, 46972, 60379, 64779]",43994,0,-2.0,-0.0,2.0,18,1,1,1
wavmark,8,256,200,english:1363,2,fwp,"[4866, 16907, 27312, 36594, 37360, 46972, 60379, 64779]",4891,0,-5.0,-3.0,2.0,9,1,1,1
wavmark,8,1024,200,english:1363,2,fwp,"[4866, 16907, 27312, 36594, 37360, 46972, 60379, 64779]",37849,0,-5.0,-3.0,2.0,34,1,1,1
wavmark,8,4096,200,english:1363,2,fwp,"[4866, 16907, 27312, 36594, 37360, 46972, 60379, 64779]",4563,0,-5.0,-1.0,4.0,173,1,1,1
wavmark,8,16384,200,english:1363,2,fwp,"[4866, 16907, 27312, 36594, 37360, 46972, 60379, 64779]",5595,0,-5.0,-1.0,4.0,663,1,1,1
wavmark,8,65536,200,english:1363,2,fwp,"[4866, 16907, 27312, 36594, 37360, 46972, 60379, 64779]",4571,0,-5.0,-0.0,5.0,2518,1,1,1
wavmark,8,256,201,english:1447,0,mean,"[8959, 12528, 19165, 39924, 45617, 55128, 56371, 61415]",65523,0,-4.0,-4.0,0.0,1,1,1,1
wavmark,8,1024,201,english:1447,0,mean,"[8959, 12528, 19165, 39924, 45617, 55128, 56371, 61415]",65265,0,-4.0,-2.0,2.0,11,1,1,1
wavmark,8,4096,201,english:1447,0,mean,"[8959, 12528, 19165, 39924, 45617, 55128, 56371, 61415]",40693,0,-4.0,-1.0,3.0,43,1,1,1
wavmark,8,16384,201,english:1447,0,mean,"[8959, 12528, 19165, 39924, 45617, 55128, 56371, 61415]",48373,0,-4.0,-1.0,3.0,196,1,1,1
wavmark,8,65536,201,english:1447,0,mean,"[8959, 12528, 19165, 39924, 45617, 55128, 56371, 61415]",48885,0,-4.0,-0.0,4.0,698,1,1,1
wavmark,8,256,201,english:1447,0,fwp,"[8959, 12528, 19165, 39924, 45617, 55128, 56371, 61415]",61415,1,-2.0,-3.0,-1.0,1,0,0,0
wavmark,8,1024,201,english:1447,0,fwp,"[8959, 12528, 19165, 39924, 45617, 55128, 56371, 61415]",61415,1,-2.0,-2.0,0.0,1,0,0,0
wavmark,8,4096,201,english:1447,0,fwp,"[8959, 12528, 19165, 39924, 45617, 55128, 56371, 61415]",61415,1,-2.0,-2.0,0.0,1,0,0,0
wavmark,8,16384,201,english:1447,0,fwp,"[8959, 12528, 19165, 39924, 45617, 55128, 56371, 61415]",45047,0,-2.0,-0.0,2.0,8,1,1,1
wavmark,8,65536,201,english:1447,0,fwp,"[8959, 12528, 19165, 39924, 45617, 55128, 56371, 61415]",45047,0,-2.0,-0.0,2.0,18,1,1,1
wavmark,8,256,202,english:1447,1,mean,"[2043, 17323, 17978, 18786, 22299, 36314, 44197, 47321]",2043,1,-2.0,-3.0,-1.0,1,0,0,0
wavmark,8,1024,202,english:1447,1,mean,"[2043, 17323, 17978, 18786, 22299, 36314, 44197, 47321]",3899,0,-2.0,-1.0,1.0,3,1,1,0
wavmark,8,4096,202,english:1447,1,mean,"[2043, 17323, 17978, 18786, 22299, 36314, 44197, 47321]",4031,0,-2.0,-1.0,1.0,2,1,1,0
wavmark,8,16384,202,english:1447,1,mean,"[2043, 17323, 17978, 18786, 22299, 36314, 44197, 47321]",4031,0,-2.0,-1.0,1.0,5,1,1,1
wavmark,8,65536,202,english:1447,1,mean,"[2043, 17323, 17978, 18786, 22299, 36314, 44197, 47321]",4027,0,-2.0,-0.0,2.0,18,1,1,1
wavmark,8,256,202,english:1447,1,fwp,"[2043, 17323, 17978, 18786, 22299, 36314, 44197, 47321]",27071,0,-4.0,-3.0,1.0,3,1,1,0
wavmark,8,1024,202,english:1447,1,fwp,"[2043, 17323, 17978, 18786, 22299, 36314, 44197, 47321]",44541,0,-4.0,-2.0,2.0,8,1,1,1
wavmark,8,4096,202,english:1447,1,fwp,"[2043, 17323, 17978, 18786, 22299, 36314, 44197, 47321]",64959,0,-4.0,-2.0,2.0,41,1,1,1
wavmark,8,16384,202,english:1447,1,fwp,"[2043, 17323, 17978, 18786, 22299, 36314, 44197, 47321]",48575,0,-4.0,-1.0,3.0,204,1,1,1
wavmark,8,65536,202,english:1447,1,fwp,"[2043, 17323, 17978, 18786, 22299, 36314, 44197, 47321]",44479,0,-4.0,-0.0,4.0,698,1,1,1
wavmark,8,256,203,english:1447,2,mean,"[3089, 7731, 16286, 25127, 46511, 49486, 54732, 63810]",47511,0,-4.0,-3.0,1.0,2,1,1,0
wavmark,8,1024,203,english:1447,2,mean,"[3089, 7731, 16286, 25127, 46511, 49486, 54732, 63810]",47903,0,-4.0,-2.0,2.0,14,1,1,1
wavmark,8,4096,203,english:1447,2,mean,"[3089, 7731, 16286, 25127, 46511, 49486, 54732, 63810]",63775,0,-4.0,-2.0,2.0,42,1,1,1
wavmark,8,16384,203,english:1447,2,mean,"[3089, 7731, 16286, 25127, 46511, 49486, 54732, 63810]",48415,0,-4.0,-0.0,4.0,170,1,1,1
wavmark,8,65536,203,english:1447,2,mean,"[3089, 7731, 16286, 25127, 46511, 49486, 54732, 63810]",48415,0,-4.0,-0.0,4.0,698,1,1,1
wavmark,8,256,203,english:1447,2,fwp,"[3089, 7731, 16286, 25127, 46511, 49486, 54732, 63810]",40246,0,-5.0,-3.0,2.0,12,1,1,1
wavmark,8,1024,203,english:1447,2,fwp,"[3089, 7731, 16286, 25127, 46511, 49486, 54732, 63810]",40254,0,-5.0,-2.0,3.0,39,1,1,1
wavmark,8,4096,203,english:1447,2,fwp,"[3089, 7731, 16286, 25127, 46511, 49486, 54732, 63810]",36223,0,-5.0,-1.0,4.0,160,1,1,1
wavmark,8,16384,203,english:1447,2,fwp,"[3089, 7731, 16286, 25127, 46511, 49486, 54732, 63810]",48511,0,-5.0,-1.0,4.0,619,1,1,1
wavmark,8,65536,203,english:1447,2,fwp,"[3089, 7731, 16286, 25127, 46511, 49486, 54732, 63810]",40319,0,-5.0,-0.0,5.0,2518,1,1,1
wavmark,8,256,204,english:1455,0,mean,"[12806, 13661, 21379, 32100, 33905, 53587, 55956, 64802]",57175,0,-3.0,-3.0,0.0,1,1,0,0
wavmark,8,1024,204,english:1455,0,mean,"[12806, 13661, 21379, 32100, 33905, 53587, 55956, 64802]",64598,0,-3.0,-3.0,0.0,1,1,1,1
wavmark,8,4096,204,english:1455,0,mean,"[12806, 13661, 21379, 32100, 33905, 53587, 55956, 64802]",64839,0,-3.0,-2.0,1.0,10,1,1,1
wavmark,8,16384,204,english:1455,0,mean,"[12806, 13661, 21379, 32100, 33905, 53587, 55956, 64802]",62935,0,-3.0,-1.0,2.0,36,1,1,1
wavmark,8,65536,204,english:1455,0,mean,"[12806, 13661, 21379, 32100, 33905, 53587, 55956, 64802]",62807,0,-3.0,-0.0,3.0,138,1,1,1
wavmark,8,256,204,english:1455,0,fwp,"[12806, 13661, 21379, 32100, 33905, 53587, 55956, 64802]",54389,0,-5.0,-4.0,1.0,2,1,1,1
wavmark,8,1024,204,english:1455,0,fwp,"[12806, 13661, 21379, 32100, 33905, 53587, 55956, 64802]",48743,0,-5.0,-2.0,3.0,41,1,1,1
wavmark,8,4096,204,english:1455,0,fwp,"[12806, 13661, 21379, 32100, 33905, 53587, 55956, 64802]",63095,0,-5.0,-1.0,4.0,167,1,1,1
wavmark,8,16384,204,english:1455,0,fwp,"[12806, 13661, 21379, 32100, 33905, 53587, 55956, 64802]",63095,0,-5.0,-1.0,4.0,629,1,1,1
wavmark,8,65536,204,english:1455,0,fwp,"[12806, 13661, 21379, 32100, 33905, 53587, 55956, 64802]",46711,0,-5.0,-0.0,5.0,2518,1,1,1
wavmark,8,256,205,english:1455,1,mean,"[9858, 13626, 23961, 25540, 52491, 53339, 57887, 59366]",58776,0,-5.0,-2.0,3.0,12,1,1,1
wavmark,8,1024,205,english:1455,1,mean,"[9858, 13626, 23961, 25540, 52491, 53339, 57887, 59366]",63378,0,-5.0,-2.0,3.0,43,1,1,1
wavmark,8,4096,205,english:1455,1,mean,"[9858, 13626, 23961, 25540, 52491, 53339, 57887, 59366]",59295,0,-5.0,-2.0,3.0,156,1,1,1
wavmark,8,16384,205,english:1455,1,mean,"[9858, 13626, 23961, 25540, 52491, 53339, 57887, 59366]",59290,0,-5.0,-0.0,5.0,657,1,1,1
wavmark,8,65536,205,english:1455,1,mean,"[9858, 13626, 23961, 25540, 52491, 53339, 57887, 59366]",59290,0,-5.0,-0.0,5.0,2518,1,1,1
wavmark,8,256,205,english:1455,1,fwp,"[9858, 13626, 23961, 25540, 52491, 53339, 57887, 59366]",46810,0,-4.0,-2.0,2.0,6,1,1,1
wavmark,8,1024,205,english:1455,1,fwp,"[9858, 13626, 23961, 25540, 52491, 53339, 57887, 59366]",62171,0,-4.0,-1.0,3.0,17,1,1,1
wavmark,8,4096,205,english:1455,1,fwp,"[9858, 13626, 23961, 25540, 52491, 53339, 57887, 59366]",63179,0,-4.0,-1.0,3.0,46,1,1,1
wavmark,8,16384,205,english:1455,1,fwp,"[9858, 13626, 23961, 25540, 52491, 53339, 57887, 59366]",63195,0,-4.0,-0.0,4.0,187,1,1,1
wavmark,8,65536,205,english:1455,1,fwp,"[9858, 13626, 23961, 25540, 52491, 53339, 57887, 59366]",63195,0,-4.0,-0.0,4.0,698,1,1,1
wavmark,8,256,206,english:1455,2,mean,"[489, 5166, 24429, 27646, 52975, 54692, 56606, 65081]",57303,0,-3.0,-2.0,1.0,2,1,0,0
wavmark,8,1024,206,english:1455,2,mean,"[489, 5166, 24429, 27646, 52975, 54692, 56606, 65081]",53246,0,-3.0,-2.0,1.0,2,1,1,1
wavmark,8,4096,206,english:1455,2,mean,"[489, 5166, 24429, 27646, 52975, 54692, 56606, 65081]",57343,0,-3.0,-0.0,3.0,8,1,1,1
wavmark,8,16384,206,english:1455,2,mean,"[489, 5166, 24429, 27646, 52975, 54692, 56606, 65081]",57339,0,-3.0,-1.0,2.0,38,1,1,1
wavmark,8,65536,206,english:1455,2,mean,"[489, 5166, 24429, 27646, 52975, 54692, 56606, 65081]",57343,0,-3.0,-0.0,3.0,138,1,1,1
wavmark,8,256,206,english:1455,2,fwp,"[489, 5166, 24429, 27646, 52975, 54692, 56606, 65081]",39419,0,-4.0,-3.0,1.0,4,1,1,1
wavmark,8,1024,206,english:1455,2,fwp,"[489, 5166, 24429, 27646, 52975, 54692, 56606, 65081]",52734,0,-4.0,-2.0,2.0,8,1,1,1
wavmark,8,4096,206,english:1455,2,fwp,"[489, 5166, 24429, 27646, 52975, 54692, 56606, 65081]",36335,0,-4.0,-1.0,3.0,39,1,1,1
wavmark,8,16384,206,english:1455,2,fwp,"[489, 5166, 24429, 27646, 52975, 54692, 56606, 65081]",44543,0,-4.0,-1.0,3.0,176,1,1,1
wavmark,8,65536,206,english:1455,2,fwp,"[489, 5166, 24429, 27646, 52975, 54692, 56606, 65081]",36351,0,-4.0,-0.0,4.0,698,1,1,1
wavmark,8,256,207,english:150,0,mean,"[7089, 15032, 15945, 37603, 48458, 50433, 62870, 64195]",47575,0,-4.0,-3.0,1.0,3,1,0,0
wavmark,8,1024,207,english:150,0,mean,"[7089, 15032, 15945, 37603, 48458, 50433, 62870, 64195]",61395,0,-4.0,-2.0,2.0,14,1,1,1
wavmark,8,4096,207,english:150,0,mean,"[7089, 15032, 15945, 37603, 48458, 50433, 62870, 64195]",49106,0,-4.0,-1.0,3.0,40,1,1,1
wavmark,8,16384,207,english:150,0,mean,"[7089, 15032, 15945, 37603, 48458, 50433, 62870, 64195]",49107,0,-4.0,-0.0,4.0,165,1,1,1
wavmark,8,65536,207,english:150,0,mean,"[7089, 15032, 15945, 37603, 48458, 50433, 62870, 64195]",49107,0,-4.0,-0.0,4.0,698,1,1,1
wavmark,8,256,207,english:150,0,fwp,"[7089, 15032, 15945, 37603, 48458, 50433, 62870, 64195]",36787,0,-5.0,-3.0,2.0,6,1,1,1
wavmark,8,1024,207,english:150,0,fwp,"[7089, 15032, 15945, 37603, 48458, 50433, 62870, 64195]",45048,0,-5.0,-2.0,3.0,45,1,1,1
wavmark,8,4096,207,english:150,0,fwp,"[7089, 15032, 15945, 37603, 48458, 50433, 62870, 64195]",44849,0,-5.0,-2.0,3.0,151,1,1,1
wavmark,8,16384,207,english:150,0,fwp,"[7089, 15032, 15945, 37603, 48458, 50433, 62870, 64195]",61369,0,-5.0,-1.0,4.0,630,1,1,1
wavmark,8,65536,207,english:150,0,fwp,"[7089, 15032, 15945, 37603, 48458, 50433, 62870, 64195]",44985,0,-5.0,-0.0,5.0,2518,1,1,1
wavmark,8,256,208,english:150,1,mean,"[3312, 3420, 5309, 11765, 14820, 21887, 42517, 64074]",15725,0,-2.0,-2.0,0.0,1,1,0,0
wavmark,8,1024,208,english:150,1,mean,"[3312, 3420, 5309, 11765, 14820, 21887, 42517, 64074]",15740,0,-2.0,-2.0,0.0,1,1,0,0
wavmark,8,4096,208,english:150,1,mean,"[3312, 3420, 5309, 11765, 14820, 21887, 42517, 64074]",15871,0,-2.0,-1.0,1.0,2,1,1,1
wavmark,8,16384,208,english:150,1,mean,"[3312, 3420, 5309, 11765, 14820, 21887, 42517, 64074]",11773,0,-2.0,-1.0,1.0,2,1,1,1
wavmark,8,65536,208,english:150,1,mean,"[3312, 3420, 5309, 11765, 14820, 21887, 42517, 64074]",15869,0,-2.0,-0.0,2.0,18,1,1,1
wavmark,8,256,208,english:150,1,fwp,"[3312, 3420, 5309, 11765, 14820, 21887, 42517, 64074]",48378,0,-6.0,-3.0,3.0,33,1,1,1
wavmark,8,1024,208,english:150,1,fwp,"[3312, 3420, 5309, 11765, 14820, 21887, 42517, 64074]",16127,0,-6.0,-1.0,5.0,98,1,1,1
wavmark,8,4096,208,english:150,1,fwp,"[3312, 3420, 5309, 11765, 14820, 21887, 42517, 64074]",48831,0,-6.0,-1.0,5.0,419,1,1,1
wavmark,8,16384,208,english:150,1,fwp,"[3312, 3420, 5309, 11765, 14820, 21887, 42517, 64074]",48767,0,-6.0,-1.0,5.0,1712,1,1,1
wavmark,8,65536,208,english:150,1,fwp,"[3312, 3420, 5309, 11765, 14820, 21887, 42517, 64074]",48895,0,-6.0,-0.0,6.0,6886,1,1,1
wavmark,8,256,209,english:150,2,mean,"[7246, 7424, 7634, 10506, 13655, 15433, 25739, 59992]",49114,0,-3.0,-3.0,0.0,1,1,1,0
wavmark,8,1024,209,english:150,2,mean,"[7246, 7424, 7634, 10506, 13655, 15433, 25739, 59992]",48602,0,-3.0,-2.0,1.0,2,1,1,1
wavmark,8,4096,209,english:150,2,mean,"[7246, 7424, 7634, 10506, 13655, 15433, 25739, 59992]",16218,0,-3.0,-1.0,2.0,10,1,1,1
wavmark,8,16384,209,english:150,2,mean,"[7246, 7424, 7634, 10506, 13655, 15433, 25739, 59992]",48474,0,-3.0,-1.0,2.0,30,1,1,1
wavmark,8,65536,209,english:150,2,mean,"[7246, 7424, 7634, 10506, 13655, 15433, 25739, 59992]",15706,0,-3.0,-0.0,3.0,138,1,1,1
wavmark,8,256,209,english:150,2,fwp,"[7246, 7424, 7634, 10506, 13655, 15433, 25739, 59992]",49114,0,-4.0,-3.0,1.0,2,1,1,1
wavmark,8,1024,209,english:150,2,fwp,"[7246, 7424, 7634, 10506, 13655, 15433, 25739, 59992]",64863,0,-4.0,-2.0,2.0,13,1,1,1
wavmark,8,4096,209,english:150,2,fwp,"[7246, 7424, 7634, 10506, 13655, 15433, 25739, 59992]",45023,0,-4.0,-2.0,2.0,34,1,1,1
wavmark,8,16384,209,english:150,2,fwp,"[7246, 7424, 7634, 10506, 13655, 15433, 25739, 59992]",48991,0,-4.0,-0.0,4.0,168,1,1,1
wavmark,8,65536,209,english:150,2,fwp,"[7246, 7424, 7634, 10506, 13655, 15433, 25739, 59992]",48991,0,-4.0,-0.0,4.0,698,1,1,1
wavmark,8,256,210,english:1502,0,mean,"[2347, 12200, 13489, 26015, 28531, 39872, 55121, 55969]",12280,0,-3.0,-3.0,0.0,1,1,0,0
wavmark,8,1024,210,english:1502,0,mean,"[2347, 12200, 13489, 26015, 28531, 39872, 55121, 55969]",45041,0,-3.0,-2.0,1.0,2,1,0,0
wavmark,8,4096,210,english:1502,0,mean,"[2347, 12200, 13489, 26015, 28531, 39872, 55121, 55969]",12209,0,-3.0,-0.0,3.0,17,1,1,1
wavmark,8,16384,210,english:1502,0,mean,"[2347, 12200, 13489, 26015, 28531, 39872, 55121, 55969]",28593,0,-3.0,-1.0,2.0,34,1,1,1
wavmark,8,65536,210,english:1502,0,mean,"[2347, 12200, 13489, 26015, 28531, 39872, 55121, 55969]",12209,0,-3.0,-0.0,3.0,138,1,1,1
wavmark,8,256,210,english:1502,0,fwp,"[2347, 12200, 13489, 26015, 28531, 39872, 55121, 55969]",60895,0,-6.0,-3.0,3.0,32,1,1,1
wavmark,8,1024,210,english:1502,0,fwp,"[2347, 12200, 13489, 26015, 28531, 39872, 55121, 55969]",63454,0,-6.0,-3.0,3.0,107,1,1,1
wavmark,8,4096,210,english:1502,0,fwp,"[2347, 12200, 13489, 26015, 28531, 39872, 55121, 55969]",45014,0,-6.0,-1.0,5.0,433,1,1,1
wavmark,8,16384,210,english:1502,0,fwp,"[2347, 12200, 13489, 26015, 28531, 39872, 55121, 55969]",36830,0,-6.0,-1.0,5.0,1713,1,1,1
wavmark,8,65536,210,english:1502,0,fwp,"[2347, 12200, 13489, 26015, 28531, 39872, 55121, 55969]",45022,0,-6.0,-0.0,6.0,6886,1,1,1
wavmark,8,256,211,english:1502,1,mean,"[239, 11722, 20976, 21382, 39762, 58071, 58984, 63785]",63224,0,-5.0,-4.0,1.0,10,1,1,1
wavmark,8,1024,211,english:1502,1,mean,"[239, 11722, 20976, 21382, 39762, 58071, 58984, 63785]",60346,0,-5.0,-2.0,3.0,56,1,1,1
wavmark,8,4096,211,english:1502,1,mean,"[239, 11722, 20976, 21382, 39762, 58071, 58984, 63785]",60410,0,-5.0,-1.0,4.0,163,1,1,1
wavmark,8,16384,211,english:1502,1,mean,"[239, 11722, 20976, 21382, 39762, 58071, 58984, 63785]",60410,0,-5.0,-1.0,4.0,632,1,1,1
wavmark,8,65536,211,english:1502,1,mean,"[239, 11722, 20976, 21382, 39762, 58071, 58984, 63785]",58362,0,-5.0,-0.0,5.0,2518,1,1,1
wavmark,8,256,211,english:1502,1,fwp,"[239, 11722, 20976, 21382, 39762, 58071, 58984, 63785]",51583,0,-4.0,-2.0,2.0,5,1,1,1
wavmark,8,1024,211,english:1502,1,fwp,"[239, 11722, 20976, 21382, 39762, 58071, 58984, 63785]",35293,0,-4.0,-2.0,2.0,10,1,1,1
wavmark,8,4096,211,english:1502,1,fwp,"[239, 11722, 20976, 21382, 39762, 58071, 58984, 63785]",35263,0,-4.0,-1.0,3.0,53,1,1,1
wavmark,8,16384,211,english:1502,1,fwp,"[239, 11722, 20976, 21382, 39762, 58071, 58984, 63785]",35327,0,-4.0,-0.0,4.0,181,1,1,1
wavmark,8,65536,211,english:1502,1,fwp,"[239, 11722, 20976, 21382, 39762, 58071, 58984, 63785]",35327,0,-4.0,-0.0,4.0,698,1,1,1
wavmark,8,256,212,english:1502,2,mean,"[22938, 32043, 45678, 48381, 50612, 53950, 59173, 59216]",63450,0,-3.0,-3.0,0.0,1,1,0,0
wavmark,8,1024,212,english:1502,2,mean,"[22938, 32043, 45678, 48381, 50612, 53950, 59173, 59216]",62390,0,-3.0,-2.0,1.0,3,1,1,0
wavmark,8,4096,212,english:1502,2,mean,"[22938, 32043, 45678, 48381, 50612, 53950, 59173, 59216]",62910,0,-3.0,-1.0,2.0,9,1,1,1
wavmark,8,16384,212,english:1502,2,mean,"[22938, 32043, 45678, 48381, 50612, 53950, 59173, 59216]",63418,0,-3.0,-1.0,2.0,31,1,1,1
wavmark,8,65536,212,english:1502,2,mean,"[22938, 32043, 45678, 48381, 50612, 53950, 59173, 59216]",63422,0,-3.0,-0.0,3.0,138,1,1,1
wavmark,8,256,212,english:1502,2,fwp,"[22938, 32043, 45678, 48381, 50612, 53950, 59173, 59216]",48639,0,-4.0,-2.0,2.0,3,1,1,1
wavmark,8,1024,212,english:1502,2,fwp,"[22938, 32043, 45678, 48381, 50612, 53950, 59173, 59216]",65339,0,-4.0,-3.0,1.0,7,1,1,1
wavmark,8,4096,212,english:1502,2,fwp,"[22938, 32043, 45678, 48381, 50612, 53950, 59173, 59216]",64951,0,-4.0,-1.0,3.0,45,1,1,1
wavmark,8,16384,212,english:1502,2,fwp,"[22938, 32043, 45678, 48381, 50612, 53950, 59173, 59216]",64959,0,-4.0,-0.0,4.0,197,1,1,1
wavmark,8,65536,212,english:1502,2,fwp,"[22938, 32043, 45678, 48381, 50612, 53950, 59173, 59216]",64959,0,-4.0,-0.0,4.0,698,1,1,1
wavmark,8,256,213,english:1553,0,mean,"[2079, 19383, 25379, 29849, 34889, 42211, 45172, 59810]",59810,1,-3.0,-3.0,0.0,1,0,0,0
wavmark,8,1024,213,english:1553,0,mean,"[2079, 19383, 25379, 29849, 34889, 42211, 45172, 59810]",8627,0,-3.0,-2.0,1.0,2,1,0,0
wavmark,8,4096,213,english:1553,0,mean,"[2079, 19383, 25379, 29849, 34889, 42211, 45172, 59810]",43507,0,-3.0,-1.0,2.0,16,1,1,1
wavmark,8,16384,213,english:1553,0,mean,"[2079, 19383, 25379, 29849, 34889, 42211, 45172, 59810]",43442,0,-3.0,-1.0,2.0,37,1,1,1
wavmark,8,65536,213,english:1553,0,mean,"[2079, 19383, 25379, 29849, 34889, 42211, 45172, 59810]",43443,0,-3.0,-0.0,3.0,138,1,1,1
wavmark,8,256,213,english:1553,0,fwp,"[2079, 19383, 25379, 29849, 34889, 42211, 45172, 59810]",33659,0,-4.0,-3.0,1.0,2,1,1,1
wavmark,8,1024,213,english:1553,0,fwp,"[2079, 19383, 25379, 29849, 34889, 42211, 45172, 59810]",36859,0,-4.0,-2.0,2.0,14,1,1,1
wavmark,8,4096,213,english:1553,0,fwp,"[2079, 19383, 25379, 29849, 34889, 42211, 45172, 59810]",39423,0,-4.0,-2.0,2.0,37,1,1,1
wavmark,8,16384,213,english:1553,0,fwp,"[2079, 19383, 25379, 29849, 34889, 42211, 45172, 59810]",39935,0,-4.0,-1.0,3.0,161,1,1,1
wavmark,8,65536,213,english:1553,0,fwp,"[2079, 19383, 25379, 29849, 34889, 42211, 45172, 59810]",35839,0,-4.0,-0.0,4.0,698,1,1,1
wavmark,8,256,214,english:1553,1,mean,"[5685, 16548, 16685, 24319, 29106, 31171, 37051, 53115]",24319,1,-3.0,-3.0,0.0,1,0,0,0
wavmark,8,1024,214,english:1553,1,mean,"[5685, 16548, 16685, 24319, 29106, 31171, 37051, 53115]",22975,0,-3.0,-1.0,2.0,3,1,1,1
wavmark,8,4096,214,english:1553,1,mean,"[5685, 16548, 16685, 24319, 29106, 31171, 37051, 53115]",56767,0,-3.0,-1.0,2.0,9,1,1,1
wavmark,8,16384,214,english:1553,1,mean,"[5685, 16548, 16685, 24319, 29106, 31171, 37051, 53115]",23998,0,-3.0,-1.0,2.0,34,1,1,1
wavmark,8,65536,214,english:1553,1,mean,"[5685, 16548, 16685, 24319, 29106, 31171, 37051, 53115]",23999,0,-3.0,-0.0,3.0,138,1,1,1
wavmark,8,256,214,english:1553,1,fwp,"[5685, 16548, 16685, 24319, 29106, 31171, 37051, 53115]",57327,0,-2.0,-2.0,0.0,1,1,0,0
wavmark,8,1024,214,english:1553,1,fwp,"[5685, 16548, 16685, 24319, 29106, 31171, 37051, 53115]",52991,0,-2.0,-1.0,1.0,2,1,0,0
wavmark,8,4096,214,english:1553,1,fwp,"[5685, 16548, 16685, 24319, 29106, 31171, 37051, 53115]",53182,0,-2.0,-2.0,0.0,1,1,0,0
wavmark,8,16384,214,english:1553,1,fwp,"[5685, 16548, 16685, 24319, 29106, 31171, 37051, 53115]",61439,0,-2.0,-1.0,1.0,5,1,1,1
wavmark,8,65536,214,english:1553,1,fwp,"[5685, 16548, 16685, 24319, 29106, 31171, 37051, 53115]",53247,0,-2.0,-0.0,2.0,18,1,1,1
wavmark,8,256,215,english:1553,2,mean,"[3644, 8195, 10503, 10706, 22266, 24580, 34901, 40717]",10503,1,-2.0,-4.0,-2.0,1,0,0,0
wavmark,8,1024,215,english:1553,2,mean,"[3644, 8195, 10503, 10706, 22266, 24580, 34901, 40717]",10503,1,-2.0,-3.0,-1.0,1,0,0,0
wavmark,8,4096,215,english:1553,2,mean,"[3644, 8195, 10503, 10706, 22266, 24580, 34901, 40717]",11541,0,-2.0,-1.0,1.0,3,1,1,1
wavmark,8,16384,215,english:1553,2,mean,"[3644, 8195, 10503, 10706, 22266, 24580, 34901, 40717]",44311,0,-2.0,-1.0,1.0,7,1,1,1
wavmark,8,65536,215,english:1553,2,mean,"[3644, 8195, 10503, 10706, 22266, 24580, 34901, 40717]",11543,0,-2.0,-0.0,2.0,18,1,1,1
wavmark,8,256,215,english:1553,2,fwp,"[3644, 8195, 10503, 10706, 22266, 24580, 34901, 40717]",61438,0,-6.0,-3.0,3.0,20,1,1,1
wavmark,8,1024,215,english:1553,2,fwp,"[3644, 8195, 10503, 10706, 22266, 24580, 34901, 40717]",12263,0,-6.0,-2.0,4.0,120,1,1,1
wavmark,8,4096,215,english:1553,2,fwp,"[3644, 8195, 10503, 10706, 22266, 24580, 34901, 40717]",61439,0,-6.0,-2.0,4.0,414,1,1,1
wavmark,8,16384,215,english:1553,2,fwp,"[3644, 8195, 10503, 10706, 22266, 24580, 34901, 40717]",12286,0,-6.0,-1.0,5.0,1686,1,1,1
wavmark,8,65536,215,english:1553,2,fwp,"[3644, 8195, 10503, 10706, 22266, 24580, 34901, 40717]",12287,0,-6.0,-0.0,6.0,6886,1,1,1
wavmark,8,256,216,english:1578,0,mean,"[682, 9494, 23544, 31611, 45780, 46807, 53662, 61655]",48124,0,-4.0,-4.0,0.0,1,1,1,0
wavmark,8,1024,216,english:1578,0,mean,"[682, 9494, 23544, 31611, 45780, 46807, 53662, 61655]",45918,0,-4.0,-2.0,2.0,8,1,1,1
wavmark,8,4096,216,english:1578,0,mean,"[682, 9494, 23544, 31611, 45780, 46807, 53662, 61655]",13270,0,-4.0,-1.0,3.0,36,1,1,1
wavmark,8,16384,216,english:1578,0,mean,"[682, 9494, 23544, 31611, 45780, 46807, 53662, 61655]",46046,0,-4.0,-1.0,3.0,184,1,1,1
wavmark,8,65536,216,english:1578,0,mean,"[682, 9494, 23544, 31611, 45780, 46807, 53662, 61655]",13278,0,-4.0,-0.0,4.0,698,1,1,1
wavmark,8,256,216,english:1578,0,fwp,"[682, 9494, 23544, 31611, 45780, 46807, 53662, 61655]",45823,0,-4.0,-1.0,3.0,7,1,1,1
wavmark,8,1024,216,english:1578,0,fwp,"[682, 9494, 23544, 31611, 45780, 46807, 53662, 61655]",8957,0,-4.0,-2.0,2.0,7,1,1,1
wavmark,8,4096,216,english:1578,0,fwp,"[682, 9494, 23544, 31611, 45780, 46807, 53662, 61655]",13311,0,-4.0,-1.0,3.0,49,1,1,1
wavmark,8,16384,216,english:1578,0,fwp,"[682, 9494, 23544, 31611, 45780, 46807, 53662, 61655]",13311,0,-4.0,-1.0,3.0,194,1,1,1
wavmark,8,65536,216,english:1578,0,fwp,"[682, 9494, 23544, 31611, 45780, 46807, 53662, 61655]",13055,0,-4.0,-0.0,4.0,698,1,1,1
wavmark,8,256,217,english:1578,1,mean,"[5247, 18066, 41428, 44630, 45481, 45755, 63929, 64630]",46517,0,-3.0,-3.0,0.0,1,1,0,0
wavmark,8,1024,217,english:1578,1,mean,"[5247, 18066, 41428, 44630, 45481, 45755, 63929, 64630]",48319,0,-3.0,-1.0,2.0,5,1,1,1
wavmark,8,4096,217,english:1578,1,mean,"[5247, 18066, 41428, 44630, 45481, 45755, 63929, 64630]",46527,0,-3.0,-1.0,2.0,7,1,1,1
wavmark,8,16384,217,english:1578,1,mean,"[5247, 18066, 41428, 44630, 45481, 45755, 63929, 64630]",46783,0,-3.0,-1.0,2.0,31,1,1,1
wavmark,8,65536,217,english:1578,1,mean,"[5247, 18066, 41428, 44630, 45481, 45755, 63929, 64630]",46271,0,-3.0,-0.0,3.0,138,1,1,1
wavmark,8,256,217,english:1578,1,fwp,"[5247, 18066, 41428, 44630, 45481, 45755, 63929, 64630]",47021,0,-4.0,-3.0,1.0,3,1,1,0
wavmark,8,1024,217,english:1578,1,fwp,"[5247, 18066, 41428, 44630, 45481, 45755, 63929, 64630]",48319,0,-4.0,-2.0,2.0,16,1,1,1
wavmark,8,4096,217,english:1578,1,fwp,"[5247, 18066, 41428, 44630, 45481, 45755, 63929, 64630]",65439,0,-4.0,-2.0,2.0,44,1,1,1
wavmark,8,16384,217,english:1578,1,fwp,"[5247, 18066, 41428, 44630, 45481, 45755, 63929, 64630]",65467,0,-4.0,-2.0,2.0,183,1,1,1
wavmark,8,65536,217,english:1578,1,fwp,"[5247, 18066, 41428, 44630, 45481, 45755, 63929, 64630]",49087,0,-4.0,-0.0,4.0,698,1,1,1
wavmark,8,256,218,english:1578,2,mean,"[484, 1464, 13414, 18295, 29669, 30027, 32527, 48370]",30079,0,-4.0,-3.0,1.0,4,1,1,1
wavmark,8,1024,218,english:1578,2,mean,"[484, 1464, 13414, 18295, 29669, 30027, 32527, 48370]",46327,0,-4.0,-2.0,2.0,14,1,1,1
wavmark,8,4096,218,english:1578,2,mean,"[484, 1464, 13414, 18295, 29669, 30027, 32527, 48370]",13687,0,-4.0,-1.0,3.0,50,1,1,1
wavmark,8,16384,218,english:1578,2,mean,"[484, 1464, 13414, 18295, 29669, 30027, 32527, 48370]",13813,0,-4.0,-1.0,3.0,152,1,1,1
wavmark,8,65536,218,english:1578,2,mean,"[484, 1464, 13414, 18295, 29669, 30027, 32527, 48370]",13815,0,-4.0,-0.0,4.0,698,1,1,1
wavmark,8,256,218,english:1578,2,fwp,"[484, 1464, 13414, 18295, 29669, 30027, 32527, 48370]",12135,0,-5.0,-2.0,3.0,11,1,1,1
wavmark,8,1024,218,english:1578,2,fwp,"[484, 1464, 13414, 18295, 29669, 30027, 32527, 48370]",12266,0,-5.0,-2.0,3.0,38,1,1,1
wavmark,8,4096,218,english:1578,2,fwp,"[484, 1464, 13414, 18295, 29669, 30027, 32527, 48370]",27631,0,-5.0,-2.0,3.0,156,1,1,1
wavmark,8,16384,218,english:1578,2,fwp,"[484, 1464, 13414, 18295, 29669, 30027, 32527, 48370]",45039,0,-5.0,-1.0,4.0,633,1,1,1
wavmark,8,65536,218,english:1578,2,fwp,"[484, 1464, 13414, 18295, 29669, 30027, 32527, 48370]",12271,0,-5.0,-0.0,5.0,2518,1,1,1
wavmark,8,256,219,english:1594,0,mean,"[11761, 30345, 31470, 31529, 33835, 35243, 45920, 54781]",49019,0,-5.0,-3.0,2.0,6,1,1,1
wavmark,8,1024,219,english:1594,0,mean,"[11761, 30345, 31470, 31529, 33835, 35243, 45920, 54781]",65512,0,-5.0,-2.0,3.0,41,1,1,1
wavmark,8,4096,219,english:1594,0,mean,"[11761, 30345, 31470, 31529, 33835, 35243, 45920, 54781]",49121,0,-5.0,-1.0,4.0,155,1,1,1
wavmark,8,16384,219,english:1594,0,mean,"[11761, 30345, 31470, 31529, 33835, 35243, 45920, 54781]",49128,0,-5.0,-1.0,4.0,616,1,1,1
wavmark,8,65536,219,english:1594,0,mean,"[11761, 30345, 31470, 31529, 33835, 35243, 45920, 54781]",49129,0,-5.0,-0.0,5.0,2518,1,1,1
wavmark,8,256,219,english:1594,0,fwp,"[11761, 30345, 31470, 31529, 33835, 35243, 45920, 54781]",38638,0,-3.0,-2.0,1.0,2,1,1,0
wavmark,8,1024,219,english:1594,0,fwp,"[11761, 30345, 31470, 31529, 33835, 35243, 45920, 54781]",46828,0,-3.0,-2.0,1.0,2,1,1,1
wavmark,8,4096,219,english:1594,0,fwp,"[11761, 30345, 31470, 31529, 33835, 35243, 45920, 54781]",49150,0,-3.0,-2.0,1.0,13,1,1,1
wavmark,8,16384,219,english:1594,0,fwp,"[11761, 30345, 31470, 31529, 33835, 35243, 45920, 54781]",48879,0,-3.0,-1.0,2.0,29,1,1,1
wavmark,8,65536,219,english:1594,0,fwp,"[11761, 30345, 31470, 31529, 33835, 35243, 45920, 54781]",48878,0,-3.0,-0.0,3.0,138,1,1,1
wavmark,8,256,220,english:1594,1,mean,"[2027, 6218, 10722, 15267, 31791, 34010, 54171, 54994]",16120,0,-5.0,-2.0,3.0,10,1,1,1
wavmark,8,1024,220,english:1594,1,mean,"[2027, 6218, 10722, 15267, 31791, 34010, 54171, 54994]",49150,0,-5.0,-2.0,3.0,31,1,1,1
wavmark,8,4096,220,english:1594,1,mean,"[2027, 6218, 10722, 15267, 31791, 34010, 54171, 54994]",49146,0,-5.0,-1.0,4.0,138,1,1,1
wavmark,8,16384,220,english:1594,1,mean,"[2027, 6218, 10722, 15267, 31791, 34010, 54171, 54994]",32762,0,-5.0,-1.0,4.0,602,1,1,1
wavmark,8,65536,220,english:1594,1,mean,"[2027, 6218, 10722, 15267, 31791, 34010, 54171, 54994]",16378,0,-5.0,-0.0,5.0,2518,1,1,1
wavmark,8,256,220,english:1594,1,fwp,"[2027, 6218, 10722, 15267, 31791, 34010, 54171, 54994]",44986,0,-6.0,-2.0,4.0,23,1,1,1
wavmark,8,1024,220,english:1594,1,fwp,"[2027, 6218, 10722, 15267, 31791, 34010, 54171, 54994]",49150,0,-6.0,-1.0,5.0,102,1,1,1
wavmark,8,4096,220,english:1594,1,fwp,"[2027, 6218, 10722, 15267, 31791, 34010, 54171, 54994]",49146,0,-6.0,-0.0,6.0,412,1,1,1
wavmark,8,16384,220,english:1594,1,fwp,"[2027, 6218, 10722, 15267, 31791, 34010, 54171, 54994]",49150,0,-6.0,-1.0,5.0,1708,1,1,1
wavmark,8,65536,220,english:1594,1,fwp,"[2027, 6218, 10722, 15267, 31791, 34010, 54171, 54994]",49146,0,-6.0,-0.0,6.0,6886,1,1,1
wavmark,8,256,221,english:1594,2,mean,"[1696, 8617, 16234, 17965, 51485, 52383, 53699, 56285]",56249,0,-4.0,-3.0,1.0,5,1,1,1
wavmark,8,1024,221,english:1594,2,mean,"[1696, 8617, 16234, 17965, 51485, 52383, 53699, 56285]",61357,0,-4.0,-2.0,2.0,12,1,1,1
wavmark,8,4096,221,english:1594,2,mean,"[1696, 8617, 16234, 17965, 51485, 52383, 53699, 56285]",57277,0,-4.0,-1.0,3.0,47,1,1,1
wavmark,8,16384,221,english:1594,2,mean,"[1696, 8617, 16234, 17965, 51485, 52383, 53699, 56285]",53165,0,-4.0,-1.0,3.0,180,1,1,1
wavmark,8,65536,221,english:1594,2,mean,"[1696, 8617, 16234, 17965, 51485, 52383, 53699, 56285]",53181,0,-4.0,-0.0,4.0,698,1,1,1
wavmark,8,256,221,english:1594,2,fwp,"[1696, 8617, 16234, 17965, 51485, 52383, 53699, 56285]",44029,0,-4.0,-2.0,2.0,3,1,1,0
wavmark,8,1024,221,english:1594,2,fwp,"[1696, 8617, 16234, 17965, 51485, 52383, 53699, 56285]",40925,0,-4.0,-2.0,2.0,10,1,1,1
wavmark,8,4096,221,english:1594,2,fwp,"[1696, 8617, 16234, 17965, 51485, 52383, 53699, 56285]",36797,0,-4.0,-1.0,3.0,45,1,1,1
wavmark,8,16384,221,english:1594,2,fwp,"[1696, 8617, 16234, 17965, 51485, 52383, 53699, 56285]",36845,0,-4.0,-1.0,3.0,175,1,1,1
wavmark,8,65536,221,english:1594,2,fwp,"[1696, 8617, 16234, 17965, 51485, 52383, 53699, 56285]",36861,0,-4.0,-0.0,4.0,698,1,1,1
wavmark,8,256,222,english:1624,0,mean,"[12916, 23343, 40824, 41621, 48579, 57156, 58492, 61813]",48957,0,-4.0,-2.0,2.0,5,1,1,0
wavmark,8,1024,222,english:1624,0,mean,"[12916, 23343, 40824, 41621, 48579, 57156, 58492, 61813]",48437,0,-4.0,-2.0,2.0,9,1,1,1
wavmark,8,4096,222,english:1624,0,mean,"[12916, 23343, 40824, 41621, 48579, 57156, 58492, 61813]",49021,0,-4.0,-1.0,3.0,54,1,1,1
wavmark,8,16384,222,english:1624,0,mean,"[12916, 23343, 40824, 41621, 48579, 57156, 58492, 61813]",49015,0,-4.0,-1.0,3.0,183,1,1,1
wavmark,8,65536,222,english:1624,0,mean,"[12916, 23343, 40824, 41621, 48579, 57156, 58492, 61813]",49013,0,-4.0,-0.0,4.0,698,1,1,1
wavmark,8,256,222,english:1624,0,fwp,"[12916, 23343, 40824, 41621, 48579, 57156, 58492, 61813]",47519,0,-4.0,-3.0,1.0,2,1,1,0
wavmark,8,1024,222,english:1624,0,fwp,"[12916, 23343, 40824, 41621, 48579, 57156, 58492, 61813]",48639,0,-4.0,-0.0,4.0,13,1,1,1
wavmark,8,4096,222,english:1624,0,fwp,"[12916, 23343, 40824, 41621, 48579, 57156, 58492, 61813]",48630,0,-4.0,-2.0,2.0,39,1,1,1
wavmark,8,16384,222,english:1624,0,fwp,"[12916, 23343, 40824, 41621, 48579, 57156, 58492, 61813]",65023,0,-4.0,-1.0,3.0,176,1,1,1
wavmark,8,65536,222,english:1624,0,fwp,"[12916, 23343, 40824, 41621, 48579, 57156, 58492, 61813]",48639,0,-4.0,-0.0,4.0,698,1,1,1
wavmark,8,256,223,english:1624,1,mean,"[10755, 12545, 27672, 32088, 38974, 55667, 59534, 59712]",63538,0,-4.0,-3.0,1.0,4,1,1,1
wavmark,8,1024,223,english:1624,1,mean,"[10755, 12545, 27672, 32088, 38974, 55667, 59534, 59712]",64266,0,-4.0,-2.0,2.0,8,1,1,1
wavmark,8,4096,223,english:1624,1,mean,"[10755, 12545, 27672, 32088, 38974, 55667, 59534, 59712]",64792,0,-4.0,-2.0,2.0,32,1,1,1
wavmark,8,16384,223,english:1624,1,mean,"[10755, 12545, 27672, 32088, 38974, 55667, 59534, 59712]",63802,0,-4.0,-1.0,3.0,182,1,1,1
wavmark,8,65536,223,english:1624,1,mean,"[10755, 12545, 27672, 32088, 38974, 55667, 59534, 59712]",63770,0,-4.0,-0.0,4.0,698,1,1,1
wavmark,8,256,223,english:1624,1,fwp,"[10755, 12545, 27672, 32088, 38974, 55667, 59534, 59712]",55806,0,-3.0,-3.0,0.0,1,1,0,0
wavmark,8,1024,223,english:1624,1,fwp,"[10755, 12545, 27672, 32088, 38974, 55667, 59534, 59712]",47994,0,-3.0,-2.0,1.0,5,1,1,1
wavmark,8,4096,223,english:1624,1,fwp,"[10755, 12545, 27672, 32088, 38974, 55667, 59534, 59712]",45438,0,-3.0,-1.0,2.0,8,1,1,1
wavmark,8,16384,223,english:1624,1,fwp,"[10755, 12545, 27672, 32088, 38974, 55667, 59534, 59712]",63870,0,-3.0,-1.0,2.0,26,1,1,1
wavmark,8,65536,223,english:1624,1,fwp,"[10755, 12545, 27672, 32088, 38974, 55667, 59534, 59712]",47486,0,-3.0,-0.0,3.0,138,1,1,1
wavmark,8,256,224,english:1624,2,mean,"[28859, 29961, 37180, 40814, 42720, 44499, 62441, 63728]",32217,0,-4.0,-3.0,1.0,2,1,1,1
wavmark,8,1024,224,english:1624,2,mean,"[28859, 29961, 37180, 40814, 42720, 44499, 62441, 63728]",62969,0,-4.0,-2.0,2.0,15,1,1,1
wavmark,8,4096,224,english:1624,2,mean,"[28859, 29961, 37180, 40814, 42720, 44499, 62441, 63728]",65016,0,-4.0,-2.0,2.0,50,1,1,1
wavmark,8,16384,224,english:1624,2,mean,"[28859, 29961, 37180, 40814, 42720, 44499, 62441, 63728]",48505,0,-4.0,-1.0,3.0,178,1,1,1
wavmark,8,65536,224,english:1624,2,mean,"[28859, 29961, 37180, 40814, 42720, 44499, 62441, 63728]",48633,0,-4.0,-0.0,4.0,698,1,1,1
wavmark,8,256,224,english:1624,2,fwp,"[28859, 29961, 37180, 40814, 42720, 44499, 62441, 63728]",47543,0,-5.0,-2.0,3.0,10,1,1,1
wavmark,8,1024,224,english:1624,2,fwp,"[28859, 29961, 37180, 40814, 42720, 44499, 62441, 63728]",44475,0,-5.0,-2.0,3.0,44,1,1,1
wavmark,8,4096,224,english:1624,2,fwp,"[28859, 29961, 37180, 40814, 42720, 44499, 62441, 63728]",48543,0,-5.0,-1.0,4.0,157,1,1,1
wavmark,8,16384,224,english:1624,2,fwp,"[28859, 29961, 37180, 40814, 42720, 44499, 62441, 63728]",48543,0,-5.0,-1.0,4.0,597,1,1,1
wavmark,8,65536,224,english:1624,2,fwp,"[28859, 29961, 37180, 40814, 42720, 44499, 62441, 63728]",48575,0,-5.0,-0.0,5.0,2518,1,1,1
wavmark,8,256,225,english:163,0,mean,"[3083, 9102, 10475, 12703, 26557, 37940, 46761, 58666]",44477,0,-3.0,-3.0,0.0,1,1,0,0
wavmark,8,1024,225,english:163,0,mean,"[3083, 9102, 10475, 12703, 26557, 37940, 46761, 58666]",9375,0,-3.0,-2.0,1.0,3,1,1,1
wavmark,8,4096,225,english:163,0,mean,"[3083, 9102, 10475, 12703, 26557, 37940, 46761, 58666]",1471,0,-3.0,-1.0,2.0,13,1,1,1
wavmark,8,16384,225,english:163,0,mean,"[3083, 9102, 10475, 12703, 26557, 37940, 46761, 58666]",9663,0,-3.0,-0.0,3.0,38,1,1,1
wavmark,8,65536,225,english:163,0,mean,"[3083, 9102, 10475, 12703, 26557, 37940, 46761, 58666]",9663,0,-3.0,-0.0,3.0,138,1,1,1
wavmark,8,256,225,english:163,0,fwp,"[3083, 9102, 10475, 12703, 26557, 37940, 46761, 58666]",8127,0,-3.0,-2.0,1.0,2,1,1,0
wavmark,8,1024,225,english:163,0,fwp,"[3083, 9102, 10475, 12703, 26557, 37940, 46761, 58666]",3519,0,-3.0,-2.0,1.0,2,1,1,1
wavmark,8,4096,225,english:163,0,fwp,"[3083, 9102, 10475, 12703, 26557, 37940, 46761, 58666]",12287,0,-3.0,-1.0,2.0,13,1,1,1
wavmark,8,16384,225,english:163,0,fwp,"[3083, 9102, 10475, 12703, 26557, 37940, 46761, 58666]",12223,0,-3.0,-0.0,3.0,38,1,1,1
wavmark,8,65536,225,english:163,0,fwp,"[3083, 9102, 10475, 12703, 26557, 37940, 46761, 58666]",12223,0,-3.0,-0.0,3.0,138,1,1,1
wavmark,8,256,226,english:163,1,mean,"[3189, 8072, 14288, 33862, 51172, 60454, 64813, 64931]",48492,0,-5.0,-2.0,3.0,19,1,1,1
wavmark,8,1024,226,english:163,1,mean,"[3189, 8072, 14288, 33862, 51172, 60454, 64813, 64931]",64996,0,-5.0,-1.0,4.0,43,1,1,1
wavmark,8,4096,226,english:163,1,mean,"[3189, 8072, 14288, 33862, 51172, 60454, 64813, 64931]",48580,0,-5.0,-1.0,4.0,162,1,1,1
wavmark,8,16384,226,english:163,1,mean,"[3189, 8072, 14288, 33862, 51172, 60454, 64813, 64931]",48484,0,-5.0,-1.0,4.0,645,1,1,1
wavmark,8,65536,226,english:163,1,mean,"[3189, 8072, 14288, 33862, 51172, 60454, 64813, 64931]",48612,0,-5.0,-0.0,5.0,2518,1,1,1
wavmark,8,256,226,english:163,1,fwp,"[3189, 8072, 14288, 33862, 51172, 60454, 64813, 64931]",65382,0,-5.0,-3.0,2.0,7,1,1,1
wavmark,8,1024,226,english:163,1,fwp,"[3189, 8072, 14288, 33862, 51172, 60454, 64813, 64931]",49140,0,-5.0,-1.0,4.0,46,1,1,1
wavmark,8,4096,226,english:163,1,fwp,"[3189, 8072, 14288, 33862, 51172, 60454, 64813, 64931]",49150,0,-5.0,-1.0,4.0,162,1,1,1
wavmark,8,16384,226,english:163,1,fwp,"[3189, 8072, 14288, 33862, 51172, 60454, 64813, 64931]",49126,0,-5.0,-1.0,4.0,592,1,1,1
wavmark,8,65536,226,english:163,1,fwp,"[3189, 8072, 14288, 33862, 51172, 60454, 64813, 64931]",49142,0,-5.0,-0.0,5.0,2518,1,1,1
wavmark,8,256,227,english:163,2,mean,"[467, 5041, 28904, 29262, 37061, 47971, 51789, 52776]",57065,0,-4.0,-3.0,1.0,9,1,1,1
wavmark,8,1024,227,english:163,2,mean,"[467, 5041, 28904, 29262, 37061, 47971, 51789, 52776]",47853,0,-4.0,-1.0,3.0,7,1,1,1
wavmark,8,4096,227,english:163,2,mean,"[467, 5041, 28904, 29262, 37061, 47971, 51789, 52776]",47848,0,-4.0,-1.0,3.0,39,1,1,1
wavmark,8,16384,227,english:163,2,mean,"[467, 5041, 28904, 29262, 37061, 47971, 51789, 52776]",47849,0,-4.0,-0.0,4.0,167,1,1,1
wavmark,8,65536,227,english:163,2,mean,"[467, 5041, 28904, 29262, 37061, 47971, 51789, 52776]",47849,0,-4.0,-0.0,4.0,698,1,1,1
wavmark,8,256,227,english:163,2,fwp,"[467, 5041, 28904, 29262, 37061, 47971, 51789, 52776]",43515,0,-6.0,-3.0,3.0,27,1,1,1
wavmark,8,1024,227,english:163,2,fwp,"[467, 5041, 28904, 29262, 37061, 47971, 51789, 52776]",52667,0,-6.0,-3.0,3.0,104,1,1,1
wavmark,8,4096,227,english:163,2,fwp,"[467, 5041, 28904, 29262, 37061, 47971, 51789, 52776]",36863,0,-6.0,-1.0,5.0,440,1,1,1
wavmark,8,16384,227,english:163,2,fwp,"[467, 5041, 28904, 29262, 37061, 47971, 51789, 52776]",36851,0,-6.0,-1.0,5.0,1745,1,1,1
wavmark,8,65536,227,english:163,2,fwp,"[467, 5041, 28904, 29262, 37061, 47971, 51789, 52776]",36859,0,-6.0,-0.0,6.0,6886,1,1,1
wavmark,8,256,228,english:1723,0,mean,"[1382, 4186, 15919, 22080, 39900, 49124, 58756, 62790]",62790,1,-2.0,-3.0,-1.0,1,0,0,0
wavmark,8,1024,228,english:1723,0,mean,"[1382, 4186, 15919, 22080, 39900, 49124, 58756, 62790]",62790,1,-2.0,-2.0,0.0,1,0,0,0
wavmark,8,4096,228,english:1723,0,mean,"[1382, 4186, 15919, 22080, 39900, 49124, 58756, 62790]",62790,1,-2.0,-2.0,0.0,1,0,0,0
wavmark,8,16384,228,english:1723,0,mean,"[1382, 4186, 15919, 22080, 39900, 49124, 58756, 62790]",46950,0,-2.0,-1.0,1.0,4,1,1,0
wavmark,8,65536,228,english:1723,0,mean,"[1382, 4186, 15919, 22080, 39900, 49124, 58756, 62790]",46918,0,-2.0,-0.0,2.0,18,1,1,1
wavmark,8,256,228,english:1723,0,fwp,"[1382, 4186, 15919, 22080, 39900, 49124, 58756, 62790]",62790,1,-3.0,-3.0,0.0,1,0,0,0
wavmark,8,1024,228,english:1723,0,fwp,"[1382, 4186, 15919, 22080, 39900, 49124, 58756, 62790]",62958,0,-3.0,-2.0,1.0,4,1,1,0
wavmark,8,4096,228,english:1723,0,fwp,"[1382, 4186, 15919, 22080, 39900, 49124, 58756, 62790]",64990,0,-3.0,-1.0,2.0,10,1,1,1
wavmark,8,16384,228,english:1723,0,fwp,"[1382, 4186, 15919, 22080, 39900, 49124, 58756, 62790]",64990,0,-3.0,-1.0,2.0,31,1,1,1
wavmark,8,65536,228,english:1723,0,fwp,"[1382, 4186, 15919, 22080, 39900, 49124, 58756, 62790]",62942,0,-3.0,-0.0,3.0,138,1,1,1
wavmark,8,256,229,english:1723,1,mean,"[20356, 22048, 26204, 40174, 45372, 59404, 60951, 60977]",58941,0,-3.0,-2.0,1.0,2,1,0,0
wavmark,8,1024,229,english:1723,1,mean,"[20356, 22048, 26204, 40174, 45372, 59404, 60951, 60977]",65072,0,-3.0,-3.0,0.0,1,1,0,0
wavmark,8,4096,229,english:1723,1,mean,"[20356, 22048, 26204, 40174, 45372, 59404, 60951, 60977]",65084,0,-3.0,-1.0,2.0,8,1,1,1
wavmark,8,16384,229,english:1723,1,mean,"[20356, 22048, 26204, 40174, 45372, 59404, 60951, 60977]",61116,0,-3.0,-1.0,2.0,33,1,1,1
wavmark,8,65536,229,english:1723,1,mean,"[20356, 22048, 26204, 40174, 45372, 59404, 60951, 60977]",60988,0,-3.0,-0.0,3.0,138,1,1,1
wavmark,8,256,229,english:1723,1,fwp,"[20356, 22048, 26204, 40174, 45372, 59404, 60951, 60977]",49148,0,-4.0,-1.0,3.0,3,1,1,0
wavmark,8,1024,229,english:1723,1,fwp,"[20356, 22048, 26204, 40174, 45372, 59404, 60951, 60977]",49060,0,-4.0,-2.0,2.0,14,1,1,1
wavmark,8,4096,229,english:1723,1,fwp,"[20356, 22048, 26204, 40174, 45372, 59404, 60951, 60977]",40892,0,-4.0,-1.0,3.0,39,1,1,1
wavmark,8,16384,229,english:1723,1,fwp,"[20356, 22048, 26204, 40174, 45372, 59404, 60951, 60977]",49084,0,-4.0,-0.0,4.0,171,1,1,1
wavmark,8,65536,229,english:1723,1,fwp,"[20356, 22048, 26204, 40174, 45372, 59404, 60951, 60977]",49084,0,-4.0,-0.0,4.0,698,1,1,1
wavmark,8,256,230,english:1723,2,mean,"[21248, 24807, 30239, 32957, 38185, 41011, 48678, 53821]",53823,0,-3.0,-3.0,0.0,1,1,1,0
wavmark,8,1024,230,english:1723,2,mean,"[21248, 24807, 30239, 32957, 38185, 41011, 48678, 53821]",63023,0,-3.0,-2.0,1.0,2,1,1,1
wavmark,8,4096,230,english:1723,2,mean,"[21248, 24807, 30239, 32957, 38185, 41011, 48678, 53821]",63039,0,-3.0,-1.0,2.0,13,1,1,1
wavmark,8,16384,230,english:1723,2,mean,"[21248, 24807, 30239, 32957, 38185, 41011, 48678, 53821]",48703,0,-3.0,-1.0,2.0,27,1,1,1
wavmark,8,65536,230,english:1723,2,mean,"[21248, 24807, 30239, 32957, 38185, 41011, 48678, 53821]",46655,0,-3.0,-0.0,3.0,138,1,1,1
wavmark,8,256,230,english:1723,2,fwp,"[21248, 24807, 30239, 32957, 38185, 41011, 48678, 53821]",53821,1,-2.0,-3.0,-1.0,1,0,0,0
wavmark,8,1024,230,english:1723,2,fwp,"[21248, 24807, 30239, 32957, 38185, 41011, 48678, 53821]",54013,0,-2.0,-2.0,0.0,1,1,0,0
wavmark,8,4096,230,english:1723,2,fwp,"[21248, 24807, 30239, 32957, 38185, 41011, 48678, 53821]",62365,0,-2.0,-2.0,0.0,1,1,1,0
wavmark,8,16384,230,english:1723,2,fwp,"[21248, 24807, 30239, 32957, 38185, 41011, 48678, 53821]",54204,0,-2.0,-1.0,1.0,5,1,1,1
wavmark,8,65536,230,english:1723,2,fwp,"[21248, 24807, 30239, 32957, 38185, 41011, 48678, 53821]",54205,0,-2.0,-0.0,2.0,18,1,1,1
wavmark,8,256,231,english:1737,0,mean,"[8940, 20627, 38844, 41083, 51820, 55793, 61270, 62721]",62397,0,-5.0,-1.0,4.0,9,1,1,1
wavmark,8,1024,231,english:1737,0,mean,"[8940, 20627, 38844, 41083, 51820, 55793, 61270, 62721]",62421,0,-5.0,-2.0,3.0,40,1,1,1
wavmark,8,4096,231,english:1737,0,mean,"[8940, 20627, 38844, 41083, 51820, 55793, 61270, 62721]",63485,0,-5.0,-1.0,4.0,149,1,1,1
wavmark,8,16384,231,english:1737,0,mean,"[8940, 20627, 38844, 41083, 51820, 55793, 61270, 62721]",62461,0,-5.0,-0.0,5.0,619,1,1,1
wavmark,8,65536,231,english:1737,0,mean,"[8940, 20627, 38844, 41083, 51820, 55793, 61270, 62721]",62461,0,-5.0,-0.0,5.0,2518,1,1,1
wavmark,8,256,231,english:1737,0,fwp,"[8940, 20627, 38844, 41083, 51820, 55793, 61270, 62721]",38909,0,-4.0,-2.0,2.0,6,1,1,1
wavmark,8,1024,231,english:1737,0,fwp,"[8940, 20627, 38844, 41083, 51820, 55793, 61270, 62721]",49133,0,-4.0,-1.0,3.0,18,1,1,1
wavmark,8,4096,231,english:1737,0,fwp,"[8940, 20627, 38844, 41083, 51820, 55793, 61270, 62721]",63485,0,-4.0,-2.0,2.0,46,1,1,1
wavmark,8,16384,231,english:1737,0,fwp,"[8940, 20627, 38844, 41083, 51820, 55793, 61270, 62721]",47085,0,-4.0,-0.0,4.0,172,1,1,1
wavmark,8,65536,231,english:1737,0,fwp,"[8940, 20627, 38844, 41083, 51820, 55793, 61270, 62721]",47085,0,-4.0,-0.0,4.0,698,1,1,1
wavmark,8,256,232,english:1737,1,mean,"[8408, 15475, 18761, 26327, 41868, 42366, 43602, 46478]",44127,0,-3.0,-3.0,0.0,1,1,0,0
wavmark,8,1024,232,english:1737,1,mean,"[8408, 15475, 18761, 26327, 41868, 42366, 43602, 46478]",60924,0,-3.0,-3.0,0.0,1,1,1,1
wavmark,8,4096,232,english:1737,1,mean,"[8408, 15475, 18761, 26327, 41868, 42366, 43602, 46478]",44502,0,-3.0,-1.0,2.0,7,1,1,1
wavmark,8,16384,232,english:1737,1,mean,"[8408, 15475, 18761, 26327, 41868, 42366, 43602, 46478]",44506,0,-3.0,-1.0,2.0,30,1,1,1
wavmark,8,65536,232,english:1737,1,mean,"[8408, 15475, 18761, 26327, 41868, 42366, 43602, 46478]",44510,0,-3.0,-0.0,3.0,138,1,1,1
wavmark,8,256,232,english:1737,1,fwp,"[8408, 15475, 18761, 26327, 41868, 42366, 43602, 46478]",63231,0,-5.0,-3.0,2.0,7,1,1,1
wavmark,8,1024,232,english:1737,1,fwp,"[8408, 15475, 18761, 26327, 41868, 42366, 43602, 46478]",48575,0,-5.0,-2.0,3.0,34,1,1,1
wavmark,8,4096,232,english:1737,1,fwp,"[8408, 15475, 18761, 26327, 41868, 42366, 43602, 46478]",49119,0,-5.0,-1.0,4.0,147,1,1,1
wavmark,8,16384,232,english:1737,1,fwp,"[8408, 15475, 18761, 26327, 41868, 42366, 43602, 46478]",49151,0,-5.0,-0.0,5.0,627,1,1,1
wavmark,8,65536,232,english:1737,1,fwp,"[8408, 15475, 18761, 26327, 41868, 42366, 43602, 46478]",49151,0,-5.0,-0.0,5.0,2518,1,1,1
wavmark,8,256,233,english:1737,2,mean,"[990, 8890, 20481, 25266, 27733, 43657, 50085, 60086]",25266,1,-2.0,-2.0,0.0,1,0,0,0
wavmark,8,1024,233,english:1737,2,mean,"[990, 8890, 20481, 25266, 27733, 43657, 50085, 60086]",17079,0,-2.0,-1.0,1.0,2,1,0,0
wavmark,8,4096,233,english:1737,2,mean,"[990, 8890, 20481, 25266, 27733, 43657, 50085, 60086]",8887,0,-2.0,-1.0,1.0,2,1,1,1
wavmark,8,16384,233,english:1737,2,mean,"[990, 8890, 20481, 25266, 27733, 43657, 50085, 60086]",29367,0,-2.0,-1.0,1.0,4,1,1,1
wavmark,8,65536,233,english:1737,2,mean,"[990, 8890, 20481, 25266, 27733, 43657, 50085, 60086]",25271,0,-2.0,-0.0,2.0,18,1,1,1
wavmark,8,256,233,english:1737,2,fwp,"[990, 8890, 20481, 25266, 27733, 43657, 50085, 60086]",9423,0,-5.0,-3.0,2.0,11,1,1,1
wavmark,8,1024,233,english:1737,2,fwp,"[990, 8890, 20481, 25266, 27733, 43657, 50085, 60086]",44284,0,-5.0,-3.0,2.0,29,1,1,1
wavmark,8,4096,233,english:1737,2,fwp,"[990, 8890, 20481, 25266, 27733, 43657, 50085, 60086]",44286,0,-5.0,-2.0,3.0,162,1,1,1
wavmark,8,16384,233,english:1737,2,fwp,"[990, 8890, 20481, 25266, 27733, 43657, 50085, 60086]",15615,0,-5.0,-1.0,4.0,642,1,1,1
wavmark,8,65536,233,english:1737,2,fwp,"[990, 8890, 20481, 25266, 27733, 43657, 50085, 60086]",11519,0,-5.0,-0.0,5.0,2518,1,1,1
wavmark,8,256,234,english:1743,0,mean,"[2152, 10507, 11698, 24033, 49481, 57382, 59616, 61159]",59827,0,-3.0,-2.0,1.0,2,1,0,0
wavmark,8,1024,234,english:1743,0,mean,"[2152, 10507, 11698, 24033, 49481, 57382, 59616, 61159]",64482,0,-3.0,-3.0,0.0,1,1,1,0
wavmark,8,4096,234,english:1743,0,mean,"[2152, 10507, 11698, 24033, 49481, 57382, 59616, 61159]",59747,0,-3.0,-1.0,2.0,10,1,1,1
wavmark,8,16384,234,english:1743,0,mean,"[2152, 10507, 11698, 24033, 49481, 57382, 59616, 61159]",59875,0,-3.0,-0.0,3.0,27,1,1,1
wavmark,8,65536,234,english:1743,0,mean,"[2152, 10507, 11698, 24033, 49481, 57382, 59616, 61159]",59875,0,-3.0,-0.0,3.0,138,1,1,1
wavmark,8,256,234,english:1743,0,fwp,"[2152, 10507, 11698, 24033, 49481, 57382, 59616, 61159]",61159,1,-2.0,-3.0,-1.0,1,0,0,0
wavmark,8,1024,234,english:1743,0,fwp,"[2152, 10507, 11698, 24033, 49481, 57382, 59616, 61159]",61159,1,-2.0,-2.0,0.0,1,0,0,0
wavmark,8,4096,234,english:1743,0,fwp,"[2152, 10507, 11698, 24033, 49481, 57382, 59616, 61159]",61166,0,-2.0,-2.0,0.0,1,1,0,0
wavmark,8,16384,234,english:1743,0,fwp,"[2152, 10507, 11698, 24033, 49481, 57382, 59616, 61159]",44719,0,-2.0,-1.0,1.0,5,1,1,0
wavmark,8,65536,234,english:1743,0,fwp,"[2152, 10507, 11698, 24033, 49481, 57382, 59616, 61159]",44783,0,-2.0,-0.0,2.0,18,1,1,1
wavmark,8,256,235,english:1743,1,mean,"[1839, 10279, 27254, 31035, 39086, 43192, 47630, 63134]",60092,0,-3.0,-3.0,0.0,1,1,0,0
wavmark,8,1024,235,english:1743,1,mean,"[1839, 10279, 27254, 31035, 39086, 43192, 47630, 63134]",47802,0,-3.0,-1.0,2.0,2,1,1,1
wavmark,8,4096,235,english:1743,1,mean,"[1839, 10279, 27254, 31035, 39086, 43192, 47630, 63134]",47802,0,-3.0,-1.0,2.0,11,1,1,1
wavmark,8,16384,235,english:1743,1,mean,"[1839, 10279, 27254, 31035, 39086, 43192, 47630, 63134]",64190,0,-3.0,-1.0,2.0,36,1,1,1
wavmark,8,65536,235,english:1743,1,mean,"[1839, 10279, 27254, 31035, 39086, 43192, 47630, 63134]",47806,0,-3.0,-0.0,3.0,138,1,1,1
wavmark,8,256,235,english:1743,1,fwp,"[1839, 10279, 27254, 31035, 39086, 43192, 47630, 63134]",46141,0,-4.0,-3.0,1.0,2,1,1,1
wavmark,8,1024,235,english:1743,1,fwp,"[1839, 10279, 27254, 31035, 39086, 43192, 47630, 63134]",48187,0,-4.0,-2.0,2.0,15,1,1,1
wavmark,8,4096,235,english:1743,1,fwp,"[1839, 10279, 27254, 31035, 39086, 43192, 47630, 63134]",48315,0,-4.0,-1.0,3.0,56,1,1,1
wavmark,8,16384,235,english:1743,1,fwp,"[1839, 10279, 27254, 31035, 39086, 43192, 47630, 63134]",64703,0,-4.0,-1.0,3.0,177,1,1,1
wavmark,8,65536,235,english:1743,1,fwp,"[1839, 10279, 27254, 31035, 39086, 43192, 47630, 63134]",48319,0,-4.0,-0.0,4.0,698,1,1,1
wavmark,8,256,236,english:1743,2,mean,"[67, 25625, 31557, 45685, 46139, 55687, 55981, 64042]",64042,1,-3.0,-3.0,0.0,1,0,0,0
wavmark,8,1024,236,english:1743,2,mean,"[67, 25625, 31557, 45685, 46139, 55687, 55981, 64042]",62013,0,-3.0,-2.0,1.0,4,1,1,0
wavmark,8,4096,236,english:1743,2,mean,"[67, 25625, 31557, 45685, 46139, 55687, 55981, 64042]",64031,0,-3.0,-1.0,2.0,12,1,1,1
wavmark,8,16384,236,english:1743,2,mean,"[67, 25625, 31557, 45685, 46139, 55687, 55981, 64042]",64319,0,-3.0,-1.0,2.0,41,1,1,1
wavmark,8,65536,236,english:1743,2,mean,"[67, 25625, 31557, 45685, 46139, 55687, 55981, 64042]",64063,0,-3.0,-0.0,3.0,138,1,1,1
wavmark,8,256,236,english:1743,2,fwp,"[67, 25625, 31557, 45685, 46139, 55687, 55981, 64042]",32879,0,-5.0,-2.0,3.0,12,1,1,1
wavmark,8,1024,236,english:1743,2,fwp,"[67, 25625, 31557, 45685, 46139, 55687, 55981, 64042]",35023,0,-5.0,-1.0,4.0,48,1,1,1
wavmark,8,4096,236,english:1743,2,fwp,"[67, 25625, 31557, 45685, 46139, 55687, 55981, 64042]",39151,0,-5.0,-1.0,4.0,177,1,1,1
wavmark,8,16384,236,english:1743,2,fwp,"[67, 25625, 31557, 45685, 46139, 55687, 55981, 64042]",35055,0,-5.0,-0.0,5.0,623,1,1,1
wavmark,8,65536,236,english:1743,2,fwp,"[67, 25625, 31557, 45685, 46139, 55687, 55981, 64042]",35055,0,-5.0,-0.0,5.0,2518,1,1,1
wavmark,8,256,237,english:1841,0,mean,"[17968, 26584, 33645, 33828, 40369, 62133, 63615, 65385]",60287,0,-4.0,-3.0,1.0,4,1,1,0
wavmark,8,1024,237,english:1841,0,mean,"[17968, 26584, 33645, 33828, 40369, 62133, 63615, 65385]",42861,0,-4.0,-2.0,2.0,7,1,1,1
wavmark,8,4096,237,english:1841,0,mean,"[17968, 26584, 33645, 33828, 40369, 62133, 63615, 65385]",59389,0,-4.0,-1.0,3.0,40,1,1,1
wavmark,8,16384,237,english:1841,0,mean,"[17968, 26584, 33645, 33828, 40369, 62133, 63615, 65385]",59261,0,-4.0,-0.0,4.0,187,1,1,1
wavmark,8,65536,237,english:1841,0,mean,"[17968, 26584, 33645, 33828, 40369, 62133, 63615, 65385]",59261,0,-4.0,-0.0,4.0,698,1,1,1
wavmark,8,256,237,english:1841,0,fwp,"[17968, 26584, 33645, 33828, 40369, 62133, 63615, 65385]",63615,1,-2.0,-3.0,-1.0,1,0,0,0
wavmark,8,1024,237,english:1841,0,fwp,"[17968, 26584, 33645, 33828, 40369, 62133, 63615, 65385]",65406,0,-2.0,-2.0,0.0,1,1,0,0
wavmark,8,4096,237,english:1841,0,fwp,"[17968, 26584, 33645, 33828, 40369, 62133, 63615, 65385]",65119,0,-2.0,-1.0,1.0,2,1,1,1
wavmark,8,16384,237,english:1841,0,fwp,"[17968, 26584, 33645, 33828, 40369, 62133, 63615, 65385]",65143,0,-2.0,-1.0,1.0,8,1,1,1
wavmark,8,65536,237,english:1841,0,fwp,"[17968, 26584, 33645, 33828, 40369, 62133, 63615, 65385]",65151,0,-2.0,-0.0,2.0,18,1,1,1
wavmark,8,256,238,english:1841,1,mean,"[947, 3127, 9194, 9945, 14946, 23888, 36217, 61083]",4025,0,-4.0,-3.0,1.0,2,1,1,0
wavmark,8,1024,238,english:1841,1,mean,"[947, 3127, 9194, 9945, 14946, 23888, 36217, 61083]",12155,0,-4.0,-1.0,3.0,14,1,1,1
wavmark,8,4096,238,english:1841,1,mean,"[947, 3127, 9194, 9945, 14946, 23888, 36217, 61083]",45050,0,-4.0,-2.0,2.0,45,1,1,1
wavmark,8,16384,238,english:1841,1,mean,"[947, 3127, 9194, 9945, 14946, 23888, 36217, 61083]",12282,0,-4.0,-1.0,3.0,181,1,1,1
wavmark,8,65536,238,english:1841,1,mean,"[947, 3127, 9194, 9945, 14946, 23888, 36217, 61083]",12283,0,-4.0,-0.0,4.0,698,1,1,1
wavmark,8,256,238,english:1841,1,fwp,"[947, 3127, 9194, 9945, 14946, 23888, 36217, 61083]",24554,0,-5.0,-2.0,3.0,16,1,1,1
wavmark,8,1024,238,english:1841,1,fwp,"[947, 3127, 9194, 9945, 14946, 23888, 36217, 61083]",65498,0,-5.0,-2.0,3.0,28,1,1,1
wavmark,8,4096,238,english:1841,1,fwp,"[947, 3127, 9194, 9945, 14946, 23888, 36217, 61083]",32752,0,-5.0,-2.0,3.0,160,1,1,1
wavmark,8,16384,238,english:1841,1,fwp,"[947, 3127, 9194, 9945, 14946, 23888, 36217, 61083]",32762,0,-5.0,-0.0,5.0,606,1,1,1
wavmark,8,65536,238,english:1841,1,fwp,"[947, 3127, 9194, 9945, 14946, 23888, 36217, 61083]",32762,0,-5.0,-0.0,5.0,2518,1,1,1
wavmark,8,256,239,english:1841,2,mean,"[5460, 22216, 30826, 31659, 37729, 44565, 55043, 63182]",58959,0,-3.0,-3.0,0.0,1,1,0,0
wavmark,8,1024,239,english:1841,2,mean,"[5460, 22216, 30826, 31659, 37729, 44565, 55043, 63182]",59215,0,-3.0,-2.0,1.0,3,1,1,1
wavmark,8,4096,239,english:1841,2,mean,"[5460, 22216, 30826, 31659, 37729, 44565, 55043, 63182]",63307,0,-3.0,-0.0,3.0,10,1,1,1
wavmark,8,16384,239,english:1841,2,mean,"[5460, 22216, 30826, 31659, 37729, 44565, 55043, 63182]",65355,0,-3.0,-1.0,2.0,29,1,1,1
wavmark,8,65536,239,english:1841,2,mean,"[5460, 22216, 30826, 31659, 37729, 44565, 55043, 63182]",63307,0,-3.0,-0.0,3.0,138,1,1,1
wavmark,8,256,239,english:1841,2,fwp,"[5460, 22216, 30826, 31659, 37729, 44565, 55043, 63182]",44543,0,-5.0,-3.0,2.0,13,1,1,1
wavmark,8,1024,239,english:1841,2,fwp,"[5460, 22216, 30826, 31659, 37729, 44565, 55043, 63182]",16343,0,-5.0,-2.0,3.0,43,1,1,1
wavmark,8,4096,239,english:1841,2,fwp,"[5460, 22216, 30826, 31659, 37729, 44565, 55043, 63182]",16383,0,-5.0,-0.0,5.0,163,1,1,1
wavmark,8,16384,239,english:1841,2,fwp,"[5460, 22216, 30826, 31659, 37729, 44565, 55043, 63182]",16375,0,-5.0,-1.0,4.0,606,1,1,1
wavmark,8,65536,239,english:1841,2,fwp,"[5460, 22216, 30826, 31659, 37729, 44565, 55043, 63182]",16383,0,-5.0,-0.0,5.0,2518,1,1,1
wavmark,8,256,240,english:1867,0,mean,"[5118, 6159, 13770, 16230, 23844, 32658, 35537, 42502]",45014,0,-3.0,-2.0,1.0,2,1,0,0
wavmark,8,1024,240,english:1867,0,mean,"[5118, 6159, 13770, 16230, 23844, 32658, 35537, 42502]",16262,0,-3.0,-2.0,1.0,3,1,0,0
wavmark,8,4096,240,english:1867,0,mean,"[5118, 6159, 13770, 16230, 23844, 32658, 35537, 42502]",16343,0,-3.0,-1.0,2.0,14,1,1,1
wavmark,8,16384,240,english:1867,0,mean,"[5118, 6159, 13770, 16230, 23844, 32658, 35537, 42502]",16342,0,-3.0,-0.0,3.0,34,1,1,1
wavmark,8,65536,240,english:1867,0,mean,"[5118, 6159, 13770, 16230, 23844, 32658, 35537, 42502]",16342,0,-3.0,-0.0,3.0,138,1,1,1
wavmark,8,256,240,english:1867,0,fwp,"[5118, 6159, 13770, 16230, 23844, 32658, 35537, 42502]",60789,0,-5.0,-3.0,2.0,6,1,1,1
wavmark,8,1024,240,english:1867,0,fwp,"[5118, 6159, 13770, 16230, 23844, 32658, 35537, 42502]",48509,0,-5.0,-2.0,3.0,44,1,1,1
wavmark,8,4096,240,english:1867,0,fwp,"[5118, 6159, 13770, 16230, 23844, 32658, 35537, 42502]",40285,0,-5.0,-2.0,3.0,142,1,1,1
wavmark,8,16384,240,english:1867,0,fwp,"[5118, 6159, 13770, 16230, 23844, 32658, 35537, 42502]",40309,0,-5.0,-0.0,5.0,636,1,1,1
wavmark,8,65536,240,english:1867,0,fwp,"[5118, 6159, 13770, 16230, 23844, 32658, 35537, 42502]",40309,0,-5.0,-0.0,5.0,2518,1,1,1
wavmark,8,256,241,english:1867,1,mean,"[26185, 33842, 36538, 39034, 43639, 52760, 58289, 63278]",44670,0,-2.0,-2.0,0.0,1,1,0,0
wavmark,8,1024,241,english:1867,1,mean,"[26185, 33842, 36538, 39034, 43639, 52760, 58289, 63278]",44862,0,-2.0,-2.0,0.0,1,1,0,0
wavmark,8,4096,241,english:1867,1,mean,"[26185, 33842, 36538, 39034, 43639, 52760, 58289, 63278]",44602,0,-2.0,-0.0,2.0,3,1,1,1
wavmark,8,16384,241,english:1867,1,mean,"[26185, 33842, 36538, 39034, 43639, 52760, 58289, 63278]",44603,0,-2.0,-1.0,1.0,5,1,1,1
wavmark,8,65536,241,english:1867,1,mean,"[26185, 33842, 36538, 39034, 43639, 52760, 58289, 63278]",44602,0,-2.0,-0.0,2.0,18,1,1,1
wavmark,8,256,241,english:1867,1,fwp,"[26185, 33842, 36538, 39034, 43639, 52760, 58289, 63278]",62451,0,-5.0,-3.0,2.0,9,1,1,1
wavmark,8,1024,241,english:1867,1,fwp,"[26185, 33842, 36538, 39034, 43639, 52760, 58289, 63278]",48089,0,-5.0,-2.0,3.0,36,1,1,1
wavmark,8,4096,241,english:1867,1,fwp,"[26185, 33842, 36538, 39034, 43639, 52760, 58289, 63278]",49083,0,-5.0,-2.0,3.0,147,1,1,1
wavmark,8,16384,241,english:1867,1,fwp,"[26185, 33842, 36538, 39034, 43639, 52760, 58289, 63278]",49147,0,-5.0,-1.0,4.0,597,1,1,1
wavmark,8,65536,241,english:1867,1,fwp,"[26185, 33842, 36538, 39034, 43639, 52760, 58289, 63278]",48123,0,-5.0,-0.0,5.0,2518,1,1,1
wavmark,8,256,242,english:1867,2,mean,"[8816, 16428, 20462, 24404, 34870, 39198, 46663, 54293]",38516,0,-4.0,-2.0,2.0,6,1,1,1
wavmark,8,1024,242,english:1867,2,mean,"[8816, 16428, 20462, 24404, 34870, 39198, 46663, 54293]",56446,0,-4.0,-3.0,1.0,10,1,1,1
wavmark,8,4096,242,english:1867,2,mean,"[8816, 16428, 20462, 24404, 34870, 39198, 46663, 54293]",40562,0,-4.0,-1.0,3.0,46,1,1,1
wavmark,8,16384,242,english:1867,2,mean,"[8816, 16428, 20462, 24404, 34870, 39198, 46663, 54293]",40054,0,-4.0,-1.0,3.0,168,1,1,1
wavmark,8,65536,242,english:1867,2,mean,"[8816, 16428, 20462, 24404, 34870, 39198, 46663, 54293]",40566,0,-4.0,-0.0,4.0,698,1,1,1
wavmark,8,256,242,english:1867,2,fwp,"[8816, 16428, 20462, 24404, 34870, 39198, 46663, 54293]",46767,0,-2.0,-2.0,0.0,1,1,0,0
wavmark,8,1024,242,english:1867,2,fwp,"[8816, 16428, 20462, 24404, 34870, 39198, 46663, 54293]",46663,1,-2.0,-2.0,0.0,1,0,0,0
wavmark,8,4096,242,english:1867,2,fwp,"[8816, 16428, 20462, 24404, 34870, 39198, 46663, 54293]",46959,0,-2.0,-1.0,1.0,3,1,0,0
wavmark,8,16384,242,english:1867,2,fwp,"[8816, 16428, 20462, 24404, 34870, 39198, 46663, 54293]",63087,0,-2.0,-1.0,1.0,5,1,1,1
wavmark,8,65536,242,english:1867,2,fwp,"[8816, 16428, 20462, 24404, 34870, 39198, 46663, 54293]",46703,0,-2.0,-0.0,2.0,18,1,1,1
wavmark,8,256,243,english:1898,0,mean,"[1564, 4443, 6750, 13943, 18689, 19976, 44169, 56279]",6750,1,-3.0,-3.0,0.0,1,0,0,0
wavmark,8,1024,243,english:1898,0,mean,"[1564, 4443, 6750, 13943, 18689, 19976, 44169, 56279]",11867,0,-3.0,-2.0,1.0,4,1,1,1
wavmark,8,4096,243,english:1898,0,mean,"[1564, 4443, 6750, 13943, 18689, 19976, 44169, 56279]",24159,0,-3.0,-2.0,1.0,9,1,1,1
wavmark,8,16384,243,english:1898,0,mean,"[1564, 4443, 6750, 13943, 18689, 19976, 44169, 56279]",3679,0,-3.0,-0.0,3.0,23,1,1,1
wavmark,8,65536,243,english:1898,0,mean,"[1564, 4443, 6750, 13943, 18689, 19976, 44169, 56279]",3679,0,-3.0,-0.0,3.0,138,1,1,1
wavmark,8,256,243,english:1898,0,fwp,"[1564, 4443, 6750, 13943, 18689, 19976, 44169, 56279]",3399,0,-4.0,-3.0,1.0,2,1,0,0
wavmark,8,1024,243,english:1898,0,fwp,"[1564, 4443, 6750, 13943, 18689, 19976, 44169, 56279]",28023,0,-4.0,-1.0,3.0,8,1,1,1
wavmark,8,4096,243,english:1898,0,fwp,"[1564, 4443, 6750, 13943, 18689, 19976, 44169, 56279]",28007,0,-4.0,-2.0,2.0,41,1,1,1
wavmark,8,16384,243,english:1898,0,fwp,"[1564, 4443, 6750, 13943, 18689, 19976, 44169, 56279]",44407,0,-4.0,-1.0,3.0,172,1,1,1
wavmark,8,65536,243,english:1898,0,fwp,"[1564, 4443, 6750, 13943, 18689, 19976, 44169, 56279]",11639,0,-4.0,-0.0,4.0,698,1,1,1
wavmark,8,256,244,english:1898,1,mean,"[12492, 14204, 23787, 24128, 57119, 61065, 62962, 63578]",63578,1,-3.0,-3.0,0.0,1,0,0,0
wavmark,8,1024,244,english:1898,1,mean,"[12492, 14204, 23787, 24128, 57119, 61065, 62962, 63578]",63226,0,-3.0,-2.0,1.0,3,1,1,0
wavmark,8,4096,244,english:1898,1,mean,"[12492, 14204, 23787, 24128, 57119, 61065, 62962, 63578]",65118,0,-3.0,-2.0,1.0,9,1,1,1
wavmark,8,16384,244,english:1898,1,mean,"[12492, 14204, 23787, 24128, 57119, 61065, 62962, 63578]",65242,0,-3.0,-0.0,3.0,33,1,1,1
wavmark,8,65536,244,english:1898,1,mean,"[12492, 14204, 23787, 24128, 57119, 61065, 62962, 63578]",65242,0,-3.0,-0.0,3.0,138,1,1,1
wavmark,8,256,244,english:1898,1,fwp,"[12492, 14204, 23787, 24128, 57119, 61065, 62962, 63578]",48127,0,-4.0,-2.0,2.0,4,1,1,0
wavmark,8,1024,244,english:1898,1,fwp,"[12492, 14204, 23787, 24128, 57119, 61065, 62962, 63578]",48127,0,-4.0,-2.0,2.0,5,1,1,1
wavmark,8,4096,244,english:1898,1,fwp,"[12492, 14204, 23787, 24128, 57119, 61065, 62962, 63578]",48990,0,-4.0,-2.0,2.0,38,1,1,1
wavmark,8,16384,244,english:1898,1,fwp,"[12492, 14204, 23787, 24128, 57119, 61065, 62962, 63578]",49119,0,-4.0,-0.0,4.0,185,1,1,1
wavmark,8,65536,244,english:1898,1,fwp,"[12492, 14204, 23787, 24128, 57119, 61065, 62962, 63578]",49119,0,-4.0,-0.0,4.0,698,1,1,1
wavmark,8,256,245,english:1898,2,mean,"[2849, 24196, 39070, 49074, 49308, 53504, 60488, 60828]",60828,1,-0.0,-3.0,-3.0,1,0,0,0
wavmark,8,1024,245,english:1898,2,mean,"[2849, 24196, 39070, 49074, 49308, 53504, 60488, 60828]",60828,1,-0.0,-2.0,-2.0,1,0,0,0
wavmark,8,4096,245,english:1898,2,mean,"[2849, 24196, 39070, 49074, 49308, 53504, 60488, 60828]",60828,1,-0.0,-2.0,-2.0,1,0,0,0
wavmark,8,16384,245,english:1898,2,mean,"[2849, 24196, 39070, 49074, 49308, 53504, 60488, 60828]",60828,1,-0.0,-1.0,-1.0,1,0,0,0
wavmark,8,65536,245,english:1898,2,mean,"[2849, 24196, 39070, 49074, 49308, 53504, 60488, 60828]",60828,1,-0.0,-1.0,-1.0,1,0,0,0
wavmark,8,256,245,english:1898,2,fwp,"[2849, 24196, 39070, 49074, 49308, 53504, 60488, 60828]",49079,0,-3.0,-3.0,0.0,1,1,0,0
wavmark,8,1024,245,english:1898,2,fwp,"[2849, 24196, 39070, 49074, 49308, 53504, 60488, 60828]",61438,0,-3.0,-2.0,1.0,4,1,1,1
wavmark,8,4096,245,english:1898,2,fwp,"[2849, 24196, 39070, 49074, 49308, 53504, 60488, 60828]",61374,0,-3.0,-1.0,2.0,12,1,1,1
wavmark,8,16384,245,english:1898,2,fwp,"[2849, 24196, 39070, 49074, 49308, 53504, 60488, 60828]",44991,0,-3.0,-1.0,2.0,30,1,1,1
wavmark,8,65536,245,english:1898,2,fwp,"[2849, 24196, 39070, 49074, 49308, 53504, 60488, 60828]",44990,0,-3.0,-0.0,3.0,138,1,1,1
wavmark,8,256,246,english:19,0,mean,"[7002, 11373, 37360, 39263, 57225, 59224, 60657, 63400]",64489,0,-5.0,-3.0,2.0,6,1,1,1
wavmark,8,1024,246,english:19,0,mean,"[7002, 11373, 37360, 39263, 57225, 59224, 60657, 63400]",49017,0,-5.0,-1.0,4.0,37,1,1,1
wavmark,8,4096,246,english:19,0,mean,"[7002, 11373, 37360, 39263, 57225, 59224, 60657, 63400]",64505,0,-5.0,-2.0,3.0,156,1,1,1
wavmark,8,16384,246,english:19,0,mean,"[7002, 11373, 37360, 39263, 57225, 59224, 60657, 63400]",49145,0,-5.0,-0.0,5.0,655,1,1,1
wavmark,8,65536,246,english:19,0,mean,"[7002, 11373, 37360, 39263, 57225, 59224, 60657, 63400]",49145,0,-5.0,-0.0,5.0,2518,1,1,1
wavmark,8,256,246,english:19,0,fwp,"[7002, 11373, 37360, 39263, 57225, 59224, 60657, 63400]",58874,0,-5.0,-4.0,1.0,5,1,1,1
wavmark,8,1024,246,english:19,0,fwp,"[7002, 11373, 37360, 39263, 57225, 59224, 60657, 63400]",65515,0,-5.0,-3.0,2.0,40,1,1,1
wavmark,8,4096,246,english:19,0,fwp,"[7002, 11373, 37360, 39263, 57225, 59224, 60657, 63400]",61403,0,-5.0,-2.0,3.0,165,1,1,1
wavmark,8,16384,246,english:19,0,fwp,"[7002, 11373, 37360, 39263, 57225, 59224, 60657, 63400]",45051,0,-5.0,-0.0,5.0,641,1,1,1
wavmark,8,65536,246,english:19,0,fwp,"[7002, 11373, 37360, 39263, 57225, 59224, 60657, 63400]",45051,0,-5.0,-0.0,5.0,2518,1,1,1
wavmark,8,256,247,english:19,1,mean,"[740, 38425, 40893, 41446, 49036, 51418, 52614, 54423]",49036,1,-3.0,-3.0,0.0,1,0,0,0
wavmark,8,1024,247,english:19,1,mean,"[740, 38425, 40893, 41446, 49036, 51418, 52614, 54423]",7966,0,-3.0,-2.0,1.0,2,1,1,0
wavmark,8,4096,247,english:19,1,mean,"[740, 38425, 40893, 41446, 49036, 51418, 52614, 54423]",40862,0,-3.0,-0.0,3.0,14,1,1,1
wavmark,8,16384,247,english:19,1,mean,"[740, 38425, 40893, 41446, 49036, 51418, 52614, 54423]",40862,0,-3.0,-0.0,3.0,33,1,1,1
wavmark,8,65536,247,english:19,1,mean,"[740, 38425, 40893, 41446, 49036, 51418, 52614, 54423]",40862,0,-3.0,-0.0,3.0,138,1,1,1
wavmark,8,256,247,english:19,1,fwp,"[740, 38425, 40893, 41446, 49036, 51418, 52614, 54423]",63151,0,-3.0,-3.0,0.0,1,1,1,0
wavmark,8,1024,247,english:19,1,fwp,"[740, 38425, 40893, 41446, 49036, 51418, 52614, 54423]",47031,0,-3.0,-1.0,2.0,4,1,1,1
wavmark,8,4096,247,english:19,1,fwp,"[740, 38425, 40893, 41446, 49036, 51418, 52614, 54423]",46775,0,-3.0,-2.0,1.0,5,1,1,1
wavmark,8,16384,247,english:19,1,fwp,"[740, 38425, 40893, 41446, 49036, 51418, 52614, 54423]",47039,0,-3.0,-0.0,3.0,25,1,1,1
wavmark,8,65536,247,english:19,1,fwp,"[740, 38425, 40893, 41446, 49036, 51418, 52614, 54423]",47039,0,-3.0,-0.0,3.0,138,1,1,1
wavmark,8,256,248,english:19,2,mean,"[12949, 14349, 16299, 19954, 33342, 33541, 37340, 64282]",16287,0,-4.0,-1.0,3.0,5,1,1,1
wavmark,8,1024,248,english:19,2,mean,"[12949, 14349, 16299, 19954, 33342, 33541, 37340, 64282]",15135,0,-4.0,-1.0,3.0,12,1,1,1
wavmark,8,4096,248,english:19,2,mean,"[12949, 14349, 16299, 19954, 33342, 33541, 37340, 64282]",15261,0,-4.0,-1.0,3.0,41,1,1,1
wavmark,8,16384,248,english:19,2,mean,"[12949, 14349, 16299, 19954, 33342, 33541, 37340, 64282]",48031,0,-4.0,-1.0,3.0,183,1,1,1
wavmark,8,65536,248,english:19,2,mean,"[12949, 14349, 16299, 19954, 33342, 33541, 37340, 64282]",15263,0,-4.0,-0.0,4.0,698,1,1,1
wavmark,8,256,248,english:19,2,fwp,"[12949, 14349, 16299, 19954, 33342, 33541, 37340, 64282]",16287,0,-4.0,-3.0,1.0,2,1,1,0
wavmark,8,1024,248,english:19,2,fwp,"[12949, 14349, 16299, 19954, 33342, 33541, 37340, 64282]",11581,0,-4.0,-2.0,2.0,14,1,1,1
wavmark,8,4096,248,english:19,2,fwp,"[12949, 14349, 16299, 19954, 33342, 33541, 37340, 64282]",44991,0,-4.0,-2.0,2.0,34,1,1,1
wavmark,8,16384,248,english:19,2,fwp,"[12949, 14349, 16299, 19954, 33342, 33541, 37340, 64282]",11695,0,-4.0,-1.0,3.0,179,1,1,1
wavmark,8,65536,248,english:19,2,fwp,"[12949, 14349, 16299, 19954, 33342, 33541, 37340, 64282]",11711,0,-4.0,-0.0,4.0,698,1,1,1
wavmark,8,256,249,english:1926,0,mean,"[780, 3064, 4838, 29009, 29996, 35236, 43686, 57096]",48040,0,-5.0,-2.0,3.0,11,1,1,1
wavmark,8,1024,249,english:1926,0,mean,"[780, 3064, 4838, 29009, 29996, 35236, 43686, 57096]",48036,0,-5.0,-2.0,3.0,45,1,1,1
wavmark,8,4096,249,english:1926,0,mean,"[780, 3064, 4838, 29009, 29996, 35236, 43686, 57096]",15272,0,-5.0,-1.0,4.0,141,1,1,1
wavmark,8,16384,249,english:1926,0,mean,"[780, 3064, 4838, 29009, 29996, 35236, 43686, 57096]",15148,0,-5.0,-1.0,4.0,625,1,1,1
wavmark,8,65536,249,english:1926,0,mean,"[780, 3064, 4838, 29009, 29996, 35236, 43686, 57096]",15276,0,-5.0,-0.0,5.0,2518,1,1,1
wavmark,8,256,249,english:1926,0,fwp,"[780, 3064, 4838, 29009, 29996, 35236, 43686, 57096]",49119,0,-5.0,-3.0,2.0,8,1,1,1
wavmark,8,1024,249,english:1926,0,fwp,"[780, 3064, 4838, 29009, 29996, 35236, 43686, 57096]",39927,0,-5.0,-1.0,4.0,32,1,1,1
wavmark,8,4096,249,english:1926,0,fwp,"[780, 3064, 4838, 29009, 29996, 35236, 43686, 57096]",48127,0,-5.0,-1.0,4.0,131,1,1,1
wavmark,8,16384,249,english:1926,0,fwp,"[780, 3064, 4838, 29009, 29996, 35236, 43686, 57096]",49143,0,-5.0,-1.0,4.0,629,1,1,1
wavmark,8,65536,249,english:1926,0,fwp,"[780, 3064, 4838, 29009, 29996, 35236, 43686, 57096]",48119,0,-5.0,-0.0,5.0,2518,1,1,1
wavmark,8,256,250,english:1926,1,mean,"[22010, 24132, 24316, 31306, 33660, 50625, 56145, 59760]",56376,0,-4.0,-3.0,1.0,4,1,1,1
wavmark,8,1024,250,english:1926,1,mean,"[22010, 24132, 24316, 31306, 33660, 50625, 56145, 59760]",65394,0,-4.0,-3.0,1.0,10,1,1,1
wavmark,8,4096,250,english:1926,1,mean,"[22010, 24132, 24316, 31306, 33660, 50625, 56145, 59760]",65402,0,-4.0,-2.0,2.0,34,1,1,1
wavmark,8,16384,250,english:1926,1,mean,"[22010, 24132, 24316, 31306, 33660, 50625, 56145, 59760]",57210,0,-4.0,-1.0,3.0,176,1,1,1
wavmark,8,65536,250,english:1926,1,mean,"[22010, 24132, 24316, 31306, 33660, 50625, 56145, 59760]",57208,0,-4.0,-0.0,4.0,698,1,1,1
wavmark,8,256,250,english:1926,1,fwp,"[22010, 24132, 24316, 31306, 33660, 50625, 56145, 59760]",65099,0,-5.0,-2.0,3.0,9,1,1,1
wavmark,8,1024,250,english:1926,1,fwp,"[22010, 24132, 24316, 31306, 33660, 50625, 56145, 59760]",63467,0,-5.0,-2.0,3.0,42,1,1,1
wavmark,8,4096,250,english:1926,1,fwp,"[22010, 24132, 24316, 31306, 33660, 50625, 56145, 59760]",65499,0,-5.0,-1.0,4.0,154,1,1,1
wavmark,8,16384,250,english:1926,1,fwp,"[22010, 24132, 24316, 31306, 33660, 50625, 56145, 59760]",65515,0,-5.0,-1.0,4.0,642,1,1,1
wavmark,8,65536,250,english:1926,1,fwp,"[22010, 24132, 24316, 31306, 33660, 50625, 56145, 59760]",65483,0,-5.0,-0.0,5.0,2518,1,1,1
wavmark,8,256,251,english:1926,2,mean,"[16074, 16138, 28305, 29358, 31829, 35068, 40458, 64205]",32410,0,-3.0,-2.0,1.0,2,1,1,0
wavmark,8,1024,251,english:1926,2,mean,"[16074, 16138, 28305, 29358, 31829, 35068, 40458, 64205]",32382,0,-3.0,-2.0,1.0,2,1,1,1
wavmark,8,4096,251,english:1926,2,mean,"[16074, 16138, 28305, 29358, 31829, 35068, 40458, 64205]",32348,0,-3.0,-2.0,1.0,6,1,1,1
wavmark,8,16384,251,english:1926,2,mean,"[16074, 16138, 28305, 29358, 31829, 35068, 40458, 64205]",32734,0,-3.0,-1.0,2.0,24,1,1,1
wavmark,8,65536,251,english:1926,2,mean,"[16074, 16138, 28305, 29358, 31829, 35068, 40458, 64205]",32478,0,-3.0,-0.0,3.0,138,1,1,1
wavmark,8,256,251,english:1926,2,fwp,"[16074, 16138, 28305, 29358, 31829, 35068, 40458, 64205]",65532,0,-6.0,-4.0,2.0,27,1,1,1
wavmark,8,1024,251,english:1926,2,fwp,"[16074, 16138, 28305, 29358, 31829, 35068, 40458, 64205]",44222,0,-6.0,-2.0,4.0,103,1,1,1
wavmark,8,4096,251,english:1926,2,fwp,"[16074, 16138, 28305, 29358, 31829, 35068, 40458, 64205]",49070,0,-6.0,-2.0,4.0,457,1,1,1
wavmark,8,16384,251,english:1926,2,fwp,"[16074, 16138, 28305, 29358, 31829, 35068, 40458, 64205]",44982,0,-6.0,-1.0,5.0,1649,1,1,1
wavmark,8,65536,251,english:1926,2,fwp,"[16074, 16138, 28305, 29358, 31829, 35068, 40458, 64205]",44990,0,-6.0,-0.0,6.0,6886,1,1,1
wavmark,8,256,252,english:196,0,mean,"[7971, 13903, 14430, 40125, 60125, 60909, 61235, 63796]",49148,0,-5.0,-3.0,2.0,12,1,1,1
wavmark,8,1024,252,english:196,0,mean,"[7971, 13903, 14430, 40125, 60125, 60909, 61235, 63796]",48510,0,-5.0,-2.0,3.0,39,1,1,1
wavmark,8,4096,252,english:196,0,mean,"[7971, 13903, 14430, 40125, 60125, 60909, 61235, 63796]",49151,0,-5.0,-1.0,4.0,180,1,1,1
wavmark,8,16384,252,english:196,0,mean,"[7971, 13903, 14430, 40125, 60125, 60909, 61235, 63796]",47999,0,-5.0,-1.0,4.0,660,1,1,1
wavmark,8,65536,252,english:196,0,mean,"[7971, 13903, 14430, 40125, 60125, 60909, 61235, 63796]",49023,0,-5.0,-0.0,5.0,2518,1,1,1
wavmark,8,256,252,english:196,0,fwp,"[7971, 13903, 14430, 40125, 60125, 60909, 61235, 63796]",36351,0,-4.0,-2.0,2.0,6,1,1,1
wavmark,8,1024,252,english:196,0,fwp,"[7971, 13903, 14430, 40125, 60125, 60909, 61235, 63796]",61435,0,-4.0,-2.0,2.0,13,1,1,1
wavmark,8,4096,252,english:196,0,fwp,"[7971, 13903, 14430, 40125, 60125, 60909, 61235, 63796]",45055,0,-4.0,-0.0,4.0,50,1,1,1
wavmark,8,16384,252,english:196,0,fwp,"[7971, 13903, 14430, 40125, 60125, 60909, 61235, 63796]",45055,0,-4.0,-0.0,4.0,170,1,1,1
wavmark,8,65536,252,english:196,0,fwp,"[7971, 13903, 14430, 40125, 60125, 60909, 61235, 63796]",45055,0,-4.0,-0.0,4.0,698,1,1,1
wavmark,8,256,253,english:196,1,mean,"[5451, 7842, 14526, 19480, 29304, 35186, 41336, 45668]",15224,0,-3.0,-3.0,0.0,1,1,0,0
wavmark,8,1024,253,english:196,1,mean,"[5451, 7842, 14526, 19480, 29304, 35186, 41336, 45668]",39035,0,-3.0,-3.0,0.0,1,1,1,0
wavmark,8,4096,253,english:196,1,mean,"[5451, 7842, 14526, 19480, 29304, 35186, 41336, 45668]",63610,0,-3.0,-2.0,1.0,8,1,1,1
wavmark,8,16384,253,english:196,1,mean,"[5451, 7842, 14526, 19480, 29304, 35186, 41336, 45668]",14970,0,-3.0,-1.0,2.0,38,1,1,1
wavmark,8,65536,253,english:196,1,mean,"[5451, 7842, 14526, 19480, 29304, 35186, 41336, 45668]",14458,0,-3.0,-0.0,3.0,138,1,1,1
wavmark,8,256,253,english:196,1,fwp,"[5451, 7842, 14526, 19480, 29304, 35186, 41336, 45668]",53226,0,-5.0,-3.0,2.0,7,1,1,1
wavmark,8,1024,253,english:196,1,fwp,"[5451, 7842, 14526, 19480, 29304, 35186, 41336, 45668]",44922,0,-5.0,-1.0,4.0,34,1,1,1
wavmark,8,4096,253,english:196,1,fwp,"[5451, 7842, 14526, 19480, 29304, 35186, 41336, 45668]",49146,0,-5.0,-1.0,4.0,146,1,1,1
wavmark,8,16384,253,english:196,1,fwp,"[5451, 7842, 14526, 19480, 29304, 35186, 41336, 45668]",45050,0,-5.0,-0.0,5.0,651,1,1,1
wavmark,8,65536,253,english:196,1,fwp,"[5451, 7842, 14526, 19480, 29304, 35186, 41336, 45668]",45050,0,-5.0,-0.0,5.0,2518,1,1,1
wavmark,8,256,254,english:196,2,mean,"[740, 29676, 33707, 35657, 38135, 54983, 56537, 56823]",56823,1,-3.0,-3.0,0.0,1,0,0,0
wavmark,8,1024,254,english:196,2,mean,"[740, 29676, 33707, 35657, 38135, 54983, 56537, 56823]",48639,0,-3.0,-2.0,1.0,2,1,0,0
wavmark,8,4096,254,english:196,2,mean,"[740, 29676, 33707, 35657, 38135, 54983, 56537, 56823]",39935,0,-3.0,-1.0,2.0,7,1,1,1
wavmark,8,16384,254,english:196,2,mean,"[740, 29676, 33707, 35657, 38135, 54983, 56537, 56823]",40959,0,-3.0,-0.0,3.0,33,1,1,1
wavmark,8,65536,254,english:196,2,mean,"[740, 29676, 33707, 35657, 38135, 54983, 56537, 56823]",40959,0,-3.0,-0.0,3.0,138,1,1,1
wavmark,8,256,254,english:196,2,fwp,"[740, 29676, 33707, 35657, 38135, 54983, 56537, 56823]",40509,0,-5.0,-3.0,2.0,8,1,1,1
wavmark,8,1024,254,english:196,2,fwp,"[740, 29676, 33707, 35657, 38135, 54983, 56537, 56823]",51964,0,-5.0,-3.0,2.0,40,1,1,1
wavmark,8,4096,254,english:196,2,fwp,"[740, 29676, 33707, 35657, 38135, 54983, 56537, 56823]",57085,0,-5.0,-2.0,3.0,146,1,1,1
wavmark,8,16384,254,english:196,2,fwp,"[740, 29676, 33707, 35657, 38135, 54983, 56537, 56823]",36605,0,-5.0,-0.0,5.0,624,1,1,1
wavmark,8,65536,254,english:196,2,fwp,"[740, 29676, 33707, 35657, 38135, 54983, 56537, 56823]",36605,0,-5.0,-0.0,5.0,2518,1,1,1
wavmark,8,256,255,english:1963,0,mean,"[10551, 23774, 25233, 44629, 60783, 60790, 61956, 64113]",52789,0,-2.0,-2.0,0.0,1,1,0,0
wavmark,8,1024,255,english:1963,0,mean,"[10551, 23774, 25233, 44629, 60783, 60790, 61956, 64113]",44629,1,-2.0,-3.0,-1.0,1,0,0,0
wavmark,8,4096,255,english:1963,0,mean,"[10551, 23774, 25233, 44629, 60783, 60790, 61956, 64113]",65149,0,-2.0,-2.0,0.0,1,1,1,1
wavmark,8,16384,255,english:1963,0,mean,"[10551, 23774, 25233, 44629, 60783, 60790, 61956, 64113]",61045,0,-2.0,-0.0,2.0,6,1,1,1
wavmark,8,65536,255,english:1963,0,mean,"[10551, 23774, 25233, 44629, 60783, 60790, 61956, 64113]",61045,0,-2.0,-0.0,2.0,18,1,1,1
wavmark,8,256,255,english:1963,0,fwp,"[10551, 23774, 25233, 44629, 60783, 60790, 61956, 64113]",60405,0,-4.0,-2.0,2.0,4,1,1,0
wavmark,8,1024,255,english:1963,0,fwp,"[10551, 23774, 25233, 44629, 60783, 60790, 61956, 64113]",61149,0,-4.0,-2.0,2.0,10,1,1,1
wavmark,8,4096,255,english:1963,0,fwp,"[10551, 23774, 25233, 44629, 60783, 60790, 61956, 64113]",65525,0,-4.0,-2.0,2.0,43,1,1,1
wavmark,8,16384,255,english:1963,0,fwp,"[10551, 23774, 25233, 44629, 60783, 60790, 61956, 64113]",61433,0,-4.0,-1.0,3.0,162,1,1,1
wavmark,8,65536,255,english:1963,0,fwp,"[10551, 23774, 25233, 44629, 60783, 60790, 61956, 64113]",61437,0,-4.0,-0.0,4.0,698,1,1,1
wavmark,8,256,256,english:1963,1,mean,"[23474, 25055, 28823, 30185, 38407, 39607, 45070, 64629]",28823,1,-2.0,-3.0,-1.0,1,0,0,0
wavmark,8,1024,256,english:1963,1,mean,"[23474, 25055, 28823, 30185, 38407, 39607, 45070, 64629]",61695,0,-2.0,-2.0,0.0,1,1,0,0
wavmark,8,4096,256,english:1963,1,mean,"[23474, 25055, 28823, 30185, 38407, 39607, 45070, 64629]",57527,0,-2.0,-1.0,1.0,2,1,1,1
wavmark,8,16384,256,english:1963,1,mean,"[23474, 25055, 28823, 30185, 38407, 39607, 45070, 64629]",62647,0,-2.0,-1.0,1.0,4,1,1,1
wavmark,8,65536,256,english:1963,1,mean,"[23474, 25055, 28823, 30185, 38407, 39607, 45070, 64629]",61623,0,-2.0,-0.0,2.0,18,1,1,1
wavmark,8,256,256,english:1963,1,fwp,"[23474, 25055, 28823, 30185, 38407, 39607, 45070, 64629]",49071,0,-5.0,-2.0,3.0,10,1,1,1
wavmark,8,1024,256,english:1963,1,fwp,"[23474, 25055, 28823, 30185, 38407, 39607, 45070, 64629]",57343,0,-5.0,-2.0,3.0,41,1,1,1
wavmark,8,4096,256,english:1963,1,fwp,"[23474, 25055, 28823, 30185, 38407, 39607, 45070, 64629]",49151,0,-5.0,-0.0,5.0,179,1,1,1
wavmark,8,16384,256,english:1963,1,fwp,"[23474, 25055, 28823, 30185, 38407, 39607, 45070, 64629]",49135,0,-5.0,-1.0,4.0,616,1,1,1
wavmark,8,65536,256,english:1963,1,fwp,"[23474, 25055, 28823, 30185, 38407, 39607, 45070, 64629]",49151,0,-5.0,-0.0,5.0,2518,1,1,1
wavmark,8,256,257,english:1963,2,mean,"[3421, 7884, 12490, 14231, 38465, 46451, 47098, 60598]",63383,0,-3.0,-3.0,0.0,1,1,0,0
wavmark,8,1024,257,english:1963,2,mean,"[3421, 7884, 12490, 14231, 38465, 46451, 47098, 60598]",38879,0,-3.0,-1.0,2.0,3,1,1,1
wavmark,8,4096,257,english:1963,2,mean,"[3421, 7884, 12490, 14231, 38465, 46451, 47098, 60598]",46943,0,-3.0,-1.0,2.0,14,1,1,1
wavmark,8,16384,257,english:1963,2,mean,"[3421, 7884, 12490, 14231, 38465, 46451, 47098, 60598]",47071,0,-3.0,-0.0,3.0,35,1,1,1
wavmark,8,65536,257,english:1963,2,mean,"[3421, 7884, 12490, 14231, 38465, 46451, 47098, 60598]",47071,0,-3.0,-0.0,3.0,138,1,1,1
wavmark,8,256,257,english:1963,2,fwp,"[3421, 7884, 12490, 14231, 38465, 46451, 47098, 60598]",64085,0,-4.0,-4.0,0.0,1,1,1,1
wavmark,8,1024,257,english:1963,2,fwp,"[3421, 7884, 12490, 14231, 38465, 46451, 47098, 60598]",46805,0,-4.0,-2.0,2.0,8,1,1,1
wavmark,8,4096,257,english:1963,2,fwp,"[3421, 7884, 12490, 14231, 38465, 46451, 47098, 60598]",48855,0,-4.0,-0.0,4.0,51,1,1,1
wavmark,8,16384,257,english:1963,2,fwp,"[3421, 7884, 12490, 14231, 38465, 46451, 47098, 60598]",49111,0,-4.0,-1.0,3.0,173,1,1,1
wavmark,8,65536,257,english:1963,2,fwp,"[3421, 7884, 12490, 14231, 38465, 46451, 47098, 60598]",48855,0,-4.0,-0.0,4.0,698,1,1,1
wavmark,8,256,258,english:1970,0,mean,"[22086, 23688, 30906, 31008, 37865, 49488, 57079, 58163]",64883,0,-4.0,-3.0,1.0,4,1,1,1
wavmark,8,1024,258,english:1970,0,mean,"[22086, 23688, 30906, 31008, 37865, 49488, 57079, 58163]",64370,0,-4.0,-2.0,2.0,16,1,1,1
wavmark,8,4096,258,english:1970,0,mean,"[22086, 23688, 30906, 31008, 37865, 49488, 57079, 58163]",63986,0,-4.0,-0.0,4.0,53,1,1,1
wavmark,8,16384,258,english:1970,0,mean,"[22086, 23688, 30906, 31008, 37865, 49488, 57079, 58163]",63986,0,-4.0,-0.0,4.0,170,1,1,1
wavmark,8,65536,258,english:1970,0,mean,"[22086, 23688, 30906, 31008, 37865, 49488, 57079, 58163]",63986,0,-4.0,-0.0,4.0,698,1,1,1
wavmark,8,256,258,english:1970,0,fwp,"[22086, 23688, 30906, 31008, 37865, 49488, 57079, 58163]",65464,0,-4.0,-3.0,1.0,7,1,1,1
wavmark,8,1024,258,english:1970,0,fwp,"[22086, 23688, 30906, 31008, 37865, 49488, 57079, 58163]",65339,0,-4.0,-2.0,2.0,9,1,1,1
wavmark,8,4096,258,english:1970,0,fwp,"[22086, 23688, 30906, 31008, 37865, 49488, 57079, 58163]",65019,0,-4.0,-1.0,3.0,59,1,1,1
wavmark,8,16384,258,english:1970,0,fwp,"[22086, 23688, 30906, 31008, 37865, 49488, 57079, 58163]",64955,0,-4.0,-0.0,4.0,174,1,1,1
wavmark,8,65536,258,english:1970,0,fwp,"[22086, 23688, 30906, 31008, 37865, 49488, 57079, 58163]",64955,0,-4.0,-0.0,4.0,698,1,1,1
wavmark,8,256,259,english:1970,1,mean,"[4393, 6935, 8692, 9767, 20725, 33881, 39263, 64984]",45437,0,-4.0,-2.0,2.0,5,1,1,1
wavmark,8,1024,259,english:1970,1,mean,"[4393, 6935, 8692, 9767, 20725, 33881, 39263, 64984]",47453,0,-4.0,-2.0,2.0,11,1,1,1
wavmark,8,4096,259,english:1970,1,mean,"[4393, 6935, 8692, 9767, 20725, 33881, 39263, 64984]",47477,0,-4.0,-2.0,2.0,40,1,1,1
wavmark,8,16384,259,english:1970,1,mean,"[4393, 6935, 8692, 9767, 20725, 33881, 39263, 64984]",15741,0,-4.0,-1.0,3.0,168,1,1,1
wavmark,8,65536,259,english:1970,1,mean,"[4393, 6935, 8692, 9767, 20725, 33881, 39263, 64984]",14717,0,-4.0,-0.0,4.0,698,1,1,1
wavmark,8,256,259,english:1970,1,fwp,"[4393, 6935, 8692, 9767, 20725, 33881, 39263, 64984]",65215,0,-6.0,-2.0,4.0,26,1,1,1
wavmark,8,1024,259,english:1970,1,fwp,"[4393, 6935, 8692, 9767, 20725, 33881, 39263, 64984]",49150,0,-6.0,-2.0,4.0,92,1,1,1
wavmark,8,4096,259,english:1970,1,fwp,"[4393, 6935, 8692, 9767, 20725, 33881, 39263, 64984]",65463,0,-6.0,-2.0,4.0,436,1,1,1
wavmark,8,16384,259,english:1970,1,fwp,"[4393, 6935, 8692, 9767, 20725, 33881, 39263, 64984]",49086,0,-6.0,-1.0,5.0,1756,1,1,1
wavmark,8,65536,259,english:1970,1,fwp,"[4393, 6935, 8692, 9767, 20725, 33881, 39263, 64984]",49087,0,-6.0,-0.0,6.0,6886,1,1,1
wavmark,8,256,260,english:1970,2,mean,"[5125, 13820, 30958, 36852, 37126, 43704, 45019, 57307]",13820,1,-3.0,-4.0,-1.0,1,0,0,0
wavmark,8,1024,260,english:1970,2,mean,"[5125, 13820, 30958, 36852, 37126, 43704, 45019, 57307]",47358,0,-3.0,-2.0,1.0,2,1,1,1
wavmark,8,4096,260,english:1970,2,mean,"[5125, 13820, 30958, 36852, 37126, 43704, 45019, 57307]",48630,0,-3.0,-1.0,2.0,15,1,1,1
wavmark,8,16384,260,english:1970,2,mean,"[5125, 13820, 30958, 36852, 37126, 43704, 45019, 57307]",48636,0,-3.0,-1.0,2.0,45,1,1,1
wavmark,8,65536,260,english:1970,2,mean,"[5125, 13820, 30958, 36852, 37126, 43704, 45019, 57307]",48638,0,-3.0,-0.0,3.0,138,1,1,1
wavmark,8,256,260,english:1970,2,fwp,"[5125, 13820, 30958, 36852, 37126, 43704, 45019, 57307]",11703,0,-4.0,-2.0,2.0,5,1,1,1
wavmark,8,1024,260,english:1970,2,fwp,"[5125, 13820, 30958, 36852, 37126, 43704, 45019, 57307]",15772,0,-4.0,-3.0,1.0,7,1,1,1
wavmark,8,4096,260,english:1970,2,fwp,"[5125, 13820, 30958, 36852, 37126, 43704, 45019, 57307]",11551,0,-4.0,-1.0,3.0,46,1,1,1
wavmark,8,16384,260,english:1970,2,fwp,"[5125, 13820, 30958, 36852, 37126, 43704, 45019, 57307]",12191,0,-4.0,-1.0,3.0,163,1,1,1
wavmark,8,65536,260,english:1970,2,fwp,"[5125, 13820, 30958, 36852, 37126, 43704, 45019, 57307]",11679,0,-4.0,-0.0,4.0,698,1,1,1
wavmark,8,256,261,english:198,0,mean,"[1512, 17251, 27376, 29191, 31033, 35323, 41214, 57033]",27451,0,-4.0,-2.0,2.0,4,1,1,0
wavmark,8,1024,261,english:198,0,mean,"[1512, 17251, 27376, 29191, 31033, 35323, 41214, 57033]",27099,0,-4.0,-2.0,2.0,5,1,1,1
wavmark,8,4096,261,english:198,0,mean,"[1512, 17251, 27376, 29191, 31033, 35323, 41214, 57033]",27643,0,-4.0,-0.0,4.0,52,1,1,1
wavmark,8,16384,261,english:198,0,mean,"[1512, 17251, 27376, 29191, 31033, 35323, 41214, 57033]",27642,0,-4.0,-1.0,3.0,180,1,1,1
wavmark,8,65536,261,english:198,0,mean,"[1512, 17251, 27376, 29191, 31033, 35323, 41214, 57033]",27643,0,-4.0,-0.0,4.0,698,1,1,1
wavmark,8,256,261,english:198,0,fwp,"[1512, 17251, 27376, 29191, 31033, 35323, 41214, 57033]",9175,0,-4.0,-3.0,1.0,2,1,0,0
wavmark,8,1024,261,english:198,0,fwp,"[1512, 17251, 27376, 29191, 31033, 35323, 41214, 57033]",12255,0,-4.0,-2.0,2.0,3,1,1,1
wavmark,8,4096,261,english:198,0,fwp,"[1512, 17251, 27376, 29191, 31033, 35323, 41214, 57033]",43775,0,-4.0,-2.0,2.0,43,1,1,1
wavmark,8,16384,261,english:198,0,fwp,"[1512, 17251, 27376, 29191, 31033, 35323, 41214, 57033]",11263,0,-4.0,-0.0,4.0,187,1,1,1
wavmark,8,65536,261,english:198,0,fwp,"[1512, 17251, 27376, 29191, 31033, 35323, 41214, 57033]",11263,0,-4.0,-0.0,4.0,698,1,1,1
wavmark,8,256,262,english:198,1,mean,"[5525, 20437, 22695, 25098, 32553, 57344, 60446, 61738]",60446,1,-3.0,-4.0,-1.0,1,0,0,0
wavmark,8,1024,262,english:198,1,mean,"[5525, 20437, 22695, 25098, 32553, 57344, 60446, 61738]",19735,0,-3.0,-2.0,1.0,3,1,1,0
wavmark,8,4096,262,english:198,1,mean,"[5525, 20437, 22695, 25098, 32553, 57344, 60446, 61738]",32031,0,-3.0,-1.0,2.0,15,1,1,1
wavmark,8,16384,262,english:198,1,mean,"[5525, 20437, 22695, 25098, 32553, 57344, 60446, 61738]",32031,0,-3.0,-1.0,2.0,32,1,1,1
wavmark,8,65536,262,english:198,1,mean,"[5525, 20437, 22695, 25098, 32553, 57344, 60446, 61738]",27935,0,-3.0,-0.0,3.0,138,1,1,1
wavmark,8,256,262,english:198,1,fwp,"[5525, 20437, 22695, 25098, 32553, 57344, 60446, 61738]",65514,0,-5.0,-4.0,1.0,13,1,1,1
wavmark,8,1024,262,english:198,1,fwp,"[5525, 20437, 22695, 25098, 32553, 57344, 60446, 61738]",60847,0,-5.0,-3.0,2.0,25,1,1,1
wavmark,8,4096,262,english:198,1,fwp,"[5525, 20437, 22695, 25098, 32553, 57344, 60446, 61738]",65533,0,-5.0,-2.0,3.0,142,1,1,1
wavmark,8,16384,262,english:198,1,fwp,"[5525, 20437, 22695, 25098, 32553, 57344, 60446, 61738]",61438,0,-5.0,-1.0,4.0,603,1,1,1
wavmark,8,65536,262,english:198,1,fwp,"[5525, 20437, 22695, 25098, 32553, 57344, 60446, 61738]",61439,0,-5.0,-0.0,5.0,2518,1,1,1
wavmark,8,256,263,english:198,2,mean,"[1239, 4954, 19176, 24476, 25369, 26597, 41666, 57309]",59097,0,-3.0,-3.0,0.0,1,1,0,0
wavmark,8,1024,263,english:198,2,mean,"[1239, 4954, 19176, 24476, 25369, 26597, 41666, 57309]",30677,0,-3.0,-2.0,1.0,2,1,1,1
wavmark,8,4096,263,english:198,2,mean,"[1239, 4954, 19176, 24476, 25369, 26597, 41666, 57309]",28639,0,-3.0,-2.0,1.0,6,1,1,1
wavmark,8,16384,263,english:198,2,mean,"[1239, 4954, 19176, 24476, 25369, 26597, 41666, 57309]",26581,0,-3.0,-1.0,2.0,41,1,1,1
wavmark,8,65536,263,english:198,2,mean,"[1239, 4954, 19176, 24476, 25369, 26597, 41666, 57309]",26589,0,-3.0,-0.0,3.0,138,1,1,1
wavmark,8,256,263,english:198,2,fwp,"[1239, 4954, 19176, 24476, 25369, 26597, 41666, 57309]",49039,0,-4.0,-3.0,1.0,4,1,1,0
wavmark,8,1024,263,english:198,2,fwp,"[1239, 4954, 19176, 24476, 25369, 26597, 41666, 57309]",49115,0,-4.0,-2.0,2.0,13,1,1,1
wavmark,8,4096,263,english:198,2,fwp,"[1239, 4954, 19176, 24476, 25369, 26597, 41666, 57309]",53215,0,-4.0,-2.0,2.0,48,1,1,1
wavmark,8,16384,263,english:198,2,fwp,"[1239, 4954, 19176, 24476, 25369, 26597, 41666, 57309]",61407,0,-4.0,-1.0,3.0,184,1,1,1
wavmark,8,65536,263,english:198,2,fwp,"[1239, 4954, 19176, 24476, 25369, 26597, 41666, 57309]",45023,0,-4.0,-0.0,4.0,698,1,1,1
wavmark,8,256,264,english:1992,0,mean,"[1036, 4310, 8367, 17841, 21721, 26501, 29219, 47178]",3231,0,-4.0,-3.0,1.0,2,1,1,1
wavmark,8,1024,264,english:1992,0,mean,"[1036, 4310, 8367, 17841, 21721, 26501, 29219, 47178]",13975,0,-4.0,-2.0,2.0,13,1,1,1
wavmark,8,4096,264,english:1992,0,mean,"[1036, 4310, 8367, 17841, 21721, 26501, 29219, 47178]",46239,0,-4.0,-1.0,3.0,48,1,1,1
wavmark,8,16384,264,english:1992,0,mean,"[1036, 4310, 8367, 17841, 21721, 26501, 29219, 47178]",15519,0,-4.0,-1.0,3.0,188,1,1,1
wavmark,8,65536,264,english:1992,0,mean,"[1036, 4310, 8367, 17841, 21721, 26501, 29219, 47178]",13471,0,-4.0,-0.0,4.0,698,1,1,1
wavmark,8,256,264,english:1992,0,fwp,"[1036, 4310, 8367, 17841, 21721, 26501, 29219, 47178]",15843,0,-6.0,-3.0,3.0,19,1,1,1
wavmark,8,1024,264,english:1992,0,fwp,"[1036, 4310, 8367, 17841, 21721, 26501, 29219, 47178]",64987,0,-6.0,-2.0,4.0,130,1,1,1
wavmark,8,4096,264,english:1992,0,fwp,"[1036, 4310, 8367, 17841, 21721, 26501, 29219, 47178]",48627,0,-6.0,-1.0,5.0,408,1,1,1
wavmark,8,16384,264,english:1992,0,fwp,"[1036, 4310, 8367, 17841, 21721, 26501, 29219, 47178]",48635,0,-6.0,-0.0,6.0,1769,1,1,1
wavmark,8,65536,264,english:1992,0,fwp,"[1036, 4310, 8367, 17841, 21721, 26501, 29219, 47178]",48635,0,-6.0,-0.0,6.0,6886,1,1,1
wavmark,8,256,265,english:1992,1,mean,"[1207, 13461, 18780, 22545, 23048, 23807, 45267, 45404]",40159,0,-3.0,-3.0,0.0,1,1,1,1
wavmark,8,1024,265,english:1992,1,mean,"[1207, 13461, 18780, 22545, 23048, 23807, 45267, 45404]",7385,0,-3.0,-2.0,1.0,5,1,1,1
wavmark,8,4096,265,english:1992,1,mean,"[1207, 13461, 18780, 22545, 23048, 23807, 45267, 45404]",40605,0,-3.0,-2.0,1.0,10,1,1,1
wavmark,8,16384,265,english:1992,1,mean,"[1207, 13461, 18780, 22545, 23048, 23807, 45267, 45404]",40093,0,-3.0,-1.0,2.0,41,1,1,1
wavmark,8,65536,265,english:1992,1,mean,"[1207, 13461, 18780, 22545, 23048, 23807, 45267, 45404]",7325,0,-3.0,-0.0,3.0,138,1,1,1
wavmark,8,256,265,english:1992,1,fwp,"[1207, 13461, 18780, 22545, 23048, 23807, 45267, 45404]",23807,1,-3.0,-3.0,0.0,1,0,0,0
wavmark,8,1024,265,english:1992,1,fwp,"[1207, 13461, 18780, 22545, 23048, 23807, 45267, 45404]",24253,0,-3.0,-2.0,1.0,5,1,1,1
wavmark,8,4096,265,english:1992,1,fwp,"[1207, 13461, 18780, 22545, 23048, 23807, 45267, 45404]",7743,0,-3.0,-1.0,2.0,10,1,1,1
wavmark,8,16384,265,english:1992,1,fwp,"[1207, 13461, 18780, 22545, 23048, 23807, 45267, 45404]",7935,0,-3.0,-1.0,2.0,23,1,1,1
wavmark,8,65536,265,english:1992,1,fwp,"[1207, 13461, 18780, 22545, 23048, 23807, 45267, 45404]",7871,0,-3.0,-0.0,3.0,138,1,1,1
wavmark,8,256,266,english:1992,2,mean,"[12212, 17159, 21681, 35157, 49192, 50212, 55362, 60000]",60212,0,-3.0,-3.0,0.0,1,1,0,0
wavmark,8,1024,266,english:1992,2,mean,"[12212, 17159, 21681, 35157, 49192, 50212, 55362, 60000]",34864,0,-3.0,-2.0,1.0,2,1,1,0
wavmark,8,4096,266,english:1992,2,mean,"[12212, 17159, 21681, 35157, 49192, 50212, 55362, 60000]",18484,0,-3.0,-1.0,2.0,8,1,1,1
wavmark,8,16384,266,english:1992,2,mean,"[12212, 17159, 21681, 35157, 49192, 50212, 55362, 60000]",51252,0,-3.0,-0.0,3.0,27,1,1,1
wavmark,8,65536,266,english:1992,2,mean,"[12212, 17159, 21681, 35157, 49192, 50212, 55362, 60000]",51252,0,-3.0,-0.0,3.0,138,1,1,1
wavmark,8,256,266,english:1992,2,fwp,"[12212, 17159, 21681, 35157, 49192, 50212, 55362, 60000]",49126,0,-5.0,-2.0,3.0,6,1,1,1
wavmark,8,1024,266,english:1992,2,fwp,"[12212, 17159, 21681, 35157, 49192, 50212, 55362, 60000]",65271,0,-5.0,-2.0,3.0,41,1,1,1
wavmark,8,4096,266,english:1992,2,fwp,"[12212, 17159, 21681, 35157, 49192, 50212, 55362, 60000]",65527,0,-5.0,-1.0,4.0,166,1,1,1
wavmark,8,16384,266,english:1992,2,fwp,"[12212, 17159, 21681, 35157, 49192, 50212, 55362, 60000]",65522,0,-5.0,-1.0,4.0,621,1,1,1
wavmark,8,65536,266,english:1992,2,fwp,"[12212, 17159, 21681, 35157, 49192, 50212, 55362, 60000]",65526,0,-5.0,-0.0,5.0,2518,1,1,1
wavmark,8,256,267,english:200,0,mean,"[801, 22445, 24533, 24602, 34679, 48173, 53752, 55500]",55272,0,-3.0,-3.0,0.0,1,1,1,0
wavmark,8,1024,267,english:200,0,mean,"[801, 22445, 24533, 24602, 34679, 48173, 53752, 55500]",63481,0,-3.0,-2.0,1.0,4,1,1,1
wavmark,8,4096,267,english:200,0,mean,"[801, 22445, 24533, 24602, 34679, 48173, 53752, 55500]",65533,0,-3.0,-2.0,1.0,15,1,1,1
wavmark,8,16384,267,english:200,0,mean,"[801, 22445, 24533, 24602, 34679, 48173, 53752, 55500]",54781,0,-3.0,-1.0,2.0,40,1,1,1
wavmark,8,65536,267,english:200,0,mean,"[801, 22445, 24533, 24602, 34679, 48173, 53752, 55500]",55293,0,-3.0,-0.0,3.0,138,1,1,1
wavmark,8,256,267,english:200,0,fwp,"[801, 22445, 24533, 24602, 34679, 48173, 53752, 55500]",65471,0,-5.0,-3.0,2.0,9,1,1,1
wavmark,8,1024,267,english:200,0,fwp,"[801, 22445, 24533, 24602, 34679, 48173, 53752, 55500]",28062,0,-5.0,-2.0,3.0,45,1,1,1
wavmark,8,4096,267,english:200,0,fwp,"[801, 22445, 24533, 24602, 34679, 48173, 53752, 55500]",32158,0,-5.0,-1.0,4.0,146,1,1,1
wavmark,8,16384,267,english:200,0,fwp,"[801, 22445, 24533, 24602, 34679, 48173, 53752, 55500]",32223,0,-5.0,-1.0,4.0,636,1,1,1
wavmark,8,65536,267,english:200,0,fwp,"[801, 22445, 24533, 24602, 34679, 48173, 53752, 55500]",32159,0,-5.0,-0.0,5.0,2518,1,1,1
wavmark,8,256,268,english:200,1,mean,"[2986, 16030, 26235, 27536, 55160, 55581, 55722, 63491]",55722,1,-3.0,-3.0,0.0,1,0,0,0
wavmark,8,1024,268,english:200,1,mean,"[2986, 16030, 26235, 27536, 55160, 55581, 55722, 63491]",55994,0,-3.0,-2.0,1.0,2,1,1,1
wavmark,8,4096,268,english:200,1,mean,"[2986, 16030, 26235, 27536, 55160, 55581, 55722, 63491]",64446,0,-3.0,-1.0,2.0,9,1,1,1
wavmark,8,16384,268,english:200,1,mean,"[2986, 16030, 26235, 27536, 55160, 55581, 55722, 63491]",64410,0,-3.0,-1.0,2.0,32,1,1,1
wavmark,8,65536,268,english:200,1,mean,"[2986, 16030, 26235, 27536, 55160, 55581, 55722, 63491]",64442,0,-3.0,-0.0,3.0,138,1,1,1
wavmark,8,256,268,english:200,1,fwp,"[2986, 16030, 26235, 27536, 55160, 55581, 55722, 63491]",55807,0,-5.0,-4.0,1.0,6,1,1,1
wavmark,8,1024,268,english:200,1,fwp,"[2986, 16030, 26235, 27536, 55160, 55581, 55722, 63491]",62842,0,-5.0,-2.0,3.0,40,1,1,1
wavmark,8,4096,268,english:200,1,fwp,"[2986, 16030, 26235, 27536, 55160, 55581, 55722, 63491]",64891,0,-5.0,-0.0,5.0,150,1,1,1
wavmark,8,16384,268,english:200,1,fwp,"[2986, 16030, 26235, 27536, 55160, 55581, 55722, 63491]",64895,0,-5.0,-1.0,4.0,625,1,1,1
wavmark,8,65536,268,english:200,1,fwp,"[2986, 16030, 26235, 27536, 55160, 55581, 55722, 63491]",64891,0,-5.0,-0.0,5.0,2518,1,1,1
wavmark,8,256,269,english:200,2,mean,"[10174, 19276, 20815, 21791, 25538, 26697, 33813, 55029]",21791,1,-3.0,-3.0,0.0,1,0,0,0
wavmark,8,1024,269,english:200,2,mean,"[10174, 19276, 20815, 21791, 25538, 26697, 33813, 55029]",18207,0,-3.0,-1.0,2.0,4,1,1,1
wavmark,8,4096,269,english:200,2,mean,"[10174, 19276, 20815, 21791, 25538, 26697, 33813, 55029]",26463,0,-3.0,-1.0,2.0,11,1,1,1
wavmark,8,16384,269,english:200,2,mean,"[10174, 19276, 20815, 21791, 25538, 26697, 33813, 55029]",18303,0,-3.0,-1.0,2.0,27,1,1,1
wavmark,8,65536,269,english:200,2,mean,"[10174, 19276, 20815, 21791, 25538, 26697, 33813, 55029]",18271,0,-3.0,-0.0,3.0,138,1,1,1
wavmark,8,256,269,english:200,2,fwp,"[10174, 19276, 20815, 21791, 25538, 26697, 33813, 55029]",28397,0,-4.0,-2.0,2.0,5,1,1,1
wavmark,8,1024,269,english:200,2,fwp,"[10174, 19276, 20815, 21791, 25538, 26697, 33813, 55029]",44796,0,-4.0,-2.0,2.0,11,1,1,1
wavmark,8,4096,269,english:200,2,fwp,"[10174, 19276, 20815, 21791, 25538, 26697, 33813, 55029]",61181,0,-4.0,-0.0,4.0,57,1,1,1
wavmark,8,16384,269,english:200,2,fwp,"[10174, 19276, 20815, 21791, 25538, 26697, 33813, 55029]",61180,0,-4.0,-1.0,3.0,168,1,1,1
wavmark,8,65536,269,english:200,2,fwp,"[10174, 19276, 20815, 21791, 25538, 26697, 33813, 55029]",61181,0,-4.0,-0.0,4.0,698,1,1,1
wavmark,8,256,270,english:2002,0,mean,"[4461, 19382, 37142, 46481, 47487, 53113, 53967, 64502]",47487,1,-2.0,-3.0,-1.0,1,0,0,0
wavmark,8,1024,270,english:2002,0,mean,"[4461, 19382, 37142, 46481, 47487, 53113, 53967, 64502]",47863,0,-2.0,-2.0,0.0,1,1,0,0
wavmark,8,4096,270,english:2002,0,mean,"[4461, 19382, 37142, 46481, 47487, 53113, 53967, 64502]",64511,0,-2.0,-1.0,1.0,5,1,1,1
wavmark,8,16384,270,english:2002,0,mean,"[4461, 19382, 37142, 46481, 47487, 53113, 53967, 64502]",64511,0,-2.0,-1.0,1.0,5,1,1,1
wavmark,8,65536,270,english:2002,0,mean,"[4461, 19382, 37142, 46481, 47487, 53113, 53967, 64502]",48127,0,-2.0,-0.0,2.0,18,1,1,1
wavmark,8,256,270,english:2002,0,fwp,"[4461, 19382, 37142, 46481, 47487, 53113, 53967, 64502]",38845,0,-4.0,-3.0,1.0,2,1,0,0
wavmark,8,1024,270,english:2002,0,fwp,"[4461, 19382, 37142, 46481, 47487, 53113, 53967, 64502]",40759,0,-4.0,-1.0,3.0,14,1,1,1
wavmark,8,4096,270,english:2002,0,fwp,"[4461, 19382, 37142, 46481, 47487, 53113, 53967, 64502]",53055,0,-4.0,-2.0,2.0,42,1,1,1
wavmark,8,16384,270,english:2002,0,fwp,"[4461, 19382, 37142, 46481, 47487, 53113, 53967, 64502]",40895,0,-4.0,-1.0,3.0,165,1,1,1
wavmark,8,65536,270,english:2002,0,fwp,"[4461, 19382, 37142, 46481, 47487, 53113, 53967, 64502]",40767,0,-4.0,-0.0,4.0,698,1,1,1
wavmark,8,256,271,english:2002,1,mean,"[10623, 13716, 17092, 27020, 28519, 37497, 48446, 64362]",10623,1,-2.0,-3.0,-1.0,1,0,0,0
wavmark,8,1024,271,english:2002,1,mean,"[10623, 13716, 17092, 27020, 28519, 37497, 48446, 64362]",15230,0,-2.0,-1.0,1.0,2,1,0,0
wavmark,8,4096,271,english:2002,1,mean,"[10623, 13716, 17092, 27020, 28519, 37497, 48446, 64362]",47998,0,-2.0,-2.0,0.0,1,1,1,1
wavmark,8,16384,271,english:2002,1,mean,"[10623, 13716, 17092, 27020, 28519, 37497, 48446, 64362]",11134,0,-2.0,-0.0,2.0,6,1,1,1
wavmark,8,65536,271,english:2002,1,mean,"[10623, 13716, 17092, 27020, 28519, 37497, 48446, 64362]",11134,0,-2.0,-0.0,2.0,18,1,1,1
wavmark,8,256,271,english:2002,1,fwp,"[10623, 13716, 17092, 27020, 28519, 37497, 48446, 64362]",48446,1,-3.0,-4.0,-1.0,1,0,0,0
wavmark,8,1024,271,english:2002,1,fwp,"[10623, 13716, 17092, 27020, 28519, 37497, 48446, 64362]",61375,0,-3.0,-2.0,1.0,4,1,1,0
wavmark,8,4096,271,english:2002,1,fwp,"[10623, 13716, 17092, 27020, 28519, 37497, 48446, 64362]",44991,0,-3.0,-1.0,2.0,8,1,1,1
wavmark,8,16384,271,english:2002,1,fwp,"[10623, 13716, 17092, 27020, 28519, 37497, 48446, 64362]",49086,0,-3.0,-1.0,2.0,28,1,1,1
wavmark,8,65536,271,english:2002,1,fwp,"[10623, 13716, 17092, 27020, 28519, 37497, 48446, 64362]",44990,0,-3.0,-0.0,3.0,138,1,1,1
wavmark,8,256,272,english:2002,2,mean,"[6947, 29732, 29752, 33912, 39592, 40208, 43112, 58878]",52280,0,-3.0,-3.0,0.0,1,1,1,0
wavmark,8,1024,272,english:2002,2,mean,"[6947, 29732, 29752, 33912, 39592, 40208, 43112, 58878]",64792,0,-3.0,-3.0,0.0,1,1,1,1
wavmark,8,4096,272,english:2002,2,mean,"[6947, 29732, 29752, 33912, 39592, 40208, 43112, 58878]",48312,0,-3.0,-1.0,2.0,12,1,1,1
wavmark,8,16384,272,english:2002,2,mean,"[6947, 29732, 29752, 33912, 39592, 40208, 43112, 58878]",48186,0,-3.0,-1.0,2.0,35,1,1,1
wavmark,8,65536,272,english:2002,2,mean,"[6947, 29732, 29752, 33912, 39592, 40208, 43112, 58878]",48184,0,-3.0,-0.0,3.0,138,1,1,1
wavmark,8,256,272,english:2002,2,fwp,"[6947, 29732, 29752, 33912, 39592, 40208, 43112, 58878]",61421,0,-4.0,-3.0,1.0,4,1,1,0
wavmark,8,1024,272,english:2002,2,fwp,"[6947, 29732, 29752, 33912, 39592, 40208, 43112, 58878]",65533,0,-4.0,-3.0,1.0,12,1,1,1
wavmark,8,4096,272,english:2002,2,fwp,"[6947, 29732, 29752, 33912, 39592, 40208, 43112, 58878]",65535,0,-4.0,-2.0,2.0,36,1,1,1
wavmark,8,16384,272,english:2002,2,fwp,"[6947, 29732, 29752, 33912, 39592, 40208, 43112, 58878]",45055,0,-4.0,-0.0,4.0,201,1,1,1
wavmark,8,65536,272,english:2002,2,fwp,"[6947, 29732, 29752, 33912, 39592, 40208, 43112, 58878]",45055,0,-4.0,-0.0,4.0,698,1,1,1
wavmark,8,256,273,english:2007,0,mean,"[13020, 21383, 29981, 37342, 38111, 45047, 51295, 52913]",38111,1,-2.0,-3.0,-1.0,1,0,0,0
wavmark,8,1024,273,english:2007,0,mean,"[13020, 21383, 29981, 37342, 38111, 45047, 51295, 52913]",46047,0,-2.0,-2.0,0.0,1,1,0,0
wavmark,8,4096,273,english:2007,0,mean,"[13020, 21383, 29981, 37342, 38111, 45047, 51295, 52913]",38911,0,-2.0,-1.0,1.0,4,1,1,1
wavmark,8,16384,273,english:2007,0,mean,"[13020, 21383, 29981, 37342, 38111, 45047, 51295, 52913]",55263,0,-2.0,-1.0,1.0,6,1,1,1
wavmark,8,65536,273,english:2007,0,mean,"[13020, 21383, 29981, 37342, 38111, 45047, 51295, 52913]",38879,0,-2.0,-0.0,2.0,18,1,1,1
wavmark,8,256,273,english:2007,0,fwp,"[13020, 21383, 29981, 37342, 38111, 45047, 51295, 52913]",57023,0,-4.0,-2.0,2.0,4,1,1,1
wavmark,8,1024,273,english:2007,0,fwp,"[13020, 21383, 29981, 37342, 38111, 45047, 51295, 52913]",56767,0,-4.0,-2.0,2.0,9,1,1,1
wavmark,8,4096,273,english:2007,0,fwp,"[13020, 21383, 29981, 37342, 38111, 45047, 51295, 52913]",40879,0,-4.0,-1.0,3.0,45,1,1,1
wavmark,8,16384,273,english:2007,0,fwp,"[13020, 21383, 29981, 37342, 38111, 45047, 51295, 52913]",57279,0,-4.0,-1.0,3.0,168,1,1,1
wavmark,8,65536,273,english:2007,0,fwp,"[13020, 21383, 29981, 37342, 38111, 45047, 51295, 52913]",40895,0,-4.0,-0.0,4.0,698,1,1,1
wavmark,8,256,274,english:2007,1,mean,"[10309, 26897, 32565, 33707, 39399, 48442, 50221, 54815]",48442,1,-2.0,-2.0,0.0,1,0,0,0
wavmark,8,1024,274,english:2007,1,mean,"[10309, 26897, 32565, 33707, 39399, 48442, 50221, 54815]",64830,0,-2.0,-2.0,0.0,1,1,1,0
wavmark,8,4096,274,english:2007,1,mean,"[10309, 26897, 32565, 33707, 39399, 48442, 50221, 54815]",64959,0,-2.0,-2.0,0.0,1,1,0,0
wavmark,8,16384,274,english:2007,1,mean,"[10309, 26897, 32565, 33707, 39399, 48442, 50221, 54815]",48447,0,-2.0,-0.0,2.0,3,1,1,1
wavmark,8,65536,274,english:2007,1,mean,"[10309, 26897, 32565, 33707, 39399, 48442, 50221, 54815]",48447,0,-2.0,-0.0,2.0,18,1,1,1
wavmark,8,256,274,english:2007,1,fwp,"[10309, 26897, 32565, 33707, 39399, 48442, 50221, 54815]",61295,0,-4.0,-3.0,1.0,3,1,1,1
wavmark,8,1024,274,english:2007,1,fwp,"[10309, 26897, 32565, 33707, 39399, 48442, 50221, 54815]",61423,0,-4.0,-2.0,2.0,13,1,1,1
wavmark,8,4096,274,english:2007,1,fwp,"[10309, 26897, 32565, 33707, 39399, 48442, 50221, 54815]",61423,0,-4.0,-2.0,2.0,42,1,1,1
wavmark,8,16384,274,english:2007,1,fwp,"[10309, 26897, 32565, 33707, 39399, 48442, 50221, 54815]",35823,0,-4.0,-1.0,3.0,153,1,1,1
wavmark,8,65536,274,english:2007,1,fwp,"[10309, 26897, 32565, 33707, 39399, 48442, 50221, 54815]",44015,0,-4.0,-0.0,4.0,698,1,1,1
wavmark,8,256,275,english:2007,2,mean,"[3727, 8261, 12533, 27090, 27454, 57490, 58574, 59506]",27090,1,-2.0,-2.0,0.0,1,0,0,0
wavmark,8,1024,275,english:2007,2,mean,"[3727, 8261, 12533, 27090, 27454, 57490, 58574, 59506]",26839,0,-2.0,-1.0,1.0,2,1,0,0
wavmark,8,4096,275,english:2007,2,mean,"[3727, 8261, 12533, 27090, 27454, 57490, 58574, 59506]",26834,0,-2.0,-1.0,1.0,2,1,1,0
wavmark,8,16384,275,english:2007,2,mean,"[3727, 8261, 12533, 27090, 27454, 57490, 58574, 59506]",30934,0,-2.0,-1.0,1.0,9,1,1,1
wavmark,8,65536,275,english:2007,2,mean,"[3727, 8261, 12533, 27090, 27454, 57490, 58574, 59506]",26838,0,-2.0,-0.0,2.0,18,1,1,1
wavmark,8,256,275,english:2007,2,fwp,"[3727, 8261, 12533, 27090, 27454, 57490, 58574, 59506]",44779,0,-4.0,-3.0,1.0,4,1,1,1
wavmark,8,1024,275,english:2007,2,fwp,"[3727, 8261, 12533, 27090, 27454, 57490, 58574, 59506]",3839,0,-4.0,-1.0,3.0,17,1,1,1
wavmark,8,4096,275,english:2007,2,fwp,"[3727, 8261, 12533, 27090, 27454, 57490, 58574, 59506]",12031,0,-4.0,-0.0,4.0,41,1,1,1
wavmark,8,16384,275,english:2007,2,fwp,"[3727, 8261, 12533, 27090, 27454, 57490, 58574, 59506]",12029,0,-4.0,-1.0,3.0,183,1,1,1
wavmark,8,65536,275,english:2007,2,fwp,"[3727, 8261, 12533, 27090, 27454, 57490, 58574, 59506]",12031,0,-4.0,-0.0,4.0,698,1,1,1
wavmark,8,256,276,english:201,0,mean,"[2797, 10569, 33989, 37303, 40257, 43456, 43568, 59970]",43456,1,-1.0,-2.0,-1.0,1,0,0,0
wavmark,8,1024,276,english:201,0,mean,"[2797, 10569, 33989, 37303, 40257, 43456, 43568, 59970]",43456,1,-1.0,-2.0,-1.0,1,0,0,0
wavmark,8,4096,276,english:201,0,mean,"[2797, 10569, 33989, 37303, 40257, 43456, 43568, 59970]",43456,1,-1.0,-1.0,0.0,1,0,0,0
wavmark,8,16384,276,english:201,0,mean,"[2797, 10569, 33989, 37303, 40257, 43456, 43568, 59970]",47553,0,-1.0,-1.0,0.0,1,1,0,0
wavmark,8,65536,276,english:201,0,mean,"[2797, 10569, 33989, 37303, 40257, 43456, 43568, 59970]",43457,0,-1.0,-0.0,1.0,2,1,1,1
wavmark,8,256,276,english:201,0,fwp,"[2797, 10569, 33989, 37303, 40257, 43456, 43568, 59970]",47391,0,-4.0,-3.0,1.0,4,1,1,1
wavmark,8,1024,276,english:201,0,fwp,"[2797, 10569, 33989, 37303, 40257, 43456, 43568, 59970]",47295,0,-4.0,-2.0,2.0,13,1,1,1
wavmark,8,4096,276,english:201,0,fwp,"[2797, 10569, 33989, 37303, 40257, 43456, 43568, 59970]",47611,0,-4.0,-1.0,3.0,35,1,1,1
wavmark,8,16384,276,english:201,0,fwp,"[2797, 10569, 33989, 37303, 40257, 43456, 43568, 59970]",48127,0,-4.0,-1.0,3.0,159,1,1,1
wavmark,8,65536,276,english:201,0,fwp,"[2797, 10569, 33989, 37303, 40257, 43456, 43568, 59970]",47615,0,-4.0,-0.0,4.0,698,1,1,1
wavmark,8,256,277,english:201,1,mean,"[3119, 11866, 21942, 47868, 48959, 52876, 61582, 64943]",48959,1,-3.0,-4.0,-1.0,1,0,0,0
wavmark,8,1024,277,english:201,1,mean,"[3119, 11866, 21942, 47868, 48959, 52876, 61582, 64943]",47804,0,-3.0,-2.0,1.0,4,1,1,0
wavmark,8,4096,277,english:201,1,mean,"[3119, 11866, 21942, 47868, 48959, 52876, 61582, 64943]",49086,0,-3.0,-1.0,2.0,12,1,1,1
wavmark,8,16384,277,english:201,1,mean,"[3119, 11866, 21942, 47868, 48959, 52876, 61582, 64943]",48828,0,-3.0,-1.0,2.0,34,1,1,1
wavmark,8,65536,277,english:201,1,mean,"[3119, 11866, 21942, 47868, 48959, 52876, 61582, 64943]",48830,0,-3.0,-0.0,3.0,138,1,1,1
wavmark,8,256,277,english:201,1,fwp,"[3119, 11866, 21942, 47868, 48959, 52876, 61582, 64943]",65277,0,-5.0,-4.0,1.0,5,1,1,1
wavmark,8,1024,277,english:201,1,fwp,"[3119, 11866, 21942, 47868, 48959, 52876, 61582, 64943]",32759,0,-5.0,-2.0,3.0,47,1,1,1
wavmark,8,4096,277,english:201,1,fwp,"[3119, 11866, 21942, 47868, 48959, 52876, 61582, 64943]",32766,0,-5.0,-0.0,5.0,172,1,1,1
wavmark,8,16384,277,english:201,1,fwp,"[3119, 11866, 21942, 47868, 48959, 52876, 61582, 64943]",32766,0,-5.0,-0.0,5.0,663,1,1,1
wavmark,8,65536,277,english:201,1,fwp,"[3119, 11866, 21942, 47868, 48959, 52876, 61582, 64943]",32766,0,-5.0,-0.0,5.0,2518,1,1,1
wavmark,8,256,278,english:201,2,mean,"[966, 11710, 20324, 26982, 29375, 38017, 50321, 52469]",60914,0,-4.0,-3.0,1.0,4,1,1,0
wavmark,8,1024,278,english:201,2,mean,"[966, 11710, 20324, 26982, 29375, 38017, 50321, 52469]",31223,0,-4.0,-2.0,2.0,13,1,1,1
wavmark,8,4096,278,english:201,2,mean,"[966, 11710, 20324, 26982, 29375, 38017, 50321, 52469]",60855,0,-4.0,-2.0,2.0,46,1,1,1
wavmark,8,16384,278,english:201,2,mean,"[966, 11710, 20324, 26982, 29375, 38017, 50321, 52469]",28119,0,-4.0,-1.0,3.0,172,1,1,1
wavmark,8,65536,278,english:201,2,mean,"[966, 11710, 20324, 26982, 29375, 38017, 50321, 52469]",28151,0,-4.0,-0.0,4.0,698,1,1,1
wavmark,8,256,278,english:201,2,fwp,"[966, 11710, 20324, 26982, 29375, 38017, 50321, 52469]",37351,0,-6.0,-3.0,3.0,23,1,1,1
wavmark,8,1024,278,english:201,2,fwp,"[966, 11710, 20324, 26982, 29375, 38017, 50321, 52469]",56807,0,-6.0,-2.0,4.0,110,1,1,1
wavmark,8,4096,278,english:201,2,fwp,"[966, 11710, 20324, 26982, 29375, 38017, 50321, 52469]",48615,0,-6.0,-0.0,6.0,434,1,1,1
wavmark,8,16384,278,english:201,2,fwp,"[966, 11710, 20324, 26982, 29375, 38017, 50321, 52469]",48583,0,-6.0,-1.0,5.0,1708,1,1,1
wavmark,8,65536,278,english:201,2,fwp,"[966, 11710, 20324, 26982, 29375, 38017, 50321, 52469]",48615,0,-6.0,-0.0,6.0,6886,1,1,1
wavmark,8,256,279,english:2092,0,mean,"[1392, 4904, 15538, 28097, 32289, 35106, 38015, 57740]",10288,0,-3.0,-2.0,1.0,2,1,1,0
wavmark,8,1024,279,english:2092,0,mean,"[1392, 4904, 15538, 28097, 32289, 35106, 38015, 57740]",14640,0,-3.0,-2.0,1.0,2,1,1,1
wavmark,8,4096,279,english:2092,0,mean,"[1392, 4904, 15538, 28097, 32289, 35106, 38015, 57740]",11568,0,-3.0,-0.0,3.0,12,1,1,1
wavmark,8,16384,279,english:2092,0,mean,"[1392, 4904, 15538, 28097, 32289, 35106, 38015, 57740]",27952,0,-3.0,-1.0,2.0,36,1,1,1
wavmark,8,65536,279,english:2092,0,mean,"[1392, 4904, 15538, 28097, 32289, 35106, 38015, 57740]",11568,0,-3.0,-0.0,3.0,138,1,1,1
wavmark,8,256,279,english:2092,0,fwp,"[1392, 4904, 15538, 28097, 32289, 35106, 38015, 57740]",45037,0,-4.0,-2.0,2.0,6,1,1,1
wavmark,8,1024,279,english:2092,0,fwp,"[1392, 4904, 15538, 28097, 32289, 35106, 38015, 57740]",12257,0,-4.0,-1.0,3.0,14,1,1,1
wavmark,8,4096,279,english:2092,0,fwp,"[1392, 4904, 15538, 28097, 32289, 35106, 38015, 57740]",42985,0,-4.0,-2.0,2.0,40,1,1,1
wavmark,8,16384,279,english:2092,0,fwp,"[1392, 4904, 15538, 28097, 32289, 35106, 38015, 57740]",45049,0,-4.0,-2.0,2.0,181,1,1,1
wavmark,8,65536,279,english:2092,0,fwp,"[1392, 4904, 15538, 28097, 32289, 35106, 38015, 57740]",12265,0,-4.0,-0.0,4.0,698,1,1,1
wavmark,8,256,280,english:2092,1,mean,"[295, 14007, 21071, 37951, 42407, 45999, 56826, 62151]",45999,1,-2.0,-4.0,-2.0,1,0,0,0
wavmark,8,1024,280,english:2092,1,mean,"[295, 14007, 21071, 37951, 42407, 45999, 56826, 62151]",49151,0,-2.0,-2.0,0.0,1,1,0,0
wavmark,8,4096,280,english:2092,1,mean,"[295, 14007, 21071, 37951, 42407, 45999, 56826, 62151]",47038,0,-2.0,-1.0,1.0,4,1,1,1
wavmark,8,16384,280,english:2092,1,mean,"[295, 14007, 21071, 37951, 42407, 45999, 56826, 62151]",47037,0,-2.0,-1.0,1.0,4,1,1,1
wavmark,8,65536,280,english:2092,1,mean,"[295, 14007, 21071, 37951, 42407, 45999, 56826, 62151]",47039,0,-2.0,-0.0,2.0,18,1,1,1
wavmark,8,256,280,english:2092,1,fwp,"[295, 14007, 21071, 37951, 42407, 45999, 56826, 62151]",56826,1,-2.0,-2.0,0.0,1,0,0,0
wavmark,8,1024,280,english:2092,1,fwp,"[295, 14007, 21071, 37951, 42407, 45999, 56826, 62151]",65021,0,-2.0,-2.0,0.0,1,1,0,0
wavmark,8,4096,280,english:2092,1,fwp,"[295, 14007, 21071, 37951, 42407, 45999, 56826, 62151]",57343,0,-2.0,-1.0,1.0,3,1,0,0
wavmark,8,16384,280,english:2092,1,fwp,"[295, 14007, 21071, 37951, 42407, 45999, 56826, 62151]",56831,0,-2.0,-0.0,2.0,9,1,1,1
wavmark,8,65536,280,english:2092,1,fwp,"[295, 14007, 21071, 37951, 42407, 45999, 56826, 62151]",56831,0,-2.0,-0.0,2.0,18,1,1,1
wavmark,8,256,281,english:2092,2,mean,"[7741, 18346, 21476, 22631, 31030, 48322, 59655, 63383]",32439,0,-3.0,-1.0,2.0,3,1,0,0
wavmark,8,1024,281,english:2092,2,mean,"[7741, 18346, 21476, 22631, 31030, 48322, 59655, 63383]",32727,0,-3.0,-2.0,1.0,3,1,0,0
wavmark,8,4096,281,english:2092,2,mean,"[7741, 18346, 21476, 22631, 31030, 48322, 59655, 63383]",65471,0,-3.0,-2.0,1.0,10,1,1,1
wavmark,8,16384,281,english:2092,2,mean,"[7741, 18346, 21476, 22631, 31030, 48322, 59655, 63383]",32695,0,-3.0,-0.0,3.0,36,1,1,1
wavmark,8,65536,281,english:2092,2,mean,"[7741, 18346, 21476, 22631, 31030, 48322, 59655, 63383]",32695,0,-3.0,-0.0,3.0,138,1,1,1
wavmark,8,256,281,english:2092,2,fwp,"[7741, 18346, 21476, 22631, 31030, 48322, 59655, 63383]",46838,0,-5.0,-2.0,3.0,12,1,1,1
wavmark,8,1024,281,english:2092,2,fwp,"[7741, 18346, 21476, 22631, 31030, 48322, 59655, 63383]",46830,0,-5.0,-2.0,3.0,47,1,1,1
wavmark,8,4096,281,english:2092,2,fwp,"[7741, 18346, 21476, 22631, 31030, 48322, 59655, 63383]",48862,0,-5.0,-1.0,4.0,167,1,1,1
wavmark,8,16384,281,english:2092,2,fwp,"[7741, 18346, 21476, 22631, 31030, 48322, 59655, 63383]",48890,0,-5.0,-1.0,4.0,614,1,1,1
wavmark,8,65536,281,english:2092,2,fwp,"[7741, 18346, 21476, 22631, 31030, 48322, 59655, 63383]",48894,0,-5.0,-0.0,5.0,2518,1,1,1
wavmark,8,256,282,english:211,0,mean,"[21830, 51662, 52581, 58275, 60617, 61101, 62790, 65143]",56806,0,-3.0,-3.0,0.0,1,1,0,0
wavmark,8,1024,282,english:211,0,mean,"[21830, 51662, 52581, 58275, 60617, 61101, 62790, 65143]",59877,0,-3.0,-2.0,1.0,3,1,1,1
wavmark,8,4096,282,english:211,0,mean,"[21830, 51662, 52581, 58275, 60617, 61101, 62790, 65143]",61415,0,-3.0,-1.0,2.0,14,1,1,1
wavmark,8,16384,282,english:211,0,mean,"[21830, 51662, 52581, 58275, 60617, 61101, 62790, 65143]",60903,0,-3.0,-0.0,3.0,43,1,1,1
wavmark,8,65536,282,english:211,0,mean,"[21830, 51662, 52581, 58275, 60617, 61101, 62790, 65143]",60903,0,-3.0,-0.0,3.0,138,1,1,1
wavmark,8,256,282,english:211,0,fwp,"[21830, 51662, 52581, 58275, 60617, 61101, 62790, 65143]",56806,0,-5.0,-3.0,2.0,6,1,1,1
wavmark,8,1024,282,english:211,0,fwp,"[21830, 51662, 52581, 58275, 60617, 61101, 62790, 65143]",64877,0,-5.0,-2.0,3.0,42,1,1,1
wavmark,8,4096,282,english:211,0,fwp,"[21830, 51662, 52581, 58275, 60617, 61101, 62790, 65143]",65006,0,-5.0,-1.0,4.0,168,1,1,1
wavmark,8,16384,282,english:211,0,fwp,"[21830, 51662, 52581, 58275, 60617, 61101, 62790, 65143]",65023,0,-5.0,-1.0,4.0,586,1,1,1
wavmark,8,65536,282,english:211,0,fwp,"[21830, 51662, 52581, 58275, 60617, 61101, 62790, 65143]",65007,0,-5.0,-0.0,5.0,2518,1,1,1
wavmark,8,256,283,english:211,1,mean,"[1027, 13802, 34757, 36899, 43548, 47496, 48528, 62510]",47496,1,-2.0,-3.0,-1.0,1,0,0,0
wavmark,8,1024,283,english:211,1,mean,"[1027, 13802, 34757, 36899, 43548, 47496, 48528, 62510]",63882,0,-2.0,-2.0,0.0,1,1,1,0
wavmark,8,4096,283,english:211,1,mean,"[1027, 13802, 34757, 36899, 43548, 47496, 48528, 62510]",49034,0,-2.0,-1.0,1.0,2,1,1,0
wavmark,8,16384,283,english:211,1,mean,"[1027, 13802, 34757, 36899, 43548, 47496, 48528, 62510]",48554,0,-2.0,-1.0,1.0,4,1,1,1
wavmark,8,65536,283,english:211,1,mean,"[1027, 13802, 34757, 36899, 43548, 47496, 48528, 62510]",48522,0,-2.0,-0.0,2.0,18,1,1,1
wavmark,8,256,283,english:211,1,fwp,"[1027, 13802, 34757, 36899, 43548, 47496, 48528, 62510]",40438,0,-5.0,-3.0,2.0,13,1,1,1
wavmark,8,1024,283,english:211,1,fwp,"[1027, 13802, 34757, 36899, 43548, 47496, 48528, 62510]",65535,0,-5.0,-2.0,3.0,52,1,1,1
wavmark,8,4096,283,english:211,1,fwp,"[1027, 13802, 34757, 36899, 43548, 47496, 48528, 62510]",49150,0,-5.0,-0.0,5.0,171,1,1,1
wavmark,8,16384,283,english:211,1,fwp,"[1027, 13802, 34757, 36899, 43548, 47496, 48528, 62510]",49151,0,-5.0,-1.0,4.0,592,1,1,1
wavmark,8,65536,283,english:211,1,fwp,"[1027, 13802, 34757, 36899, 43548, 47496, 48528, 62510]",49150,0,-5.0,-0.0,5.0,2518,1,1,1
wavmark,8,256,284,english:211,2,mean,"[31, 192, 8714, 34265, 41493, 43859, 44418, 63114]",57627,0,-4.0,-2.0,2.0,5,1,1,1
wavmark,8,1024,284,english:211,2,mean,"[31, 192, 8714, 34265, 41493, 43859, 44418, 63114]",41115,0,-4.0,-1.0,3.0,16,1,1,1
wavmark,8,4096,284,english:211,2,mean,"[31, 192, 8714, 34265, 41493, 43859, 44418, 63114]",41435,0,-4.0,-1.0,3.0,38,1,1,1
wavmark,8,16384,284,english:211,2,mean,"[31, 192, 8714, 34265, 41493, 43859, 44418, 63114]",41371,0,-4.0,-0.0,4.0,166,1,1,1
wavmark,8,65536,284,english:211,2,mean,"[31, 192, 8714, 34265, 41493, 43859, 44418, 63114]",41371,0,-4.0,-0.0,4.0,698,1,1,1
wavmark,8,256,284,english:211,2,fwp,"[31, 192, 8714, 34265, 41493, 43859, 44418, 63114]",42746,0,-3.0,-3.0,0.0,1,1,0,0
wavmark,8,1024,284,english:211,2,fwp,"[31, 192, 8714, 34265, 41493, 43859, 44418, 63114]",57819,0,-3.0,-3.0,0.0,1,1,1,1
wavmark,8,4096,284,english:211,2,fwp,"[31, 192, 8714, 34265, 41493, 43859, 44418, 63114]",63451,0,-3.0,-2.0,1.0,8,1,1,1
wavmark,8,16384,284,english:211,2,fwp,"[31, 192, 8714, 34265, 41493, 43859, 44418, 63114]",42969,0,-3.0,-1.0,2.0,34,1,1,1
wavmark,8,65536,284,english:211,2,fwp,"[31, 192, 8714, 34265, 41493, 43859, 44418, 63114]",42971,0,-3.0,-0.0,3.0,138,1,1,1
wavmark,8,256,285,english:2136,0,mean,"[272, 1125, 15785, 26129, 38865, 39959, 59132, 62131]",46865,0,-4.0,-3.0,1.0,4,1,1,1
wavmark,8,1024,285,english:2136,0,mean,"[272, 1125, 15785, 26129, 38865, 39959, 59132, 62131]",46387,0,-4.0,-2.0,2.0,8,1,1,1
wavmark,8,4096,285,english:2136,0,mean,"[272, 1125, 15785, 26129, 38865, 39959, 59132, 62131]",46497,0,-4.0,-1.0,3.0,39,1,1,1
wavmark,8,16384,285,english:2136,0,mean,"[272, 1125, 15785, 26129, 38865, 39959, 59132, 62131]",46497,0,-4.0,-1.0,3.0,167,1,1,1
wavmark,8,65536,285,english:2136,0,mean,"[272, 1125, 15785, 26129, 38865, 39959, 59132, 62131]",46513,0,-4.0,-0.0,4.0,698,1,1,1
wavmark,8,256,285,english:2136,0,fwp,"[272, 1125, 15785, 26129, 38865, 39959, 59132, 62131]",42428,0,-3.0,-1.0,2.0,2,1,0,0
wavmark,8,1024,285,english:2136,0,fwp,"[272, 1125, 15785, 26129, 38865, 39959, 59132, 62131]",46524,0,-3.0,-2.0,1.0,4,1,1,1
wavmark,8,4096,285,english:2136,0,fwp,"[272, 1125, 15785, 26129, 38865, 39959, 59132, 62131]",44988,0,-3.0,-1.0,2.0,12,1,1,1
wavmark,8,16384,285,english:2136,0,fwp,"[272, 1125, 15785, 26129, 38865, 39959, 59132, 62131]",47036,0,-3.0,-1.0,2.0,33,1,1,1
wavmark,8,65536,285,english:2136,0,fwp,"[272, 1125, 15785, 26129, 38865, 39959, 59132, 62131]",42940,0,-3.0,-0.0,3.0,138,1,1,1
wavmark,8,256,286,english:2136,1,mean,"[1354, 6817, 11917, 34929, 40084, 59831, 64458, 65215]",65215,1,-3.0,-3.0,0.0,1,0,0,0
wavmark,8,1024,286,english:2136,1,mean,"[1354, 6817, 11917, 34929, 40084, 59831, 64458, 65215]",48303,0,-3.0,-2.0,1.0,3,1,0,0
wavmark,8,4096,286,english:2136,1,mean,"[1354, 6817, 11917, 34929, 40084, 59831, 64458, 65215]",42175,0,-3.0,-1.0,2.0,8,1,1,1
wavmark,8,16384,286,english:2136,1,mean,"[1354, 6817, 11917, 34929, 40084, 59831, 64458, 65215]",44479,0,-3.0,-1.0,2.0,32,1,1,1
wavmark,8,65536,286,english:2136,1,mean,"[1354, 6817, 11917, 34929, 40084, 59831, 64458, 65215]",44223,0,-3.0,-0.0,3.0,138,1,1,1
wavmark,8,256,286,english:2136,1,fwp,"[1354, 6817, 11917, 34929, 40084, 59831, 64458, 65215]",44914,0,-5.0,-3.0,2.0,11,1,1,1
wavmark,8,1024,286,english:2136,1,fwp,"[1354, 6817, 11917, 34929, 40084, 59831, 64458, 65215]",36862,0,-5.0,-1.0,4.0,45,1,1,1
wavmark,8,4096,286,english:2136,1,fwp,"[1354, 6817, 11917, 34929, 40084, 59831, 64458, 65215]",49150,0,-5.0,-1.0,4.0,147,1,1,1
wavmark,8,16384,286,english:2136,1,fwp,"[1354, 6817, 11917, 34929, 40084, 59831, 64458, 65215]",45055,0,-5.0,-1.0,4.0,615,1,1,1
wavmark,8,65536,286,english:2136,1,fwp,"[1354, 6817, 11917, 34929, 40084, 59831, 64458, 65215]",45054,0,-5.0,-0.0,5.0,2518,1,1,1
wavmark,8,256,287,english:2136,2,mean,"[13119, 17239, 21499, 37741, 39248, 46569, 49107, 62980]",13119,1,-2.0,-3.0,-1.0,1,0,0,0
wavmark,8,1024,287,english:2136,2,mean,"[13119, 17239, 21499, 37741, 39248, 46569, 49107, 62980]",46075,0,-2.0,-2.0,0.0,1,1,0,0
wavmark,8,4096,287,english:2136,2,mean,"[13119, 17239, 21499, 37741, 39248, 46569, 49107, 62980]",41855,0,-2.0,-1.0,1.0,2,1,1,1
wavmark,8,16384,287,english:2136,2,mean,"[13119, 17239, 21499, 37741, 39248, 46569, 49107, 62980]",46975,0,-2.0,-1.0,1.0,3,1,1,1
wavmark,8,65536,287,english:2136,2,mean,"[13119, 17239, 21499, 37741, 39248, 46569, 49107, 62980]",45951,0,-2.0,-0.0,2.0,18,1,1,1
wavmark,8,256,287,english:2136,2,fwp,"[13119, 17239, 21499, 37741, 39248, 46569, 49107, 62980]",55295,0,-4.0,-1.0,3.0,4,1,1,1
wavmark,8,1024,287,english:2136,2,fwp,"[13119, 17239, 21499, 37741, 39248, 46569, 49107, 62980]",55293,0,-4.0,-2.0,2.0,18,1,1,1
wavmark,8,4096,287,english:2136,2,fwp,"[13119, 17239, 21499, 37741, 39248, 46569, 49107, 62980]",63227,0,-4.0,-2.0,2.0,32,1,1,1
wavmark,8,16384,287,english:2136,2,fwp,"[13119, 17239, 21499, 37741, 39248, 46569, 49107, 62980]",63487,0,-4.0,-0.0,4.0,195,1,1,1
wavmark,8,65536,287,english:2136,2,fwp,"[13119, 17239, 21499, 37741, 39248, 46569, 49107, 62980]",63487,0,-4.0,-0.0,4.0,698,1,1,1
wavmark,8,256,288,english:2159,0,mean,"[4799, 14447, 17146, 20385, 24673, 27249, 48358, 56390]",32231,0,-4.0,-3.0,1.0,4,1,1,1
wavmark,8,1024,288,english:2159,0,mean,"[4799, 14447, 17146, 20385, 24673, 27249, 48358, 56390]",30887,0,-4.0,-2.0,2.0,12,1,1,1
wavmark,8,4096,288,english:2159,0,mean,"[4799, 14447, 17146, 20385, 24673, 27249, 48358, 56390]",31735,0,-4.0,-2.0,2.0,38,1,1,1
wavmark,8,16384,288,english:2159,0,mean,"[4799, 14447, 17146, 20385, 24673, 27249, 48358, 56390]",30967,0,-4.0,-0.0,4.0,164,1,1,1
wavmark,8,65536,288,english:2159,0,mean,"[4799, 14447, 17146, 20385, 24673, 27249, 48358, 56390]",30967,0,-4.0,-0.0,4.0,698,1,1,1
wavmark,8,256,288,english:2159,0,fwp,"[4799, 14447, 17146, 20385, 24673, 27249, 48358, 56390]",48766,0,-4.0,-3.0,1.0,4,1,1,1
wavmark,8,1024,288,english:2159,0,fwp,"[4799, 14447, 17146, 20385, 24673, 27249, 48358, 56390]",57083,0,-4.0,-2.0,2.0,17,1,1,1
wavmark,8,4096,288,english:2159,0,fwp,"[4799, 14447, 17146, 20385, 24673, 27249, 48358, 56390]",39679,0,-4.0,-1.0,3.0,45,1,1,1
wavmark,8,16384,288,english:2159,0,fwp,"[4799, 14447, 17146, 20385, 24673, 27249, 48358, 56390]",57087,0,-4.0,-1.0,3.0,173,1,1,1
wavmark,8,65536,288,english:2159,0,fwp,"[4799, 14447, 17146, 20385, 24673, 27249, 48358, 56390]",40703,0,-4.0,-0.0,4.0,698,1,1,1
wavmark,8,256,289,english:2159,1,mean,"[511, 5330, 22339, 30832, 40582, 48305, 58548, 63795]",48635,0,-2.0,-2.0,0.0,1,1,0,0
wavmark,8,1024,289,english:2159,1,mean,"[511, 5330, 22339, 30832, 40582, 48305, 58548, 63795]",48881,0,-2.0,-2.0,0.0,1,1,0,0
wavmark,8,4096,289,english:2159,1,mean,"[511, 5330, 22339, 30832, 40582, 48305, 58548, 63795]",48370,0,-2.0,-1.0,1.0,2,1,1,0
wavmark,8,16384,289,english:2159,1,mean,"[511, 5330, 22339, 30832, 40582, 48305, 58548, 63795]",48883,0,-2.0,-1.0,1.0,4,1,1,1
wavmark,8,65536,289,english:2159,1,mean,"[511, 5330, 22339, 30832, 40582, 48305, 58548, 63795]",48371,0,-2.0,-0.0,2.0,18,1,1,1
wavmark,8,256,289,english:2159,1,fwp,"[511, 5330, 22339, 30832, 40582, 48305, 58548, 63795]",63335,0,-5.0,-3.0,2.0,9,1,1,1
wavmark,8,1024,289,english:2159,1,fwp,"[511, 5330, 22339, 30832, 40582, 48305, 58548, 63795]",62963,0,-5.0,-1.0,4.0,42,1,1,1
wavmark,8,4096,289,english:2159,1,fwp,"[511, 5330, 22339, 30832, 40582, 48305, 58548, 63795]",62962,0,-5.0,-2.0,3.0,177,1,1,1
wavmark,8,16384,289,english:2159,1,fwp,"[511, 5330, 22339, 30832, 40582, 48305, 58548, 63795]",65015,0,-5.0,-1.0,4.0,612,1,1,1
wavmark,8,65536,289,english:2159,1,fwp,"[511, 5330, 22339, 30832, 40582, 48305, 58548, 63795]",62967,0,-5.0,-0.0,5.0,2518,1,1,1
wavmark,8,256,290,english:2159,2,mean,"[1534, 6072, 17332, 26592, 32539, 37440, 48146, 56137]",6072,1,-2.0,-3.0,-1.0,1,0,0,0
wavmark,8,1024,290,english:2159,2,mean,"[1534, 6072, 17332, 26592, 32539, 37440, 48146, 56137]",16185,0,-2.0,-2.0,0.0,1,1,0,0
wavmark,8,4096,290,english:2159,2,mean,"[1534, 6072, 17332, 26592, 32539, 37440, 48146, 56137]",49064,0,-2.0,-2.0,0.0,1,1,1,1
wavmark,8,16384,290,english:2159,2,mean,"[1534, 6072, 17332, 26592, 32539, 37440, 48146, 56137]",49080,0,-2.0,-1.0,1.0,5,1,1,1
wavmark,8,65536,290,english:2159,2,mean,"[1534, 6072, 17332, 26592, 32539, 37440, 48146, 56137]",16312,0,-2.0,-0.0,2.0,18,1,1,1
wavmark,8,256,290,english:2159,2,fwp,"[1534, 6072, 17332, 26592, 32539, 37440, 48146, 56137]",49003,0,-3.0,-2.0,1.0,3,1,1,0
wavmark,8,1024,290,english:2159,2,fwp,"[1534, 6072, 17332, 26592, 32539, 37440, 48146, 56137]",48715,0,-3.0,-2.0,1.0,4,1,1,1
wavmark,8,4096,290,english:2159,2,fwp,"[1534, 6072, 17332, 26592, 32539, 37440, 48146, 56137]",48985,0,-3.0,-1.0,2.0,10,1,1,1
wavmark,8,16384,290,english:2159,2,fwp,"[1534, 6072, 17332, 26592, 32539, 37440, 48146, 56137]",49019,0,-3.0,-1.0,2.0,29,1,1,1
wavmark,8,65536,290,english:2159,2,fwp,"[1534, 6072, 17332, 26592, 32539, 37440, 48146, 56137]",48987,0,-3.0,-0.0,3.0,138,1,1,1
wavmark,8,256,291,english:2182,0,mean,"[3937, 9662, 28702, 31569, 34349, 37033, 39087, 56219]",39870,0,-4.0,-2.0,2.0,2,1,0,0
wavmark,8,1024,291,english:2182,0,mean,"[3937, 9662, 28702, 31569, 34349, 37033, 39087, 56219]",39743,0,-4.0,-2.0,2.0,15,1,1,1
wavmark,8,4096,291,english:2182,0,mean,"[3937, 9662, 28702, 31569, 34349, 37033, 39087, 56219]",47551,0,-4.0,-1.0,3.0,42,1,1,1
wavmark,8,16384,291,english:2182,0,mean,"[3937, 9662, 28702, 31569, 34349, 37033, 39087, 56219]",47935,0,-4.0,-1.0,3.0,186,1,1,1
wavmark,8,65536,291,english:2182,0,mean,"[3937, 9662, 28702, 31569, 34349, 37033, 39087, 56219]",48063,0,-4.0,-0.0,4.0,698,1,1,1
wavmark,8,256,291,english:2182,0,fwp,"[3937, 9662, 28702, 31569, 34349, 37033, 39087, 56219]",61311,0,-5.0,-2.0,3.0,10,1,1,1
wavmark,8,1024,291,english:2182,0,fwp,"[3937, 9662, 28702, 31569, 34349, 37033, 39087, 56219]",44925,0,-5.0,-2.0,3.0,49,1,1,1
wavmark,8,4096,291,english:2182,0,fwp,"[3937, 9662, 28702, 31569, 34349, 37033, 39087, 56219]",12095,0,-5.0,-1.0,4.0,141,1,1,1
wavmark,8,16384,291,english:2182,0,fwp,"[3937, 9662, 28702, 31569, 34349, 37033, 39087, 56219]",28543,0,-5.0,-1.0,4.0,647,1,1,1
wavmark,8,65536,291,english:2182,0,fwp,"[3937, 9662, 28702, 31569, 34349, 37033, 39087, 56219]",12159,0,-5.0,-0.0,5.0,2518,1,1,1
wavmark,8,256,292,english:2182,1,mean,"[5925, 21646, 24404, 26176, 26259, 58462, 61276, 62061]",9852,0,-3.0,-2.0,1.0,2,1,0,0
wavmark,8,1024,292,english:2182,1,mean,"[5925, 21646, 24404, 26176, 26259, 58462, 61276, 62061]",9756,0,-3.0,-2.0,1.0,2,1,0,0
wavmark,8,4096,292,english:2182,1,mean,"[5925, 21646, 24404, 26176, 26259, 58462, 61276, 62061]",58460,0,-3.0,-2.0,1.0,3,1,1,0
wavmark,8,16384,292,english:2182,1,mean,"[5925, 21646, 24404, 26176, 26259, 58462, 61276, 62061]",28252,0,-3.0,-1.0,2.0,36,1,1,1
wavmark,8,65536,292,english:2182,1,mean,"[5925, 21646, 24404, 26176, 26259, 58462, 61276, 62061]",26204,0,-3.0,-0.0,3.0,138,1,1,1
wavmark,8,256,292,english:2182,1,fwp,"[5925, 21646, 24404, 26176, 26259, 58462, 61276, 62061]",34685,0,-5.0,-2.0,3.0,12,1,1,1
wavmark,8,1024,292,english:2182,1,fwp,"[5925, 21646, 24404, 26176, 26259, 58462, 61276, 62061]",46943,0,-5.0,-2.0,3.0,34,1,1,1
wavmark,8,4096,292,english:2182,1,fwp,"[5925, 21646, 24404, 26176, 26259, 58462, 61276, 62061]",42623,0,-5.0,-1.0,4.0,176,1,1,1
wavmark,8,16384,292,english:2182,1,fwp,"[5925, 21646, 24404, 26176, 26259, 58462, 61276, 62061]",43007,0,-5.0,-1.0,4.0,627,1,1,1
wavmark,8,65536,292,english:2182,1,fwp,"[5925, 21646, 24404, 26176, 26259, 58462, 61276, 62061]",42879,0,-5.0,-0.0,5.0,2518,1,1,1
wavmark,8,256,293,english:2182,2,mean,"[3292, 3732, 11627, 28973, 34702, 35407, 46387, 57021]",48559,0,-5.0,-3.0,2.0,9,1,1,1
wavmark,8,1024,293,english:2182,2,mean,"[3292, 3732, 11627, 28973, 34702, 35407, 46387, 57021]",44983,0,-5.0,-1.0,4.0,28,1,1,1
wavmark,8,4096,293,english:2182,2,mean,"[3292, 3732, 11627, 28973, 34702, 35407, 46387, 57021]",61374,0,-5.0,-2.0,3.0,155,1,1,1
wavmark,8,16384,293,english:2182,2,mean,"[3292, 3732, 11627, 28973, 34702, 35407, 46387, 57021]",61375,0,-5.0,-1.0,4.0,644,1,1,1
wavmark,8,65536,293,english:2182,2,mean,"[3292, 3732, 11627, 28973, 34702, 35407, 46387, 57021]",44991,0,-5.0,-0.0,5.0,2518,1,1,1
wavmark,8,256,293,english:2182,2,fwp,"[3292, 3732, 11627, 28973, 34702, 35407, 46387, 57021]",48559,0,-5.0,-4.0,1.0,11,1,1,1
wavmark,8,1024,293,english:2182,2,fwp,"[3292, 3732, 11627, 28973, 34702, 35407, 46387, 57021]",11708,0,-5.0,-1.0,4.0,32,1,1,1
wavmark,8,4096,293,english:2182,2,fwp,"[3292, 3732, 11627, 28973, 34702, 35407, 46387, 57021]",44477,0,-5.0,-1.0,4.0,147,1,1,1
wavmark,8,16384,293,english:2182,2,fwp,"[3292, 3732, 11627, 28973, 34702, 35407, 46387, 57021]",11701,0,-5.0,-1.0,4.0,676,1,1,1
wavmark,8,65536,293,english:2182,2,fwp,"[3292, 3732, 11627, 28973, 34702, 35407, 46387, 57021]",11709,0,-5.0,-0.0,5.0,2518,1,1,1
wavmark,8,256,294,english:2196,0,mean,"[8107, 18130, 33405, 35036, 43234, 57923, 62131, 62620]",42651,0,-5.0,-3.0,2.0,14,1,1,1
wavmark,8,1024,294,english:2196,0,mean,"[8107, 18130, 33405, 35036, 43234, 57923, 62131, 62620]",44219,0,-5.0,-2.0,3.0,34,1,1,1
wavmark,8,4096,294,english:2196,0,mean,"[8107, 18130, 33405, 35036, 43234, 57923, 62131, 62620]",48889,0,-5.0,-2.0,3.0,154,1,1,1
wavmark,8,16384,294,english:2196,0,mean,"[8107, 18130, 33405, 35036, 43234, 57923, 62131, 62620]",44795,0,-5.0,-0.0,5.0,648,1,1,1
wavmark,8,65536,294,english:2196,0,mean,"[8107, 18130, 33405, 35036, 43234, 57923, 62131, 62620]",44795,0,-5.0,-0.0,5.0,2518,1,1,1
wavmark,8,256,294,english:2196,0,fwp,"[8107, 18130, 33405, 35036, 43234, 57923, 62131, 62620]",64247,0,-4.0,-3.0,1.0,4,1,1,1
wavmark,8,1024,294,english:2196,0,fwp,"[8107, 18130, 33405, 35036, 43234, 57923, 62131, 62620]",10879,0,-4.0,-2.0,2.0,11,1,1,1
wavmark,8,4096,294,english:2196,0,fwp,"[8107, 18130, 33405, 35036, 43234, 57923, 62131, 62620]",60415,0,-4.0,-2.0,2.0,32,1,1,1
wavmark,8,16384,294,english:2196,0,fwp,"[8107, 18130, 33405, 35036, 43234, 57923, 62131, 62620]",44799,0,-4.0,-1.0,3.0,180,1,1,1
wavmark,8,65536,294,english:2196,0,fwp,"[8107, 18130, 33405, 35036, 43234, 57923, 62131, 62620]",43775,0,-4.0,-0.0,4.0,698,1,1,1
wavmark,8,256,295,english:2196,1,mean,"[9652, 30285, 38152, 41076, 42515, 45990, 55661, 63039]",42941,0,-3.0,-2.0,1.0,2,1,0,0
wavmark,8,1024,295,english:2196,1,mean,"[9652, 30285, 38152, 41076, 42515, 45990, 55661, 63039]",63277,0,-3.0,-2.0,1.0,4,1,1,1
wavmark,8,4096,295,english:2196,1,mean,"[9652, 30285, 38152, 41076, 42515, 45990, 55661, 63039]",65341,0,-3.0,-2.0,1.0,9,1,1,1
wavmark,8,16384,295,english:2196,1,mean,"[9652, 30285, 38152, 41076, 42515, 45990, 55661, 63039]",46877,0,-3.0,-1.0,2.0,34,1,1,1
wavmark,8,65536,295,english:2196,1,mean,"[9652, 30285, 38152, 41076, 42515, 45990, 55661, 63039]",46909,0,-3.0,-0.0,3.0,138,1,1,1
wavmark,8,256,295,english:2196,1,fwp,"[9652, 30285, 38152, 41076, 42515, 45990, 55661, 63039]",44908,0,-5.0,-3.0,2.0,13,1,1,1
wavmark,8,1024,295,english:2196,1,fwp,"[9652, 30285, 38152, 41076, 42515, 45990, 55661, 63039]",60287,0,-5.0,-2.0,3.0,29,1,1,1
wavmark,8,4096,295,english:2196,1,fwp,"[9652, 30285, 38152, 41076, 42515, 45990, 55661, 63039]",43903,0,-5.0,-1.0,4.0,164,1,1,1
wavmark,8,16384,295,english:2196,1,fwp,"[9652, 30285, 38152, 41076, 42515, 45990, 55661, 63039]",44927,0,-5.0,-0.0,5.0,671,1,1,1
wavmark,8,65536,295,english:2196,1,fwp,"[9652, 30285, 38152, 41076, 42515, 45990, 55661, 63039]",44927,0,-5.0,-0.0,5.0,2518,1,1,1
wavmark,8,256,296,english:2196,2,mean,"[8849, 12522, 22369, 23664, 36030, 38632, 48009, 56013]",49017,0,-4.0,-2.0,2.0,4,1,1,1
wavmark,8,1024,296,english:2196,2,mean,"[8849, 12522, 22369, 23664, 36030, 38632, 48009, 56013]",48860,0,-4.0,-3.0,1.0,8,1,1,1
wavmark,8,4096,296,english:2196,2,mean,"[8849, 12522, 22369, 23664, 36030, 38632, 48009, 56013]",65275,0,-4.0,-2.0,2.0,41,1,1,1
wavmark,8,16384,296,english:2196,2,mean,"[8849, 12522, 22369, 23664, 36030, 38632, 48009, 56013]",49145,0,-4.0,-1.0,3.0,180,1,1,1
wavmark,8,65536,296,english:2196,2,mean,"[8849, 12522, 22369, 23664, 36030, 38632, 48009, 56013]",48889,0,-4.0,-0.0,4.0,698,1,1,1
wavmark,8,256,296,english:2196,2,fwp,"[8849, 12522, 22369, 23664, 36030, 38632, 48009, 56013]",40379,0,-3.0,-3.0,0.0,1,1,0,0
wavmark,8,1024,296,english:2196,2,fwp,"[8849, 12522, 22369, 23664, 36030, 38632, 48009, 56013]",36335,0,-3.0,-1.0,2.0,5,1,1,1
wavmark,8,4096,296,english:2196,2,fwp,"[8849, 12522, 22369, 23664, 36030, 38632, 48009, 56013]",36349,0,-3.0,-1.0,2.0,11,1,1,1
wavmark,8,16384,296,english:2196,2,fwp,"[8849, 12522, 22369, 23664, 36030, 38632, 48009, 56013]",36347,0,-3.0,-1.0,2.0,40,1,1,1
wavmark,8,65536,296,english:2196,2,fwp,"[8849, 12522, 22369, 23664, 36030, 38632, 48009, 56013]",36351,0,-3.0,-0.0,3.0,138,1,1,1
wavmark,8,256,297,english:226,0,mean,"[6745, 7808, 9829, 10562, 12370, 24294, 54440, 58538]",24294,1,-3.0,-3.0,0.0,1,0,0,0
wavmark,8,1024,297,english:226,0,mean,"[6745, 7808, 9829, 10562, 12370, 24294, 54440, 58538]",15074,0,-3.0,-1.0,2.0,3,1,1,0
wavmark,8,4096,297,english:226,0,mean,"[6745, 7808, 9829, 10562, 12370, 24294, 54440, 58538]",16114,0,-3.0,-1.0,2.0,8,1,1,1
wavmark,8,16384,297,english:226,0,mean,"[6745, 7808, 9829, 10562, 12370, 24294, 54440, 58538]",16034,0,-3.0,-1.0,2.0,32,1,1,1
wavmark,8,65536,297,english:226,0,mean,"[6745, 7808, 9829, 10562, 12370, 24294, 54440, 58538]",16098,0,-3.0,-0.0,3.0,138,1,1,1
wavmark,8,256,297,english:226,0,fwp,"[6745, 7808, 9829, 10562, 12370, 24294, 54440, 58538]",47851,0,-6.0,-3.0,3.0,33,1,1,1
wavmark,8,1024,297,english:226,0,fwp,"[6745, 7808, 9829, 10562, 12370, 24294, 54440, 58538]",12025,0,-6.0,-2.0,4.0,106,1,1,1
wavmark,8,4096,297,english:226,0,fwp,"[6745, 7808, 9829, 10562, 12370, 24294, 54440, 58538]",61179,0,-6.0,-1.0,5.0,434,1,1,1
wavmark,8,16384,297,english:226,0,fwp,"[6745, 7808, 9829, 10562, 12370, 24294, 54440, 58538]",61179,0,-6.0,-1.0,5.0,1738,1,1,1
wavmark,8,65536,297,english:226,0,fwp,"[6745, 7808, 9829, 10562, 12370, 24294, 54440, 58538]",44795,0,-6.0,-0.0,6.0,6886,1,1,1
wavmark,8,256,298,english:226,1,mean,"[6104, 16772, 18830, 26567, 34439, 38692, 42845, 47582]",43414,0,-4.0,-4.0,0.0,1,1,0,0
wavmark,8,1024,298,english:226,1,mean,"[6104, 16772, 18830, 26567, 34439, 38692, 42845, 47582]",42398,0,-4.0,-1.0,3.0,15,1,1,1
wavmark,8,4096,298,english:226,1,mean,"[6104, 16772, 18830, 26567, 34439, 38692, 42845, 47582]",42894,0,-4.0,-1.0,3.0,44,1,1,1
wavmark,8,16384,298,english:226,1,mean,"[6104, 16772, 18830, 26567, 34439, 38692, 42845, 47582]",42910,0,-4.0,-0.0,4.0,178,1,1,1
wavmark,8,65536,298,english:226,1,mean,"[6104, 16772, 18830, 26567, 34439, 38692, 42845, 47582]",42910,0,-4.0,-0.0,4.0,698,1,1,1
wavmark,8,256,298,english:226,1,fwp,"[6104, 16772, 18830, 26567, 34439, 38692, 42845, 47582]",44783,0,-3.0,-3.0,0.0,1,1,0,0
wavmark,8,1024,298,english:226,1,fwp,"[6104, 16772, 18830, 26567, 34439, 38692, 42845, 47582]",44831,0,-3.0,-2.0,1.0,2,1,1,1
wavmark,8,4096,298,english:226,1,fwp,"[6104, 16772, 18830, 26567, 34439, 38692, 42845, 47582]",61279,0,-3.0,-2.0,1.0,11,1,1,1
wavmark,8,16384,298,english:226,1,fwp,"[6104, 16772, 18830, 26567, 34439, 38692, 42845, 47582]",45055,0,-3.0,-1.0,2.0,42,1,1,1
wavmark,8,65536,298,english:226,1,fwp,"[6104, 16772, 18830, 26567, 34439, 38692, 42845, 47582]",45023,0,-3.0,-0.0,3.0,138,1,1,1
wavmark,8,256,299,english:226,2,mean,"[3005, 5659, 11460, 17270, 20170, 21711, 31272, 44008]",36575,0,-4.0,-3.0,1.0,2,1,1,0
wavmark,8,1024,299,english:226,2,mean,"[3005, 5659, 11460, 17270, 20170, 21711, 31272, 44008]",3326,0,-4.0,-1.0,3.0,14,1,1,1
wavmark,8,4096,299,english:226,2,mean,"[3005, 5659, 11460, 17270, 20170, 21711, 31272, 44008]",36574,0,-4.0,-2.0,2.0,47,1,1,1
wavmark,8,16384,299,english:226,2,mean,"[3005, 5659, 11460, 17270, 20170, 21711, 31272, 44008]",4094,0,-4.0,-1.0,3.0,158,1,1,1
wavmark,8,65536,299,english:226,2,mean,"[3005, 5659, 11460, 17270, 20170, 21711, 31272, 44008]",3838,0,-4.0,-0.0,4.0,698,1,1,1
wavmark,8,256,299,english:226,2,fwp,"[3005, 5659, 11460, 17270, 20170, 21711, 31272, 44008]",35819,0,-4.0,-3.0,1.0,2,1,1,0
wavmark,8,1024,299,english:226,2,fwp,"[3005, 5659, 11460, 17270, 20170, 21711, 31272, 44008]",45050,0,-4.0,-3.0,1.0,7,1,1,1
wavmark,8,4096,299,english:226,2,fwp,"[3005, 5659, 11460, 17270, 20170, 21711, 31272, 44008]",45039,0,-4.0,-0.0,4.0,42,1,1,1
wavmark,8,16384,299,english:226,2,fwp,"[3005, 5659, 11460, 17270, 20170, 21711, 31272, 44008]",45039,0,-4.0,-0.0,4.0,170,1,1,1
wavmark,8,65536,299,english:226,2,fwp,"[3005, 5659, 11460, 17270, 20170, 21711, 31272, 44008]",45039,0,-4.0,-0.0,4.0,698,1,1,1
