model,K,spk,local_t,gi,target,method,target_top1,N_registry,target_margin
voicemark,3,chinese:SSB0005,0,0,5939,mean,0,1024,-10.05163918
voicemark,3,chinese:SSB0005,0,0,5939,tct,0,1024,-9.96658353
voicemark,3,chinese:SSB0005,0,0,40294,mean,0,1024,-23.61198087
voicemark,3,chinese:SSB0005,0,0,40294,tct,0,1024,-18.71495385
voicemark,3,chinese:SSB0005,0,0,16625,mean,0,1024,-32.71323009
voicemark,3,chinese:SSB0005,0,0,16625,tct,0,1024,-35.23093713
voicemark,3,chinese:SSB0005,0,0,57508,mean,0,1024,-29.02559228
voicemark,3,chinese:SSB0005,0,0,57508,tct,0,1024,-30.96718944
voicemark,3,chinese:SSB0005,0,0,34246,mean,0,1024,-53.96168371
voicemark,3,chinese:SSB0005,0,0,34246,tct,0,1024,-57.06117560
voicemark,3,chinese:SSB0005,0,0,64513,mean,0,1024,-53.74637170
voicemark,3,chinese:SSB0005,0,0,64513,tct,0,1024,-69.99240879
voicemark,3,chinese:SSB0005,0,0,18295,mean,0,1024,-30.69868194
voicemark,3,chinese:SSB0005,0,0,18295,tct,0,1024,-30.19835584
voicemark,3,chinese:SSB0005,0,0,60,mean,0,1024,-25.20994648
voicemark,3,chinese:SSB0005,0,0,60,tct,0,1024,-34.05739103
voicemark,3,chinese:SSB0005,0,0,2986,mean,0,1024,-49.17989583
voicemark,3,chinese:SSB0005,0,0,2986,tct,0,1024,-53.19833203
voicemark,3,chinese:SSB0005,0,0,8823,mean,0,1024,-43.16870542
voicemark,3,chinese:SSB0005,0,0,8823,tct,0,1024,-44.95009936
voicemark,3,chinese:SSB0005,1,1,39405,mean,0,1024,-40.10845964
voicemark,3,chinese:SSB0005,1,1,39405,tct,0,1024,-35.30615756
voicemark,3,chinese:SSB0005,1,1,58121,mean,0,1024,-39.00973026
voicemark,3,chinese:SSB0005,1,1,58121,tct,0,1024,-34.84934136
voicemark,3,chinese:SSB0005,1,1,6256,mean,0,1024,-34.28796808
voicemark,3,chinese:SSB0005,1,1,6256,tct,0,1024,-25.79858805
voicemark,3,chinese:SSB0005,1,1,49773,mean,0,1024,-36.83154623
voicemark,3,chinese:SSB0005,1,1,49773,tct,0,1024,-44.62925268
voicemark,3,chinese:SSB0005,1,1,56645,mean,0,1024,-47.13349287
voicemark,3,chinese:SSB0005,1,1,56645,tct,0,1024,-53.74402791
voicemark,3,chinese:SSB0005,1,1,17671,mean,0,1024,-11.68821685
voicemark,3,chinese:SSB0005,1,1,17671,tct,0,1024,-19.32867145
voicemark,3,chinese:SSB0005,1,1,24604,mean,0,1024,-53.20435755
voicemark,3,chinese:SSB0005,1,1,24604,tct,0,1024,-48.02813269
voicemark,3,chinese:SSB0005,1,1,49670,mean,0,1024,-26.24684040
voicemark,3,chinese:SSB0005,1,1,49670,tct,0,1024,-30.50154630
voicemark,3,chinese:SSB0005,1,1,57059,mean,0,1024,-52.36859362
voicemark,3,chinese:SSB0005,1,1,57059,tct,0,1024,-62.41978082
voicemark,3,chinese:SSB0005,1,1,4086,mean,0,1024,-54.04205458
voicemark,3,chinese:SSB0005,1,1,4086,tct,0,1024,-43.52610878
voicemark,3,chinese:SSB0005,2,2,20877,mean,0,1024,-38.37986589
voicemark,3,chinese:SSB0005,2,2,20877,tct,0,1024,-42.23228538
voicemark,3,chinese:SSB0005,2,2,18365,mean,0,1024,-44.41861463
voicemark,3,chinese:SSB0005,2,2,18365,tct,0,1024,-45.56773082
voicemark,3,chinese:SSB0005,2,2,20222,mean,0,1024,-55.77068449
voicemark,3,chinese:SSB0005,2,2,20222,tct,0,1024,-57.02810947
voicemark,3,chinese:SSB0005,2,2,33215,mean,0,1024,-38.12001777
voicemark,3,chinese:SSB0005,2,2,33215,tct,0,1024,-33.91942159
voicemark,3,chinese:SSB0005,2,2,32529,mean,0,1024,-45.63637424
voicemark,3,chinese:SSB0005,2,2,32529,tct,0,1024,-37.77126367
voicemark,3,chinese:SSB0005,2,2,49529,mean,0,1024,-47.93408609
voicemark,3,chinese:SSB0005,2,2,49529,tct,0,1024,-52.31655497
voicemark,3,chinese:SSB0005,2,2,31545,mean,0,1024,-43.90883279
voicemark,3,chinese:SSB0005,2,2,31545,tct,0,1024,-43.64062827
voicemark,3,chinese:SSB0005,2,2,17617,mean,0,1024,-42.31052566
voicemark,3,chinese:SSB0005,2,2,17617,tct,0,1024,-50.54825871
voicemark,3,chinese:SSB0005,2,2,5239,mean,0,1024,-22.82428636
voicemark,3,chinese:SSB0005,2,2,5239,tct,0,1024,-31.81774580
voicemark,3,chinese:SSB0005,2,2,22858,mean,0,1024,-46.43945909
voicemark,3,chinese:SSB0005,2,2,22858,tct,0,1024,-55.54404394
voicemark,3,chinese:SSB0009,0,3,24809,mean,0,1024,-32.08241320
voicemark,3,chinese:SSB0009,0,3,24809,tct,0,1024,-27.47035602
voicemark,3,chinese:SSB0009,0,3,25929,mean,0,1024,-32.36396360
voicemark,3,chinese:SSB0009,0,3,25929,tct,0,1024,-31.98609432
voicemark,3,chinese:SSB0009,0,3,39086,mean,0,1024,-40.46156454
voicemark,3,chinese:SSB0009,0,3,39086,tct,0,1024,-37.69833436
voicemark,3,chinese:SSB0009,0,3,40412,mean,0,1024,-43.63190687
voicemark,3,chinese:SSB0009,0,3,40412,tct,0,1024,-38.99694238
voicemark,3,chinese:SSB0009,0,3,13857,mean,0,1024,-53.33336484
voicemark,3,chinese:SSB0009,0,3,13857,tct,0,1024,-45.35261926
voicemark,3,chinese:SSB0009,0,3,36980,mean,0,1024,-39.11521566
voicemark,3,chinese:SSB0009,0,3,36980,tct,0,1024,-31.63217801
voicemark,3,chinese:SSB0009,0,3,8176,mean,0,1024,-22.65419018
voicemark,3,chinese:SSB0009,0,3,8176,tct,0,1024,-21.02510107
voicemark,3,chinese:SSB0009,0,3,63663,mean,0,1024,-47.25854874
voicemark,3,chinese:SSB0009,0,3,63663,tct,0,1024,-46.21245551
voicemark,3,chinese:SSB0009,0,3,10157,mean,0,1024,-59.35500133
voicemark,3,chinese:SSB0009,0,3,10157,tct,0,1024,-60.48276525
voicemark,3,chinese:SSB0009,0,3,58169,mean,0,1024,-44.29276454
voicemark,3,chinese:SSB0009,0,3,58169,tct,0,1024,-41.76230854
voicemark,3,chinese:SSB0009,1,4,34659,mean,0,1024,-21.44415405
voicemark,3,chinese:SSB0009,1,4,34659,tct,0,1024,-5.35794230
voicemark,3,chinese:SSB0009,1,4,53440,mean,0,1024,-46.78748342
voicemark,3,chinese:SSB0009,1,4,53440,tct,0,1024,-51.49159193
voicemark,3,chinese:SSB0009,1,4,3031,mean,0,1024,-38.79215452
voicemark,3,chinese:SSB0009,1,4,3031,tct,0,1024,-34.54422594
voicemark,3,chinese:SSB0009,1,4,34061,mean,0,1024,-43.57906267
voicemark,3,chinese:SSB0009,1,4,34061,tct,0,1024,-38.09422622
voicemark,3,chinese:SSB0009,1,4,31282,mean,0,1024,-40.86937972
voicemark,3,chinese:SSB0009,1,4,31282,tct,0,1024,-40.99000428
voicemark,3,chinese:SSB0009,1,4,57670,mean,0,1024,-38.10510894
voicemark,3,chinese:SSB0009,1,4,57670,tct,0,1024,-37.22755310
voicemark,3,chinese:SSB0009,1,4,36447,mean,0,1024,-52.79063579
voicemark,3,chinese:SSB0009,1,4,36447,tct,0,1024,-39.72740019
voicemark,3,chinese:SSB0009,1,4,41115,mean,0,1024,-41.74511501
voicemark,3,chinese:SSB0009,1,4,41115,tct,0,1024,-27.22243915
voicemark,3,chinese:SSB0009,1,4,51476,mean,0,1024,-19.81969660
voicemark,3,chinese:SSB0009,1,4,51476,tct,0,1024,-15.34988069
voicemark,3,chinese:SSB0009,1,4,49797,mean,0,1024,-14.26383543
voicemark,3,chinese:SSB0009,1,4,49797,tct,0,1024,-23.17992821
voicemark,3,chinese:SSB0009,2,5,61088,mean,0,1024,-47.56000681
voicemark,3,chinese:SSB0009,2,5,61088,tct,0,1024,-46.60423398
voicemark,3,chinese:SSB0009,2,5,40523,mean,0,1024,-21.87687082
voicemark,3,chinese:SSB0009,2,5,40523,tct,0,1024,-16.84671676
voicemark,3,chinese:SSB0009,2,5,45711,mean,0,1024,-49.24084825
voicemark,3,chinese:SSB0009,2,5,45711,tct,0,1024,-39.84774028
voicemark,3,chinese:SSB0009,2,5,53023,mean,0,1024,-48.11717100
voicemark,3,chinese:SSB0009,2,5,53023,tct,0,1024,-37.10270503
voicemark,3,chinese:SSB0009,2,5,50292,mean,0,1024,-38.74312962
voicemark,3,chinese:SSB0009,2,5,50292,tct,0,1024,-36.37357863
voicemark,3,chinese:SSB0009,2,5,44595,mean,0,1024,-44.82981176
voicemark,3,chinese:SSB0009,2,5,44595,tct,0,1024,-48.67469332
voicemark,3,chinese:SSB0009,2,5,57760,mean,0,1024,-47.33627100
voicemark,3,chinese:SSB0009,2,5,57760,tct,0,1024,-49.03550178
voicemark,3,chinese:SSB0009,2,5,59836,mean,0,1024,-43.45349664
voicemark,3,chinese:SSB0009,2,5,59836,tct,0,1024,-51.28993253
voicemark,3,chinese:SSB0009,2,5,23732,mean,0,1024,-42.71775044
voicemark,3,chinese:SSB0009,2,5,23732,tct,0,1024,-35.00021307
voicemark,3,chinese:SSB0009,2,5,7615,mean,0,1024,-25.11824209
voicemark,3,chinese:SSB0009,2,5,7615,tct,0,1024,-21.82489440
voicemark,3,chinese:SSB0011,0,6,22619,mean,0,1024,-54.51423087
voicemark,3,chinese:SSB0011,0,6,22619,tct,0,1024,-54.33652915
voicemark,3,chinese:SSB0011,0,6,41276,mean,0,1024,-39.11368741
voicemark,3,chinese:SSB0011,0,6,41276,tct,0,1024,-43.14562118
voicemark,3,chinese:SSB0011,0,6,44171,mean,0,1024,-40.65611543
voicemark,3,chinese:SSB0011,0,6,44171,tct,0,1024,-42.11394156
voicemark,3,chinese:SSB0011,0,6,62741,mean,0,1024,-39.80924429
voicemark,3,chinese:SSB0011,0,6,62741,tct,0,1024,-45.08566335
voicemark,3,chinese:SSB0011,0,6,25506,mean,0,1024,-36.61544432
voicemark,3,chinese:SSB0011,0,6,25506,tct,0,1024,-46.66277085
voicemark,3,chinese:SSB0011,0,6,28664,mean,0,1024,-40.11825098
voicemark,3,chinese:SSB0011,0,6,28664,tct,0,1024,-45.78051374
voicemark,3,chinese:SSB0011,0,6,23363,mean,0,1024,-36.56789197
voicemark,3,chinese:SSB0011,0,6,23363,tct,0,1024,-38.10037102
voicemark,3,chinese:SSB0011,0,6,26273,mean,0,1024,-40.21246066
voicemark,3,chinese:SSB0011,0,6,26273,tct,0,1024,-38.96688634
voicemark,3,chinese:SSB0011,0,6,52947,mean,0,1024,-41.98152735
voicemark,3,chinese:SSB0011,0,6,52947,tct,0,1024,-45.89857424
voicemark,3,chinese:SSB0011,0,6,19948,mean,0,1024,-42.64491667
voicemark,3,chinese:SSB0011,0,6,19948,tct,0,1024,-42.28629330
voicemark,3,chinese:SSB0011,1,7,64242,mean,0,1024,-36.01694548
voicemark,3,chinese:SSB0011,1,7,64242,tct,0,1024,-43.72953565
voicemark,3,chinese:SSB0011,1,7,38364,mean,0,1024,-52.70758021
voicemark,3,chinese:SSB0011,1,7,38364,tct,0,1024,-56.70771157
voicemark,3,chinese:SSB0011,1,7,46155,mean,0,1024,-27.13140619
voicemark,3,chinese:SSB0011,1,7,46155,tct,0,1024,-35.69849054
voicemark,3,chinese:SSB0011,1,7,32169,mean,0,1024,-50.94884169
voicemark,3,chinese:SSB0011,1,7,32169,tct,0,1024,-50.59900910
voicemark,3,chinese:SSB0011,1,7,29060,mean,0,1024,-46.52158701
voicemark,3,chinese:SSB0011,1,7,29060,tct,0,1024,-58.49113263
voicemark,3,chinese:SSB0011,1,7,8186,mean,0,1024,-41.54233515
voicemark,3,chinese:SSB0011,1,7,8186,tct,0,1024,-46.28771001
voicemark,3,chinese:SSB0011,1,7,10194,mean,0,1024,-42.82294238
voicemark,3,chinese:SSB0011,1,7,10194,tct,0,1024,-49.66743047
voicemark,3,chinese:SSB0011,1,7,17404,mean,0,1024,-17.38795304
voicemark,3,chinese:SSB0011,1,7,17404,tct,0,1024,-34.70165998
voicemark,3,chinese:SSB0011,1,7,39665,mean,0,1024,-35.62714064
voicemark,3,chinese:SSB0011,1,7,39665,tct,0,1024,-37.88550979
voicemark,3,chinese:SSB0011,1,7,12883,mean,0,1024,-32.27436346
voicemark,3,chinese:SSB0011,1,7,12883,tct,0,1024,-41.60592824
voicemark,3,chinese:SSB0011,2,8,18739,mean,0,1024,-35.90932758
voicemark,3,chinese:SSB0011,2,8,18739,tct,0,1024,-38.02721858
voicemark,3,chinese:SSB0011,2,8,59928,mean,0,1024,-48.69934983
voicemark,3,chinese:SSB0011,2,8,59928,tct,0,1024,-47.03837911
voicemark,3,chinese:SSB0011,2,8,63236,mean,0,1024,-36.09078879
voicemark,3,chinese:SSB0011,2,8,63236,tct,0,1024,-47.66195068
voicemark,3,chinese:SSB0011,2,8,2874,mean,0,1024,-11.02493281
voicemark,3,chinese:SSB0011,2,8,2874,tct,0,1024,-0.98869634
voicemark,3,chinese:SSB0011,2,8,54705,mean,0,1024,-45.39564449
voicemark,3,chinese:SSB0011,2,8,54705,tct,0,1024,-38.62687243
voicemark,3,chinese:SSB0011,2,8,38313,mean,0,1024,-33.91894562
voicemark,3,chinese:SSB0011,2,8,38313,tct,0,1024,-26.33843424
voicemark,3,chinese:SSB0011,2,8,30294,mean,0,1024,-23.49715848
voicemark,3,chinese:SSB0011,2,8,30294,tct,0,1024,-14.63169020
voicemark,3,chinese:SSB0011,2,8,18147,mean,0,1024,-42.18204493
voicemark,3,chinese:SSB0011,2,8,18147,tct,0,1024,-39.34866044
voicemark,3,chinese:SSB0011,2,8,7134,mean,0,1024,-44.95480914
voicemark,3,chinese:SSB0011,2,8,7134,tct,0,1024,-43.38371133
voicemark,3,chinese:SSB0011,2,8,61743,mean,0,1024,-28.06380317
voicemark,3,chinese:SSB0011,2,8,61743,tct,0,1024,-44.63780355
voicemark,3,chinese:SSB0012,0,9,25827,mean,0,1024,-49.59106073
voicemark,3,chinese:SSB0012,0,9,25827,tct,0,1024,-58.72975329
voicemark,3,chinese:SSB0012,0,9,62723,mean,0,1024,-32.16559485
voicemark,3,chinese:SSB0012,0,9,62723,tct,0,1024,-34.19415140
voicemark,3,chinese:SSB0012,0,9,28877,mean,0,1024,-46.76972875
voicemark,3,chinese:SSB0012,0,9,28877,tct,0,1024,-51.30649623
voicemark,3,chinese:SSB0012,0,9,8923,mean,0,1024,-52.14106569
voicemark,3,chinese:SSB0012,0,9,8923,tct,0,1024,-58.10392994
voicemark,3,chinese:SSB0012,0,9,61944,mean,0,1024,-33.00599870
voicemark,3,chinese:SSB0012,0,9,61944,tct,0,1024,-14.82570882
voicemark,3,chinese:SSB0012,0,9,43773,mean,0,1024,-43.03317460
voicemark,3,chinese:SSB0012,0,9,43773,tct,0,1024,-43.35108727
voicemark,3,chinese:SSB0012,0,9,7506,mean,0,1024,-49.36889085
voicemark,3,chinese:SSB0012,0,9,7506,tct,0,1024,-37.03655832
voicemark,3,chinese:SSB0012,0,9,65278,mean,0,1024,-51.90041360
voicemark,3,chinese:SSB0012,0,9,65278,tct,0,1024,-51.73673245
voicemark,3,chinese:SSB0012,0,9,63111,mean,0,1024,-37.80717608
voicemark,3,chinese:SSB0012,0,9,63111,tct,0,1024,-27.14718319
voicemark,3,chinese:SSB0012,0,9,37504,mean,0,1024,-47.36302480
voicemark,3,chinese:SSB0012,0,9,37504,tct,0,1024,-41.58228101
voicemark,3,chinese:SSB0012,1,10,58133,mean,0,1024,-23.44899457
voicemark,3,chinese:SSB0012,1,10,58133,tct,0,1024,-21.17783942
voicemark,3,chinese:SSB0012,1,10,21474,mean,0,1024,-49.95132190
voicemark,3,chinese:SSB0012,1,10,21474,tct,0,1024,-40.42390528
voicemark,3,chinese:SSB0012,1,10,52830,mean,0,1024,-29.48574376
voicemark,3,chinese:SSB0012,1,10,52830,tct,0,1024,-33.47199362
voicemark,3,chinese:SSB0012,1,10,41232,mean,0,1024,-35.30421573
voicemark,3,chinese:SSB0012,1,10,41232,tct,0,1024,-31.63137859
voicemark,3,chinese:SSB0012,1,10,33733,mean,0,1024,-39.63657505
voicemark,3,chinese:SSB0012,1,10,33733,tct,0,1024,-40.01673554
voicemark,3,chinese:SSB0012,1,10,7495,mean,0,1024,-35.08211357
voicemark,3,chinese:SSB0012,1,10,7495,tct,0,1024,-46.72995781
voicemark,3,chinese:SSB0012,1,10,39907,mean,0,1024,-25.83715433
voicemark,3,chinese:SSB0012,1,10,39907,tct,0,1024,-31.42153361
voicemark,3,chinese:SSB0012,1,10,61232,mean,0,1024,-15.51709758
voicemark,3,chinese:SSB0012,1,10,61232,tct,0,1024,-17.12474673
voicemark,3,chinese:SSB0012,1,10,47926,mean,0,1024,-26.63897848
voicemark,3,chinese:SSB0012,1,10,47926,tct,0,1024,-36.46545176
voicemark,3,chinese:SSB0012,1,10,39091,mean,0,1024,-28.62500185
voicemark,3,chinese:SSB0012,1,10,39091,tct,0,1024,-44.35601267
voicemark,3,chinese:SSB0012,2,11,63382,mean,0,1024,-52.19835657
voicemark,3,chinese:SSB0012,2,11,63382,tct,0,1024,-54.99469830
voicemark,3,chinese:SSB0012,2,11,49608,mean,0,1024,-27.32634066
voicemark,3,chinese:SSB0012,2,11,49608,tct,0,1024,-25.82793463
voicemark,3,chinese:SSB0012,2,11,42308,mean,0,1024,-50.30285639
voicemark,3,chinese:SSB0012,2,11,42308,tct,0,1024,-55.53060509
voicemark,3,chinese:SSB0012,2,11,47411,mean,0,1024,-43.36964602
voicemark,3,chinese:SSB0012,2,11,47411,tct,0,1024,-42.89952379
voicemark,3,chinese:SSB0012,2,11,30933,mean,0,1024,-54.48827642
voicemark,3,chinese:SSB0012,2,11,30933,tct,0,1024,-50.42299389
voicemark,3,chinese:SSB0012,2,11,34506,mean,0,1024,-53.58401007
voicemark,3,chinese:SSB0012,2,11,34506,tct,0,1024,-53.39458157
voicemark,3,chinese:SSB0012,2,11,61658,mean,0,1024,-54.33112043
voicemark,3,chinese:SSB0012,2,11,61658,tct,0,1024,-53.62458119
voicemark,3,chinese:SSB0012,2,11,23837,mean,0,1024,-21.98846191
voicemark,3,chinese:SSB0012,2,11,23837,tct,0,1024,-15.66933659
voicemark,3,chinese:SSB0012,2,11,49496,mean,0,1024,-26.00550745
voicemark,3,chinese:SSB0012,2,11,49496,tct,0,1024,-24.57947104
voicemark,3,chinese:SSB0012,2,11,31194,mean,0,1024,-51.89049048
voicemark,3,chinese:SSB0012,2,11,31194,tct,0,1024,-48.74366109
voicemark,3,chinese:SSB0016,0,12,17177,mean,0,1024,-45.13439098
voicemark,3,chinese:SSB0016,0,12,17177,tct,0,1024,-44.47337553
voicemark,3,chinese:SSB0016,0,12,17186,mean,0,1024,-53.27182690
voicemark,3,chinese:SSB0016,0,12,17186,tct,0,1024,-58.19609128
voicemark,3,chinese:SSB0016,0,12,27557,mean,0,1024,-56.80313030
voicemark,3,chinese:SSB0016,0,12,27557,tct,0,1024,-57.17010823
voicemark,3,chinese:SSB0016,0,12,32317,mean,0,1024,-31.34301781
voicemark,3,chinese:SSB0016,0,12,32317,tct,0,1024,-31.91410037
voicemark,3,chinese:SSB0016,0,12,64960,mean,0,1024,-49.79995075
voicemark,3,chinese:SSB0016,0,12,64960,tct,0,1024,-53.77660350
voicemark,3,chinese:SSB0016,0,12,35841,mean,0,1024,-40.93912164
voicemark,3,chinese:SSB0016,0,12,35841,tct,0,1024,-36.69730273
voicemark,3,chinese:SSB0016,0,12,25623,mean,0,1024,-50.03368870
voicemark,3,chinese:SSB0016,0,12,25623,tct,0,1024,-49.11133061
voicemark,3,chinese:SSB0016,0,12,45427,mean,0,1024,-16.55406156
voicemark,3,chinese:SSB0016,0,12,45427,tct,0,1024,-1.04179095
voicemark,3,chinese:SSB0016,0,12,55408,mean,0,1024,-44.30080477
voicemark,3,chinese:SSB0016,0,12,55408,tct,0,1024,-44.34001968
voicemark,3,chinese:SSB0016,0,12,34719,mean,0,1024,-62.69836346
voicemark,3,chinese:SSB0016,0,12,34719,tct,0,1024,-67.69751035
voicemark,3,chinese:SSB0016,1,13,18545,mean,0,1024,-52.64303087
voicemark,3,chinese:SSB0016,1,13,18545,tct,0,1024,-47.89937804
voicemark,3,chinese:SSB0016,1,13,62841,mean,0,1024,-55.42087721
voicemark,3,chinese:SSB0016,1,13,62841,tct,0,1024,-51.74399384
voicemark,3,chinese:SSB0016,1,13,11349,mean,0,1024,-28.84448033
voicemark,3,chinese:SSB0016,1,13,11349,tct,0,1024,-30.31667362
voicemark,3,chinese:SSB0016,1,13,49184,mean,0,1024,-52.72225737
voicemark,3,chinese:SSB0016,1,13,49184,tct,0,1024,-55.13415395
voicemark,3,chinese:SSB0016,1,13,51356,mean,0,1024,-58.34092402
voicemark,3,chinese:SSB0016,1,13,51356,tct,0,1024,-54.61496861
voicemark,3,chinese:SSB0016,1,13,7519,mean,0,1024,-28.13252812
voicemark,3,chinese:SSB0016,1,13,7519,tct,0,1024,-27.81334297
voicemark,3,chinese:SSB0016,1,13,49836,mean,0,1024,-56.32182573
voicemark,3,chinese:SSB0016,1,13,49836,tct,0,1024,-58.43092338
voicemark,3,chinese:SSB0016,1,13,57775,mean,0,1024,-50.22267317
voicemark,3,chinese:SSB0016,1,13,57775,tct,0,1024,-54.64234226
voicemark,3,chinese:SSB0016,1,13,9944,mean,0,1024,-47.57282614
voicemark,3,chinese:SSB0016,1,13,9944,tct,0,1024,-51.44194238
voicemark,3,chinese:SSB0016,1,13,36932,mean,0,1024,-40.47149347
voicemark,3,chinese:SSB0016,1,13,36932,tct,0,1024,-34.95579499
voicemark,3,chinese:SSB0016,2,14,11304,mean,0,1024,-21.39715965
voicemark,3,chinese:SSB0016,2,14,11304,tct,0,1024,-15.74504346
voicemark,3,chinese:SSB0016,2,14,13072,mean,0,1024,-25.93245228
voicemark,3,chinese:SSB0016,2,14,13072,tct,0,1024,-46.26325518
voicemark,3,chinese:SSB0016,2,14,31480,mean,0,1024,-18.24707063
voicemark,3,chinese:SSB0016,2,14,31480,tct,0,1024,-25.97400420
voicemark,3,chinese:SSB0016,2,14,39998,mean,0,1024,-18.08989151
voicemark,3,chinese:SSB0016,2,14,39998,tct,0,1024,-51.48011276
voicemark,3,chinese:SSB0016,2,14,31689,mean,0,1024,-16.46379907
voicemark,3,chinese:SSB0016,2,14,31689,tct,0,1024,-31.83185600
voicemark,3,chinese:SSB0016,2,14,65396,mean,0,1024,-31.48999770
voicemark,3,chinese:SSB0016,2,14,65396,tct,0,1024,-43.25851392
voicemark,3,chinese:SSB0016,2,14,5890,mean,0,1024,-14.11667633
voicemark,3,chinese:SSB0016,2,14,5890,tct,0,1024,-45.65025383
voicemark,3,chinese:SSB0016,2,14,27029,mean,0,1024,-43.78867133
voicemark,3,chinese:SSB0016,2,14,27029,tct,0,1024,-31.67915049
voicemark,3,chinese:SSB0016,2,14,933,mean,0,1024,-32.23589213
voicemark,3,chinese:SSB0016,2,14,933,tct,0,1024,-31.43796567
voicemark,3,chinese:SSB0016,2,14,10332,mean,0,1024,-15.76702650
voicemark,3,chinese:SSB0016,2,14,10332,tct,0,1024,-15.76702650
voicemark,3,chinese:SSB0018,0,15,32440,mean,0,1024,-47.65295021
voicemark,3,chinese:SSB0018,0,15,32440,tct,0,1024,-55.44693414
voicemark,3,chinese:SSB0018,0,15,28504,mean,0,1024,-41.02469913
voicemark,3,chinese:SSB0018,0,15,28504,tct,0,1024,-38.58774301
voicemark,3,chinese:SSB0018,0,15,32394,mean,0,1024,-42.50224582
voicemark,3,chinese:SSB0018,0,15,32394,tct,0,1024,-51.02909058
voicemark,3,chinese:SSB0018,0,15,49986,mean,0,1024,-12.57090391
voicemark,3,chinese:SSB0018,0,15,49986,tct,0,1024,-19.00665411
voicemark,3,chinese:SSB0018,0,15,61555,mean,0,1024,-21.01052062
voicemark,3,chinese:SSB0018,0,15,61555,tct,0,1024,-25.24939072
voicemark,3,chinese:SSB0018,0,15,22807,mean,0,1024,-33.83194343
voicemark,3,chinese:SSB0018,0,15,22807,tct,0,1024,-29.91289568
voicemark,3,chinese:SSB0018,0,15,25184,mean,0,1024,-43.46621219
voicemark,3,chinese:SSB0018,0,15,25184,tct,0,1024,-36.65944788
voicemark,3,chinese:SSB0018,0,15,62483,mean,0,1024,-26.16761271
voicemark,3,chinese:SSB0018,0,15,62483,tct,0,1024,-27.60409766
voicemark,3,chinese:SSB0018,0,15,2921,mean,0,1024,-39.34007255
voicemark,3,chinese:SSB0018,0,15,2921,tct,0,1024,-30.37241518
voicemark,3,chinese:SSB0018,0,15,59786,mean,0,1024,-35.43602268
voicemark,3,chinese:SSB0018,0,15,59786,tct,0,1024,-37.98202550
voicemark,3,chinese:SSB0018,1,16,34589,mean,0,1024,-46.66115944
voicemark,3,chinese:SSB0018,1,16,34589,tct,0,1024,-45.99861403
voicemark,3,chinese:SSB0018,1,16,35223,mean,0,1024,-40.16516010
voicemark,3,chinese:SSB0018,1,16,35223,tct,0,1024,-54.39089237
voicemark,3,chinese:SSB0018,1,16,26231,mean,0,1024,-32.47001163
voicemark,3,chinese:SSB0018,1,16,26231,tct,0,1024,-21.60810038
voicemark,3,chinese:SSB0018,1,16,17835,mean,0,1024,-32.32237570
voicemark,3,chinese:SSB0018,1,16,17835,tct,0,1024,-36.90978221
voicemark,3,chinese:SSB0018,1,16,24214,mean,0,1024,-45.80055086
voicemark,3,chinese:SSB0018,1,16,24214,tct,0,1024,-47.79724540
voicemark,3,chinese:SSB0018,1,16,40949,mean,0,1024,-52.06417648
voicemark,3,chinese:SSB0018,1,16,40949,tct,0,1024,-64.14461313
voicemark,3,chinese:SSB0018,1,16,26406,mean,0,1024,-34.98699991
voicemark,3,chinese:SSB0018,1,16,26406,tct,0,1024,-13.44061085
voicemark,3,chinese:SSB0018,1,16,36364,mean,0,1024,-45.63318531
voicemark,3,chinese:SSB0018,1,16,36364,tct,0,1024,-35.64219211
voicemark,3,chinese:SSB0018,1,16,20553,mean,0,1024,-44.99825088
voicemark,3,chinese:SSB0018,1,16,20553,tct,0,1024,-39.38849659
voicemark,3,chinese:SSB0018,1,16,30615,mean,0,1024,-45.90758888
voicemark,3,chinese:SSB0018,1,16,30615,tct,0,1024,-49.12292658
voicemark,3,chinese:SSB0018,2,17,63703,mean,0,1024,-33.11587908
voicemark,3,chinese:SSB0018,2,17,63703,tct,0,1024,-34.29762281
voicemark,3,chinese:SSB0018,2,17,4966,mean,0,1024,-43.37581843
voicemark,3,chinese:SSB0018,2,17,4966,tct,0,1024,-51.42442691
voicemark,3,chinese:SSB0018,2,17,55398,mean,0,1024,-46.52976340
voicemark,3,chinese:SSB0018,2,17,55398,tct,0,1024,-55.45995581
voicemark,3,chinese:SSB0018,2,17,20903,mean,0,1024,-30.66728165
voicemark,3,chinese:SSB0018,2,17,20903,tct,0,1024,-41.09549117
voicemark,3,chinese:SSB0018,2,17,21988,mean,0,1024,-33.72691410
voicemark,3,chinese:SSB0018,2,17,21988,tct,0,1024,-30.05041874
voicemark,3,chinese:SSB0018,2,17,51956,mean,0,1024,-20.85971275
voicemark,3,chinese:SSB0018,2,17,51956,tct,0,1024,-23.89054302
voicemark,3,chinese:SSB0018,2,17,64059,mean,0,1024,-27.81724611
voicemark,3,chinese:SSB0018,2,17,64059,tct,0,1024,-34.12436789
voicemark,3,chinese:SSB0018,2,17,8856,mean,0,1024,-53.03524798
voicemark,3,chinese:SSB0018,2,17,8856,tct,0,1024,-56.19346750
voicemark,3,chinese:SSB0018,2,17,49070,mean,0,1024,-24.97328454
voicemark,3,chinese:SSB0018,2,17,49070,tct,0,1024,-37.10556806
voicemark,3,chinese:SSB0018,2,17,20748,mean,0,1024,-43.86004990
voicemark,3,chinese:SSB0018,2,17,20748,tct,0,1024,-54.17913500
voicemark,3,chinese:SSB0033,0,18,54128,mean,0,1024,-33.26275400
voicemark,3,chinese:SSB0033,0,18,54128,tct,0,1024,-43.05839920
voicemark,3,chinese:SSB0033,0,18,39206,mean,0,1024,-27.87758693
voicemark,3,chinese:SSB0033,0,18,39206,tct,0,1024,-33.98404682
voicemark,3,chinese:SSB0033,0,18,58488,mean,0,1024,-36.61730340
voicemark,3,chinese:SSB0033,0,18,58488,tct,0,1024,-35.18425187
voicemark,3,chinese:SSB0033,0,18,56709,mean,0,1024,-48.38854268
voicemark,3,chinese:SSB0033,0,18,56709,tct,0,1024,-47.07574539
voicemark,3,chinese:SSB0033,0,18,38354,mean,0,1024,-46.04322872
voicemark,3,chinese:SSB0033,0,18,38354,tct,0,1024,-42.65992911
voicemark,3,chinese:SSB0033,0,18,26638,mean,0,1024,-45.14978746
voicemark,3,chinese:SSB0033,0,18,26638,tct,0,1024,-38.66421337
voicemark,3,chinese:SSB0033,0,18,50043,mean,0,1024,-36.27386525
voicemark,3,chinese:SSB0033,0,18,50043,tct,0,1024,-44.66743622
voicemark,3,chinese:SSB0033,0,18,42881,mean,0,1024,-48.26117566
voicemark,3,chinese:SSB0033,0,18,42881,tct,0,1024,-51.42222011
voicemark,3,chinese:SSB0033,0,18,24722,mean,0,1024,-52.42248681
voicemark,3,chinese:SSB0033,0,18,24722,tct,0,1024,-45.28576599
voicemark,3,chinese:SSB0033,0,18,51647,mean,0,1024,-22.69018709
voicemark,3,chinese:SSB0033,0,18,51647,tct,0,1024,-22.89188945
voicemark,3,chinese:SSB0033,1,19,40110,mean,0,1024,-40.61818744
voicemark,3,chinese:SSB0033,1,19,40110,tct,0,1024,-42.60188078
voicemark,3,chinese:SSB0033,1,19,37662,mean,0,1024,-29.18513419
voicemark,3,chinese:SSB0033,1,19,37662,tct,0,1024,-30.71642685
voicemark,3,chinese:SSB0033,1,19,44269,mean,0,1024,-30.51316740
voicemark,3,chinese:SSB0033,1,19,44269,tct,0,1024,-33.57200050
voicemark,3,chinese:SSB0033,1,19,65154,mean,0,1024,-52.99603988
voicemark,3,chinese:SSB0033,1,19,65154,tct,0,1024,-55.90653264
voicemark,3,chinese:SSB0033,1,19,55041,mean,0,1024,-41.84748985
voicemark,3,chinese:SSB0033,1,19,55041,tct,0,1024,-40.46125436
voicemark,3,chinese:SSB0033,1,19,15155,mean,0,1024,-30.98068035
voicemark,3,chinese:SSB0033,1,19,15155,tct,0,1024,-29.83071561
voicemark,3,chinese:SSB0033,1,19,2661,mean,0,1024,-31.92030622
voicemark,3,chinese:SSB0033,1,19,2661,tct,0,1024,-37.59955352
voicemark,3,chinese:SSB0033,1,19,15409,mean,0,1024,-45.08236601
voicemark,3,chinese:SSB0033,1,19,15409,tct,0,1024,-45.48247161
voicemark,3,chinese:SSB0033,1,19,1182,mean,0,1024,-36.45748772
voicemark,3,chinese:SSB0033,1,19,1182,tct,0,1024,-25.99869595
voicemark,3,chinese:SSB0033,1,19,29020,mean,0,1024,-41.76348736
voicemark,3,chinese:SSB0033,1,19,29020,tct,0,1024,-39.75186819
voicemark,3,chinese:SSB0033,2,20,55839,mean,0,1024,-76.77784425
voicemark,3,chinese:SSB0033,2,20,55839,tct,0,1024,-75.32448682
voicemark,3,chinese:SSB0033,2,20,49294,mean,0,1024,-58.89310056
voicemark,3,chinese:SSB0033,2,20,49294,tct,0,1024,-52.04449285
voicemark,3,chinese:SSB0033,2,20,56263,mean,0,1024,-70.97982102
voicemark,3,chinese:SSB0033,2,20,56263,tct,0,1024,-65.58462391
voicemark,3,chinese:SSB0033,2,20,4908,mean,0,1024,-65.28166562
voicemark,3,chinese:SSB0033,2,20,4908,tct,0,1024,-56.97717454
voicemark,3,chinese:SSB0033,2,20,37779,mean,0,1024,-68.14738541
voicemark,3,chinese:SSB0033,2,20,37779,tct,0,1024,-67.82673831
voicemark,3,chinese:SSB0033,2,20,47256,mean,0,1024,-54.52553254
voicemark,3,chinese:SSB0033,2,20,47256,tct,0,1024,-51.17484341
voicemark,3,chinese:SSB0033,2,20,11887,mean,0,1024,-74.59079057
voicemark,3,chinese:SSB0033,2,20,11887,tct,0,1024,-65.65730493
voicemark,3,chinese:SSB0033,2,20,14304,mean,0,1024,-66.98164159
voicemark,3,chinese:SSB0033,2,20,14304,tct,0,1024,-58.58928305
voicemark,3,chinese:SSB0033,2,20,63895,mean,0,1024,-54.57459479
voicemark,3,chinese:SSB0033,2,20,63895,tct,0,1024,-51.71509705
voicemark,3,chinese:SSB0033,2,20,30904,mean,0,1024,-45.15069123
voicemark,3,chinese:SSB0033,2,20,30904,tct,0,1024,-29.46566192
voicemark,3,chinese:SSB0038,0,21,42765,mean,0,1024,-38.78715825
voicemark,3,chinese:SSB0038,0,21,42765,tct,0,1024,-41.72031272
voicemark,3,chinese:SSB0038,0,21,31375,mean,0,1024,-33.19833658
voicemark,3,chinese:SSB0038,0,21,31375,tct,0,1024,-30.71882616
voicemark,3,chinese:SSB0038,0,21,2497,mean,0,1024,-46.33540845
voicemark,3,chinese:SSB0038,0,21,2497,tct,0,1024,-52.04781373
voicemark,3,chinese:SSB0038,0,21,817,mean,0,1024,-32.43264032
voicemark,3,chinese:SSB0038,0,21,817,tct,0,1024,-32.30524349
voicemark,3,chinese:SSB0038,0,21,43647,mean,0,1024,-45.83278585
voicemark,3,chinese:SSB0038,0,21,43647,tct,0,1024,-59.14797691
voicemark,3,chinese:SSB0038,0,21,14257,mean,0,1024,-43.78218389
voicemark,3,chinese:SSB0038,0,21,14257,tct,0,1024,-44.80195801
voicemark,3,chinese:SSB0038,0,21,5469,mean,0,1024,-21.24923420
voicemark,3,chinese:SSB0038,0,21,5469,tct,0,1024,-26.76524697
voicemark,3,chinese:SSB0038,0,21,52616,mean,0,1024,-41.42175234
voicemark,3,chinese:SSB0038,0,21,52616,tct,0,1024,-40.65647644
voicemark,3,chinese:SSB0038,0,21,15586,mean,0,1024,-39.76787019
voicemark,3,chinese:SSB0038,0,21,15586,tct,0,1024,-39.18075844
voicemark,3,chinese:SSB0038,0,21,8314,mean,0,1024,-39.71211934
voicemark,3,chinese:SSB0038,0,21,8314,tct,0,1024,-45.80431524
voicemark,3,chinese:SSB0038,1,22,60595,mean,0,1024,-34.45459743
voicemark,3,chinese:SSB0038,1,22,60595,tct,0,1024,-26.58312430
voicemark,3,chinese:SSB0038,1,22,48855,mean,0,1024,-31.50169738
voicemark,3,chinese:SSB0038,1,22,48855,tct,0,1024,-22.55713724
voicemark,3,chinese:SSB0038,1,22,64765,mean,0,1024,-33.12123395
voicemark,3,chinese:SSB0038,1,22,64765,tct,0,1024,-35.73589568
voicemark,3,chinese:SSB0038,1,22,50925,mean,0,1024,-50.98942121
voicemark,3,chinese:SSB0038,1,22,50925,tct,0,1024,-30.71392477
voicemark,3,chinese:SSB0038,1,22,4680,mean,0,1024,-32.39235908
voicemark,3,chinese:SSB0038,1,22,4680,tct,0,1024,-32.39235908
voicemark,3,chinese:SSB0038,1,22,43162,mean,0,1024,-42.14532646
voicemark,3,chinese:SSB0038,1,22,43162,tct,0,1024,-42.63266137
voicemark,3,chinese:SSB0038,1,22,44080,mean,0,1024,-44.64704641
voicemark,3,chinese:SSB0038,1,22,44080,tct,0,1024,-53.56555596
voicemark,3,chinese:SSB0038,1,22,40710,mean,0,1024,-55.44483980
voicemark,3,chinese:SSB0038,1,22,40710,tct,0,1024,-55.26893666
voicemark,3,chinese:SSB0038,1,22,54147,mean,0,1024,-47.47956355
voicemark,3,chinese:SSB0038,1,22,54147,tct,0,1024,-37.80584985
voicemark,3,chinese:SSB0038,1,22,36260,mean,0,1024,-47.08936628
voicemark,3,chinese:SSB0038,1,22,36260,tct,0,1024,-35.17021644
voicemark,3,chinese:SSB0038,2,23,52125,mean,0,1024,-36.66346806
voicemark,3,chinese:SSB0038,2,23,52125,tct,0,1024,-50.66952031
voicemark,3,chinese:SSB0038,2,23,52559,mean,0,1024,-59.13194585
voicemark,3,chinese:SSB0038,2,23,52559,tct,0,1024,-62.68766898
voicemark,3,chinese:SSB0038,2,23,33513,mean,0,1024,-31.70440483
voicemark,3,chinese:SSB0038,2,23,33513,tct,0,1024,-29.38161874
voicemark,3,chinese:SSB0038,2,23,65424,mean,0,1024,-16.42490119
voicemark,3,chinese:SSB0038,2,23,65424,tct,0,1024,-22.08177644
voicemark,3,chinese:SSB0038,2,23,47115,mean,0,1024,-47.36770225
voicemark,3,chinese:SSB0038,2,23,47115,tct,0,1024,-49.29661155
voicemark,3,chinese:SSB0038,2,23,60664,mean,0,1024,-36.17481160
voicemark,3,chinese:SSB0038,2,23,60664,tct,0,1024,-43.89860034
voicemark,3,chinese:SSB0038,2,23,44707,mean,0,1024,-35.66359544
voicemark,3,chinese:SSB0038,2,23,44707,tct,0,1024,-41.72800405
voicemark,3,chinese:SSB0038,2,23,37107,mean,0,1024,-14.88112136
voicemark,3,chinese:SSB0038,2,23,37107,tct,0,1024,-11.06691701
voicemark,3,chinese:SSB0038,2,23,18968,mean,0,1024,-36.50739121
voicemark,3,chinese:SSB0038,2,23,18968,tct,0,1024,-35.45666437
voicemark,3,chinese:SSB0038,2,23,22611,mean,0,1024,-27.03282714
voicemark,3,chinese:SSB0038,2,23,22611,tct,0,1024,-26.66997802
voicemark,3,chinese:SSB0043,0,24,52542,mean,0,1024,-21.70319477
voicemark,3,chinese:SSB0043,0,24,52542,tct,0,1024,-9.06853275
voicemark,3,chinese:SSB0043,0,24,2686,mean,0,1024,-61.36536160
voicemark,3,chinese:SSB0043,0,24,2686,tct,0,1024,-50.86161602
voicemark,3,chinese:SSB0043,0,24,2967,mean,0,1024,-66.85726110
voicemark,3,chinese:SSB0043,0,24,2967,tct,0,1024,-55.50597739
voicemark,3,chinese:SSB0043,0,24,47780,mean,0,1024,-52.93084470
voicemark,3,chinese:SSB0043,0,24,47780,tct,0,1024,-44.77017224
voicemark,3,chinese:SSB0043,0,24,10156,mean,0,1024,-39.95241681
voicemark,3,chinese:SSB0043,0,24,10156,tct,0,1024,-31.06009686
voicemark,3,chinese:SSB0043,0,24,25696,mean,0,1024,-69.69757691
voicemark,3,chinese:SSB0043,0,24,25696,tct,0,1024,-55.24037147
voicemark,3,chinese:SSB0043,0,24,47009,mean,0,1024,-52.85466329
voicemark,3,chinese:SSB0043,0,24,47009,tct,0,1024,-44.52898228
voicemark,3,chinese:SSB0043,0,24,26892,mean,0,1024,-58.24766675
voicemark,3,chinese:SSB0043,0,24,26892,tct,0,1024,-48.34074962
voicemark,3,chinese:SSB0043,0,24,39008,mean,0,1024,-65.38044015
voicemark,3,chinese:SSB0043,0,24,39008,tct,0,1024,-56.46313749
voicemark,3,chinese:SSB0043,0,24,2528,mean,0,1024,-62.40712968
voicemark,3,chinese:SSB0043,0,24,2528,tct,0,1024,-57.36431015
voicemark,3,chinese:SSB0043,1,25,65290,mean,0,1024,-36.51113595
voicemark,3,chinese:SSB0043,1,25,65290,tct,0,1024,-53.26871275
voicemark,3,chinese:SSB0043,1,25,22034,mean,0,1024,-26.40285624
voicemark,3,chinese:SSB0043,1,25,22034,tct,0,1024,-22.48813474
voicemark,3,chinese:SSB0043,1,25,4037,mean,0,1024,-39.03403843
voicemark,3,chinese:SSB0043,1,25,4037,tct,0,1024,-47.30803779
voicemark,3,chinese:SSB0043,1,25,63623,mean,0,1024,-25.87668605
voicemark,3,chinese:SSB0043,1,25,63623,tct,0,1024,-30.24053762
voicemark,3,chinese:SSB0043,1,25,34783,mean,0,1024,-28.37998022
voicemark,3,chinese:SSB0043,1,25,34783,tct,0,1024,-39.32115940
voicemark,3,chinese:SSB0043,1,25,50062,mean,0,1024,-38.24507893
voicemark,3,chinese:SSB0043,1,25,50062,tct,0,1024,-42.71705393
voicemark,3,chinese:SSB0043,1,25,36985,mean,0,1024,-40.55392445
voicemark,3,chinese:SSB0043,1,25,36985,tct,0,1024,-69.89995948
voicemark,3,chinese:SSB0043,1,25,13143,mean,0,1024,-29.96269222
voicemark,3,chinese:SSB0043,1,25,13143,tct,0,1024,-33.59879256
voicemark,3,chinese:SSB0043,1,25,62937,mean,0,1024,-16.88699191
voicemark,3,chinese:SSB0043,1,25,62937,tct,0,1024,-20.71820769
voicemark,3,chinese:SSB0043,1,25,19508,mean,0,1024,-16.57039959
voicemark,3,chinese:SSB0043,1,25,19508,tct,0,1024,-18.11285877
voicemark,3,chinese:SSB0043,2,26,20217,mean,0,1024,-27.44125041
voicemark,3,chinese:SSB0043,2,26,20217,tct,0,1024,-31.54640225
voicemark,3,chinese:SSB0043,2,26,27181,mean,0,1024,-34.03189269
voicemark,3,chinese:SSB0043,2,26,27181,tct,0,1024,-40.07747817
voicemark,3,chinese:SSB0043,2,26,2445,mean,0,1024,-55.31415049
voicemark,3,chinese:SSB0043,2,26,2445,tct,0,1024,-64.15433802
voicemark,3,chinese:SSB0043,2,26,8698,mean,0,1024,-42.32847229
voicemark,3,chinese:SSB0043,2,26,8698,tct,0,1024,-39.10347593
voicemark,3,chinese:SSB0043,2,26,33817,mean,0,1024,-16.70921323
voicemark,3,chinese:SSB0043,2,26,33817,tct,0,1024,-33.55953921
voicemark,3,chinese:SSB0043,2,26,47569,mean,0,1024,-38.97924808
voicemark,3,chinese:SSB0043,2,26,47569,tct,0,1024,-38.35875940
voicemark,3,chinese:SSB0043,2,26,57918,mean,0,1024,-30.15104667
voicemark,3,chinese:SSB0043,2,26,57918,tct,0,1024,-37.94840963
voicemark,3,chinese:SSB0043,2,26,16988,mean,0,1024,-23.77384361
voicemark,3,chinese:SSB0043,2,26,16988,tct,0,1024,-33.13563406
voicemark,3,chinese:SSB0043,2,26,5202,mean,0,1024,-30.15719316
voicemark,3,chinese:SSB0043,2,26,5202,tct,0,1024,-26.79426464
voicemark,3,chinese:SSB0043,2,26,27353,mean,0,1024,-50.03780046
voicemark,3,chinese:SSB0043,2,26,27353,tct,0,1024,-58.60264355
voicemark,3,chinese:SSB0057,0,27,3916,mean,0,1024,-44.09833053
voicemark,3,chinese:SSB0057,0,27,3916,tct,0,1024,-40.63719788
voicemark,3,chinese:SSB0057,0,27,20387,mean,0,1024,-39.46661142
voicemark,3,chinese:SSB0057,0,27,20387,tct,0,1024,-35.60173601
voicemark,3,chinese:SSB0057,0,27,34984,mean,0,1024,-26.21955258
voicemark,3,chinese:SSB0057,0,27,34984,tct,0,1024,-18.57251024
voicemark,3,chinese:SSB0057,0,27,14693,mean,0,1024,-30.69419435
voicemark,3,chinese:SSB0057,0,27,14693,tct,0,1024,-33.00543994
voicemark,3,chinese:SSB0057,0,27,62958,mean,0,1024,-43.21793130
voicemark,3,chinese:SSB0057,0,27,62958,tct,0,1024,-36.47342151
voicemark,3,chinese:SSB0057,0,27,3469,mean,0,1024,-34.25487578
voicemark,3,chinese:SSB0057,0,27,3469,tct,0,1024,-36.70364761
voicemark,3,chinese:SSB0057,0,27,14675,mean,0,1024,-31.03764490
voicemark,3,chinese:SSB0057,0,27,14675,tct,0,1024,-33.34303888
voicemark,3,chinese:SSB0057,0,27,21117,mean,0,1024,-53.80223516
voicemark,3,chinese:SSB0057,0,27,21117,tct,0,1024,-47.85882163
voicemark,3,chinese:SSB0057,0,27,11114,mean,0,1024,-45.04744771
voicemark,3,chinese:SSB0057,0,27,11114,tct,0,1024,-41.30389593
voicemark,3,chinese:SSB0057,0,27,36624,mean,0,1024,-21.27478415
voicemark,3,chinese:SSB0057,0,27,36624,tct,0,1024,-15.59241629
voicemark,3,chinese:SSB0057,1,28,16511,mean,0,1024,-51.72977772
voicemark,3,chinese:SSB0057,1,28,16511,tct,0,1024,-48.42500889
voicemark,3,chinese:SSB0057,1,28,41518,mean,0,1024,-40.23729506
voicemark,3,chinese:SSB0057,1,28,41518,tct,0,1024,-51.53853790
voicemark,3,chinese:SSB0057,1,28,29805,mean,0,1024,-40.48166925
voicemark,3,chinese:SSB0057,1,28,29805,tct,0,1024,-34.88993812
voicemark,3,chinese:SSB0057,1,28,51467,mean,0,1024,-59.69563999
voicemark,3,chinese:SSB0057,1,28,51467,tct,0,1024,-55.67414301
voicemark,3,chinese:SSB0057,1,28,33112,mean,0,1024,-7.75377872
voicemark,3,chinese:SSB0057,1,28,33112,tct,0,1024,-0.34553885
voicemark,3,chinese:SSB0057,1,28,53428,mean,0,1024,-46.58383122
voicemark,3,chinese:SSB0057,1,28,53428,tct,0,1024,-46.28279584
voicemark,3,chinese:SSB0057,1,28,33620,mean,0,1024,-12.24636867
voicemark,3,chinese:SSB0057,1,28,33620,tct,0,1024,-24.30670867
voicemark,3,chinese:SSB0057,1,28,15267,mean,0,1024,-37.79404726
voicemark,3,chinese:SSB0057,1,28,15267,tct,0,1024,-37.53072756
voicemark,3,chinese:SSB0057,1,28,41711,mean,0,1024,-47.49459877
voicemark,3,chinese:SSB0057,1,28,41711,tct,0,1024,-52.86521617
voicemark,3,chinese:SSB0057,1,28,43390,mean,0,1024,-42.53379622
voicemark,3,chinese:SSB0057,1,28,43390,tct,0,1024,-43.80295098
voicemark,3,chinese:SSB0057,2,29,57692,mean,0,1024,-38.22225827
voicemark,3,chinese:SSB0057,2,29,57692,tct,0,1024,-45.81260872
voicemark,3,chinese:SSB0057,2,29,47057,mean,0,1024,-49.35385865
voicemark,3,chinese:SSB0057,2,29,47057,tct,0,1024,-52.56635380
voicemark,3,chinese:SSB0057,2,29,30919,mean,0,1024,-30.65849315
voicemark,3,chinese:SSB0057,2,29,30919,tct,0,1024,-40.60709739
voicemark,3,chinese:SSB0057,2,29,33452,mean,0,1024,-52.89919538
voicemark,3,chinese:SSB0057,2,29,33452,tct,0,1024,-55.17682009
voicemark,3,chinese:SSB0057,2,29,50894,mean,0,1024,-47.82697648
voicemark,3,chinese:SSB0057,2,29,50894,tct,0,1024,-47.95026827
voicemark,3,chinese:SSB0057,2,29,3372,mean,0,1024,-16.66189126
voicemark,3,chinese:SSB0057,2,29,3372,tct,0,1024,-27.65753169
voicemark,3,chinese:SSB0057,2,29,42581,mean,0,1024,-47.30219049
voicemark,3,chinese:SSB0057,2,29,42581,tct,0,1024,-50.23938651
voicemark,3,chinese:SSB0057,2,29,57017,mean,0,1024,-38.54867238
voicemark,3,chinese:SSB0057,2,29,57017,tct,0,1024,-22.37152322
voicemark,3,chinese:SSB0057,2,29,48792,mean,0,1024,-49.95120210
voicemark,3,chinese:SSB0057,2,29,48792,tct,0,1024,-29.92985301
voicemark,3,chinese:SSB0057,2,29,8913,mean,0,1024,-47.84139890
voicemark,3,chinese:SSB0057,2,29,8913,tct,0,1024,-57.31803390
voicemark,3,chinese:SSB0073,0,30,11848,mean,0,1024,-45.96367380
voicemark,3,chinese:SSB0073,0,30,11848,tct,0,1024,-72.71730341
voicemark,3,chinese:SSB0073,0,30,44269,mean,0,1024,-32.79212090
voicemark,3,chinese:SSB0073,0,30,44269,tct,0,1024,-33.89226202
voicemark,3,chinese:SSB0073,0,30,22566,mean,0,1024,-17.33378348
voicemark,3,chinese:SSB0073,0,30,22566,tct,0,1024,-25.85168539
voicemark,3,chinese:SSB0073,0,30,29855,mean,0,1024,-41.89887068
voicemark,3,chinese:SSB0073,0,30,29855,tct,0,1024,-54.61730182
voicemark,3,chinese:SSB0073,0,30,49325,mean,0,1024,-41.89750025
voicemark,3,chinese:SSB0073,0,30,49325,tct,0,1024,-45.34447770
voicemark,3,chinese:SSB0073,0,30,38252,mean,0,1024,-34.68353960
voicemark,3,chinese:SSB0073,0,30,38252,tct,0,1024,-32.12065974
voicemark,3,chinese:SSB0073,0,30,52744,mean,0,1024,-44.82126066
voicemark,3,chinese:SSB0073,0,30,52744,tct,0,1024,-66.66356288
voicemark,3,chinese:SSB0073,0,30,5046,mean,0,1024,-35.10767385
voicemark,3,chinese:SSB0073,0,30,5046,tct,0,1024,-60.10953819
voicemark,3,chinese:SSB0073,0,30,44111,mean,0,1024,-31.11420152
voicemark,3,chinese:SSB0073,0,30,44111,tct,0,1024,-45.70718656
voicemark,3,chinese:SSB0073,0,30,36802,mean,0,1024,-21.96304715
voicemark,3,chinese:SSB0073,0,30,36802,tct,0,1024,-29.40114474
voicemark,3,chinese:SSB0073,1,31,33322,mean,0,1024,-26.18354426
voicemark,3,chinese:SSB0073,1,31,33322,tct,0,1024,-24.91562042
voicemark,3,chinese:SSB0073,1,31,10238,mean,0,1024,-31.68507587
voicemark,3,chinese:SSB0073,1,31,10238,tct,0,1024,-36.22078468
voicemark,3,chinese:SSB0073,1,31,25850,mean,0,1024,-17.94421042
voicemark,3,chinese:SSB0073,1,31,25850,tct,0,1024,-39.00498673
voicemark,3,chinese:SSB0073,1,31,6560,mean,0,1024,-31.04753409
voicemark,3,chinese:SSB0073,1,31,6560,tct,0,1024,-30.67849145
voicemark,3,chinese:SSB0073,1,31,28083,mean,0,1024,-36.01256619
voicemark,3,chinese:SSB0073,1,31,28083,tct,0,1024,-48.41845400
voicemark,3,chinese:SSB0073,1,31,2177,mean,0,1024,-43.82969390
voicemark,3,chinese:SSB0073,1,31,2177,tct,0,1024,-72.22518099
voicemark,3,chinese:SSB0073,1,31,38783,mean,0,1024,-40.01672755
voicemark,3,chinese:SSB0073,1,31,38783,tct,0,1024,-42.13967200
voicemark,3,chinese:SSB0073,1,31,25439,mean,0,1024,-25.17428456
voicemark,3,chinese:SSB0073,1,31,25439,tct,0,1024,-22.99889129
voicemark,3,chinese:SSB0073,1,31,57248,mean,0,1024,-39.20071946
voicemark,3,chinese:SSB0073,1,31,57248,tct,0,1024,-32.95488354
voicemark,3,chinese:SSB0073,1,31,62493,mean,0,1024,-7.97660637
voicemark,3,chinese:SSB0073,1,31,62493,tct,0,1024,-9.50849557
voicemark,3,chinese:SSB0073,2,32,64083,mean,0,1024,-24.53609157
voicemark,3,chinese:SSB0073,2,32,64083,tct,0,1024,-37.16852950
voicemark,3,chinese:SSB0073,2,32,51233,mean,0,1024,-50.25256014
voicemark,3,chinese:SSB0073,2,32,51233,tct,0,1024,-47.66254422
voicemark,3,chinese:SSB0073,2,32,21086,mean,0,1024,-27.99905682
voicemark,3,chinese:SSB0073,2,32,21086,tct,0,1024,-56.78515172
voicemark,3,chinese:SSB0073,2,32,62935,mean,0,1024,-29.49170875
voicemark,3,chinese:SSB0073,2,32,62935,tct,0,1024,-20.09053106
voicemark,3,chinese:SSB0073,2,32,16694,mean,0,1024,-44.22750521
voicemark,3,chinese:SSB0073,2,32,16694,tct,0,1024,-36.43979369
voicemark,3,chinese:SSB0073,2,32,47088,mean,0,1024,-37.34604025
voicemark,3,chinese:SSB0073,2,32,47088,tct,0,1024,-46.83018742
voicemark,3,chinese:SSB0073,2,32,13115,mean,0,1024,-41.83458185
voicemark,3,chinese:SSB0073,2,32,13115,tct,0,1024,-48.66384060
voicemark,3,chinese:SSB0073,2,32,24531,mean,0,1024,-12.24677491
voicemark,3,chinese:SSB0073,2,32,24531,tct,0,1024,-18.79472034
voicemark,3,chinese:SSB0073,2,32,8202,mean,0,1024,-29.28557064
voicemark,3,chinese:SSB0073,2,32,8202,tct,0,1024,-34.94168653
voicemark,3,chinese:SSB0073,2,32,1385,mean,0,1024,-38.13037896
voicemark,3,chinese:SSB0073,2,32,1385,tct,0,1024,-38.27448842
voicemark,3,chinese:SSB0080,0,33,47323,mean,0,1024,-22.31507924
voicemark,3,chinese:SSB0080,0,33,47323,tct,0,1024,-7.36583347
voicemark,3,chinese:SSB0080,0,33,9244,mean,0,1024,-41.00331342
voicemark,3,chinese:SSB0080,0,33,9244,tct,0,1024,-68.47386257
voicemark,3,chinese:SSB0080,0,33,35313,mean,0,1024,-45.50735986
voicemark,3,chinese:SSB0080,0,33,35313,tct,0,1024,-42.18354750
voicemark,3,chinese:SSB0080,0,33,48476,mean,0,1024,-25.65515473
voicemark,3,chinese:SSB0080,0,33,48476,tct,0,1024,-47.74730190
voicemark,3,chinese:SSB0080,0,33,18676,mean,0,1024,-29.99944436
voicemark,3,chinese:SSB0080,0,33,18676,tct,0,1024,-23.30307925
voicemark,3,chinese:SSB0080,0,33,56076,mean,0,1024,-33.22391831
voicemark,3,chinese:SSB0080,0,33,56076,tct,0,1024,-40.95909570
voicemark,3,chinese:SSB0080,0,33,64072,mean,0,1024,-40.71509706
voicemark,3,chinese:SSB0080,0,33,64072,tct,0,1024,-34.23375471
voicemark,3,chinese:SSB0080,0,33,48829,mean,0,1024,-27.92883160
voicemark,3,chinese:SSB0080,0,33,48829,tct,0,1024,-54.08050396
voicemark,3,chinese:SSB0080,0,33,14144,mean,0,1024,-48.65982091
voicemark,3,chinese:SSB0080,0,33,14144,tct,0,1024,-78.64879974
voicemark,3,chinese:SSB0080,0,33,4724,mean,0,1024,-37.76452577
voicemark,3,chinese:SSB0080,0,33,4724,tct,0,1024,-58.58196060
voicemark,3,chinese:SSB0080,1,34,1685,mean,0,1024,-65.31177412
voicemark,3,chinese:SSB0080,1,34,1685,tct,0,1024,-61.93575932
voicemark,3,chinese:SSB0080,1,34,24795,mean,0,1024,-59.13564192
voicemark,3,chinese:SSB0080,1,34,24795,tct,0,1024,-46.27553403
voicemark,3,chinese:SSB0080,1,34,55913,mean,0,1024,-41.18705188
voicemark,3,chinese:SSB0080,1,34,55913,tct,0,1024,-44.42623566
voicemark,3,chinese:SSB0080,1,34,8846,mean,0,1024,-38.92591654
voicemark,3,chinese:SSB0080,1,34,8846,tct,0,1024,-29.59005070
voicemark,3,chinese:SSB0080,1,34,27653,mean,0,1024,-30.89565342
voicemark,3,chinese:SSB0080,1,34,27653,tct,0,1024,-23.00546002
voicemark,3,chinese:SSB0080,1,34,45587,mean,0,1024,-44.66552054
voicemark,3,chinese:SSB0080,1,34,45587,tct,0,1024,-46.37476422
voicemark,3,chinese:SSB0080,1,34,46353,mean,0,1024,-29.73676851
voicemark,3,chinese:SSB0080,1,34,46353,tct,0,1024,-37.38752362
voicemark,3,chinese:SSB0080,1,34,58645,mean,0,1024,-52.21598326
voicemark,3,chinese:SSB0080,1,34,58645,tct,0,1024,-52.35934028
voicemark,3,chinese:SSB0080,1,34,11739,mean,0,1024,-53.65448080
voicemark,3,chinese:SSB0080,1,34,11739,tct,0,1024,-42.58777559
voicemark,3,chinese:SSB0080,1,34,61729,mean,0,1024,-30.73631551
voicemark,3,chinese:SSB0080,1,34,61729,tct,0,1024,-32.18563289
voicemark,3,chinese:SSB0080,2,35,22599,mean,0,1024,-22.10437901
voicemark,3,chinese:SSB0080,2,35,22599,tct,0,1024,-22.10437901
voicemark,3,chinese:SSB0080,2,35,23524,mean,0,1024,-27.67079480
voicemark,3,chinese:SSB0080,2,35,23524,tct,0,1024,-35.22840726
voicemark,3,chinese:SSB0080,2,35,39396,mean,0,1024,-31.26397450
voicemark,3,chinese:SSB0080,2,35,39396,tct,0,1024,-28.29049479
voicemark,3,chinese:SSB0080,2,35,39585,mean,0,1024,-37.68666013
voicemark,3,chinese:SSB0080,2,35,39585,tct,0,1024,-35.31037605
voicemark,3,chinese:SSB0080,2,35,36,mean,0,1024,-21.38598361
voicemark,3,chinese:SSB0080,2,35,36,tct,0,1024,-23.17523369
voicemark,3,chinese:SSB0080,2,35,54197,mean,0,1024,-30.07647069
voicemark,3,chinese:SSB0080,2,35,54197,tct,0,1024,-35.37560848
voicemark,3,chinese:SSB0080,2,35,6194,mean,0,1024,-34.06493600
voicemark,3,chinese:SSB0080,2,35,6194,tct,0,1024,-34.06493600
voicemark,3,chinese:SSB0080,2,35,6514,mean,0,1024,-39.28106149
voicemark,3,chinese:SSB0080,2,35,6514,tct,0,1024,-38.81376067
voicemark,3,chinese:SSB0080,2,35,29059,mean,0,1024,-35.91665585
voicemark,3,chinese:SSB0080,2,35,29059,tct,0,1024,-34.99875010
voicemark,3,chinese:SSB0080,2,35,58733,mean,0,1024,-25.38355197
voicemark,3,chinese:SSB0080,2,35,58733,tct,0,1024,-20.84968267
voicemark,3,chinese:SSB0112,0,36,51045,mean,0,1024,-40.24656439
voicemark,3,chinese:SSB0112,0,36,51045,tct,0,1024,-41.98184646
voicemark,3,chinese:SSB0112,0,36,34579,mean,0,1024,-59.73370743
voicemark,3,chinese:SSB0112,0,36,34579,tct,0,1024,-53.95000620
voicemark,3,chinese:SSB0112,0,36,12045,mean,0,1024,-48.81715488
voicemark,3,chinese:SSB0112,0,36,12045,tct,0,1024,-56.02504206
voicemark,3,chinese:SSB0112,0,36,22964,mean,0,1024,-37.58293952
voicemark,3,chinese:SSB0112,0,36,22964,tct,0,1024,-34.75251102
voicemark,3,chinese:SSB0112,0,36,57121,mean,0,1024,-35.20556891
voicemark,3,chinese:SSB0112,0,36,57121,tct,0,1024,-46.15828321
voicemark,3,chinese:SSB0112,0,36,49267,mean,0,1024,-58.36408710
voicemark,3,chinese:SSB0112,0,36,49267,tct,0,1024,-58.17424022
voicemark,3,chinese:SSB0112,0,36,56906,mean,0,1024,-38.91535521
voicemark,3,chinese:SSB0112,0,36,56906,tct,0,1024,-42.97402679
voicemark,3,chinese:SSB0112,0,36,53786,mean,0,1024,-44.87541008
voicemark,3,chinese:SSB0112,0,36,53786,tct,0,1024,-39.09775670
voicemark,3,chinese:SSB0112,0,36,41861,mean,0,1024,-45.67334223
voicemark,3,chinese:SSB0112,0,36,41861,tct,0,1024,-48.61131726
voicemark,3,chinese:SSB0112,0,36,60491,mean,0,1024,-29.65891545
voicemark,3,chinese:SSB0112,0,36,60491,tct,0,1024,-26.50595427
voicemark,3,chinese:SSB0112,1,37,59203,mean,0,1024,-33.52494458
voicemark,3,chinese:SSB0112,1,37,59203,tct,0,1024,-37.95604013
voicemark,3,chinese:SSB0112,1,37,61548,mean,0,1024,-44.70743910
voicemark,3,chinese:SSB0112,1,37,61548,tct,0,1024,-40.33165962
voicemark,3,chinese:SSB0112,1,37,62834,mean,0,1024,-60.00690130
voicemark,3,chinese:SSB0112,1,37,62834,tct,0,1024,-57.63852214
voicemark,3,chinese:SSB0112,1,37,54335,mean,0,1024,-45.94385294
voicemark,3,chinese:SSB0112,1,37,54335,tct,0,1024,-47.66072490
voicemark,3,chinese:SSB0112,1,37,35621,mean,0,1024,-37.13867573
voicemark,3,chinese:SSB0112,1,37,35621,tct,0,1024,-39.92449580
voicemark,3,chinese:SSB0112,1,37,612,mean,0,1024,-52.70300249
voicemark,3,chinese:SSB0112,1,37,612,tct,0,1024,-49.86290987
voicemark,3,chinese:SSB0112,1,37,35853,mean,0,1024,-56.67041067
voicemark,3,chinese:SSB0112,1,37,35853,tct,0,1024,-59.37389686
voicemark,3,chinese:SSB0112,1,37,29268,mean,0,1024,-43.48027829
voicemark,3,chinese:SSB0112,1,37,29268,tct,0,1024,-38.04185617
voicemark,3,chinese:SSB0112,1,37,57065,mean,0,1024,-47.16658739
voicemark,3,chinese:SSB0112,1,37,57065,tct,0,1024,-43.24532140
voicemark,3,chinese:SSB0112,1,37,1162,mean,0,1024,-56.12464861
voicemark,3,chinese:SSB0112,1,37,1162,tct,0,1024,-65.53752489
voicemark,3,chinese:SSB0112,2,38,9591,mean,0,1024,-27.94305300
voicemark,3,chinese:SSB0112,2,38,9591,tct,0,1024,-24.86242614
voicemark,3,chinese:SSB0112,2,38,53993,mean,0,1024,-52.17964386
voicemark,3,chinese:SSB0112,2,38,53993,tct,0,1024,-50.32148967
voicemark,3,chinese:SSB0112,2,38,4969,mean,0,1024,-44.46072983
voicemark,3,chinese:SSB0112,2,38,4969,tct,0,1024,-44.71439797
voicemark,3,chinese:SSB0112,2,38,17652,mean,0,1024,-35.14703869
voicemark,3,chinese:SSB0112,2,38,17652,tct,0,1024,-27.84133685
voicemark,3,chinese:SSB0112,2,38,59151,mean,0,1024,-48.65187096
voicemark,3,chinese:SSB0112,2,38,59151,tct,0,1024,-39.35688554
voicemark,3,chinese:SSB0112,2,38,15989,mean,0,1024,-54.38942360
voicemark,3,chinese:SSB0112,2,38,15989,tct,0,1024,-52.47987970
voicemark,3,chinese:SSB0112,2,38,12708,mean,0,1024,-54.74876331
voicemark,3,chinese:SSB0112,2,38,12708,tct,0,1024,-56.67930845
voicemark,3,chinese:SSB0112,2,38,26540,mean,0,1024,-51.05839275
voicemark,3,chinese:SSB0112,2,38,26540,tct,0,1024,-47.01295222
voicemark,3,chinese:SSB0112,2,38,8168,mean,0,1024,-40.18975662
voicemark,3,chinese:SSB0112,2,38,8168,tct,0,1024,-43.15331895
voicemark,3,chinese:SSB0112,2,38,62925,mean,0,1024,-53.29574512
voicemark,3,chinese:SSB0112,2,38,62925,tct,0,1024,-53.47940573
voicemark,3,chinese:SSB0122,0,39,5947,mean,0,1024,-52.23864770
voicemark,3,chinese:SSB0122,0,39,5947,tct,0,1024,-37.99011906
voicemark,3,chinese:SSB0122,0,39,64843,mean,0,1024,-51.94580293
voicemark,3,chinese:SSB0122,0,39,64843,tct,0,1024,-46.14740349
voicemark,3,chinese:SSB0122,0,39,59819,mean,0,1024,-60.31038499
voicemark,3,chinese:SSB0122,0,39,59819,tct,0,1024,-57.08094334
voicemark,3,chinese:SSB0122,0,39,29981,mean,0,1024,-55.75531316
voicemark,3,chinese:SSB0122,0,39,29981,tct,0,1024,-45.86768540
voicemark,3,chinese:SSB0122,0,39,34526,mean,0,1024,-60.30892778
voicemark,3,chinese:SSB0122,0,39,34526,tct,0,1024,-42.11876836
voicemark,3,chinese:SSB0122,0,39,61205,mean,0,1024,-43.51719785
voicemark,3,chinese:SSB0122,0,39,61205,tct,0,1024,-30.81227025
voicemark,3,chinese:SSB0122,0,39,49315,mean,0,1024,-47.15268113
voicemark,3,chinese:SSB0122,0,39,49315,tct,0,1024,-50.64647904
voicemark,3,chinese:SSB0122,0,39,63796,mean,0,1024,-51.19153047
voicemark,3,chinese:SSB0122,0,39,63796,tct,0,1024,-43.03258984
voicemark,3,chinese:SSB0122,0,39,24890,mean,0,1024,-53.05494237
voicemark,3,chinese:SSB0122,0,39,24890,tct,0,1024,-38.10171803
voicemark,3,chinese:SSB0122,0,39,62298,mean,0,1024,-56.97026563
voicemark,3,chinese:SSB0122,0,39,62298,tct,0,1024,-38.41089352
voicemark,3,chinese:SSB0122,1,40,50883,mean,0,1024,-46.96293077
voicemark,3,chinese:SSB0122,1,40,50883,tct,0,1024,-30.92115970
voicemark,3,chinese:SSB0122,1,40,53968,mean,0,1024,-47.43671617
voicemark,3,chinese:SSB0122,1,40,53968,tct,0,1024,-68.83549633
voicemark,3,chinese:SSB0122,1,40,44698,mean,0,1024,-33.81382283
voicemark,3,chinese:SSB0122,1,40,44698,tct,0,1024,-31.49152997
voicemark,3,chinese:SSB0122,1,40,57882,mean,0,1024,-44.34920510
voicemark,3,chinese:SSB0122,1,40,57882,tct,0,1024,-29.93664572
voicemark,3,chinese:SSB0122,1,40,36062,mean,0,1024,-40.23918447
voicemark,3,chinese:SSB0122,1,40,36062,tct,0,1024,-63.50267973
voicemark,3,chinese:SSB0122,1,40,37461,mean,0,1024,-51.15969190
voicemark,3,chinese:SSB0122,1,40,37461,tct,0,1024,-52.45912608
voicemark,3,chinese:SSB0122,1,40,64681,mean,0,1024,-27.63973766
voicemark,3,chinese:SSB0122,1,40,64681,tct,0,1024,-15.11341565
voicemark,3,chinese:SSB0122,1,40,23155,mean,0,1024,-53.89499101
voicemark,3,chinese:SSB0122,1,40,23155,tct,0,1024,-62.17943679
voicemark,3,chinese:SSB0122,1,40,16640,mean,0,1024,-48.28706845
voicemark,3,chinese:SSB0122,1,40,16640,tct,0,1024,-45.19261343
voicemark,3,chinese:SSB0122,1,40,39362,mean,0,1024,-43.05345735
voicemark,3,chinese:SSB0122,1,40,39362,tct,0,1024,-43.05345735
voicemark,3,chinese:SSB0122,2,41,22326,mean,0,1024,-14.67149183
voicemark,3,chinese:SSB0122,2,41,22326,tct,0,1024,-33.21256438
voicemark,3,chinese:SSB0122,2,41,20461,mean,0,1024,-47.18694946
voicemark,3,chinese:SSB0122,2,41,20461,tct,0,1024,-49.04008760
voicemark,3,chinese:SSB0122,2,41,46390,mean,0,1024,-18.62186071
voicemark,3,chinese:SSB0122,2,41,46390,tct,0,1024,-40.58784953
voicemark,3,chinese:SSB0122,2,41,18959,mean,0,1024,-47.84987327
voicemark,3,chinese:SSB0122,2,41,18959,tct,0,1024,-46.32597871
voicemark,3,chinese:SSB0122,2,41,51820,mean,0,1024,-49.12107631
voicemark,3,chinese:SSB0122,2,41,51820,tct,0,1024,-49.96307774
voicemark,3,chinese:SSB0122,2,41,16051,mean,0,1024,-22.29692754
voicemark,3,chinese:SSB0122,2,41,16051,tct,0,1024,-23.49356833
voicemark,3,chinese:SSB0122,2,41,57150,mean,0,1024,-21.56930217
voicemark,3,chinese:SSB0122,2,41,57150,tct,0,1024,-37.99715329
voicemark,3,chinese:SSB0122,2,41,55007,mean,0,1024,-32.48220023
voicemark,3,chinese:SSB0122,2,41,55007,tct,0,1024,-39.57848904
voicemark,3,chinese:SSB0122,2,41,59596,mean,0,1024,-44.07050297
voicemark,3,chinese:SSB0122,2,41,59596,tct,0,1024,-38.18468061
voicemark,3,chinese:SSB0122,2,41,8354,mean,0,1024,-37.04464124
voicemark,3,chinese:SSB0122,2,41,8354,tct,0,1024,-46.24315512
voicemark,3,chinese:SSB0133,0,42,60846,mean,0,1024,-71.23490778
voicemark,3,chinese:SSB0133,0,42,60846,tct,0,1024,-53.08886623
voicemark,3,chinese:SSB0133,0,42,48581,mean,0,1024,-65.54336611
voicemark,3,chinese:SSB0133,0,42,48581,tct,0,1024,-56.47550741
voicemark,3,chinese:SSB0133,0,42,31322,mean,0,1024,-68.12279192
voicemark,3,chinese:SSB0133,0,42,31322,tct,0,1024,-69.33806158
voicemark,3,chinese:SSB0133,0,42,21332,mean,0,1024,-41.32700372
voicemark,3,chinese:SSB0133,0,42,21332,tct,0,1024,-41.45405104
voicemark,3,chinese:SSB0133,0,42,11548,mean,0,1024,-67.44488779
voicemark,3,chinese:SSB0133,0,42,11548,tct,0,1024,-48.81198516
voicemark,3,chinese:SSB0133,0,42,48731,mean,0,1024,-60.10759035
voicemark,3,chinese:SSB0133,0,42,48731,tct,0,1024,-62.56046529
voicemark,3,chinese:SSB0133,0,42,48969,mean,0,1024,-44.59719935
voicemark,3,chinese:SSB0133,0,42,48969,tct,0,1024,-47.47584684
voicemark,3,chinese:SSB0133,0,42,41605,mean,0,1024,-57.43057982
voicemark,3,chinese:SSB0133,0,42,41605,tct,0,1024,-56.29219770
voicemark,3,chinese:SSB0133,0,42,8770,mean,0,1024,-53.22570697
voicemark,3,chinese:SSB0133,0,42,8770,tct,0,1024,-26.04510221
voicemark,3,chinese:SSB0133,0,42,48447,mean,0,1024,-69.65686289
voicemark,3,chinese:SSB0133,0,42,48447,tct,0,1024,-53.68186483
voicemark,3,chinese:SSB0133,1,43,33950,mean,0,1024,-54.38445460
voicemark,3,chinese:SSB0133,1,43,33950,tct,0,1024,-58.18208227
voicemark,3,chinese:SSB0133,1,43,64942,mean,0,1024,-49.86498534
voicemark,3,chinese:SSB0133,1,43,64942,tct,0,1024,-58.36189210
voicemark,3,chinese:SSB0133,1,43,35120,mean,0,1024,-53.02724253
voicemark,3,chinese:SSB0133,1,43,35120,tct,0,1024,-56.59388185
voicemark,3,chinese:SSB0133,1,43,15970,mean,0,1024,-46.35913454
voicemark,3,chinese:SSB0133,1,43,15970,tct,0,1024,-46.41327262
voicemark,3,chinese:SSB0133,1,43,58058,mean,0,1024,-21.27984619
voicemark,3,chinese:SSB0133,1,43,58058,tct,0,1024,-24.56763159
voicemark,3,chinese:SSB0133,1,43,49195,mean,0,1024,-27.97587903
voicemark,3,chinese:SSB0133,1,43,49195,tct,0,1024,-30.95751981
voicemark,3,chinese:SSB0133,1,43,41425,mean,0,1024,-41.81883704
voicemark,3,chinese:SSB0133,1,43,41425,tct,0,1024,-48.84187766
voicemark,3,chinese:SSB0133,1,43,52773,mean,0,1024,-45.30965220
voicemark,3,chinese:SSB0133,1,43,52773,tct,0,1024,-46.68997580
voicemark,3,chinese:SSB0133,1,43,10389,mean,0,1024,-42.39932429
voicemark,3,chinese:SSB0133,1,43,10389,tct,0,1024,-49.97468269
voicemark,3,chinese:SSB0133,1,43,60969,mean,0,1024,-52.40783869
voicemark,3,chinese:SSB0133,1,43,60969,tct,0,1024,-49.16341905
voicemark,3,chinese:SSB0133,2,44,18428,mean,0,1024,-31.01362001
voicemark,3,chinese:SSB0133,2,44,18428,tct,0,1024,-33.03579976
voicemark,3,chinese:SSB0133,2,44,13692,mean,0,1024,-36.37248205
voicemark,3,chinese:SSB0133,2,44,13692,tct,0,1024,-39.77510885
voicemark,3,chinese:SSB0133,2,44,38364,mean,0,1024,-47.58690714
voicemark,3,chinese:SSB0133,2,44,38364,tct,0,1024,-54.87830283
voicemark,3,chinese:SSB0133,2,44,51990,mean,0,1024,-36.98910164
voicemark,3,chinese:SSB0133,2,44,51990,tct,0,1024,-50.18947527
voicemark,3,chinese:SSB0133,2,44,34541,mean,0,1024,-36.61399435
voicemark,3,chinese:SSB0133,2,44,34541,tct,0,1024,-49.00964376
voicemark,3,chinese:SSB0133,2,44,42768,mean,0,1024,-11.81686408
voicemark,3,chinese:SSB0133,2,44,42768,tct,0,1024,-22.16556592
voicemark,3,chinese:SSB0133,2,44,7196,mean,0,1024,-40.52276587
voicemark,3,chinese:SSB0133,2,44,7196,tct,0,1024,-41.28196838
voicemark,3,chinese:SSB0133,2,44,63441,mean,0,1024,-44.06175017
voicemark,3,chinese:SSB0133,2,44,63441,tct,0,1024,-51.14089335
voicemark,3,chinese:SSB0133,2,44,62859,mean,0,1024,-40.73922037
voicemark,3,chinese:SSB0133,2,44,62859,tct,0,1024,-45.91754842
voicemark,3,chinese:SSB0133,2,44,30964,mean,0,1024,-33.91825830
voicemark,3,chinese:SSB0133,2,44,30964,tct,0,1024,-35.54597225
voicemark,3,chinese:SSB0139,0,45,59417,mean,0,1024,-43.18305535
voicemark,3,chinese:SSB0139,0,45,59417,tct,0,1024,-42.30367506
voicemark,3,chinese:SSB0139,0,45,15691,mean,0,1024,-36.17405744
voicemark,3,chinese:SSB0139,0,45,15691,tct,0,1024,-40.24956231
voicemark,3,chinese:SSB0139,0,45,18426,mean,0,1024,-34.65048833
voicemark,3,chinese:SSB0139,0,45,18426,tct,0,1024,-40.24133606
voicemark,3,chinese:SSB0139,0,45,7314,mean,0,1024,-10.56600928
voicemark,3,chinese:SSB0139,0,45,7314,tct,0,1024,-22.40691876
voicemark,3,chinese:SSB0139,0,45,35610,mean,0,1024,-40.04901166
voicemark,3,chinese:SSB0139,0,45,35610,tct,0,1024,-39.76179581
voicemark,3,chinese:SSB0139,0,45,13801,mean,0,1024,-47.62096734
voicemark,3,chinese:SSB0139,0,45,13801,tct,0,1024,-52.50771656
voicemark,3,chinese:SSB0139,0,45,17742,mean,0,1024,-33.75455899
voicemark,3,chinese:SSB0139,0,45,17742,tct,0,1024,-37.37514328
voicemark,3,chinese:SSB0139,0,45,53200,mean,0,1024,-46.51160188
voicemark,3,chinese:SSB0139,0,45,53200,tct,0,1024,-41.96151182
voicemark,3,chinese:SSB0139,0,45,31811,mean,0,1024,-17.65627563
voicemark,3,chinese:SSB0139,0,45,31811,tct,0,1024,-18.42504234
voicemark,3,chinese:SSB0139,0,45,26287,mean,0,1024,-54.82014127
voicemark,3,chinese:SSB0139,0,45,26287,tct,0,1024,-23.80872536
voicemark,3,chinese:SSB0139,1,46,49606,mean,0,1024,-27.09675551
voicemark,3,chinese:SSB0139,1,46,49606,tct,0,1024,-30.02539420
voicemark,3,chinese:SSB0139,1,46,51383,mean,0,1024,-23.18240101
voicemark,3,chinese:SSB0139,1,46,51383,tct,0,1024,-34.58880996
voicemark,3,chinese:SSB0139,1,46,31532,mean,0,1024,-52.42156739
voicemark,3,chinese:SSB0139,1,46,31532,tct,0,1024,-42.40282821
voicemark,3,chinese:SSB0139,1,46,35157,mean,0,1024,-53.52406163
voicemark,3,chinese:SSB0139,1,46,35157,tct,0,1024,-52.53934121
voicemark,3,chinese:SSB0139,1,46,20233,mean,0,1024,-62.53912396
voicemark,3,chinese:SSB0139,1,46,20233,tct,0,1024,-48.89315895
voicemark,3,chinese:SSB0139,1,46,42776,mean,0,1024,-49.80476827
voicemark,3,chinese:SSB0139,1,46,42776,tct,0,1024,-31.50130753
voicemark,3,chinese:SSB0139,1,46,28876,mean,0,1024,-41.71534777
voicemark,3,chinese:SSB0139,1,46,28876,tct,0,1024,-55.44134737
voicemark,3,chinese:SSB0139,1,46,27431,mean,0,1024,-56.76411767
voicemark,3,chinese:SSB0139,1,46,27431,tct,0,1024,-41.14577713
voicemark,3,chinese:SSB0139,1,46,21983,mean,0,1024,-61.97845883
voicemark,3,chinese:SSB0139,1,46,21983,tct,0,1024,-55.80716878
voicemark,3,chinese:SSB0139,1,46,6732,mean,0,1024,-66.46522564
voicemark,3,chinese:SSB0139,1,46,6732,tct,0,1024,-63.54851639
voicemark,3,chinese:SSB0139,2,47,32217,mean,0,1024,-73.87570910
voicemark,3,chinese:SSB0139,2,47,32217,tct,0,1024,-60.99313570
voicemark,3,chinese:SSB0139,2,47,14458,mean,0,1024,-49.80165867
voicemark,3,chinese:SSB0139,2,47,14458,tct,0,1024,-49.80165867
voicemark,3,chinese:SSB0139,2,47,34008,mean,0,1024,-48.49834547
voicemark,3,chinese:SSB0139,2,47,34008,tct,0,1024,-36.64702582
voicemark,3,chinese:SSB0139,2,47,23908,mean,0,1024,-58.71090035
voicemark,3,chinese:SSB0139,2,47,23908,tct,0,1024,-37.94608127
voicemark,3,chinese:SSB0139,2,47,29854,mean,0,1024,-68.67775683
voicemark,3,chinese:SSB0139,2,47,29854,tct,0,1024,-54.48311189
voicemark,3,chinese:SSB0139,2,47,40167,mean,0,1024,-53.30942397
voicemark,3,chinese:SSB0139,2,47,40167,tct,0,1024,-71.44500054
voicemark,3,chinese:SSB0139,2,47,35603,mean,0,1024,-22.98604039
voicemark,3,chinese:SSB0139,2,47,35603,tct,0,1024,-38.20065886
voicemark,3,chinese:SSB0139,2,47,62627,mean,0,1024,-47.59980367
voicemark,3,chinese:SSB0139,2,47,62627,tct,0,1024,-46.44506688
voicemark,3,chinese:SSB0139,2,47,49070,mean,0,1024,-58.33790116
voicemark,3,chinese:SSB0139,2,47,49070,tct,0,1024,-55.86222493
voicemark,3,chinese:SSB0139,2,47,19754,mean,0,1024,-54.91756682
voicemark,3,chinese:SSB0139,2,47,19754,tct,0,1024,-45.40528908
voicemark,3,chinese:SSB0145,0,48,3609,mean,0,1024,-41.40289746
voicemark,3,chinese:SSB0145,0,48,3609,tct,0,1024,-50.27092891
voicemark,3,chinese:SSB0145,0,48,12414,mean,0,1024,-45.95420132
voicemark,3,chinese:SSB0145,0,48,12414,tct,0,1024,-49.80137214
voicemark,3,chinese:SSB0145,0,48,8572,mean,0,1024,-42.30083809
voicemark,3,chinese:SSB0145,0,48,8572,tct,0,1024,-50.70846219
voicemark,3,chinese:SSB0145,0,48,1936,mean,0,1024,-31.28088627
voicemark,3,chinese:SSB0145,0,48,1936,tct,0,1024,-28.88423470
voicemark,3,chinese:SSB0145,0,48,4788,mean,0,1024,-44.54994784
voicemark,3,chinese:SSB0145,0,48,4788,tct,0,1024,-44.41453266
voicemark,3,chinese:SSB0145,0,48,57539,mean,0,1024,-25.87677836
voicemark,3,chinese:SSB0145,0,48,57539,tct,0,1024,-39.86676607
voicemark,3,chinese:SSB0145,0,48,33903,mean,0,1024,-41.59465466
voicemark,3,chinese:SSB0145,0,48,33903,tct,0,1024,-44.83771775
voicemark,3,chinese:SSB0145,0,48,27238,mean,0,1024,-29.50599347
voicemark,3,chinese:SSB0145,0,48,27238,tct,0,1024,-23.82413581
voicemark,3,chinese:SSB0145,0,48,34815,mean,0,1024,-44.63381157
voicemark,3,chinese:SSB0145,0,48,34815,tct,0,1024,-43.28830502
voicemark,3,chinese:SSB0145,0,48,43135,mean,0,1024,-36.16270338
voicemark,3,chinese:SSB0145,0,48,43135,tct,0,1024,-36.17342078
voicemark,3,chinese:SSB0145,1,49,55159,mean,0,1024,-40.05793107
voicemark,3,chinese:SSB0145,1,49,55159,tct,0,1024,-42.03127540
voicemark,3,chinese:SSB0145,1,49,62398,mean,0,1024,-35.59295728
voicemark,3,chinese:SSB0145,1,49,62398,tct,0,1024,-44.27958411
voicemark,3,chinese:SSB0145,1,49,18057,mean,0,1024,-31.74049413
voicemark,3,chinese:SSB0145,1,49,18057,tct,0,1024,-29.99842317
voicemark,3,chinese:SSB0145,1,49,9815,mean,0,1024,-41.71857703
voicemark,3,chinese:SSB0145,1,49,9815,tct,0,1024,-28.72813823
voicemark,3,chinese:SSB0145,1,49,43475,mean,0,1024,-25.42769254
voicemark,3,chinese:SSB0145,1,49,43475,tct,0,1024,-22.81967161
voicemark,3,chinese:SSB0145,1,49,35318,mean,0,1024,-44.46890319
voicemark,3,chinese:SSB0145,1,49,35318,tct,0,1024,-40.56191170
voicemark,3,chinese:SSB0145,1,49,55960,mean,0,1024,-25.78213671
voicemark,3,chinese:SSB0145,1,49,55960,tct,0,1024,-22.52120703
voicemark,3,chinese:SSB0145,1,49,41485,mean,0,1024,-28.98794664
voicemark,3,chinese:SSB0145,1,49,41485,tct,0,1024,-32.14556479
voicemark,3,chinese:SSB0145,1,49,2129,mean,0,1024,-43.50011790
voicemark,3,chinese:SSB0145,1,49,2129,tct,0,1024,-39.03496620
voicemark,3,chinese:SSB0145,1,49,46239,mean,0,1024,-41.97661952
voicemark,3,chinese:SSB0145,1,49,46239,tct,0,1024,-36.70389890
voicemark,3,chinese:SSB0145,2,50,49573,mean,0,1024,-43.88341641
voicemark,3,chinese:SSB0145,2,50,49573,tct,0,1024,-42.79132026
voicemark,3,chinese:SSB0145,2,50,14095,mean,0,1024,-40.99271333
voicemark,3,chinese:SSB0145,2,50,14095,tct,0,1024,-19.90767439
voicemark,3,chinese:SSB0145,2,50,13459,mean,0,1024,-51.21765268
voicemark,3,chinese:SSB0145,2,50,13459,tct,0,1024,-52.98881280
voicemark,3,chinese:SSB0145,2,50,2094,mean,0,1024,-48.00572336
voicemark,3,chinese:SSB0145,2,50,2094,tct,0,1024,-49.83483311
voicemark,3,chinese:SSB0145,2,50,21830,mean,0,1024,-39.43836105
voicemark,3,chinese:SSB0145,2,50,21830,tct,0,1024,-45.62793687
voicemark,3,chinese:SSB0145,2,50,31046,mean,0,1024,-26.50817353
voicemark,3,chinese:SSB0145,2,50,31046,tct,0,1024,-47.18013412
voicemark,3,chinese:SSB0145,2,50,28094,mean,0,1024,-35.72551203
voicemark,3,chinese:SSB0145,2,50,28094,tct,0,1024,-40.81456072
voicemark,3,chinese:SSB0145,2,50,8002,mean,0,1024,-20.85802853
voicemark,3,chinese:SSB0145,2,50,8002,tct,0,1024,-30.87283799
voicemark,3,chinese:SSB0145,2,50,61420,mean,0,1024,-41.55623376
voicemark,3,chinese:SSB0145,2,50,61420,tct,0,1024,-39.71344261
voicemark,3,chinese:SSB0145,2,50,40172,mean,0,1024,-39.15925920
voicemark,3,chinese:SSB0145,2,50,40172,tct,0,1024,-49.65978190
voicemark,3,chinese:SSB0149,0,51,23169,mean,0,1024,-19.75054779
voicemark,3,chinese:SSB0149,0,51,23169,tct,0,1024,-24.27648938
voicemark,3,chinese:SSB0149,0,51,15039,mean,0,1024,-44.14639836
voicemark,3,chinese:SSB0149,0,51,15039,tct,0,1024,-46.96221043
voicemark,3,chinese:SSB0149,0,51,25204,mean,0,1024,-48.33556443
voicemark,3,chinese:SSB0149,0,51,25204,tct,0,1024,-58.84855859
voicemark,3,chinese:SSB0149,0,51,49864,mean,0,1024,-44.51496010
voicemark,3,chinese:SSB0149,0,51,49864,tct,0,1024,-44.56542665
voicemark,3,chinese:SSB0149,0,51,55955,mean,0,1024,-54.10791188
voicemark,3,chinese:SSB0149,0,51,55955,tct,0,1024,-55.52497373
voicemark,3,chinese:SSB0149,0,51,54349,mean,0,1024,-34.96485405
voicemark,3,chinese:SSB0149,0,51,54349,tct,0,1024,-36.24921310
voicemark,3,chinese:SSB0149,0,51,6247,mean,0,1024,-49.79464226
voicemark,3,chinese:SSB0149,0,51,6247,tct,0,1024,-53.23762229
voicemark,3,chinese:SSB0149,0,51,33629,mean,0,1024,-49.81981831
voicemark,3,chinese:SSB0149,0,51,33629,tct,0,1024,-44.74972052
voicemark,3,chinese:SSB0149,0,51,32972,mean,0,1024,-50.66365223
voicemark,3,chinese:SSB0149,0,51,32972,tct,0,1024,-51.14305061
voicemark,3,chinese:SSB0149,0,51,15812,mean,0,1024,-49.29871540
voicemark,3,chinese:SSB0149,0,51,15812,tct,0,1024,-36.87099297
voicemark,3,chinese:SSB0149,1,52,49945,mean,0,1024,-31.26576299
voicemark,3,chinese:SSB0149,1,52,49945,tct,0,1024,-37.60468419
voicemark,3,chinese:SSB0149,1,52,32225,mean,0,1024,-50.99472350
voicemark,3,chinese:SSB0149,1,52,32225,tct,0,1024,-48.36640393
voicemark,3,chinese:SSB0149,1,52,65312,mean,0,1024,-29.81967685
voicemark,3,chinese:SSB0149,1,52,65312,tct,0,1024,-40.72406184
voicemark,3,chinese:SSB0149,1,52,8055,mean,0,1024,-44.47464961
voicemark,3,chinese:SSB0149,1,52,8055,tct,0,1024,-44.47464961
voicemark,3,chinese:SSB0149,1,52,47078,mean,0,1024,-34.02923030
voicemark,3,chinese:SSB0149,1,52,47078,tct,0,1024,-42.43739527
voicemark,3,chinese:SSB0149,1,52,32885,mean,0,1024,-42.15307444
voicemark,3,chinese:SSB0149,1,52,32885,tct,0,1024,-51.07488260
voicemark,3,chinese:SSB0149,1,52,26109,mean,0,1024,-41.08500403
voicemark,3,chinese:SSB0149,1,52,26109,tct,0,1024,-49.21653180
voicemark,3,chinese:SSB0149,1,52,18345,mean,0,1024,-17.58302588
voicemark,3,chinese:SSB0149,1,52,18345,tct,0,1024,-23.96225458
voicemark,3,chinese:SSB0149,1,52,6705,mean,0,1024,-30.33167812
voicemark,3,chinese:SSB0149,1,52,6705,tct,0,1024,-32.62693557
voicemark,3,chinese:SSB0149,1,52,18519,mean,0,1024,-26.57580418
voicemark,3,chinese:SSB0149,1,52,18519,tct,0,1024,-29.91952401
voicemark,3,chinese:SSB0149,2,53,14080,mean,0,1024,-49.27804401
voicemark,3,chinese:SSB0149,2,53,14080,tct,0,1024,-55.99443981
voicemark,3,chinese:SSB0149,2,53,53582,mean,0,1024,-45.51081112
voicemark,3,chinese:SSB0149,2,53,53582,tct,0,1024,-56.19778448
voicemark,3,chinese:SSB0149,2,53,52128,mean,0,1024,-51.64749172
voicemark,3,chinese:SSB0149,2,53,52128,tct,0,1024,-46.16707206
voicemark,3,chinese:SSB0149,2,53,54919,mean,0,1024,-44.37880256
voicemark,3,chinese:SSB0149,2,53,54919,tct,0,1024,-54.63501050
voicemark,3,chinese:SSB0149,2,53,23096,mean,0,1024,-50.28250339
voicemark,3,chinese:SSB0149,2,53,23096,tct,0,1024,-44.32376946
voicemark,3,chinese:SSB0149,2,53,61264,mean,0,1024,-38.95852807
voicemark,3,chinese:SSB0149,2,53,61264,tct,0,1024,-46.40338636
voicemark,3,chinese:SSB0149,2,53,12202,mean,0,1024,-48.32157829
voicemark,3,chinese:SSB0149,2,53,12202,tct,0,1024,-45.61513390
voicemark,3,chinese:SSB0149,2,53,7696,mean,0,1024,-47.14123752
voicemark,3,chinese:SSB0149,2,53,7696,tct,0,1024,-45.51366201
voicemark,3,chinese:SSB0149,2,53,33283,mean,0,1024,-48.42833832
voicemark,3,chinese:SSB0149,2,53,33283,tct,0,1024,-41.69760936
voicemark,3,chinese:SSB0149,2,53,36059,mean,0,1024,-63.32570102
voicemark,3,chinese:SSB0149,2,53,36059,tct,0,1024,-57.51341096
voicemark,3,chinese:SSB0193,0,54,56993,mean,0,1024,-64.94051237
voicemark,3,chinese:SSB0193,0,54,56993,tct,0,1024,-71.21256482
voicemark,3,chinese:SSB0193,0,54,31918,mean,0,1024,-54.91220541
voicemark,3,chinese:SSB0193,0,54,31918,tct,0,1024,-49.32907982
voicemark,3,chinese:SSB0193,0,54,5453,mean,0,1024,-51.07466860
voicemark,3,chinese:SSB0193,0,54,5453,tct,0,1024,-41.82067616
voicemark,3,chinese:SSB0193,0,54,43521,mean,0,1024,-46.42153139
voicemark,3,chinese:SSB0193,0,54,43521,tct,0,1024,-45.27143261
voicemark,3,chinese:SSB0193,0,54,27865,mean,0,1024,-58.17872019
voicemark,3,chinese:SSB0193,0,54,27865,tct,0,1024,-41.40251250
voicemark,3,chinese:SSB0193,0,54,53331,mean,0,1024,-52.12297029
voicemark,3,chinese:SSB0193,0,54,53331,tct,0,1024,-49.87205968
voicemark,3,chinese:SSB0193,0,54,57619,mean,0,1024,-65.57582159
voicemark,3,chinese:SSB0193,0,54,57619,tct,0,1024,-59.84161110
voicemark,3,chinese:SSB0193,0,54,36870,mean,0,1024,-27.49550409
voicemark,3,chinese:SSB0193,0,54,36870,tct,0,1024,-38.37111557
voicemark,3,chinese:SSB0193,0,54,10636,mean,0,1024,-53.13628176
voicemark,3,chinese:SSB0193,0,54,10636,tct,0,1024,-49.91345664
voicemark,3,chinese:SSB0193,0,54,14502,mean,0,1024,-57.74974508
voicemark,3,chinese:SSB0193,0,54,14502,tct,0,1024,-56.34958682
voicemark,3,chinese:SSB0193,1,55,35753,mean,0,1024,-31.27949634
voicemark,3,chinese:SSB0193,1,55,35753,tct,0,1024,-28.01058156
voicemark,3,chinese:SSB0193,1,55,26080,mean,0,1024,-33.67709115
voicemark,3,chinese:SSB0193,1,55,26080,tct,0,1024,-44.60612440
voicemark,3,chinese:SSB0193,1,55,8921,mean,0,1024,-37.50240436
voicemark,3,chinese:SSB0193,1,55,8921,tct,0,1024,-39.95859738
voicemark,3,chinese:SSB0193,1,55,30664,mean,0,1024,-47.25969377
voicemark,3,chinese:SSB0193,1,55,30664,tct,0,1024,-52.77209184
voicemark,3,chinese:SSB0193,1,55,56028,mean,0,1024,-48.98900667
voicemark,3,chinese:SSB0193,1,55,56028,tct,0,1024,-42.61925368
voicemark,3,chinese:SSB0193,1,55,48306,mean,0,1024,-55.97430864
voicemark,3,chinese:SSB0193,1,55,48306,tct,0,1024,-45.64512050
voicemark,3,chinese:SSB0193,1,55,46001,mean,0,1024,-53.65111795
voicemark,3,chinese:SSB0193,1,55,46001,tct,0,1024,-50.43214817
voicemark,3,chinese:SSB0193,1,55,50455,mean,0,1024,-43.62977364
voicemark,3,chinese:SSB0193,1,55,50455,tct,0,1024,-43.23950962
voicemark,3,chinese:SSB0193,1,55,38398,mean,0,1024,-39.87187353
voicemark,3,chinese:SSB0193,1,55,38398,tct,0,1024,-29.98757087
voicemark,3,chinese:SSB0193,1,55,59932,mean,0,1024,-38.91689256
voicemark,3,chinese:SSB0193,1,55,59932,tct,0,1024,-37.13950542
voicemark,3,chinese:SSB0193,2,56,33095,mean,0,1024,-53.08226951
voicemark,3,chinese:SSB0193,2,56,33095,tct,0,1024,-64.44056577
voicemark,3,chinese:SSB0193,2,56,61732,mean,0,1024,-33.60584911
voicemark,3,chinese:SSB0193,2,56,61732,tct,0,1024,-46.66265757
voicemark,3,chinese:SSB0193,2,56,56070,mean,0,1024,-56.13341506
voicemark,3,chinese:SSB0193,2,56,56070,tct,0,1024,-62.27768275
voicemark,3,chinese:SSB0193,2,56,37263,mean,0,1024,-62.86717876
voicemark,3,chinese:SSB0193,2,56,37263,tct,0,1024,-69.55486576
voicemark,3,chinese:SSB0193,2,56,54874,mean,0,1024,-41.07432614
voicemark,3,chinese:SSB0193,2,56,54874,tct,0,1024,-58.68147380
voicemark,3,chinese:SSB0193,2,56,20938,mean,0,1024,-58.33319744
voicemark,3,chinese:SSB0193,2,56,20938,tct,0,1024,-65.83210129
voicemark,3,chinese:SSB0193,2,56,58842,mean,0,1024,-65.62591251
voicemark,3,chinese:SSB0193,2,56,58842,tct,0,1024,-73.65407702
voicemark,3,chinese:SSB0193,2,56,40426,mean,0,1024,-46.70961746
voicemark,3,chinese:SSB0193,2,56,40426,tct,0,1024,-41.40702477
voicemark,3,chinese:SSB0193,2,56,60652,mean,0,1024,-56.42078956
voicemark,3,chinese:SSB0193,2,56,60652,tct,0,1024,-67.53807589
voicemark,3,chinese:SSB0193,2,56,44537,mean,0,1024,-16.57076848
voicemark,3,chinese:SSB0193,2,56,44537,tct,0,1024,-11.11088372
voicemark,3,chinese:SSB0197,0,57,57090,mean,0,1024,-46.32858213
voicemark,3,chinese:SSB0197,0,57,57090,tct,0,1024,-36.51543413
voicemark,3,chinese:SSB0197,0,57,15946,mean,0,1024,-36.85358006
voicemark,3,chinese:SSB0197,0,57,15946,tct,0,1024,-24.68665857
voicemark,3,chinese:SSB0197,0,57,15842,mean,0,1024,-48.87406429
voicemark,3,chinese:SSB0197,0,57,15842,tct,0,1024,-35.90246429
voicemark,3,chinese:SSB0197,0,57,56138,mean,0,1024,-43.87588247
voicemark,3,chinese:SSB0197,0,57,56138,tct,0,1024,-29.96703605
voicemark,3,chinese:SSB0197,0,57,15080,mean,0,1024,-42.95966228
voicemark,3,chinese:SSB0197,0,57,15080,tct,0,1024,-41.07964809
voicemark,3,chinese:SSB0197,0,57,22769,mean,0,1024,-35.05784305
voicemark,3,chinese:SSB0197,0,57,22769,tct,0,1024,-20.33406599
voicemark,3,chinese:SSB0197,0,57,3656,mean,0,1024,-31.36545569
voicemark,3,chinese:SSB0197,0,57,3656,tct,0,1024,-22.20233512
voicemark,3,chinese:SSB0197,0,57,17853,mean,0,1024,-57.47916635
voicemark,3,chinese:SSB0197,0,57,17853,tct,0,1024,-61.99764783
voicemark,3,chinese:SSB0197,0,57,62383,mean,0,1024,-39.21860048
voicemark,3,chinese:SSB0197,0,57,62383,tct,0,1024,-39.45303452
voicemark,3,chinese:SSB0197,0,57,4552,mean,0,1024,-37.23534997
voicemark,3,chinese:SSB0197,0,57,4552,tct,0,1024,-27.41225754
voicemark,3,chinese:SSB0197,1,58,28537,mean,0,1024,-61.93366790
voicemark,3,chinese:SSB0197,1,58,28537,tct,0,1024,-55.76583305
voicemark,3,chinese:SSB0197,1,58,11040,mean,0,1024,-37.64681315
voicemark,3,chinese:SSB0197,1,58,11040,tct,0,1024,-32.07034035
voicemark,3,chinese:SSB0197,1,58,53567,mean,0,1024,-44.30594611
voicemark,3,chinese:SSB0197,1,58,53567,tct,0,1024,-47.00593674
voicemark,3,chinese:SSB0197,1,58,64509,mean,0,1024,-40.50366568
voicemark,3,chinese:SSB0197,1,58,64509,tct,0,1024,-29.89533691
voicemark,3,chinese:SSB0197,1,58,57292,mean,0,1024,-55.98970866
voicemark,3,chinese:SSB0197,1,58,57292,tct,0,1024,-51.82374817
voicemark,3,chinese:SSB0197,1,58,21921,mean,0,1024,-48.43255782
voicemark,3,chinese:SSB0197,1,58,21921,tct,0,1024,-48.59777561
voicemark,3,chinese:SSB0197,1,58,54278,mean,0,1024,-47.78785205
voicemark,3,chinese:SSB0197,1,58,54278,tct,0,1024,-41.83562866
voicemark,3,chinese:SSB0197,1,58,59555,mean,0,1024,-48.64294982
voicemark,3,chinese:SSB0197,1,58,59555,tct,0,1024,-54.62365538
voicemark,3,chinese:SSB0197,1,58,6362,mean,0,1024,-36.53071630
voicemark,3,chinese:SSB0197,1,58,6362,tct,0,1024,-36.02188735
voicemark,3,chinese:SSB0197,1,58,642,mean,0,1024,-49.79023719
voicemark,3,chinese:SSB0197,1,58,642,tct,0,1024,-49.42376989
voicemark,3,chinese:SSB0197,2,59,46020,mean,0,1024,-61.95847120
voicemark,3,chinese:SSB0197,2,59,46020,tct,0,1024,-54.79040856
voicemark,3,chinese:SSB0197,2,59,53937,mean,0,1024,-60.45698156
voicemark,3,chinese:SSB0197,2,59,53937,tct,0,1024,-63.06491577
voicemark,3,chinese:SSB0197,2,59,33903,mean,0,1024,-47.11504640
voicemark,3,chinese:SSB0197,2,59,33903,tct,0,1024,-48.28693921
voicemark,3,chinese:SSB0197,2,59,54251,mean,0,1024,-57.03442087
voicemark,3,chinese:SSB0197,2,59,54251,tct,0,1024,-47.77103225
voicemark,3,chinese:SSB0197,2,59,57977,mean,0,1024,-46.01272764
voicemark,3,chinese:SSB0197,2,59,57977,tct,0,1024,-38.85427591
voicemark,3,chinese:SSB0197,2,59,1803,mean,0,1024,-56.10190000
voicemark,3,chinese:SSB0197,2,59,1803,tct,0,1024,-49.78738126
voicemark,3,chinese:SSB0197,2,59,21883,mean,0,1024,-47.87511339
voicemark,3,chinese:SSB0197,2,59,21883,tct,0,1024,-34.03984801
voicemark,3,chinese:SSB0197,2,59,31919,mean,0,1024,-45.80090686
voicemark,3,chinese:SSB0197,2,59,31919,tct,0,1024,-51.10920313
voicemark,3,chinese:SSB0197,2,59,24302,mean,0,1024,-40.90900793
voicemark,3,chinese:SSB0197,2,59,24302,tct,0,1024,-30.76560536
voicemark,3,chinese:SSB0197,2,59,56276,mean,0,1024,-52.85739317
voicemark,3,chinese:SSB0197,2,59,56276,tct,0,1024,-51.68807772
voicemark,3,chinese:SSB0200,0,60,255,mean,0,1024,-36.89868717
voicemark,3,chinese:SSB0200,0,60,255,tct,0,1024,-55.77282395
voicemark,3,chinese:SSB0200,0,60,53622,mean,0,1024,-26.95378618
voicemark,3,chinese:SSB0200,0,60,53622,tct,0,1024,-34.14978421
voicemark,3,chinese:SSB0200,0,60,23181,mean,0,1024,-15.91467415
voicemark,3,chinese:SSB0200,0,60,23181,tct,0,1024,-21.46157856
voicemark,3,chinese:SSB0200,0,60,61819,mean,0,1024,-28.81157236
voicemark,3,chinese:SSB0200,0,60,61819,tct,0,1024,-35.23229590
voicemark,3,chinese:SSB0200,0,60,46237,mean,0,1024,-40.11677437
voicemark,3,chinese:SSB0200,0,60,46237,tct,0,1024,-45.52770915
voicemark,3,chinese:SSB0200,0,60,17823,mean,0,1024,-35.56210594
voicemark,3,chinese:SSB0200,0,60,17823,tct,0,1024,-36.84442296
voicemark,3,chinese:SSB0200,0,60,59176,mean,0,1024,-34.70405178
voicemark,3,chinese:SSB0200,0,60,59176,tct,0,1024,-27.83969332
voicemark,3,chinese:SSB0200,0,60,43860,mean,0,1024,-22.12388258
voicemark,3,chinese:SSB0200,0,60,43860,tct,0,1024,-23.61710179
voicemark,3,chinese:SSB0200,0,60,57986,mean,0,1024,-31.02272205
voicemark,3,chinese:SSB0200,0,60,57986,tct,0,1024,-39.02099606
voicemark,3,chinese:SSB0200,0,60,21742,mean,0,1024,-11.32829606
voicemark,3,chinese:SSB0200,0,60,21742,tct,0,1024,-22.32394116
voicemark,3,chinese:SSB0200,1,61,41132,mean,0,1024,-35.68014761
voicemark,3,chinese:SSB0200,1,61,41132,tct,0,1024,-39.70021694
voicemark,3,chinese:SSB0200,1,61,62202,mean,0,1024,-29.55220290
voicemark,3,chinese:SSB0200,1,61,62202,tct,0,1024,-23.47454076
voicemark,3,chinese:SSB0200,1,61,58359,mean,0,1024,-30.07978892
voicemark,3,chinese:SSB0200,1,61,58359,tct,0,1024,-34.42888893
voicemark,3,chinese:SSB0200,1,61,29146,mean,0,1024,-35.45766302
voicemark,3,chinese:SSB0200,1,61,29146,tct,0,1024,-38.82666972
voicemark,3,chinese:SSB0200,1,61,18614,mean,0,1024,-32.24237963
voicemark,3,chinese:SSB0200,1,61,18614,tct,0,1024,-32.19380709
voicemark,3,chinese:SSB0200,1,61,49719,mean,0,1024,-16.72393295
voicemark,3,chinese:SSB0200,1,61,49719,tct,0,1024,-22.16010816
voicemark,3,chinese:SSB0200,1,61,49851,mean,0,1024,-17.77784511
voicemark,3,chinese:SSB0200,1,61,49851,tct,0,1024,-25.41824110
voicemark,3,chinese:SSB0200,1,61,22429,mean,0,1024,-31.13098332
voicemark,3,chinese:SSB0200,1,61,22429,tct,0,1024,-28.31932344
voicemark,3,chinese:SSB0200,1,61,52116,mean,0,1024,-19.96654030
voicemark,3,chinese:SSB0200,1,61,52116,tct,0,1024,-17.83262312
voicemark,3,chinese:SSB0200,1,61,7597,mean,0,1024,-33.76547142
voicemark,3,chinese:SSB0200,1,61,7597,tct,0,1024,-33.76541713
voicemark,3,chinese:SSB0200,2,62,2104,mean,0,1024,-59.85132013
voicemark,3,chinese:SSB0200,2,62,2104,tct,0,1024,-50.38067519
voicemark,3,chinese:SSB0200,2,62,37886,mean,0,1024,-29.83281228
voicemark,3,chinese:SSB0200,2,62,37886,tct,0,1024,-26.33485668
voicemark,3,chinese:SSB0200,2,62,18882,mean,0,1024,-68.35147463
voicemark,3,chinese:SSB0200,2,62,18882,tct,0,1024,-39.04787162
voicemark,3,chinese:SSB0200,2,62,17600,mean,0,1024,-62.50859942
voicemark,3,chinese:SSB0200,2,62,17600,tct,0,1024,-58.86609941
voicemark,3,chinese:SSB0200,2,62,10129,mean,0,1024,-63.62073885
voicemark,3,chinese:SSB0200,2,62,10129,tct,0,1024,-68.29530354
voicemark,3,chinese:SSB0200,2,62,55602,mean,0,1024,-54.29651438
voicemark,3,chinese:SSB0200,2,62,55602,tct,0,1024,-26.10686448
voicemark,3,chinese:SSB0200,2,62,17183,mean,0,1024,-70.89597689
voicemark,3,chinese:SSB0200,2,62,17183,tct,0,1024,-58.26717460
voicemark,3,chinese:SSB0200,2,62,61181,mean,0,1024,-38.04998373
voicemark,3,chinese:SSB0200,2,62,61181,tct,0,1024,-35.26986336
voicemark,3,chinese:SSB0200,2,62,28419,mean,0,1024,-69.81787859
voicemark,3,chinese:SSB0200,2,62,28419,tct,0,1024,-39.35449937
voicemark,3,chinese:SSB0200,2,62,12045,mean,0,1024,-65.48752581
voicemark,3,chinese:SSB0200,2,62,12045,tct,0,1024,-50.94384086
voicemark,3,chinese:SSB0241,0,63,54865,mean,0,1024,-43.53655109
voicemark,3,chinese:SSB0241,0,63,54865,tct,0,1024,-43.34619729
voicemark,3,chinese:SSB0241,0,63,30023,mean,0,1024,-49.59967098
voicemark,3,chinese:SSB0241,0,63,30023,tct,0,1024,-58.28865320
voicemark,3,chinese:SSB0241,0,63,53569,mean,0,1024,-46.03694019
voicemark,3,chinese:SSB0241,0,63,53569,tct,0,1024,-49.10465397
voicemark,3,chinese:SSB0241,0,63,45618,mean,0,1024,-42.73763980
voicemark,3,chinese:SSB0241,0,63,45618,tct,0,1024,-46.76337810
voicemark,3,chinese:SSB0241,0,63,48598,mean,0,1024,-52.33769569
voicemark,3,chinese:SSB0241,0,63,48598,tct,0,1024,-71.55168997
voicemark,3,chinese:SSB0241,0,63,41085,mean,0,1024,-31.76357016
voicemark,3,chinese:SSB0241,0,63,41085,tct,0,1024,-32.33645870
voicemark,3,chinese:SSB0241,0,63,49201,mean,0,1024,-49.72931823
voicemark,3,chinese:SSB0241,0,63,49201,tct,0,1024,-50.51325123
voicemark,3,chinese:SSB0241,0,63,20255,mean,0,1024,-7.07859373
voicemark,3,chinese:SSB0241,0,63,20255,tct,0,1024,-9.90722667
voicemark,3,chinese:SSB0241,0,63,1200,mean,0,1024,-34.73702201
voicemark,3,chinese:SSB0241,0,63,1200,tct,0,1024,-28.00670070
voicemark,3,chinese:SSB0241,0,63,39434,mean,0,1024,-35.49092325
voicemark,3,chinese:SSB0241,0,63,39434,tct,0,1024,-41.39804910
voicemark,3,chinese:SSB0241,1,64,39832,mean,0,1024,-59.18565850
voicemark,3,chinese:SSB0241,1,64,39832,tct,0,1024,-59.57552038
voicemark,3,chinese:SSB0241,1,64,59511,mean,0,1024,-23.63560009
voicemark,3,chinese:SSB0241,1,64,59511,tct,0,1024,-16.21608053
voicemark,3,chinese:SSB0241,1,64,14492,mean,0,1024,-31.45445061
voicemark,3,chinese:SSB0241,1,64,14492,tct,0,1024,-40.13785664
voicemark,3,chinese:SSB0241,1,64,16332,mean,0,1024,-41.25640015
voicemark,3,chinese:SSB0241,1,64,16332,tct,0,1024,-48.38699448
voicemark,3,chinese:SSB0241,1,64,51669,mean,0,1024,-33.18262178
voicemark,3,chinese:SSB0241,1,64,51669,tct,0,1024,-32.51182509
voicemark,3,chinese:SSB0241,1,64,34827,mean,0,1024,-34.72221088
voicemark,3,chinese:SSB0241,1,64,34827,tct,0,1024,-39.84823884
voicemark,3,chinese:SSB0241,1,64,6696,mean,0,1024,-66.35861401
voicemark,3,chinese:SSB0241,1,64,6696,tct,0,1024,-72.51624061
voicemark,3,chinese:SSB0241,1,64,11461,mean,0,1024,-41.85201649
voicemark,3,chinese:SSB0241,1,64,11461,tct,0,1024,-45.82486054
voicemark,3,chinese:SSB0241,1,64,52015,mean,0,1024,-40.85873395
voicemark,3,chinese:SSB0241,1,64,52015,tct,0,1024,-42.32823611
voicemark,3,chinese:SSB0241,1,64,4517,mean,0,1024,-57.73495583
voicemark,3,chinese:SSB0241,1,64,4517,tct,0,1024,-16.23100221
voicemark,3,chinese:SSB0241,2,65,39526,mean,0,1024,-64.39976200
voicemark,3,chinese:SSB0241,2,65,39526,tct,0,1024,-61.87380493
voicemark,3,chinese:SSB0241,2,65,36747,mean,0,1024,-57.21777329
voicemark,3,chinese:SSB0241,2,65,36747,tct,0,1024,-51.71293895
voicemark,3,chinese:SSB0241,2,65,7303,mean,0,1024,-57.26196274
voicemark,3,chinese:SSB0241,2,65,7303,tct,0,1024,-55.01458047
voicemark,3,chinese:SSB0241,2,65,61065,mean,0,1024,-57.34432396
voicemark,3,chinese:SSB0241,2,65,61065,tct,0,1024,-53.66084866
voicemark,3,chinese:SSB0241,2,65,44356,mean,0,1024,-55.20274052
voicemark,3,chinese:SSB0241,2,65,44356,tct,0,1024,-60.57826774
voicemark,3,chinese:SSB0241,2,65,22659,mean,0,1024,-47.93463324
voicemark,3,chinese:SSB0241,2,65,22659,tct,0,1024,-53.47753957
voicemark,3,chinese:SSB0241,2,65,6258,mean,0,1024,-42.47573660
voicemark,3,chinese:SSB0241,2,65,6258,tct,0,1024,-39.21503698
voicemark,3,chinese:SSB0241,2,65,53116,mean,0,1024,-58.78957352
voicemark,3,chinese:SSB0241,2,65,53116,tct,0,1024,-58.86515192
voicemark,3,chinese:SSB0241,2,65,32626,mean,0,1024,-49.39358505
voicemark,3,chinese:SSB0241,2,65,32626,tct,0,1024,-49.99834601
voicemark,3,chinese:SSB0241,2,65,25094,mean,0,1024,-61.45777020
voicemark,3,chinese:SSB0241,2,65,25094,tct,0,1024,-55.73862551
voicemark,3,chinese:SSB0246,0,66,40331,mean,0,1024,-54.04505585
voicemark,3,chinese:SSB0246,0,66,40331,tct,0,1024,-49.28702148
voicemark,3,chinese:SSB0246,0,66,8207,mean,0,1024,-39.17150258
voicemark,3,chinese:SSB0246,0,66,8207,tct,0,1024,-40.05542850
voicemark,3,chinese:SSB0246,0,66,31218,mean,0,1024,-30.74431370
voicemark,3,chinese:SSB0246,0,66,31218,tct,0,1024,-23.25226734
voicemark,3,chinese:SSB0246,0,66,23850,mean,0,1024,-32.77946805
voicemark,3,chinese:SSB0246,0,66,23850,tct,0,1024,-36.25476981
voicemark,3,chinese:SSB0246,0,66,22247,mean,0,1024,-45.60900735
voicemark,3,chinese:SSB0246,0,66,22247,tct,0,1024,-41.79837247
voicemark,3,chinese:SSB0246,0,66,12691,mean,0,1024,-42.22400020
voicemark,3,chinese:SSB0246,0,66,12691,tct,0,1024,-43.56509314
voicemark,3,chinese:SSB0246,0,66,11179,mean,0,1024,-48.78312825
voicemark,3,chinese:SSB0246,0,66,11179,tct,0,1024,-49.23434709
voicemark,3,chinese:SSB0246,0,66,34637,mean,0,1024,-30.21869696
voicemark,3,chinese:SSB0246,0,66,34637,tct,0,1024,-28.11080502
voicemark,3,chinese:SSB0246,0,66,52552,mean,0,1024,-51.75953435
voicemark,3,chinese:SSB0246,0,66,52552,tct,0,1024,-53.00480319
voicemark,3,chinese:SSB0246,0,66,14505,mean,0,1024,-55.29050969
voicemark,3,chinese:SSB0246,0,66,14505,tct,0,1024,-58.91871637
voicemark,3,chinese:SSB0246,1,67,56326,mean,0,1024,-55.05616248
voicemark,3,chinese:SSB0246,1,67,56326,tct,0,1024,-48.76935708
voicemark,3,chinese:SSB0246,1,67,45508,mean,0,1024,-55.85220396
voicemark,3,chinese:SSB0246,1,67,45508,tct,0,1024,-50.82740146
voicemark,3,chinese:SSB0246,1,67,41134,mean,0,1024,-14.85596049
voicemark,3,chinese:SSB0246,1,67,41134,tct,0,1024,-15.05744290
voicemark,3,chinese:SSB0246,1,67,36073,mean,0,1024,-60.28078139
voicemark,3,chinese:SSB0246,1,67,36073,tct,0,1024,-50.86758523
voicemark,3,chinese:SSB0246,1,67,19565,mean,0,1024,-37.14572871
voicemark,3,chinese:SSB0246,1,67,19565,tct,0,1024,-37.13775795
voicemark,3,chinese:SSB0246,1,67,21215,mean,0,1024,-57.56935274
voicemark,3,chinese:SSB0246,1,67,21215,tct,0,1024,-57.86725959
voicemark,3,chinese:SSB0246,1,67,54280,mean,0,1024,-53.03195059
voicemark,3,chinese:SSB0246,1,67,54280,tct,0,1024,-52.15744882
voicemark,3,chinese:SSB0246,1,67,61750,mean,0,1024,-52.74739230
voicemark,3,chinese:SSB0246,1,67,61750,tct,0,1024,-50.39765616
voicemark,3,chinese:SSB0246,1,67,4148,mean,0,1024,-12.42666030
voicemark,3,chinese:SSB0246,1,67,4148,tct,0,1024,-12.89689898
voicemark,3,chinese:SSB0246,1,67,58021,mean,0,1024,-46.12055838
voicemark,3,chinese:SSB0246,1,67,58021,tct,0,1024,-44.50030235
voicemark,3,chinese:SSB0246,2,68,37725,mean,0,1024,-38.74425314
voicemark,3,chinese:SSB0246,2,68,37725,tct,0,1024,-26.56235835
voicemark,3,chinese:SSB0246,2,68,57916,mean,0,1024,-39.96451996
voicemark,3,chinese:SSB0246,2,68,57916,tct,0,1024,-38.05803423
voicemark,3,chinese:SSB0246,2,68,22514,mean,0,1024,-29.81156323
voicemark,3,chinese:SSB0246,2,68,22514,tct,0,1024,-35.13477766
voicemark,3,chinese:SSB0246,2,68,30888,mean,0,1024,-39.72206209
voicemark,3,chinese:SSB0246,2,68,30888,tct,0,1024,-39.49213859
voicemark,3,chinese:SSB0246,2,68,34903,mean,0,1024,-35.06559799
voicemark,3,chinese:SSB0246,2,68,34903,tct,0,1024,-40.06216333
voicemark,3,chinese:SSB0246,2,68,61575,mean,0,1024,-39.57810781
voicemark,3,chinese:SSB0246,2,68,61575,tct,0,1024,-34.55071117
voicemark,3,chinese:SSB0246,2,68,19354,mean,0,1024,-19.71522766
voicemark,3,chinese:SSB0246,2,68,19354,tct,0,1024,-18.30793887
voicemark,3,chinese:SSB0246,2,68,7025,mean,0,1024,-21.39011309
voicemark,3,chinese:SSB0246,2,68,7025,tct,0,1024,-35.95832887
voicemark,3,chinese:SSB0246,2,68,6954,mean,0,1024,-20.59013806
voicemark,3,chinese:SSB0246,2,68,6954,tct,0,1024,-33.27345648
voicemark,3,chinese:SSB0246,2,68,49438,mean,0,1024,-34.07078931
voicemark,3,chinese:SSB0246,2,68,49438,tct,0,1024,-40.36856420
voicemark,3,chinese:SSB0261,0,69,22381,mean,0,1024,-36.20282170
voicemark,3,chinese:SSB0261,0,69,22381,tct,0,1024,-34.76179373
voicemark,3,chinese:SSB0261,0,69,64059,mean,0,1024,-34.09235858
voicemark,3,chinese:SSB0261,0,69,64059,tct,0,1024,-22.85192851
voicemark,3,chinese:SSB0261,0,69,15025,mean,0,1024,-49.77952667
voicemark,3,chinese:SSB0261,0,69,15025,tct,0,1024,-41.11501227
voicemark,3,chinese:SSB0261,0,69,46178,mean,0,1024,-62.95547291
voicemark,3,chinese:SSB0261,0,69,46178,tct,0,1024,-48.49650873
voicemark,3,chinese:SSB0261,0,69,47936,mean,0,1024,-45.74318310
voicemark,3,chinese:SSB0261,0,69,47936,tct,0,1024,-44.56878179
voicemark,3,chinese:SSB0261,0,69,53362,mean,0,1024,-42.87184235
voicemark,3,chinese:SSB0261,0,69,53362,tct,0,1024,-39.33503416
voicemark,3,chinese:SSB0261,0,69,3892,mean,0,1024,-33.86684607
voicemark,3,chinese:SSB0261,0,69,3892,tct,0,1024,-32.25510026
voicemark,3,chinese:SSB0261,0,69,33982,mean,0,1024,-58.69927879
voicemark,3,chinese:SSB0261,0,69,33982,tct,0,1024,-48.52251792
voicemark,3,chinese:SSB0261,0,69,58400,mean,0,1024,-59.61476322
voicemark,3,chinese:SSB0261,0,69,58400,tct,0,1024,-60.45171257
voicemark,3,chinese:SSB0261,0,69,46356,mean,0,1024,-59.91694828
voicemark,3,chinese:SSB0261,0,69,46356,tct,0,1024,-59.27145695
voicemark,3,chinese:SSB0261,1,70,13070,mean,0,1024,-50.93967169
voicemark,3,chinese:SSB0261,1,70,13070,tct,0,1024,-52.54076985
voicemark,3,chinese:SSB0261,1,70,10688,mean,0,1024,-57.57691782
voicemark,3,chinese:SSB0261,1,70,10688,tct,0,1024,-60.71326822
voicemark,3,chinese:SSB0261,1,70,65358,mean,0,1024,-24.44843834
voicemark,3,chinese:SSB0261,1,70,65358,tct,0,1024,-30.18412363
voicemark,3,chinese:SSB0261,1,70,58775,mean,0,1024,-21.79224241
voicemark,3,chinese:SSB0261,1,70,58775,tct,0,1024,-19.51293027
voicemark,3,chinese:SSB0261,1,70,32650,mean,0,1024,-38.18651265
voicemark,3,chinese:SSB0261,1,70,32650,tct,0,1024,-40.35899937
voicemark,3,chinese:SSB0261,1,70,11523,mean,0,1024,-50.84998911
voicemark,3,chinese:SSB0261,1,70,11523,tct,0,1024,-54.54954302
voicemark,3,chinese:SSB0261,1,70,55096,mean,0,1024,-28.94202667
voicemark,3,chinese:SSB0261,1,70,55096,tct,0,1024,-31.07426186
voicemark,3,chinese:SSB0261,1,70,22358,mean,0,1024,-35.67739981
voicemark,3,chinese:SSB0261,1,70,22358,tct,0,1024,-39.49953508
voicemark,3,chinese:SSB0261,1,70,33611,mean,0,1024,-44.77530211
voicemark,3,chinese:SSB0261,1,70,33611,tct,0,1024,-49.65183419
voicemark,3,chinese:SSB0261,1,70,7131,mean,0,1024,-43.97303122
voicemark,3,chinese:SSB0261,1,70,7131,tct,0,1024,-56.39670978
voicemark,3,chinese:SSB0261,2,71,8839,mean,0,1024,-52.78818999
voicemark,3,chinese:SSB0261,2,71,8839,tct,0,1024,-64.63777009
voicemark,3,chinese:SSB0261,2,71,28830,mean,0,1024,-66.75466572
voicemark,3,chinese:SSB0261,2,71,28830,tct,0,1024,-74.59953423
voicemark,3,chinese:SSB0261,2,71,29670,mean,0,1024,-61.04617725
voicemark,3,chinese:SSB0261,2,71,29670,tct,0,1024,-62.46345021
voicemark,3,chinese:SSB0261,2,71,28388,mean,0,1024,-48.37673889
voicemark,3,chinese:SSB0261,2,71,28388,tct,0,1024,-41.16819781
voicemark,3,chinese:SSB0261,2,71,21844,mean,0,1024,-50.76428924
voicemark,3,chinese:SSB0261,2,71,21844,tct,0,1024,-57.45877521
voicemark,3,chinese:SSB0261,2,71,32660,mean,0,1024,-62.81670223
voicemark,3,chinese:SSB0261,2,71,32660,tct,0,1024,-59.39309660
voicemark,3,chinese:SSB0261,2,71,23557,mean,0,1024,-39.49830995
voicemark,3,chinese:SSB0261,2,71,23557,tct,0,1024,-46.62031441
voicemark,3,chinese:SSB0261,2,71,28927,mean,0,1024,-48.03435622
voicemark,3,chinese:SSB0261,2,71,28927,tct,0,1024,-54.01680537
voicemark,3,chinese:SSB0261,2,71,5875,mean,0,1024,-46.43337260
voicemark,3,chinese:SSB0261,2,71,5875,tct,0,1024,-53.52434471
voicemark,3,chinese:SSB0261,2,71,61979,mean,0,1024,-36.59872108
voicemark,3,chinese:SSB0261,2,71,61979,tct,0,1024,-37.02695032
voicemark,3,chinese:SSB0267,0,72,12928,mean,0,1024,-41.65212258
voicemark,3,chinese:SSB0267,0,72,12928,tct,0,1024,-48.95936106
voicemark,3,chinese:SSB0267,0,72,37219,mean,0,1024,-33.25753125
voicemark,3,chinese:SSB0267,0,72,37219,tct,0,1024,-38.36702331
voicemark,3,chinese:SSB0267,0,72,43948,mean,0,1024,-35.67610367
voicemark,3,chinese:SSB0267,0,72,43948,tct,0,1024,-25.02546061
voicemark,3,chinese:SSB0267,0,72,46670,mean,0,1024,-6.60882552
voicemark,3,chinese:SSB0267,0,72,46670,tct,0,1024,-7.51637042
voicemark,3,chinese:SSB0267,0,72,35581,mean,0,1024,-18.93049629
voicemark,3,chinese:SSB0267,0,72,35581,tct,0,1024,-17.69015650
voicemark,3,chinese:SSB0267,0,72,54257,mean,0,1024,-35.31981476
voicemark,3,chinese:SSB0267,0,72,54257,tct,0,1024,-34.41084639
voicemark,3,chinese:SSB0267,0,72,14595,mean,0,1024,-35.93587407
voicemark,3,chinese:SSB0267,0,72,14595,tct,0,1024,-42.97647624
voicemark,3,chinese:SSB0267,0,72,42403,mean,0,1024,-33.77522858
voicemark,3,chinese:SSB0267,0,72,42403,tct,0,1024,-35.22000379
voicemark,3,chinese:SSB0267,0,72,38375,mean,0,1024,-28.13853939
voicemark,3,chinese:SSB0267,0,72,38375,tct,0,1024,-20.74662796
voicemark,3,chinese:SSB0267,0,72,42473,mean,0,1024,-31.11717327
voicemark,3,chinese:SSB0267,0,72,42473,tct,0,1024,-47.41844083
voicemark,3,chinese:SSB0267,1,73,10485,mean,0,1024,-31.05128443
voicemark,3,chinese:SSB0267,1,73,10485,tct,0,1024,-15.16159830
voicemark,3,chinese:SSB0267,1,73,39266,mean,0,1024,-41.35827506
voicemark,3,chinese:SSB0267,1,73,39266,tct,0,1024,-43.94601657
voicemark,3,chinese:SSB0267,1,73,64010,mean,0,1024,-28.25544286
voicemark,3,chinese:SSB0267,1,73,64010,tct,0,1024,-41.60633451
voicemark,3,chinese:SSB0267,1,73,50555,mean,0,1024,-39.89473975
voicemark,3,chinese:SSB0267,1,73,50555,tct,0,1024,-37.47764817
voicemark,3,chinese:SSB0267,1,73,29311,mean,0,1024,-45.86922228
voicemark,3,chinese:SSB0267,1,73,29311,tct,0,1024,-52.21205089
voicemark,3,chinese:SSB0267,1,73,57885,mean,0,1024,-41.41516936
voicemark,3,chinese:SSB0267,1,73,57885,tct,0,1024,-41.73273245
voicemark,3,chinese:SSB0267,1,73,55117,mean,0,1024,-23.62536824
voicemark,3,chinese:SSB0267,1,73,55117,tct,0,1024,-23.73077303
voicemark,3,chinese:SSB0267,1,73,51553,mean,0,1024,-45.23649847
voicemark,3,chinese:SSB0267,1,73,51553,tct,0,1024,-47.50205627
voicemark,3,chinese:SSB0267,1,73,14930,mean,0,1024,-38.03861868
voicemark,3,chinese:SSB0267,1,73,14930,tct,0,1024,-40.58330670
voicemark,3,chinese:SSB0267,1,73,39936,mean,0,1024,-23.29340768
voicemark,3,chinese:SSB0267,1,73,39936,tct,0,1024,-31.28858453
voicemark,3,chinese:SSB0267,2,74,51084,mean,0,1024,-44.00895292
voicemark,3,chinese:SSB0267,2,74,51084,tct,0,1024,-46.23052442
voicemark,3,chinese:SSB0267,2,74,42411,mean,0,1024,-49.27606756
voicemark,3,chinese:SSB0267,2,74,42411,tct,0,1024,-50.78566193
voicemark,3,chinese:SSB0267,2,74,17795,mean,0,1024,-49.83923704
voicemark,3,chinese:SSB0267,2,74,17795,tct,0,1024,-51.16998303
voicemark,3,chinese:SSB0267,2,74,30835,mean,0,1024,-38.18101484
voicemark,3,chinese:SSB0267,2,74,30835,tct,0,1024,-37.79567745
voicemark,3,chinese:SSB0267,2,74,28510,mean,0,1024,-38.37305071
voicemark,3,chinese:SSB0267,2,74,28510,tct,0,1024,-34.96219203
voicemark,3,chinese:SSB0267,2,74,4676,mean,0,1024,-25.13188458
voicemark,3,chinese:SSB0267,2,74,4676,tct,0,1024,-38.12362214
voicemark,3,chinese:SSB0267,2,74,26968,mean,0,1024,-53.28117639
voicemark,3,chinese:SSB0267,2,74,26968,tct,0,1024,-30.97505219
voicemark,3,chinese:SSB0267,2,74,60858,mean,0,1024,-46.05876047
voicemark,3,chinese:SSB0267,2,74,60858,tct,0,1024,-35.60912148
voicemark,3,chinese:SSB0267,2,74,24779,mean,0,1024,-49.30506879
voicemark,3,chinese:SSB0267,2,74,24779,tct,0,1024,-59.98851036
voicemark,3,chinese:SSB0267,2,74,33302,mean,0,1024,-51.47836667
voicemark,3,chinese:SSB0267,2,74,33302,tct,0,1024,-64.37454021
voicemark,3,chinese:SSB0273,0,75,20626,mean,0,1024,-45.67750509
voicemark,3,chinese:SSB0273,0,75,20626,tct,0,1024,-44.25678922
voicemark,3,chinese:SSB0273,0,75,6292,mean,0,1024,-21.82886083
voicemark,3,chinese:SSB0273,0,75,6292,tct,0,1024,-17.77127352
voicemark,3,chinese:SSB0273,0,75,27520,mean,0,1024,-45.99366577
voicemark,3,chinese:SSB0273,0,75,27520,tct,0,1024,-43.01906921
voicemark,3,chinese:SSB0273,0,75,35380,mean,0,1024,-44.78530653
voicemark,3,chinese:SSB0273,0,75,35380,tct,0,1024,-47.95691862
voicemark,3,chinese:SSB0273,0,75,21867,mean,0,1024,-29.23688276
voicemark,3,chinese:SSB0273,0,75,21867,tct,0,1024,-47.39363050
voicemark,3,chinese:SSB0273,0,75,25287,mean,0,1024,-42.96797903
voicemark,3,chinese:SSB0273,0,75,25287,tct,0,1024,-43.90358043
voicemark,3,chinese:SSB0273,0,75,18196,mean,0,1024,-34.78559311
voicemark,3,chinese:SSB0273,0,75,18196,tct,0,1024,-36.73281487
voicemark,3,chinese:SSB0273,0,75,14202,mean,0,1024,-39.76575287
voicemark,3,chinese:SSB0273,0,75,14202,tct,0,1024,-43.91243493
voicemark,3,chinese:SSB0273,0,75,46695,mean,0,1024,-29.75478704
voicemark,3,chinese:SSB0273,0,75,46695,tct,0,1024,-28.36990422
voicemark,3,chinese:SSB0273,0,75,52844,mean,0,1024,-17.28230178
voicemark,3,chinese:SSB0273,0,75,52844,tct,0,1024,-13.60521731
voicemark,3,chinese:SSB0273,1,76,26692,mean,0,1024,-54.33956270
voicemark,3,chinese:SSB0273,1,76,26692,tct,0,1024,-41.52019955
voicemark,3,chinese:SSB0273,1,76,52439,mean,0,1024,-47.35109596
voicemark,3,chinese:SSB0273,1,76,52439,tct,0,1024,-42.09102608
voicemark,3,chinese:SSB0273,1,76,1013,mean,0,1024,-31.80746327
voicemark,3,chinese:SSB0273,1,76,1013,tct,0,1024,-14.32550334
voicemark,3,chinese:SSB0273,1,76,47383,mean,0,1024,-27.74941356
voicemark,3,chinese:SSB0273,1,76,47383,tct,0,1024,-19.41844349
voicemark,3,chinese:SSB0273,1,76,43704,mean,0,1024,-16.85089725
voicemark,3,chinese:SSB0273,1,76,43704,tct,0,1024,-9.89910716
voicemark,3,chinese:SSB0273,1,76,58971,mean,0,1024,-41.51892405
voicemark,3,chinese:SSB0273,1,76,58971,tct,0,1024,-33.28016601
voicemark,3,chinese:SSB0273,1,76,55096,mean,0,1024,-41.03340559
voicemark,3,chinese:SSB0273,1,76,55096,tct,0,1024,-28.57723145
voicemark,3,chinese:SSB0273,1,76,38071,mean,0,1024,-40.38943987
voicemark,3,chinese:SSB0273,1,76,38071,tct,0,1024,-35.19131522
voicemark,3,chinese:SSB0273,1,76,32069,mean,0,1024,-30.74401341
voicemark,3,chinese:SSB0273,1,76,32069,tct,0,1024,-28.68138169
voicemark,3,chinese:SSB0273,1,76,28379,mean,0,1024,-51.56433611
voicemark,3,chinese:SSB0273,1,76,28379,tct,0,1024,-48.08921544
voicemark,3,chinese:SSB0273,2,77,16440,mean,0,1024,-31.12168446
voicemark,3,chinese:SSB0273,2,77,16440,tct,0,1024,-19.14771631
voicemark,3,chinese:SSB0273,2,77,21670,mean,0,1024,-40.82365980
voicemark,3,chinese:SSB0273,2,77,21670,tct,0,1024,-38.78649162
voicemark,3,chinese:SSB0273,2,77,55456,mean,0,1024,-43.64635172
voicemark,3,chinese:SSB0273,2,77,55456,tct,0,1024,-35.29068738
voicemark,3,chinese:SSB0273,2,77,12650,mean,0,1024,-35.00759352
voicemark,3,chinese:SSB0273,2,77,12650,tct,0,1024,-35.62035080
voicemark,3,chinese:SSB0273,2,77,30776,mean,0,1024,-36.21635475
voicemark,3,chinese:SSB0273,2,77,30776,tct,0,1024,-40.55262353
voicemark,3,chinese:SSB0273,2,77,50798,mean,0,1024,-36.31310023
voicemark,3,chinese:SSB0273,2,77,50798,tct,0,1024,-28.47439286
voicemark,3,chinese:SSB0273,2,77,3964,mean,0,1024,-32.20971384
voicemark,3,chinese:SSB0273,2,77,3964,tct,0,1024,-36.18223688
voicemark,3,chinese:SSB0273,2,77,33781,mean,0,1024,-27.75754897
voicemark,3,chinese:SSB0273,2,77,33781,tct,0,1024,-25.74349961
voicemark,3,chinese:SSB0273,2,77,10988,mean,0,1024,-36.75891724
voicemark,3,chinese:SSB0273,2,77,10988,tct,0,1024,-37.18430223
voicemark,3,chinese:SSB0273,2,77,63031,mean,0,1024,-33.49963990
voicemark,3,chinese:SSB0273,2,77,63031,tct,0,1024,-30.06602657
voicemark,3,chinese:SSB0287,0,78,4306,mean,0,1024,-37.44510661
voicemark,3,chinese:SSB0287,0,78,4306,tct,0,1024,-35.18459424
voicemark,3,chinese:SSB0287,0,78,452,mean,0,1024,-53.58217631
voicemark,3,chinese:SSB0287,0,78,452,tct,0,1024,-56.59222248
voicemark,3,chinese:SSB0287,0,78,1267,mean,0,1024,-47.77186738
voicemark,3,chinese:SSB0287,0,78,1267,tct,0,1024,-47.46887960
voicemark,3,chinese:SSB0287,0,78,62251,mean,0,1024,-30.30304776
voicemark,3,chinese:SSB0287,0,78,62251,tct,0,1024,-36.57617733
voicemark,3,chinese:SSB0287,0,78,17910,mean,0,1024,-25.61603689
voicemark,3,chinese:SSB0287,0,78,17910,tct,0,1024,-24.55725193
voicemark,3,chinese:SSB0287,0,78,787,mean,0,1024,-55.97800265
voicemark,3,chinese:SSB0287,0,78,787,tct,0,1024,-55.04644603
voicemark,3,chinese:SSB0287,0,78,41490,mean,0,1024,-44.20992194
voicemark,3,chinese:SSB0287,0,78,41490,tct,0,1024,-34.25939980
voicemark,3,chinese:SSB0287,0,78,51448,mean,0,1024,-18.07304249
voicemark,3,chinese:SSB0287,0,78,51448,tct,0,1024,-19.30597567
voicemark,3,chinese:SSB0287,0,78,52732,mean,0,1024,-39.09006558
voicemark,3,chinese:SSB0287,0,78,52732,tct,0,1024,-39.28090313
voicemark,3,chinese:SSB0287,0,78,9748,mean,0,1024,-41.91764842
voicemark,3,chinese:SSB0287,0,78,9748,tct,0,1024,-39.10239610
voicemark,3,chinese:SSB0287,1,79,5078,mean,0,1024,-33.33146918
voicemark,3,chinese:SSB0287,1,79,5078,tct,0,1024,-39.87653461
voicemark,3,chinese:SSB0287,1,79,2779,mean,0,1024,-45.98774064
voicemark,3,chinese:SSB0287,1,79,2779,tct,0,1024,-49.79719865
voicemark,3,chinese:SSB0287,1,79,22553,mean,0,1024,-25.40703738
voicemark,3,chinese:SSB0287,1,79,22553,tct,0,1024,-28.00743520
voicemark,3,chinese:SSB0287,1,79,46037,mean,0,1024,-45.94456971
voicemark,3,chinese:SSB0287,1,79,46037,tct,0,1024,-44.21142811
voicemark,3,chinese:SSB0287,1,79,4784,mean,0,1024,-30.32800734
voicemark,3,chinese:SSB0287,1,79,4784,tct,0,1024,-21.18038620
voicemark,3,chinese:SSB0287,1,79,65066,mean,0,1024,-47.96569455
voicemark,3,chinese:SSB0287,1,79,65066,tct,0,1024,-51.40463667
voicemark,3,chinese:SSB0287,1,79,16847,mean,0,1024,-50.94553101
voicemark,3,chinese:SSB0287,1,79,16847,tct,0,1024,-66.75258704
voicemark,3,chinese:SSB0287,1,79,21021,mean,0,1024,-32.84608853
voicemark,3,chinese:SSB0287,1,79,21021,tct,0,1024,-42.94636762
voicemark,3,chinese:SSB0287,1,79,23852,mean,0,1024,-32.72055829
voicemark,3,chinese:SSB0287,1,79,23852,tct,0,1024,-33.00962436
voicemark,3,chinese:SSB0287,1,79,11919,mean,0,1024,-43.40604699
voicemark,3,chinese:SSB0287,1,79,11919,tct,0,1024,-43.26251352
voicemark,3,chinese:SSB0287,2,80,42679,mean,0,1024,-39.33011239
voicemark,3,chinese:SSB0287,2,80,42679,tct,0,1024,-39.14367003
voicemark,3,chinese:SSB0287,2,80,39052,mean,0,1024,-41.88394098
voicemark,3,chinese:SSB0287,2,80,39052,tct,0,1024,-34.90413495
voicemark,3,chinese:SSB0287,2,80,17218,mean,0,1024,-40.95283215
voicemark,3,chinese:SSB0287,2,80,17218,tct,0,1024,-42.44494939
voicemark,3,chinese:SSB0287,2,80,35885,mean,0,1024,-46.51610558
voicemark,3,chinese:SSB0287,2,80,35885,tct,0,1024,-42.89886249
voicemark,3,chinese:SSB0287,2,80,28711,mean,0,1024,-41.13368600
voicemark,3,chinese:SSB0287,2,80,28711,tct,0,1024,-42.23028981
voicemark,3,chinese:SSB0287,2,80,22685,mean,0,1024,-32.88617074
voicemark,3,chinese:SSB0287,2,80,22685,tct,0,1024,-35.82863721
voicemark,3,chinese:SSB0287,2,80,29886,mean,0,1024,-45.03214162
voicemark,3,chinese:SSB0287,2,80,29886,tct,0,1024,-49.29736923
voicemark,3,chinese:SSB0287,2,80,53083,mean,0,1024,-42.85445397
voicemark,3,chinese:SSB0287,2,80,53083,tct,0,1024,-48.15012953
voicemark,3,chinese:SSB0287,2,80,56624,mean,0,1024,-43.69108479
voicemark,3,chinese:SSB0287,2,80,56624,tct,0,1024,-45.47806993
voicemark,3,chinese:SSB0287,2,80,26515,mean,0,1024,-47.47269051
voicemark,3,chinese:SSB0287,2,80,26515,tct,0,1024,-42.23100820
voicemark,3,chinese:SSB0288,0,81,52101,mean,0,1024,-32.00895462
voicemark,3,chinese:SSB0288,0,81,52101,tct,0,1024,-32.84962603
voicemark,3,chinese:SSB0288,0,81,54198,mean,0,1024,-46.19147000
voicemark,3,chinese:SSB0288,0,81,54198,tct,0,1024,-56.00067890
voicemark,3,chinese:SSB0288,0,81,41516,mean,0,1024,-37.04548154
voicemark,3,chinese:SSB0288,0,81,41516,tct,0,1024,-37.89748863
voicemark,3,chinese:SSB0288,0,81,55662,mean,0,1024,-39.87520871
voicemark,3,chinese:SSB0288,0,81,55662,tct,0,1024,-32.09435038
voicemark,3,chinese:SSB0288,0,81,35160,mean,0,1024,-52.12904248
voicemark,3,chinese:SSB0288,0,81,35160,tct,0,1024,-52.92254913
voicemark,3,chinese:SSB0288,0,81,45333,mean,0,1024,-55.67011342
voicemark,3,chinese:SSB0288,0,81,45333,tct,0,1024,-53.34684603
voicemark,3,chinese:SSB0288,0,81,19060,mean,0,1024,-43.92324719
voicemark,3,chinese:SSB0288,0,81,19060,tct,0,1024,-45.52776724
voicemark,3,chinese:SSB0288,0,81,15180,mean,0,1024,-14.58656452
voicemark,3,chinese:SSB0288,0,81,15180,tct,0,1024,-18.41233492
voicemark,3,chinese:SSB0288,0,81,56830,mean,0,1024,-39.56688867
voicemark,3,chinese:SSB0288,0,81,56830,tct,0,1024,-42.84590544
voicemark,3,chinese:SSB0288,0,81,37553,mean,0,1024,-44.47338376
voicemark,3,chinese:SSB0288,0,81,37553,tct,0,1024,-48.76541254
voicemark,3,chinese:SSB0288,1,82,3170,mean,0,1024,-46.61622266
voicemark,3,chinese:SSB0288,1,82,3170,tct,0,1024,-27.16923073
voicemark,3,chinese:SSB0288,1,82,44677,mean,0,1024,-28.27510714
voicemark,3,chinese:SSB0288,1,82,44677,tct,0,1024,-33.88860595
voicemark,3,chinese:SSB0288,1,82,52817,mean,0,1024,-53.35458163
voicemark,3,chinese:SSB0288,1,82,52817,tct,0,1024,-61.73111736
voicemark,3,chinese:SSB0288,1,82,1863,mean,0,1024,-23.31974045
voicemark,3,chinese:SSB0288,1,82,1863,tct,0,1024,-28.14484024
voicemark,3,chinese:SSB0288,1,82,13328,mean,0,1024,-55.82308749
voicemark,3,chinese:SSB0288,1,82,13328,tct,0,1024,-39.25855120
voicemark,3,chinese:SSB0288,1,82,16502,mean,0,1024,-36.93060330
voicemark,3,chinese:SSB0288,1,82,16502,tct,0,1024,-46.33884791
voicemark,3,chinese:SSB0288,1,82,50429,mean,0,1024,-45.36036853
voicemark,3,chinese:SSB0288,1,82,50429,tct,0,1024,-39.57440203
voicemark,3,chinese:SSB0288,1,82,65171,mean,0,1024,-26.32867422
voicemark,3,chinese:SSB0288,1,82,65171,tct,0,1024,-42.31377225
voicemark,3,chinese:SSB0288,1,82,29294,mean,0,1024,-33.46842507
voicemark,3,chinese:SSB0288,1,82,29294,tct,0,1024,-48.71129805
voicemark,3,chinese:SSB0288,1,82,16821,mean,0,1024,-29.09975743
voicemark,3,chinese:SSB0288,1,82,16821,tct,0,1024,-32.34358469
voicemark,3,chinese:SSB0288,2,83,16629,mean,0,1024,-34.69831840
voicemark,3,chinese:SSB0288,2,83,16629,tct,0,1024,-34.78809005
voicemark,3,chinese:SSB0288,2,83,33619,mean,0,1024,-31.93915883
voicemark,3,chinese:SSB0288,2,83,33619,tct,0,1024,-40.50015914
voicemark,3,chinese:SSB0288,2,83,40093,mean,0,1024,-54.74861327
voicemark,3,chinese:SSB0288,2,83,40093,tct,0,1024,-50.82820859
voicemark,3,chinese:SSB0288,2,83,52635,mean,0,1024,-48.70794574
voicemark,3,chinese:SSB0288,2,83,52635,tct,0,1024,-55.94804662
voicemark,3,chinese:SSB0288,2,83,36432,mean,0,1024,-38.49824468
voicemark,3,chinese:SSB0288,2,83,36432,tct,0,1024,-30.13918163
voicemark,3,chinese:SSB0288,2,83,47193,mean,0,1024,-26.15789798
voicemark,3,chinese:SSB0288,2,83,47193,tct,0,1024,-22.09024516
voicemark,3,chinese:SSB0288,2,83,58676,mean,0,1024,-39.92221728
voicemark,3,chinese:SSB0288,2,83,58676,tct,0,1024,-45.37167699
voicemark,3,chinese:SSB0288,2,83,49585,mean,0,1024,-54.99486629
voicemark,3,chinese:SSB0288,2,83,49585,tct,0,1024,-62.12736410
voicemark,3,chinese:SSB0288,2,83,554,mean,0,1024,-51.61950770
voicemark,3,chinese:SSB0288,2,83,554,tct,0,1024,-52.93642876
voicemark,3,chinese:SSB0288,2,83,471,mean,0,1024,-25.99803873
voicemark,3,chinese:SSB0288,2,83,471,tct,0,1024,-38.29201610
voicemark,3,chinese:SSB0299,0,84,19937,mean,0,1024,-41.88430895
voicemark,3,chinese:SSB0299,0,84,19937,tct,0,1024,-47.00551384
voicemark,3,chinese:SSB0299,0,84,26484,mean,0,1024,-34.36594023
voicemark,3,chinese:SSB0299,0,84,26484,tct,0,1024,-28.12071263
voicemark,3,chinese:SSB0299,0,84,5094,mean,0,1024,-37.54805197
voicemark,3,chinese:SSB0299,0,84,5094,tct,0,1024,-47.81986701
voicemark,3,chinese:SSB0299,0,84,64560,mean,0,1024,-37.33597721
voicemark,3,chinese:SSB0299,0,84,64560,tct,0,1024,-42.59442589
voicemark,3,chinese:SSB0299,0,84,58356,mean,0,1024,-41.57273687
voicemark,3,chinese:SSB0299,0,84,58356,tct,0,1024,-43.02988121
voicemark,3,chinese:SSB0299,0,84,49560,mean,0,1024,-41.23128714
voicemark,3,chinese:SSB0299,0,84,49560,tct,0,1024,-52.47008166
voicemark,3,chinese:SSB0299,0,84,11761,mean,0,1024,-40.70466055
voicemark,3,chinese:SSB0299,0,84,11761,tct,0,1024,-53.12436146
voicemark,3,chinese:SSB0299,0,84,59274,mean,0,1024,-31.52821983
voicemark,3,chinese:SSB0299,0,84,59274,tct,0,1024,-35.93977711
voicemark,3,chinese:SSB0299,0,84,34031,mean,0,1024,-37.62093271
voicemark,3,chinese:SSB0299,0,84,34031,tct,0,1024,-53.30935948
voicemark,3,chinese:SSB0299,0,84,59734,mean,0,1024,-26.72462116
voicemark,3,chinese:SSB0299,0,84,59734,tct,0,1024,-25.91109145
voicemark,3,chinese:SSB0299,1,85,45506,mean,0,1024,-27.47612948
voicemark,3,chinese:SSB0299,1,85,45506,tct,0,1024,-18.26482320
voicemark,3,chinese:SSB0299,1,85,45284,mean,0,1024,-48.03525301
voicemark,3,chinese:SSB0299,1,85,45284,tct,0,1024,-56.24640465
voicemark,3,chinese:SSB0299,1,85,34541,mean,0,1024,-29.63140147
voicemark,3,chinese:SSB0299,1,85,34541,tct,0,1024,-56.05446699
voicemark,3,chinese:SSB0299,1,85,48948,mean,0,1024,-47.53272291
voicemark,3,chinese:SSB0299,1,85,48948,tct,0,1024,-57.47533689
voicemark,3,chinese:SSB0299,1,85,13180,mean,0,1024,-45.03155084
voicemark,3,chinese:SSB0299,1,85,13180,tct,0,1024,-52.54235200
voicemark,3,chinese:SSB0299,1,85,3679,mean,0,1024,-42.33407636
voicemark,3,chinese:SSB0299,1,85,3679,tct,0,1024,-36.79965035
voicemark,3,chinese:SSB0299,1,85,38958,mean,0,1024,-37.94580694
voicemark,3,chinese:SSB0299,1,85,38958,tct,0,1024,-32.10994184
voicemark,3,chinese:SSB0299,1,85,6991,mean,0,1024,-40.67507311
voicemark,3,chinese:SSB0299,1,85,6991,tct,0,1024,-39.83126532
voicemark,3,chinese:SSB0299,1,85,59976,mean,0,1024,-52.51117750
voicemark,3,chinese:SSB0299,1,85,59976,tct,0,1024,-46.42395294
voicemark,3,chinese:SSB0299,1,85,17035,mean,0,1024,-49.32652994
voicemark,3,chinese:SSB0299,1,85,17035,tct,0,1024,-42.33585511
voicemark,3,chinese:SSB0299,2,86,8665,mean,0,1024,-40.84364639
voicemark,3,chinese:SSB0299,2,86,8665,tct,0,1024,-33.51455470
voicemark,3,chinese:SSB0299,2,86,9018,mean,0,1024,-45.98765304
voicemark,3,chinese:SSB0299,2,86,9018,tct,0,1024,-40.52366864
voicemark,3,chinese:SSB0299,2,86,1594,mean,0,1024,-34.52457836
voicemark,3,chinese:SSB0299,2,86,1594,tct,0,1024,-34.52457836
voicemark,3,chinese:SSB0299,2,86,13905,mean,0,1024,-19.61348774
voicemark,3,chinese:SSB0299,2,86,13905,tct,0,1024,-18.76122248
voicemark,3,chinese:SSB0299,2,86,23352,mean,0,1024,-40.18431499
voicemark,3,chinese:SSB0299,2,86,23352,tct,0,1024,-33.57901225
voicemark,3,chinese:SSB0299,2,86,59731,mean,0,1024,-32.42842891
voicemark,3,chinese:SSB0299,2,86,59731,tct,0,1024,-30.26998607
voicemark,3,chinese:SSB0299,2,86,40312,mean,0,1024,-50.27972343
voicemark,3,chinese:SSB0299,2,86,40312,tct,0,1024,-48.08366771
voicemark,3,chinese:SSB0299,2,86,60862,mean,0,1024,-45.14193847
voicemark,3,chinese:SSB0299,2,86,60862,tct,0,1024,-36.19958225
voicemark,3,chinese:SSB0299,2,86,51945,mean,0,1024,-37.40347038
voicemark,3,chinese:SSB0299,2,86,51945,tct,0,1024,-38.72210036
voicemark,3,chinese:SSB0299,2,86,27334,mean,0,1024,-45.75419929
voicemark,3,chinese:SSB0299,2,86,27334,tct,0,1024,-30.03140309
voicemark,3,chinese:SSB0307,0,87,10754,mean,0,1024,-40.30448058
voicemark,3,chinese:SSB0307,0,87,10754,tct,0,1024,-60.73768371
voicemark,3,chinese:SSB0307,0,87,3225,mean,0,1024,-12.59948921
voicemark,3,chinese:SSB0307,0,87,3225,tct,0,1024,-19.95029665
voicemark,3,chinese:SSB0307,0,87,5418,mean,0,1024,-31.12799837
voicemark,3,chinese:SSB0307,0,87,5418,tct,0,1024,-48.24259180
voicemark,3,chinese:SSB0307,0,87,29841,mean,0,1024,-26.93252855
voicemark,3,chinese:SSB0307,0,87,29841,tct,0,1024,-32.58470113
voicemark,3,chinese:SSB0307,0,87,45124,mean,0,1024,-36.01619913
voicemark,3,chinese:SSB0307,0,87,45124,tct,0,1024,-52.77567226
voicemark,3,chinese:SSB0307,0,87,7033,mean,0,1024,-22.53566930
voicemark,3,chinese:SSB0307,0,87,7033,tct,0,1024,-38.04753716
voicemark,3,chinese:SSB0307,0,87,13371,mean,0,1024,-37.51534369
voicemark,3,chinese:SSB0307,0,87,13371,tct,0,1024,-49.74528849
voicemark,3,chinese:SSB0307,0,87,56829,mean,0,1024,-33.27515128
voicemark,3,chinese:SSB0307,0,87,56829,tct,0,1024,-43.17909205
voicemark,3,chinese:SSB0307,0,87,10294,mean,0,1024,-29.02603438
voicemark,3,chinese:SSB0307,0,87,10294,tct,0,1024,-61.51527947
voicemark,3,chinese:SSB0307,0,87,63922,mean,0,1024,-44.68179610
voicemark,3,chinese:SSB0307,0,87,63922,tct,0,1024,-64.55866595
voicemark,3,chinese:SSB0307,1,88,44132,mean,0,1024,-35.99258158
voicemark,3,chinese:SSB0307,1,88,44132,tct,0,1024,-48.17349851
voicemark,3,chinese:SSB0307,1,88,22421,mean,0,1024,-48.44051477
voicemark,3,chinese:SSB0307,1,88,22421,tct,0,1024,-68.26471746
voicemark,3,chinese:SSB0307,1,88,62327,mean,0,1024,-28.50869295
voicemark,3,chinese:SSB0307,1,88,62327,tct,0,1024,-24.53823241
voicemark,3,chinese:SSB0307,1,88,17770,mean,0,1024,-38.23126766
voicemark,3,chinese:SSB0307,1,88,17770,tct,0,1024,-44.59060201
voicemark,3,chinese:SSB0307,1,88,47356,mean,0,1024,-26.70039222
voicemark,3,chinese:SSB0307,1,88,47356,tct,0,1024,-19.67725031
voicemark,3,chinese:SSB0307,1,88,56219,mean,0,1024,-30.65044686
voicemark,3,chinese:SSB0307,1,88,56219,tct,0,1024,-21.36756353
voicemark,3,chinese:SSB0307,1,88,33862,mean,0,1024,-6.23586655
voicemark,3,chinese:SSB0307,1,88,33862,tct,0,1024,-2.26653099
voicemark,3,chinese:SSB0307,1,88,44393,mean,0,1024,-44.56555578
voicemark,3,chinese:SSB0307,1,88,44393,tct,0,1024,-37.54561631
voicemark,3,chinese:SSB0307,1,88,31534,mean,0,1024,-39.26105901
voicemark,3,chinese:SSB0307,1,88,31534,tct,0,1024,-29.53982916
voicemark,3,chinese:SSB0307,1,88,18274,mean,0,1024,-40.69924232
voicemark,3,chinese:SSB0307,1,88,18274,tct,0,1024,-47.89807185
voicemark,3,chinese:SSB0307,2,89,43976,mean,0,1024,-49.72612439
voicemark,3,chinese:SSB0307,2,89,43976,tct,0,1024,-48.39184147
voicemark,3,chinese:SSB0307,2,89,48084,mean,0,1024,-41.78096257
voicemark,3,chinese:SSB0307,2,89,48084,tct,0,1024,-49.49027643
voicemark,3,chinese:SSB0307,2,89,8730,mean,0,1024,-46.20750485
voicemark,3,chinese:SSB0307,2,89,8730,tct,0,1024,-40.51302320
voicemark,3,chinese:SSB0307,2,89,29124,mean,0,1024,-39.50272952
voicemark,3,chinese:SSB0307,2,89,29124,tct,0,1024,-47.54586039
voicemark,3,chinese:SSB0307,2,89,17974,mean,0,1024,-33.41335779
voicemark,3,chinese:SSB0307,2,89,17974,tct,0,1024,-35.04612487
voicemark,3,chinese:SSB0307,2,89,41924,mean,0,1024,-33.96546374
voicemark,3,chinese:SSB0307,2,89,41924,tct,0,1024,-34.96812458
voicemark,3,chinese:SSB0307,2,89,35283,mean,0,1024,-48.02440797
voicemark,3,chinese:SSB0307,2,89,35283,tct,0,1024,-46.16140979
voicemark,3,chinese:SSB0307,2,89,29303,mean,0,1024,-33.44131408
voicemark,3,chinese:SSB0307,2,89,29303,tct,0,1024,-41.56783468
voicemark,3,chinese:SSB0307,2,89,12341,mean,0,1024,-35.58956248
voicemark,3,chinese:SSB0307,2,89,12341,tct,0,1024,-42.68647040
voicemark,3,chinese:SSB0307,2,89,51998,mean,0,1024,-49.37187157
voicemark,3,chinese:SSB0307,2,89,51998,tct,0,1024,-46.36263710
voicemark,3,chinese:SSB0309,0,90,51588,mean,0,1024,-43.12298886
voicemark,3,chinese:SSB0309,0,90,51588,tct,0,1024,-29.23193290
voicemark,3,chinese:SSB0309,0,90,11037,mean,0,1024,-40.22805945
voicemark,3,chinese:SSB0309,0,90,11037,tct,0,1024,-39.72465068
voicemark,3,chinese:SSB0309,0,90,26945,mean,0,1024,-33.06299841
voicemark,3,chinese:SSB0309,0,90,26945,tct,0,1024,-32.42777452
voicemark,3,chinese:SSB0309,0,90,37380,mean,0,1024,-53.75701157
voicemark,3,chinese:SSB0309,0,90,37380,tct,0,1024,-54.60866290
voicemark,3,chinese:SSB0309,0,90,54315,mean,0,1024,-52.42006795
voicemark,3,chinese:SSB0309,0,90,54315,tct,0,1024,-50.33289749
voicemark,3,chinese:SSB0309,0,90,9003,mean,0,1024,-45.91324441
voicemark,3,chinese:SSB0309,0,90,9003,tct,0,1024,-43.55402028
voicemark,3,chinese:SSB0309,0,90,19562,mean,0,1024,-39.73812292
voicemark,3,chinese:SSB0309,0,90,19562,tct,0,1024,-38.02092075
voicemark,3,chinese:SSB0309,0,90,57806,mean,0,1024,-47.06524102
voicemark,3,chinese:SSB0309,0,90,57806,tct,0,1024,-45.36366788
voicemark,3,chinese:SSB0309,0,90,10983,mean,0,1024,-45.96731107
voicemark,3,chinese:SSB0309,0,90,10983,tct,0,1024,-45.15645635
voicemark,3,chinese:SSB0309,0,90,8292,mean,0,1024,-37.99453733
voicemark,3,chinese:SSB0309,0,90,8292,tct,0,1024,-32.56596742
voicemark,3,chinese:SSB0309,1,91,8010,mean,0,1024,-35.85554436
voicemark,3,chinese:SSB0309,1,91,8010,tct,0,1024,-30.08484193
voicemark,3,chinese:SSB0309,1,91,50107,mean,0,1024,-37.58702071
voicemark,3,chinese:SSB0309,1,91,50107,tct,0,1024,-46.42842949
voicemark,3,chinese:SSB0309,1,91,14243,mean,0,1024,-48.88230212
voicemark,3,chinese:SSB0309,1,91,14243,tct,0,1024,-46.48929218
voicemark,3,chinese:SSB0309,1,91,49408,mean,0,1024,-27.96161349
voicemark,3,chinese:SSB0309,1,91,49408,tct,0,1024,-30.78426964
voicemark,3,chinese:SSB0309,1,91,34477,mean,0,1024,-52.80268653
voicemark,3,chinese:SSB0309,1,91,34477,tct,0,1024,-53.79909772
voicemark,3,chinese:SSB0309,1,91,57029,mean,0,1024,-37.75277002
voicemark,3,chinese:SSB0309,1,91,57029,tct,0,1024,-34.05796504
voicemark,3,chinese:SSB0309,1,91,24916,mean,0,1024,-33.77394551
voicemark,3,chinese:SSB0309,1,91,24916,tct,0,1024,-28.30785930
voicemark,3,chinese:SSB0309,1,91,13484,mean,0,1024,-47.98852904
voicemark,3,chinese:SSB0309,1,91,13484,tct,0,1024,-43.06093472
voicemark,3,chinese:SSB0309,1,91,2400,mean,0,1024,-57.38399775
voicemark,3,chinese:SSB0309,1,91,2400,tct,0,1024,-66.60948017
voicemark,3,chinese:SSB0309,1,91,45070,mean,0,1024,-52.21843417
voicemark,3,chinese:SSB0309,1,91,45070,tct,0,1024,-57.58053254
voicemark,3,chinese:SSB0309,2,92,29190,mean,0,1024,-14.48092200
voicemark,3,chinese:SSB0309,2,92,29190,tct,0,1024,-30.62019402
voicemark,3,chinese:SSB0309,2,92,7543,mean,0,1024,-25.09817043
voicemark,3,chinese:SSB0309,2,92,7543,tct,0,1024,-35.90468967
voicemark,3,chinese:SSB0309,2,92,40970,mean,0,1024,-34.46474243
voicemark,3,chinese:SSB0309,2,92,40970,tct,0,1024,-20.14310378
voicemark,3,chinese:SSB0309,2,92,3392,mean,0,1024,-44.40282796
voicemark,3,chinese:SSB0309,2,92,3392,tct,0,1024,-26.39244660
voicemark,3,chinese:SSB0309,2,92,13681,mean,0,1024,-52.05256579
voicemark,3,chinese:SSB0309,2,92,13681,tct,0,1024,-49.16199083
voicemark,3,chinese:SSB0309,2,92,62904,mean,0,1024,-39.76748011
voicemark,3,chinese:SSB0309,2,92,62904,tct,0,1024,-40.36781458
voicemark,3,chinese:SSB0309,2,92,4934,mean,0,1024,-33.89948628
voicemark,3,chinese:SSB0309,2,92,4934,tct,0,1024,-35.63852620
voicemark,3,chinese:SSB0309,2,92,52507,mean,0,1024,-49.32087205
voicemark,3,chinese:SSB0309,2,92,52507,tct,0,1024,-41.53300429
voicemark,3,chinese:SSB0309,2,92,37302,mean,0,1024,-44.33622048
voicemark,3,chinese:SSB0309,2,92,37302,tct,0,1024,-23.64646102
voicemark,3,chinese:SSB0309,2,92,22929,mean,0,1024,-50.44557021
voicemark,3,chinese:SSB0309,2,92,22929,tct,0,1024,-47.38078565
voicemark,3,chinese:SSB0315,0,93,39943,mean,0,1024,-23.75901778
voicemark,3,chinese:SSB0315,0,93,39943,tct,0,1024,-10.86429171
voicemark,3,chinese:SSB0315,0,93,35769,mean,0,1024,-43.64385819
voicemark,3,chinese:SSB0315,0,93,35769,tct,0,1024,-48.07350400
voicemark,3,chinese:SSB0315,0,93,43734,mean,0,1024,-46.00535082
voicemark,3,chinese:SSB0315,0,93,43734,tct,0,1024,-45.96450357
voicemark,3,chinese:SSB0315,0,93,60666,mean,0,1024,-42.14044404
voicemark,3,chinese:SSB0315,0,93,60666,tct,0,1024,-48.23141784
voicemark,3,chinese:SSB0315,0,93,64852,mean,0,1024,-48.46819090
voicemark,3,chinese:SSB0315,0,93,64852,tct,0,1024,-47.68547192
voicemark,3,chinese:SSB0315,0,93,35507,mean,0,1024,-49.12915825
voicemark,3,chinese:SSB0315,0,93,35507,tct,0,1024,-52.08737640
voicemark,3,chinese:SSB0315,0,93,19804,mean,0,1024,-51.47249007
voicemark,3,chinese:SSB0315,0,93,19804,tct,0,1024,-45.77194998
voicemark,3,chinese:SSB0315,0,93,51459,mean,0,1024,-19.49277659
voicemark,3,chinese:SSB0315,0,93,51459,tct,0,1024,-16.09861407
voicemark,3,chinese:SSB0315,0,93,22563,mean,0,1024,-44.21446037
voicemark,3,chinese:SSB0315,0,93,22563,tct,0,1024,-51.44546322
voicemark,3,chinese:SSB0315,0,93,34093,mean,0,1024,-52.69293856
voicemark,3,chinese:SSB0315,0,93,34093,tct,0,1024,-55.40902072
voicemark,3,chinese:SSB0315,1,94,25300,mean,0,1024,-59.49324815
voicemark,3,chinese:SSB0315,1,94,25300,tct,0,1024,-53.53012905
voicemark,3,chinese:SSB0315,1,94,8125,mean,0,1024,-63.38770883
voicemark,3,chinese:SSB0315,1,94,8125,tct,0,1024,-72.88299870
voicemark,3,chinese:SSB0315,1,94,60153,mean,0,1024,-55.64223878
voicemark,3,chinese:SSB0315,1,94,60153,tct,0,1024,-61.28742491
voicemark,3,chinese:SSB0315,1,94,27968,mean,0,1024,-57.71307962
voicemark,3,chinese:SSB0315,1,94,27968,tct,0,1024,-55.60420450
voicemark,3,chinese:SSB0315,1,94,4497,mean,0,1024,-62.86295812
voicemark,3,chinese:SSB0315,1,94,4497,tct,0,1024,-57.29674560
voicemark,3,chinese:SSB0315,1,94,35566,mean,0,1024,-57.62510459
voicemark,3,chinese:SSB0315,1,94,35566,tct,0,1024,-66.63367522
voicemark,3,chinese:SSB0315,1,94,10577,mean,0,1024,-60.52265089
voicemark,3,chinese:SSB0315,1,94,10577,tct,0,1024,-49.35262606
voicemark,3,chinese:SSB0315,1,94,1528,mean,0,1024,-62.32542341
voicemark,3,chinese:SSB0315,1,94,1528,tct,0,1024,-38.36033224
voicemark,3,chinese:SSB0315,1,94,50431,mean,0,1024,-60.38798254
voicemark,3,chinese:SSB0315,1,94,50431,tct,0,1024,-37.56561831
voicemark,3,chinese:SSB0315,1,94,60862,mean,0,1024,-57.34466522
voicemark,3,chinese:SSB0315,1,94,60862,tct,0,1024,-65.67935792
voicemark,3,chinese:SSB0315,2,95,31258,mean,0,1024,-49.34061068
voicemark,3,chinese:SSB0315,2,95,31258,tct,0,1024,-57.99661730
voicemark,3,chinese:SSB0315,2,95,61832,mean,0,1024,-52.69307344
voicemark,3,chinese:SSB0315,2,95,61832,tct,0,1024,-50.25906495
voicemark,3,chinese:SSB0315,2,95,47400,mean,0,1024,-31.71264569
voicemark,3,chinese:SSB0315,2,95,47400,tct,0,1024,-40.16584965
voicemark,3,chinese:SSB0315,2,95,22645,mean,0,1024,-40.70067232
voicemark,3,chinese:SSB0315,2,95,22645,tct,0,1024,-42.73652645
voicemark,3,chinese:SSB0315,2,95,26771,mean,0,1024,-32.67236256
voicemark,3,chinese:SSB0315,2,95,26771,tct,0,1024,-28.99957121
voicemark,3,chinese:SSB0315,2,95,3187,mean,0,1024,-35.48068922
voicemark,3,chinese:SSB0315,2,95,3187,tct,0,1024,-33.21817486
voicemark,3,chinese:SSB0315,2,95,17506,mean,0,1024,-47.25029295
voicemark,3,chinese:SSB0315,2,95,17506,tct,0,1024,-48.86947308
voicemark,3,chinese:SSB0315,2,95,12884,mean,0,1024,-39.15010183
voicemark,3,chinese:SSB0315,2,95,12884,tct,0,1024,-42.26519155
voicemark,3,chinese:SSB0315,2,95,24463,mean,0,1024,-44.83892172
voicemark,3,chinese:SSB0315,2,95,24463,tct,0,1024,-36.62469559
voicemark,3,chinese:SSB0315,2,95,32142,mean,0,1024,-47.87168997
voicemark,3,chinese:SSB0315,2,95,32142,tct,0,1024,-48.06356733
voicemark,3,chinese:SSB0316,0,96,23040,mean,0,1024,-49.41343379
voicemark,3,chinese:SSB0316,0,96,23040,tct,0,1024,-54.57233020
voicemark,3,chinese:SSB0316,0,96,22550,mean,0,1024,-32.22390735
voicemark,3,chinese:SSB0316,0,96,22550,tct,0,1024,-38.03346368
voicemark,3,chinese:SSB0316,0,96,42342,mean,0,1024,-43.47432112
voicemark,3,chinese:SSB0316,0,96,42342,tct,0,1024,-47.77950831
voicemark,3,chinese:SSB0316,0,96,51816,mean,0,1024,-46.01351344
voicemark,3,chinese:SSB0316,0,96,51816,tct,0,1024,-54.47759724
voicemark,3,chinese:SSB0316,0,96,30451,mean,0,1024,-32.98707711
voicemark,3,chinese:SSB0316,0,96,30451,tct,0,1024,-21.60143031
voicemark,3,chinese:SSB0316,0,96,46430,mean,0,1024,-41.16480326
voicemark,3,chinese:SSB0316,0,96,46430,tct,0,1024,-47.02744837
voicemark,3,chinese:SSB0316,0,96,29987,mean,0,1024,-57.70330119
voicemark,3,chinese:SSB0316,0,96,29987,tct,0,1024,-50.85119840
voicemark,3,chinese:SSB0316,0,96,43526,mean,0,1024,-58.88939070
voicemark,3,chinese:SSB0316,0,96,43526,tct,0,1024,-57.40673321
voicemark,3,chinese:SSB0316,0,96,39367,mean,0,1024,-61.75148844
voicemark,3,chinese:SSB0316,0,96,39367,tct,0,1024,-61.26085024
voicemark,3,chinese:SSB0316,0,96,36117,mean,0,1024,-56.48643946
voicemark,3,chinese:SSB0316,0,96,36117,tct,0,1024,-53.69781342
voicemark,3,chinese:SSB0316,1,97,63981,mean,0,1024,-43.61671466
voicemark,3,chinese:SSB0316,1,97,63981,tct,0,1024,-39.49865462
voicemark,3,chinese:SSB0316,1,97,27182,mean,0,1024,-41.39579839
voicemark,3,chinese:SSB0316,1,97,27182,tct,0,1024,-39.97125471
voicemark,3,chinese:SSB0316,1,97,12204,mean,0,1024,-50.15935248
voicemark,3,chinese:SSB0316,1,97,12204,tct,0,1024,-43.28021872
voicemark,3,chinese:SSB0316,1,97,59467,mean,0,1024,-42.76913852
voicemark,3,chinese:SSB0316,1,97,59467,tct,0,1024,-42.34862560
voicemark,3,chinese:SSB0316,1,97,50931,mean,0,1024,-28.93270542
voicemark,3,chinese:SSB0316,1,97,50931,tct,0,1024,-38.80784939
voicemark,3,chinese:SSB0316,1,97,7422,mean,0,1024,-14.10924304
voicemark,3,chinese:SSB0316,1,97,7422,tct,0,1024,-25.51214391
voicemark,3,chinese:SSB0316,1,97,40338,mean,0,1024,-41.89980906
voicemark,3,chinese:SSB0316,1,97,40338,tct,0,1024,-37.50162704
voicemark,3,chinese:SSB0316,1,97,24170,mean,0,1024,-39.86903304
voicemark,3,chinese:SSB0316,1,97,24170,tct,0,1024,-50.62542345
voicemark,3,chinese:SSB0316,1,97,56424,mean,0,1024,-29.21128637
voicemark,3,chinese:SSB0316,1,97,56424,tct,0,1024,-35.58105840
voicemark,3,chinese:SSB0316,1,97,44396,mean,0,1024,-33.02015037
voicemark,3,chinese:SSB0316,1,97,44396,tct,0,1024,-33.98521449
voicemark,3,chinese:SSB0316,2,98,28567,mean,0,1024,-31.50953971
voicemark,3,chinese:SSB0316,2,98,28567,tct,0,1024,-13.71921458
voicemark,3,chinese:SSB0316,2,98,23569,mean,0,1024,-17.29119347
voicemark,3,chinese:SSB0316,2,98,23569,tct,0,1024,-17.22807764
voicemark,3,chinese:SSB0316,2,98,52518,mean,0,1024,-44.80086528
voicemark,3,chinese:SSB0316,2,98,52518,tct,0,1024,-48.50481850
voicemark,3,chinese:SSB0316,2,98,5328,mean,0,1024,-44.62324534
voicemark,3,chinese:SSB0316,2,98,5328,tct,0,1024,-37.09230297
voicemark,3,chinese:SSB0316,2,98,15194,mean,0,1024,-38.62876330
voicemark,3,chinese:SSB0316,2,98,15194,tct,0,1024,-34.20101338
voicemark,3,chinese:SSB0316,2,98,18695,mean,0,1024,-32.50513844
voicemark,3,chinese:SSB0316,2,98,18695,tct,0,1024,-31.06721114
voicemark,3,chinese:SSB0316,2,98,6871,mean,0,1024,-41.75120459
voicemark,3,chinese:SSB0316,2,98,6871,tct,0,1024,-41.70097337
voicemark,3,chinese:SSB0316,2,98,58532,mean,0,1024,-20.50188732
voicemark,3,chinese:SSB0316,2,98,58532,tct,0,1024,-22.08025738
voicemark,3,chinese:SSB0316,2,98,36321,mean,0,1024,-46.62386714
voicemark,3,chinese:SSB0316,2,98,36321,tct,0,1024,-43.27427400
voicemark,3,chinese:SSB0316,2,98,10712,mean,0,1024,-47.58428393
voicemark,3,chinese:SSB0316,2,98,10712,tct,0,1024,-50.51374339
voicemark,3,chinese:SSB0323,0,99,27062,mean,0,1024,-59.03644034
voicemark,3,chinese:SSB0323,0,99,27062,tct,0,1024,-57.65656637
voicemark,3,chinese:SSB0323,0,99,463,mean,0,1024,-52.05777785
voicemark,3,chinese:SSB0323,0,99,463,tct,0,1024,-44.55076598
voicemark,3,chinese:SSB0323,0,99,19197,mean,0,1024,-58.38410803
voicemark,3,chinese:SSB0323,0,99,19197,tct,0,1024,-56.81526827
voicemark,3,chinese:SSB0323,0,99,10441,mean,0,1024,-48.70327803
voicemark,3,chinese:SSB0323,0,99,10441,tct,0,1024,-26.77398585
voicemark,3,chinese:SSB0323,0,99,50416,mean,0,1024,-59.30137774
voicemark,3,chinese:SSB0323,0,99,50416,tct,0,1024,-51.52197066
voicemark,3,chinese:SSB0323,0,99,29570,mean,0,1024,-68.84873053
voicemark,3,chinese:SSB0323,0,99,29570,tct,0,1024,-67.79990231
voicemark,3,chinese:SSB0323,0,99,62981,mean,0,1024,-51.57673499
voicemark,3,chinese:SSB0323,0,99,62981,tct,0,1024,-46.31574430
voicemark,3,chinese:SSB0323,0,99,49606,mean,0,1024,-52.35754630
voicemark,3,chinese:SSB0323,0,99,49606,tct,0,1024,-46.56005926
voicemark,3,chinese:SSB0323,0,99,60582,mean,0,1024,-45.15093788
voicemark,3,chinese:SSB0323,0,99,60582,tct,0,1024,-44.36486575
voicemark,3,chinese:SSB0323,0,99,57588,mean,0,1024,-55.60779330
voicemark,3,chinese:SSB0323,0,99,57588,tct,0,1024,-48.60659304
voicemark,3,chinese:SSB0323,1,100,19277,mean,0,1024,-19.29009628
voicemark,3,chinese:SSB0323,1,100,19277,tct,0,1024,-13.21799444
voicemark,3,chinese:SSB0323,1,100,10809,mean,0,1024,-49.58329236
voicemark,3,chinese:SSB0323,1,100,10809,tct,0,1024,-44.43778908
voicemark,3,chinese:SSB0323,1,100,55780,mean,0,1024,-35.81049668
voicemark,3,chinese:SSB0323,1,100,55780,tct,0,1024,-35.53580737
voicemark,3,chinese:SSB0323,1,100,34710,mean,0,1024,-53.08700025
voicemark,3,chinese:SSB0323,1,100,34710,tct,0,1024,-48.31575513
voicemark,3,chinese:SSB0323,1,100,14018,mean,0,1024,-58.53614270
voicemark,3,chinese:SSB0323,1,100,14018,tct,0,1024,-56.76750040
voicemark,3,chinese:SSB0323,1,100,31741,mean,0,1024,-14.66363811
voicemark,3,chinese:SSB0323,1,100,31741,tct,0,1024,-8.12308843
voicemark,3,chinese:SSB0323,1,100,24609,mean,0,1024,-43.33723104
voicemark,3,chinese:SSB0323,1,100,24609,tct,0,1024,-38.63992703
voicemark,3,chinese:SSB0323,1,100,45591,mean,0,1024,-36.12511003
voicemark,3,chinese:SSB0323,1,100,45591,tct,0,1024,-31.77265179
voicemark,3,chinese:SSB0323,1,100,8596,mean,0,1024,-54.98084867
voicemark,3,chinese:SSB0323,1,100,8596,tct,0,1024,-50.21521413
voicemark,3,chinese:SSB0323,1,100,57349,mean,0,1024,-24.88581633
voicemark,3,chinese:SSB0323,1,100,57349,tct,0,1024,-29.98656417
voicemark,3,chinese:SSB0323,2,101,30182,mean,0,1024,-26.32545556
voicemark,3,chinese:SSB0323,2,101,30182,tct,0,1024,-15.67139404
voicemark,3,chinese:SSB0323,2,101,16410,mean,0,1024,-39.95708431
voicemark,3,chinese:SSB0323,2,101,16410,tct,0,1024,-26.00306640
voicemark,3,chinese:SSB0323,2,101,56596,mean,0,1024,-38.63820518
voicemark,3,chinese:SSB0323,2,101,56596,tct,0,1024,-17.87377949
voicemark,3,chinese:SSB0323,2,101,22392,mean,0,1024,-30.90585483
voicemark,3,chinese:SSB0323,2,101,22392,tct,0,1024,-29.28643444
voicemark,3,chinese:SSB0323,2,101,20686,mean,0,1024,-50.66550315
voicemark,3,chinese:SSB0323,2,101,20686,tct,0,1024,-45.52822969
voicemark,3,chinese:SSB0323,2,101,49254,mean,0,1024,-22.71854403
voicemark,3,chinese:SSB0323,2,101,49254,tct,0,1024,-22.71854403
voicemark,3,chinese:SSB0323,2,101,7081,mean,0,1024,-34.33537732
voicemark,3,chinese:SSB0323,2,101,7081,tct,0,1024,-30.97962020
voicemark,3,chinese:SSB0323,2,101,23158,mean,0,1024,-17.10251797
voicemark,3,chinese:SSB0323,2,101,23158,tct,0,1024,-17.10251797
voicemark,3,chinese:SSB0323,2,101,35047,mean,0,1024,-48.39952720
voicemark,3,chinese:SSB0323,2,101,35047,tct,0,1024,-45.50015478
voicemark,3,chinese:SSB0323,2,101,59655,mean,0,1024,-34.06363452
voicemark,3,chinese:SSB0323,2,101,59655,tct,0,1024,-33.74945385
voicemark,3,chinese:SSB0338,0,102,60961,mean,0,1024,-44.79712244
voicemark,3,chinese:SSB0338,0,102,60961,tct,0,1024,-53.03199383
voicemark,3,chinese:SSB0338,0,102,58099,mean,0,1024,-31.11269375
voicemark,3,chinese:SSB0338,0,102,58099,tct,0,1024,-27.44269820
voicemark,3,chinese:SSB0338,0,102,20754,mean,0,1024,-38.07980009
voicemark,3,chinese:SSB0338,0,102,20754,tct,0,1024,-35.40353564
voicemark,3,chinese:SSB0338,0,102,7137,mean,0,1024,-34.24289282
voicemark,3,chinese:SSB0338,0,102,7137,tct,0,1024,-38.78405388
voicemark,3,chinese:SSB0338,0,102,7324,mean,0,1024,-38.10180994
voicemark,3,chinese:SSB0338,0,102,7324,tct,0,1024,-54.83210374
voicemark,3,chinese:SSB0338,0,102,29839,mean,0,1024,-50.45262858
voicemark,3,chinese:SSB0338,0,102,29839,tct,0,1024,-67.48933391
voicemark,3,chinese:SSB0338,0,102,51582,mean,0,1024,-42.19979712
voicemark,3,chinese:SSB0338,0,102,51582,tct,0,1024,-37.27348030
voicemark,3,chinese:SSB0338,0,102,10473,mean,0,1024,-37.12039431
voicemark,3,chinese:SSB0338,0,102,10473,tct,0,1024,-60.91283395
voicemark,3,chinese:SSB0338,0,102,17627,mean,0,1024,-31.63389107
voicemark,3,chinese:SSB0338,0,102,17627,tct,0,1024,-54.79895663
voicemark,3,chinese:SSB0338,0,102,49483,mean,0,1024,-29.76776525
voicemark,3,chinese:SSB0338,0,102,49483,tct,0,1024,-32.30715182
voicemark,3,chinese:SSB0338,1,103,30904,mean,0,1024,-54.81378524
voicemark,3,chinese:SSB0338,1,103,30904,tct,0,1024,-52.78914475
voicemark,3,chinese:SSB0338,1,103,1481,mean,0,1024,-47.31574170
voicemark,3,chinese:SSB0338,1,103,1481,tct,0,1024,-55.64573979
voicemark,3,chinese:SSB0338,1,103,16692,mean,0,1024,-18.28491032
voicemark,3,chinese:SSB0338,1,103,16692,tct,0,1024,-17.28453088
voicemark,3,chinese:SSB0338,1,103,22854,mean,0,1024,-39.75270812
voicemark,3,chinese:SSB0338,1,103,22854,tct,0,1024,-34.55065908
voicemark,3,chinese:SSB0338,1,103,17162,mean,0,1024,-40.81473021
voicemark,3,chinese:SSB0338,1,103,17162,tct,0,1024,-29.51398845
voicemark,3,chinese:SSB0338,1,103,34263,mean,0,1024,-32.90540378
voicemark,3,chinese:SSB0338,1,103,34263,tct,0,1024,-42.63889324
voicemark,3,chinese:SSB0338,1,103,9439,mean,0,1024,-49.71629588
voicemark,3,chinese:SSB0338,1,103,9439,tct,0,1024,-54.33393977
voicemark,3,chinese:SSB0338,1,103,25385,mean,0,1024,-58.68483703
voicemark,3,chinese:SSB0338,1,103,25385,tct,0,1024,-62.33920695
voicemark,3,chinese:SSB0338,1,103,40464,mean,0,1024,-48.83816211
voicemark,3,chinese:SSB0338,1,103,40464,tct,0,1024,-47.90324317
voicemark,3,chinese:SSB0338,1,103,65297,mean,0,1024,-39.33903210
voicemark,3,chinese:SSB0338,1,103,65297,tct,0,1024,-44.31127272
voicemark,3,chinese:SSB0338,2,104,56935,mean,0,1024,-51.80327381
voicemark,3,chinese:SSB0338,2,104,56935,tct,0,1024,-48.41435723
voicemark,3,chinese:SSB0338,2,104,1000,mean,0,1024,-37.76746239
voicemark,3,chinese:SSB0338,2,104,1000,tct,0,1024,-32.39804722
voicemark,3,chinese:SSB0338,2,104,26169,mean,0,1024,-37.45634413
voicemark,3,chinese:SSB0338,2,104,26169,tct,0,1024,-36.21143782
voicemark,3,chinese:SSB0338,2,104,57866,mean,0,1024,-52.13755001
voicemark,3,chinese:SSB0338,2,104,57866,tct,0,1024,-52.98370051
voicemark,3,chinese:SSB0338,2,104,9932,mean,0,1024,-53.73733486
voicemark,3,chinese:SSB0338,2,104,9932,tct,0,1024,-54.54226874
voicemark,3,chinese:SSB0338,2,104,60356,mean,0,1024,-42.76272072
voicemark,3,chinese:SSB0338,2,104,60356,tct,0,1024,-52.00412559
voicemark,3,chinese:SSB0338,2,104,47440,mean,0,1024,-37.75300755
voicemark,3,chinese:SSB0338,2,104,47440,tct,0,1024,-35.92062723
voicemark,3,chinese:SSB0338,2,104,31620,mean,0,1024,-48.82124867
voicemark,3,chinese:SSB0338,2,104,31620,tct,0,1024,-52.51134943
voicemark,3,chinese:SSB0338,2,104,54544,mean,0,1024,-61.80218949
voicemark,3,chinese:SSB0338,2,104,54544,tct,0,1024,-66.09730529
voicemark,3,chinese:SSB0338,2,104,25902,mean,0,1024,-42.89346838
voicemark,3,chinese:SSB0338,2,104,25902,tct,0,1024,-38.67002110
voicemark,3,chinese:SSB0339,0,105,32490,mean,0,1024,-50.14882333
voicemark,3,chinese:SSB0339,0,105,32490,tct,0,1024,-54.35637422
voicemark,3,chinese:SSB0339,0,105,52358,mean,0,1024,-54.06793076
voicemark,3,chinese:SSB0339,0,105,52358,tct,0,1024,-53.08938318
voicemark,3,chinese:SSB0339,0,105,58090,mean,0,1024,-43.71190698
voicemark,3,chinese:SSB0339,0,105,58090,tct,0,1024,-43.15340628
voicemark,3,chinese:SSB0339,0,105,55644,mean,0,1024,-54.97665650
voicemark,3,chinese:SSB0339,0,105,55644,tct,0,1024,-38.33563708
voicemark,3,chinese:SSB0339,0,105,54271,mean,0,1024,-52.04575593
voicemark,3,chinese:SSB0339,0,105,54271,tct,0,1024,-44.73655046
voicemark,3,chinese:SSB0339,0,105,26559,mean,0,1024,-37.02544759
voicemark,3,chinese:SSB0339,0,105,26559,tct,0,1024,-35.10772853
voicemark,3,chinese:SSB0339,0,105,3054,mean,0,1024,-40.36906106
voicemark,3,chinese:SSB0339,0,105,3054,tct,0,1024,-41.21556910
voicemark,3,chinese:SSB0339,0,105,63229,mean,0,1024,-47.60178620
voicemark,3,chinese:SSB0339,0,105,63229,tct,0,1024,-41.00256570
voicemark,3,chinese:SSB0339,0,105,24930,mean,0,1024,-38.17205639
voicemark,3,chinese:SSB0339,0,105,24930,tct,0,1024,-40.62269533
voicemark,3,chinese:SSB0339,0,105,59101,mean,0,1024,-51.41932256
voicemark,3,chinese:SSB0339,0,105,59101,tct,0,1024,-44.37148092
voicemark,3,chinese:SSB0339,1,106,57258,mean,0,1024,-23.95939740
voicemark,3,chinese:SSB0339,1,106,57258,tct,0,1024,-29.75907363
voicemark,3,chinese:SSB0339,1,106,27800,mean,0,1024,-55.37984783
voicemark,3,chinese:SSB0339,1,106,27800,tct,0,1024,-58.29306575
voicemark,3,chinese:SSB0339,1,106,58555,mean,0,1024,-51.30569870
voicemark,3,chinese:SSB0339,1,106,58555,tct,0,1024,-51.23083564
voicemark,3,chinese:SSB0339,1,106,8118,mean,0,1024,-52.44508678
voicemark,3,chinese:SSB0339,1,106,8118,tct,0,1024,-54.17565194
voicemark,3,chinese:SSB0339,1,106,20806,mean,0,1024,-43.17339880
voicemark,3,chinese:SSB0339,1,106,20806,tct,0,1024,-52.78013801
voicemark,3,chinese:SSB0339,1,106,8894,mean,0,1024,-29.03990014
voicemark,3,chinese:SSB0339,1,106,8894,tct,0,1024,-34.07778388
voicemark,3,chinese:SSB0339,1,106,55013,mean,0,1024,-46.26854212
voicemark,3,chinese:SSB0339,1,106,55013,tct,0,1024,-58.44316349
voicemark,3,chinese:SSB0339,1,106,63090,mean,0,1024,-51.49077923
voicemark,3,chinese:SSB0339,1,106,63090,tct,0,1024,-67.56977758
voicemark,3,chinese:SSB0339,1,106,26441,mean,0,1024,-54.32064755
voicemark,3,chinese:SSB0339,1,106,26441,tct,0,1024,-53.47629061
voicemark,3,chinese:SSB0339,1,106,45141,mean,0,1024,-35.54493172
voicemark,3,chinese:SSB0339,1,106,45141,tct,0,1024,-37.79613202
voicemark,3,chinese:SSB0339,2,107,60145,mean,0,1024,-42.03496034
voicemark,3,chinese:SSB0339,2,107,60145,tct,0,1024,-49.78232551
voicemark,3,chinese:SSB0339,2,107,14167,mean,0,1024,-30.80536325
voicemark,3,chinese:SSB0339,2,107,14167,tct,0,1024,-37.71047636
voicemark,3,chinese:SSB0339,2,107,38829,mean,0,1024,-31.59007795
voicemark,3,chinese:SSB0339,2,107,38829,tct,0,1024,-45.08496584
voicemark,3,chinese:SSB0339,2,107,34218,mean,0,1024,-30.11304338
voicemark,3,chinese:SSB0339,2,107,34218,tct,0,1024,-37.95704426
voicemark,3,chinese:SSB0339,2,107,59648,mean,0,1024,-31.42662771
voicemark,3,chinese:SSB0339,2,107,59648,tct,0,1024,-38.28318974
voicemark,3,chinese:SSB0339,2,107,10278,mean,0,1024,-6.74000883
voicemark,3,chinese:SSB0339,2,107,10278,tct,0,1024,-25.71319745
voicemark,3,chinese:SSB0339,2,107,24611,mean,0,1024,-13.14978667
voicemark,3,chinese:SSB0339,2,107,24611,tct,0,1024,-18.36365622
voicemark,3,chinese:SSB0339,2,107,27697,mean,0,1024,-35.20595033
voicemark,3,chinese:SSB0339,2,107,27697,tct,0,1024,-27.91234237
voicemark,3,chinese:SSB0339,2,107,35218,mean,0,1024,-43.56089075
voicemark,3,chinese:SSB0339,2,107,35218,tct,0,1024,-47.18463944
voicemark,3,chinese:SSB0339,2,107,40881,mean,0,1024,-40.08680113
voicemark,3,chinese:SSB0339,2,107,40881,tct,0,1024,-51.80364622
voicemark,3,chinese:SSB0341,0,108,8065,mean,0,1024,-45.89918335
voicemark,3,chinese:SSB0341,0,108,8065,tct,0,1024,-47.97922043
voicemark,3,chinese:SSB0341,0,108,51349,mean,0,1024,-25.63104781
voicemark,3,chinese:SSB0341,0,108,51349,tct,0,1024,-13.07429741
voicemark,3,chinese:SSB0341,0,108,50249,mean,0,1024,-43.99615677
voicemark,3,chinese:SSB0341,0,108,50249,tct,0,1024,-54.69950681
voicemark,3,chinese:SSB0341,0,108,2436,mean,0,1024,-52.42787465
voicemark,3,chinese:SSB0341,0,108,2436,tct,0,1024,-50.60699148
voicemark,3,chinese:SSB0341,0,108,4948,mean,0,1024,-41.28455885
voicemark,3,chinese:SSB0341,0,108,4948,tct,0,1024,-41.80460668
voicemark,3,chinese:SSB0341,0,108,14620,mean,0,1024,-37.99664404
voicemark,3,chinese:SSB0341,0,108,14620,tct,0,1024,-48.98774277
voicemark,3,chinese:SSB0341,0,108,7087,mean,0,1024,-44.33455237
voicemark,3,chinese:SSB0341,0,108,7087,tct,0,1024,-51.69408836
voicemark,3,chinese:SSB0341,0,108,28666,mean,0,1024,-47.49474820
voicemark,3,chinese:SSB0341,0,108,28666,tct,0,1024,-47.36522889
voicemark,3,chinese:SSB0341,0,108,19827,mean,0,1024,-50.83399733
voicemark,3,chinese:SSB0341,0,108,19827,tct,0,1024,-64.45890286
voicemark,3,chinese:SSB0341,0,108,51159,mean,0,1024,-35.96016797
voicemark,3,chinese:SSB0341,0,108,51159,tct,0,1024,-34.28404081
voicemark,3,chinese:SSB0341,1,109,41294,mean,0,1024,-40.05550914
voicemark,3,chinese:SSB0341,1,109,41294,tct,0,1024,-40.51045911
voicemark,3,chinese:SSB0341,1,109,19364,mean,0,1024,-32.81932025
voicemark,3,chinese:SSB0341,1,109,19364,tct,0,1024,-31.71226849
voicemark,3,chinese:SSB0341,1,109,20947,mean,0,1024,-29.51784587
voicemark,3,chinese:SSB0341,1,109,20947,tct,0,1024,-21.67256319
voicemark,3,chinese:SSB0341,1,109,53,mean,0,1024,-39.22996812
voicemark,3,chinese:SSB0341,1,109,53,tct,0,1024,-40.95239360
voicemark,3,chinese:SSB0341,1,109,20000,mean,0,1024,-12.62558431
voicemark,3,chinese:SSB0341,1,109,20000,tct,0,1024,-16.58060169
voicemark,3,chinese:SSB0341,1,109,29215,mean,0,1024,-23.29999238
voicemark,3,chinese:SSB0341,1,109,29215,tct,0,1024,-36.20580907
voicemark,3,chinese:SSB0341,1,109,39753,mean,0,1024,-50.40194803
voicemark,3,chinese:SSB0341,1,109,39753,tct,0,1024,-52.42753658
voicemark,3,chinese:SSB0341,1,109,32000,mean,0,1024,-32.44348235
voicemark,3,chinese:SSB0341,1,109,32000,tct,0,1024,-32.09686236
voicemark,3,chinese:SSB0341,1,109,55049,mean,0,1024,-40.03540807
voicemark,3,chinese:SSB0341,1,109,55049,tct,0,1024,-39.69081318
voicemark,3,chinese:SSB0341,1,109,60341,mean,0,1024,-37.32026201
voicemark,3,chinese:SSB0341,1,109,60341,tct,0,1024,-51.20065487
voicemark,3,chinese:SSB0341,2,110,2084,mean,0,1024,-54.34319329
voicemark,3,chinese:SSB0341,2,110,2084,tct,0,1024,-41.86442959
voicemark,3,chinese:SSB0341,2,110,20559,mean,0,1024,-35.90692049
voicemark,3,chinese:SSB0341,2,110,20559,tct,0,1024,-35.89609155
voicemark,3,chinese:SSB0341,2,110,21559,mean,0,1024,-25.82833636
voicemark,3,chinese:SSB0341,2,110,21559,tct,0,1024,-36.17983757
voicemark,3,chinese:SSB0341,2,110,56116,mean,0,1024,-27.94775164
voicemark,3,chinese:SSB0341,2,110,56116,tct,0,1024,-34.27705568
voicemark,3,chinese:SSB0341,2,110,746,mean,0,1024,-56.91186738
voicemark,3,chinese:SSB0341,2,110,746,tct,0,1024,-54.62421011
voicemark,3,chinese:SSB0341,2,110,55326,mean,0,1024,-51.89914536
voicemark,3,chinese:SSB0341,2,110,55326,tct,0,1024,-52.77965963
voicemark,3,chinese:SSB0341,2,110,37252,mean,0,1024,-57.83667397
voicemark,3,chinese:SSB0341,2,110,37252,tct,0,1024,-57.17872213
voicemark,3,chinese:SSB0341,2,110,4153,mean,0,1024,-14.37448639
voicemark,3,chinese:SSB0341,2,110,4153,tct,0,1024,-2.50670421
voicemark,3,chinese:SSB0341,2,110,28815,mean,0,1024,-41.13580614
voicemark,3,chinese:SSB0341,2,110,28815,tct,0,1024,-43.57372904
voicemark,3,chinese:SSB0341,2,110,22851,mean,0,1024,-33.32430228
voicemark,3,chinese:SSB0341,2,110,22851,tct,0,1024,-37.76672761
voicemark,3,chinese:SSB0342,0,111,32530,mean,0,1024,-43.74793394
voicemark,3,chinese:SSB0342,0,111,32530,tct,0,1024,-36.41978425
voicemark,3,chinese:SSB0342,0,111,14931,mean,0,1024,-33.02944382
voicemark,3,chinese:SSB0342,0,111,14931,tct,0,1024,-49.87044192
voicemark,3,chinese:SSB0342,0,111,25532,mean,0,1024,-46.80139406
voicemark,3,chinese:SSB0342,0,111,25532,tct,0,1024,-47.41410751
voicemark,3,chinese:SSB0342,0,111,24668,mean,0,1024,-31.19213827
voicemark,3,chinese:SSB0342,0,111,24668,tct,0,1024,-43.21109156
voicemark,3,chinese:SSB0342,0,111,20100,mean,0,1024,-44.82893618
voicemark,3,chinese:SSB0342,0,111,20100,tct,0,1024,-42.54200584
voicemark,3,chinese:SSB0342,0,111,40551,mean,0,1024,-39.49255236
voicemark,3,chinese:SSB0342,0,111,40551,tct,0,1024,-41.16116822
voicemark,3,chinese:SSB0342,0,111,34162,mean,0,1024,-32.32557686
voicemark,3,chinese:SSB0342,0,111,34162,tct,0,1024,-28.48360813
voicemark,3,chinese:SSB0342,0,111,65167,mean,0,1024,-32.56881909
voicemark,3,chinese:SSB0342,0,111,65167,tct,0,1024,-33.51106273
voicemark,3,chinese:SSB0342,0,111,31518,mean,0,1024,-36.21626957
voicemark,3,chinese:SSB0342,0,111,31518,tct,0,1024,-29.75183451
voicemark,3,chinese:SSB0342,0,111,40481,mean,0,1024,-35.37671049
voicemark,3,chinese:SSB0342,0,111,40481,tct,0,1024,-44.61329959
voicemark,3,chinese:SSB0342,1,112,24150,mean,0,1024,-56.48030273
voicemark,3,chinese:SSB0342,1,112,24150,tct,0,1024,-60.55449167
voicemark,3,chinese:SSB0342,1,112,23642,mean,0,1024,-57.26141731
voicemark,3,chinese:SSB0342,1,112,23642,tct,0,1024,-66.05666611
voicemark,3,chinese:SSB0342,1,112,14552,mean,0,1024,-62.36446373
voicemark,3,chinese:SSB0342,1,112,14552,tct,0,1024,-62.30480308
voicemark,3,chinese:SSB0342,1,112,24465,mean,0,1024,-60.71934597
voicemark,3,chinese:SSB0342,1,112,24465,tct,0,1024,-58.25130037
voicemark,3,chinese:SSB0342,1,112,39178,mean,0,1024,-45.77832023
voicemark,3,chinese:SSB0342,1,112,39178,tct,0,1024,-57.04742927
voicemark,3,chinese:SSB0342,1,112,62629,mean,0,1024,-50.62954370
voicemark,3,chinese:SSB0342,1,112,62629,tct,0,1024,-53.98316364
voicemark,3,chinese:SSB0342,1,112,54571,mean,0,1024,-51.65549366
voicemark,3,chinese:SSB0342,1,112,54571,tct,0,1024,-52.81489625
voicemark,3,chinese:SSB0342,1,112,56204,mean,0,1024,-61.49091045
voicemark,3,chinese:SSB0342,1,112,56204,tct,0,1024,-59.72182802
voicemark,3,chinese:SSB0342,1,112,11529,mean,0,1024,-37.58007280
voicemark,3,chinese:SSB0342,1,112,11529,tct,0,1024,-43.23262193
voicemark,3,chinese:SSB0342,1,112,3403,mean,0,1024,-59.71810810
voicemark,3,chinese:SSB0342,1,112,3403,tct,0,1024,-60.84667413
voicemark,3,chinese:SSB0342,2,113,62531,mean,0,1024,-35.02970828
voicemark,3,chinese:SSB0342,2,113,62531,tct,0,1024,-28.22578150
voicemark,3,chinese:SSB0342,2,113,20916,mean,0,1024,-53.43289079
voicemark,3,chinese:SSB0342,2,113,20916,tct,0,1024,-59.05219777
voicemark,3,chinese:SSB0342,2,113,55660,mean,0,1024,-47.65319242
voicemark,3,chinese:SSB0342,2,113,55660,tct,0,1024,-52.82764754
voicemark,3,chinese:SSB0342,2,113,16036,mean,0,1024,-44.99772920
voicemark,3,chinese:SSB0342,2,113,16036,tct,0,1024,-34.99333292
voicemark,3,chinese:SSB0342,2,113,5602,mean,0,1024,-44.38156022
voicemark,3,chinese:SSB0342,2,113,5602,tct,0,1024,-49.57153557
voicemark,3,chinese:SSB0342,2,113,57187,mean,0,1024,-40.65525521
voicemark,3,chinese:SSB0342,2,113,57187,tct,0,1024,-37.54986611
voicemark,3,chinese:SSB0342,2,113,23616,mean,0,1024,-41.26956691
voicemark,3,chinese:SSB0342,2,113,23616,tct,0,1024,-33.37723261
voicemark,3,chinese:SSB0342,2,113,19000,mean,0,1024,-38.71946099
voicemark,3,chinese:SSB0342,2,113,19000,tct,0,1024,-29.16098728
voicemark,3,chinese:SSB0342,2,113,36210,mean,0,1024,-50.00733651
voicemark,3,chinese:SSB0342,2,113,36210,tct,0,1024,-48.40482736
voicemark,3,chinese:SSB0342,2,113,55810,mean,0,1024,-45.13796414
voicemark,3,chinese:SSB0342,2,113,55810,tct,0,1024,-40.26210743
voicemark,3,chinese:SSB0354,0,114,38144,mean,0,1024,-39.46662010
voicemark,3,chinese:SSB0354,0,114,38144,tct,0,1024,-25.67684939
voicemark,3,chinese:SSB0354,0,114,25884,mean,0,1024,-63.01481737
voicemark,3,chinese:SSB0354,0,114,25884,tct,0,1024,-61.81979942
voicemark,3,chinese:SSB0354,0,114,22967,mean,0,1024,-41.70228387
voicemark,3,chinese:SSB0354,0,114,22967,tct,0,1024,-41.28446829
voicemark,3,chinese:SSB0354,0,114,21788,mean,0,1024,-59.37931551
voicemark,3,chinese:SSB0354,0,114,21788,tct,0,1024,-54.37345818
voicemark,3,chinese:SSB0354,0,114,58858,mean,0,1024,-63.58094992
voicemark,3,chinese:SSB0354,0,114,58858,tct,0,1024,-50.06640954
voicemark,3,chinese:SSB0354,0,114,4416,mean,0,1024,-46.40098776
voicemark,3,chinese:SSB0354,0,114,4416,tct,0,1024,-44.42271971
voicemark,3,chinese:SSB0354,0,114,13422,mean,0,1024,-53.70203413
voicemark,3,chinese:SSB0354,0,114,13422,tct,0,1024,-61.16244964
voicemark,3,chinese:SSB0354,0,114,64467,mean,0,1024,-50.46554483
voicemark,3,chinese:SSB0354,0,114,64467,tct,0,1024,-40.62987713
voicemark,3,chinese:SSB0354,0,114,50791,mean,0,1024,-29.47919847
voicemark,3,chinese:SSB0354,0,114,50791,tct,0,1024,-23.87059743
voicemark,3,chinese:SSB0354,0,114,45641,mean,0,1024,-57.18179621
voicemark,3,chinese:SSB0354,0,114,45641,tct,0,1024,-49.80062607
voicemark,3,chinese:SSB0354,1,115,36214,mean,0,1024,-50.45168082
voicemark,3,chinese:SSB0354,1,115,36214,tct,0,1024,-50.23745641
voicemark,3,chinese:SSB0354,1,115,54045,mean,0,1024,-54.71697680
voicemark,3,chinese:SSB0354,1,115,54045,tct,0,1024,-53.97521495
voicemark,3,chinese:SSB0354,1,115,11665,mean,0,1024,-41.86333529
voicemark,3,chinese:SSB0354,1,115,11665,tct,0,1024,-40.82857566
voicemark,3,chinese:SSB0354,1,115,10994,mean,0,1024,-48.21766440
voicemark,3,chinese:SSB0354,1,115,10994,tct,0,1024,-49.95594935
voicemark,3,chinese:SSB0354,1,115,38882,mean,0,1024,-57.91306655
voicemark,3,chinese:SSB0354,1,115,38882,tct,0,1024,-58.93588296
voicemark,3,chinese:SSB0354,1,115,45313,mean,0,1024,-42.32765929
voicemark,3,chinese:SSB0354,1,115,45313,tct,0,1024,-23.06520865
voicemark,3,chinese:SSB0354,1,115,48765,mean,0,1024,-48.88154189
voicemark,3,chinese:SSB0354,1,115,48765,tct,0,1024,-35.45680640
voicemark,3,chinese:SSB0354,1,115,47438,mean,0,1024,-45.22680442
voicemark,3,chinese:SSB0354,1,115,47438,tct,0,1024,-27.72725909
voicemark,3,chinese:SSB0354,1,115,13896,mean,0,1024,-30.24795253
voicemark,3,chinese:SSB0354,1,115,13896,tct,0,1024,-24.37277817
voicemark,3,chinese:SSB0354,1,115,10817,mean,0,1024,-37.24070327
voicemark,3,chinese:SSB0354,1,115,10817,tct,0,1024,-16.81297115
voicemark,3,chinese:SSB0354,2,116,17999,mean,0,1024,-40.38172011
voicemark,3,chinese:SSB0354,2,116,17999,tct,0,1024,-35.69627405
voicemark,3,chinese:SSB0354,2,116,1997,mean,0,1024,-49.15750556
voicemark,3,chinese:SSB0354,2,116,1997,tct,0,1024,-66.52144087
voicemark,3,chinese:SSB0354,2,116,28355,mean,0,1024,-54.39155917
voicemark,3,chinese:SSB0354,2,116,28355,tct,0,1024,-54.39155917
voicemark,3,chinese:SSB0354,2,116,47705,mean,0,1024,-37.98167043
voicemark,3,chinese:SSB0354,2,116,47705,tct,0,1024,-46.06024983
voicemark,3,chinese:SSB0354,2,116,26726,mean,0,1024,-47.89766543
voicemark,3,chinese:SSB0354,2,116,26726,tct,0,1024,-44.24925548
voicemark,3,chinese:SSB0354,2,116,6462,mean,0,1024,-37.21392970
voicemark,3,chinese:SSB0354,2,116,6462,tct,0,1024,-46.49036610
voicemark,3,chinese:SSB0354,2,116,26451,mean,0,1024,-51.07025389
voicemark,3,chinese:SSB0354,2,116,26451,tct,0,1024,-66.71136580
voicemark,3,chinese:SSB0354,2,116,45859,mean,0,1024,-49.44709925
voicemark,3,chinese:SSB0354,2,116,45859,tct,0,1024,-66.93961499
voicemark,3,chinese:SSB0354,2,116,11713,mean,0,1024,-19.19308059
voicemark,3,chinese:SSB0354,2,116,11713,tct,0,1024,-46.17373524
voicemark,3,chinese:SSB0354,2,116,35229,mean,0,1024,-46.84026007
voicemark,3,chinese:SSB0354,2,116,35229,tct,0,1024,-50.20914111
voicemark,3,chinese:SSB0366,0,117,64415,mean,0,1024,-49.99569844
voicemark,3,chinese:SSB0366,0,117,64415,tct,0,1024,-47.11183297
voicemark,3,chinese:SSB0366,0,117,24163,mean,0,1024,-62.62752579
voicemark,3,chinese:SSB0366,0,117,24163,tct,0,1024,-53.88767999
voicemark,3,chinese:SSB0366,0,117,1853,mean,0,1024,-33.79127561
voicemark,3,chinese:SSB0366,0,117,1853,tct,0,1024,-16.85618567
voicemark,3,chinese:SSB0366,0,117,61992,mean,0,1024,-54.58767937
voicemark,3,chinese:SSB0366,0,117,61992,tct,0,1024,-41.61134011
voicemark,3,chinese:SSB0366,0,117,11054,mean,0,1024,-29.06886934
voicemark,3,chinese:SSB0366,0,117,11054,tct,0,1024,-21.70025103
voicemark,3,chinese:SSB0366,0,117,1363,mean,0,1024,-59.35878419
voicemark,3,chinese:SSB0366,0,117,1363,tct,0,1024,-54.78896248
voicemark,3,chinese:SSB0366,0,117,18832,mean,0,1024,-50.54554151
voicemark,3,chinese:SSB0366,0,117,18832,tct,0,1024,-54.74063906
voicemark,3,chinese:SSB0366,0,117,39377,mean,0,1024,-18.82464235
voicemark,3,chinese:SSB0366,0,117,39377,tct,0,1024,-12.60900151
voicemark,3,chinese:SSB0366,0,117,44518,mean,0,1024,-38.00806671
voicemark,3,chinese:SSB0366,0,117,44518,tct,0,1024,-38.00806671
voicemark,3,chinese:SSB0366,0,117,2986,mean,0,1024,-47.16863583
voicemark,3,chinese:SSB0366,0,117,2986,tct,0,1024,-44.45095916
voicemark,3,chinese:SSB0366,1,118,33422,mean,0,1024,-26.72487809
voicemark,3,chinese:SSB0366,1,118,33422,tct,0,1024,-48.34013299
voicemark,3,chinese:SSB0366,1,118,61107,mean,0,1024,-51.15008404
voicemark,3,chinese:SSB0366,1,118,61107,tct,0,1024,-51.28410271
voicemark,3,chinese:SSB0366,1,118,27694,mean,0,1024,-37.05896356
voicemark,3,chinese:SSB0366,1,118,27694,tct,0,1024,-41.82870659
voicemark,3,chinese:SSB0366,1,118,64033,mean,0,1024,-27.75921803
voicemark,3,chinese:SSB0366,1,118,64033,tct,0,1024,-26.28537802
voicemark,3,chinese:SSB0366,1,118,26658,mean,0,1024,-55.77460911
voicemark,3,chinese:SSB0366,1,118,26658,tct,0,1024,-58.82151691
voicemark,3,chinese:SSB0366,1,118,13111,mean,0,1024,-17.07705428
voicemark,3,chinese:SSB0366,1,118,13111,tct,0,1024,-12.48398204
voicemark,3,chinese:SSB0366,1,118,11835,mean,0,1024,-31.79869487
voicemark,3,chinese:SSB0366,1,118,11835,tct,0,1024,-40.45451415
voicemark,3,chinese:SSB0366,1,118,13559,mean,0,1024,-28.81686451
voicemark,3,chinese:SSB0366,1,118,13559,tct,0,1024,-18.86673000
voicemark,3,chinese:SSB0366,1,118,12688,mean,0,1024,-28.25852075
voicemark,3,chinese:SSB0366,1,118,12688,tct,0,1024,-27.47889311
voicemark,3,chinese:SSB0366,1,118,29145,mean,0,1024,-21.91980138
voicemark,3,chinese:SSB0366,1,118,29145,tct,0,1024,-18.41781838
voicemark,3,chinese:SSB0366,2,119,19477,mean,0,1024,-37.51617418
voicemark,3,chinese:SSB0366,2,119,19477,tct,0,1024,-20.52014649
voicemark,3,chinese:SSB0366,2,119,7832,mean,0,1024,-47.65361153
voicemark,3,chinese:SSB0366,2,119,7832,tct,0,1024,-29.02028199
voicemark,3,chinese:SSB0366,2,119,9789,mean,0,1024,-32.50122281
voicemark,3,chinese:SSB0366,2,119,9789,tct,0,1024,-28.05165152
voicemark,3,chinese:SSB0366,2,119,34146,mean,0,1024,-31.78803850
voicemark,3,chinese:SSB0366,2,119,34146,tct,0,1024,-46.77486441
voicemark,3,chinese:SSB0366,2,119,16026,mean,0,1024,-41.84312664
voicemark,3,chinese:SSB0366,2,119,16026,tct,0,1024,-27.90800821
voicemark,3,chinese:SSB0366,2,119,10092,mean,0,1024,-48.00593697
voicemark,3,chinese:SSB0366,2,119,10092,tct,0,1024,-60.27288645
voicemark,3,chinese:SSB0366,2,119,2642,mean,0,1024,-40.83343530
voicemark,3,chinese:SSB0366,2,119,2642,tct,0,1024,-27.75356054
voicemark,3,chinese:SSB0366,2,119,55753,mean,0,1024,-63.12413441
voicemark,3,chinese:SSB0366,2,119,55753,tct,0,1024,-65.75055396
voicemark,3,chinese:SSB0366,2,119,1101,mean,0,1024,-54.64238869
voicemark,3,chinese:SSB0366,2,119,1101,tct,0,1024,-48.03407832
voicemark,3,chinese:SSB0366,2,119,29982,mean,0,1024,-35.86070858
voicemark,3,chinese:SSB0366,2,119,29982,tct,0,1024,-33.33341412
voicemark,3,chinese:SSB0375,0,120,47930,mean,0,1024,-45.14190848
voicemark,3,chinese:SSB0375,0,120,47930,tct,0,1024,-38.81894215
voicemark,3,chinese:SSB0375,0,120,23253,mean,0,1024,-56.42671664
voicemark,3,chinese:SSB0375,0,120,23253,tct,0,1024,-60.84839941
voicemark,3,chinese:SSB0375,0,120,7246,mean,0,1024,-38.48523314
voicemark,3,chinese:SSB0375,0,120,7246,tct,0,1024,-45.61842108
voicemark,3,chinese:SSB0375,0,120,11608,mean,0,1024,-44.48315890
voicemark,3,chinese:SSB0375,0,120,11608,tct,0,1024,-52.31231182
voicemark,3,chinese:SSB0375,0,120,14207,mean,0,1024,-63.94593318
voicemark,3,chinese:SSB0375,0,120,14207,tct,0,1024,-72.28357436
voicemark,3,chinese:SSB0375,0,120,19594,mean,0,1024,-50.53423579
voicemark,3,chinese:SSB0375,0,120,19594,tct,0,1024,-62.20472452
voicemark,3,chinese:SSB0375,0,120,63104,mean,0,1024,-42.60698684
voicemark,3,chinese:SSB0375,0,120,63104,tct,0,1024,-54.96706225
voicemark,3,chinese:SSB0375,0,120,55211,mean,0,1024,-58.91738398
voicemark,3,chinese:SSB0375,0,120,55211,tct,0,1024,-62.02067962
voicemark,3,chinese:SSB0375,0,120,9982,mean,0,1024,-46.09506018
voicemark,3,chinese:SSB0375,0,120,9982,tct,0,1024,-45.64101195
voicemark,3,chinese:SSB0375,0,120,31875,mean,0,1024,-26.81817658
voicemark,3,chinese:SSB0375,0,120,31875,tct,0,1024,-27.94653573
voicemark,3,chinese:SSB0375,1,121,19596,mean,0,1024,-52.45641318
voicemark,3,chinese:SSB0375,1,121,19596,tct,0,1024,-56.16688319
voicemark,3,chinese:SSB0375,1,121,13789,mean,0,1024,-61.82815734
voicemark,3,chinese:SSB0375,1,121,13789,tct,0,1024,-76.51158025
voicemark,3,chinese:SSB0375,1,121,48933,mean,0,1024,-20.04216854
voicemark,3,chinese:SSB0375,1,121,48933,tct,0,1024,-11.10759094
voicemark,3,chinese:SSB0375,1,121,7019,mean,0,1024,-12.24184667
voicemark,3,chinese:SSB0375,1,121,7019,tct,0,1024,-5.18969487
voicemark,3,chinese:SSB0375,1,121,17962,mean,0,1024,-42.87044421
voicemark,3,chinese:SSB0375,1,121,17962,tct,0,1024,-25.79267067
voicemark,3,chinese:SSB0375,1,121,52566,mean,0,1024,-45.23785606
voicemark,3,chinese:SSB0375,1,121,52566,tct,0,1024,-57.81254699
voicemark,3,chinese:SSB0375,1,121,5104,mean,0,1024,-32.49768082
voicemark,3,chinese:SSB0375,1,121,5104,tct,0,1024,-24.80179718
voicemark,3,chinese:SSB0375,1,121,5624,mean,0,1024,-34.26899305
voicemark,3,chinese:SSB0375,1,121,5624,tct,0,1024,-28.56560805
voicemark,3,chinese:SSB0375,1,121,63978,mean,0,1024,-36.02639381
voicemark,3,chinese:SSB0375,1,121,63978,tct,0,1024,-31.53603184
voicemark,3,chinese:SSB0375,1,121,2350,mean,0,1024,-44.52270404
voicemark,3,chinese:SSB0375,1,121,2350,tct,0,1024,-41.08352053
voicemark,3,chinese:SSB0375,2,122,30159,mean,0,1024,-53.48293166
voicemark,3,chinese:SSB0375,2,122,30159,tct,0,1024,-53.48293166
voicemark,3,chinese:SSB0375,2,122,30743,mean,0,1024,-41.02889876
voicemark,3,chinese:SSB0375,2,122,30743,tct,0,1024,-41.02889876
voicemark,3,chinese:SSB0375,2,122,50200,mean,0,1024,-53.92997699
voicemark,3,chinese:SSB0375,2,122,50200,tct,0,1024,-55.00354810
voicemark,3,chinese:SSB0375,2,122,22146,mean,0,1024,-40.57482343
voicemark,3,chinese:SSB0375,2,122,22146,tct,0,1024,-51.67545362
voicemark,3,chinese:SSB0375,2,122,32234,mean,0,1024,-41.63914542
voicemark,3,chinese:SSB0375,2,122,32234,tct,0,1024,-42.77992246
voicemark,3,chinese:SSB0375,2,122,11133,mean,0,1024,-41.41517692
voicemark,3,chinese:SSB0375,2,122,11133,tct,0,1024,-35.80962032
voicemark,3,chinese:SSB0375,2,122,31998,mean,0,1024,-56.72344451
voicemark,3,chinese:SSB0375,2,122,31998,tct,0,1024,-60.37523504
voicemark,3,chinese:SSB0375,2,122,35073,mean,0,1024,-21.35129162
voicemark,3,chinese:SSB0375,2,122,35073,tct,0,1024,-22.73941019
voicemark,3,chinese:SSB0375,2,122,54654,mean,0,1024,-48.00231891
voicemark,3,chinese:SSB0375,2,122,54654,tct,0,1024,-37.55731832
voicemark,3,chinese:SSB0375,2,122,35432,mean,0,1024,-42.66587429
voicemark,3,chinese:SSB0375,2,122,35432,tct,0,1024,-48.61900309
voicemark,3,chinese:SSB0379,0,123,64819,mean,0,1024,-29.61518551
voicemark,3,chinese:SSB0379,0,123,64819,tct,0,1024,-30.97508616
voicemark,3,chinese:SSB0379,0,123,47045,mean,0,1024,-49.67116464
voicemark,3,chinese:SSB0379,0,123,47045,tct,0,1024,-45.48627409
voicemark,3,chinese:SSB0379,0,123,50240,mean,0,1024,-60.43879999
voicemark,3,chinese:SSB0379,0,123,50240,tct,0,1024,-49.09263170
voicemark,3,chinese:SSB0379,0,123,25651,mean,0,1024,-53.57043279
voicemark,3,chinese:SSB0379,0,123,25651,tct,0,1024,-48.20929591
voicemark,3,chinese:SSB0379,0,123,59928,mean,0,1024,-27.92663110
voicemark,3,chinese:SSB0379,0,123,59928,tct,0,1024,-26.98374104
voicemark,3,chinese:SSB0379,0,123,2659,mean,0,1024,-36.52925315
voicemark,3,chinese:SSB0379,0,123,2659,tct,0,1024,-24.64822316
voicemark,3,chinese:SSB0379,0,123,3503,mean,0,1024,-46.80244995
voicemark,3,chinese:SSB0379,0,123,3503,tct,0,1024,-32.91475909
voicemark,3,chinese:SSB0379,0,123,15967,mean,0,1024,-59.35363973
voicemark,3,chinese:SSB0379,0,123,15967,tct,0,1024,-49.40581192
voicemark,3,chinese:SSB0379,0,123,5692,mean,0,1024,-42.03242267
voicemark,3,chinese:SSB0379,0,123,5692,tct,0,1024,-27.68602790
voicemark,3,chinese:SSB0379,0,123,22051,mean,0,1024,-49.61472238
voicemark,3,chinese:SSB0379,0,123,22051,tct,0,1024,-44.63573722
voicemark,3,chinese:SSB0379,1,124,20662,mean,0,1024,-27.42435026
voicemark,3,chinese:SSB0379,1,124,20662,tct,0,1024,-46.14478096
voicemark,3,chinese:SSB0379,1,124,41480,mean,0,1024,-23.70094538
voicemark,3,chinese:SSB0379,1,124,41480,tct,0,1024,-19.75727158
voicemark,3,chinese:SSB0379,1,124,43106,mean,0,1024,-22.79154217
voicemark,3,chinese:SSB0379,1,124,43106,tct,0,1024,-33.24926884
voicemark,3,chinese:SSB0379,1,124,16402,mean,0,1024,-28.93667185
voicemark,3,chinese:SSB0379,1,124,16402,tct,0,1024,-54.84127119
voicemark,3,chinese:SSB0379,1,124,33181,mean,0,1024,-21.89335805
voicemark,3,chinese:SSB0379,1,124,33181,tct,0,1024,-30.97473909
voicemark,3,chinese:SSB0379,1,124,28743,mean,0,1024,-34.11008418
voicemark,3,chinese:SSB0379,1,124,28743,tct,0,1024,-31.33702570
voicemark,3,chinese:SSB0379,1,124,48644,mean,0,1024,-15.51608562
voicemark,3,chinese:SSB0379,1,124,48644,tct,0,1024,-7.96519350
voicemark,3,chinese:SSB0379,1,124,6593,mean,0,1024,-38.91254270
voicemark,3,chinese:SSB0379,1,124,6593,tct,0,1024,-36.08705384
voicemark,3,chinese:SSB0379,1,124,42196,mean,0,1024,-26.02969301
voicemark,3,chinese:SSB0379,1,124,42196,tct,0,1024,-33.66435714
voicemark,3,chinese:SSB0379,1,124,20450,mean,0,1024,-26.99839747
voicemark,3,chinese:SSB0379,1,124,20450,tct,0,1024,-27.59244513
voicemark,3,chinese:SSB0379,2,125,42419,mean,0,1024,-45.87688417
voicemark,3,chinese:SSB0379,2,125,42419,tct,0,1024,-46.75760336
voicemark,3,chinese:SSB0379,2,125,26155,mean,0,1024,-49.73949595
voicemark,3,chinese:SSB0379,2,125,26155,tct,0,1024,-47.69123383
voicemark,3,chinese:SSB0379,2,125,22021,mean,0,1024,-47.97977705
voicemark,3,chinese:SSB0379,2,125,22021,tct,0,1024,-50.20303540
voicemark,3,chinese:SSB0379,2,125,13654,mean,0,1024,-45.29378725
voicemark,3,chinese:SSB0379,2,125,13654,tct,0,1024,-43.14754405
voicemark,3,chinese:SSB0379,2,125,48414,mean,0,1024,-30.77427275
voicemark,3,chinese:SSB0379,2,125,48414,tct,0,1024,-40.55906304
voicemark,3,chinese:SSB0379,2,125,2557,mean,0,1024,-49.15503473
voicemark,3,chinese:SSB0379,2,125,2557,tct,0,1024,-48.56028201
voicemark,3,chinese:SSB0379,2,125,18380,mean,0,1024,-33.29018696
voicemark,3,chinese:SSB0379,2,125,18380,tct,0,1024,-46.67514060
voicemark,3,chinese:SSB0379,2,125,39900,mean,0,1024,-58.72784967
voicemark,3,chinese:SSB0379,2,125,39900,tct,0,1024,-53.48211388
voicemark,3,chinese:SSB0379,2,125,60363,mean,0,1024,-49.31365175
voicemark,3,chinese:SSB0379,2,125,60363,tct,0,1024,-47.21355966
voicemark,3,chinese:SSB0379,2,125,39174,mean,0,1024,-33.53311087
voicemark,3,chinese:SSB0379,2,125,39174,tct,0,1024,-37.43913703
voicemark,3,chinese:SSB0380,0,126,49391,mean,0,1024,-22.69405270
voicemark,3,chinese:SSB0380,0,126,49391,tct,0,1024,-44.70802951
voicemark,3,chinese:SSB0380,0,126,20285,mean,0,1024,-38.05846356
voicemark,3,chinese:SSB0380,0,126,20285,tct,0,1024,-60.42635496
voicemark,3,chinese:SSB0380,0,126,41743,mean,0,1024,-35.26681685
voicemark,3,chinese:SSB0380,0,126,41743,tct,0,1024,-46.22686101
voicemark,3,chinese:SSB0380,0,126,38034,mean,0,1024,-62.59990798
voicemark,3,chinese:SSB0380,0,126,38034,tct,0,1024,-49.01422877
voicemark,3,chinese:SSB0380,0,126,59470,mean,0,1024,-39.06725704
voicemark,3,chinese:SSB0380,0,126,59470,tct,0,1024,-45.66791186
voicemark,3,chinese:SSB0380,0,126,14310,mean,0,1024,-45.40370618
voicemark,3,chinese:SSB0380,0,126,14310,tct,0,1024,-23.29219955
voicemark,3,chinese:SSB0380,0,126,11456,mean,0,1024,-55.99849140
voicemark,3,chinese:SSB0380,0,126,11456,tct,0,1024,-38.43241324
voicemark,3,chinese:SSB0380,0,126,27942,mean,0,1024,-40.53620063
voicemark,3,chinese:SSB0380,0,126,27942,tct,0,1024,-58.79704123
voicemark,3,chinese:SSB0380,0,126,59281,mean,0,1024,-54.14267074
voicemark,3,chinese:SSB0380,0,126,59281,tct,0,1024,-39.36461078
voicemark,3,chinese:SSB0380,0,126,29669,mean,0,1024,-48.84035980
voicemark,3,chinese:SSB0380,0,126,29669,tct,0,1024,-57.79246614
voicemark,3,chinese:SSB0380,1,127,50169,mean,0,1024,-3.13599767
voicemark,3,chinese:SSB0380,1,127,50169,tct,0,1024,-15.25529973
voicemark,3,chinese:SSB0380,1,127,55833,mean,0,1024,-26.57757378
voicemark,3,chinese:SSB0380,1,127,55833,tct,0,1024,-29.51420129
voicemark,3,chinese:SSB0380,1,127,31183,mean,0,1024,-60.29670909
voicemark,3,chinese:SSB0380,1,127,31183,tct,0,1024,-51.95626878
voicemark,3,chinese:SSB0380,1,127,25864,mean,0,1024,-43.06988242
voicemark,3,chinese:SSB0380,1,127,25864,tct,0,1024,-39.14858809
voicemark,3,chinese:SSB0380,1,127,41259,mean,0,1024,-51.42601874
voicemark,3,chinese:SSB0380,1,127,41259,tct,0,1024,-50.86089766
voicemark,3,chinese:SSB0380,1,127,22227,mean,0,1024,-47.80707076
voicemark,3,chinese:SSB0380,1,127,22227,tct,0,1024,-51.33352260
voicemark,3,chinese:SSB0380,1,127,49805,mean,0,1024,-41.98306862
voicemark,3,chinese:SSB0380,1,127,49805,tct,0,1024,-35.96948528
voicemark,3,chinese:SSB0380,1,127,55560,mean,0,1024,-38.22590736
voicemark,3,chinese:SSB0380,1,127,55560,tct,0,1024,-32.52605842
voicemark,3,chinese:SSB0380,1,127,25450,mean,0,1024,-37.90815549
voicemark,3,chinese:SSB0380,1,127,25450,tct,0,1024,-37.35331573
voicemark,3,chinese:SSB0380,1,127,7918,mean,0,1024,-41.19912151
voicemark,3,chinese:SSB0380,1,127,7918,tct,0,1024,-41.00486624
voicemark,3,chinese:SSB0380,2,128,20196,mean,0,1024,-35.58166977
voicemark,3,chinese:SSB0380,2,128,20196,tct,0,1024,-43.58891932
voicemark,3,chinese:SSB0380,2,128,48421,mean,0,1024,-32.60317823
voicemark,3,chinese:SSB0380,2,128,48421,tct,0,1024,-30.94974101
voicemark,3,chinese:SSB0380,2,128,62531,mean,0,1024,-41.14060112
voicemark,3,chinese:SSB0380,2,128,62531,tct,0,1024,-43.53022434
voicemark,3,chinese:SSB0380,2,128,37054,mean,0,1024,-10.90073857
voicemark,3,chinese:SSB0380,2,128,37054,tct,0,1024,-13.96796445
voicemark,3,chinese:SSB0380,2,128,1804,mean,0,1024,-35.97153350
voicemark,3,chinese:SSB0380,2,128,1804,tct,0,1024,-36.44100274
voicemark,3,chinese:SSB0380,2,128,25837,mean,0,1024,-47.18540975
voicemark,3,chinese:SSB0380,2,128,25837,tct,0,1024,-45.92875473
voicemark,3,chinese:SSB0380,2,128,28543,mean,0,1024,-43.53175208
voicemark,3,chinese:SSB0380,2,128,28543,tct,0,1024,-57.11758239
voicemark,3,chinese:SSB0380,2,128,61886,mean,0,1024,-38.98672697
voicemark,3,chinese:SSB0380,2,128,61886,tct,0,1024,-36.46747877
voicemark,3,chinese:SSB0380,2,128,59341,mean,0,1024,-36.79445669
voicemark,3,chinese:SSB0380,2,128,59341,tct,0,1024,-51.31693413
voicemark,3,chinese:SSB0380,2,128,15487,mean,0,1024,-56.12253305
voicemark,3,chinese:SSB0380,2,128,15487,tct,0,1024,-56.23986198
voicemark,3,chinese:SSB0382,0,129,34284,mean,0,1024,-33.99805368
voicemark,3,chinese:SSB0382,0,129,34284,tct,0,1024,-54.90422925
voicemark,3,chinese:SSB0382,0,129,14658,mean,0,1024,-44.53302587
voicemark,3,chinese:SSB0382,0,129,14658,tct,0,1024,-61.51607462
voicemark,3,chinese:SSB0382,0,129,56213,mean,0,1024,-11.08870689
voicemark,3,chinese:SSB0382,0,129,56213,tct,0,1024,-9.01840438
voicemark,3,chinese:SSB0382,0,129,40921,mean,0,1024,-41.46040738
voicemark,3,chinese:SSB0382,0,129,40921,tct,0,1024,-42.27561345
voicemark,3,chinese:SSB0382,0,129,16521,mean,0,1024,-23.16656638
voicemark,3,chinese:SSB0382,0,129,16521,tct,0,1024,-46.61431738
voicemark,3,chinese:SSB0382,0,129,16307,mean,0,1024,-40.52718557
voicemark,3,chinese:SSB0382,0,129,16307,tct,0,1024,-40.56187158
voicemark,3,chinese:SSB0382,0,129,51033,mean,0,1024,-34.80681146
voicemark,3,chinese:SSB0382,0,129,51033,tct,0,1024,-29.92935256
voicemark,3,chinese:SSB0382,0,129,62543,mean,0,1024,-44.07402910
voicemark,3,chinese:SSB0382,0,129,62543,tct,0,1024,-49.55856611
voicemark,3,chinese:SSB0382,0,129,26272,mean,0,1024,-30.57837070
voicemark,3,chinese:SSB0382,0,129,26272,tct,0,1024,-44.13406615
voicemark,3,chinese:SSB0382,0,129,45535,mean,0,1024,-43.08123887
voicemark,3,chinese:SSB0382,0,129,45535,tct,0,1024,-53.65353079
voicemark,3,chinese:SSB0382,1,130,31027,mean,0,1024,-20.38809524
voicemark,3,chinese:SSB0382,1,130,31027,tct,0,1024,-21.23018921
voicemark,3,chinese:SSB0382,1,130,33840,mean,0,1024,-40.39395843
voicemark,3,chinese:SSB0382,1,130,33840,tct,0,1024,-41.91273013
voicemark,3,chinese:SSB0382,1,130,3575,mean,0,1024,-32.98148841
voicemark,3,chinese:SSB0382,1,130,3575,tct,0,1024,-33.14410895
voicemark,3,chinese:SSB0382,1,130,1873,mean,0,1024,-46.69146214
voicemark,3,chinese:SSB0382,1,130,1873,tct,0,1024,-54.25242757
voicemark,3,chinese:SSB0382,1,130,45602,mean,0,1024,-43.64170275
voicemark,3,chinese:SSB0382,1,130,45602,tct,0,1024,-43.12329078
voicemark,3,chinese:SSB0382,1,130,55744,mean,0,1024,-50.36477528
voicemark,3,chinese:SSB0382,1,130,55744,tct,0,1024,-58.96341195
voicemark,3,chinese:SSB0382,1,130,26827,mean,0,1024,-34.48616443
voicemark,3,chinese:SSB0382,1,130,26827,tct,0,1024,-44.67341531
voicemark,3,chinese:SSB0382,1,130,61882,mean,0,1024,-49.84740696
voicemark,3,chinese:SSB0382,1,130,61882,tct,0,1024,-50.32040388
voicemark,3,chinese:SSB0382,1,130,38865,mean,0,1024,-32.88592497
voicemark,3,chinese:SSB0382,1,130,38865,tct,0,1024,-36.83915508
voicemark,3,chinese:SSB0382,1,130,26922,mean,0,1024,-41.44002829
voicemark,3,chinese:SSB0382,1,130,26922,tct,0,1024,-34.30353779
voicemark,3,chinese:SSB0382,2,131,33179,mean,0,1024,-34.34664706
voicemark,3,chinese:SSB0382,2,131,33179,tct,0,1024,-25.90726582
voicemark,3,chinese:SSB0382,2,131,31134,mean,0,1024,-39.75258449
voicemark,3,chinese:SSB0382,2,131,31134,tct,0,1024,-36.25877500
voicemark,3,chinese:SSB0382,2,131,43635,mean,0,1024,-36.57849339
voicemark,3,chinese:SSB0382,2,131,43635,tct,0,1024,-24.19048357
voicemark,3,chinese:SSB0382,2,131,42525,mean,0,1024,-39.31025723
voicemark,3,chinese:SSB0382,2,131,42525,tct,0,1024,-26.54005766
voicemark,3,chinese:SSB0382,2,131,22007,mean,0,1024,-18.97631264
voicemark,3,chinese:SSB0382,2,131,22007,tct,0,1024,-28.84274866
voicemark,3,chinese:SSB0382,2,131,50395,mean,0,1024,-50.31330565
voicemark,3,chinese:SSB0382,2,131,50395,tct,0,1024,-43.75390971
voicemark,3,chinese:SSB0382,2,131,23244,mean,0,1024,-46.05116156
voicemark,3,chinese:SSB0382,2,131,23244,tct,0,1024,-39.92270503
voicemark,3,chinese:SSB0382,2,131,37961,mean,0,1024,-32.27028850
voicemark,3,chinese:SSB0382,2,131,37961,tct,0,1024,-19.57966979
voicemark,3,chinese:SSB0382,2,131,8808,mean,0,1024,-38.43193225
voicemark,3,chinese:SSB0382,2,131,8808,tct,0,1024,-30.94882631
voicemark,3,chinese:SSB0382,2,131,50910,mean,0,1024,-42.41811851
voicemark,3,chinese:SSB0382,2,131,50910,tct,0,1024,-48.29709849
voicemark,3,chinese:SSB0385,0,132,22210,mean,0,1024,-53.93835004
voicemark,3,chinese:SSB0385,0,132,22210,tct,0,1024,-51.24648596
voicemark,3,chinese:SSB0385,0,132,58213,mean,0,1024,-44.18026924
voicemark,3,chinese:SSB0385,0,132,58213,tct,0,1024,-26.32956064
voicemark,3,chinese:SSB0385,0,132,527,mean,0,1024,-48.03027947
voicemark,3,chinese:SSB0385,0,132,527,tct,0,1024,-48.02261285
voicemark,3,chinese:SSB0385,0,132,19162,mean,0,1024,-50.90229066
voicemark,3,chinese:SSB0385,0,132,19162,tct,0,1024,-46.41321787
voicemark,3,chinese:SSB0385,0,132,10090,mean,0,1024,-29.30361517
voicemark,3,chinese:SSB0385,0,132,10090,tct,0,1024,-24.79745858
voicemark,3,chinese:SSB0385,0,132,4248,mean,0,1024,-44.04671700
voicemark,3,chinese:SSB0385,0,132,4248,tct,0,1024,-32.42707579
voicemark,3,chinese:SSB0385,0,132,42459,mean,0,1024,-50.50230630
voicemark,3,chinese:SSB0385,0,132,42459,tct,0,1024,-36.26749887
voicemark,3,chinese:SSB0385,0,132,34115,mean,0,1024,-47.01610286
voicemark,3,chinese:SSB0385,0,132,34115,tct,0,1024,-41.01228554
voicemark,3,chinese:SSB0385,0,132,2703,mean,0,1024,-42.36984856
voicemark,3,chinese:SSB0385,0,132,2703,tct,0,1024,-47.45539217
voicemark,3,chinese:SSB0385,0,132,30322,mean,0,1024,-39.01554109
voicemark,3,chinese:SSB0385,0,132,30322,tct,0,1024,-38.25674760
voicemark,3,chinese:SSB0385,1,133,3287,mean,0,1024,-45.10231915
voicemark,3,chinese:SSB0385,1,133,3287,tct,0,1024,-30.73414000
voicemark,3,chinese:SSB0385,1,133,49744,mean,0,1024,-52.71948624
voicemark,3,chinese:SSB0385,1,133,49744,tct,0,1024,-43.92484280
voicemark,3,chinese:SSB0385,1,133,26850,mean,0,1024,-65.17742920
voicemark,3,chinese:SSB0385,1,133,26850,tct,0,1024,-61.25407907
voicemark,3,chinese:SSB0385,1,133,16508,mean,0,1024,-53.01338744
voicemark,3,chinese:SSB0385,1,133,16508,tct,0,1024,-63.22326724
voicemark,3,chinese:SSB0385,1,133,40204,mean,0,1024,-42.26538992
voicemark,3,chinese:SSB0385,1,133,40204,tct,0,1024,-46.19393130
voicemark,3,chinese:SSB0385,1,133,2617,mean,0,1024,-40.47985497
voicemark,3,chinese:SSB0385,1,133,2617,tct,0,1024,-39.06930849
voicemark,3,chinese:SSB0385,1,133,46917,mean,0,1024,-63.00754452
voicemark,3,chinese:SSB0385,1,133,46917,tct,0,1024,-44.01981821
voicemark,3,chinese:SSB0385,1,133,59605,mean,0,1024,-68.25258636
voicemark,3,chinese:SSB0385,1,133,59605,tct,0,1024,-54.02298748
voicemark,3,chinese:SSB0385,1,133,35745,mean,0,1024,-66.11569405
voicemark,3,chinese:SSB0385,1,133,35745,tct,0,1024,-55.49894653
voicemark,3,chinese:SSB0385,1,133,752,mean,0,1024,-32.82734910
voicemark,3,chinese:SSB0385,1,133,752,tct,0,1024,-30.67752382
voicemark,3,chinese:SSB0385,2,134,23982,mean,0,1024,-6.22921443
voicemark,3,chinese:SSB0385,2,134,23982,tct,0,1024,-28.00259080
voicemark,3,chinese:SSB0385,2,134,7046,mean,0,1024,-37.89382031
voicemark,3,chinese:SSB0385,2,134,7046,tct,0,1024,-43.01309125
voicemark,3,chinese:SSB0385,2,134,34544,mean,0,1024,-40.69964745
voicemark,3,chinese:SSB0385,2,134,34544,tct,0,1024,-42.16646851
voicemark,3,chinese:SSB0385,2,134,5415,mean,0,1024,-27.10728409
voicemark,3,chinese:SSB0385,2,134,5415,tct,0,1024,-8.69758380
voicemark,3,chinese:SSB0385,2,134,48492,mean,0,1024,-29.53715393
voicemark,3,chinese:SSB0385,2,134,48492,tct,0,1024,-36.37163650
voicemark,3,chinese:SSB0385,2,134,63414,mean,0,1024,-48.34471467
voicemark,3,chinese:SSB0385,2,134,63414,tct,0,1024,-43.50974215
voicemark,3,chinese:SSB0385,2,134,23800,mean,0,1024,-36.93348816
voicemark,3,chinese:SSB0385,2,134,23800,tct,0,1024,-43.99044862
voicemark,3,chinese:SSB0385,2,134,8513,mean,0,1024,-42.60495808
voicemark,3,chinese:SSB0385,2,134,8513,tct,0,1024,-37.87333518
voicemark,3,chinese:SSB0385,2,134,7571,mean,0,1024,-27.51870635
voicemark,3,chinese:SSB0385,2,134,7571,tct,0,1024,-43.07645357
voicemark,3,chinese:SSB0385,2,134,11109,mean,0,1024,-29.67026022
voicemark,3,chinese:SSB0385,2,134,11109,tct,0,1024,-41.75536084
voicemark,3,chinese:SSB0393,0,135,54412,mean,0,1024,-37.15232309
voicemark,3,chinese:SSB0393,0,135,54412,tct,0,1024,-38.82365324
voicemark,3,chinese:SSB0393,0,135,47406,mean,0,1024,-47.15816053
voicemark,3,chinese:SSB0393,0,135,47406,tct,0,1024,-52.99949251
voicemark,3,chinese:SSB0393,0,135,12584,mean,0,1024,-41.90675004
voicemark,3,chinese:SSB0393,0,135,12584,tct,0,1024,-50.11912050
voicemark,3,chinese:SSB0393,0,135,54219,mean,0,1024,-29.93230345
voicemark,3,chinese:SSB0393,0,135,54219,tct,0,1024,-33.77307906
voicemark,3,chinese:SSB0393,0,135,46976,mean,0,1024,-40.10715421
voicemark,3,chinese:SSB0393,0,135,46976,tct,0,1024,-34.00541084
voicemark,3,chinese:SSB0393,0,135,59784,mean,0,1024,-49.65086683
voicemark,3,chinese:SSB0393,0,135,59784,tct,0,1024,-58.99516760
voicemark,3,chinese:SSB0393,0,135,34360,mean,0,1024,-38.59952291
voicemark,3,chinese:SSB0393,0,135,34360,tct,0,1024,-42.58064206
voicemark,3,chinese:SSB0393,0,135,55856,mean,0,1024,-30.14307054
voicemark,3,chinese:SSB0393,0,135,55856,tct,0,1024,-32.44321840
voicemark,3,chinese:SSB0393,0,135,64763,mean,0,1024,-33.03752901
voicemark,3,chinese:SSB0393,0,135,64763,tct,0,1024,-34.34998799
voicemark,3,chinese:SSB0393,0,135,25024,mean,0,1024,-52.91645749
voicemark,3,chinese:SSB0393,0,135,25024,tct,0,1024,-54.92137215
voicemark,3,chinese:SSB0393,1,136,46051,mean,0,1024,-41.19350048
voicemark,3,chinese:SSB0393,1,136,46051,tct,0,1024,-43.05148322
voicemark,3,chinese:SSB0393,1,136,28891,mean,0,1024,-46.58625409
voicemark,3,chinese:SSB0393,1,136,28891,tct,0,1024,-48.01734726
voicemark,3,chinese:SSB0393,1,136,26253,mean,0,1024,-47.50538584
voicemark,3,chinese:SSB0393,1,136,26253,tct,0,1024,-46.27145831
voicemark,3,chinese:SSB0393,1,136,13345,mean,0,1024,-43.18498560
voicemark,3,chinese:SSB0393,1,136,13345,tct,0,1024,-51.33466835
voicemark,3,chinese:SSB0393,1,136,27827,mean,0,1024,-48.09238621
voicemark,3,chinese:SSB0393,1,136,27827,tct,0,1024,-47.34722996
voicemark,3,chinese:SSB0393,1,136,43842,mean,0,1024,-32.77487354
voicemark,3,chinese:SSB0393,1,136,43842,tct,0,1024,-32.18619561
voicemark,3,chinese:SSB0393,1,136,45651,mean,0,1024,-46.43717047
voicemark,3,chinese:SSB0393,1,136,45651,tct,0,1024,-36.00500351
voicemark,3,chinese:SSB0393,1,136,39300,mean,0,1024,-27.85915972
voicemark,3,chinese:SSB0393,1,136,39300,tct,0,1024,-39.99566388
voicemark,3,chinese:SSB0393,1,136,33609,mean,0,1024,-32.86981007
voicemark,3,chinese:SSB0393,1,136,33609,tct,0,1024,-30.73423856
voicemark,3,chinese:SSB0393,1,136,15143,mean,0,1024,-38.71323184
voicemark,3,chinese:SSB0393,1,136,15143,tct,0,1024,-44.32468218
voicemark,3,chinese:SSB0393,2,137,4925,mean,0,1024,-63.95026898
voicemark,3,chinese:SSB0393,2,137,4925,tct,0,1024,-57.81795465
voicemark,3,chinese:SSB0393,2,137,7725,mean,0,1024,-65.22169423
voicemark,3,chinese:SSB0393,2,137,7725,tct,0,1024,-60.92889285
voicemark,3,chinese:SSB0393,2,137,63330,mean,0,1024,-61.17688298
voicemark,3,chinese:SSB0393,2,137,63330,tct,0,1024,-52.98875500
voicemark,3,chinese:SSB0393,2,137,16438,mean,0,1024,-56.18064046
voicemark,3,chinese:SSB0393,2,137,16438,tct,0,1024,-47.35752865
voicemark,3,chinese:SSB0393,2,137,34647,mean,0,1024,-63.22994351
voicemark,3,chinese:SSB0393,2,137,34647,tct,0,1024,-52.98488554
voicemark,3,chinese:SSB0393,2,137,11115,mean,0,1024,-42.45603514
voicemark,3,chinese:SSB0393,2,137,11115,tct,0,1024,-34.53389610
voicemark,3,chinese:SSB0393,2,137,13060,mean,0,1024,-65.37989354
voicemark,3,chinese:SSB0393,2,137,13060,tct,0,1024,-58.34480084
voicemark,3,chinese:SSB0393,2,137,26951,mean,0,1024,-48.16524958
voicemark,3,chinese:SSB0393,2,137,26951,tct,0,1024,-42.57604860
voicemark,3,chinese:SSB0393,2,137,41742,mean,0,1024,-55.35529758
voicemark,3,chinese:SSB0393,2,137,41742,tct,0,1024,-46.87409263
voicemark,3,chinese:SSB0393,2,137,16663,mean,0,1024,-54.42332673
voicemark,3,chinese:SSB0393,2,137,16663,tct,0,1024,-45.28038858
voicemark,3,chinese:SSB0394,0,138,62713,mean,0,1024,-70.29858899
voicemark,3,chinese:SSB0394,0,138,62713,tct,0,1024,-67.58911424
voicemark,3,chinese:SSB0394,0,138,11540,mean,0,1024,-65.28506303
voicemark,3,chinese:SSB0394,0,138,11540,tct,0,1024,-66.30830144
voicemark,3,chinese:SSB0394,0,138,64574,mean,0,1024,-55.15063349
voicemark,3,chinese:SSB0394,0,138,64574,tct,0,1024,-46.17594901
voicemark,3,chinese:SSB0394,0,138,28334,mean,0,1024,-52.91048154
voicemark,3,chinese:SSB0394,0,138,28334,tct,0,1024,-46.63364061
voicemark,3,chinese:SSB0394,0,138,22269,mean,0,1024,-64.98782087
voicemark,3,chinese:SSB0394,0,138,22269,tct,0,1024,-59.67798699
voicemark,3,chinese:SSB0394,0,138,57752,mean,0,1024,-69.06593347
voicemark,3,chinese:SSB0394,0,138,57752,tct,0,1024,-61.37452408
voicemark,3,chinese:SSB0394,0,138,29530,mean,0,1024,-58.30191827
voicemark,3,chinese:SSB0394,0,138,29530,tct,0,1024,-44.34533845
voicemark,3,chinese:SSB0394,0,138,58599,mean,0,1024,-64.97019697
voicemark,3,chinese:SSB0394,0,138,58599,tct,0,1024,-67.76227703
voicemark,3,chinese:SSB0394,0,138,51017,mean,0,1024,-42.49588824
voicemark,3,chinese:SSB0394,0,138,51017,tct,0,1024,-23.22534245
voicemark,3,chinese:SSB0394,0,138,52427,mean,0,1024,-70.87427831
voicemark,3,chinese:SSB0394,0,138,52427,tct,0,1024,-42.10190736
voicemark,3,chinese:SSB0394,1,139,56140,mean,0,1024,-31.73337708
voicemark,3,chinese:SSB0394,1,139,56140,tct,0,1024,-33.78107744
voicemark,3,chinese:SSB0394,1,139,52492,mean,0,1024,-28.87205968
voicemark,3,chinese:SSB0394,1,139,52492,tct,0,1024,-24.21076857
voicemark,3,chinese:SSB0394,1,139,10770,mean,0,1024,-45.14865026
voicemark,3,chinese:SSB0394,1,139,10770,tct,0,1024,-41.54103003
voicemark,3,chinese:SSB0394,1,139,56169,mean,0,1024,-22.76225410
voicemark,3,chinese:SSB0394,1,139,56169,tct,0,1024,-15.11250953
voicemark,3,chinese:SSB0394,1,139,24448,mean,0,1024,-13.05513999
voicemark,3,chinese:SSB0394,1,139,24448,tct,0,1024,-6.34254439
voicemark,3,chinese:SSB0394,1,139,48417,mean,0,1024,-44.24213800
voicemark,3,chinese:SSB0394,1,139,48417,tct,0,1024,-55.18708875
voicemark,3,chinese:SSB0394,1,139,17426,mean,0,1024,-48.43565187
voicemark,3,chinese:SSB0394,1,139,17426,tct,0,1024,-59.22388629
voicemark,3,chinese:SSB0394,1,139,24357,mean,0,1024,-12.70696589
voicemark,3,chinese:SSB0394,1,139,24357,tct,0,1024,-23.53541716
voicemark,3,chinese:SSB0394,1,139,7618,mean,0,1024,-40.02835283
voicemark,3,chinese:SSB0394,1,139,7618,tct,0,1024,-35.48141299
voicemark,3,chinese:SSB0394,1,139,6208,mean,0,1024,-39.15463171
voicemark,3,chinese:SSB0394,1,139,6208,tct,0,1024,-40.76303452
voicemark,3,chinese:SSB0394,2,140,58619,mean,0,1024,-45.92032936
voicemark,3,chinese:SSB0394,2,140,58619,tct,0,1024,-58.39297416
voicemark,3,chinese:SSB0394,2,140,65261,mean,0,1024,-47.09887626
voicemark,3,chinese:SSB0394,2,140,65261,tct,0,1024,-52.23500201
voicemark,3,chinese:SSB0394,2,140,55794,mean,0,1024,-52.42123344
voicemark,3,chinese:SSB0394,2,140,55794,tct,0,1024,-52.42123344
voicemark,3,chinese:SSB0394,2,140,4254,mean,0,1024,-38.95752966
voicemark,3,chinese:SSB0394,2,140,4254,tct,0,1024,-31.22784247
voicemark,3,chinese:SSB0394,2,140,10586,mean,0,1024,-42.10114458
voicemark,3,chinese:SSB0394,2,140,10586,tct,0,1024,-34.96375928
voicemark,3,chinese:SSB0394,2,140,39426,mean,0,1024,-44.93248799
voicemark,3,chinese:SSB0394,2,140,39426,tct,0,1024,-48.11207218
voicemark,3,chinese:SSB0394,2,140,279,mean,0,1024,-52.23096874
voicemark,3,chinese:SSB0394,2,140,279,tct,0,1024,-46.79055286
voicemark,3,chinese:SSB0394,2,140,20003,mean,0,1024,-27.31555238
voicemark,3,chinese:SSB0394,2,140,20003,tct,0,1024,-35.27713278
voicemark,3,chinese:SSB0394,2,140,59589,mean,0,1024,-36.01461723
voicemark,3,chinese:SSB0394,2,140,59589,tct,0,1024,-42.37522591
voicemark,3,chinese:SSB0394,2,140,4505,mean,0,1024,-36.98345816
voicemark,3,chinese:SSB0394,2,140,4505,tct,0,1024,-35.31557410
voicemark,3,chinese:SSB0395,0,141,64933,mean,0,1024,-26.85175983
voicemark,3,chinese:SSB0395,0,141,64933,tct,0,1024,-26.30075569
voicemark,3,chinese:SSB0395,0,141,14953,mean,0,1024,-30.11404601
voicemark,3,chinese:SSB0395,0,141,14953,tct,0,1024,-37.66979032
voicemark,3,chinese:SSB0395,0,141,63240,mean,0,1024,-32.75967542
voicemark,3,chinese:SSB0395,0,141,63240,tct,0,1024,-29.99301955
voicemark,3,chinese:SSB0395,0,141,34147,mean,0,1024,-26.83306495
voicemark,3,chinese:SSB0395,0,141,34147,tct,0,1024,-32.96259712
voicemark,3,chinese:SSB0395,0,141,53067,mean,0,1024,-34.56740705
voicemark,3,chinese:SSB0395,0,141,53067,tct,0,1024,-37.64065802
voicemark,3,chinese:SSB0395,0,141,24901,mean,0,1024,-30.19654027
voicemark,3,chinese:SSB0395,0,141,24901,tct,0,1024,-29.25413310
voicemark,3,chinese:SSB0395,0,141,47981,mean,0,1024,-13.29158870
voicemark,3,chinese:SSB0395,0,141,47981,tct,1,1024,4.13776800
voicemark,3,chinese:SSB0395,0,141,59124,mean,0,1024,-15.87997383
voicemark,3,chinese:SSB0395,0,141,59124,tct,0,1024,-20.10910065
voicemark,3,chinese:SSB0395,0,141,55488,mean,0,1024,-30.23168603
voicemark,3,chinese:SSB0395,0,141,55488,tct,0,1024,-38.89356666
voicemark,3,chinese:SSB0395,0,141,64225,mean,0,1024,-34.71083394
voicemark,3,chinese:SSB0395,0,141,64225,tct,0,1024,-47.37350135
voicemark,3,chinese:SSB0395,1,142,7316,mean,0,1024,-44.55609451
voicemark,3,chinese:SSB0395,1,142,7316,tct,0,1024,-37.32333335
voicemark,3,chinese:SSB0395,1,142,30846,mean,0,1024,-52.03565536
voicemark,3,chinese:SSB0395,1,142,30846,tct,0,1024,-51.10830809
voicemark,3,chinese:SSB0395,1,142,35903,mean,0,1024,-49.05804382
voicemark,3,chinese:SSB0395,1,142,35903,tct,0,1024,-45.16806108
voicemark,3,chinese:SSB0395,1,142,24585,mean,0,1024,-34.14561640
voicemark,3,chinese:SSB0395,1,142,24585,tct,0,1024,-28.18078150
voicemark,3,chinese:SSB0395,1,142,54263,mean,0,1024,-18.37693296
voicemark,3,chinese:SSB0395,1,142,54263,tct,0,1024,-19.83791730
voicemark,3,chinese:SSB0395,1,142,26888,mean,0,1024,-30.45649515
voicemark,3,chinese:SSB0395,1,142,26888,tct,0,1024,-29.16780885
voicemark,3,chinese:SSB0395,1,142,59486,mean,0,1024,-51.33327137
voicemark,3,chinese:SSB0395,1,142,59486,tct,0,1024,-54.19149933
voicemark,3,chinese:SSB0395,1,142,25835,mean,0,1024,-38.92230354
voicemark,3,chinese:SSB0395,1,142,25835,tct,0,1024,-22.56683294
voicemark,3,chinese:SSB0395,1,142,56995,mean,0,1024,-49.89218222
voicemark,3,chinese:SSB0395,1,142,56995,tct,0,1024,-55.98850756
voicemark,3,chinese:SSB0395,1,142,61106,mean,0,1024,-56.48426090
voicemark,3,chinese:SSB0395,1,142,61106,tct,0,1024,-53.02936198
voicemark,3,chinese:SSB0395,2,143,32295,mean,0,1024,-24.92806159
voicemark,3,chinese:SSB0395,2,143,32295,tct,0,1024,-39.74596207
voicemark,3,chinese:SSB0395,2,143,5281,mean,0,1024,-24.83544909
voicemark,3,chinese:SSB0395,2,143,5281,tct,0,1024,-25.57803413
voicemark,3,chinese:SSB0395,2,143,5644,mean,0,1024,-36.34032904
voicemark,3,chinese:SSB0395,2,143,5644,tct,0,1024,-50.74868977
voicemark,3,chinese:SSB0395,2,143,29304,mean,0,1024,-38.02173530
voicemark,3,chinese:SSB0395,2,143,29304,tct,0,1024,-49.55560937
voicemark,3,chinese:SSB0395,2,143,58674,mean,0,1024,-31.11205660
voicemark,3,chinese:SSB0395,2,143,58674,tct,0,1024,-33.87535961
voicemark,3,chinese:SSB0395,2,143,30600,mean,0,1024,-41.65837775
voicemark,3,chinese:SSB0395,2,143,30600,tct,0,1024,-51.54764284
voicemark,3,chinese:SSB0395,2,143,54324,mean,0,1024,-41.83175551
voicemark,3,chinese:SSB0395,2,143,54324,tct,0,1024,-46.46658101
voicemark,3,chinese:SSB0395,2,143,14911,mean,0,1024,-38.17263018
voicemark,3,chinese:SSB0395,2,143,14911,tct,0,1024,-47.33703679
voicemark,3,chinese:SSB0395,2,143,29892,mean,0,1024,-33.59997188
voicemark,3,chinese:SSB0395,2,143,29892,tct,0,1024,-36.15912541
voicemark,3,chinese:SSB0395,2,143,17074,mean,0,1024,-40.96545874
voicemark,3,chinese:SSB0395,2,143,17074,tct,0,1024,-42.07834252
voicemark,3,chinese:SSB0407,0,144,12828,mean,0,1024,-46.22553444
voicemark,3,chinese:SSB0407,0,144,12828,tct,0,1024,-42.75164942
voicemark,3,chinese:SSB0407,0,144,21816,mean,0,1024,-38.21939850
voicemark,3,chinese:SSB0407,0,144,21816,tct,0,1024,-45.23125686
voicemark,3,chinese:SSB0407,0,144,8492,mean,0,1024,-47.40835667
voicemark,3,chinese:SSB0407,0,144,8492,tct,0,1024,-51.00145679
voicemark,3,chinese:SSB0407,0,144,58838,mean,0,1024,-46.20308972
voicemark,3,chinese:SSB0407,0,144,58838,tct,0,1024,-44.06775377
voicemark,3,chinese:SSB0407,0,144,35623,mean,0,1024,-6.91411635
voicemark,3,chinese:SSB0407,0,144,35623,tct,0,1024,-17.60963507
voicemark,3,chinese:SSB0407,0,144,57301,mean,0,1024,-40.54684163
voicemark,3,chinese:SSB0407,0,144,57301,tct,0,1024,-36.87700543
voicemark,3,chinese:SSB0407,0,144,9443,mean,0,1024,-46.49661446
voicemark,3,chinese:SSB0407,0,144,9443,tct,0,1024,-45.10996532
voicemark,3,chinese:SSB0407,0,144,41729,mean,0,1024,-29.85733306
voicemark,3,chinese:SSB0407,0,144,41729,tct,0,1024,-40.69841599
voicemark,3,chinese:SSB0407,0,144,19307,mean,0,1024,-20.23699201
voicemark,3,chinese:SSB0407,0,144,19307,tct,0,1024,-18.08691728
voicemark,3,chinese:SSB0407,0,144,10636,mean,0,1024,-55.77384758
voicemark,3,chinese:SSB0407,0,144,10636,tct,0,1024,-51.61656377
voicemark,3,chinese:SSB0407,1,145,29332,mean,0,1024,-57.06726297
voicemark,3,chinese:SSB0407,1,145,29332,tct,0,1024,-51.92833972
voicemark,3,chinese:SSB0407,1,145,51269,mean,0,1024,-45.91112664
voicemark,3,chinese:SSB0407,1,145,51269,tct,0,1024,-42.70701256
voicemark,3,chinese:SSB0407,1,145,46531,mean,0,1024,-55.00202974
voicemark,3,chinese:SSB0407,1,145,46531,tct,0,1024,-53.54235976
voicemark,3,chinese:SSB0407,1,145,15534,mean,0,1024,-45.06880983
voicemark,3,chinese:SSB0407,1,145,15534,tct,0,1024,-41.26006131
voicemark,3,chinese:SSB0407,1,145,35873,mean,0,1024,-33.81059750
voicemark,3,chinese:SSB0407,1,145,35873,tct,0,1024,-36.15981309
voicemark,3,chinese:SSB0407,1,145,10825,mean,0,1024,-55.76713689
voicemark,3,chinese:SSB0407,1,145,10825,tct,0,1024,-49.79155218
voicemark,3,chinese:SSB0407,1,145,12812,mean,0,1024,-33.40134392
voicemark,3,chinese:SSB0407,1,145,12812,tct,0,1024,-28.38113620
voicemark,3,chinese:SSB0407,1,145,38825,mean,0,1024,-59.31577142
voicemark,3,chinese:SSB0407,1,145,38825,tct,0,1024,-61.24433033
voicemark,3,chinese:SSB0407,1,145,6236,mean,0,1024,-42.16554597
voicemark,3,chinese:SSB0407,1,145,6236,tct,0,1024,-41.19329746
voicemark,3,chinese:SSB0407,1,145,7584,mean,0,1024,-59.25041231
voicemark,3,chinese:SSB0407,1,145,7584,tct,0,1024,-58.66396849
voicemark,3,chinese:SSB0407,2,146,26397,mean,0,1024,-38.41101602
voicemark,3,chinese:SSB0407,2,146,26397,tct,0,1024,-17.21570861
voicemark,3,chinese:SSB0407,2,146,28959,mean,0,1024,-58.91221550
voicemark,3,chinese:SSB0407,2,146,28959,tct,0,1024,-54.83647192
voicemark,3,chinese:SSB0407,2,146,64607,mean,0,1024,-58.61445358
voicemark,3,chinese:SSB0407,2,146,64607,tct,0,1024,-53.66861094
voicemark,3,chinese:SSB0407,2,146,3538,mean,0,1024,-20.98128653
voicemark,3,chinese:SSB0407,2,146,3538,tct,0,1024,-29.09589660
voicemark,3,chinese:SSB0407,2,146,9011,mean,0,1024,-38.58731678
voicemark,3,chinese:SSB0407,2,146,9011,tct,0,1024,-35.18969039
voicemark,3,chinese:SSB0407,2,146,31117,mean,0,1024,-43.77950623
voicemark,3,chinese:SSB0407,2,146,31117,tct,0,1024,-29.35584504
voicemark,3,chinese:SSB0407,2,146,13000,mean,0,1024,-45.98651102
voicemark,3,chinese:SSB0407,2,146,13000,tct,0,1024,-44.38647122
voicemark,3,chinese:SSB0407,2,146,24338,mean,0,1024,-27.19089634
voicemark,3,chinese:SSB0407,2,146,24338,tct,0,1024,-31.86572086
voicemark,3,chinese:SSB0407,2,146,544,mean,0,1024,-36.11315107
voicemark,3,chinese:SSB0407,2,146,544,tct,0,1024,-35.05018599
voicemark,3,chinese:SSB0407,2,146,17188,mean,0,1024,-53.38142803
voicemark,3,chinese:SSB0407,2,146,17188,tct,0,1024,-52.47082907
voicemark,3,chinese:SSB0415,0,147,34952,mean,0,1024,-48.55529685
voicemark,3,chinese:SSB0415,0,147,34952,tct,0,1024,-54.51759782
voicemark,3,chinese:SSB0415,0,147,24299,mean,0,1024,-38.89872737
voicemark,3,chinese:SSB0415,0,147,24299,tct,0,1024,-44.05609573
voicemark,3,chinese:SSB0415,0,147,48200,mean,0,1024,-41.42922110
voicemark,3,chinese:SSB0415,0,147,48200,tct,0,1024,-36.66627228
voicemark,3,chinese:SSB0415,0,147,4965,mean,0,1024,-27.08760543
voicemark,3,chinese:SSB0415,0,147,4965,tct,0,1024,-31.99240413
voicemark,3,chinese:SSB0415,0,147,25156,mean,0,1024,-44.56619258
voicemark,3,chinese:SSB0415,0,147,25156,tct,0,1024,-45.88421120
voicemark,3,chinese:SSB0415,0,147,1314,mean,0,1024,-49.49608607
voicemark,3,chinese:SSB0415,0,147,1314,tct,0,1024,-44.89147484
voicemark,3,chinese:SSB0415,0,147,2602,mean,0,1024,-55.03969855
voicemark,3,chinese:SSB0415,0,147,2602,tct,0,1024,-57.14344850
voicemark,3,chinese:SSB0415,0,147,26781,mean,0,1024,-36.93472857
voicemark,3,chinese:SSB0415,0,147,26781,tct,0,1024,-47.13471571
voicemark,3,chinese:SSB0415,0,147,38314,mean,0,1024,-57.93024917
voicemark,3,chinese:SSB0415,0,147,38314,tct,0,1024,-59.73917999
voicemark,3,chinese:SSB0415,0,147,42497,mean,0,1024,-40.66890902
voicemark,3,chinese:SSB0415,0,147,42497,tct,0,1024,-46.33706065
voicemark,3,chinese:SSB0415,1,148,33714,mean,0,1024,-50.10888627
voicemark,3,chinese:SSB0415,1,148,33714,tct,0,1024,-36.66992871
voicemark,3,chinese:SSB0415,1,148,39546,mean,0,1024,-34.99987256
voicemark,3,chinese:SSB0415,1,148,39546,tct,0,1024,-27.95764398
voicemark,3,chinese:SSB0415,1,148,40474,mean,0,1024,-57.38325169
voicemark,3,chinese:SSB0415,1,148,40474,tct,0,1024,-44.13273160
voicemark,3,chinese:SSB0415,1,148,33332,mean,0,1024,-54.23549798
voicemark,3,chinese:SSB0415,1,148,33332,tct,0,1024,-37.58157527
voicemark,3,chinese:SSB0415,1,148,29507,mean,0,1024,-58.65488961
voicemark,3,chinese:SSB0415,1,148,29507,tct,0,1024,-57.92234348
voicemark,3,chinese:SSB0415,1,148,45883,mean,0,1024,-58.26891759
voicemark,3,chinese:SSB0415,1,148,45883,tct,0,1024,-35.82188455
voicemark,3,chinese:SSB0415,1,148,42145,mean,0,1024,-63.09830525
voicemark,3,chinese:SSB0415,1,148,42145,tct,0,1024,-39.36557531
voicemark,3,chinese:SSB0415,1,148,39169,mean,0,1024,-59.32527783
voicemark,3,chinese:SSB0415,1,148,39169,tct,0,1024,-50.47572915
voicemark,3,chinese:SSB0415,1,148,63787,mean,0,1024,-65.46868470
voicemark,3,chinese:SSB0415,1,148,63787,tct,0,1024,-65.93925613
voicemark,3,chinese:SSB0415,1,148,34430,mean,0,1024,-38.08492999
voicemark,3,chinese:SSB0415,1,148,34430,tct,0,1024,-37.45408694
voicemark,3,chinese:SSB0415,2,149,10294,mean,0,1024,-19.62064202
voicemark,3,chinese:SSB0415,2,149,10294,tct,0,1024,-20.67005551
voicemark,3,chinese:SSB0415,2,149,3473,mean,0,1024,-52.99458467
voicemark,3,chinese:SSB0415,2,149,3473,tct,0,1024,-57.06979121
voicemark,3,chinese:SSB0415,2,149,46856,mean,0,1024,-35.63655817
voicemark,3,chinese:SSB0415,2,149,46856,tct,0,1024,-27.25402784
voicemark,3,chinese:SSB0415,2,149,56011,mean,0,1024,-44.23894655
voicemark,3,chinese:SSB0415,2,149,56011,tct,0,1024,-48.35424101
voicemark,3,chinese:SSB0415,2,149,30211,mean,0,1024,-33.93379843
voicemark,3,chinese:SSB0415,2,149,30211,tct,0,1024,-41.43048823
voicemark,3,chinese:SSB0415,2,149,28557,mean,0,1024,-28.61354601
voicemark,3,chinese:SSB0415,2,149,28557,tct,0,1024,-32.37326211
voicemark,3,chinese:SSB0415,2,149,58471,mean,0,1024,-39.43358194
voicemark,3,chinese:SSB0415,2,149,58471,tct,0,1024,-38.28410724
voicemark,3,chinese:SSB0415,2,149,34381,mean,0,1024,-13.77975427
voicemark,3,chinese:SSB0415,2,149,34381,tct,0,1024,-14.89521897
voicemark,3,chinese:SSB0415,2,149,45720,mean,0,1024,-44.31586325
voicemark,3,chinese:SSB0415,2,149,45720,tct,0,1024,-42.34376639
voicemark,3,chinese:SSB0415,2,149,9628,mean,0,1024,-51.04255258
voicemark,3,chinese:SSB0415,2,149,9628,tct,0,1024,-49.27438651
voicemark,3,english:103,0,150,17493,mean,0,1024,-39.41787609
voicemark,3,english:103,0,150,17493,tct,0,1024,-42.05383300
voicemark,3,english:103,0,150,44110,mean,0,1024,-21.99430451
voicemark,3,english:103,0,150,44110,tct,0,1024,-31.47506550
voicemark,3,english:103,0,150,38521,mean,0,1024,-46.06741031
voicemark,3,english:103,0,150,38521,tct,0,1024,-42.82702031
voicemark,3,english:103,0,150,17067,mean,0,1024,-36.39070686
voicemark,3,english:103,0,150,17067,tct,0,1024,-35.03237748
voicemark,3,english:103,0,150,6666,mean,0,1024,-43.02268585
voicemark,3,english:103,0,150,6666,tct,0,1024,-58.61318927
voicemark,3,english:103,0,150,36848,mean,0,1024,-36.12615569
voicemark,3,english:103,0,150,36848,tct,0,1024,-32.89060983
voicemark,3,english:103,0,150,59357,mean,0,1024,-36.71306690
voicemark,3,english:103,0,150,59357,tct,0,1024,-45.70688872
voicemark,3,english:103,0,150,51211,mean,0,1024,-28.40507778
voicemark,3,english:103,0,150,51211,tct,0,1024,-37.29291594
voicemark,3,english:103,0,150,64869,mean,0,1024,-30.12636267
voicemark,3,english:103,0,150,64869,tct,0,1024,-42.05152707
voicemark,3,english:103,0,150,55461,mean,0,1024,-37.10197528
voicemark,3,english:103,0,150,55461,tct,0,1024,-41.47061339
voicemark,3,english:103,1,151,19311,mean,0,1024,-25.83985149
voicemark,3,english:103,1,151,19311,tct,0,1024,-25.84823894
voicemark,3,english:103,1,151,58254,mean,0,1024,-24.23838961
voicemark,3,english:103,1,151,58254,tct,0,1024,-39.12281311
voicemark,3,english:103,1,151,56328,mean,0,1024,-14.37802436
voicemark,3,english:103,1,151,56328,tct,0,1024,-25.80141032
voicemark,3,english:103,1,151,63501,mean,0,1024,-36.71764576
voicemark,3,english:103,1,151,63501,tct,0,1024,-45.92908394
voicemark,3,english:103,1,151,55186,mean,0,1024,-42.83510982
voicemark,3,english:103,1,151,55186,tct,0,1024,-55.97738802
voicemark,3,english:103,1,151,27788,mean,0,1024,-40.12507450
voicemark,3,english:103,1,151,27788,tct,0,1024,-47.51859009
voicemark,3,english:103,1,151,4604,mean,0,1024,-30.30101120
voicemark,3,english:103,1,151,4604,tct,0,1024,-35.77162838
voicemark,3,english:103,1,151,2659,mean,0,1024,-46.56722175
voicemark,3,english:103,1,151,2659,tct,0,1024,-46.56722175
voicemark,3,english:103,1,151,43780,mean,0,1024,-33.42787086
voicemark,3,english:103,1,151,43780,tct,0,1024,-45.66602659
voicemark,3,english:103,1,151,25010,mean,0,1024,-46.64229309
voicemark,3,english:103,1,151,25010,tct,0,1024,-58.68014622
voicemark,3,english:103,2,152,24057,mean,0,1024,-51.10573389
voicemark,3,english:103,2,152,24057,tct,0,1024,-48.00243615
voicemark,3,english:103,2,152,26317,mean,0,1024,-42.54443552
voicemark,3,english:103,2,152,26317,tct,0,1024,-42.53383079
voicemark,3,english:103,2,152,29839,mean,0,1024,-61.64700414
voicemark,3,english:103,2,152,29839,tct,0,1024,-67.31481520
voicemark,3,english:103,2,152,45800,mean,0,1024,-58.71195223
voicemark,3,english:103,2,152,45800,tct,0,1024,-58.99047075
voicemark,3,english:103,2,152,18859,mean,0,1024,-41.70381095
voicemark,3,english:103,2,152,18859,tct,0,1024,-39.65696815
voicemark,3,english:103,2,152,55201,mean,0,1024,-41.39580561
voicemark,3,english:103,2,152,55201,tct,0,1024,-39.79392401
voicemark,3,english:103,2,152,56908,mean,0,1024,-51.95513345
voicemark,3,english:103,2,152,56908,tct,0,1024,-54.91155923
voicemark,3,english:103,2,152,29853,mean,0,1024,-59.18552591
voicemark,3,english:103,2,152,29853,tct,0,1024,-55.69307900
voicemark,3,english:103,2,152,65389,mean,0,1024,-59.69028475
voicemark,3,english:103,2,152,65389,tct,0,1024,-59.05416945
voicemark,3,english:103,2,152,26179,mean,0,1024,-37.53777625
voicemark,3,english:103,2,152,26179,tct,0,1024,-46.48168162
voicemark,3,english:1034,0,153,55632,mean,0,1024,-39.74713928
voicemark,3,english:1034,0,153,55632,tct,0,1024,-39.28016398
voicemark,3,english:1034,0,153,50515,mean,0,1024,-52.40151245
voicemark,3,english:1034,0,153,50515,tct,0,1024,-49.13649694
voicemark,3,english:1034,0,153,3840,mean,0,1024,-31.19292989
voicemark,3,english:1034,0,153,3840,tct,0,1024,-29.60377342
voicemark,3,english:1034,0,153,1091,mean,0,1024,-42.69349542
voicemark,3,english:1034,0,153,1091,tct,0,1024,-43.31001658
voicemark,3,english:1034,0,153,16120,mean,0,1024,-40.47596581
voicemark,3,english:1034,0,153,16120,tct,0,1024,-36.81124480
voicemark,3,english:1034,0,153,30134,mean,0,1024,-45.18441803
voicemark,3,english:1034,0,153,30134,tct,0,1024,-46.27848201
voicemark,3,english:1034,0,153,18560,mean,0,1024,-42.74988968
voicemark,3,english:1034,0,153,18560,tct,0,1024,-33.11876077
voicemark,3,english:1034,0,153,47389,mean,0,1024,-35.78939361
voicemark,3,english:1034,0,153,47389,tct,0,1024,-30.46387322
voicemark,3,english:1034,0,153,41705,mean,0,1024,-47.35500068
voicemark,3,english:1034,0,153,41705,tct,0,1024,-46.81869917
voicemark,3,english:1034,0,153,36622,mean,0,1024,-52.78662235
voicemark,3,english:1034,0,153,36622,tct,0,1024,-51.50424353
voicemark,3,english:1034,1,154,51249,mean,0,1024,-48.73627459
voicemark,3,english:1034,1,154,51249,tct,0,1024,-47.65847081
voicemark,3,english:1034,1,154,33599,mean,0,1024,-40.89945637
voicemark,3,english:1034,1,154,33599,tct,0,1024,-51.34860802
voicemark,3,english:1034,1,154,62310,mean,0,1024,-24.51916205
voicemark,3,english:1034,1,154,62310,tct,0,1024,-29.40750968
voicemark,3,english:1034,1,154,32271,mean,0,1024,-49.64860283
voicemark,3,english:1034,1,154,32271,tct,0,1024,-46.99408912
voicemark,3,english:1034,1,154,15067,mean,0,1024,-35.31843935
voicemark,3,english:1034,1,154,15067,tct,0,1024,-45.34989488
voicemark,3,english:1034,1,154,57371,mean,0,1024,-18.63048442
voicemark,3,english:1034,1,154,57371,tct,0,1024,-43.31744975
voicemark,3,english:1034,1,154,23850,mean,0,1024,-20.12036037
voicemark,3,english:1034,1,154,23850,tct,0,1024,-34.57266192
voicemark,3,english:1034,1,154,53049,mean,0,1024,-46.04423128
voicemark,3,english:1034,1,154,53049,tct,0,1024,-44.90027880
voicemark,3,english:1034,1,154,42875,mean,0,1024,-31.52793204
voicemark,3,english:1034,1,154,42875,tct,0,1024,-35.05783057
voicemark,3,english:1034,1,154,39244,mean,0,1024,-40.79164206
voicemark,3,english:1034,1,154,39244,tct,0,1024,-31.97537014
voicemark,3,english:1034,2,155,6141,mean,0,1024,-27.29046383
voicemark,3,english:1034,2,155,6141,tct,0,1024,-24.61074157
voicemark,3,english:1034,2,155,9517,mean,0,1024,-29.82984486
voicemark,3,english:1034,2,155,9517,tct,0,1024,-42.47523247
voicemark,3,english:1034,2,155,35439,mean,0,1024,-31.87820855
voicemark,3,english:1034,2,155,35439,tct,0,1024,-23.64785422
voicemark,3,english:1034,2,155,40499,mean,0,1024,-29.79024115
voicemark,3,english:1034,2,155,40499,tct,0,1024,-34.38122159
voicemark,3,english:1034,2,155,58841,mean,0,1024,-31.55264082
voicemark,3,english:1034,2,155,58841,tct,0,1024,-48.47999949
voicemark,3,english:1034,2,155,20183,mean,0,1024,-30.72864905
voicemark,3,english:1034,2,155,20183,tct,0,1024,-38.47330849
voicemark,3,english:1034,2,155,60739,mean,0,1024,-24.78013980
voicemark,3,english:1034,2,155,60739,tct,0,1024,-49.06744502
voicemark,3,english:1034,2,155,15460,mean,0,1024,-32.83395806
voicemark,3,english:1034,2,155,15460,tct,0,1024,-49.28378215
voicemark,3,english:1034,2,155,38028,mean,0,1024,-29.20959520
voicemark,3,english:1034,2,155,38028,tct,0,1024,-29.46547478
voicemark,3,english:1034,2,155,7826,mean,0,1024,-28.73046818
voicemark,3,english:1034,2,155,7826,tct,0,1024,-28.88934714
voicemark,3,english:1040,0,156,60965,mean,0,1024,-59.10347135
voicemark,3,english:1040,0,156,60965,tct,0,1024,-47.81007379
voicemark,3,english:1040,0,156,30879,mean,0,1024,-69.25672872
voicemark,3,english:1040,0,156,30879,tct,0,1024,-52.62197292
voicemark,3,english:1040,0,156,3727,mean,0,1024,-53.27735097
voicemark,3,english:1040,0,156,3727,tct,0,1024,-58.00658601
voicemark,3,english:1040,0,156,44629,mean,0,1024,-48.44579846
voicemark,3,english:1040,0,156,44629,tct,0,1024,-35.10299056
voicemark,3,english:1040,0,156,19911,mean,0,1024,-49.98473168
voicemark,3,english:1040,0,156,19911,tct,0,1024,-45.81609761
voicemark,3,english:1040,0,156,50321,mean,0,1024,-56.68897302
voicemark,3,english:1040,0,156,50321,tct,0,1024,-52.95814207
voicemark,3,english:1040,0,156,12325,mean,0,1024,-43.96197671
voicemark,3,english:1040,0,156,12325,tct,0,1024,-31.54636403
voicemark,3,english:1040,0,156,63194,mean,0,1024,-54.95521600
voicemark,3,english:1040,0,156,63194,tct,0,1024,-50.57535538
voicemark,3,english:1040,0,156,52690,mean,0,1024,-46.34159375
voicemark,3,english:1040,0,156,52690,tct,0,1024,-23.72443940
voicemark,3,english:1040,0,156,13015,mean,0,1024,-41.07875509
voicemark,3,english:1040,0,156,13015,tct,0,1024,-34.42451225
voicemark,3,english:1040,1,157,14580,mean,0,1024,-44.96029871
voicemark,3,english:1040,1,157,14580,tct,0,1024,-23.82130207
voicemark,3,english:1040,1,157,24111,mean,0,1024,-34.63914244
voicemark,3,english:1040,1,157,24111,tct,0,1024,-32.95030008
voicemark,3,english:1040,1,157,64843,mean,0,1024,-28.34394376
voicemark,3,english:1040,1,157,64843,tct,0,1024,-32.49336971
voicemark,3,english:1040,1,157,52593,mean,0,1024,-33.38058202
voicemark,3,english:1040,1,157,52593,tct,0,1024,-16.78150924
voicemark,3,english:1040,1,157,20119,mean,0,1024,-27.79401200
voicemark,3,english:1040,1,157,20119,tct,0,1024,-21.94965731
voicemark,3,english:1040,1,157,35193,mean,0,1024,-25.08897727
voicemark,3,english:1040,1,157,35193,tct,0,1024,-29.06590791
voicemark,3,english:1040,1,157,57117,mean,0,1024,-36.87050932
voicemark,3,english:1040,1,157,57117,tct,0,1024,-27.83607335
voicemark,3,english:1040,1,157,34220,mean,0,1024,-20.00224282
voicemark,3,english:1040,1,157,34220,tct,0,1024,-23.40996300
voicemark,3,english:1040,1,157,54653,mean,0,1024,-37.46985929
voicemark,3,english:1040,1,157,54653,tct,0,1024,-28.36990590
voicemark,3,english:1040,1,157,33158,mean,0,1024,-26.68970423
voicemark,3,english:1040,1,157,33158,tct,0,1024,-22.81267523
voicemark,3,english:1040,2,158,11256,mean,0,1024,-37.04029171
voicemark,3,english:1040,2,158,11256,tct,0,1024,-35.49735457
voicemark,3,english:1040,2,158,41286,mean,0,1024,-20.57314055
voicemark,3,english:1040,2,158,41286,tct,0,1024,-22.46516764
voicemark,3,english:1040,2,158,16394,mean,0,1024,-39.02884381
voicemark,3,english:1040,2,158,16394,tct,0,1024,-44.23782730
voicemark,3,english:1040,2,158,17183,mean,0,1024,-32.35948842
voicemark,3,english:1040,2,158,17183,tct,0,1024,-39.23850727
voicemark,3,english:1040,2,158,722,mean,0,1024,-37.67268078
voicemark,3,english:1040,2,158,722,tct,0,1024,-37.49379891
voicemark,3,english:1040,2,158,53666,mean,0,1024,-15.77126036
voicemark,3,english:1040,2,158,53666,tct,0,1024,-15.36015892
voicemark,3,english:1040,2,158,24707,mean,0,1024,-22.80152941
voicemark,3,english:1040,2,158,24707,tct,0,1024,-32.25497397
voicemark,3,english:1040,2,158,41868,mean,0,1024,-33.96396344
voicemark,3,english:1040,2,158,41868,tct,0,1024,-31.94318161
voicemark,3,english:1040,2,158,60632,mean,0,1024,-29.46667950
voicemark,3,english:1040,2,158,60632,tct,0,1024,-44.55371731
voicemark,3,english:1040,2,158,37270,mean,0,1024,-15.59271758
voicemark,3,english:1040,2,158,37270,tct,0,1024,-23.75520913
voicemark,3,english:1069,0,159,53394,mean,0,1024,-26.79479045
voicemark,3,english:1069,0,159,53394,tct,0,1024,-38.46994973
voicemark,3,english:1069,0,159,26746,mean,0,1024,-70.84160799
voicemark,3,english:1069,0,159,26746,tct,0,1024,-54.33632527
voicemark,3,english:1069,0,159,6298,mean,0,1024,-45.18035430
voicemark,3,english:1069,0,159,6298,tct,0,1024,-33.06819098
voicemark,3,english:1069,0,159,11240,mean,0,1024,-35.73670420
voicemark,3,english:1069,0,159,11240,tct,0,1024,-29.19410014
voicemark,3,english:1069,0,159,47974,mean,0,1024,-44.43685809
voicemark,3,english:1069,0,159,47974,tct,0,1024,-32.66214704
voicemark,3,english:1069,0,159,18596,mean,0,1024,-54.84360308
voicemark,3,english:1069,0,159,18596,tct,0,1024,-58.84213447
voicemark,3,english:1069,0,159,22580,mean,0,1024,-54.21012015
voicemark,3,english:1069,0,159,22580,tct,0,1024,-66.65665497
voicemark,3,english:1069,0,159,33519,mean,0,1024,-58.36298365
voicemark,3,english:1069,0,159,33519,tct,0,1024,-35.28918737
voicemark,3,english:1069,0,159,25689,mean,0,1024,-57.81139654
voicemark,3,english:1069,0,159,25689,tct,0,1024,-39.79058893
voicemark,3,english:1069,0,159,59334,mean,0,1024,-53.35773844
voicemark,3,english:1069,0,159,59334,tct,0,1024,-57.47976253
voicemark,3,english:1069,1,160,43753,mean,0,1024,-56.35762351
voicemark,3,english:1069,1,160,43753,tct,0,1024,-44.55267833
voicemark,3,english:1069,1,160,15985,mean,0,1024,-37.69121974
voicemark,3,english:1069,1,160,15985,tct,0,1024,-48.55575495
voicemark,3,english:1069,1,160,21321,mean,0,1024,-60.28384059
voicemark,3,english:1069,1,160,21321,tct,0,1024,-55.95885666
voicemark,3,english:1069,1,160,39262,mean,0,1024,-55.32626956
voicemark,3,english:1069,1,160,39262,tct,0,1024,-55.17089875
voicemark,3,english:1069,1,160,15956,mean,0,1024,-53.75939696
voicemark,3,english:1069,1,160,15956,tct,0,1024,-53.51162674
voicemark,3,english:1069,1,160,28657,mean,0,1024,-43.09942382
voicemark,3,english:1069,1,160,28657,tct,0,1024,-47.65799662
voicemark,3,english:1069,1,160,19616,mean,0,1024,-28.89467599
voicemark,3,english:1069,1,160,19616,tct,0,1024,-35.08785139
voicemark,3,english:1069,1,160,48815,mean,0,1024,-32.40542228
voicemark,3,english:1069,1,160,48815,tct,0,1024,-48.36290739
voicemark,3,english:1069,1,160,36600,mean,0,1024,-40.01417010
voicemark,3,english:1069,1,160,36600,tct,0,1024,-44.07993462
voicemark,3,english:1069,1,160,37182,mean,0,1024,-39.74341863
voicemark,3,english:1069,1,160,37182,tct,0,1024,-36.24246290
voicemark,3,english:1069,2,161,56966,mean,0,1024,-41.93233604
voicemark,3,english:1069,2,161,56966,tct,0,1024,-41.82708254
voicemark,3,english:1069,2,161,29889,mean,0,1024,-39.20741767
voicemark,3,english:1069,2,161,29889,tct,0,1024,-33.92795558
voicemark,3,english:1069,2,161,59495,mean,0,1024,-32.84503955
voicemark,3,english:1069,2,161,59495,tct,0,1024,-31.87535187
voicemark,3,english:1069,2,161,52027,mean,0,1024,-41.18488712
voicemark,3,english:1069,2,161,52027,tct,0,1024,-51.90793361
voicemark,3,english:1069,2,161,51299,mean,0,1024,-27.37503035
voicemark,3,english:1069,2,161,51299,tct,0,1024,-26.93854923
voicemark,3,english:1069,2,161,55467,mean,0,1024,-42.56251545
voicemark,3,english:1069,2,161,55467,tct,0,1024,-36.83469408
voicemark,3,english:1069,2,161,20123,mean,0,1024,-30.87259120
voicemark,3,english:1069,2,161,20123,tct,0,1024,-27.88160938
voicemark,3,english:1069,2,161,32851,mean,0,1024,-25.34246142
voicemark,3,english:1069,2,161,32851,tct,0,1024,-31.24127318
voicemark,3,english:1069,2,161,64622,mean,0,1024,-31.34710187
voicemark,3,english:1069,2,161,64622,tct,0,1024,-30.62834050
voicemark,3,english:1069,2,161,56959,mean,0,1024,-41.81178875
voicemark,3,english:1069,2,161,56959,tct,0,1024,-49.80567753
voicemark,3,english:1081,0,162,55185,mean,0,1024,-31.71171070
voicemark,3,english:1081,0,162,55185,tct,0,1024,-33.26171407
voicemark,3,english:1081,0,162,10384,mean,0,1024,-56.62731599
voicemark,3,english:1081,0,162,10384,tct,0,1024,-67.53605815
voicemark,3,english:1081,0,162,38130,mean,0,1024,-44.90106368
voicemark,3,english:1081,0,162,38130,tct,0,1024,-40.90032013
voicemark,3,english:1081,0,162,50351,mean,0,1024,-38.30890717
voicemark,3,english:1081,0,162,50351,tct,0,1024,-44.00996708
voicemark,3,english:1081,0,162,29534,mean,0,1024,-49.77946424
voicemark,3,english:1081,0,162,29534,tct,0,1024,-67.06548871
voicemark,3,english:1081,0,162,52862,mean,0,1024,-33.32877698
voicemark,3,english:1081,0,162,52862,tct,0,1024,-27.40714657
voicemark,3,english:1081,0,162,923,mean,0,1024,-35.34924101
voicemark,3,english:1081,0,162,923,tct,0,1024,-35.91789445
voicemark,3,english:1081,0,162,24690,mean,0,1024,-38.85173392
voicemark,3,english:1081,0,162,24690,tct,0,1024,-36.40031032
voicemark,3,english:1081,0,162,3030,mean,0,1024,-40.81211996
voicemark,3,english:1081,0,162,3030,tct,0,1024,-49.81929724
voicemark,3,english:1081,0,162,44734,mean,0,1024,-57.85239267
voicemark,3,english:1081,0,162,44734,tct,0,1024,-60.42376720
voicemark,3,english:1081,1,163,30123,mean,0,1024,-42.77343842
voicemark,3,english:1081,1,163,30123,tct,0,1024,-56.19086547
voicemark,3,english:1081,1,163,12483,mean,0,1024,-43.51503941
voicemark,3,english:1081,1,163,12483,tct,0,1024,-63.31363864
voicemark,3,english:1081,1,163,44308,mean,0,1024,-39.69985767
voicemark,3,english:1081,1,163,44308,tct,0,1024,-43.58224296
voicemark,3,english:1081,1,163,1839,mean,0,1024,-35.16455898
voicemark,3,english:1081,1,163,1839,tct,0,1024,-38.92693770
voicemark,3,english:1081,1,163,61943,mean,0,1024,-21.42702155
voicemark,3,english:1081,1,163,61943,tct,0,1024,-48.11441381
voicemark,3,english:1081,1,163,61832,mean,0,1024,-22.09385829
voicemark,3,english:1081,1,163,61832,tct,0,1024,-46.62315901
voicemark,3,english:1081,1,163,59553,mean,0,1024,-43.06112953
voicemark,3,english:1081,1,163,59553,tct,0,1024,-53.82208227
voicemark,3,english:1081,1,163,43089,mean,0,1024,-48.63456722
voicemark,3,english:1081,1,163,43089,tct,0,1024,-51.65469920
voicemark,3,english:1081,1,163,46610,mean,0,1024,-21.70693866
voicemark,3,english:1081,1,163,46610,tct,0,1024,-21.74676358
voicemark,3,english:1081,1,163,777,mean,0,1024,-29.63643690
voicemark,3,english:1081,1,163,777,tct,0,1024,-31.01349061
voicemark,3,english:1081,2,164,7667,mean,0,1024,-42.68331670
voicemark,3,english:1081,2,164,7667,tct,0,1024,-41.68630910
voicemark,3,english:1081,2,164,53938,mean,0,1024,-25.42737865
voicemark,3,english:1081,2,164,53938,tct,0,1024,-45.28953275
voicemark,3,english:1081,2,164,62404,mean,0,1024,-29.06365489
voicemark,3,english:1081,2,164,62404,tct,0,1024,-48.61781170
voicemark,3,english:1081,2,164,64348,mean,0,1024,-29.61241531
voicemark,3,english:1081,2,164,64348,tct,0,1024,-40.14363512
voicemark,3,english:1081,2,164,35252,mean,0,1024,-32.14408254
voicemark,3,english:1081,2,164,35252,tct,0,1024,-33.91562249
voicemark,3,english:1081,2,164,2692,mean,0,1024,-34.24519013
voicemark,3,english:1081,2,164,2692,tct,0,1024,-44.33064777
voicemark,3,english:1081,2,164,52846,mean,0,1024,-38.77239656
voicemark,3,english:1081,2,164,52846,tct,0,1024,-49.18180280
voicemark,3,english:1081,2,164,46390,mean,0,1024,-45.65825318
voicemark,3,english:1081,2,164,46390,tct,0,1024,-47.01535052
voicemark,3,english:1081,2,164,16252,mean,0,1024,-35.94908141
voicemark,3,english:1081,2,164,16252,tct,0,1024,-36.22216387
voicemark,3,english:1081,2,164,7037,mean,0,1024,-42.36197900
voicemark,3,english:1081,2,164,7037,tct,0,1024,-50.31265357
voicemark,3,english:1088,0,165,34562,mean,0,1024,-26.18759739
voicemark,3,english:1088,0,165,34562,tct,0,1024,-18.56233776
voicemark,3,english:1088,0,165,47201,mean,0,1024,-32.45549057
voicemark,3,english:1088,0,165,47201,tct,0,1024,-52.15875400
voicemark,3,english:1088,0,165,34161,mean,0,1024,-35.95918380
voicemark,3,english:1088,0,165,34161,tct,0,1024,-47.84152344
voicemark,3,english:1088,0,165,29474,mean,0,1024,-33.16417467
voicemark,3,english:1088,0,165,29474,tct,0,1024,-41.07026636
voicemark,3,english:1088,0,165,61513,mean,0,1024,-26.25385821
voicemark,3,english:1088,0,165,61513,tct,0,1024,-48.30315875
voicemark,3,english:1088,0,165,10893,mean,0,1024,-40.26656973
voicemark,3,english:1088,0,165,10893,tct,0,1024,-38.85490051
voicemark,3,english:1088,0,165,17076,mean,0,1024,-21.84913658
voicemark,3,english:1088,0,165,17076,tct,0,1024,-24.81566981
voicemark,3,english:1088,0,165,47995,mean,0,1024,-28.37492798
voicemark,3,english:1088,0,165,47995,tct,0,1024,-45.51305112
voicemark,3,english:1088,0,165,58070,mean,0,1024,-27.88997470
voicemark,3,english:1088,0,165,58070,tct,0,1024,-24.47458708
voicemark,3,english:1088,0,165,19321,mean,0,1024,-32.58263647
voicemark,3,english:1088,0,165,19321,tct,0,1024,-28.00380668
voicemark,3,english:1088,1,166,55204,mean,0,1024,-31.85493442
voicemark,3,english:1088,1,166,55204,tct,0,1024,-41.71718107
voicemark,3,english:1088,1,166,37330,mean,0,1024,-2.49307498
voicemark,3,english:1088,1,166,37330,tct,0,1024,-16.41553945
voicemark,3,english:1088,1,166,37890,mean,0,1024,-5.32798633
voicemark,3,english:1088,1,166,37890,tct,0,1024,-8.38952967
voicemark,3,english:1088,1,166,11618,mean,0,1024,-17.73259147
voicemark,3,english:1088,1,166,11618,tct,0,1024,-19.70953035
voicemark,3,english:1088,1,166,3782,mean,0,1024,-44.31030151
voicemark,3,english:1088,1,166,3782,tct,0,1024,-34.82858941
voicemark,3,english:1088,1,166,29806,mean,0,1024,-29.68814536
voicemark,3,english:1088,1,166,29806,tct,0,1024,-26.96626785
voicemark,3,english:1088,1,166,4228,mean,0,1024,-40.91426250
voicemark,3,english:1088,1,166,4228,tct,0,1024,-55.10665799
voicemark,3,english:1088,1,166,21823,mean,0,1024,-26.50337862
voicemark,3,english:1088,1,166,21823,tct,0,1024,-24.55283260
voicemark,3,english:1088,1,166,2730,mean,0,1024,-28.23426172
voicemark,3,english:1088,1,166,2730,tct,0,1024,-29.88454031
voicemark,3,english:1088,1,166,35934,mean,0,1024,-29.14038738
voicemark,3,english:1088,1,166,35934,tct,0,1024,-34.04569612
voicemark,3,english:1088,2,167,22189,mean,0,1024,-34.98021053
voicemark,3,english:1088,2,167,22189,tct,0,1024,-34.98021053
voicemark,3,english:1088,2,167,44893,mean,0,1024,-31.86554608
voicemark,3,english:1088,2,167,44893,tct,0,1024,-32.62762618
voicemark,3,english:1088,2,167,64266,mean,0,1024,-47.21363567
voicemark,3,english:1088,2,167,64266,tct,0,1024,-45.16956603
voicemark,3,english:1088,2,167,17031,mean,0,1024,-62.80034469
voicemark,3,english:1088,2,167,17031,tct,0,1024,-53.02426131
voicemark,3,english:1088,2,167,9712,mean,0,1024,-49.57814335
voicemark,3,english:1088,2,167,9712,tct,0,1024,-32.23399956
voicemark,3,english:1088,2,167,1164,mean,0,1024,-65.74097847
voicemark,3,english:1088,2,167,1164,tct,0,1024,-74.59025788
voicemark,3,english:1088,2,167,21902,mean,0,1024,-56.48811172
voicemark,3,english:1088,2,167,21902,tct,0,1024,-57.22885654
voicemark,3,english:1088,2,167,11224,mean,0,1024,-19.82644581
voicemark,3,english:1088,2,167,11224,tct,0,1024,-30.00723964
voicemark,3,english:1088,2,167,30932,mean,0,1024,-6.10838223
voicemark,3,english:1088,2,167,30932,tct,0,1024,-17.02417350
voicemark,3,english:1088,2,167,54653,mean,0,1024,-46.57210087
voicemark,3,english:1088,2,167,54653,tct,0,1024,-34.97364786
voicemark,3,english:1098,0,168,48758,mean,0,1024,-67.49664700
voicemark,3,english:1098,0,168,48758,tct,0,1024,-66.22540530
voicemark,3,english:1098,0,168,47392,mean,0,1024,-45.37033676
voicemark,3,english:1098,0,168,47392,tct,0,1024,-48.00014456
voicemark,3,english:1098,0,168,27034,mean,0,1024,-56.48813832
voicemark,3,english:1098,0,168,27034,tct,0,1024,-41.94367472
voicemark,3,english:1098,0,168,8825,mean,0,1024,-60.64495861
voicemark,3,english:1098,0,168,8825,tct,0,1024,-61.98777874
voicemark,3,english:1098,0,168,37424,mean,0,1024,-47.02186692
voicemark,3,english:1098,0,168,37424,tct,0,1024,-45.65377436
voicemark,3,english:1098,0,168,36948,mean,0,1024,-34.67071223
voicemark,3,english:1098,0,168,36948,tct,0,1024,-37.76970921
voicemark,3,english:1098,0,168,9925,mean,0,1024,-50.59699738
voicemark,3,english:1098,0,168,9925,tct,0,1024,-46.10715386
voicemark,3,english:1098,0,168,32802,mean,0,1024,-17.01377951
voicemark,3,english:1098,0,168,32802,tct,0,1024,-18.19570954
voicemark,3,english:1098,0,168,14764,mean,0,1024,-60.01147664
voicemark,3,english:1098,0,168,14764,tct,0,1024,-55.72195739
voicemark,3,english:1098,0,168,31878,mean,0,1024,-64.94271004
voicemark,3,english:1098,0,168,31878,tct,0,1024,-53.72146243
voicemark,3,english:1098,1,169,8715,mean,0,1024,-31.98766419
voicemark,3,english:1098,1,169,8715,tct,0,1024,-26.08210287
voicemark,3,english:1098,1,169,37948,mean,0,1024,-47.29879217
voicemark,3,english:1098,1,169,37948,tct,0,1024,-49.10482289
voicemark,3,english:1098,1,169,15453,mean,0,1024,-38.83449821
voicemark,3,english:1098,1,169,15453,tct,0,1024,-55.39590496
voicemark,3,english:1098,1,169,16180,mean,0,1024,-38.63780193
voicemark,3,english:1098,1,169,16180,tct,0,1024,-54.81713381
voicemark,3,english:1098,1,169,50530,mean,0,1024,-38.33911256
voicemark,3,english:1098,1,169,50530,tct,0,1024,-45.20237844
voicemark,3,english:1098,1,169,15718,mean,0,1024,-12.81979020
voicemark,3,english:1098,1,169,15718,tct,0,1024,-33.27564124
voicemark,3,english:1098,1,169,21342,mean,0,1024,-44.91040353
voicemark,3,english:1098,1,169,21342,tct,0,1024,-53.53925917
voicemark,3,english:1098,1,169,12967,mean,0,1024,-28.72333217
voicemark,3,english:1098,1,169,12967,tct,0,1024,-36.83441837
voicemark,3,english:1098,1,169,2857,mean,0,1024,-40.46049719
voicemark,3,english:1098,1,169,2857,tct,0,1024,-38.49248946
voicemark,3,english:1098,1,169,29643,mean,0,1024,-32.14656858
voicemark,3,english:1098,1,169,29643,tct,0,1024,-28.18158817
voicemark,3,english:1098,2,170,60131,mean,0,1024,-50.05088593
voicemark,3,english:1098,2,170,60131,tct,0,1024,-48.21609596
voicemark,3,english:1098,2,170,33213,mean,0,1024,-47.58547665
voicemark,3,english:1098,2,170,33213,tct,0,1024,-37.43496354
voicemark,3,english:1098,2,170,11701,mean,0,1024,-38.02083303
voicemark,3,english:1098,2,170,11701,tct,0,1024,-38.53171745
voicemark,3,english:1098,2,170,59893,mean,0,1024,-56.17751862
voicemark,3,english:1098,2,170,59893,tct,0,1024,-54.70697776
voicemark,3,english:1098,2,170,44234,mean,0,1024,-38.04675699
voicemark,3,english:1098,2,170,44234,tct,0,1024,-37.87555999
voicemark,3,english:1098,2,170,58145,mean,0,1024,-30.59249253
voicemark,3,english:1098,2,170,58145,tct,0,1024,-37.18310473
voicemark,3,english:1098,2,170,63486,mean,0,1024,-29.31737446
voicemark,3,english:1098,2,170,63486,tct,0,1024,-23.38562931
voicemark,3,english:1098,2,170,24866,mean,0,1024,-38.49972005
voicemark,3,english:1098,2,170,24866,tct,0,1024,-44.98564076
voicemark,3,english:1098,2,170,28335,mean,0,1024,-46.31943871
voicemark,3,english:1098,2,170,28335,tct,0,1024,-39.62249879
voicemark,3,english:1098,2,170,53277,mean,0,1024,-37.83011747
voicemark,3,english:1098,2,170,53277,tct,0,1024,-17.59204422
voicemark,3,english:1116,0,171,59431,mean,0,1024,-46.23406014
voicemark,3,english:1116,0,171,59431,tct,0,1024,-37.03005203
voicemark,3,english:1116,0,171,61821,mean,0,1024,-56.83816323
voicemark,3,english:1116,0,171,61821,tct,0,1024,-49.93632076
voicemark,3,english:1116,0,171,21347,mean,0,1024,-52.26029286
voicemark,3,english:1116,0,171,21347,tct,0,1024,-58.77344238
voicemark,3,english:1116,0,171,18240,mean,0,1024,-45.98871312
voicemark,3,english:1116,0,171,18240,tct,0,1024,-39.85297849
voicemark,3,english:1116,0,171,60715,mean,0,1024,-48.73022924
voicemark,3,english:1116,0,171,60715,tct,0,1024,-45.38719069
voicemark,3,english:1116,0,171,4072,mean,0,1024,-31.75613961
voicemark,3,english:1116,0,171,4072,tct,0,1024,-28.57925779
voicemark,3,english:1116,0,171,14195,mean,0,1024,-31.42227545
voicemark,3,english:1116,0,171,14195,tct,0,1024,-32.37371519
voicemark,3,english:1116,0,171,846,mean,0,1024,-39.90903935
voicemark,3,english:1116,0,171,846,tct,0,1024,-32.60830575
voicemark,3,english:1116,0,171,56446,mean,0,1024,-44.88550839
voicemark,3,english:1116,0,171,56446,tct,0,1024,-37.77921843
voicemark,3,english:1116,0,171,48414,mean,0,1024,-56.08306966
voicemark,3,english:1116,0,171,48414,tct,0,1024,-56.57125182
voicemark,3,english:1116,1,172,40012,mean,0,1024,-47.20377683
voicemark,3,english:1116,1,172,40012,tct,0,1024,-37.73686867
voicemark,3,english:1116,1,172,64657,mean,0,1024,-16.79237588
voicemark,3,english:1116,1,172,64657,tct,0,1024,-18.06012637
voicemark,3,english:1116,1,172,45961,mean,0,1024,-51.06973027
voicemark,3,english:1116,1,172,45961,tct,0,1024,-50.17237012
voicemark,3,english:1116,1,172,36688,mean,0,1024,-30.08152055
voicemark,3,english:1116,1,172,36688,tct,0,1024,-24.64425387
voicemark,3,english:1116,1,172,3007,mean,0,1024,-37.24869870
voicemark,3,english:1116,1,172,3007,tct,0,1024,-33.05029949
voicemark,3,english:1116,1,172,7924,mean,0,1024,-44.15798711
voicemark,3,english:1116,1,172,7924,tct,0,1024,-47.77815994
voicemark,3,english:1116,1,172,28892,mean,0,1024,-34.65281986
voicemark,3,english:1116,1,172,28892,tct,0,1024,-41.76255355
voicemark,3,english:1116,1,172,50875,mean,0,1024,-46.41966962
voicemark,3,english:1116,1,172,50875,tct,0,1024,-43.40593979
voicemark,3,english:1116,1,172,61143,mean,0,1024,-46.65811013
voicemark,3,english:1116,1,172,61143,tct,0,1024,-48.35872054
voicemark,3,english:1116,1,172,31208,mean,0,1024,-46.64475678
voicemark,3,english:1116,1,172,31208,tct,0,1024,-49.17736017
voicemark,3,english:1116,2,173,37203,mean,0,1024,-37.18700790
voicemark,3,english:1116,2,173,37203,tct,0,1024,-36.28977158
voicemark,3,english:1116,2,173,59274,mean,0,1024,-56.72812032
voicemark,3,english:1116,2,173,59274,tct,0,1024,-57.37360386
voicemark,3,english:1116,2,173,31152,mean,0,1024,-30.09016404
voicemark,3,english:1116,2,173,31152,tct,0,1024,-24.71813205
voicemark,3,english:1116,2,173,59123,mean,0,1024,-28.73238542
voicemark,3,english:1116,2,173,59123,tct,0,1024,-28.94438625
voicemark,3,english:1116,2,173,37031,mean,0,1024,-52.24882459
voicemark,3,english:1116,2,173,37031,tct,0,1024,-54.74915508
voicemark,3,english:1116,2,173,65061,mean,0,1024,-51.77495813
voicemark,3,english:1116,2,173,65061,tct,0,1024,-45.87895823
voicemark,3,english:1116,2,173,63503,mean,0,1024,-36.60540103
voicemark,3,english:1116,2,173,63503,tct,0,1024,-30.24858141
voicemark,3,english:1116,2,173,35604,mean,0,1024,-51.37176465
voicemark,3,english:1116,2,173,35604,tct,0,1024,-50.64268964
voicemark,3,english:1116,2,173,46766,mean,0,1024,-48.40134000
voicemark,3,english:1116,2,173,46766,tct,0,1024,-43.16255904
voicemark,3,english:1116,2,173,6125,mean,0,1024,-46.48497652
voicemark,3,english:1116,2,173,6125,tct,0,1024,-45.18897774
voicemark,3,english:118,0,174,11565,mean,0,1024,-44.04370530
voicemark,3,english:118,0,174,11565,tct,0,1024,-43.85749801
voicemark,3,english:118,0,174,38329,mean,0,1024,-42.66886934
voicemark,3,english:118,0,174,38329,tct,0,1024,-53.19445616
voicemark,3,english:118,0,174,29273,mean,0,1024,-40.40952810
voicemark,3,english:118,0,174,29273,tct,0,1024,-36.94184208
voicemark,3,english:118,0,174,27275,mean,0,1024,-22.66556240
voicemark,3,english:118,0,174,27275,tct,0,1024,-31.35431954
voicemark,3,english:118,0,174,56615,mean,0,1024,-35.11139043
voicemark,3,english:118,0,174,56615,tct,0,1024,-42.05552152
voicemark,3,english:118,0,174,31646,mean,0,1024,-37.44642266
voicemark,3,english:118,0,174,31646,tct,0,1024,-51.90793730
voicemark,3,english:118,0,174,46099,mean,0,1024,-36.06242380
voicemark,3,english:118,0,174,46099,tct,0,1024,-53.86980273
voicemark,3,english:118,0,174,27193,mean,0,1024,-44.22102960
voicemark,3,english:118,0,174,27193,tct,0,1024,-59.68083808
voicemark,3,english:118,0,174,56679,mean,0,1024,-41.42866739
voicemark,3,english:118,0,174,56679,tct,0,1024,-49.56135817
voicemark,3,english:118,0,174,13806,mean,0,1024,-46.04564985
voicemark,3,english:118,0,174,13806,tct,0,1024,-43.04169830
voicemark,3,english:118,1,175,40842,mean,0,1024,-43.17195749
voicemark,3,english:118,1,175,40842,tct,0,1024,-67.22062361
voicemark,3,english:118,1,175,44364,mean,0,1024,-61.73767900
voicemark,3,english:118,1,175,44364,tct,0,1024,-54.80280863
voicemark,3,english:118,1,175,10197,mean,0,1024,-61.06822252
voicemark,3,english:118,1,175,10197,tct,0,1024,-52.87914266
voicemark,3,english:118,1,175,51778,mean,0,1024,-37.39476228
voicemark,3,english:118,1,175,51778,tct,0,1024,-34.01147628
voicemark,3,english:118,1,175,2496,mean,0,1024,-55.37336397
voicemark,3,english:118,1,175,2496,tct,0,1024,-50.51254192
voicemark,3,english:118,1,175,51521,mean,0,1024,-24.40868521
voicemark,3,english:118,1,175,51521,tct,0,1024,-26.54337645
voicemark,3,english:118,1,175,21185,mean,0,1024,-44.08921504
voicemark,3,english:118,1,175,21185,tct,0,1024,-46.06717801
voicemark,3,english:118,1,175,38567,mean,0,1024,-27.05649400
voicemark,3,english:118,1,175,38567,tct,0,1024,-25.15489531
voicemark,3,english:118,1,175,56065,mean,0,1024,-33.62929320
voicemark,3,english:118,1,175,56065,tct,0,1024,-29.06856193
voicemark,3,english:118,1,175,18259,mean,0,1024,-58.00489950
voicemark,3,english:118,1,175,18259,tct,0,1024,-58.12154545
voicemark,3,english:118,2,176,38906,mean,0,1024,-6.33246043
voicemark,3,english:118,2,176,38906,tct,0,1024,-28.13245048
voicemark,3,english:118,2,176,44420,mean,0,1024,-51.98457845
voicemark,3,english:118,2,176,44420,tct,0,1024,-56.20381403
voicemark,3,english:118,2,176,18603,mean,0,1024,-43.04720815
voicemark,3,english:118,2,176,18603,tct,0,1024,-50.07673791
voicemark,3,english:118,2,176,7911,mean,0,1024,-47.14606889
voicemark,3,english:118,2,176,7911,tct,0,1024,-58.09318686
voicemark,3,english:118,2,176,52140,mean,0,1024,-16.53643216
voicemark,3,english:118,2,176,52140,tct,0,1024,-22.92592741
voicemark,3,english:118,2,176,21860,mean,0,1024,-44.25812181
voicemark,3,english:118,2,176,21860,tct,0,1024,-62.11160552
voicemark,3,english:118,2,176,36187,mean,0,1024,-41.32881006
voicemark,3,english:118,2,176,36187,tct,0,1024,-55.48698055
voicemark,3,english:118,2,176,20542,mean,0,1024,-28.27611872
voicemark,3,english:118,2,176,20542,tct,0,1024,-30.78572130
voicemark,3,english:118,2,176,3749,mean,0,1024,-40.95703348
voicemark,3,english:118,2,176,3749,tct,0,1024,-44.52306890
voicemark,3,english:118,2,176,1504,mean,0,1024,-50.43786272
voicemark,3,english:118,2,176,1504,tct,0,1024,-64.91818511
voicemark,3,english:1183,0,177,3164,mean,0,1024,-62.36923765
voicemark,3,english:1183,0,177,3164,tct,0,1024,-67.07631754
voicemark,3,english:1183,0,177,4054,mean,0,1024,-38.08068215
voicemark,3,english:1183,0,177,4054,tct,0,1024,-44.76820803
voicemark,3,english:1183,0,177,7857,mean,0,1024,-53.26610445
voicemark,3,english:1183,0,177,7857,tct,0,1024,-68.15894234
voicemark,3,english:1183,0,177,46659,mean,0,1024,-29.35358928
voicemark,3,english:1183,0,177,46659,tct,0,1024,-29.50267577
voicemark,3,english:1183,0,177,38789,mean,0,1024,-48.29520200
voicemark,3,english:1183,0,177,38789,tct,0,1024,-42.36351993
voicemark,3,english:1183,0,177,22880,mean,0,1024,-34.38968538
voicemark,3,english:1183,0,177,22880,tct,0,1024,-40.48401654
voicemark,3,english:1183,0,177,33078,mean,0,1024,-19.65647936
voicemark,3,english:1183,0,177,33078,tct,0,1024,-30.06563508
voicemark,3,english:1183,0,177,61255,mean,0,1024,-26.60946976
voicemark,3,english:1183,0,177,61255,tct,0,1024,-37.82983231
voicemark,3,english:1183,0,177,33126,mean,0,1024,-32.46091305
voicemark,3,english:1183,0,177,33126,tct,0,1024,-42.79640678
voicemark,3,english:1183,0,177,27717,mean,0,1024,-52.04977010
voicemark,3,english:1183,0,177,27717,tct,0,1024,-64.26634777
voicemark,3,english:1183,1,178,31685,mean,0,1024,-27.68475553
voicemark,3,english:1183,1,178,31685,tct,0,1024,-27.59687464
voicemark,3,english:1183,1,178,20528,mean,0,1024,-31.54342427
voicemark,3,english:1183,1,178,20528,tct,0,1024,-64.94565961
voicemark,3,english:1183,1,178,61573,mean,0,1024,-45.20336395
voicemark,3,english:1183,1,178,61573,tct,0,1024,-49.26689992
voicemark,3,english:1183,1,178,54904,mean,0,1024,-38.76987797
voicemark,3,english:1183,1,178,54904,tct,0,1024,-60.34200560
voicemark,3,english:1183,1,178,51819,mean,0,1024,-17.63245207
voicemark,3,english:1183,1,178,51819,tct,0,1024,-31.24566471
voicemark,3,english:1183,1,178,21593,mean,0,1024,-42.21258217
voicemark,3,english:1183,1,178,21593,tct,0,1024,-46.89455237
voicemark,3,english:1183,1,178,59391,mean,0,1024,-36.71612650
voicemark,3,english:1183,1,178,59391,tct,0,1024,-37.39007913
voicemark,3,english:1183,1,178,11480,mean,0,1024,-32.04173189
voicemark,3,english:1183,1,178,11480,tct,0,1024,-36.06608690
voicemark,3,english:1183,1,178,36936,mean,0,1024,-25.89386106
voicemark,3,english:1183,1,178,36936,tct,0,1024,-48.51516136
voicemark,3,english:1183,1,178,41323,mean,0,1024,-28.64789110
voicemark,3,english:1183,1,178,41323,tct,0,1024,-50.46271811
voicemark,3,english:1183,2,179,39079,mean,0,1024,-50.97697234
voicemark,3,english:1183,2,179,39079,tct,0,1024,-39.64814161
voicemark,3,english:1183,2,179,56373,mean,0,1024,-13.43961767
voicemark,3,english:1183,2,179,56373,tct,0,1024,-23.76175308
voicemark,3,english:1183,2,179,28506,mean,0,1024,-52.32333922
voicemark,3,english:1183,2,179,28506,tct,0,1024,-43.57819521
voicemark,3,english:1183,2,179,41225,mean,0,1024,-21.05004370
voicemark,3,english:1183,2,179,41225,tct,0,1024,-15.17868757
voicemark,3,english:1183,2,179,14778,mean,0,1024,-65.14141154
voicemark,3,english:1183,2,179,14778,tct,0,1024,-56.56897128
voicemark,3,english:1183,2,179,28271,mean,0,1024,-42.52490211
voicemark,3,english:1183,2,179,28271,tct,0,1024,-47.17789434
voicemark,3,english:1183,2,179,48749,mean,0,1024,-37.14133048
voicemark,3,english:1183,2,179,48749,tct,0,1024,-41.69259332
voicemark,3,english:1183,2,179,14002,mean,0,1024,-56.93971705
voicemark,3,english:1183,2,179,14002,tct,0,1024,-44.35677731
voicemark,3,english:1183,2,179,63548,mean,0,1024,-38.58611667
voicemark,3,english:1183,2,179,63548,tct,0,1024,-48.86278999
voicemark,3,english:1183,2,179,29651,mean,0,1024,-50.52190471
voicemark,3,english:1183,2,179,29651,tct,0,1024,-27.66945159
voicemark,3,english:1235,0,180,30295,mean,0,1024,-26.95640752
voicemark,3,english:1235,0,180,30295,tct,0,1024,-33.05942181
voicemark,3,english:1235,0,180,15900,mean,0,1024,-24.39175007
voicemark,3,english:1235,0,180,15900,tct,0,1024,-33.00838341
voicemark,3,english:1235,0,180,24283,mean,0,1024,-28.95083592
voicemark,3,english:1235,0,180,24283,tct,0,1024,-33.42771035
voicemark,3,english:1235,0,180,61288,mean,0,1024,-20.97927258
voicemark,3,english:1235,0,180,61288,tct,0,1024,-40.02672076
voicemark,3,english:1235,0,180,10990,mean,0,1024,-26.42759535
voicemark,3,english:1235,0,180,10990,tct,0,1024,-34.41282959
voicemark,3,english:1235,0,180,51808,mean,0,1024,-31.16146610
voicemark,3,english:1235,0,180,51808,tct,0,1024,-43.54487265
voicemark,3,english:1235,0,180,53751,mean,0,1024,-13.44185045
voicemark,3,english:1235,0,180,53751,tct,0,1024,-24.41533148
voicemark,3,english:1235,0,180,11150,mean,0,1024,-24.12725685
voicemark,3,english:1235,0,180,11150,tct,0,1024,-43.71313984
voicemark,3,english:1235,0,180,28196,mean,0,1024,-19.47156689
voicemark,3,english:1235,0,180,28196,tct,0,1024,-22.64635272
voicemark,3,english:1235,0,180,59629,mean,0,1024,-19.38956609
voicemark,3,english:1235,0,180,59629,tct,0,1024,-34.85292307
voicemark,3,english:1235,1,181,30513,mean,0,1024,-31.82309714
voicemark,3,english:1235,1,181,30513,tct,0,1024,-42.52705240
voicemark,3,english:1235,1,181,63987,mean,0,1024,-31.53889209
voicemark,3,english:1235,1,181,63987,tct,0,1024,-36.52080075
voicemark,3,english:1235,1,181,16537,mean,0,1024,-35.77652529
voicemark,3,english:1235,1,181,16537,tct,0,1024,-22.65509139
voicemark,3,english:1235,1,181,60870,mean,0,1024,-44.94936255
voicemark,3,english:1235,1,181,60870,tct,0,1024,-45.77864656
voicemark,3,english:1235,1,181,65130,mean,0,1024,-51.60177019
voicemark,3,english:1235,1,181,65130,tct,0,1024,-43.56237098
voicemark,3,english:1235,1,181,6699,mean,0,1024,-34.55925264
voicemark,3,english:1235,1,181,6699,tct,0,1024,-33.61612916
voicemark,3,english:1235,1,181,385,mean,0,1024,-62.97479990
voicemark,3,english:1235,1,181,385,tct,0,1024,-58.04397291
voicemark,3,english:1235,1,181,10076,mean,0,1024,-36.48306492
voicemark,3,english:1235,1,181,10076,tct,0,1024,-44.22678137
voicemark,3,english:1235,1,181,47252,mean,0,1024,-45.16042688
voicemark,3,english:1235,1,181,47252,tct,0,1024,-60.81908687
voicemark,3,english:1235,1,181,32576,mean,0,1024,-50.31805399
voicemark,3,english:1235,1,181,32576,tct,0,1024,-54.66103992
voicemark,3,english:1235,2,182,43738,mean,0,1024,-25.76149504
voicemark,3,english:1235,2,182,43738,tct,0,1024,-20.67995843
voicemark,3,english:1235,2,182,12334,mean,0,1024,-11.89532818
voicemark,3,english:1235,2,182,12334,tct,0,1024,-9.16084463
voicemark,3,english:1235,2,182,53644,mean,0,1024,-29.68899311
voicemark,3,english:1235,2,182,53644,tct,0,1024,-35.45052537
voicemark,3,english:1235,2,182,5763,mean,0,1024,-37.90971531
voicemark,3,english:1235,2,182,5763,tct,0,1024,-29.61973483
voicemark,3,english:1235,2,182,34895,mean,0,1024,-31.05164088
voicemark,3,english:1235,2,182,34895,tct,0,1024,-24.96131980
voicemark,3,english:1235,2,182,54066,mean,0,1024,-34.04240192
voicemark,3,english:1235,2,182,54066,tct,0,1024,-33.38635669
voicemark,3,english:1235,2,182,61224,mean,0,1024,-29.36946453
voicemark,3,english:1235,2,182,61224,tct,0,1024,-36.32067760
voicemark,3,english:1235,2,182,7008,mean,0,1024,-27.40762336
voicemark,3,english:1235,2,182,7008,tct,0,1024,-28.73473632
voicemark,3,english:1235,2,182,39649,mean,0,1024,-38.87614788
voicemark,3,english:1235,2,182,39649,tct,0,1024,-45.93073048
voicemark,3,english:1235,2,182,60619,mean,0,1024,-37.84731258
voicemark,3,english:1235,2,182,60619,tct,0,1024,-46.84415089
voicemark,3,english:1246,0,183,16577,mean,0,1024,-51.15457505
voicemark,3,english:1246,0,183,16577,tct,0,1024,-59.68795926
voicemark,3,english:1246,0,183,7777,mean,0,1024,-40.79516667
voicemark,3,english:1246,0,183,7777,tct,0,1024,-51.41386737
voicemark,3,english:1246,0,183,41279,mean,0,1024,-21.03909081
voicemark,3,english:1246,0,183,41279,tct,0,1024,-30.15059605
voicemark,3,english:1246,0,183,7665,mean,0,1024,-37.28863591
voicemark,3,english:1246,0,183,7665,tct,0,1024,-39.14229565
voicemark,3,english:1246,0,183,59805,mean,0,1024,-49.84720391
voicemark,3,english:1246,0,183,59805,tct,0,1024,-44.59676342
voicemark,3,english:1246,0,183,17005,mean,0,1024,-50.35894078
voicemark,3,english:1246,0,183,17005,tct,0,1024,-60.28045766
voicemark,3,english:1246,0,183,5357,mean,0,1024,-44.37017888
voicemark,3,english:1246,0,183,5357,tct,0,1024,-39.08444880
voicemark,3,english:1246,0,183,64455,mean,0,1024,-28.43452006
voicemark,3,english:1246,0,183,64455,tct,0,1024,-33.52989268
voicemark,3,english:1246,0,183,43415,mean,0,1024,-37.89154405
voicemark,3,english:1246,0,183,43415,tct,0,1024,-44.75853051
voicemark,3,english:1246,0,183,6022,mean,0,1024,-47.17002839
voicemark,3,english:1246,0,183,6022,tct,0,1024,-50.09470729
voicemark,3,english:1246,1,184,28173,mean,0,1024,-40.15324137
voicemark,3,english:1246,1,184,28173,tct,0,1024,-38.31323443
voicemark,3,english:1246,1,184,54769,mean,0,1024,-49.49862930
voicemark,3,english:1246,1,184,54769,tct,0,1024,-39.64521671
voicemark,3,english:1246,1,184,20542,mean,0,1024,-53.77969238
voicemark,3,english:1246,1,184,20542,tct,0,1024,-57.62451609
voicemark,3,english:1246,1,184,14278,mean,0,1024,-18.19009420
voicemark,3,english:1246,1,184,14278,tct,0,1024,-34.78919709
voicemark,3,english:1246,1,184,21200,mean,0,1024,-55.23771355
voicemark,3,english:1246,1,184,21200,tct,0,1024,-64.98720276
voicemark,3,english:1246,1,184,10698,mean,0,1024,-2.05892334
voicemark,3,english:1246,1,184,10698,tct,0,1024,-5.81699478
voicemark,3,english:1246,1,184,5219,mean,0,1024,-48.78919670
voicemark,3,english:1246,1,184,5219,tct,0,1024,-45.15226040
voicemark,3,english:1246,1,184,17509,mean,0,1024,-43.95171139
voicemark,3,english:1246,1,184,17509,tct,0,1024,-47.00760033
voicemark,3,english:1246,1,184,9756,mean,0,1024,-47.13809463
voicemark,3,english:1246,1,184,9756,tct,0,1024,-52.19863167
voicemark,3,english:1246,1,184,36150,mean,0,1024,-38.31293651
voicemark,3,english:1246,1,184,36150,tct,0,1024,-41.35363699
voicemark,3,english:1246,2,185,16478,mean,0,1024,-51.12077534
voicemark,3,english:1246,2,185,16478,tct,0,1024,-44.66728466
voicemark,3,english:1246,2,185,65203,mean,0,1024,-38.28147995
voicemark,3,english:1246,2,185,65203,tct,0,1024,-31.03215241
voicemark,3,english:1246,2,185,2534,mean,0,1024,-26.77965724
voicemark,3,english:1246,2,185,2534,tct,0,1024,-47.61160632
voicemark,3,english:1246,2,185,48539,mean,0,1024,-40.01733982
voicemark,3,english:1246,2,185,48539,tct,0,1024,-41.45868993
voicemark,3,english:1246,2,185,65176,mean,0,1024,-37.50184214
voicemark,3,english:1246,2,185,65176,tct,0,1024,-48.59414539
voicemark,3,english:1246,2,185,60829,mean,0,1024,-38.77643406
voicemark,3,english:1246,2,185,60829,tct,0,1024,-67.19686714
voicemark,3,english:1246,2,185,6842,mean,0,1024,-36.56608975
voicemark,3,english:1246,2,185,6842,tct,0,1024,-41.61758297
voicemark,3,english:1246,2,185,15244,mean,0,1024,-26.96895778
voicemark,3,english:1246,2,185,15244,tct,0,1024,-39.45377042
voicemark,3,english:1246,2,185,54241,mean,0,1024,-27.33796501
voicemark,3,english:1246,2,185,54241,tct,0,1024,-29.03887675
voicemark,3,english:1246,2,185,46457,mean,0,1024,-51.32988369
voicemark,3,english:1246,2,185,46457,tct,0,1024,-32.58536962
voicemark,3,english:125,0,186,31517,mean,0,1024,-37.92410290
voicemark,3,english:125,0,186,31517,tct,0,1024,-42.52807024
voicemark,3,english:125,0,186,25558,mean,0,1024,-36.87199366
voicemark,3,english:125,0,186,25558,tct,0,1024,-27.24721559
voicemark,3,english:125,0,186,42739,mean,0,1024,-40.16885531
voicemark,3,english:125,0,186,42739,tct,0,1024,-42.38245220
voicemark,3,english:125,0,186,57617,mean,0,1024,-26.90164578
voicemark,3,english:125,0,186,57617,tct,0,1024,-27.86436881
voicemark,3,english:125,0,186,45363,mean,0,1024,-50.18234932
voicemark,3,english:125,0,186,45363,tct,0,1024,-51.53803701
voicemark,3,english:125,0,186,54373,mean,0,1024,-52.94993031
voicemark,3,english:125,0,186,54373,tct,0,1024,-58.97370111
voicemark,3,english:125,0,186,3682,mean,0,1024,-49.19275200
voicemark,3,english:125,0,186,3682,tct,0,1024,-52.45525809
voicemark,3,english:125,0,186,3382,mean,0,1024,-49.11573899
voicemark,3,english:125,0,186,3382,tct,0,1024,-40.60044870
voicemark,3,english:125,0,186,47837,mean,0,1024,-51.96540844
voicemark,3,english:125,0,186,47837,tct,0,1024,-46.12835092
voicemark,3,english:125,0,186,26513,mean,0,1024,-37.02383435
voicemark,3,english:125,0,186,26513,tct,0,1024,-34.61412115
voicemark,3,english:125,1,187,49060,mean,0,1024,-31.42333253
voicemark,3,english:125,1,187,49060,tct,0,1024,-37.74442941
voicemark,3,english:125,1,187,3482,mean,0,1024,-50.73940929
voicemark,3,english:125,1,187,3482,tct,0,1024,-57.95507744
voicemark,3,english:125,1,187,16291,mean,0,1024,-25.66011440
voicemark,3,english:125,1,187,16291,tct,0,1024,-32.14227346
voicemark,3,english:125,1,187,8494,mean,0,1024,-42.51777061
voicemark,3,english:125,1,187,8494,tct,0,1024,-38.78148869
voicemark,3,english:125,1,187,51088,mean,0,1024,-42.95842822
voicemark,3,english:125,1,187,51088,tct,0,1024,-44.27204707
voicemark,3,english:125,1,187,23348,mean,0,1024,-40.07445844
voicemark,3,english:125,1,187,23348,tct,0,1024,-39.87699369
voicemark,3,english:125,1,187,54327,mean,0,1024,-29.66393359
voicemark,3,english:125,1,187,54327,tct,0,1024,-24.75207291
voicemark,3,english:125,1,187,24254,mean,0,1024,-46.46981795
voicemark,3,english:125,1,187,24254,tct,0,1024,-48.12402428
voicemark,3,english:125,1,187,13101,mean,0,1024,-35.41113647
voicemark,3,english:125,1,187,13101,tct,0,1024,-42.93528032
voicemark,3,english:125,1,187,31697,mean,0,1024,-44.93294891
voicemark,3,english:125,1,187,31697,tct,0,1024,-44.55287916
voicemark,3,english:125,2,188,60651,mean,0,1024,-54.59945107
voicemark,3,english:125,2,188,60651,tct,0,1024,-50.09591842
voicemark,3,english:125,2,188,57944,mean,0,1024,-52.51635266
voicemark,3,english:125,2,188,57944,tct,0,1024,-53.89022169
voicemark,3,english:125,2,188,20154,mean,0,1024,-56.75226212
voicemark,3,english:125,2,188,20154,tct,0,1024,-57.71513808
voicemark,3,english:125,2,188,41579,mean,0,1024,-42.19453430
voicemark,3,english:125,2,188,41579,tct,0,1024,-42.12548451
voicemark,3,english:125,2,188,14761,mean,0,1024,-43.49927903
voicemark,3,english:125,2,188,14761,tct,0,1024,-41.64862239
voicemark,3,english:125,2,188,37780,mean,0,1024,-37.60103422
voicemark,3,english:125,2,188,37780,tct,0,1024,-40.19553804
voicemark,3,english:125,2,188,3757,mean,0,1024,-54.61028672
voicemark,3,english:125,2,188,3757,tct,0,1024,-52.98554669
voicemark,3,english:125,2,188,583,mean,0,1024,-43.94014168
voicemark,3,english:125,2,188,583,tct,0,1024,-37.65604035
voicemark,3,english:125,2,188,62912,mean,0,1024,-45.96978617
voicemark,3,english:125,2,188,62912,tct,0,1024,-46.09824523
voicemark,3,english:125,2,188,13053,mean,0,1024,-44.43774510
voicemark,3,english:125,2,188,13053,tct,0,1024,-35.79189804
voicemark,3,english:1263,0,189,610,mean,0,1024,-32.25504089
voicemark,3,english:1263,0,189,610,tct,0,1024,-29.63911312
voicemark,3,english:1263,0,189,53602,mean,0,1024,-32.14196659
voicemark,3,english:1263,0,189,53602,tct,0,1024,-10.53499006
voicemark,3,english:1263,0,189,62533,mean,0,1024,-58.27383400
voicemark,3,english:1263,0,189,62533,tct,0,1024,-56.57957645
voicemark,3,english:1263,0,189,46078,mean,0,1024,-38.43279768
voicemark,3,english:1263,0,189,46078,tct,0,1024,-35.85236955
voicemark,3,english:1263,0,189,42973,mean,0,1024,-36.21356986
voicemark,3,english:1263,0,189,42973,tct,0,1024,-38.16291951
voicemark,3,english:1263,0,189,29674,mean,0,1024,-38.50994039
voicemark,3,english:1263,0,189,29674,tct,0,1024,-32.82480760
voicemark,3,english:1263,0,189,14986,mean,0,1024,-59.09316898
voicemark,3,english:1263,0,189,14986,tct,0,1024,-48.18766032
voicemark,3,english:1263,0,189,22347,mean,0,1024,-23.42933246
voicemark,3,english:1263,0,189,22347,tct,0,1024,-27.02340419
voicemark,3,english:1263,0,189,890,mean,0,1024,-38.41749216
voicemark,3,english:1263,0,189,890,tct,0,1024,-39.57155036
voicemark,3,english:1263,0,189,6330,mean,0,1024,-53.81967807
voicemark,3,english:1263,0,189,6330,tct,0,1024,-47.58257953
voicemark,3,english:1263,1,190,10147,mean,0,1024,-32.92811167
voicemark,3,english:1263,1,190,10147,tct,0,1024,-47.17038343
voicemark,3,english:1263,1,190,55126,mean,0,1024,-37.96204998
voicemark,3,english:1263,1,190,55126,tct,0,1024,-29.08970650
voicemark,3,english:1263,1,190,46685,mean,0,1024,-47.11812736
voicemark,3,english:1263,1,190,46685,tct,0,1024,-42.38431802
voicemark,3,english:1263,1,190,16798,mean,0,1024,-43.56157543
voicemark,3,english:1263,1,190,16798,tct,0,1024,-38.53992212
voicemark,3,english:1263,1,190,46318,mean,0,1024,-42.65858402
voicemark,3,english:1263,1,190,46318,tct,0,1024,-43.72093525
voicemark,3,english:1263,1,190,26555,mean,0,1024,-59.90364696
voicemark,3,english:1263,1,190,26555,tct,0,1024,-84.63162058
voicemark,3,english:1263,1,190,51503,mean,0,1024,-63.50478031
voicemark,3,english:1263,1,190,51503,tct,0,1024,-64.16328529
voicemark,3,english:1263,1,190,9334,mean,0,1024,-28.54167976
voicemark,3,english:1263,1,190,9334,tct,0,1024,-22.41253710
voicemark,3,english:1263,1,190,26264,mean,0,1024,-52.92845680
voicemark,3,english:1263,1,190,26264,tct,0,1024,-38.87160433
voicemark,3,english:1263,1,190,4468,mean,0,1024,-27.02856781
voicemark,3,english:1263,1,190,4468,tct,0,1024,-29.09870067
voicemark,3,english:1263,2,191,64899,mean,0,1024,-18.28554263
voicemark,3,english:1263,2,191,64899,tct,0,1024,-28.43397218
voicemark,3,english:1263,2,191,248,mean,0,1024,-50.61549976
voicemark,3,english:1263,2,191,248,tct,0,1024,-56.09458809
voicemark,3,english:1263,2,191,34797,mean,0,1024,-41.45385530
voicemark,3,english:1263,2,191,34797,tct,0,1024,-53.04111020
voicemark,3,english:1263,2,191,48239,mean,0,1024,-38.52476242
voicemark,3,english:1263,2,191,48239,tct,0,1024,-36.46482817
voicemark,3,english:1263,2,191,51019,mean,0,1024,-43.00619008
voicemark,3,english:1263,2,191,51019,tct,0,1024,-48.14335232
voicemark,3,english:1263,2,191,49429,mean,0,1024,-32.04254320
voicemark,3,english:1263,2,191,49429,tct,0,1024,-51.61927354
voicemark,3,english:1263,2,191,26214,mean,0,1024,-47.11022499
voicemark,3,english:1263,2,191,26214,tct,0,1024,-57.43651051
voicemark,3,english:1263,2,191,12846,mean,0,1024,-45.36794593
voicemark,3,english:1263,2,191,12846,tct,0,1024,-60.20035379
voicemark,3,english:1263,2,191,10003,mean,0,1024,-52.80833557
voicemark,3,english:1263,2,191,10003,tct,0,1024,-60.76177729
voicemark,3,english:1263,2,191,19881,mean,0,1024,-45.46837356
voicemark,3,english:1263,2,191,19881,tct,0,1024,-50.23501600
voicemark,3,english:1334,0,192,18009,mean,0,1024,-52.97256339
voicemark,3,english:1334,0,192,18009,tct,0,1024,-55.53342888
voicemark,3,english:1334,0,192,4410,mean,0,1024,-44.07639563
voicemark,3,english:1334,0,192,4410,tct,0,1024,-48.58550236
voicemark,3,english:1334,0,192,1877,mean,0,1024,-31.88097739
voicemark,3,english:1334,0,192,1877,tct,0,1024,-49.31269238
voicemark,3,english:1334,0,192,7535,mean,0,1024,-49.83132994
voicemark,3,english:1334,0,192,7535,tct,0,1024,-44.60628374
voicemark,3,english:1334,0,192,43641,mean,0,1024,-58.25829184
voicemark,3,english:1334,0,192,43641,tct,0,1024,-63.02205917
voicemark,3,english:1334,0,192,51381,mean,0,1024,-43.47440493
voicemark,3,english:1334,0,192,51381,tct,0,1024,-41.68529684
voicemark,3,english:1334,0,192,61504,mean,0,1024,-34.92124355
voicemark,3,english:1334,0,192,61504,tct,0,1024,-37.94640848
voicemark,3,english:1334,0,192,33725,mean,0,1024,-57.78191435
voicemark,3,english:1334,0,192,33725,tct,0,1024,-54.08240769
voicemark,3,english:1334,0,192,12101,mean,0,1024,-36.47515464
voicemark,3,english:1334,0,192,12101,tct,0,1024,-39.00269292
voicemark,3,english:1334,0,192,19914,mean,0,1024,-49.64495909
voicemark,3,english:1334,0,192,19914,tct,0,1024,-45.84467752
voicemark,3,english:1334,1,193,17043,mean,0,1024,-53.41647470
voicemark,3,english:1334,1,193,17043,tct,0,1024,-48.67020635
voicemark,3,english:1334,1,193,2874,mean,0,1024,-29.90791881
voicemark,3,english:1334,1,193,2874,tct,0,1024,-30.83794193
voicemark,3,english:1334,1,193,5502,mean,0,1024,-58.45552623
voicemark,3,english:1334,1,193,5502,tct,0,1024,-71.42005607
voicemark,3,english:1334,1,193,53699,mean,0,1024,-32.10390115
voicemark,3,english:1334,1,193,53699,tct,0,1024,-28.47232286
voicemark,3,english:1334,1,193,12314,mean,0,1024,-31.55884540
voicemark,3,english:1334,1,193,12314,tct,0,1024,-42.70935453
voicemark,3,english:1334,1,193,9176,mean,0,1024,-48.46734273
voicemark,3,english:1334,1,193,9176,tct,0,1024,-36.28604424
voicemark,3,english:1334,1,193,48038,mean,0,1024,-41.16330469
voicemark,3,english:1334,1,193,48038,tct,0,1024,-55.73524713
voicemark,3,english:1334,1,193,13325,mean,0,1024,-37.58885896
voicemark,3,english:1334,1,193,13325,tct,0,1024,-51.16023452
voicemark,3,english:1334,1,193,35243,mean,0,1024,-40.57751215
voicemark,3,english:1334,1,193,35243,tct,0,1024,-34.82465994
voicemark,3,english:1334,1,193,53518,mean,0,1024,-24.19956183
voicemark,3,english:1334,1,193,53518,tct,0,1024,-29.36095101
voicemark,3,english:1334,2,194,15635,mean,0,1024,-44.80956434
voicemark,3,english:1334,2,194,15635,tct,0,1024,-41.59251532
voicemark,3,english:1334,2,194,55689,mean,0,1024,-39.77644024
voicemark,3,english:1334,2,194,55689,tct,0,1024,-52.50655162
voicemark,3,english:1334,2,194,51335,mean,0,1024,-66.91063775
voicemark,3,english:1334,2,194,51335,tct,0,1024,-62.36931834
voicemark,3,english:1334,2,194,26954,mean,0,1024,-57.52435197
voicemark,3,english:1334,2,194,26954,tct,0,1024,-61.17367301
voicemark,3,english:1334,2,194,17197,mean,0,1024,-48.95817747
voicemark,3,english:1334,2,194,17197,tct,0,1024,-38.81459748
voicemark,3,english:1334,2,194,47434,mean,0,1024,-34.45846464
voicemark,3,english:1334,2,194,47434,tct,0,1024,-39.93418136
voicemark,3,english:1334,2,194,45168,mean,0,1024,-43.69350531
voicemark,3,english:1334,2,194,45168,tct,0,1024,-45.57847160
voicemark,3,english:1334,2,194,1998,mean,0,1024,-40.39924468
voicemark,3,english:1334,2,194,1998,tct,0,1024,-42.88416001
voicemark,3,english:1334,2,194,29980,mean,0,1024,-58.55081071
voicemark,3,english:1334,2,194,29980,tct,0,1024,-60.00877153
voicemark,3,english:1334,2,194,1156,mean,0,1024,-59.35743417
voicemark,3,english:1334,2,194,1156,tct,0,1024,-54.15076890
voicemark,3,english:1355,0,195,14539,mean,0,1024,-51.36120259
voicemark,3,english:1355,0,195,14539,tct,0,1024,-44.21596985
voicemark,3,english:1355,0,195,47409,mean,0,1024,-35.16499895
voicemark,3,english:1355,0,195,47409,tct,0,1024,-47.56358461
voicemark,3,english:1355,0,195,64531,mean,0,1024,-22.80509526
voicemark,3,english:1355,0,195,64531,tct,0,1024,-29.11881959
voicemark,3,english:1355,0,195,35163,mean,0,1024,-35.09122216
voicemark,3,english:1355,0,195,35163,tct,0,1024,-50.03415191
voicemark,3,english:1355,0,195,10367,mean,0,1024,-61.51142728
voicemark,3,english:1355,0,195,10367,tct,0,1024,-66.17916381
voicemark,3,english:1355,0,195,50597,mean,0,1024,-34.48660981
voicemark,3,english:1355,0,195,50597,tct,0,1024,-44.51475985
voicemark,3,english:1355,0,195,61815,mean,0,1024,-37.63544924
voicemark,3,english:1355,0,195,61815,tct,0,1024,-35.07999327
voicemark,3,english:1355,0,195,30750,mean,0,1024,-55.27731168
voicemark,3,english:1355,0,195,30750,tct,0,1024,-51.85171292
voicemark,3,english:1355,0,195,51342,mean,0,1024,-57.60021054
voicemark,3,english:1355,0,195,51342,tct,0,1024,-51.97428589
voicemark,3,english:1355,0,195,2319,mean,0,1024,-66.99755990
voicemark,3,english:1355,0,195,2319,tct,0,1024,-61.10947992
voicemark,3,english:1355,1,196,21531,mean,0,1024,-39.48028943
voicemark,3,english:1355,1,196,21531,tct,0,1024,-38.57066298
voicemark,3,english:1355,1,196,35104,mean,0,1024,-53.29575631
voicemark,3,english:1355,1,196,35104,tct,0,1024,-51.07784030
voicemark,3,english:1355,1,196,57707,mean,0,1024,-30.24731347
voicemark,3,english:1355,1,196,57707,tct,0,1024,-24.94327152
voicemark,3,english:1355,1,196,10924,mean,0,1024,-52.00874230
voicemark,3,english:1355,1,196,10924,tct,0,1024,-48.76349793
voicemark,3,english:1355,1,196,5412,mean,0,1024,-34.91753575
voicemark,3,english:1355,1,196,5412,tct,0,1024,-42.95560195
voicemark,3,english:1355,1,196,12569,mean,0,1024,-44.76790806
voicemark,3,english:1355,1,196,12569,tct,0,1024,-42.06505668
voicemark,3,english:1355,1,196,53634,mean,0,1024,-39.00541410
voicemark,3,english:1355,1,196,53634,tct,0,1024,-44.86622464
voicemark,3,english:1355,1,196,23394,mean,0,1024,-27.32543859
voicemark,3,english:1355,1,196,23394,tct,0,1024,-25.01542945
voicemark,3,english:1355,1,196,60104,mean,0,1024,-47.92969319
voicemark,3,english:1355,1,196,60104,tct,0,1024,-62.82681096
voicemark,3,english:1355,1,196,27066,mean,0,1024,-44.19040486
voicemark,3,english:1355,1,196,27066,tct,0,1024,-62.16759116
voicemark,3,english:1355,2,197,25166,mean,0,1024,-17.45396281
voicemark,3,english:1355,2,197,25166,tct,0,1024,-44.59973054
voicemark,3,english:1355,2,197,26231,mean,0,1024,-18.87662769
voicemark,3,english:1355,2,197,26231,tct,0,1024,-21.88384823
voicemark,3,english:1355,2,197,53811,mean,0,1024,-4.96534753
voicemark,3,english:1355,2,197,53811,tct,0,1024,-19.82108676
voicemark,3,english:1355,2,197,55080,mean,0,1024,-14.55833686
voicemark,3,english:1355,2,197,55080,tct,0,1024,-35.74293860
voicemark,3,english:1355,2,197,11630,mean,0,1024,-33.07893920
voicemark,3,english:1355,2,197,11630,tct,0,1024,-54.93669331
voicemark,3,english:1355,2,197,29708,mean,0,1024,-36.82667900
voicemark,3,english:1355,2,197,29708,tct,0,1024,-56.99953526
voicemark,3,english:1355,2,197,26843,mean,0,1024,-20.56184245
voicemark,3,english:1355,2,197,26843,tct,0,1024,-29.34797314
voicemark,3,english:1355,2,197,47436,mean,0,1024,-38.82013917
voicemark,3,english:1355,2,197,47436,tct,0,1024,-57.73755902
voicemark,3,english:1355,2,197,23179,mean,0,1024,-32.70433689
voicemark,3,english:1355,2,197,23179,tct,0,1024,-42.10630715
voicemark,3,english:1355,2,197,20736,mean,0,1024,-15.96047509
voicemark,3,english:1355,2,197,20736,tct,0,1024,-47.12048855
voicemark,3,english:1363,0,198,11973,mean,0,1024,-26.74436967
voicemark,3,english:1363,0,198,11973,tct,0,1024,-15.26802734
voicemark,3,english:1363,0,198,46113,mean,0,1024,-19.94700877
voicemark,3,english:1363,0,198,46113,tct,0,1024,-19.35394391
voicemark,3,english:1363,0,198,24122,mean,0,1024,-24.19208936
voicemark,3,english:1363,0,198,24122,tct,0,1024,-18.88528103
voicemark,3,english:1363,0,198,58533,mean,0,1024,-20.89589278
voicemark,3,english:1363,0,198,58533,tct,0,1024,-17.86406311
voicemark,3,english:1363,0,198,56632,mean,0,1024,-21.79467039
voicemark,3,english:1363,0,198,56632,tct,0,1024,-20.71332927
voicemark,3,english:1363,0,198,29291,mean,0,1024,-15.25042884
voicemark,3,english:1363,0,198,29291,tct,0,1024,-12.78107033
voicemark,3,english:1363,0,198,4020,mean,0,1024,-25.18830363
voicemark,3,english:1363,0,198,4020,tct,0,1024,-16.71639614
voicemark,3,english:1363,0,198,7551,mean,0,1024,-25.24615113
voicemark,3,english:1363,0,198,7551,tct,0,1024,-28.20912085
voicemark,3,english:1363,0,198,15640,mean,0,1024,-30.68897740
voicemark,3,english:1363,0,198,15640,tct,0,1024,-31.54139703
voicemark,3,english:1363,0,198,61335,mean,0,1024,-11.44333652
voicemark,3,english:1363,0,198,61335,tct,0,1024,-11.58451673
voicemark,3,english:1363,1,199,52130,mean,0,1024,-18.67226394
voicemark,3,english:1363,1,199,52130,tct,0,1024,-19.13597703
voicemark,3,english:1363,1,199,18906,mean,0,1024,-18.69013150
voicemark,3,english:1363,1,199,18906,tct,0,1024,-28.15513292
voicemark,3,english:1363,1,199,25174,mean,0,1024,-19.13349857
voicemark,3,english:1363,1,199,25174,tct,0,1024,-18.27802882
voicemark,3,english:1363,1,199,51897,mean,0,1024,-28.55487789
voicemark,3,english:1363,1,199,51897,tct,0,1024,-29.70433036
voicemark,3,english:1363,1,199,9724,mean,0,1024,-18.85974300
voicemark,3,english:1363,1,199,9724,tct,0,1024,-21.34632715
voicemark,3,english:1363,1,199,24930,mean,0,1024,-20.88481750
voicemark,3,english:1363,1,199,24930,tct,0,1024,-22.07816068
voicemark,3,english:1363,1,199,36013,mean,0,1024,-21.14717759
voicemark,3,english:1363,1,199,36013,tct,0,1024,-20.79850720
voicemark,3,english:1363,1,199,7654,mean,0,1024,-21.25836982
voicemark,3,english:1363,1,199,7654,tct,0,1024,-22.75989204
voicemark,3,english:1363,1,199,61480,mean,0,1024,-20.81799688
voicemark,3,english:1363,1,199,61480,tct,0,1024,-20.99329598
voicemark,3,english:1363,1,199,5286,mean,0,1024,-24.89047946
voicemark,3,english:1363,1,199,5286,tct,0,1024,-29.74983804
voicemark,3,english:1363,2,200,58834,mean,0,1024,-25.44650763
voicemark,3,english:1363,2,200,58834,tct,0,1024,-25.55339201
voicemark,3,english:1363,2,200,49920,mean,0,1024,-30.16053312
voicemark,3,english:1363,2,200,49920,tct,0,1024,-24.07567827
voicemark,3,english:1363,2,200,52768,mean,0,1024,-33.01464766
voicemark,3,english:1363,2,200,52768,tct,0,1024,-34.89037017
voicemark,3,english:1363,2,200,44848,mean,0,1024,-26.28441780
voicemark,3,english:1363,2,200,44848,tct,0,1024,-30.70343433
voicemark,3,english:1363,2,200,15058,mean,0,1024,-33.89788168
voicemark,3,english:1363,2,200,15058,tct,0,1024,-41.49206659
voicemark,3,english:1363,2,200,37486,mean,0,1024,-34.05406135
voicemark,3,english:1363,2,200,37486,tct,0,1024,-41.23252104
voicemark,3,english:1363,2,200,48992,mean,0,1024,-22.35594343
voicemark,3,english:1363,2,200,48992,tct,0,1024,-28.28294790
voicemark,3,english:1363,2,200,32542,mean,0,1024,-26.56522363
voicemark,3,english:1363,2,200,32542,tct,0,1024,-33.55561209
voicemark,3,english:1363,2,200,24832,mean,0,1024,-31.86378782
voicemark,3,english:1363,2,200,24832,tct,0,1024,-24.90572243
voicemark,3,english:1363,2,200,35465,mean,0,1024,-25.99734049
voicemark,3,english:1363,2,200,35465,tct,0,1024,-25.53095672
voicemark,3,english:1447,0,201,4477,mean,0,1024,-58.98168031
voicemark,3,english:1447,0,201,4477,tct,0,1024,-48.35939128
voicemark,3,english:1447,0,201,40915,mean,0,1024,-47.40669290
voicemark,3,english:1447,0,201,40915,tct,0,1024,-49.96879343
voicemark,3,english:1447,0,201,63488,mean,0,1024,-34.30934278
voicemark,3,english:1447,0,201,63488,tct,0,1024,-23.72174787
voicemark,3,english:1447,0,201,9942,mean,0,1024,-55.89496270
voicemark,3,english:1447,0,201,9942,tct,0,1024,-51.81872183
voicemark,3,english:1447,0,201,9745,mean,0,1024,-57.67414371
voicemark,3,english:1447,0,201,9745,tct,0,1024,-49.03288449
voicemark,3,english:1447,0,201,32607,mean,0,1024,-33.24968209
voicemark,3,english:1447,0,201,32607,tct,0,1024,-25.16871889
voicemark,3,english:1447,0,201,48812,mean,0,1024,-48.44235364
voicemark,3,english:1447,0,201,48812,tct,0,1024,-43.98527819
voicemark,3,english:1447,0,201,18537,mean,0,1024,-57.85059491
voicemark,3,english:1447,0,201,18537,tct,0,1024,-52.84892453
voicemark,3,english:1447,0,201,18221,mean,0,1024,-50.29697457
voicemark,3,english:1447,0,201,18221,tct,0,1024,-43.47961527
voicemark,3,english:1447,0,201,22231,mean,0,1024,-53.98433152
voicemark,3,english:1447,0,201,22231,tct,0,1024,-46.85544403
voicemark,3,english:1447,1,202,39565,mean,0,1024,-28.07814153
voicemark,3,english:1447,1,202,39565,tct,0,1024,-54.45517337
voicemark,3,english:1447,1,202,51811,mean,0,1024,-41.28370924
voicemark,3,english:1447,1,202,51811,tct,0,1024,-52.10711002
voicemark,3,english:1447,1,202,60275,mean,0,1024,-30.20341380
voicemark,3,english:1447,1,202,60275,tct,0,1024,-55.94541740
voicemark,3,english:1447,1,202,31654,mean,0,1024,-9.39105097
voicemark,3,english:1447,1,202,31654,tct,0,1024,-9.41851044
voicemark,3,english:1447,1,202,56891,mean,0,1024,-38.43180008
voicemark,3,english:1447,1,202,56891,tct,0,1024,-40.57987344
voicemark,3,english:1447,1,202,51665,mean,0,1024,-37.70855685
voicemark,3,english:1447,1,202,51665,tct,0,1024,-54.82202923
voicemark,3,english:1447,1,202,44727,mean,0,1024,-37.55503209
voicemark,3,english:1447,1,202,44727,tct,0,1024,-47.17239320
voicemark,3,english:1447,1,202,19516,mean,0,1024,-47.95015211
voicemark,3,english:1447,1,202,19516,tct,0,1024,-48.21983321
voicemark,3,english:1447,1,202,50769,mean,0,1024,-48.52555056
voicemark,3,english:1447,1,202,50769,tct,0,1024,-69.61761773
voicemark,3,english:1447,1,202,55552,mean,0,1024,-37.85264130
voicemark,3,english:1447,1,202,55552,tct,0,1024,-36.78233302
voicemark,3,english:1447,2,203,26312,mean,0,1024,-41.19342565
voicemark,3,english:1447,2,203,26312,tct,0,1024,-59.43119117
voicemark,3,english:1447,2,203,20466,mean,0,1024,-33.05124807
voicemark,3,english:1447,2,203,20466,tct,0,1024,-39.54336691
voicemark,3,english:1447,2,203,9419,mean,0,1024,-25.99389053
voicemark,3,english:1447,2,203,9419,tct,0,1024,-20.48791524
voicemark,3,english:1447,2,203,10419,mean,0,1024,-46.32075262
voicemark,3,english:1447,2,203,10419,tct,0,1024,-83.46367470
voicemark,3,english:1447,2,203,58706,mean,0,1024,-42.00698709
voicemark,3,english:1447,2,203,58706,tct,0,1024,-55.12467648
voicemark,3,english:1447,2,203,46702,mean,0,1024,-30.85331201
voicemark,3,english:1447,2,203,46702,tct,0,1024,-42.12519192
voicemark,3,english:1447,2,203,14805,mean,0,1024,-30.90707922
voicemark,3,english:1447,2,203,14805,tct,0,1024,-47.54235496
voicemark,3,english:1447,2,203,51089,mean,0,1024,-43.72165346
voicemark,3,english:1447,2,203,51089,tct,0,1024,-59.55159633
voicemark,3,english:1447,2,203,48733,mean,0,1024,-29.28118086
voicemark,3,english:1447,2,203,48733,tct,0,1024,-35.34798563
voicemark,3,english:1447,2,203,42846,mean,0,1024,-42.62647104
voicemark,3,english:1447,2,203,42846,tct,0,1024,-57.34950630
voicemark,3,english:1455,0,204,57033,mean,0,1024,-52.17859811
voicemark,3,english:1455,0,204,57033,tct,0,1024,-49.81391980
voicemark,3,english:1455,0,204,52761,mean,0,1024,-45.75562162
voicemark,3,english:1455,0,204,52761,tct,0,1024,-47.86470375
voicemark,3,english:1455,0,204,5631,mean,0,1024,-29.17562313
voicemark,3,english:1455,0,204,5631,tct,0,1024,-22.13018500
voicemark,3,english:1455,0,204,5503,mean,0,1024,-38.05505628
voicemark,3,english:1455,0,204,5503,tct,0,1024,-28.87931838
voicemark,3,english:1455,0,204,26239,mean,0,1024,-46.86784620
voicemark,3,english:1455,0,204,26239,tct,0,1024,-51.41604171
voicemark,3,english:1455,0,204,26466,mean,0,1024,-51.54411955
voicemark,3,english:1455,0,204,26466,tct,0,1024,-40.93978190
voicemark,3,english:1455,0,204,51272,mean,0,1024,-49.37496633
voicemark,3,english:1455,0,204,51272,tct,0,1024,-50.26885603
voicemark,3,english:1455,0,204,11801,mean,0,1024,-33.81967425
voicemark,3,english:1455,0,204,11801,tct,0,1024,-39.04806370
voicemark,3,english:1455,0,204,40104,mean,0,1024,-45.81606454
voicemark,3,english:1455,0,204,40104,tct,0,1024,-42.60374495
voicemark,3,english:1455,0,204,11032,mean,0,1024,-29.58478426
voicemark,3,english:1455,0,204,11032,tct,0,1024,-33.84852492
voicemark,3,english:1455,1,205,7656,mean,0,1024,-53.62057637
voicemark,3,english:1455,1,205,7656,tct,0,1024,-29.61804914
voicemark,3,english:1455,1,205,49016,mean,0,1024,-52.43924423
voicemark,3,english:1455,1,205,49016,tct,0,1024,-44.47938653
voicemark,3,english:1455,1,205,44566,mean,0,1024,-37.50468718
voicemark,3,english:1455,1,205,44566,tct,0,1024,-46.68664282
voicemark,3,english:1455,1,205,35001,mean,0,1024,-53.87268399
voicemark,3,english:1455,1,205,35001,tct,0,1024,-50.44434856
voicemark,3,english:1455,1,205,12071,mean,0,1024,-44.72968574
voicemark,3,english:1455,1,205,12071,tct,0,1024,-36.60427105
voicemark,3,english:1455,1,205,31540,mean,0,1024,-39.78405987
voicemark,3,english:1455,1,205,31540,tct,0,1024,-35.96677709
voicemark,3,english:1455,1,205,48297,mean,0,1024,-71.54159115
voicemark,3,english:1455,1,205,48297,tct,0,1024,-63.01513837
voicemark,3,english:1455,1,205,58379,mean,0,1024,-64.45964287
voicemark,3,english:1455,1,205,58379,tct,0,1024,-39.95708001
voicemark,3,english:1455,1,205,52265,mean,0,1024,-62.04431866
voicemark,3,english:1455,1,205,52265,tct,0,1024,-46.37976360
voicemark,3,english:1455,1,205,52275,mean,0,1024,-58.65440033
voicemark,3,english:1455,1,205,52275,tct,0,1024,-34.74521902
voicemark,3,english:1455,2,206,47941,mean,0,1024,-38.93476137
voicemark,3,english:1455,2,206,47941,tct,0,1024,-36.25532919
voicemark,3,english:1455,2,206,785,mean,0,1024,-21.91764712
voicemark,3,english:1455,2,206,785,tct,0,1024,-20.36550301
voicemark,3,english:1455,2,206,53617,mean,0,1024,-26.83614945
voicemark,3,english:1455,2,206,53617,tct,0,1024,-29.34550444
voicemark,3,english:1455,2,206,48658,mean,0,1024,-42.29769358
voicemark,3,english:1455,2,206,48658,tct,0,1024,-34.19892126
voicemark,3,english:1455,2,206,14689,mean,0,1024,-13.81508118
voicemark,3,english:1455,2,206,14689,tct,0,1024,-20.91403453
voicemark,3,english:1455,2,206,34958,mean,0,1024,-43.56609091
voicemark,3,english:1455,2,206,34958,tct,0,1024,-48.31186943
voicemark,3,english:1455,2,206,29839,mean,0,1024,-38.27642473
voicemark,3,english:1455,2,206,29839,tct,0,1024,-29.92933015
voicemark,3,english:1455,2,206,11851,mean,0,1024,-26.24821910
voicemark,3,english:1455,2,206,11851,tct,0,1024,-37.27820377
voicemark,3,english:1455,2,206,8055,mean,0,1024,-33.11017832
voicemark,3,english:1455,2,206,8055,tct,0,1024,-35.25739933
voicemark,3,english:1455,2,206,65376,mean,0,1024,-30.74084124
voicemark,3,english:1455,2,206,65376,tct,0,1024,-26.96616045
voicemark,3,english:150,0,207,5266,mean,0,1024,-44.93632035
voicemark,3,english:150,0,207,5266,tct,0,1024,-38.52174778
voicemark,3,english:150,0,207,58024,mean,0,1024,-38.44121652
voicemark,3,english:150,0,207,58024,tct,0,1024,-37.73607635
voicemark,3,english:150,0,207,404,mean,0,1024,-22.90112953
voicemark,3,english:150,0,207,404,tct,0,1024,-36.65387630
voicemark,3,english:150,0,207,48067,mean,0,1024,-29.74090485
voicemark,3,english:150,0,207,48067,tct,0,1024,-26.60971778
voicemark,3,english:150,0,207,53325,mean,0,1024,-29.86021136
voicemark,3,english:150,0,207,53325,tct,0,1024,-31.23101272
voicemark,3,english:150,0,207,44131,mean,0,1024,-32.70962577
voicemark,3,english:150,0,207,44131,tct,0,1024,-48.24307499
voicemark,3,english:150,0,207,54305,mean,0,1024,-26.91422080
voicemark,3,english:150,0,207,54305,tct,0,1024,-44.83776170
voicemark,3,english:150,0,207,6443,mean,0,1024,-36.40238480
voicemark,3,english:150,0,207,6443,tct,0,1024,-61.40900213
voicemark,3,english:150,0,207,13844,mean,0,1024,-22.11890011
voicemark,3,english:150,0,207,13844,tct,0,1024,-23.04844111
voicemark,3,english:150,0,207,106,mean,0,1024,-38.24680381
voicemark,3,english:150,0,207,106,tct,0,1024,-49.08235249
voicemark,3,english:150,1,208,8023,mean,0,1024,-35.92176220
voicemark,3,english:150,1,208,8023,tct,0,1024,-28.54942874
voicemark,3,english:150,1,208,47244,mean,0,1024,-50.27203294
voicemark,3,english:150,1,208,47244,tct,0,1024,-46.47206807
voicemark,3,english:150,1,208,38881,mean,0,1024,-40.44863483
voicemark,3,english:150,1,208,38881,tct,0,1024,-44.42060262
voicemark,3,english:150,1,208,51892,mean,0,1024,-47.58664915
voicemark,3,english:150,1,208,51892,tct,0,1024,-45.43217285
voicemark,3,english:150,1,208,42585,mean,0,1024,-23.00417277
voicemark,3,english:150,1,208,42585,tct,0,1024,-20.78191291
voicemark,3,english:150,1,208,43508,mean,0,1024,-46.14218351
voicemark,3,english:150,1,208,43508,tct,0,1024,-40.92625491
voicemark,3,english:150,1,208,62669,mean,0,1024,-40.11734482
voicemark,3,english:150,1,208,62669,tct,0,1024,-37.75782542
voicemark,3,english:150,1,208,9760,mean,0,1024,-46.95650312
voicemark,3,english:150,1,208,9760,tct,0,1024,-37.62217295
voicemark,3,english:150,1,208,12050,mean,0,1024,-42.93224975
voicemark,3,english:150,1,208,12050,tct,0,1024,-48.07445907
voicemark,3,english:150,1,208,63390,mean,0,1024,-34.07651493
voicemark,3,english:150,1,208,63390,tct,0,1024,-40.93812046
voicemark,3,english:150,2,209,3633,mean,0,1024,-60.33777069
voicemark,3,english:150,2,209,3633,tct,0,1024,-52.07726839
voicemark,3,english:150,2,209,40543,mean,0,1024,-53.77456450
voicemark,3,english:150,2,209,40543,tct,0,1024,-37.27972342
voicemark,3,english:150,2,209,21006,mean,0,1024,-39.48297386
voicemark,3,english:150,2,209,21006,tct,0,1024,-28.50221062
voicemark,3,english:150,2,209,22263,mean,0,1024,-43.92589169
voicemark,3,english:150,2,209,22263,tct,0,1024,-27.44277346
voicemark,3,english:150,2,209,19196,mean,0,1024,-59.06267094
voicemark,3,english:150,2,209,19196,tct,0,1024,-51.80800377
voicemark,3,english:150,2,209,13411,mean,0,1024,-63.44134354
voicemark,3,english:150,2,209,13411,tct,0,1024,-52.73191486
voicemark,3,english:150,2,209,43387,mean,0,1024,-47.22204804
voicemark,3,english:150,2,209,43387,tct,0,1024,-35.62975846
voicemark,3,english:150,2,209,35917,mean,0,1024,-57.91714024
voicemark,3,english:150,2,209,35917,tct,0,1024,-50.75877692
voicemark,3,english:150,2,209,52581,mean,0,1024,-45.40560856
voicemark,3,english:150,2,209,52581,tct,0,1024,-43.12973834
voicemark,3,english:150,2,209,30109,mean,0,1024,-61.94769978
voicemark,3,english:150,2,209,30109,tct,0,1024,-55.80925825
voicemark,3,english:1502,0,210,4098,mean,0,1024,-48.73078343
voicemark,3,english:1502,0,210,4098,tct,0,1024,-51.36607366
voicemark,3,english:1502,0,210,10840,mean,0,1024,-54.66575530
voicemark,3,english:1502,0,210,10840,tct,0,1024,-55.68857757
voicemark,3,english:1502,0,210,35661,mean,0,1024,-57.49678186
voicemark,3,english:1502,0,210,35661,tct,0,1024,-53.18107226
voicemark,3,english:1502,0,210,41224,mean,0,1024,-46.39432808
voicemark,3,english:1502,0,210,41224,tct,0,1024,-41.34615036
voicemark,3,english:1502,0,210,5122,mean,0,1024,-50.29213043
voicemark,3,english:1502,0,210,5122,tct,0,1024,-51.83034269
voicemark,3,english:1502,0,210,45267,mean,0,1024,-55.82924655
voicemark,3,english:1502,0,210,45267,tct,0,1024,-57.04281306
voicemark,3,english:1502,0,210,31394,mean,0,1024,-62.19388584
voicemark,3,english:1502,0,210,31394,tct,0,1024,-59.11865018
voicemark,3,english:1502,0,210,22292,mean,0,1024,-65.66883567
voicemark,3,english:1502,0,210,22292,tct,0,1024,-56.47628834
voicemark,3,english:1502,0,210,49825,mean,0,1024,-43.90715546
voicemark,3,english:1502,0,210,49825,tct,0,1024,-37.43117048
voicemark,3,english:1502,0,210,40423,mean,0,1024,-61.41717342
voicemark,3,english:1502,0,210,40423,tct,0,1024,-44.56908845
voicemark,3,english:1502,1,211,2250,mean,0,1024,-18.89324283
voicemark,3,english:1502,1,211,2250,tct,0,1024,-10.45955706
voicemark,3,english:1502,1,211,8520,mean,0,1024,-52.49061262
voicemark,3,english:1502,1,211,8520,tct,0,1024,-47.37054655
voicemark,3,english:1502,1,211,34317,mean,0,1024,-38.92219054
voicemark,3,english:1502,1,211,34317,tct,0,1024,-40.65383166
voicemark,3,english:1502,1,211,65360,mean,0,1024,-43.71159976
voicemark,3,english:1502,1,211,65360,tct,0,1024,-50.15498501
voicemark,3,english:1502,1,211,38185,mean,0,1024,-34.38413937
voicemark,3,english:1502,1,211,38185,tct,0,1024,-34.04230072
voicemark,3,english:1502,1,211,59261,mean,0,1024,-34.88110816
voicemark,3,english:1502,1,211,59261,tct,0,1024,-46.03584846
voicemark,3,english:1502,1,211,33107,mean,0,1024,-55.93087732
voicemark,3,english:1502,1,211,33107,tct,0,1024,-50.97246477
voicemark,3,english:1502,1,211,61875,mean,0,1024,-38.23888326
voicemark,3,english:1502,1,211,61875,tct,0,1024,-37.26503701
voicemark,3,english:1502,1,211,35938,mean,0,1024,-47.27038824
voicemark,3,english:1502,1,211,35938,tct,0,1024,-44.05690800
voicemark,3,english:1502,1,211,64884,mean,0,1024,-44.32973873
voicemark,3,english:1502,1,211,64884,tct,0,1024,-54.00477337
voicemark,3,english:1502,2,212,34096,mean,0,1024,-58.72715332
voicemark,3,english:1502,2,212,34096,tct,0,1024,-40.53377143
voicemark,3,english:1502,2,212,30715,mean,0,1024,-52.82942345
voicemark,3,english:1502,2,212,30715,tct,0,1024,-36.90183376
voicemark,3,english:1502,2,212,32044,mean,0,1024,-63.54955913
voicemark,3,english:1502,2,212,32044,tct,0,1024,-38.73257104
voicemark,3,english:1502,2,212,2835,mean,0,1024,-35.23658131
voicemark,3,english:1502,2,212,2835,tct,0,1024,-26.49716399
voicemark,3,english:1502,2,212,22690,mean,0,1024,-55.22388126
voicemark,3,english:1502,2,212,22690,tct,0,1024,-47.77916539
voicemark,3,english:1502,2,212,4282,mean,0,1024,-66.13770916
voicemark,3,english:1502,2,212,4282,tct,0,1024,-58.77574809
voicemark,3,english:1502,2,212,62751,mean,0,1024,-65.70614387
voicemark,3,english:1502,2,212,62751,tct,0,1024,-67.36706671
voicemark,3,english:1502,2,212,56905,mean,0,1024,-40.94005098
voicemark,3,english:1502,2,212,56905,tct,0,1024,-44.95370661
voicemark,3,english:1502,2,212,9699,mean,0,1024,-66.06700184
voicemark,3,english:1502,2,212,9699,tct,0,1024,-39.46511331
voicemark,3,english:1502,2,212,22848,mean,0,1024,-52.38894226
voicemark,3,english:1502,2,212,22848,tct,0,1024,-36.10347608
voicemark,3,english:1553,0,213,52950,mean,0,1024,-50.73944623
voicemark,3,english:1553,0,213,52950,tct,0,1024,-61.74606128
voicemark,3,english:1553,0,213,56644,mean,0,1024,-42.45253141
voicemark,3,english:1553,0,213,56644,tct,0,1024,-36.29287958
voicemark,3,english:1553,0,213,43274,mean,0,1024,-18.78661532
voicemark,3,english:1553,0,213,43274,tct,0,1024,-19.05438516
voicemark,3,english:1553,0,213,57048,mean,0,1024,-52.86427076
voicemark,3,english:1553,0,213,57048,tct,0,1024,-66.26744960
voicemark,3,english:1553,0,213,26591,mean,0,1024,-26.39520938
voicemark,3,english:1553,0,213,26591,tct,0,1024,-35.16495509
voicemark,3,english:1553,0,213,44852,mean,0,1024,-25.15523429
voicemark,3,english:1553,0,213,44852,tct,0,1024,-31.91405548
voicemark,3,english:1553,0,213,1100,mean,0,1024,-48.66265638
voicemark,3,english:1553,0,213,1100,tct,0,1024,-39.73243677
voicemark,3,english:1553,0,213,23415,mean,0,1024,-23.52741480
voicemark,3,english:1553,0,213,23415,tct,0,1024,-27.53311893
voicemark,3,english:1553,0,213,7745,mean,0,1024,-46.57808931
voicemark,3,english:1553,0,213,7745,tct,0,1024,-41.74738242
voicemark,3,english:1553,0,213,8755,mean,0,1024,-31.89531032
voicemark,3,english:1553,0,213,8755,tct,0,1024,-49.97543834
voicemark,3,english:1553,1,214,19321,mean,0,1024,-44.84131181
voicemark,3,english:1553,1,214,19321,tct,0,1024,-56.30768353
voicemark,3,english:1553,1,214,1020,mean,0,1024,-29.90920668
voicemark,3,english:1553,1,214,1020,tct,0,1024,-38.22614455
voicemark,3,english:1553,1,214,39018,mean,0,1024,-53.55487573
voicemark,3,english:1553,1,214,39018,tct,0,1024,-72.85966268
voicemark,3,english:1553,1,214,62259,mean,0,1024,-28.86693037
voicemark,3,english:1553,1,214,62259,tct,0,1024,-55.88857230
voicemark,3,english:1553,1,214,24616,mean,0,1024,-45.57777250
voicemark,3,english:1553,1,214,24616,tct,0,1024,-40.03315830
voicemark,3,english:1553,1,214,5232,mean,0,1024,-48.10391891
voicemark,3,english:1553,1,214,5232,tct,0,1024,-46.77839765
voicemark,3,english:1553,1,214,1356,mean,0,1024,-43.63893163
voicemark,3,english:1553,1,214,1356,tct,0,1024,-49.20479984
voicemark,3,english:1553,1,214,62834,mean,0,1024,-49.82406080
voicemark,3,english:1553,1,214,62834,tct,0,1024,-79.21311378
voicemark,3,english:1553,1,214,35169,mean,0,1024,-48.73331773
voicemark,3,english:1553,1,214,35169,tct,0,1024,-48.07112945
voicemark,3,english:1553,1,214,8921,mean,0,1024,-42.23648727
voicemark,3,english:1553,1,214,8921,tct,0,1024,-47.77815640
voicemark,3,english:1553,2,215,17772,mean,0,1024,-52.07965287
voicemark,3,english:1553,2,215,17772,tct,0,1024,-40.86040447
voicemark,3,english:1553,2,215,56126,mean,0,1024,-59.15299710
voicemark,3,english:1553,2,215,56126,tct,0,1024,-55.52697080
voicemark,3,english:1553,2,215,5441,mean,0,1024,-29.54456588
voicemark,3,english:1553,2,215,5441,tct,0,1024,-41.14367602
voicemark,3,english:1553,2,215,21387,mean,0,1024,-53.10346898
voicemark,3,english:1553,2,215,21387,tct,0,1024,-57.84872239
voicemark,3,english:1553,2,215,3749,mean,0,1024,-62.41761502
voicemark,3,english:1553,2,215,3749,tct,0,1024,-58.63525731
voicemark,3,english:1553,2,215,54922,mean,0,1024,-51.44596013
voicemark,3,english:1553,2,215,54922,tct,0,1024,-49.70126718
voicemark,3,english:1553,2,215,39912,mean,0,1024,-41.02593412
voicemark,3,english:1553,2,215,39912,tct,0,1024,-43.43693520
voicemark,3,english:1553,2,215,11345,mean,0,1024,-35.70199474
voicemark,3,english:1553,2,215,11345,tct,0,1024,-36.19083071
voicemark,3,english:1553,2,215,54933,mean,0,1024,-55.43538960
voicemark,3,english:1553,2,215,54933,tct,0,1024,-48.68910591
voicemark,3,english:1553,2,215,32958,mean,0,1024,-43.11989641
voicemark,3,english:1553,2,215,32958,tct,0,1024,-38.48793006
voicemark,3,english:1578,0,216,28765,mean,0,1024,-22.02579879
voicemark,3,english:1578,0,216,28765,tct,0,1024,-40.32619836
voicemark,3,english:1578,0,216,10399,mean,0,1024,-23.83704489
voicemark,3,english:1578,0,216,10399,tct,0,1024,-30.41327893
voicemark,3,english:1578,0,216,15171,mean,0,1024,-10.21300161
voicemark,3,english:1578,0,216,15171,tct,0,1024,-11.57614420
voicemark,3,english:1578,0,216,48648,mean,0,1024,-29.26381850
voicemark,3,english:1578,0,216,48648,tct,0,1024,-42.15462034
voicemark,3,english:1578,0,216,37563,mean,0,1024,-11.74021482
voicemark,3,english:1578,0,216,37563,tct,0,1024,-30.49447630
voicemark,3,english:1578,0,216,12295,mean,0,1024,-25.25193190
voicemark,3,english:1578,0,216,12295,tct,0,1024,-52.53528287
voicemark,3,english:1578,0,216,3666,mean,0,1024,-26.29350471
voicemark,3,english:1578,0,216,3666,tct,0,1024,-52.77865349
voicemark,3,english:1578,0,216,27818,mean,0,1024,-32.35223770
voicemark,3,english:1578,0,216,27818,tct,0,1024,-32.77516287
voicemark,3,english:1578,0,216,13459,mean,0,1024,-12.00542104
voicemark,3,english:1578,0,216,13459,tct,0,1024,-15.97605750
voicemark,3,english:1578,0,216,50948,mean,0,1024,-14.81560087
voicemark,3,english:1578,0,216,50948,tct,0,1024,-19.01519740
voicemark,3,english:1578,1,217,30522,mean,0,1024,-10.77592834
voicemark,3,english:1578,1,217,30522,tct,0,1024,-14.03045614
voicemark,3,english:1578,1,217,64678,mean,0,1024,-18.54451687
voicemark,3,english:1578,1,217,64678,tct,0,1024,-37.00324751
voicemark,3,english:1578,1,217,56297,mean,0,1024,-13.93756688
voicemark,3,english:1578,1,217,56297,tct,0,1024,-22.55259730
voicemark,3,english:1578,1,217,13711,mean,0,1024,-21.08410842
voicemark,3,english:1578,1,217,13711,tct,0,1024,-32.03207349
voicemark,3,english:1578,1,217,49178,mean,0,1024,-11.83411595
voicemark,3,english:1578,1,217,49178,tct,0,1024,-46.97667613
voicemark,3,english:1578,1,217,34544,mean,0,1024,-27.29588348
voicemark,3,english:1578,1,217,34544,tct,0,1024,-53.34216742
voicemark,3,english:1578,1,217,54126,mean,0,1024,-20.12815530
voicemark,3,english:1578,1,217,54126,tct,0,1024,-19.75857223
voicemark,3,english:1578,1,217,6626,mean,0,1024,-17.50054414
voicemark,3,english:1578,1,217,6626,tct,0,1024,-37.98699240
voicemark,3,english:1578,1,217,21162,mean,0,1024,-2.18704584
voicemark,3,english:1578,1,217,21162,tct,0,1024,-2.04114853
voicemark,3,english:1578,1,217,4427,mean,0,1024,-14.08669550
voicemark,3,english:1578,1,217,4427,tct,0,1024,-17.32046031
voicemark,3,english:1578,2,218,46746,mean,0,1024,-26.95742606
voicemark,3,english:1578,2,218,46746,tct,0,1024,-42.36215886
voicemark,3,english:1578,2,218,11589,mean,0,1024,-26.97446470
voicemark,3,english:1578,2,218,11589,tct,0,1024,-53.04798945
voicemark,3,english:1578,2,218,23888,mean,0,1024,-46.56420516
voicemark,3,english:1578,2,218,23888,tct,0,1024,-49.36660175
voicemark,3,english:1578,2,218,24379,mean,0,1024,-32.06003951
voicemark,3,english:1578,2,218,24379,tct,0,1024,-39.62455773
voicemark,3,english:1578,2,218,25912,mean,0,1024,-41.38256072
voicemark,3,english:1578,2,218,25912,tct,0,1024,-52.18984932
voicemark,3,english:1578,2,218,43651,mean,0,1024,-29.12255859
voicemark,3,english:1578,2,218,43651,tct,0,1024,-34.71684348
voicemark,3,english:1578,2,218,27311,mean,0,1024,-46.66626262
voicemark,3,english:1578,2,218,27311,tct,0,1024,-61.74485493
voicemark,3,english:1578,2,218,10545,mean,0,1024,-43.28099059
voicemark,3,english:1578,2,218,10545,tct,0,1024,-48.11580661
voicemark,3,english:1578,2,218,61506,mean,0,1024,-12.15837316
voicemark,3,english:1578,2,218,61506,tct,0,1024,-17.46714985
voicemark,3,english:1578,2,218,38134,mean,0,1024,-42.75901317
voicemark,3,english:1578,2,218,38134,tct,0,1024,-45.22504288
voicemark,3,english:1594,0,219,15287,mean,0,1024,-39.24842752
voicemark,3,english:1594,0,219,15287,tct,0,1024,-36.64385376
voicemark,3,english:1594,0,219,64623,mean,0,1024,-46.97131933
voicemark,3,english:1594,0,219,64623,tct,0,1024,-45.44757047
voicemark,3,english:1594,0,219,20101,mean,0,1024,-58.24519361
voicemark,3,english:1594,0,219,20101,tct,0,1024,-51.09580651
voicemark,3,english:1594,0,219,5752,mean,0,1024,-44.83604062
voicemark,3,english:1594,0,219,5752,tct,0,1024,-48.57227769
voicemark,3,english:1594,0,219,47526,mean,0,1024,-34.40636397
voicemark,3,english:1594,0,219,47526,tct,0,1024,-31.42912018
voicemark,3,english:1594,0,219,5803,mean,0,1024,-40.69873537
voicemark,3,english:1594,0,219,5803,tct,0,1024,-38.96676052
voicemark,3,english:1594,0,219,36059,mean,0,1024,-47.26100839
voicemark,3,english:1594,0,219,36059,tct,0,1024,-43.93641511
voicemark,3,english:1594,0,219,41880,mean,0,1024,-45.44835676
voicemark,3,english:1594,0,219,41880,tct,0,1024,-34.95074502
voicemark,3,english:1594,0,219,58768,mean,0,1024,-15.08456729
voicemark,3,english:1594,0,219,58768,tct,1,1024,0.28517140
voicemark,3,english:1594,0,219,13612,mean,0,1024,-50.72256673
voicemark,3,english:1594,0,219,13612,tct,0,1024,-51.73745829
voicemark,3,english:1594,1,220,12087,mean,0,1024,-33.18779739
voicemark,3,english:1594,1,220,12087,tct,0,1024,-46.02810425
voicemark,3,english:1594,1,220,28479,mean,0,1024,-23.66465395
voicemark,3,english:1594,1,220,28479,tct,0,1024,-40.84990228
voicemark,3,english:1594,1,220,44827,mean,0,1024,-23.02429136
voicemark,3,english:1594,1,220,44827,tct,0,1024,-26.48843682
voicemark,3,english:1594,1,220,57018,mean,0,1024,-26.09750584
voicemark,3,english:1594,1,220,57018,tct,0,1024,-33.03250434
voicemark,3,english:1594,1,220,8073,mean,0,1024,-45.83927997
voicemark,3,english:1594,1,220,8073,tct,0,1024,-59.63742295
voicemark,3,english:1594,1,220,23950,mean,0,1024,-38.64440902
voicemark,3,english:1594,1,220,23950,tct,0,1024,-55.28938308
voicemark,3,english:1594,1,220,56568,mean,0,1024,-26.42776617
voicemark,3,english:1594,1,220,56568,tct,0,1024,-36.04307666
voicemark,3,english:1594,1,220,29797,mean,0,1024,-29.28202160
voicemark,3,english:1594,1,220,29797,tct,0,1024,-35.00433687
voicemark,3,english:1594,1,220,26237,mean,0,1024,-33.20118444
voicemark,3,english:1594,1,220,26237,tct,0,1024,-32.43914876
voicemark,3,english:1594,1,220,44831,mean,0,1024,-32.29705652
voicemark,3,english:1594,1,220,44831,tct,0,1024,-42.59284826
voicemark,3,english:1594,2,221,31854,mean,0,1024,-59.11947711
voicemark,3,english:1594,2,221,31854,tct,0,1024,-57.67108716
voicemark,3,english:1594,2,221,55466,mean,0,1024,-33.02125742
voicemark,3,english:1594,2,221,55466,tct,0,1024,-31.33278254
voicemark,3,english:1594,2,221,10268,mean,0,1024,-51.24879744
voicemark,3,english:1594,2,221,10268,tct,0,1024,-48.47054532
voicemark,3,english:1594,2,221,42459,mean,0,1024,-56.80239089
voicemark,3,english:1594,2,221,42459,tct,0,1024,-58.63925826
voicemark,3,english:1594,2,221,6061,mean,0,1024,-62.51700004
voicemark,3,english:1594,2,221,6061,tct,0,1024,-59.87513656
voicemark,3,english:1594,2,221,58176,mean,0,1024,-55.54335578
voicemark,3,english:1594,2,221,58176,tct,0,1024,-60.43915561
voicemark,3,english:1594,2,221,13335,mean,0,1024,-55.69085677
voicemark,3,english:1594,2,221,13335,tct,0,1024,-58.28258565
voicemark,3,english:1594,2,221,24372,mean,0,1024,-51.27155598
voicemark,3,english:1594,2,221,24372,tct,0,1024,-47.16958550
voicemark,3,english:1594,2,221,56874,mean,0,1024,-47.31116756
voicemark,3,english:1594,2,221,56874,tct,0,1024,-50.82200714
voicemark,3,english:1594,2,221,25014,mean,0,1024,-49.79388326
voicemark,3,english:1594,2,221,25014,tct,0,1024,-51.76053254
voicemark,3,english:1624,0,222,20380,mean,0,1024,-40.99734059
voicemark,3,english:1624,0,222,20380,tct,0,1024,-50.30931823
voicemark,3,english:1624,0,222,15273,mean,0,1024,-47.43705705
voicemark,3,english:1624,0,222,15273,tct,0,1024,-53.05310210
voicemark,3,english:1624,0,222,44031,mean,0,1024,-36.65715459
voicemark,3,english:1624,0,222,44031,tct,0,1024,-42.56622730
voicemark,3,english:1624,0,222,48317,mean,0,1024,-34.28935865
voicemark,3,english:1624,0,222,48317,tct,0,1024,-36.41359425
voicemark,3,english:1624,0,222,43150,mean,0,1024,-40.77137712
voicemark,3,english:1624,0,222,43150,tct,0,1024,-52.18069601
voicemark,3,english:1624,0,222,32497,mean,0,1024,-50.32195809
voicemark,3,english:1624,0,222,32497,tct,0,1024,-59.84016415
voicemark,3,english:1624,0,222,8277,mean,0,1024,-48.34002450
voicemark,3,english:1624,0,222,8277,tct,0,1024,-52.29196709
voicemark,3,english:1624,0,222,51046,mean,0,1024,-25.50792578
voicemark,3,english:1624,0,222,51046,tct,0,1024,-21.31049091
voicemark,3,english:1624,0,222,16616,mean,0,1024,-27.37694970
voicemark,3,english:1624,0,222,16616,tct,0,1024,-36.18148162
voicemark,3,english:1624,0,222,19059,mean,0,1024,-7.57910966
voicemark,3,english:1624,0,222,19059,tct,0,1024,-14.20027530
voicemark,3,english:1624,1,223,21680,mean,0,1024,-47.26115239
voicemark,3,english:1624,1,223,21680,tct,0,1024,-52.79394805
voicemark,3,english:1624,1,223,3958,mean,0,1024,-49.94597912
voicemark,3,english:1624,1,223,3958,tct,0,1024,-54.79491154
voicemark,3,english:1624,1,223,20150,mean,0,1024,-49.83322918
voicemark,3,english:1624,1,223,20150,tct,0,1024,-53.77477348
voicemark,3,english:1624,1,223,62115,mean,0,1024,-50.50162649
voicemark,3,english:1624,1,223,62115,tct,0,1024,-65.25738281
voicemark,3,english:1624,1,223,64102,mean,0,1024,-33.66930151
voicemark,3,english:1624,1,223,64102,tct,0,1024,-35.09904770
voicemark,3,english:1624,1,223,51782,mean,0,1024,-46.67681813
voicemark,3,english:1624,1,223,51782,tct,0,1024,-55.31506318
voicemark,3,english:1624,1,223,33329,mean,0,1024,-54.29761124
voicemark,3,english:1624,1,223,33329,tct,0,1024,-61.51069803
voicemark,3,english:1624,1,223,35374,mean,0,1024,-40.72984034
voicemark,3,english:1624,1,223,35374,tct,0,1024,-58.58087867
voicemark,3,english:1624,1,223,38959,mean,0,1024,-43.23102915
voicemark,3,english:1624,1,223,38959,tct,0,1024,-41.56708723
voicemark,3,english:1624,1,223,23687,mean,0,1024,-45.23780638
voicemark,3,english:1624,1,223,23687,tct,0,1024,-53.02989039
voicemark,3,english:1624,2,224,32325,mean,0,1024,-63.18272178
voicemark,3,english:1624,2,224,32325,tct,0,1024,-62.34788668
voicemark,3,english:1624,2,224,59580,mean,0,1024,-47.83859985
voicemark,3,english:1624,2,224,59580,tct,0,1024,-59.77874858
voicemark,3,english:1624,2,224,58745,mean,0,1024,-52.02891128
voicemark,3,english:1624,2,224,58745,tct,0,1024,-52.70003554
voicemark,3,english:1624,2,224,63754,mean,0,1024,-36.63813274
voicemark,3,english:1624,2,224,63754,tct,0,1024,-28.15103383
voicemark,3,english:1624,2,224,19134,mean,0,1024,-30.18206255
voicemark,3,english:1624,2,224,19134,tct,0,1024,-40.52034206
voicemark,3,english:1624,2,224,20403,mean,0,1024,-32.66534178
voicemark,3,english:1624,2,224,20403,tct,0,1024,-33.17714510
voicemark,3,english:1624,2,224,56364,mean,0,1024,-42.26486842
voicemark,3,english:1624,2,224,56364,tct,0,1024,-51.20516531
voicemark,3,english:1624,2,224,17206,mean,0,1024,-8.75686943
voicemark,3,english:1624,2,224,17206,tct,0,1024,-6.75608122
voicemark,3,english:1624,2,224,2555,mean,0,1024,-41.81808154
voicemark,3,english:1624,2,224,2555,tct,0,1024,-42.45840070
voicemark,3,english:1624,2,224,13425,mean,0,1024,-53.90725295
voicemark,3,english:1624,2,224,13425,tct,0,1024,-47.83270990
voicemark,3,english:163,0,225,21586,mean,0,1024,-29.25561082
voicemark,3,english:163,0,225,21586,tct,0,1024,-38.32935093
voicemark,3,english:163,0,225,24688,mean,0,1024,-47.48423230
voicemark,3,english:163,0,225,24688,tct,0,1024,-48.96753480
voicemark,3,english:163,0,225,25473,mean,0,1024,-32.40573919
voicemark,3,english:163,0,225,25473,tct,0,1024,-39.36345946
voicemark,3,english:163,0,225,8304,mean,0,1024,-50.95384824
voicemark,3,english:163,0,225,8304,tct,0,1024,-52.41841638
voicemark,3,english:163,0,225,22628,mean,0,1024,-40.97022378
voicemark,3,english:163,0,225,22628,tct,0,1024,-43.38779115
voicemark,3,english:163,0,225,30604,mean,0,1024,-45.72076452
voicemark,3,english:163,0,225,30604,tct,0,1024,-44.27757406
voicemark,3,english:163,0,225,31401,mean,0,1024,-40.77149808
voicemark,3,english:163,0,225,31401,tct,0,1024,-41.05669650
voicemark,3,english:163,0,225,53559,mean,0,1024,-6.58464931
voicemark,3,english:163,0,225,53559,tct,0,1024,-7.86856984
voicemark,3,english:163,0,225,11611,mean,0,1024,-43.33493078
voicemark,3,english:163,0,225,11611,tct,0,1024,-47.36241033
voicemark,3,english:163,0,225,17114,mean,0,1024,-31.84814203
voicemark,3,english:163,0,225,17114,tct,0,1024,-35.50650526
voicemark,3,english:163,1,226,12023,mean,0,1024,-33.63859775
voicemark,3,english:163,1,226,12023,tct,0,1024,-25.37291253
voicemark,3,english:163,1,226,19,mean,0,1024,-43.28579166
voicemark,3,english:163,1,226,19,tct,0,1024,-59.18533733
voicemark,3,english:163,1,226,40563,mean,0,1024,-46.93670681
voicemark,3,english:163,1,226,40563,tct,0,1024,-47.80287504
voicemark,3,english:163,1,226,14465,mean,0,1024,-57.25263813
voicemark,3,english:163,1,226,14465,tct,0,1024,-57.25263813
voicemark,3,english:163,1,226,15049,mean,0,1024,-50.60473659
voicemark,3,english:163,1,226,15049,tct,0,1024,-50.92412494
voicemark,3,english:163,1,226,45673,mean,0,1024,-32.94515779
voicemark,3,english:163,1,226,45673,tct,0,1024,-31.51418582
voicemark,3,english:163,1,226,19640,mean,0,1024,-26.53311647
voicemark,3,english:163,1,226,19640,tct,0,1024,-30.59071543
voicemark,3,english:163,1,226,31844,mean,0,1024,-48.64552906
voicemark,3,english:163,1,226,31844,tct,0,1024,-60.55464699
voicemark,3,english:163,1,226,31084,mean,0,1024,-53.08229377
voicemark,3,english:163,1,226,31084,tct,0,1024,-63.85500698
voicemark,3,english:163,1,226,34881,mean,0,1024,-33.14068868
voicemark,3,english:163,1,226,34881,tct,0,1024,-35.95012683
voicemark,3,english:163,2,227,25183,mean,0,1024,-24.20591675
voicemark,3,english:163,2,227,25183,tct,0,1024,-29.34985570
voicemark,3,english:163,2,227,58243,mean,0,1024,-48.84494482
voicemark,3,english:163,2,227,58243,tct,0,1024,-54.56654937
voicemark,3,english:163,2,227,29584,mean,0,1024,-39.89470612
voicemark,3,english:163,2,227,29584,tct,0,1024,-45.45233197
voicemark,3,english:163,2,227,43013,mean,0,1024,-55.26328550
voicemark,3,english:163,2,227,43013,tct,0,1024,-62.66546380
voicemark,3,english:163,2,227,21699,mean,0,1024,-34.21045481
voicemark,3,english:163,2,227,21699,tct,0,1024,-44.80943568
voicemark,3,english:163,2,227,31763,mean,0,1024,-29.22298979
voicemark,3,english:163,2,227,31763,tct,0,1024,-32.81360650
voicemark,3,english:163,2,227,20263,mean,0,1024,-50.82752501
voicemark,3,english:163,2,227,20263,tct,0,1024,-53.12907582
voicemark,3,english:163,2,227,52252,mean,0,1024,-16.07718796
voicemark,3,english:163,2,227,52252,tct,0,1024,-25.19295918
voicemark,3,english:163,2,227,2418,mean,0,1024,-51.62610136
voicemark,3,english:163,2,227,2418,tct,0,1024,-49.20833259
voicemark,3,english:163,2,227,4078,mean,0,1024,-51.92195879
voicemark,3,english:163,2,227,4078,tct,0,1024,-56.42120879
voicemark,3,english:1723,0,228,6671,mean,0,1024,-28.18676473
voicemark,3,english:1723,0,228,6671,tct,0,1024,-37.83327829
voicemark,3,english:1723,0,228,33150,mean,0,1024,-22.16309137
voicemark,3,english:1723,0,228,33150,tct,0,1024,-36.55135143
voicemark,3,english:1723,0,228,39776,mean,0,1024,-35.47518797
voicemark,3,english:1723,0,228,39776,tct,0,1024,-44.03595269
voicemark,3,english:1723,0,228,46079,mean,0,1024,-27.50920034
voicemark,3,english:1723,0,228,46079,tct,0,1024,-47.13929170
voicemark,3,english:1723,0,228,54094,mean,0,1024,-37.30604572
voicemark,3,english:1723,0,228,54094,tct,0,1024,-55.04137310
voicemark,3,english:1723,0,228,223,mean,0,1024,-37.07931591
voicemark,3,english:1723,0,228,223,tct,0,1024,-58.39445604
voicemark,3,english:1723,0,228,19945,mean,0,1024,-29.84913225
voicemark,3,english:1723,0,228,19945,tct,0,1024,-49.65262827
voicemark,3,english:1723,0,228,39210,mean,0,1024,-41.86363096
voicemark,3,english:1723,0,228,39210,tct,0,1024,-44.31570698
voicemark,3,english:1723,0,228,40790,mean,0,1024,-32.93942625
voicemark,3,english:1723,0,228,40790,tct,0,1024,-39.90037301
voicemark,3,english:1723,0,228,27469,mean,0,1024,-42.55496759
voicemark,3,english:1723,0,228,27469,tct,0,1024,-42.48471279
voicemark,3,english:1723,1,229,59148,mean,0,1024,-27.32069821
voicemark,3,english:1723,1,229,59148,tct,0,1024,-27.95024568
voicemark,3,english:1723,1,229,44824,mean,0,1024,-28.63695822
voicemark,3,english:1723,1,229,44824,tct,0,1024,-33.45688194
voicemark,3,english:1723,1,229,56045,mean,0,1024,-46.43788109
voicemark,3,english:1723,1,229,56045,tct,0,1024,-46.79060255
voicemark,3,english:1723,1,229,3977,mean,0,1024,-33.82359276
voicemark,3,english:1723,1,229,3977,tct,0,1024,-33.02896911
voicemark,3,english:1723,1,229,29076,mean,0,1024,-48.39659510
voicemark,3,english:1723,1,229,29076,tct,0,1024,-54.64407347
voicemark,3,english:1723,1,229,28453,mean,0,1024,-30.89886620
voicemark,3,english:1723,1,229,28453,tct,0,1024,-34.51640183
voicemark,3,english:1723,1,229,6553,mean,0,1024,-42.43253670
voicemark,3,english:1723,1,229,6553,tct,0,1024,-45.24236355
voicemark,3,english:1723,1,229,51114,mean,0,1024,-22.77561660
voicemark,3,english:1723,1,229,51114,tct,0,1024,-24.95664992
voicemark,3,english:1723,1,229,8011,mean,0,1024,-39.90777026
voicemark,3,english:1723,1,229,8011,tct,0,1024,-59.56418343
voicemark,3,english:1723,1,229,41807,mean,0,1024,-40.47809659
voicemark,3,english:1723,1,229,41807,tct,0,1024,-25.26153741
voicemark,3,english:1723,2,230,42777,mean,0,1024,-34.29950349
voicemark,3,english:1723,2,230,42777,tct,0,1024,-31.22020195
voicemark,3,english:1723,2,230,42974,mean,0,1024,-34.86170690
voicemark,3,english:1723,2,230,42974,tct,0,1024,-24.57665294
voicemark,3,english:1723,2,230,21348,mean,0,1024,-40.85014789
voicemark,3,english:1723,2,230,21348,tct,0,1024,-40.16883197
voicemark,3,english:1723,2,230,57013,mean,0,1024,-43.38028257
voicemark,3,english:1723,2,230,57013,tct,0,1024,-39.76305799
voicemark,3,english:1723,2,230,44685,mean,0,1024,-29.04261510
voicemark,3,english:1723,2,230,44685,tct,0,1024,-19.80246811
voicemark,3,english:1723,2,230,30924,mean,0,1024,-35.65773265
voicemark,3,english:1723,2,230,30924,tct,0,1024,-33.48305947
voicemark,3,english:1723,2,230,2166,mean,0,1024,-49.25869434
voicemark,3,english:1723,2,230,2166,tct,0,1024,-50.50161553
voicemark,3,english:1723,2,230,28142,mean,0,1024,-25.84292976
voicemark,3,english:1723,2,230,28142,tct,0,1024,-21.03587337
voicemark,3,english:1723,2,230,47843,mean,0,1024,-24.39713899
voicemark,3,english:1723,2,230,47843,tct,0,1024,-25.32679953
voicemark,3,english:1723,2,230,35685,mean,0,1024,-40.84603755
voicemark,3,english:1723,2,230,35685,tct,0,1024,-41.99785435
voicemark,3,english:1737,0,231,35515,mean,0,1024,-51.25705804
voicemark,3,english:1737,0,231,35515,tct,0,1024,-38.84469032
voicemark,3,english:1737,0,231,58725,mean,0,1024,-52.75196733
voicemark,3,english:1737,0,231,58725,tct,0,1024,-53.31900059
voicemark,3,english:1737,0,231,10302,mean,0,1024,-27.81526233
voicemark,3,english:1737,0,231,10302,tct,0,1024,-24.10107583
voicemark,3,english:1737,0,231,62705,mean,0,1024,-39.91398247
voicemark,3,english:1737,0,231,62705,tct,0,1024,-35.43112169
voicemark,3,english:1737,0,231,12449,mean,0,1024,-46.63108720
voicemark,3,english:1737,0,231,12449,tct,0,1024,-33.47902392
voicemark,3,english:1737,0,231,53931,mean,0,1024,-38.97259797
voicemark,3,english:1737,0,231,53931,tct,0,1024,-25.12000237
voicemark,3,english:1737,0,231,13006,mean,0,1024,-54.74243440
voicemark,3,english:1737,0,231,13006,tct,0,1024,-62.62314957
voicemark,3,english:1737,0,231,349,mean,0,1024,-48.16648091
voicemark,3,english:1737,0,231,349,tct,0,1024,-33.46254762
voicemark,3,english:1737,0,231,33057,mean,0,1024,-53.82014455
voicemark,3,english:1737,0,231,33057,tct,0,1024,-58.71871619
voicemark,3,english:1737,0,231,5743,mean,0,1024,-42.78771962
voicemark,3,english:1737,0,231,5743,tct,0,1024,-41.36392698
voicemark,3,english:1737,1,232,8092,mean,0,1024,-36.96916785
voicemark,3,english:1737,1,232,8092,tct,0,1024,-23.40945883
voicemark,3,english:1737,1,232,57620,mean,0,1024,-28.30215039
voicemark,3,english:1737,1,232,57620,tct,0,1024,-22.39468341
voicemark,3,english:1737,1,232,29976,mean,0,1024,-29.46326032
voicemark,3,english:1737,1,232,29976,tct,0,1024,-25.75872862
voicemark,3,english:1737,1,232,32639,mean,0,1024,-34.23954025
voicemark,3,english:1737,1,232,32639,tct,0,1024,-38.21174169
voicemark,3,english:1737,1,232,32269,mean,0,1024,-41.14166465
voicemark,3,english:1737,1,232,32269,tct,0,1024,-32.56389795
voicemark,3,english:1737,1,232,13196,mean,0,1024,-28.99571052
voicemark,3,english:1737,1,232,13196,tct,0,1024,-33.25956178
voicemark,3,english:1737,1,232,19948,mean,0,1024,-27.69329372
voicemark,3,english:1737,1,232,19948,tct,0,1024,-34.01253011
voicemark,3,english:1737,1,232,21332,mean,0,1024,-26.25362792
voicemark,3,english:1737,1,232,21332,tct,0,1024,-25.65631318
voicemark,3,english:1737,1,232,18392,mean,0,1024,-14.29328027
voicemark,3,english:1737,1,232,18392,tct,0,1024,-46.75352916
voicemark,3,english:1737,1,232,36067,mean,0,1024,-25.67510572
voicemark,3,english:1737,1,232,36067,tct,0,1024,-44.96487930
voicemark,3,english:1737,2,233,27064,mean,0,1024,-51.23190808
voicemark,3,english:1737,2,233,27064,tct,0,1024,-52.11434277
voicemark,3,english:1737,2,233,54861,mean,0,1024,-35.16993642
voicemark,3,english:1737,2,233,54861,tct,0,1024,-40.57993684
voicemark,3,english:1737,2,233,61994,mean,0,1024,-41.13399053
voicemark,3,english:1737,2,233,61994,tct,0,1024,-47.83882147
voicemark,3,english:1737,2,233,48849,mean,0,1024,-44.51779961
voicemark,3,english:1737,2,233,48849,tct,0,1024,-48.60864027
voicemark,3,english:1737,2,233,27286,mean,0,1024,-39.73571229
voicemark,3,english:1737,2,233,27286,tct,0,1024,-39.65972361
voicemark,3,english:1737,2,233,47829,mean,0,1024,-51.02049565
voicemark,3,english:1737,2,233,47829,tct,0,1024,-63.58557403
voicemark,3,english:1737,2,233,5037,mean,0,1024,-51.93508840
voicemark,3,english:1737,2,233,5037,tct,0,1024,-51.64750551
voicemark,3,english:1737,2,233,11739,mean,0,1024,-34.76352143
voicemark,3,english:1737,2,233,11739,tct,0,1024,-27.58090320
voicemark,3,english:1737,2,233,1671,mean,0,1024,-40.95761990
voicemark,3,english:1737,2,233,1671,tct,0,1024,-40.95761990
voicemark,3,english:1737,2,233,14291,mean,0,1024,-36.89741921
voicemark,3,english:1737,2,233,14291,tct,0,1024,-34.00474644
voicemark,3,english:1743,0,234,48074,mean,0,1024,-41.81342284
voicemark,3,english:1743,0,234,48074,tct,0,1024,-30.98397705
voicemark,3,english:1743,0,234,22064,mean,0,1024,-58.01621692
voicemark,3,english:1743,0,234,22064,tct,0,1024,-50.75560895
voicemark,3,english:1743,0,234,34086,mean,0,1024,-46.97355048
voicemark,3,english:1743,0,234,34086,tct,0,1024,-47.52735767
voicemark,3,english:1743,0,234,26912,mean,0,1024,-21.84477393
voicemark,3,english:1743,0,234,26912,tct,0,1024,-0.41008824
voicemark,3,english:1743,0,234,21448,mean,0,1024,-42.72984187
voicemark,3,english:1743,0,234,21448,tct,0,1024,-31.79777101
voicemark,3,english:1743,0,234,63974,mean,0,1024,-39.28815333
voicemark,3,english:1743,0,234,63974,tct,0,1024,-48.91115631
voicemark,3,english:1743,0,234,35306,mean,0,1024,-34.08866565
voicemark,3,english:1743,0,234,35306,tct,0,1024,-27.83515346
voicemark,3,english:1743,0,234,56306,mean,0,1024,-32.97482769
voicemark,3,english:1743,0,234,56306,tct,0,1024,-41.51133084
voicemark,3,english:1743,0,234,20746,mean,0,1024,-62.85146300
voicemark,3,english:1743,0,234,20746,tct,0,1024,-66.90036545
voicemark,3,english:1743,0,234,48687,mean,0,1024,-50.15207355
voicemark,3,english:1743,0,234,48687,tct,0,1024,-44.05714733
voicemark,3,english:1743,1,235,23243,mean,0,1024,-41.60292728
voicemark,3,english:1743,1,235,23243,tct,0,1024,-46.32445590
voicemark,3,english:1743,1,235,22011,mean,0,1024,-47.24733836
voicemark,3,english:1743,1,235,22011,tct,0,1024,-33.76378440
voicemark,3,english:1743,1,235,2402,mean,0,1024,-40.13897215
voicemark,3,english:1743,1,235,2402,tct,0,1024,-33.17748234
voicemark,3,english:1743,1,235,42775,mean,0,1024,-30.90091952
voicemark,3,english:1743,1,235,42775,tct,0,1024,-24.74244608
voicemark,3,english:1743,1,235,29444,mean,0,1024,-51.47518832
voicemark,3,english:1743,1,235,29444,tct,0,1024,-40.13550790
voicemark,3,english:1743,1,235,8635,mean,0,1024,-38.03171880
voicemark,3,english:1743,1,235,8635,tct,0,1024,-38.03017782
voicemark,3,english:1743,1,235,57117,mean,0,1024,-45.41591842
voicemark,3,english:1743,1,235,57117,tct,0,1024,-52.13362567
voicemark,3,english:1743,1,235,34160,mean,0,1024,-48.04070766
voicemark,3,english:1743,1,235,34160,tct,0,1024,-34.90382003
voicemark,3,english:1743,1,235,13759,mean,0,1024,-40.94220073
voicemark,3,english:1743,1,235,13759,tct,0,1024,-25.30904732
voicemark,3,english:1743,1,235,41690,mean,0,1024,-25.38027164
voicemark,3,english:1743,1,235,41690,tct,0,1024,-15.59089883
voicemark,3,english:1743,2,236,41850,mean,0,1024,-60.06821368
voicemark,3,english:1743,2,236,41850,tct,0,1024,-45.29117520
voicemark,3,english:1743,2,236,15483,mean,0,1024,-60.36984751
voicemark,3,english:1743,2,236,15483,tct,0,1024,-47.88083104
voicemark,3,english:1743,2,236,43282,mean,0,1024,-57.42577002
voicemark,3,english:1743,2,236,43282,tct,0,1024,-42.21955804
voicemark,3,english:1743,2,236,53957,mean,0,1024,-60.28302500
voicemark,3,english:1743,2,236,53957,tct,0,1024,-55.21455726
voicemark,3,english:1743,2,236,44631,mean,0,1024,-42.32794592
voicemark,3,english:1743,2,236,44631,tct,0,1024,-21.92678220
voicemark,3,english:1743,2,236,54359,mean,0,1024,-54.41951964
voicemark,3,english:1743,2,236,54359,tct,0,1024,-47.21743859
voicemark,3,english:1743,2,236,30936,mean,0,1024,-22.54886252
voicemark,3,english:1743,2,236,30936,tct,0,1024,-23.90494910
voicemark,3,english:1743,2,236,39869,mean,0,1024,-48.65540621
voicemark,3,english:1743,2,236,39869,tct,0,1024,-40.18807605
voicemark,3,english:1743,2,236,8147,mean,0,1024,-29.23894244
voicemark,3,english:1743,2,236,8147,tct,0,1024,-27.28034474
voicemark,3,english:1743,2,236,48402,mean,0,1024,-45.00328662
voicemark,3,english:1743,2,236,48402,tct,0,1024,-27.09543188
voicemark,3,english:1841,0,237,2137,mean,0,1024,-42.75463167
voicemark,3,english:1841,0,237,2137,tct,0,1024,-53.11212622
voicemark,3,english:1841,0,237,41256,mean,0,1024,-34.95388213
voicemark,3,english:1841,0,237,41256,tct,0,1024,-50.41089372
voicemark,3,english:1841,0,237,23584,mean,0,1024,-34.62991110
voicemark,3,english:1841,0,237,23584,tct,0,1024,-18.14320931
voicemark,3,english:1841,0,237,59366,mean,0,1024,-52.49513522
voicemark,3,english:1841,0,237,59366,tct,0,1024,-47.48526362
voicemark,3,english:1841,0,237,60711,mean,0,1024,-49.11204806
voicemark,3,english:1841,0,237,60711,tct,0,1024,-42.87293604
voicemark,3,english:1841,0,237,13692,mean,0,1024,-40.16491440
voicemark,3,english:1841,0,237,13692,tct,0,1024,-32.05843504
voicemark,3,english:1841,0,237,11859,mean,0,1024,-41.44862357
voicemark,3,english:1841,0,237,11859,tct,0,1024,-53.04454909
voicemark,3,english:1841,0,237,60904,mean,0,1024,-44.74294272
voicemark,3,english:1841,0,237,60904,tct,0,1024,-50.60330334
voicemark,3,english:1841,0,237,61642,mean,0,1024,-48.64222994
voicemark,3,english:1841,0,237,61642,tct,0,1024,-36.97381633
voicemark,3,english:1841,0,237,31214,mean,0,1024,-45.53884783
voicemark,3,english:1841,0,237,31214,tct,0,1024,-32.93387550
voicemark,3,english:1841,1,238,52332,mean,0,1024,-44.54233926
voicemark,3,english:1841,1,238,52332,tct,0,1024,-26.23996294
voicemark,3,english:1841,1,238,21182,mean,0,1024,-39.35108874
voicemark,3,english:1841,1,238,21182,tct,0,1024,-41.27705856
voicemark,3,english:1841,1,238,19589,mean,0,1024,-40.69423383
voicemark,3,english:1841,1,238,19589,tct,0,1024,-31.85538513
voicemark,3,english:1841,1,238,10359,mean,0,1024,-43.80430691
voicemark,3,english:1841,1,238,10359,tct,0,1024,-32.56306033
voicemark,3,english:1841,1,238,56250,mean,0,1024,-22.88400767
voicemark,3,english:1841,1,238,56250,tct,0,1024,-26.52408683
voicemark,3,english:1841,1,238,25631,mean,0,1024,-49.56292241
voicemark,3,english:1841,1,238,25631,tct,0,1024,-54.45811998
voicemark,3,english:1841,1,238,51949,mean,0,1024,-50.51546376
voicemark,3,english:1841,1,238,51949,tct,0,1024,-42.97816241
voicemark,3,english:1841,1,238,54332,mean,0,1024,-41.56499379
voicemark,3,english:1841,1,238,54332,tct,0,1024,-54.17235388
voicemark,3,english:1841,1,238,52219,mean,0,1024,-47.06415837
voicemark,3,english:1841,1,238,52219,tct,0,1024,-43.41428929
voicemark,3,english:1841,1,238,26507,mean,0,1024,-48.54028981
voicemark,3,english:1841,1,238,26507,tct,0,1024,-40.74160727
voicemark,3,english:1841,2,239,48384,mean,0,1024,-32.21105890
voicemark,3,english:1841,2,239,48384,tct,0,1024,-34.99861800
voicemark,3,english:1841,2,239,33206,mean,0,1024,-24.16621882
voicemark,3,english:1841,2,239,33206,tct,0,1024,-7.21896909
voicemark,3,english:1841,2,239,1186,mean,0,1024,-63.78247230
voicemark,3,english:1841,2,239,1186,tct,0,1024,-53.72867971
voicemark,3,english:1841,2,239,27873,mean,0,1024,-46.38784186
voicemark,3,english:1841,2,239,27873,tct,0,1024,-43.77564864
voicemark,3,english:1841,2,239,19036,mean,0,1024,-55.08210532
voicemark,3,english:1841,2,239,19036,tct,0,1024,-43.64505481
voicemark,3,english:1841,2,239,35856,mean,0,1024,-34.71212631
voicemark,3,english:1841,2,239,35856,tct,0,1024,-18.25261164
voicemark,3,english:1841,2,239,48099,mean,0,1024,-55.04393832
voicemark,3,english:1841,2,239,48099,tct,0,1024,-45.83613243
voicemark,3,english:1841,2,239,37893,mean,0,1024,-58.88273303
voicemark,3,english:1841,2,239,37893,tct,0,1024,-43.17235949
voicemark,3,english:1841,2,239,13905,mean,0,1024,-56.10527007
voicemark,3,english:1841,2,239,13905,tct,0,1024,-38.79418313
voicemark,3,english:1841,2,239,1038,mean,0,1024,-59.89773814
voicemark,3,english:1841,2,239,1038,tct,0,1024,-42.58515641
voicemark,3,english:1867,0,240,28582,mean,0,1024,-38.16371946
voicemark,3,english:1867,0,240,28582,tct,0,1024,-49.85746321
voicemark,3,english:1867,0,240,22596,mean,0,1024,-49.69489698
voicemark,3,english:1867,0,240,22596,tct,0,1024,-60.22752881
voicemark,3,english:1867,0,240,30717,mean,0,1024,-32.23410432
voicemark,3,english:1867,0,240,30717,tct,0,1024,-29.45714808
voicemark,3,english:1867,0,240,30015,mean,0,1024,-22.67290847
voicemark,3,english:1867,0,240,30015,tct,0,1024,-21.02703285
voicemark,3,english:1867,0,240,47124,mean,0,1024,-47.91955309
voicemark,3,english:1867,0,240,47124,tct,0,1024,-38.51406564
voicemark,3,english:1867,0,240,153,mean,0,1024,-35.10517693
voicemark,3,english:1867,0,240,153,tct,0,1024,-44.59688252
voicemark,3,english:1867,0,240,9016,mean,0,1024,-30.87670259
voicemark,3,english:1867,0,240,9016,tct,0,1024,-30.96311133
voicemark,3,english:1867,0,240,45813,mean,0,1024,-52.31388311
voicemark,3,english:1867,0,240,45813,tct,0,1024,-52.42932733
voicemark,3,english:1867,0,240,28486,mean,0,1024,-44.10616426
voicemark,3,english:1867,0,240,28486,tct,0,1024,-40.63499059
voicemark,3,english:1867,0,240,56734,mean,0,1024,-37.95429039
voicemark,3,english:1867,0,240,56734,tct,0,1024,-40.80304772
voicemark,3,english:1867,1,241,26433,mean,0,1024,-57.61986811
voicemark,3,english:1867,1,241,26433,tct,0,1024,-46.24374938
voicemark,3,english:1867,1,241,52387,mean,0,1024,-38.19615299
voicemark,3,english:1867,1,241,52387,tct,0,1024,-40.81873289
voicemark,3,english:1867,1,241,3524,mean,0,1024,-37.18020332
voicemark,3,english:1867,1,241,3524,tct,0,1024,-44.99416518
voicemark,3,english:1867,1,241,36078,mean,0,1024,-50.66549952
voicemark,3,english:1867,1,241,36078,tct,0,1024,-50.03986785
voicemark,3,english:1867,1,241,25827,mean,0,1024,-59.40435583
voicemark,3,english:1867,1,241,25827,tct,0,1024,-69.12886476
voicemark,3,english:1867,1,241,55027,mean,0,1024,-38.03032441
voicemark,3,english:1867,1,241,55027,tct,0,1024,-37.57718432
voicemark,3,english:1867,1,241,4805,mean,0,1024,-33.39573419
voicemark,3,english:1867,1,241,4805,tct,0,1024,-50.87335634
voicemark,3,english:1867,1,241,913,mean,0,1024,-49.23666079
voicemark,3,english:1867,1,241,913,tct,0,1024,-50.56157181
voicemark,3,english:1867,1,241,48815,mean,0,1024,-30.84783728
voicemark,3,english:1867,1,241,48815,tct,0,1024,-37.06209695
voicemark,3,english:1867,1,241,17878,mean,0,1024,-37.47088415
voicemark,3,english:1867,1,241,17878,tct,0,1024,-54.40978098
voicemark,3,english:1867,2,242,12778,mean,0,1024,-30.30808288
voicemark,3,english:1867,2,242,12778,tct,0,1024,-27.85763627
voicemark,3,english:1867,2,242,46060,mean,0,1024,-25.65569526
voicemark,3,english:1867,2,242,46060,tct,0,1024,-25.48485386
voicemark,3,english:1867,2,242,45360,mean,0,1024,-36.45395585
voicemark,3,english:1867,2,242,45360,tct,0,1024,-38.71066719
voicemark,3,english:1867,2,242,62135,mean,0,1024,-28.06525763
voicemark,3,english:1867,2,242,62135,tct,0,1024,-46.90633126
voicemark,3,english:1867,2,242,61838,mean,0,1024,-31.89780004
voicemark,3,english:1867,2,242,61838,tct,0,1024,-31.57865850
voicemark,3,english:1867,2,242,51300,mean,0,1024,-46.90305920
voicemark,3,english:1867,2,242,51300,tct,0,1024,-51.54593356
voicemark,3,english:1867,2,242,30410,mean,0,1024,-37.74075367
voicemark,3,english:1867,2,242,30410,tct,0,1024,-31.32923072
voicemark,3,english:1867,2,242,19801,mean,0,1024,-44.62920590
voicemark,3,english:1867,2,242,19801,tct,0,1024,-40.64036859
voicemark,3,english:1867,2,242,56401,mean,0,1024,-28.37945498
voicemark,3,english:1867,2,242,56401,tct,0,1024,-25.59001114
voicemark,3,english:1867,2,242,58609,mean,0,1024,-34.12598170
voicemark,3,english:1867,2,242,58609,tct,0,1024,-53.29853815
voicemark,3,english:1898,0,243,59455,mean,0,1024,-62.92169417
voicemark,3,english:1898,0,243,59455,tct,0,1024,-48.52796331
voicemark,3,english:1898,0,243,19109,mean,0,1024,-48.89549735
voicemark,3,english:1898,0,243,19109,tct,0,1024,-34.21841884
voicemark,3,english:1898,0,243,53307,mean,0,1024,-34.95755519
voicemark,3,english:1898,0,243,53307,tct,0,1024,-40.30594193
voicemark,3,english:1898,0,243,4991,mean,0,1024,-72.41902389
voicemark,3,english:1898,0,243,4991,tct,0,1024,-72.10023092
voicemark,3,english:1898,0,243,45186,mean,0,1024,-63.68472137
voicemark,3,english:1898,0,243,45186,tct,0,1024,-51.96955129
voicemark,3,english:1898,0,243,40096,mean,0,1024,-66.76826419
voicemark,3,english:1898,0,243,40096,tct,0,1024,-55.53694365
voicemark,3,english:1898,0,243,15238,mean,0,1024,-52.82594658
voicemark,3,english:1898,0,243,15238,tct,0,1024,-49.12449396
voicemark,3,english:1898,0,243,10163,mean,0,1024,-44.25285460
voicemark,3,english:1898,0,243,10163,tct,0,1024,-33.69730803
voicemark,3,english:1898,0,243,35494,mean,0,1024,-37.52396014
voicemark,3,english:1898,0,243,35494,tct,0,1024,-29.49755704
voicemark,3,english:1898,0,243,54403,mean,0,1024,-41.53349425
voicemark,3,english:1898,0,243,54403,tct,0,1024,-44.12027192
voicemark,3,english:1898,1,244,25865,mean,0,1024,-39.53529310
voicemark,3,english:1898,1,244,25865,tct,0,1024,-24.12037282
voicemark,3,english:1898,1,244,6875,mean,0,1024,-36.95691681
voicemark,3,english:1898,1,244,6875,tct,0,1024,-52.72212382
voicemark,3,english:1898,1,244,47219,mean,0,1024,-35.50372106
voicemark,3,english:1898,1,244,47219,tct,0,1024,-38.28147282
voicemark,3,english:1898,1,244,22872,mean,0,1024,-38.34341907
voicemark,3,english:1898,1,244,22872,tct,0,1024,-31.35219729
voicemark,3,english:1898,1,244,54060,mean,0,1024,-35.35026717
voicemark,3,english:1898,1,244,54060,tct,0,1024,-26.69131795
voicemark,3,english:1898,1,244,19437,mean,0,1024,-32.16058636
voicemark,3,english:1898,1,244,19437,tct,0,1024,-31.96352079
voicemark,3,english:1898,1,244,29879,mean,0,1024,-37.41584182
voicemark,3,english:1898,1,244,29879,tct,0,1024,-32.86986481
voicemark,3,english:1898,1,244,19171,mean,0,1024,-30.84918022
voicemark,3,english:1898,1,244,19171,tct,0,1024,-32.64456823
voicemark,3,english:1898,1,244,19116,mean,0,1024,-35.50387001
voicemark,3,english:1898,1,244,19116,tct,0,1024,-47.17006590
voicemark,3,english:1898,1,244,59095,mean,0,1024,-35.92041158
voicemark,3,english:1898,1,244,59095,tct,0,1024,-46.89720961
voicemark,3,english:1898,2,245,40501,mean,0,1024,-49.90252842
voicemark,3,english:1898,2,245,40501,tct,0,1024,-46.55631292
voicemark,3,english:1898,2,245,10894,mean,0,1024,-62.49459223
voicemark,3,english:1898,2,245,10894,tct,0,1024,-57.53283120
voicemark,3,english:1898,2,245,60789,mean,0,1024,-57.67242483
voicemark,3,english:1898,2,245,60789,tct,0,1024,-35.65352938
voicemark,3,english:1898,2,245,16186,mean,0,1024,-41.26237549
voicemark,3,english:1898,2,245,16186,tct,0,1024,-35.60695330
voicemark,3,english:1898,2,245,47863,mean,0,1024,-49.83366445
voicemark,3,english:1898,2,245,47863,tct,0,1024,-11.76211569
voicemark,3,english:1898,2,245,30315,mean,0,1024,-65.21947531
voicemark,3,english:1898,2,245,30315,tct,0,1024,-58.63747562
voicemark,3,english:1898,2,245,17422,mean,0,1024,-53.72430757
voicemark,3,english:1898,2,245,17422,tct,0,1024,-56.84008893
voicemark,3,english:1898,2,245,62119,mean,0,1024,-52.97610716
voicemark,3,english:1898,2,245,62119,tct,0,1024,-28.00669269
voicemark,3,english:1898,2,245,22028,mean,0,1024,-59.08186296
voicemark,3,english:1898,2,245,22028,tct,0,1024,-61.13492879
voicemark,3,english:1898,2,245,28061,mean,0,1024,-62.53288702
voicemark,3,english:1898,2,245,28061,tct,0,1024,-62.30601626
voicemark,3,english:19,0,246,2261,mean,0,1024,-49.86255450
voicemark,3,english:19,0,246,2261,tct,0,1024,-56.26288733
voicemark,3,english:19,0,246,30217,mean,0,1024,-29.12648602
voicemark,3,english:19,0,246,30217,tct,0,1024,-33.94703575
voicemark,3,english:19,0,246,28806,mean,0,1024,-27.58225055
voicemark,3,english:19,0,246,28806,tct,0,1024,-30.79679815
voicemark,3,english:19,0,246,704,mean,0,1024,-69.70922275
voicemark,3,english:19,0,246,704,tct,0,1024,-55.04375072
voicemark,3,english:19,0,246,64019,mean,0,1024,-42.38032527
voicemark,3,english:19,0,246,64019,tct,0,1024,-36.90096973
voicemark,3,english:19,0,246,31668,mean,0,1024,-39.69998689
voicemark,3,english:19,0,246,31668,tct,0,1024,-33.47710509
voicemark,3,english:19,0,246,65193,mean,0,1024,-56.51087756
voicemark,3,english:19,0,246,65193,tct,0,1024,-50.39836443
voicemark,3,english:19,0,246,6727,mean,0,1024,-28.98123622
voicemark,3,english:19,0,246,6727,tct,0,1024,-25.80648853
voicemark,3,english:19,0,246,46003,mean,0,1024,-45.53068919
voicemark,3,english:19,0,246,46003,tct,0,1024,-52.00147423
voicemark,3,english:19,0,246,6797,mean,0,1024,-44.28868384
voicemark,3,english:19,0,246,6797,tct,0,1024,-40.32781195
voicemark,3,english:19,1,247,39664,mean,0,1024,-21.10804844
voicemark,3,english:19,1,247,39664,tct,0,1024,-19.15114856
voicemark,3,english:19,1,247,8371,mean,0,1024,-26.73690548
voicemark,3,english:19,1,247,8371,tct,0,1024,-50.37760134
voicemark,3,english:19,1,247,17211,mean,0,1024,-44.05899611
voicemark,3,english:19,1,247,17211,tct,0,1024,-48.89535952
voicemark,3,english:19,1,247,6482,mean,0,1024,-37.32178631
voicemark,3,english:19,1,247,6482,tct,0,1024,-31.16131287
voicemark,3,english:19,1,247,12244,mean,0,1024,-28.27623215
voicemark,3,english:19,1,247,12244,tct,0,1024,-19.22484361
voicemark,3,english:19,1,247,15438,mean,0,1024,-47.45986691
voicemark,3,english:19,1,247,15438,tct,0,1024,-51.61397459
voicemark,3,english:19,1,247,56324,mean,0,1024,-39.87783232
voicemark,3,english:19,1,247,56324,tct,0,1024,-42.07251632
voicemark,3,english:19,1,247,35660,mean,0,1024,-12.55336304
voicemark,3,english:19,1,247,35660,tct,0,1024,-18.97463081
voicemark,3,english:19,1,247,57247,mean,0,1024,-35.49159422
voicemark,3,english:19,1,247,57247,tct,0,1024,-35.76987136
voicemark,3,english:19,1,247,64285,mean,0,1024,-28.91998616
voicemark,3,english:19,1,247,64285,tct,0,1024,-36.27299767
voicemark,3,english:19,2,248,55561,mean,0,1024,-32.64822957
voicemark,3,english:19,2,248,55561,tct,0,1024,-21.00016252
voicemark,3,english:19,2,248,17493,mean,0,1024,-31.97617927
voicemark,3,english:19,2,248,17493,tct,0,1024,-29.15876023
voicemark,3,english:19,2,248,44074,mean,0,1024,-52.99289384
voicemark,3,english:19,2,248,44074,tct,0,1024,-52.87302264
voicemark,3,english:19,2,248,50153,mean,0,1024,-35.21997495
voicemark,3,english:19,2,248,50153,tct,0,1024,-37.58820558
voicemark,3,english:19,2,248,63050,mean,0,1024,-59.58558717
voicemark,3,english:19,2,248,63050,tct,0,1024,-70.45686095
voicemark,3,english:19,2,248,37093,mean,0,1024,-44.83311144
voicemark,3,english:19,2,248,37093,tct,0,1024,-46.41731865
voicemark,3,english:19,2,248,43053,mean,0,1024,-48.89998785
voicemark,3,english:19,2,248,43053,tct,0,1024,-43.57415328
voicemark,3,english:19,2,248,51884,mean,0,1024,-60.29807249
voicemark,3,english:19,2,248,51884,tct,0,1024,-59.80476696
voicemark,3,english:19,2,248,134,mean,0,1024,-50.14677492
voicemark,3,english:19,2,248,134,tct,0,1024,-30.32751652
voicemark,3,english:19,2,248,46295,mean,0,1024,-45.24437013
voicemark,3,english:19,2,248,46295,tct,0,1024,-42.72314638
voicemark,3,english:1926,0,249,44935,mean,0,1024,-34.86834784
voicemark,3,english:1926,0,249,44935,tct,0,1024,-26.91270004
voicemark,3,english:1926,0,249,28863,mean,0,1024,-35.80892309
voicemark,3,english:1926,0,249,28863,tct,0,1024,-36.08417364
voicemark,3,english:1926,0,249,20613,mean,0,1024,-39.65318461
voicemark,3,english:1926,0,249,20613,tct,0,1024,-37.16156410
voicemark,3,english:1926,0,249,27766,mean,0,1024,-46.97435542
voicemark,3,english:1926,0,249,27766,tct,0,1024,-54.27966204
voicemark,3,english:1926,0,249,47596,mean,0,1024,-61.53909751
voicemark,3,english:1926,0,249,47596,tct,0,1024,-62.27924827
voicemark,3,english:1926,0,249,20602,mean,0,1024,-39.47223540
voicemark,3,english:1926,0,249,20602,tct,0,1024,-37.03629225
voicemark,3,english:1926,0,249,34566,mean,0,1024,-31.69959422
voicemark,3,english:1926,0,249,34566,tct,0,1024,-40.93071007
voicemark,3,english:1926,0,249,60936,mean,0,1024,-48.66397830
voicemark,3,english:1926,0,249,60936,tct,0,1024,-43.15078841
voicemark,3,english:1926,0,249,59177,mean,0,1024,-50.37257262
voicemark,3,english:1926,0,249,59177,tct,0,1024,-57.89347392
voicemark,3,english:1926,0,249,19198,mean,0,1024,-48.91783186
voicemark,3,english:1926,0,249,19198,tct,0,1024,-48.38774477
voicemark,3,english:1926,1,250,26304,mean,0,1024,-50.31032658
voicemark,3,english:1926,1,250,26304,tct,0,1024,-38.51144983
voicemark,3,english:1926,1,250,1693,mean,0,1024,-66.41661343
voicemark,3,english:1926,1,250,1693,tct,0,1024,-54.57625136
voicemark,3,english:1926,1,250,52030,mean,0,1024,-46.47939954
voicemark,3,english:1926,1,250,52030,tct,0,1024,-56.06461817
voicemark,3,english:1926,1,250,57314,mean,0,1024,-49.48546014
voicemark,3,english:1926,1,250,57314,tct,0,1024,-54.80175590
voicemark,3,english:1926,1,250,44229,mean,0,1024,-58.65715108
voicemark,3,english:1926,1,250,44229,tct,0,1024,-56.24062722
voicemark,3,english:1926,1,250,39837,mean,0,1024,-58.76827416
voicemark,3,english:1926,1,250,39837,tct,0,1024,-67.24996268
voicemark,3,english:1926,1,250,1052,mean,0,1024,-58.01758942
voicemark,3,english:1926,1,250,1052,tct,0,1024,-57.00951990
voicemark,3,english:1926,1,250,43470,mean,0,1024,-56.39545331
voicemark,3,english:1926,1,250,43470,tct,0,1024,-53.94759306
voicemark,3,english:1926,1,250,41549,mean,0,1024,-54.46060548
voicemark,3,english:1926,1,250,41549,tct,0,1024,-34.61833057
voicemark,3,english:1926,1,250,49502,mean,0,1024,-52.15612111
voicemark,3,english:1926,1,250,49502,tct,0,1024,-42.51542029
voicemark,3,english:1926,2,251,8308,mean,0,1024,-51.44907882
voicemark,3,english:1926,2,251,8308,tct,0,1024,-46.24137255
voicemark,3,english:1926,2,251,64389,mean,0,1024,-66.07098749
voicemark,3,english:1926,2,251,64389,tct,0,1024,-65.93391248
voicemark,3,english:1926,2,251,28841,mean,0,1024,-66.83762243
voicemark,3,english:1926,2,251,28841,tct,0,1024,-63.72083241
voicemark,3,english:1926,2,251,38229,mean,0,1024,-39.91462360
voicemark,3,english:1926,2,251,38229,tct,0,1024,-46.26997042
voicemark,3,english:1926,2,251,28057,mean,0,1024,-65.28976801
voicemark,3,english:1926,2,251,28057,tct,0,1024,-49.78361184
voicemark,3,english:1926,2,251,51151,mean,0,1024,-47.42161277
voicemark,3,english:1926,2,251,51151,tct,0,1024,-38.81509303
voicemark,3,english:1926,2,251,19755,mean,0,1024,-66.64336183
voicemark,3,english:1926,2,251,19755,tct,0,1024,-58.01220089
voicemark,3,english:1926,2,251,1327,mean,0,1024,-26.97805176
voicemark,3,english:1926,2,251,1327,tct,0,1024,-27.16927962
voicemark,3,english:1926,2,251,61900,mean,0,1024,-62.11044386
voicemark,3,english:1926,2,251,61900,tct,0,1024,-57.46758270
voicemark,3,english:1926,2,251,30865,mean,0,1024,-47.48241380
voicemark,3,english:1926,2,251,30865,tct,0,1024,-35.26352039
voicemark,3,english:196,0,252,58395,mean,0,1024,-29.27175927
voicemark,3,english:196,0,252,58395,tct,0,1024,-16.48484485
voicemark,3,english:196,0,252,58178,mean,0,1024,-49.21814428
voicemark,3,english:196,0,252,58178,tct,0,1024,-38.80585629
voicemark,3,english:196,0,252,19704,mean,0,1024,-45.15752302
voicemark,3,english:196,0,252,19704,tct,0,1024,-52.48140502
voicemark,3,english:196,0,252,26279,mean,0,1024,-51.25055300
voicemark,3,english:196,0,252,26279,tct,0,1024,-59.61536160
voicemark,3,english:196,0,252,46795,mean,0,1024,-42.44656645
voicemark,3,english:196,0,252,46795,tct,0,1024,-28.25823818
voicemark,3,english:196,0,252,31674,mean,0,1024,-26.57024221
voicemark,3,english:196,0,252,31674,tct,0,1024,-32.39945416
voicemark,3,english:196,0,252,16746,mean,0,1024,-50.43101870
voicemark,3,english:196,0,252,16746,tct,0,1024,-45.80346209
voicemark,3,english:196,0,252,1423,mean,0,1024,-27.29598664
voicemark,3,english:196,0,252,1423,tct,0,1024,-38.80916860
voicemark,3,english:196,0,252,53839,mean,0,1024,-35.00848566
voicemark,3,english:196,0,252,53839,tct,0,1024,-7.01904106
voicemark,3,english:196,0,252,42307,mean,0,1024,-56.20142351
voicemark,3,english:196,0,252,42307,tct,0,1024,-52.22743119
voicemark,3,english:196,1,253,430,mean,0,1024,-26.93053209
voicemark,3,english:196,1,253,430,tct,0,1024,-24.44616486
voicemark,3,english:196,1,253,25346,mean,0,1024,-36.09559285
voicemark,3,english:196,1,253,25346,tct,0,1024,-23.87473126
voicemark,3,english:196,1,253,8153,mean,0,1024,-18.36380889
voicemark,3,english:196,1,253,8153,tct,0,1024,-16.40998497
voicemark,3,english:196,1,253,46261,mean,0,1024,-51.37337672
voicemark,3,english:196,1,253,46261,tct,0,1024,-55.72137503
voicemark,3,english:196,1,253,27963,mean,0,1024,-29.03342282
voicemark,3,english:196,1,253,27963,tct,0,1024,-22.06729575
voicemark,3,english:196,1,253,51458,mean,0,1024,-33.79257237
voicemark,3,english:196,1,253,51458,tct,0,1024,-28.60284587
voicemark,3,english:196,1,253,40279,mean,0,1024,-35.36129366
voicemark,3,english:196,1,253,40279,tct,0,1024,-36.59876365
voicemark,3,english:196,1,253,5049,mean,0,1024,-50.76632487
voicemark,3,english:196,1,253,5049,tct,0,1024,-58.65704030
voicemark,3,english:196,1,253,61443,mean,0,1024,-37.65518986
voicemark,3,english:196,1,253,61443,tct,0,1024,-35.59470370
voicemark,3,english:196,1,253,64930,mean,0,1024,-42.76417147
voicemark,3,english:196,1,253,64930,tct,0,1024,-35.34284689
voicemark,3,english:196,2,254,45158,mean,0,1024,-47.04779151
voicemark,3,english:196,2,254,45158,tct,0,1024,-41.49772409
voicemark,3,english:196,2,254,3885,mean,0,1024,-51.63510707
voicemark,3,english:196,2,254,3885,tct,0,1024,-45.47349688
voicemark,3,english:196,2,254,10313,mean,0,1024,-63.11133006
voicemark,3,english:196,2,254,10313,tct,0,1024,-70.03264742
voicemark,3,english:196,2,254,29086,mean,0,1024,-38.08440581
voicemark,3,english:196,2,254,29086,tct,0,1024,-50.12703228
voicemark,3,english:196,2,254,54911,mean,0,1024,-58.21748069
voicemark,3,english:196,2,254,54911,tct,0,1024,-30.08134651
voicemark,3,english:196,2,254,58404,mean,0,1024,-43.55500221
voicemark,3,english:196,2,254,58404,tct,0,1024,-43.87581224
voicemark,3,english:196,2,254,14673,mean,0,1024,-35.78199962
voicemark,3,english:196,2,254,14673,tct,0,1024,-45.22817457
voicemark,3,english:196,2,254,58239,mean,0,1024,-28.33535528
voicemark,3,english:196,2,254,58239,tct,0,1024,-30.18859092
voicemark,3,english:196,2,254,61236,mean,0,1024,-31.37372589
voicemark,3,english:196,2,254,61236,tct,0,1024,-40.80266154
voicemark,3,english:196,2,254,56053,mean,0,1024,-32.08680821
voicemark,3,english:196,2,254,56053,tct,0,1024,-12.98665627
voicemark,3,english:1963,0,255,24970,mean,0,1024,-30.50542333
voicemark,3,english:1963,0,255,24970,tct,0,1024,-50.50844228
voicemark,3,english:1963,0,255,29768,mean,0,1024,-27.85928991
voicemark,3,english:1963,0,255,29768,tct,0,1024,-23.86051281
voicemark,3,english:1963,0,255,27611,mean,0,1024,-35.58567503
voicemark,3,english:1963,0,255,27611,tct,0,1024,-65.09108665
voicemark,3,english:1963,0,255,24862,mean,0,1024,-33.32704380
voicemark,3,english:1963,0,255,24862,tct,0,1024,-33.90390631
voicemark,3,english:1963,0,255,64752,mean,0,1024,-34.18973091
voicemark,3,english:1963,0,255,64752,tct,0,1024,-29.35896781
voicemark,3,english:1963,0,255,15941,mean,0,1024,-31.64981535
voicemark,3,english:1963,0,255,15941,tct,0,1024,-10.52102244
voicemark,3,english:1963,0,255,47317,mean,0,1024,-37.49580934
voicemark,3,english:1963,0,255,47317,tct,0,1024,-22.74810556
voicemark,3,english:1963,0,255,27399,mean,0,1024,-29.38942572
voicemark,3,english:1963,0,255,27399,tct,0,1024,-22.01160768
voicemark,3,english:1963,0,255,15700,mean,0,1024,-21.48833611
voicemark,3,english:1963,0,255,15700,tct,0,1024,-21.98633118
voicemark,3,english:1963,0,255,53809,mean,0,1024,-17.86775999
voicemark,3,english:1963,0,255,53809,tct,0,1024,-20.74445576
voicemark,3,english:1963,1,256,41232,mean,0,1024,-49.62693687
voicemark,3,english:1963,1,256,41232,tct,0,1024,-68.71926642
voicemark,3,english:1963,1,256,55916,mean,0,1024,-46.57066985
voicemark,3,english:1963,1,256,55916,tct,0,1024,-39.09777362
voicemark,3,english:1963,1,256,17538,mean,0,1024,-41.16118213
voicemark,3,english:1963,1,256,17538,tct,0,1024,-53.46688965
voicemark,3,english:1963,1,256,58740,mean,0,1024,-41.97644611
voicemark,3,english:1963,1,256,58740,tct,0,1024,-30.04132802
voicemark,3,english:1963,1,256,61426,mean,0,1024,-42.15934225
voicemark,3,english:1963,1,256,61426,tct,0,1024,-22.28148268
voicemark,3,english:1963,1,256,3509,mean,0,1024,-49.35319420
voicemark,3,english:1963,1,256,3509,tct,0,1024,-41.23806189
voicemark,3,english:1963,1,256,51951,mean,0,1024,-42.23877307
voicemark,3,english:1963,1,256,51951,tct,0,1024,-37.54479934
voicemark,3,english:1963,1,256,9077,mean,0,1024,-52.55820461
voicemark,3,english:1963,1,256,9077,tct,0,1024,-45.16235120
voicemark,3,english:1963,1,256,28849,mean,0,1024,-10.85264518
voicemark,3,english:1963,1,256,28849,tct,0,1024,-5.86989474
voicemark,3,english:1963,1,256,48971,mean,0,1024,-27.32810326
voicemark,3,english:1963,1,256,48971,tct,0,1024,-18.39542083
voicemark,3,english:1963,2,257,7171,mean,0,1024,-41.77697852
voicemark,3,english:1963,2,257,7171,tct,0,1024,-45.29468152
voicemark,3,english:1963,2,257,31488,mean,0,1024,-9.90124989
voicemark,3,english:1963,2,257,31488,tct,0,1024,-19.64707200
voicemark,3,english:1963,2,257,13689,mean,0,1024,-44.66239169
voicemark,3,english:1963,2,257,13689,tct,0,1024,-51.64314575
voicemark,3,english:1963,2,257,34049,mean,0,1024,-38.35972407
voicemark,3,english:1963,2,257,34049,tct,0,1024,-44.52205683
voicemark,3,english:1963,2,257,16680,mean,0,1024,-24.74308207
voicemark,3,english:1963,2,257,16680,tct,0,1024,-24.93597335
voicemark,3,english:1963,2,257,27168,mean,0,1024,-2.87985578
voicemark,3,english:1963,2,257,27168,tct,0,1024,-7.78502531
voicemark,3,english:1963,2,257,35556,mean,0,1024,-33.77150347
voicemark,3,english:1963,2,257,35556,tct,0,1024,-41.48261223
voicemark,3,english:1963,2,257,59723,mean,0,1024,-34.32347634
voicemark,3,english:1963,2,257,59723,tct,0,1024,-35.40583607
voicemark,3,english:1963,2,257,17574,mean,0,1024,-25.40197756
voicemark,3,english:1963,2,257,17574,tct,0,1024,-30.76477606
voicemark,3,english:1963,2,257,35563,mean,0,1024,-31.29098609
voicemark,3,english:1963,2,257,35563,tct,0,1024,-39.36403353
voicemark,3,english:1970,0,258,57013,mean,0,1024,-43.31914823
voicemark,3,english:1970,0,258,57013,tct,0,1024,-42.44281805
voicemark,3,english:1970,0,258,2794,mean,0,1024,-46.61115758
voicemark,3,english:1970,0,258,2794,tct,0,1024,-43.74198618
voicemark,3,english:1970,0,258,21400,mean,0,1024,-52.21134011
voicemark,3,english:1970,0,258,21400,tct,0,1024,-34.27647771
voicemark,3,english:1970,0,258,64057,mean,0,1024,-35.22120206
voicemark,3,english:1970,0,258,64057,tct,0,1024,-24.12764382
voicemark,3,english:1970,0,258,49256,mean,0,1024,-41.96152513
voicemark,3,english:1970,0,258,49256,tct,0,1024,-31.35453365
voicemark,3,english:1970,0,258,27621,mean,0,1024,-51.65272061
voicemark,3,english:1970,0,258,27621,tct,0,1024,-61.73275793
voicemark,3,english:1970,0,258,62596,mean,0,1024,-34.33376710
voicemark,3,english:1970,0,258,62596,tct,0,1024,-41.95190332
voicemark,3,english:1970,0,258,34330,mean,0,1024,-22.09798102
voicemark,3,english:1970,0,258,34330,tct,0,1024,-26.97789573
voicemark,3,english:1970,0,258,55610,mean,0,1024,-32.89941327
voicemark,3,english:1970,0,258,55610,tct,0,1024,-34.87633169
voicemark,3,english:1970,0,258,10796,mean,0,1024,-49.23546140
voicemark,3,english:1970,0,258,10796,tct,0,1024,-48.97501695
voicemark,3,english:1970,1,259,61263,mean,0,1024,-29.70019357
voicemark,3,english:1970,1,259,61263,tct,0,1024,-45.05882392
voicemark,3,english:1970,1,259,907,mean,0,1024,-17.04145805
voicemark,3,english:1970,1,259,907,tct,0,1024,-10.79132497
voicemark,3,english:1970,1,259,42346,mean,0,1024,-13.25113085
voicemark,3,english:1970,1,259,42346,tct,0,1024,-28.45258009
voicemark,3,english:1970,1,259,36873,mean,0,1024,-26.65771572
voicemark,3,english:1970,1,259,36873,tct,0,1024,-26.87945140
voicemark,3,english:1970,1,259,18906,mean,0,1024,-13.64738038
voicemark,3,english:1970,1,259,18906,tct,0,1024,-11.12741949
voicemark,3,english:1970,1,259,56901,mean,0,1024,-19.45558350
voicemark,3,english:1970,1,259,56901,tct,0,1024,-28.03028953
voicemark,3,english:1970,1,259,16883,mean,0,1024,-30.23282687
voicemark,3,english:1970,1,259,16883,tct,0,1024,-37.89413831
voicemark,3,english:1970,1,259,37337,mean,0,1024,-23.81833927
voicemark,3,english:1970,1,259,37337,tct,0,1024,-27.65384219
voicemark,3,english:1970,1,259,8130,mean,0,1024,-28.65645377
voicemark,3,english:1970,1,259,8130,tct,0,1024,-28.07831118
voicemark,3,english:1970,1,259,50264,mean,0,1024,-28.89825170
voicemark,3,english:1970,1,259,50264,tct,0,1024,-42.08567956
voicemark,3,english:1970,2,260,11953,mean,0,1024,-34.51924642
voicemark,3,english:1970,2,260,11953,tct,0,1024,-53.87865908
voicemark,3,english:1970,2,260,6098,mean,0,1024,-34.51041236
voicemark,3,english:1970,2,260,6098,tct,0,1024,-58.84625728
voicemark,3,english:1970,2,260,5513,mean,0,1024,-39.03506627
voicemark,3,english:1970,2,260,5513,tct,0,1024,-52.87111829
voicemark,3,english:1970,2,260,21282,mean,0,1024,-34.32952418
voicemark,3,english:1970,2,260,21282,tct,0,1024,-24.44454012
voicemark,3,english:1970,2,260,4561,mean,0,1024,-28.35701784
voicemark,3,english:1970,2,260,4561,tct,0,1024,-51.36018260
voicemark,3,english:1970,2,260,44556,mean,0,1024,-41.94876733
voicemark,3,english:1970,2,260,44556,tct,0,1024,-26.21549800
voicemark,3,english:1970,2,260,44385,mean,0,1024,-25.62280210
voicemark,3,english:1970,2,260,44385,tct,0,1024,-41.41057324
voicemark,3,english:1970,2,260,60036,mean,0,1024,-26.14193964
voicemark,3,english:1970,2,260,60036,tct,0,1024,-15.76168045
voicemark,3,english:1970,2,260,26153,mean,0,1024,-37.52293553
voicemark,3,english:1970,2,260,26153,tct,0,1024,-51.01074578
voicemark,3,english:1970,2,260,23867,mean,0,1024,-34.17707696
voicemark,3,english:1970,2,260,23867,tct,0,1024,-34.62408173
voicemark,3,english:198,0,261,34610,mean,0,1024,-43.81388170
voicemark,3,english:198,0,261,34610,tct,0,1024,-54.69336678
voicemark,3,english:198,0,261,29992,mean,0,1024,-39.16706449
voicemark,3,english:198,0,261,29992,tct,0,1024,-48.66596886
voicemark,3,english:198,0,261,18274,mean,0,1024,-35.34474737
voicemark,3,english:198,0,261,18274,tct,0,1024,-32.10083781
voicemark,3,english:198,0,261,56456,mean,0,1024,-38.69539577
voicemark,3,english:198,0,261,56456,tct,0,1024,-19.61094734
voicemark,3,english:198,0,261,33675,mean,0,1024,-53.84504325
voicemark,3,english:198,0,261,33675,tct,0,1024,-37.80572242
voicemark,3,english:198,0,261,6853,mean,0,1024,-45.27685002
voicemark,3,english:198,0,261,6853,tct,0,1024,-38.15445423
voicemark,3,english:198,0,261,51847,mean,0,1024,-51.84235865
voicemark,3,english:198,0,261,51847,tct,0,1024,-38.68155917
voicemark,3,english:198,0,261,46294,mean,0,1024,-44.49262682
voicemark,3,english:198,0,261,46294,tct,0,1024,-58.06612575
voicemark,3,english:198,0,261,43046,mean,0,1024,-47.75817266
voicemark,3,english:198,0,261,43046,tct,0,1024,-33.36341472
voicemark,3,english:198,0,261,64559,mean,0,1024,-50.76392371
voicemark,3,english:198,0,261,64559,tct,0,1024,-53.45434645
voicemark,3,english:198,1,262,57057,mean,0,1024,-36.78417620
voicemark,3,english:198,1,262,57057,tct,0,1024,-39.89788667
voicemark,3,english:198,1,262,32187,mean,0,1024,-42.34614978
voicemark,3,english:198,1,262,32187,tct,0,1024,-43.40966276
voicemark,3,english:198,1,262,28717,mean,0,1024,-43.05970988
voicemark,3,english:198,1,262,28717,tct,0,1024,-40.29379834
voicemark,3,english:198,1,262,18048,mean,0,1024,-36.95918603
voicemark,3,english:198,1,262,18048,tct,0,1024,-42.23502547
voicemark,3,english:198,1,262,24941,mean,0,1024,-19.68856885
voicemark,3,english:198,1,262,24941,tct,0,1024,-30.33612392
voicemark,3,english:198,1,262,57074,mean,0,1024,-37.94522700
voicemark,3,english:198,1,262,57074,tct,0,1024,-38.64507714
voicemark,3,english:198,1,262,36184,mean,0,1024,-39.93609938
voicemark,3,english:198,1,262,36184,tct,0,1024,-47.51562032
voicemark,3,english:198,1,262,6383,mean,0,1024,-47.51400027
voicemark,3,english:198,1,262,6383,tct,0,1024,-36.24172720
voicemark,3,english:198,1,262,54876,mean,0,1024,-42.75131259
voicemark,3,english:198,1,262,54876,tct,0,1024,-45.87475077
voicemark,3,english:198,1,262,56500,mean,0,1024,-36.64067683
voicemark,3,english:198,1,262,56500,tct,0,1024,-36.64067683
voicemark,3,english:198,2,263,30197,mean,0,1024,-35.16095196
voicemark,3,english:198,2,263,30197,tct,0,1024,-16.85011432
voicemark,3,english:198,2,263,6098,mean,0,1024,-42.94350867
voicemark,3,english:198,2,263,6098,tct,0,1024,-42.19223233
voicemark,3,english:198,2,263,59191,mean,0,1024,-40.11406039
voicemark,3,english:198,2,263,59191,tct,0,1024,-36.17684670
voicemark,3,english:198,2,263,26666,mean,0,1024,-51.80787997
voicemark,3,english:198,2,263,26666,tct,0,1024,-47.19125736
voicemark,3,english:198,2,263,11939,mean,0,1024,-48.38824658
voicemark,3,english:198,2,263,11939,tct,0,1024,-29.11202346
voicemark,3,english:198,2,263,29124,mean,0,1024,-42.21074330
voicemark,3,english:198,2,263,29124,tct,0,1024,-33.39560390
voicemark,3,english:198,2,263,15456,mean,0,1024,-61.68851237
voicemark,3,english:198,2,263,15456,tct,0,1024,-48.02709599
voicemark,3,english:198,2,263,57903,mean,0,1024,-44.43973826
voicemark,3,english:198,2,263,57903,tct,0,1024,-41.55895030
voicemark,3,english:198,2,263,31401,mean,0,1024,-46.52573811
voicemark,3,english:198,2,263,31401,tct,0,1024,-36.73696106
voicemark,3,english:198,2,263,10175,mean,0,1024,-50.08347659
voicemark,3,english:198,2,263,10175,tct,0,1024,-41.19814797
voicemark,3,english:1992,0,264,19235,mean,0,1024,-46.05652560
voicemark,3,english:1992,0,264,19235,tct,0,1024,-48.78845031
voicemark,3,english:1992,0,264,51938,mean,0,1024,-54.49086989
voicemark,3,english:1992,0,264,51938,tct,0,1024,-57.16958304
voicemark,3,english:1992,0,264,6167,mean,0,1024,-42.16471280
voicemark,3,english:1992,0,264,6167,tct,0,1024,-26.20755036
voicemark,3,english:1992,0,264,42125,mean,0,1024,-49.90975226
voicemark,3,english:1992,0,264,42125,tct,0,1024,-47.61488981
voicemark,3,english:1992,0,264,42005,mean,0,1024,-57.03492964
voicemark,3,english:1992,0,264,42005,tct,0,1024,-63.80262106
voicemark,3,english:1992,0,264,20697,mean,0,1024,-45.19210232
voicemark,3,english:1992,0,264,20697,tct,0,1024,-34.13790385
voicemark,3,english:1992,0,264,4152,mean,0,1024,-41.50840939
voicemark,3,english:1992,0,264,4152,tct,0,1024,-30.47455946
voicemark,3,english:1992,0,264,22396,mean,0,1024,-44.60499657
voicemark,3,english:1992,0,264,22396,tct,0,1024,-33.04014317
voicemark,3,english:1992,0,264,33729,mean,0,1024,-61.65057601
voicemark,3,english:1992,0,264,33729,tct,0,1024,-66.79071113
voicemark,3,english:1992,0,264,42639,mean,0,1024,-57.80893553
voicemark,3,english:1992,0,264,42639,tct,0,1024,-56.61901016
voicemark,3,english:1992,1,265,48134,mean,0,1024,-39.14391220
voicemark,3,english:1992,1,265,48134,tct,0,1024,-35.49276448
voicemark,3,english:1992,1,265,16025,mean,0,1024,-42.02468479
voicemark,3,english:1992,1,265,16025,tct,0,1024,-37.05468558
voicemark,3,english:1992,1,265,54540,mean,0,1024,-34.18996704
voicemark,3,english:1992,1,265,54540,tct,0,1024,-44.69804267
voicemark,3,english:1992,1,265,14479,mean,0,1024,-23.41694545
voicemark,3,english:1992,1,265,14479,tct,0,1024,-21.96066522
voicemark,3,english:1992,1,265,28779,mean,0,1024,-36.56043029
voicemark,3,english:1992,1,265,28779,tct,0,1024,-36.07436871
voicemark,3,english:1992,1,265,62672,mean,0,1024,-43.67562234
voicemark,3,english:1992,1,265,62672,tct,0,1024,-38.30326763
voicemark,3,english:1992,1,265,20111,mean,0,1024,-38.11159133
voicemark,3,english:1992,1,265,20111,tct,0,1024,-31.52174615
voicemark,3,english:1992,1,265,20336,mean,0,1024,-37.11644423
voicemark,3,english:1992,1,265,20336,tct,0,1024,-26.06761956
voicemark,3,english:1992,1,265,42926,mean,0,1024,-41.06513155
voicemark,3,english:1992,1,265,42926,tct,0,1024,-43.31502809
voicemark,3,english:1992,1,265,9763,mean,0,1024,-37.16547763
voicemark,3,english:1992,1,265,9763,tct,0,1024,-40.16733263
voicemark,3,english:1992,2,266,29359,mean,0,1024,-64.20722466
voicemark,3,english:1992,2,266,29359,tct,0,1024,-62.87559159
voicemark,3,english:1992,2,266,3629,mean,0,1024,-57.58200626
voicemark,3,english:1992,2,266,3629,tct,0,1024,-50.63193478
voicemark,3,english:1992,2,266,32545,mean,0,1024,-50.59194450
voicemark,3,english:1992,2,266,32545,tct,0,1024,-48.12779409
voicemark,3,english:1992,2,266,136,mean,0,1024,-36.34682350
voicemark,3,english:1992,2,266,136,tct,0,1024,-36.26038552
voicemark,3,english:1992,2,266,40803,mean,0,1024,-51.93036728
voicemark,3,english:1992,2,266,40803,tct,0,1024,-40.90349920
voicemark,3,english:1992,2,266,52088,mean,0,1024,-52.92967300
voicemark,3,english:1992,2,266,52088,tct,0,1024,-53.75742894
voicemark,3,english:1992,2,266,58255,mean,0,1024,-51.37081699
voicemark,3,english:1992,2,266,58255,tct,0,1024,-46.09280042
voicemark,3,english:1992,2,266,1591,mean,0,1024,-52.06203251
voicemark,3,english:1992,2,266,1591,tct,0,1024,-43.74070801
voicemark,3,english:1992,2,266,19141,mean,0,1024,-38.62941818
voicemark,3,english:1992,2,266,19141,tct,0,1024,-39.60447741
voicemark,3,english:1992,2,266,62930,mean,0,1024,-51.12220840
voicemark,3,english:1992,2,266,62930,tct,0,1024,-38.82105252
voicemark,3,english:200,0,267,47882,mean,0,1024,-19.68032140
voicemark,3,english:200,0,267,47882,tct,0,1024,-30.69467903
voicemark,3,english:200,0,267,11366,mean,0,1024,-12.97986466
voicemark,3,english:200,0,267,11366,tct,0,1024,-12.97986466
voicemark,3,english:200,0,267,9900,mean,0,1024,-24.26922065
voicemark,3,english:200,0,267,9900,tct,0,1024,-32.26667514
voicemark,3,english:200,0,267,15293,mean,0,1024,-11.70721835
voicemark,3,english:200,0,267,15293,tct,0,1024,-18.65874405
voicemark,3,english:200,0,267,46445,mean,0,1024,-18.73879081
voicemark,3,english:200,0,267,46445,tct,0,1024,-25.31116458
voicemark,3,english:200,0,267,46324,mean,0,1024,-18.95929939
voicemark,3,english:200,0,267,46324,tct,0,1024,-28.35829294
voicemark,3,english:200,0,267,852,mean,0,1024,-22.90354759
voicemark,3,english:200,0,267,852,tct,0,1024,-29.35669835
voicemark,3,english:200,0,267,50450,mean,0,1024,-7.97347110
voicemark,3,english:200,0,267,50450,tct,0,1024,-19.27416922
voicemark,3,english:200,0,267,63019,mean,0,1024,-28.01129991
voicemark,3,english:200,0,267,63019,tct,0,1024,-42.01851054
voicemark,3,english:200,0,267,46411,mean,0,1024,-30.74642450
voicemark,3,english:200,0,267,46411,tct,0,1024,-41.66845071
voicemark,3,english:200,1,268,22509,mean,0,1024,-57.50069563
voicemark,3,english:200,1,268,22509,tct,0,1024,-58.54952447
voicemark,3,english:200,1,268,44279,mean,0,1024,-40.89319460
voicemark,3,english:200,1,268,44279,tct,0,1024,-47.91036628
voicemark,3,english:200,1,268,17410,mean,0,1024,-38.11406223
voicemark,3,english:200,1,268,17410,tct,0,1024,-40.03254082
voicemark,3,english:200,1,268,8988,mean,0,1024,-45.73175089
voicemark,3,english:200,1,268,8988,tct,0,1024,-45.15789436
voicemark,3,english:200,1,268,58366,mean,0,1024,-54.78258268
voicemark,3,english:200,1,268,58366,tct,0,1024,-60.23722194
voicemark,3,english:200,1,268,62663,mean,0,1024,-21.81401186
voicemark,3,english:200,1,268,62663,tct,0,1024,-19.78317154
voicemark,3,english:200,1,268,62454,mean,0,1024,-26.03001289
voicemark,3,english:200,1,268,62454,tct,0,1024,-29.64055311
voicemark,3,english:200,1,268,44654,mean,0,1024,-47.81440155
voicemark,3,english:200,1,268,44654,tct,0,1024,-50.12115819
voicemark,3,english:200,1,268,59624,mean,0,1024,-57.84698240
voicemark,3,english:200,1,268,59624,tct,0,1024,-63.29512768
voicemark,3,english:200,1,268,23638,mean,0,1024,-49.10624449
voicemark,3,english:200,1,268,23638,tct,0,1024,-49.10936786
voicemark,3,english:200,2,269,5297,mean,0,1024,-48.27031123
voicemark,3,english:200,2,269,5297,tct,0,1024,-46.95777929
voicemark,3,english:200,2,269,12845,mean,0,1024,-35.60351467
voicemark,3,english:200,2,269,12845,tct,0,1024,-35.16333055
voicemark,3,english:200,2,269,37927,mean,1,1024,1.57967758
voicemark,3,english:200,2,269,37927,tct,0,1024,-3.20079172
voicemark,3,english:200,2,269,40738,mean,0,1024,-5.05191994
voicemark,3,english:200,2,269,40738,tct,0,1024,-8.17586292
voicemark,3,english:200,2,269,35462,mean,0,1024,-57.10654151
voicemark,3,english:200,2,269,35462,tct,0,1024,-54.46569672
voicemark,3,english:200,2,269,58443,mean,0,1024,-50.68936431
voicemark,3,english:200,2,269,58443,tct,0,1024,-49.95148731
voicemark,3,english:200,2,269,25568,mean,0,1024,-49.40836608
voicemark,3,english:200,2,269,25568,tct,0,1024,-49.06163430
voicemark,3,english:200,2,269,17615,mean,0,1024,-55.93834770
voicemark,3,english:200,2,269,17615,tct,0,1024,-54.99933839
voicemark,3,english:200,2,269,7935,mean,0,1024,-48.55664146
voicemark,3,english:200,2,269,7935,tct,0,1024,-47.55221355
voicemark,3,english:200,2,269,26035,mean,0,1024,-43.42970455
voicemark,3,english:200,2,269,26035,tct,0,1024,-35.06648099
voicemark,3,english:2002,0,270,26299,mean,0,1024,-35.49043260
voicemark,3,english:2002,0,270,26299,tct,0,1024,-56.63885298
voicemark,3,english:2002,0,270,18270,mean,0,1024,-37.04727829
voicemark,3,english:2002,0,270,18270,tct,0,1024,-20.40862638
voicemark,3,english:2002,0,270,41880,mean,0,1024,-45.85384030
voicemark,3,english:2002,0,270,41880,tct,0,1024,-53.71394835
voicemark,3,english:2002,0,270,55541,mean,0,1024,-47.92521614
voicemark,3,english:2002,0,270,55541,tct,0,1024,-46.19465416
voicemark,3,english:2002,0,270,27524,mean,0,1024,-46.34170384
voicemark,3,english:2002,0,270,27524,tct,0,1024,-47.94826000
voicemark,3,english:2002,0,270,17774,mean,0,1024,-38.28578842
voicemark,3,english:2002,0,270,17774,tct,0,1024,-50.13970840
voicemark,3,english:2002,0,270,31884,mean,0,1024,-59.13753361
voicemark,3,english:2002,0,270,31884,tct,0,1024,-53.56624859
voicemark,3,english:2002,0,270,49187,mean,0,1024,-41.83285898
voicemark,3,english:2002,0,270,49187,tct,0,1024,-41.90286157
voicemark,3,english:2002,0,270,41898,mean,0,1024,-44.67622608
voicemark,3,english:2002,0,270,41898,tct,0,1024,-54.79175728
voicemark,3,english:2002,0,270,61256,mean,0,1024,-24.63588900
voicemark,3,english:2002,0,270,61256,tct,0,1024,-30.89080503
voicemark,3,english:2002,1,271,50454,mean,0,1024,-35.77025240
voicemark,3,english:2002,1,271,50454,tct,0,1024,-48.44963193
voicemark,3,english:2002,1,271,32254,mean,0,1024,-19.22158986
voicemark,3,english:2002,1,271,32254,tct,0,1024,-18.56273169
voicemark,3,english:2002,1,271,54601,mean,0,1024,-29.68029803
voicemark,3,english:2002,1,271,54601,tct,0,1024,-38.72708252
voicemark,3,english:2002,1,271,39203,mean,0,1024,-19.82654446
voicemark,3,english:2002,1,271,39203,tct,0,1024,-22.36233562
voicemark,3,english:2002,1,271,13747,mean,0,1024,-37.26045435
voicemark,3,english:2002,1,271,13747,tct,0,1024,-56.88520935
voicemark,3,english:2002,1,271,63904,mean,0,1024,-23.18323105
voicemark,3,english:2002,1,271,63904,tct,0,1024,-27.57072815
voicemark,3,english:2002,1,271,1747,mean,0,1024,-32.26387421
voicemark,3,english:2002,1,271,1747,tct,0,1024,-33.59363453
voicemark,3,english:2002,1,271,21894,mean,0,1024,-32.95287722
voicemark,3,english:2002,1,271,21894,tct,0,1024,-32.74035132
voicemark,3,english:2002,1,271,64271,mean,0,1024,-12.36725179
voicemark,3,english:2002,1,271,64271,tct,0,1024,-27.44054589
voicemark,3,english:2002,1,271,6465,mean,0,1024,-14.97491949
voicemark,3,english:2002,1,271,6465,tct,0,1024,-19.56695183
voicemark,3,english:2002,2,272,9937,mean,0,1024,-31.74759652
voicemark,3,english:2002,2,272,9937,tct,0,1024,-45.67367938
voicemark,3,english:2002,2,272,26162,mean,0,1024,-52.21225477
voicemark,3,english:2002,2,272,26162,tct,0,1024,-53.49595233
voicemark,3,english:2002,2,272,31418,mean,0,1024,-32.11490751
voicemark,3,english:2002,2,272,31418,tct,0,1024,-37.67635286
voicemark,3,english:2002,2,272,19458,mean,0,1024,-50.77575136
voicemark,3,english:2002,2,272,19458,tct,0,1024,-53.90157710
voicemark,3,english:2002,2,272,29256,mean,0,1024,-51.27215410
voicemark,3,english:2002,2,272,29256,tct,0,1024,-49.32372638
voicemark,3,english:2002,2,272,16773,mean,0,1024,-58.90816999
voicemark,3,english:2002,2,272,16773,tct,0,1024,-61.86617696
voicemark,3,english:2002,2,272,39992,mean,0,1024,-51.19472528
voicemark,3,english:2002,2,272,39992,tct,0,1024,-50.46789619
voicemark,3,english:2002,2,272,57042,mean,0,1024,-53.03680159
voicemark,3,english:2002,2,272,57042,tct,0,1024,-55.50571985
voicemark,3,english:2002,2,272,19227,mean,0,1024,-41.07692147
voicemark,3,english:2002,2,272,19227,tct,0,1024,-49.45716623
voicemark,3,english:2002,2,272,65146,mean,0,1024,-43.82674767
voicemark,3,english:2002,2,272,65146,tct,0,1024,-45.34862252
voicemark,3,english:2007,0,273,17584,mean,0,1024,-39.67429524
voicemark,3,english:2007,0,273,17584,tct,0,1024,-65.75019109
voicemark,3,english:2007,0,273,2173,mean,0,1024,-28.44783835
voicemark,3,english:2007,0,273,2173,tct,0,1024,-56.01283079
voicemark,3,english:2007,0,273,16777,mean,0,1024,-29.50064368
voicemark,3,english:2007,0,273,16777,tct,0,1024,-28.59058935
voicemark,3,english:2007,0,273,18793,mean,0,1024,-31.37270477
voicemark,3,english:2007,0,273,18793,tct,0,1024,-38.32686375
voicemark,3,english:2007,0,273,32519,mean,0,1024,-34.10097532
voicemark,3,english:2007,0,273,32519,tct,0,1024,-30.48594865
voicemark,3,english:2007,0,273,44980,mean,0,1024,-42.59262543
voicemark,3,english:2007,0,273,44980,tct,0,1024,-47.43113276
voicemark,3,english:2007,0,273,38045,mean,0,1024,-29.22865729
voicemark,3,english:2007,0,273,38045,tct,0,1024,-37.39278388
voicemark,3,english:2007,0,273,37615,mean,0,1024,-21.55244400
voicemark,3,english:2007,0,273,37615,tct,0,1024,-19.15769437
voicemark,3,english:2007,0,273,14938,mean,0,1024,-31.13834791
voicemark,3,english:2007,0,273,14938,tct,0,1024,-33.53224621
voicemark,3,english:2007,0,273,13186,mean,0,1024,-39.04806976
voicemark,3,english:2007,0,273,13186,tct,0,1024,-57.37753376
voicemark,3,english:2007,1,274,19419,mean,0,1024,-40.59059468
voicemark,3,english:2007,1,274,19419,tct,0,1024,-40.00830987
voicemark,3,english:2007,1,274,23525,mean,0,1024,-47.15846482
voicemark,3,english:2007,1,274,23525,tct,0,1024,-42.40478800
voicemark,3,english:2007,1,274,36313,mean,0,1024,-36.40613595
voicemark,3,english:2007,1,274,36313,tct,0,1024,-20.65306084
voicemark,3,english:2007,1,274,32085,mean,0,1024,-29.83069685
voicemark,3,english:2007,1,274,32085,tct,0,1024,-32.32613479
voicemark,3,english:2007,1,274,25682,mean,0,1024,-15.77356914
voicemark,3,english:2007,1,274,25682,tct,0,1024,-23.72844703
voicemark,3,english:2007,1,274,16000,mean,0,1024,-33.55918956
voicemark,3,english:2007,1,274,16000,tct,0,1024,-28.80200354
voicemark,3,english:2007,1,274,1310,mean,0,1024,-50.31602612
voicemark,3,english:2007,1,274,1310,tct,0,1024,-39.93802904
voicemark,3,english:2007,1,274,15756,mean,0,1024,-33.56837535
voicemark,3,english:2007,1,274,15756,tct,0,1024,-22.85474825
voicemark,3,english:2007,1,274,48618,mean,0,1024,-42.19116727
voicemark,3,english:2007,1,274,48618,tct,0,1024,-32.20878832
voicemark,3,english:2007,1,274,41225,mean,0,1024,-46.79940549
voicemark,3,english:2007,1,274,41225,tct,0,1024,-39.16741604
voicemark,3,english:2007,2,275,62647,mean,0,1024,-45.88801289
voicemark,3,english:2007,2,275,62647,tct,0,1024,-46.31372993
voicemark,3,english:2007,2,275,40777,mean,0,1024,-34.60778475
voicemark,3,english:2007,2,275,40777,tct,0,1024,-16.87249689
voicemark,3,english:2007,2,275,31904,mean,0,1024,-41.42282820
voicemark,3,english:2007,2,275,31904,tct,0,1024,-45.71829623
voicemark,3,english:2007,2,275,61872,mean,0,1024,-28.32811975
voicemark,3,english:2007,2,275,61872,tct,0,1024,-25.10498869
voicemark,3,english:2007,2,275,61530,mean,0,1024,-40.36505508
voicemark,3,english:2007,2,275,61530,tct,0,1024,-38.26900886
voicemark,3,english:2007,2,275,55990,mean,0,1024,-45.85502434
voicemark,3,english:2007,2,275,55990,tct,0,1024,-44.59487216
voicemark,3,english:2007,2,275,44699,mean,0,1024,-27.69903183
voicemark,3,english:2007,2,275,44699,tct,0,1024,-29.51189571
voicemark,3,english:2007,2,275,3302,mean,0,1024,-39.16683483
voicemark,3,english:2007,2,275,3302,tct,0,1024,-42.26270644
voicemark,3,english:2007,2,275,2439,mean,0,1024,-43.06633186
voicemark,3,english:2007,2,275,2439,tct,0,1024,-33.69078411
voicemark,3,english:2007,2,275,45944,mean,0,1024,-34.56457555
voicemark,3,english:2007,2,275,45944,tct,0,1024,-40.35763474
voicemark,3,english:201,0,276,2353,mean,0,1024,-25.85033587
voicemark,3,english:201,0,276,2353,tct,0,1024,-20.37683547
voicemark,3,english:201,0,276,4981,mean,0,1024,-48.83576694
voicemark,3,english:201,0,276,4981,tct,0,1024,-56.43705952
voicemark,3,english:201,0,276,28937,mean,0,1024,-36.21993843
voicemark,3,english:201,0,276,28937,tct,0,1024,-35.63632799
voicemark,3,english:201,0,276,39294,mean,0,1024,-31.14971805
voicemark,3,english:201,0,276,39294,tct,0,1024,-46.03335744
voicemark,3,english:201,0,276,26324,mean,0,1024,-43.84737697
voicemark,3,english:201,0,276,26324,tct,0,1024,-52.50070772
voicemark,3,english:201,0,276,60516,mean,0,1024,-27.97399583
voicemark,3,english:201,0,276,60516,tct,0,1024,-43.92402953
voicemark,3,english:201,0,276,42365,mean,0,1024,-43.73862568
voicemark,3,english:201,0,276,42365,tct,0,1024,-54.51847842
voicemark,3,english:201,0,276,36320,mean,0,1024,-41.81814972
voicemark,3,english:201,0,276,36320,tct,0,1024,-43.89321903
voicemark,3,english:201,0,276,46435,mean,0,1024,-41.09098163
voicemark,3,english:201,0,276,46435,tct,0,1024,-40.75008613
voicemark,3,english:201,0,276,5987,mean,0,1024,-47.60220733
voicemark,3,english:201,0,276,5987,tct,0,1024,-55.43986672
voicemark,3,english:201,1,277,62006,mean,0,1024,-22.03343947
voicemark,3,english:201,1,277,62006,tct,0,1024,-47.87637853
voicemark,3,english:201,1,277,5925,mean,0,1024,-35.22589834
voicemark,3,english:201,1,277,5925,tct,0,1024,-24.09187078
voicemark,3,english:201,1,277,25897,mean,0,1024,-51.02645452
voicemark,3,english:201,1,277,25897,tct,0,1024,-60.53684559
voicemark,3,english:201,1,277,53422,mean,0,1024,-42.60894425
voicemark,3,english:201,1,277,53422,tct,0,1024,-57.52405087
voicemark,3,english:201,1,277,39077,mean,0,1024,-41.95536764
voicemark,3,english:201,1,277,39077,tct,0,1024,-51.78027890
voicemark,3,english:201,1,277,28728,mean,0,1024,-19.45295771
voicemark,3,english:201,1,277,28728,tct,0,1024,-30.93119447
voicemark,3,english:201,1,277,44538,mean,0,1024,-19.55864036
voicemark,3,english:201,1,277,44538,tct,0,1024,-30.25517345
voicemark,3,english:201,1,277,45443,mean,0,1024,-49.49254187
voicemark,3,english:201,1,277,45443,tct,0,1024,-58.98483205
voicemark,3,english:201,1,277,49559,mean,0,1024,-31.62265237
voicemark,3,english:201,1,277,49559,tct,0,1024,-31.62265237
voicemark,3,english:201,1,277,11642,mean,0,1024,-15.54998922
voicemark,3,english:201,1,277,11642,tct,0,1024,-15.54998922
voicemark,3,english:201,2,278,31772,mean,0,1024,-43.92014539
voicemark,3,english:201,2,278,31772,tct,0,1024,-35.48709391
voicemark,3,english:201,2,278,58778,mean,0,1024,-53.97365224
voicemark,3,english:201,2,278,58778,tct,0,1024,-44.89207934
voicemark,3,english:201,2,278,36848,mean,0,1024,-59.10052526
voicemark,3,english:201,2,278,36848,tct,0,1024,-61.18483394
voicemark,3,english:201,2,278,56150,mean,0,1024,-49.65021550
voicemark,3,english:201,2,278,56150,tct,0,1024,-48.12368490
voicemark,3,english:201,2,278,64619,mean,0,1024,-32.76185441
voicemark,3,english:201,2,278,64619,tct,0,1024,-29.21749103
voicemark,3,english:201,2,278,2474,mean,0,1024,-62.75164067
voicemark,3,english:201,2,278,2474,tct,0,1024,-62.32824348
voicemark,3,english:201,2,278,25666,mean,0,1024,-71.63063848
voicemark,3,english:201,2,278,25666,tct,0,1024,-78.64446452
voicemark,3,english:201,2,278,46051,mean,0,1024,-47.95788705
voicemark,3,english:201,2,278,46051,tct,0,1024,-53.32418960
voicemark,3,english:201,2,278,63969,mean,0,1024,-45.63726640
voicemark,3,english:201,2,278,63969,tct,0,1024,-51.32358652
voicemark,3,english:201,2,278,17831,mean,0,1024,-57.29896772
voicemark,3,english:201,2,278,17831,tct,0,1024,-56.92241394
voicemark,3,english:2092,0,279,783,mean,0,1024,-37.43678837
voicemark,3,english:2092,0,279,783,tct,0,1024,-37.67052835
voicemark,3,english:2092,0,279,58880,mean,0,1024,-35.44570904
voicemark,3,english:2092,0,279,58880,tct,0,1024,-27.93634653
voicemark,3,english:2092,0,279,57533,mean,0,1024,-36.11480503
voicemark,3,english:2092,0,279,57533,tct,0,1024,-30.88772880
voicemark,3,english:2092,0,279,25083,mean,0,1024,-32.57821445
voicemark,3,english:2092,0,279,25083,tct,0,1024,-38.87244315
voicemark,3,english:2092,0,279,26755,mean,0,1024,-37.05243854
voicemark,3,english:2092,0,279,26755,tct,0,1024,-45.71081604
voicemark,3,english:2092,0,279,44440,mean,0,1024,-35.64989262
voicemark,3,english:2092,0,279,44440,tct,0,1024,-40.11327135
voicemark,3,english:2092,0,279,10784,mean,0,1024,-36.50423984
voicemark,3,english:2092,0,279,10784,tct,0,1024,-27.51673149
voicemark,3,english:2092,0,279,33363,mean,0,1024,-40.88510113
voicemark,3,english:2092,0,279,33363,tct,0,1024,-47.82668472
voicemark,3,english:2092,0,279,57212,mean,0,1024,-17.50962127
voicemark,3,english:2092,0,279,57212,tct,0,1024,-32.79920260
voicemark,3,english:2092,0,279,42458,mean,0,1024,-44.78987102
voicemark,3,english:2092,0,279,42458,tct,0,1024,-52.71207137
voicemark,3,english:2092,1,280,60299,mean,0,1024,-39.92529458
voicemark,3,english:2092,1,280,60299,tct,0,1024,-46.98909972
voicemark,3,english:2092,1,280,62379,mean,0,1024,-45.59897107
voicemark,3,english:2092,1,280,62379,tct,0,1024,-40.86916650
voicemark,3,english:2092,1,280,49039,mean,0,1024,-37.71831411
voicemark,3,english:2092,1,280,49039,tct,0,1024,-27.20452010
voicemark,3,english:2092,1,280,5478,mean,0,1024,-33.03747052
voicemark,3,english:2092,1,280,5478,tct,0,1024,-24.67269152
voicemark,3,english:2092,1,280,11645,mean,0,1024,-39.07238871
voicemark,3,english:2092,1,280,11645,tct,0,1024,-41.20807851
voicemark,3,english:2092,1,280,27919,mean,0,1024,-29.06892207
voicemark,3,english:2092,1,280,27919,tct,0,1024,-41.87637997
voicemark,3,english:2092,1,280,55651,mean,0,1024,-53.52285642
voicemark,3,english:2092,1,280,55651,tct,0,1024,-32.51845085
voicemark,3,english:2092,1,280,46807,mean,0,1024,-14.36673063
voicemark,3,english:2092,1,280,46807,tct,0,1024,-8.38734160
voicemark,3,english:2092,1,280,31796,mean,0,1024,-46.41482419
voicemark,3,english:2092,1,280,31796,tct,0,1024,-44.82465649
voicemark,3,english:2092,1,280,45444,mean,0,1024,-27.27415604
voicemark,3,english:2092,1,280,45444,tct,0,1024,-12.90006494
voicemark,3,english:2092,2,281,62779,mean,0,1024,-55.24942501
voicemark,3,english:2092,2,281,62779,tct,0,1024,-57.10311887
voicemark,3,english:2092,2,281,26552,mean,0,1024,-64.88158710
voicemark,3,english:2092,2,281,26552,tct,0,1024,-59.38886605
voicemark,3,english:2092,2,281,100,mean,0,1024,-67.01197917
voicemark,3,english:2092,2,281,100,tct,0,1024,-77.42182521
voicemark,3,english:2092,2,281,50406,mean,0,1024,-41.10946114
voicemark,3,english:2092,2,281,50406,tct,0,1024,-44.88232515
voicemark,3,english:2092,2,281,5375,mean,0,1024,-52.89599903
voicemark,3,english:2092,2,281,5375,tct,0,1024,-63.37755565
voicemark,3,english:2092,2,281,48781,mean,0,1024,-47.19836629
voicemark,3,english:2092,2,281,48781,tct,0,1024,-49.06707431
voicemark,3,english:2092,2,281,2965,mean,0,1024,-61.45200737
voicemark,3,english:2092,2,281,2965,tct,0,1024,-61.15291795
voicemark,3,english:2092,2,281,26202,mean,0,1024,-52.89542001
voicemark,3,english:2092,2,281,26202,tct,0,1024,-47.78715428
voicemark,3,english:2092,2,281,47379,mean,0,1024,-17.02760720
voicemark,3,english:2092,2,281,47379,tct,0,1024,-28.30348649
voicemark,3,english:2092,2,281,22659,mean,0,1024,-55.99513763
voicemark,3,english:2092,2,281,22659,tct,0,1024,-52.96205760
voicemark,3,english:211,0,282,30824,mean,0,1024,-56.32496684
voicemark,3,english:211,0,282,30824,tct,0,1024,-47.64334681
voicemark,3,english:211,0,282,63895,mean,0,1024,-23.54293262
voicemark,3,english:211,0,282,63895,tct,0,1024,-26.58647514
voicemark,3,english:211,0,282,16555,mean,0,1024,-43.73261397
voicemark,3,english:211,0,282,16555,tct,0,1024,-32.68257272
voicemark,3,english:211,0,282,45162,mean,0,1024,-30.34036481
voicemark,3,english:211,0,282,45162,tct,0,1024,-31.26884619
voicemark,3,english:211,0,282,3246,mean,0,1024,-42.57269995
voicemark,3,english:211,0,282,3246,tct,0,1024,-46.85309243
voicemark,3,english:211,0,282,16977,mean,0,1024,-64.55802386
voicemark,3,english:211,0,282,16977,tct,0,1024,-69.88381773
voicemark,3,english:211,0,282,14311,mean,0,1024,-27.61811059
voicemark,3,english:211,0,282,14311,tct,0,1024,-32.37225773
voicemark,3,english:211,0,282,43104,mean,0,1024,-54.49018710
voicemark,3,english:211,0,282,43104,tct,0,1024,-48.15748718
voicemark,3,english:211,0,282,9205,mean,0,1024,-42.71314376
voicemark,3,english:211,0,282,9205,tct,0,1024,-50.70287711
voicemark,3,english:211,0,282,60200,mean,0,1024,-44.45289247
voicemark,3,english:211,0,282,60200,tct,0,1024,-38.32877413
voicemark,3,english:211,1,283,11996,mean,0,1024,-37.04875800
voicemark,3,english:211,1,283,11996,tct,0,1024,-45.87849357
voicemark,3,english:211,1,283,17357,mean,0,1024,-45.54944254
voicemark,3,english:211,1,283,17357,tct,0,1024,-45.54944254
voicemark,3,english:211,1,283,7814,mean,0,1024,-32.75256964
voicemark,3,english:211,1,283,7814,tct,0,1024,-33.26506869
voicemark,3,english:211,1,283,52625,mean,0,1024,-30.45303604
voicemark,3,english:211,1,283,52625,tct,0,1024,-26.55114412
voicemark,3,english:211,1,283,12816,mean,0,1024,-44.65411831
voicemark,3,english:211,1,283,12816,tct,0,1024,-47.72381427
voicemark,3,english:211,1,283,56503,mean,0,1024,-26.47180916
voicemark,3,english:211,1,283,56503,tct,0,1024,-29.43932533
voicemark,3,english:211,1,283,11034,mean,0,1024,-43.23842837
voicemark,3,english:211,1,283,11034,tct,0,1024,-54.65552217
voicemark,3,english:211,1,283,32559,mean,0,1024,-45.04433418
voicemark,3,english:211,1,283,32559,tct,0,1024,-38.83723669
voicemark,3,english:211,1,283,63040,mean,0,1024,-49.26041676
voicemark,3,english:211,1,283,63040,tct,0,1024,-48.21188857
voicemark,3,english:211,1,283,36177,mean,0,1024,-46.48900391
voicemark,3,english:211,1,283,36177,tct,0,1024,-48.58515358
voicemark,3,english:211,2,284,3707,mean,0,1024,-69.47792211
voicemark,3,english:211,2,284,3707,tct,0,1024,-47.00348984
voicemark,3,english:211,2,284,40421,mean,0,1024,-72.10602918
voicemark,3,english:211,2,284,40421,tct,0,1024,-74.38917894
voicemark,3,english:211,2,284,51173,mean,0,1024,-70.48406759
voicemark,3,english:211,2,284,51173,tct,0,1024,-62.94634958
voicemark,3,english:211,2,284,45560,mean,0,1024,-35.45063666
voicemark,3,english:211,2,284,45560,tct,0,1024,-28.08730354
voicemark,3,english:211,2,284,37929,mean,0,1024,-71.53246561
voicemark,3,english:211,2,284,37929,tct,0,1024,-67.00676457
voicemark,3,english:211,2,284,60242,mean,0,1024,-53.16484037
voicemark,3,english:211,2,284,60242,tct,0,1024,-38.11624666
voicemark,3,english:211,2,284,26725,mean,0,1024,-65.16041723
voicemark,3,english:211,2,284,26725,tct,0,1024,-52.49488501
voicemark,3,english:211,2,284,2149,mean,0,1024,-61.26154676
voicemark,3,english:211,2,284,2149,tct,0,1024,-49.57922415
voicemark,3,english:211,2,284,45077,mean,0,1024,-42.85743502
voicemark,3,english:211,2,284,45077,tct,0,1024,-38.64623026
voicemark,3,english:211,2,284,64625,mean,0,1024,-58.97613684
voicemark,3,english:211,2,284,64625,tct,0,1024,-52.92491956
voicemark,3,english:2136,0,285,34682,mean,0,1024,-21.86135029
voicemark,3,english:2136,0,285,34682,tct,0,1024,-19.19491643
voicemark,3,english:2136,0,285,53905,mean,0,1024,-21.62322615
voicemark,3,english:2136,0,285,53905,tct,0,1024,-20.79992379
voicemark,3,english:2136,0,285,349,mean,0,1024,-28.42483728
voicemark,3,english:2136,0,285,349,tct,0,1024,-35.33770995
voicemark,3,english:2136,0,285,47951,mean,0,1024,-18.18382745
voicemark,3,english:2136,0,285,47951,tct,0,1024,-26.16317856
voicemark,3,english:2136,0,285,50951,mean,0,1024,-27.85528962
voicemark,3,english:2136,0,285,50951,tct,0,1024,-20.34414880
voicemark,3,english:2136,0,285,42326,mean,0,1024,-23.21933760
voicemark,3,english:2136,0,285,42326,tct,0,1024,-31.88775502
voicemark,3,english:2136,0,285,59459,mean,0,1024,-31.95285241
voicemark,3,english:2136,0,285,59459,tct,0,1024,-24.86131160
voicemark,3,english:2136,0,285,13587,mean,0,1024,-29.29454438
voicemark,3,english:2136,0,285,13587,tct,0,1024,-28.62988199
voicemark,3,english:2136,0,285,7156,mean,0,1024,-16.77286343
voicemark,3,english:2136,0,285,7156,tct,0,1024,-13.00993721
voicemark,3,english:2136,0,285,53218,mean,0,1024,-24.79869478
voicemark,3,english:2136,0,285,53218,tct,0,1024,-18.02482507
voicemark,3,english:2136,1,286,56101,mean,0,1024,-28.83924685
voicemark,3,english:2136,1,286,56101,tct,0,1024,-39.71635604
voicemark,3,english:2136,1,286,35682,mean,0,1024,-14.55584741
voicemark,3,english:2136,1,286,35682,tct,0,1024,-23.50147331
voicemark,3,english:2136,1,286,45832,mean,0,1024,-37.44357232
voicemark,3,english:2136,1,286,45832,tct,0,1024,-40.20252897
voicemark,3,english:2136,1,286,53555,mean,0,1024,-36.83954648
voicemark,3,english:2136,1,286,53555,tct,0,1024,-43.88028884
voicemark,3,english:2136,1,286,23745,mean,0,1024,-21.64858560
voicemark,3,english:2136,1,286,23745,tct,0,1024,-16.99468566
voicemark,3,english:2136,1,286,49847,mean,0,1024,-39.71644524
voicemark,3,english:2136,1,286,49847,tct,0,1024,-44.49652468
voicemark,3,english:2136,1,286,13567,mean,0,1024,-28.70385054
voicemark,3,english:2136,1,286,13567,tct,0,1024,-26.51143074
voicemark,3,english:2136,1,286,11087,mean,0,1024,-23.40361605
voicemark,3,english:2136,1,286,11087,tct,0,1024,-25.56969273
voicemark,3,english:2136,1,286,22560,mean,0,1024,-39.50175599
voicemark,3,english:2136,1,286,22560,tct,0,1024,-41.40889669
voicemark,3,english:2136,1,286,47747,mean,0,1024,-46.11922673
voicemark,3,english:2136,1,286,47747,tct,0,1024,-51.90114236
voicemark,3,english:2136,2,287,47014,mean,0,1024,-32.96521354
voicemark,3,english:2136,2,287,47014,tct,0,1024,-44.96012221
voicemark,3,english:2136,2,287,65183,mean,0,1024,-31.58381271
voicemark,3,english:2136,2,287,65183,tct,0,1024,-40.07711002
voicemark,3,english:2136,2,287,53707,mean,0,1024,-46.43858218
voicemark,3,english:2136,2,287,53707,tct,0,1024,-48.58105298
voicemark,3,english:2136,2,287,24847,mean,0,1024,-46.57426953
voicemark,3,english:2136,2,287,24847,tct,0,1024,-45.67823052
voicemark,3,english:2136,2,287,51038,mean,0,1024,-39.76665568
voicemark,3,english:2136,2,287,51038,tct,0,1024,-22.69918412
voicemark,3,english:2136,2,287,26300,mean,0,1024,-54.80633807
voicemark,3,english:2136,2,287,26300,tct,0,1024,-54.34621834
voicemark,3,english:2136,2,287,28938,mean,0,1024,-51.66061759
voicemark,3,english:2136,2,287,28938,tct,0,1024,-48.05290384
voicemark,3,english:2136,2,287,54271,mean,0,1024,-46.52774167
voicemark,3,english:2136,2,287,54271,tct,0,1024,-61.00599205
voicemark,3,english:2136,2,287,10606,mean,0,1024,-56.11803222
voicemark,3,english:2136,2,287,10606,tct,0,1024,-56.27625457
voicemark,3,english:2136,2,287,13340,mean,0,1024,-54.58993411
voicemark,3,english:2136,2,287,13340,tct,0,1024,-60.54682226
voicemark,3,english:2159,0,288,27121,mean,0,1024,-31.37114782
voicemark,3,english:2159,0,288,27121,tct,0,1024,-25.79810798
voicemark,3,english:2159,0,288,50429,mean,0,1024,-38.55684633
voicemark,3,english:2159,0,288,50429,tct,0,1024,-48.07309874
voicemark,3,english:2159,0,288,6065,mean,0,1024,-48.35050618
voicemark,3,english:2159,0,288,6065,tct,0,1024,-34.06996190
voicemark,3,english:2159,0,288,42523,mean,0,1024,-33.51266467
voicemark,3,english:2159,0,288,42523,tct,0,1024,-28.16672075
voicemark,3,english:2159,0,288,47467,mean,0,1024,-42.70072782
voicemark,3,english:2159,0,288,47467,tct,0,1024,-35.39593154
voicemark,3,english:2159,0,288,43903,mean,0,1024,-29.47515171
voicemark,3,english:2159,0,288,43903,tct,0,1024,-37.10037042
voicemark,3,english:2159,0,288,63355,mean,0,1024,-43.02358281
voicemark,3,english:2159,0,288,63355,tct,0,1024,-41.41498842
voicemark,3,english:2159,0,288,36834,mean,0,1024,-31.40477235
voicemark,3,english:2159,0,288,36834,tct,0,1024,-34.49962906
voicemark,3,english:2159,0,288,6121,mean,0,1024,-49.64559209
voicemark,3,english:2159,0,288,6121,tct,0,1024,-49.95429919
voicemark,3,english:2159,0,288,12483,mean,0,1024,-50.88385236
voicemark,3,english:2159,0,288,12483,tct,0,1024,-45.08785639
voicemark,3,english:2159,1,289,52682,mean,0,1024,-64.64670979
voicemark,3,english:2159,1,289,52682,tct,0,1024,-33.35552794
voicemark,3,english:2159,1,289,17562,mean,0,1024,-67.14066063
voicemark,3,english:2159,1,289,17562,tct,0,1024,-63.06387195
voicemark,3,english:2159,1,289,33983,mean,0,1024,-58.01950013
voicemark,3,english:2159,1,289,33983,tct,0,1024,-50.93196564
voicemark,3,english:2159,1,289,806,mean,0,1024,-59.29393326
voicemark,3,english:2159,1,289,806,tct,0,1024,-49.41953116
voicemark,3,english:2159,1,289,33442,mean,0,1024,-49.44679644
voicemark,3,english:2159,1,289,33442,tct,0,1024,-39.27964115
voicemark,3,english:2159,1,289,61201,mean,0,1024,-60.17570721
voicemark,3,english:2159,1,289,61201,tct,0,1024,-67.24068808
voicemark,3,english:2159,1,289,20869,mean,0,1024,-54.85742127
voicemark,3,english:2159,1,289,20869,tct,0,1024,-48.64521989
voicemark,3,english:2159,1,289,19736,mean,0,1024,-62.95837056
voicemark,3,english:2159,1,289,19736,tct,0,1024,-58.73524913
voicemark,3,english:2159,1,289,46450,mean,0,1024,-55.54765545
voicemark,3,english:2159,1,289,46450,tct,0,1024,-43.00778449
voicemark,3,english:2159,1,289,64579,mean,0,1024,-46.52036511
voicemark,3,english:2159,1,289,64579,tct,0,1024,-54.84907301
voicemark,3,english:2159,2,290,22592,mean,0,1024,-49.68680721
voicemark,3,english:2159,2,290,22592,tct,0,1024,-53.21177304
voicemark,3,english:2159,2,290,7692,mean,0,1024,-47.80027555
voicemark,3,english:2159,2,290,7692,tct,0,1024,-61.42481530
voicemark,3,english:2159,2,290,5827,mean,0,1024,-57.37354617
voicemark,3,english:2159,2,290,5827,tct,0,1024,-51.08673728
voicemark,3,english:2159,2,290,18783,mean,0,1024,-37.25100188
voicemark,3,english:2159,2,290,18783,tct,0,1024,-25.06925458
voicemark,3,english:2159,2,290,40126,mean,0,1024,-47.59678416
voicemark,3,english:2159,2,290,40126,tct,0,1024,-48.95384419
voicemark,3,english:2159,2,290,21812,mean,0,1024,-38.52544956
voicemark,3,english:2159,2,290,21812,tct,0,1024,-48.31200993
voicemark,3,english:2159,2,290,37242,mean,0,1024,-42.06817250
voicemark,3,english:2159,2,290,37242,tct,0,1024,-38.67788980
voicemark,3,english:2159,2,290,22271,mean,0,1024,-49.42881160
voicemark,3,english:2159,2,290,22271,tct,0,1024,-50.25176823
voicemark,3,english:2159,2,290,37481,mean,0,1024,-47.31218009
voicemark,3,english:2159,2,290,37481,tct,0,1024,-50.87420666
voicemark,3,english:2159,2,290,27093,mean,0,1024,-29.95892887
voicemark,3,english:2159,2,290,27093,tct,0,1024,-39.53810432
voicemark,3,english:2182,0,291,28893,mean,0,1024,-45.52773743
voicemark,3,english:2182,0,291,28893,tct,0,1024,-42.07194506
voicemark,3,english:2182,0,291,15196,mean,0,1024,-52.10353382
voicemark,3,english:2182,0,291,15196,tct,0,1024,-56.54148864
voicemark,3,english:2182,0,291,38286,mean,0,1024,-60.54120739
voicemark,3,english:2182,0,291,38286,tct,0,1024,-52.70152715
voicemark,3,english:2182,0,291,28350,mean,0,1024,-48.63984497
voicemark,3,english:2182,0,291,28350,tct,0,1024,-48.84648390
voicemark,3,english:2182,0,291,19424,mean,0,1024,-51.38616951
voicemark,3,english:2182,0,291,19424,tct,0,1024,-59.78196700
voicemark,3,english:2182,0,291,64268,mean,0,1024,-53.56400307
voicemark,3,english:2182,0,291,64268,tct,0,1024,-36.39079607
voicemark,3,english:2182,0,291,57359,mean,0,1024,-55.14726646
voicemark,3,english:2182,0,291,57359,tct,0,1024,-51.90849909
voicemark,3,english:2182,0,291,60594,mean,0,1024,-61.77248867
voicemark,3,english:2182,0,291,60594,tct,0,1024,-57.31722295
voicemark,3,english:2182,0,291,1512,mean,0,1024,-47.87012656
voicemark,3,english:2182,0,291,1512,tct,0,1024,-54.78706502
voicemark,3,english:2182,0,291,45473,mean,0,1024,-33.51128252
voicemark,3,english:2182,0,291,45473,tct,0,1024,-33.34048815
voicemark,3,english:2182,1,292,62585,mean,0,1024,-43.20591824
voicemark,3,english:2182,1,292,62585,tct,0,1024,-50.35008236
voicemark,3,english:2182,1,292,29382,mean,0,1024,-31.73026726
voicemark,3,english:2182,1,292,29382,tct,0,1024,-21.61890287
voicemark,3,english:2182,1,292,51371,mean,0,1024,-39.28559678
voicemark,3,english:2182,1,292,51371,tct,0,1024,-39.78125980
voicemark,3,english:2182,1,292,2032,mean,0,1024,-44.67407506
voicemark,3,english:2182,1,292,2032,tct,0,1024,-53.72546318
voicemark,3,english:2182,1,292,1918,mean,0,1024,-50.11268418
voicemark,3,english:2182,1,292,1918,tct,0,1024,-49.93479112
voicemark,3,english:2182,1,292,32609,mean,0,1024,-34.11554074
voicemark,3,english:2182,1,292,32609,tct,0,1024,-47.97166010
voicemark,3,english:2182,1,292,27037,mean,0,1024,-48.51498215
voicemark,3,english:2182,1,292,27037,tct,0,1024,-63.52012351
voicemark,3,english:2182,1,292,35209,mean,0,1024,-40.85887711
voicemark,3,english:2182,1,292,35209,tct,0,1024,-33.23074743
voicemark,3,english:2182,1,292,59049,mean,0,1024,-34.53069585
voicemark,3,english:2182,1,292,59049,tct,0,1024,-49.53517529
voicemark,3,english:2182,1,292,10222,mean,0,1024,-42.33592408
voicemark,3,english:2182,1,292,10222,tct,0,1024,-29.93238020
voicemark,3,english:2182,2,293,50981,mean,0,1024,-64.05643786
voicemark,3,english:2182,2,293,50981,tct,0,1024,-70.33853613
voicemark,3,english:2182,2,293,21621,mean,0,1024,-63.32320059
voicemark,3,english:2182,2,293,21621,tct,0,1024,-56.28847468
voicemark,3,english:2182,2,293,17527,mean,0,1024,-63.84013594
voicemark,3,english:2182,2,293,17527,tct,0,1024,-67.13919278
voicemark,3,english:2182,2,293,18825,mean,0,1024,-49.78324640
voicemark,3,english:2182,2,293,18825,tct,0,1024,-43.06859180
voicemark,3,english:2182,2,293,2291,mean,0,1024,-40.29626948
voicemark,3,english:2182,2,293,2291,tct,0,1024,-49.84008078
voicemark,3,english:2182,2,293,48926,mean,0,1024,-49.79867897
voicemark,3,english:2182,2,293,48926,tct,0,1024,-34.90699410
voicemark,3,english:2182,2,293,40328,mean,0,1024,-33.09150952
voicemark,3,english:2182,2,293,40328,tct,0,1024,-41.36990048
voicemark,3,english:2182,2,293,57216,mean,0,1024,-31.61329217
voicemark,3,english:2182,2,293,57216,tct,0,1024,-28.90959063
voicemark,3,english:2182,2,293,15650,mean,0,1024,-64.12251223
voicemark,3,english:2182,2,293,15650,tct,0,1024,-72.11788199
voicemark,3,english:2182,2,293,52197,mean,0,1024,-38.82661093
voicemark,3,english:2182,2,293,52197,tct,0,1024,-46.12251396
voicemark,3,english:2196,0,294,53594,mean,0,1024,-19.83838913
voicemark,3,english:2196,0,294,53594,tct,0,1024,-24.21443347
voicemark,3,english:2196,0,294,25048,mean,0,1024,-25.73425696
voicemark,3,english:2196,0,294,25048,tct,0,1024,-31.17768188
voicemark,3,english:2196,0,294,38276,mean,0,1024,-22.39412770
voicemark,3,english:2196,0,294,38276,tct,0,1024,-48.82170605
voicemark,3,english:2196,0,294,14067,mean,0,1024,-27.95056746
voicemark,3,english:2196,0,294,14067,tct,0,1024,-30.89532793
voicemark,3,english:2196,0,294,50026,mean,0,1024,-8.50878171
voicemark,3,english:2196,0,294,50026,tct,0,1024,-20.56265917
voicemark,3,english:2196,0,294,53880,mean,0,1024,-15.14744160
voicemark,3,english:2196,0,294,53880,tct,0,1024,-13.27046732
voicemark,3,english:2196,0,294,42580,mean,0,1024,-23.16450200
voicemark,3,english:2196,0,294,42580,tct,0,1024,-24.63800000
voicemark,3,english:2196,0,294,33177,mean,0,1024,-21.81849310
voicemark,3,english:2196,0,294,33177,tct,0,1024,-30.08730106
voicemark,3,english:2196,0,294,49172,mean,0,1024,-17.40400157
voicemark,3,english:2196,0,294,49172,tct,0,1024,-24.79617838
voicemark,3,english:2196,0,294,3694,mean,0,1024,-11.86715535
voicemark,3,english:2196,0,294,3694,tct,0,1024,-19.24517931
voicemark,3,english:2196,1,295,61180,mean,0,1024,-59.28919083
voicemark,3,english:2196,1,295,61180,tct,0,1024,-57.36761090
voicemark,3,english:2196,1,295,44119,mean,0,1024,-63.43622834
voicemark,3,english:2196,1,295,44119,tct,0,1024,-58.71374147
voicemark,3,english:2196,1,295,36262,mean,0,1024,-64.76566035
voicemark,3,english:2196,1,295,36262,tct,0,1024,-60.71928160
voicemark,3,english:2196,1,295,19422,mean,0,1024,-62.65110833
voicemark,3,english:2196,1,295,19422,tct,0,1024,-49.16844198
voicemark,3,english:2196,1,295,49468,mean,0,1024,-69.64554078
voicemark,3,english:2196,1,295,49468,tct,0,1024,-63.60477172
voicemark,3,english:2196,1,295,63278,mean,0,1024,-46.12245837
voicemark,3,english:2196,1,295,63278,tct,0,1024,-44.88909993
voicemark,3,english:2196,1,295,64642,mean,0,1024,-68.04013783
voicemark,3,english:2196,1,295,64642,tct,0,1024,-68.04013783
voicemark,3,english:2196,1,295,10110,mean,0,1024,-42.16966334
voicemark,3,english:2196,1,295,10110,tct,0,1024,-47.38988628
voicemark,3,english:2196,1,295,4184,mean,0,1024,-48.96659313
voicemark,3,english:2196,1,295,4184,tct,0,1024,-45.26916698
voicemark,3,english:2196,1,295,57880,mean,0,1024,-52.63404757
voicemark,3,english:2196,1,295,57880,tct,0,1024,-49.77191897
voicemark,3,english:2196,2,296,56411,mean,0,1024,-51.16194790
voicemark,3,english:2196,2,296,56411,tct,0,1024,-52.05155290
voicemark,3,english:2196,2,296,29248,mean,0,1024,-48.38738888
voicemark,3,english:2196,2,296,29248,tct,0,1024,-46.23505891
voicemark,3,english:2196,2,296,55939,mean,0,1024,-51.51490277
voicemark,3,english:2196,2,296,55939,tct,0,1024,-55.91893683
voicemark,3,english:2196,2,296,44169,mean,0,1024,-45.06174534
voicemark,3,english:2196,2,296,44169,tct,0,1024,-33.66567206
voicemark,3,english:2196,2,296,64577,mean,0,1024,-27.95715230
voicemark,3,english:2196,2,296,64577,tct,0,1024,-27.14342666
voicemark,3,english:2196,2,296,17040,mean,0,1024,-49.10502976
voicemark,3,english:2196,2,296,17040,tct,0,1024,-51.69057933
voicemark,3,english:2196,2,296,18325,mean,0,1024,-44.12719029
voicemark,3,english:2196,2,296,18325,tct,0,1024,-32.30199242
voicemark,3,english:2196,2,296,50463,mean,0,1024,-54.83963650
voicemark,3,english:2196,2,296,50463,tct,0,1024,-52.24875983
voicemark,3,english:2196,2,296,5918,mean,0,1024,-28.10168838
voicemark,3,english:2196,2,296,5918,tct,0,1024,-29.70558425
voicemark,3,english:2196,2,296,24155,mean,0,1024,-47.41207760
voicemark,3,english:2196,2,296,24155,tct,0,1024,-47.86675275
voicemark,3,english:226,0,297,62235,mean,0,1024,-50.30122888
voicemark,3,english:226,0,297,62235,tct,0,1024,-54.32724061
voicemark,3,english:226,0,297,38724,mean,0,1024,-17.18082869
voicemark,3,english:226,0,297,38724,tct,0,1024,-17.36197664
voicemark,3,english:226,0,297,62747,mean,0,1024,-50.43962038
voicemark,3,english:226,0,297,62747,tct,0,1024,-56.03876462
voicemark,3,english:226,0,297,4623,mean,0,1024,-47.61699522
voicemark,3,english:226,0,297,4623,tct,0,1024,-54.49216527
voicemark,3,english:226,0,297,22705,mean,0,1024,-24.90283227
voicemark,3,english:226,0,297,22705,tct,0,1024,-30.26237667
voicemark,3,english:226,0,297,12860,mean,0,1024,-37.33180177
voicemark,3,english:226,0,297,12860,tct,0,1024,-39.48967253
voicemark,3,english:226,0,297,12938,mean,0,1024,-45.33721197
voicemark,3,english:226,0,297,12938,tct,0,1024,-44.45752525
voicemark,3,english:226,0,297,50932,mean,0,1024,-32.70570314
voicemark,3,english:226,0,297,50932,tct,0,1024,-42.38511915
voicemark,3,english:226,0,297,7934,mean,0,1024,-39.24117696
voicemark,3,english:226,0,297,7934,tct,0,1024,-38.82212901
voicemark,3,english:226,0,297,18729,mean,0,1024,-31.14290106
voicemark,3,english:226,0,297,18729,tct,0,1024,-35.65680185
voicemark,3,english:226,1,298,3122,mean,0,1024,-51.33504307
voicemark,3,english:226,1,298,3122,tct,0,1024,-61.91091488
voicemark,3,english:226,1,298,63373,mean,0,1024,-62.13041604
voicemark,3,english:226,1,298,63373,tct,0,1024,-51.22163881
voicemark,3,english:226,1,298,32253,mean,0,1024,-54.62469399
voicemark,3,english:226,1,298,32253,tct,0,1024,-52.61550890
voicemark,3,english:226,1,298,51863,mean,0,1024,-51.39172661
voicemark,3,english:226,1,298,51863,tct,0,1024,-45.73100874
voicemark,3,english:226,1,298,7831,mean,0,1024,-60.80697834
voicemark,3,english:226,1,298,7831,tct,0,1024,-70.72324226
voicemark,3,english:226,1,298,23484,mean,0,1024,-64.41983330
voicemark,3,english:226,1,298,23484,tct,0,1024,-77.22016745
voicemark,3,english:226,1,298,5416,mean,0,1024,-61.18166935
voicemark,3,english:226,1,298,5416,tct,0,1024,-70.32522116
voicemark,3,english:226,1,298,53784,mean,0,1024,-37.43595105
voicemark,3,english:226,1,298,53784,tct,0,1024,-32.59887503
voicemark,3,english:226,1,298,47403,mean,0,1024,-71.50498402
voicemark,3,english:226,1,298,47403,tct,0,1024,-70.54929222
voicemark,3,english:226,1,298,21338,mean,0,1024,-43.26582325
voicemark,3,english:226,1,298,21338,tct,0,1024,-37.24105467
voicemark,3,english:226,2,299,53868,mean,0,1024,-36.62117110
voicemark,3,english:226,2,299,53868,tct,0,1024,-33.78566022
voicemark,3,english:226,2,299,29310,mean,0,1024,-41.58199988
voicemark,3,english:226,2,299,29310,tct,0,1024,-40.86840101
voicemark,3,english:226,2,299,39954,mean,0,1024,-49.54696380
voicemark,3,english:226,2,299,39954,tct,0,1024,-47.94657116
voicemark,3,english:226,2,299,55317,mean,0,1024,-39.12511931
voicemark,3,english:226,2,299,55317,tct,0,1024,-28.12126882
voicemark,3,english:226,2,299,14016,mean,0,1024,-41.91910182
voicemark,3,english:226,2,299,14016,tct,0,1024,-49.87619895
voicemark,3,english:226,2,299,47105,mean,0,1024,-32.20966445
voicemark,3,english:226,2,299,47105,tct,0,1024,-5.94442645
voicemark,3,english:226,2,299,48404,mean,0,1024,-19.31655099
voicemark,3,english:226,2,299,48404,tct,0,1024,-30.61728660
voicemark,3,english:226,2,299,19520,mean,0,1024,-20.13325247
voicemark,3,english:226,2,299,19520,tct,0,1024,-35.73755823
voicemark,3,english:226,2,299,56076,mean,0,1024,-29.98096476
voicemark,3,english:226,2,299,56076,tct,0,1024,-12.46210243
voicemark,3,english:226,2,299,25439,mean,0,1024,-41.04274188
voicemark,3,english:226,2,299,25439,tct,0,1024,-53.66459966
