model,K,spk,local_t,gi,target,method,d_hull,target_hit,target_margin
audioseal,5,chinese:SSB0005,0,0,63605,mean,0.859727,0,-3.311918
audioseal,5,chinese:SSB0005,0,0,63605,tct,0.859727,0,-0.405722
audioseal,5,chinese:SSB0005,0,0,38789,mean,0.912871,0,-4.402207
audioseal,5,chinese:SSB0005,0,0,38789,tct,0.912871,0,-1.258398
audioseal,5,chinese:SSB0005,0,0,47819,mean,0.919866,0,-5.125211
audioseal,5,chinese:SSB0005,0,0,47819,tct,0.919866,0,-2.657733
audioseal,5,chinese:SSB0005,0,0,38885,mean,0.925820,0,-4.767037
audioseal,5,chinese:SSB0005,0,0,38885,tct,0.925820,0,-1.559033
audioseal,5,chinese:SSB0005,0,0,38727,mean,1.154701,0,-3.973258
audioseal,5,chinese:SSB0005,0,0,38727,tct,1.154701,0,-1.922789
audioseal,5,chinese:SSB0005,0,0,62325,mean,1.176697,0,-2.095603
audioseal,5,chinese:SSB0005,0,0,62325,tct,1.176697,0,-1.560994
audioseal,5,chinese:SSB0005,0,0,38629,mean,1.195229,0,-5.513637
audioseal,5,chinese:SSB0005,0,0,38629,tct,1.195229,0,-1.145377
audioseal,5,chinese:SSB0005,0,0,33735,mean,1.206864,0,-4.276896
audioseal,5,chinese:SSB0005,0,0,33735,tct,1.206864,0,-3.335022
audioseal,5,chinese:SSB0005,0,0,63607,mean,1.214496,0,-4.229705
audioseal,5,chinese:SSB0005,0,0,63607,tct,1.214496,0,-1.692654
audioseal,5,chinese:SSB0005,0,0,38599,mean,1.219500,0,-5.038566
audioseal,5,chinese:SSB0005,0,0,38599,tct,1.219500,0,-2.183298
audioseal,5,chinese:SSB0005,1,1,27987,mean,0.881917,0,-3.401017
audioseal,5,chinese:SSB0005,1,1,27987,tct,0.881917,1,0.281320
audioseal,5,chinese:SSB0005,1,1,14993,mean,0.939336,0,-6.113053
audioseal,5,chinese:SSB0005,1,1,14993,tct,0.939336,0,-2.696224
audioseal,5,chinese:SSB0005,1,1,47760,mean,0.945905,0,-6.613734
audioseal,5,chinese:SSB0005,1,1,47760,tct,0.945905,0,-3.265045
audioseal,5,chinese:SSB0005,1,1,32114,mean,1.118034,0,-5.436971
audioseal,5,chinese:SSB0005,1,1,32114,tct,1.118034,0,-1.118888
audioseal,5,chinese:SSB0005,1,1,23930,mean,1.118034,0,-7.249507
audioseal,5,chinese:SSB0005,1,1,23930,tct,1.118034,0,-2.061934
audioseal,5,chinese:SSB0005,1,1,17746,mean,1.145644,0,-6.892070
audioseal,5,chinese:SSB0005,1,1,17746,tct,1.145644,0,-4.371071
audioseal,5,chinese:SSB0005,1,1,15672,mean,1.154701,0,-7.470064
audioseal,5,chinese:SSB0005,1,1,15672,tct,1.154701,0,-0.216643
audioseal,5,chinese:SSB0005,1,1,60713,mean,1.194121,0,-5.813557
audioseal,5,chinese:SSB0005,1,1,60713,tct,1.194121,0,-1.597828
audioseal,5,chinese:SSB0005,1,1,23931,mean,1.206045,0,-5.930943
audioseal,5,chinese:SSB0005,1,1,23931,tct,1.206045,0,-2.971184
audioseal,5,chinese:SSB0005,1,1,16017,mean,1.236694,0,-7.219730
audioseal,5,chinese:SSB0005,1,1,16017,tct,1.236694,0,-3.807254
audioseal,5,chinese:SSB0005,2,2,60561,mean,0.869757,0,-2.956061
audioseal,5,chinese:SSB0005,2,2,60561,tct,0.869757,1,0.263928
audioseal,5,chinese:SSB0005,2,2,44163,mean,1.064726,0,-2.874637
audioseal,5,chinese:SSB0005,2,2,44163,tct,1.064726,0,-1.211507
audioseal,5,chinese:SSB0005,2,2,64664,mean,1.123687,0,-4.118537
audioseal,5,chinese:SSB0005,2,2,64664,tct,1.123687,0,-1.801119
audioseal,5,chinese:SSB0005,2,2,42881,mean,1.129822,0,-4.389723
audioseal,5,chinese:SSB0005,2,2,42881,tct,1.129822,0,-0.194607
audioseal,5,chinese:SSB0005,2,2,41379,mean,1.185013,0,-4.612280
audioseal,5,chinese:SSB0005,2,2,41379,tct,1.185013,0,-2.731895
audioseal,5,chinese:SSB0005,2,2,36753,mean,1.193734,0,-5.930355
audioseal,5,chinese:SSB0005,2,2,36753,tct,1.193734,0,-2.831376
audioseal,5,chinese:SSB0005,2,2,64665,mean,1.209717,0,-4.916996
audioseal,5,chinese:SSB0005,2,2,64665,tct,1.209717,0,-1.113195
audioseal,5,chinese:SSB0005,2,2,58547,mean,1.214900,0,-3.556984
audioseal,5,chinese:SSB0005,2,2,58547,tct,1.214900,0,-0.595939
audioseal,5,chinese:SSB0005,2,2,41675,mean,1.221501,0,-7.767321
audioseal,5,chinese:SSB0005,2,2,41675,tct,1.221501,0,-2.718927
audioseal,5,chinese:SSB0005,2,2,55472,mean,1.246046,0,-4.078554
audioseal,5,chinese:SSB0005,2,2,55472,tct,1.246046,0,-0.760051
audioseal,5,chinese:SSB0009,0,3,28035,mean,0.920575,0,-8.372694
audioseal,5,chinese:SSB0009,0,3,28035,tct,0.920575,0,-2.154225
audioseal,5,chinese:SSB0009,0,3,11902,mean,0.926906,0,-10.411251
audioseal,5,chinese:SSB0009,0,3,11902,tct,0.926906,0,-1.423432
audioseal,5,chinese:SSB0009,0,3,9852,mean,1.000000,0,-11.016798
audioseal,5,chinese:SSB0009,0,3,9852,tct,1.000000,0,-3.088649
audioseal,5,chinese:SSB0009,0,3,39417,mean,1.126185,0,-4.699959
audioseal,5,chinese:SSB0009,0,3,39417,tct,1.126185,0,-1.893799
audioseal,5,chinese:SSB0009,0,3,10872,mean,1.136575,0,-8.113300
audioseal,5,chinese:SSB0009,0,3,10872,tct,1.136575,0,-0.287896
audioseal,5,chinese:SSB0009,0,3,51816,mean,1.140175,0,-10.104548
audioseal,5,chinese:SSB0009,0,3,51816,tct,1.140175,0,-1.732378
audioseal,5,chinese:SSB0009,0,3,39321,mean,1.143840,0,-2.131311
audioseal,5,chinese:SSB0009,0,3,39321,tct,1.143840,0,-0.967986
audioseal,5,chinese:SSB0009,0,3,40217,mean,1.147638,0,-2.620927
audioseal,5,chinese:SSB0009,0,3,40217,tct,1.147638,0,-1.323306
audioseal,5,chinese:SSB0009,0,3,43449,mean,1.158493,0,-3.156359
audioseal,5,chinese:SSB0009,0,3,43449,tct,1.158493,0,-1.476766
audioseal,5,chinese:SSB0009,0,3,43289,mean,1.158493,0,-0.752749
audioseal,5,chinese:SSB0009,0,3,43289,tct,1.158493,0,-0.051369
audioseal,5,chinese:SSB0009,1,4,29226,mean,0.866025,0,-3.331399
audioseal,5,chinese:SSB0009,1,4,29226,tct,0.866025,0,-0.324050
audioseal,5,chinese:SSB0009,1,4,1677,mean,0.899101,0,-7.124524
audioseal,5,chinese:SSB0009,1,4,1677,tct,0.899101,0,-2.686561
audioseal,5,chinese:SSB0009,1,4,50639,mean,0.935414,0,-6.862835
audioseal,5,chinese:SSB0009,1,4,50639,tct,0.935414,0,-1.209577
audioseal,5,chinese:SSB0009,1,4,21050,mean,0.942809,0,-3.338627
audioseal,5,chinese:SSB0009,1,4,21050,tct,0.942809,0,-1.460839
audioseal,5,chinese:SSB0009,1,4,21160,mean,0.981307,0,-2.480855
audioseal,5,chinese:SSB0009,1,4,21160,tct,0.981307,0,-0.217660
audioseal,5,chinese:SSB0009,1,4,49486,mean,1.154701,0,-6.777869
audioseal,5,chinese:SSB0009,1,4,49486,tct,1.154701,0,-0.794508
audioseal,5,chinese:SSB0009,1,4,63112,mean,1.167748,0,-5.231914
audioseal,5,chinese:SSB0009,1,4,63112,tct,1.167748,0,-2.985739
audioseal,5,chinese:SSB0009,1,4,54952,mean,1.167748,0,-2.534956
audioseal,5,chinese:SSB0009,1,4,54952,tct,1.167748,0,-1.068596
audioseal,5,chinese:SSB0009,1,4,29290,mean,1.190238,0,-4.010880
audioseal,5,chinese:SSB0009,1,4,29290,tct,1.190238,0,-2.585349
audioseal,5,chinese:SSB0009,1,4,13993,mean,1.195229,0,-5.946683
audioseal,5,chinese:SSB0009,1,4,13993,tct,1.195229,0,-3.972732
audioseal,5,chinese:SSB0009,2,5,34879,mean,0.865558,0,-3.745328
audioseal,5,chinese:SSB0009,2,5,34879,tct,0.865558,0,-1.180434
audioseal,5,chinese:SSB0009,2,5,38023,mean,0.887625,0,-2.166652
audioseal,5,chinese:SSB0009,2,5,38023,tct,0.887625,0,-0.911001
audioseal,5,chinese:SSB0009,2,5,40079,mean,0.898717,0,-2.403084
audioseal,5,chinese:SSB0009,2,5,40079,tct,0.898717,0,-0.750656
audioseal,5,chinese:SSB0009,2,5,58401,mean,0.935414,0,-5.066284
audioseal,5,chinese:SSB0009,2,5,58401,tct,0.935414,0,-0.578890
audioseal,5,chinese:SSB0009,2,5,33839,mean,1.095445,0,-1.246703
audioseal,5,chinese:SSB0009,2,5,33839,tct,1.095445,1,0.233608
audioseal,5,chinese:SSB0009,2,5,34863,mean,1.134234,0,-2.600488
audioseal,5,chinese:SSB0009,2,5,34863,tct,1.134234,0,-1.101084
audioseal,5,chinese:SSB0009,2,5,33953,mean,1.195229,0,-4.260096
audioseal,5,chinese:SSB0009,2,5,33953,tct,1.195229,0,-1.494939
audioseal,5,chinese:SSB0009,2,5,46511,mean,1.199462,0,-3.070622
audioseal,5,chinese:SSB0009,2,5,46511,tct,1.199462,0,-2.548766
audioseal,5,chinese:SSB0009,2,5,51251,mean,1.218142,0,-5.473848
audioseal,5,chinese:SSB0009,2,5,51251,tct,1.218142,0,-2.255538
audioseal,5,chinese:SSB0009,2,5,14767,mean,1.229713,0,-5.675980
audioseal,5,chinese:SSB0009,2,5,14767,tct,1.229713,0,-1.557266
audioseal,5,chinese:SSB0011,0,6,20591,mean,0.928191,0,-2.128557
audioseal,5,chinese:SSB0011,0,6,20591,tct,0.928191,0,-1.863953
audioseal,5,chinese:SSB0011,0,6,28126,mean,0.928191,0,-5.843517
audioseal,5,chinese:SSB0011,0,6,28126,tct,0.928191,0,-1.116268
audioseal,5,chinese:SSB0011,0,6,53615,mean,0.942809,0,-2.360895
audioseal,5,chinese:SSB0011,0,6,53615,tct,0.942809,0,-1.582877
audioseal,5,chinese:SSB0011,0,6,45295,mean,1.208941,0,-1.559130
audioseal,5,chinese:SSB0011,0,6,45295,tct,1.208941,0,-1.877530
audioseal,5,chinese:SSB0011,0,6,25951,mean,1.240347,0,-4.769157
audioseal,5,chinese:SSB0011,0,6,25951,tct,1.240347,0,-2.805323
audioseal,5,chinese:SSB0011,0,6,32878,mean,1.246046,0,-2.070241
audioseal,5,chinese:SSB0011,0,6,32878,tct,1.246046,0,-1.274992
audioseal,5,chinese:SSB0011,0,6,2676,mean,1.247219,0,-6.138238
audioseal,5,chinese:SSB0011,0,6,2676,tct,1.247219,0,-3.967072
audioseal,5,chinese:SSB0011,0,6,17887,mean,1.247219,0,-6.660101
audioseal,5,chinese:SSB0011,0,6,17887,tct,1.247219,0,-2.698218
audioseal,5,chinese:SSB0011,0,6,53743,mean,1.247219,0,-3.491643
audioseal,5,chinese:SSB0011,0,6,53743,tct,1.247219,0,-2.455437
audioseal,5,chinese:SSB0011,0,6,28124,mean,1.247219,0,-6.682594
audioseal,5,chinese:SSB0011,0,6,28124,tct,1.247219,0,-2.744583
audioseal,5,chinese:SSB0011,1,7,26862,mean,0.948683,0,-8.683185
audioseal,5,chinese:SSB0011,1,7,26862,tct,0.948683,0,-2.631138
audioseal,5,chinese:SSB0011,1,7,32977,mean,1.113300,0,-4.632541
audioseal,5,chinese:SSB0011,1,7,32977,tct,1.113300,0,-0.709920
audioseal,5,chinese:SSB0011,1,7,51269,mean,1.138321,0,-2.631444
audioseal,5,chinese:SSB0011,1,7,51269,tct,1.138321,0,-0.925442
audioseal,5,chinese:SSB0011,1,7,62212,mean,1.140175,0,-2.642960
audioseal,5,chinese:SSB0011,1,7,62212,tct,1.140175,0,-2.337345
audioseal,5,chinese:SSB0011,1,7,41041,mean,1.143639,0,-2.781411
audioseal,5,chinese:SSB0011,1,7,41041,tct,1.143639,0,-1.400522
audioseal,5,chinese:SSB0011,1,7,45265,mean,1.146008,0,-2.958382
audioseal,5,chinese:SSB0011,1,7,45265,tct,1.146008,0,-1.538877
audioseal,5,chinese:SSB0011,1,7,37973,mean,1.147079,0,-3.648875
audioseal,5,chinese:SSB0011,1,7,37973,tct,1.147079,0,-0.932224
audioseal,5,chinese:SSB0011,1,7,36885,mean,1.180990,0,-2.626140
audioseal,5,chinese:SSB0011,1,7,36885,tct,1.180990,0,-1.260776
audioseal,5,chinese:SSB0011,1,7,43525,mean,1.193734,0,-3.967554
audioseal,5,chinese:SSB0011,1,7,43525,tct,1.193734,0,-2.233659
audioseal,5,chinese:SSB0011,1,7,45649,mean,1.206045,0,-3.026160
audioseal,5,chinese:SSB0011,1,7,45649,tct,1.206045,0,-1.812383
audioseal,5,chinese:SSB0011,2,8,38936,mean,0.903508,0,-4.411146
audioseal,5,chinese:SSB0011,2,8,38936,tct,0.903508,0,-0.885498
audioseal,5,chinese:SSB0011,2,8,16530,mean,0.939336,0,-6.459237
audioseal,5,chinese:SSB0011,2,8,16530,tct,0.939336,0,-2.688413
audioseal,5,chinese:SSB0011,2,8,37000,mean,1.128152,0,-4.653171
audioseal,5,chinese:SSB0011,2,8,37000,tct,1.128152,0,-0.834235
audioseal,5,chinese:SSB0011,2,8,55432,mean,1.150447,0,-2.938260
audioseal,5,chinese:SSB0011,2,8,55432,tct,1.150447,0,-0.349666
audioseal,5,chinese:SSB0011,2,8,5665,mean,1.154701,0,-5.039483
audioseal,5,chinese:SSB0011,2,8,5665,tct,1.154701,0,-2.696349
audioseal,5,chinese:SSB0011,2,8,39321,mean,1.169795,0,-6.999794
audioseal,5,chinese:SSB0011,2,8,39321,tct,1.169795,0,-3.316685
audioseal,5,chinese:SSB0011,2,8,6434,mean,1.193956,0,-2.762381
audioseal,5,chinese:SSB0011,2,8,6434,tct,1.193956,1,0.234148
audioseal,5,chinese:SSB0011,2,8,6962,mean,1.196843,0,-5.096774
audioseal,5,chinese:SSB0011,2,8,6962,tct,1.196843,0,-1.787086
audioseal,5,chinese:SSB0011,2,8,39225,mean,1.213954,0,-5.367583
audioseal,5,chinese:SSB0011,2,8,39225,tct,1.213954,0,-1.636722
audioseal,5,chinese:SSB0011,2,8,6328,mean,1.236033,0,-3.215806
audioseal,5,chinese:SSB0011,2,8,6328,tct,1.236033,0,-2.870140
audioseal,5,chinese:SSB0012,0,9,62286,mean,0.912871,0,-3.779705
audioseal,5,chinese:SSB0012,0,9,62286,tct,0.912871,0,-1.047146
audioseal,5,chinese:SSB0012,0,9,45709,mean,0.912871,0,-4.099906
audioseal,5,chinese:SSB0012,0,9,45709,tct,0.912871,0,-1.207239
audioseal,5,chinese:SSB0012,0,9,30083,mean,0.935414,0,-3.822501
audioseal,5,chinese:SSB0012,0,9,30083,tct,0.935414,0,-1.892383
audioseal,5,chinese:SSB0012,0,9,45721,mean,1.000000,0,-4.437572
audioseal,5,chinese:SSB0012,0,9,45721,tct,1.000000,0,-1.529977
audioseal,5,chinese:SSB0012,0,9,62342,mean,1.086042,0,-2.523088
audioseal,5,chinese:SSB0012,0,9,62342,tct,1.086042,0,-0.747728
audioseal,5,chinese:SSB0012,0,9,37376,mean,1.118034,0,-5.977180
audioseal,5,chinese:SSB0012,0,9,37376,tct,1.118034,0,-1.679005
audioseal,5,chinese:SSB0012,0,9,53257,mean,1.118034,0,-3.835250
audioseal,5,chinese:SSB0012,0,9,53257,tct,1.118034,0,-1.712291
audioseal,5,chinese:SSB0012,0,9,37505,mean,1.142080,0,-4.511035
audioseal,5,chinese:SSB0012,0,9,37505,tct,1.142080,0,-0.954204
audioseal,5,chinese:SSB0012,0,9,61899,mean,1.143824,0,-2.293007
audioseal,5,chinese:SSB0012,0,9,61899,tct,1.143824,0,-2.207644
audioseal,5,chinese:SSB0012,0,9,29066,mean,1.145644,0,-3.474363
audioseal,5,chinese:SSB0012,0,9,29066,tct,1.145644,0,-1.008883
audioseal,5,chinese:SSB0012,1,10,1862,mean,0.910259,0,-5.965712
audioseal,5,chinese:SSB0012,1,10,1862,tct,0.910259,0,-1.891967
audioseal,5,chinese:SSB0012,1,10,5956,mean,0.912871,0,-6.561729
audioseal,5,chinese:SSB0012,1,10,5956,tct,0.912871,0,-1.701560
audioseal,5,chinese:SSB0012,1,10,27668,mean,1.044466,0,-3.176389
audioseal,5,chinese:SSB0012,1,10,27668,tct,1.044466,0,-0.966432
audioseal,5,chinese:SSB0012,1,10,27700,mean,1.073087,0,-2.445282
audioseal,5,chinese:SSB0012,1,10,27700,tct,1.073087,1,0.674232
audioseal,5,chinese:SSB0012,1,10,27703,mean,1.140175,0,-3.097705
audioseal,5,chinese:SSB0012,1,10,27703,tct,1.140175,0,-1.191678
audioseal,5,chinese:SSB0012,1,10,26909,mean,1.193734,0,-7.974697
audioseal,5,chinese:SSB0012,1,10,26909,tct,1.193734,0,-1.132285
audioseal,5,chinese:SSB0012,1,10,18456,mean,1.195229,0,-6.070550
audioseal,5,chinese:SSB0012,1,10,18456,tct,1.195229,0,-2.728394
audioseal,5,chinese:SSB0012,1,10,31315,mean,1.195229,0,-6.251812
audioseal,5,chinese:SSB0012,1,10,31315,tct,1.195229,0,-2.067553
audioseal,5,chinese:SSB0012,1,10,27956,mean,1.206045,0,-3.368257
audioseal,5,chinese:SSB0012,1,10,27956,tct,1.206045,0,-0.735779
audioseal,5,chinese:SSB0012,1,10,44598,mean,1.206045,0,-5.576008
audioseal,5,chinese:SSB0012,1,10,44598,tct,1.206045,0,-3.614069
audioseal,5,chinese:SSB0012,2,11,19397,mean,1.025978,0,-1.594440
audioseal,5,chinese:SSB0012,2,11,19397,tct,1.025978,1,0.359462
audioseal,5,chinese:SSB0012,2,11,27345,mean,1.071346,0,-2.554735
audioseal,5,chinese:SSB0012,2,11,27345,tct,1.071346,0,-1.803235
audioseal,5,chinese:SSB0012,2,11,19409,mean,1.123903,0,-2.875347
audioseal,5,chinese:SSB0012,2,11,19409,tct,1.123903,0,-1.710964
audioseal,5,chinese:SSB0012,2,11,20295,mean,1.169795,0,-4.416707
audioseal,5,chinese:SSB0012,2,11,20295,tct,1.169795,0,-2.497249
audioseal,5,chinese:SSB0012,2,11,30804,mean,1.169795,0,-2.628106
audioseal,5,chinese:SSB0012,2,11,30804,tct,1.169795,1,0.343401
audioseal,5,chinese:SSB0012,2,11,19173,mean,1.182800,0,-3.778799
audioseal,5,chinese:SSB0012,2,11,19173,tct,1.182800,0,-0.854470
audioseal,5,chinese:SSB0012,2,11,29137,mean,1.183216,0,-2.376307
audioseal,5,chinese:SSB0012,2,11,29137,tct,1.183216,0,-0.487569
audioseal,5,chinese:SSB0012,2,11,51913,mean,1.193416,0,-5.208287
audioseal,5,chinese:SSB0012,2,11,51913,tct,1.193416,0,-2.437644
audioseal,5,chinese:SSB0012,2,11,24087,mean,1.220394,0,-4.493177
audioseal,5,chinese:SSB0012,2,11,24087,tct,1.220394,0,-4.525129
audioseal,5,chinese:SSB0012,2,11,31830,mean,1.220394,0,-4.925131
audioseal,5,chinese:SSB0012,2,11,31830,tct,1.220394,0,-2.093614
audioseal,5,chinese:SSB0016,0,12,19026,mean,0.904534,0,-4.384993
audioseal,5,chinese:SSB0016,0,12,19026,tct,0.904534,0,-2.228787
audioseal,5,chinese:SSB0016,0,12,62138,mean,0.929320,0,-6.763449
audioseal,5,chinese:SSB0016,0,12,62138,tct,0.929320,0,-2.658990
audioseal,5,chinese:SSB0016,0,12,45738,mean,0.948683,0,-7.425150
audioseal,5,chinese:SSB0016,0,12,45738,tct,0.948683,0,-4.123958
audioseal,5,chinese:SSB0016,0,12,6173,mean,1.000000,0,-4.369368
audioseal,5,chinese:SSB0016,0,12,6173,tct,1.000000,0,-1.397408
audioseal,5,chinese:SSB0016,0,12,19029,mean,1.142080,0,-4.988080
audioseal,5,chinese:SSB0016,0,12,19029,tct,1.142080,0,-1.548843
audioseal,5,chinese:SSB0016,0,12,12829,mean,1.163975,0,-5.430475
audioseal,5,chinese:SSB0016,0,12,12829,tct,1.163975,0,-0.501533
audioseal,5,chinese:SSB0016,0,12,24146,mean,1.167748,0,-3.933426
audioseal,5,chinese:SSB0016,0,12,24146,tct,1.167748,0,-1.545302
audioseal,5,chinese:SSB0016,0,12,7749,mean,1.195229,0,-5.198213
audioseal,5,chinese:SSB0016,0,12,7749,tct,1.195229,0,-1.726492
audioseal,5,chinese:SSB0016,0,12,2580,mean,1.197824,0,-2.369846
audioseal,5,chinese:SSB0016,0,12,2580,tct,1.197824,0,-2.529893
audioseal,5,chinese:SSB0016,0,12,7765,mean,1.218248,0,-3.967581
audioseal,5,chinese:SSB0016,0,12,7765,tct,1.218248,0,-1.991162
audioseal,5,chinese:SSB0016,1,13,18449,mean,0.907485,0,-5.091967
audioseal,5,chinese:SSB0016,1,13,18449,tct,0.907485,0,-0.910369
audioseal,5,chinese:SSB0016,1,13,34420,mean,0.911584,0,-8.753171
audioseal,5,chinese:SSB0016,1,13,34420,tct,0.911584,0,-2.309189
audioseal,5,chinese:SSB0016,1,13,50806,mean,0.925820,0,-8.580789
audioseal,5,chinese:SSB0016,1,13,50806,tct,0.925820,0,-4.313975
audioseal,5,chinese:SSB0016,1,13,54900,mean,0.937218,0,-6.790727
audioseal,5,chinese:SSB0016,1,13,54900,tct,0.937218,0,-1.546386
audioseal,5,chinese:SSB0016,1,13,20633,mean,1.148542,0,-5.209172
audioseal,5,chinese:SSB0016,1,13,20633,tct,1.148542,0,-1.298630
audioseal,5,chinese:SSB0016,1,13,18448,mean,1.183216,0,-6.450665
audioseal,5,chinese:SSB0016,1,13,18448,tct,1.183216,0,-0.568956
audioseal,5,chinese:SSB0016,1,13,19989,mean,1.184840,0,-4.824495
audioseal,5,chinese:SSB0016,1,13,19989,tct,1.184840,0,-1.589242
audioseal,5,chinese:SSB0016,1,13,2197,mean,1.193734,0,-6.119954
audioseal,5,chinese:SSB0016,1,13,2197,tct,1.193734,0,-2.927926
audioseal,5,chinese:SSB0016,1,13,41841,mean,1.196736,0,-5.951044
audioseal,5,chinese:SSB0016,1,13,41841,tct,1.196736,0,-0.465163
audioseal,5,chinese:SSB0016,1,13,19093,mean,1.207203,0,-4.479367
audioseal,5,chinese:SSB0016,1,13,19093,tct,1.207203,0,-2.392952
audioseal,5,chinese:SSB0016,2,14,6968,mean,0.908295,0,-8.239115
audioseal,5,chinese:SSB0016,2,14,6968,tct,0.908295,0,-0.991991
audioseal,5,chinese:SSB0016,2,14,37652,mean,0.925820,0,-9.161714
audioseal,5,chinese:SSB0016,2,14,37652,tct,0.925820,0,-0.751968
audioseal,5,chinese:SSB0016,2,14,38384,mean,1.037749,0,-2.356636
audioseal,5,chinese:SSB0016,2,14,38384,tct,1.037749,0,-1.127242
audioseal,5,chinese:SSB0016,2,14,38328,mean,1.140175,0,-4.641574
audioseal,5,chinese:SSB0016,2,14,38328,tct,1.140175,0,-1.011832
audioseal,5,chinese:SSB0016,2,14,37312,mean,1.143544,0,-3.061319
audioseal,5,chinese:SSB0016,2,14,37312,tct,1.143544,0,-1.512433
audioseal,5,chinese:SSB0016,2,14,40336,mean,1.143544,0,-3.665745
audioseal,5,chinese:SSB0016,2,14,40336,tct,1.143544,0,-2.023690
audioseal,5,chinese:SSB0016,2,14,8104,mean,1.163975,0,-4.627604
audioseal,5,chinese:SSB0016,2,14,8104,tct,1.163975,0,-1.726747
audioseal,5,chinese:SSB0016,2,14,40928,mean,1.177651,0,-1.320495
audioseal,5,chinese:SSB0016,2,14,40928,tct,1.177651,0,-1.172508
audioseal,5,chinese:SSB0016,2,14,38298,mean,1.186077,0,-6.717612
audioseal,5,chinese:SSB0016,2,14,38298,tct,1.186077,0,-2.576180
audioseal,5,chinese:SSB0016,2,14,39700,mean,1.193416,0,-8.341388
audioseal,5,chinese:SSB0016,2,14,39700,tct,1.193416,0,-0.503079
audioseal,5,chinese:SSB0018,0,15,62527,mean,1.110555,0,-0.779416
audioseal,5,chinese:SSB0018,0,15,62527,tct,1.110555,0,-0.398095
audioseal,5,chinese:SSB0018,0,15,30075,mean,1.140175,0,-3.502487
audioseal,5,chinese:SSB0018,0,15,30075,tct,1.140175,0,-2.405401
audioseal,5,chinese:SSB0018,0,15,50415,mean,1.141798,0,-6.383501
audioseal,5,chinese:SSB0018,0,15,50415,tct,1.141798,0,-0.933195
audioseal,5,chinese:SSB0018,0,15,53627,mean,1.173450,0,-4.441487
audioseal,5,chinese:SSB0018,0,15,53627,tct,1.173450,0,-1.325550
audioseal,5,chinese:SSB0018,0,15,61439,mean,1.185013,0,-5.342889
audioseal,5,chinese:SSB0018,0,15,61439,tct,1.185013,0,-2.082589
audioseal,5,chinese:SSB0018,0,15,63421,mean,1.185013,0,-3.168180
audioseal,5,chinese:SSB0018,0,15,63421,tct,1.185013,0,-1.849316
audioseal,5,chinese:SSB0018,0,15,28795,mean,1.195229,0,-5.228252
audioseal,5,chinese:SSB0018,0,15,28795,tct,1.195229,0,-1.989118
audioseal,5,chinese:SSB0018,0,15,34222,mean,1.202188,0,-6.986088
audioseal,5,chinese:SSB0018,0,15,34222,tct,1.202188,0,-2.345741
audioseal,5,chinese:SSB0018,0,15,25663,mean,1.217161,0,-2.848598
audioseal,5,chinese:SSB0018,0,15,25663,tct,1.217161,0,-1.215179
audioseal,5,chinese:SSB0018,0,15,50303,mean,1.221717,0,-4.180624
audioseal,5,chinese:SSB0018,0,15,50303,tct,1.221717,0,-1.806444
audioseal,5,chinese:SSB0018,1,16,3523,mean,0.894427,0,-5.677155
audioseal,5,chinese:SSB0018,1,16,3523,tct,0.894427,0,-2.121619
audioseal,5,chinese:SSB0018,1,16,18178,mean,0.895155,0,-4.833532
audioseal,5,chinese:SSB0018,1,16,18178,tct,0.895155,0,-1.715316
audioseal,5,chinese:SSB0018,1,16,19651,mean,0.899010,0,-3.212893
audioseal,5,chinese:SSB0018,1,16,19651,tct,0.899010,0,-1.417329
audioseal,5,chinese:SSB0018,1,16,12993,mean,0.903211,0,-8.946552
audioseal,5,chinese:SSB0018,1,16,12993,tct,0.903211,0,-1.436196
audioseal,5,chinese:SSB0018,1,16,19655,mean,1.110350,0,-4.232064
audioseal,5,chinese:SSB0018,1,16,19655,tct,1.110350,0,-1.754943
audioseal,5,chinese:SSB0018,1,16,14275,mean,1.134234,0,-8.309580
audioseal,5,chinese:SSB0018,1,16,14275,tct,1.134234,0,-2.028780
audioseal,5,chinese:SSB0018,1,16,19914,mean,1.154701,0,-4.141161
audioseal,5,chinese:SSB0018,1,16,19914,tct,1.154701,0,-1.665720
audioseal,5,chinese:SSB0018,1,16,20367,mean,1.167748,0,-8.890908
audioseal,5,chinese:SSB0018,1,16,20367,tct,1.167748,0,-0.944652
audioseal,5,chinese:SSB0018,1,16,6797,mean,1.213954,0,-11.575050
audioseal,5,chinese:SSB0018,1,16,6797,tct,1.213954,0,-2.160923
audioseal,5,chinese:SSB0018,1,16,22346,mean,1.245533,0,-5.351709
audioseal,5,chinese:SSB0018,1,16,22346,tct,1.245533,0,-1.917304
audioseal,5,chinese:SSB0018,2,17,59816,mean,0.908964,0,-4.338319
audioseal,5,chinese:SSB0018,2,17,59816,tct,0.908964,0,-0.341871
audioseal,5,chinese:SSB0018,2,17,60808,mean,0.910822,0,-6.160188
audioseal,5,chinese:SSB0018,2,17,60808,tct,0.910822,0,-0.892103
audioseal,5,chinese:SSB0018,2,17,60856,mean,0.922531,0,-6.470779
audioseal,5,chinese:SSB0018,2,17,60856,tct,0.922531,0,-0.852608
audioseal,5,chinese:SSB0018,2,17,43933,mean,1.148542,0,-9.865471
audioseal,5,chinese:SSB0018,2,17,43933,tct,1.148542,0,-0.435807
audioseal,5,chinese:SSB0018,2,17,32168,mean,1.178511,0,-3.960194
audioseal,5,chinese:SSB0018,2,17,32168,tct,1.178511,0,-0.172081
audioseal,5,chinese:SSB0018,2,17,11037,mean,1.184840,0,-10.445314
audioseal,5,chinese:SSB0018,2,17,11037,tct,1.184840,0,-1.345554
audioseal,5,chinese:SSB0018,2,17,52392,mean,1.195229,0,-3.081212
audioseal,5,chinese:SSB0018,2,17,52392,tct,1.195229,0,-0.605041
audioseal,5,chinese:SSB0018,2,17,43929,mean,1.211646,0,-9.044327
audioseal,5,chinese:SSB0018,2,17,43929,tct,1.211646,0,-1.741918
audioseal,5,chinese:SSB0018,2,17,10640,mean,1.216479,0,-6.220043
audioseal,5,chinese:SSB0018,2,17,10640,tct,1.216479,0,-1.823125
audioseal,5,chinese:SSB0018,2,17,20717,mean,1.221501,0,-4.883146
audioseal,5,chinese:SSB0018,2,17,20717,tct,1.221501,0,-1.996064
audioseal,5,chinese:SSB0033,0,18,9693,mean,0.929320,0,-7.779773
audioseal,5,chinese:SSB0033,0,18,9693,tct,0.929320,0,-2.613331
audioseal,5,chinese:SSB0033,0,18,30661,mean,1.148121,0,-6.804109
audioseal,5,chinese:SSB0033,0,18,30661,tct,1.148121,0,-2.332283
audioseal,5,chinese:SSB0033,0,18,36993,mean,1.154701,0,-6.170833
audioseal,5,chinese:SSB0033,0,18,36993,tct,1.154701,0,-1.192993
audioseal,5,chinese:SSB0033,0,18,26581,mean,1.154701,0,-8.863635
audioseal,5,chinese:SSB0033,0,18,26581,tct,1.154701,0,-3.374715
audioseal,5,chinese:SSB0033,0,18,37032,mean,1.158493,0,-4.411933
audioseal,5,chinese:SSB0033,0,18,37032,tct,1.158493,0,-3.668434
audioseal,5,chinese:SSB0033,0,18,6101,mean,1.167184,0,-5.160960
audioseal,5,chinese:SSB0033,0,18,6101,tct,1.167184,0,-0.460567
audioseal,5,chinese:SSB0033,0,18,6020,mean,1.183988,0,-4.476321
audioseal,5,chinese:SSB0033,0,18,6020,tct,1.183988,0,-2.163332
audioseal,5,chinese:SSB0033,0,18,22412,mean,1.183988,0,-5.816194
audioseal,5,chinese:SSB0033,0,18,22412,tct,1.183988,0,-2.090655
audioseal,5,chinese:SSB0033,0,18,38452,mean,1.195229,0,-5.016391
audioseal,5,chinese:SSB0033,0,18,38452,tct,1.195229,0,-0.686569
audioseal,5,chinese:SSB0033,0,18,4122,mean,1.195229,0,-7.502931
audioseal,5,chinese:SSB0033,0,18,4122,tct,1.195229,0,-0.292869
audioseal,5,chinese:SSB0033,1,19,4877,mean,0.912871,0,-2.880070
audioseal,5,chinese:SSB0033,1,19,4877,tct,0.912871,0,-0.849649
audioseal,5,chinese:SSB0033,1,19,35212,mean,0.948683,0,-3.680886
audioseal,5,chinese:SSB0033,1,19,35212,tct,0.948683,0,-1.373684
audioseal,5,chinese:SSB0033,1,19,44429,mean,1.090009,0,-1.747846
audioseal,5,chinese:SSB0033,1,19,44429,tct,1.090009,0,-1.023564
audioseal,5,chinese:SSB0033,1,19,9101,mean,1.210585,0,-2.383142
audioseal,5,chinese:SSB0033,1,19,9101,tct,1.210585,0,-1.538847
audioseal,5,chinese:SSB0033,1,19,13,mean,1.224745,0,-1.858902
audioseal,5,chinese:SSB0033,1,19,13,tct,1.224745,0,-1.169178
audioseal,5,chinese:SSB0033,1,19,9429,mean,1.236694,0,-5.531087
audioseal,5,chinese:SSB0033,1,19,9429,tct,1.236694,0,-2.119323
audioseal,5,chinese:SSB0033,1,19,2441,mean,1.244990,0,-3.020806
audioseal,5,chinese:SSB0033,1,19,2441,tct,1.244990,0,-2.183653
audioseal,5,chinese:SSB0033,1,19,265,mean,1.244990,0,-1.940416
audioseal,5,chinese:SSB0033,1,19,265,tct,1.244990,0,-2.258399
audioseal,5,chinese:SSB0033,1,19,41741,mean,1.244990,0,-2.594908
audioseal,5,chinese:SSB0033,1,19,41741,tct,1.244990,0,-1.559686
audioseal,5,chinese:SSB0033,1,19,10164,mean,1.294786,0,-6.497899
audioseal,5,chinese:SSB0033,1,19,10164,tct,1.294786,0,-2.060137
audioseal,5,chinese:SSB0033,2,20,25075,mean,0.887954,0,-8.409933
audioseal,5,chinese:SSB0033,2,20,25075,tct,0.887954,0,-1.048373
audioseal,5,chinese:SSB0033,2,20,25004,mean,0.922895,0,-7.872149
audioseal,5,chinese:SSB0033,2,20,25004,tct,0.922895,0,-0.860558
audioseal,5,chinese:SSB0033,2,20,53948,mean,0.925585,0,-6.363650
audioseal,5,chinese:SSB0033,2,20,53948,tct,0.925585,0,-1.532154
audioseal,5,chinese:SSB0033,2,20,35803,mean,0.953463,0,-7.453939
audioseal,5,chinese:SSB0033,2,20,35803,tct,0.953463,0,-2.037253
audioseal,5,chinese:SSB0033,2,20,9179,mean,1.176697,0,-6.331621
audioseal,5,chinese:SSB0033,2,20,9179,tct,1.176697,0,-3.192809
audioseal,5,chinese:SSB0033,2,20,63319,mean,1.185013,0,-3.364202
audioseal,5,chinese:SSB0033,2,20,63319,tct,1.185013,0,-1.314415
audioseal,5,chinese:SSB0033,2,20,53806,mean,1.211060,0,-6.481564
audioseal,5,chinese:SSB0033,2,20,53806,tct,1.211060,0,-1.173586
audioseal,5,chinese:SSB0033,2,20,58323,mean,1.211646,0,-4.536684
audioseal,5,chinese:SSB0033,2,20,58323,tct,1.211646,0,-1.283782
audioseal,5,chinese:SSB0033,2,20,63366,mean,1.216696,0,-4.984545
audioseal,5,chinese:SSB0033,2,20,63366,tct,1.216696,0,-3.035571
audioseal,5,chinese:SSB0033,2,20,26483,mean,1.220394,0,-8.394976
audioseal,5,chinese:SSB0033,2,20,26483,tct,1.220394,0,-3.511431
audioseal,5,chinese:SSB0038,0,21,29185,mean,0.862949,0,-5.003024
audioseal,5,chinese:SSB0038,0,21,29185,tct,0.862949,0,-0.102030
audioseal,5,chinese:SSB0038,0,21,32258,mean,0.894427,0,-2.649705
audioseal,5,chinese:SSB0038,0,21,32258,tct,0.894427,0,-1.340108
audioseal,5,chinese:SSB0038,0,21,38518,mean,0.898717,0,-4.303555
audioseal,5,chinese:SSB0038,0,21,38518,tct,0.898717,0,-0.127422
audioseal,5,chinese:SSB0038,0,21,48766,mean,1.110875,0,-5.018800
audioseal,5,chinese:SSB0038,0,21,48766,tct,1.110875,0,-0.519109
audioseal,5,chinese:SSB0038,0,21,29184,mean,1.129865,0,-4.288655
audioseal,5,chinese:SSB0038,0,21,29184,tct,1.129865,0,-1.037023
audioseal,5,chinese:SSB0038,0,21,49965,mean,1.172604,0,-6.958516
audioseal,5,chinese:SSB0038,0,21,49965,tct,1.172604,0,-2.647556
audioseal,5,chinese:SSB0038,0,21,65255,mean,1.184557,0,-3.440542
audioseal,5,chinese:SSB0038,0,21,65255,tct,1.184557,0,-1.192831
audioseal,5,chinese:SSB0038,0,21,32305,mean,1.211060,0,-4.161958
audioseal,5,chinese:SSB0038,0,21,32305,tct,1.211060,0,-2.499646
audioseal,5,chinese:SSB0038,0,21,15587,mean,1.211060,0,-5.605819
audioseal,5,chinese:SSB0038,0,21,15587,tct,1.211060,0,-2.590843
audioseal,5,chinese:SSB0038,0,21,65043,mean,1.212370,0,-5.006420
audioseal,5,chinese:SSB0038,0,21,65043,tct,1.212370,0,-4.778445
audioseal,5,chinese:SSB0038,1,22,56966,mean,0.918354,0,-6.273028
audioseal,5,chinese:SSB0038,1,22,56966,tct,0.918354,0,-3.207993
audioseal,5,chinese:SSB0038,1,22,54919,mean,0.928191,0,-8.305996
audioseal,5,chinese:SSB0038,1,22,54919,tct,0.928191,0,-0.894047
audioseal,5,chinese:SSB0038,1,22,19153,mean,1.122167,0,-4.739379
audioseal,5,chinese:SSB0038,1,22,19153,tct,1.122167,0,-1.886313
audioseal,5,chinese:SSB0038,1,22,34754,mean,1.176697,0,-7.088978
audioseal,5,chinese:SSB0038,1,22,34754,tct,1.176697,0,-1.424910
audioseal,5,chinese:SSB0038,1,22,27604,mean,1.192558,0,-6.641550
audioseal,5,chinese:SSB0038,1,22,27604,tct,1.192558,0,-0.926115
audioseal,5,chinese:SSB0038,1,22,27380,mean,1.193152,0,-4.895203
audioseal,5,chinese:SSB0038,1,22,27380,tct,1.193152,0,-0.293466
audioseal,5,chinese:SSB0038,1,22,60368,mean,1.208461,0,-6.814292
audioseal,5,chinese:SSB0038,1,22,60368,tct,1.208461,0,-1.864277
audioseal,5,chinese:SSB0038,1,22,34274,mean,1.221501,0,-5.017168
audioseal,5,chinese:SSB0038,1,22,34274,tct,1.221501,0,-0.854872
audioseal,5,chinese:SSB0038,1,22,17109,mean,1.224745,0,-6.418759
audioseal,5,chinese:SSB0038,1,22,17109,tct,1.224745,0,-2.339059
audioseal,5,chinese:SSB0038,1,22,22938,mean,1.230249,0,-6.636865
audioseal,5,chinese:SSB0038,1,22,22938,tct,1.230249,0,-2.802325
audioseal,5,chinese:SSB0038,2,23,61135,mean,0.866025,0,-2.931037
audioseal,5,chinese:SSB0038,2,23,61135,tct,0.866025,0,-0.901630
audioseal,5,chinese:SSB0038,2,23,60655,mean,0.873589,0,-1.502883
audioseal,5,chinese:SSB0038,2,23,60655,tct,0.873589,1,0.533213
audioseal,5,chinese:SSB0038,2,23,56427,mean,0.894427,0,-4.157348
audioseal,5,chinese:SSB0038,2,23,56427,tct,0.894427,1,0.292742
audioseal,5,chinese:SSB0038,2,23,52425,mean,0.905539,0,-5.192692
audioseal,5,chinese:SSB0038,2,23,52425,tct,0.905539,0,-1.253444
audioseal,5,chinese:SSB0038,2,23,62245,mean,0.942809,0,-6.012110
audioseal,5,chinese:SSB0038,2,23,62245,tct,0.942809,0,-1.331387
audioseal,5,chinese:SSB0038,2,23,10559,mean,0.942809,0,-6.826570
audioseal,5,chinese:SSB0038,2,23,10559,tct,0.942809,0,-1.993908
audioseal,5,chinese:SSB0038,2,23,60911,mean,1.025978,0,-0.401394
audioseal,5,chinese:SSB0038,2,23,60911,tct,1.025978,1,0.302722
audioseal,5,chinese:SSB0038,2,23,64619,mean,1.154701,0,-3.258362
audioseal,5,chinese:SSB0038,2,23,64619,tct,1.154701,0,-0.862104
audioseal,5,chinese:SSB0038,2,23,65391,mean,1.158493,0,-1.452755
audioseal,5,chinese:SSB0038,2,23,65391,tct,1.158493,0,-1.013537
audioseal,5,chinese:SSB0038,2,23,64431,mean,1.164375,0,-1.882994
audioseal,5,chinese:SSB0038,2,23,64431,tct,1.164375,0,-0.028744
audioseal,5,chinese:SSB0043,0,24,137,mean,0.928191,0,-3.332348
audioseal,5,chinese:SSB0043,0,24,137,tct,0.928191,0,-1.523712
audioseal,5,chinese:SSB0043,0,24,62484,mean,0.941858,0,-5.647495
audioseal,5,chinese:SSB0043,0,24,62484,tct,0.941858,0,-1.469500
audioseal,5,chinese:SSB0043,0,24,48099,mean,0.963624,0,-5.793457
audioseal,5,chinese:SSB0043,0,24,48099,tct,0.963624,0,-1.261241
audioseal,5,chinese:SSB0043,0,24,34983,mean,1.092306,0,-1.119021
audioseal,5,chinese:SSB0043,0,24,34983,tct,1.092306,0,-0.100749
audioseal,5,chinese:SSB0043,0,24,49319,mean,1.153705,0,-1.093829
audioseal,5,chinese:SSB0043,0,24,49319,tct,1.153705,0,-1.345522
audioseal,5,chinese:SSB0043,0,24,54452,mean,1.173788,0,-3.089886
audioseal,5,chinese:SSB0043,0,24,54452,tct,1.173788,0,-1.587410
audioseal,5,chinese:SSB0043,0,24,51431,mean,1.173788,0,-2.473642
audioseal,5,chinese:SSB0043,0,24,51431,tct,1.173788,0,-2.255696
audioseal,5,chinese:SSB0043,0,24,51372,mean,1.183216,0,-2.678819
audioseal,5,chinese:SSB0043,0,24,51372,tct,1.183216,0,-0.945700
audioseal,5,chinese:SSB0043,0,24,43943,mean,1.183216,0,-4.100479
audioseal,5,chinese:SSB0043,0,24,43943,tct,1.183216,0,-0.618518
audioseal,5,chinese:SSB0043,0,24,43975,mean,1.183216,0,-5.891453
audioseal,5,chinese:SSB0043,0,24,43975,tct,1.183216,0,-1.092152
audioseal,5,chinese:SSB0043,1,25,16886,mean,0.735647,0,-1.108892
audioseal,5,chinese:SSB0043,1,25,16886,tct,0.735647,0,-0.652156
audioseal,5,chinese:SSB0043,1,25,19570,mean,0.913944,0,-4.222584
audioseal,5,chinese:SSB0043,1,25,19570,tct,0.913944,0,-0.559547
audioseal,5,chinese:SSB0043,1,25,41098,mean,0.931891,0,-7.856982
audioseal,5,chinese:SSB0043,1,25,41098,tct,0.931891,0,-2.703341
audioseal,5,chinese:SSB0043,1,25,4598,mean,1.093019,0,-1.918242
audioseal,5,chinese:SSB0043,1,25,4598,tct,1.093019,0,-0.211615
audioseal,5,chinese:SSB0043,1,25,16882,mean,1.111438,0,-1.801883
audioseal,5,chinese:SSB0043,1,25,16882,tct,1.111438,0,-1.998403
audioseal,5,chinese:SSB0043,1,25,24818,mean,1.122167,0,-2.025089
audioseal,5,chinese:SSB0043,1,25,24818,tct,1.122167,0,-0.420410
audioseal,5,chinese:SSB0043,1,25,59506,mean,1.154701,0,-3.512664
audioseal,5,chinese:SSB0043,1,25,59506,tct,1.154701,0,-0.458972
audioseal,5,chinese:SSB0043,1,25,53558,mean,1.172093,0,-1.565006
audioseal,5,chinese:SSB0043,1,25,53558,tct,1.172093,0,-0.802578
audioseal,5,chinese:SSB0043,1,25,33264,mean,1.172604,0,-5.008090
audioseal,5,chinese:SSB0043,1,25,33264,tct,1.172604,0,-0.915831
audioseal,5,chinese:SSB0043,1,25,28150,mean,1.195229,0,-3.050407
audioseal,5,chinese:SSB0043,1,25,28150,tct,1.195229,0,-2.610307
audioseal,5,chinese:SSB0043,2,26,52543,mean,0.894427,0,-4.970175
audioseal,5,chinese:SSB0043,2,26,52543,tct,0.894427,0,-1.453943
audioseal,5,chinese:SSB0043,2,26,42697,mean,0.935414,0,-5.068692
audioseal,5,chinese:SSB0043,2,26,42697,tct,0.935414,0,-2.746336
audioseal,5,chinese:SSB0043,2,26,43948,mean,0.935414,0,-3.865840
audioseal,5,chinese:SSB0043,2,26,43948,tct,0.935414,0,-1.024377
audioseal,5,chinese:SSB0043,2,26,45028,mean,1.060660,0,-1.397496
audioseal,5,chinese:SSB0043,2,26,45028,tct,1.060660,0,-1.149979
audioseal,5,chinese:SSB0043,2,26,60869,mean,1.195229,0,-2.484164
audioseal,5,chinese:SSB0043,2,26,60869,tct,1.195229,0,-3.109969
audioseal,5,chinese:SSB0043,2,26,34765,mean,1.224745,0,-3.701362
audioseal,5,chinese:SSB0043,2,26,34765,tct,1.224745,0,-1.298718
audioseal,5,chinese:SSB0043,2,26,36639,mean,1.224745,0,-6.431820
audioseal,5,chinese:SSB0043,2,26,36639,tct,1.224745,0,-1.409876
audioseal,5,chinese:SSB0043,2,26,55622,mean,1.229713,0,-5.316396
audioseal,5,chinese:SSB0043,2,26,55622,tct,1.229713,0,-3.208526
audioseal,5,chinese:SSB0043,2,26,60524,mean,1.236033,0,-1.294474
audioseal,5,chinese:SSB0043,2,26,60524,tct,1.236033,0,-2.381496
audioseal,5,chinese:SSB0043,2,26,43001,mean,1.236033,0,-5.195338
audioseal,5,chinese:SSB0043,2,26,43001,tct,1.236033,0,-3.071144
audioseal,5,chinese:SSB0057,0,27,50992,mean,0.872662,0,-2.891534
audioseal,5,chinese:SSB0057,0,27,50992,tct,0.872662,0,-2.046732
audioseal,5,chinese:SSB0057,0,27,20518,mean,0.918937,0,-4.466813
audioseal,5,chinese:SSB0057,0,27,20518,tct,0.918937,0,-1.323032
audioseal,5,chinese:SSB0057,0,27,50800,mean,0.948683,0,-4.403090
audioseal,5,chinese:SSB0057,0,27,50800,tct,0.948683,0,-2.832481
audioseal,5,chinese:SSB0057,0,27,50209,mean,1.145644,0,-1.993261
audioseal,5,chinese:SSB0057,0,27,50209,tct,1.145644,0,-1.314911
audioseal,5,chinese:SSB0057,0,27,33643,mean,1.188631,0,-6.498784
audioseal,5,chinese:SSB0057,0,27,33643,tct,1.188631,0,-4.771059
audioseal,5,chinese:SSB0057,0,27,58219,mean,1.188631,0,-6.456860
audioseal,5,chinese:SSB0057,0,27,58219,tct,1.188631,0,-3.189789
audioseal,5,chinese:SSB0057,0,27,50696,mean,1.224745,0,-3.309696
audioseal,5,chinese:SSB0057,0,27,50696,tct,1.224745,0,-2.100589
audioseal,5,chinese:SSB0057,0,27,50739,mean,1.250688,0,-5.366760
audioseal,5,chinese:SSB0057,0,27,50739,tct,1.250688,0,-4.722849
audioseal,5,chinese:SSB0057,0,27,17274,mean,1.283378,0,-6.081764
audioseal,5,chinese:SSB0057,0,27,17274,tct,1.283378,0,-4.227610
audioseal,5,chinese:SSB0057,0,27,25384,mean,1.283378,0,-3.938934
audioseal,5,chinese:SSB0057,0,27,25384,tct,1.283378,0,-1.518861
audioseal,5,chinese:SSB0057,1,28,7852,mean,0.953463,0,-2.282506
audioseal,5,chinese:SSB0057,1,28,7852,tct,0.953463,0,-0.898988
audioseal,5,chinese:SSB0057,1,28,11180,mean,1.051315,0,-3.929279
audioseal,5,chinese:SSB0057,1,28,11180,tct,1.051315,0,-2.564430
audioseal,5,chinese:SSB0057,1,28,2988,mean,1.076055,0,-2.722756
audioseal,5,chinese:SSB0057,1,28,2988,tct,1.076055,0,-3.013186
audioseal,5,chinese:SSB0057,1,28,27556,mean,1.192079,0,-3.829989
audioseal,5,chinese:SSB0057,1,28,27556,tct,1.192079,0,-1.408048
audioseal,5,chinese:SSB0057,1,28,17100,mean,1.195229,0,-4.085041
audioseal,5,chinese:SSB0057,1,28,17100,tct,1.195229,0,-2.292454
audioseal,5,chinese:SSB0057,1,28,57243,mean,1.224745,0,-7.585632
audioseal,5,chinese:SSB0057,1,28,57243,tct,1.224745,0,-2.570153
audioseal,5,chinese:SSB0057,1,28,45004,mean,1.224745,0,-5.108301
audioseal,5,chinese:SSB0057,1,28,45004,tct,1.224745,0,-2.583492
audioseal,5,chinese:SSB0057,1,28,25524,mean,1.224745,0,-6.064735
audioseal,5,chinese:SSB0057,1,28,25524,tct,1.224745,0,-3.282435
audioseal,5,chinese:SSB0057,1,28,49036,mean,1.233588,0,-4.765468
audioseal,5,chinese:SSB0057,1,28,49036,tct,1.233588,0,-1.984588
audioseal,5,chinese:SSB0057,1,28,17884,mean,1.255972,0,-5.282252
audioseal,5,chinese:SSB0057,1,28,17884,tct,1.255972,0,-0.575923
audioseal,5,chinese:SSB0057,2,29,37022,mean,0.888523,0,-5.506457
audioseal,5,chinese:SSB0057,2,29,37022,tct,0.888523,0,-0.748285
audioseal,5,chinese:SSB0057,2,29,38038,mean,0.894427,0,-7.811383
audioseal,5,chinese:SSB0057,2,29,38038,tct,0.894427,0,-1.193711
audioseal,5,chinese:SSB0057,2,29,63036,mean,0.918824,0,-5.707457
audioseal,5,chinese:SSB0057,2,29,63036,tct,0.918824,0,-1.234663
audioseal,5,chinese:SSB0057,2,29,36998,mean,0.953463,0,-7.782186
audioseal,5,chinese:SSB0057,2,29,36998,tct,0.953463,0,-1.537872
audioseal,5,chinese:SSB0057,2,29,20826,mean,1.091554,0,-3.224233
audioseal,5,chinese:SSB0057,2,29,20826,tct,1.091554,1,0.043330
audioseal,5,chinese:SSB0057,2,29,37086,mean,1.148542,0,-6.736148
audioseal,5,chinese:SSB0057,2,29,37086,tct,1.148542,1,0.127843
audioseal,5,chinese:SSB0057,2,29,30328,mean,1.177809,0,-6.897058
audioseal,5,chinese:SSB0057,2,29,30328,tct,1.177809,0,-3.758001
audioseal,5,chinese:SSB0057,2,29,5074,mean,1.184134,0,-6.227123
audioseal,5,chinese:SSB0057,2,29,5074,tct,1.184134,0,-2.216253
audioseal,5,chinese:SSB0057,2,29,4362,mean,1.220299,0,-4.440567
audioseal,5,chinese:SSB0057,2,29,4362,tct,1.220299,0,-1.606613
audioseal,5,chinese:SSB0057,2,29,10496,mean,1.232883,0,-8.085797
audioseal,5,chinese:SSB0057,2,29,10496,tct,1.232883,0,-2.239516
audioseal,5,chinese:SSB0073,0,30,6471,mean,0.858188,0,-2.189884
audioseal,5,chinese:SSB0073,0,30,6471,tct,0.858188,0,-1.081658
audioseal,5,chinese:SSB0073,0,30,4390,mean,0.935414,0,-4.214417
audioseal,5,chinese:SSB0073,0,30,4390,tct,0.935414,0,-1.259633
audioseal,5,chinese:SSB0073,0,30,34938,mean,0.935414,0,-4.686121
audioseal,5,chinese:SSB0073,0,30,34938,tct,0.935414,0,-4.174865
audioseal,5,chinese:SSB0073,0,30,6437,mean,1.000000,0,-4.189005
audioseal,5,chinese:SSB0073,0,30,6437,tct,1.000000,0,-1.295826
audioseal,5,chinese:SSB0073,0,30,39285,mean,1.107436,0,-1.799179
audioseal,5,chinese:SSB0073,0,30,39285,tct,1.107436,0,-2.392892
audioseal,5,chinese:SSB0073,0,30,55738,mean,1.176697,0,-5.453938
audioseal,5,chinese:SSB0073,0,30,55738,tct,1.176697,0,-2.858335
audioseal,5,chinese:SSB0073,0,30,53594,mean,1.182580,0,-3.900951
audioseal,5,chinese:SSB0073,0,30,53594,tct,1.182580,0,-0.470405
audioseal,5,chinese:SSB0073,0,30,39039,mean,1.182580,0,-3.598761
audioseal,5,chinese:SSB0073,0,30,39039,tct,1.182580,0,-2.167408
audioseal,5,chinese:SSB0073,0,30,47230,mean,1.192848,0,-4.129755
audioseal,5,chinese:SSB0073,0,30,47230,tct,1.192848,0,-2.526389
audioseal,5,chinese:SSB0073,0,30,4398,mean,1.219500,0,-5.347902
audioseal,5,chinese:SSB0073,0,30,4398,tct,1.219500,0,-3.053243
audioseal,5,chinese:SSB0073,1,31,29769,mean,0.948683,0,-3.868032
audioseal,5,chinese:SSB0073,1,31,29769,tct,0.948683,0,-1.522173
audioseal,5,chinese:SSB0073,1,31,62912,mean,1.102582,0,-3.378911
audioseal,5,chinese:SSB0073,1,31,62912,tct,1.102582,0,-1.451781
audioseal,5,chinese:SSB0073,1,31,63337,mean,1.126484,0,-4.208419
audioseal,5,chinese:SSB0073,1,31,63337,tct,1.126484,0,-1.862880
audioseal,5,chinese:SSB0073,1,31,55265,mean,1.140175,0,-4.924380
audioseal,5,chinese:SSB0073,1,31,55265,tct,1.140175,0,-1.710319
audioseal,5,chinese:SSB0073,1,31,62773,mean,1.176697,0,-3.230340
audioseal,5,chinese:SSB0073,1,31,62773,tct,1.176697,0,-0.154610
audioseal,5,chinese:SSB0073,1,31,3461,mean,1.190731,0,-7.011097
audioseal,5,chinese:SSB0073,1,31,3461,tct,1.190731,0,-3.821574
audioseal,5,chinese:SSB0073,1,31,54081,mean,1.191927,0,-3.745140
audioseal,5,chinese:SSB0073,1,31,54081,tct,1.191927,0,-2.965698
audioseal,5,chinese:SSB0073,1,31,38717,mean,1.195229,0,-6.719067
audioseal,5,chinese:SSB0073,1,31,38717,tct,1.195229,0,-4.251951
audioseal,5,chinese:SSB0073,1,31,37725,mean,1.195229,0,-5.580438
audioseal,5,chinese:SSB0073,1,31,37725,tct,1.195229,0,-5.779399
audioseal,5,chinese:SSB0073,1,31,46409,mean,1.214851,0,-3.170207
audioseal,5,chinese:SSB0073,1,31,46409,tct,1.214851,0,-1.697679
audioseal,5,chinese:SSB0073,2,32,63816,mean,0.883176,0,-3.097212
audioseal,5,chinese:SSB0073,2,32,63816,tct,0.883176,0,-1.540316
audioseal,5,chinese:SSB0073,2,32,55674,mean,0.905539,0,-3.066192
audioseal,5,chinese:SSB0073,2,32,55674,tct,0.905539,0,-1.794987
audioseal,5,chinese:SSB0073,2,32,44383,mean,0.912871,0,-4.029288
audioseal,5,chinese:SSB0073,2,32,44383,tct,0.912871,0,-1.178511
audioseal,5,chinese:SSB0073,2,32,32074,mean,1.073087,0,-3.156031
audioseal,5,chinese:SSB0073,2,32,32074,tct,1.073087,0,-1.078434
audioseal,5,chinese:SSB0073,2,32,22888,mean,1.131371,0,-3.068697
audioseal,5,chinese:SSB0073,2,32,22888,tct,1.131371,0,-2.793513
audioseal,5,chinese:SSB0073,2,32,55672,mean,1.131371,0,-3.198171
audioseal,5,chinese:SSB0073,2,32,55672,tct,1.131371,0,-1.630268
audioseal,5,chinese:SSB0073,2,32,63850,mean,1.174734,0,-2.911992
audioseal,5,chinese:SSB0073,2,32,63850,tct,1.174734,0,-2.661974
audioseal,5,chinese:SSB0073,2,32,6772,mean,1.220736,0,-3.679599
audioseal,5,chinese:SSB0073,2,32,6772,tct,1.220736,0,-1.260767
audioseal,5,chinese:SSB0073,2,32,19066,mean,1.224745,0,-5.838194
audioseal,5,chinese:SSB0073,2,32,19066,tct,1.224745,0,-3.332200
audioseal,5,chinese:SSB0073,2,32,13284,mean,1.232883,0,-4.847111
audioseal,5,chinese:SSB0073,2,32,13284,tct,1.232883,0,-4.599281
audioseal,5,chinese:SSB0080,0,33,718,mean,1.005479,0,-3.319433
audioseal,5,chinese:SSB0080,0,33,718,tct,1.005479,0,-0.452145
audioseal,5,chinese:SSB0080,0,33,56002,mean,1.025978,0,-2.685842
audioseal,5,chinese:SSB0080,0,33,56002,tct,1.025978,0,-0.832345
audioseal,5,chinese:SSB0080,0,33,43726,mean,1.082781,0,-6.717374
audioseal,5,chinese:SSB0080,0,33,43726,tct,1.082781,1,0.211750
audioseal,5,chinese:SSB0080,0,33,4950,mean,1.144873,0,-3.870203
audioseal,5,chinese:SSB0080,0,33,4950,tct,1.144873,0,-1.669401
audioseal,5,chinese:SSB0080,0,33,31683,mean,1.145644,0,-5.555040
audioseal,5,chinese:SSB0080,0,33,31683,tct,1.145644,0,-1.400781
audioseal,5,chinese:SSB0080,0,33,9163,mean,1.154701,0,-7.022293
audioseal,5,chinese:SSB0080,0,33,9163,tct,1.154701,0,-2.152234
audioseal,5,chinese:SSB0080,0,33,39630,mean,1.155923,0,-3.603381
audioseal,5,chinese:SSB0080,0,33,39630,tct,1.155923,0,-1.060779
audioseal,5,chinese:SSB0080,0,33,21315,mean,1.158493,0,-3.921781
audioseal,5,chinese:SSB0080,0,33,21315,tct,1.158493,0,-0.999873
audioseal,5,chinese:SSB0080,0,33,35554,mean,1.169795,0,-3.151079
audioseal,5,chinese:SSB0080,0,33,35554,tct,1.169795,0,-1.422761
audioseal,5,chinese:SSB0080,0,33,6996,mean,1.173788,0,-5.627605
audioseal,5,chinese:SSB0080,0,33,6996,tct,1.173788,0,-0.993515
audioseal,5,chinese:SSB0080,1,34,61793,mean,0.905539,0,-5.856262
audioseal,5,chinese:SSB0080,1,34,61793,tct,0.905539,1,0.011932
audioseal,5,chinese:SSB0080,1,34,38735,mean,0.919866,0,-7.048098
audioseal,5,chinese:SSB0080,1,34,38735,tct,0.919866,0,-3.200559
audioseal,5,chinese:SSB0080,1,34,61737,mean,0.935414,0,-7.839819
audioseal,5,chinese:SSB0080,1,34,61737,tct,0.935414,0,-0.436567
audioseal,5,chinese:SSB0080,1,34,62319,mean,1.074172,0,-6.990479
audioseal,5,chinese:SSB0080,1,34,62319,tct,1.074172,0,-0.217281
audioseal,5,chinese:SSB0080,1,34,64365,mean,1.201850,0,-8.613321
audioseal,5,chinese:SSB0080,1,34,64365,tct,1.201850,0,-1.073109
audioseal,5,chinese:SSB0080,1,34,52808,mean,1.208941,0,-4.474353
audioseal,5,chinese:SSB0080,1,34,52808,tct,1.208941,0,-2.015847
audioseal,5,chinese:SSB0080,1,34,45385,mean,1.208941,0,-9.062996
audioseal,5,chinese:SSB0080,1,34,45385,tct,1.208941,0,-1.570240
audioseal,5,chinese:SSB0080,1,34,52078,mean,1.224745,0,-4.234791
audioseal,5,chinese:SSB0080,1,34,52078,tct,1.224745,0,-3.537411
audioseal,5,chinese:SSB0080,1,34,58920,mean,1.224745,0,-5.497406
audioseal,5,chinese:SSB0080,1,34,58920,tct,1.224745,0,-2.694666
audioseal,5,chinese:SSB0080,1,34,65064,mean,1.224745,0,-6.802774
audioseal,5,chinese:SSB0080,1,34,65064,tct,1.224745,0,-3.112127
audioseal,5,chinese:SSB0080,2,35,17408,mean,0.932936,0,-3.483906
audioseal,5,chinese:SSB0080,2,35,17408,tct,0.932936,0,-1.005883
audioseal,5,chinese:SSB0080,2,35,26812,mean,1.095445,0,-2.705957
audioseal,5,chinese:SSB0080,2,35,26812,tct,1.095445,0,-0.362764
audioseal,5,chinese:SSB0080,2,35,25872,mean,1.160239,0,-2.564972
audioseal,5,chinese:SSB0080,2,35,25872,tct,1.160239,0,-1.269222
audioseal,5,chinese:SSB0080,2,35,19956,mean,1.180052,0,-3.101818
audioseal,5,chinese:SSB0080,2,35,19956,tct,1.180052,0,-1.396598
audioseal,5,chinese:SSB0080,2,35,19932,mean,1.190874,0,-2.045607
audioseal,5,chinese:SSB0080,2,35,19932,tct,1.190874,0,-2.424819
audioseal,5,chinese:SSB0080,2,35,27388,mean,1.193734,0,-5.108459
audioseal,5,chinese:SSB0080,2,35,27388,tct,1.193734,0,-2.528431
audioseal,5,chinese:SSB0080,2,35,34956,mean,1.206045,0,-3.868429
audioseal,5,chinese:SSB0080,2,35,34956,tct,1.206045,0,-2.815954
audioseal,5,chinese:SSB0080,2,35,25890,mean,1.208941,0,-4.293739
audioseal,5,chinese:SSB0080,2,35,25890,tct,1.208941,0,-1.917576
audioseal,5,chinese:SSB0080,2,35,27108,mean,1.229273,0,-2.462665
audioseal,5,chinese:SSB0080,2,35,27108,tct,1.229273,0,-1.085587
audioseal,5,chinese:SSB0080,2,35,27156,mean,1.230105,0,-3.132895
audioseal,5,chinese:SSB0080,2,35,27156,tct,1.230105,0,-1.957639
audioseal,5,chinese:SSB0112,0,36,23823,mean,0.806226,0,-2.986251
audioseal,5,chinese:SSB0112,0,36,23823,tct,0.806226,1,0.267137
audioseal,5,chinese:SSB0112,0,36,29093,mean,0.918715,0,-4.090436
audioseal,5,chinese:SSB0112,0,36,29093,tct,0.918715,0,-0.994901
audioseal,5,chinese:SSB0112,0,36,19723,mean,0.920575,0,-5.576418
audioseal,5,chinese:SSB0112,0,36,19723,tct,0.920575,0,-1.306628
audioseal,5,chinese:SSB0112,0,36,23469,mean,1.074172,0,-1.424778
audioseal,5,chinese:SSB0112,0,36,23469,tct,1.074172,0,-0.183840
audioseal,5,chinese:SSB0112,0,36,18857,mean,1.110875,0,-4.680289
audioseal,5,chinese:SSB0112,0,36,18857,tct,1.110875,0,-1.342522
audioseal,5,chinese:SSB0112,0,36,24553,mean,1.133000,0,-4.648227
audioseal,5,chinese:SSB0112,0,36,24553,tct,1.133000,0,-1.380411
audioseal,5,chinese:SSB0112,0,36,22927,mean,1.141382,0,-2.393465
audioseal,5,chinese:SSB0112,0,36,22927,tct,1.141382,0,-1.067020
audioseal,5,chinese:SSB0112,0,36,24363,mean,1.151625,0,-4.339789
audioseal,5,chinese:SSB0112,0,36,24363,tct,1.151625,0,-2.606213
audioseal,5,chinese:SSB0112,0,36,23503,mean,1.154701,0,-3.156121
audioseal,5,chinese:SSB0112,0,36,23503,tct,1.154701,0,-1.377181
audioseal,5,chinese:SSB0112,0,36,54181,mean,1.176697,0,-4.815745
audioseal,5,chinese:SSB0112,0,36,54181,tct,1.176697,0,-1.536544
audioseal,5,chinese:SSB0112,1,37,43247,mean,0.845154,0,-3.297807
audioseal,5,chinese:SSB0112,1,37,43247,tct,0.845154,0,-0.082452
audioseal,5,chinese:SSB0112,1,37,41455,mean,0.925820,0,-4.339043
audioseal,5,chinese:SSB0112,1,37,41455,tct,0.925820,0,-1.244201
audioseal,5,chinese:SSB0112,1,37,3579,mean,1.154701,0,-5.619026
audioseal,5,chinese:SSB0112,1,37,3579,tct,1.154701,0,-3.472616
audioseal,5,chinese:SSB0112,1,37,35059,mean,1.187240,0,-6.023496
audioseal,5,chinese:SSB0112,1,37,35059,tct,1.187240,0,-0.888921
audioseal,5,chinese:SSB0112,1,37,43451,mean,1.191367,0,-2.527113
audioseal,5,chinese:SSB0112,1,37,43451,tct,1.191367,0,-0.179326
audioseal,5,chinese:SSB0112,1,37,43246,mean,1.196586,0,-4.651749
audioseal,5,chinese:SSB0112,1,37,43246,tct,1.196586,0,-1.288502
audioseal,5,chinese:SSB0112,1,37,14894,mean,1.201850,0,-4.628302
audioseal,5,chinese:SSB0112,1,37,14894,tct,1.201850,0,-0.539156
audioseal,5,chinese:SSB0112,1,37,18478,mean,1.217034,0,-6.519802
audioseal,5,chinese:SSB0112,1,37,18478,tct,1.217034,0,-2.020744
audioseal,5,chinese:SSB0112,1,37,34227,mean,1.224745,0,-7.439503
audioseal,5,chinese:SSB0112,1,37,34227,tct,1.224745,0,-0.877768
audioseal,5,chinese:SSB0112,1,37,11247,mean,1.231628,0,-3.936970
audioseal,5,chinese:SSB0112,1,37,11247,tct,1.231628,0,-2.600545
audioseal,5,chinese:SSB0112,2,38,48,mean,0.923936,0,-4.454927
audioseal,5,chinese:SSB0112,2,38,48,tct,0.923936,0,-1.557509
audioseal,5,chinese:SSB0112,2,38,34232,mean,0.925820,0,-5.524858
audioseal,5,chinese:SSB0112,2,38,34232,tct,0.925820,0,-1.898560
audioseal,5,chinese:SSB0112,2,38,42394,mean,1.044466,0,-5.120515
audioseal,5,chinese:SSB0112,2,38,42394,tct,1.044466,0,-0.139729
audioseal,5,chinese:SSB0112,2,38,45874,mean,1.080123,0,-2.205884
audioseal,5,chinese:SSB0112,2,38,45874,tct,1.080123,0,-1.381358
audioseal,5,chinese:SSB0112,2,38,45378,mean,1.173450,0,-4.202190
audioseal,5,chinese:SSB0112,2,38,45378,tct,1.173450,0,-2.198644
audioseal,5,chinese:SSB0112,2,38,62226,mean,1.173450,0,-3.357012
audioseal,5,chinese:SSB0112,2,38,62226,tct,1.173450,0,-0.697757
audioseal,5,chinese:SSB0112,2,38,37424,mean,1.193734,0,-3.138748
audioseal,5,chinese:SSB0112,2,38,37424,tct,1.193734,0,-1.580198
audioseal,5,chinese:SSB0112,2,38,42754,mean,1.206045,0,-5.088883
audioseal,5,chinese:SSB0112,2,38,42754,tct,1.206045,0,-3.592421
audioseal,5,chinese:SSB0112,2,38,44242,mean,1.241364,0,-5.546173
audioseal,5,chinese:SSB0112,2,38,44242,tct,1.241364,0,-1.509755
audioseal,5,chinese:SSB0112,2,38,47618,mean,1.254500,0,-4.907626
audioseal,5,chinese:SSB0112,2,38,47618,tct,1.254500,0,-2.757535
audioseal,5,chinese:SSB0122,0,39,18930,mean,0.908514,0,-4.151041
audioseal,5,chinese:SSB0122,0,39,18930,tct,0.908514,0,-1.255174
audioseal,5,chinese:SSB0122,0,39,64723,mean,1.138129,0,-5.581290
audioseal,5,chinese:SSB0122,0,39,64723,tct,1.138129,0,-1.704689
audioseal,5,chinese:SSB0122,0,39,56434,mean,1.154701,0,-1.837392
audioseal,5,chinese:SSB0122,0,39,56434,tct,1.154701,0,-0.554164
audioseal,5,chinese:SSB0122,0,39,55666,mean,1.154701,0,-3.756971
audioseal,5,chinese:SSB0122,0,39,55666,tct,1.154701,0,-1.843773
audioseal,5,chinese:SSB0122,0,39,23877,mean,1.169795,0,-4.585265
audioseal,5,chinese:SSB0122,0,39,23877,tct,1.169795,1,0.237210
audioseal,5,chinese:SSB0122,0,39,23643,mean,1.173994,0,-4.713419
audioseal,5,chinese:SSB0122,0,39,23643,tct,1.173994,0,-2.214063
audioseal,5,chinese:SSB0122,0,39,62107,mean,1.193734,0,-11.194219
audioseal,5,chinese:SSB0122,0,39,62107,tct,1.193734,0,-4.905427
audioseal,5,chinese:SSB0122,0,39,65235,mean,1.193734,0,-6.807766
audioseal,5,chinese:SSB0122,0,39,65235,tct,1.193734,0,-1.659490
audioseal,5,chinese:SSB0122,0,39,58072,mean,1.194249,0,-9.535574
audioseal,5,chinese:SSB0122,0,39,58072,tct,1.194249,0,-2.699779
audioseal,5,chinese:SSB0122,0,39,18322,mean,1.195229,0,-7.355638
audioseal,5,chinese:SSB0122,0,39,18322,tct,1.195229,0,-1.323169
audioseal,5,chinese:SSB0122,1,40,41078,mean,0.912871,0,-2.120560
audioseal,5,chinese:SSB0122,1,40,41078,tct,0.912871,0,-1.282706
audioseal,5,chinese:SSB0122,1,40,796,mean,0.921714,0,-3.947566
audioseal,5,chinese:SSB0122,1,40,796,tct,0.921714,0,-2.045071
audioseal,5,chinese:SSB0122,1,40,18422,mean,0.942809,0,-5.973717
audioseal,5,chinese:SSB0122,1,40,18422,tct,0.942809,0,-0.838743
audioseal,5,chinese:SSB0122,1,40,29439,mean,0.942809,0,-6.184443
audioseal,5,chinese:SSB0122,1,40,29439,tct,0.942809,0,-1.098671
audioseal,5,chinese:SSB0122,1,40,44032,mean,0.953463,0,-5.901480
audioseal,5,chinese:SSB0122,1,40,44032,tct,0.953463,0,-1.189620
audioseal,5,chinese:SSB0122,1,40,25303,mean,1.135104,0,-3.258042
audioseal,5,chinese:SSB0122,1,40,25303,tct,1.135104,0,-2.142886
audioseal,5,chinese:SSB0122,1,40,57558,mean,1.154701,0,-3.074103
audioseal,5,chinese:SSB0122,1,40,57558,tct,1.154701,0,-1.894456
audioseal,5,chinese:SSB0122,1,40,58103,mean,1.172604,0,-5.037097
audioseal,5,chinese:SSB0122,1,40,58103,tct,1.172604,0,-3.137474
audioseal,5,chinese:SSB0122,1,40,28918,mean,1.172604,0,-3.948291
audioseal,5,chinese:SSB0122,1,40,28918,tct,1.172604,0,-0.496037
audioseal,5,chinese:SSB0122,1,40,32852,mean,1.176697,0,-1.804940
audioseal,5,chinese:SSB0122,1,40,32852,tct,1.176697,0,-0.828056
audioseal,5,chinese:SSB0122,2,41,10840,mean,0.819577,0,-2.489278
audioseal,5,chinese:SSB0122,2,41,10840,tct,0.819577,0,-0.561506
audioseal,5,chinese:SSB0122,2,41,1567,mean,0.887185,0,-6.492885
audioseal,5,chinese:SSB0122,2,41,1567,tct,0.887185,0,-0.886542
audioseal,5,chinese:SSB0122,2,41,13978,mean,0.904534,0,-4.154003
audioseal,5,chinese:SSB0122,2,41,13978,tct,0.904534,0,-1.673985
audioseal,5,chinese:SSB0122,2,41,48720,mean,0.910642,0,-3.450717
audioseal,5,chinese:SSB0122,2,41,48720,tct,0.910642,0,-2.014766
audioseal,5,chinese:SSB0122,2,41,11224,mean,0.912871,0,-4.572631
audioseal,5,chinese:SSB0122,2,41,11224,tct,0.912871,0,-2.517675
audioseal,5,chinese:SSB0122,2,41,57875,mean,0.925820,0,-4.751109
audioseal,5,chinese:SSB0122,2,41,57875,tct,0.925820,0,-1.906732
audioseal,5,chinese:SSB0122,2,41,48656,mean,1.147638,0,-2.453375
audioseal,5,chinese:SSB0122,2,41,48656,tct,1.147638,0,-2.019924
audioseal,5,chinese:SSB0122,2,41,1594,mean,1.169795,0,-5.384414
audioseal,5,chinese:SSB0122,2,41,1594,tct,1.169795,0,-4.527788
audioseal,5,chinese:SSB0122,2,41,10872,mean,1.183216,0,-3.505555
audioseal,5,chinese:SSB0122,2,41,10872,tct,1.183216,0,-0.967070
audioseal,5,chinese:SSB0122,2,41,16062,mean,1.195229,0,-5.173717
audioseal,5,chinese:SSB0122,2,41,16062,tct,1.195229,0,-0.791613
audioseal,5,chinese:SSB0133,0,42,49699,mean,0.882843,0,-3.374041
audioseal,5,chinese:SSB0133,0,42,49699,tct,0.882843,0,-0.646963
audioseal,5,chinese:SSB0133,0,42,27086,mean,0.925820,0,-6.847525
audioseal,5,chinese:SSB0133,0,42,27086,tct,0.925820,1,0.322485
audioseal,5,chinese:SSB0133,0,42,46176,mean,0.937043,0,-4.108429
audioseal,5,chinese:SSB0133,0,42,46176,tct,0.937043,0,-0.232634
audioseal,5,chinese:SSB0133,0,42,33530,mean,1.093654,0,-3.064493
audioseal,5,chinese:SSB0133,0,42,33530,tct,1.093654,0,-1.222073
audioseal,5,chinese:SSB0133,0,42,3002,mean,1.129865,0,-6.217983
audioseal,5,chinese:SSB0133,0,42,3002,tct,1.129865,0,-1.151895
audioseal,5,chinese:SSB0133,0,42,634,mean,1.148542,0,-3.351942
audioseal,5,chinese:SSB0133,0,42,634,tct,1.148542,0,-1.250882
audioseal,5,chinese:SSB0133,0,42,46562,mean,1.195229,0,-3.978432
audioseal,5,chinese:SSB0133,0,42,46562,tct,1.195229,0,-1.156071
audioseal,5,chinese:SSB0133,0,42,33594,mean,1.203443,0,-5.210526
audioseal,5,chinese:SSB0133,0,42,33594,tct,1.203443,0,-1.881191
audioseal,5,chinese:SSB0133,0,42,1570,mean,1.207786,0,-2.704323
audioseal,5,chinese:SSB0133,0,42,1570,tct,1.207786,0,-1.105190
audioseal,5,chinese:SSB0133,0,42,25806,mean,1.207786,0,-5.546984
audioseal,5,chinese:SSB0133,0,42,25806,tct,1.207786,0,-2.117553
audioseal,5,chinese:SSB0133,1,43,46230,mean,0.940875,0,-6.486820
audioseal,5,chinese:SSB0133,1,43,46230,tct,0.940875,0,-4.050977
audioseal,5,chinese:SSB0133,1,43,36063,mean,1.130791,0,-6.667738
audioseal,5,chinese:SSB0133,1,43,36063,tct,1.130791,0,-0.647983
audioseal,5,chinese:SSB0133,1,43,6226,mean,1.140175,0,-4.387745
audioseal,5,chinese:SSB0133,1,43,6226,tct,1.140175,0,-2.088055
audioseal,5,chinese:SSB0133,1,43,1197,mean,1.154701,0,-4.820079
audioseal,5,chinese:SSB0133,1,43,1197,tct,1.154701,0,-1.217476
audioseal,5,chinese:SSB0133,1,43,9430,mean,1.154701,0,-5.120350
audioseal,5,chinese:SSB0133,1,43,9430,tct,1.154701,0,-3.243492
audioseal,5,chinese:SSB0133,1,43,33445,mean,1.159423,0,-7.091400
audioseal,5,chinese:SSB0133,1,43,33445,tct,1.159423,0,-0.291493
audioseal,5,chinese:SSB0133,1,43,2114,mean,1.180652,0,-3.818857
audioseal,5,chinese:SSB0133,1,43,2114,tct,1.180652,0,-2.534013
audioseal,5,chinese:SSB0133,1,43,29910,mean,1.190874,0,-4.466308
audioseal,5,chinese:SSB0133,1,43,29910,tct,1.190874,0,-1.409289
audioseal,5,chinese:SSB0133,1,43,9435,mean,1.193900,0,-7.256172
audioseal,5,chinese:SSB0133,1,43,9435,tct,1.193900,0,-2.155255
audioseal,5,chinese:SSB0133,1,43,48343,mean,1.195229,0,-6.596077
audioseal,5,chinese:SSB0133,1,43,48343,tct,1.195229,0,-1.678400
audioseal,5,chinese:SSB0133,2,44,63745,mean,0.891556,0,-8.333128
audioseal,5,chinese:SSB0133,2,44,63745,tct,0.891556,0,-1.057199
audioseal,5,chinese:SSB0133,2,44,63817,mean,0.903211,0,-8.034617
audioseal,5,chinese:SSB0133,2,44,63817,tct,0.903211,0,-1.223297
audioseal,5,chinese:SSB0133,2,44,63769,mean,0.905539,0,-10.803729
audioseal,5,chinese:SSB0133,2,44,63769,tct,0.905539,0,-1.075533
audioseal,5,chinese:SSB0133,2,44,17600,mean,0.916125,0,-4.454100
audioseal,5,chinese:SSB0133,2,44,17600,tct,0.916125,0,-1.336273
audioseal,5,chinese:SSB0133,2,44,17618,mean,0.916125,0,-7.053934
audioseal,5,chinese:SSB0133,2,44,17618,tct,0.916125,0,-2.842305
audioseal,5,chinese:SSB0133,2,44,6778,mean,0.928191,0,-6.774152
audioseal,5,chinese:SSB0133,2,44,6778,tct,0.928191,0,-1.262713
audioseal,5,chinese:SSB0133,2,44,39177,mean,1.053588,0,-8.559714
audioseal,5,chinese:SSB0133,2,44,39177,tct,1.053588,0,-2.331241
audioseal,5,chinese:SSB0133,2,44,64841,mean,1.131371,0,-7.072303
audioseal,5,chinese:SSB0133,2,44,64841,tct,1.131371,0,-0.746357
audioseal,5,chinese:SSB0133,2,44,3834,mean,1.164965,0,-7.890710
audioseal,5,chinese:SSB0133,2,44,3834,tct,1.164965,0,-4.352293
audioseal,5,chinese:SSB0133,2,44,60680,mean,1.174734,0,-8.336902
audioseal,5,chinese:SSB0133,2,44,60680,tct,1.174734,0,-0.719446
audioseal,5,chinese:SSB0139,0,45,40519,mean,0.878595,0,-2.801669
audioseal,5,chinese:SSB0139,0,45,40519,tct,0.878595,1,0.120702
audioseal,5,chinese:SSB0139,0,45,38469,mean,0.957427,0,-5.046464
audioseal,5,chinese:SSB0139,0,45,38469,tct,0.957427,0,-1.749215
audioseal,5,chinese:SSB0139,0,45,7751,mean,1.095445,0,-3.990891
audioseal,5,chinese:SSB0139,0,45,7751,tct,1.095445,0,-0.630842
audioseal,5,chinese:SSB0139,0,45,16255,mean,1.176697,0,-2.519211
audioseal,5,chinese:SSB0139,0,45,16255,tct,1.176697,0,-0.769063
audioseal,5,chinese:SSB0139,0,45,44314,mean,1.177704,0,-5.127336
audioseal,5,chinese:SSB0139,0,45,44314,tct,1.177704,0,-1.444050
audioseal,5,chinese:SSB0139,0,45,25914,mean,1.184840,0,-9.435631
audioseal,5,chinese:SSB0139,0,45,25914,tct,1.184840,0,-2.574773
audioseal,5,chinese:SSB0139,0,45,60918,mean,1.208941,0,-7.103342
audioseal,5,chinese:SSB0139,0,45,60918,tct,1.208941,0,-1.930676
audioseal,5,chinese:SSB0139,0,45,57332,mean,1.224745,0,-6.994756
audioseal,5,chinese:SSB0139,0,45,57332,tct,1.224745,0,-2.230032
audioseal,5,chinese:SSB0139,0,45,27962,mean,1.240347,0,-8.281816
audioseal,5,chinese:SSB0139,0,45,27962,tct,1.240347,0,-2.285264
audioseal,5,chinese:SSB0139,0,45,40037,mean,1.240839,0,-6.022130
audioseal,5,chinese:SSB0139,0,45,40037,tct,1.240839,0,-1.377678
audioseal,5,chinese:SSB0139,1,46,63238,mean,0.872278,0,-4.780271
audioseal,5,chinese:SSB0139,1,46,63238,tct,0.872278,0,-1.075527
audioseal,5,chinese:SSB0139,1,46,53510,mean,0.884652,0,-3.908723
audioseal,5,chinese:SSB0139,1,46,53510,tct,0.884652,0,-1.577055
audioseal,5,chinese:SSB0139,1,46,19612,mean,0.898342,0,-6.229548
audioseal,5,chinese:SSB0139,1,46,19612,tct,0.898342,1,0.368203
audioseal,5,chinese:SSB0139,1,46,61702,mean,1.086042,0,-5.175481
audioseal,5,chinese:SSB0139,1,46,61702,tct,1.086042,0,-3.190530
audioseal,5,chinese:SSB0139,1,46,54974,mean,1.088286,0,-1.883376
audioseal,5,chinese:SSB0139,1,46,54974,tct,1.088286,0,-0.853118
audioseal,5,chinese:SSB0139,1,46,22078,mean,1.149136,0,-2.606746
audioseal,5,chinese:SSB0139,1,46,22078,tct,1.149136,0,-1.703789
audioseal,5,chinese:SSB0139,1,46,61116,mean,1.167748,0,-6.647585
audioseal,5,chinese:SSB0139,1,46,61116,tct,1.167748,0,-1.283775
audioseal,5,chinese:SSB0139,1,46,14078,mean,1.193734,0,-6.416665
audioseal,5,chinese:SSB0139,1,46,14078,tct,1.193734,0,-2.513915
audioseal,5,chinese:SSB0139,1,46,21214,mean,1.233588,0,-5.906760
audioseal,5,chinese:SSB0139,1,46,21214,tct,1.233588,0,-1.702476
audioseal,5,chinese:SSB0139,1,46,19614,mean,1.251009,0,-5.188774
audioseal,5,chinese:SSB0139,1,46,19614,tct,1.251009,0,-1.061179
audioseal,5,chinese:SSB0139,2,47,38344,mean,0.873589,0,-4.651058
audioseal,5,chinese:SSB0139,2,47,38344,tct,0.873589,0,-2.027456
audioseal,5,chinese:SSB0139,2,47,32970,mean,0.895003,0,-5.841413
audioseal,5,chinese:SSB0139,2,47,32970,tct,0.895003,0,-1.249666
audioseal,5,chinese:SSB0139,2,47,33098,mean,0.904534,0,-7.948048
audioseal,5,chinese:SSB0139,2,47,33098,tct,0.904534,0,-2.405912
audioseal,5,chinese:SSB0139,2,47,65250,mean,0.942809,0,-4.086797
audioseal,5,chinese:SSB0139,2,47,65250,tct,0.942809,0,-1.347352
audioseal,5,chinese:SSB0139,2,47,29323,mean,1.104315,0,-8.232765
audioseal,5,chinese:SSB0139,2,47,29323,tct,1.104315,0,-1.940259
audioseal,5,chinese:SSB0139,2,47,62952,mean,1.154701,0,-3.927830
audioseal,5,chinese:SSB0139,2,47,62952,tct,1.154701,0,-1.209154
audioseal,5,chinese:SSB0139,2,47,49610,mean,1.167748,0,-5.391293
audioseal,5,chinese:SSB0139,2,47,49610,tct,1.167748,0,-1.299124
audioseal,5,chinese:SSB0139,2,47,38345,mean,1.180990,0,-5.984789
audioseal,5,chinese:SSB0139,2,47,38345,tct,1.180990,0,-3.018305
audioseal,5,chinese:SSB0139,2,47,29326,mean,1.190848,0,-8.153740
audioseal,5,chinese:SSB0139,2,47,29326,tct,1.190848,0,-2.650764
audioseal,5,chinese:SSB0139,2,47,38089,mean,1.213954,0,-4.936876
audioseal,5,chinese:SSB0139,2,47,38089,tct,1.213954,0,-2.457603
audioseal,5,chinese:SSB0145,0,48,28633,mean,0.912871,0,-6.931839
audioseal,5,chinese:SSB0145,0,48,28633,tct,0.912871,0,-1.840072
audioseal,5,chinese:SSB0145,0,48,36926,mean,0.917663,0,-5.196754
audioseal,5,chinese:SSB0145,0,48,36926,tct,0.917663,0,-2.160362
audioseal,5,chinese:SSB0145,0,48,36914,mean,0.917663,0,-4.926789
audioseal,5,chinese:SSB0145,0,48,36914,tct,0.917663,0,-1.076676
audioseal,5,chinese:SSB0145,0,48,28489,mean,0.925820,0,-6.998151
audioseal,5,chinese:SSB0145,0,48,28489,tct,0.925820,0,-0.696932
audioseal,5,chinese:SSB0145,0,48,33946,mean,1.158493,0,-2.927203
audioseal,5,chinese:SSB0145,0,48,33946,tct,1.158493,0,-1.504055
audioseal,5,chinese:SSB0145,0,48,44383,mean,1.164965,0,-1.882648
audioseal,5,chinese:SSB0145,0,48,44383,tct,1.164965,0,-0.641902
audioseal,5,chinese:SSB0145,0,48,58843,mean,1.172604,0,-2.956504
audioseal,5,chinese:SSB0145,0,48,58843,tct,1.172604,0,-1.240396
audioseal,5,chinese:SSB0145,0,48,5146,mean,1.180990,0,-3.788774
audioseal,5,chinese:SSB0145,0,48,5146,tct,1.180990,0,-1.691516
audioseal,5,chinese:SSB0145,0,48,40986,mean,1.180990,0,-2.615075
audioseal,5,chinese:SSB0145,0,48,40986,tct,1.180990,0,-3.752596
audioseal,5,chinese:SSB0145,0,48,39990,mean,1.193734,0,-4.539166
audioseal,5,chinese:SSB0145,0,48,39990,tct,1.193734,0,-0.449441
audioseal,5,chinese:SSB0145,1,49,51713,mean,0.927961,0,-3.585969
audioseal,5,chinese:SSB0145,1,49,51713,tct,0.927961,0,-1.334033
audioseal,5,chinese:SSB0145,1,49,57589,mean,1.102411,0,-2.612988
audioseal,5,chinese:SSB0145,1,49,57589,tct,1.102411,0,-1.740443
audioseal,5,chinese:SSB0145,1,49,2169,mean,1.160437,0,-4.578731
audioseal,5,chinese:SSB0145,1,49,2169,tct,1.160437,0,-2.278503
audioseal,5,chinese:SSB0145,1,49,49273,mean,1.183216,0,-2.953960
audioseal,5,chinese:SSB0145,1,49,49273,tct,1.183216,0,-1.859752
audioseal,5,chinese:SSB0145,1,49,25309,mean,1.212183,0,-5.716309
audioseal,5,chinese:SSB0145,1,49,25309,tct,1.212183,0,-1.394898
audioseal,5,chinese:SSB0145,1,49,35329,mean,1.224745,0,-4.965286
audioseal,5,chinese:SSB0145,1,49,35329,tct,1.224745,0,-2.793586
audioseal,5,chinese:SSB0145,1,49,31334,mean,1.227182,0,-6.572331
audioseal,5,chinese:SSB0145,1,49,31334,tct,1.227182,0,-3.157717
audioseal,5,chinese:SSB0145,1,49,49365,mean,1.236033,0,-3.358726
audioseal,5,chinese:SSB0145,1,49,49365,tct,1.236033,0,-2.138780
audioseal,5,chinese:SSB0145,1,49,64502,mean,1.236694,0,-6.755460
audioseal,5,chinese:SSB0145,1,49,64502,tct,1.236694,0,-4.589704
audioseal,5,chinese:SSB0145,1,49,64422,mean,1.247219,0,-8.497116
audioseal,5,chinese:SSB0145,1,49,64422,tct,1.247219,0,-2.492174
audioseal,5,chinese:SSB0145,2,50,45918,mean,0.912871,0,-5.973494
audioseal,5,chinese:SSB0145,2,50,45918,tct,0.912871,0,-0.571322
audioseal,5,chinese:SSB0145,2,50,32751,mean,0.930949,0,-4.825754
audioseal,5,chinese:SSB0145,2,50,32751,tct,0.930949,0,-2.428062
audioseal,5,chinese:SSB0145,2,50,16255,mean,1.086278,0,-4.307008
audioseal,5,chinese:SSB0145,2,50,16255,tct,1.086278,0,-1.417569
audioseal,5,chinese:SSB0145,2,50,45039,mean,1.091928,0,-4.661680
audioseal,5,chinese:SSB0145,2,50,45039,tct,1.091928,0,-3.181024
audioseal,5,chinese:SSB0145,2,50,58190,mean,1.128152,0,-4.773952
audioseal,5,chinese:SSB0145,2,50,58190,tct,1.128152,0,-2.444093
audioseal,5,chinese:SSB0145,2,50,25358,mean,1.148121,0,-5.161922
audioseal,5,chinese:SSB0145,2,50,25358,tct,1.148121,0,-1.751147
audioseal,5,chinese:SSB0145,2,50,17526,mean,1.185013,0,-4.105030
audioseal,5,chinese:SSB0145,2,50,17526,tct,1.185013,0,-0.455909
audioseal,5,chinese:SSB0145,2,50,42807,mean,1.195229,0,-4.714141
audioseal,5,chinese:SSB0145,2,50,42807,tct,1.195229,0,-3.633523
audioseal,5,chinese:SSB0145,2,50,16486,mean,1.203443,0,-3.965098
audioseal,5,chinese:SSB0145,2,50,16486,tct,1.203443,0,-3.421175
audioseal,5,chinese:SSB0145,2,50,29454,mean,1.224745,0,-5.683324
audioseal,5,chinese:SSB0145,2,50,29454,tct,1.224745,0,-2.025203
audioseal,5,chinese:SSB0149,0,51,1362,mean,0.902671,0,-4.995136
audioseal,5,chinese:SSB0149,0,51,1362,tct,0.902671,0,-1.055486
audioseal,5,chinese:SSB0149,0,51,9558,mean,0.908295,0,-7.580415
audioseal,5,chinese:SSB0149,0,51,9558,tct,0.908295,0,-0.980782
audioseal,5,chinese:SSB0149,0,51,56654,mean,0.925820,0,-6.051250
audioseal,5,chinese:SSB0149,0,51,56654,tct,0.925820,0,-0.864292
audioseal,5,chinese:SSB0149,0,51,57884,mean,0.960769,0,-11.107203
audioseal,5,chinese:SSB0149,0,51,57884,tct,0.960769,0,-1.023509
audioseal,5,chinese:SSB0149,0,51,3410,mean,1.122167,0,-5.861996
audioseal,5,chinese:SSB0149,0,51,3410,tct,1.122167,0,-1.109847
audioseal,5,chinese:SSB0149,0,51,49486,mean,1.128152,0,-5.630823
audioseal,5,chinese:SSB0149,0,51,49486,tct,1.128152,0,-0.827837
audioseal,5,chinese:SSB0149,0,51,59214,mean,1.157144,0,-6.965763
audioseal,5,chinese:SSB0149,0,51,59214,tct,1.157144,0,-1.151638
audioseal,5,chinese:SSB0149,0,51,52300,mean,1.187051,0,-5.418656
audioseal,5,chinese:SSB0149,0,51,52300,tct,1.187051,0,-1.057139
audioseal,5,chinese:SSB0149,0,51,60782,mean,1.193416,0,-5.660966
audioseal,5,chinese:SSB0149,0,51,60782,tct,1.193416,0,-2.026116
audioseal,5,chinese:SSB0149,0,51,54090,mean,1.193416,0,-6.319780
audioseal,5,chinese:SSB0149,0,51,54090,tct,1.193416,0,-0.825343
audioseal,5,chinese:SSB0149,1,52,28766,mean,0.927961,0,-5.176553
audioseal,5,chinese:SSB0149,1,52,28766,tct,0.927961,0,-1.168294
audioseal,5,chinese:SSB0149,1,52,61468,mean,1.090951,0,-4.552112
audioseal,5,chinese:SSB0149,1,52,61468,tct,1.090951,0,-1.110353
audioseal,5,chinese:SSB0149,1,52,12316,mean,1.092906,0,-6.787032
audioseal,5,chinese:SSB0149,1,52,12316,tct,1.092906,0,-1.097221
audioseal,5,chinese:SSB0149,1,52,64465,mean,1.183216,0,-5.614071
audioseal,5,chinese:SSB0149,1,52,64465,tct,1.183216,0,-2.280251
audioseal,5,chinese:SSB0149,1,52,45273,mean,1.192928,0,-7.042449
audioseal,5,chinese:SSB0149,1,52,45273,tct,1.192928,0,-3.265604
audioseal,5,chinese:SSB0149,1,52,64213,mean,1.218467,0,-4.356198
audioseal,5,chinese:SSB0149,1,52,64213,tct,1.218467,0,-1.928903
audioseal,5,chinese:SSB0149,1,52,42578,mean,1.219756,0,-6.793929
audioseal,5,chinese:SSB0149,1,52,42578,tct,1.219756,0,-2.546204
audioseal,5,chinese:SSB0149,1,52,65370,mean,1.222191,0,-5.430823
audioseal,5,chinese:SSB0149,1,52,65370,tct,1.222191,0,-3.254333
audioseal,5,chinese:SSB0149,1,52,47768,mean,1.229713,0,-7.364673
audioseal,5,chinese:SSB0149,1,52,47768,tct,1.229713,0,-2.630613
audioseal,5,chinese:SSB0149,1,52,41116,mean,1.236033,0,-8.097642
audioseal,5,chinese:SSB0149,1,52,41116,tct,1.236033,0,-1.359691
audioseal,5,chinese:SSB0149,2,53,41159,mean,0.898342,0,-5.808475
audioseal,5,chinese:SSB0149,2,53,41159,tct,0.898342,0,-1.210060
audioseal,5,chinese:SSB0149,2,53,59192,mean,0.925820,0,-7.772257
audioseal,5,chinese:SSB0149,2,53,59192,tct,0.925820,0,-2.961813
audioseal,5,chinese:SSB0149,2,53,54116,mean,0.939898,0,-5.975801
audioseal,5,chinese:SSB0149,2,53,54116,tct,0.939898,0,-2.831470
audioseal,5,chinese:SSB0149,2,53,14511,mean,1.037749,0,-4.188614
audioseal,5,chinese:SSB0149,2,53,14511,tct,1.037749,0,-2.107454
audioseal,5,chinese:SSB0149,2,53,58668,mean,1.106976,0,-4.436337
audioseal,5,chinese:SSB0149,2,53,58668,tct,1.106976,0,-0.420827
audioseal,5,chinese:SSB0149,2,53,57581,mean,1.207122,0,-2.626512
audioseal,5,chinese:SSB0149,2,53,57581,tct,1.207122,0,-2.342710
audioseal,5,chinese:SSB0149,2,53,57640,mean,1.210219,0,-4.593816
audioseal,5,chinese:SSB0149,2,53,57640,tct,1.210219,0,-1.554854
audioseal,5,chinese:SSB0149,2,53,58809,mean,1.213294,0,-5.549637
audioseal,5,chinese:SSB0149,2,53,58809,tct,1.213294,0,-4.178384
audioseal,5,chinese:SSB0149,2,53,30008,mean,1.224745,0,-6.262077
audioseal,5,chinese:SSB0149,2,53,30008,tct,1.224745,0,-2.363052
audioseal,5,chinese:SSB0149,2,53,28911,mean,1.240208,0,-3.206244
audioseal,5,chinese:SSB0149,2,53,28911,tct,1.240208,0,-2.111250
audioseal,5,chinese:SSB0193,0,54,30587,mean,0.872202,0,-5.391386
audioseal,5,chinese:SSB0193,0,54,30587,tct,0.872202,0,-1.340504
audioseal,5,chinese:SSB0193,0,54,46873,mean,0.912871,0,-3.553380
audioseal,5,chinese:SSB0193,0,54,46873,tct,0.912871,0,-1.719566
audioseal,5,chinese:SSB0193,0,54,22399,mean,0.925820,0,-5.365996
audioseal,5,chinese:SSB0193,0,54,22399,tct,0.925820,0,-1.017437
audioseal,5,chinese:SSB0193,0,54,5947,mean,1.054093,0,-6.394725
audioseal,5,chinese:SSB0193,0,54,5947,tct,1.054093,0,-1.312269
audioseal,5,chinese:SSB0193,0,54,63274,mean,1.055885,0,-5.200296
audioseal,5,chinese:SSB0193,0,54,63274,tct,1.055885,0,-1.027174
audioseal,5,chinese:SSB0193,0,54,65339,mean,1.126601,0,-3.971662
audioseal,5,chinese:SSB0193,0,54,65339,tct,1.126601,0,-2.292975
audioseal,5,chinese:SSB0193,0,54,65307,mean,1.140175,0,-2.352098
audioseal,5,chinese:SSB0193,0,54,65307,tct,1.140175,0,-0.991029
audioseal,5,chinese:SSB0193,0,54,22329,mean,1.192928,0,-6.254851
audioseal,5,chinese:SSB0193,0,54,22329,tct,1.192928,0,-1.515300
audioseal,5,chinese:SSB0193,0,54,22392,mean,1.195229,0,-8.949570
audioseal,5,chinese:SSB0193,0,54,22392,tct,1.195229,0,-4.758350
audioseal,5,chinese:SSB0193,0,54,62754,mean,1.218467,0,-7.692920
audioseal,5,chinese:SSB0193,0,54,62754,tct,1.218467,0,-0.749528
audioseal,5,chinese:SSB0193,1,55,9053,mean,0.935414,0,-4.774381
audioseal,5,chinese:SSB0193,1,55,9053,tct,0.935414,0,-1.067643
audioseal,5,chinese:SSB0193,1,55,34210,mean,0.948683,0,-6.614783
audioseal,5,chinese:SSB0193,1,55,34210,tct,0.948683,0,-2.072879
audioseal,5,chinese:SSB0193,1,55,8521,mean,1.134441,0,-2.883992
audioseal,5,chinese:SSB0193,1,55,8521,tct,1.134441,0,-1.728408
audioseal,5,chinese:SSB0193,1,55,56010,mean,1.172604,0,-4.113639
audioseal,5,chinese:SSB0193,1,55,56010,tct,1.172604,0,-0.997007
audioseal,5,chinese:SSB0193,1,55,50146,mean,1.180194,0,-4.775527
audioseal,5,chinese:SSB0193,1,55,50146,tct,1.180194,0,-2.003619
audioseal,5,chinese:SSB0193,1,55,33066,mean,1.208664,0,-4.602767
audioseal,5,chinese:SSB0193,1,55,33066,tct,1.208664,0,-1.307539
audioseal,5,chinese:SSB0193,1,55,33883,mean,1.211060,0,-3.343801
audioseal,5,chinese:SSB0193,1,55,33883,tct,1.211060,0,-2.017363
audioseal,5,chinese:SSB0193,1,55,59227,mean,1.218070,0,-3.930931
audioseal,5,chinese:SSB0193,1,55,59227,tct,1.218070,0,-2.975185
audioseal,5,chinese:SSB0193,1,55,9065,mean,1.222969,0,-4.169353
audioseal,5,chinese:SSB0193,1,55,9065,tct,1.222969,0,-2.632946
audioseal,5,chinese:SSB0193,1,55,9032,mean,1.222969,0,-4.001771
audioseal,5,chinese:SSB0193,1,55,9032,tct,1.222969,0,-2.645138
audioseal,5,chinese:SSB0193,2,56,27570,mean,0.913664,0,-5.887703
audioseal,5,chinese:SSB0193,2,56,27570,tct,0.913664,0,-2.030545
audioseal,5,chinese:SSB0193,2,56,7067,mean,1.100038,0,-3.415602
audioseal,5,chinese:SSB0193,2,56,7067,tct,1.100038,0,-1.321157
audioseal,5,chinese:SSB0193,2,56,4507,mean,1.123903,0,-5.275637
audioseal,5,chinese:SSB0193,2,56,4507,tct,1.123903,0,-1.404106
audioseal,5,chinese:SSB0193,2,56,23942,mean,1.140175,0,-5.896422
audioseal,5,chinese:SSB0193,2,56,23942,tct,1.140175,0,-2.600409
audioseal,5,chinese:SSB0193,2,56,32543,mean,1.157208,0,-2.185599
audioseal,5,chinese:SSB0193,2,56,32543,tct,1.157208,0,-1.152942
audioseal,5,chinese:SSB0193,2,56,21407,mean,1.158493,0,-2.104238
audioseal,5,chinese:SSB0193,2,56,21407,tct,1.158493,0,-0.611220
audioseal,5,chinese:SSB0193,2,56,19377,mean,1.169537,0,-6.446032
audioseal,5,chinese:SSB0193,2,56,19377,tct,1.169537,0,-2.314649
audioseal,5,chinese:SSB0193,2,56,7123,mean,1.211060,0,-5.202556
audioseal,5,chinese:SSB0193,2,56,7123,tct,1.211060,0,-1.782011
audioseal,5,chinese:SSB0193,2,56,27579,mean,1.230058,0,-4.219765
audioseal,5,chinese:SSB0193,2,56,27579,tct,1.230058,0,-2.207801
audioseal,5,chinese:SSB0193,2,56,13267,mean,1.246534,0,-5.351076
audioseal,5,chinese:SSB0193,2,56,13267,tct,1.246534,0,-1.621236
audioseal,5,chinese:SSB0197,0,57,2277,mean,0.948683,0,-5.981575
audioseal,5,chinese:SSB0197,0,57,2277,tct,0.948683,0,-2.422243
audioseal,5,chinese:SSB0197,0,57,27812,mean,1.083769,0,-1.807017
audioseal,5,chinese:SSB0197,0,57,27812,tct,1.083769,0,-0.489066
audioseal,5,chinese:SSB0197,0,57,26346,mean,1.091928,0,-3.759014
audioseal,5,chinese:SSB0197,0,57,26346,tct,1.091928,0,-2.859707
audioseal,5,chinese:SSB0197,0,57,26849,mean,1.091928,0,-3.450186
audioseal,5,chinese:SSB0197,0,57,26849,tct,1.091928,0,-0.824153
audioseal,5,chinese:SSB0197,0,57,18676,mean,1.143544,0,-4.318015
audioseal,5,chinese:SSB0197,0,57,18676,tct,1.143544,0,-2.975220
audioseal,5,chinese:SSB0197,0,57,20194,mean,1.150035,0,-2.577229
audioseal,5,chinese:SSB0197,0,57,20194,tct,1.150035,0,-2.067240
audioseal,5,chinese:SSB0197,0,57,27824,mean,1.173788,0,-2.861830
audioseal,5,chinese:SSB0197,0,57,27824,tct,1.173788,0,-0.376944
audioseal,5,chinese:SSB0197,0,57,7914,mean,1.188177,0,-5.933431
audioseal,5,chinese:SSB0197,0,57,7914,tct,1.188177,0,-2.345406
audioseal,5,chinese:SSB0197,0,57,17070,mean,1.206045,0,-3.064334
audioseal,5,chinese:SSB0197,0,57,17070,tct,1.206045,0,-1.063327
audioseal,5,chinese:SSB0197,0,57,28335,mean,1.206045,0,-3.172210
audioseal,5,chinese:SSB0197,0,57,28335,tct,1.206045,0,-1.354864
audioseal,5,chinese:SSB0197,1,58,22467,mean,0.860663,0,-4.754661
audioseal,5,chinese:SSB0197,1,58,22467,tct,0.860663,0,-1.120549
audioseal,5,chinese:SSB0197,1,58,55274,mean,0.894427,0,-5.353823
audioseal,5,chinese:SSB0197,1,58,55274,tct,0.894427,1,0.827941
audioseal,5,chinese:SSB0197,1,58,4463,mean,0.922208,0,-6.386308
audioseal,5,chinese:SSB0197,1,58,4463,tct,0.922208,0,-1.536655
audioseal,5,chinese:SSB0197,1,58,59278,mean,0.935414,0,-4.940318
audioseal,5,chinese:SSB0197,1,58,59278,tct,0.935414,0,-3.268280
audioseal,5,chinese:SSB0197,1,58,37451,mean,1.073087,0,-3.724095
audioseal,5,chinese:SSB0197,1,58,37451,tct,1.073087,0,-0.581674
audioseal,5,chinese:SSB0197,1,58,22379,mean,1.138550,0,-4.815198
audioseal,5,chinese:SSB0197,1,58,22379,tct,1.138550,0,-1.315602
audioseal,5,chinese:SSB0197,1,58,62027,mean,1.139264,0,-1.386106
audioseal,5,chinese:SSB0197,1,58,62027,tct,1.139264,0,-1.114860
audioseal,5,chinese:SSB0197,1,58,62403,mean,1.165631,0,-1.738724
audioseal,5,chinese:SSB0197,1,58,62403,tct,1.165631,1,0.086101
audioseal,5,chinese:SSB0197,1,58,36939,mean,1.206045,0,-5.092384
audioseal,5,chinese:SSB0197,1,58,36939,tct,1.206045,0,-0.671012
audioseal,5,chinese:SSB0197,1,58,14279,mean,1.219756,0,-5.154093
audioseal,5,chinese:SSB0197,1,58,14279,tct,1.219756,0,-1.436586
audioseal,5,chinese:SSB0197,2,59,57862,mean,0.869539,0,-2.708698
audioseal,5,chinese:SSB0197,2,59,57862,tct,0.869539,0,-0.466050
audioseal,5,chinese:SSB0197,2,59,51034,mean,0.904534,0,-5.557821
audioseal,5,chinese:SSB0197,2,59,51034,tct,0.904534,0,-2.427278
audioseal,5,chinese:SSB0197,2,59,57958,mean,1.057188,0,-5.391449
audioseal,5,chinese:SSB0197,2,59,57958,tct,1.057188,1,0.357250
audioseal,5,chinese:SSB0197,2,59,45606,mean,1.114172,0,-4.626382
audioseal,5,chinese:SSB0197,2,59,45606,tct,1.114172,0,-0.596207
audioseal,5,chinese:SSB0197,2,59,8966,mean,1.143544,0,-2.300938
audioseal,5,chinese:SSB0197,2,59,8966,tct,1.143544,0,-1.290284
audioseal,5,chinese:SSB0197,2,59,58036,mean,1.185013,0,-5.267862
audioseal,5,chinese:SSB0197,2,59,58036,tct,1.185013,0,-2.179245
audioseal,5,chinese:SSB0197,2,59,34586,mean,1.203443,0,-3.833651
audioseal,5,chinese:SSB0197,2,59,34586,tct,1.203443,0,-3.709776
audioseal,5,chinese:SSB0197,2,59,49940,mean,1.204666,0,-2.486801
audioseal,5,chinese:SSB0197,2,59,49940,tct,1.204666,0,-1.275632
audioseal,5,chinese:SSB0197,2,59,33360,mean,1.206045,0,-4.954786
audioseal,5,chinese:SSB0197,2,59,33360,tct,1.206045,0,-2.371505
audioseal,5,chinese:SSB0197,2,59,42566,mean,1.219756,0,-4.733946
audioseal,5,chinese:SSB0197,2,59,42566,tct,1.219756,0,-2.160991
audioseal,5,chinese:SSB0200,0,60,1234,mean,0.893949,0,-4.165067
audioseal,5,chinese:SSB0200,0,60,1234,tct,0.893949,0,-1.449249
audioseal,5,chinese:SSB0200,0,60,3200,mean,0.894427,0,-2.695719
audioseal,5,chinese:SSB0200,0,60,3200,tct,0.894427,0,-0.430980
audioseal,5,chinese:SSB0200,0,60,35368,mean,0.903696,0,-5.967976
audioseal,5,chinese:SSB0200,0,60,35368,tct,0.903696,0,-2.523700
audioseal,5,chinese:SSB0200,0,60,29404,mean,0.912871,0,-8.509604
audioseal,5,chinese:SSB0200,0,60,29404,tct,0.912871,0,-2.189532
audioseal,5,chinese:SSB0200,0,60,43561,mean,0.945484,0,-8.832245
audioseal,5,chinese:SSB0200,0,60,43561,tct,0.945484,0,-1.779099
audioseal,5,chinese:SSB0200,0,60,35371,mean,0.948683,0,-8.354397
audioseal,5,chinese:SSB0200,0,60,35371,tct,0.948683,0,-2.202740
audioseal,5,chinese:SSB0200,0,60,1170,mean,1.095445,0,-4.459064
audioseal,5,chinese:SSB0200,0,60,1170,tct,1.095445,0,-0.640410
audioseal,5,chinese:SSB0200,0,60,1776,mean,1.125463,0,-2.906152
audioseal,5,chinese:SSB0200,0,60,1776,tct,1.125463,0,-2.023280
audioseal,5,chinese:SSB0200,0,60,18048,mean,1.178511,0,-3.139661
audioseal,5,chinese:SSB0200,0,60,18048,tct,1.178511,0,-0.902356
audioseal,5,chinese:SSB0200,0,60,3072,mean,1.200255,0,-2.816908
audioseal,5,chinese:SSB0200,0,60,3072,tct,1.200255,0,-0.752504
audioseal,5,chinese:SSB0200,1,61,40874,mean,0.902194,0,-4.454906
audioseal,5,chinese:SSB0200,1,61,40874,tct,0.902194,0,-2.217479
audioseal,5,chinese:SSB0200,1,61,7416,mean,0.904534,0,-2.040520
audioseal,5,chinese:SSB0200,1,61,7416,tct,0.904534,0,-0.524998
audioseal,5,chinese:SSB0200,1,61,60450,mean,0.925820,0,-4.548748
audioseal,5,chinese:SSB0200,1,61,60450,tct,0.925820,0,-0.602280
audioseal,5,chinese:SSB0200,1,61,18779,mean,0.932936,0,-8.118584
audioseal,5,chinese:SSB0200,1,61,18779,tct,0.932936,0,-1.253460
audioseal,5,chinese:SSB0200,1,61,59442,mean,0.942809,0,-6.282137
audioseal,5,chinese:SSB0200,1,61,59442,tct,0.942809,0,-1.242009
audioseal,5,chinese:SSB0200,1,61,40697,mean,0.975900,0,-4.602341
audioseal,5,chinese:SSB0200,1,61,40697,tct,0.975900,0,-1.721893
audioseal,5,chinese:SSB0200,1,61,7352,mean,1.147079,0,-3.200195
audioseal,5,chinese:SSB0200,1,61,7352,tct,1.147079,0,-1.372965
audioseal,5,chinese:SSB0200,1,61,19819,mean,1.164445,0,-4.880383
audioseal,5,chinese:SSB0200,1,61,19819,tct,1.164445,0,-3.769034
audioseal,5,chinese:SSB0200,1,61,8114,mean,1.185013,0,-3.929796
audioseal,5,chinese:SSB0200,1,61,8114,tct,1.185013,0,-0.340848
audioseal,5,chinese:SSB0200,1,61,51547,mean,1.217161,0,-8.244901
audioseal,5,chinese:SSB0200,1,61,51547,tct,1.217161,0,-0.898508
audioseal,5,chinese:SSB0200,2,62,29381,mean,0.925820,0,-3.113143
audioseal,5,chinese:SSB0200,2,62,29381,tct,0.925820,0,-0.961555
audioseal,5,chinese:SSB0200,2,62,63091,mean,1.076611,0,-4.763016
audioseal,5,chinese:SSB0200,2,62,63091,tct,1.076611,0,-0.628839
audioseal,5,chinese:SSB0200,2,62,46707,mean,1.087115,0,-6.057607
audioseal,5,chinese:SSB0200,2,62,46707,tct,1.087115,0,-1.484335
audioseal,5,chinese:SSB0200,2,62,23334,mean,1.093216,0,-6.025618
audioseal,5,chinese:SSB0200,2,62,23334,tct,1.093216,0,-1.088735
audioseal,5,chinese:SSB0200,2,62,31297,mean,1.138550,0,-3.361340
audioseal,5,chinese:SSB0200,2,62,31297,tct,1.138550,0,-0.978387
audioseal,5,chinese:SSB0200,2,62,23108,mean,1.186342,0,-4.875589
audioseal,5,chinese:SSB0200,2,62,23108,tct,1.186342,0,-1.232972
audioseal,5,chinese:SSB0200,2,62,19222,mean,1.249390,0,-4.955476
audioseal,5,chinese:SSB0200,2,62,19222,tct,1.249390,0,-2.043788
audioseal,5,chinese:SSB0200,2,62,29329,mean,1.260850,0,-3.612536
audioseal,5,chinese:SSB0200,2,62,29329,tct,1.260850,0,-1.852527
audioseal,5,chinese:SSB0200,2,62,29509,mean,1.276569,0,-1.487879
audioseal,5,chinese:SSB0200,2,62,29509,tct,1.276569,1,0.283406
audioseal,5,chinese:SSB0200,2,62,23361,mean,1.290994,0,-3.717327
audioseal,5,chinese:SSB0200,2,62,23361,tct,1.290994,0,-1.960827
audioseal,5,chinese:SSB0241,0,63,56283,mean,0.895591,0,-5.293555
audioseal,5,chinese:SSB0241,0,63,56283,tct,0.895591,0,-0.564527
audioseal,5,chinese:SSB0241,0,63,57179,mean,0.897758,0,-5.294368
audioseal,5,chinese:SSB0241,0,63,57179,tct,0.897758,0,-0.304553
audioseal,5,chinese:SSB0241,0,63,1299,mean,0.929981,0,-7.445514
audioseal,5,chinese:SSB0241,0,63,1299,tct,0.929981,0,-2.212234
audioseal,5,chinese:SSB0241,0,63,13388,mean,0.937218,0,-7.526801
audioseal,5,chinese:SSB0241,0,63,13388,tct,0.937218,0,-2.420376
audioseal,5,chinese:SSB0241,0,63,31501,mean,1.044466,0,-0.873627
audioseal,5,chinese:SSB0241,0,63,31501,tct,1.044466,1,0.487110
audioseal,5,chinese:SSB0241,0,63,56281,mean,1.118034,0,-4.345633
audioseal,5,chinese:SSB0241,0,63,56281,tct,1.118034,0,-1.403236
audioseal,5,chinese:SSB0241,0,63,64475,mean,1.118034,0,-4.330314
audioseal,5,chinese:SSB0241,0,63,64475,tct,1.118034,0,-1.335427
audioseal,5,chinese:SSB0241,0,63,64283,mean,1.141089,0,-2.096362
audioseal,5,chinese:SSB0241,0,63,64283,tct,1.141089,0,-1.626178
audioseal,5,chinese:SSB0241,0,63,25369,mean,1.184840,0,-3.094165
audioseal,5,chinese:SSB0241,0,63,25369,tct,1.184840,0,-1.567980
audioseal,5,chinese:SSB0241,0,63,14172,mean,1.197011,0,-5.817805
audioseal,5,chinese:SSB0241,0,63,14172,tct,1.197011,0,-1.806394
audioseal,5,chinese:SSB0241,1,64,63565,mean,0.887262,0,-5.711327
audioseal,5,chinese:SSB0241,1,64,63565,tct,0.887262,0,-1.508338
audioseal,5,chinese:SSB0241,1,64,22075,mean,1.000000,0,-6.908340
audioseal,5,chinese:SSB0241,1,64,22075,tct,1.000000,0,-3.171014
audioseal,5,chinese:SSB0241,1,64,63522,mean,1.000000,0,-5.245634
audioseal,5,chinese:SSB0241,1,64,63522,tct,1.000000,0,-1.261555
audioseal,5,chinese:SSB0241,1,64,20750,mean,1.088037,0,-1.581044
audioseal,5,chinese:SSB0241,1,64,20750,tct,1.088037,0,-0.320831
audioseal,5,chinese:SSB0241,1,64,20490,mean,1.089725,0,-1.109726
audioseal,5,chinese:SSB0241,1,64,20490,tct,1.089725,1,0.369895
audioseal,5,chinese:SSB0241,1,64,22026,mean,1.140175,0,-3.238910
audioseal,5,chinese:SSB0241,1,64,22026,tct,1.140175,0,-1.177225
audioseal,5,chinese:SSB0241,1,64,21790,mean,1.143544,0,-3.898926
audioseal,5,chinese:SSB0241,1,64,21790,tct,1.143544,0,-0.960742
audioseal,5,chinese:SSB0241,1,64,55645,mean,1.146423,0,-6.576513
audioseal,5,chinese:SSB0241,1,64,55645,tct,1.146423,0,-2.987906
audioseal,5,chinese:SSB0241,1,64,53581,mean,1.173788,0,-6.000817
audioseal,5,chinese:SSB0241,1,64,53581,tct,1.173788,0,-1.974865
audioseal,5,chinese:SSB0241,1,64,4171,mean,1.183216,0,-4.653738
audioseal,5,chinese:SSB0241,1,64,4171,tct,1.183216,0,-2.832080
audioseal,5,chinese:SSB0241,2,65,64376,mean,0.860630,0,-1.952828
audioseal,5,chinese:SSB0241,2,65,64376,tct,0.860630,0,-1.285608
audioseal,5,chinese:SSB0241,2,65,23032,mean,0.882984,0,-3.366457
audioseal,5,chinese:SSB0241,2,65,23032,tct,0.882984,0,-0.474259
audioseal,5,chinese:SSB0241,2,65,6616,mean,0.900765,0,-3.611289
audioseal,5,chinese:SSB0241,2,65,6616,tct,0.900765,0,-0.179653
audioseal,5,chinese:SSB0241,2,65,6392,mean,0.925820,0,-5.918167
audioseal,5,chinese:SSB0241,2,65,6392,tct,0.925820,0,-2.082514
audioseal,5,chinese:SSB0241,2,65,59711,mean,0.929320,0,-6.288027
audioseal,5,chinese:SSB0241,2,65,59711,tct,0.929320,0,-2.806066
audioseal,5,chinese:SSB0241,2,65,46978,mean,0.942809,0,-8.280361
audioseal,5,chinese:SSB0241,2,65,46978,tct,0.942809,0,-3.827420
audioseal,5,chinese:SSB0241,2,65,62328,mean,1.148257,0,-2.985277
audioseal,5,chinese:SSB0241,2,65,62328,tct,1.148257,0,-2.375979
audioseal,5,chinese:SSB0241,2,65,60190,mean,1.164545,0,-4.850667
audioseal,5,chinese:SSB0241,2,65,60190,tct,1.164545,0,-2.831582
audioseal,5,chinese:SSB0241,2,65,47056,mean,1.171080,0,-5.175180
audioseal,5,chinese:SSB0241,2,65,47056,tct,1.171080,0,-1.597976
audioseal,5,chinese:SSB0241,2,65,63376,mean,1.185013,0,-4.449292
audioseal,5,chinese:SSB0241,2,65,63376,tct,1.185013,0,-2.587411
audioseal,5,chinese:SSB0246,0,66,20886,mean,0.898717,0,-3.688832
audioseal,5,chinese:SSB0246,0,66,20886,tct,0.898717,0,-0.694582
audioseal,5,chinese:SSB0246,0,66,4240,mean,0.912871,0,-6.837960
audioseal,5,chinese:SSB0246,0,66,4240,tct,0.912871,0,-1.920568
audioseal,5,chinese:SSB0246,0,66,4502,mean,1.109400,0,-3.163398
audioseal,5,chinese:SSB0246,0,66,4502,tct,1.109400,0,-1.637594
audioseal,5,chinese:SSB0246,0,66,51623,mean,1.119927,0,-6.106382
audioseal,5,chinese:SSB0246,0,66,51623,tct,1.119927,0,-0.871139
audioseal,5,chinese:SSB0246,0,66,37283,mean,1.140175,0,-4.557717
audioseal,5,chinese:SSB0246,0,66,37283,tct,1.140175,0,-3.363182
audioseal,5,chinese:SSB0246,0,66,29072,mean,1.143544,0,-5.039074
audioseal,5,chinese:SSB0246,0,66,29072,tct,1.143544,0,-0.322964
audioseal,5,chinese:SSB0246,0,66,8455,mean,1.144622,0,-3.132521
audioseal,5,chinese:SSB0246,0,66,8455,tct,1.144622,0,-1.288037
audioseal,5,chinese:SSB0246,0,66,45455,mean,1.154701,0,-1.474901
audioseal,5,chinese:SSB0246,0,66,45455,tct,1.154701,0,-1.413277
audioseal,5,chinese:SSB0246,0,66,28848,mean,1.154701,0,-7.703635
audioseal,5,chinese:SSB0246,0,66,28848,tct,1.154701,0,-2.823789
audioseal,5,chinese:SSB0246,0,66,12607,mean,1.169795,0,-3.478628
audioseal,5,chinese:SSB0246,0,66,12607,tct,1.169795,0,-0.137860
audioseal,5,chinese:SSB0246,1,67,6722,mean,0.861892,0,-4.548512
audioseal,5,chinese:SSB0246,1,67,6722,tct,0.861892,0,-0.784336
audioseal,5,chinese:SSB0246,1,67,8032,mean,0.899172,0,-3.721143
audioseal,5,chinese:SSB0246,1,67,8032,tct,0.899172,0,-1.086173
audioseal,5,chinese:SSB0246,1,67,7970,mean,0.935414,0,-4.261136
audioseal,5,chinese:SSB0246,1,67,7970,tct,0.935414,0,-1.377396
audioseal,5,chinese:SSB0246,1,67,64528,mean,0.938083,0,-7.489770
audioseal,5,chinese:SSB0246,1,67,64528,tct,0.938083,0,-0.679312
audioseal,5,chinese:SSB0246,1,67,5986,mean,1.000000,0,-4.106289
audioseal,5,chinese:SSB0246,1,67,5986,tct,1.000000,0,-1.265371
audioseal,5,chinese:SSB0246,1,67,41470,mean,1.000000,0,-11.722676
audioseal,5,chinese:SSB0246,1,67,41470,tct,1.000000,0,-1.464473
audioseal,5,chinese:SSB0246,1,67,64082,mean,1.123903,0,-7.303601
audioseal,5,chinese:SSB0246,1,67,64082,tct,1.123903,1,0.041665
audioseal,5,chinese:SSB0246,1,67,27126,mean,1.174734,0,-6.955736
audioseal,5,chinese:SSB0246,1,67,27126,tct,1.174734,0,-0.155367
audioseal,5,chinese:SSB0246,1,67,4084,mean,1.180990,0,-7.270295
audioseal,5,chinese:SSB0246,1,67,4084,tct,1.180990,0,-1.279394
audioseal,5,chinese:SSB0246,1,67,32610,mean,1.210447,0,-3.293038
audioseal,5,chinese:SSB0246,1,67,32610,tct,1.210447,0,-2.160693
audioseal,5,chinese:SSB0246,2,68,47363,mean,0.867349,0,-3.431169
audioseal,5,chinese:SSB0246,2,68,47363,tct,0.867349,0,-0.984303
audioseal,5,chinese:SSB0246,2,68,4186,mean,0.918890,0,-4.621694
audioseal,5,chinese:SSB0246,2,68,4186,tct,0.918890,0,-1.342320
audioseal,5,chinese:SSB0246,2,68,63751,mean,0.948683,0,-5.526341
audioseal,5,chinese:SSB0246,2,68,63751,tct,0.948683,0,-0.968754
audioseal,5,chinese:SSB0246,2,68,56579,mean,1.154701,0,-4.135064
audioseal,5,chinese:SSB0246,2,68,56579,tct,1.154701,0,-1.176195
audioseal,5,chinese:SSB0246,2,68,36099,mean,1.154701,0,-4.500531
audioseal,5,chinese:SSB0246,2,68,36099,tct,1.154701,0,-1.886239
audioseal,5,chinese:SSB0246,2,68,47361,mean,1.173788,0,-3.976018
audioseal,5,chinese:SSB0246,2,68,47361,tct,1.173788,0,-1.743105
audioseal,5,chinese:SSB0246,2,68,6656,mean,1.181893,0,-1.440950
audioseal,5,chinese:SSB0246,2,68,6656,tct,1.181893,0,-0.701016
audioseal,5,chinese:SSB0246,2,68,34306,mean,1.190874,0,-4.410001
audioseal,5,chinese:SSB0246,2,68,34306,tct,1.190874,0,-3.203700
audioseal,5,chinese:SSB0246,2,68,45402,mean,1.206045,0,-6.879498
audioseal,5,chinese:SSB0246,2,68,45402,tct,1.206045,0,-3.277237
audioseal,5,chinese:SSB0246,2,68,550,mean,1.221028,0,-4.557060
audioseal,5,chinese:SSB0246,2,68,550,tct,1.221028,0,-1.587559
audioseal,5,chinese:SSB0261,0,69,37652,mean,0.849837,0,-5.970526
audioseal,5,chinese:SSB0261,0,69,37652,tct,0.849837,0,-1.253588
audioseal,5,chinese:SSB0261,0,69,47094,mean,0.880758,0,-4.344694
audioseal,5,chinese:SSB0261,0,69,47094,tct,0.880758,1,0.483599
audioseal,5,chinese:SSB0261,0,69,47028,mean,0.898717,0,-6.191580
audioseal,5,chinese:SSB0261,0,69,47028,tct,0.898717,0,-1.909111
audioseal,5,chinese:SSB0261,0,69,34162,mean,0.916246,0,-2.040904
audioseal,5,chinese:SSB0261,0,69,34162,tct,0.916246,0,-1.593525
audioseal,5,chinese:SSB0261,0,69,37780,mean,0.960769,0,-6.986488
audioseal,5,chinese:SSB0261,0,69,37780,tct,0.960769,0,-0.537552
audioseal,5,chinese:SSB0261,0,69,38773,mean,1.151714,0,-3.791059
audioseal,5,chinese:SSB0261,0,69,38773,tct,1.151714,0,-3.132867
audioseal,5,chinese:SSB0261,0,69,3186,mean,1.194249,0,-2.805338
audioseal,5,chinese:SSB0261,0,69,3186,tct,1.194249,0,-2.935796
audioseal,5,chinese:SSB0261,0,69,38869,mean,1.224745,0,-5.960620
audioseal,5,chinese:SSB0261,0,69,38869,tct,1.224745,0,-3.238306
audioseal,5,chinese:SSB0261,0,69,53270,mean,1.224745,0,-3.454605
audioseal,5,chinese:SSB0261,0,69,53270,tct,1.224745,0,-0.922511
audioseal,5,chinese:SSB0261,0,69,37878,mean,1.227262,0,-3.986006
audioseal,5,chinese:SSB0261,0,69,37878,tct,1.227262,0,-1.263345
audioseal,5,chinese:SSB0261,1,70,55169,mean,0.836660,0,-2.058368
audioseal,5,chinese:SSB0261,1,70,55169,tct,0.836660,0,-1.390500
audioseal,5,chinese:SSB0261,1,70,54661,mean,0.859727,0,-1.187663
audioseal,5,chinese:SSB0261,1,70,54661,tct,0.859727,0,-1.209218
audioseal,5,chinese:SSB0261,1,70,53633,mean,0.935414,0,-1.567778
audioseal,5,chinese:SSB0261,1,70,53633,tct,0.935414,0,-0.852681
audioseal,5,chinese:SSB0261,1,70,10375,mean,0.948683,0,-7.236200
audioseal,5,chinese:SSB0261,1,70,10375,tct,0.948683,0,-2.453251
audioseal,5,chinese:SSB0261,1,70,63427,mean,1.139606,0,-3.556714
audioseal,5,chinese:SSB0261,1,70,63427,tct,1.139606,0,-2.836340
audioseal,5,chinese:SSB0261,1,70,61825,mean,1.150945,0,-0.652112
audioseal,5,chinese:SSB0261,1,70,61825,tct,1.150945,0,-0.390446
audioseal,5,chinese:SSB0261,1,70,63331,mean,1.154701,0,-5.892232
audioseal,5,chinese:SSB0261,1,70,63331,tct,1.154701,0,-3.037603
audioseal,5,chinese:SSB0261,1,70,63280,mean,1.154701,0,-5.929414
audioseal,5,chinese:SSB0261,1,70,63280,tct,1.154701,0,-2.317550
audioseal,5,chinese:SSB0261,1,70,38785,mean,1.204159,0,-3.527020
audioseal,5,chinese:SSB0261,1,70,38785,tct,1.204159,0,-2.637878
audioseal,5,chinese:SSB0261,1,70,30609,mean,1.230035,0,-3.657757
audioseal,5,chinese:SSB0261,1,70,30609,tct,1.230035,0,-1.289109
audioseal,5,chinese:SSB0261,2,71,45824,mean,0.861357,0,-5.577127
audioseal,5,chinese:SSB0261,2,71,45824,tct,0.861357,0,-2.873778
audioseal,5,chinese:SSB0261,2,71,55804,mean,0.873589,0,-4.249371
audioseal,5,chinese:SSB0261,2,71,55804,tct,0.873589,0,-1.306436
audioseal,5,chinese:SSB0261,2,71,52599,mean,1.195229,0,-5.546706
audioseal,5,chinese:SSB0261,2,71,52599,tct,1.195229,0,-2.806744
audioseal,5,chinese:SSB0261,2,71,37042,mean,1.205755,0,-4.258388
audioseal,5,chinese:SSB0261,2,71,37042,tct,1.205755,0,-1.041534
audioseal,5,chinese:SSB0261,2,71,37086,mean,1.240229,0,-6.021131
audioseal,5,chinese:SSB0261,2,71,37086,tct,1.240229,0,-1.839786
audioseal,5,chinese:SSB0261,2,71,32926,mean,1.240839,0,-6.811243
audioseal,5,chinese:SSB0261,2,71,32926,tct,1.240839,0,-3.831581
audioseal,5,chinese:SSB0261,2,71,36223,mean,1.247219,0,-7.953712
audioseal,5,chinese:SSB0261,2,71,36223,tct,1.247219,0,-3.160485
audioseal,5,chinese:SSB0261,2,71,62736,mean,1.251454,0,-2.841778
audioseal,5,chinese:SSB0261,2,71,62736,tct,1.251454,0,-2.908003
audioseal,5,chinese:SSB0261,2,71,36187,mean,1.279204,0,-8.703608
audioseal,5,chinese:SSB0261,2,71,36187,tct,1.279204,0,-4.658782
audioseal,5,chinese:SSB0261,2,71,49920,mean,1.279204,0,-4.445950
audioseal,5,chinese:SSB0261,2,71,49920,tct,1.279204,0,-2.829216
audioseal,5,chinese:SSB0267,0,72,64634,mean,0.919145,0,-6.498475
audioseal,5,chinese:SSB0267,0,72,64634,tct,0.919145,0,-2.076478
audioseal,5,chinese:SSB0267,0,72,42899,mean,0.925820,0,-6.024926
audioseal,5,chinese:SSB0267,0,72,42899,tct,0.925820,0,-1.489158
audioseal,5,chinese:SSB0267,0,72,20956,mean,0.930226,0,-5.037222
audioseal,5,chinese:SSB0267,0,72,20956,tct,0.930226,0,-0.115466
audioseal,5,chinese:SSB0267,0,72,20924,mean,0.934353,0,-6.896683
audioseal,5,chinese:SSB0267,0,72,20924,tct,0.934353,0,-1.293210
audioseal,5,chinese:SSB0267,0,72,42939,mean,0.937218,0,-6.180949
audioseal,5,chinese:SSB0267,0,72,42939,tct,0.937218,0,-2.096666
audioseal,5,chinese:SSB0267,0,72,43983,mean,1.193071,0,-2.087568
audioseal,5,chinese:SSB0267,0,72,43983,tct,1.193071,0,-2.020256
audioseal,5,chinese:SSB0267,0,72,41875,mean,1.195229,0,-4.832397
audioseal,5,chinese:SSB0267,0,72,41875,tct,1.195229,0,-0.836056
audioseal,5,chinese:SSB0267,0,72,44014,mean,1.200490,0,-2.864805
audioseal,5,chinese:SSB0267,0,72,44014,tct,1.200490,0,-1.579523
audioseal,5,chinese:SSB0267,0,72,61034,mean,1.201850,0,-7.222342
audioseal,5,chinese:SSB0267,0,72,61034,tct,1.201850,0,-2.096527
audioseal,5,chinese:SSB0267,0,72,31866,mean,1.202561,0,-7.266625
audioseal,5,chinese:SSB0267,0,72,31866,tct,1.202561,0,-1.067977
audioseal,5,chinese:SSB0267,1,73,20880,mean,0.922531,0,-5.630016
audioseal,5,chinese:SSB0267,1,73,20880,tct,0.922531,0,-1.150410
audioseal,5,chinese:SSB0267,1,73,20896,mean,0.925820,0,-3.041695
audioseal,5,chinese:SSB0267,1,73,20896,tct,0.925820,0,-1.641971
audioseal,5,chinese:SSB0267,1,73,4480,mean,0.935414,0,-5.746621
audioseal,5,chinese:SSB0267,1,73,4480,tct,0.935414,0,-1.626378
audioseal,5,chinese:SSB0267,1,73,30118,mean,1.176697,0,-5.021284
audioseal,5,chinese:SSB0267,1,73,30118,tct,1.176697,0,-1.142049
audioseal,5,chinese:SSB0267,1,73,29,mean,1.193838,0,-8.921083
audioseal,5,chinese:SSB0267,1,73,29,tct,1.193838,1,0.103744
audioseal,5,chinese:SSB0267,1,73,32925,mean,1.193838,0,-10.614625
audioseal,5,chinese:SSB0267,1,73,32925,tct,1.193838,0,-0.855955
audioseal,5,chinese:SSB0267,1,73,16989,mean,1.194249,0,-8.445926
audioseal,5,chinese:SSB0267,1,73,16989,tct,1.194249,0,-2.097162
audioseal,5,chinese:SSB0267,1,73,5276,mean,1.195229,0,-6.537014
audioseal,5,chinese:SSB0267,1,73,5276,tct,1.195229,0,-2.756783
audioseal,5,chinese:SSB0267,1,73,1164,mean,1.195229,0,-6.207841
audioseal,5,chinese:SSB0267,1,73,1164,tct,1.195229,0,-1.858722
audioseal,5,chinese:SSB0267,1,73,53614,mean,1.202561,0,-4.679993
audioseal,5,chinese:SSB0267,1,73,53614,tct,1.202561,0,-1.901604
audioseal,5,chinese:SSB0267,2,74,20680,mean,0.924546,0,-4.152758
audioseal,5,chinese:SSB0267,2,74,20680,tct,0.924546,0,-0.535204
audioseal,5,chinese:SSB0267,2,74,20617,mean,0.938083,0,-6.752804
audioseal,5,chinese:SSB0267,2,74,20617,tct,0.938083,0,-0.534268
audioseal,5,chinese:SSB0267,2,74,25514,mean,0.942809,0,-6.887060
audioseal,5,chinese:SSB0267,2,74,25514,tct,0.942809,0,-1.246796
audioseal,5,chinese:SSB0267,2,74,42922,mean,1.141969,0,-7.617270
audioseal,5,chinese:SSB0267,2,74,42922,tct,1.141969,0,-2.759766
audioseal,5,chinese:SSB0267,2,74,34532,mean,1.178511,0,-4.094556
audioseal,5,chinese:SSB0267,2,74,34532,tct,1.178511,0,-1.305933
audioseal,5,chinese:SSB0267,2,74,30698,mean,1.203680,0,-3.914864
audioseal,5,chinese:SSB0267,2,74,30698,tct,1.203680,0,-1.664254
audioseal,5,chinese:SSB0267,2,74,42914,mean,1.211646,0,-6.800566
audioseal,5,chinese:SSB0267,2,74,42914,tct,1.211646,0,-0.583525
audioseal,5,chinese:SSB0267,2,74,30602,mean,1.212386,0,-6.426176
audioseal,5,chinese:SSB0267,2,74,30602,tct,1.212386,0,-2.575501
audioseal,5,chinese:SSB0267,2,74,36534,mean,1.220394,0,-6.915445
audioseal,5,chinese:SSB0267,2,74,36534,tct,1.220394,0,-1.351501
audioseal,5,chinese:SSB0267,2,74,40726,mean,1.220394,0,-9.409266
audioseal,5,chinese:SSB0267,2,74,40726,tct,1.220394,0,-0.106368
audioseal,5,chinese:SSB0273,0,75,10437,mean,0.835414,0,-3.494174
audioseal,5,chinese:SSB0273,0,75,10437,tct,0.835414,0,-1.269456
audioseal,5,chinese:SSB0273,0,75,12481,mean,1.144703,0,-4.231030
audioseal,5,chinese:SSB0273,0,75,12481,tct,1.144703,0,-0.335945
audioseal,5,chinese:SSB0273,0,75,25811,mean,1.197279,0,-3.510251
audioseal,5,chinese:SSB0273,0,75,25811,tct,1.197279,0,-1.607071
audioseal,5,chinese:SSB0273,0,75,31429,mean,1.211920,0,-5.671690
audioseal,5,chinese:SSB0273,0,75,31429,tct,1.211920,0,-1.125039
audioseal,5,chinese:SSB0273,0,75,26869,mean,1.211920,0,-4.183138
audioseal,5,chinese:SSB0273,0,75,26869,tct,1.211920,0,-1.523732
audioseal,5,chinese:SSB0273,0,75,34071,mean,1.236694,0,-7.345564
audioseal,5,chinese:SSB0273,0,75,34071,tct,1.236694,0,-2.963743
audioseal,5,chinese:SSB0273,0,75,17145,mean,1.247219,0,-6.309681
audioseal,5,chinese:SSB0273,0,75,17145,tct,1.247219,0,-5.042311
audioseal,5,chinese:SSB0273,0,75,21225,mean,1.247219,0,-5.876805
audioseal,5,chinese:SSB0273,0,75,21225,tct,1.247219,0,-3.506414
audioseal,5,chinese:SSB0273,0,75,14573,mean,1.247219,0,-4.474326
audioseal,5,chinese:SSB0273,0,75,14573,tct,1.247219,0,-1.902231
audioseal,5,chinese:SSB0273,0,75,33818,mean,1.251086,0,-7.447112
audioseal,5,chinese:SSB0273,0,75,33818,tct,1.251086,0,-2.426859
audioseal,5,chinese:SSB0273,1,76,61973,mean,1.126185,0,-2.275480
audioseal,5,chinese:SSB0273,1,76,61973,tct,1.126185,1,0.043651
audioseal,5,chinese:SSB0273,1,76,40469,mean,1.154701,0,-6.091808
audioseal,5,chinese:SSB0273,1,76,40469,tct,1.154701,1,0.163246
audioseal,5,chinese:SSB0273,1,76,40605,mean,1.154701,0,-5.924992
audioseal,5,chinese:SSB0273,1,76,40605,tct,1.154701,0,-1.210722
audioseal,5,chinese:SSB0273,1,76,54037,mean,1.164845,0,-2.076633
audioseal,5,chinese:SSB0273,1,76,54037,tct,1.164845,0,-0.269650
audioseal,5,chinese:SSB0273,1,76,4956,mean,1.178234,0,-5.260992
audioseal,5,chinese:SSB0273,1,76,4956,tct,1.178234,0,-1.855949
audioseal,5,chinese:SSB0273,1,76,39581,mean,1.202938,0,-4.584965
audioseal,5,chinese:SSB0273,1,76,39581,tct,1.202938,0,-1.608493
audioseal,5,chinese:SSB0273,1,76,48921,mean,1.224745,0,-4.300963
audioseal,5,chinese:SSB0273,1,76,48921,tct,1.224745,0,-3.934509
audioseal,5,chinese:SSB0273,1,76,11805,mean,1.224745,0,-5.562481
audioseal,5,chinese:SSB0273,1,76,11805,tct,1.224745,0,-3.011298
audioseal,5,chinese:SSB0273,1,76,46685,mean,1.238278,0,-5.119256
audioseal,5,chinese:SSB0273,1,76,46685,tct,1.238278,0,-2.818070
audioseal,5,chinese:SSB0273,1,76,6973,mean,1.246423,0,-4.227807
audioseal,5,chinese:SSB0273,1,76,6973,tct,1.246423,0,-1.044235
audioseal,5,chinese:SSB0273,2,77,16152,mean,0.845154,0,-3.238381
audioseal,5,chinese:SSB0273,2,77,16152,tct,0.845154,0,-0.877871
audioseal,5,chinese:SSB0273,2,77,16188,mean,0.854850,0,-1.444849
audioseal,5,chinese:SSB0273,2,77,16188,tct,0.854850,1,0.161507
audioseal,5,chinese:SSB0273,2,77,3344,mean,0.891556,0,-4.148392
audioseal,5,chinese:SSB0273,2,77,3344,tct,0.891556,0,-1.992954
audioseal,5,chinese:SSB0273,2,77,47929,mean,0.910259,0,-5.614910
audioseal,5,chinese:SSB0273,2,77,47929,tct,0.910259,0,-1.710190
audioseal,5,chinese:SSB0273,2,77,16157,mean,0.912871,0,-3.261525
audioseal,5,chinese:SSB0273,2,77,16157,tct,0.912871,0,-2.333874
audioseal,5,chinese:SSB0273,2,77,12188,mean,1.074172,0,-2.757290
audioseal,5,chinese:SSB0273,2,77,12188,tct,1.074172,0,-1.112616
audioseal,5,chinese:SSB0273,2,77,48029,mean,1.086042,0,-4.611731
audioseal,5,chinese:SSB0273,2,77,48029,tct,1.086042,1,0.789502
audioseal,5,chinese:SSB0273,2,77,12112,mean,1.108887,0,-5.072271
audioseal,5,chinese:SSB0273,2,77,12112,tct,1.108887,0,-1.529571
audioseal,5,chinese:SSB0273,2,77,16153,mean,1.121224,0,-4.442697
audioseal,5,chinese:SSB0273,2,77,16153,tct,1.121224,0,-2.976793
audioseal,5,chinese:SSB0273,2,77,3544,mean,1.172821,0,-4.745571
audioseal,5,chinese:SSB0273,2,77,3544,tct,1.172821,0,-1.531366
audioseal,5,chinese:SSB0287,0,78,21321,mean,1.122167,0,-3.473225
audioseal,5,chinese:SSB0287,0,78,21321,tct,1.122167,0,-1.683776
audioseal,5,chinese:SSB0287,0,78,29101,mean,1.126943,0,-2.868318
audioseal,5,chinese:SSB0287,0,78,29101,tct,1.126943,0,-0.894745
audioseal,5,chinese:SSB0287,0,78,20523,mean,1.199727,0,-5.407443
audioseal,5,chinese:SSB0287,0,78,20523,tct,1.199727,0,-1.740690
audioseal,5,chinese:SSB0287,0,78,13261,mean,1.224745,0,-3.754074
audioseal,5,chinese:SSB0287,0,78,13261,tct,1.224745,0,-2.459320
audioseal,5,chinese:SSB0287,0,78,64333,mean,1.246534,0,-1.931610
audioseal,5,chinese:SSB0287,0,78,64333,tct,1.246534,0,-0.980267
audioseal,5,chinese:SSB0287,0,78,58470,mean,1.246617,0,-8.619855
audioseal,5,chinese:SSB0287,0,78,58470,tct,1.246617,0,-1.746597
audioseal,5,chinese:SSB0287,0,78,24750,mean,1.247219,0,-7.143641
audioseal,5,chinese:SSB0287,0,78,24750,tct,1.247219,0,-2.825541
audioseal,5,chinese:SSB0287,0,78,16443,mean,1.264911,0,-7.514909
audioseal,5,chinese:SSB0287,0,78,16443,tct,1.264911,0,-3.549964
audioseal,5,chinese:SSB0287,0,78,28814,mean,1.272768,0,-4.329379
audioseal,5,chinese:SSB0287,0,78,28814,tct,1.272768,0,-1.883982
audioseal,5,chinese:SSB0287,0,78,31148,mean,1.272792,0,-5.103368
audioseal,5,chinese:SSB0287,0,78,31148,tct,1.272792,0,-3.552833
audioseal,5,chinese:SSB0287,1,79,62209,mean,0.887954,0,-1.610637
audioseal,5,chinese:SSB0287,1,79,62209,tct,0.887954,1,0.372914
audioseal,5,chinese:SSB0287,1,79,50107,mean,1.127527,0,-4.605527
audioseal,5,chinese:SSB0287,1,79,50107,tct,1.127527,0,-2.119588
audioseal,5,chinese:SSB0287,1,79,49499,mean,1.146224,0,-3.949007
audioseal,5,chinese:SSB0287,1,79,49499,tct,1.146224,0,-1.000250
audioseal,5,chinese:SSB0287,1,79,33403,mean,1.148121,0,-6.903224
audioseal,5,chinese:SSB0287,1,79,33403,tct,1.148121,0,-2.166409
audioseal,5,chinese:SSB0287,1,79,14120,mean,1.148542,0,-7.650239
audioseal,5,chinese:SSB0287,1,79,14120,tct,1.148542,0,-2.535906
audioseal,5,chinese:SSB0287,1,79,13098,mean,1.208081,0,-6.083310
audioseal,5,chinese:SSB0287,1,79,13098,tct,1.208081,0,-2.176164
audioseal,5,chinese:SSB0287,1,79,49531,mean,1.209717,0,-5.468119
audioseal,5,chinese:SSB0287,1,79,49531,tct,1.209717,0,-2.065049
audioseal,5,chinese:SSB0287,1,79,12346,mean,1.211646,0,-6.677999
audioseal,5,chinese:SSB0287,1,79,12346,tct,1.211646,0,-0.901579
audioseal,5,chinese:SSB0287,1,79,46377,mean,1.229273,0,-5.703628
audioseal,5,chinese:SSB0287,1,79,46377,tct,1.229273,0,-2.422234
audioseal,5,chinese:SSB0287,1,79,50747,mean,1.243163,0,-5.700122
audioseal,5,chinese:SSB0287,1,79,50747,tct,1.243163,0,-1.692811
audioseal,5,chinese:SSB0287,2,80,12084,mean,0.887262,0,-3.195578
audioseal,5,chinese:SSB0287,2,80,12084,tct,0.887262,0,-0.629072
audioseal,5,chinese:SSB0287,2,80,11196,mean,1.082781,0,-3.021900
audioseal,5,chinese:SSB0287,2,80,11196,tct,1.082781,0,-0.484169
audioseal,5,chinese:SSB0287,2,80,9091,mean,1.095445,0,-1.804115
audioseal,5,chinese:SSB0287,2,80,9091,tct,1.095445,0,-1.253600
audioseal,5,chinese:SSB0287,2,80,45954,mean,1.109400,0,-2.319044
audioseal,5,chinese:SSB0287,2,80,45954,tct,1.109400,1,0.125160
audioseal,5,chinese:SSB0287,2,80,8370,mean,1.139242,0,-2.979706
audioseal,5,chinese:SSB0287,2,80,8370,tct,1.139242,0,-0.535871
audioseal,5,chinese:SSB0287,2,80,41952,mean,1.140175,0,-4.204906
audioseal,5,chinese:SSB0287,2,80,41952,tct,1.140175,0,-0.401684
audioseal,5,chinese:SSB0287,2,80,45044,mean,1.154701,0,-5.181963
audioseal,5,chinese:SSB0287,2,80,45044,tct,1.154701,0,-0.809068
audioseal,5,chinese:SSB0287,2,80,41840,mean,1.193416,0,-3.254098
audioseal,5,chinese:SSB0287,2,80,41840,tct,1.193416,0,-1.514056
audioseal,5,chinese:SSB0287,2,80,2,mean,1.195229,0,-3.678579
audioseal,5,chinese:SSB0287,2,80,2,tct,1.195229,0,-2.020536
audioseal,5,chinese:SSB0287,2,80,2226,mean,1.206045,0,-4.232162
audioseal,5,chinese:SSB0287,2,80,2226,tct,1.206045,0,-1.926286
audioseal,5,chinese:SSB0288,0,81,40697,mean,0.894427,0,-5.198780
audioseal,5,chinese:SSB0288,0,81,40697,tct,0.894427,0,-0.998912
audioseal,5,chinese:SSB0288,0,81,51961,mean,1.143544,0,-6.053357
audioseal,5,chinese:SSB0288,0,81,51961,tct,1.143544,0,-2.190824
audioseal,5,chinese:SSB0288,0,81,48818,mean,1.145102,0,-5.592644
audioseal,5,chinese:SSB0288,0,81,48818,tct,1.145102,0,-0.635569
audioseal,5,chinese:SSB0288,0,81,54966,mean,1.154701,0,-4.422076
audioseal,5,chinese:SSB0288,0,81,54966,tct,1.154701,0,-0.829161
audioseal,5,chinese:SSB0288,0,81,47307,mean,1.189384,0,-7.978228
audioseal,5,chinese:SSB0288,0,81,47307,tct,1.189384,0,-2.642164
audioseal,5,chinese:SSB0288,0,81,53247,mean,1.217161,0,-6.954979
audioseal,5,chinese:SSB0288,0,81,53247,tct,1.217161,0,-2.722667
audioseal,5,chinese:SSB0288,0,81,51706,mean,1.219756,0,-4.568999
audioseal,5,chinese:SSB0288,0,81,51706,tct,1.219756,0,-3.169003
audioseal,5,chinese:SSB0288,0,81,48828,mean,1.224745,0,-8.175653
audioseal,5,chinese:SSB0288,0,81,48828,tct,1.224745,0,-3.189899
audioseal,5,chinese:SSB0288,0,81,52427,mean,1.249338,0,-4.975477
audioseal,5,chinese:SSB0288,0,81,52427,tct,1.249338,0,-3.650239
audioseal,5,chinese:SSB0288,0,81,51402,mean,1.249390,0,-4.984570
audioseal,5,chinese:SSB0288,0,81,51402,tct,1.249390,0,-4.174202
audioseal,5,chinese:SSB0288,1,82,63676,mean,0.883372,0,-2.939767
audioseal,5,chinese:SSB0288,1,82,63676,tct,0.883372,0,-1.383671
audioseal,5,chinese:SSB0288,1,82,26417,mean,0.896120,0,-7.161229
audioseal,5,chinese:SSB0288,1,82,26417,tct,0.896120,0,-2.185623
audioseal,5,chinese:SSB0288,1,82,24450,mean,0.928191,0,-5.322104
audioseal,5,chinese:SSB0288,1,82,24450,tct,0.928191,0,-1.338438
audioseal,5,chinese:SSB0288,1,82,12153,mean,1.180652,0,-8.363641
audioseal,5,chinese:SSB0288,1,82,12153,tct,1.180652,0,-3.549126
audioseal,5,chinese:SSB0288,1,82,27440,mean,1.198958,0,-4.304159
audioseal,5,chinese:SSB0288,1,82,27440,tct,1.198958,0,-3.505716
audioseal,5,chinese:SSB0288,1,82,23944,mean,1.200961,0,-4.252604
audioseal,5,chinese:SSB0288,1,82,23944,tct,1.200961,0,-2.814879
audioseal,5,chinese:SSB0288,1,82,48888,mean,1.200961,0,-4.474826
audioseal,5,chinese:SSB0288,1,82,48888,tct,1.200961,0,-1.870795
audioseal,5,chinese:SSB0288,1,82,59560,mean,1.212655,0,-2.531455
audioseal,5,chinese:SSB0288,1,82,59560,tct,1.212655,0,-1.352923
audioseal,5,chinese:SSB0288,1,82,62104,mean,1.219756,0,-5.226623
audioseal,5,chinese:SSB0288,1,82,62104,tct,1.219756,0,-3.894044
audioseal,5,chinese:SSB0288,1,82,56710,mean,1.224745,0,-5.287399
audioseal,5,chinese:SSB0288,1,82,56710,tct,1.224745,0,-1.217660
audioseal,5,chinese:SSB0288,2,83,40631,mean,0.873589,0,-2.472239
audioseal,5,chinese:SSB0288,2,83,40631,tct,0.873589,0,-0.950033
audioseal,5,chinese:SSB0288,2,83,34583,mean,0.894427,0,-3.753165
audioseal,5,chinese:SSB0288,2,83,34583,tct,0.894427,0,-0.682226
audioseal,5,chinese:SSB0288,2,83,65082,mean,0.934353,0,-4.746306
audioseal,5,chinese:SSB0288,2,83,65082,tct,0.934353,0,-2.507164
audioseal,5,chinese:SSB0288,2,83,48700,mean,1.095445,0,-2.726329
audioseal,5,chinese:SSB0288,2,83,48700,tct,1.095445,0,-1.969329
audioseal,5,chinese:SSB0288,2,83,48693,mean,1.095445,0,-1.078631
audioseal,5,chinese:SSB0288,2,83,48693,tct,1.095445,1,0.559516
audioseal,5,chinese:SSB0288,2,83,49951,mean,1.140871,0,-5.228011
audioseal,5,chinese:SSB0288,2,83,49951,tct,1.140871,0,-0.300837
audioseal,5,chinese:SSB0288,2,83,40757,mean,1.145290,0,-0.868079
audioseal,5,chinese:SSB0288,2,83,40757,tct,1.145290,0,-0.956830
audioseal,5,chinese:SSB0288,2,83,40502,mean,1.158493,0,-2.572005
audioseal,5,chinese:SSB0288,2,83,40502,tct,1.158493,0,-0.500007
audioseal,5,chinese:SSB0288,2,83,14249,mean,1.164965,0,-5.043671
audioseal,5,chinese:SSB0288,2,83,14249,tct,1.164965,0,-2.309691
audioseal,5,chinese:SSB0288,2,83,51163,mean,1.195229,0,-7.501491
audioseal,5,chinese:SSB0288,2,83,51163,tct,1.195229,0,-2.082833
audioseal,5,chinese:SSB0299,0,84,39397,mean,1.128152,0,-4.657037
audioseal,5,chinese:SSB0299,0,84,39397,tct,1.128152,0,-1.015093
audioseal,5,chinese:SSB0299,0,84,37093,mean,1.154701,0,-5.310194
audioseal,5,chinese:SSB0299,0,84,37093,tct,1.154701,0,-1.739648
audioseal,5,chinese:SSB0299,0,84,59749,mean,1.196110,0,-2.263152
audioseal,5,chinese:SSB0299,0,84,59749,tct,1.196110,0,-1.050630
audioseal,5,chinese:SSB0299,0,84,35559,mean,1.200669,0,-5.561993
audioseal,5,chinese:SSB0299,0,84,35559,tct,1.200669,0,-2.491345
audioseal,5,chinese:SSB0299,0,84,25203,mean,1.217734,0,-5.174794
audioseal,5,chinese:SSB0299,0,84,25203,tct,1.217734,0,-3.513513
audioseal,5,chinese:SSB0299,0,84,23856,mean,1.224745,0,-6.691166
audioseal,5,chinese:SSB0299,0,84,23856,tct,1.224745,0,-1.688178
audioseal,5,chinese:SSB0299,0,84,28190,mean,1.240839,0,-6.600738
audioseal,5,chinese:SSB0299,0,84,28190,tct,1.240839,0,-3.167688
audioseal,5,chinese:SSB0299,0,84,37111,mean,1.246046,0,-4.424086
audioseal,5,chinese:SSB0299,0,84,37111,tct,1.246046,0,-2.112702
audioseal,5,chinese:SSB0299,0,84,17950,mean,1.247219,0,-8.501900
audioseal,5,chinese:SSB0299,0,84,17950,tct,1.247219,0,-2.483899
audioseal,5,chinese:SSB0299,0,84,63972,mean,1.261312,0,-3.508505
audioseal,5,chinese:SSB0299,0,84,63972,tct,1.261312,0,-1.287013
audioseal,5,chinese:SSB0299,1,85,14140,mean,0.983739,0,-4.557928
audioseal,5,chinese:SSB0299,1,85,14140,tct,0.983739,0,-0.290214
audioseal,5,chinese:SSB0299,1,85,6044,mean,1.000000,0,-6.007102
audioseal,5,chinese:SSB0299,1,85,6044,tct,1.000000,0,-0.810943
audioseal,5,chinese:SSB0299,1,85,13800,mean,1.025978,0,-2.735120
audioseal,5,chinese:SSB0299,1,85,13800,tct,1.025978,0,-0.821391
audioseal,5,chinese:SSB0299,1,85,5440,mean,1.085159,0,-1.509135
audioseal,5,chinese:SSB0299,1,85,5440,tct,1.085159,0,-1.853021
audioseal,5,chinese:SSB0299,1,85,5225,mean,1.154701,0,-2.955525
audioseal,5,chinese:SSB0299,1,85,5225,tct,1.154701,0,-3.439449
audioseal,5,chinese:SSB0299,1,85,13613,mean,1.161600,0,-3.712856
audioseal,5,chinese:SSB0299,1,85,13613,tct,1.161600,0,-0.770110
audioseal,5,chinese:SSB0299,1,85,1292,mean,1.176697,0,-4.323346
audioseal,5,chinese:SSB0299,1,85,1292,tct,1.176697,0,-0.804390
audioseal,5,chinese:SSB0299,1,85,30645,mean,1.194121,0,-6.690908
audioseal,5,chinese:SSB0299,1,85,30645,tct,1.194121,0,-2.641877
audioseal,5,chinese:SSB0299,1,85,62396,mean,1.195229,0,-8.363288
audioseal,5,chinese:SSB0299,1,85,62396,tct,1.195229,0,-3.739025
audioseal,5,chinese:SSB0299,1,85,14153,mean,1.201634,0,-4.667056
audioseal,5,chinese:SSB0299,1,85,14153,tct,1.201634,0,-2.748027
audioseal,5,chinese:SSB0299,2,86,63849,mean,1.090956,0,-3.485322
audioseal,5,chinese:SSB0299,2,86,63849,tct,1.090956,0,-1.264571
audioseal,5,chinese:SSB0299,2,86,51657,mean,1.091928,0,-5.622587
audioseal,5,chinese:SSB0299,2,86,51657,tct,1.091928,0,-2.135823
audioseal,5,chinese:SSB0299,2,86,32749,mean,1.148542,0,-5.702934
audioseal,5,chinese:SSB0299,2,86,32749,tct,1.148542,0,-2.462234
audioseal,5,chinese:SSB0299,2,86,65353,mean,1.226805,0,-4.721771
audioseal,5,chinese:SSB0299,2,86,65353,tct,1.226805,0,-2.033329
audioseal,5,chinese:SSB0299,2,86,31553,mean,1.234560,0,-4.573797
audioseal,5,chinese:SSB0299,2,86,31553,tct,1.234560,0,-3.796113
audioseal,5,chinese:SSB0299,2,86,48493,mean,1.236033,0,-5.029650
audioseal,5,chinese:SSB0299,2,86,48493,tct,1.236033,0,-1.514125
audioseal,5,chinese:SSB0299,2,86,64985,mean,1.243163,0,-6.051713
audioseal,5,chinese:SSB0299,2,86,64985,tct,1.243163,0,-2.945347
audioseal,5,chinese:SSB0299,2,86,32253,mean,1.246271,0,-6.039403
audioseal,5,chinese:SSB0299,2,86,32253,tct,1.246271,0,-2.244802
audioseal,5,chinese:SSB0299,2,86,32705,mean,1.258547,0,-4.492369
audioseal,5,chinese:SSB0299,2,86,32705,tct,1.258547,0,-2.242543
audioseal,5,chinese:SSB0299,2,86,25425,mean,1.270978,0,-8.600384
audioseal,5,chinese:SSB0299,2,86,25425,tct,1.270978,0,-4.171318
audioseal,5,chinese:SSB0307,0,87,41282,mean,1.093216,0,-3.428420
audioseal,5,chinese:SSB0307,0,87,41282,tct,1.093216,0,-1.557454
audioseal,5,chinese:SSB0307,0,87,44522,mean,1.095445,0,-4.881972
audioseal,5,chinese:SSB0307,0,87,44522,tct,1.095445,0,-2.849428
audioseal,5,chinese:SSB0307,0,87,26936,mean,1.098967,0,-3.884723
audioseal,5,chinese:SSB0307,0,87,26936,tct,1.098967,0,-1.029881
audioseal,5,chinese:SSB0307,0,87,35306,mean,1.102582,0,-3.010308
audioseal,5,chinese:SSB0307,0,87,35306,tct,1.102582,0,-1.242250
audioseal,5,chinese:SSB0307,0,87,17705,mean,1.154701,0,-5.181729
audioseal,5,chinese:SSB0307,0,87,17705,tct,1.154701,0,-2.056789
audioseal,5,chinese:SSB0307,0,87,8690,mean,1.191873,0,-3.523564
audioseal,5,chinese:SSB0307,0,87,8690,tct,1.191873,0,-2.495697
audioseal,5,chinese:SSB0307,0,87,31784,mean,1.193854,0,-5.184067
audioseal,5,chinese:SSB0307,0,87,31784,tct,1.193854,0,-3.519036
audioseal,5,chinese:SSB0307,0,87,25641,mean,1.195229,0,-6.239540
audioseal,5,chinese:SSB0307,0,87,25641,tct,1.195229,0,-3.143648
audioseal,5,chinese:SSB0307,0,87,32248,mean,1.211060,0,-5.971107
audioseal,5,chinese:SSB0307,0,87,32248,tct,1.211060,0,-2.291194
audioseal,5,chinese:SSB0307,0,87,16552,mean,1.236420,0,-4.251845
audioseal,5,chinese:SSB0307,0,87,16552,tct,1.236420,0,-1.235624
audioseal,5,chinese:SSB0307,1,88,2913,mean,0.948683,0,-5.919912
audioseal,5,chinese:SSB0307,1,88,2913,tct,0.948683,0,-3.121239
audioseal,5,chinese:SSB0307,1,88,3086,mean,1.105903,0,-3.859839
audioseal,5,chinese:SSB0307,1,88,3086,tct,1.105903,0,-1.910714
audioseal,5,chinese:SSB0307,1,88,3239,mean,1.162978,0,-4.235434
audioseal,5,chinese:SSB0307,1,88,3239,tct,1.162978,0,-2.787996
audioseal,5,chinese:SSB0307,1,88,11303,mean,1.162978,0,-4.653028
audioseal,5,chinese:SSB0307,1,88,11303,tct,1.162978,0,-2.315371
audioseal,5,chinese:SSB0307,1,88,4097,mean,1.167748,0,-4.713358
audioseal,5,chinese:SSB0307,1,88,4097,tct,1.167748,0,-1.060561
audioseal,5,chinese:SSB0307,1,88,49153,mean,1.172140,0,-5.175701
audioseal,5,chinese:SSB0307,1,88,49153,tct,1.172140,0,-2.668150
audioseal,5,chinese:SSB0307,1,88,4106,mean,1.190874,0,-5.684494
audioseal,5,chinese:SSB0307,1,88,4106,tct,1.190874,0,-1.859853
audioseal,5,chinese:SSB0307,1,88,36673,mean,1.195229,0,-6.619745
audioseal,5,chinese:SSB0307,1,88,36673,tct,1.195229,0,-4.040714
audioseal,5,chinese:SSB0307,1,88,35859,mean,1.217624,0,-5.383839
audioseal,5,chinese:SSB0307,1,88,35859,tct,1.217624,0,-2.144061
audioseal,5,chinese:SSB0307,1,88,27829,mean,1.229713,0,-6.525085
audioseal,5,chinese:SSB0307,1,88,27829,tct,1.229713,0,-2.471080
audioseal,5,chinese:SSB0307,2,89,25965,mean,0.919866,0,-5.654472
audioseal,5,chinese:SSB0307,2,89,25965,tct,0.919866,0,-1.675559
audioseal,5,chinese:SSB0307,2,89,25069,mean,0.948683,0,-5.567230
audioseal,5,chinese:SSB0307,2,89,25069,tct,0.948683,0,-1.223536
audioseal,5,chinese:SSB0307,2,89,49263,mean,1.102582,0,-2.923285
audioseal,5,chinese:SSB0307,2,89,49263,tct,1.102582,0,-0.683108
audioseal,5,chinese:SSB0307,2,89,49242,mean,1.193734,0,-2.850428
audioseal,5,chinese:SSB0307,2,89,49242,tct,1.193734,0,-1.258509
audioseal,5,chinese:SSB0307,2,89,37915,mean,1.194121,0,-3.940363
audioseal,5,chinese:SSB0307,2,89,37915,tct,1.194121,0,-1.543784
audioseal,5,chinese:SSB0307,2,89,26488,mean,1.195229,0,-6.607464
audioseal,5,chinese:SSB0307,2,89,26488,tct,1.195229,0,-4.530535
audioseal,5,chinese:SSB0307,2,89,16713,mean,1.200620,0,-3.026320
audioseal,5,chinese:SSB0307,2,89,16713,tct,1.200620,0,-1.646573
audioseal,5,chinese:SSB0307,2,89,6175,mean,1.208081,0,-4.025919
audioseal,5,chinese:SSB0307,2,89,6175,tct,1.208081,0,-0.964934
audioseal,5,chinese:SSB0307,2,89,10605,mean,1.230249,0,-6.636770
audioseal,5,chinese:SSB0307,2,89,10605,tct,1.230249,0,-1.671999
audioseal,5,chinese:SSB0307,2,89,890,mean,1.237281,0,-4.516956
audioseal,5,chinese:SSB0307,2,89,890,tct,1.237281,0,-2.038735
audioseal,5,chinese:SSB0309,0,90,46915,mean,0.836660,0,-0.975207
audioseal,5,chinese:SSB0309,0,90,46915,tct,0.836660,0,-0.612513
audioseal,5,chinese:SSB0309,0,90,41928,mean,0.894427,0,-2.962446
audioseal,5,chinese:SSB0309,0,90,41928,tct,0.894427,0,-1.303401
audioseal,5,chinese:SSB0309,0,90,41934,mean,0.898717,0,-3.391969
audioseal,5,chinese:SSB0309,0,90,41934,tct,0.898717,0,-1.122998
audioseal,5,chinese:SSB0309,0,90,10664,mean,0.925820,0,-7.422184
audioseal,5,chinese:SSB0309,0,90,10664,tct,0.925820,0,-3.321075
audioseal,5,chinese:SSB0309,0,90,45899,mean,1.123345,0,-0.225606
audioseal,5,chinese:SSB0309,0,90,45899,tct,1.123345,0,-1.284308
audioseal,5,chinese:SSB0309,0,90,42306,mean,1.140175,0,-2.808469
audioseal,5,chinese:SSB0309,0,90,42306,tct,1.140175,0,-1.261333
audioseal,5,chinese:SSB0309,0,90,10697,mean,1.169795,0,-4.115346
audioseal,5,chinese:SSB0309,0,90,10697,tct,1.169795,0,-1.686991
audioseal,5,chinese:SSB0309,0,90,45944,mean,1.195229,0,-3.832143
audioseal,5,chinese:SSB0309,0,90,45944,tct,1.195229,0,-3.564494
audioseal,5,chinese:SSB0309,0,90,41950,mean,1.195229,0,-4.557490
audioseal,5,chinese:SSB0309,0,90,41950,tct,1.195229,0,-3.342281
audioseal,5,chinese:SSB0309,0,90,43467,mean,1.213954,0,-2.713146
audioseal,5,chinese:SSB0309,0,90,43467,tct,1.213954,0,-0.551079
audioseal,5,chinese:SSB0309,1,91,64111,mean,0.900269,0,-3.706129
audioseal,5,chinese:SSB0309,1,91,64111,tct,0.900269,0,-0.137186
audioseal,5,chinese:SSB0309,1,91,48751,mean,0.904534,0,-4.994356
audioseal,5,chinese:SSB0309,1,91,48751,tct,0.904534,0,-2.747162
audioseal,5,chinese:SSB0309,1,91,31441,mean,0.935414,0,-5.884805
audioseal,5,chinese:SSB0309,1,91,31441,tct,0.935414,0,-1.203593
audioseal,5,chinese:SSB0309,1,91,56025,mean,1.193058,0,-6.155534
audioseal,5,chinese:SSB0309,1,91,56025,tct,1.193058,0,-1.455884
audioseal,5,chinese:SSB0309,1,91,47242,mean,1.202561,0,-5.299913
audioseal,5,chinese:SSB0309,1,91,47242,tct,1.202561,0,-0.129502
audioseal,5,chinese:SSB0309,1,91,61035,mean,1.219172,0,-3.621246
audioseal,5,chinese:SSB0309,1,91,61035,tct,1.219172,0,-2.304582
audioseal,5,chinese:SSB0309,1,91,39567,mean,1.224745,0,-8.324272
audioseal,5,chinese:SSB0309,1,91,39567,tct,1.224745,0,-4.757262
audioseal,5,chinese:SSB0309,1,91,56911,mean,1.224745,0,-4.720034
audioseal,5,chinese:SSB0309,1,91,56911,tct,1.224745,0,-1.666359
audioseal,5,chinese:SSB0309,1,91,47697,mean,1.239727,0,-5.426340
audioseal,5,chinese:SSB0309,1,91,47697,tct,1.239727,0,-1.747709
audioseal,5,chinese:SSB0309,1,91,48081,mean,1.239749,0,-7.221949
audioseal,5,chinese:SSB0309,1,91,48081,tct,1.239749,0,-1.788151
audioseal,5,chinese:SSB0309,2,92,1365,mean,0.885061,0,-5.923050
audioseal,5,chinese:SSB0309,2,92,1365,tct,0.885061,0,-1.862345
audioseal,5,chinese:SSB0309,2,92,32354,mean,1.000000,0,-3.980211
audioseal,5,chinese:SSB0309,2,92,32354,tct,1.000000,0,-1.781878
audioseal,5,chinese:SSB0309,2,92,22626,mean,1.074172,0,-2.751703
audioseal,5,chinese:SSB0309,2,92,22626,tct,1.074172,0,-0.721955
audioseal,5,chinese:SSB0309,2,92,22630,mean,1.086042,0,-2.285421
audioseal,5,chinese:SSB0309,2,92,22630,tct,1.086042,0,-0.961934
audioseal,5,chinese:SSB0309,2,92,1013,mean,1.095445,0,-7.330164
audioseal,5,chinese:SSB0309,2,92,1013,tct,1.095445,0,-0.699954
audioseal,5,chinese:SSB0309,2,92,20344,mean,1.184840,0,-3.798902
audioseal,5,chinese:SSB0309,2,92,20344,tct,1.184840,0,-2.087422
audioseal,5,chinese:SSB0309,2,92,3381,mean,1.208941,0,-5.381644
audioseal,5,chinese:SSB0309,2,92,3381,tct,1.208941,0,-2.138542
audioseal,5,chinese:SSB0309,2,92,22871,mean,1.208941,0,-6.201244
audioseal,5,chinese:SSB0309,2,92,22871,tct,1.208941,0,-1.161284
audioseal,5,chinese:SSB0309,2,92,23766,mean,1.218070,0,-4.234608
audioseal,5,chinese:SSB0309,2,92,23766,tct,1.218070,0,-1.946657
audioseal,5,chinese:SSB0309,2,92,20336,mean,1.235442,0,-2.631531
audioseal,5,chinese:SSB0309,2,92,20336,tct,1.235442,0,-2.212857
audioseal,5,chinese:SSB0315,0,93,37211,mean,0.894427,0,-6.019691
audioseal,5,chinese:SSB0315,0,93,37211,tct,0.894427,0,-0.612147
audioseal,5,chinese:SSB0315,0,93,53789,mean,0.942809,0,-7.293464
audioseal,5,chinese:SSB0315,0,93,53789,tct,0.942809,0,-1.192898
audioseal,5,chinese:SSB0315,0,93,5465,mean,1.044466,0,-3.237557
audioseal,5,chinese:SSB0315,0,93,5465,tct,1.044466,0,-0.323182
audioseal,5,chinese:SSB0315,0,93,4123,mean,1.121224,0,-5.051471
audioseal,5,chinese:SSB0315,0,93,4123,tct,1.121224,0,-0.334142
audioseal,5,chinese:SSB0315,0,93,4479,mean,1.142080,0,-4.848563
audioseal,5,chinese:SSB0315,0,93,4479,tct,1.142080,0,-1.469820
audioseal,5,chinese:SSB0315,0,93,4167,mean,1.146423,0,-4.377414
audioseal,5,chinese:SSB0315,0,93,4167,tct,1.146423,0,-1.670363
audioseal,5,chinese:SSB0315,0,93,13659,mean,1.206045,0,-5.726410
audioseal,5,chinese:SSB0315,0,93,13659,tct,1.206045,0,-2.227831
audioseal,5,chinese:SSB0315,0,93,37393,mean,1.224745,0,-6.661747
audioseal,5,chinese:SSB0315,0,93,37393,tct,1.224745,0,-1.592173
audioseal,5,chinese:SSB0315,0,93,40465,mean,1.224745,0,-6.633918
audioseal,5,chinese:SSB0315,0,93,40465,tct,1.224745,0,-1.069581
audioseal,5,chinese:SSB0315,0,93,21613,mean,1.247219,0,-1.349092
audioseal,5,chinese:SSB0315,0,93,21613,tct,1.247219,0,-0.894758
audioseal,5,chinese:SSB0315,1,94,40072,mean,0.898342,0,-5.172373
audioseal,5,chinese:SSB0315,1,94,40072,tct,0.898342,0,-2.260080
audioseal,5,chinese:SSB0315,1,94,23392,mean,0.915960,0,-3.880149
audioseal,5,chinese:SSB0315,1,94,23392,tct,0.915960,1,0.186928
audioseal,5,chinese:SSB0315,1,94,3779,mean,1.123903,0,-7.550520
audioseal,5,chinese:SSB0315,1,94,3779,tct,1.123903,0,-5.153270
audioseal,5,chinese:SSB0315,1,94,28323,mean,1.135104,0,-6.260236
audioseal,5,chinese:SSB0315,1,94,28323,tct,1.135104,0,-1.432327
audioseal,5,chinese:SSB0315,1,94,12003,mean,1.135104,0,-7.703729
audioseal,5,chinese:SSB0315,1,94,12003,tct,1.135104,0,-2.745968
audioseal,5,chinese:SSB0315,1,94,27107,mean,1.180652,0,-7.441931
audioseal,5,chinese:SSB0315,1,94,27107,tct,1.180652,0,-2.052372
audioseal,5,chinese:SSB0315,1,94,20104,mean,1.211060,0,-5.126337
audioseal,5,chinese:SSB0315,1,94,20104,tct,1.211060,0,-3.531058
audioseal,5,chinese:SSB0315,1,94,11457,mean,1.224745,0,-6.904784
audioseal,5,chinese:SSB0315,1,94,11457,tct,1.224745,0,-3.137832
audioseal,5,chinese:SSB0315,1,94,37685,mean,1.230249,0,-11.438684
audioseal,5,chinese:SSB0315,1,94,37685,tct,1.230249,0,-2.635041
audioseal,5,chinese:SSB0315,1,94,12161,mean,1.250806,0,-9.130717
audioseal,5,chinese:SSB0315,1,94,12161,tct,1.250806,0,-2.910917
audioseal,5,chinese:SSB0315,2,95,17637,mean,0.896575,0,-2.524638
audioseal,5,chinese:SSB0315,2,95,17637,tct,0.896575,0,-0.889878
audioseal,5,chinese:SSB0315,2,95,29030,mean,0.925820,0,-2.836545
audioseal,5,chinese:SSB0315,2,95,29030,tct,0.925820,0,-1.132718
audioseal,5,chinese:SSB0315,2,95,34622,mean,0.937043,0,-8.235353
audioseal,5,chinese:SSB0315,2,95,34622,tct,0.937043,0,-3.446849
audioseal,5,chinese:SSB0315,2,95,17766,mean,1.012122,0,-1.579877
audioseal,5,chinese:SSB0315,2,95,17766,tct,1.012122,0,-0.997474
audioseal,5,chinese:SSB0315,2,95,29927,mean,1.084652,0,-3.707060
audioseal,5,chinese:SSB0315,2,95,29927,tct,1.084652,0,-1.552095
audioseal,5,chinese:SSB0315,2,95,25959,mean,1.090909,0,-2.674828
audioseal,5,chinese:SSB0315,2,95,25959,tct,1.090909,0,-1.982196
audioseal,5,chinese:SSB0315,2,95,17646,mean,1.146423,0,-3.251832
audioseal,5,chinese:SSB0315,2,95,17646,tct,1.146423,0,-1.164734
audioseal,5,chinese:SSB0315,2,95,30066,mean,1.194121,0,-4.045416
audioseal,5,chinese:SSB0315,2,95,30066,tct,1.194121,0,-2.514242
audioseal,5,chinese:SSB0315,2,95,1596,mean,1.211060,0,-6.079937
audioseal,5,chinese:SSB0315,2,95,1596,tct,1.211060,0,-2.627270
audioseal,5,chinese:SSB0315,2,95,34676,mean,1.229713,0,-5.283736
audioseal,5,chinese:SSB0315,2,95,34676,tct,1.229713,0,-3.356432
audioseal,5,chinese:SSB0316,0,96,29207,mean,1.091928,0,-3.993757
audioseal,5,chinese:SSB0316,0,96,29207,tct,1.091928,0,-0.697795
audioseal,5,chinese:SSB0316,0,96,38227,mean,1.118034,0,-2.052345
audioseal,5,chinese:SSB0316,0,96,38227,tct,1.118034,0,-1.832468
audioseal,5,chinese:SSB0316,0,96,55447,mean,1.173262,0,-3.062347
audioseal,5,chinese:SSB0316,0,96,55447,tct,1.173262,0,-1.744100
audioseal,5,chinese:SSB0316,0,96,38146,mean,1.183216,0,-2.898919
audioseal,5,chinese:SSB0316,0,96,38146,tct,1.183216,0,-0.915342
audioseal,5,chinese:SSB0316,0,96,22935,mean,1.192928,0,-4.475227
audioseal,5,chinese:SSB0316,0,96,22935,tct,1.192928,0,-1.687299
audioseal,5,chinese:SSB0316,0,96,38197,mean,1.195229,0,-3.170408
audioseal,5,chinese:SSB0316,0,96,38197,tct,1.195229,0,-2.447659
audioseal,5,chinese:SSB0316,0,96,61719,mean,1.224745,0,-3.002401
audioseal,5,chinese:SSB0316,0,96,61719,tct,1.224745,0,-2.384051
audioseal,5,chinese:SSB0316,0,96,55319,mean,1.224745,0,-1.920930
audioseal,5,chinese:SSB0316,0,96,55319,tct,1.224745,0,-0.830912
audioseal,5,chinese:SSB0316,0,96,40087,mean,1.229273,0,-2.018041
audioseal,5,chinese:SSB0316,0,96,40087,tct,1.229273,0,-1.172995
audioseal,5,chinese:SSB0316,0,96,37142,mean,1.234427,0,-3.047901
audioseal,5,chinese:SSB0316,0,96,37142,tct,1.234427,0,-1.980766
audioseal,5,chinese:SSB0316,1,97,39760,mean,0.916125,0,-6.967825
audioseal,5,chinese:SSB0316,1,97,39760,tct,0.916125,0,-0.353501
audioseal,5,chinese:SSB0316,1,97,5788,mean,0.942809,0,-8.414211
audioseal,5,chinese:SSB0316,1,97,5788,tct,0.942809,0,-1.651448
audioseal,5,chinese:SSB0316,1,97,64945,mean,1.092496,0,-5.431673
audioseal,5,chinese:SSB0316,1,97,64945,tct,1.092496,0,-0.194131
audioseal,5,chinese:SSB0316,1,97,64947,mean,1.095445,0,-6.405182
audioseal,5,chinese:SSB0316,1,97,64947,tct,1.095445,0,-0.777885
audioseal,5,chinese:SSB0316,1,97,65359,mean,1.122167,0,-8.018987
audioseal,5,chinese:SSB0316,1,97,65359,tct,1.122167,0,-0.785543
audioseal,5,chinese:SSB0316,1,97,46670,mean,1.148542,0,-8.511388
audioseal,5,chinese:SSB0316,1,97,46670,tct,1.148542,0,-2.414241
audioseal,5,chinese:SSB0316,1,97,56129,mean,1.154701,0,-5.052312
audioseal,5,chinese:SSB0316,1,97,56129,tct,1.154701,0,-3.644164
audioseal,5,chinese:SSB0316,1,97,62990,mean,1.183216,0,-7.525669
audioseal,5,chinese:SSB0316,1,97,62990,tct,1.183216,0,-0.696579
audioseal,5,chinese:SSB0316,1,97,64591,mean,1.194121,0,-6.671976
audioseal,5,chinese:SSB0316,1,97,64591,tct,1.194121,0,-1.304846
audioseal,5,chinese:SSB0316,1,97,37524,mean,1.224745,0,-7.785229
audioseal,5,chinese:SSB0316,1,97,37524,tct,1.224745,0,-1.272039
audioseal,5,chinese:SSB0316,2,98,34659,mean,0.908295,0,-3.630700
audioseal,5,chinese:SSB0316,2,98,34659,tct,0.908295,0,-1.039976
audioseal,5,chinese:SSB0316,2,98,34145,mean,0.935414,0,-3.472757
audioseal,5,chinese:SSB0316,2,98,34145,tct,0.935414,0,-1.574178
audioseal,5,chinese:SSB0316,2,98,18371,mean,1.091655,0,-4.434042
audioseal,5,chinese:SSB0316,2,98,18371,tct,1.091655,0,-0.091519
audioseal,5,chinese:SSB0316,2,98,37367,mean,1.155941,0,-5.505216
audioseal,5,chinese:SSB0316,2,98,37367,tct,1.155941,0,-0.800309
audioseal,5,chinese:SSB0316,2,98,18251,mean,1.169795,0,-5.151722
audioseal,5,chinese:SSB0316,2,98,18251,tct,1.169795,0,-1.499653
audioseal,5,chinese:SSB0316,2,98,33251,mean,1.173291,0,-3.980097
audioseal,5,chinese:SSB0316,2,98,33251,tct,1.173291,0,-2.204764
audioseal,5,chinese:SSB0316,2,98,46311,mean,1.176697,0,-4.725123
audioseal,5,chinese:SSB0316,2,98,46311,tct,1.176697,0,-0.955906
audioseal,5,chinese:SSB0316,2,98,18392,mean,1.195229,0,-7.577525
audioseal,5,chinese:SSB0316,2,98,18392,tct,1.195229,0,-2.533575
audioseal,5,chinese:SSB0316,2,98,38755,mean,1.206827,0,-2.437572
audioseal,5,chinese:SSB0316,2,98,38755,tct,1.206827,0,-1.124745
audioseal,5,chinese:SSB0316,2,98,50627,mean,1.213954,0,-3.792885
audioseal,5,chinese:SSB0316,2,98,50627,tct,1.213954,0,-1.895980
audioseal,5,chinese:SSB0323,0,99,59174,mean,0.887625,0,-2.699492
audioseal,5,chinese:SSB0323,0,99,59174,tct,0.887625,0,-0.624530
audioseal,5,chinese:SSB0323,0,99,46086,mean,0.890564,0,-4.418996
audioseal,5,chinese:SSB0323,0,99,46086,tct,0.890564,0,-0.891059
audioseal,5,chinese:SSB0323,0,99,61219,mean,1.154701,0,-5.404566
audioseal,5,chinese:SSB0323,0,99,61219,tct,1.154701,0,-2.383245
audioseal,5,chinese:SSB0323,0,99,25826,mean,1.189679,0,-1.817828
audioseal,5,chinese:SSB0323,0,99,25826,tct,1.189679,1,0.276107
audioseal,5,chinese:SSB0323,0,99,43460,mean,1.190414,0,-7.093163
audioseal,5,chinese:SSB0323,0,99,43460,tct,1.190414,0,-0.642154
audioseal,5,chinese:SSB0323,0,99,58883,mean,1.193590,0,-5.006471
audioseal,5,chinese:SSB0323,0,99,58883,tct,1.193590,0,-2.204785
audioseal,5,chinese:SSB0323,0,99,27596,mean,1.214127,0,-7.572156
audioseal,5,chinese:SSB0323,0,99,27596,tct,1.214127,0,-1.931769
audioseal,5,chinese:SSB0323,0,99,42070,mean,1.215838,0,-4.031213
audioseal,5,chinese:SSB0323,0,99,42070,tct,1.215838,0,-2.255590
audioseal,5,chinese:SSB0323,0,99,46294,mean,1.221028,0,-5.857087
audioseal,5,chinese:SSB0323,0,99,46294,tct,1.221028,0,-3.017649
audioseal,5,chinese:SSB0323,0,99,44065,mean,1.221501,0,-6.139897
audioseal,5,chinese:SSB0323,0,99,44065,tct,1.221501,0,-2.500080
audioseal,5,chinese:SSB0323,1,100,20659,mean,0.922958,0,-5.298158
audioseal,5,chinese:SSB0323,1,100,20659,tct,0.922958,0,-1.250125
audioseal,5,chinese:SSB0323,1,100,48599,mean,0.925820,0,-3.798059
audioseal,5,chinese:SSB0323,1,100,48599,tct,0.925820,0,-0.970987
audioseal,5,chinese:SSB0323,1,100,21682,mean,0.932936,0,-7.836748
audioseal,5,chinese:SSB0323,1,100,21682,tct,0.932936,0,-1.122780
audioseal,5,chinese:SSB0323,1,100,15847,mean,1.095445,0,-5.781535
audioseal,5,chinese:SSB0323,1,100,15847,tct,1.095445,0,-2.790143
audioseal,5,chinese:SSB0323,1,100,24551,mean,1.137593,0,-6.716623
audioseal,5,chinese:SSB0323,1,100,24551,tct,1.137593,0,-0.673553
audioseal,5,chinese:SSB0323,1,100,8543,mean,1.173640,0,-3.838870
audioseal,5,chinese:SSB0323,1,100,8543,tct,1.173640,0,-2.397369
audioseal,5,chinese:SSB0323,1,100,9687,mean,1.183216,0,-3.954840
audioseal,5,chinese:SSB0323,1,100,9687,tct,1.183216,0,-2.716554
audioseal,5,chinese:SSB0323,1,100,14679,mean,1.183216,0,-2.548217
audioseal,5,chinese:SSB0323,1,100,14679,tct,1.183216,0,-0.133421
audioseal,5,chinese:SSB0323,1,100,15862,mean,1.185423,0,-5.919235
audioseal,5,chinese:SSB0323,1,100,15862,tct,1.185423,0,-4.727095
audioseal,5,chinese:SSB0323,1,100,23532,mean,1.218142,0,-8.414014
audioseal,5,chinese:SSB0323,1,100,23532,tct,1.218142,0,-0.675656
audioseal,5,chinese:SSB0323,2,101,33576,mean,0.893467,0,-5.958719
audioseal,5,chinese:SSB0323,2,101,33576,tct,0.893467,0,-1.906307
audioseal,5,chinese:SSB0323,2,101,41512,mean,0.902485,0,-6.358881
audioseal,5,chinese:SSB0323,2,101,41512,tct,0.902485,0,-1.432515
audioseal,5,chinese:SSB0323,2,101,42792,mean,0.918837,0,-6.219095
audioseal,5,chinese:SSB0323,2,101,42792,tct,0.918837,0,-2.680591
audioseal,5,chinese:SSB0323,2,101,10094,mean,1.138550,0,-2.855141
audioseal,5,chinese:SSB0323,2,101,10094,tct,1.138550,0,-1.264369
audioseal,5,chinese:SSB0323,2,101,51174,mean,1.173788,0,-2.725301
audioseal,5,chinese:SSB0323,2,101,51174,tct,1.173788,0,-1.388232
audioseal,5,chinese:SSB0323,2,101,34630,mean,1.180442,0,-2.042240
audioseal,5,chinese:SSB0323,2,101,34630,tct,1.180442,0,-1.233094
audioseal,5,chinese:SSB0323,2,101,58948,mean,1.203314,0,-4.052789
audioseal,5,chinese:SSB0323,2,101,58948,tct,1.203314,0,-2.445474
audioseal,5,chinese:SSB0323,2,101,52950,mean,1.219756,0,-5.056428
audioseal,5,chinese:SSB0323,2,101,52950,tct,1.219756,0,-1.927054
audioseal,5,chinese:SSB0323,2,101,26210,mean,1.219756,0,-3.347362
audioseal,5,chinese:SSB0323,2,101,26210,tct,1.219756,0,-1.264321
audioseal,5,chinese:SSB0323,2,101,53848,mean,1.227513,0,-7.274029
audioseal,5,chinese:SSB0323,2,101,53848,tct,1.227513,0,-1.509747
audioseal,5,chinese:SSB0338,0,102,29450,mean,0.940875,0,-7.428357
audioseal,5,chinese:SSB0338,0,102,29450,tct,0.940875,0,-1.991815
audioseal,5,chinese:SSB0338,0,102,29392,mean,1.095445,0,-2.479788
audioseal,5,chinese:SSB0338,0,102,29392,tct,1.095445,0,-1.176307
audioseal,5,chinese:SSB0338,0,102,30804,mean,1.167748,0,-1.726821
audioseal,5,chinese:SSB0338,0,102,30804,tct,1.167748,0,-0.584598
audioseal,5,chinese:SSB0338,0,102,43513,mean,1.167748,0,-6.455707
audioseal,5,chinese:SSB0338,0,102,43513,tct,1.167748,0,-1.382969
audioseal,5,chinese:SSB0338,0,102,23248,mean,1.192570,0,-2.013424
audioseal,5,chinese:SSB0338,0,102,23248,tct,1.192570,0,-0.992237
audioseal,5,chinese:SSB0338,0,102,29266,mean,1.193734,0,-3.938251
audioseal,5,chinese:SSB0338,0,102,29266,tct,1.193734,0,-0.673610
audioseal,5,chinese:SSB0338,0,102,21072,mean,1.193734,0,-3.370942
audioseal,5,chinese:SSB0338,0,102,21072,tct,1.193734,0,-1.593364
audioseal,5,chinese:SSB0338,0,102,48093,mean,1.193734,0,-7.393715
audioseal,5,chinese:SSB0338,0,102,48093,tct,1.193734,1,0.963419
audioseal,5,chinese:SSB0338,0,102,48117,mean,1.193734,0,-5.863275
audioseal,5,chinese:SSB0338,0,102,48117,tct,1.193734,0,-2.857731
audioseal,5,chinese:SSB0338,0,102,4178,mean,1.224745,0,-4.934215
audioseal,5,chinese:SSB0338,0,102,4178,tct,1.224745,0,-2.975907
audioseal,5,chinese:SSB0338,1,103,63625,mean,0.807573,0,-1.351028
audioseal,5,chinese:SSB0338,1,103,63625,tct,0.807573,1,0.431531
audioseal,5,chinese:SSB0338,1,103,63681,mean,0.860663,0,-1.659295
audioseal,5,chinese:SSB0338,1,103,63681,tct,0.860663,1,0.009276
audioseal,5,chinese:SSB0338,1,103,61497,mean,0.873589,0,-2.600254
audioseal,5,chinese:SSB0338,1,103,61497,tct,0.873589,0,-0.227534
audioseal,5,chinese:SSB0338,1,103,37399,mean,0.887954,0,-4.786819
audioseal,5,chinese:SSB0338,1,103,37399,tct,0.887954,0,-0.089461
audioseal,5,chinese:SSB0338,1,103,55553,mean,0.908295,0,-1.095318
audioseal,5,chinese:SSB0338,1,103,55553,tct,0.908295,0,-1.223901
audioseal,5,chinese:SSB0338,1,103,39297,mean,0.910927,0,-2.175331
audioseal,5,chinese:SSB0338,1,103,39297,tct,0.910927,0,-1.447704
audioseal,5,chinese:SSB0338,1,103,63617,mean,0.973089,0,-0.378926
audioseal,5,chinese:SSB0338,1,103,63617,tct,0.973089,0,-0.079043
audioseal,5,chinese:SSB0338,1,103,53265,mean,1.095445,0,-0.697784
audioseal,5,chinese:SSB0338,1,103,53265,tct,1.095445,1,0.491727
audioseal,5,chinese:SSB0338,1,103,53821,mean,1.176697,0,-4.054535
audioseal,5,chinese:SSB0338,1,103,53821,tct,1.176697,0,-1.838095
audioseal,5,chinese:SSB0338,1,103,62249,mean,1.195229,0,-3.960928
audioseal,5,chinese:SSB0338,1,103,62249,tct,1.195229,0,-1.566730
audioseal,5,chinese:SSB0338,2,104,15926,mean,0.828654,0,-2.985212
audioseal,5,chinese:SSB0338,2,104,15926,tct,0.828654,1,0.051133
audioseal,5,chinese:SSB0338,2,104,15888,mean,0.848528,0,-2.396021
audioseal,5,chinese:SSB0338,2,104,15888,tct,0.848528,0,-0.030450
audioseal,5,chinese:SSB0338,2,104,32517,mean,0.908002,0,-3.441007
audioseal,5,chinese:SSB0338,2,104,32517,tct,0.908002,0,-0.914512
audioseal,5,chinese:SSB0338,2,104,16246,mean,0.912871,0,-5.318704
audioseal,5,chinese:SSB0338,2,104,16246,tct,0.912871,0,-1.100068
audioseal,5,chinese:SSB0338,2,104,15920,mean,0.975100,0,-3.273285
audioseal,5,chinese:SSB0338,2,104,15920,tct,0.975100,1,0.517882
audioseal,5,chinese:SSB0338,2,104,14864,mean,1.174626,0,-2.609511
audioseal,5,chinese:SSB0338,2,104,14864,tct,1.174626,0,-2.620115
audioseal,5,chinese:SSB0338,2,104,16025,mean,1.193734,0,-3.336793
audioseal,5,chinese:SSB0338,2,104,16025,tct,1.193734,0,-2.445592
audioseal,5,chinese:SSB0338,2,104,10896,mean,1.195229,0,-5.098733
audioseal,5,chinese:SSB0338,2,104,10896,tct,1.195229,0,-5.354969
audioseal,5,chinese:SSB0338,2,104,5660,mean,1.195229,0,-4.253275
audioseal,5,chinese:SSB0338,2,104,5660,tct,1.195229,0,-2.749746
audioseal,5,chinese:SSB0338,2,104,11892,mean,1.218142,0,-4.781151
audioseal,5,chinese:SSB0338,2,104,11892,tct,1.218142,0,-1.627602
audioseal,5,chinese:SSB0339,0,105,32870,mean,0.897758,0,-10.608928
audioseal,5,chinese:SSB0339,0,105,32870,tct,0.897758,0,-0.698970
audioseal,5,chinese:SSB0339,0,105,1792,mean,0.905357,0,-8.602016
audioseal,5,chinese:SSB0339,0,105,1792,tct,0.905357,0,-0.935896
audioseal,5,chinese:SSB0339,0,105,59925,mean,0.929622,0,-3.515402
audioseal,5,chinese:SSB0339,0,105,59925,tct,0.929622,0,-1.300008
audioseal,5,chinese:SSB0339,0,105,792,mean,1.178511,0,-6.233177
audioseal,5,chinese:SSB0339,0,105,792,tct,1.178511,0,-1.037051
audioseal,5,chinese:SSB0339,0,105,7969,mean,1.195229,0,-8.568651
audioseal,5,chinese:SSB0339,0,105,7969,tct,1.195229,0,-3.496408
audioseal,5,chinese:SSB0339,0,105,63541,mean,1.217631,0,-5.725767
audioseal,5,chinese:SSB0339,0,105,63541,tct,1.217631,0,-2.519561
audioseal,5,chinese:SSB0339,0,105,53348,mean,1.232883,0,-10.061276
audioseal,5,chinese:SSB0339,0,105,53348,tct,1.232883,0,-0.606249
audioseal,5,chinese:SSB0339,0,105,51238,mean,1.232883,0,-10.421839
audioseal,5,chinese:SSB0339,0,105,51238,tct,1.232883,0,-1.209494
audioseal,5,chinese:SSB0339,0,105,15652,mean,1.256327,0,-8.409464
audioseal,5,chinese:SSB0339,0,105,15652,tct,1.256327,0,-2.435713
audioseal,5,chinese:SSB0339,0,105,18200,mean,1.274755,0,-8.452488
audioseal,5,chinese:SSB0339,0,105,18200,tct,1.274755,0,-2.083852
audioseal,5,chinese:SSB0339,1,106,47964,mean,0.907198,0,-2.299859
audioseal,5,chinese:SSB0339,1,106,47964,tct,0.907198,0,-0.931886
audioseal,5,chinese:SSB0339,1,106,60821,mean,0.925820,0,-3.942945
audioseal,5,chinese:SSB0339,1,106,60821,tct,0.925820,0,-1.310348
audioseal,5,chinese:SSB0339,1,106,40020,mean,0.925820,0,-5.222155
audioseal,5,chinese:SSB0339,1,106,40020,tct,0.925820,0,-0.306022
audioseal,5,chinese:SSB0339,1,106,27029,mean,1.000000,0,-4.236464
audioseal,5,chinese:SSB0339,1,106,27029,tct,1.000000,0,-1.526041
audioseal,5,chinese:SSB0339,1,106,45913,mean,1.092906,0,-3.495994
audioseal,5,chinese:SSB0339,1,106,45913,tct,1.092906,0,-1.134854
audioseal,5,chinese:SSB0339,1,106,38996,mean,1.193641,0,-3.895057
audioseal,5,chinese:SSB0339,1,106,38996,tct,1.193641,0,-0.515957
audioseal,5,chinese:SSB0339,1,106,48988,mean,1.195229,0,-3.626956
audioseal,5,chinese:SSB0339,1,106,48988,tct,1.195229,0,-1.955967
audioseal,5,chinese:SSB0339,1,106,43409,mean,1.200775,0,-3.137785
audioseal,5,chinese:SSB0339,1,106,43409,tct,1.200775,0,-2.222962
audioseal,5,chinese:SSB0339,1,106,60181,mean,1.201850,0,-3.204800
audioseal,5,chinese:SSB0339,1,106,60181,tct,1.201850,0,-1.060699
audioseal,5,chinese:SSB0339,1,106,57701,mean,1.224745,0,-5.249628
audioseal,5,chinese:SSB0339,1,106,57701,tct,1.224745,0,-1.545096
audioseal,5,chinese:SSB0339,2,107,37174,mean,0.908295,0,-2.497979
audioseal,5,chinese:SSB0339,2,107,37174,tct,0.908295,0,-1.420949
audioseal,5,chinese:SSB0339,2,107,45334,mean,1.000000,0,-2.367969
audioseal,5,chinese:SSB0339,2,107,45334,tct,1.000000,0,-1.272956
audioseal,5,chinese:SSB0339,2,107,4959,mean,1.000000,0,-3.586648
audioseal,5,chinese:SSB0339,2,107,4959,tct,1.000000,0,-1.497222
audioseal,5,chinese:SSB0339,2,107,342,mean,1.154701,0,-2.331846
audioseal,5,chinese:SSB0339,2,107,342,tct,1.154701,0,-1.372818
audioseal,5,chinese:SSB0339,2,107,33110,mean,1.159799,0,-2.535045
audioseal,5,chinese:SSB0339,2,107,33110,tct,1.159799,0,-2.270824
audioseal,5,chinese:SSB0339,2,107,35094,mean,1.188177,0,-1.489371
audioseal,5,chinese:SSB0339,2,107,35094,tct,1.188177,0,-1.303143
audioseal,5,chinese:SSB0339,2,107,3566,mean,1.189983,0,-5.477175
audioseal,5,chinese:SSB0339,2,107,3566,tct,1.189983,0,-2.393214
audioseal,5,chinese:SSB0339,2,107,4380,mean,1.195229,0,-2.335796
audioseal,5,chinese:SSB0339,2,107,4380,tct,1.195229,0,-1.086370
audioseal,5,chinese:SSB0339,2,107,3514,mean,1.195229,0,-5.114643
audioseal,5,chinese:SSB0339,2,107,3514,tct,1.195229,0,-3.115791
audioseal,5,chinese:SSB0339,2,107,37136,mean,1.206045,0,-2.917483
audioseal,5,chinese:SSB0339,2,107,37136,tct,1.206045,0,-1.433736
audioseal,5,chinese:SSB0341,0,108,40218,mean,0.861357,0,-1.132818
audioseal,5,chinese:SSB0341,0,108,40218,tct,0.861357,0,-0.687457
audioseal,5,chinese:SSB0341,0,108,40350,mean,0.873062,0,-1.201352
audioseal,5,chinese:SSB0341,0,108,40350,tct,0.873062,0,-0.801096
audioseal,5,chinese:SSB0341,0,108,7578,mean,0.887625,0,-1.619698
audioseal,5,chinese:SSB0341,0,108,7578,tct,0.887625,0,-0.893719
audioseal,5,chinese:SSB0341,0,108,10639,mean,1.000000,0,-5.526607
audioseal,5,chinese:SSB0341,0,108,10639,tct,1.000000,0,-1.489393
audioseal,5,chinese:SSB0341,0,108,47519,mean,1.138267,0,-3.777350
audioseal,5,chinese:SSB0341,0,108,47519,tct,1.138267,0,-4.218493
audioseal,5,chinese:SSB0341,0,108,64922,mean,1.167748,0,-1.642574
audioseal,5,chinese:SSB0341,0,108,64922,tct,1.167748,0,-1.890175
audioseal,5,chinese:SSB0341,0,108,48394,mean,1.179536,0,-1.878231
audioseal,5,chinese:SSB0341,0,108,48394,tct,1.179536,0,-1.187167
audioseal,5,chinese:SSB0341,0,108,7642,mean,1.193416,0,-2.807110
audioseal,5,chinese:SSB0341,0,108,7642,tct,1.193416,0,-1.319762
audioseal,5,chinese:SSB0341,0,108,39386,mean,1.193416,0,-3.497861
audioseal,5,chinese:SSB0341,0,108,39386,tct,1.193416,0,-2.198311
audioseal,5,chinese:SSB0341,0,108,62735,mean,1.201850,0,-3.600876
audioseal,5,chinese:SSB0341,0,108,62735,tct,1.201850,0,-1.435857
audioseal,5,chinese:SSB0341,1,109,48443,mean,1.167748,0,-7.071649
audioseal,5,chinese:SSB0341,1,109,48443,tct,1.167748,0,-0.633067
audioseal,5,chinese:SSB0341,1,109,2632,mean,1.178911,0,-5.560498
audioseal,5,chinese:SSB0341,1,109,2632,tct,1.178911,0,-2.687442
audioseal,5,chinese:SSB0341,1,109,23116,mean,1.186077,0,-5.537190
audioseal,5,chinese:SSB0341,1,109,23116,tct,1.186077,0,-2.111624
audioseal,5,chinese:SSB0341,1,109,46962,mean,1.193665,0,-6.659585
audioseal,5,chinese:SSB0341,1,109,46962,tct,1.193665,0,-2.892920
audioseal,5,chinese:SSB0341,1,109,3135,mean,1.200282,0,-5.719670
audioseal,5,chinese:SSB0341,1,109,3135,tct,1.200282,0,-1.821568
audioseal,5,chinese:SSB0341,1,109,2089,mean,1.200282,0,-5.165290
audioseal,5,chinese:SSB0341,1,109,2089,tct,1.200282,0,-0.710999
audioseal,5,chinese:SSB0341,1,109,44602,mean,1.216089,0,-7.310200
audioseal,5,chinese:SSB0341,1,109,44602,tct,1.216089,0,-1.590786
audioseal,5,chinese:SSB0341,1,109,16363,mean,1.216798,0,-6.189465
audioseal,5,chinese:SSB0341,1,109,16363,tct,1.216798,0,-2.199947
audioseal,5,chinese:SSB0341,1,109,60735,mean,1.230176,0,-9.376473
audioseal,5,chinese:SSB0341,1,109,60735,tct,1.230176,0,-2.053271
audioseal,5,chinese:SSB0341,1,109,48703,mean,1.230176,0,-8.152602
audioseal,5,chinese:SSB0341,1,109,48703,tct,1.230176,0,-1.079513
audioseal,5,chinese:SSB0341,2,110,42798,mean,0.908514,0,-9.517066
audioseal,5,chinese:SSB0341,2,110,42798,tct,0.908514,0,-0.757540
audioseal,5,chinese:SSB0341,2,110,48548,mean,0.925820,0,-7.328639
audioseal,5,chinese:SSB0341,2,110,48548,tct,0.925820,0,-0.557938
audioseal,5,chinese:SSB0341,2,110,48580,mean,0.948683,0,-7.225521
audioseal,5,chinese:SSB0341,2,110,48580,tct,0.948683,0,-2.208168
audioseal,5,chinese:SSB0341,2,110,21328,mean,1.148542,0,-5.129839
audioseal,5,chinese:SSB0341,2,110,21328,tct,1.148542,0,-1.283521
audioseal,5,chinese:SSB0341,2,110,29974,mean,1.154701,0,-3.932174
audioseal,5,chinese:SSB0341,2,110,29974,tct,1.154701,0,-0.496175
audioseal,5,chinese:SSB0341,2,110,15750,mean,1.154701,0,-6.794011
audioseal,5,chinese:SSB0341,2,110,15750,tct,1.154701,0,-0.881155
audioseal,5,chinese:SSB0341,2,110,52021,mean,1.159423,0,-3.893920
audioseal,5,chinese:SSB0341,2,110,52021,tct,1.159423,0,-2.278308
audioseal,5,chinese:SSB0341,2,110,47364,mean,1.178159,0,-3.517741
audioseal,5,chinese:SSB0341,2,110,47364,tct,1.178159,0,-1.326489
audioseal,5,chinese:SSB0341,2,110,23413,mean,1.178911,0,-3.941035
audioseal,5,chinese:SSB0341,2,110,23413,tct,1.178911,0,-1.168958
audioseal,5,chinese:SSB0341,2,110,27197,mean,1.220032,0,-4.424074
audioseal,5,chinese:SSB0341,2,110,27197,tct,1.220032,0,-2.196321
audioseal,5,chinese:SSB0342,0,111,6591,mean,0.866025,0,-3.330308
audioseal,5,chinese:SSB0342,0,111,6591,tct,0.866025,0,-1.080351
audioseal,5,chinese:SSB0342,0,111,32769,mean,0.894427,0,-5.074073
audioseal,5,chinese:SSB0342,0,111,32769,tct,0.894427,0,-0.472581
audioseal,5,chinese:SSB0342,0,111,23199,mean,0.942809,0,-4.352135
audioseal,5,chinese:SSB0342,0,111,23199,tct,0.942809,0,-1.858183
audioseal,5,chinese:SSB0342,0,111,25334,mean,0.942809,0,-8.814522
audioseal,5,chinese:SSB0342,0,111,25334,tct,0.942809,0,-3.283217
audioseal,5,chinese:SSB0342,0,111,20511,mean,1.012024,0,-0.967222
audioseal,5,chinese:SSB0342,0,111,20511,tct,1.012024,1,0.365622
audioseal,5,chinese:SSB0342,0,111,36907,mean,1.060660,0,-2.258096
audioseal,5,chinese:SSB0342,0,111,36907,tct,1.060660,0,-1.212660
audioseal,5,chinese:SSB0342,0,111,36873,mean,1.095445,0,-3.231735
audioseal,5,chinese:SSB0342,0,111,36873,tct,1.095445,0,-0.782316
audioseal,5,chinese:SSB0342,0,111,22551,mean,1.188230,0,-2.437922
audioseal,5,chinese:SSB0342,0,111,22551,tct,1.188230,0,-1.330862
audioseal,5,chinese:SSB0342,0,111,23071,mean,1.201478,0,-3.155332
audioseal,5,chinese:SSB0342,0,111,23071,tct,1.201478,0,-1.208882
audioseal,5,chinese:SSB0342,0,111,16543,mean,1.201561,0,-3.483861
audioseal,5,chinese:SSB0342,0,111,16543,tct,1.201561,0,-2.126481
audioseal,5,chinese:SSB0342,1,112,19793,mean,0.873589,0,-5.937386
audioseal,5,chinese:SSB0342,1,112,19793,tct,0.873589,0,-1.103059
audioseal,5,chinese:SSB0342,1,112,21081,mean,0.903211,0,-7.764235
audioseal,5,chinese:SSB0342,1,112,21081,tct,0.903211,0,-1.520193
audioseal,5,chinese:SSB0342,1,112,22361,mean,0.903211,0,-7.739325
audioseal,5,chinese:SSB0342,1,112,22361,tct,0.903211,0,-1.873595
audioseal,5,chinese:SSB0342,1,112,15191,mean,0.904534,0,-12.405500
audioseal,5,chinese:SSB0342,1,112,15191,tct,0.904534,0,-1.793058
audioseal,5,chinese:SSB0342,1,112,24192,mean,0.911239,0,-4.776981
audioseal,5,chinese:SSB0342,1,112,24192,tct,0.911239,0,-2.700417
audioseal,5,chinese:SSB0342,1,112,28113,mean,0.925820,0,-8.789086
audioseal,5,chinese:SSB0342,1,112,28113,tct,0.925820,0,-2.219767
audioseal,5,chinese:SSB0342,1,112,53797,mean,0.942809,0,-7.324652
audioseal,5,chinese:SSB0342,1,112,53797,tct,0.942809,0,-1.369151
audioseal,5,chinese:SSB0342,1,112,31057,mean,1.071346,0,-7.410494
audioseal,5,chinese:SSB0342,1,112,31057,tct,1.071346,1,0.390336
audioseal,5,chinese:SSB0342,1,112,25945,mean,1.154701,0,-9.587452
audioseal,5,chinese:SSB0342,1,112,25945,tct,1.154701,0,-2.466654
audioseal,5,chinese:SSB0342,1,112,54081,mean,1.157921,0,-6.991266
audioseal,5,chinese:SSB0342,1,112,54081,tct,1.157921,0,-2.486737
audioseal,5,chinese:SSB0342,2,113,64393,mean,0.877195,0,-2.250560
audioseal,5,chinese:SSB0342,2,113,64393,tct,0.877195,1,0.064343
audioseal,5,chinese:SSB0342,2,113,65433,mean,0.894427,0,-4.378613
audioseal,5,chinese:SSB0342,2,113,65433,tct,0.894427,0,-0.865554
audioseal,5,chinese:SSB0342,2,113,16586,mean,0.924416,0,-7.282999
audioseal,5,chinese:SSB0342,2,113,16586,tct,0.924416,0,-3.212132
audioseal,5,chinese:SSB0342,2,113,44937,mean,1.090885,0,-3.939065
audioseal,5,chinese:SSB0342,2,113,44937,tct,1.090885,0,-1.604906
audioseal,5,chinese:SSB0342,2,113,31129,mean,1.176697,0,-3.375027
audioseal,5,chinese:SSB0342,2,113,31129,tct,1.176697,0,-0.341958
audioseal,5,chinese:SSB0342,2,113,48385,mean,1.188354,0,-1.652013
audioseal,5,chinese:SSB0342,2,113,48385,tct,1.188354,0,-1.116027
audioseal,5,chinese:SSB0342,2,113,32237,mean,1.202561,0,-5.103468
audioseal,5,chinese:SSB0342,2,113,32237,tct,1.202561,0,-1.377702
audioseal,5,chinese:SSB0342,2,113,43521,mean,1.213272,0,-3.018686
audioseal,5,chinese:SSB0342,2,113,43521,tct,1.213272,0,-1.491415
audioseal,5,chinese:SSB0342,2,113,65297,mean,1.224745,0,-4.319876
audioseal,5,chinese:SSB0342,2,113,65297,tct,1.224745,0,-0.563793
audioseal,5,chinese:SSB0342,2,113,52121,mean,1.224745,0,-5.669470
audioseal,5,chinese:SSB0342,2,113,52121,tct,1.224745,0,-2.219015
audioseal,5,chinese:SSB0354,0,114,44287,mean,0.922958,0,-4.335975
audioseal,5,chinese:SSB0354,0,114,44287,tct,0.922958,0,-1.041450
audioseal,5,chinese:SSB0354,0,114,10964,mean,0.934353,0,-7.358706
audioseal,5,chinese:SSB0354,0,114,10964,tct,0.934353,0,-2.216662
audioseal,5,chinese:SSB0354,0,114,15686,mean,0.942809,0,-3.433133
audioseal,5,chinese:SSB0354,0,114,15686,tct,0.942809,0,-1.826118
audioseal,5,chinese:SSB0354,0,114,60203,mean,0.944089,0,-6.852784
audioseal,5,chinese:SSB0354,0,114,60203,tct,0.944089,0,-1.510456
audioseal,5,chinese:SSB0354,0,114,44390,mean,1.128152,0,-0.704848
audioseal,5,chinese:SSB0354,0,114,44390,tct,1.128152,0,-1.257586
audioseal,5,chinese:SSB0354,0,114,43133,mean,1.176001,0,-4.656234
audioseal,5,chinese:SSB0354,0,114,43133,tct,1.176001,0,-0.413423
audioseal,5,chinese:SSB0354,0,114,48510,mean,1.195229,0,-3.030416
audioseal,5,chinese:SSB0354,0,114,48510,tct,1.195229,0,-1.828913
audioseal,5,chinese:SSB0354,0,114,48487,mean,1.195229,0,-2.308621
audioseal,5,chinese:SSB0354,0,114,48487,tct,1.195229,0,-1.339794
audioseal,5,chinese:SSB0354,0,114,48484,mean,1.195229,0,-1.822581
audioseal,5,chinese:SSB0354,0,114,48484,tct,1.195229,0,-1.013789
audioseal,5,chinese:SSB0354,0,114,48998,mean,1.220538,0,-2.182718
audioseal,5,chinese:SSB0354,0,114,48998,tct,1.220538,0,-1.177819
audioseal,5,chinese:SSB0354,1,115,38380,mean,0.935414,0,-1.450689
audioseal,5,chinese:SSB0354,1,115,38380,tct,0.935414,0,-0.934467
audioseal,5,chinese:SSB0354,1,115,1042,mean,0.948683,0,-8.985901
audioseal,5,chinese:SSB0354,1,115,1042,tct,0.948683,0,-3.115892
audioseal,5,chinese:SSB0354,1,115,39101,mean,0.948683,0,-3.938380
audioseal,5,chinese:SSB0354,1,115,39101,tct,0.948683,0,-1.347926
audioseal,5,chinese:SSB0354,1,115,37611,mean,1.139928,0,-3.166785
audioseal,5,chinese:SSB0354,1,115,37611,tct,1.139928,0,-1.574667
audioseal,5,chinese:SSB0354,1,115,58731,mean,1.194249,0,-5.105527
audioseal,5,chinese:SSB0354,1,115,58731,tct,1.194249,0,-1.720899
audioseal,5,chinese:SSB0354,1,115,24939,mean,1.194249,0,-6.160126
audioseal,5,chinese:SSB0354,1,115,24939,tct,1.194249,0,-0.998249
audioseal,5,chinese:SSB0354,1,115,17555,mean,1.241364,0,-8.060552
audioseal,5,chinese:SSB0354,1,115,17555,tct,1.241364,0,-4.177427
audioseal,5,chinese:SSB0354,1,115,45225,mean,1.258997,0,-1.947300
audioseal,5,chinese:SSB0354,1,115,45225,tct,1.258997,0,-0.527527
audioseal,5,chinese:SSB0354,1,115,25945,mean,1.264911,0,-7.251108
audioseal,5,chinese:SSB0354,1,115,25945,tct,1.264911,0,-4.452179
audioseal,5,chinese:SSB0354,1,115,55529,mean,1.264911,0,-2.373062
audioseal,5,chinese:SSB0354,1,115,55529,tct,1.264911,0,-0.892641
audioseal,5,chinese:SSB0354,2,116,57472,mean,1.087115,0,-5.753055
audioseal,5,chinese:SSB0354,2,116,57472,tct,1.087115,0,-1.956745
audioseal,5,chinese:SSB0354,2,116,24837,mean,1.113338,0,-2.222885
audioseal,5,chinese:SSB0354,2,116,24837,tct,1.113338,0,-1.514224
audioseal,5,chinese:SSB0354,2,116,33089,mean,1.123471,0,-3.742755
audioseal,5,chinese:SSB0354,2,116,33089,tct,1.123471,0,-1.330177
audioseal,5,chinese:SSB0354,2,116,41297,mean,1.142536,0,-3.326550
audioseal,5,chinese:SSB0354,2,116,41297,tct,1.142536,0,-0.381903
audioseal,5,chinese:SSB0354,2,116,25349,mean,1.203443,0,-3.151662
audioseal,5,chinese:SSB0354,2,116,25349,tct,1.203443,0,-1.603831
audioseal,5,chinese:SSB0354,2,116,41217,mean,1.213694,0,-1.380134
audioseal,5,chinese:SSB0354,2,116,41217,tct,1.213694,0,-1.254128
audioseal,5,chinese:SSB0354,2,116,34575,mean,1.216457,0,-4.532575
audioseal,5,chinese:SSB0354,2,116,34575,tct,1.216457,0,-1.182031
audioseal,5,chinese:SSB0354,2,116,25040,mean,1.218142,0,-7.812066
audioseal,5,chinese:SSB0354,2,116,25040,tct,1.218142,0,-2.819684
audioseal,5,chinese:SSB0354,2,116,35649,mean,1.228741,0,-5.566352
audioseal,5,chinese:SSB0354,2,116,35649,tct,1.228741,0,-1.221589
audioseal,5,chinese:SSB0354,2,116,34287,mean,1.244707,0,-7.394825
audioseal,5,chinese:SSB0354,2,116,34287,tct,1.244707,0,-2.282345
audioseal,5,chinese:SSB0366,0,117,18702,mean,0.829156,0,-1.904734
audioseal,5,chinese:SSB0366,0,117,18702,tct,0.829156,0,-0.250472
audioseal,5,chinese:SSB0366,0,117,52486,mean,0.866025,0,-1.971572
audioseal,5,chinese:SSB0366,0,117,52486,tct,0.866025,0,-0.610920
audioseal,5,chinese:SSB0366,0,117,53662,mean,0.908514,0,-2.634819
audioseal,5,chinese:SSB0366,0,117,53662,tct,0.908514,0,-1.257531
audioseal,5,chinese:SSB0366,0,117,18730,mean,0.920447,0,-3.132675
audioseal,5,chinese:SSB0366,0,117,18730,tct,0.920447,0,-1.613143
audioseal,5,chinese:SSB0366,0,117,16778,mean,1.085620,0,-2.187571
audioseal,5,chinese:SSB0366,0,117,16778,tct,1.085620,0,-0.809700
audioseal,5,chinese:SSB0366,0,117,54668,mean,1.086042,0,-3.735110
audioseal,5,chinese:SSB0366,0,117,54668,tct,1.086042,0,-1.420068
audioseal,5,chinese:SSB0366,0,117,53706,mean,1.176697,0,-2.940149
audioseal,5,chinese:SSB0366,0,117,53706,tct,1.176697,0,-1.457006
audioseal,5,chinese:SSB0366,0,117,19351,mean,1.190238,0,-3.562805
audioseal,5,chinese:SSB0366,0,117,19351,tct,1.190238,0,-0.610697
audioseal,5,chinese:SSB0366,0,117,50446,mean,1.195229,0,-3.660195
audioseal,5,chinese:SSB0366,0,117,50446,tct,1.195229,0,-2.096237
audioseal,5,chinese:SSB0366,0,117,53702,mean,1.218142,0,-2.144090
audioseal,5,chinese:SSB0366,0,117,53702,tct,1.218142,0,-1.239052
audioseal,5,chinese:SSB0366,1,118,56212,mean,0.855337,0,-1.963954
audioseal,5,chinese:SSB0366,1,118,56212,tct,0.855337,0,-1.282451
audioseal,5,chinese:SSB0366,1,118,56549,mean,0.886405,0,-3.003801
audioseal,5,chinese:SSB0366,1,118,56549,tct,0.886405,0,-0.025478
audioseal,5,chinese:SSB0366,1,118,64677,mean,0.917663,0,-4.689699
audioseal,5,chinese:SSB0366,1,118,64677,tct,0.917663,0,-0.990214
audioseal,5,chinese:SSB0366,1,118,64613,mean,0.942809,0,-4.547677
audioseal,5,chinese:SSB0366,1,118,64613,tct,0.942809,0,-3.236286
audioseal,5,chinese:SSB0366,1,118,51700,mean,1.139606,0,-2.648349
audioseal,5,chinese:SSB0366,1,118,51700,tct,1.139606,0,-1.453765
audioseal,5,chinese:SSB0366,1,118,45838,mean,1.154701,0,-6.834727
audioseal,5,chinese:SSB0366,1,118,45838,tct,1.154701,0,-1.530484
audioseal,5,chinese:SSB0366,1,118,64469,mean,1.179706,0,-1.789409
audioseal,5,chinese:SSB0366,1,118,64469,tct,1.179706,0,-1.355703
audioseal,5,chinese:SSB0366,1,118,65269,mean,1.194121,0,-4.319020
audioseal,5,chinese:SSB0366,1,118,65269,tct,1.194121,0,-3.406781
audioseal,5,chinese:SSB0366,1,118,62356,mean,1.209717,0,-3.413272
audioseal,5,chinese:SSB0366,1,118,62356,tct,1.209717,0,-2.046605
audioseal,5,chinese:SSB0366,1,118,30949,mean,1.221501,0,-4.083859
audioseal,5,chinese:SSB0366,1,118,30949,tct,1.221501,0,-3.903067
audioseal,5,chinese:SSB0366,2,119,60605,mean,0.942809,0,-4.342967
audioseal,5,chinese:SSB0366,2,119,60605,tct,0.942809,0,-2.438020
audioseal,5,chinese:SSB0366,2,119,64680,mean,1.023375,0,-1.484241
audioseal,5,chinese:SSB0366,2,119,64680,tct,1.023375,0,-1.062652
audioseal,5,chinese:SSB0366,2,119,63933,mean,1.082781,0,-4.885311
audioseal,5,chinese:SSB0366,2,119,63933,tct,1.082781,0,-0.845627
audioseal,5,chinese:SSB0366,2,119,64688,mean,1.092906,0,-2.301993
audioseal,5,chinese:SSB0366,2,119,64688,tct,1.092906,0,-1.251573
audioseal,5,chinese:SSB0366,2,119,64808,mean,1.146423,0,-3.292432
audioseal,5,chinese:SSB0366,2,119,64808,tct,1.146423,0,-2.126895
audioseal,5,chinese:SSB0366,2,119,64936,mean,1.195229,0,-2.543965
audioseal,5,chinese:SSB0366,2,119,64936,tct,1.195229,0,-2.031420
audioseal,5,chinese:SSB0366,2,119,27875,mean,1.196843,0,-4.987904
audioseal,5,chinese:SSB0366,2,119,27875,tct,1.196843,0,-2.780794
audioseal,5,chinese:SSB0366,2,119,62251,mean,1.207122,0,-6.397669
audioseal,5,chinese:SSB0366,2,119,62251,tct,1.207122,0,-1.361583
audioseal,5,chinese:SSB0366,2,119,64749,mean,1.216441,0,-3.127864
audioseal,5,chinese:SSB0366,2,119,64749,tct,1.216441,0,-1.380620
audioseal,5,chinese:SSB0366,2,119,53563,mean,1.218142,0,-7.107356
audioseal,5,chinese:SSB0366,2,119,53563,tct,1.218142,0,-1.402355
audioseal,5,chinese:SSB0375,0,120,19352,mean,0.924890,0,-7.543429
audioseal,5,chinese:SSB0375,0,120,19352,tct,0.924890,0,-1.617849
audioseal,5,chinese:SSB0375,0,120,16308,mean,1.085531,0,-3.053148
audioseal,5,chinese:SSB0375,0,120,16308,tct,1.085531,0,-2.058023
audioseal,5,chinese:SSB0375,0,120,31932,mean,1.085565,0,-0.878565
audioseal,5,chinese:SSB0375,0,120,31932,tct,1.085565,0,-1.097731
audioseal,5,chinese:SSB0375,0,120,32701,mean,1.095445,0,-3.708920
audioseal,5,chinese:SSB0375,0,120,32701,tct,1.095445,0,-1.049548
audioseal,5,chinese:SSB0375,0,120,31789,mean,1.154701,0,-2.068135
audioseal,5,chinese:SSB0375,0,120,31789,tct,1.154701,0,-1.039841
audioseal,5,chinese:SSB0375,0,120,32680,mean,1.170628,0,-3.003695
audioseal,5,chinese:SSB0375,0,120,32680,tct,1.170628,0,-1.743106
audioseal,5,chinese:SSB0375,0,120,14100,mean,1.178882,0,-5.468778
audioseal,5,chinese:SSB0375,0,120,14100,tct,1.178882,0,-2.663937
audioseal,5,chinese:SSB0375,0,120,28477,mean,1.180990,0,-4.985963
audioseal,5,chinese:SSB0375,0,120,28477,tct,1.180990,0,-2.239524
audioseal,5,chinese:SSB0375,0,120,14512,mean,1.217997,0,-3.187903
audioseal,5,chinese:SSB0375,0,120,14512,tct,1.217997,0,-1.968899
audioseal,5,chinese:SSB0375,0,120,11440,mean,1.221501,0,-3.281388
audioseal,5,chinese:SSB0375,0,120,11440,tct,1.221501,0,-2.602238
audioseal,5,chinese:SSB0375,1,121,9304,mean,0.891556,0,-3.257875
audioseal,5,chinese:SSB0375,1,121,9304,tct,0.891556,0,-0.824449
audioseal,5,chinese:SSB0375,1,121,57887,mean,0.925820,0,-8.553753
audioseal,5,chinese:SSB0375,1,121,57887,tct,0.925820,0,-2.564712
audioseal,5,chinese:SSB0375,1,121,9496,mean,0.932505,0,-5.424454
audioseal,5,chinese:SSB0375,1,121,9496,tct,0.932505,0,-1.003589
audioseal,5,chinese:SSB0375,1,121,27158,mean,1.174440,0,-4.933153
audioseal,5,chinese:SSB0375,1,121,27158,tct,1.174440,0,-2.191268
audioseal,5,chinese:SSB0375,1,121,42362,mean,1.208941,0,-3.866567
audioseal,5,chinese:SSB0375,1,121,42362,tct,1.208941,0,-2.415521
audioseal,5,chinese:SSB0375,1,121,11601,mean,1.213760,0,-3.568649
audioseal,5,chinese:SSB0375,1,121,11601,tct,1.213760,0,-0.992253
audioseal,5,chinese:SSB0375,1,121,25946,mean,1.214177,0,-4.317711
audioseal,5,chinese:SSB0375,1,121,25946,tct,1.214177,0,-2.020264
audioseal,5,chinese:SSB0375,1,121,60436,mean,1.217161,0,-2.698341
audioseal,5,chinese:SSB0375,1,121,60436,tct,1.217161,0,-1.689384
audioseal,5,chinese:SSB0375,1,121,58942,mean,1.224745,0,-5.092735
audioseal,5,chinese:SSB0375,1,121,58942,tct,1.224745,0,-3.122555
audioseal,5,chinese:SSB0375,1,121,43102,mean,1.235222,0,-4.033756
audioseal,5,chinese:SSB0375,1,121,43102,tct,1.235222,0,-4.474957
audioseal,5,chinese:SSB0375,2,122,21076,mean,0.847699,0,-1.240746
audioseal,5,chinese:SSB0375,2,122,21076,tct,0.847699,0,-0.240123
audioseal,5,chinese:SSB0375,2,122,22738,mean,0.935414,0,-5.024732
audioseal,5,chinese:SSB0375,2,122,22738,tct,0.935414,0,-2.003385
audioseal,5,chinese:SSB0375,2,122,21028,mean,1.074172,0,-2.517087
audioseal,5,chinese:SSB0375,2,122,21028,tct,1.074172,0,-0.980723
audioseal,5,chinese:SSB0375,2,122,23238,mean,1.095445,0,-4.840147
audioseal,5,chinese:SSB0375,2,122,23238,tct,1.095445,0,-0.590472
audioseal,5,chinese:SSB0375,2,122,58912,mean,1.148913,0,-5.716353
audioseal,5,chinese:SSB0375,2,122,58912,tct,1.148913,0,-2.102245
audioseal,5,chinese:SSB0375,2,122,29284,mean,1.184840,0,-3.419813
audioseal,5,chinese:SSB0375,2,122,29284,tct,1.184840,0,-1.098907
audioseal,5,chinese:SSB0375,2,122,17988,mean,1.193956,0,-5.020362
audioseal,5,chinese:SSB0375,2,122,17988,tct,1.193956,0,-1.293717
audioseal,5,chinese:SSB0375,2,122,58964,mean,1.195229,0,-4.304606
audioseal,5,chinese:SSB0375,2,122,58964,tct,1.195229,0,-3.069115
audioseal,5,chinese:SSB0375,2,122,21252,mean,1.208941,0,-2.244056
audioseal,5,chinese:SSB0375,2,122,21252,tct,1.208941,0,-3.053292
audioseal,5,chinese:SSB0375,2,122,63000,mean,1.224745,0,-3.032152
audioseal,5,chinese:SSB0375,2,122,63000,tct,1.224745,0,-1.374384
audioseal,5,chinese:SSB0379,0,123,13236,mean,0.915811,0,-6.900813
audioseal,5,chinese:SSB0379,0,123,13236,tct,0.915811,0,-1.139611
audioseal,5,chinese:SSB0379,0,123,19411,mean,0.919549,0,-5.215766
audioseal,5,chinese:SSB0379,0,123,19411,tct,0.919549,0,-3.285395
audioseal,5,chinese:SSB0379,0,123,22134,mean,0.930949,0,-7.730147
audioseal,5,chinese:SSB0379,0,123,22134,tct,0.930949,0,-2.203533
audioseal,5,chinese:SSB0379,0,123,19533,mean,0.930949,0,-8.813540
audioseal,5,chinese:SSB0379,0,123,19533,tct,0.930949,0,-0.882647
audioseal,5,chinese:SSB0379,0,123,27757,mean,0.938736,0,-9.477490
audioseal,5,chinese:SSB0379,0,123,27757,tct,0.938736,0,-3.371790
audioseal,5,chinese:SSB0379,0,123,60375,mean,1.185498,0,-2.696952
audioseal,5,chinese:SSB0379,0,123,60375,tct,1.185498,1,0.628559
audioseal,5,chinese:SSB0379,0,123,55798,mean,1.193956,0,-6.034200
audioseal,5,chinese:SSB0379,0,123,55798,tct,1.193956,0,-1.761543
audioseal,5,chinese:SSB0379,0,123,28253,mean,1.205473,0,-6.049211
audioseal,5,chinese:SSB0379,0,123,28253,tct,1.205473,0,-1.987749
audioseal,5,chinese:SSB0379,0,123,24086,mean,1.206193,0,-4.426255
audioseal,5,chinese:SSB0379,0,123,24086,tct,1.206193,0,-2.873626
audioseal,5,chinese:SSB0379,0,123,17462,mean,1.230207,0,-7.320968
audioseal,5,chinese:SSB0379,0,123,17462,tct,1.230207,0,-1.324394
audioseal,5,chinese:SSB0379,1,124,65394,mean,0.879049,0,-5.858382
audioseal,5,chinese:SSB0379,1,124,65394,tct,0.879049,0,-1.398103
audioseal,5,chinese:SSB0379,1,124,19136,mean,0.916125,0,-6.347332
audioseal,5,chinese:SSB0379,1,124,19136,tct,0.916125,0,-1.774477
audioseal,5,chinese:SSB0379,1,124,22306,mean,1.025978,0,-3.261234
audioseal,5,chinese:SSB0379,1,124,22306,tct,1.025978,1,0.082594
audioseal,5,chinese:SSB0379,1,124,24418,mean,1.057660,0,-1.394127
audioseal,5,chinese:SSB0379,1,124,24418,tct,1.057660,0,-0.108727
audioseal,5,chinese:SSB0379,1,124,6850,mean,1.164965,0,-5.379950
audioseal,5,chinese:SSB0379,1,124,6850,tct,1.164965,0,-1.033768
audioseal,5,chinese:SSB0379,1,124,5318,mean,1.164965,0,-4.523767
audioseal,5,chinese:SSB0379,1,124,5318,tct,1.164965,0,-1.528279
audioseal,5,chinese:SSB0379,1,124,21642,mean,1.184840,0,-5.014719
audioseal,5,chinese:SSB0379,1,124,21642,tct,1.184840,0,-1.394835
audioseal,5,chinese:SSB0379,1,124,32738,mean,1.193201,0,-3.889398
audioseal,5,chinese:SSB0379,1,124,32738,tct,1.193201,0,-1.168674
audioseal,5,chinese:SSB0379,1,124,21518,mean,1.194121,0,-4.706439
audioseal,5,chinese:SSB0379,1,124,21518,tct,1.194121,0,-2.024255
audioseal,5,chinese:SSB0379,1,124,21678,mean,1.195229,0,-4.599560
audioseal,5,chinese:SSB0379,1,124,21678,tct,1.195229,0,-2.663176
audioseal,5,chinese:SSB0379,2,125,65484,mean,0.928032,0,-7.720202
audioseal,5,chinese:SSB0379,2,125,65484,tct,0.928032,0,-1.533661
audioseal,5,chinese:SSB0379,2,125,55222,mean,0.942809,0,-3.439638
audioseal,5,chinese:SSB0379,2,125,55222,tct,0.942809,0,-1.580779
audioseal,5,chinese:SSB0379,2,125,51122,mean,0.942809,0,-3.556520
audioseal,5,chinese:SSB0379,2,125,51122,tct,0.942809,0,-2.430873
audioseal,5,chinese:SSB0379,2,125,63282,mean,1.082704,0,-2.760108
audioseal,5,chinese:SSB0379,2,125,63282,tct,1.082704,1,0.018800
audioseal,5,chinese:SSB0379,2,125,41506,mean,1.154701,0,-5.121938
audioseal,5,chinese:SSB0379,2,125,41506,tct,1.154701,0,-2.151445
audioseal,5,chinese:SSB0379,2,125,27137,mean,1.241364,0,-7.569868
audioseal,5,chinese:SSB0379,2,125,27137,tct,1.241364,0,-1.547744
audioseal,5,chinese:SSB0379,2,125,58115,mean,1.242118,0,-6.262661
audioseal,5,chinese:SSB0379,2,125,58115,tct,1.242118,0,-1.984204
audioseal,5,chinese:SSB0379,2,125,55230,mean,1.247219,0,-4.655228
audioseal,5,chinese:SSB0379,2,125,55230,tct,1.247219,0,-1.949365
audioseal,5,chinese:SSB0379,2,125,51123,mean,1.247219,0,-4.933973
audioseal,5,chinese:SSB0379,2,125,51123,tct,1.247219,0,-3.846116
audioseal,5,chinese:SSB0379,2,125,46886,mean,1.249299,0,-3.996528
audioseal,5,chinese:SSB0379,2,125,46886,tct,1.249299,0,-1.615236
audioseal,5,chinese:SSB0380,0,126,34336,mean,0.909718,0,-3.014342
audioseal,5,chinese:SSB0380,0,126,34336,tct,0.909718,0,-1.165300
audioseal,5,chinese:SSB0380,0,126,24892,mean,0.937043,0,-5.577929
audioseal,5,chinese:SSB0380,0,126,24892,tct,0.937043,0,-1.390040
audioseal,5,chinese:SSB0380,0,126,59756,mean,1.063219,0,-5.106555
audioseal,5,chinese:SSB0380,0,126,59756,tct,1.063219,0,-0.581672
audioseal,5,chinese:SSB0380,0,126,45720,mean,1.093216,0,-6.190920
audioseal,5,chinese:SSB0380,0,126,45720,tct,1.093216,0,-1.100697
audioseal,5,chinese:SSB0380,0,126,41682,mean,1.093459,0,-6.368713
audioseal,5,chinese:SSB0380,0,126,41682,tct,1.093459,0,-1.158632
audioseal,5,chinese:SSB0380,0,126,41120,mean,1.148598,0,-1.119099
audioseal,5,chinese:SSB0380,0,126,41120,tct,1.148598,0,-0.829166
audioseal,5,chinese:SSB0380,0,126,57632,mean,1.151217,0,-1.659364
audioseal,5,chinese:SSB0380,0,126,57632,tct,1.151217,0,-0.103676
audioseal,5,chinese:SSB0380,0,126,42496,mean,1.203443,0,-3.390325
audioseal,5,chinese:SSB0380,0,126,42496,tct,1.203443,0,-1.713124
audioseal,5,chinese:SSB0380,0,126,41546,mean,1.211868,0,-5.215182
audioseal,5,chinese:SSB0380,0,126,41546,tct,1.211868,0,-2.614885
audioseal,5,chinese:SSB0380,0,126,33829,mean,1.224745,0,-3.888819
audioseal,5,chinese:SSB0380,0,126,33829,tct,1.224745,0,-2.414660
audioseal,5,chinese:SSB0380,1,127,65268,mean,0.864365,0,-2.900434
audioseal,5,chinese:SSB0380,1,127,65268,tct,0.864365,0,-0.236201
audioseal,5,chinese:SSB0380,1,127,30271,mean,0.887625,0,-4.473860
audioseal,5,chinese:SSB0380,1,127,30271,tct,0.887625,0,-2.180538
audioseal,5,chinese:SSB0380,1,127,65076,mean,0.904534,0,-4.792957
audioseal,5,chinese:SSB0380,1,127,65076,tct,0.904534,0,-1.029182
audioseal,5,chinese:SSB0380,1,127,65124,mean,0.910927,0,-3.368246
audioseal,5,chinese:SSB0380,1,127,65124,tct,0.910927,0,-0.683074
audioseal,5,chinese:SSB0380,1,127,15306,mean,0.929320,0,-7.803676
audioseal,5,chinese:SSB0380,1,127,15306,tct,0.929320,0,-2.151177
audioseal,5,chinese:SSB0380,1,127,5782,mean,1.000000,0,-4.649382
audioseal,5,chinese:SSB0380,1,127,5782,tct,1.000000,0,-0.955769
audioseal,5,chinese:SSB0380,1,127,48758,mean,1.148542,0,-3.644968
audioseal,5,chinese:SSB0380,1,127,48758,tct,1.148542,0,-0.712684
audioseal,5,chinese:SSB0380,1,127,16366,mean,1.159001,0,-4.025463
audioseal,5,chinese:SSB0380,1,127,16366,tct,1.159001,0,-0.781871
audioseal,5,chinese:SSB0380,1,127,16378,mean,1.185013,0,-5.472651
audioseal,5,chinese:SSB0380,1,127,16378,tct,1.185013,0,-2.610956
audioseal,5,chinese:SSB0380,1,127,30350,mean,1.197739,0,-3.743137
audioseal,5,chinese:SSB0380,1,127,30350,tct,1.197739,0,-2.136361
audioseal,5,chinese:SSB0380,2,128,47757,mean,0.935414,0,-8.012562
audioseal,5,chinese:SSB0380,2,128,47757,tct,0.935414,0,-2.055133
audioseal,5,chinese:SSB0380,2,128,42127,mean,1.137593,0,-2.958465
audioseal,5,chinese:SSB0380,2,128,42127,tct,1.137593,0,-0.849728
audioseal,5,chinese:SSB0380,2,128,9339,mean,1.140175,0,-3.222184
audioseal,5,chinese:SSB0380,2,128,9339,tct,1.140175,0,-1.243721
audioseal,5,chinese:SSB0380,2,128,42671,mean,1.154701,0,-3.002279
audioseal,5,chinese:SSB0380,2,128,42671,tct,1.154701,0,-0.505960
audioseal,5,chinese:SSB0380,2,128,42027,mean,1.191267,0,-1.941721
audioseal,5,chinese:SSB0380,2,128,42027,tct,1.191267,0,-0.869823
audioseal,5,chinese:SSB0380,2,128,9423,mean,1.191267,0,-3.106507
audioseal,5,chinese:SSB0380,2,128,9423,tct,1.191267,0,-2.232655
audioseal,5,chinese:SSB0380,2,128,42527,mean,1.193734,0,-4.077048
audioseal,5,chinese:SSB0380,2,128,42527,tct,1.193734,0,-1.713400
audioseal,5,chinese:SSB0380,2,128,9335,mean,1.195229,0,-3.458550
audioseal,5,chinese:SSB0380,2,128,9335,tct,1.195229,0,-1.439218
audioseal,5,chinese:SSB0380,2,128,24591,mean,1.215838,0,-3.065893
audioseal,5,chinese:SSB0380,2,128,24591,tct,1.215838,0,-2.795134
audioseal,5,chinese:SSB0380,2,128,13551,mean,1.219500,0,-2.845312
audioseal,5,chinese:SSB0380,2,128,13551,tct,1.219500,0,-1.629257
audioseal,5,chinese:SSB0382,0,129,27358,mean,1.150035,0,-7.420218
audioseal,5,chinese:SSB0382,0,129,27358,tct,1.150035,0,-2.019629
audioseal,5,chinese:SSB0382,0,129,25301,mean,1.154701,0,-7.674229
audioseal,5,chinese:SSB0382,0,129,25301,tct,1.154701,0,-2.844413
audioseal,5,chinese:SSB0382,0,129,27776,mean,1.168447,0,-2.461518
audioseal,5,chinese:SSB0382,0,129,27776,tct,1.168447,0,-1.635127
audioseal,5,chinese:SSB0382,0,129,18612,mean,1.201168,0,-1.570121
audioseal,5,chinese:SSB0382,0,129,18612,tct,1.201168,0,-1.393931
audioseal,5,chinese:SSB0382,0,129,60599,mean,1.213136,0,-4.575299
audioseal,5,chinese:SSB0382,0,129,60599,tct,1.213136,0,-2.359631
audioseal,5,chinese:SSB0382,0,129,27792,mean,1.218726,0,-2.942477
audioseal,5,chinese:SSB0382,0,129,27792,tct,1.218726,0,-0.488358
audioseal,5,chinese:SSB0382,0,129,52272,mean,1.219756,0,-2.701242
audioseal,5,chinese:SSB0382,0,129,52272,tct,1.219756,0,-2.116447
audioseal,5,chinese:SSB0382,0,129,26325,mean,1.224745,0,-6.585067
audioseal,5,chinese:SSB0382,0,129,26325,tct,1.224745,0,-2.523040
audioseal,5,chinese:SSB0382,0,129,53258,mean,1.230249,0,-7.717906
audioseal,5,chinese:SSB0382,0,129,53258,tct,1.230249,0,-1.565960
audioseal,5,chinese:SSB0382,0,129,56372,mean,1.247219,0,-3.050290
audioseal,5,chinese:SSB0382,0,129,56372,tct,1.247219,0,-0.984422
audioseal,5,chinese:SSB0382,1,130,7983,mean,0.809427,0,-2.245446
audioseal,5,chinese:SSB0382,1,130,7983,tct,0.809427,0,-0.863300
audioseal,5,chinese:SSB0382,1,130,4083,mean,0.855399,0,-2.020061
audioseal,5,chinese:SSB0382,1,130,4083,tct,0.855399,0,-0.892766
audioseal,5,chinese:SSB0382,1,130,61297,mean,0.907713,0,-4.549003
audioseal,5,chinese:SSB0382,1,130,61297,tct,0.907713,1,0.065853
audioseal,5,chinese:SSB0382,1,130,26481,mean,0.912871,0,-5.118286
audioseal,5,chinese:SSB0382,1,130,26481,tct,0.912871,0,-0.455810
audioseal,5,chinese:SSB0382,1,130,58225,mean,0.948683,0,-6.659951
audioseal,5,chinese:SSB0382,1,130,58225,tct,0.948683,0,-0.737924
audioseal,5,chinese:SSB0382,1,130,12275,mean,1.153986,0,-1.904424
audioseal,5,chinese:SSB0382,1,130,12275,tct,1.153986,0,-2.358335
audioseal,5,chinese:SSB0382,1,130,44786,mean,1.158493,0,-4.048289
audioseal,5,chinese:SSB0382,1,130,44786,tct,1.158493,0,-2.104606
audioseal,5,chinese:SSB0382,1,130,65243,mean,1.208081,0,-4.195893
audioseal,5,chinese:SSB0382,1,130,65243,tct,1.208081,0,-4.423209
audioseal,5,chinese:SSB0382,1,130,44914,mean,1.213954,0,-3.162436
audioseal,5,chinese:SSB0382,1,130,44914,tct,1.213954,0,-0.781011
audioseal,5,chinese:SSB0382,1,130,5935,mean,1.217686,0,-3.298060
audioseal,5,chinese:SSB0382,1,130,5935,tct,1.217686,0,-1.193926
audioseal,5,chinese:SSB0382,2,131,45841,mean,0.922687,0,-11.497690
audioseal,5,chinese:SSB0382,2,131,45841,tct,0.922687,1,0.195458
audioseal,5,chinese:SSB0382,2,131,9879,mean,1.164965,0,-9.336319
audioseal,5,chinese:SSB0382,2,131,9879,tct,1.164965,0,-2.193941
audioseal,5,chinese:SSB0382,2,131,9668,mean,1.206045,0,-4.352552
audioseal,5,chinese:SSB0382,2,131,9668,tct,1.206045,0,-1.420280
audioseal,5,chinese:SSB0382,2,131,1158,mean,1.206045,0,-4.356159
audioseal,5,chinese:SSB0382,2,131,1158,tct,1.206045,0,-1.578693
audioseal,5,chinese:SSB0382,2,131,33101,mean,1.208941,0,-7.869270
audioseal,5,chinese:SSB0382,2,131,33101,tct,1.208941,0,-1.296158
audioseal,5,chinese:SSB0382,2,131,10700,mean,1.224745,0,-7.421009
audioseal,5,chinese:SSB0382,2,131,10700,tct,1.224745,0,-0.582049
audioseal,5,chinese:SSB0382,2,131,9862,mean,1.224745,0,-6.749407
audioseal,5,chinese:SSB0382,2,131,9862,tct,1.224745,0,-1.910439
audioseal,5,chinese:SSB0382,2,131,663,mean,1.224745,0,-8.979801
audioseal,5,chinese:SSB0382,2,131,663,tct,1.224745,0,-2.595344
audioseal,5,chinese:SSB0382,2,131,36684,mean,1.230249,0,-7.773091
audioseal,5,chinese:SSB0382,2,131,36684,tct,1.230249,0,-3.662610
audioseal,5,chinese:SSB0382,2,131,34893,mean,1.230249,0,-7.881977
audioseal,5,chinese:SSB0382,2,131,34893,tct,1.230249,0,-3.816197
audioseal,5,chinese:SSB0385,0,132,47400,mean,0.912122,0,-3.459390
audioseal,5,chinese:SSB0385,0,132,47400,tct,0.912122,0,-3.118011
audioseal,5,chinese:SSB0385,0,132,958,mean,1.093216,0,-4.085687
audioseal,5,chinese:SSB0385,0,132,958,tct,1.093216,0,-1.993271
audioseal,5,chinese:SSB0385,0,132,32125,mean,1.110875,0,-2.780232
audioseal,5,chinese:SSB0385,0,132,32125,tct,1.110875,1,0.165780
audioseal,5,chinese:SSB0385,0,132,23420,mean,1.140429,0,-1.054465
audioseal,5,chinese:SSB0385,0,132,23420,tct,1.140429,0,-0.079512
audioseal,5,chinese:SSB0385,0,132,23417,mean,1.219500,0,-2.725158
audioseal,5,chinese:SSB0385,0,132,23417,tct,1.219500,0,-1.975274
audioseal,5,chinese:SSB0385,0,132,64809,mean,1.224745,0,-5.411267
audioseal,5,chinese:SSB0385,0,132,64809,tct,1.224745,0,-1.611336
audioseal,5,chinese:SSB0385,0,132,15164,mean,1.234773,0,-0.876984
audioseal,5,chinese:SSB0385,0,132,15164,tct,1.234773,1,0.301842
audioseal,5,chinese:SSB0385,0,132,4892,mean,1.245620,0,-2.650952
audioseal,5,chinese:SSB0385,0,132,4892,tct,1.245620,0,-0.830838
audioseal,5,chinese:SSB0385,0,132,15682,mean,1.247219,0,-5.074725
audioseal,5,chinese:SSB0385,0,132,15682,tct,1.247219,0,-1.820580
audioseal,5,chinese:SSB0385,0,132,11590,mean,1.264911,0,-5.071689
audioseal,5,chinese:SSB0385,0,132,11590,tct,1.264911,0,-2.084699
audioseal,5,chinese:SSB0385,1,133,32270,mean,0.827940,0,-1.072061
audioseal,5,chinese:SSB0385,1,133,32270,tct,0.827940,1,0.135125
audioseal,5,chinese:SSB0385,1,133,29742,mean,1.140175,0,-3.159735
audioseal,5,chinese:SSB0385,1,133,29742,tct,1.140175,0,-1.392557
audioseal,5,chinese:SSB0385,1,133,21852,mean,1.164965,0,-5.218505
audioseal,5,chinese:SSB0385,1,133,21852,tct,1.164965,0,-1.354037
audioseal,5,chinese:SSB0385,1,133,32333,mean,1.177352,0,-2.196177
audioseal,5,chinese:SSB0385,1,133,32333,tct,1.177352,0,-1.659119
audioseal,5,chinese:SSB0385,1,133,56925,mean,1.195229,0,-5.338904
audioseal,5,chinese:SSB0385,1,133,56925,tct,1.195229,0,-1.582336
audioseal,5,chinese:SSB0385,1,133,54862,mean,1.213954,0,-2.423453
audioseal,5,chinese:SSB0385,1,133,54862,tct,1.213954,0,-1.933570
audioseal,5,chinese:SSB0385,1,133,5404,mean,1.224745,0,-7.766642
audioseal,5,chinese:SSB0385,1,133,5404,tct,1.224745,0,-3.631043
audioseal,5,chinese:SSB0385,1,133,4056,mean,1.246423,0,-8.581235
audioseal,5,chinese:SSB0385,1,133,4056,tct,1.246423,0,-3.647725
audioseal,5,chinese:SSB0385,1,133,28556,mean,1.270978,0,-5.079350
audioseal,5,chinese:SSB0385,1,133,28556,tct,1.270978,0,-2.115148
audioseal,5,chinese:SSB0385,1,133,32319,mean,1.273172,0,-3.902072
audioseal,5,chinese:SSB0385,1,133,32319,tct,1.273172,0,-3.154121
audioseal,5,chinese:SSB0385,2,134,25275,mean,0.937043,0,-7.926017
audioseal,5,chinese:SSB0385,2,134,25275,tct,0.937043,0,-3.797710
audioseal,5,chinese:SSB0385,2,134,38298,mean,1.000000,0,-6.845141
audioseal,5,chinese:SSB0385,2,134,38298,tct,1.000000,0,-2.272858
audioseal,5,chinese:SSB0385,2,134,46044,mean,1.176903,0,-2.601008
audioseal,5,chinese:SSB0385,2,134,46044,tct,1.176903,0,-1.350740
audioseal,5,chinese:SSB0385,2,134,58055,mean,1.177751,0,-4.870460
audioseal,5,chinese:SSB0385,2,134,58055,tct,1.177751,0,-0.320310
audioseal,5,chinese:SSB0385,2,134,34778,mean,1.185013,0,-6.531373
audioseal,5,chinese:SSB0385,2,134,34778,tct,1.185013,0,-3.622531
audioseal,5,chinese:SSB0385,2,134,4997,mean,1.190238,0,-5.516806
audioseal,5,chinese:SSB0385,2,134,4997,tct,1.190238,0,-2.343520
audioseal,5,chinese:SSB0385,2,134,17103,mean,1.191367,0,-5.865451
audioseal,5,chinese:SSB0385,2,134,17103,tct,1.191367,0,-0.545971
audioseal,5,chinese:SSB0385,2,134,58099,mean,1.195229,0,-7.527929
audioseal,5,chinese:SSB0385,2,134,58099,tct,1.195229,0,-3.711016
audioseal,5,chinese:SSB0385,2,134,22426,mean,1.195229,0,-7.156433
audioseal,5,chinese:SSB0385,2,134,22426,tct,1.195229,0,-0.959795
audioseal,5,chinese:SSB0385,2,134,17365,mean,1.215838,0,-6.255314
audioseal,5,chinese:SSB0385,2,134,17365,tct,1.215838,0,-2.647118
audioseal,5,chinese:SSB0393,0,135,62461,mean,0.925820,0,-9.248978
audioseal,5,chinese:SSB0393,0,135,62461,tct,0.925820,0,-0.877602
audioseal,5,chinese:SSB0393,0,135,29685,mean,0.935414,0,-8.867237
audioseal,5,chinese:SSB0393,0,135,29685,tct,0.935414,0,-2.682162
audioseal,5,chinese:SSB0393,0,135,62448,mean,1.074172,0,-5.754133
audioseal,5,chinese:SSB0393,0,135,62448,tct,1.074172,0,-3.846720
audioseal,5,chinese:SSB0393,0,135,37097,mean,1.147079,0,-3.485742
audioseal,5,chinese:SSB0393,0,135,37097,tct,1.147079,0,-2.901060
audioseal,5,chinese:SSB0393,0,135,43730,mean,1.166190,0,-7.041132
audioseal,5,chinese:SSB0393,0,135,43730,tct,1.166190,0,-1.699975
audioseal,5,chinese:SSB0393,0,135,53752,mean,1.176697,0,-4.564795
audioseal,5,chinese:SSB0393,0,135,53752,tct,1.176697,0,-2.855947
audioseal,5,chinese:SSB0393,0,135,61676,mean,1.195229,0,-5.327971
audioseal,5,chinese:SSB0393,0,135,61676,tct,1.195229,0,-3.347548
audioseal,5,chinese:SSB0393,0,135,35249,mean,1.195229,0,-5.491024
audioseal,5,chinese:SSB0393,0,135,35249,tct,1.195229,0,-0.633996
audioseal,5,chinese:SSB0393,0,135,62454,mean,1.208941,0,-7.967571
audioseal,5,chinese:SSB0393,0,135,62454,tct,1.208941,0,-3.786439
audioseal,5,chinese:SSB0393,0,135,39145,mean,1.224745,0,-2.442243
audioseal,5,chinese:SSB0393,0,135,39145,tct,1.224745,0,-0.180418
audioseal,5,chinese:SSB0393,1,136,4606,mean,0.910927,0,-4.137486
audioseal,5,chinese:SSB0393,1,136,4606,tct,0.910927,0,-0.999855
audioseal,5,chinese:SSB0393,1,136,47774,mean,0.935414,0,-10.053441
audioseal,5,chinese:SSB0393,1,136,47774,tct,0.935414,0,-2.454700
audioseal,5,chinese:SSB0393,1,136,39598,mean,1.086042,0,-5.552537
audioseal,5,chinese:SSB0393,1,136,39598,tct,1.086042,0,-1.590119
audioseal,5,chinese:SSB0393,1,136,17826,mean,1.163975,0,-4.298636
audioseal,5,chinese:SSB0393,1,136,17826,tct,1.163975,0,-4.355742
audioseal,5,chinese:SSB0393,1,136,6050,mean,1.172604,0,-3.260499
audioseal,5,chinese:SSB0393,1,136,6050,tct,1.172604,0,-1.376204
audioseal,5,chinese:SSB0393,1,136,39686,mean,1.176697,0,-7.623075
audioseal,5,chinese:SSB0393,1,136,39686,tct,1.176697,0,-0.590728
audioseal,5,chinese:SSB0393,1,136,48054,mean,1.178511,0,-8.138471
audioseal,5,chinese:SSB0393,1,136,48054,tct,1.178511,0,-0.104281
audioseal,5,chinese:SSB0393,1,136,39791,mean,1.185013,0,-7.832285
audioseal,5,chinese:SSB0393,1,136,39791,tct,1.185013,0,-2.085388
audioseal,5,chinese:SSB0393,1,136,37702,mean,1.201850,0,-6.427787
audioseal,5,chinese:SSB0393,1,136,37702,tct,1.201850,0,-1.890538
audioseal,5,chinese:SSB0393,1,136,46774,mean,1.209717,0,-5.798011
audioseal,5,chinese:SSB0393,1,136,46774,tct,1.209717,0,-1.442590
audioseal,5,chinese:SSB0393,2,137,12520,mean,0.913984,0,-4.123237
audioseal,5,chinese:SSB0393,2,137,12520,tct,0.913984,0,-0.222463
audioseal,5,chinese:SSB0393,2,137,12330,mean,1.158216,0,-3.143569
audioseal,5,chinese:SSB0393,2,137,12330,tct,1.158216,0,-0.985794
audioseal,5,chinese:SSB0393,2,137,8489,mean,1.158216,0,-2.962803
audioseal,5,chinese:SSB0393,2,137,8489,tct,1.158216,0,-2.574943
audioseal,5,chinese:SSB0393,2,137,2595,mean,1.158216,0,-3.438066
audioseal,5,chinese:SSB0393,2,137,2595,tct,1.158216,0,-0.913086
audioseal,5,chinese:SSB0393,2,137,545,mean,1.168697,0,-1.504226
audioseal,5,chinese:SSB0393,2,137,545,tct,1.168697,0,-0.019588
audioseal,5,chinese:SSB0393,2,137,41890,mean,1.176697,0,-4.902600
audioseal,5,chinese:SSB0393,2,137,41890,tct,1.176697,0,-2.000175
audioseal,5,chinese:SSB0393,2,137,46373,mean,1.186342,0,-4.084144
audioseal,5,chinese:SSB0393,2,137,46373,tct,1.186342,0,-1.363707
audioseal,5,chinese:SSB0393,2,137,11235,mean,1.193416,0,-5.612767
audioseal,5,chinese:SSB0393,2,137,11235,tct,1.193416,0,-0.971535
audioseal,5,chinese:SSB0393,2,137,8995,mean,1.195229,0,-2.699261
audioseal,5,chinese:SSB0393,2,137,8995,tct,1.195229,0,-2.031665
audioseal,5,chinese:SSB0393,2,137,8970,mean,1.195229,0,-5.495858
audioseal,5,chinese:SSB0393,2,137,8970,tct,1.195229,0,-2.359110
audioseal,5,chinese:SSB0394,0,138,41014,mean,0.862949,0,-4.720696
audioseal,5,chinese:SSB0394,0,138,41014,tct,0.862949,0,-0.555134
audioseal,5,chinese:SSB0394,0,138,44566,mean,0.904534,0,-6.854743
audioseal,5,chinese:SSB0394,0,138,44566,tct,0.904534,0,-0.778640
audioseal,5,chinese:SSB0394,0,138,20334,mean,0.948683,0,-5.479044
audioseal,5,chinese:SSB0394,0,138,20334,tct,0.948683,0,-1.051057
audioseal,5,chinese:SSB0394,0,138,43558,mean,1.044466,0,-3.869714
audioseal,5,chinese:SSB0394,0,138,43558,tct,1.044466,0,-0.426560
audioseal,5,chinese:SSB0394,0,138,44166,mean,1.086042,0,-5.845411
audioseal,5,chinese:SSB0394,0,138,44166,tct,1.086042,0,-0.763670
audioseal,5,chinese:SSB0394,0,138,43062,mean,1.129830,0,-4.028370
audioseal,5,chinese:SSB0394,0,138,43062,tct,1.129830,0,-1.373476
audioseal,5,chinese:SSB0394,0,138,41766,mean,1.206045,0,-4.825720
audioseal,5,chinese:SSB0394,0,138,41766,tct,1.206045,0,-1.833623
audioseal,5,chinese:SSB0394,0,138,41606,mean,1.208941,0,-6.479069
audioseal,5,chinese:SSB0394,0,138,41606,tct,1.208941,0,-3.438851
audioseal,5,chinese:SSB0394,0,138,39751,mean,1.215571,0,-3.115042
audioseal,5,chinese:SSB0394,0,138,39751,tct,1.215571,0,-0.620449
audioseal,5,chinese:SSB0394,0,138,45511,mean,1.219500,0,-5.296181
audioseal,5,chinese:SSB0394,0,138,45511,tct,1.219500,0,-1.398565
audioseal,5,chinese:SSB0394,1,139,35986,mean,0.910927,0,-6.218136
audioseal,5,chinese:SSB0394,1,139,35986,tct,0.910927,1,0.096291
audioseal,5,chinese:SSB0394,1,139,48124,mean,0.925820,0,-2.644303
audioseal,5,chinese:SSB0394,1,139,48124,tct,0.925820,0,-1.134397
audioseal,5,chinese:SSB0394,1,139,45086,mean,0.935414,0,-3.732447
audioseal,5,chinese:SSB0394,1,139,45086,tct,0.935414,0,-0.635499
audioseal,5,chinese:SSB0394,1,139,53244,mean,1.092496,0,-5.157138
audioseal,5,chinese:SSB0394,1,139,53244,tct,1.092496,0,-0.676494
audioseal,5,chinese:SSB0394,1,139,44946,mean,1.185013,0,-3.362510
audioseal,5,chinese:SSB0394,1,139,44946,tct,1.185013,0,-1.351568
audioseal,5,chinese:SSB0394,1,139,41110,mean,1.195229,0,-5.187218
audioseal,5,chinese:SSB0394,1,139,41110,tct,1.195229,0,-3.046656
audioseal,5,chinese:SSB0394,1,139,44618,mean,1.217161,0,-5.232905
audioseal,5,chinese:SSB0394,1,139,44618,tct,1.217161,0,-2.041822
audioseal,5,chinese:SSB0394,1,139,46222,mean,1.220394,0,-3.849516
audioseal,5,chinese:SSB0394,1,139,46222,tct,1.220394,0,-1.543731
audioseal,5,chinese:SSB0394,1,139,55032,mean,1.224745,0,-6.784180
audioseal,5,chinese:SSB0394,1,139,55032,tct,1.224745,0,-1.504456
audioseal,5,chinese:SSB0394,1,139,61662,mean,1.262438,0,-3.426519
audioseal,5,chinese:SSB0394,1,139,61662,tct,1.262438,0,-1.558997
audioseal,5,chinese:SSB0394,2,140,39207,mean,0.916068,0,-4.111707
audioseal,5,chinese:SSB0394,2,140,39207,tct,0.916068,0,-2.774606
audioseal,5,chinese:SSB0394,2,140,40239,mean,0.920447,0,-6.257310
audioseal,5,chinese:SSB0394,2,140,40239,tct,0.920447,0,-3.151689
audioseal,5,chinese:SSB0394,2,140,57714,mean,0.935414,0,-5.526025
audioseal,5,chinese:SSB0394,2,140,57714,tct,0.935414,0,-1.127240
audioseal,5,chinese:SSB0394,2,140,29304,mean,1.148542,0,-5.770183
audioseal,5,chinese:SSB0394,2,140,29304,tct,1.148542,0,-0.654934
audioseal,5,chinese:SSB0394,2,140,51568,mean,1.164785,0,-2.374646
audioseal,5,chinese:SSB0394,2,140,51568,tct,1.164785,0,-1.132027
audioseal,5,chinese:SSB0394,2,140,64016,mean,1.185013,0,-3.868508
audioseal,5,chinese:SSB0394,2,140,64016,tct,1.185013,1,0.279714
audioseal,5,chinese:SSB0394,2,140,56212,mean,1.190852,0,-4.369854
audioseal,5,chinese:SSB0394,2,140,56212,tct,1.190852,0,-1.395394
audioseal,5,chinese:SSB0394,2,140,58232,mean,1.193558,0,-6.875464
audioseal,5,chinese:SSB0394,2,140,58232,tct,1.193558,0,-2.809597
audioseal,5,chinese:SSB0394,2,140,58744,mean,1.193956,0,-6.587555
audioseal,5,chinese:SSB0394,2,140,58744,tct,1.193956,0,-2.166447
audioseal,5,chinese:SSB0394,2,140,57232,mean,1.220171,0,-4.514638
audioseal,5,chinese:SSB0394,2,140,57232,tct,1.220171,0,-1.777805
audioseal,5,chinese:SSB0395,0,141,50931,mean,0.948683,0,-6.035789
audioseal,5,chinese:SSB0395,0,141,50931,tct,0.948683,0,-2.048450
audioseal,5,chinese:SSB0395,0,141,54967,mean,0.983739,0,-5.431064
audioseal,5,chinese:SSB0395,0,141,54967,tct,0.983739,1,0.520411
audioseal,5,chinese:SSB0395,0,141,37126,mean,1.128152,0,-4.180224
audioseal,5,chinese:SSB0395,0,141,37126,tct,1.128152,0,-0.163848
audioseal,5,chinese:SSB0395,0,141,38176,mean,1.154701,0,-3.450656
audioseal,5,chinese:SSB0395,0,141,38176,tct,1.154701,0,-1.081403
audioseal,5,chinese:SSB0395,0,141,34471,mean,1.191267,0,-3.311981
audioseal,5,chinese:SSB0395,0,141,34471,tct,1.191267,0,-1.204905
audioseal,5,chinese:SSB0395,0,141,51198,mean,1.195985,0,-5.944194
audioseal,5,chinese:SSB0395,0,141,51198,tct,1.195985,0,-5.165442
audioseal,5,chinese:SSB0395,0,141,57718,mean,1.203170,0,-5.924046
audioseal,5,chinese:SSB0395,0,141,57718,tct,1.203170,0,-1.037120
audioseal,5,chinese:SSB0395,0,141,41342,mean,1.206045,0,-6.311836
audioseal,5,chinese:SSB0395,0,141,41342,tct,1.206045,0,-1.660095
audioseal,5,chinese:SSB0395,0,141,33068,mean,1.206045,0,-4.157623
audioseal,5,chinese:SSB0395,0,141,33068,tct,1.206045,0,-1.576105
audioseal,5,chinese:SSB0395,0,141,37823,mean,1.221028,0,-7.979937
audioseal,5,chinese:SSB0395,0,141,37823,tct,1.221028,0,-1.823706
audioseal,5,chinese:SSB0395,1,142,8345,mean,0.905421,0,-4.005999
audioseal,5,chinese:SSB0395,1,142,8345,tct,0.905421,0,-0.604974
audioseal,5,chinese:SSB0395,1,142,25753,mean,0.919866,0,-6.130682
audioseal,5,chinese:SSB0395,1,142,25753,tct,0.919866,0,-1.333529
audioseal,5,chinese:SSB0395,1,142,6278,mean,1.000000,0,-5.410017
audioseal,5,chinese:SSB0395,1,142,6278,tct,1.000000,0,-1.395153
audioseal,5,chinese:SSB0395,1,142,7554,mean,1.093216,0,-6.222812
audioseal,5,chinese:SSB0395,1,142,7554,tct,1.093216,0,-0.957627
audioseal,5,chinese:SSB0395,1,142,34930,mean,1.095445,0,-5.736767
audioseal,5,chinese:SSB0395,1,142,34930,tct,1.095445,1,0.585060
audioseal,5,chinese:SSB0395,1,142,34418,mean,1.133893,0,-8.449978
audioseal,5,chinese:SSB0395,1,142,34418,tct,1.133893,0,-2.097014
audioseal,5,chinese:SSB0395,1,142,34865,mean,1.193416,0,-3.749527
audioseal,5,chinese:SSB0395,1,142,34865,tct,1.193416,0,-0.872386
audioseal,5,chinese:SSB0395,1,142,4738,mean,1.196586,0,-5.781633
audioseal,5,chinese:SSB0395,1,142,4738,tct,1.196586,0,-2.001129
audioseal,5,chinese:SSB0395,1,142,6794,mean,1.196586,0,-5.822237
audioseal,5,chinese:SSB0395,1,142,6794,tct,1.196586,0,-1.900539
audioseal,5,chinese:SSB0395,1,142,6322,mean,1.211060,0,-4.611110
audioseal,5,chinese:SSB0395,1,142,6322,tct,1.211060,0,-1.050551
audioseal,5,chinese:SSB0395,2,143,15966,mean,0.893713,0,-2.708833
audioseal,5,chinese:SSB0395,2,143,15966,tct,0.893713,0,-1.466139
audioseal,5,chinese:SSB0395,2,143,42026,mean,0.910829,0,-3.888970
audioseal,5,chinese:SSB0395,2,143,42026,tct,0.910829,1,0.067479
audioseal,5,chinese:SSB0395,2,143,46948,mean,0.910927,0,-3.019051
audioseal,5,chinese:SSB0395,2,143,46948,tct,0.910927,0,-0.369772
audioseal,5,chinese:SSB0395,2,143,44202,mean,0.918559,0,-4.354689
audioseal,5,chinese:SSB0395,2,143,44202,tct,0.918559,0,-1.613209
audioseal,5,chinese:SSB0395,2,143,42410,mean,0.922531,0,-4.775447
audioseal,5,chinese:SSB0395,2,143,42410,tct,0.922531,0,-1.954890
audioseal,5,chinese:SSB0395,2,143,58538,mean,0.941979,0,-5.515156
audioseal,5,chinese:SSB0395,2,143,58538,tct,0.941979,0,-1.324680
audioseal,5,chinese:SSB0395,2,143,11898,mean,1.172604,0,-2.407845
audioseal,5,chinese:SSB0395,2,143,11898,tct,1.172604,0,-3.066047
audioseal,5,chinese:SSB0395,2,143,15482,mean,1.172604,0,-1.967610
audioseal,5,chinese:SSB0395,2,143,15482,tct,1.172604,0,-1.003304
audioseal,5,chinese:SSB0395,2,143,15325,mean,1.185013,0,-6.453765
audioseal,5,chinese:SSB0395,2,143,15325,tct,1.185013,0,-0.652547
audioseal,5,chinese:SSB0395,2,143,27614,mean,1.210747,0,-5.121242
audioseal,5,chinese:SSB0395,2,143,27614,tct,1.210747,0,-2.302695
audioseal,5,chinese:SSB0407,0,144,62545,mean,0.900819,0,-4.066815
audioseal,5,chinese:SSB0407,0,144,62545,tct,0.900819,0,-0.602444
audioseal,5,chinese:SSB0407,0,144,55450,mean,0.901388,0,-3.593894
audioseal,5,chinese:SSB0407,0,144,55450,tct,0.901388,0,-1.500810
audioseal,5,chinese:SSB0407,0,144,15419,mean,1.054093,0,-3.389922
audioseal,5,chinese:SSB0407,0,144,15419,tct,1.054093,0,-2.652539
audioseal,5,chinese:SSB0407,0,144,14379,mean,1.054093,0,-3.404096
audioseal,5,chinese:SSB0407,0,144,14379,tct,1.054093,0,-1.319232
audioseal,5,chinese:SSB0407,0,144,64536,mean,1.071008,0,-0.259021
audioseal,5,chinese:SSB0407,0,144,64536,tct,1.071008,1,0.198670
audioseal,5,chinese:SSB0407,0,144,48425,mean,1.102582,0,-2.164093
audioseal,5,chinese:SSB0407,0,144,48425,tct,1.102582,0,-1.531209
audioseal,5,chinese:SSB0407,0,144,64593,mean,1.116200,0,-2.832057
audioseal,5,chinese:SSB0407,0,144,64593,tct,1.116200,1,0.602411
audioseal,5,chinese:SSB0407,0,144,64554,mean,1.116718,0,-1.194981
audioseal,5,chinese:SSB0407,0,144,64554,tct,1.116718,1,0.185009
audioseal,5,chinese:SSB0407,0,144,30225,mean,1.146423,0,-4.453727
audioseal,5,chinese:SSB0407,0,144,30225,tct,1.146423,0,-2.974263
audioseal,5,chinese:SSB0407,0,144,55464,mean,1.176697,0,-2.250976
audioseal,5,chinese:SSB0407,0,144,55464,tct,1.176697,0,-0.250329
audioseal,5,chinese:SSB0407,1,145,34457,mean,0.905539,0,-7.674789
audioseal,5,chinese:SSB0407,1,145,34457,tct,0.905539,0,-2.247390
audioseal,5,chinese:SSB0407,1,145,27772,mean,1.000000,0,-2.348478
audioseal,5,chinese:SSB0407,1,145,27772,tct,1.000000,0,-1.081079
audioseal,5,chinese:SSB0407,1,145,33501,mean,1.123903,0,-6.215141
audioseal,5,chinese:SSB0407,1,145,33501,tct,1.123903,0,-1.216524
audioseal,5,chinese:SSB0407,1,145,37533,mean,1.147079,0,-8.266735
audioseal,5,chinese:SSB0407,1,145,37533,tct,1.147079,0,-1.154076
audioseal,5,chinese:SSB0407,1,145,38429,mean,1.148913,0,-6.893505
audioseal,5,chinese:SSB0407,1,145,38429,tct,1.148913,0,-1.192692
audioseal,5,chinese:SSB0407,1,145,37401,mean,1.154701,0,-9.272795
audioseal,5,chinese:SSB0407,1,145,37401,tct,1.154701,0,-3.564251
audioseal,5,chinese:SSB0407,1,145,11996,mean,1.169795,0,-4.373697
audioseal,5,chinese:SSB0407,1,145,11996,tct,1.169795,0,-2.502174
audioseal,5,chinese:SSB0407,1,145,25725,mean,1.179830,0,-2.678291
audioseal,5,chinese:SSB0407,1,145,25725,tct,1.179830,0,-2.328089
audioseal,5,chinese:SSB0407,1,145,9452,mean,1.190238,0,-1.260186
audioseal,5,chinese:SSB0407,1,145,9452,tct,1.190238,0,-1.613421
audioseal,5,chinese:SSB0407,1,145,11900,mean,1.211504,0,-2.797142
audioseal,5,chinese:SSB0407,1,145,11900,tct,1.211504,0,-1.311155
audioseal,5,chinese:SSB0407,2,146,39608,mean,0.870388,0,-3.002329
audioseal,5,chinese:SSB0407,2,146,39608,tct,0.870388,1,0.370705
audioseal,5,chinese:SSB0407,2,146,34793,mean,0.916125,0,-6.476120
audioseal,5,chinese:SSB0407,2,146,34793,tct,0.916125,0,-0.657495
audioseal,5,chinese:SSB0407,2,146,40600,mean,0.925820,0,-5.414892
audioseal,5,chinese:SSB0407,2,146,40600,tct,0.925820,0,-1.167304
audioseal,5,chinese:SSB0407,2,146,39448,mean,0.942809,0,-5.329534
audioseal,5,chinese:SSB0407,2,146,39448,tct,0.942809,0,-1.384166
audioseal,5,chinese:SSB0407,2,146,59831,mean,0.947132,0,-7.548855
audioseal,5,chinese:SSB0407,2,146,59831,tct,0.947132,0,-1.736398
audioseal,5,chinese:SSB0407,2,146,39600,mean,1.142463,0,-1.935906
audioseal,5,chinese:SSB0407,2,146,39600,tct,1.142463,0,-0.318638
audioseal,5,chinese:SSB0407,2,146,35464,mean,1.148542,0,-4.275287
audioseal,5,chinese:SSB0407,2,146,35464,tct,1.148542,0,-2.899533
audioseal,5,chinese:SSB0407,2,146,16816,mean,1.148542,0,-2.570386
audioseal,5,chinese:SSB0407,2,146,16816,tct,1.148542,0,-2.049710
audioseal,5,chinese:SSB0407,2,146,9064,mean,1.164965,0,-6.034801
audioseal,5,chinese:SSB0407,2,146,9064,tct,1.164965,0,-0.932815
audioseal,5,chinese:SSB0407,2,146,19383,mean,1.178795,0,-6.125374
audioseal,5,chinese:SSB0407,2,146,19383,tct,1.178795,0,-2.676594
audioseal,5,chinese:SSB0415,0,147,33271,mean,0.871780,0,-3.357775
audioseal,5,chinese:SSB0415,0,147,33271,tct,0.871780,0,-1.640351
audioseal,5,chinese:SSB0415,0,147,34231,mean,0.907485,0,-4.382859
audioseal,5,chinese:SSB0415,0,147,34231,tct,0.907485,0,-2.314610
audioseal,5,chinese:SSB0415,0,147,34294,mean,0.925820,0,-6.004496
audioseal,5,chinese:SSB0415,0,147,34294,tct,0.925820,0,-1.910178
audioseal,5,chinese:SSB0415,0,147,34633,mean,0.935414,0,-5.392010
audioseal,5,chinese:SSB0415,0,147,34633,tct,0.935414,0,-2.645662
audioseal,5,chinese:SSB0415,0,147,35514,mean,0.942809,0,-5.523457
audioseal,5,chinese:SSB0415,0,147,35514,tct,0.942809,0,-3.977239
audioseal,5,chinese:SSB0415,0,147,33681,mean,1.145644,0,-1.185143
audioseal,5,chinese:SSB0415,0,147,33681,tct,1.145644,0,-2.131044
audioseal,5,chinese:SSB0415,0,147,51603,mean,1.154701,0,-1.514322
audioseal,5,chinese:SSB0415,0,147,51603,tct,1.154701,0,-0.192317
audioseal,5,chinese:SSB0415,0,147,39826,mean,1.224745,0,-2.416801
audioseal,5,chinese:SSB0415,0,147,39826,tct,1.224745,0,-2.233749
audioseal,5,chinese:SSB0415,0,147,37323,mean,1.224745,0,-3.671068
audioseal,5,chinese:SSB0415,0,147,37323,tct,1.224745,0,-2.003294
audioseal,5,chinese:SSB0415,0,147,51891,mean,1.224745,0,-3.987949
audioseal,5,chinese:SSB0415,0,147,51891,tct,1.224745,0,-3.037100
audioseal,5,chinese:SSB0415,1,148,40427,mean,0.919866,0,-8.012667
audioseal,5,chinese:SSB0415,1,148,40427,tct,0.919866,0,-1.206600
audioseal,5,chinese:SSB0415,1,148,35857,mean,1.173788,0,-3.708969
audioseal,5,chinese:SSB0415,1,148,35857,tct,1.173788,0,-0.662590
audioseal,5,chinese:SSB0415,1,148,10297,mean,1.182625,0,-1.713727
audioseal,5,chinese:SSB0415,1,148,10297,tct,1.182625,0,-2.296381
audioseal,5,chinese:SSB0415,1,148,60473,mean,1.183216,0,-3.858467
audioseal,5,chinese:SSB0415,1,148,60473,tct,1.183216,0,-2.417176
audioseal,5,chinese:SSB0415,1,148,60440,mean,1.195229,0,-3.963930
audioseal,5,chinese:SSB0415,1,148,60440,tct,1.195229,0,-1.286450
audioseal,5,chinese:SSB0415,1,148,52243,mean,1.195229,0,-4.850378
audioseal,5,chinese:SSB0415,1,148,52243,tct,1.195229,0,-0.764888
audioseal,5,chinese:SSB0415,1,148,31928,mean,1.219500,0,-5.618169
audioseal,5,chinese:SSB0415,1,148,31928,tct,1.219500,0,-2.916381
audioseal,5,chinese:SSB0415,1,148,10261,mean,1.221028,0,-2.438109
audioseal,5,chinese:SSB0415,1,148,10261,tct,1.221028,0,-1.286480
audioseal,5,chinese:SSB0415,1,148,23293,mean,1.224745,0,-6.931859
audioseal,5,chinese:SSB0415,1,148,23293,tct,1.224745,0,-2.070834
audioseal,5,chinese:SSB0415,1,148,47339,mean,1.259926,0,-5.449152
audioseal,5,chinese:SSB0415,1,148,47339,tct,1.259926,0,-1.448675
audioseal,5,chinese:SSB0415,2,149,36991,mean,0.879049,0,-4.398779
audioseal,5,chinese:SSB0415,2,149,36991,tct,0.879049,1,0.495935
audioseal,5,chinese:SSB0415,2,149,41502,mean,0.918559,0,-9.318859
audioseal,5,chinese:SSB0415,2,149,41502,tct,0.918559,0,-1.506905
audioseal,5,chinese:SSB0415,2,149,41526,mean,0.925820,0,-7.685969
audioseal,5,chinese:SSB0415,2,149,41526,tct,0.925820,0,-3.327179
audioseal,5,chinese:SSB0415,2,149,43542,mean,0.938679,0,-7.585473
audioseal,5,chinese:SSB0415,2,149,43542,tct,0.938679,0,-1.368554
audioseal,5,chinese:SSB0415,2,149,41750,mean,0.953463,0,-9.556568
audioseal,5,chinese:SSB0415,2,149,41750,tct,0.953463,0,-2.662385
audioseal,5,chinese:SSB0415,2,149,4349,mean,1.154701,0,-5.697630
audioseal,5,chinese:SSB0415,2,149,4349,tct,1.154701,0,-3.437326
audioseal,5,chinese:SSB0415,2,149,24034,mean,1.195229,0,-4.974127
audioseal,5,chinese:SSB0415,2,149,24034,tct,1.195229,0,-1.052899
audioseal,5,chinese:SSB0415,2,149,36924,mean,1.206045,0,-5.546829
audioseal,5,chinese:SSB0415,2,149,36924,tct,1.206045,0,-2.693960
audioseal,5,chinese:SSB0415,2,149,40061,mean,1.217161,0,-5.716250
audioseal,5,chinese:SSB0415,2,149,40061,tct,1.217161,0,-3.614582
audioseal,5,chinese:SSB0415,2,149,38009,mean,1.217161,0,-6.087524
audioseal,5,chinese:SSB0415,2,149,38009,tct,1.217161,0,-5.446977
audioseal,5,english:103,0,150,40987,mean,0.908054,0,-5.261415
audioseal,5,english:103,0,150,40987,tct,0.908054,0,-1.773894
audioseal,5,english:103,0,150,53712,mean,1.134496,0,-3.458684
audioseal,5,english:103,0,150,53712,tct,1.134496,0,-0.578277
audioseal,5,english:103,0,150,39380,mean,1.193590,0,-5.384702
audioseal,5,english:103,0,150,39380,tct,1.193590,0,-0.810632
audioseal,5,english:103,0,150,36308,mean,1.193734,0,-7.984807
audioseal,5,english:103,0,150,36308,tct,1.193734,0,-1.825601
audioseal,5,english:103,0,150,50059,mean,1.193734,0,-3.575958
audioseal,5,english:103,0,150,50059,tct,1.193734,0,-2.473617
audioseal,5,english:103,0,150,62235,mean,1.193734,0,-1.579984
audioseal,5,english:103,0,150,62235,tct,1.193734,0,-0.512998
audioseal,5,english:103,0,150,39920,mean,1.195229,0,-7.953141
audioseal,5,english:103,0,150,39920,tct,1.195229,0,-2.997619
audioseal,5,english:103,0,150,54174,mean,1.218142,0,-1.934642
audioseal,5,english:103,0,150,54174,tct,1.218142,0,-1.722571
audioseal,5,english:103,0,150,37147,mean,1.235442,0,-2.645324
audioseal,5,english:103,0,150,37147,tct,1.235442,0,-2.011248
audioseal,5,english:103,0,150,56278,mean,1.244342,0,-3.358478
audioseal,5,english:103,0,150,56278,tct,1.244342,0,-0.705967
audioseal,5,english:103,1,151,45821,mean,0.918937,0,-2.380417
audioseal,5,english:103,1,151,45821,tct,0.918937,0,-0.664774
audioseal,5,english:103,1,151,34750,mean,0.927173,0,-6.214463
audioseal,5,english:103,1,151,34750,tct,0.927173,0,-1.394180
audioseal,5,english:103,1,151,32496,mean,0.938806,0,-6.709743
audioseal,5,english:103,1,151,32496,tct,0.938806,0,-1.305299
audioseal,5,english:103,1,151,31989,mean,1.130388,0,-2.907914
audioseal,5,english:103,1,151,31989,tct,1.130388,0,-1.083664
audioseal,5,english:103,1,151,40406,mean,1.154701,0,-3.731215
audioseal,5,english:103,1,151,40406,tct,1.154701,0,-1.179062
audioseal,5,english:103,1,151,29937,mean,1.164965,0,-3.505404
audioseal,5,english:103,1,151,29937,tct,1.164965,0,-1.311553
audioseal,5,english:103,1,151,7255,mean,1.195229,0,-4.113819
audioseal,5,english:103,1,151,7255,tct,1.195229,0,-2.689338
audioseal,5,english:103,1,151,46423,mean,1.202561,0,-1.229943
audioseal,5,english:103,1,151,46423,tct,1.202561,0,-0.910006
audioseal,5,english:103,1,151,27673,mean,1.224745,0,-6.630264
audioseal,5,english:103,1,151,27673,tct,1.224745,0,-2.559064
audioseal,5,english:103,1,151,1964,mean,1.244690,0,-7.371871
audioseal,5,english:103,1,151,1964,tct,1.244690,0,-0.899208
audioseal,5,english:103,2,152,41645,mean,0.925820,0,-5.101460
audioseal,5,english:103,2,152,41645,tct,0.925820,0,-1.387989
audioseal,5,english:103,2,152,28626,mean,0.953463,0,-6.692998
audioseal,5,english:103,2,152,28626,tct,0.953463,0,-1.788637
audioseal,5,english:103,2,152,48813,mean,1.147079,0,-4.170642
audioseal,5,english:103,2,152,48813,tct,1.147079,0,-0.519835
audioseal,5,english:103,2,152,42639,mean,1.167892,0,-4.429852
audioseal,5,english:103,2,152,42639,tct,1.167892,0,-0.808230
audioseal,5,english:103,2,152,61434,mean,1.221327,0,-5.169194
audioseal,5,english:103,2,152,61434,tct,1.221327,0,-2.697621
audioseal,5,english:103,2,152,61362,mean,1.221327,0,-3.570855
audioseal,5,english:103,2,152,61362,tct,1.221327,0,-2.527401
audioseal,5,english:103,2,152,42158,mean,1.229273,0,-2.068722
audioseal,5,english:103,2,152,42158,tct,1.229273,0,-3.852648
audioseal,5,english:103,2,152,46151,mean,1.230249,0,-4.500132
audioseal,5,english:103,2,152,46151,tct,1.230249,0,-1.945982
audioseal,5,english:103,2,152,39465,mean,1.246046,0,-5.002089
audioseal,5,english:103,2,152,39465,tct,1.246046,0,-1.864291
audioseal,5,english:103,2,152,61202,mean,1.254500,0,-5.371183
audioseal,5,english:103,2,152,61202,tct,1.254500,0,-1.171883
audioseal,5,english:1034,0,153,3759,mean,0.881917,0,-6.900424
audioseal,5,english:1034,0,153,3759,tct,0.881917,0,-0.927028
audioseal,5,english:1034,0,153,16155,mean,0.953463,0,-5.045656
audioseal,5,english:1034,0,153,16155,tct,0.953463,0,-2.024919
audioseal,5,english:1034,0,153,28270,mean,1.147638,0,-10.670729
audioseal,5,english:1034,0,153,28270,tct,1.147638,0,-3.086016
audioseal,5,english:1034,0,153,24235,mean,1.172604,0,-7.965101
audioseal,5,english:1034,0,153,24235,tct,1.172604,0,-1.608763
audioseal,5,english:1034,0,153,19629,mean,1.173376,0,-8.104942
audioseal,5,english:1034,0,153,19629,tct,1.173376,0,-3.194793
audioseal,5,english:1034,0,153,4492,mean,1.173788,0,-4.708179
audioseal,5,english:1034,0,153,4492,tct,1.173788,0,-2.737943
audioseal,5,english:1034,0,153,27183,mean,1.209717,0,-6.638722
audioseal,5,english:1034,0,153,27183,tct,1.209717,0,-0.183292
audioseal,5,english:1034,0,153,6831,mean,1.224745,0,-4.370326
audioseal,5,english:1034,0,153,6831,tct,1.224745,1,0.284511
audioseal,5,english:1034,0,153,7854,mean,1.229273,0,-7.028532
audioseal,5,english:1034,0,153,7854,tct,1.229273,0,-1.283574
audioseal,5,english:1034,0,153,6637,mean,1.251086,0,-5.061357
audioseal,5,english:1034,0,153,6637,tct,1.251086,0,-2.879323
audioseal,5,english:1034,1,154,10423,mean,0.878595,0,-3.828043
audioseal,5,english:1034,1,154,10423,tct,0.878595,0,-3.000205
audioseal,5,english:1034,1,154,6957,mean,0.925820,0,-6.649541
audioseal,5,english:1034,1,154,6957,tct,0.925820,0,-0.975376
audioseal,5,english:1034,1,154,6444,mean,0.953463,0,-6.949420
audioseal,5,english:1034,1,154,6444,tct,0.953463,0,-2.857789
audioseal,5,english:1034,1,154,2053,mean,1.095445,0,-3.526579
audioseal,5,english:1034,1,154,2053,tct,1.095445,1,0.380174
audioseal,5,english:1034,1,154,2177,mean,1.130388,0,-4.640287
audioseal,5,english:1034,1,154,2177,tct,1.130388,1,0.272536
audioseal,5,english:1034,1,154,26869,mean,1.154701,0,-5.105749
audioseal,5,english:1034,1,154,26869,tct,1.154701,0,-1.422804
audioseal,5,english:1034,1,154,27031,mean,1.157550,0,-2.310692
audioseal,5,english:1034,1,154,27031,tct,1.157550,0,-1.477414
audioseal,5,english:1034,1,154,59543,mean,1.158216,0,-2.638134
audioseal,5,english:1034,1,154,59543,tct,1.158216,0,-1.003029
audioseal,5,english:1034,1,154,2229,mean,1.176512,0,-3.832641
audioseal,5,english:1034,1,154,2229,tct,1.176512,0,-0.156947
audioseal,5,english:1034,1,154,18437,mean,1.176512,0,-4.398488
audioseal,5,english:1034,1,154,18437,tct,1.176512,0,-0.798085
audioseal,5,english:1034,2,155,16444,mean,1.058301,0,-2.285744
audioseal,5,english:1034,2,155,16444,tct,1.058301,0,-0.870511
audioseal,5,english:1034,2,155,16958,mean,1.141003,0,-4.626039
audioseal,5,english:1034,2,155,16958,tct,1.141003,0,-2.326143
audioseal,5,english:1034,2,155,628,mean,1.154701,0,-5.973829
audioseal,5,english:1034,2,155,628,tct,1.154701,0,-2.514057
audioseal,5,english:1034,2,155,5244,mean,1.164845,0,-2.969000
audioseal,5,english:1034,2,155,5244,tct,1.164845,0,-0.684671
audioseal,5,english:1034,2,155,34174,mean,1.164965,0,-4.947479
audioseal,5,english:1034,2,155,34174,tct,1.164965,0,-1.085345
audioseal,5,english:1034,2,155,61740,mean,1.195229,0,-5.429583
audioseal,5,english:1034,2,155,61740,tct,1.195229,0,-1.929739
audioseal,5,english:1034,2,155,62333,mean,1.211060,0,-10.241126
audioseal,5,english:1034,2,155,62333,tct,1.211060,0,-1.311754
audioseal,5,english:1034,2,155,40766,mean,1.224745,0,-6.238263
audioseal,5,english:1034,2,155,40766,tct,1.224745,0,-2.644544
audioseal,5,english:1034,2,155,35646,mean,1.224745,0,-6.567326
audioseal,5,english:1034,2,155,35646,tct,1.224745,0,-1.039251
audioseal,5,english:1034,2,155,16700,mean,1.238786,0,-3.197002
audioseal,5,english:1034,2,155,16700,tct,1.238786,0,-2.053716
audioseal,5,english:1040,0,156,291,mean,0.891556,0,-5.067429
audioseal,5,english:1040,0,156,291,tct,0.891556,0,-2.159531
audioseal,5,english:1040,0,156,20771,mean,1.000000,0,-5.673306
audioseal,5,english:1040,0,156,20771,tct,1.000000,0,-0.926061
audioseal,5,english:1040,0,156,4325,mean,1.074172,0,-5.294263
audioseal,5,english:1040,0,156,4325,tct,1.074172,0,-0.715736
audioseal,5,english:1040,0,156,6373,mean,1.086042,0,-6.102210
audioseal,5,english:1040,0,156,6373,tct,1.086042,0,-1.015230
audioseal,5,english:1040,0,156,33988,mean,1.097518,0,-5.458699
audioseal,5,english:1040,0,156,33988,tct,1.097518,0,-1.093710
audioseal,5,english:1040,0,156,33925,mean,1.118034,0,-2.963529
audioseal,5,english:1040,0,156,33925,tct,1.118034,0,-1.168016
audioseal,5,english:1040,0,156,4259,mean,1.160084,0,-5.586757
audioseal,5,english:1040,0,156,4259,tct,1.160084,0,-1.493130
audioseal,5,english:1040,0,156,33012,mean,1.167748,0,-5.865880
audioseal,5,english:1040,0,156,33012,tct,1.167748,0,-1.078973
audioseal,5,english:1040,0,156,35044,mean,1.167748,0,-6.505558
audioseal,5,english:1040,0,156,35044,tct,1.167748,0,-0.530006
audioseal,5,english:1040,0,156,5408,mean,1.167748,0,-6.924136
audioseal,5,english:1040,0,156,5408,tct,1.167748,0,-2.044357
audioseal,5,english:1040,1,157,38628,mean,0.903744,0,-4.995691
audioseal,5,english:1040,1,157,38628,tct,0.903744,0,-1.262984
audioseal,5,english:1040,1,157,63283,mean,0.909519,0,-7.212353
audioseal,5,english:1040,1,157,63283,tct,0.909519,0,-0.830330
audioseal,5,english:1040,1,157,22307,mean,1.121224,0,-3.295192
audioseal,5,english:1040,1,157,22307,tct,1.121224,0,-1.237545
audioseal,5,english:1040,1,157,21282,mean,1.121224,0,-3.125439
audioseal,5,english:1040,1,157,21282,tct,1.121224,0,-0.161114
audioseal,5,english:1040,1,157,46386,mean,1.147638,0,-7.029680
audioseal,5,english:1040,1,157,46386,tct,1.147638,0,-1.513703
audioseal,5,english:1040,1,157,38854,mean,1.176180,0,-5.161689
audioseal,5,english:1040,1,157,38854,tct,1.176180,0,-0.563425
audioseal,5,english:1040,1,157,582,mean,1.193416,0,-5.630608
audioseal,5,english:1040,1,157,582,tct,1.193416,0,-3.012695
audioseal,5,english:1040,1,157,5824,mean,1.195229,0,-6.247406
audioseal,5,english:1040,1,157,5824,tct,1.195229,0,-2.612505
audioseal,5,english:1040,1,157,24446,mean,1.208941,0,-3.675388
audioseal,5,english:1040,1,157,24446,tct,1.208941,0,-2.259141
audioseal,5,english:1040,1,157,3438,mean,1.208941,0,-4.614118
audioseal,5,english:1040,1,157,3438,tct,1.208941,0,-2.220878
audioseal,5,english:1040,2,158,48767,mean,0.916783,0,-6.122426
audioseal,5,english:1040,2,158,48767,tct,0.916783,0,-2.007891
audioseal,5,english:1040,2,158,54715,mean,1.000000,0,-5.707353
audioseal,5,english:1040,2,158,54715,tct,1.000000,0,-1.554313
audioseal,5,english:1040,2,158,40787,mean,1.081125,0,-2.579494
audioseal,5,english:1040,2,158,40787,tct,1.081125,0,-1.316013
audioseal,5,english:1040,2,158,40259,mean,1.135718,0,-0.997194
audioseal,5,english:1040,2,158,40259,tct,1.135718,0,-1.706063
audioseal,5,english:1040,2,158,40235,mean,1.139566,0,-2.063066
audioseal,5,english:1040,2,158,40235,tct,1.139566,0,-1.460090
audioseal,5,english:1040,2,158,38207,mean,1.145644,0,-5.004722
audioseal,5,english:1040,2,158,38207,tct,1.145644,0,-0.682324
audioseal,5,english:1040,2,158,40639,mean,1.154701,0,-7.076194
audioseal,5,english:1040,2,158,40639,tct,1.154701,0,-2.149480
audioseal,5,english:1040,2,158,40575,mean,1.176697,0,-4.711505
audioseal,5,english:1040,2,158,40575,tct,1.176697,0,-1.816924
audioseal,5,english:1040,2,158,15707,mean,1.182058,0,-4.530896
audioseal,5,english:1040,2,158,15707,tct,1.182058,0,-1.055414
audioseal,5,english:1040,2,158,5627,mean,1.185013,0,-4.434216
audioseal,5,english:1040,2,158,5627,tct,1.185013,0,-1.648815
audioseal,5,english:1069,0,159,19099,mean,0.901388,0,-4.296418
audioseal,5,english:1069,0,159,19099,tct,0.901388,0,-1.877923
audioseal,5,english:1069,0,159,47122,mean,0.924416,0,-7.596399
audioseal,5,english:1069,0,159,47122,tct,0.924416,0,-1.971279
audioseal,5,english:1069,0,159,47362,mean,1.000000,0,-7.493667
audioseal,5,english:1069,0,159,47362,tct,1.000000,0,-2.869154
audioseal,5,english:1069,0,159,17006,mean,1.103355,0,-4.629889
audioseal,5,english:1069,0,159,17006,tct,1.103355,0,-0.976583
audioseal,5,english:1069,0,159,19098,mean,1.117008,0,-3.267797
audioseal,5,english:1069,0,159,19098,tct,1.117008,0,-1.070144
audioseal,5,english:1069,0,159,19163,mean,1.118034,0,-5.388031
audioseal,5,english:1069,0,159,19163,tct,1.118034,0,-2.631434
audioseal,5,english:1069,0,159,23214,mean,1.118034,0,-2.612316
audioseal,5,english:1069,0,159,23214,tct,1.118034,0,-1.207596
audioseal,5,english:1069,0,159,19114,mean,1.118034,0,-3.373007
audioseal,5,english:1069,0,159,19114,tct,1.118034,0,-2.306195
audioseal,5,english:1069,0,159,17020,mean,1.142080,0,-6.691263
audioseal,5,english:1069,0,159,17020,tct,1.142080,0,-2.354573
audioseal,5,english:1069,0,159,16510,mean,1.142080,0,-5.451073
audioseal,5,english:1069,0,159,16510,tct,1.142080,0,-1.265588
audioseal,5,english:1069,1,160,65301,mean,0.940875,0,-8.556213
audioseal,5,english:1069,1,160,65301,tct,0.940875,0,-1.081555
audioseal,5,english:1069,1,160,47554,mean,1.000000,0,-4.991575
audioseal,5,english:1069,1,160,47554,tct,1.000000,0,-1.610845
audioseal,5,english:1069,1,160,21420,mean,1.084652,0,-3.947665
audioseal,5,english:1069,1,160,21420,tct,1.084652,0,-0.327394
audioseal,5,english:1069,1,160,55795,mean,1.143840,0,-3.329685
audioseal,5,english:1069,1,160,55795,tct,1.143840,0,-1.222694
audioseal,5,english:1069,1,160,22284,mean,1.150447,0,-5.556395
audioseal,5,english:1069,1,160,22284,tct,1.150447,0,-1.324881
audioseal,5,english:1069,1,160,63278,mean,1.173788,0,-5.652039
audioseal,5,english:1069,1,160,63278,tct,1.173788,0,-2.833165
audioseal,5,english:1069,1,160,63749,mean,1.189384,0,-6.536178
audioseal,5,english:1069,1,160,63749,tct,1.189384,0,-1.872159
audioseal,5,english:1069,1,160,63691,mean,1.209717,0,-6.042361
audioseal,5,english:1069,1,160,63691,tct,1.209717,0,-2.568194
audioseal,5,english:1069,1,160,55498,mean,1.212678,0,-3.304909
audioseal,5,english:1069,1,160,55498,tct,1.212678,0,-1.807531
audioseal,5,english:1069,1,160,21822,mean,1.260252,0,-4.496815
audioseal,5,english:1069,1,160,21822,tct,1.260252,0,-2.117477
audioseal,5,english:1069,2,161,8927,mean,0.924211,0,-5.294974
audioseal,5,english:1069,2,161,8927,tct,0.924211,0,-1.094588
audioseal,5,english:1069,2,161,6029,mean,0.953463,0,-6.684649
audioseal,5,english:1069,2,161,6029,tct,0.953463,0,-1.135665
audioseal,5,english:1069,2,161,27351,mean,0.973329,0,-3.755322
audioseal,5,english:1069,2,161,27351,tct,0.973329,0,-0.855273
audioseal,5,english:1069,2,161,38799,mean,1.000000,0,-6.659920
audioseal,5,english:1069,2,161,38799,tct,1.000000,0,-1.030879
audioseal,5,english:1069,2,161,51730,mean,1.000000,0,-1.965053
audioseal,5,english:1069,2,161,51730,tct,1.000000,0,-1.077213
audioseal,5,english:1069,2,161,8911,mean,1.190238,0,-5.192278
audioseal,5,english:1069,2,161,8911,tct,1.190238,0,-2.542830
audioseal,5,english:1069,2,161,5511,mean,1.194349,0,-5.387535
audioseal,5,english:1069,2,161,5511,tct,1.194349,0,-1.354600
audioseal,5,english:1069,2,161,10902,mean,1.215111,0,-1.406932
audioseal,5,english:1069,2,161,10902,tct,1.215111,0,-1.622527
audioseal,5,english:1069,2,161,3743,mean,1.229273,0,-2.912193
audioseal,5,english:1069,2,161,3743,tct,1.229273,0,-3.034953
audioseal,5,english:1069,2,161,18319,mean,1.250381,0,-4.934548
audioseal,5,english:1069,2,161,18319,tct,1.250381,0,-1.930677
audioseal,5,english:1081,0,162,44134,mean,0.866025,0,-0.795748
audioseal,5,english:1081,0,162,44134,tct,0.866025,0,-0.771562
audioseal,5,english:1081,0,162,44359,mean,0.877058,0,-3.036632
audioseal,5,english:1081,0,162,44359,tct,0.877058,0,-2.763328
audioseal,5,english:1081,0,162,35892,mean,0.894427,0,-3.088202
audioseal,5,english:1081,0,162,35892,tct,0.894427,1,0.257213
audioseal,5,english:1081,0,162,52277,mean,0.957427,0,-5.292614
audioseal,5,english:1081,0,162,52277,tct,0.957427,0,-1.112244
audioseal,5,english:1081,0,162,44038,mean,1.089725,0,-1.508565
audioseal,5,english:1081,0,162,44038,tct,1.089725,0,-1.170867
audioseal,5,english:1081,0,162,60770,mean,1.143544,0,-1.938297
audioseal,5,english:1081,0,162,60770,tct,1.143544,0,-1.034453
audioseal,5,english:1081,0,162,44132,mean,1.154701,0,-1.809495
audioseal,5,english:1081,0,162,44132,tct,1.154701,0,-2.834146
audioseal,5,english:1081,0,162,27746,mean,1.154701,0,-3.426455
audioseal,5,english:1081,0,162,27746,tct,1.154701,0,-1.317716
audioseal,5,english:1081,0,162,48014,mean,1.185013,0,-6.631924
audioseal,5,english:1081,0,162,48014,tct,1.185013,0,-1.155310
audioseal,5,english:1081,0,162,15623,mean,1.193956,0,-4.642908
audioseal,5,english:1081,0,162,15623,tct,1.193956,0,-3.150890
audioseal,5,english:1081,1,163,27917,mean,0.866025,0,-3.811284
audioseal,5,english:1081,1,163,27917,tct,0.866025,0,-1.624538
audioseal,5,english:1081,1,163,24972,mean,0.887262,0,-2.269030
audioseal,5,english:1081,1,163,24972,tct,0.887262,0,-1.308697
audioseal,5,english:1081,1,163,27973,mean,0.906765,0,-2.388055
audioseal,5,english:1081,1,163,27973,tct,0.906765,0,-1.460117
audioseal,5,english:1081,1,163,45126,mean,0.908002,0,-4.241822
audioseal,5,english:1081,1,163,45126,tct,0.908002,0,-0.963394
audioseal,5,english:1081,1,163,50562,mean,0.912871,0,-5.935759
audioseal,5,english:1081,1,163,50562,tct,0.912871,0,-1.979887
audioseal,5,english:1081,1,163,2372,mean,1.095445,0,-1.049451
audioseal,5,english:1081,1,163,2372,tct,1.095445,0,-0.569816
audioseal,5,english:1081,1,163,57728,mean,1.148121,0,-3.824607
audioseal,5,english:1081,1,163,57728,tct,1.148121,0,-1.340909
audioseal,5,english:1081,1,163,50560,mean,1.154701,0,-4.928280
audioseal,5,english:1081,1,163,50560,tct,1.154701,0,-1.904449
audioseal,5,english:1081,1,163,17676,mean,1.166667,0,-2.526902
audioseal,5,english:1081,1,163,17676,tct,1.166667,0,-0.858808
audioseal,5,english:1081,1,163,57732,mean,1.166920,0,-2.627095
audioseal,5,english:1081,1,163,57732,tct,1.166920,0,-1.152491
audioseal,5,english:1081,2,164,39846,mean,0.885061,0,-4.808654
audioseal,5,english:1081,2,164,39846,tct,0.885061,1,0.207507
audioseal,5,english:1081,2,164,40192,mean,0.953463,0,-6.943101
audioseal,5,english:1081,2,164,40192,tct,0.953463,0,-2.000186
audioseal,5,english:1081,2,164,827,mean,1.086042,0,-4.467143
audioseal,5,english:1081,2,164,827,tct,1.086042,0,-2.201726
audioseal,5,english:1081,2,164,40386,mean,1.123903,0,-8.011340
audioseal,5,english:1081,2,164,40386,tct,1.123903,0,-0.867722
audioseal,5,english:1081,2,164,883,mean,1.154701,0,-6.034911
audioseal,5,english:1081,2,164,883,tct,1.154701,0,-3.515039
audioseal,5,english:1081,2,164,39810,mean,1.158419,0,-4.167010
audioseal,5,english:1081,2,164,39810,tct,1.158419,1,0.092743
audioseal,5,english:1081,2,164,16427,mean,1.170169,0,-8.178060
audioseal,5,english:1081,2,164,16427,tct,1.170169,0,-2.653792
audioseal,5,english:1081,2,164,32813,mean,1.204159,0,-5.600432
audioseal,5,english:1081,2,164,32813,tct,1.204159,0,-0.290517
audioseal,5,english:1081,2,164,17387,mean,1.208343,0,-7.840898
audioseal,5,english:1081,2,164,17387,tct,1.208343,0,-3.591461
audioseal,5,english:1081,2,164,17359,mean,1.208941,0,-5.100068
audioseal,5,english:1081,2,164,17359,tct,1.208941,0,-0.879187
audioseal,5,english:1088,0,165,17280,mean,0.910927,0,-5.045206
audioseal,5,english:1088,0,165,17280,tct,0.910927,0,-0.887377
audioseal,5,english:1088,0,165,6434,mean,0.957427,0,-4.459053
audioseal,5,english:1088,0,165,6434,tct,0.957427,0,-1.802075
audioseal,5,english:1088,0,165,61522,mean,1.000000,0,-6.532868
audioseal,5,english:1088,0,165,61522,tct,1.000000,0,-2.104615
audioseal,5,english:1088,0,165,53280,mean,1.025978,0,-0.049489
audioseal,5,english:1088,0,165,53280,tct,1.025978,1,0.157604
audioseal,5,english:1088,0,165,22530,mean,1.137770,0,-3.198187
audioseal,5,english:1088,0,165,22530,tct,1.137770,0,-0.658940
audioseal,5,english:1088,0,165,53618,mean,1.144703,0,-4.596903
audioseal,5,english:1088,0,165,53618,tct,1.144703,0,-1.986532
audioseal,5,english:1088,0,165,17377,mean,1.195229,0,-6.123755
audioseal,5,english:1088,0,165,17377,tct,1.195229,0,-4.712210
audioseal,5,english:1088,0,165,33669,mean,1.195229,0,-9.293108
audioseal,5,english:1088,0,165,33669,tct,1.195229,0,-0.654760
audioseal,5,english:1088,0,165,55332,mean,1.198289,0,-2.110143
audioseal,5,english:1088,0,165,55332,tct,1.198289,0,-1.359660
audioseal,5,english:1088,0,165,53602,mean,1.202977,0,-3.189303
audioseal,5,english:1088,0,165,53602,tct,1.202977,0,-2.591309
audioseal,5,english:1088,1,166,57363,mean,0.894427,0,-3.763942
audioseal,5,english:1088,1,166,57363,tct,0.894427,0,-0.742720
audioseal,5,english:1088,1,166,31963,mean,0.910927,0,-3.541471
audioseal,5,english:1088,1,166,31963,tct,0.910927,0,-1.938032
audioseal,5,english:1088,1,166,55451,mean,0.919866,0,-3.066313
audioseal,5,english:1088,1,166,55451,tct,0.919866,0,-1.070589
audioseal,5,english:1088,1,166,31941,mean,1.095445,0,-2.765893
audioseal,5,english:1088,1,166,31941,tct,1.095445,1,0.477454
audioseal,5,english:1088,1,166,31899,mean,1.122884,0,-2.393188
audioseal,5,english:1088,1,166,31899,tct,1.122884,0,-1.062295
audioseal,5,english:1088,1,166,24725,mean,1.140175,0,-2.298500
audioseal,5,english:1088,1,166,24725,tct,1.140175,0,-0.993622
audioseal,5,english:1088,1,166,24777,mean,1.142080,0,-5.240266
audioseal,5,english:1088,1,166,24777,tct,1.142080,0,-3.049559
audioseal,5,english:1088,1,166,28877,mean,1.142080,0,-4.349155
audioseal,5,english:1088,1,166,28877,tct,1.142080,0,-2.135309
audioseal,5,english:1088,1,166,55445,mean,1.195229,0,-1.252510
audioseal,5,english:1088,1,166,55445,tct,1.195229,0,-0.890397
audioseal,5,english:1088,1,166,44051,mean,1.208941,0,-4.639818
audioseal,5,english:1088,1,166,44051,tct,1.208941,0,-2.342329
audioseal,5,english:1088,2,167,63542,mean,1.073087,0,-3.392324
audioseal,5,english:1088,2,167,63542,tct,1.073087,0,-0.931730
audioseal,5,english:1088,2,167,60086,mean,1.125618,0,-3.546447
audioseal,5,english:1088,2,167,60086,tct,1.125618,0,-2.443036
audioseal,5,english:1088,2,167,26851,mean,1.163160,0,-1.920836
audioseal,5,english:1088,2,167,26851,tct,1.163160,0,-1.377575
audioseal,5,english:1088,2,167,26662,mean,1.172604,0,-2.364883
audioseal,5,english:1088,2,167,26662,tct,1.172604,0,-1.247845
audioseal,5,english:1088,2,167,61668,mean,1.178759,0,-1.453172
audioseal,5,english:1088,2,167,61668,tct,1.178759,0,-0.645850
audioseal,5,english:1088,2,167,43235,mean,1.188177,0,-3.253253
audioseal,5,english:1088,2,167,43235,tct,1.188177,0,-0.807126
audioseal,5,english:1088,2,167,62132,mean,1.193350,0,-4.999618
audioseal,5,english:1088,2,167,62132,tct,1.193350,0,-1.497789
audioseal,5,english:1088,2,167,35303,mean,1.195229,0,-4.559762
audioseal,5,english:1088,2,167,35303,tct,1.195229,0,-1.381485
audioseal,5,english:1088,2,167,61618,mean,1.206045,0,-4.177402
audioseal,5,english:1088,2,167,61618,tct,1.206045,0,-1.887047
audioseal,5,english:1088,2,167,63538,mean,1.206045,0,-3.841953
audioseal,5,english:1088,2,167,63538,tct,1.206045,0,-1.115873
audioseal,5,english:1098,0,168,47929,mean,0.852803,0,-4.225145
audioseal,5,english:1098,0,168,47929,tct,0.852803,0,-0.042260
audioseal,5,english:1098,0,168,44601,mean,1.058301,0,-4.786704
audioseal,5,english:1098,0,168,44601,tct,1.058301,0,-2.140062
audioseal,5,english:1098,0,168,10845,mean,1.074172,0,-6.324695
audioseal,5,english:1098,0,168,10845,tct,1.074172,0,-2.401798
audioseal,5,english:1098,0,168,48711,mean,1.159937,0,-6.390634
audioseal,5,english:1098,0,168,48711,tct,1.159937,0,-1.259798
audioseal,5,english:1098,0,168,48929,mean,1.164965,0,-3.807611
audioseal,5,english:1098,0,168,48929,tct,1.164965,0,-0.810174
audioseal,5,english:1098,0,168,45639,mean,1.164965,0,-7.498604
audioseal,5,english:1098,0,168,45639,tct,1.164965,0,-0.609051
audioseal,5,english:1098,0,168,10301,mean,1.176697,0,-3.563447
audioseal,5,english:1098,0,168,10301,tct,1.176697,0,-1.721816
audioseal,5,english:1098,0,168,14919,mean,1.195229,0,-5.196713
audioseal,5,english:1098,0,168,14919,tct,1.195229,1,0.793170
audioseal,5,english:1098,0,168,14946,mean,1.195229,0,-2.218711
audioseal,5,english:1098,0,168,14946,tct,1.195229,0,-1.240469
audioseal,5,english:1098,0,168,14627,mean,1.201850,0,-2.673266
audioseal,5,english:1098,0,168,14627,tct,1.201850,0,-2.152399
audioseal,5,english:1098,1,169,52402,mean,0.855399,0,-3.934689
audioseal,5,english:1098,1,169,52402,tct,0.855399,0,-0.390535
audioseal,5,english:1098,1,169,36419,mean,0.894427,0,-6.068425
audioseal,5,english:1098,1,169,36419,tct,0.894427,0,-1.228590
audioseal,5,english:1098,1,169,52368,mean,0.918937,0,-4.343681
audioseal,5,english:1098,1,169,52368,tct,0.918937,0,-1.099538
audioseal,5,english:1098,1,169,35843,mean,0.923936,0,-5.959776
audioseal,5,english:1098,1,169,35843,tct,0.923936,0,-3.162812
audioseal,5,english:1098,1,169,49566,mean,0.947132,0,-9.372988
audioseal,5,english:1098,1,169,49566,tct,0.947132,0,-1.035065
audioseal,5,english:1098,1,169,49334,mean,1.086042,0,-5.837786
audioseal,5,english:1098,1,169,49334,tct,1.086042,1,0.059407
audioseal,5,english:1098,1,169,50366,mean,1.147638,0,-5.696818
audioseal,5,english:1098,1,169,50366,tct,1.147638,0,-1.009010
audioseal,5,english:1098,1,169,36018,mean,1.158216,0,-3.535138
audioseal,5,english:1098,1,169,36018,tct,1.158216,0,-2.068969
audioseal,5,english:1098,1,169,49381,mean,1.176189,0,-3.731987
audioseal,5,english:1098,1,169,49381,tct,1.176189,0,-0.864843
audioseal,5,english:1098,1,169,51636,mean,1.179742,0,-5.164168
audioseal,5,english:1098,1,169,51636,tct,1.179742,0,-0.445820
audioseal,5,english:1098,2,170,44308,mean,0.843274,0,-2.547663
audioseal,5,english:1098,2,170,44308,tct,0.843274,0,-0.329659
audioseal,5,english:1098,2,170,21555,mean,0.920358,0,-6.875394
audioseal,5,english:1098,2,170,21555,tct,0.920358,0,-2.281100
audioseal,5,english:1098,2,170,43292,mean,0.942809,0,-4.759312
audioseal,5,english:1098,2,170,43292,tct,0.942809,0,-1.897507
audioseal,5,english:1098,2,170,60436,mean,1.076611,0,-4.295754
audioseal,5,english:1098,2,170,60436,tct,1.076611,0,-1.133897
audioseal,5,english:1098,2,170,65078,mean,1.095445,0,-4.034487
audioseal,5,english:1098,2,170,65078,tct,1.095445,0,-2.321566
audioseal,5,english:1098,2,170,65140,mean,1.154701,0,-4.255357
audioseal,5,english:1098,2,170,65140,tct,1.154701,0,-3.395251
audioseal,5,english:1098,2,170,21541,mean,1.195229,0,-6.025466
audioseal,5,english:1098,2,170,21541,tct,1.195229,0,-1.268626
audioseal,5,english:1098,2,170,44596,mean,1.195229,0,-3.539295
audioseal,5,english:1098,2,170,44596,tct,1.195229,0,-3.188581
audioseal,5,english:1098,2,170,42260,mean,1.219062,0,-3.495088
audioseal,5,english:1098,2,170,42260,tct,1.219062,0,-1.740340
audioseal,5,english:1098,2,170,16310,mean,1.224745,0,-3.404309
audioseal,5,english:1098,2,170,16310,tct,1.224745,0,-1.863145
audioseal,5,english:1116,0,171,64128,mean,1.000000,0,-5.276716
audioseal,5,english:1116,0,171,64128,tct,1.000000,0,-1.372382
audioseal,5,english:1116,0,171,19711,mean,1.127830,0,-5.603827
audioseal,5,english:1116,0,171,19711,tct,1.127830,0,-1.686849
audioseal,5,english:1116,0,171,44279,mean,1.131371,0,-4.701907
audioseal,5,english:1116,0,171,44279,tct,1.131371,0,-1.775449
audioseal,5,english:1116,0,171,60135,mean,1.200490,0,-3.925846
audioseal,5,english:1116,0,171,60135,tct,1.200490,0,-2.041662
audioseal,5,english:1116,0,171,57331,mean,1.201850,0,-3.485425
audioseal,5,english:1116,0,171,57331,tct,1.201850,0,-2.530107
audioseal,5,english:1116,0,171,20657,mean,1.219836,0,-4.006605
audioseal,5,english:1116,0,171,20657,tct,1.219836,0,-2.249863
audioseal,5,english:1116,0,171,60399,mean,1.224745,0,-6.103838
audioseal,5,english:1116,0,171,60399,tct,1.224745,0,-1.851896
audioseal,5,english:1116,0,171,52971,mean,1.224745,0,-6.162414
audioseal,5,english:1116,0,171,52971,tct,1.224745,0,-2.205647
audioseal,5,english:1116,0,171,24051,mean,1.224745,0,-3.194586
audioseal,5,english:1116,0,171,24051,tct,1.224745,0,-1.683264
audioseal,5,english:1116,0,171,65157,mean,1.232883,0,-5.603754
audioseal,5,english:1116,0,171,65157,tct,1.232883,0,-1.897127
audioseal,5,english:1116,1,172,53898,mean,0.903211,0,-5.497651
audioseal,5,english:1116,1,172,53898,tct,0.903211,0,-2.639971
audioseal,5,english:1116,1,172,43883,mean,0.942809,0,-8.181842
audioseal,5,english:1116,1,172,43883,tct,0.942809,0,-0.998335
audioseal,5,english:1116,1,172,20618,mean,1.000000,0,-5.509167
audioseal,5,english:1116,1,172,20618,tct,1.000000,0,-2.890048
audioseal,5,english:1116,1,172,57706,mean,1.000000,0,-3.378394
audioseal,5,english:1116,1,172,57706,tct,1.000000,1,0.044105
audioseal,5,english:1116,1,172,64872,mean,1.154701,0,-5.015012
audioseal,5,english:1116,1,172,64872,tct,1.154701,0,-2.627321
audioseal,5,english:1116,1,172,33418,mean,1.158493,0,-6.152821
audioseal,5,english:1116,1,172,33418,tct,1.158493,0,-2.673192
audioseal,5,english:1116,1,172,53448,mean,1.176697,0,-4.120812
audioseal,5,english:1116,1,172,53448,tct,1.176697,0,-2.764769
audioseal,5,english:1116,1,172,42795,mean,1.177062,0,-7.180784
audioseal,5,english:1116,1,172,42795,tct,1.177062,0,-2.214358
audioseal,5,english:1116,1,172,62315,mean,1.195229,0,-6.487477
audioseal,5,english:1116,1,172,62315,tct,1.195229,0,-0.826813
audioseal,5,english:1116,1,172,57448,mean,1.201850,0,-3.859162
audioseal,5,english:1116,1,172,57448,tct,1.201850,0,-0.905424
audioseal,5,english:1116,2,173,11402,mean,0.867349,0,-4.158837
audioseal,5,english:1116,2,173,11402,tct,0.867349,0,-0.198123
audioseal,5,english:1116,2,173,44614,mean,0.929320,0,-6.847580
audioseal,5,english:1116,2,173,44614,tct,0.929320,0,-1.783334
audioseal,5,english:1116,2,173,8442,mean,1.073087,0,-4.787231
audioseal,5,english:1116,2,173,8442,tct,1.073087,0,-2.281057
audioseal,5,english:1116,2,173,26682,mean,1.073087,0,-2.293985
audioseal,5,english:1116,2,173,26682,tct,1.073087,0,-2.774067
audioseal,5,english:1116,2,173,11418,mean,1.110831,0,-2.883547
audioseal,5,english:1116,2,173,11418,tct,1.110831,0,-2.313995
audioseal,5,english:1116,2,173,9362,mean,1.110875,0,-3.122369
audioseal,5,english:1116,2,173,9362,tct,1.110875,0,-0.902964
audioseal,5,english:1116,2,173,9227,mean,1.148121,0,-4.643621
audioseal,5,english:1116,2,173,9227,tct,1.148121,0,-1.635678
audioseal,5,english:1116,2,173,18570,mean,1.154701,0,-4.623310
audioseal,5,english:1116,2,173,18570,tct,1.154701,0,-2.888482
audioseal,5,english:1116,2,173,17546,mean,1.154701,0,-6.581889
audioseal,5,english:1116,2,173,17546,tct,1.154701,0,-1.085922
audioseal,5,english:1116,2,173,43094,mean,1.180888,0,-3.289155
audioseal,5,english:1116,2,173,43094,tct,1.180888,0,-2.995156
audioseal,5,english:118,0,174,25388,mean,0.899172,0,-8.217444
audioseal,5,english:118,0,174,25388,tct,0.899172,0,-0.192894
audioseal,5,english:118,0,174,35127,mean,0.901775,0,-4.947149
audioseal,5,english:118,0,174,35127,tct,0.901775,0,-1.785773
audioseal,5,english:118,0,174,16940,mean,0.915811,0,-10.703452
audioseal,5,english:118,0,174,16940,tct,0.915811,0,-1.575266
audioseal,5,english:118,0,174,51941,mean,0.935414,0,-8.829985
audioseal,5,english:118,0,174,51941,tct,0.935414,0,-1.726542
audioseal,5,english:118,0,174,16932,mean,1.163975,0,-10.050067
audioseal,5,english:118,0,174,16932,tct,1.163975,0,-1.814158
audioseal,5,english:118,0,174,51303,mean,1.177682,0,-7.257344
audioseal,5,english:118,0,174,51303,tct,1.177682,0,-1.980258
audioseal,5,english:118,0,174,35047,mean,1.193956,0,-9.821057
audioseal,5,english:118,0,174,35047,tct,1.193956,0,-1.340839
audioseal,5,english:118,0,174,25132,mean,1.193956,0,-9.467648
audioseal,5,english:118,0,174,25132,tct,1.193956,0,-1.289282
audioseal,5,english:118,0,174,59617,mean,1.201850,0,-7.839402
audioseal,5,english:118,0,174,59617,tct,1.201850,0,-1.298865
audioseal,5,english:118,0,174,19372,mean,1.224745,0,-9.845496
audioseal,5,english:118,0,174,19372,tct,1.224745,0,-1.703815
audioseal,5,english:118,1,175,55160,mean,0.755929,0,-7.802331
audioseal,5,english:118,1,175,55160,tct,0.755929,0,-1.061946
audioseal,5,english:118,1,175,30171,mean,0.901388,0,-3.184239
audioseal,5,english:118,1,175,30171,tct,0.901388,0,-1.649417
audioseal,5,english:118,1,175,62328,mean,0.937043,0,-6.128407
audioseal,5,english:118,1,175,62328,tct,0.937043,0,-1.507317
audioseal,5,english:118,1,175,63919,mean,0.937715,0,-4.916910
audioseal,5,english:118,1,175,63919,tct,0.937715,0,-2.818959
audioseal,5,english:118,1,175,63886,mean,0.944089,0,-4.906689
audioseal,5,english:118,1,175,63886,tct,0.944089,0,-2.309962
audioseal,5,english:118,1,175,55288,mean,1.027402,0,-7.268103
audioseal,5,english:118,1,175,55288,tct,1.027402,0,-1.683511
audioseal,5,english:118,1,175,54619,mean,1.136753,0,-3.165865
audioseal,5,english:118,1,175,54619,tct,1.136753,0,-0.693135
audioseal,5,english:118,1,175,21981,mean,1.154701,0,-4.043499
audioseal,5,english:118,1,175,21981,tct,1.154701,0,-1.347674
audioseal,5,english:118,1,175,30169,mean,1.154701,0,-4.268703
audioseal,5,english:118,1,175,30169,tct,1.154701,0,-1.933779
audioseal,5,english:118,1,175,55673,mean,1.160239,0,-5.845842
audioseal,5,english:118,1,175,55673,tct,1.160239,0,-1.037537
audioseal,5,english:118,2,176,33984,mean,0.883176,0,-2.165746
audioseal,5,english:118,2,176,33984,tct,0.883176,0,-1.757979
audioseal,5,english:118,2,176,55517,mean,0.905311,0,-6.897136
audioseal,5,english:118,2,176,55517,tct,0.905311,0,-0.431015
audioseal,5,english:118,2,176,33985,mean,1.139034,0,-2.925529
audioseal,5,english:118,2,176,33985,tct,1.139034,0,-3.275064
audioseal,5,english:118,2,176,24029,mean,1.193816,0,-6.584072
audioseal,5,english:118,2,176,24029,tct,1.193816,0,-2.605873
audioseal,5,english:118,2,176,23007,mean,1.195229,0,-8.793452
audioseal,5,english:118,2,176,23007,tct,1.195229,0,-1.661684
audioseal,5,english:118,2,176,3265,mean,1.206045,0,-3.679574
audioseal,5,english:118,2,176,3265,tct,1.206045,0,-3.211303
audioseal,5,english:118,2,176,4288,mean,1.221028,0,-3.974343
audioseal,5,english:118,2,176,4288,tct,1.221028,0,-2.507564
audioseal,5,english:118,2,176,50761,mean,1.222158,0,-4.105558
audioseal,5,english:118,2,176,50761,tct,1.222158,0,-2.364290
audioseal,5,english:118,2,176,33025,mean,1.224745,0,-6.311401
audioseal,5,english:118,2,176,33025,tct,1.224745,0,-2.150220
audioseal,5,english:118,2,176,49669,mean,1.224745,0,-5.660391
audioseal,5,english:118,2,176,49669,tct,1.224745,0,-2.356981
audioseal,5,english:1183,0,177,35108,mean,0.859962,0,-4.155318
audioseal,5,english:1183,0,177,35108,tct,0.859962,0,-2.511437
audioseal,5,english:1183,0,177,54569,mean,0.894427,0,-4.877491
audioseal,5,english:1183,0,177,54569,tct,0.894427,0,-0.183232
audioseal,5,english:1183,0,177,34761,mean,0.901805,0,-4.986418
audioseal,5,english:1183,0,177,34761,tct,0.901805,0,-1.956875
audioseal,5,english:1183,0,177,51575,mean,0.916125,0,-4.961295
audioseal,5,english:1183,0,177,51575,tct,0.916125,0,-0.709753
audioseal,5,english:1183,0,177,35125,mean,1.047270,0,-2.007302
audioseal,5,english:1183,0,177,35125,tct,1.047270,0,-0.333904
audioseal,5,english:1183,0,177,49441,mean,1.112299,0,-3.736268
audioseal,5,english:1183,0,177,49441,tct,1.112299,0,-0.471737
audioseal,5,english:1183,0,177,33573,mean,1.156438,0,-2.672286
audioseal,5,english:1183,0,177,33573,tct,1.156438,0,-2.437749
audioseal,5,english:1183,0,177,53744,mean,1.166586,0,-6.565089
audioseal,5,english:1183,0,177,53744,tct,1.166586,0,-2.434582
audioseal,5,english:1183,0,177,34596,mean,1.169795,0,-5.426592
audioseal,5,english:1183,0,177,34596,tct,1.169795,0,-5.490867
audioseal,5,english:1183,0,177,4592,mean,1.174218,0,-7.377684
audioseal,5,english:1183,0,177,4592,tct,1.174218,0,-4.636744
audioseal,5,english:1183,1,178,62896,mean,0.902671,0,-6.598660
audioseal,5,english:1183,1,178,62896,tct,0.902671,0,-4.097736
audioseal,5,english:1183,1,178,40347,mean,0.925820,0,-3.584671
audioseal,5,english:1183,1,178,40347,tct,0.925820,0,-1.559222
audioseal,5,english:1183,1,178,62881,mean,0.942809,0,-8.813942
audioseal,5,english:1183,1,178,62881,tct,0.942809,0,-4.389912
audioseal,5,english:1183,1,178,39839,mean,0.978019,0,-3.239470
audioseal,5,english:1183,1,178,39839,tct,0.978019,0,-0.894800
audioseal,5,english:1183,1,178,61331,mean,1.073087,0,-4.534769
audioseal,5,english:1183,1,178,61331,tct,1.073087,0,-1.687277
audioseal,5,english:1183,1,178,37790,mean,1.102724,0,-2.960348
audioseal,5,english:1183,1,178,37790,tct,1.102724,0,-1.118125
audioseal,5,english:1183,1,178,64913,mean,1.128152,0,-5.490359
audioseal,5,english:1183,1,178,64913,tct,1.128152,0,-1.171394
audioseal,5,english:1183,1,178,37852,mean,1.131371,0,-5.406227
audioseal,5,english:1183,1,178,37852,tct,1.131371,0,-1.785328
audioseal,5,english:1183,1,178,37716,mean,1.148913,0,-5.278241
audioseal,5,english:1183,1,178,37716,tct,1.148913,0,-1.035806
audioseal,5,english:1183,1,178,37828,mean,1.148913,0,-5.485279
audioseal,5,english:1183,1,178,37828,tct,1.148913,0,-2.302887
audioseal,5,english:1183,2,179,37623,mean,0.875856,0,-5.235112
audioseal,5,english:1183,2,179,37623,tct,0.875856,1,0.458324
audioseal,5,english:1183,2,179,49059,mean,0.894427,0,-6.937905
audioseal,5,english:1183,2,179,49059,tct,0.894427,0,-0.196733
audioseal,5,english:1183,2,179,49025,mean,0.953463,0,-6.349572
audioseal,5,english:1183,2,179,49025,tct,0.953463,0,-2.310014
audioseal,5,english:1183,2,179,12662,mean,1.071008,0,-6.449998
audioseal,5,english:1183,2,179,12662,tct,1.071008,0,-2.306061
audioseal,5,english:1183,2,179,4982,mean,1.107261,0,-6.230067
audioseal,5,english:1183,2,179,4982,tct,1.107261,0,-2.020567
audioseal,5,english:1183,2,179,46983,mean,1.140175,0,-2.866161
audioseal,5,english:1183,2,179,46983,tct,1.140175,0,-1.654143
audioseal,5,english:1183,2,179,46775,mean,1.158216,0,-4.542919
audioseal,5,english:1183,2,179,46775,tct,1.158216,0,-0.889791
audioseal,5,english:1183,2,179,16323,mean,1.163975,0,-7.090165
audioseal,5,english:1183,2,179,16323,tct,1.163975,0,-2.919951
audioseal,5,english:1183,2,179,46039,mean,1.193734,0,-1.047705
audioseal,5,english:1183,2,179,46039,tct,1.193734,0,-0.517219
audioseal,5,english:1183,2,179,5875,mean,1.206045,0,-9.005942
audioseal,5,english:1183,2,179,5875,tct,1.206045,0,-3.837096
audioseal,5,english:1235,0,180,47641,mean,0.918937,0,-12.113061
audioseal,5,english:1235,0,180,47641,tct,0.918937,0,-1.066374
audioseal,5,english:1235,0,180,46169,mean,1.163975,0,-8.149313
audioseal,5,english:1235,0,180,46169,tct,1.163975,0,-2.753315
audioseal,5,english:1235,0,180,45273,mean,1.163975,0,-9.050328
audioseal,5,english:1235,0,180,45273,tct,1.163975,0,-3.751979
audioseal,5,english:1235,0,180,48665,mean,1.173788,0,-10.973004
audioseal,5,english:1235,0,180,48665,tct,1.173788,0,-1.051491
audioseal,5,english:1235,0,180,46800,mean,1.181620,0,-6.892037
audioseal,5,english:1235,0,180,46800,tct,1.181620,0,-2.309127
audioseal,5,english:1235,0,180,18070,mean,1.195229,0,-9.801995
audioseal,5,english:1235,0,180,18070,tct,1.195229,0,-1.964940
audioseal,5,english:1235,0,180,58576,mean,1.224745,0,-7.494550
audioseal,5,english:1235,0,180,58576,tct,1.224745,0,-3.236508
audioseal,5,english:1235,0,180,5265,mean,1.225703,0,-5.392328
audioseal,5,english:1235,0,180,5265,tct,1.225703,0,-3.558184
audioseal,5,english:1235,0,180,48217,mean,1.244342,0,-8.355618
audioseal,5,english:1235,0,180,48217,tct,1.244342,0,-2.282907
audioseal,5,english:1235,0,180,5650,mean,1.248473,0,-6.867632
audioseal,5,english:1235,0,180,5650,tct,1.248473,0,-2.032496
audioseal,5,english:1235,1,181,15054,mean,1.173477,0,-2.559223
audioseal,5,english:1235,1,181,15054,tct,1.173477,1,0.252725
audioseal,5,english:1235,1,181,28769,mean,1.184840,0,-4.676217
audioseal,5,english:1235,1,181,28769,tct,1.184840,0,-0.706838
audioseal,5,english:1235,1,181,31426,mean,1.189083,0,-4.667249
audioseal,5,english:1235,1,181,31426,tct,1.189083,0,-0.110710
audioseal,5,english:1235,1,181,21365,mean,1.193734,0,-4.773309
audioseal,5,english:1235,1,181,21365,tct,1.193734,0,-1.343682
audioseal,5,english:1235,1,181,4980,mean,1.193734,0,-5.272010
audioseal,5,english:1235,1,181,4980,tct,1.193734,0,-3.010664
audioseal,5,english:1235,1,181,31950,mean,1.194249,0,-5.816552
audioseal,5,english:1235,1,181,31950,tct,1.194249,1,0.091859
audioseal,5,english:1235,1,181,15229,mean,1.208941,0,-3.163846
audioseal,5,english:1235,1,181,15229,tct,1.208941,0,-0.973475
audioseal,5,english:1235,1,181,32491,mean,1.208941,0,-5.409015
audioseal,5,english:1235,1,181,32491,tct,1.208941,0,-2.978875
audioseal,5,english:1235,1,181,22626,mean,1.221028,0,-6.306767
audioseal,5,english:1235,1,181,22626,tct,1.221028,0,-0.858534
audioseal,5,english:1235,1,181,37612,mean,1.240240,0,-5.582562
audioseal,5,english:1235,1,181,37612,tct,1.240240,0,-1.138943
audioseal,5,english:1235,2,182,48506,mean,0.887625,0,-5.747768
audioseal,5,english:1235,2,182,48506,tct,0.887625,0,-0.078120
audioseal,5,english:1235,2,182,13650,mean,0.887625,0,-4.614422
audioseal,5,english:1235,2,182,13650,tct,0.887625,0,-2.210608
audioseal,5,english:1235,2,182,58865,mean,0.926906,0,-7.919351
audioseal,5,english:1235,2,182,58865,tct,0.926906,0,-1.264157
audioseal,5,english:1235,2,182,2152,mean,0.941979,0,-3.546684
audioseal,5,english:1235,2,182,2152,tct,0.941979,0,-1.084541
audioseal,5,english:1235,2,182,46321,mean,1.167748,0,-6.394877
audioseal,5,english:1235,2,182,46321,tct,1.167748,0,-2.191466
audioseal,5,english:1235,2,182,48625,mean,1.167748,0,-7.241820
audioseal,5,english:1235,2,182,48625,tct,1.167748,0,-1.704021
audioseal,5,english:1235,2,182,122,mean,1.189983,0,-4.018909
audioseal,5,english:1235,2,182,122,tct,1.189983,0,-3.539213
audioseal,5,english:1235,2,182,62577,mean,1.195229,0,-5.910026
audioseal,5,english:1235,2,182,62577,tct,1.195229,0,-1.079566
audioseal,5,english:1235,2,182,261,mean,1.264911,0,-7.642975
audioseal,5,english:1235,2,182,261,tct,1.264911,0,-4.381846
audioseal,5,english:1235,2,182,13810,mean,1.267217,0,-4.265294
audioseal,5,english:1235,2,182,13810,tct,1.267217,0,-2.391296
audioseal,5,english:1246,0,183,38374,mean,0.887954,0,-3.647817
audioseal,5,english:1246,0,183,38374,tct,0.887954,0,-1.086452
audioseal,5,english:1246,0,183,51632,mean,0.912871,0,-6.126824
audioseal,5,english:1246,0,183,51632,tct,0.912871,0,-2.009901
audioseal,5,english:1246,0,183,8391,mean,0.953463,0,-9.397754
audioseal,5,english:1246,0,183,8391,tct,0.953463,0,-3.683719
audioseal,5,english:1246,0,183,34278,mean,1.074172,0,-4.551063
audioseal,5,english:1246,0,183,34278,tct,1.074172,0,-1.180957
audioseal,5,english:1246,0,183,52512,mean,1.085729,0,-2.646111
audioseal,5,english:1246,0,183,52512,tct,1.085729,1,0.126604
audioseal,5,english:1246,0,183,54540,mean,1.162322,0,-2.803699
audioseal,5,english:1246,0,183,54540,tct,1.162322,0,-1.497996
audioseal,5,english:1246,0,183,42439,mean,1.171962,0,-7.717853
audioseal,5,english:1246,0,183,42439,tct,1.171962,0,-1.478766
audioseal,5,english:1246,0,183,64928,mean,1.207407,0,-4.056409
audioseal,5,english:1246,0,183,64928,tct,1.207407,0,-4.058036
audioseal,5,english:1246,0,183,47424,mean,1.208941,0,-7.087863
audioseal,5,english:1246,0,183,47424,tct,1.208941,0,-2.461287
audioseal,5,english:1246,0,183,37218,mean,1.224745,0,-4.128043
audioseal,5,english:1246,0,183,37218,tct,1.224745,0,-2.827668
audioseal,5,english:1246,1,184,40119,mean,0.881917,0,-8.100598
audioseal,5,english:1246,1,184,40119,tct,0.881917,1,0.035951
audioseal,5,english:1246,1,184,31615,mean,0.895412,0,-2.912967
audioseal,5,english:1246,1,184,31615,tct,0.895412,0,-0.160435
audioseal,5,english:1246,1,184,53143,mean,0.912469,0,-5.448594
audioseal,5,english:1246,1,184,53143,tct,0.912469,0,-0.643178
audioseal,5,english:1246,1,184,40103,mean,1.175908,0,-9.074439
audioseal,5,english:1246,1,184,40103,tct,1.175908,0,-1.017842
audioseal,5,english:1246,1,184,27177,mean,1.178911,0,-7.204376
audioseal,5,english:1246,1,184,27177,tct,1.178911,0,-3.537586
audioseal,5,english:1246,1,184,25133,mean,1.178911,0,-6.552045
audioseal,5,english:1246,1,184,25133,tct,1.178911,0,-2.546880
audioseal,5,english:1246,1,184,7343,mean,1.178911,0,-8.910783
audioseal,5,english:1246,1,184,7343,tct,1.178911,0,-2.549310
audioseal,5,english:1246,1,184,54935,mean,1.186077,0,-6.457147
audioseal,5,english:1246,1,184,54935,tct,1.186077,0,-1.500882
audioseal,5,english:1246,1,184,44911,mean,1.202538,0,-5.984995
audioseal,5,english:1246,1,184,44911,tct,1.202538,0,-3.540223
audioseal,5,english:1246,1,184,64361,mean,1.213954,0,-5.164599
audioseal,5,english:1246,1,184,64361,tct,1.213954,0,-1.214491
audioseal,5,english:1246,2,185,63769,mean,1.047270,0,-3.047337
audioseal,5,english:1246,2,185,63769,tct,1.047270,1,0.301819
audioseal,5,english:1246,2,185,61449,mean,1.066422,0,-4.964308
audioseal,5,english:1246,2,185,61449,tct,1.066422,0,-0.536757
audioseal,5,english:1246,2,185,30109,mean,1.109400,0,-4.882683
audioseal,5,english:1246,2,185,30109,tct,1.109400,0,-0.920136
audioseal,5,english:1246,2,185,62744,mean,1.128865,0,-5.231766
audioseal,5,english:1246,2,185,62744,tct,1.128865,1,0.417290
audioseal,5,english:1246,2,185,62077,mean,1.137593,0,-4.530998
audioseal,5,english:1246,2,185,62077,tct,1.137593,0,-2.412737
audioseal,5,english:1246,2,185,61529,mean,1.177751,0,-5.352433
audioseal,5,english:1246,2,185,61529,tct,1.177751,0,-1.699951
audioseal,5,english:1246,2,185,30653,mean,1.192512,0,-5.470926
audioseal,5,english:1246,2,185,30653,tct,1.192512,0,-2.472445
audioseal,5,english:1246,2,185,29305,mean,1.194349,0,-7.346371
audioseal,5,english:1246,2,185,29305,tct,1.194349,0,-2.565651
audioseal,5,english:1246,2,185,32509,mean,1.195229,0,-8.847113
audioseal,5,english:1246,2,185,32509,tct,1.195229,0,-5.774213
audioseal,5,english:1246,2,185,45449,mean,1.244596,0,-6.087851
audioseal,5,english:1246,2,185,45449,tct,1.244596,0,-1.729177
audioseal,5,english:125,0,186,24269,mean,0.888523,0,-2.012987
audioseal,5,english:125,0,186,24269,tct,0.888523,1,0.653722
audioseal,5,english:125,0,186,18665,mean,0.899172,0,-5.159966
audioseal,5,english:125,0,186,18665,tct,0.899172,0,-0.742005
audioseal,5,english:125,0,186,28114,mean,0.908357,0,-4.815668
audioseal,5,english:125,0,186,28114,tct,0.908357,0,-1.334258
audioseal,5,english:125,0,186,20045,mean,0.910927,0,-3.887347
audioseal,5,english:125,0,186,20045,tct,0.910927,0,-1.871717
audioseal,5,english:125,0,186,24140,mean,0.928191,0,-3.755957
audioseal,5,english:125,0,186,24140,tct,0.928191,0,-2.621348
audioseal,5,english:125,0,186,19961,mean,1.000000,0,-3.176038
audioseal,5,english:125,0,186,19961,tct,1.000000,0,-0.850225
audioseal,5,english:125,0,186,51961,mean,1.095445,0,-5.115025
audioseal,5,english:125,0,186,51961,tct,1.095445,0,-1.105403
audioseal,5,english:125,0,186,14186,mean,1.202561,0,-6.756027
audioseal,5,english:125,0,186,14186,tct,1.202561,0,-1.984413
audioseal,5,english:125,0,186,40825,mean,1.206045,0,-4.896318
audioseal,5,english:125,0,186,40825,tct,1.206045,0,-2.090713
audioseal,5,english:125,0,186,13690,mean,1.221501,0,-6.508930
audioseal,5,english:125,0,186,13690,tct,1.221501,0,-0.943163
audioseal,5,english:125,1,187,9969,mean,0.898717,0,-4.312089
audioseal,5,english:125,1,187,9969,tct,0.898717,0,-2.324780
audioseal,5,english:125,1,187,31436,mean,0.920844,0,-4.540250
audioseal,5,english:125,1,187,31436,tct,0.920844,0,-0.832563
audioseal,5,english:125,1,187,30925,mean,0.927961,0,-5.298415
audioseal,5,english:125,1,187,30925,tct,0.927961,0,-0.171587
audioseal,5,english:125,1,187,21181,mean,0.935414,0,-2.937970
audioseal,5,english:125,1,187,21181,tct,0.935414,0,-2.820012
audioseal,5,english:125,1,187,30796,mean,0.963624,0,-6.799059
audioseal,5,english:125,1,187,30796,tct,0.963624,0,-1.362491
audioseal,5,english:125,1,187,562,mean,1.163849,0,-4.788095
audioseal,5,english:125,1,187,562,tct,1.163849,0,-0.880425
audioseal,5,english:125,1,187,1725,mean,1.163849,0,-3.073689
audioseal,5,english:125,1,187,1725,tct,1.163849,0,-3.223078
audioseal,5,english:125,1,187,34416,mean,1.190794,0,-7.319692
audioseal,5,english:125,1,187,34416,tct,1.190794,0,-1.769840
audioseal,5,english:125,1,187,1720,mean,1.190874,0,-4.201758
audioseal,5,english:125,1,187,1720,tct,1.190874,0,-1.089441
audioseal,5,english:125,1,187,1723,mean,1.190874,0,-3.905117
audioseal,5,english:125,1,187,1723,tct,1.190874,0,-1.174151
audioseal,5,english:125,2,188,18350,mean,0.930226,0,-5.226918
audioseal,5,english:125,2,188,18350,tct,0.930226,0,-2.559063
audioseal,5,english:125,2,188,48852,mean,0.942809,0,-7.017963
audioseal,5,english:125,2,188,48852,tct,0.942809,0,-2.374622
audioseal,5,english:125,2,188,26534,mean,0.948683,0,-5.849207
audioseal,5,english:125,2,188,26534,tct,0.948683,0,-3.914492
audioseal,5,english:125,2,188,18214,mean,0.953463,0,-5.216129
audioseal,5,english:125,2,188,18214,tct,0.953463,0,-2.510539
audioseal,5,english:125,2,188,36052,mean,1.123903,0,-3.446946
audioseal,5,english:125,2,188,36052,tct,1.123903,1,0.178303
audioseal,5,english:125,2,188,36955,mean,1.154701,0,-7.196087
audioseal,5,english:125,2,188,36955,tct,1.154701,0,-2.302603
audioseal,5,english:125,2,188,9471,mean,1.154701,0,-3.382557
audioseal,5,english:125,2,188,9471,tct,1.154701,0,-4.509076
audioseal,5,english:125,2,188,42207,mean,1.169583,0,-4.978581
audioseal,5,english:125,2,188,42207,tct,1.169583,0,-1.088745
audioseal,5,english:125,2,188,1247,mean,1.183500,0,-2.687414
audioseal,5,english:125,2,188,1247,tct,1.183500,1,0.327807
audioseal,5,english:125,2,188,8445,mean,1.193734,0,-5.379974
audioseal,5,english:125,2,188,8445,tct,1.193734,0,-2.881958
audioseal,5,english:1263,0,189,9659,mean,0.784465,0,-4.266759
audioseal,5,english:1263,0,189,9659,tct,0.784465,0,-0.411840
audioseal,5,english:1263,0,189,57549,mean,0.925820,0,-8.445917
audioseal,5,english:1263,0,189,57549,tct,0.925820,0,-1.909215
audioseal,5,english:1263,0,189,14267,mean,1.000000,0,-6.530474
audioseal,5,english:1263,0,189,14267,tct,1.000000,0,-2.340068
audioseal,5,english:1263,0,189,42683,mean,1.189384,0,-5.209450
audioseal,5,english:1263,0,189,42683,tct,1.189384,0,-2.042575
audioseal,5,english:1263,0,189,1274,mean,1.190874,0,-2.288885
audioseal,5,english:1263,0,189,1274,tct,1.190874,0,-2.661110
audioseal,5,english:1263,0,189,32822,mean,1.190874,0,-4.788967
audioseal,5,english:1263,0,189,32822,tct,1.190874,0,-4.318122
audioseal,5,english:1263,0,189,57480,mean,1.195229,0,-5.075768
audioseal,5,english:1263,0,189,57480,tct,1.195229,0,-0.605404
audioseal,5,english:1263,0,189,52274,mean,1.221028,0,-4.060032
audioseal,5,english:1263,0,189,52274,tct,1.221028,0,-2.220306
audioseal,5,english:1263,0,189,49333,mean,1.221501,0,-6.941810
audioseal,5,english:1263,0,189,49333,tct,1.221501,0,-4.709314
audioseal,5,english:1263,0,189,49352,mean,1.224745,0,-5.188732
audioseal,5,english:1263,0,189,49352,tct,1.224745,0,-1.952040
audioseal,5,english:1263,1,190,9195,mean,0.879883,0,-5.130955
audioseal,5,english:1263,1,190,9195,tct,0.879883,0,-1.406181
audioseal,5,english:1263,1,190,36175,mean,0.911770,0,-6.086515
audioseal,5,english:1263,1,190,36175,tct,0.911770,0,-1.284561
audioseal,5,english:1263,1,190,16861,mean,1.185498,0,-4.391361
audioseal,5,english:1263,1,190,16861,tct,1.185498,0,-2.075426
audioseal,5,english:1263,1,190,48591,mean,1.190874,0,-5.676345
audioseal,5,english:1263,1,190,48591,tct,1.190874,0,-3.594557
audioseal,5,english:1263,1,190,29143,mean,1.190874,0,-5.275270
audioseal,5,english:1263,1,190,29143,tct,1.190874,0,-0.374566
audioseal,5,english:1263,1,190,29125,mean,1.190874,0,-4.501415
audioseal,5,english:1263,1,190,29125,tct,1.190874,0,-0.488328
audioseal,5,english:1263,1,190,25429,mean,1.195229,0,-3.031297
audioseal,5,english:1263,1,190,25429,tct,1.195229,0,-0.627019
audioseal,5,english:1263,1,190,40299,mean,1.208941,0,-8.192606
audioseal,5,english:1263,1,190,40299,tct,1.208941,0,-1.815221
audioseal,5,english:1263,1,190,8941,mean,1.211646,0,-4.177128
audioseal,5,english:1263,1,190,8941,tct,1.211646,0,-1.628472
audioseal,5,english:1263,1,190,10797,mean,1.224745,0,-4.877273
audioseal,5,english:1263,1,190,10797,tct,1.224745,0,-2.677622
audioseal,5,english:1263,2,191,42555,mean,0.925820,0,-8.154672
audioseal,5,english:1263,2,191,42555,tct,0.925820,0,-0.795685
audioseal,5,english:1263,2,191,4989,mean,1.084769,0,-3.979589
audioseal,5,english:1263,2,191,4989,tct,1.084769,0,-1.021308
audioseal,5,english:1263,2,191,45689,mean,1.176697,0,-4.275374
audioseal,5,english:1263,2,191,45689,tct,1.176697,0,-2.105798
audioseal,5,english:1263,2,191,45595,mean,1.183216,0,-4.059620
audioseal,5,english:1263,2,191,45595,tct,1.183216,0,-0.341410
audioseal,5,english:1263,2,191,50139,mean,1.208081,0,-6.627687
audioseal,5,english:1263,2,191,50139,tct,1.208081,0,-1.795219
audioseal,5,english:1263,2,191,39913,mean,1.208941,0,-7.188798
audioseal,5,english:1263,2,191,39913,tct,1.208941,0,-2.474690
audioseal,5,english:1263,2,191,37133,mean,1.211060,0,-4.472213
audioseal,5,english:1263,2,191,37133,tct,1.211060,0,-1.905139
audioseal,5,english:1263,2,191,7144,mean,1.224745,0,-10.073202
audioseal,5,english:1263,2,191,7144,tct,1.224745,0,-4.605019
audioseal,5,english:1263,2,191,33371,mean,1.278521,0,-5.866853
audioseal,5,english:1263,2,191,33371,tct,1.278521,0,-3.064329
audioseal,5,english:1263,2,191,15997,mean,1.287220,0,-6.179253
audioseal,5,english:1263,2,191,15997,tct,1.287220,0,-2.206412
audioseal,5,english:1334,0,192,9823,mean,0.868115,0,-1.073770
audioseal,5,english:1334,0,192,9823,tct,0.868115,1,0.078878
audioseal,5,english:1334,0,192,2683,mean,0.884652,0,-3.549476
audioseal,5,english:1334,0,192,2683,tct,0.884652,0,-1.024979
audioseal,5,english:1334,0,192,19195,mean,0.923936,0,-5.478088
audioseal,5,english:1334,0,192,19195,tct,0.923936,0,-2.157565
audioseal,5,english:1334,0,192,58975,mean,0.925820,0,-2.782378
audioseal,5,english:1334,0,192,58975,tct,0.925820,0,-0.917938
audioseal,5,english:1334,0,192,11871,mean,1.054093,0,-0.311014
audioseal,5,english:1334,0,192,11871,tct,1.054093,1,0.052939
audioseal,5,english:1334,0,192,2651,mean,1.063219,0,-2.198426
audioseal,5,english:1334,0,192,2651,tct,1.063219,0,-0.059649
audioseal,5,english:1334,0,192,61196,mean,1.095445,0,-5.610579
audioseal,5,english:1334,0,192,61196,tct,1.095445,0,-2.073009
audioseal,5,english:1334,0,192,9819,mean,1.122884,0,-2.433716
audioseal,5,english:1334,0,192,9819,tct,1.122884,0,-2.173478
audioseal,5,english:1334,0,192,747,mean,1.154701,0,-6.020583
audioseal,5,english:1334,0,192,747,tct,1.154701,0,-2.102476
audioseal,5,english:1334,0,192,28287,mean,1.158216,0,-2.406617
audioseal,5,english:1334,0,192,28287,tct,1.158216,0,-1.556743
audioseal,5,english:1334,1,193,3286,mean,0.952579,0,-11.919206
audioseal,5,english:1334,1,193,3286,tct,0.952579,0,-2.627658
audioseal,5,english:1334,1,193,29227,mean,1.140175,0,-7.511320
audioseal,5,english:1334,1,193,29227,tct,1.140175,0,-1.276460
audioseal,5,english:1334,1,193,62253,mean,1.176697,0,-6.026370
audioseal,5,english:1334,1,193,62253,tct,1.176697,0,-2.814869
audioseal,5,english:1334,1,193,6739,mean,1.195229,0,-7.058431
audioseal,5,english:1334,1,193,6739,tct,1.195229,0,-0.828339
audioseal,5,english:1334,1,193,65085,mean,1.213954,0,-5.999630
audioseal,5,english:1334,1,193,65085,tct,1.213954,0,-3.719744
audioseal,5,english:1334,1,193,32302,mean,1.213954,0,-7.978868
audioseal,5,english:1334,1,193,32302,tct,1.213954,0,-0.741189
audioseal,5,english:1334,1,193,37149,mean,1.218142,0,-4.771270
audioseal,5,english:1334,1,193,37149,tct,1.218142,0,-2.268492
audioseal,5,english:1334,1,193,7898,mean,1.264911,0,-8.734870
audioseal,5,english:1334,1,193,7898,tct,1.264911,0,-2.694521
audioseal,5,english:1334,1,193,14906,mean,1.270858,0,-5.717752
audioseal,5,english:1334,1,193,14906,tct,1.270858,0,-3.224082
audioseal,5,english:1334,1,193,14911,mean,1.274755,0,-3.156944
audioseal,5,english:1334,1,193,14911,tct,1.274755,0,-1.004148
audioseal,5,english:1334,2,194,43723,mean,0.912871,0,-5.357024
audioseal,5,english:1334,2,194,43723,tct,0.912871,0,-2.179642
audioseal,5,english:1334,2,194,27153,mean,0.944089,0,-5.315229
audioseal,5,english:1334,2,194,27153,tct,0.944089,0,-0.870218
audioseal,5,english:1334,2,194,15548,mean,0.944089,0,-4.685184
audioseal,5,english:1334,2,194,15548,tct,0.944089,0,-1.285825
audioseal,5,english:1334,2,194,43691,mean,0.944089,0,-5.140306
audioseal,5,english:1334,2,194,43691,tct,0.944089,0,-1.561601
audioseal,5,english:1334,2,194,7348,mean,0.953463,0,-6.562472
audioseal,5,english:1334,2,194,7348,tct,0.953463,0,-1.201369
audioseal,5,english:1334,2,194,7613,mean,1.074172,0,-4.335390
audioseal,5,english:1334,2,194,7613,tct,1.074172,0,-1.696723
audioseal,5,english:1334,2,194,59915,mean,1.091928,0,-5.369105
audioseal,5,english:1334,2,194,59915,tct,1.091928,0,-1.714924
audioseal,5,english:1334,2,194,23724,mean,1.208941,0,-5.604024
audioseal,5,english:1334,2,194,23724,tct,1.208941,0,-0.691782
audioseal,5,english:1334,2,194,3772,mean,1.228990,0,-5.579295
audioseal,5,english:1334,2,194,3772,tct,1.228990,0,-2.457770
audioseal,5,english:1334,2,194,10785,mean,1.228990,0,-5.713111
audioseal,5,english:1334,2,194,10785,tct,1.228990,0,-1.872132
audioseal,5,english:1355,0,195,21428,mean,1.164965,0,-3.587760
audioseal,5,english:1355,0,195,21428,tct,1.164965,0,-0.593091
audioseal,5,english:1355,0,195,20239,mean,1.192928,0,-3.343459
audioseal,5,english:1355,0,195,20239,tct,1.192928,0,-1.685123
audioseal,5,english:1355,0,195,20284,mean,1.193416,0,-1.449696
audioseal,5,english:1355,0,195,20284,tct,1.193416,0,-1.332424
audioseal,5,english:1355,0,195,29963,mean,1.193956,0,-5.330556
audioseal,5,english:1355,0,195,29963,tct,1.193956,0,-2.374692
audioseal,5,english:1355,0,195,19725,mean,1.195229,0,-4.183388
audioseal,5,english:1355,0,195,19725,tct,1.195229,0,-2.098816
audioseal,5,english:1355,0,195,16319,mean,1.238278,0,-6.181614
audioseal,5,english:1355,0,195,16319,tct,1.238278,0,-1.500890
audioseal,5,english:1355,0,195,21380,mean,1.246423,0,-4.186130
audioseal,5,english:1355,0,195,21380,tct,1.246423,0,-2.168073
audioseal,5,english:1355,0,195,39798,mean,1.246423,0,-6.004483
audioseal,5,english:1355,0,195,39798,tct,1.246423,0,-1.334161
audioseal,5,english:1355,0,195,25890,mean,1.260850,0,-1.710336
audioseal,5,english:1355,0,195,25890,tct,1.260850,1,0.098799
audioseal,5,english:1355,0,195,9486,mean,1.260850,0,-3.993055
audioseal,5,english:1355,0,195,9486,tct,1.260850,0,-3.637475
audioseal,5,english:1355,1,196,4872,mean,0.853067,0,-3.506945
audioseal,5,english:1355,1,196,4872,tct,0.853067,0,-0.358615
audioseal,5,english:1355,1,196,43744,mean,0.922476,0,-6.116497
audioseal,5,english:1355,1,196,43744,tct,0.922476,0,-0.551250
audioseal,5,english:1355,1,196,13068,mean,0.925820,0,-6.238275
audioseal,5,english:1355,1,196,13068,tct,0.925820,0,-0.607433
audioseal,5,english:1355,1,196,610,mean,1.110875,0,-1.139604
audioseal,5,english:1355,1,196,610,tct,1.110875,0,-0.816749
audioseal,5,english:1355,1,196,5901,mean,1.150035,0,-6.190886
audioseal,5,english:1355,1,196,5901,tct,1.150035,0,-3.276248
audioseal,5,english:1355,1,196,20745,mean,1.154701,0,-5.843703
audioseal,5,english:1355,1,196,20745,tct,1.154701,0,-2.338104
audioseal,5,english:1355,1,196,3808,mean,1.218667,0,-3.823022
audioseal,5,english:1355,1,196,3808,tct,1.218667,0,-1.984144
audioseal,5,english:1355,1,196,16651,mean,1.219500,0,-6.719046
audioseal,5,english:1355,1,196,16651,tct,1.219500,0,-2.912107
audioseal,5,english:1355,1,196,57963,mean,1.230734,0,-6.375246
audioseal,5,english:1355,1,196,57963,tct,1.230734,0,-1.874667
audioseal,5,english:1355,1,196,14092,mean,1.250806,0,-6.635594
audioseal,5,english:1355,1,196,14092,tct,1.250806,0,-1.421310
audioseal,5,english:1355,2,197,62277,mean,0.910131,0,-9.376297
audioseal,5,english:1355,2,197,62277,tct,0.910131,1,0.026018
audioseal,5,english:1355,2,197,7691,mean,0.910927,0,-6.116488
audioseal,5,english:1355,2,197,7691,tct,0.910927,0,-4.554637
audioseal,5,english:1355,2,197,61509,mean,0.916125,0,-8.002407
audioseal,5,english:1355,2,197,61509,tct,0.916125,0,-1.046687
audioseal,5,english:1355,2,197,38594,mean,0.942809,0,-4.143161
audioseal,5,english:1355,2,197,38594,tct,0.942809,0,-2.965971
audioseal,5,english:1355,2,197,40522,mean,1.118034,0,-4.518190
audioseal,5,english:1355,2,197,40522,tct,1.118034,0,-2.700611
audioseal,5,english:1355,2,197,8042,mean,1.145644,0,-3.066415
audioseal,5,english:1355,2,197,8042,tct,1.145644,0,-0.158821
audioseal,5,english:1355,2,197,5674,mean,1.145644,0,-2.992652
audioseal,5,english:1355,2,197,5674,tct,1.145644,0,-2.867179
audioseal,5,english:1355,2,197,46918,mean,1.167748,0,-6.792482
audioseal,5,english:1355,2,197,46918,tct,1.167748,0,-0.346410
audioseal,5,english:1355,2,197,9838,mean,1.195229,0,-4.983846
audioseal,5,english:1355,2,197,9838,tct,1.195229,0,-1.480246
audioseal,5,english:1355,2,197,1902,mean,1.195229,0,-4.265082
audioseal,5,english:1355,2,197,1902,tct,1.195229,0,-1.197525
audioseal,5,english:1363,0,198,15244,mean,0.935414,0,-4.692076
audioseal,5,english:1363,0,198,15244,tct,0.935414,0,-0.851256
audioseal,5,english:1363,0,198,49377,mean,1.148542,0,-6.544714
audioseal,5,english:1363,0,198,49377,tct,1.148542,0,-1.924025
audioseal,5,english:1363,0,198,39552,mean,1.164965,0,-6.872940
audioseal,5,english:1363,0,198,39552,tct,1.164965,0,-1.773636
audioseal,5,english:1363,0,198,53891,mean,1.185013,0,-3.505988
audioseal,5,english:1363,0,198,53891,tct,1.185013,0,-1.117702
audioseal,5,english:1363,0,198,53601,mean,1.193956,0,-4.450001
audioseal,5,english:1363,0,198,53601,tct,1.193956,0,-1.346756
audioseal,5,english:1363,0,198,55968,mean,1.195229,0,-7.750705
audioseal,5,english:1363,0,198,55968,tct,1.195229,0,-1.083707
audioseal,5,english:1363,0,198,22307,mean,1.200921,0,-5.682129
audioseal,5,english:1363,0,198,22307,tct,1.200921,0,-2.539748
audioseal,5,english:1363,0,198,55073,mean,1.211920,0,-5.693925
audioseal,5,english:1363,0,198,55073,tct,1.211920,0,-2.047250
audioseal,5,english:1363,0,198,16493,mean,1.221501,0,-5.971127
audioseal,5,english:1363,0,198,16493,tct,1.221501,0,-2.651259
audioseal,5,english:1363,0,198,16613,mean,1.221501,0,-6.100817
audioseal,5,english:1363,0,198,16613,tct,1.221501,0,-4.057154
audioseal,5,english:1363,1,199,11884,mean,0.875618,0,-2.013819
audioseal,5,english:1363,1,199,11884,tct,0.875618,0,-0.904404
audioseal,5,english:1363,1,199,15982,mean,0.901388,0,-2.822803
audioseal,5,english:1363,1,199,15982,tct,0.901388,1,0.070396
audioseal,5,english:1363,1,199,23784,mean,0.908232,0,-2.242465
audioseal,5,english:1363,1,199,23784,tct,0.908232,1,0.353567
audioseal,5,english:1363,1,199,11880,mean,1.063757,0,-1.568316
audioseal,5,english:1363,1,199,11880,tct,1.063757,0,-1.760913
audioseal,5,english:1363,1,199,25829,mean,1.125736,0,-2.281419
audioseal,5,english:1363,1,199,25829,tct,1.125736,0,-1.029130
audioseal,5,english:1363,1,199,48746,mean,1.145644,0,-3.367672
audioseal,5,english:1363,1,199,48746,tct,1.145644,0,-2.050669
audioseal,5,english:1363,1,199,52457,mean,1.189384,0,-4.333144
audioseal,5,english:1363,1,199,52457,tct,1.189384,0,-3.427059
audioseal,5,english:1363,1,199,46832,mean,1.193416,0,-3.509973
audioseal,5,english:1363,1,199,46832,tct,1.193416,0,-0.678826
audioseal,5,english:1363,1,199,28394,mean,1.193734,0,-2.725598
audioseal,5,english:1363,1,199,28394,tct,1.193734,0,-1.090540
audioseal,5,english:1363,1,199,25441,mean,1.209717,0,-4.005078
audioseal,5,english:1363,1,199,25441,tct,1.209717,0,-0.701314
audioseal,5,english:1363,2,200,17219,mean,0.933257,0,-4.743333
audioseal,5,english:1363,2,200,17219,tct,0.933257,0,-1.755109
audioseal,5,english:1363,2,200,3380,mean,1.000000,0,-8.076602
audioseal,5,english:1363,2,200,3380,tct,1.000000,0,-3.490752
audioseal,5,english:1363,2,200,52211,mean,1.190874,0,-4.371386
audioseal,5,english:1363,2,200,52211,tct,1.190874,0,-2.834618
audioseal,5,english:1363,2,200,45767,mean,1.190874,0,-2.486107
audioseal,5,english:1363,2,200,45767,tct,1.190874,0,-2.031083
audioseal,5,english:1363,2,200,45815,mean,1.195229,0,-2.835016
audioseal,5,english:1363,2,200,45815,tct,1.195229,0,-2.328795
audioseal,5,english:1363,2,200,61951,mean,1.195229,0,-2.792985
audioseal,5,english:1363,2,200,61951,tct,1.195229,0,-1.219897
audioseal,5,english:1363,2,200,21058,mean,1.218142,0,-5.130606
audioseal,5,english:1363,2,200,21058,tct,1.218142,0,-1.343385
audioseal,5,english:1363,2,200,43734,mean,1.224745,0,-2.253288
audioseal,5,english:1363,2,200,43734,tct,1.224745,0,-3.245741
audioseal,5,english:1363,2,200,56043,mean,1.224745,0,-6.609774
audioseal,5,english:1363,2,200,56043,tct,1.224745,0,-5.785977
audioseal,5,english:1363,2,200,21235,mean,1.224745,0,-5.169963
audioseal,5,english:1363,2,200,21235,tct,1.224745,0,-3.852253
audioseal,5,english:1447,0,201,2987,mean,0.922531,0,-8.158556
audioseal,5,english:1447,0,201,2987,tct,0.922531,0,-2.972580
audioseal,5,english:1447,0,201,11243,mean,0.928191,0,-7.953560
audioseal,5,english:1447,0,201,11243,tct,0.928191,0,-2.132326
audioseal,5,english:1447,0,201,27925,mean,1.148542,0,-4.199060
audioseal,5,english:1447,0,201,27925,tct,1.148542,0,-1.731169
audioseal,5,english:1447,0,201,19226,mean,1.172604,0,-4.290153
audioseal,5,english:1447,0,201,19226,tct,1.172604,0,-1.766609
audioseal,5,english:1447,0,201,2979,mean,1.185013,0,-8.097816
audioseal,5,english:1447,0,201,2979,tct,1.185013,0,-2.865368
audioseal,5,english:1447,0,201,20691,mean,1.190852,0,-7.253284
audioseal,5,english:1447,0,201,20691,tct,1.190852,0,-1.515712
audioseal,5,english:1447,0,201,17619,mean,1.190874,0,-9.252934
audioseal,5,english:1447,0,201,17619,tct,1.190874,0,-4.810702
audioseal,5,english:1447,0,201,27956,mean,1.194121,0,-7.137724
audioseal,5,english:1447,0,201,27956,tct,1.194121,0,-4.842488
audioseal,5,english:1447,0,201,27953,mean,1.195229,0,-7.123998
audioseal,5,english:1447,0,201,27953,tct,1.195229,0,-5.062676
audioseal,5,english:1447,0,201,24279,mean,1.202561,0,-5.096409
audioseal,5,english:1447,0,201,24279,tct,1.202561,0,-1.618391
audioseal,5,english:1447,1,202,28490,mean,0.917663,0,-5.613678
audioseal,5,english:1447,1,202,28490,tct,0.917663,0,-2.681605
audioseal,5,english:1447,1,202,26026,mean,0.925820,0,-3.092151
audioseal,5,english:1447,1,202,26026,tct,0.925820,0,-0.679086
audioseal,5,english:1447,1,202,55614,mean,0.948683,0,-5.212621
audioseal,5,english:1447,1,202,55614,tct,0.948683,0,-1.086237
audioseal,5,english:1447,1,202,59838,mean,1.058301,0,-3.124852
audioseal,5,english:1447,1,202,59838,tct,1.058301,0,-0.730738
audioseal,5,english:1447,1,202,27066,mean,1.118656,0,-1.532186
audioseal,5,english:1447,1,202,27066,tct,1.118656,1,0.068092
audioseal,5,english:1447,1,202,64826,mean,1.123641,0,-2.893169
audioseal,5,english:1447,1,202,64826,tct,1.123641,0,-1.198958
audioseal,5,english:1447,1,202,12215,mean,1.148099,0,-4.458351
audioseal,5,english:1447,1,202,12215,tct,1.148099,0,-0.900522
audioseal,5,english:1447,1,202,62906,mean,1.154701,0,-3.574689
audioseal,5,english:1447,1,202,62906,tct,1.154701,0,-1.667384
audioseal,5,english:1447,1,202,2999,mean,1.154701,0,-5.832170
audioseal,5,english:1447,1,202,2999,tct,1.154701,0,-3.423609
audioseal,5,english:1447,1,202,4011,mean,1.193416,0,-6.156075
audioseal,5,english:1447,1,202,4011,tct,1.193416,0,-3.892542
audioseal,5,english:1447,2,203,29371,mean,0.889757,0,-5.149668
audioseal,5,english:1447,2,203,29371,tct,0.889757,0,-1.495229
audioseal,5,english:1447,2,203,21145,mean,0.894427,0,-5.060020
audioseal,5,english:1447,2,203,21145,tct,0.894427,0,-1.280670
audioseal,5,english:1447,2,203,58043,mean,0.924416,0,-5.148095
audioseal,5,english:1447,2,203,58043,tct,0.924416,0,-2.593426
audioseal,5,english:1447,2,203,21404,mean,1.095445,0,-3.951296
audioseal,5,english:1447,2,203,21404,tct,1.095445,0,-0.048198
audioseal,5,english:1447,2,203,54204,mean,1.095445,0,-4.208630
audioseal,5,english:1447,2,203,54204,tct,1.095445,0,-1.491800
audioseal,5,english:1447,2,203,23230,mean,1.144703,0,-6.987354
audioseal,5,english:1447,2,203,23230,tct,1.144703,0,-0.048916
audioseal,5,english:1447,2,203,21407,mean,1.154701,0,-2.033014
audioseal,5,english:1447,2,203,21407,tct,1.154701,0,-0.947480
audioseal,5,english:1447,2,203,34300,mean,1.164965,0,-11.038161
audioseal,5,english:1447,2,203,34300,tct,1.164965,0,-0.035793
audioseal,5,english:1447,2,203,52156,mean,1.195229,0,-6.535347
audioseal,5,english:1447,2,203,52156,tct,1.195229,0,-2.029295
audioseal,5,english:1447,2,203,52159,mean,1.236033,0,-4.617065
audioseal,5,english:1447,2,203,52159,tct,1.236033,0,-2.251654
audioseal,5,english:1455,0,204,26394,mean,0.846990,0,-3.134017
audioseal,5,english:1455,0,204,26394,tct,0.846990,0,-1.238201
audioseal,5,english:1455,0,204,25688,mean,0.910259,0,-8.069082
audioseal,5,english:1455,0,204,25688,tct,0.910259,0,-1.972618
audioseal,5,english:1455,0,204,50871,mean,1.000000,0,-7.370811
audioseal,5,english:1455,0,204,50871,tct,1.000000,0,-2.591306
audioseal,5,english:1455,0,204,41874,mean,1.000000,0,-2.258777
audioseal,5,english:1455,0,204,41874,tct,1.000000,0,-1.649988
audioseal,5,english:1455,0,204,25530,mean,1.052946,0,-2.270982
audioseal,5,english:1455,0,204,25530,tct,1.052946,0,-1.586912
audioseal,5,english:1455,0,204,59030,mean,1.084652,0,-4.093863
audioseal,5,english:1455,0,204,59030,tct,1.084652,0,-1.442149
audioseal,5,english:1455,0,204,58938,mean,1.121224,0,-5.955609
audioseal,5,english:1455,0,204,58938,tct,1.121224,0,-1.718099
audioseal,5,english:1455,0,204,60338,mean,1.138990,0,-3.048679
audioseal,5,english:1455,0,204,60338,tct,1.138990,0,-2.061108
audioseal,5,english:1455,0,204,24952,mean,1.154701,0,-7.182286
audioseal,5,english:1455,0,204,24952,tct,1.154701,0,-1.675200
audioseal,5,english:1455,0,204,26770,mean,1.183216,0,-3.465087
audioseal,5,english:1455,0,204,26770,tct,1.183216,0,-1.011111
audioseal,5,english:1455,1,205,32628,mean,0.903211,0,-6.249120
audioseal,5,english:1455,1,205,32628,tct,0.903211,0,-2.470985
audioseal,5,english:1455,1,205,19413,mean,0.912871,0,-6.950402
audioseal,5,english:1455,1,205,19413,tct,0.912871,1,0.569561
audioseal,5,english:1455,1,205,22002,mean,1.122167,0,-0.263113
audioseal,5,english:1455,1,205,22002,tct,1.122167,0,-1.130901
audioseal,5,english:1455,1,205,17910,mean,1.127676,0,-0.956804
audioseal,5,english:1455,1,205,17910,tct,1.127676,0,-1.101497
audioseal,5,english:1455,1,205,19797,mean,1.147079,0,-5.480224
audioseal,5,english:1455,1,205,19797,tct,1.147079,0,-1.251598
audioseal,5,english:1455,1,205,30196,mean,1.153563,0,-3.443837
audioseal,5,english:1455,1,205,30196,tct,1.153563,0,-0.885167
audioseal,5,english:1455,1,205,29044,mean,1.186342,0,-5.244246
audioseal,5,english:1455,1,205,29044,tct,1.186342,0,-0.729437
audioseal,5,english:1455,1,205,32242,mean,1.224745,0,-2.666404
audioseal,5,english:1455,1,205,32242,tct,1.224745,0,-0.933048
audioseal,5,english:1455,1,205,25459,mean,1.232282,0,-5.817791
audioseal,5,english:1455,1,205,25459,tct,1.232282,0,-2.510127
audioseal,5,english:1455,1,205,32080,mean,1.239239,0,-5.174848
audioseal,5,english:1455,1,205,32080,tct,1.239239,0,-2.451900
audioseal,5,english:1455,2,206,42148,mean,0.864870,0,-3.326630
audioseal,5,english:1455,2,206,42148,tct,0.864870,1,0.364564
audioseal,5,english:1455,2,206,59430,mean,0.893782,0,-4.386817
audioseal,5,english:1455,2,206,59430,tct,0.893782,0,-3.586048
audioseal,5,english:1455,2,206,45472,mean,0.901110,0,-6.763386
audioseal,5,english:1455,2,206,45472,tct,0.901110,1,0.040802
audioseal,5,english:1455,2,206,59687,mean,0.928191,0,-6.686916
audioseal,5,english:1455,2,206,59687,tct,0.928191,0,-2.632711
audioseal,5,english:1455,2,206,24564,mean,0.930949,0,-5.658497
audioseal,5,english:1455,2,206,24564,tct,0.930949,0,-1.559232
audioseal,5,english:1455,2,206,52310,mean,1.128152,0,-4.331272
audioseal,5,english:1455,2,206,52310,tct,1.128152,0,-1.271062
audioseal,5,english:1455,2,206,59942,mean,1.154701,0,-5.615876
audioseal,5,english:1455,2,206,59942,tct,1.154701,0,-1.758142
audioseal,5,english:1455,2,206,43559,mean,1.193956,0,-6.349800
audioseal,5,english:1455,2,206,43559,tct,1.193956,0,-1.058137
audioseal,5,english:1455,2,206,43090,mean,1.195229,0,-6.725169
audioseal,5,english:1455,2,206,43090,tct,1.195229,0,-4.948991
audioseal,5,english:1455,2,206,63655,mean,1.202561,0,-5.598246
audioseal,5,english:1455,2,206,63655,tct,1.202561,0,-2.362510
audioseal,5,english:150,0,207,56451,mean,0.948683,0,-4.720663
audioseal,5,english:150,0,207,56451,tct,0.948683,0,-1.176922
audioseal,5,english:150,0,207,22052,mean,1.058301,0,-6.727751
audioseal,5,english:150,0,207,22052,tct,1.058301,0,-1.685240
audioseal,5,english:150,0,207,56452,mean,1.059222,0,-4.047889
audioseal,5,english:150,0,207,56452,tct,1.059222,0,-0.428832
audioseal,5,english:150,0,207,56743,mean,1.101453,0,-4.389193
audioseal,5,english:150,0,207,56743,tct,1.101453,0,-1.085259
audioseal,5,english:150,0,207,24069,mean,1.126601,0,-3.900443
audioseal,5,english:150,0,207,24069,tct,1.126601,0,-2.969278
audioseal,5,english:150,0,207,21508,mean,1.140601,0,-4.971102
audioseal,5,english:150,0,207,21508,tct,1.140601,0,-2.280823
audioseal,5,english:150,0,207,55332,mean,1.191139,0,-4.015781
audioseal,5,english:150,0,207,55332,tct,1.191139,0,-1.311898
audioseal,5,english:150,0,207,23972,mean,1.219553,0,-6.530787
audioseal,5,english:150,0,207,23972,tct,1.219553,0,-1.970281
audioseal,5,english:150,0,207,21556,mean,1.223931,0,-7.003940
audioseal,5,english:150,0,207,21556,tct,1.223931,0,-1.963391
audioseal,5,english:150,0,207,6132,mean,1.232883,0,-10.126955
audioseal,5,english:150,0,207,6132,tct,1.232883,0,-3.400036
audioseal,5,english:150,1,208,51699,mean,0.912871,0,-6.358916
audioseal,5,english:150,1,208,51699,tct,0.912871,0,-1.995946
audioseal,5,english:150,1,208,18049,mean,1.130791,0,-6.251451
audioseal,5,english:150,1,208,18049,tct,1.130791,0,-1.869921
audioseal,5,english:150,1,208,16819,mean,1.158938,0,-6.470765
audioseal,5,english:150,1,208,16819,tct,1.158938,0,-2.923373
audioseal,5,english:150,1,208,24224,mean,1.169795,0,-8.873547
audioseal,5,english:150,1,208,24224,tct,1.169795,0,-3.701241
audioseal,5,english:150,1,208,52865,mean,1.203669,0,-4.712896
audioseal,5,english:150,1,208,52865,tct,1.203669,0,-2.282066
audioseal,5,english:150,1,208,24451,mean,1.220394,0,-5.662436
audioseal,5,english:150,1,208,24451,tct,1.220394,0,-3.181530
audioseal,5,english:150,1,208,62256,mean,1.224745,0,-3.405330
audioseal,5,english:150,1,208,62256,tct,1.224745,0,-1.696207
audioseal,5,english:150,1,208,62071,mean,1.247219,0,-6.563500
audioseal,5,english:150,1,208,62071,tct,1.247219,0,-1.263433
audioseal,5,english:150,1,208,20101,mean,1.254500,0,-7.130937
audioseal,5,english:150,1,208,20101,tct,1.254500,0,-3.293570
audioseal,5,english:150,1,208,25009,mean,1.255874,0,-4.500973
audioseal,5,english:150,1,208,25009,tct,1.255874,0,-2.815411
audioseal,5,english:150,2,209,48476,mean,0.902752,0,-5.664669
audioseal,5,english:150,2,209,48476,tct,0.902752,0,-0.371609
audioseal,5,english:150,2,209,15740,mean,0.948683,0,-6.241502
audioseal,5,english:150,2,209,15740,tct,0.948683,0,-1.660348
audioseal,5,english:150,2,209,50565,mean,0.953463,0,-7.303411
audioseal,5,english:150,2,209,50565,tct,0.953463,0,-2.319096
audioseal,5,english:150,2,209,34177,mean,0.953463,0,-7.578116
audioseal,5,english:150,2,209,34177,tct,0.953463,0,-2.670455
audioseal,5,english:150,2,209,50627,mean,1.110875,0,-4.905751
audioseal,5,english:150,2,209,50627,tct,1.110875,0,-1.612011
audioseal,5,english:150,2,209,51682,mean,1.185013,0,-3.275490
audioseal,5,english:150,2,209,51682,tct,1.185013,0,-4.324777
audioseal,5,english:150,2,209,21971,mean,1.193816,0,-6.566681
audioseal,5,english:150,2,209,21971,tct,1.193816,0,-2.475525
audioseal,5,english:150,2,209,63498,mean,1.195229,0,-5.631399
audioseal,5,english:150,2,209,63498,tct,1.195229,0,-4.412648
audioseal,5,english:150,2,209,58817,mean,1.207922,0,-4.020802
audioseal,5,english:150,2,209,58817,tct,1.207922,0,-0.490780
audioseal,5,english:150,2,209,64528,mean,1.224745,0,-4.001327
audioseal,5,english:150,2,209,64528,tct,1.224745,0,-2.389997
audioseal,5,english:1502,0,210,26727,mean,0.887625,0,-8.635482
audioseal,5,english:1502,0,210,26727,tct,0.887625,0,-0.426558
audioseal,5,english:1502,0,210,57658,mean,1.211060,0,-5.231460
audioseal,5,english:1502,0,210,57658,tct,1.211060,0,-2.490356
audioseal,5,english:1502,0,210,43309,mean,1.211646,0,-3.629030
audioseal,5,english:1502,0,210,43309,tct,1.211646,0,-0.854500
audioseal,5,english:1502,0,210,60193,mean,1.218899,0,-5.512771
audioseal,5,english:1502,0,210,60193,tct,1.218899,0,-1.707095
audioseal,5,english:1502,0,210,57446,mean,1.234955,0,-7.762637
audioseal,5,english:1502,0,210,57446,tct,1.234955,0,-1.096544
audioseal,5,english:1502,0,210,24903,mean,1.242990,0,-4.783177
audioseal,5,english:1502,0,210,24903,tct,1.242990,0,-1.649364
audioseal,5,english:1502,0,210,47375,mean,1.242990,0,-2.856084
audioseal,5,english:1502,0,210,47375,tct,1.242990,1,0.103881
audioseal,5,english:1502,0,210,35680,mean,1.247219,0,-9.355285
audioseal,5,english:1502,0,210,35680,tct,1.247219,0,-5.018435
audioseal,5,english:1502,0,210,41244,mean,1.247219,0,-1.938939
audioseal,5,english:1502,0,210,41244,tct,1.247219,0,-2.325550
audioseal,5,english:1502,0,210,43117,mean,1.266792,0,-5.488740
audioseal,5,english:1502,0,210,43117,tct,1.266792,0,-2.725693
audioseal,5,english:1502,1,211,20166,mean,0.879049,0,-5.153374
audioseal,5,english:1502,1,211,20166,tct,0.879049,0,-1.617030
audioseal,5,english:1502,1,211,15946,mean,0.953463,0,-7.961445
audioseal,5,english:1502,1,211,15946,tct,0.953463,0,-2.126468
audioseal,5,english:1502,1,211,26036,mean,1.000000,0,-5.945863
audioseal,5,english:1502,1,211,26036,tct,1.000000,0,-1.697903
audioseal,5,english:1502,1,211,24964,mean,1.047270,0,-2.057630
audioseal,5,english:1502,1,211,24964,tct,1.047270,0,-0.699905
audioseal,5,english:1502,1,211,11970,mean,1.128152,0,-6.263628
audioseal,5,english:1502,1,211,11970,tct,1.128152,0,-2.399200
audioseal,5,english:1502,1,211,14918,mean,1.147638,0,-4.671891
audioseal,5,english:1502,1,211,14918,tct,1.147638,1,0.295420
audioseal,5,english:1502,1,211,3782,mean,1.148121,0,-6.132627
audioseal,5,english:1502,1,211,3782,tct,1.148121,0,-2.843009
audioseal,5,english:1502,1,211,17319,mean,1.157275,0,-2.815816
audioseal,5,english:1502,1,211,17319,tct,1.157275,0,-2.766243
audioseal,5,english:1502,1,211,28354,mean,1.167748,0,-5.284374
audioseal,5,english:1502,1,211,28354,tct,1.167748,0,-2.793254
audioseal,5,english:1502,1,211,25483,mean,1.176697,0,-2.313059
audioseal,5,english:1502,1,211,25483,tct,1.176697,0,-1.526418
audioseal,5,english:1502,2,212,13883,mean,0.902425,0,-4.134543
audioseal,5,english:1502,2,212,13883,tct,0.902425,0,-1.689370
audioseal,5,english:1502,2,212,15995,mean,0.902425,0,-5.372492
audioseal,5,english:1502,2,212,15995,tct,0.902425,0,-2.294483
audioseal,5,english:1502,2,212,23932,mean,0.917663,0,-4.868603
audioseal,5,english:1502,2,212,23932,tct,0.917663,0,-1.035336
audioseal,5,english:1502,2,212,31865,mean,1.101415,0,-4.301329
audioseal,5,english:1502,2,212,31865,tct,1.101415,0,-1.916642
audioseal,5,english:1502,2,212,61807,mean,1.163975,0,-3.359192
audioseal,5,english:1502,2,212,61807,tct,1.163975,0,-1.240422
audioseal,5,english:1502,2,212,29561,mean,1.165882,0,-2.219706
audioseal,5,english:1502,2,212,29561,tct,1.165882,0,-1.180799
audioseal,5,english:1502,2,212,61563,mean,1.180990,0,-4.088583
audioseal,5,english:1502,2,212,61563,tct,1.180990,0,-1.435430
audioseal,5,english:1502,2,212,61821,mean,1.191367,0,-1.304436
audioseal,5,english:1502,2,212,61821,tct,1.191367,0,-0.377047
audioseal,5,english:1502,2,212,29291,mean,1.213954,0,-4.912554
audioseal,5,english:1502,2,212,29291,tct,1.213954,0,-1.455407
audioseal,5,english:1502,2,212,7737,mean,1.246046,0,-5.446742
audioseal,5,english:1502,2,212,7737,tct,1.246046,0,-2.485966
audioseal,5,english:1553,0,213,38280,mean,0.919195,0,-4.521716
audioseal,5,english:1553,0,213,38280,tct,0.919195,0,-3.093838
audioseal,5,english:1553,0,213,19128,mean,0.938083,0,-5.688443
audioseal,5,english:1553,0,213,19128,tct,0.938083,0,-1.227686
audioseal,5,english:1553,0,213,2224,mean,1.086042,0,-2.755482
audioseal,5,english:1553,0,213,2224,tct,1.086042,0,-0.947062
audioseal,5,english:1553,0,213,45344,mean,1.086042,0,-2.932693
audioseal,5,english:1553,0,213,45344,tct,1.086042,0,-0.709597
audioseal,5,english:1553,0,213,46523,mean,1.128152,0,-5.911684
audioseal,5,english:1553,0,213,46523,tct,1.128152,0,-1.768170
audioseal,5,english:1553,0,213,688,mean,1.191962,0,-3.385634
audioseal,5,english:1553,0,213,688,tct,1.191962,0,-2.308398
audioseal,5,english:1553,0,213,33074,mean,1.205252,0,-2.561887
audioseal,5,english:1553,0,213,33074,tct,1.205252,0,-2.003397
audioseal,5,english:1553,0,213,46016,mean,1.221501,0,-5.894809
audioseal,5,english:1553,0,213,46016,tct,1.221501,0,-1.275219
audioseal,5,english:1553,0,213,63162,mean,1.224745,0,-5.548467
audioseal,5,english:1553,0,213,63162,tct,1.224745,0,-1.775165
audioseal,5,english:1553,0,213,45923,mean,1.224745,0,-6.622874
audioseal,5,english:1553,0,213,45923,tct,1.224745,0,-1.750720
audioseal,5,english:1553,1,214,52809,mean,0.925820,0,-5.095028
audioseal,5,english:1553,1,214,52809,tct,0.925820,0,-3.855484
audioseal,5,english:1553,1,214,11732,mean,0.929320,0,-7.712239
audioseal,5,english:1553,1,214,11732,tct,0.929320,0,-0.730730
audioseal,5,english:1553,1,214,52936,mean,0.948683,0,-3.637328
audioseal,5,english:1553,1,214,52936,tct,0.948683,0,-2.980989
audioseal,5,english:1553,1,214,58211,mean,1.000000,0,-8.326639
audioseal,5,english:1553,1,214,58211,tct,1.000000,0,-1.211055
audioseal,5,english:1553,1,214,52957,mean,1.142451,0,-5.452649
audioseal,5,english:1553,1,214,52957,tct,1.142451,0,-2.425680
audioseal,5,english:1553,1,214,49889,mean,1.167748,0,-3.663022
audioseal,5,english:1553,1,214,49889,tct,1.167748,0,-0.346287
audioseal,5,english:1553,1,214,33013,mean,1.176249,0,-5.240342
audioseal,5,english:1553,1,214,33013,tct,1.176249,0,-1.436492
audioseal,5,english:1553,1,214,19957,mean,1.201790,0,-3.930202
audioseal,5,english:1553,1,214,19957,tct,1.201790,0,-1.963144
audioseal,5,english:1553,1,214,50885,mean,1.206045,0,-3.825953
audioseal,5,english:1553,1,214,50885,tct,1.206045,0,-2.437499
audioseal,5,english:1553,1,214,11476,mean,1.206045,0,-6.674476
audioseal,5,english:1553,1,214,11476,tct,1.206045,0,-0.897119
audioseal,5,english:1553,2,215,46740,mean,0.854260,0,-3.025857
audioseal,5,english:1553,2,215,46740,tct,0.854260,1,0.234819
audioseal,5,english:1553,2,215,40144,mean,0.891556,0,-0.894510
audioseal,5,english:1553,2,215,40144,tct,0.891556,0,-0.259350
audioseal,5,english:1553,2,215,45458,mean,0.905919,0,-4.903394
audioseal,5,english:1553,2,215,45458,tct,0.905919,0,-1.319856
audioseal,5,english:1553,2,215,63184,mean,1.126484,0,-1.319169
audioseal,5,english:1553,2,215,63184,tct,1.126484,0,-2.371158
audioseal,5,english:1553,2,215,55024,mean,1.158493,0,-0.852911
audioseal,5,english:1553,2,215,55024,tct,1.158493,0,-2.037369
audioseal,5,english:1553,2,215,20080,mean,1.169795,0,-3.545737
audioseal,5,english:1553,2,215,20080,tct,1.169795,0,-2.734652
audioseal,5,english:1553,2,215,13468,mean,1.187051,0,-3.578038
audioseal,5,english:1553,2,215,13468,tct,1.187051,0,-0.932988
audioseal,5,english:1553,2,215,52804,mean,1.188177,0,-5.031884
audioseal,5,english:1553,2,215,52804,tct,1.188177,0,-1.444884
audioseal,5,english:1553,2,215,6546,mean,1.221028,0,-5.010915
audioseal,5,english:1553,2,215,6546,tct,1.221028,0,-1.494655
audioseal,5,english:1553,2,215,12723,mean,1.224745,0,-5.958507
audioseal,5,english:1553,2,215,12723,tct,1.224745,0,-2.603177
audioseal,5,english:1578,0,216,20228,mean,0.891133,0,-3.845511
audioseal,5,english:1578,0,216,20228,tct,0.891133,0,-0.772177
audioseal,5,english:1578,0,216,20388,mean,0.935414,0,-6.435327
audioseal,5,english:1578,0,216,20388,tct,0.935414,0,-4.969326
audioseal,5,english:1578,0,216,21541,mean,0.948683,0,-5.200338
audioseal,5,english:1578,0,216,21541,tct,0.948683,0,-0.875165
audioseal,5,english:1578,0,216,2820,mean,1.071008,0,-1.816648
audioseal,5,english:1578,0,216,2820,tct,1.071008,1,0.816418
audioseal,5,english:1578,0,216,3076,mean,1.087115,0,-2.491802
audioseal,5,english:1578,0,216,3076,tct,1.087115,0,-1.306326
audioseal,5,english:1578,0,216,18468,mean,1.095445,0,-3.330859
audioseal,5,english:1578,0,216,18468,tct,1.095445,0,-0.991613
audioseal,5,english:1578,0,216,3079,mean,1.148121,0,-2.304272
audioseal,5,english:1578,0,216,3079,tct,1.148121,0,-1.242575
audioseal,5,english:1578,0,216,3013,mean,1.150447,0,-3.149632
audioseal,5,english:1578,0,216,3013,tct,1.150447,0,-3.703428
audioseal,5,english:1578,0,216,17669,mean,1.206045,0,-3.129045
audioseal,5,english:1578,0,216,17669,tct,1.206045,0,-2.416669
audioseal,5,english:1578,0,216,20292,mean,1.219500,0,-5.167705
audioseal,5,english:1578,0,216,20292,tct,1.219500,0,-3.803642
audioseal,5,english:1578,1,217,21961,mean,0.894427,0,-5.773213
audioseal,5,english:1578,1,217,21961,tct,0.894427,0,-1.666721
audioseal,5,english:1578,1,217,48718,mean,0.944089,0,-3.031528
audioseal,5,english:1578,1,217,48718,tct,0.944089,0,-2.182173
audioseal,5,english:1578,1,217,29897,mean,0.948683,0,-5.906169
audioseal,5,english:1578,1,217,29897,tct,0.948683,0,-1.662832
audioseal,5,english:1578,1,217,12108,mean,1.002699,0,-0.544218
audioseal,5,english:1578,1,217,12108,tct,1.002699,0,-0.590874
audioseal,5,english:1578,1,217,13820,mean,1.221237,0,-3.944549
audioseal,5,english:1578,1,217,13820,tct,1.221237,0,-2.484891
audioseal,5,english:1578,1,217,13688,mean,1.221237,0,-4.445146
audioseal,5,english:1578,1,217,13688,tct,1.221237,0,-4.387652
audioseal,5,english:1578,1,217,10116,mean,1.229713,0,-3.687280
audioseal,5,english:1578,1,217,10116,tct,1.229713,0,-2.256398
audioseal,5,english:1578,1,217,3852,mean,1.233588,0,-2.460447
audioseal,5,english:1578,1,217,3852,tct,1.233588,0,-1.797065
audioseal,5,english:1578,1,217,5617,mean,1.233588,0,-6.812686
audioseal,5,english:1578,1,217,5617,tct,1.233588,0,-3.732726
audioseal,5,english:1578,1,217,44893,mean,1.234743,0,-1.073517
audioseal,5,english:1578,1,217,44893,tct,1.234743,0,-0.863820
audioseal,5,english:1578,2,218,27049,mean,0.912871,0,-7.397379
audioseal,5,english:1578,2,218,27049,tct,0.912871,0,-1.371567
audioseal,5,english:1578,2,218,27057,mean,0.944228,0,-7.619955
audioseal,5,english:1578,2,218,27057,tct,0.944228,0,-1.988142
audioseal,5,english:1578,2,218,19836,mean,1.117139,0,-8.675419
audioseal,5,english:1578,2,218,19836,tct,1.117139,0,-2.343207
audioseal,5,english:1578,2,218,26984,mean,1.145644,0,-8.796316
audioseal,5,english:1578,2,218,26984,tct,1.145644,0,-1.216156
audioseal,5,english:1578,2,218,10601,mean,1.154701,0,-6.575935
audioseal,5,english:1578,2,218,10601,tct,1.154701,0,-0.812685
audioseal,5,english:1578,2,218,352,mean,1.154701,0,-11.882975
audioseal,5,english:1578,2,218,352,tct,1.154701,0,-1.387740
audioseal,5,english:1578,2,218,18841,mean,1.195229,0,-5.615373
audioseal,5,english:1578,2,218,18841,tct,1.195229,0,-2.465102
audioseal,5,english:1578,2,218,27133,mean,1.211060,0,-6.004350
audioseal,5,english:1578,2,218,27133,tct,1.211060,0,-3.865106
audioseal,5,english:1578,2,218,18729,mean,1.213954,0,-7.346308
audioseal,5,english:1578,2,218,18729,tct,1.213954,0,-2.004893
audioseal,5,english:1578,2,218,10552,mean,1.213954,0,-5.472507
audioseal,5,english:1578,2,218,10552,tct,1.213954,0,-1.265772
audioseal,5,english:1594,0,219,15972,mean,0.899172,0,-4.533914
audioseal,5,english:1594,0,219,15972,tct,0.899172,0,-1.890080
audioseal,5,english:1594,0,219,32435,mean,0.905410,0,-5.368907
audioseal,5,english:1594,0,219,32435,tct,0.905410,0,-2.205869
audioseal,5,english:1594,0,219,44224,mean,0.911878,0,-6.841134
audioseal,5,english:1594,0,219,44224,tct,0.911878,0,-1.798854
audioseal,5,english:1594,0,219,30308,mean,1.000000,0,-4.397058
audioseal,5,english:1594,0,219,30308,tct,1.000000,0,-1.627213
audioseal,5,english:1594,0,219,27788,mean,1.154701,0,-3.766250
audioseal,5,english:1594,0,219,27788,tct,1.154701,0,-4.051229
audioseal,5,english:1594,0,219,43137,mean,1.159937,0,-7.824968
audioseal,5,english:1594,0,219,43137,tct,1.159937,0,-1.314485
audioseal,5,english:1594,0,219,47328,mean,1.163975,0,-5.252307
audioseal,5,english:1594,0,219,47328,tct,1.163975,0,-0.990228
audioseal,5,english:1594,0,219,32353,mean,1.192995,0,-4.585771
audioseal,5,english:1594,0,219,32353,tct,1.192995,0,-2.040095
audioseal,5,english:1594,0,219,32677,mean,1.193734,0,-2.992324
audioseal,5,english:1594,0,219,32677,tct,1.193734,1,0.531983
audioseal,5,english:1594,0,219,24243,mean,1.201850,0,-6.076316
audioseal,5,english:1594,0,219,24243,tct,1.201850,0,-2.760118
audioseal,5,english:1594,1,220,62125,mean,0.899172,0,-2.475473
audioseal,5,english:1594,1,220,62125,tct,0.899172,0,-0.816900
audioseal,5,english:1594,1,220,58823,mean,0.932123,0,-6.354803
audioseal,5,english:1594,1,220,58823,tct,0.932123,0,-1.728801
audioseal,5,english:1594,1,220,36910,mean,0.935414,0,-2.236416
audioseal,5,english:1594,1,220,36910,tct,0.935414,0,-1.065600
audioseal,5,english:1594,1,220,12972,mean,1.172604,0,-2.100924
audioseal,5,english:1594,1,220,12972,tct,1.172604,0,-2.938956
audioseal,5,english:1594,1,220,27306,mean,1.193416,0,-3.596556
audioseal,5,english:1594,1,220,27306,tct,1.193416,0,-1.755499
audioseal,5,english:1594,1,220,10810,mean,1.195229,0,-5.551874
audioseal,5,english:1594,1,220,10810,tct,1.195229,0,-0.545567
audioseal,5,english:1594,1,220,45629,mean,1.224745,0,-4.430790
audioseal,5,english:1594,1,220,45629,tct,1.224745,0,-1.561694
audioseal,5,english:1594,1,220,53678,mean,1.261980,0,-2.501785
audioseal,5,english:1594,1,220,53678,tct,1.261980,0,-1.158485
audioseal,5,english:1594,1,220,60074,mean,1.267304,0,-2.543268
audioseal,5,english:1594,1,220,60074,tct,1.267304,0,-2.467618
audioseal,5,english:1594,1,220,45706,mean,1.267304,0,-1.733672
audioseal,5,english:1594,1,220,45706,tct,1.267304,0,-1.053313
audioseal,5,english:1594,2,221,56198,mean,0.843080,0,-1.868444
audioseal,5,english:1594,2,221,56198,tct,0.843080,1,0.079352
audioseal,5,english:1594,2,221,55718,mean,0.925820,0,-4.492363
audioseal,5,english:1594,2,221,55718,tct,0.925820,0,-3.386519
audioseal,5,english:1594,2,221,52368,mean,0.942809,0,-5.582489
audioseal,5,english:1594,2,221,52368,tct,0.942809,0,-1.698902
audioseal,5,english:1594,2,221,23174,mean,1.107823,0,-1.152780
audioseal,5,english:1594,2,221,23174,tct,1.107823,0,-0.309507
audioseal,5,english:1594,2,221,23698,mean,1.123903,0,-3.247391
audioseal,5,english:1594,2,221,23698,tct,1.123903,0,-0.552822
audioseal,5,english:1594,2,221,56592,mean,1.154701,0,-6.051211
audioseal,5,english:1594,2,221,56592,tct,1.154701,0,-1.091359
audioseal,5,english:1594,2,221,23170,mean,1.181972,0,-0.082771
audioseal,5,english:1594,2,221,23170,tct,1.181972,0,-0.665771
audioseal,5,english:1594,2,221,6934,mean,1.192928,0,-5.015912
audioseal,5,english:1594,2,221,6934,tct,1.192928,0,-1.723810
audioseal,5,english:1594,2,221,6286,mean,1.245330,0,-5.071278
audioseal,5,english:1594,2,221,6286,tct,1.245330,0,-1.325157
audioseal,5,english:1594,2,221,24207,mean,1.246046,0,-4.737618
audioseal,5,english:1594,2,221,24207,tct,1.246046,0,-2.565121
audioseal,5,english:1624,0,222,18750,mean,0.881917,0,-4.731806
audioseal,5,english:1624,0,222,18750,tct,0.881917,0,-0.280373
audioseal,5,english:1624,0,222,61460,mean,0.891133,0,-3.227919
audioseal,5,english:1624,0,222,61460,tct,0.891133,0,-0.975360
audioseal,5,english:1624,0,222,18870,mean,0.910927,0,-6.119111
audioseal,5,english:1624,0,222,18870,tct,0.910927,0,-1.579129
audioseal,5,english:1624,0,222,2494,mean,0.911239,0,-5.062531
audioseal,5,english:1624,0,222,2494,tct,0.911239,0,-1.358987
audioseal,5,english:1624,0,222,40964,mean,0.983739,0,-2.739556
audioseal,5,english:1624,0,222,40964,tct,0.983739,0,-0.845799
audioseal,5,english:1624,0,222,1644,mean,1.154701,0,-8.513426
audioseal,5,english:1624,0,222,1644,tct,1.154701,0,-1.855070
audioseal,5,english:1624,0,222,36868,mean,1.177751,0,-4.527103
audioseal,5,english:1624,0,222,36868,tct,1.177751,0,-1.968050
audioseal,5,english:1624,0,222,3428,mean,1.182789,0,-6.901305
audioseal,5,english:1624,0,222,3428,tct,1.182789,0,-1.878446
audioseal,5,english:1624,0,222,8196,mean,1.191367,0,-2.788240
audioseal,5,english:1624,0,222,8196,tct,1.191367,0,-1.868829
audioseal,5,english:1624,0,222,46164,mean,1.195229,0,-4.978243
audioseal,5,english:1624,0,222,46164,tct,1.195229,0,-2.337747
audioseal,5,english:1624,1,223,9472,mean,0.925820,0,-5.005675
audioseal,5,english:1624,1,223,9472,tct,0.925820,0,-2.184171
audioseal,5,english:1624,1,223,8504,mean,1.188177,0,-3.306129
audioseal,5,english:1624,1,223,8504,tct,1.188177,0,-2.520772
audioseal,5,english:1624,1,223,9480,mean,1.195229,0,-5.702795
audioseal,5,english:1624,1,223,9480,tct,1.195229,0,-2.986835
audioseal,5,english:1624,1,223,11280,mean,1.195229,0,-3.132518
audioseal,5,english:1624,1,223,11280,tct,1.195229,0,-0.766399
audioseal,5,english:1624,1,223,47206,mean,1.234049,0,-6.169490
audioseal,5,english:1624,1,223,47206,tct,1.234049,0,-0.822237
audioseal,5,english:1624,1,223,63588,mean,1.241364,0,-6.286458
audioseal,5,english:1624,1,223,63588,tct,1.241364,0,-1.384195
audioseal,5,english:1624,1,223,43704,mean,1.264911,0,-3.339062
audioseal,5,english:1624,1,223,43704,tct,1.264911,0,-1.993483
audioseal,5,english:1624,1,223,15620,mean,1.264911,0,-5.727139
audioseal,5,english:1624,1,223,15620,tct,1.264911,0,-2.629334
audioseal,5,english:1624,1,223,27908,mean,1.264911,0,-5.832564
audioseal,5,english:1624,1,223,27908,tct,1.264911,0,-2.541950
audioseal,5,english:1624,1,223,63742,mean,1.264911,0,-7.683674
audioseal,5,english:1624,1,223,63742,tct,1.264911,0,-1.889966
audioseal,5,english:1624,2,224,7661,mean,0.911361,0,-2.316382
audioseal,5,english:1624,2,224,7661,tct,0.911361,0,-0.708859
audioseal,5,english:1624,2,224,33696,mean,0.953463,0,-7.508937
audioseal,5,english:1624,2,224,33696,tct,0.953463,0,-4.628528
audioseal,5,english:1624,2,224,35387,mean,1.000000,0,-7.280484
audioseal,5,english:1624,2,224,35387,tct,1.000000,0,-1.047254
audioseal,5,english:1624,2,224,33451,mean,1.012122,0,-5.284719
audioseal,5,english:1624,2,224,33451,tct,1.012122,0,-0.965331
audioseal,5,english:1624,2,224,33723,mean,1.092801,0,-7.215963
audioseal,5,english:1624,2,224,33723,tct,1.092801,0,-0.773154
audioseal,5,english:1624,2,224,62670,mean,1.154701,0,-2.433479
audioseal,5,english:1624,2,224,62670,tct,1.154701,0,-1.414896
audioseal,5,english:1624,2,224,31940,mean,1.193416,0,-4.041728
audioseal,5,english:1624,2,224,31940,tct,1.193416,0,-1.089531
audioseal,5,english:1624,2,224,16333,mean,1.194249,0,-3.796846
audioseal,5,english:1624,2,224,16333,tct,1.194249,0,-0.772220
audioseal,5,english:1624,2,224,34726,mean,1.227036,0,-3.967572
audioseal,5,english:1624,2,224,34726,tct,1.227036,0,-2.177715
audioseal,5,english:1624,2,224,43711,mean,1.232883,0,-5.558595
audioseal,5,english:1624,2,224,43711,tct,1.232883,0,-0.215145
audioseal,5,english:163,0,225,44110,mean,0.930261,0,-6.724477
audioseal,5,english:163,0,225,44110,tct,0.930261,0,-3.325933
audioseal,5,english:163,0,225,29051,mean,0.948683,0,-7.350795
audioseal,5,english:163,0,225,29051,tct,0.948683,0,-2.092644
audioseal,5,english:163,0,225,60486,mean,0.953463,0,-7.308454
audioseal,5,english:163,0,225,60486,tct,0.953463,0,-4.142775
audioseal,5,english:163,0,225,21582,mean,1.058301,0,-1.030566
audioseal,5,english:163,0,225,21582,tct,1.058301,1,0.878610
audioseal,5,english:163,0,225,27742,mean,1.101415,0,-6.266482
audioseal,5,english:163,0,225,27742,tct,1.101415,0,-0.782635
audioseal,5,english:163,0,225,60506,mean,1.142080,0,-8.507411
audioseal,5,english:163,0,225,60506,tct,1.142080,0,-2.427697
audioseal,5,english:163,0,225,17434,mean,1.145644,0,-5.869617
audioseal,5,english:163,0,225,17434,tct,1.145644,0,-2.073671
audioseal,5,english:163,0,225,31838,mean,1.197675,0,-5.076419
audioseal,5,english:163,0,225,31838,tct,1.197675,0,-0.607466
audioseal,5,english:163,0,225,4124,mean,1.205456,0,-5.561660
audioseal,5,english:163,0,225,4124,tct,1.205456,0,-1.301093
audioseal,5,english:163,0,225,20842,mean,1.211920,0,-3.050096
audioseal,5,english:163,0,225,20842,tct,1.211920,0,-3.310132
audioseal,5,english:163,1,226,17321,mean,0.902671,0,-6.015910
audioseal,5,english:163,1,226,17321,tct,0.902671,0,-2.945085
audioseal,5,english:163,1,226,38934,mean,1.177751,0,-5.824851
audioseal,5,english:163,1,226,38934,tct,1.177751,0,-0.859680
audioseal,5,english:163,1,226,58153,mean,1.195229,0,-6.260821
audioseal,5,english:163,1,226,58153,tct,1.195229,0,-0.934206
audioseal,5,english:163,1,226,20527,mean,1.196586,0,-5.419298
audioseal,5,english:163,1,226,20527,tct,1.196586,0,-1.181509
audioseal,5,english:163,1,226,55307,mean,1.212678,0,-3.982884
audioseal,5,english:163,1,226,55307,tct,1.212678,0,-1.301322
audioseal,5,english:163,1,226,55832,mean,1.224745,0,-3.900809
audioseal,5,english:163,1,226,55832,tct,1.224745,0,-2.236689
audioseal,5,english:163,1,226,19012,mean,1.229713,0,-5.221892
audioseal,5,english:163,1,226,19012,tct,1.229713,0,-1.994672
audioseal,5,english:163,1,226,36930,mean,1.247219,0,-5.808815
audioseal,5,english:163,1,226,36930,tct,1.247219,0,-1.402768
audioseal,5,english:163,1,226,51246,mean,1.249390,0,-4.394176
audioseal,5,english:163,1,226,51246,tct,1.249390,0,-3.743427
audioseal,5,english:163,1,226,51712,mean,1.273518,0,-2.805724
audioseal,5,english:163,1,226,51712,tct,1.273518,0,-2.875888
audioseal,5,english:163,2,227,44691,mean,0.937218,0,-5.907587
audioseal,5,english:163,2,227,44691,tct,0.937218,0,-1.314410
audioseal,5,english:163,2,227,44953,mean,1.197299,0,-3.992630
audioseal,5,english:163,2,227,44953,tct,1.197299,0,-1.409657
audioseal,5,english:163,2,227,61896,mean,1.207998,0,-2.301560
audioseal,5,english:163,2,227,61896,tct,1.207998,0,-1.708470
audioseal,5,english:163,2,227,32064,mean,1.212678,0,-5.324669
audioseal,5,english:163,2,227,32064,tct,1.212678,0,-0.796140
audioseal,5,english:163,2,227,44690,mean,1.230249,0,-5.229577
audioseal,5,english:163,2,227,44690,tct,1.230249,0,-2.639913
audioseal,5,english:163,2,227,49041,mean,1.236694,0,-3.617238
audioseal,5,english:163,2,227,49041,tct,1.236694,0,-1.524297
audioseal,5,english:163,2,227,24628,mean,1.247219,0,-5.270051
audioseal,5,english:163,2,227,24628,tct,1.247219,0,-3.815173
audioseal,5,english:163,2,227,30908,mean,1.247219,0,-5.453034
audioseal,5,english:163,2,227,30908,tct,1.247219,0,-0.994740
audioseal,5,english:163,2,227,43707,mean,1.249277,0,-6.240823
audioseal,5,english:163,2,227,43707,tct,1.249277,0,-3.934066
audioseal,5,english:163,2,227,48712,mean,1.251373,0,-6.980158
audioseal,5,english:163,2,227,48712,tct,1.251373,0,-3.183349
audioseal,5,english:1723,0,228,59401,mean,0.871355,0,-2.696669
audioseal,5,english:1723,0,228,59401,tct,0.871355,0,-1.402166
audioseal,5,english:1723,0,228,23320,mean,0.912250,0,-1.555315
audioseal,5,english:1723,0,228,23320,tct,0.912250,1,0.690161
audioseal,5,english:1723,0,228,40227,mean,0.948683,0,-4.687412
audioseal,5,english:1723,0,228,40227,tct,0.948683,0,-1.465570
audioseal,5,english:1723,0,228,63497,mean,1.110555,0,-1.388180
audioseal,5,english:1723,0,228,63497,tct,1.110555,0,-0.783605
audioseal,5,english:1723,0,228,38315,mean,1.185498,0,-5.220325
audioseal,5,english:1723,0,228,38315,tct,1.185498,0,-1.046654
audioseal,5,english:1723,0,228,61800,mean,1.202561,0,-2.575933
audioseal,5,english:1723,0,228,61800,tct,1.202561,0,-1.076675
audioseal,5,english:1723,0,228,38865,mean,1.230249,0,-8.201313
audioseal,5,english:1723,0,228,38865,tct,1.230249,0,-2.922984
audioseal,5,english:1723,0,228,22357,mean,1.235080,0,-5.802274
audioseal,5,english:1723,0,228,22357,tct,1.235080,0,-3.125359
audioseal,5,english:1723,0,228,55592,mean,1.240347,0,-0.245847
audioseal,5,english:1723,0,228,55592,tct,1.240347,1,0.293843
audioseal,5,english:1723,0,228,62632,mean,1.246271,0,-3.626286
audioseal,5,english:1723,0,228,62632,tct,1.246271,0,-2.107538
audioseal,5,english:1723,1,229,55141,mean,0.896854,0,-5.468943
audioseal,5,english:1723,1,229,55141,tct,0.896854,0,-2.469930
audioseal,5,english:1723,1,229,59013,mean,1.089104,0,-3.566364
audioseal,5,english:1723,1,229,59013,tct,1.089104,0,-1.290978
audioseal,5,english:1723,1,229,58821,mean,1.158443,0,-4.846619
audioseal,5,english:1723,1,229,58821,tct,1.158443,0,-2.264514
audioseal,5,english:1723,1,229,19605,mean,1.201850,0,-6.446854
audioseal,5,english:1723,1,229,19605,tct,1.201850,0,-2.040586
audioseal,5,english:1723,1,229,17565,mean,1.207122,0,-6.344597
audioseal,5,english:1723,1,229,17565,tct,1.207122,0,-1.945501
audioseal,5,english:1723,1,229,51077,mean,1.213203,0,-3.217049
audioseal,5,english:1723,1,229,51077,tct,1.213203,0,-2.398844
audioseal,5,english:1723,1,229,58564,mean,1.224745,0,-7.321060
audioseal,5,english:1723,1,229,58564,tct,1.224745,0,-1.881188
audioseal,5,english:1723,1,229,3231,mean,1.238278,0,-7.897896
audioseal,5,english:1723,1,229,3231,tct,1.238278,0,-3.840061
audioseal,5,english:1723,1,229,40321,mean,1.246423,0,-6.582043
audioseal,5,english:1723,1,229,40321,tct,1.246423,0,-4.379881
audioseal,5,english:1723,1,229,40849,mean,1.246534,0,-4.784354
audioseal,5,english:1723,1,229,40849,tct,1.246534,0,-4.428221
audioseal,5,english:1723,2,230,62535,mean,1.110875,0,-5.698412
audioseal,5,english:1723,2,230,62535,tct,1.110875,1,0.489337
audioseal,5,english:1723,2,230,62531,mean,1.129865,0,-4.187804
audioseal,5,english:1723,2,230,62531,tct,1.129865,0,-0.615075
audioseal,5,english:1723,2,230,45888,mean,1.140871,0,-8.317776
audioseal,5,english:1723,2,230,45888,tct,1.140871,0,-2.806736
audioseal,5,english:1723,2,230,36706,mean,1.154701,0,-3.397851
audioseal,5,english:1723,2,230,36706,tct,1.154701,1,0.739501
audioseal,5,english:1723,2,230,42979,mean,1.164965,0,-7.077826
audioseal,5,english:1723,2,230,42979,tct,1.164965,0,-2.848584
audioseal,5,english:1723,2,230,46913,mean,1.164965,0,-8.194733
audioseal,5,english:1723,2,230,46913,tct,1.164965,0,-2.488905
audioseal,5,english:1723,2,230,26227,mean,1.185013,0,-5.724574
audioseal,5,english:1723,2,230,26227,tct,1.185013,0,-2.580689
audioseal,5,english:1723,2,230,36163,mean,1.190841,0,-5.107367
audioseal,5,english:1723,2,230,36163,tct,1.190841,0,-1.260248
audioseal,5,english:1723,2,230,34114,mean,1.190841,0,-3.560759
audioseal,5,english:1723,2,230,34114,tct,1.190841,0,-1.401072
audioseal,5,english:1723,2,230,54592,mean,1.193956,0,-3.447039
audioseal,5,english:1723,2,230,54592,tct,1.193956,0,-1.827736
audioseal,5,english:1737,0,231,5825,mean,0.879049,0,-6.943190
audioseal,5,english:1737,0,231,5825,tct,0.879049,0,-1.479754
audioseal,5,english:1737,0,231,32273,mean,0.929320,0,-7.645532
audioseal,5,english:1737,0,231,32273,tct,0.929320,0,-3.614750
audioseal,5,english:1737,0,231,21185,mean,0.935414,0,-6.792601
audioseal,5,english:1737,0,231,21185,tct,0.935414,0,-1.115258
audioseal,5,english:1737,0,231,18575,mean,0.942809,0,-2.495234
audioseal,5,english:1737,0,231,18575,tct,0.942809,0,-0.924859
audioseal,5,english:1737,0,231,40134,mean,1.000000,0,-6.270310
audioseal,5,english:1737,0,231,40134,tct,1.000000,0,-1.270762
audioseal,5,english:1737,0,231,2223,mean,1.000000,0,-3.175772
audioseal,5,english:1737,0,231,2223,tct,1.000000,0,-1.675800
audioseal,5,english:1737,0,231,2185,mean,1.079543,0,-2.705175
audioseal,5,english:1737,0,231,2185,tct,1.079543,0,-1.327220
audioseal,5,english:1737,0,231,6793,mean,1.113823,0,-1.681296
audioseal,5,english:1737,0,231,6793,tct,1.113823,0,-0.255086
audioseal,5,english:1737,0,231,7620,mean,1.145644,0,-5.835651
audioseal,5,english:1737,0,231,7620,tct,1.145644,0,-1.872625
audioseal,5,english:1737,0,231,6596,mean,1.145644,0,-4.691726
audioseal,5,english:1737,0,231,6596,tct,1.145644,1,0.255627
audioseal,5,english:1737,1,232,7985,mean,0.894427,0,-4.265453
audioseal,5,english:1737,1,232,7985,tct,0.894427,0,-0.932277
audioseal,5,english:1737,1,232,4951,mean,1.000000,0,-4.358495
audioseal,5,english:1737,1,232,4951,tct,1.000000,0,-1.795292
audioseal,5,english:1737,1,232,44848,mean,1.047270,0,-5.788507
audioseal,5,english:1737,1,232,44848,tct,1.047270,0,-0.684570
audioseal,5,english:1737,1,232,28585,mean,1.154701,0,-8.171942
audioseal,5,english:1737,1,232,28585,tct,1.154701,0,-2.640030
audioseal,5,english:1737,1,232,36465,mean,1.164283,0,-7.567946
audioseal,5,english:1737,1,232,36465,tct,1.164283,0,-3.151392
audioseal,5,english:1737,1,232,35440,mean,1.164965,0,-7.702634
audioseal,5,english:1737,1,232,35440,tct,1.164965,0,-4.321630
audioseal,5,english:1737,1,232,16160,mean,1.177751,0,-5.706511
audioseal,5,english:1737,1,232,16160,tct,1.177751,0,-2.207114
audioseal,5,english:1737,1,232,52449,mean,1.190874,0,-12.211435
audioseal,5,english:1737,1,232,52449,tct,1.190874,0,-3.368348
audioseal,5,english:1737,1,232,61041,mean,1.201850,0,-7.334901
audioseal,5,english:1737,1,232,61041,tct,1.201850,0,-1.886183
audioseal,5,english:1737,1,232,63585,mean,1.201850,0,-7.317728
audioseal,5,english:1737,1,232,63585,tct,1.201850,0,-1.080002
audioseal,5,english:1737,2,233,65447,mean,0.898717,0,-3.058400
audioseal,5,english:1737,2,233,65447,tct,0.898717,0,-0.571656
audioseal,5,english:1737,2,233,27911,mean,0.925820,0,-3.367039
audioseal,5,english:1737,2,233,27911,tct,0.925820,0,-1.006570
audioseal,5,english:1737,2,233,28143,mean,1.069045,0,-0.808155
audioseal,5,english:1737,2,233,28143,tct,1.069045,0,-1.844789
audioseal,5,english:1737,2,233,26063,mean,1.070912,0,-2.041614
audioseal,5,english:1737,2,233,26063,tct,1.070912,0,-1.700455
audioseal,5,english:1737,2,233,32207,mean,1.084286,0,-0.495070
audioseal,5,english:1737,2,233,32207,tct,1.084286,0,-1.594815
audioseal,5,english:1737,2,233,32111,mean,1.091928,0,-1.074018
audioseal,5,english:1737,2,233,32111,tct,1.091928,0,-0.838516
audioseal,5,english:1737,2,233,62951,mean,1.143544,0,-1.799649
audioseal,5,english:1737,2,233,62951,tct,1.143544,0,-1.147790
audioseal,5,english:1737,2,233,27847,mean,1.149643,0,-2.131324
audioseal,5,english:1737,2,233,27847,tct,1.149643,0,-2.065455
audioseal,5,english:1737,2,233,21995,mean,1.155468,0,-2.920141
audioseal,5,english:1737,2,233,21995,tct,1.155468,0,-2.264342
audioseal,5,english:1737,2,233,3835,mean,1.173737,0,-7.352834
audioseal,5,english:1737,2,233,3835,tct,1.173737,0,-2.002695
audioseal,5,english:1743,0,234,10278,mean,0.909718,0,-5.340403
audioseal,5,english:1743,0,234,10278,tct,0.909718,0,-1.875085
audioseal,5,english:1743,0,234,35522,mean,1.000000,0,-6.853223
audioseal,5,english:1743,0,234,35522,tct,1.000000,0,-2.015948
audioseal,5,english:1743,0,234,2630,mean,1.035374,0,-3.539058
audioseal,5,english:1743,0,234,2630,tct,1.035374,0,-0.632561
audioseal,5,english:1743,0,234,14964,mean,1.054093,0,-2.098305
audioseal,5,english:1743,0,234,14964,tct,1.054093,0,-0.550938
audioseal,5,english:1743,0,234,14894,mean,1.114172,0,-3.771287
audioseal,5,english:1743,0,234,14894,tct,1.114172,0,-2.275751
audioseal,5,english:1743,0,234,10286,mean,1.144703,0,-6.225498
audioseal,5,english:1743,0,234,10286,tct,1.144703,0,-2.812132
audioseal,5,english:1743,0,234,16220,mean,1.154701,0,-3.119555
audioseal,5,english:1743,0,234,16220,tct,1.154701,0,-3.445696
audioseal,5,english:1743,0,234,15900,mean,1.154701,0,-4.101327
audioseal,5,english:1743,0,234,15900,tct,1.154701,0,-1.931482
audioseal,5,english:1743,0,234,12134,mean,1.190238,0,-4.340365
audioseal,5,english:1743,0,234,12134,tct,1.190238,0,-2.687190
audioseal,5,english:1743,0,234,10806,mean,1.195871,0,-3.034511
audioseal,5,english:1743,0,234,10806,tct,1.195871,0,-2.805083
audioseal,5,english:1743,1,235,16191,mean,1.021247,0,-2.997387
audioseal,5,english:1743,1,235,16191,tct,1.021247,0,-1.404029
audioseal,5,english:1743,1,235,44831,mean,1.110875,0,-3.891134
audioseal,5,english:1743,1,235,44831,tct,1.110875,0,-1.093973
audioseal,5,english:1743,1,235,6958,mean,1.148542,0,-5.796254
audioseal,5,english:1743,1,235,6958,tct,1.148542,0,-3.939092
audioseal,5,english:1743,1,235,12095,mean,1.185288,0,-4.241301
audioseal,5,english:1743,1,235,12095,tct,1.185288,0,-2.669899
audioseal,5,english:1743,1,235,60799,mean,1.219500,0,-6.268614
audioseal,5,english:1743,1,235,60799,tct,1.219500,0,-2.544529
audioseal,5,english:1743,1,235,25517,mean,1.224745,0,-7.771063
audioseal,5,english:1743,1,235,25517,tct,1.224745,0,-3.270523
audioseal,5,english:1743,1,235,25359,mean,1.224745,0,-4.442376
audioseal,5,english:1743,1,235,25359,tct,1.224745,0,-0.644722
audioseal,5,english:1743,1,235,18799,mean,1.224745,0,-6.872618
audioseal,5,english:1743,1,235,18799,tct,1.224745,0,-2.907133
audioseal,5,english:1743,1,235,7535,mean,1.244342,0,-5.922347
audioseal,5,english:1743,1,235,7535,tct,1.244342,0,-3.317078
audioseal,5,english:1743,1,235,11167,mean,1.250767,0,-3.280053
audioseal,5,english:1743,1,235,11167,tct,1.250767,0,-0.392201
audioseal,5,english:1743,2,236,5812,mean,0.919866,0,-7.328625
audioseal,5,english:1743,2,236,5812,tct,0.919866,0,-1.305968
audioseal,5,english:1743,2,236,9517,mean,0.929320,0,-3.699246
audioseal,5,english:1743,2,236,9517,tct,0.929320,0,-0.686461
audioseal,5,english:1743,2,236,8569,mean,0.939336,0,-5.369402
audioseal,5,english:1743,2,236,8569,tct,0.939336,0,-0.872971
audioseal,5,english:1743,2,236,55165,mean,1.102582,0,-4.708382
audioseal,5,english:1743,2,236,55165,tct,1.102582,0,-2.191235
audioseal,5,english:1743,2,236,38813,mean,1.174044,0,-1.992336
audioseal,5,english:1743,2,236,38813,tct,1.174044,0,-1.204438
audioseal,5,english:1743,2,236,1965,mean,1.205252,0,-5.691582
audioseal,5,english:1743,2,236,1965,tct,1.205252,0,-2.318117
audioseal,5,english:1743,2,236,54380,mean,1.205252,0,-7.463745
audioseal,5,english:1743,2,236,54380,tct,1.205252,0,-0.327849
audioseal,5,english:1743,2,236,34589,mean,1.218142,0,-3.094870
audioseal,5,english:1743,2,236,34589,tct,1.218142,0,-2.688097
audioseal,5,english:1743,2,236,54861,mean,1.224745,0,-6.301566
audioseal,5,english:1743,2,236,54861,tct,1.224745,0,-2.502634
audioseal,5,english:1743,2,236,5140,mean,1.224745,0,-5.699181
audioseal,5,english:1743,2,236,5140,tct,1.224745,0,-1.066357
audioseal,5,english:1841,0,237,51202,mean,0.861357,0,-3.250975
audioseal,5,english:1841,0,237,51202,tct,0.861357,1,0.290552
audioseal,5,english:1841,0,237,18946,mean,1.054093,0,-2.950406
audioseal,5,english:1841,0,237,18946,tct,1.054093,0,-0.664762
audioseal,5,english:1841,0,237,51220,mean,1.092496,0,-3.374478
audioseal,5,english:1841,0,237,51220,tct,1.092496,0,-2.026989
audioseal,5,english:1841,0,237,11918,mean,1.104889,0,-3.330747
audioseal,5,english:1841,0,237,11918,tct,1.104889,0,-1.508204
audioseal,5,english:1841,0,237,8859,mean,1.123903,0,-3.702316
audioseal,5,english:1841,0,237,8859,tct,1.123903,0,-1.656084
audioseal,5,english:1841,0,237,13147,mean,1.154701,0,-6.038466
audioseal,5,english:1841,0,237,13147,tct,1.154701,0,-1.055808
audioseal,5,english:1841,0,237,42638,mean,1.169795,0,-4.872740
audioseal,5,english:1841,0,237,42638,tct,1.169795,0,-2.908460
audioseal,5,english:1841,0,237,35346,mean,1.192570,0,-2.422999
audioseal,5,english:1841,0,237,35346,tct,1.192570,0,-2.554737
audioseal,5,english:1841,0,237,18706,mean,1.201850,0,-2.585340
audioseal,5,english:1841,0,237,18706,tct,1.201850,0,-0.941710
audioseal,5,english:1841,0,237,59908,mean,1.218142,0,-3.803342
audioseal,5,english:1841,0,237,59908,tct,1.218142,0,-2.550206
audioseal,5,english:1841,1,238,39062,mean,0.845154,0,-2.448472
audioseal,5,english:1841,1,238,39062,tct,0.845154,0,-0.115151
audioseal,5,english:1841,1,238,27135,mean,0.877058,0,-4.269045
audioseal,5,english:1841,1,238,27135,tct,0.877058,0,-1.460156
audioseal,5,english:1841,1,238,46327,mean,0.912871,0,-2.908184
audioseal,5,english:1841,1,238,46327,tct,0.912871,0,-2.141194
audioseal,5,english:1841,1,238,39698,mean,1.000000,0,-4.762496
audioseal,5,english:1841,1,238,39698,tct,1.000000,0,-1.825662
audioseal,5,english:1841,1,238,33942,mean,1.154701,0,-4.629628
audioseal,5,english:1841,1,238,33942,tct,1.154701,0,-2.386628
audioseal,5,english:1841,1,238,42485,mean,1.154701,0,-4.458708
audioseal,5,english:1841,1,238,42485,tct,1.154701,0,-2.804879
audioseal,5,english:1841,1,238,39922,mean,1.192570,0,-1.719059
audioseal,5,english:1841,1,238,39922,tct,1.192570,0,-0.607838
audioseal,5,english:1841,1,238,35222,mean,1.195229,0,-2.811974
audioseal,5,english:1841,1,238,35222,tct,1.195229,0,-1.393362
audioseal,5,english:1841,1,238,11511,mean,1.195229,0,-3.571570
audioseal,5,english:1841,1,238,11511,tct,1.195229,0,-2.742696
audioseal,5,english:1841,1,238,44024,mean,1.201850,0,-3.785367
audioseal,5,english:1841,1,238,44024,tct,1.201850,0,-1.755383
audioseal,5,english:1841,2,239,40553,mean,0.844081,0,-5.688375
audioseal,5,english:1841,2,239,40553,tct,0.844081,0,-1.013250
audioseal,5,english:1841,2,239,56941,mean,0.879883,0,-5.894582
audioseal,5,english:1841,2,239,56941,tct,0.879883,0,-0.433230
audioseal,5,english:1841,2,239,48005,mean,0.902671,0,-2.451691
audioseal,5,english:1841,2,239,48005,tct,0.902671,0,-0.642679
audioseal,5,english:1841,2,239,39685,mean,0.907485,0,-2.871158
audioseal,5,english:1841,2,239,39685,tct,0.907485,0,-0.191651
audioseal,5,english:1841,2,239,39529,mean,1.059039,0,-4.409467
audioseal,5,english:1841,2,239,39529,tct,1.059039,0,-1.614665
audioseal,5,english:1841,2,239,15980,mean,1.192928,0,-6.657822
audioseal,5,english:1841,2,239,15980,tct,1.192928,0,-2.373582
audioseal,5,english:1841,2,239,7368,mean,1.195229,0,-8.770021
audioseal,5,english:1841,2,239,7368,tct,1.195229,0,-1.419182
audioseal,5,english:1841,2,239,57001,mean,1.218142,0,-7.613429
audioseal,5,english:1841,2,239,57001,tct,1.218142,0,-1.423391
audioseal,5,english:1841,2,239,56193,mean,1.224745,0,-5.371805
audioseal,5,english:1841,2,239,56193,tct,1.224745,0,-1.162607
audioseal,5,english:1841,2,239,4200,mean,1.236568,0,-9.626577
audioseal,5,english:1841,2,239,4200,tct,1.236568,0,-1.363117
audioseal,5,english:1867,0,240,11240,mean,0.890911,0,-6.540541
audioseal,5,english:1867,0,240,11240,tct,0.890911,0,-1.966702
audioseal,5,english:1867,0,240,50397,mean,0.929320,0,-7.664045
audioseal,5,english:1867,0,240,50397,tct,0.929320,0,-0.299937
audioseal,5,english:1867,0,240,26218,mean,1.021508,0,-2.246874
audioseal,5,english:1867,0,240,26218,tct,1.021508,1,0.404037
audioseal,5,english:1867,0,240,25512,mean,1.108183,0,-6.729885
audioseal,5,english:1867,0,240,25512,tct,1.108183,0,-0.077629
audioseal,5,english:1867,0,240,20054,mean,1.148121,0,-4.294690
audioseal,5,english:1867,0,240,20054,tct,1.148121,0,-2.717173
audioseal,5,english:1867,0,240,29480,mean,1.154701,0,-6.737512
audioseal,5,english:1867,0,240,29480,tct,1.154701,0,-0.424073
audioseal,5,english:1867,0,240,13290,mean,1.154701,0,-7.213830
audioseal,5,english:1867,0,240,13290,tct,1.154701,0,-2.495566
audioseal,5,english:1867,0,240,18173,mean,1.169045,0,-5.455995
audioseal,5,english:1867,0,240,18173,tct,1.169045,0,-1.332551
audioseal,5,english:1867,0,240,52469,mean,1.224745,0,-6.026148
audioseal,5,english:1867,0,240,52469,tct,1.224745,0,-1.161201
audioseal,5,english:1867,0,240,26202,mean,1.224745,0,-5.107815
audioseal,5,english:1867,0,240,26202,tct,1.224745,0,-3.127715
audioseal,5,english:1867,1,241,33392,mean,0.909718,0,-5.347304
audioseal,5,english:1867,1,241,33392,tct,0.909718,0,-0.958781
audioseal,5,english:1867,1,241,49746,mean,1.114172,0,-4.586230
audioseal,5,english:1867,1,241,49746,tct,1.114172,0,-0.601587
audioseal,5,english:1867,1,241,15993,mean,1.140871,0,-8.298466
audioseal,5,english:1867,1,241,15993,tct,1.140871,0,-1.310338
audioseal,5,english:1867,1,241,33528,mean,1.167748,0,-6.079486
audioseal,5,english:1867,1,241,33528,tct,1.167748,0,-1.269220
audioseal,5,english:1867,1,241,32107,mean,1.185498,0,-7.441344
audioseal,5,english:1867,1,241,32107,tct,1.185498,0,-1.343569
audioseal,5,english:1867,1,241,15093,mean,1.195229,0,-7.042323
audioseal,5,english:1867,1,241,15093,tct,1.195229,0,-1.950109
audioseal,5,english:1867,1,241,51794,mean,1.200490,0,-3.851990
audioseal,5,english:1867,1,241,51794,tct,1.200490,1,0.041460
audioseal,5,english:1867,1,241,33362,mean,1.203443,0,-5.997811
audioseal,5,english:1867,1,241,33362,tct,1.203443,0,-0.921854
audioseal,5,english:1867,1,241,28475,mean,1.205577,0,-9.059872
audioseal,5,english:1867,1,241,28475,tct,1.205577,0,-1.768505
audioseal,5,english:1867,1,241,35572,mean,1.206045,0,-5.436342
audioseal,5,english:1867,1,241,35572,tct,1.206045,0,-1.491328
audioseal,5,english:1867,2,242,22709,mean,0.867349,0,-5.598412
audioseal,5,english:1867,2,242,22709,tct,0.867349,0,-1.274898
audioseal,5,english:1867,2,242,15540,mean,0.904534,0,-6.341298
audioseal,5,english:1867,2,242,15540,tct,0.904534,0,-2.070829
audioseal,5,english:1867,2,242,63906,mean,0.918937,0,-5.713315
audioseal,5,english:1867,2,242,63906,tct,0.918937,0,-4.375798
audioseal,5,english:1867,2,242,18581,mean,0.930261,0,-5.427193
audioseal,5,english:1867,2,242,18581,tct,0.930261,0,-1.397921
audioseal,5,english:1867,2,242,32955,mean,1.122167,0,-5.598870
audioseal,5,english:1867,2,242,32955,tct,1.122167,0,-2.620014
audioseal,5,english:1867,2,242,63649,mean,1.148542,0,-5.087034
audioseal,5,english:1867,2,242,63649,tct,1.148542,0,-2.199903
audioseal,5,english:1867,2,242,9370,mean,1.182766,0,-6.827885
audioseal,5,english:1867,2,242,9370,tct,1.182766,0,-2.603430
audioseal,5,english:1867,2,242,22965,mean,1.192484,0,-5.784260
audioseal,5,english:1867,2,242,22965,tct,1.192484,0,-1.916467
audioseal,5,english:1867,2,242,31107,mean,1.194249,0,-4.118227
audioseal,5,english:1867,2,242,31107,tct,1.194249,0,-2.862882
audioseal,5,english:1867,2,242,42171,mean,1.201850,0,-5.684989
audioseal,5,english:1867,2,242,42171,tct,1.201850,0,-3.032610
audioseal,5,english:1898,0,243,17509,mean,0.830455,0,-10.217843
audioseal,5,english:1898,0,243,17509,tct,0.830455,0,-1.242490
audioseal,5,english:1898,0,243,23555,mean,0.854850,0,-7.638633
audioseal,5,english:1898,0,243,23555,tct,0.854850,0,-0.975759
audioseal,5,english:1898,0,243,54501,mean,1.071008,0,-9.736385
audioseal,5,english:1898,0,243,54501,tct,1.071008,0,-1.685560
audioseal,5,english:1898,0,243,20709,mean,1.084652,0,-9.243801
audioseal,5,english:1898,0,243,20709,tct,1.084652,0,-1.162210
audioseal,5,english:1898,0,243,17505,mean,1.110350,0,-11.387823
audioseal,5,english:1898,0,243,17505,tct,1.110350,0,-2.392301
audioseal,5,english:1898,0,243,16546,mean,1.129865,0,-10.449067
audioseal,5,english:1898,0,243,16546,tct,1.129865,1,0.779494
audioseal,5,english:1898,0,243,57771,mean,1.183216,0,-4.502295
audioseal,5,english:1898,0,243,57771,tct,1.183216,0,-0.874093
audioseal,5,english:1898,0,243,57828,mean,1.195229,0,-8.405051
audioseal,5,english:1898,0,243,57828,tct,1.195229,0,-0.829760
audioseal,5,english:1898,0,243,31146,mean,1.195229,0,-6.618368
audioseal,5,english:1898,0,243,31146,tct,1.195229,0,-3.244756
audioseal,5,english:1898,0,243,17667,mean,1.203897,0,-6.406542
audioseal,5,english:1898,0,243,17667,tct,1.203897,0,-3.371741
audioseal,5,english:1898,1,244,9798,mean,0.912085,0,-5.164877
audioseal,5,english:1898,1,244,9798,tct,0.912085,0,-0.390327
audioseal,5,english:1898,1,244,9958,mean,0.927961,0,-5.619263
audioseal,5,english:1898,1,244,9958,tct,0.927961,0,-1.464361
audioseal,5,english:1898,1,244,15266,mean,0.935414,0,-3.573983
audioseal,5,english:1898,1,244,15266,tct,0.935414,0,-1.134065
audioseal,5,english:1898,1,244,19218,mean,1.122167,0,-4.471276
audioseal,5,english:1898,1,244,19218,tct,1.122167,0,-1.334045
audioseal,5,english:1898,1,244,258,mean,1.148542,0,-5.278484
audioseal,5,english:1898,1,244,258,tct,1.148542,0,-3.086597
audioseal,5,english:1898,1,244,26400,mean,1.164811,0,-2.055587
audioseal,5,english:1898,1,244,26400,tct,1.164811,0,-1.425442
audioseal,5,english:1898,1,244,17168,mean,1.164965,0,-4.784588
audioseal,5,english:1898,1,244,17168,tct,1.164965,0,-1.274755
audioseal,5,english:1898,1,244,17746,mean,1.176697,0,-5.280429
audioseal,5,english:1898,1,244,17746,tct,1.176697,0,-1.024676
audioseal,5,english:1898,1,244,9954,mean,1.201850,0,-5.562140
audioseal,5,english:1898,1,244,9954,tct,1.201850,0,-2.509900
audioseal,5,english:1898,1,244,26326,mean,1.202561,0,-5.951826
audioseal,5,english:1898,1,244,26326,tct,1.202561,0,-2.296511
audioseal,5,english:1898,2,245,25716,mean,0.890693,0,-5.074872
audioseal,5,english:1898,2,245,25716,tct,0.890693,0,-0.988940
audioseal,5,english:1898,2,245,6701,mean,1.000000,0,-4.358405
audioseal,5,english:1898,2,245,6701,tct,1.000000,0,-2.527190
audioseal,5,english:1898,2,245,29876,mean,1.083205,0,-3.643237
audioseal,5,english:1898,2,245,29876,tct,1.083205,0,-0.525681
audioseal,5,english:1898,2,245,25724,mean,1.084652,0,-5.506192
audioseal,5,english:1898,2,245,25724,tct,1.084652,0,-2.045174
audioseal,5,english:1898,2,245,7805,mean,1.202834,0,-3.322753
audioseal,5,english:1898,2,245,7805,tct,1.202834,0,-1.467956
audioseal,5,english:1898,2,245,21528,mean,1.224745,0,-3.178510
audioseal,5,english:1898,2,245,21528,tct,1.224745,0,-1.786879
audioseal,5,english:1898,2,245,15896,mean,1.224745,0,-3.597347
audioseal,5,english:1898,2,245,15896,tct,1.224745,0,-2.538532
audioseal,5,english:1898,2,245,7743,mean,1.275798,0,-3.203204
audioseal,5,english:1898,2,245,7743,tct,1.275798,0,-2.144537
audioseal,5,english:1898,2,245,26101,mean,1.279204,0,-8.204306
audioseal,5,english:1898,2,245,26101,tct,1.279204,0,-3.534405
audioseal,5,english:1898,2,245,7695,mean,1.279204,0,-4.833765
audioseal,5,english:1898,2,245,7695,tct,1.279204,0,-1.719168
audioseal,5,english:19,0,246,34798,mean,0.869539,0,-5.974082
audioseal,5,english:19,0,246,34798,tct,0.869539,0,-2.398197
audioseal,5,english:19,0,246,4352,mean,0.873379,0,-3.561215
audioseal,5,english:19,0,246,4352,tct,0.873379,1,0.336844
audioseal,5,english:19,0,246,5504,mean,0.873379,0,-3.723863
audioseal,5,english:19,0,246,5504,tct,0.873379,0,-1.151015
audioseal,5,english:19,0,246,34662,mean,0.922531,0,-5.663305
audioseal,5,english:19,0,246,34662,tct,0.922531,0,-1.270507
audioseal,5,english:19,0,246,37120,mean,1.062953,0,-2.799879
audioseal,5,english:19,0,246,37120,tct,1.062953,0,-2.390773
audioseal,5,english:19,0,246,39393,mean,1.102582,0,-1.649327
audioseal,5,english:19,0,246,39393,tct,1.102582,0,-1.059646
audioseal,5,english:19,0,246,39395,mean,1.174734,0,-2.605130
audioseal,5,english:19,0,246,39395,tct,1.174734,0,-1.520387
audioseal,5,english:19,0,246,5998,mean,1.185013,0,-6.024362
audioseal,5,english:19,0,246,5998,tct,1.185013,0,-1.073374
audioseal,5,english:19,0,246,4354,mean,1.191445,0,-4.517018
audioseal,5,english:19,0,246,4354,tct,1.191445,0,-3.021963
audioseal,5,english:19,0,246,33642,mean,1.213954,0,-5.080715
audioseal,5,english:19,0,246,33642,tct,1.213954,0,-1.338653
audioseal,5,english:19,1,247,585,mean,1.137593,0,-4.819250
audioseal,5,english:19,1,247,585,tct,1.137593,0,-0.052245
audioseal,5,english:19,1,247,33321,mean,1.171893,0,-3.429227
audioseal,5,english:19,1,247,33321,tct,1.171893,0,-2.119712
audioseal,5,english:19,1,247,25611,mean,1.183216,0,-2.886102
audioseal,5,english:19,1,247,25611,tct,1.183216,0,-2.052029
audioseal,5,english:19,1,247,16969,mean,1.188177,0,-3.500308
audioseal,5,english:19,1,247,16969,tct,1.188177,0,-0.661789
audioseal,5,english:19,1,247,17947,mean,1.197824,0,-3.971468
audioseal,5,english:19,1,247,17947,tct,1.197824,0,-2.800756
audioseal,5,english:19,1,247,827,mean,1.199747,0,-4.265406
audioseal,5,english:19,1,247,827,tct,1.199747,0,-2.819522
audioseal,5,english:19,1,247,25769,mean,1.224745,0,-3.573834
audioseal,5,english:19,1,247,25769,tct,1.224745,0,-2.216093
audioseal,5,english:19,1,247,17465,mean,1.247219,0,-3.048493
audioseal,5,english:19,1,247,17465,tct,1.247219,0,-1.520063
audioseal,5,english:19,1,247,61483,mean,1.264911,0,-1.755735
audioseal,5,english:19,1,247,61483,tct,1.264911,0,-0.355453
audioseal,5,english:19,1,247,17448,mean,1.274755,0,-2.846781
audioseal,5,english:19,1,247,17448,tct,1.274755,0,-1.106998
audioseal,5,english:19,2,248,35706,mean,0.866025,0,-5.266580
audioseal,5,english:19,2,248,35706,tct,0.866025,0,-1.052533
audioseal,5,english:19,2,248,18770,mean,0.869539,0,-6.199516
audioseal,5,english:19,2,248,18770,tct,0.869539,1,0.332144
audioseal,5,english:19,2,248,43378,mean,1.060660,0,-4.793929
audioseal,5,english:19,2,248,43378,tct,1.060660,0,-0.656476
audioseal,5,english:19,2,248,43134,mean,1.089725,0,-3.471123
audioseal,5,english:19,2,248,43134,tct,1.089725,1,0.041179
audioseal,5,english:19,2,248,19794,mean,1.219756,0,-7.558378
audioseal,5,english:19,2,248,19794,tct,1.219756,0,-1.270535
audioseal,5,english:19,2,248,59731,mean,1.221501,0,-3.360722
audioseal,5,english:19,2,248,59731,tct,1.221501,0,-1.565722
audioseal,5,english:19,2,248,27094,mean,1.224745,0,-5.211375
audioseal,5,english:19,2,248,27094,tct,1.224745,0,-1.198592
audioseal,5,english:19,2,248,26967,mean,1.224745,0,-3.122148
audioseal,5,english:19,2,248,26967,tct,1.224745,0,-0.969996
audioseal,5,english:19,2,248,11135,mean,1.228649,0,-2.916991
audioseal,5,english:19,2,248,11135,tct,1.228649,0,-1.891615
audioseal,5,english:19,2,248,8763,mean,1.234909,0,-7.076931
audioseal,5,english:19,2,248,8763,tct,1.234909,0,-3.737840
audioseal,5,english:1926,0,249,34458,mean,0.856349,0,-4.758873
audioseal,5,english:1926,0,249,34458,tct,0.856349,0,-1.013484
audioseal,5,english:1926,0,249,8207,mean,1.095445,0,-6.543680
audioseal,5,english:1926,0,249,8207,tct,1.095445,0,-2.701801
audioseal,5,english:1926,0,249,1054,mean,1.163975,0,-4.143061
audioseal,5,english:1926,0,249,1054,tct,1.163975,0,-1.364000
audioseal,5,english:1926,0,249,11150,mean,1.201850,0,-5.784307
audioseal,5,english:1926,0,249,11150,tct,1.201850,0,-1.214361
audioseal,5,english:1926,0,249,3920,mean,1.201850,0,-5.552670
audioseal,5,english:1926,0,249,3920,tct,1.201850,0,-0.453005
audioseal,5,english:1926,0,249,36078,mean,1.201850,0,-1.983718
audioseal,5,english:1926,0,249,36078,tct,1.201850,0,-0.814539
audioseal,5,english:1926,0,249,1548,mean,1.211646,0,-4.009588
audioseal,5,english:1926,0,249,1548,tct,1.211646,0,-1.136894
audioseal,5,english:1926,0,249,10885,mean,1.224745,0,-6.584251
audioseal,5,english:1926,0,249,10885,tct,1.224745,0,-1.186280
audioseal,5,english:1926,0,249,12033,mean,1.224745,0,-6.628377
audioseal,5,english:1926,0,249,12033,tct,1.224745,0,-3.133206
audioseal,5,english:1926,0,249,11143,mean,1.224745,0,-7.364006
audioseal,5,english:1926,0,249,11143,tct,1.224745,0,-1.440800
audioseal,5,english:1926,1,250,49270,mean,0.942809,0,-6.017361
audioseal,5,english:1926,1,250,49270,tct,0.942809,0,-1.421213
audioseal,5,english:1926,1,250,61800,mean,1.121224,0,-1.389995
audioseal,5,english:1926,1,250,61800,tct,1.121224,0,-0.820392
audioseal,5,english:1926,1,250,30073,mean,1.121224,0,-3.471190
audioseal,5,english:1926,1,250,30073,tct,1.121224,0,-2.330368
audioseal,5,english:1926,1,250,24692,mean,1.201850,0,-2.978865
audioseal,5,english:1926,1,250,24692,tct,1.201850,0,-2.216496
audioseal,5,english:1926,1,250,3406,mean,1.211060,0,-5.592261
audioseal,5,english:1926,1,250,3406,tct,1.211060,0,-3.051064
audioseal,5,english:1926,1,250,11617,mean,1.211060,0,-4.206990
audioseal,5,english:1926,1,250,11617,tct,1.211060,0,-2.459258
audioseal,5,english:1926,1,250,41014,mean,1.224745,0,-7.681592
audioseal,5,english:1926,1,250,41014,tct,1.224745,0,-4.191959
audioseal,5,english:1926,1,250,8453,mean,1.246423,0,-5.364962
audioseal,5,english:1926,1,250,8453,tct,1.246423,0,-1.061786
audioseal,5,english:1926,1,250,1486,mean,1.246534,0,-6.407514
audioseal,5,english:1926,1,250,1486,tct,1.246534,0,-2.477610
audioseal,5,english:1926,1,250,18638,mean,1.246534,0,-5.674191
audioseal,5,english:1926,1,250,18638,tct,1.246534,0,-2.257444
audioseal,5,english:1926,2,251,30300,mean,0.879049,0,-5.629653
audioseal,5,english:1926,2,251,30300,tct,0.879049,0,-0.324043
audioseal,5,english:1926,2,251,34508,mean,0.937043,0,-6.677680
audioseal,5,english:1926,2,251,34508,tct,0.937043,0,-2.193113
audioseal,5,english:1926,2,251,57207,mean,1.000000,0,-7.172929
audioseal,5,english:1926,2,251,57207,tct,1.000000,0,-1.719628
audioseal,5,english:1926,2,251,21312,mean,1.109030,0,-2.217127
audioseal,5,english:1926,2,251,21312,tct,1.109030,0,-1.041593
audioseal,5,english:1926,2,251,18008,mean,1.148121,0,-4.085753
audioseal,5,english:1926,2,251,18008,tct,1.148121,0,-2.230307
audioseal,5,english:1926,2,251,55123,mean,1.176872,0,-6.068671
audioseal,5,english:1926,2,251,55123,tct,1.176872,0,-2.208493
audioseal,5,english:1926,2,251,53568,mean,1.201603,0,-3.420722
audioseal,5,english:1926,2,251,53568,tct,1.201603,0,-1.002827
audioseal,5,english:1926,2,251,63065,mean,1.201850,0,-7.006168
audioseal,5,english:1926,2,251,63065,tct,1.201850,0,-4.859657
audioseal,5,english:1926,2,251,39232,mean,1.201850,0,-5.299214
audioseal,5,english:1926,2,251,39232,tct,1.201850,0,-2.174109
audioseal,5,english:1926,2,251,57158,mean,1.211858,0,-4.770552
audioseal,5,english:1926,2,251,57158,tct,1.211858,0,-1.441915
audioseal,5,english:196,0,252,58361,mean,1.000000,0,-6.283642
audioseal,5,english:196,0,252,58361,tct,1.000000,0,-1.480398
audioseal,5,english:196,0,252,31484,mean,1.122167,0,-3.265261
audioseal,5,english:196,0,252,31484,tct,1.122167,0,-3.081283
audioseal,5,english:196,0,252,27183,mean,1.154701,0,-3.288667
audioseal,5,english:196,0,252,27183,tct,1.154701,0,-1.808677
audioseal,5,english:196,0,252,551,mean,1.163975,0,-5.393809
audioseal,5,english:196,0,252,551,tct,1.163975,0,-1.459944
audioseal,5,english:196,0,252,2629,mean,1.172140,0,-3.851583
audioseal,5,english:196,0,252,2629,tct,1.172140,0,-1.914892
audioseal,5,english:196,0,252,20591,mean,1.173788,0,-2.319084
audioseal,5,english:196,0,252,20591,tct,1.173788,0,-0.801952
audioseal,5,english:196,0,252,59357,mean,1.194121,0,-7.281851
audioseal,5,english:196,0,252,59357,tct,1.194121,0,-2.167435
audioseal,5,english:196,0,252,51781,mean,1.203314,0,-3.272549
audioseal,5,english:196,0,252,51781,tct,1.203314,0,-2.241321
audioseal,5,english:196,0,252,41709,mean,1.211646,0,-4.082682
audioseal,5,english:196,0,252,41709,tct,1.211646,0,-2.431759
audioseal,5,english:196,0,252,25343,mean,1.217161,0,-4.532610
audioseal,5,english:196,0,252,25343,tct,1.217161,0,-3.027176
audioseal,5,english:196,1,253,21145,mean,0.838525,0,-2.880748
audioseal,5,english:196,1,253,21145,tct,0.838525,0,-1.423126
audioseal,5,english:196,1,253,18413,mean,0.899101,0,-7.111869
audioseal,5,english:196,1,253,18413,tct,0.899101,0,-2.345299
audioseal,5,english:196,1,253,17837,mean,0.899172,0,-6.995871
audioseal,5,english:196,1,253,17837,tct,0.899172,0,-0.887760
audioseal,5,english:196,1,253,34432,mean,0.935414,0,-10.776470
audioseal,5,english:196,1,253,34432,tct,0.935414,0,-1.163133
audioseal,5,english:196,1,253,18349,mean,1.110875,0,-5.692097
audioseal,5,english:196,1,253,18349,tct,1.110875,0,-1.319009
audioseal,5,english:196,1,253,17117,mean,1.137593,0,-4.121348
audioseal,5,english:196,1,253,17117,tct,1.137593,0,-3.027050
audioseal,5,english:196,1,253,3984,mean,1.158493,0,-8.399898
audioseal,5,english:196,1,253,3984,tct,1.158493,0,-0.785576
audioseal,5,english:196,1,253,5021,mean,1.167748,0,-1.632695
audioseal,5,english:196,1,253,5021,tct,1.167748,0,-1.758989
audioseal,5,english:196,1,253,13208,mean,1.180990,0,-3.893329
audioseal,5,english:196,1,253,13208,tct,1.180990,0,-1.115693
audioseal,5,english:196,1,253,2961,mean,1.213954,0,-5.738427
audioseal,5,english:196,1,253,2961,tct,1.213954,0,-1.542338
audioseal,5,english:196,2,254,64944,mean,0.935414,0,-4.829775
audioseal,5,english:196,2,254,64944,tct,0.935414,0,-0.740086
audioseal,5,english:196,2,254,56407,mean,0.935414,0,-4.463301
audioseal,5,english:196,2,254,56407,tct,0.935414,0,-1.824767
audioseal,5,english:196,2,254,62142,mean,0.942809,0,-6.958305
audioseal,5,english:196,2,254,62142,tct,0.942809,0,-2.353455
audioseal,5,english:196,2,254,45238,mean,1.106151,0,-3.653408
audioseal,5,english:196,2,254,45238,tct,1.106151,0,-0.042707
audioseal,5,english:196,2,254,40183,mean,1.151444,0,-2.816290
audioseal,5,english:196,2,254,40183,tct,1.151444,0,-1.918829
audioseal,5,english:196,2,254,46256,mean,1.180728,0,-3.622521
audioseal,5,english:196,2,254,46256,tct,1.180728,0,-0.916649
audioseal,5,english:196,2,254,56752,mean,1.219500,0,-3.409169
audioseal,5,english:196,2,254,56752,tct,1.219500,0,-1.083261
audioseal,5,english:196,2,254,37438,mean,1.224745,0,-4.251468
audioseal,5,english:196,2,254,37438,tct,1.224745,0,-2.589707
audioseal,5,english:196,2,254,64816,mean,1.224745,0,-4.388523
audioseal,5,english:196,2,254,64816,tct,1.224745,0,-1.491494
audioseal,5,english:196,2,254,7730,mean,1.246046,0,-2.244989
audioseal,5,english:196,2,254,7730,tct,1.246046,0,-1.166513
audioseal,5,english:1963,0,255,14787,mean,0.914174,0,-4.248806
audioseal,5,english:1963,0,255,14787,tct,0.914174,0,-1.838160
audioseal,5,english:1963,0,255,28860,mean,0.948683,0,-6.540444
audioseal,5,english:1963,0,255,28860,tct,0.948683,0,-1.235051
audioseal,5,english:1963,0,255,64604,mean,1.037749,0,-3.204989
audioseal,5,english:1963,0,255,64604,tct,1.037749,0,-1.150358
audioseal,5,english:1963,0,255,47190,mean,1.054093,0,-2.148707
audioseal,5,english:1963,0,255,47190,tct,1.054093,0,-0.365305
audioseal,5,english:1963,0,255,28894,mean,1.086042,0,-4.600064
audioseal,5,english:1963,0,255,28894,tct,1.086042,0,-0.278717
audioseal,5,english:1963,0,255,63964,mean,1.097566,0,-0.614847
audioseal,5,english:1963,0,255,63964,tct,1.097566,0,-1.136617
audioseal,5,english:1963,0,255,12736,mean,1.185013,0,-4.446474
audioseal,5,english:1963,0,255,12736,tct,1.185013,0,-0.478225
audioseal,5,english:1963,0,255,30868,mean,1.193558,0,-4.126427
audioseal,5,english:1963,0,255,30868,tct,1.193558,0,-0.067547
audioseal,5,english:1963,0,255,47172,mean,1.204159,0,-2.353817
audioseal,5,english:1963,0,255,47172,tct,1.204159,0,-0.809517
audioseal,5,english:1963,0,255,14548,mean,1.211646,0,-2.561127
audioseal,5,english:1963,0,255,14548,tct,1.211646,0,-0.364314
audioseal,5,english:1963,1,256,42237,mean,0.925820,0,-4.699378
audioseal,5,english:1963,1,256,42237,tct,0.925820,0,-3.628208
audioseal,5,english:1963,1,256,7812,mean,0.948683,0,-7.085795
audioseal,5,english:1963,1,256,7812,tct,0.948683,0,-1.280572
audioseal,5,english:1963,1,256,34007,mean,1.060660,0,-2.690197
audioseal,5,english:1963,1,256,34007,tct,1.060660,0,-2.014495
audioseal,5,english:1963,1,256,34015,mean,1.080123,0,-3.354667
audioseal,5,english:1963,1,256,34015,tct,1.080123,0,-2.146337
audioseal,5,english:1963,1,256,2700,mean,1.179536,0,-5.771261
audioseal,5,english:1963,1,256,2700,tct,1.179536,0,-1.624582
audioseal,5,english:1963,1,256,49212,mean,1.194121,0,-5.385513
audioseal,5,english:1963,1,256,49212,tct,1.194121,0,-2.715464
audioseal,5,english:1963,1,256,39063,mean,1.195229,0,-2.022899
audioseal,5,english:1963,1,256,39063,tct,1.195229,0,-0.608354
audioseal,5,english:1963,1,256,58428,mean,1.195229,0,-6.738297
audioseal,5,english:1963,1,256,58428,tct,1.195229,0,-3.933949
audioseal,5,english:1963,1,256,34021,mean,1.218142,0,-4.863466
audioseal,5,english:1963,1,256,34021,tct,1.218142,0,-3.652836
audioseal,5,english:1963,1,256,34549,mean,1.218142,0,-4.757698
audioseal,5,english:1963,1,256,34549,tct,1.218142,0,-3.500328
audioseal,5,english:1963,2,257,2798,mean,0.904534,0,-3.997198
audioseal,5,english:1963,2,257,2798,tct,0.904534,0,-1.920512
audioseal,5,english:1963,2,257,28488,mean,1.154701,0,-4.814052
audioseal,5,english:1963,2,257,28488,tct,1.154701,0,-1.796467
audioseal,5,english:1963,2,257,28206,mean,1.158774,0,-0.629347
audioseal,5,english:1963,2,257,28206,tct,1.158774,0,-0.112011
audioseal,5,english:1963,2,257,3820,mean,1.190238,0,-5.668174
audioseal,5,english:1963,2,257,3820,tct,1.190238,0,-2.144475
audioseal,5,english:1963,2,257,18606,mean,1.208941,0,-2.920919
audioseal,5,english:1963,2,257,18606,tct,1.208941,0,-1.873620
audioseal,5,english:1963,2,257,6702,mean,1.208941,0,-2.853532
audioseal,5,english:1963,2,257,6702,tct,1.208941,0,-0.857865
audioseal,5,english:1963,2,257,2214,mean,1.224745,0,-5.382973
audioseal,5,english:1963,2,257,2214,tct,1.224745,0,-1.525201
audioseal,5,english:1963,2,257,27630,mean,1.266402,0,-2.962928
audioseal,5,english:1963,2,257,27630,tct,1.266402,0,-1.361101
audioseal,5,english:1963,2,257,6828,mean,1.268344,0,-4.871992
audioseal,5,english:1963,2,257,6828,tct,1.268344,0,-2.487418
audioseal,5,english:1963,2,257,17932,mean,1.270978,0,-3.774551
audioseal,5,english:1963,2,257,17932,tct,1.270978,0,-2.497704
audioseal,5,english:1970,0,258,55987,mean,0.845154,0,-1.772599
audioseal,5,english:1970,0,258,55987,tct,0.845154,0,-1.247411
audioseal,5,english:1970,0,258,47515,mean,0.906765,0,-3.984187
audioseal,5,english:1970,0,258,47515,tct,0.906765,0,-0.151228
audioseal,5,english:1970,0,258,56274,mean,0.912871,0,-1.118786
audioseal,5,english:1970,0,258,56274,tct,0.912871,0,-0.804055
audioseal,5,english:1970,0,258,33481,mean,0.918937,0,-6.891614
audioseal,5,english:1970,0,258,33481,tct,0.918937,0,-0.651287
audioseal,5,english:1970,0,258,16698,mean,0.935414,0,-5.814841
audioseal,5,english:1970,0,258,16698,tct,0.935414,0,-1.919145
audioseal,5,english:1970,0,258,16650,mean,0.935414,0,-5.679303
audioseal,5,english:1970,0,258,16650,tct,0.935414,0,-0.699533
audioseal,5,english:1970,0,258,49851,mean,1.154701,0,-3.907290
audioseal,5,english:1970,0,258,49851,tct,1.154701,0,-2.601903
audioseal,5,english:1970,0,258,64179,mean,1.195229,0,-2.956688
audioseal,5,english:1970,0,258,64179,tct,1.195229,0,-1.204226
audioseal,5,english:1970,0,258,64667,mean,1.195229,0,-3.559730
audioseal,5,english:1970,0,258,64667,tct,1.195229,0,-2.804364
audioseal,5,english:1970,0,258,39618,mean,1.221028,0,-3.228240
audioseal,5,english:1970,0,258,39618,tct,1.221028,0,-1.704157
audioseal,5,english:1970,1,259,48285,mean,0.887625,0,-5.798185
audioseal,5,english:1970,1,259,48285,tct,0.887625,0,-2.076638
audioseal,5,english:1970,1,259,3499,mean,0.948683,0,-5.571147
audioseal,5,english:1970,1,259,3499,tct,0.948683,0,-4.784162
audioseal,5,english:1970,1,259,64664,mean,1.118034,0,-3.488289
audioseal,5,english:1970,1,259,64664,tct,1.118034,0,-0.496334
audioseal,5,english:1970,1,259,15610,mean,1.119927,0,-3.341451
audioseal,5,english:1970,1,259,15610,tct,1.119927,1,0.098000
audioseal,5,english:1970,1,259,13498,mean,1.119927,0,-3.236916
audioseal,5,english:1970,1,259,13498,tct,1.119927,0,-0.858218
audioseal,5,english:1970,1,259,7610,mean,1.120065,0,-2.191868
audioseal,5,english:1970,1,259,7610,tct,1.120065,0,-2.234815
audioseal,5,english:1970,1,259,22932,mean,1.148121,0,-4.235633
audioseal,5,english:1970,1,259,22932,tct,1.148121,0,-0.512242
audioseal,5,english:1970,1,259,40379,mean,1.154701,0,-4.567124
audioseal,5,english:1970,1,259,40379,tct,1.154701,0,-1.595394
audioseal,5,english:1970,1,259,30878,mean,1.158216,0,-5.429142
audioseal,5,english:1970,1,259,30878,tct,1.158216,0,-1.003016
audioseal,5,english:1970,1,259,4252,mean,1.193416,0,-4.760723
audioseal,5,english:1970,1,259,4252,tct,1.193416,0,-2.404100
audioseal,5,english:1970,2,260,34187,mean,0.903211,0,-4.707843
audioseal,5,english:1970,2,260,34187,tct,0.903211,0,-2.272063
audioseal,5,english:1970,2,260,39993,mean,0.917663,0,-5.570364
audioseal,5,english:1970,2,260,39993,tct,0.917663,0,-3.071138
audioseal,5,english:1970,2,260,45322,mean,1.092717,0,-2.969710
audioseal,5,english:1970,2,260,45322,tct,1.092717,0,-3.096135
audioseal,5,english:1970,2,260,33067,mean,1.147079,0,-4.055721
audioseal,5,english:1970,2,260,33067,tct,1.147079,0,-2.712359
audioseal,5,english:1970,2,260,41354,mean,1.148913,0,-5.086260
audioseal,5,english:1970,2,260,41354,tct,1.148913,0,-2.189557
audioseal,5,english:1970,2,260,30286,mean,1.189384,0,-4.665400
audioseal,5,english:1970,2,260,30286,tct,1.189384,0,-1.151983
audioseal,5,english:1970,2,260,12650,mean,1.209717,0,-1.396147
audioseal,5,english:1970,2,260,12650,tct,1.209717,0,-2.405696
audioseal,5,english:1970,2,260,37994,mean,1.228590,0,-0.424112
audioseal,5,english:1970,2,260,37994,tct,1.228590,1,0.801215
audioseal,5,english:1970,2,260,9627,mean,1.232282,0,-6.349794
audioseal,5,english:1970,2,260,9627,tct,1.232282,0,-2.608257
audioseal,5,english:1970,2,260,42399,mean,1.246534,0,-7.331335
audioseal,5,english:1970,2,260,42399,tct,1.246534,0,-2.772450
audioseal,5,english:198,0,261,8335,mean,0.843367,0,-2.845038
audioseal,5,english:198,0,261,8335,tct,0.843367,1,0.340050
audioseal,5,english:198,0,261,47930,mean,1.000000,0,-8.566226
audioseal,5,english:198,0,261,47930,tct,1.000000,0,-0.950383
audioseal,5,english:198,0,261,9391,mean,1.009390,0,-0.709529
audioseal,5,english:198,0,261,9391,tct,1.009390,0,-0.147932
audioseal,5,english:198,0,261,8950,mean,1.122167,0,-5.263465
audioseal,5,english:198,0,261,8950,tct,1.122167,1,0.023497
audioseal,5,english:198,0,261,9910,mean,1.184578,0,-3.437619
audioseal,5,english:198,0,261,9910,tct,1.184578,0,-2.118371
audioseal,5,english:198,0,261,9471,mean,1.191367,0,-2.841005
audioseal,5,english:198,0,261,9471,tct,1.191367,0,-1.946829
audioseal,5,english:198,0,261,25302,mean,1.194121,0,-6.814460
audioseal,5,english:198,0,261,25302,tct,1.194121,0,-4.049469
audioseal,5,english:198,0,261,48762,mean,1.246271,0,-7.172767
audioseal,5,english:198,0,261,48762,tct,1.246271,0,-2.663256
audioseal,5,english:198,0,261,26226,mean,1.247219,0,-6.608047
audioseal,5,english:198,0,261,26226,tct,1.247219,0,-2.553616
audioseal,5,english:198,0,261,17055,mean,1.256981,0,-6.370695
audioseal,5,english:198,0,261,17055,tct,1.256981,0,-1.884113
audioseal,5,english:198,1,262,60081,mean,0.932936,0,-7.263568
audioseal,5,english:198,1,262,60081,tct,0.932936,0,-1.759096
audioseal,5,english:198,1,262,19806,mean,0.941858,0,-5.695120
audioseal,5,english:198,1,262,19806,tct,0.941858,0,-2.020664
audioseal,5,english:198,1,262,30558,mean,1.043571,0,-2.100389
audioseal,5,english:198,1,262,30558,tct,1.043571,0,-0.403569
audioseal,5,english:198,1,262,26586,mean,1.066739,0,-2.056998
audioseal,5,english:198,1,262,26586,tct,1.066739,0,-2.667618
audioseal,5,english:198,1,262,44785,mean,1.148542,0,-7.714213
audioseal,5,english:198,1,262,44785,tct,1.148542,0,-1.470673
audioseal,5,english:198,1,262,8952,mean,1.150447,0,-4.858252
audioseal,5,english:198,1,262,8952,tct,1.150447,0,-1.115408
audioseal,5,english:198,1,262,29562,mean,1.176249,0,-0.902053
audioseal,5,english:198,1,262,29562,tct,1.176249,0,-2.295306
audioseal,5,english:198,1,262,59251,mean,1.185013,0,-4.439840
audioseal,5,english:198,1,262,59251,tct,1.185013,0,-2.427061
audioseal,5,english:198,1,262,32734,mean,1.193590,0,-1.711646
audioseal,5,english:198,1,262,32734,tct,1.193590,0,-1.132112
audioseal,5,english:198,1,262,22362,mean,1.193590,0,-2.640706
audioseal,5,english:198,1,262,22362,tct,1.193590,0,-3.656519
audioseal,5,english:198,2,263,1502,mean,0.894427,0,-6.921370
audioseal,5,english:198,2,263,1502,tct,0.894427,0,-0.802496
audioseal,5,english:198,2,263,51740,mean,0.907628,0,-4.401920
audioseal,5,english:198,2,263,51740,tct,0.907628,0,-0.617031
audioseal,5,english:198,2,263,24522,mean,0.919866,0,-4.066879
audioseal,5,english:198,2,263,24522,tct,0.919866,0,-0.560697
audioseal,5,english:198,2,263,18973,mean,0.923548,0,-6.101746
audioseal,5,english:198,2,263,18973,tct,0.923548,0,-3.140354
audioseal,5,english:198,2,263,64227,mean,0.941697,0,-6.733432
audioseal,5,english:198,2,263,64227,tct,0.941697,0,-2.774401
audioseal,5,english:198,2,263,34142,mean,0.942809,0,-7.094091
audioseal,5,english:198,2,263,34142,tct,0.942809,0,-1.022815
audioseal,5,english:198,2,263,4058,mean,1.095445,0,-5.137383
audioseal,5,english:198,2,263,4058,tct,1.095445,0,-3.320051
audioseal,5,english:198,2,263,51741,mean,1.188177,0,-5.247305
audioseal,5,english:198,2,263,51741,tct,1.188177,0,-2.549162
audioseal,5,english:198,2,263,6805,mean,1.193956,0,-4.408396
audioseal,5,english:198,2,263,6805,tct,1.193956,0,-2.817243
audioseal,5,english:198,2,263,2580,mean,1.195229,0,-5.745586
audioseal,5,english:198,2,263,2580,tct,1.195229,0,-2.128866
audioseal,5,english:1992,0,264,61311,mean,0.881917,0,-2.887774
audioseal,5,english:1992,0,264,61311,tct,0.881917,1,0.061700
audioseal,5,english:1992,0,264,57166,mean,0.896548,0,-3.345099
audioseal,5,english:1992,0,264,57166,tct,0.896548,1,0.492547
audioseal,5,english:1992,0,264,61306,mean,0.924211,0,-5.490992
audioseal,5,english:1992,0,264,61306,tct,0.924211,0,-2.841379
audioseal,5,english:1992,0,264,53227,mean,1.046392,0,-6.740533
audioseal,5,english:1992,0,264,53227,tct,1.046392,0,-0.480767
audioseal,5,english:1992,0,264,57163,mean,1.126601,0,-3.428980
audioseal,5,english:1992,0,264,57163,tct,1.126601,0,-1.528842
audioseal,5,english:1992,0,264,40462,mean,1.154701,0,-4.791946
audioseal,5,english:1992,0,264,40462,tct,1.154701,0,-0.552327
audioseal,5,english:1992,0,264,32334,mean,1.163687,0,-5.148727
audioseal,5,english:1992,0,264,32334,tct,1.163687,0,-0.566845
audioseal,5,english:1992,0,264,53113,mean,1.174626,0,-6.081572
audioseal,5,english:1992,0,264,53113,tct,1.174626,0,-1.723737
audioseal,5,english:1992,0,264,61035,mean,1.187051,0,-6.078386
audioseal,5,english:1992,0,264,61035,tct,1.187051,0,-4.019758
audioseal,5,english:1992,0,264,65387,mean,1.187051,0,-4.097049
audioseal,5,english:1992,0,264,65387,tct,1.187051,0,-2.311650
audioseal,5,english:1992,1,265,21806,mean,0.840168,0,-0.462498
audioseal,5,english:1992,1,265,21806,tct,0.840168,0,-0.625882
audioseal,5,english:1992,1,265,38060,mean,0.905232,0,-3.603997
audioseal,5,english:1992,1,265,38060,tct,0.905232,0,-1.368551
audioseal,5,english:1992,1,265,28430,mean,0.923548,0,-6.109735
audioseal,5,english:1992,1,265,28430,tct,0.923548,0,-1.070431
audioseal,5,english:1992,1,265,3731,mean,0.935414,0,-11.354809
audioseal,5,english:1992,1,265,3731,tct,0.935414,0,-4.629482
audioseal,5,english:1992,1,265,38190,mean,1.084652,0,-2.769871
audioseal,5,english:1992,1,265,38190,tct,1.084652,0,-0.450670
audioseal,5,english:1992,1,265,37164,mean,1.095445,0,-4.955034
audioseal,5,english:1992,1,265,37164,tct,1.095445,0,-0.293709
audioseal,5,english:1992,1,265,29998,mean,1.150447,0,-1.895044
audioseal,5,english:1992,1,265,29998,tct,1.150447,0,-1.700535
audioseal,5,english:1992,1,265,30446,mean,1.172604,0,-3.610214
audioseal,5,english:1992,1,265,30446,tct,1.172604,0,-2.278815
audioseal,5,english:1992,1,265,27918,mean,1.188177,0,-5.411248
audioseal,5,english:1992,1,265,27918,tct,1.188177,0,-2.515002
audioseal,5,english:1992,1,265,17198,mean,1.193416,0,-3.632289
audioseal,5,english:1992,1,265,17198,tct,1.193416,0,-2.616799
audioseal,5,english:1992,2,266,26207,mean,0.875080,0,-2.756503
audioseal,5,english:1992,2,266,26207,tct,0.875080,0,-1.349092
audioseal,5,english:1992,2,266,1651,mean,0.898979,0,-6.755550
audioseal,5,english:1992,2,266,1651,tct,0.898979,0,-1.222488
audioseal,5,english:1992,2,266,18033,mean,0.919866,0,-8.461705
audioseal,5,english:1992,2,266,18033,tct,0.919866,0,-0.654287
audioseal,5,english:1992,2,266,1777,mean,0.953463,0,-8.821946
audioseal,5,english:1992,2,266,1777,tct,0.953463,0,-2.379137
audioseal,5,english:1992,2,266,9822,mean,1.000000,0,-3.178737
audioseal,5,english:1992,2,266,9822,tct,1.000000,1,0.199594
audioseal,5,english:1992,2,266,9823,mean,1.031049,0,-1.907530
audioseal,5,english:1992,2,266,9823,tct,1.031049,0,-0.895320
audioseal,5,english:1992,2,266,11870,mean,1.054093,0,-4.226959
audioseal,5,english:1992,2,266,11870,tct,1.054093,0,-2.781980
audioseal,5,english:1992,2,266,61007,mean,1.129865,0,-4.423632
audioseal,5,english:1992,2,266,61007,tct,1.129865,0,-1.599005
audioseal,5,english:1992,2,266,3699,mean,1.137593,0,-7.803773
audioseal,5,english:1992,2,266,3699,tct,1.137593,0,-1.277184
audioseal,5,english:1992,2,266,9853,mean,1.150793,0,-4.301003
audioseal,5,english:1992,2,266,9853,tct,1.150793,0,-0.399712
audioseal,5,english:200,0,267,17632,mean,1.154701,0,-1.572132
audioseal,5,english:200,0,267,17632,tct,1.154701,0,-1.438139
audioseal,5,english:200,0,267,34208,mean,1.154701,0,-3.150240
audioseal,5,english:200,0,267,34208,tct,1.154701,0,-2.810645
audioseal,5,english:200,0,267,33953,mean,1.154701,0,-2.785450
audioseal,5,english:200,0,267,33953,tct,1.154701,0,-1.416232
audioseal,5,english:200,0,267,33826,mean,1.169045,0,-2.065178
audioseal,5,english:200,0,267,33826,tct,1.169045,0,-0.478436
audioseal,5,english:200,0,267,11384,mean,1.204281,0,-4.864851
audioseal,5,english:200,0,267,11384,tct,1.204281,0,-3.193387
audioseal,5,english:200,0,267,42595,mean,1.221501,0,-4.655050
audioseal,5,english:200,0,267,42595,tct,1.221501,0,-2.661991
audioseal,5,english:200,0,267,33897,mean,1.236624,0,-1.961782
audioseal,5,english:200,0,267,33897,tct,1.236624,0,-2.314379
audioseal,5,english:200,0,267,33875,mean,1.240839,0,-4.929348
audioseal,5,english:200,0,267,33875,tct,1.240839,0,-3.361141
audioseal,5,english:200,0,267,3488,mean,1.243163,0,-3.891097
audioseal,5,english:200,0,267,3488,tct,1.243163,0,-3.168181
audioseal,5,english:200,0,267,58784,mean,1.245682,0,-5.048710
audioseal,5,english:200,0,267,58784,tct,1.245682,0,-2.201719
audioseal,5,english:200,1,268,51846,mean,0.873589,0,-4.440825
audioseal,5,english:200,1,268,51846,tct,0.873589,0,-0.695472
audioseal,5,english:200,1,268,34950,mean,0.910259,0,-5.163510
audioseal,5,english:200,1,268,34950,tct,0.910259,0,-1.854446
audioseal,5,english:200,1,268,39660,mean,0.953463,0,-4.455388
audioseal,5,english:200,1,268,39660,tct,0.953463,0,-1.058726
audioseal,5,english:200,1,268,39584,mean,1.121224,0,-3.000450
audioseal,5,english:200,1,268,39584,tct,1.121224,0,-0.244645
audioseal,5,english:200,1,268,51396,mean,1.143324,0,-3.346596
audioseal,5,english:200,1,268,51396,tct,1.143324,0,-2.411880
audioseal,5,english:200,1,268,53173,mean,1.169505,0,-4.555328
audioseal,5,english:200,1,268,53173,tct,1.169505,0,-1.425563
audioseal,5,english:200,1,268,54833,mean,1.186077,0,-4.333669
audioseal,5,english:200,1,268,54833,tct,1.186077,0,-0.974449
audioseal,5,english:200,1,268,36657,mean,1.195229,0,-6.707407
audioseal,5,english:200,1,268,36657,tct,1.195229,0,-2.057014
audioseal,5,english:200,1,268,39558,mean,1.207122,0,-4.491199
audioseal,5,english:200,1,268,39558,tct,1.207122,0,-1.256882
audioseal,5,english:200,1,268,48753,mean,1.224745,0,-6.426580
audioseal,5,english:200,1,268,48753,tct,1.224745,0,-2.685207
audioseal,5,english:200,2,269,62881,mean,0.930949,0,-5.579665
audioseal,5,english:200,2,269,62881,tct,0.930949,0,-1.788132
audioseal,5,english:200,2,269,64928,mean,0.942809,0,-7.923661
audioseal,5,english:200,2,269,64928,tct,0.942809,0,-1.452830
audioseal,5,english:200,2,269,54016,mean,1.110875,0,-3.088888
audioseal,5,english:200,2,269,54016,tct,1.110875,0,-0.608726
audioseal,5,english:200,2,269,46976,mean,1.118034,0,-5.714305
audioseal,5,english:200,2,269,46976,tct,1.118034,0,-1.967954
audioseal,5,english:200,2,269,53664,mean,1.164965,0,-6.655454
audioseal,5,english:200,2,269,53664,tct,1.164965,0,-0.098170
audioseal,5,english:200,2,269,61824,mean,1.175139,0,-4.097407
audioseal,5,english:200,2,269,61824,tct,1.175139,0,-2.014080
audioseal,5,english:200,2,269,33569,mean,1.180652,0,-5.877625
audioseal,5,english:200,2,269,33569,tct,1.180652,0,-3.672543
audioseal,5,english:200,2,269,13192,mean,1.183216,0,-6.697690
audioseal,5,english:200,2,269,13192,tct,1.183216,0,-2.203386
audioseal,5,english:200,2,269,46856,mean,1.193956,0,-5.420908
audioseal,5,english:200,2,269,46856,tct,1.193956,0,-2.564919
audioseal,5,english:200,2,269,33713,mean,1.195229,0,-6.282755
audioseal,5,english:200,2,269,33713,tct,1.195229,0,-2.016893
audioseal,5,english:2002,0,270,3894,mean,0.896163,0,-2.872433
audioseal,5,english:2002,0,270,3894,tct,0.896163,1,0.031557
audioseal,5,english:2002,0,270,51048,mean,0.916125,0,-4.085723
audioseal,5,english:2002,0,270,51048,tct,0.916125,0,-1.009315
audioseal,5,english:2002,0,270,28466,mean,1.110875,0,-3.625270
audioseal,5,english:2002,0,270,28466,tct,1.110875,0,-1.935553
audioseal,5,english:2002,0,270,7985,mean,1.148542,0,-4.549302
audioseal,5,english:2002,0,270,7985,tct,1.148542,0,-1.037500
audioseal,5,english:2002,0,270,54034,mean,1.154701,0,-3.553008
audioseal,5,english:2002,0,270,54034,tct,1.154701,0,-0.267533
audioseal,5,english:2002,0,270,50593,mean,1.164965,0,-4.812013
audioseal,5,english:2002,0,270,50593,tct,1.164965,0,-1.651956
audioseal,5,english:2002,0,270,37682,mean,1.190841,0,-1.988604
audioseal,5,english:2002,0,270,37682,tct,1.190841,0,-0.353992
audioseal,5,english:2002,0,270,7986,mean,1.193734,0,-2.318221
audioseal,5,english:2002,0,270,7986,tct,1.193734,1,0.341680
audioseal,5,english:2002,0,270,16183,mean,1.193956,0,-6.556802
audioseal,5,english:2002,0,270,16183,tct,1.193956,0,-0.896246
audioseal,5,english:2002,0,270,34684,mean,1.219500,0,-4.699782
audioseal,5,english:2002,0,270,34684,tct,1.219500,0,-2.431136
audioseal,5,english:2002,1,271,21257,mean,0.887625,0,-4.347881
audioseal,5,english:2002,1,271,21257,tct,0.887625,0,-1.245619
audioseal,5,english:2002,1,271,44459,mean,0.941979,0,-8.581899
audioseal,5,english:2002,1,271,44459,tct,0.941979,0,-3.665367
audioseal,5,english:2002,1,271,18935,mean,0.948683,0,-6.488730
audioseal,5,english:2002,1,271,18935,tct,0.948683,0,-2.434847
audioseal,5,english:2002,1,271,21249,mean,1.073087,0,-3.309701
audioseal,5,english:2002,1,271,21249,tct,1.073087,0,-0.631330
audioseal,5,english:2002,1,271,16881,mean,1.119927,0,-3.379641
audioseal,5,english:2002,1,271,16881,tct,1.119927,0,-3.031336
audioseal,5,english:2002,1,271,22400,mean,1.128152,0,-3.264771
audioseal,5,english:2002,1,271,22400,tct,1.128152,0,-2.367266
audioseal,5,english:2002,1,271,26016,mean,1.129865,0,-2.246937
audioseal,5,english:2002,1,271,26016,tct,1.129865,0,-0.464327
audioseal,5,english:2002,1,271,16757,mean,1.176697,0,-4.436415
audioseal,5,english:2002,1,271,16757,tct,1.176697,1,0.357420
audioseal,5,english:2002,1,271,25512,mean,1.185013,0,-3.392599
audioseal,5,english:2002,1,271,25512,tct,1.185013,0,-2.012695
audioseal,5,english:2002,1,271,27488,mean,1.215571,0,-4.019072
audioseal,5,english:2002,1,271,27488,tct,1.215571,0,-2.216322
audioseal,5,english:2002,2,272,35328,mean,0.909718,0,-3.879767
audioseal,5,english:2002,2,272,35328,tct,0.909718,0,-1.666615
audioseal,5,english:2002,2,272,28131,mean,1.000000,0,-6.019819
audioseal,5,english:2002,2,272,28131,tct,1.000000,0,-3.334694
audioseal,5,english:2002,2,272,12808,mean,1.110875,0,-5.189266
audioseal,5,english:2002,2,272,12808,tct,1.110875,0,-1.062386
audioseal,5,english:2002,2,272,12288,mean,1.154701,0,-3.067997
audioseal,5,english:2002,2,272,12288,tct,1.154701,0,-0.059962
audioseal,5,english:2002,2,272,15911,mean,1.163975,0,-4.436380
audioseal,5,english:2002,2,272,15911,tct,1.163975,0,-1.167559
audioseal,5,english:2002,2,272,6672,mean,1.185013,0,-4.561108
audioseal,5,english:2002,2,272,6672,tct,1.185013,0,-0.743675
audioseal,5,english:2002,2,272,31783,mean,1.191367,0,-4.065264
audioseal,5,english:2002,2,272,31783,tct,1.191367,0,-2.008311
audioseal,5,english:2002,2,272,15918,mean,1.193734,0,-4.178305
audioseal,5,english:2002,2,272,15918,tct,1.193734,0,-2.100003
audioseal,5,english:2002,2,272,8840,mean,1.219361,0,-5.738369
audioseal,5,english:2002,2,272,8840,tct,1.219361,0,-2.734750
audioseal,5,english:2002,2,272,28812,mean,1.224745,0,-6.789752
audioseal,5,english:2002,2,272,28812,tct,1.224745,0,-1.350226
audioseal,5,english:2007,0,273,53067,mean,0.903211,0,-4.584035
audioseal,5,english:2007,0,273,53067,tct,0.903211,0,-2.143083
audioseal,5,english:2007,0,273,7825,mean,0.912871,0,-6.578366
audioseal,5,english:2007,0,273,7825,tct,0.912871,0,-2.071077
audioseal,5,english:2007,0,273,7681,mean,0.917663,0,-6.356820
audioseal,5,english:2007,0,273,7681,tct,0.917663,0,-1.210921
audioseal,5,english:2007,0,273,3601,mean,0.942809,0,-6.733144
audioseal,5,english:2007,0,273,3601,tct,0.942809,0,-1.463116
audioseal,5,english:2007,0,273,65169,mean,1.147079,0,-4.526412
audioseal,5,english:2007,0,273,65169,tct,1.147079,0,-1.910433
audioseal,5,english:2007,0,273,65483,mean,1.158216,0,-3.556028
audioseal,5,english:2007,0,273,65483,tct,1.158216,0,-1.407704
audioseal,5,english:2007,0,273,32055,mean,1.169562,0,-2.298798
audioseal,5,english:2007,0,273,32055,tct,1.169562,0,-0.940235
audioseal,5,english:2007,0,273,31605,mean,1.169795,0,-3.116538
audioseal,5,english:2007,0,273,31605,tct,1.169795,0,-1.867337
audioseal,5,english:2007,0,273,7243,mean,1.180990,0,-5.683670
audioseal,5,english:2007,0,273,7243,tct,1.180990,0,-2.094417
audioseal,5,english:2007,0,273,22899,mean,1.185013,0,-3.129436
audioseal,5,english:2007,0,273,22899,tct,1.185013,0,-3.601224
audioseal,5,english:2007,1,274,4373,mean,0.903211,0,-2.471511
audioseal,5,english:2007,1,274,4373,tct,0.903211,0,-1.139056
audioseal,5,english:2007,1,274,91,mean,0.925820,0,-7.316016
audioseal,5,english:2007,1,274,91,tct,0.925820,0,-2.936216
audioseal,5,english:2007,1,274,53005,mean,0.932936,0,-5.379436
audioseal,5,english:2007,1,274,53005,tct,0.932936,0,-1.250645
audioseal,5,english:2007,1,274,2143,mean,0.948683,0,-6.911413
audioseal,5,english:2007,1,274,2143,tct,0.948683,0,-2.489238
audioseal,5,english:2007,1,274,37725,mean,1.071008,0,-1.438666
audioseal,5,english:2007,1,274,37725,tct,1.071008,0,-1.195100
audioseal,5,english:2007,1,274,861,mean,1.142752,0,-2.932082
audioseal,5,english:2007,1,274,861,tct,1.142752,0,-1.474824
audioseal,5,english:2007,1,274,4951,mean,1.145644,0,-3.805453
audioseal,5,english:2007,1,274,4951,tct,1.145644,0,-1.859594
audioseal,5,english:2007,1,274,15,mean,1.154701,0,-5.374337
audioseal,5,english:2007,1,274,15,tct,1.154701,0,-1.611858
audioseal,5,english:2007,1,274,46005,mean,1.154701,0,-4.258410
audioseal,5,english:2007,1,274,46005,tct,1.154701,0,-0.699924
audioseal,5,english:2007,1,274,46037,mean,1.154701,0,-4.158238
audioseal,5,english:2007,1,274,46037,tct,1.154701,0,-1.503005
audioseal,5,english:2007,2,275,45532,mean,1.148542,0,-5.841785
audioseal,5,english:2007,2,275,45532,tct,1.148542,0,-0.681669
audioseal,5,english:2007,2,275,6644,mean,1.164965,0,-2.654914
audioseal,5,english:2007,2,275,6644,tct,1.164965,0,-2.110704
audioseal,5,english:2007,2,275,44772,mean,1.164965,0,-2.982925
audioseal,5,english:2007,2,275,44772,tct,1.164965,0,-3.222748
audioseal,5,english:2007,2,275,46804,mean,1.164965,0,-4.333280
audioseal,5,english:2007,2,275,46804,tct,1.164965,0,-2.152429
audioseal,5,english:2007,2,275,46808,mean,1.186077,0,-5.799807
audioseal,5,english:2007,2,275,46808,tct,1.186077,0,-3.044689
audioseal,5,english:2007,2,275,31460,mean,1.195229,0,-2.369590
audioseal,5,english:2007,2,275,31460,tct,1.195229,0,-0.674604
audioseal,5,english:2007,2,275,15868,mean,1.206316,0,-1.196616
audioseal,5,english:2007,2,275,15868,tct,1.206316,0,-1.976477
audioseal,5,english:2007,2,275,47930,mean,1.211060,0,-8.656689
audioseal,5,english:2007,2,275,47930,tct,1.211060,0,-1.371157
audioseal,5,english:2007,2,275,3576,mean,1.215838,0,-4.322664
audioseal,5,english:2007,2,275,3576,tct,1.215838,0,-4.513981
audioseal,5,english:2007,2,275,18936,mean,1.215838,0,-5.934023
audioseal,5,english:2007,2,275,18936,tct,1.215838,0,-3.619535
audioseal,5,english:201,0,276,12804,mean,1.000000,0,-5.518229
audioseal,5,english:201,0,276,12804,tct,1.000000,0,-1.228413
audioseal,5,english:201,0,276,44475,mean,1.074172,0,-6.583778
audioseal,5,english:201,0,276,44475,tct,1.074172,0,-1.771427
audioseal,5,english:201,0,276,4996,mean,1.148913,0,-3.092812
audioseal,5,english:201,0,276,4996,tct,1.148913,0,-0.773659
audioseal,5,english:201,0,276,6916,mean,1.154701,0,-3.381521
audioseal,5,english:201,0,276,6916,tct,1.154701,0,-0.553259
audioseal,5,english:201,0,276,3997,mean,1.172604,0,-5.076622
audioseal,5,english:201,0,276,3997,tct,1.172604,0,-1.345284
audioseal,5,english:201,0,276,31620,mean,1.212678,0,-3.189991
audioseal,5,english:201,0,276,31620,tct,1.212678,0,-1.032652
audioseal,5,english:201,0,276,32716,mean,1.213389,0,-2.884813
audioseal,5,english:201,0,276,32716,tct,1.213389,0,-2.636159
audioseal,5,english:201,0,276,32733,mean,1.220097,0,-5.239491
audioseal,5,english:201,0,276,32733,tct,1.220097,0,-1.107845
audioseal,5,english:201,0,276,13611,mean,1.247219,0,-5.032029
audioseal,5,english:201,0,276,13611,tct,1.247219,0,-3.604036
audioseal,5,english:201,0,276,25348,mean,1.264911,0,-6.258118
audioseal,5,english:201,0,276,25348,tct,1.264911,0,-2.806845
audioseal,5,english:201,1,277,47687,mean,0.887625,0,-4.197856
audioseal,5,english:201,1,277,47687,tct,0.887625,1,0.069149
audioseal,5,english:201,1,277,13282,mean,0.909718,0,-2.146424
audioseal,5,english:201,1,277,13282,tct,0.909718,0,-0.979388
audioseal,5,english:201,1,277,45810,mean,1.025978,0,-1.222120
audioseal,5,english:201,1,277,45810,tct,1.025978,0,-0.842874
audioseal,5,english:201,1,277,47827,mean,1.041057,0,-3.740940
audioseal,5,english:201,1,277,47827,tct,1.041057,0,-0.878993
audioseal,5,english:201,1,277,42987,mean,1.063554,0,-5.080746
audioseal,5,english:201,1,277,42987,tct,1.063554,0,-1.717145
audioseal,5,english:201,1,277,42475,mean,1.081387,0,-6.257071
audioseal,5,english:201,1,277,42475,tct,1.081387,0,-1.625505
audioseal,5,english:201,1,277,55875,mean,1.129865,0,-3.980719
audioseal,5,english:201,1,277,55875,tct,1.129865,0,-0.627735
audioseal,5,english:201,1,277,13050,mean,1.147079,0,-3.450822
audioseal,5,english:201,1,277,13050,tct,1.147079,0,-1.138511
audioseal,5,english:201,1,277,37587,mean,1.167526,0,-3.582149
audioseal,5,english:201,1,277,37587,tct,1.167526,0,-2.706488
audioseal,5,english:201,1,277,62819,mean,1.185013,0,-4.677156
audioseal,5,english:201,1,277,62819,tct,1.185013,0,-1.410721
audioseal,5,english:201,2,278,14513,mean,0.896472,0,-4.794556
audioseal,5,english:201,2,278,14513,tct,0.896472,0,-0.673858
audioseal,5,english:201,2,278,10947,mean,0.897150,0,-6.533218
audioseal,5,english:201,2,278,10947,tct,0.897150,0,-1.346068
audioseal,5,english:201,2,278,58617,mean,0.925820,0,-8.432768
audioseal,5,english:201,2,278,58617,tct,0.925820,0,-1.148224
audioseal,5,english:201,2,278,14194,mean,0.928191,0,-7.484939
audioseal,5,english:201,2,278,14194,tct,0.928191,0,-1.268411
audioseal,5,english:201,2,278,43714,mean,0.948683,0,-7.434950
audioseal,5,english:201,2,278,43714,tct,0.948683,0,-2.357362
audioseal,5,english:201,2,278,14259,mean,1.138180,0,-3.894658
audioseal,5,english:201,2,278,14259,tct,1.138180,0,-3.055608
audioseal,5,english:201,2,278,60355,mean,1.148542,0,-5.630267
audioseal,5,english:201,2,278,60355,tct,1.148542,0,-0.524676
audioseal,5,english:201,2,278,57785,mean,1.164965,0,-4.762546
audioseal,5,english:201,2,278,57785,tct,1.164965,0,-0.803456
audioseal,5,english:201,2,278,58825,mean,1.185013,0,-7.278030
audioseal,5,english:201,2,278,58825,tct,1.185013,0,-2.748316
audioseal,5,english:201,2,278,29059,mean,1.195229,0,-2.446669
audioseal,5,english:201,2,278,29059,tct,1.195229,0,-0.803200
audioseal,5,english:2092,0,279,64650,mean,0.850111,0,-3.825759
audioseal,5,english:2092,0,279,64650,tct,0.850111,0,-0.506661
audioseal,5,english:2092,0,279,21656,mean,1.128152,0,-3.488717
audioseal,5,english:2092,0,279,21656,tct,1.128152,0,-0.376318
audioseal,5,english:2092,0,279,21688,mean,1.167283,0,-2.273028
audioseal,5,english:2092,0,279,21688,tct,1.167283,0,-1.223038
audioseal,5,english:2092,0,279,57000,mean,1.174734,0,-1.562061
audioseal,5,english:2092,0,279,57000,tct,1.174734,0,-1.895115
audioseal,5,english:2092,0,279,51757,mean,1.216553,0,-7.254157
audioseal,5,english:2092,0,279,51757,tct,1.216553,0,-3.884956
audioseal,5,english:2092,0,279,5176,mean,1.222303,0,-4.322291
audioseal,5,english:2092,0,279,5176,tct,1.222303,0,-0.404200
audioseal,5,english:2092,0,279,54410,mean,1.226459,0,-3.377333
audioseal,5,english:2092,0,279,54410,tct,1.226459,0,-1.077919
audioseal,5,english:2092,0,279,35485,mean,1.236694,0,-10.865451
audioseal,5,english:2092,0,279,35485,tct,1.236694,0,-2.428289
audioseal,5,english:2092,0,279,54889,mean,1.239773,0,-5.605177
audioseal,5,english:2092,0,279,54889,tct,1.239773,0,-2.605970
audioseal,5,english:2092,0,279,35519,mean,1.251086,0,-10.681877
audioseal,5,english:2092,0,279,35519,tct,1.251086,0,-6.014363
audioseal,5,english:2092,1,280,33137,mean,0.906765,0,-3.187424
audioseal,5,english:2092,1,280,33137,tct,0.906765,0,-0.227871
audioseal,5,english:2092,1,280,35558,mean,0.908295,0,-4.692711
audioseal,5,english:2092,1,280,35558,tct,0.908295,0,-0.537631
audioseal,5,english:2092,1,280,8561,mean,0.948683,0,-4.274017
audioseal,5,english:2092,1,280,8561,tct,0.948683,0,-0.737813
audioseal,5,english:2092,1,280,1190,mean,1.148542,0,-7.759304
audioseal,5,english:2092,1,280,1190,tct,1.148542,0,-1.708933
audioseal,5,english:2092,1,280,33375,mean,1.189384,0,-1.285346
audioseal,5,english:2092,1,280,33375,tct,1.189384,0,-1.306507
audioseal,5,english:2092,1,280,33615,mean,1.192570,0,-1.204322
audioseal,5,english:2092,1,280,33615,tct,1.192570,0,-1.362274
audioseal,5,english:2092,1,280,43807,mean,1.194349,0,-0.384606
audioseal,5,english:2092,1,280,43807,tct,1.194349,0,-0.432682
audioseal,5,english:2092,1,280,2937,mean,1.264911,0,-4.284969
audioseal,5,english:2092,1,280,2937,tct,1.264911,0,-2.292102
audioseal,5,english:2092,1,280,1684,mean,1.278337,0,-6.966348
audioseal,5,english:2092,1,280,1684,tct,1.278337,0,-2.433103
audioseal,5,english:2092,1,280,1044,mean,1.278337,0,-6.833661
audioseal,5,english:2092,1,280,1044,tct,1.278337,0,-1.308600
audioseal,5,english:2092,2,281,35926,mean,0.914366,0,-5.811090
audioseal,5,english:2092,2,281,35926,tct,0.914366,0,-2.945971
audioseal,5,english:2092,2,281,17086,mean,0.917208,0,-5.998160
audioseal,5,english:2092,2,281,17086,tct,0.917208,0,-3.437335
audioseal,5,english:2092,2,281,28647,mean,0.953463,0,-6.299321
audioseal,5,english:2092,2,281,28647,tct,0.953463,0,-1.123572
audioseal,5,english:2092,2,281,25319,mean,1.112973,0,-5.298025
audioseal,5,english:2092,2,281,25319,tct,1.112973,0,-0.571579
audioseal,5,english:2092,2,281,16465,mean,1.140175,0,-5.043114
audioseal,5,english:2092,2,281,16465,tct,1.140175,1,0.689057
audioseal,5,english:2092,2,281,25263,mean,1.144411,0,-7.639977
audioseal,5,english:2092,2,281,25263,tct,1.144411,0,-1.383986
audioseal,5,english:2092,2,281,18147,mean,1.158493,0,-2.864338
audioseal,5,english:2092,2,281,18147,tct,1.158493,0,-1.629299
audioseal,5,english:2092,2,281,1249,mean,1.179706,0,-3.322880
audioseal,5,english:2092,2,281,1249,tct,1.179706,0,-2.144679
audioseal,5,english:2092,2,281,35940,mean,1.189384,0,-3.625081
audioseal,5,english:2092,2,281,35940,tct,1.189384,0,-0.482810
audioseal,5,english:2092,2,281,1767,mean,1.200316,0,-4.048623
audioseal,5,english:2092,2,281,1767,tct,1.200316,0,-4.035626
audioseal,5,english:211,0,282,19745,mean,0.901025,0,-5.000873
audioseal,5,english:211,0,282,19745,tct,0.901025,1,0.148179
audioseal,5,english:211,0,282,18209,mean,0.906625,0,-5.350718
audioseal,5,english:211,0,282,18209,tct,0.906625,0,-2.089243
audioseal,5,english:211,0,282,5763,mean,0.912871,0,-6.169516
audioseal,5,english:211,0,282,5763,tct,0.912871,0,-2.245938
audioseal,5,english:211,0,282,19360,mean,1.129865,0,-4.658892
audioseal,5,english:211,0,282,19360,tct,1.129865,0,-0.203098
audioseal,5,english:211,0,282,24224,mean,1.137924,0,-4.335269
audioseal,5,english:211,0,282,24224,tct,1.137924,0,-7.640718
audioseal,5,english:211,0,282,1669,mean,1.164965,0,-4.887640
audioseal,5,english:211,0,282,1669,tct,1.164965,0,-0.971164
audioseal,5,english:211,0,282,1927,mean,1.164965,0,-5.508877
audioseal,5,english:211,0,282,1927,tct,1.164965,0,-0.793255
audioseal,5,english:211,0,282,17793,mean,1.164965,0,-4.940998
audioseal,5,english:211,0,282,17793,tct,1.164965,0,-1.103569
audioseal,5,english:211,0,282,64609,mean,1.190874,0,-5.325386
audioseal,5,english:211,0,282,64609,tct,1.190874,1,0.056721
audioseal,5,english:211,0,282,19116,mean,1.193416,0,-3.908768
audioseal,5,english:211,0,282,19116,tct,1.193416,0,-1.911901
audioseal,5,english:211,1,283,14354,mean,0.896515,0,-3.754190
audioseal,5,english:211,1,283,14354,tct,0.896515,1,0.660032
audioseal,5,english:211,1,283,28081,mean,0.933700,0,-9.062349
audioseal,5,english:211,1,283,28081,tct,0.933700,0,-4.628699
audioseal,5,english:211,1,283,6290,mean,0.935414,0,-6.017452
audioseal,5,english:211,1,283,6290,tct,0.935414,0,-3.368977
audioseal,5,english:211,1,283,60021,mean,1.074172,0,-4.742895
audioseal,5,english:211,1,283,60021,tct,1.074172,0,-2.435557
audioseal,5,english:211,1,283,43617,mean,1.086042,0,-4.600172
audioseal,5,english:211,1,283,43617,tct,1.086042,0,-0.549252
audioseal,5,english:211,1,283,27219,mean,1.154701,0,-4.001983
audioseal,5,english:211,1,283,27219,tct,1.154701,0,-2.930521
audioseal,5,english:211,1,283,11571,mean,1.195229,0,-7.105943
audioseal,5,english:211,1,283,11571,tct,1.195229,0,-4.269929
audioseal,5,english:211,1,283,43089,mean,1.201850,0,-1.660023
audioseal,5,english:211,1,283,43089,tct,1.201850,0,-0.684109
audioseal,5,english:211,1,283,6227,mean,1.201850,0,-2.529016
audioseal,5,english:211,1,283,6227,tct,1.201850,0,-2.914817
audioseal,5,english:211,1,283,27571,mean,1.219500,0,-8.294924
audioseal,5,english:211,1,283,27571,tct,1.219500,0,-4.750869
audioseal,5,english:211,2,284,38662,mean,0.892473,0,-5.006540
audioseal,5,english:211,2,284,38662,tct,0.892473,1,0.061368
audioseal,5,english:211,2,284,63017,mean,0.935414,0,-6.733231
audioseal,5,english:211,2,284,63017,tct,0.935414,0,-1.189165
audioseal,5,english:211,2,284,59243,mean,1.095445,0,-6.661552
audioseal,5,english:211,2,284,59243,tct,1.095445,0,-0.351515
audioseal,5,english:211,2,284,42854,mean,1.110875,0,-7.496365
audioseal,5,english:211,2,284,42854,tct,1.110875,0,-1.228997
audioseal,5,english:211,2,284,46639,mean,1.132277,0,-3.941352
audioseal,5,english:211,2,284,46639,tct,1.132277,0,-1.343537
audioseal,5,english:211,2,284,58115,mean,1.148542,0,-3.866129
audioseal,5,english:211,2,284,58115,tct,1.148542,0,-2.062010
audioseal,5,english:211,2,284,46866,mean,1.185013,0,-6.214382
audioseal,5,english:211,2,284,46866,tct,1.185013,0,-0.710944
audioseal,5,english:211,2,284,61230,mean,1.190623,0,-6.142012
audioseal,5,english:211,2,284,61230,tct,1.190623,0,-1.324184
audioseal,5,english:211,2,284,38454,mean,1.190623,0,-8.973953
audioseal,5,english:211,2,284,38454,tct,1.190623,0,-1.855934
audioseal,5,english:211,2,284,48918,mean,1.195229,0,-5.491413
audioseal,5,english:211,2,284,48918,tct,1.195229,0,-1.513361
audioseal,5,english:2136,0,285,48181,mean,0.925820,0,-4.733183
audioseal,5,english:2136,0,285,48181,tct,0.925820,0,-2.537604
audioseal,5,english:2136,0,285,46085,mean,1.122167,0,-5.567987
audioseal,5,english:2136,0,285,46085,tct,1.122167,0,-0.649251
audioseal,5,english:2136,0,285,16102,mean,1.182663,0,-4.695807
audioseal,5,english:2136,0,285,16102,tct,1.182663,0,-0.694923
audioseal,5,english:2136,0,285,1957,mean,1.186342,0,-6.378016
audioseal,5,english:2136,0,285,1957,tct,1.186342,0,-2.753545
audioseal,5,english:2136,0,285,15598,mean,1.194121,0,-4.616905
audioseal,5,english:2136,0,285,15598,tct,1.194121,0,-1.272981
audioseal,5,english:2136,0,285,48172,mean,1.194121,0,-3.113350
audioseal,5,english:2136,0,285,48172,tct,1.194121,0,-1.010528
audioseal,5,english:2136,0,285,7428,mean,1.201850,0,-2.421998
audioseal,5,english:2136,0,285,7428,tct,1.201850,0,-1.634704
audioseal,5,english:2136,0,285,34721,mean,1.247219,0,-7.348498
audioseal,5,english:2136,0,285,34721,tct,1.247219,0,-2.942773
audioseal,5,english:2136,0,285,62992,mean,1.261980,0,-7.626708
audioseal,5,english:2136,0,285,62992,tct,1.261980,0,-2.411668
audioseal,5,english:2136,0,285,46134,mean,1.270978,0,-5.126294
audioseal,5,english:2136,0,285,46134,tct,1.270978,0,-1.726744
audioseal,5,english:2136,1,286,23580,mean,0.864700,0,-4.330837
audioseal,5,english:2136,1,286,23580,tct,0.864700,0,-0.332084
audioseal,5,english:2136,1,286,16548,mean,0.904534,0,-3.652109
audioseal,5,english:2136,1,286,16548,tct,0.904534,0,-1.486240
audioseal,5,english:2136,1,286,1332,mean,0.908295,0,-4.486346
audioseal,5,english:2136,1,286,1332,tct,0.908295,0,-0.720645
audioseal,5,english:2136,1,286,32932,mean,0.910927,0,-4.016973
audioseal,5,english:2136,1,286,32932,tct,0.910927,0,-1.911264
audioseal,5,english:2136,1,286,52661,mean,1.126269,0,-2.281310
audioseal,5,english:2136,1,286,52661,tct,1.126269,0,-1.358745
audioseal,5,english:2136,1,286,50852,mean,1.193367,0,-2.781177
audioseal,5,english:2136,1,286,50852,tct,1.193367,0,-1.327341
audioseal,5,english:2136,1,286,164,mean,1.195229,0,-5.035357
audioseal,5,english:2136,1,286,164,tct,1.195229,0,-4.447815
audioseal,5,english:2136,1,286,20644,mean,1.195229,0,-4.324713
audioseal,5,english:2136,1,286,20644,tct,1.195229,0,-2.174439
audioseal,5,english:2136,1,286,20279,mean,1.206045,0,-6.335239
audioseal,5,english:2136,1,286,20279,tct,1.206045,0,-1.976879
audioseal,5,english:2136,1,286,2068,mean,1.206045,0,-4.873331
audioseal,5,english:2136,1,286,2068,tct,1.206045,0,-0.504105
audioseal,5,english:2136,2,287,51320,mean,0.869539,0,-4.787931
audioseal,5,english:2136,2,287,51320,tct,0.869539,0,-2.142004
audioseal,5,english:2136,2,287,55672,mean,0.883452,0,-5.089883
audioseal,5,english:2136,2,287,55672,tct,0.883452,0,-2.045127
audioseal,5,english:2136,2,287,59680,mean,0.909484,0,-4.679202
audioseal,5,english:2136,2,287,59680,tct,0.909484,0,-1.357299
audioseal,5,english:2136,2,287,24759,mean,0.910259,0,-3.994779
audioseal,5,english:2136,2,287,24759,tct,0.910259,0,-2.095315
audioseal,5,english:2136,2,287,24917,mean,0.937043,0,-2.014847
audioseal,5,english:2136,2,287,24917,tct,0.937043,0,-0.778888
audioseal,5,english:2136,2,287,56440,mean,1.000000,0,-6.866870
audioseal,5,english:2136,2,287,56440,tct,1.000000,0,-2.565054
audioseal,5,english:2136,2,287,25085,mean,1.018870,0,-1.999473
audioseal,5,english:2136,2,287,25085,tct,1.018870,0,-0.972435
audioseal,5,english:2136,2,287,18848,mean,1.143959,0,-6.310584
audioseal,5,english:2136,2,287,18848,tct,1.143959,0,-5.216478
audioseal,5,english:2136,2,287,26855,mean,1.146423,0,-3.330030
audioseal,5,english:2136,2,287,26855,tct,1.146423,0,-1.583706
audioseal,5,english:2136,2,287,27119,mean,1.154701,0,-3.325267
audioseal,5,english:2136,2,287,27119,tct,1.154701,0,-2.185161
audioseal,5,english:2159,0,288,52523,mean,0.878451,0,-1.983755
audioseal,5,english:2159,0,288,52523,tct,0.878451,0,-0.950606
audioseal,5,english:2159,0,288,52525,mean,0.878451,0,-1.737566
audioseal,5,english:2159,0,288,52525,tct,0.878451,1,0.429049
audioseal,5,english:2159,0,288,50301,mean,0.912871,0,-2.327792
audioseal,5,english:2159,0,288,50301,tct,0.912871,0,-1.791547
audioseal,5,english:2159,0,288,60366,mean,0.932936,0,-7.841346
audioseal,5,english:2159,0,288,60366,tct,0.932936,0,-3.092233
audioseal,5,english:2159,0,288,52513,mean,1.000000,0,-4.446212
audioseal,5,english:2159,0,288,52513,tct,1.000000,0,-1.990178
audioseal,5,english:2159,0,288,52283,mean,1.035098,0,-1.359021
audioseal,5,english:2159,0,288,52283,tct,1.035098,0,-1.324901
audioseal,5,english:2159,0,288,52607,mean,1.127686,0,-1.516663
audioseal,5,english:2159,0,288,52607,tct,1.127686,0,-1.894572
audioseal,5,english:2159,0,288,50285,mean,1.148121,0,-2.531857
audioseal,5,english:2159,0,288,50285,tct,1.148121,0,-0.507702
audioseal,5,english:2159,0,288,58078,mean,1.201850,0,-7.335578
audioseal,5,english:2159,0,288,58078,tct,1.201850,0,-1.793116
audioseal,5,english:2159,0,288,17469,mean,1.216553,0,-1.973258
audioseal,5,english:2159,0,288,17469,tct,1.216553,0,-1.389886
audioseal,5,english:2159,1,289,53213,mean,0.869227,0,-0.935041
audioseal,5,english:2159,1,289,53213,tct,0.869227,0,-0.970521
audioseal,5,english:2159,1,289,34461,mean,0.887625,0,-3.056731
audioseal,5,english:2159,1,289,34461,tct,0.887625,0,-1.147675
audioseal,5,english:2159,1,289,36317,mean,1.121135,0,-0.518309
audioseal,5,english:2159,1,289,36317,tct,1.121135,0,-0.758511
audioseal,5,english:2159,1,289,6109,mean,1.128152,0,-2.543439
audioseal,5,english:2159,1,289,6109,tct,1.128152,0,-1.858829
audioseal,5,english:2159,1,289,44501,mean,1.145644,0,-1.750760
audioseal,5,english:2159,1,289,44501,tct,1.145644,0,-0.740779
audioseal,5,english:2159,1,289,45013,mean,1.145644,0,-1.232450
audioseal,5,english:2159,1,289,45013,tct,1.145644,0,-1.143295
audioseal,5,english:2159,1,289,34581,mean,1.146423,0,-2.490179
audioseal,5,english:2159,1,289,34581,tct,1.146423,0,-0.066949
audioseal,5,english:2159,1,289,4957,mean,1.183216,0,-3.587646
audioseal,5,english:2159,1,289,4957,tct,1.183216,0,-2.298067
audioseal,5,english:2159,1,289,5021,mean,1.183216,0,-4.209277
audioseal,5,english:2159,1,289,5021,tct,1.183216,0,-2.237381
audioseal,5,english:2159,1,289,39263,mean,1.193734,0,-2.728869
audioseal,5,english:2159,1,289,39263,tct,1.193734,0,-1.205170
audioseal,5,english:2159,2,290,20724,mean,1.080123,0,-1.598775
audioseal,5,english:2159,2,290,20724,tct,1.080123,0,-0.321259
audioseal,5,english:2159,2,290,53304,mean,1.095445,0,-2.729604
audioseal,5,english:2159,2,290,53304,tct,1.095445,0,-0.629539
audioseal,5,english:2159,2,290,20513,mean,1.143544,0,-2.279706
audioseal,5,english:2159,2,290,20513,tct,1.143544,0,-1.198344
audioseal,5,english:2159,2,290,45573,mean,1.148542,0,-7.323490
audioseal,5,english:2159,2,290,45573,tct,1.148542,0,-0.321618
audioseal,5,english:2159,2,290,628,mean,1.154701,0,-3.988538
audioseal,5,english:2159,2,290,628,tct,1.154701,0,-2.041939
audioseal,5,english:2159,2,290,29201,mean,1.154701,0,-5.828540
audioseal,5,english:2159,2,290,29201,tct,1.154701,0,-1.359257
audioseal,5,english:2159,2,290,43062,mean,1.201850,0,-6.552677
audioseal,5,english:2159,2,290,43062,tct,1.201850,0,-3.374533
audioseal,5,english:2159,2,290,16629,mean,1.201850,0,-3.954055
audioseal,5,english:2159,2,290,16629,tct,1.201850,0,-1.580804
audioseal,5,english:2159,2,290,38972,mean,1.201850,0,-3.898197
audioseal,5,english:2159,2,290,38972,tct,1.201850,0,-1.596999
audioseal,5,english:2159,2,290,36926,mean,1.201850,0,-4.186806
audioseal,5,english:2159,2,290,36926,tct,1.201850,0,-1.900648
audioseal,5,english:2182,0,291,24324,mean,0.948683,0,-4.757234
audioseal,5,english:2182,0,291,24324,tct,0.948683,0,-1.361778
audioseal,5,english:2182,0,291,32815,mean,1.000000,0,-6.133599
audioseal,5,english:2182,0,291,32815,tct,1.000000,0,-1.218188
audioseal,5,english:2182,0,291,34103,mean,1.092496,0,-6.371141
audioseal,5,english:2182,0,291,34103,tct,1.092496,0,-1.742930
audioseal,5,english:2182,0,291,40815,mean,1.167748,0,-2.513596
audioseal,5,english:2182,0,291,40815,tct,1.167748,0,-0.797480
audioseal,5,english:2182,0,291,37679,mean,1.182580,0,-2.691483
audioseal,5,english:2182,0,291,37679,tct,1.182580,0,-1.404685
audioseal,5,english:2182,0,291,40754,mean,1.183216,0,-6.169290
audioseal,5,english:2182,0,291,40754,tct,1.183216,0,-0.735072
audioseal,5,english:2182,0,291,40795,mean,1.208941,0,-3.569859
audioseal,5,english:2182,0,291,40795,tct,1.208941,0,-3.421824
audioseal,5,english:2182,0,291,49967,mean,1.240347,0,-4.626880
audioseal,5,english:2182,0,291,49967,tct,1.240347,0,-2.889536
audioseal,5,english:2182,0,291,38715,mean,1.244342,0,-3.993180
audioseal,5,english:2182,0,291,38715,tct,1.244342,0,-0.839800
audioseal,5,english:2182,0,291,17699,mean,1.245330,0,-7.640903
audioseal,5,english:2182,0,291,17699,tct,1.245330,0,-0.908701
audioseal,5,english:2182,1,292,39193,mean,0.903211,0,-0.287092
audioseal,5,english:2182,1,292,39193,tct,0.903211,1,0.234184
audioseal,5,english:2182,1,292,35857,mean,1.160959,0,-2.071071
audioseal,5,english:2182,1,292,35857,tct,1.160959,0,-2.263073
audioseal,5,english:2182,1,292,56345,mean,1.178858,0,-3.089457
audioseal,5,english:2182,1,292,56345,tct,1.178858,0,-2.173759
audioseal,5,english:2182,1,292,312,mean,1.180990,0,-6.182053
audioseal,5,english:2182,1,292,312,tct,1.180990,0,-1.586491
audioseal,5,english:2182,1,292,8209,mean,1.192762,0,-3.643923
audioseal,5,english:2182,1,292,8209,tct,1.192762,0,-2.399434
audioseal,5,english:2182,1,292,59408,mean,1.192762,0,-2.962000
audioseal,5,english:2182,1,292,59408,tct,1.192762,0,-1.317321
audioseal,5,english:2182,1,292,59441,mean,1.192762,0,-3.308614
audioseal,5,english:2182,1,292,59441,tct,1.192762,0,-1.273922
audioseal,5,english:2182,1,292,17780,mean,1.195229,0,-10.435020
audioseal,5,english:2182,1,292,17780,tct,1.195229,0,-3.420163
audioseal,5,english:2182,1,292,26653,mean,1.201850,0,-4.451390
audioseal,5,english:2182,1,292,26653,tct,1.201850,0,-0.578402
audioseal,5,english:2182,1,292,34097,mean,1.208941,0,-4.344223
audioseal,5,english:2182,1,292,34097,tct,1.208941,0,-3.286957
audioseal,5,english:2182,2,293,5455,mean,0.928191,0,-6.148798
audioseal,5,english:2182,2,293,5455,tct,0.928191,0,-1.930943
audioseal,5,english:2182,2,293,65508,mean,1.114287,0,-4.884763
audioseal,5,english:2182,2,293,65508,tct,1.114287,0,-0.302422
audioseal,5,english:2182,2,293,36709,mean,1.116831,0,-2.429684
audioseal,5,english:2182,2,293,36709,tct,1.116831,0,-1.775826
audioseal,5,english:2182,2,293,62918,mean,1.176697,0,-6.742894
audioseal,5,english:2182,2,293,62918,tct,1.176697,0,-0.866577
audioseal,5,english:2182,2,293,63438,mean,1.176697,0,-8.812342
audioseal,5,english:2182,2,293,63438,tct,1.176697,0,-2.402932
audioseal,5,english:2182,2,293,13647,mean,1.202561,0,-7.518028
audioseal,5,english:2182,2,293,13647,tct,1.202561,0,-0.378564
audioseal,5,english:2182,2,293,5454,mean,1.202561,0,-4.885983
audioseal,5,english:2182,2,293,5454,tct,1.202561,0,-0.926708
audioseal,5,english:2182,2,293,30566,mean,1.211060,0,-5.858895
audioseal,5,english:2182,2,293,30566,tct,1.211060,0,-1.214389
audioseal,5,english:2182,2,293,35189,mean,1.212678,0,-3.659138
audioseal,5,english:2182,2,293,35189,tct,1.212678,0,-0.448914
audioseal,5,english:2182,2,293,1373,mean,1.224745,0,-5.673645
audioseal,5,english:2182,2,293,1373,tct,1.224745,0,-1.500721
audioseal,5,english:2196,0,294,23717,mean,0.903037,0,-3.724571
audioseal,5,english:2196,0,294,23717,tct,0.903037,0,-0.728442
audioseal,5,english:2196,0,294,44535,mean,0.908295,0,-6.027338
audioseal,5,english:2196,0,294,44535,tct,0.908295,0,-1.214421
audioseal,5,english:2196,0,294,35295,mean,1.095445,0,-4.456089
audioseal,5,english:2196,0,294,35295,tct,1.095445,0,-0.330951
audioseal,5,english:2196,0,294,3511,mean,1.154701,0,-4.511686
audioseal,5,english:2196,0,294,3511,tct,1.154701,0,-1.947840
audioseal,5,english:2196,0,294,2173,mean,1.168697,0,-3.186701
audioseal,5,english:2196,0,294,2173,tct,1.168697,0,-1.488896
audioseal,5,english:2196,0,294,43485,mean,1.183216,0,-4.252867
audioseal,5,english:2196,0,294,43485,tct,1.183216,0,-0.341877
audioseal,5,english:2196,0,294,2559,mean,1.189983,0,-3.561013
audioseal,5,english:2196,0,294,2559,tct,1.189983,0,-1.620272
audioseal,5,english:2196,0,294,35800,mean,1.195229,0,-7.213963
audioseal,5,english:2196,0,294,35800,tct,1.195229,0,-3.878863
audioseal,5,english:2196,0,294,56485,mean,1.208941,0,-3.830606
audioseal,5,english:2196,0,294,56485,tct,1.208941,0,-1.096459
audioseal,5,english:2196,0,294,7415,mean,1.217433,0,-3.238841
audioseal,5,english:2196,0,294,7415,tct,1.217433,0,-2.516999
audioseal,5,english:2196,1,295,51409,mean,1.071008,0,-5.869930
audioseal,5,english:2196,1,295,51409,tct,1.071008,0,-0.841268
audioseal,5,english:2196,1,295,45952,mean,1.190874,0,-4.264966
audioseal,5,english:2196,1,295,45952,tct,1.190874,0,-1.204522
audioseal,5,english:2196,1,295,52085,mean,1.190874,0,-4.826369
audioseal,5,english:2196,1,295,52085,tct,1.190874,0,-2.275949
audioseal,5,english:2196,1,295,804,mean,1.190874,0,-8.306992
audioseal,5,english:2196,1,295,804,tct,1.190874,0,-3.055550
audioseal,5,english:2196,1,295,64384,mean,1.190874,0,-3.032523
audioseal,5,english:2196,1,295,64384,tct,1.190874,0,-1.441263
audioseal,5,english:2196,1,295,19363,mean,1.219500,0,-7.178010
audioseal,5,english:2196,1,295,19363,tct,1.219500,0,-3.057310
audioseal,5,english:2196,1,295,19299,mean,1.221028,0,-8.998797
audioseal,5,english:2196,1,295,19299,tct,1.221028,0,-4.111444
audioseal,5,english:2196,1,295,47362,mean,1.224745,0,-6.268329
audioseal,5,english:2196,1,295,47362,tct,1.224745,0,-3.017292
audioseal,5,english:2196,1,295,51892,mean,1.224745,0,-5.663589
audioseal,5,english:2196,1,295,51892,tct,1.224745,0,-3.991875
audioseal,5,english:2196,1,295,25347,mean,1.230734,0,-5.384965
audioseal,5,english:2196,1,295,25347,tct,1.230734,0,-1.485711
audioseal,5,english:2196,2,296,39760,mean,0.935414,0,-8.422369
audioseal,5,english:2196,2,296,39760,tct,0.935414,0,-1.777411
audioseal,5,english:2196,2,296,39699,mean,1.148542,0,-7.988440
audioseal,5,english:2196,2,296,39699,tct,1.148542,1,0.301060
audioseal,5,english:2196,2,296,39378,mean,1.148542,0,-5.803521
audioseal,5,english:2196,2,296,39378,tct,1.148542,0,-1.084873
audioseal,5,english:2196,2,296,57018,mean,1.164965,0,-2.126292
audioseal,5,english:2196,2,296,57018,tct,1.164965,0,-1.926606
audioseal,5,english:2196,2,296,56560,mean,1.164965,0,-1.540765
audioseal,5,english:2196,2,296,56560,tct,1.164965,0,-1.180812
audioseal,5,english:2196,2,296,37154,mean,1.193956,0,-4.927579
audioseal,5,english:2196,2,296,37154,tct,1.193956,0,-0.793073
audioseal,5,english:2196,2,296,40113,mean,1.195229,0,-3.044317
audioseal,5,english:2196,2,296,40113,tct,1.195229,0,-1.514383
audioseal,5,english:2196,2,296,55203,mean,1.197585,0,-3.395213
audioseal,5,english:2196,2,296,55203,tct,1.197585,0,-1.213267
audioseal,5,english:2196,2,296,40632,mean,1.211920,0,-4.063773
audioseal,5,english:2196,2,296,40632,tct,1.211920,0,-2.745153
audioseal,5,english:2196,2,296,39442,mean,1.224745,0,-5.910438
audioseal,5,english:2196,2,296,39442,tct,1.224745,0,-1.124259
audioseal,5,english:226,0,297,35726,mean,0.925820,0,-3.335364
audioseal,5,english:226,0,297,35726,tct,0.925820,0,-1.821607
audioseal,5,english:226,0,297,50969,mean,1.130791,0,-5.585506
audioseal,5,english:226,0,297,50969,tct,1.130791,0,-2.286882
audioseal,5,english:226,0,297,53006,mean,1.150447,0,-3.681563
audioseal,5,english:226,0,297,53006,tct,1.150447,0,-1.153408
audioseal,5,english:226,0,297,52125,mean,1.187151,0,-3.296212
audioseal,5,english:226,0,297,52125,tct,1.187151,0,-1.996934
audioseal,5,english:226,0,297,36614,mean,1.220394,0,-4.356641
audioseal,5,english:226,0,297,36614,tct,1.220394,0,-1.965311
audioseal,5,english:226,0,297,53181,mean,1.220394,0,-5.984590
audioseal,5,english:226,0,297,53181,tct,1.220394,0,-2.068099
audioseal,5,english:226,0,297,51528,mean,1.240508,0,-7.862632
audioseal,5,english:226,0,297,51528,tct,1.240508,0,-2.166934
audioseal,5,english:226,0,297,40465,mean,1.246271,0,-7.206910
audioseal,5,english:226,0,297,40465,tct,1.246271,0,-5.269903
audioseal,5,english:226,0,297,18894,mean,1.260252,0,-7.938103
audioseal,5,english:226,0,297,18894,tct,1.260252,0,-1.208309
audioseal,5,english:226,0,297,35661,mean,1.263263,0,-2.927714
audioseal,5,english:226,0,297,35661,tct,1.263263,0,-4.845663
audioseal,5,english:226,1,298,33696,mean,0.866025,0,-5.261512
audioseal,5,english:226,1,298,33696,tct,0.866025,0,-4.070054
audioseal,5,english:226,1,298,28675,mean,0.902378,0,-4.568645
audioseal,5,english:226,1,298,28675,tct,0.902378,0,-0.165576
audioseal,5,english:226,1,298,30731,mean,1.000000,0,-6.406756
audioseal,5,english:226,1,298,30731,tct,1.000000,0,-2.082030
audioseal,5,english:226,1,298,62619,mean,1.154701,0,-5.977432
audioseal,5,english:226,1,298,62619,tct,1.154701,0,-2.491338
audioseal,5,english:226,1,298,58016,mean,1.180990,0,-3.944610
audioseal,5,english:226,1,298,58016,tct,1.180990,0,-1.186671
audioseal,5,english:226,1,298,58288,mean,1.195229,0,-3.303678
audioseal,5,english:226,1,298,58288,tct,1.195229,0,-2.653278
audioseal,5,english:226,1,298,58899,mean,1.206045,0,-3.031882
audioseal,5,english:226,1,298,58899,tct,1.206045,0,-2.407960
audioseal,5,english:226,1,298,57987,mean,1.213954,0,-1.461987
audioseal,5,english:226,1,298,57987,tct,1.213954,0,-2.023450
audioseal,5,english:226,1,298,41653,mean,1.224745,0,-4.325018
audioseal,5,english:226,1,298,41653,tct,1.224745,0,-1.922320
audioseal,5,english:226,1,298,61707,mean,1.236354,0,-2.903530
audioseal,5,english:226,1,298,61707,tct,1.236354,0,-0.231901
audioseal,5,english:226,2,299,65057,mean,1.128152,0,-3.126980
audioseal,5,english:226,2,299,65057,tct,1.128152,0,-1.170847
audioseal,5,english:226,2,299,37008,mean,1.147079,0,-3.736472
audioseal,5,english:226,2,299,37008,tct,1.147079,0,-1.429502
audioseal,5,english:226,2,299,39060,mean,1.154701,0,-3.348119
audioseal,5,english:226,2,299,39060,tct,1.154701,0,-1.169670
audioseal,5,english:226,2,299,65081,mean,1.185013,0,-4.510724
audioseal,5,english:226,2,299,65081,tct,1.185013,0,-2.271375
audioseal,5,english:226,2,299,61984,mean,1.192570,0,-2.011470
audioseal,5,english:226,2,299,61984,tct,1.192570,0,-0.069656
audioseal,5,english:226,2,299,45762,mean,1.195229,0,-4.934093
audioseal,5,english:226,2,299,45762,tct,1.195229,0,-2.123997
audioseal,5,english:226,2,299,39138,mean,1.195229,0,-4.604867
audioseal,5,english:226,2,299,39138,tct,1.195229,0,-0.560660
audioseal,5,english:226,2,299,47752,mean,1.217922,0,-2.487663
audioseal,5,english:226,2,299,47752,tct,1.217922,0,-2.668702
audioseal,5,english:226,2,299,63265,mean,1.221028,0,-5.123271
audioseal,5,english:226,2,299,63265,tct,1.221028,0,-1.869344
audioseal,5,english:226,2,299,63280,mean,1.221028,0,-4.252837
audioseal,5,english:226,2,299,63280,tct,1.221028,0,-1.292262
