model,k,trial_id,condition,decoded_payload,bit_count,minimum_confidence,weakest_bit_index,source_path,target_rank,confidence_source
audioseal,8,0,single,60587,16,0.7155149579,12,dataset/collusion_300/chinese/SSB0005/chinese_SSB0005_01.wav,,native decoder bit marginal
audioseal,8,0,targeted,60850,16,0.6250253320,15,dataset/collusion_300/chinese/SSB0005/chinese_SSB0005_01.wav,6,native decoder bit marginal
audioseal,8,0,average,47903,16,0.6577828526,11,dataset/collusion_300/chinese/SSB0005/chinese_SSB0005_01.wav,,native decoder bit marginal
audioseal,8,1,single,50504,16,0.7284628749,12,dataset/collusion_300/chinese/SSB0005/chinese_SSB0005_02.wav,,native decoder bit marginal
audioseal,8,1,targeted,42193,16,0.5098017454,12,dataset/collusion_300/chinese/SSB0005/chinese_SSB0005_02.wav,3,native decoder bit marginal
audioseal,8,1,average,46343,16,0.5168526471,6,dataset/collusion_300/chinese/SSB0005/chinese_SSB0005_02.wav,,native decoder bit marginal
audioseal,8,2,single,43882,16,0.7051357925,12,dataset/collusion_300/chinese/SSB0005/chinese_SSB0005_03.wav,,native decoder bit marginal
audioseal,8,2,targeted,65184,16,0.5458744764,15,dataset/collusion_300/chinese/SSB0005/chinese_SSB0005_03.wav,1,native decoder bit marginal
audioseal,8,2,average,31840,16,0.5191088915,2,dataset/collusion_300/chinese/SSB0005/chinese_SSB0005_03.wav,,native decoder bit marginal
audioseal,8,3,single,22210,16,0.7307138443,8,dataset/collusion_300/chinese/SSB0009/chinese_SSB0009_01.wav,,native decoder bit marginal
audioseal,8,3,targeted,29707,16,0.6133518815,3,dataset/collusion_300/chinese/SSB0009/chinese_SSB0009_01.wav,1,native decoder bit marginal
audioseal,8,3,average,21666,16,0.5124536753,1,dataset/collusion_300/chinese/SSB0009/chinese_SSB0009_01.wav,,native decoder bit marginal
audioseal,8,4,single,2410,16,0.6991143525,12,dataset/collusion_300/chinese/SSB0009/chinese_SSB0009_02.wav,,native decoder bit marginal
audioseal,8,4,targeted,55602,16,0.6310652494,5,dataset/collusion_300/chinese/SSB0009/chinese_SSB0009_02.wav,1,native decoder bit marginal
audioseal,8,4,average,40160,16,0.5654798746,11,dataset/collusion_300/chinese/SSB0009/chinese_SSB0009_02.wav,,native decoder bit marginal
audioseal,8,5,single,31202,16,0.7064718008,13,dataset/collusion_300/chinese/SSB0009/chinese_SSB0009_03.wav,,native decoder bit marginal
audioseal,8,5,targeted,29652,16,0.6175751090,4,dataset/collusion_300/chinese/SSB0009/chinese_SSB0009_03.wav,1,native decoder bit marginal
audioseal,8,5,average,17506,16,0.5740410089,11,dataset/collusion_300/chinese/SSB0009/chinese_SSB0009_03.wav,,native decoder bit marginal
audioseal,8,6,single,36928,16,0.7175003886,11,dataset/collusion_300/chinese/SSB0011/chinese_SSB0011_01.wav,,native decoder bit marginal
audioseal,8,6,targeted,63784,16,0.7008113265,5,dataset/collusion_300/chinese/SSB0011/chinese_SSB0011_01.wav,2,native decoder bit marginal
audioseal,8,6,average,47925,16,0.5031816959,9,dataset/collusion_300/chinese/SSB0011/chinese_SSB0011_01.wav,,native decoder bit marginal
audioseal,8,7,single,43066,16,0.7198795080,12,dataset/collusion_300/chinese/SSB0011/chinese_SSB0011_02.wav,,native decoder bit marginal
audioseal,8,7,targeted,50244,16,0.6410629153,2,dataset/collusion_300/chinese/SSB0011/chinese_SSB0011_02.wav,3,native decoder bit marginal
audioseal,8,7,average,47519,16,0.5113390684,7,dataset/collusion_300/chinese/SSB0011/chinese_SSB0011_02.wav,,native decoder bit marginal
audioseal,8,8,single,34568,16,0.7280780077,12,dataset/collusion_300/chinese/SSB0011/chinese_SSB0011_03.wav,,native decoder bit marginal
audioseal,8,8,targeted,48816,16,0.5069031715,9,dataset/collusion_300/chinese/SSB0011/chinese_SSB0011_03.wav,2,native decoder bit marginal
audioseal,8,8,average,7264,16,0.5401113033,2,dataset/collusion_300/chinese/SSB0011/chinese_SSB0011_03.wav,,native decoder bit marginal
audioseal,8,9,single,10488,16,0.7132679820,8,dataset/collusion_300/chinese/SSB0012/chinese_SSB0012_01.wav,,native decoder bit marginal
audioseal,8,9,targeted,8209,16,0.5132347941,12,dataset/collusion_300/chinese/SSB0012/chinese_SSB0012_01.wav,3,native decoder bit marginal
audioseal,8,9,average,15397,16,0.5052321255,7,dataset/collusion_300/chinese/SSB0012/chinese_SSB0012_01.wav,,native decoder bit marginal
audioseal,8,10,single,8513,16,0.7159760296,11,dataset/collusion_300/chinese/SSB0012/chinese_SSB0012_02.wav,,native decoder bit marginal
audioseal,8,10,targeted,62408,16,0.5231866837,3,dataset/collusion_300/chinese/SSB0012/chinese_SSB0012_02.wav,1,native decoder bit marginal
audioseal,8,10,average,3170,16,0.5786437988,1,dataset/collusion_300/chinese/SSB0012/chinese_SSB0012_02.wav,,native decoder bit marginal
audioseal,8,11,single,62743,16,0.7389886379,3,dataset/collusion_300/chinese/SSB0012/chinese_SSB0012_03.wav,,native decoder bit marginal
audioseal,8,11,targeted,37939,16,0.5468533635,0,dataset/collusion_300/chinese/SSB0012/chinese_SSB0012_03.wav,5,native decoder bit marginal
audioseal,8,11,average,21858,16,0.5728361309,2,dataset/collusion_300/chinese/SSB0012/chinese_SSB0012_03.wav,,native decoder bit marginal
audioseal,8,12,single,27012,16,0.7250258327,7,dataset/collusion_300/chinese/SSB0016/chinese_SSB0016_01.wav,,native decoder bit marginal
audioseal,8,12,targeted,26928,16,0.5881242156,2,dataset/collusion_300/chinese/SSB0016/chinese_SSB0016_01.wav,1,native decoder bit marginal
audioseal,8,12,average,4256,16,0.5306659639,1,dataset/collusion_300/chinese/SSB0016/chinese_SSB0016_01.wav,,native decoder bit marginal
audioseal,8,13,single,20619,16,0.7139798105,8,dataset/collusion_300/chinese/SSB0016/chinese_SSB0016_02.wav,,native decoder bit marginal
audioseal,8,13,targeted,21473,16,0.5193486214,5,dataset/collusion_300/chinese/SSB0016/chinese_SSB0016_02.wav,2,native decoder bit marginal
audioseal,8,13,average,22688,16,0.5213313997,10,dataset/collusion_300/chinese/SSB0016/chinese_SSB0016_02.wav,,native decoder bit marginal
audioseal,8,14,single,8664,16,0.7289192080,6,dataset/collusion_300/chinese/SSB0016/chinese_SSB0016_03.wav,,native decoder bit marginal
audioseal,8,14,targeted,7064,16,0.6513018012,7,dataset/collusion_300/chinese/SSB0016/chinese_SSB0016_03.wav,1,native decoder bit marginal
audioseal,8,14,average,4342,16,0.5068914890,10,dataset/collusion_300/chinese/SSB0016/chinese_SSB0016_03.wav,,native decoder bit marginal
audioseal,8,15,single,53720,16,0.7471311688,7,dataset/collusion_300/chinese/SSB0018/chinese_SSB0018_01.wav,,native decoder bit marginal
audioseal,8,15,targeted,57061,16,0.6268472672,0,dataset/collusion_300/chinese/SSB0018/chinese_SSB0018_01.wav,1,native decoder bit marginal
audioseal,8,15,average,23654,16,0.5586389303,13,dataset/collusion_300/chinese/SSB0018/chinese_SSB0018_01.wav,,native decoder bit marginal
audioseal,8,16,single,59653,16,0.7061069906,3,dataset/collusion_300/chinese/SSB0018/chinese_SSB0018_02.wav,,native decoder bit marginal
audioseal,8,16,targeted,64987,16,0.5172227025,10,dataset/collusion_300/chinese/SSB0018/chinese_SSB0018_02.wav,1,native decoder bit marginal
audioseal,8,16,average,63966,16,0.5752699077,10,dataset/collusion_300/chinese/SSB0018/chinese_SSB0018_02.wav,,native decoder bit marginal
audioseal,8,17,single,25640,16,0.7227490544,13,dataset/collusion_300/chinese/SSB0018/chinese_SSB0018_03.wav,,native decoder bit marginal
audioseal,8,17,targeted,47546,16,0.6785808802,5,dataset/collusion_300/chinese/SSB0018/chinese_SSB0018_03.wav,1,native decoder bit marginal
audioseal,8,17,average,55298,16,0.5021182299,5,dataset/collusion_300/chinese/SSB0018/chinese_SSB0018_03.wav,,native decoder bit marginal
audioseal,8,18,single,36240,16,0.7418002486,7,dataset/collusion_300/chinese/SSB0033/chinese_SSB0033_01.wav,,native decoder bit marginal
audioseal,8,18,targeted,40913,16,0.5346708894,10,dataset/collusion_300/chinese/SSB0033/chinese_SSB0033_01.wav,1,native decoder bit marginal
audioseal,8,18,average,25485,16,0.5073091388,11,dataset/collusion_300/chinese/SSB0033/chinese_SSB0033_01.wav,,native decoder bit marginal
audioseal,8,19,single,11410,16,0.7228820622,8,dataset/collusion_300/chinese/SSB0033/chinese_SSB0033_02.wav,,native decoder bit marginal
audioseal,8,19,targeted,60594,16,0.5675311089,7,dataset/collusion_300/chinese/SSB0033/chinese_SSB0033_02.wav,3,native decoder bit marginal
audioseal,8,19,average,63024,16,0.5203871131,0,dataset/collusion_300/chinese/SSB0033/chinese_SSB0033_02.wav,,native decoder bit marginal
audioseal,8,20,single,14714,16,0.7208670676,14,dataset/collusion_300/chinese/SSB0033/chinese_SSB0033_03.wav,,native decoder bit marginal
audioseal,8,20,targeted,33736,16,0.6424508095,6,dataset/collusion_300/chinese/SSB0033/chinese_SSB0033_03.wav,1,native decoder bit marginal
audioseal,8,20,average,19552,16,0.5243369937,13,dataset/collusion_300/chinese/SSB0033/chinese_SSB0033_03.wav,,native decoder bit marginal
audioseal,8,21,single,54209,16,0.7341844141,1,dataset/collusion_300/chinese/SSB0038/chinese_SSB0038_01.wav,,native decoder bit marginal
audioseal,8,21,targeted,6964,16,0.5416122675,9,dataset/collusion_300/chinese/SSB0038/chinese_SSB0038_01.wav,1,native decoder bit marginal
audioseal,8,21,average,20580,16,0.5031613708,2,dataset/collusion_300/chinese/SSB0038/chinese_SSB0038_01.wav,,native decoder bit marginal
audioseal,8,22,single,40304,16,0.7286038995,4,dataset/collusion_300/chinese/SSB0038/chinese_SSB0038_02.wav,,native decoder bit marginal
audioseal,8,22,targeted,46241,16,0.6862299442,7,dataset/collusion_300/chinese/SSB0038/chinese_SSB0038_02.wav,1,native decoder bit marginal
audioseal,8,22,average,22124,16,0.5521947742,2,dataset/collusion_300/chinese/SSB0038/chinese_SSB0038_02.wav,,native decoder bit marginal
audioseal,8,23,single,9509,16,0.7171733379,12,dataset/collusion_300/chinese/SSB0038/chinese_SSB0038_03.wav,,native decoder bit marginal
audioseal,8,23,targeted,58756,16,0.6541951895,2,dataset/collusion_300/chinese/SSB0038/chinese_SSB0038_03.wav,2,native decoder bit marginal
audioseal,8,23,average,52258,16,0.5067914724,11,dataset/collusion_300/chinese/SSB0038/chinese_SSB0038_03.wav,,native decoder bit marginal
audioseal,8,24,single,46842,16,0.6844302416,13,dataset/collusion_300/chinese/SSB0043/chinese_SSB0043_01.wav,,native decoder bit marginal
audioseal,8,24,targeted,22708,16,0.5955674052,10,dataset/collusion_300/chinese/SSB0043/chinese_SSB0043_01.wav,4,native decoder bit marginal
audioseal,8,24,average,23778,16,0.6396554708,2,dataset/collusion_300/chinese/SSB0043/chinese_SSB0043_01.wav,,native decoder bit marginal
audioseal,8,25,single,11538,16,0.7325386107,14,dataset/collusion_300/chinese/SSB0043/chinese_SSB0043_02.wav,,native decoder bit marginal
audioseal,8,25,targeted,50020,16,0.6272597313,2,dataset/collusion_300/chinese/SSB0043/chinese_SSB0043_02.wav,7,native decoder bit marginal
audioseal,8,25,average,62237,16,0.5126522779,9,dataset/collusion_300/chinese/SSB0043/chinese_SSB0043_02.wav,,native decoder bit marginal
audioseal,8,26,single,39706,16,0.7365039885,14,dataset/collusion_300/chinese/SSB0043/chinese_SSB0043_03.wav,,native decoder bit marginal
audioseal,8,26,targeted,49184,16,0.6870083511,12,dataset/collusion_300/chinese/SSB0043/chinese_SSB0043_03.wav,1,native decoder bit marginal
audioseal,8,26,average,23712,16,0.5261675715,1,dataset/collusion_300/chinese/SSB0043/chinese_SSB0043_03.wav,,native decoder bit marginal
audioseal,8,27,single,47861,16,0.7253199220,8,dataset/collusion_300/chinese/SSB0057/chinese_SSB0057_01.wav,,native decoder bit marginal
audioseal,8,27,targeted,41589,16,0.5056920350,12,dataset/collusion_300/chinese/SSB0057/chinese_SSB0057_01.wav,1,native decoder bit marginal
audioseal,8,27,average,26720,16,0.5840997100,3,dataset/collusion_300/chinese/SSB0057/chinese_SSB0057_01.wav,,native decoder bit marginal
audioseal,8,28,single,25157,16,0.7203398645,8,dataset/collusion_300/chinese/SSB0057/chinese_SSB0057_02.wav,,native decoder bit marginal
audioseal,8,28,targeted,7248,16,0.5402750969,4,dataset/collusion_300/chinese/SSB0057/chinese_SSB0057_02.wav,1,native decoder bit marginal
audioseal,8,28,average,64271,16,0.5301907957,4,dataset/collusion_300/chinese/SSB0057/chinese_SSB0057_02.wav,,native decoder bit marginal
audioseal,8,29,single,57578,16,0.6947698593,13,dataset/collusion_300/chinese/SSB0057/chinese_SSB0057_03.wav,,native decoder bit marginal
audioseal,8,29,targeted,51460,16,0.5656034350,13,dataset/collusion_300/chinese/SSB0057/chinese_SSB0057_03.wav,1,native decoder bit marginal
audioseal,8,29,average,49251,16,0.5323211849,9,dataset/collusion_300/chinese/SSB0057/chinese_SSB0057_03.wav,,native decoder bit marginal
audioseal,8,30,single,28402,16,0.6868220568,13,dataset/collusion_300/chinese/SSB0073/chinese_SSB0073_01.wav,,native decoder bit marginal
audioseal,8,30,targeted,28336,16,0.5384843647,12,dataset/collusion_300/chinese/SSB0073/chinese_SSB0073_01.wav,1,native decoder bit marginal
audioseal,8,30,average,31842,16,0.5388271809,7,dataset/collusion_300/chinese/SSB0073/chinese_SSB0073_01.wav,,native decoder bit marginal
audioseal,8,31,single,5218,16,0.7370838821,14,dataset/collusion_300/chinese/SSB0073/chinese_SSB0073_02.wav,,native decoder bit marginal
audioseal,8,31,targeted,37930,16,0.6610299051,11,dataset/collusion_300/chinese/SSB0073/chinese_SSB0073_02.wav,1,native decoder bit marginal
audioseal,8,31,average,48427,16,0.5168692470,11,dataset/collusion_300/chinese/SSB0073/chinese_SSB0073_02.wav,,native decoder bit marginal
audioseal,8,32,single,35874,16,0.7133125961,12,dataset/collusion_300/chinese/SSB0073/chinese_SSB0073_03.wav,,native decoder bit marginal
audioseal,8,32,targeted,14864,16,0.6768078506,2,dataset/collusion_300/chinese/SSB0073/chinese_SSB0073_03.wav,1,native decoder bit marginal
audioseal,8,32,average,47369,16,0.5441374779,12,dataset/collusion_300/chinese/SSB0073/chinese_SSB0073_03.wav,,native decoder bit marginal
audioseal,8,33,single,14507,16,0.7214297652,8,dataset/collusion_300/chinese/SSB0080/chinese_SSB0080_01.wav,,native decoder bit marginal
audioseal,8,33,targeted,20898,16,0.6813687682,7,dataset/collusion_300/chinese/SSB0080/chinese_SSB0080_01.wav,1,native decoder bit marginal
audioseal,8,33,average,61581,16,0.5391540527,8,dataset/collusion_300/chinese/SSB0080/chinese_SSB0080_01.wav,,native decoder bit marginal
audioseal,8,34,single,51460,16,0.7227944732,3,dataset/collusion_300/chinese/SSB0080/chinese_SSB0080_02.wav,,native decoder bit marginal
audioseal,8,34,targeted,55403,16,0.5328397453,13,dataset/collusion_300/chinese/SSB0080/chinese_SSB0080_02.wav,1,native decoder bit marginal
audioseal,8,34,average,63591,16,0.5251967907,5,dataset/collusion_300/chinese/SSB0080/chinese_SSB0080_02.wav,,native decoder bit marginal
audioseal,8,35,single,980,16,0.7194887698,12,dataset/collusion_300/chinese/SSB0080/chinese_SSB0080_03.wav,,native decoder bit marginal
audioseal,8,35,targeted,53029,16,0.5668784678,13,dataset/collusion_300/chinese/SSB0080/chinese_SSB0080_03.wav,1,native decoder bit marginal
audioseal,8,35,average,29461,16,0.5063926578,7,dataset/collusion_300/chinese/SSB0080/chinese_SSB0080_03.wav,,native decoder bit marginal
audioseal,8,36,single,9844,16,0.7223299146,13,dataset/collusion_300/chinese/SSB0112/chinese_SSB0112_01.wav,,native decoder bit marginal
audioseal,8,36,targeted,57632,16,0.6985654533,12,dataset/collusion_300/chinese/SSB0112/chinese_SSB0112_01.wav,1,native decoder bit marginal
audioseal,8,36,average,25634,16,0.5434116125,12,dataset/collusion_300/chinese/SSB0112/chinese_SSB0112_01.wav,,native decoder bit marginal
audioseal,8,37,single,42081,16,0.7175265551,12,dataset/collusion_300/chinese/SSB0112/chinese_SSB0112_02.wav,,native decoder bit marginal
audioseal,8,37,targeted,168,16,0.5644825995,12,dataset/collusion_300/chinese/SSB0112/chinese_SSB0112_02.wav,1,native decoder bit marginal
audioseal,8,37,average,5226,16,0.5227109194,12,dataset/collusion_300/chinese/SSB0112/chinese_SSB0112_02.wav,,native decoder bit marginal
audioseal,8,38,single,56305,16,0.6791878939,5,dataset/collusion_300/chinese/SSB0112/chinese_SSB0112_03.wav,,native decoder bit marginal
audioseal,8,38,targeted,31713,16,0.6258826554,2,dataset/collusion_300/chinese/SSB0112/chinese_SSB0112_03.wav,1,native decoder bit marginal
audioseal,8,38,average,17634,16,0.5008480549,7,dataset/collusion_300/chinese/SSB0112/chinese_SSB0112_03.wav,,native decoder bit marginal
audioseal,8,39,single,10346,16,0.7082680464,12,dataset/collusion_300/chinese/SSB0122/chinese_SSB0122_01.wav,,native decoder bit marginal
audioseal,8,39,targeted,26266,16,0.5638021231,10,dataset/collusion_300/chinese/SSB0122/chinese_SSB0122_01.wav,1,native decoder bit marginal
audioseal,8,39,average,20704,16,0.5677321553,14,dataset/collusion_300/chinese/SSB0122/chinese_SSB0122_01.wav,,native decoder bit marginal
audioseal,8,40,single,42299,16,0.7103723884,14,dataset/collusion_300/chinese/SSB0122/chinese_SSB0122_02.wav,,native decoder bit marginal
audioseal,8,40,targeted,42267,16,0.5088455677,3,dataset/collusion_300/chinese/SSB0122/chinese_SSB0122_02.wav,3,native decoder bit marginal
audioseal,8,40,average,1888,16,0.5050738752,2,dataset/collusion_300/chinese/SSB0122/chinese_SSB0122_02.wav,,native decoder bit marginal
audioseal,8,41,single,20378,16,0.7303298712,10,dataset/collusion_300/chinese/SSB0122/chinese_SSB0122_03.wav,,native decoder bit marginal
audioseal,8,41,targeted,6465,16,0.5047202706,0,dataset/collusion_300/chinese/SSB0122/chinese_SSB0122_03.wav,1,native decoder bit marginal
audioseal,8,41,average,25357,16,0.5063894093,7,dataset/collusion_300/chinese/SSB0122/chinese_SSB0122_03.wav,,native decoder bit marginal
audioseal,8,42,single,12373,16,0.7125804424,15,dataset/collusion_300/chinese/SSB0133/chinese_SSB0133_01.wav,,native decoder bit marginal
audioseal,8,42,targeted,43191,16,0.5203838944,7,dataset/collusion_300/chinese/SSB0133/chinese_SSB0133_01.wav,2,native decoder bit marginal
audioseal,8,42,average,1124,16,0.5831415355,12,dataset/collusion_300/chinese/SSB0133/chinese_SSB0133_01.wav,,native decoder bit marginal
audioseal,8,43,single,20472,16,0.7197552621,12,dataset/collusion_300/chinese/SSB0133/chinese_SSB0133_02.wav,,native decoder bit marginal
audioseal,8,43,targeted,25072,16,0.5560553074,7,dataset/collusion_300/chinese/SSB0133/chinese_SSB0133_02.wav,1,native decoder bit marginal
audioseal,8,43,average,31702,16,0.5228281319,15,dataset/collusion_300/chinese/SSB0133/chinese_SSB0133_02.wav,,native decoder bit marginal
audioseal,8,44,single,49195,16,0.6906193495,12,dataset/collusion_300/chinese/SSB0133/chinese_SSB0133_03.wav,,native decoder bit marginal
audioseal,8,44,targeted,44802,16,0.5079494119,10,dataset/collusion_300/chinese/SSB0133/chinese_SSB0133_03.wav,2,native decoder bit marginal
audioseal,8,44,average,4320,16,0.5845245123,7,dataset/collusion_300/chinese/SSB0133/chinese_SSB0133_03.wav,,native decoder bit marginal
audioseal,8,45,single,7585,16,0.7209753692,14,dataset/collusion_300/chinese/SSB0139/chinese_SSB0139_01.wav,,native decoder bit marginal
audioseal,8,45,targeted,47956,16,0.6339614391,0,dataset/collusion_300/chinese/SSB0139/chinese_SSB0139_01.wav,1,native decoder bit marginal
audioseal,8,45,average,7392,16,0.5862733722,15,dataset/collusion_300/chinese/SSB0139/chinese_SSB0139_01.wav,,native decoder bit marginal
audioseal,8,46,single,40411,16,0.7303582430,10,dataset/collusion_300/chinese/SSB0139/chinese_SSB0139_02.wav,,native decoder bit marginal
audioseal,8,46,targeted,49298,16,0.6578105092,7,dataset/collusion_300/chinese/SSB0139/chinese_SSB0139_02.wav,1,native decoder bit marginal
audioseal,8,46,average,46359,16,0.5004794002,15,dataset/collusion_300/chinese/SSB0139/chinese_SSB0139_02.wav,,native decoder bit marginal
audioseal,8,47,single,35429,16,0.7061443329,12,dataset/collusion_300/chinese/SSB0139/chinese_SSB0139_03.wav,,native decoder bit marginal
audioseal,8,47,targeted,7552,16,0.7073406577,14,dataset/collusion_300/chinese/SSB0139/chinese_SSB0139_03.wav,1,native decoder bit marginal
audioseal,8,47,average,23778,16,0.5401690304,15,dataset/collusion_300/chinese/SSB0139/chinese_SSB0139_03.wav,,native decoder bit marginal
audioseal,8,48,single,2997,16,0.6814921796,15,dataset/collusion_300/chinese/SSB0145/chinese_SSB0145_01.wav,,native decoder bit marginal
audioseal,8,48,targeted,19248,16,0.6993730664,12,dataset/collusion_300/chinese/SSB0145/chinese_SSB0145_01.wav,1,native decoder bit marginal
audioseal,8,48,average,3360,16,0.6629231572,14,dataset/collusion_300/chinese/SSB0145/chinese_SSB0145_01.wav,,native decoder bit marginal
audioseal,8,49,single,22104,16,0.7204276621,8,dataset/collusion_300/chinese/SSB0145/chinese_SSB0145_02.wav,,native decoder bit marginal
audioseal,8,49,targeted,48480,16,0.5475185513,14,dataset/collusion_300/chinese/SSB0145/chinese_SSB0145_02.wav,1,native decoder bit marginal
audioseal,8,49,average,23584,16,0.6752295494,1,dataset/collusion_300/chinese/SSB0145/chinese_SSB0145_02.wav,,native decoder bit marginal
audioseal,8,50,single,63432,16,0.6813010573,10,dataset/collusion_300/chinese/SSB0145/chinese_SSB0145_03.wav,,native decoder bit marginal
audioseal,8,50,targeted,63368,16,0.5240923762,10,dataset/collusion_300/chinese/SSB0145/chinese_SSB0145_03.wav,1,native decoder bit marginal
audioseal,8,50,average,17440,16,0.6419667304,7,dataset/collusion_300/chinese/SSB0145/chinese_SSB0145_03.wav,,native decoder bit marginal
audioseal,8,51,single,59128,16,0.7100164890,13,dataset/collusion_300/chinese/SSB0149/chinese_SSB0149_01.wav,,native decoder bit marginal
audioseal,8,51,targeted,44368,16,0.6460533142,13,dataset/collusion_300/chinese/SSB0149/chinese_SSB0149_01.wav,1,native decoder bit marginal
audioseal,8,51,average,50274,16,0.6075308323,6,dataset/collusion_300/chinese/SSB0149/chinese_SSB0149_01.wav,,native decoder bit marginal
audioseal,8,52,single,16811,16,0.6715360284,5,dataset/collusion_300/chinese/SSB0149/chinese_SSB0149_02.wav,,native decoder bit marginal
audioseal,8,52,targeted,55570,16,0.7383196950,1,dataset/collusion_300/chinese/SSB0149/chinese_SSB0149_02.wav,1,native decoder bit marginal
audioseal,8,52,average,17446,16,0.5258066058,12,dataset/collusion_300/chinese/SSB0149/chinese_SSB0149_02.wav,,native decoder bit marginal
audioseal,8,53,single,21345,16,0.7062838078,5,dataset/collusion_300/chinese/SSB0149/chinese_SSB0149_03.wav,,native decoder bit marginal
audioseal,8,53,targeted,20577,16,0.6432519555,0,dataset/collusion_300/chinese/SSB0149/chinese_SSB0149_03.wav,1,native decoder bit marginal
audioseal,8,53,average,28695,16,0.5447639227,15,dataset/collusion_300/chinese/SSB0149/chinese_SSB0149_03.wav,,native decoder bit marginal
audioseal,8,54,single,40849,16,0.7354568839,7,dataset/collusion_300/chinese/SSB0193/chinese_SSB0193_01.wav,,native decoder bit marginal
audioseal,8,54,targeted,38725,16,0.6282750666,13,dataset/collusion_300/chinese/SSB0193/chinese_SSB0193_01.wav,1,native decoder bit marginal
audioseal,8,54,average,1764,16,0.5003184080,9,dataset/collusion_300/chinese/SSB0193/chinese_SSB0193_01.wav,,native decoder bit marginal
audioseal,8,55,single,2548,16,0.7164126039,15,dataset/collusion_300/chinese/SSB0193/chinese_SSB0193_02.wav,,native decoder bit marginal
audioseal,8,55,targeted,41192,16,0.5565686226,3,dataset/collusion_300/chinese/SSB0193/chinese_SSB0193_02.wav,1,native decoder bit marginal
audioseal,8,55,average,1252,16,0.5330811441,13,dataset/collusion_300/chinese/SSB0193/chinese_SSB0193_02.wav,,native decoder bit marginal
audioseal,8,56,single,35505,16,0.7132928371,12,dataset/collusion_300/chinese/SSB0193/chinese_SSB0193_03.wav,,native decoder bit marginal
audioseal,8,56,targeted,36784,16,0.5049171150,2,dataset/collusion_300/chinese/SSB0193/chinese_SSB0193_03.wav,9,native decoder bit marginal
audioseal,8,56,average,41757,16,0.5074945986,11,dataset/collusion_300/chinese/SSB0193/chinese_SSB0193_03.wav,,native decoder bit marginal
audioseal,8,57,single,13514,16,0.7009218931,10,dataset/collusion_300/chinese/SSB0197/chinese_SSB0197_01.wav,,native decoder bit marginal
audioseal,8,57,targeted,39826,16,0.6255262494,14,dataset/collusion_300/chinese/SSB0197/chinese_SSB0197_01.wav,2,native decoder bit marginal
audioseal,8,57,average,21728,16,0.5026171207,14,dataset/collusion_300/chinese/SSB0197/chinese_SSB0197_01.wav,,native decoder bit marginal
audioseal,8,58,single,5825,16,0.7256335318,8,dataset/collusion_300/chinese/SSB0197/chinese_SSB0197_02.wav,,native decoder bit marginal
audioseal,8,58,targeted,32552,16,0.5295059681,10,dataset/collusion_300/chinese/SSB0197/chinese_SSB0197_02.wav,1,native decoder bit marginal
audioseal,8,58,average,14432,16,0.5379259586,13,dataset/collusion_300/chinese/SSB0197/chinese_SSB0197_02.wav,,native decoder bit marginal
audioseal,8,59,single,16101,16,0.7306491435,8,dataset/collusion_300/chinese/SSB0197/chinese_SSB0197_03.wav,,native decoder bit marginal
audioseal,8,59,targeted,51402,16,0.6041322052,12,dataset/collusion_300/chinese/SSB0197/chinese_SSB0197_03.wav,2,native decoder bit marginal
audioseal,8,59,average,7392,16,0.5534574091,14,dataset/collusion_300/chinese/SSB0197/chinese_SSB0197_03.wav,,native decoder bit marginal
audioseal,8,60,single,21848,16,0.7216275334,10,dataset/collusion_300/chinese/SSB0200/chinese_SSB0200_01.wav,,native decoder bit marginal
audioseal,8,60,targeted,60962,16,0.5084046125,9,dataset/collusion_300/chinese/SSB0200/chinese_SSB0200_01.wav,5,native decoder bit marginal
audioseal,8,60,average,32069,16,0.5548734665,10,dataset/collusion_300/chinese/SSB0200/chinese_SSB0200_01.wav,,native decoder bit marginal
audioseal,8,61,single,21403,16,0.7374887466,7,dataset/collusion_300/chinese/SSB0200/chinese_SSB0200_02.wav,,native decoder bit marginal
audioseal,8,61,targeted,8530,16,0.6893967390,14,dataset/collusion_300/chinese/SSB0200/chinese_SSB0200_02.wav,1,native decoder bit marginal
audioseal,8,61,average,17620,16,0.5000983179,15,dataset/collusion_300/chinese/SSB0200/chinese_SSB0200_02.wav,,native decoder bit marginal
audioseal,8,62,single,46074,16,0.7130753398,13,dataset/collusion_300/chinese/SSB0200/chinese_SSB0200_03.wav,,native decoder bit marginal
audioseal,8,62,targeted,46072,16,0.6112507284,1,dataset/collusion_300/chinese/SSB0200/chinese_SSB0200_03.wav,1,native decoder bit marginal
audioseal,8,62,average,31207,16,0.5104087293,3,dataset/collusion_300/chinese/SSB0200/chinese_SSB0200_03.wav,,native decoder bit marginal
audioseal,8,63,single,52000,16,0.7139389217,12,dataset/collusion_300/chinese/SSB0241/chinese_SSB0241_01.wav,,native decoder bit marginal
audioseal,8,63,targeted,28421,16,0.6287092566,12,dataset/collusion_300/chinese/SSB0241/chinese_SSB0241_01.wav,1,native decoder bit marginal
audioseal,8,63,average,22726,16,0.5946698785,7,dataset/collusion_300/chinese/SSB0241/chinese_SSB0241_01.wav,,native decoder bit marginal
audioseal,8,64,single,7380,16,0.7141174078,8,dataset/collusion_300/chinese/SSB0241/chinese_SSB0241_02.wav,,native decoder bit marginal
audioseal,8,64,targeted,37216,16,0.6348048151,14,dataset/collusion_300/chinese/SSB0241/chinese_SSB0241_02.wav,1,native decoder bit marginal
audioseal,8,64,average,6240,16,0.5767418146,1,dataset/collusion_300/chinese/SSB0241/chinese_SSB0241_02.wav,,native decoder bit marginal
audioseal,8,65,single,41995,16,0.6989443600,14,dataset/collusion_300/chinese/SSB0241/chinese_SSB0241_03.wav,,native decoder bit marginal
audioseal,8,65,targeted,32853,16,0.6289099455,8,dataset/collusion_300/chinese/SSB0241/chinese_SSB0241_03.wav,6,native decoder bit marginal
audioseal,8,65,average,40032,16,0.5218934417,11,dataset/collusion_300/chinese/SSB0241/chinese_SSB0241_03.wav,,native decoder bit marginal
audioseal,8,66,single,4737,16,0.7308672667,11,dataset/collusion_300/chinese/SSB0246/chinese_SSB0246_01.wav,,native decoder bit marginal
audioseal,8,66,targeted,12417,16,0.6613245308,2,dataset/collusion_300/chinese/SSB0246/chinese_SSB0246_01.wav,1,native decoder bit marginal
audioseal,8,66,average,7777,16,0.5264368653,9,dataset/collusion_300/chinese/SSB0246/chinese_SSB0246_01.wav,,native decoder bit marginal
audioseal,8,67,single,45010,16,0.6850063801,10,dataset/collusion_300/chinese/SSB0246/chinese_SSB0246_02.wav,,native decoder bit marginal
audioseal,8,67,targeted,44401,16,0.6476398706,14,dataset/collusion_300/chinese/SSB0246/chinese_SSB0246_02.wav,3,native decoder bit marginal
audioseal,8,67,average,47441,16,0.6476387978,2,dataset/collusion_300/chinese/SSB0246/chinese_SSB0246_02.wav,,native decoder bit marginal
audioseal,8,68,single,6312,16,0.7312263250,8,dataset/collusion_300/chinese/SSB0246/chinese_SSB0246_03.wav,,native decoder bit marginal
audioseal,8,68,targeted,14346,16,0.6200552583,8,dataset/collusion_300/chinese/SSB0246/chinese_SSB0246_03.wav,4,native decoder bit marginal
audioseal,8,68,average,61581,16,0.5036040545,7,dataset/collusion_300/chinese/SSB0246/chinese_SSB0246_03.wav,,native decoder bit marginal
audioseal,8,69,single,31650,16,0.6996797919,5,dataset/collusion_300/chinese/SSB0261/chinese_SSB0261_01.wav,,native decoder bit marginal
audioseal,8,69,targeted,53601,16,0.5768056512,5,dataset/collusion_300/chinese/SSB0261/chinese_SSB0261_01.wav,2,native decoder bit marginal
audioseal,8,69,average,31126,16,0.5514291525,7,dataset/collusion_300/chinese/SSB0261/chinese_SSB0261_01.wav,,native decoder bit marginal
audioseal,8,70,single,44113,16,0.7189094126,8,dataset/collusion_300/chinese/SSB0261/chinese_SSB0261_02.wav,,native decoder bit marginal
audioseal,8,70,targeted,14496,16,0.5239918828,13,dataset/collusion_300/chinese/SSB0261/chinese_SSB0261_02.wav,3,native decoder bit marginal
audioseal,8,70,average,4192,16,0.6195946932,7,dataset/collusion_300/chinese/SSB0261/chinese_SSB0261_02.wav,,native decoder bit marginal
audioseal,8,71,single,35077,16,0.6993886232,3,dataset/collusion_300/chinese/SSB0261/chinese_SSB0261_03.wav,,native decoder bit marginal
audioseal,8,71,targeted,33701,16,0.5315591693,13,dataset/collusion_300/chinese/SSB0261/chinese_SSB0261_03.wav,2,native decoder bit marginal
audioseal,8,71,average,1058,16,0.5337103903,2,dataset/collusion_300/chinese/SSB0261/chinese_SSB0261_03.wav,,native decoder bit marginal
audioseal,8,72,single,45300,16,0.7337565124,11,dataset/collusion_300/chinese/SSB0267/chinese_SSB0267_01.wav,,native decoder bit marginal
audioseal,8,72,targeted,53812,16,0.5429046750,9,dataset/collusion_300/chinese/SSB0267/chinese_SSB0267_01.wav,3,native decoder bit marginal
audioseal,8,72,average,15468,16,0.5647673607,1,dataset/collusion_300/chinese/SSB0267/chinese_SSB0267_01.wav,,native decoder bit marginal
audioseal,8,73,single,29112,16,0.7437003851,13,dataset/collusion_300/chinese/SSB0267/chinese_SSB0267_02.wav,,native decoder bit marginal
audioseal,8,73,targeted,24738,16,0.5219116509,12,dataset/collusion_300/chinese/SSB0267/chinese_SSB0267_02.wav,1,native decoder bit marginal
audioseal,8,73,average,14623,16,0.5143800974,11,dataset/collusion_300/chinese/SSB0267/chinese_SSB0267_02.wav,,native decoder bit marginal
audioseal,8,74,single,39252,16,0.7540180087,14,dataset/collusion_300/chinese/SSB0267/chinese_SSB0267_03.wav,,native decoder bit marginal
audioseal,8,74,targeted,39284,16,0.5683999658,2,dataset/collusion_300/chinese/SSB0267/chinese_SSB0267_03.wav,1,native decoder bit marginal
audioseal,8,74,average,47903,16,0.5442416668,15,dataset/collusion_300/chinese/SSB0267/chinese_SSB0267_03.wav,,native decoder bit marginal
audioseal,8,75,single,52752,16,0.7165808976,12,dataset/collusion_300/chinese/SSB0273/chinese_SSB0273_01.wav,,native decoder bit marginal
audioseal,8,75,targeted,12664,16,0.5687953830,4,dataset/collusion_300/chinese/SSB0273/chinese_SSB0273_01.wav,1,native decoder bit marginal
audioseal,8,75,average,29794,16,0.5218312144,13,dataset/collusion_300/chinese/SSB0273/chinese_SSB0273_01.wav,,native decoder bit marginal
audioseal,8,76,single,25156,16,0.7093994021,13,dataset/collusion_300/chinese/SSB0273/chinese_SSB0273_02.wav,,native decoder bit marginal
audioseal,8,76,targeted,13989,16,0.6043505669,9,dataset/collusion_300/chinese/SSB0273/chinese_SSB0273_02.wav,1,native decoder bit marginal
audioseal,8,76,average,45853,16,0.5269359946,15,dataset/collusion_300/chinese/SSB0273/chinese_SSB0273_02.wav,,native decoder bit marginal
audioseal,8,77,single,13735,16,0.7076587677,14,dataset/collusion_300/chinese/SSB0273/chinese_SSB0273_03.wav,,native decoder bit marginal
audioseal,8,77,targeted,13543,16,0.6679981947,14,dataset/collusion_300/chinese/SSB0273/chinese_SSB0273_03.wav,2,native decoder bit marginal
audioseal,8,77,average,63757,16,0.5729091763,11,dataset/collusion_300/chinese/SSB0273/chinese_SSB0273_03.wav,,native decoder bit marginal
audioseal,8,78,single,22002,16,0.7269723415,4,dataset/collusion_300/chinese/SSB0287/chinese_SSB0287_01.wav,,native decoder bit marginal
audioseal,8,78,targeted,21874,16,0.6682895422,4,dataset/collusion_300/chinese/SSB0287/chinese_SSB0287_01.wav,1,native decoder bit marginal
audioseal,8,78,average,63893,16,0.5065063834,1,dataset/collusion_300/chinese/SSB0287/chinese_SSB0287_01.wav,,native decoder bit marginal
audioseal,8,79,single,31835,16,0.7081209421,8,dataset/collusion_300/chinese/SSB0287/chinese_SSB0287_02.wav,,native decoder bit marginal
audioseal,8,79,targeted,24650,16,0.5492759943,3,dataset/collusion_300/chinese/SSB0287/chinese_SSB0287_02.wav,3,native decoder bit marginal
audioseal,8,79,average,32997,16,0.5130562186,11,dataset/collusion_300/chinese/SSB0287/chinese_SSB0287_02.wav,,native decoder bit marginal
audioseal,8,80,single,16693,16,0.6754221320,15,dataset/collusion_300/chinese/SSB0287/chinese_SSB0287_03.wav,,native decoder bit marginal
audioseal,8,80,targeted,55733,16,0.5749698281,8,dataset/collusion_300/chinese/SSB0287/chinese_SSB0287_03.wav,1,native decoder bit marginal
audioseal,8,80,average,21666,16,0.5346878171,14,dataset/collusion_300/chinese/SSB0287/chinese_SSB0287_03.wav,,native decoder bit marginal
audioseal,8,81,single,2196,16,0.7240483761,8,dataset/collusion_300/chinese/SSB0288/chinese_SSB0288_01.wav,,native decoder bit marginal
audioseal,8,81,targeted,15168,16,0.6200834513,13,dataset/collusion_300/chinese/SSB0288/chinese_SSB0288_01.wav,2,native decoder bit marginal
audioseal,8,81,average,27456,16,0.5200516582,9,dataset/collusion_300/chinese/SSB0288/chinese_SSB0288_01.wav,,native decoder bit marginal
audioseal,8,82,single,47428,16,0.7144734561,3,dataset/collusion_300/chinese/SSB0288/chinese_SSB0288_02.wav,,native decoder bit marginal
audioseal,8,82,targeted,60002,16,0.5580084920,13,dataset/collusion_300/chinese/SSB0288/chinese_SSB0288_02.wav,3,native decoder bit marginal
audioseal,8,82,average,56416,16,0.5095016956,0,dataset/collusion_300/chinese/SSB0288/chinese_SSB0288_02.wav,,native decoder bit marginal
audioseal,8,83,single,52098,16,0.7257570326,12,dataset/collusion_300/chinese/SSB0288/chinese_SSB0288_03.wav,,native decoder bit marginal
audioseal,8,83,targeted,56930,16,0.6000108719,9,dataset/collusion_300/chinese/SSB0288/chinese_SSB0288_03.wav,8,native decoder bit marginal
audioseal,8,83,average,2144,16,0.5720361769,12,dataset/collusion_300/chinese/SSB0288/chinese_SSB0288_03.wav,,native decoder bit marginal
audioseal,8,84,single,41738,16,0.7186202109,14,dataset/collusion_300/chinese/SSB0299/chinese_SSB0299_01.wav,,native decoder bit marginal
audioseal,8,84,targeted,41866,16,0.5060006380,7,dataset/collusion_300/chinese/SSB0299/chinese_SSB0299_01.wav,1,native decoder bit marginal
audioseal,8,84,average,5216,16,0.5090145469,8,dataset/collusion_300/chinese/SSB0299/chinese_SSB0299_01.wav,,native decoder bit marginal
audioseal,8,85,single,19051,16,0.7013509870,12,dataset/collusion_300/chinese/SSB0299/chinese_SSB0299_02.wav,,native decoder bit marginal
audioseal,8,85,targeted,6827,16,0.5861068964,14,dataset/collusion_300/chinese/SSB0299/chinese_SSB0299_02.wav,1,native decoder bit marginal
audioseal,8,85,average,30892,16,0.5742181838,6,dataset/collusion_300/chinese/SSB0299/chinese_SSB0299_02.wav,,native decoder bit marginal
audioseal,8,86,single,65234,16,0.7039774656,13,dataset/collusion_300/chinese/SSB0299/chinese_SSB0299_03.wav,,native decoder bit marginal
audioseal,8,86,targeted,49602,16,0.5165744424,15,dataset/collusion_300/chinese/SSB0299/chinese_SSB0299_03.wav,2,native decoder bit marginal
audioseal,8,86,average,54500,16,0.5353362560,11,dataset/collusion_300/chinese/SSB0299/chinese_SSB0299_03.wav,,native decoder bit marginal
audioseal,8,87,single,16453,16,0.7125218511,12,dataset/collusion_300/chinese/SSB0307/chinese_SSB0307_01.wav,,native decoder bit marginal
audioseal,8,87,targeted,36304,16,0.5812546015,8,dataset/collusion_300/chinese/SSB0307/chinese_SSB0307_01.wav,3,native decoder bit marginal
audioseal,8,87,average,53344,16,0.5436533391,7,dataset/collusion_300/chinese/SSB0307/chinese_SSB0307_01.wav,,native decoder bit marginal
audioseal,8,88,single,43698,16,0.7051971853,14,dataset/collusion_300/chinese/SSB0307/chinese_SSB0307_02.wav,,native decoder bit marginal
audioseal,8,88,targeted,3941,16,0.5144281387,0,dataset/collusion_300/chinese/SSB0307/chinese_SSB0307_02.wav,1,native decoder bit marginal
audioseal,8,88,average,55329,16,0.5004286766,10,dataset/collusion_300/chinese/SSB0307/chinese_SSB0307_02.wav,,native decoder bit marginal
audioseal,8,89,single,25205,16,0.7064537704,15,dataset/collusion_300/chinese/SSB0307/chinese_SSB0307_03.wav,,native decoder bit marginal
audioseal,8,89,targeted,55467,16,0.6535516381,5,dataset/collusion_300/chinese/SSB0307/chinese_SSB0307_03.wav,3,native decoder bit marginal
audioseal,8,89,average,19552,16,0.5433773100,12,dataset/collusion_300/chinese/SSB0307/chinese_SSB0307_03.wav,,native decoder bit marginal
audioseal,8,90,single,42168,16,0.7221941352,8,dataset/collusion_300/chinese/SSB0309/chinese_SSB0309_01.wav,,native decoder bit marginal
audioseal,8,90,targeted,46634,16,0.7009614706,13,dataset/collusion_300/chinese/SSB0309/chinese_SSB0309_01.wav,1,native decoder bit marginal
audioseal,8,90,average,13493,16,0.5266963243,7,dataset/collusion_300/chinese/SSB0309/chinese_SSB0309_01.wav,,native decoder bit marginal
audioseal,8,91,single,44170,16,0.7026037574,8,dataset/collusion_300/chinese/SSB0309/chinese_SSB0309_02.wav,,native decoder bit marginal
audioseal,8,91,targeted,41098,16,0.6596144140,8,dataset/collusion_300/chinese/SSB0309/chinese_SSB0309_02.wav,1,native decoder bit marginal
audioseal,8,91,average,40981,16,0.5305590630,12,dataset/collusion_300/chinese/SSB0309/chinese_SSB0309_02.wav,,native decoder bit marginal
audioseal,8,92,single,35761,16,0.6884883642,5,dataset/collusion_300/chinese/SSB0309/chinese_SSB0309_03.wav,,native decoder bit marginal
audioseal,8,92,targeted,31922,16,0.6070861220,4,dataset/collusion_300/chinese/SSB0309/chinese_SSB0309_03.wav,1,native decoder bit marginal
audioseal,8,92,average,2893,16,0.5489858985,9,dataset/collusion_300/chinese/SSB0309/chinese_SSB0309_03.wav,,native decoder bit marginal
audioseal,8,93,single,23525,16,0.6950097084,5,dataset/collusion_300/chinese/SSB0315/chinese_SSB0315_01.wav,,native decoder bit marginal
audioseal,8,93,targeted,21344,16,0.6269741654,11,dataset/collusion_300/chinese/SSB0315/chinese_SSB0315_01.wav,1,native decoder bit marginal
audioseal,8,93,average,7286,16,0.5773820877,2,dataset/collusion_300/chinese/SSB0315/chinese_SSB0315_01.wav,,native decoder bit marginal
audioseal,8,94,single,38434,16,0.7115048170,14,dataset/collusion_300/chinese/SSB0315/chinese_SSB0315_02.wav,,native decoder bit marginal
audioseal,8,94,targeted,21674,16,0.6026663184,3,dataset/collusion_300/chinese/SSB0315/chinese_SSB0315_02.wav,3,native decoder bit marginal
audioseal,8,94,average,6752,16,0.6150929928,14,dataset/collusion_300/chinese/SSB0315/chinese_SSB0315_02.wav,,native decoder bit marginal
audioseal,8,95,single,10644,16,0.7313786447,12,dataset/collusion_300/chinese/SSB0315/chinese_SSB0315_03.wav,,native decoder bit marginal
audioseal,8,95,targeted,43796,16,0.6434066594,6,dataset/collusion_300/chinese/SSB0315/chinese_SSB0315_03.wav,1,native decoder bit marginal
audioseal,8,95,average,31645,16,0.5657870770,7,dataset/collusion_300/chinese/SSB0315/chinese_SSB0315_03.wav,,native decoder bit marginal
audioseal,8,96,single,43889,16,0.7173874378,12,dataset/collusion_300/chinese/SSB0316/chinese_SSB0316_01.wav,,native decoder bit marginal
audioseal,8,96,targeted,28754,16,0.6528513432,13,dataset/collusion_300/chinese/SSB0316/chinese_SSB0316_01.wav,1,native decoder bit marginal
audioseal,8,96,average,45325,16,0.5194523931,2,dataset/collusion_300/chinese/SSB0316/chinese_SSB0316_01.wav,,native decoder bit marginal
audioseal,8,97,single,31157,16,0.7028007209,15,dataset/collusion_300/chinese/SSB0316/chinese_SSB0316_02.wav,,native decoder bit marginal
audioseal,8,97,targeted,31156,16,0.7035632133,7,dataset/collusion_300/chinese/SSB0316/chinese_SSB0316_02.wav,1,native decoder bit marginal
audioseal,8,97,average,28949,16,0.5110232234,2,dataset/collusion_300/chinese/SSB0316/chinese_SSB0316_02.wav,,native decoder bit marginal
audioseal,8,98,single,62491,16,0.7033151090,8,dataset/collusion_300/chinese/SSB0316/chinese_SSB0316_03.wav,,native decoder bit marginal
audioseal,8,98,targeted,27921,16,0.6141188145,0,dataset/collusion_300/chinese/SSB0316/chinese_SSB0316_03.wav,1,native decoder bit marginal
audioseal,8,98,average,2144,16,0.5180339813,15,dataset/collusion_300/chinese/SSB0316/chinese_SSB0316_03.wav,,native decoder bit marginal
audioseal,8,99,single,24408,16,0.7229070067,10,dataset/collusion_300/chinese/SSB0323/chinese_SSB0323_01.wav,,native decoder bit marginal
audioseal,8,99,targeted,35924,16,0.6161472201,5,dataset/collusion_300/chinese/SSB0323/chinese_SSB0323_01.wav,1,native decoder bit marginal
audioseal,8,99,average,19552,16,0.5842145383,7,dataset/collusion_300/chinese/SSB0323/chinese_SSB0323_01.wav,,native decoder bit marginal
audioseal,8,100,single,30968,16,0.7146964967,8,dataset/collusion_300/chinese/SSB0323/chinese_SSB0323_02.wav,,native decoder bit marginal
audioseal,8,100,targeted,15188,16,0.6197813749,6,dataset/collusion_300/chinese/SSB0323/chinese_SSB0323_02.wav,1,native decoder bit marginal
audioseal,8,100,average,23648,16,0.5344131589,14,dataset/collusion_300/chinese/SSB0323/chinese_SSB0323_02.wav,,native decoder bit marginal
audioseal,8,101,single,58490,16,0.7049511075,13,dataset/collusion_300/chinese/SSB0323/chinese_SSB0323_03.wav,,native decoder bit marginal
audioseal,8,101,targeted,49338,16,0.5447310805,3,dataset/collusion_300/chinese/SSB0323/chinese_SSB0323_03.wav,1,native decoder bit marginal
audioseal,8,101,average,57652,16,0.5393181145,11,dataset/collusion_300/chinese/SSB0323/chinese_SSB0323_03.wav,,native decoder bit marginal
audioseal,8,102,single,48690,16,0.7220516801,14,dataset/collusion_300/chinese/SSB0338/chinese_SSB0338_01.wav,,native decoder bit marginal
audioseal,8,102,targeted,44564,16,0.6008663177,10,dataset/collusion_300/chinese/SSB0338/chinese_SSB0338_01.wav,1,native decoder bit marginal
audioseal,8,102,average,45589,16,0.5315502584,10,dataset/collusion_300/chinese/SSB0338/chinese_SSB0338_01.wav,,native decoder bit marginal
audioseal,8,103,single,25172,16,0.7210441232,8,dataset/collusion_300/chinese/SSB0338/chinese_SSB0338_02.wav,,native decoder bit marginal
audioseal,8,103,targeted,12914,16,0.5504078865,9,dataset/collusion_300/chinese/SSB0338/chinese_SSB0338_02.wav,1,native decoder bit marginal
audioseal,8,103,average,29796,16,0.5088909566,1,dataset/collusion_300/chinese/SSB0338/chinese_SSB0338_02.wav,,native decoder bit marginal
audioseal,8,104,single,51696,16,0.7171971202,5,dataset/collusion_300/chinese/SSB0338/chinese_SSB0338_03.wav,,native decoder bit marginal
audioseal,8,104,targeted,36608,16,0.6058664024,5,dataset/collusion_300/chinese/SSB0338/chinese_SSB0338_03.wav,1,native decoder bit marginal
audioseal,8,104,average,23650,16,0.5601719022,11,dataset/collusion_300/chinese/SSB0338/chinese_SSB0338_03.wav,,native decoder bit marginal
audioseal,8,105,single,42373,16,0.7204581201,3,dataset/collusion_300/chinese/SSB0339/chinese_SSB0339_01.wav,,native decoder bit marginal
audioseal,8,105,targeted,46120,16,0.6419923902,13,dataset/collusion_300/chinese/SSB0339/chinese_SSB0339_01.wav,5,native decoder bit marginal
audioseal,8,105,average,61518,16,0.5738239884,1,dataset/collusion_300/chinese/SSB0339/chinese_SSB0339_01.wav,,native decoder bit marginal
audioseal,8,106,single,37218,16,0.7270475328,11,dataset/collusion_300/chinese/SSB0339/chinese_SSB0339_02.wav,,native decoder bit marginal
audioseal,8,106,targeted,38242,16,0.6401923001,14,dataset/collusion_300/chinese/SSB0339/chinese_SSB0339_02.wav,1,native decoder bit marginal
audioseal,8,106,average,23648,16,0.5019136965,1,dataset/collusion_300/chinese/SSB0339/chinese_SSB0339_02.wav,,native decoder bit marginal
audioseal,8,107,single,8714,16,0.7110019326,14,dataset/collusion_300/chinese/SSB0339/chinese_SSB0339_03.wav,,native decoder bit marginal
audioseal,8,107,targeted,31093,16,0.6531955600,6,dataset/collusion_300/chinese/SSB0339/chinese_SSB0339_03.wav,2,native decoder bit marginal
audioseal,8,107,average,7268,16,0.5951570570,3,dataset/collusion_300/chinese/SSB0339/chinese_SSB0339_03.wav,,native decoder bit marginal
audioseal,8,108,single,29633,16,0.7099989653,13,dataset/collusion_300/chinese/SSB0341/chinese_SSB0341_01.wav,,native decoder bit marginal
audioseal,8,108,targeted,5265,16,0.5005781054,7,dataset/collusion_300/chinese/SSB0341/chinese_SSB0341_01.wav,1,native decoder bit marginal
audioseal,8,108,average,17504,16,0.5419992507,11,dataset/collusion_300/chinese/SSB0341/chinese_SSB0341_01.wav,,native decoder bit marginal
audioseal,8,109,single,58164,16,0.7077719867,12,dataset/collusion_300/chinese/SSB0341/chinese_SSB0341_02.wav,,native decoder bit marginal
audioseal,8,109,targeted,49968,16,0.6704205871,13,dataset/collusion_300/chinese/SSB0341/chinese_SSB0341_02.wav,1,native decoder bit marginal
audioseal,8,109,average,62567,16,0.5188798010,8,dataset/collusion_300/chinese/SSB0341/chinese_SSB0341_02.wav,,native decoder bit marginal
audioseal,8,110,single,38392,16,0.7039375603,14,dataset/collusion_300/chinese/SSB0341/chinese_SSB0341_03.wav,,native decoder bit marginal
audioseal,8,110,targeted,13720,16,0.5500581264,10,dataset/collusion_300/chinese/SSB0341/chinese_SSB0341_03.wav,1,native decoder bit marginal
audioseal,8,110,average,23796,16,0.5178481638,0,dataset/collusion_300/chinese/SSB0341/chinese_SSB0341_03.wav,,native decoder bit marginal
audioseal,8,111,single,44632,16,0.6955927610,8,dataset/collusion_300/chinese/SSB0342/chinese_SSB0342_01.wav,,native decoder bit marginal
audioseal,8,111,targeted,48986,16,0.5408751965,15,dataset/collusion_300/chinese/SSB0342/chinese_SSB0342_01.wav,2,native decoder bit marginal
audioseal,8,111,average,23648,16,0.5088580549,13,dataset/collusion_300/chinese/SSB0342/chinese_SSB0342_01.wav,,native decoder bit marginal
audioseal,8,112,single,59108,16,0.7026225924,13,dataset/collusion_300/chinese/SSB0342/chinese_SSB0342_02.wav,,native decoder bit marginal
audioseal,8,112,targeted,45610,16,0.5444137752,11,dataset/collusion_300/chinese/SSB0342/chinese_SSB0342_02.wav,1,native decoder bit marginal
audioseal,8,112,average,24032,16,0.5050260425,8,dataset/collusion_300/chinese/SSB0342/chinese_SSB0342_02.wav,,native decoder bit marginal
audioseal,8,113,single,14500,16,0.7320787311,7,dataset/collusion_300/chinese/SSB0342/chinese_SSB0342_03.wav,,native decoder bit marginal
audioseal,8,113,targeted,10820,16,0.5680324435,12,dataset/collusion_300/chinese/SSB0342/chinese_SSB0342_03.wav,3,native decoder bit marginal
audioseal,8,113,average,21730,16,0.5026932657,11,dataset/collusion_300/chinese/SSB0342/chinese_SSB0342_03.wav,,native decoder bit marginal
audioseal,8,114,single,55975,16,0.7012342811,5,dataset/collusion_300/chinese/SSB0354/chinese_SSB0354_01.wav,,native decoder bit marginal
audioseal,8,114,targeted,8042,16,0.6958795488,14,dataset/collusion_300/chinese/SSB0354/chinese_SSB0354_01.wav,1,native decoder bit marginal
audioseal,8,114,average,21540,16,0.5268226266,2,dataset/collusion_300/chinese/SSB0354/chinese_SSB0354_01.wav,,native decoder bit marginal
audioseal,8,115,single,4564,16,0.7285592258,14,dataset/collusion_300/chinese/SSB0354/chinese_SSB0354_02.wav,,native decoder bit marginal
audioseal,8,115,targeted,12914,16,0.6182795763,9,dataset/collusion_300/chinese/SSB0354/chinese_SSB0354_02.wav,2,native decoder bit marginal
audioseal,8,115,average,22630,16,0.5839051902,7,dataset/collusion_300/chinese/SSB0354/chinese_SSB0354_02.wav,,native decoder bit marginal
audioseal,8,116,single,2760,16,0.7100085914,12,dataset/collusion_300/chinese/SSB0354/chinese_SSB0354_03.wav,,native decoder bit marginal
audioseal,8,116,targeted,31264,16,0.5679958463,9,dataset/collusion_300/chinese/SSB0354/chinese_SSB0354_03.wav,3,native decoder bit marginal
audioseal,8,116,average,21457,16,0.5343465507,11,dataset/collusion_300/chinese/SSB0354/chinese_SSB0354_03.wav,,native decoder bit marginal
audioseal,8,117,single,55242,16,0.7205064893,9,dataset/collusion_300/chinese/SSB0366/chinese_SSB0366_01.wav,,native decoder bit marginal
audioseal,8,117,targeted,753,16,0.5227380991,9,dataset/collusion_300/chinese/SSB0366/chinese_SSB0366_01.wav,1,native decoder bit marginal
audioseal,8,117,average,54498,16,0.5451598763,15,dataset/collusion_300/chinese/SSB0366/chinese_SSB0366_01.wav,,native decoder bit marginal
audioseal,8,118,single,65425,16,0.6261533499,10,dataset/collusion_300/chinese/SSB0366/chinese_SSB0366_02.wav,,native decoder bit marginal
audioseal,8,118,targeted,56816,16,0.5423963070,8,dataset/collusion_300/chinese/SSB0366/chinese_SSB0366_02.wav,3,native decoder bit marginal
audioseal,8,118,average,23794,16,0.5701531172,4,dataset/collusion_300/chinese/SSB0366/chinese_SSB0366_02.wav,,native decoder bit marginal
audioseal,8,119,single,57780,16,0.7088921070,12,dataset/collusion_300/chinese/SSB0366/chinese_SSB0366_03.wav,,native decoder bit marginal
audioseal,8,119,targeted,4408,16,0.6814736128,15,dataset/collusion_300/chinese/SSB0366/chinese_SSB0366_03.wav,1,native decoder bit marginal
audioseal,8,119,average,41229,16,0.5043662488,11,dataset/collusion_300/chinese/SSB0366/chinese_SSB0366_03.wav,,native decoder bit marginal
audioseal,8,120,single,11416,16,0.6979427040,8,dataset/collusion_300/chinese/SSB0375/chinese_SSB0375_01.wav,,native decoder bit marginal
audioseal,8,120,targeted,46232,16,0.5697038174,3,dataset/collusion_300/chinese/SSB0375/chinese_SSB0375_01.wav,5,native decoder bit marginal
audioseal,8,120,average,63767,16,0.5372793078,11,dataset/collusion_300/chinese/SSB0375/chinese_SSB0375_01.wav,,native decoder bit marginal
audioseal,8,121,single,65210,16,0.6995896101,13,dataset/collusion_300/chinese/SSB0375/chinese_SSB0375_02.wav,,native decoder bit marginal
audioseal,8,121,targeted,8417,16,0.6824853122,8,dataset/collusion_300/chinese/SSB0375/chinese_SSB0375_02.wav,1,native decoder bit marginal
audioseal,8,121,average,11286,16,0.5082629025,14,dataset/collusion_300/chinese/SSB0375/chinese_SSB0375_02.wav,,native decoder bit marginal
audioseal,8,122,single,40058,16,0.7244404256,8,dataset/collusion_300/chinese/SSB0375/chinese_SSB0375_03.wav,,native decoder bit marginal
audioseal,8,122,targeted,58290,16,0.5972307920,12,dataset/collusion_300/chinese/SSB0375/chinese_SSB0375_03.wav,2,native decoder bit marginal
audioseal,8,122,average,13670,16,0.5063320398,8,dataset/collusion_300/chinese/SSB0375/chinese_SSB0375_03.wav,,native decoder bit marginal
audioseal,8,123,single,26850,16,0.6891832948,13,dataset/collusion_300/chinese/SSB0379/chinese_SSB0379_01.wav,,native decoder bit marginal
audioseal,8,123,targeted,8385,16,0.5928586423,12,dataset/collusion_300/chinese/SSB0379/chinese_SSB0379_01.wav,1,native decoder bit marginal
audioseal,8,123,average,4320,16,0.6044650078,7,dataset/collusion_300/chinese/SSB0379/chinese_SSB0379_01.wav,,native decoder bit marginal
audioseal,8,124,single,57000,16,0.7313472033,8,dataset/collusion_300/chinese/SSB0379/chinese_SSB0379_02.wav,,native decoder bit marginal
audioseal,8,124,targeted,49602,16,0.5663995147,7,dataset/collusion_300/chinese/SSB0379/chinese_SSB0379_02.wav,3,native decoder bit marginal
audioseal,8,124,average,39298,16,0.5689250529,9,dataset/collusion_300/chinese/SSB0379/chinese_SSB0379_02.wav,,native decoder bit marginal
audioseal,8,125,single,10785,16,0.7180719078,12,dataset/collusion_300/chinese/SSB0379/chinese_SSB0379_03.wav,,native decoder bit marginal
audioseal,8,125,targeted,27140,16,0.5290366411,12,dataset/collusion_300/chinese/SSB0379/chinese_SSB0379_03.wav,1,native decoder bit marginal
audioseal,8,125,average,45981,16,0.5872581601,7,dataset/collusion_300/chinese/SSB0379/chinese_SSB0379_03.wav,,native decoder bit marginal
audioseal,8,126,single,241,16,0.7116808295,12,dataset/collusion_300/chinese/SSB0380/chinese_SSB0380_01.wav,,native decoder bit marginal
audioseal,8,126,targeted,96,16,0.6697525978,12,dataset/collusion_300/chinese/SSB0380/chinese_SSB0380_01.wav,1,native decoder bit marginal
audioseal,8,126,average,61719,16,0.5121309757,14,dataset/collusion_300/chinese/SSB0380/chinese_SSB0380_01.wav,,native decoder bit marginal
audioseal,8,127,single,41200,16,0.7171173692,12,dataset/collusion_300/chinese/SSB0380/chinese_SSB0380_02.wav,,native decoder bit marginal
audioseal,8,127,targeted,28024,16,0.5238686800,4,dataset/collusion_300/chinese/SSB0380/chinese_SSB0380_02.wav,4,native decoder bit marginal
audioseal,8,127,average,19552,16,0.5096600056,12,dataset/collusion_300/chinese/SSB0380/chinese_SSB0380_02.wav,,native decoder bit marginal
audioseal,8,128,single,48114,16,0.7050585747,13,dataset/collusion_300/chinese/SSB0380/chinese_SSB0380_03.wav,,native decoder bit marginal
audioseal,8,128,targeted,43250,16,0.6463931203,13,dataset/collusion_300/chinese/SSB0380/chinese_SSB0380_03.wav,1,native decoder bit marginal
audioseal,8,128,average,21730,16,0.6527262330,7,dataset/collusion_300/chinese/SSB0380/chinese_SSB0380_03.wav,,native decoder bit marginal
audioseal,8,129,single,23652,16,0.7506633103,15,dataset/collusion_300/chinese/SSB0382/chinese_SSB0382_01.wav,,native decoder bit marginal
audioseal,8,129,targeted,23910,16,0.5524833798,1,dataset/collusion_300/chinese/SSB0382/chinese_SSB0382_01.wav,7,native decoder bit marginal
audioseal,8,129,average,23648,16,0.5398995876,4,dataset/collusion_300/chinese/SSB0382/chinese_SSB0382_01.wav,,native decoder bit marginal
audioseal,8,130,single,32933,16,0.6975564063,12,dataset/collusion_300/chinese/SSB0382/chinese_SSB0382_02.wav,,native decoder bit marginal
audioseal,8,130,targeted,61482,16,0.5127233863,3,dataset/collusion_300/chinese/SSB0382/chinese_SSB0382_02.wav,2,native decoder bit marginal
audioseal,8,130,average,48014,16,0.5254323483,9,dataset/collusion_300/chinese/SSB0382/chinese_SSB0382_02.wav,,native decoder bit marginal
audioseal,8,131,single,10448,16,0.7167491019,8,dataset/collusion_300/chinese/SSB0382/chinese_SSB0382_03.wav,,native decoder bit marginal
audioseal,8,131,targeted,1396,16,0.6847161353,15,dataset/collusion_300/chinese/SSB0382/chinese_SSB0382_03.wav,1,native decoder bit marginal
audioseal,8,131,average,5222,16,0.5137893558,2,dataset/collusion_300/chinese/SSB0382/chinese_SSB0382_03.wav,,native decoder bit marginal
audioseal,8,132,single,22795,16,0.7452335954,9,dataset/collusion_300/chinese/SSB0385/chinese_SSB0385_01.wav,,native decoder bit marginal
audioseal,8,132,targeted,22859,16,0.5529295206,13,dataset/collusion_300/chinese/SSB0385/chinese_SSB0385_01.wav,1,native decoder bit marginal
audioseal,8,132,average,47903,16,0.5483608842,9,dataset/collusion_300/chinese/SSB0385/chinese_SSB0385_01.wav,,native decoder bit marginal
audioseal,8,133,single,27690,16,0.7096221149,12,dataset/collusion_300/chinese/SSB0385/chinese_SSB0385_02.wav,,native decoder bit marginal
audioseal,8,133,targeted,16088,16,0.5196706653,3,dataset/collusion_300/chinese/SSB0385/chinese_SSB0385_02.wav,2,native decoder bit marginal
audioseal,8,133,average,31798,16,0.5032020807,12,dataset/collusion_300/chinese/SSB0385/chinese_SSB0385_02.wav,,native decoder bit marginal
audioseal,8,134,single,24917,16,0.6938259304,15,dataset/collusion_300/chinese/SSB0385/chinese_SSB0385_03.wav,,native decoder bit marginal
audioseal,8,134,targeted,41301,16,0.5217506588,12,dataset/collusion_300/chinese/SSB0385/chinese_SSB0385_03.wav,1,native decoder bit marginal
audioseal,8,134,average,45339,16,0.5275744796,3,dataset/collusion_300/chinese/SSB0385/chinese_SSB0385_03.wav,,native decoder bit marginal
audioseal,8,135,single,30417,16,0.7012500167,13,dataset/collusion_300/chinese/SSB0393/chinese_SSB0393_01.wav,,native decoder bit marginal
audioseal,8,135,targeted,41408,16,0.6579488516,14,dataset/collusion_300/chinese/SSB0393/chinese_SSB0393_01.wav,2,native decoder bit marginal
audioseal,8,135,average,47575,16,0.5031603575,15,dataset/collusion_300/chinese/SSB0393/chinese_SSB0393_01.wav,,native decoder bit marginal
audioseal,8,136,single,56184,16,0.7188430429,5,dataset/collusion_300/chinese/SSB0393/chinese_SSB0393_02.wav,,native decoder bit marginal
audioseal,8,136,targeted,59754,16,0.6097137928,3,dataset/collusion_300/chinese/SSB0393/chinese_SSB0393_02.wav,2,native decoder bit marginal
audioseal,8,136,average,5223,16,0.5006279945,0,dataset/collusion_300/chinese/SSB0393/chinese_SSB0393_02.wav,,native decoder bit marginal
audioseal,8,137,single,47642,16,0.7023764849,8,dataset/collusion_300/chinese/SSB0393/chinese_SSB0393_03.wav,,native decoder bit marginal
audioseal,8,137,targeted,7381,16,0.6454544663,15,dataset/collusion_300/chinese/SSB0393/chinese_SSB0393_03.wav,4,native decoder bit marginal
audioseal,8,137,average,64085,16,0.5457329452,1,dataset/collusion_300/chinese/SSB0393/chinese_SSB0393_03.wav,,native decoder bit marginal
audioseal,8,138,single,64746,16,0.6790221334,13,dataset/collusion_300/chinese/SSB0394/chinese_SSB0394_01.wav,,native decoder bit marginal
audioseal,8,138,targeted,57186,16,0.5103194118,8,dataset/collusion_300/chinese/SSB0394/chinese_SSB0394_01.wav,1,native decoder bit marginal
audioseal,8,138,average,50276,16,0.5252888203,2,dataset/collusion_300/chinese/SSB0394/chinese_SSB0394_01.wav,,native decoder bit marginal
audioseal,8,139,single,8536,16,0.7319413424,14,dataset/collusion_300/chinese/SSB0394/chinese_SSB0394_02.wav,,native decoder bit marginal
audioseal,8,139,targeted,26096,16,0.5069839358,7,dataset/collusion_300/chinese/SSB0394/chinese_SSB0394_02.wav,4,native decoder bit marginal
audioseal,8,139,average,47957,16,0.5541875362,9,dataset/collusion_300/chinese/SSB0394/chinese_SSB0394_02.wav,,native decoder bit marginal
audioseal,8,140,single,45332,16,0.7268715203,14,dataset/collusion_300/chinese/SSB0394/chinese_SSB0394_03.wav,,native decoder bit marginal
audioseal,8,140,targeted,7056,16,0.6631270647,9,dataset/collusion_300/chinese/SSB0394/chinese_SSB0394_03.wav,1,native decoder bit marginal
audioseal,8,140,average,5228,16,0.6690245271,2,dataset/collusion_300/chinese/SSB0394/chinese_SSB0394_03.wav,,native decoder bit marginal
audioseal,8,141,single,44632,16,0.6914299428,8,dataset/collusion_300/chinese/SSB0395/chinese_SSB0395_01.wav,,native decoder bit marginal
audioseal,8,141,targeted,34388,16,0.5354546309,14,dataset/collusion_300/chinese/SSB0395/chinese_SSB0395_01.wav,4,native decoder bit marginal
audioseal,8,141,average,17506,16,0.5281632543,15,dataset/collusion_300/chinese/SSB0395/chinese_SSB0395_01.wav,,native decoder bit marginal
audioseal,8,142,single,11784,16,0.7119036913,8,dataset/collusion_300/chinese/SSB0395/chinese_SSB0395_02.wav,,native decoder bit marginal
audioseal,8,142,targeted,24672,16,0.6374216974,12,dataset/collusion_300/chinese/SSB0395/chinese_SSB0395_02.wav,2,native decoder bit marginal
audioseal,8,142,average,20000,16,0.5302436352,9,dataset/collusion_300/chinese/SSB0395/chinese_SSB0395_02.wav,,native decoder bit marginal
audioseal,8,143,single,15412,16,0.7280859351,14,dataset/collusion_300/chinese/SSB0395/chinese_SSB0395_03.wav,,native decoder bit marginal
audioseal,8,143,targeted,59280,16,0.5133247375,10,dataset/collusion_300/chinese/SSB0395/chinese_SSB0395_03.wav,1,native decoder bit marginal
audioseal,8,143,average,63375,16,0.5021892190,1,dataset/collusion_300/chinese/SSB0395/chinese_SSB0395_03.wav,,native decoder bit marginal
audioseal,8,144,single,28331,16,0.7088301778,12,dataset/collusion_300/chinese/SSB0407/chinese_SSB0407_01.wav,,native decoder bit marginal
audioseal,8,144,targeted,3124,16,0.5630080402,6,dataset/collusion_300/chinese/SSB0407/chinese_SSB0407_01.wav,4,native decoder bit marginal
audioseal,8,144,average,15526,16,0.5077240765,3,dataset/collusion_300/chinese/SSB0407/chinese_SSB0407_01.wav,,native decoder bit marginal
audioseal,8,145,single,8968,16,0.7184918821,11,dataset/collusion_300/chinese/SSB0407/chinese_SSB0407_02.wav,,native decoder bit marginal
audioseal,8,145,targeted,26596,16,0.6596926451,7,dataset/collusion_300/chinese/SSB0407/chinese_SSB0407_02.wav,3,native decoder bit marginal
audioseal,8,145,average,43293,16,0.5234187245,11,dataset/collusion_300/chinese/SSB0407/chinese_SSB0407_02.wav,,native decoder bit marginal
audioseal,8,146,single,47185,16,0.7165114582,8,dataset/collusion_300/chinese/SSB0407/chinese_SSB0407_03.wav,,native decoder bit marginal
audioseal,8,146,targeted,17162,16,0.5590348840,3,dataset/collusion_300/chinese/SSB0407/chinese_SSB0407_03.wav,2,native decoder bit marginal
audioseal,8,146,average,64285,16,0.5255149007,8,dataset/collusion_300/chinese/SSB0407/chinese_SSB0407_03.wav,,native decoder bit marginal
audioseal,8,147,single,57457,16,0.7074328661,12,dataset/collusion_300/chinese/SSB0415/chinese_SSB0415_01.wav,,native decoder bit marginal
audioseal,8,147,targeted,35429,16,0.6403921545,13,dataset/collusion_300/chinese/SSB0415/chinese_SSB0415_01.wav,1,native decoder bit marginal
audioseal,8,147,average,43807,16,0.5487122536,4,dataset/collusion_300/chinese/SSB0415/chinese_SSB0415_01.wav,,native decoder bit marginal
audioseal,8,148,single,59640,16,0.7130832374,8,dataset/collusion_300/chinese/SSB0415/chinese_SSB0415_02.wav,,native decoder bit marginal
audioseal,8,148,targeted,3264,16,0.5448521972,5,dataset/collusion_300/chinese/SSB0415/chinese_SSB0415_02.wav,2,native decoder bit marginal
audioseal,8,148,average,28957,16,0.5655222833,15,dataset/collusion_300/chinese/SSB0415/chinese_SSB0415_02.wav,,native decoder bit marginal
audioseal,8,149,single,11928,16,0.6964946687,8,dataset/collusion_300/chinese/SSB0415/chinese_SSB0415_03.wav,,native decoder bit marginal
audioseal,8,149,targeted,14848,16,0.7065581083,13,dataset/collusion_300/chinese/SSB0415/chinese_SSB0415_03.wav,1,native decoder bit marginal
audioseal,8,149,average,31776,16,0.5064298213,1,dataset/collusion_300/chinese/SSB0415/chinese_SSB0415_03.wav,,native decoder bit marginal
audioseal,8,150,single,50032,16,0.6993859112,12,dataset/collusion_300/english/103/english_103_01.wav,,native decoder bit marginal
audioseal,8,150,targeted,21168,16,0.6887728572,15,dataset/collusion_300/english/103/english_103_01.wav,1,native decoder bit marginal
audioseal,8,150,average,22578,16,0.5019858479,11,dataset/collusion_300/english/103/english_103_01.wav,,native decoder bit marginal
audioseal,8,151,single,43076,16,0.7131323218,3,dataset/collusion_300/english/103/english_103_02.wav,,native decoder bit marginal
audioseal,8,151,targeted,21794,16,0.6468417048,8,dataset/collusion_300/english/103/english_103_02.wav,2,native decoder bit marginal
audioseal,8,151,average,21858,16,0.5435521603,8,dataset/collusion_300/english/103/english_103_02.wav,,native decoder bit marginal
audioseal,8,152,single,41912,16,0.7167970538,14,dataset/collusion_300/english/103/english_103_03.wav,,native decoder bit marginal
audioseal,8,152,targeted,33688,16,0.6741726995,14,dataset/collusion_300/english/103/english_103_03.wav,1,native decoder bit marginal
audioseal,8,152,average,45965,16,0.5480896235,14,dataset/collusion_300/english/103/english_103_03.wav,,native decoder bit marginal
audioseal,8,153,single,12993,16,0.7291186452,13,dataset/collusion_300/english/1034/english_1034_01.wav,,native decoder bit marginal
audioseal,8,153,targeted,17364,16,0.5284467936,11,dataset/collusion_300/english/1034/english_1034_01.wav,4,native decoder bit marginal
audioseal,8,153,average,15460,16,0.5724533796,13,dataset/collusion_300/english/1034/english_1034_01.wav,,native decoder bit marginal
audioseal,8,154,single,56292,16,0.7395878434,7,dataset/collusion_300/english/1034/english_1034_02.wav,,native decoder bit marginal
audioseal,8,154,targeted,5076,16,0.5481740236,4,dataset/collusion_300/english/1034/english_1034_02.wav,1,native decoder bit marginal
audioseal,8,154,average,5346,16,0.5011345446,15,dataset/collusion_300/english/1034/english_1034_02.wav,,native decoder bit marginal
audioseal,8,155,single,21682,16,0.7450492084,8,dataset/collusion_300/english/1034/english_1034_03.wav,,native decoder bit marginal
audioseal,8,155,targeted,49242,16,0.6635788679,11,dataset/collusion_300/english/1034/english_1034_03.wav,1,native decoder bit marginal
audioseal,8,155,average,24300,16,0.5148456097,12,dataset/collusion_300/english/1034/english_1034_03.wav,,native decoder bit marginal
audioseal,8,156,single,44513,16,0.6879432201,14,dataset/collusion_300/english/1040/english_1040_01.wav,,native decoder bit marginal
audioseal,8,156,targeted,39696,16,0.6174529195,13,dataset/collusion_300/english/1040/english_1040_01.wav,2,native decoder bit marginal
audioseal,8,156,average,62303,16,0.5277564228,7,dataset/collusion_300/english/1040/english_1040_01.wav,,native decoder bit marginal
audioseal,8,157,single,19291,16,0.7179582715,12,dataset/collusion_300/english/1040/english_1040_02.wav,,native decoder bit marginal
audioseal,8,157,targeted,23379,16,0.6622675061,13,dataset/collusion_300/english/1040/english_1040_02.wav,3,native decoder bit marginal
audioseal,8,157,average,52322,16,0.5476230979,15,dataset/collusion_300/english/1040/english_1040_02.wav,,native decoder bit marginal
audioseal,8,158,single,43282,16,0.7116036117,14,dataset/collusion_300/english/1040/english_1040_03.wav,,native decoder bit marginal
audioseal,8,158,targeted,8465,16,0.6539721787,15,dataset/collusion_300/english/1040/english_1040_03.wav,1,native decoder bit marginal
audioseal,8,158,average,55520,16,0.5246198177,8,dataset/collusion_300/english/1040/english_1040_03.wav,,native decoder bit marginal
audioseal,8,159,single,63941,16,0.7131068408,3,dataset/collusion_300/english/1069/english_1069_01.wav,,native decoder bit marginal
audioseal,8,159,targeted,41493,16,0.6954151690,12,dataset/collusion_300/english/1069/english_1069_01.wav,1,native decoder bit marginal
audioseal,8,159,average,61723,16,0.5047480166,2,dataset/collusion_300/english/1069/english_1069_01.wav,,native decoder bit marginal
audioseal,8,160,single,63572,16,0.7166249454,8,dataset/collusion_300/english/1069/english_1069_02.wav,,native decoder bit marginal
audioseal,8,160,targeted,63508,16,0.6846033931,8,dataset/collusion_300/english/1069/english_1069_02.wav,1,native decoder bit marginal
audioseal,8,160,average,14623,16,0.6262264252,15,dataset/collusion_300/english/1069/english_1069_02.wav,,native decoder bit marginal
audioseal,8,161,single,61112,16,0.7128574550,8,dataset/collusion_300/english/1069/english_1069_03.wav,,native decoder bit marginal
audioseal,8,161,targeted,35858,16,0.7025940120,12,dataset/collusion_300/english/1069/english_1069_03.wav,1,native decoder bit marginal
audioseal,8,161,average,51376,16,0.5536810756,14,dataset/collusion_300/english/1069/english_1069_03.wav,,native decoder bit marginal
audioseal,8,162,single,5816,16,0.7274823487,8,dataset/collusion_300/english/1081/english_1081_01.wav,,native decoder bit marginal
audioseal,8,162,targeted,16522,16,0.6478826106,5,dataset/collusion_300/english/1081/english_1081_01.wav,1,native decoder bit marginal
audioseal,8,162,average,1192,16,0.5180097818,8,dataset/collusion_300/english/1081/english_1081_01.wav,,native decoder bit marginal
audioseal,8,163,single,18338,16,0.7229482234,12,dataset/collusion_300/english/1081/english_1081_02.wav,,native decoder bit marginal
audioseal,8,163,targeted,31425,16,0.5603547096,4,dataset/collusion_300/english/1081/english_1081_02.wav,1,native decoder bit marginal
audioseal,8,163,average,41927,16,0.5076051652,4,dataset/collusion_300/english/1081/english_1081_02.wav,,native decoder bit marginal
audioseal,8,164,single,12712,16,0.7228643000,11,dataset/collusion_300/english/1081/english_1081_03.wav,,native decoder bit marginal
audioseal,8,164,targeted,34112,16,0.6689544916,14,dataset/collusion_300/english/1081/english_1081_03.wav,1,native decoder bit marginal
audioseal,8,164,average,5728,16,0.5143862069,7,dataset/collusion_300/english/1081/english_1081_03.wav,,native decoder bit marginal
audioseal,8,165,single,7323,16,0.6947509050,8,dataset/collusion_300/english/1088/english_1088_01.wav,,native decoder bit marginal
audioseal,8,165,targeted,34968,16,0.5243082047,3,dataset/collusion_300/english/1088/english_1088_01.wav,1,native decoder bit marginal
audioseal,8,165,average,47903,16,0.5119376481,7,dataset/collusion_300/english/1088/english_1088_01.wav,,native decoder bit marginal
audioseal,8,166,single,31578,16,0.7350810766,13,dataset/collusion_300/english/1088/english_1088_02.wav,,native decoder bit marginal
audioseal,8,166,targeted,53104,16,0.5745081902,4,dataset/collusion_300/english/1088/english_1088_02.wav,5,native decoder bit marginal
audioseal,8,166,average,62039,16,0.5593656600,8,dataset/collusion_300/english/1088/english_1088_02.wav,,native decoder bit marginal
audioseal,8,167,single,952,16,0.7057402432,12,dataset/collusion_300/english/1088/english_1088_03.wav,,native decoder bit marginal
audioseal,8,167,targeted,17338,16,0.7055287361,12,dataset/collusion_300/english/1088/english_1088_03.wav,1,native decoder bit marginal
audioseal,8,167,average,25650,16,0.5145609379,13,dataset/collusion_300/english/1088/english_1088_03.wav,,native decoder bit marginal
audioseal,8,168,single,42785,16,0.7182215154,12,dataset/collusion_300/english/1098/english_1098_01.wav,,native decoder bit marginal
audioseal,8,168,targeted,36434,16,0.6413910687,5,dataset/collusion_300/english/1098/english_1098_01.wav,1,native decoder bit marginal
audioseal,8,168,average,5222,16,0.5568774939,1,dataset/collusion_300/english/1098/english_1098_01.wav,,native decoder bit marginal
audioseal,8,169,single,27386,16,0.6862488985,13,dataset/collusion_300/english/1098/english_1098_02.wav,,native decoder bit marginal
audioseal,8,169,targeted,13578,16,0.6848106980,4,dataset/collusion_300/english/1098/english_1098_02.wav,1,native decoder bit marginal
audioseal,8,169,average,63767,16,0.5029494464,7,dataset/collusion_300/english/1098/english_1098_02.wav,,native decoder bit marginal
audioseal,8,170,single,20506,16,0.7032103837,8,dataset/collusion_300/english/1098/english_1098_03.wav,,native decoder bit marginal
audioseal,8,170,targeted,14130,16,0.5704597831,9,dataset/collusion_300/english/1098/english_1098_03.wav,1,native decoder bit marginal
audioseal,8,170,average,30880,16,0.5101478100,7,dataset/collusion_300/english/1098/english_1098_03.wav,,native decoder bit marginal
audioseal,8,171,single,16484,16,0.7085435987,11,dataset/collusion_300/english/1116/english_1116_01.wav,,native decoder bit marginal
audioseal,8,171,targeted,61220,16,0.7118251920,13,dataset/collusion_300/english/1116/english_1116_01.wav,1,native decoder bit marginal
audioseal,8,171,average,50274,16,0.5166202486,9,dataset/collusion_300/english/1116/english_1116_01.wav,,native decoder bit marginal
audioseal,8,172,single,4088,16,0.7171013057,12,dataset/collusion_300/english/1116/english_1116_02.wav,,native decoder bit marginal
audioseal,8,172,targeted,4090,16,0.5611982644,12,dataset/collusion_300/english/1116/english_1116_02.wav,1,native decoder bit marginal
audioseal,8,172,average,23652,16,0.5211197734,12,dataset/collusion_300/english/1116/english_1116_02.wav,,native decoder bit marginal
audioseal,8,173,single,23179,16,0.7113387585,8,dataset/collusion_300/english/1116/english_1116_03.wav,,native decoder bit marginal
audioseal,8,173,targeted,21856,16,0.6631132364,8,dataset/collusion_300/english/1116/english_1116_03.wav,1,native decoder bit marginal
audioseal,8,173,average,23309,16,0.5353321433,13,dataset/collusion_300/english/1116/english_1116_03.wav,,native decoder bit marginal
audioseal,8,174,single,43396,16,0.7195780873,14,dataset/collusion_300/english/118/english_118_01.wav,,native decoder bit marginal
audioseal,8,174,targeted,20240,16,0.5128286183,2,dataset/collusion_300/english/118/english_118_01.wav,2,native decoder bit marginal
audioseal,8,174,average,60183,16,0.5347254574,12,dataset/collusion_300/english/118/english_118_01.wav,,native decoder bit marginal
audioseal,8,175,single,21746,16,0.7388944328,8,dataset/collusion_300/english/118/english_118_02.wav,,native decoder bit marginal
audioseal,8,175,targeted,23010,16,0.6850152612,9,dataset/collusion_300/english/118/english_118_02.wav,1,native decoder bit marginal
audioseal,8,175,average,24045,16,0.5468665957,11,dataset/collusion_300/english/118/english_118_02.wav,,native decoder bit marginal
audioseal,8,176,single,34769,16,0.7205009162,1,dataset/collusion_300/english/118/english_118_03.wav,,native decoder bit marginal
audioseal,8,176,targeted,34768,16,0.7060625851,14,dataset/collusion_300/english/118/english_118_03.wav,2,native decoder bit marginal
audioseal,8,176,average,38799,16,0.5775135159,13,dataset/collusion_300/english/118/english_118_03.wav,,native decoder bit marginal
audioseal,8,177,single,11233,16,0.7129307985,12,dataset/collusion_300/english/1183/english_1183_01.wav,,native decoder bit marginal
audioseal,8,177,average,15245,16,0.5653020144,4,dataset/collusion_300/english/1183/english_1183_01.wav,,native decoder bit marginal
audioseal,8,178,single,6916,16,0.7295099497,15,dataset/collusion_300/english/1183/english_1183_02.wav,,native decoder bit marginal
audioseal,8,178,targeted,6980,16,0.7024796307,14,dataset/collusion_300/english/1183/english_1183_02.wav,1,native decoder bit marginal
audioseal,8,178,average,7266,16,0.5189729333,2,dataset/collusion_300/english/1183/english_1183_02.wav,,native decoder bit marginal
audioseal,8,179,single,33082,16,0.7026994228,5,dataset/collusion_300/english/1183/english_1183_03.wav,,native decoder bit marginal
audioseal,8,179,targeted,42914,16,0.5216110349,9,dataset/collusion_300/english/1183/english_1183_03.wav,1,native decoder bit marginal
audioseal,8,179,average,64407,16,0.5692991614,9,dataset/collusion_300/english/1183/english_1183_03.wav,,native decoder bit marginal
audioseal,8,180,single,26458,16,0.6248626113,10,dataset/collusion_300/english/1235/english_1235_01.wav,,native decoder bit marginal
audioseal,8,180,targeted,18250,16,0.5764387250,10,dataset/collusion_300/english/1235/english_1235_01.wav,2,native decoder bit marginal
audioseal,8,180,average,15411,16,0.5379545093,11,dataset/collusion_300/english/1235/english_1235_01.wav,,native decoder bit marginal
audioseal,8,181,single,34546,16,0.6959508359,14,dataset/collusion_300/english/1235/english_1235_02.wav,,native decoder bit marginal
audioseal,8,181,targeted,14312,16,0.5633645058,13,dataset/collusion_300/english/1235/english_1235_02.wav,1,native decoder bit marginal
audioseal,8,181,average,47887,16,0.5220963657,4,dataset/collusion_300/english/1235/english_1235_02.wav,,native decoder bit marginal
audioseal,8,182,single,53466,16,0.6830386221,8,dataset/collusion_300/english/1235/english_1235_03.wav,,native decoder bit marginal
audioseal,8,182,targeted,39776,16,0.5236634016,9,dataset/collusion_300/english/1235/english_1235_03.wav,1,native decoder bit marginal
audioseal,8,182,average,55395,16,0.5080888569,10,dataset/collusion_300/english/1235/english_1235_03.wav,,native decoder bit marginal
audioseal,8,183,single,60898,16,0.7047651410,13,dataset/collusion_300/english/1246/english_1246_01.wav,,native decoder bit marginal
audioseal,8,183,targeted,14008,16,0.6374783516,13,dataset/collusion_300/english/1246/english_1246_01.wav,1,native decoder bit marginal
audioseal,8,183,average,41887,16,0.5319510698,11,dataset/collusion_300/english/1246/english_1246_01.wav,,native decoder bit marginal
audioseal,8,184,single,22440,16,0.7426274419,7,dataset/collusion_300/english/1246/english_1246_02.wav,,native decoder bit marginal
audioseal,8,184,targeted,21928,16,0.6533010006,7,dataset/collusion_300/english/1246/english_1246_02.wav,1,native decoder bit marginal
audioseal,8,184,average,29983,16,0.5354323387,15,dataset/collusion_300/english/1246/english_1246_02.wav,,native decoder bit marginal
audioseal,8,185,single,22452,16,0.7398834825,8,dataset/collusion_300/english/1246/english_1246_03.wav,,native decoder bit marginal
audioseal,8,185,targeted,33096,16,0.5410747528,15,dataset/collusion_300/english/1246/english_1246_03.wav,1,native decoder bit marginal
audioseal,8,185,average,12550,16,0.5281747878,9,dataset/collusion_300/english/1246/english_1246_03.wav,,native decoder bit marginal
audioseal,8,186,single,6826,16,0.7087568939,14,dataset/collusion_300/english/125/english_125_01.wav,,native decoder bit marginal
audioseal,8,186,targeted,34890,16,0.6476434171,8,dataset/collusion_300/english/125/english_125_01.wav,1,native decoder bit marginal
audioseal,8,186,average,43601,16,0.5005300045,4,dataset/collusion_300/english/125/english_125_01.wav,,native decoder bit marginal
audioseal,8,187,single,46453,16,0.7236359417,14,dataset/collusion_300/english/125/english_125_02.wav,,native decoder bit marginal
audioseal,8,187,targeted,37928,16,0.5945304036,3,dataset/collusion_300/english/125/english_125_02.wav,2,native decoder bit marginal
audioseal,8,187,average,54306,16,0.5007351637,13,dataset/collusion_300/english/125/english_125_02.wav,,native decoder bit marginal
audioseal,8,188,single,62501,16,0.7203901410,11,dataset/collusion_300/english/125/english_125_03.wav,,native decoder bit marginal
audioseal,8,188,targeted,27824,16,0.6210734248,2,dataset/collusion_300/english/125/english_125_03.wav,2,native decoder bit marginal
audioseal,8,188,average,63607,16,0.5451843143,7,dataset/collusion_300/english/125/english_125_03.wav,,native decoder bit marginal
audioseal,8,189,single,13851,16,0.7066702545,14,dataset/collusion_300/english/1263/english_1263_01.wav,,native decoder bit marginal
audioseal,8,189,targeted,34985,16,0.5548591614,5,dataset/collusion_300/english/1263/english_1263_01.wav,1,native decoder bit marginal
audioseal,8,189,average,21730,16,0.5088570416,2,dataset/collusion_300/english/1263/english_1263_01.wav,,native decoder bit marginal
audioseal,8,190,single,41323,16,0.7140717804,12,dataset/collusion_300/english/1263/english_1263_02.wav,,native decoder bit marginal
audioseal,8,190,targeted,57707,16,0.6206552982,3,dataset/collusion_300/english/1263/english_1263_02.wav,1,native decoder bit marginal
audioseal,8,190,average,23394,16,0.5298274755,6,dataset/collusion_300/english/1263/english_1263_02.wav,,native decoder bit marginal
audioseal,8,191,single,16714,16,0.7275364995,12,dataset/collusion_300/english/1263/english_1263_03.wav,,native decoder bit marginal
audioseal,8,191,targeted,16704,16,0.7088144124,12,dataset/collusion_300/english/1263/english_1263_03.wav,1,native decoder bit marginal
audioseal,8,191,average,12628,16,0.5372892618,3,dataset/collusion_300/english/1263/english_1263_03.wav,,native decoder bit marginal
audioseal,8,192,single,25482,16,0.7247303426,12,dataset/collusion_300/english/1334/english_1334_01.wav,,native decoder bit marginal
audioseal,8,192,targeted,16730,16,0.7076019645,12,dataset/collusion_300/english/1334/english_1334_01.wav,2,native decoder bit marginal
audioseal,8,192,average,17506,16,0.5846123099,8,dataset/collusion_300/english/1334/english_1334_01.wav,,native decoder bit marginal
audioseal,8,193,single,25082,16,0.7174586654,12,dataset/collusion_300/english/1334/english_1334_02.wav,,native decoder bit marginal
audioseal,8,193,targeted,50048,16,0.6957217157,11,dataset/collusion_300/english/1334/english_1334_02.wav,1,native decoder bit marginal
audioseal,8,193,average,58205,16,0.5151649714,11,dataset/collusion_300/english/1334/english_1334_02.wav,,native decoder bit marginal
audioseal,8,194,single,59973,16,0.7180584073,8,dataset/collusion_300/english/1334/english_1334_03.wav,,native decoder bit marginal
audioseal,8,194,targeted,10944,16,0.6475274563,13,dataset/collusion_300/english/1334/english_1334_03.wav,2,native decoder bit marginal
audioseal,8,194,average,10590,16,0.5734934807,3,dataset/collusion_300/english/1334/english_1334_03.wav,,native decoder bit marginal
audioseal,8,195,single,47520,16,0.7122588754,14,dataset/collusion_300/english/1355/english_1355_01.wav,,native decoder bit marginal
audioseal,8,195,targeted,15776,16,0.6322003305,14,dataset/collusion_300/english/1355/english_1355_01.wav,1,native decoder bit marginal
audioseal,8,195,average,31216,16,0.5728445053,3,dataset/collusion_300/english/1355/english_1355_01.wav,,native decoder bit marginal
audioseal,8,196,single,32162,16,0.7008076906,13,dataset/collusion_300/english/1355/english_1355_02.wav,,native decoder bit marginal
audioseal,8,196,targeted,9303,16,0.5609567165,1,dataset/collusion_300/english/1355/english_1355_02.wav,1,native decoder bit marginal
audioseal,8,196,average,13364,16,0.5736898780,14,dataset/collusion_300/english/1355/english_1355_02.wav,,native decoder bit marginal
audioseal,8,197,single,49355,16,0.7070468962,8,dataset/collusion_300/english/1355/english_1355_03.wav,,native decoder bit marginal
audioseal,8,197,targeted,33024,16,0.6405725479,4,dataset/collusion_300/english/1355/english_1355_03.wav,1,native decoder bit marginal
audioseal,8,197,average,41797,16,0.5034030080,9,dataset/collusion_300/english/1355/english_1355_03.wav,,native decoder bit marginal
audioseal,8,198,single,32721,16,0.5811058283,10,dataset/collusion_300/english/1363/english_1363_01.wav,,native decoder bit marginal
audioseal,8,198,targeted,48080,16,0.5565449893,1,dataset/collusion_300/english/1363/english_1363_01.wav,2,native decoder bit marginal
audioseal,8,198,average,21876,16,0.5262641907,5,dataset/collusion_300/english/1363/english_1363_01.wav,,native decoder bit marginal
audioseal,8,199,single,2081,16,0.7083387077,12,dataset/collusion_300/english/1363/english_1363_02.wav,,native decoder bit marginal
audioseal,8,199,targeted,12290,16,0.6205724478,7,dataset/collusion_300/english/1363/english_1363_02.wav,4,native decoder bit marginal
audioseal,8,199,average,31118,16,0.5072026849,4,dataset/collusion_300/english/1363/english_1363_02.wav,,native decoder bit marginal
audioseal,8,200,single,6250,16,0.7270354927,7,dataset/collusion_300/english/1363/english_1363_03.wav,,native decoder bit marginal
audioseal,8,200,targeted,53203,16,0.5142664313,0,dataset/collusion_300/english/1363/english_1363_03.wav,2,native decoder bit marginal
audioseal,8,200,average,29682,16,0.5180808902,12,dataset/collusion_300/english/1363/english_1363_03.wav,,native decoder bit marginal
audioseal,8,201,single,45620,16,0.7267553210,13,dataset/collusion_300/english/1447/english_1447_01.wav,,native decoder bit marginal
audioseal,8,201,targeted,46069,16,0.5215582252,5,dataset/collusion_300/english/1447/english_1447_01.wav,1,native decoder bit marginal
audioseal,8,201,average,64213,16,0.5059323311,5,dataset/collusion_300/english/1447/english_1447_01.wav,,native decoder bit marginal
audioseal,8,202,single,18788,16,0.7149249613,15,dataset/collusion_300/english/1447/english_1447_02.wav,,native decoder bit marginal
audioseal,8,202,targeted,62736,16,0.5693427622,5,dataset/collusion_300/english/1447/english_1447_02.wav,2,native decoder bit marginal
audioseal,8,202,average,17642,16,0.5239115953,3,dataset/collusion_300/english/1447/english_1447_02.wav,,native decoder bit marginal
audioseal,8,203,single,16288,16,0.7200960517,13,dataset/collusion_300/english/1447/english_1447_03.wav,,native decoder bit marginal
audioseal,8,203,targeted,61777,16,0.6199859083,11,dataset/collusion_300/english/1447/english_1447_03.wav,2,native decoder bit marginal
audioseal,8,203,average,23650,16,0.5103785992,2,dataset/collusion_300/english/1447/english_1447_03.wav,,native decoder bit marginal
audioseal,8,204,single,33909,16,0.7155922651,12,dataset/collusion_300/english/1455/english_1455_01.wav,,native decoder bit marginal
audioseal,8,204,targeted,55984,16,0.6345242262,14,dataset/collusion_300/english/1455/english_1455_01.wav,2,native decoder bit marginal
audioseal,8,204,average,61783,16,0.5091699958,6,dataset/collusion_300/english/1455/english_1455_01.wav,,native decoder bit marginal
audioseal,8,205,single,13627,16,0.7072677612,14,dataset/collusion_300/english/1455/english_1455_02.wav,,native decoder bit marginal
audioseal,8,205,targeted,23835,16,0.6881694794,13,dataset/collusion_300/english/1455/english_1455_02.wav,1,native decoder bit marginal
audioseal,8,205,average,17634,16,0.5466595590,12,dataset/collusion_300/english/1455/english_1455_02.wav,,native decoder bit marginal
audioseal,8,206,single,54696,16,0.7452751398,5,dataset/collusion_300/english/1455/english_1455_03.wav,,native decoder bit marginal
audioseal,8,206,targeted,53802,16,0.5561735034,9,dataset/collusion_300/english/1455/english_1455_03.wav,3,native decoder bit marginal
audioseal,8,206,average,23916,16,0.5826390982,7,dataset/collusion_300/english/1455/english_1455_03.wav,,native decoder bit marginal
audioseal,8,207,single,64200,16,0.6985696852,8,dataset/collusion_300/english/150/english_150_01.wav,,native decoder bit marginal
audioseal,8,207,targeted,47816,16,0.6408744752,8,dataset/collusion_300/english/150/english_150_01.wav,2,native decoder bit marginal
audioseal,8,207,average,48065,16,0.5076024830,1,dataset/collusion_300/english/150/english_150_01.wav,,native decoder bit marginal
audioseal,8,208,single,21889,16,0.7303122878,11,dataset/collusion_300/english/150/english_150_02.wav,,native decoder bit marginal
audioseal,8,208,targeted,24032,16,0.6859347820,8,dataset/collusion_300/english/150/english_150_02.wav,1,native decoder bit marginal
audioseal,8,208,average,48477,16,0.5223254561,7,dataset/collusion_300/english/150/english_150_02.wav,,native decoder bit marginal
audioseal,8,209,single,10507,16,0.7227065563,1,dataset/collusion_300/english/150/english_150_03.wav,,native decoder bit marginal
audioseal,8,209,average,15424,16,0.5162941813,8,dataset/collusion_300/english/150/english_150_03.wav,,native decoder bit marginal
audioseal,8,210,single,2347,16,0.7041674256,5,dataset/collusion_300/english/1502/english_1502_01.wav,,native decoder bit marginal
audioseal,8,210,targeted,5224,16,0.6792366207,14,dataset/collusion_300/english/1502/english_1502_01.wav,1,native decoder bit marginal
audioseal,8,210,average,15249,16,0.5381118655,5,dataset/collusion_300/english/1502/english_1502_01.wav,,native decoder bit marginal
audioseal,8,211,single,39765,16,0.7538311481,1,dataset/collusion_300/english/1502/english_1502_02.wav,,native decoder bit marginal
audioseal,8,211,targeted,53744,16,0.5671235919,15,dataset/collusion_300/english/1502/english_1502_02.wav,1,native decoder bit marginal
audioseal,8,211,average,20962,16,0.5546241999,7,dataset/collusion_300/english/1502/english_1502_02.wav,,native decoder bit marginal
audioseal,8,212,single,59220,16,0.7352222800,13,dataset/collusion_300/english/1502/english_1502_03.wav,,native decoder bit marginal
audioseal,8,212,targeted,39313,16,0.6506792605,13,dataset/collusion_300/english/1502/english_1502_03.wav,1,native decoder bit marginal
audioseal,8,212,average,62780,16,0.5546404719,10,dataset/collusion_300/english/1502/english_1502_03.wav,,native decoder bit marginal
audioseal,8,213,single,42215,16,0.7127517462,12,dataset/collusion_300/english/1553/english_1553_01.wav,,native decoder bit marginal
audioseal,8,213,targeted,41061,16,0.5743077397,12,dataset/collusion_300/english/1553/english_1553_01.wav,1,native decoder bit marginal
audioseal,8,213,average,59411,16,0.5647241473,11,dataset/collusion_300/english/1553/english_1553_01.wav,,native decoder bit marginal
audioseal,8,214,single,24321,16,0.7285895646,15,dataset/collusion_300/english/1553/english_1553_02.wav,,native decoder bit marginal
audioseal,8,214,targeted,20916,16,0.5216617584,13,dataset/collusion_300/english/1553/english_1553_02.wav,1,native decoder bit marginal
audioseal,8,214,average,29119,16,0.5068902373,5,dataset/collusion_300/english/1553/english_1553_02.wav,,native decoder bit marginal
audioseal,8,215,single,40721,16,0.7342008054,1,dataset/collusion_300/english/1553/english_1553_03.wav,,native decoder bit marginal
audioseal,8,215,targeted,15570,16,0.5228461623,5,dataset/collusion_300/english/1553/english_1553_03.wav,3,native decoder bit marginal
audioseal,8,215,average,10527,16,0.5361063778,15,dataset/collusion_300/english/1553/english_1553_03.wav,,native decoder bit marginal
audioseal,8,216,single,53668,16,0.7229007781,3,dataset/collusion_300/english/1578/english_1578_01.wav,,native decoder bit marginal
audioseal,8,216,targeted,61652,16,0.5529833138,0,dataset/collusion_300/english/1578/english_1578_01.wav,5,native decoder bit marginal
audioseal,8,216,average,62431,16,0.5689656734,15,dataset/collusion_300/english/1578/english_1578_01.wav,,native decoder bit marginal
audioseal,8,217,single,41431,16,0.7234208286,12,dataset/collusion_300/english/1578/english_1578_02.wav,,native decoder bit marginal
audioseal,8,217,targeted,32768,16,0.5532561839,5,dataset/collusion_300/english/1578/english_1578_02.wav,3,native decoder bit marginal
audioseal,8,217,average,38130,16,0.5554096997,13,dataset/collusion_300/english/1578/english_1578_02.wav,,native decoder bit marginal
audioseal,8,218,single,32530,16,0.5527654290,10,dataset/collusion_300/english/1578/english_1578_03.wav,,native decoder bit marginal
audioseal,8,218,targeted,17848,16,0.7108555138,12,dataset/collusion_300/english/1578/english_1578_03.wav,1,native decoder bit marginal
audioseal,8,218,average,30054,16,0.5075888634,14,dataset/collusion_300/english/1578/english_1578_03.wav,,native decoder bit marginal
audioseal,8,219,single,11762,16,0.7195155919,14,dataset/collusion_300/english/1594/english_1594_01.wav,,native decoder bit marginal
audioseal,8,219,targeted,11442,16,0.5244780183,13,dataset/collusion_300/english/1594/english_1594_01.wav,1,native decoder bit marginal
audioseal,8,219,average,63913,16,0.5083799362,15,dataset/collusion_300/english/1594/english_1594_01.wav,,native decoder bit marginal
audioseal,8,220,single,55000,16,0.6908231080,8,dataset/collusion_300/english/1594/english_1594_02.wav,,native decoder bit marginal
audioseal,8,220,targeted,55345,16,0.6738459170,8,dataset/collusion_300/english/1594/english_1594_02.wav,2,native decoder bit marginal
audioseal,8,220,average,21730,16,0.5205894113,14,dataset/collusion_300/english/1594/english_1594_02.wav,,native decoder bit marginal
audioseal,8,221,single,56290,16,0.6949105263,5,dataset/collusion_300/english/1594/english_1594_03.wav,,native decoder bit marginal
audioseal,8,221,average,64413,16,0.5234867334,12,dataset/collusion_300/english/1594/english_1594_03.wav,,native decoder bit marginal
audioseal,8,222,single,58498,16,0.6736758947,13,dataset/collusion_300/english/1624/english_1624_01.wav,,native decoder bit marginal
audioseal,8,222,targeted,62480,16,0.5832589865,10,dataset/collusion_300/english/1624/english_1624_01.wav,1,native decoder bit marginal
audioseal,8,222,average,47957,16,0.5120301247,3,dataset/collusion_300/english/1624/english_1624_01.wav,,native decoder bit marginal
audioseal,8,223,single,38978,16,0.7439941764,8,dataset/collusion_300/english/1624/english_1624_02.wav,,native decoder bit marginal
audioseal,8,223,targeted,55636,16,0.6326220036,2,dataset/collusion_300/english/1624/english_1624_02.wav,1,native decoder bit marginal
audioseal,8,223,average,30736,16,0.5593329668,4,dataset/collusion_300/english/1624/english_1624_02.wav,,native decoder bit marginal
audioseal,8,224,single,63735,16,0.7083263397,5,dataset/collusion_300/english/1624/english_1624_03.wav,,native decoder bit marginal
audioseal,8,224,targeted,58282,16,0.5965493917,5,dataset/collusion_300/english/1624/english_1624_03.wav,1,native decoder bit marginal
audioseal,8,224,average,54496,16,0.5298554897,7,dataset/collusion_300/english/1624/english_1624_03.wav,,native decoder bit marginal
audioseal,8,225,single,3083,16,0.7285794318,8,dataset/collusion_300/english/163/english_163_01.wav,,native decoder bit marginal
audioseal,8,225,targeted,11435,16,0.6875390410,7,dataset/collusion_300/english/163/english_163_01.wav,1,native decoder bit marginal
audioseal,8,225,average,45471,16,0.5390370488,7,dataset/collusion_300/english/163/english_163_01.wav,,native decoder bit marginal
audioseal,8,226,single,14289,16,0.7210715115,14,dataset/collusion_300/english/163/english_163_02.wav,,native decoder bit marginal
audioseal,8,226,targeted,16272,16,0.6332764626,13,dataset/collusion_300/english/163/english_163_02.wav,2,native decoder bit marginal
audioseal,8,226,average,56676,16,0.5241518021,7,dataset/collusion_300/english/163/english_163_02.wav,,native decoder bit marginal
audioseal,8,227,single,5042,16,0.7311260104,5,dataset/collusion_300/english/163/english_163_03.wav,,native decoder bit marginal
audioseal,8,227,targeted,61674,16,0.5063244104,15,dataset/collusion_300/english/163/english_163_03.wav,1,native decoder bit marginal
audioseal,8,227,average,21088,16,0.5707893372,14,dataset/collusion_300/english/163/english_163_03.wav,,native decoder bit marginal
audioseal,8,228,single,62792,16,0.7172144651,13,dataset/collusion_300/english/1723/english_1723_01.wav,,native decoder bit marginal
audioseal,8,228,targeted,58712,16,0.5761239529,10,dataset/collusion_300/english/1723/english_1723_01.wav,8,native decoder bit marginal
audioseal,8,228,average,5990,16,0.5539281964,8,dataset/collusion_300/english/1723/english_1723_01.wav,,native decoder bit marginal
audioseal,8,229,single,59410,16,0.7169357538,8,dataset/collusion_300/english/1723/english_1723_02.wav,,native decoder bit marginal
audioseal,8,229,targeted,52274,16,0.6171288192,7,dataset/collusion_300/english/1723/english_1723_02.wav,1,native decoder bit marginal
audioseal,8,229,average,19492,16,0.5279152393,15,dataset/collusion_300/english/1723/english_1723_02.wav,,native decoder bit marginal
audioseal,8,230,single,21249,16,0.7041413486,1,dataset/collusion_300/english/1723/english_1723_03.wav,,native decoder bit marginal
audioseal,8,230,targeted,23424,16,0.6905297339,0,dataset/collusion_300/english/1723/english_1723_03.wav,4,native decoder bit marginal
audioseal,8,230,average,29245,16,0.5630283952,14,dataset/collusion_300/english/1723/english_1723_03.wav,,native decoder bit marginal
audioseal,8,231,single,55799,16,0.6593464613,5,dataset/collusion_300/english/1737/english_1737_01.wav,,native decoder bit marginal
audioseal,8,231,targeted,35560,16,0.6223845482,9,dataset/collusion_300/english/1737/english_1737_01.wav,1,native decoder bit marginal
audioseal,8,231,average,62237,16,0.5882119536,9,dataset/collusion_300/english/1737/english_1737_01.wav,,native decoder bit marginal
audioseal,8,232,single,8408,16,0.6985644996,8,dataset/collusion_300/english/1737/english_1737_02.wav,,native decoder bit marginal
audioseal,8,232,targeted,10356,16,0.5937945843,2,dataset/collusion_300/english/1737/english_1737_02.wav,1,native decoder bit marginal
audioseal,8,232,average,8530,16,0.5093453825,2,dataset/collusion_300/english/1737/english_1737_02.wav,,native decoder bit marginal
audioseal,8,233,single,8891,16,0.6906727552,14,dataset/collusion_300/english/1737/english_1737_03.wav,,native decoder bit marginal
audioseal,8,233,targeted,6907,16,0.5894132257,13,dataset/collusion_300/english/1737/english_1737_03.wav,1,native decoder bit marginal
audioseal,8,233,average,58269,16,0.5020973682,1,dataset/collusion_300/english/1737/english_1737_03.wav,,native decoder bit marginal
audioseal,8,234,single,2152,16,0.7151694298,12,dataset/collusion_300/english/1743/english_1743_01.wav,,native decoder bit marginal
audioseal,8,234,targeted,10506,16,0.6779425144,14,dataset/collusion_300/english/1743/english_1743_01.wav,1,native decoder bit marginal
audioseal,8,234,average,59659,16,0.5045478642,2,dataset/collusion_300/english/1743/english_1743_01.wav,,native decoder bit marginal
audioseal,8,235,single,39090,16,0.7141338289,14,dataset/collusion_300/english/1743/english_1743_02.wav,,native decoder bit marginal
audioseal,8,235,targeted,43064,16,0.5538859367,3,dataset/collusion_300/english/1743/english_1743_02.wav,1,native decoder bit marginal
audioseal,8,235,average,14382,16,0.5758985877,15,dataset/collusion_300/english/1743/english_1743_02.wav,,native decoder bit marginal
audioseal,8,236,single,31560,16,0.7262695432,13,dataset/collusion_300/english/1743/english_1743_03.wav,,native decoder bit marginal
audioseal,8,236,targeted,51914,16,0.5112258792,9,dataset/collusion_300/english/1743/english_1743_03.wav,1,native decoder bit marginal
audioseal,8,236,average,63493,16,0.5070177913,2,dataset/collusion_300/english/1743/english_1743_03.wav,,native decoder bit marginal
audioseal,8,237,single,30277,16,0.7150767446,13,dataset/collusion_300/english/1841/english_1841_01.wav,,native decoder bit marginal
audioseal,8,237,targeted,44208,16,0.6549285352,14,dataset/collusion_300/english/1841/english_1841_01.wav,1,native decoder bit marginal
audioseal,8,237,average,62261,16,0.5208620727,3,dataset/collusion_300/english/1841/english_1841_01.wav,,native decoder bit marginal
audioseal,8,238,single,9946,16,0.6899358928,8,dataset/collusion_300/english/1841/english_1841_02.wav,,native decoder bit marginal
audioseal,8,238,targeted,34170,16,0.6003680825,14,dataset/collusion_300/english/1841/english_1841_02.wav,1,native decoder bit marginal
audioseal,8,238,average,3186,16,0.6261979342,11,dataset/collusion_300/english/1841/english_1841_02.wav,,native decoder bit marginal
audioseal,8,239,single,22218,16,0.7069751322,8,dataset/collusion_300/english/1841/english_1841_03.wav,,native decoder bit marginal
audioseal,8,239,targeted,9810,16,0.6427286565,8,dataset/collusion_300/english/1841/english_1841_03.wav,1,native decoder bit marginal
audioseal,8,239,average,62287,16,0.5098074079,1,dataset/collusion_300/english/1841/english_1841_03.wav,,native decoder bit marginal
audioseal,8,240,single,35540,16,0.7140597105,8,dataset/collusion_300/english/1867/english_1867_01.wav,,native decoder bit marginal
audioseal,8,240,targeted,50741,16,0.5021663308,12,dataset/collusion_300/english/1867/english_1867_01.wav,1,native decoder bit marginal
audioseal,8,240,average,7270,16,0.5166692138,7,dataset/collusion_300/english/1867/english_1867_01.wav,,native decoder bit marginal
audioseal,8,241,single,58293,16,0.6942147017,5,dataset/collusion_300/english/1867/english_1867_02.wav,,native decoder bit marginal
audioseal,8,241,targeted,33845,16,0.5218131542,0,dataset/collusion_300/english/1867/english_1867_02.wav,3,native decoder bit marginal
audioseal,8,241,average,50226,16,0.5098196268,14,dataset/collusion_300/english/1867/english_1867_02.wav,,native decoder bit marginal
audioseal,8,242,single,34874,16,0.7161927521,12,dataset/collusion_300/english/1867/english_1867_03.wav,,native decoder bit marginal
audioseal,8,242,targeted,35190,16,0.5171508193,2,dataset/collusion_300/english/1867/english_1867_03.wav,1,native decoder bit marginal
audioseal,8,242,average,7286,16,0.5075793266,4,dataset/collusion_300/english/1867/english_1867_03.wav,,native decoder bit marginal
audioseal,8,243,single,13944,16,0.6979544759,13,dataset/collusion_300/english/1898/english_1898_01.wav,,native decoder bit marginal
audioseal,8,243,targeted,7717,16,0.6895933747,15,dataset/collusion_300/english/1898/english_1898_01.wav,1,native decoder bit marginal
audioseal,8,243,average,15135,16,0.5812504888,1,dataset/collusion_300/english/1898/english_1898_01.wav,,native decoder bit marginal
audioseal,8,244,single,63584,16,0.7005186677,13,dataset/collusion_300/english/1898/english_1898_02.wav,,native decoder bit marginal
audioseal,8,244,targeted,30816,16,0.6893742085,13,dataset/collusion_300/english/1898/english_1898_02.wav,1,native decoder bit marginal
audioseal,8,244,average,23784,16,0.5193715692,7,dataset/collusion_300/english/1898/english_1898_02.wav,,native decoder bit marginal
audioseal,8,245,single,2849,16,0.7013085485,15,dataset/collusion_300/english/1898/english_1898_03.wav,,native decoder bit marginal
audioseal,8,245,targeted,61345,16,0.6430937052,10,dataset/collusion_300/english/1898/english_1898_03.wav,1,native decoder bit marginal
audioseal,8,245,average,56480,16,0.5123586059,5,dataset/collusion_300/english/1898/english_1898_03.wav,,native decoder bit marginal
audioseal,8,246,single,39266,16,0.7304840386,14,dataset/collusion_300/english/19/english_19_01.wav,,native decoder bit marginal
audioseal,8,246,targeted,37218,16,0.6902649403,14,dataset/collusion_300/english/19/english_19_01.wav,1,native decoder bit marginal
audioseal,8,246,average,47965,16,0.5087827742,7,dataset/collusion_300/english/19/english_19_01.wav,,native decoder bit marginal
audioseal,8,247,single,41450,16,0.7093044817,14,dataset/collusion_300/english/19/english_19_02.wav,,native decoder bit marginal
audioseal,8,247,targeted,34282,16,0.6105919480,14,dataset/collusion_300/english/19/english_19_02.wav,2,native decoder bit marginal
audioseal,8,247,average,34022,16,0.5794991255,12,dataset/collusion_300/english/19/english_19_02.wav,,native decoder bit marginal
audioseal,8,248,single,19956,16,0.7137846947,4,dataset/collusion_300/english/19/english_19_03.wav,,native decoder bit marginal
audioseal,8,248,targeted,27946,16,0.6566764116,12,dataset/collusion_300/english/19/english_19_03.wav,1,native decoder bit marginal
audioseal,8,248,average,45855,16,0.6328747571,7,dataset/collusion_300/english/19/english_19_03.wav,,native decoder bit marginal
audioseal,8,249,single,43690,16,0.7049032152,12,dataset/collusion_300/english/1926/english_1926_01.wav,,native decoder bit marginal
audioseal,8,249,targeted,35754,16,0.6432652473,12,dataset/collusion_300/english/1926/english_1926_01.wav,1,native decoder bit marginal
audioseal,8,249,average,7076,16,0.5043476820,3,dataset/collusion_300/english/1926/english_1926_01.wav,,native decoder bit marginal
audioseal,8,250,single,56148,16,0.7611727715,4,dataset/collusion_300/english/1926/english_1926_02.wav,,native decoder bit marginal
audioseal,8,250,targeted,51904,16,0.6323389411,9,dataset/collusion_300/english/1926/english_1926_02.wav,1,native decoder bit marginal
audioseal,8,250,average,23648,16,0.5458965302,4,dataset/collusion_300/english/1926/english_1926_02.wav,,native decoder bit marginal
audioseal,8,251,single,29361,16,0.6956548095,13,dataset/collusion_300/english/1926/english_1926_03.wav,,native decoder bit marginal
audioseal,8,251,targeted,31440,16,0.6632578373,13,dataset/collusion_300/english/1926/english_1926_03.wav,1,native decoder bit marginal
audioseal,8,251,average,16014,16,0.5315942168,1,dataset/collusion_300/english/1926/english_1926_03.wav,,native decoder bit marginal
audioseal,8,252,single,60130,16,0.6791259646,13,dataset/collusion_300/english/196/english_196_01.wav,,native decoder bit marginal
audioseal,8,252,targeted,61296,16,0.5588520765,11,dataset/collusion_300/english/196/english_196_01.wav,1,native decoder bit marginal
audioseal,8,252,average,64565,16,0.5109439492,6,dataset/collusion_300/english/196/english_196_01.wav,,native decoder bit marginal
audioseal,8,253,single,14528,16,0.7222772241,8,dataset/collusion_300/english/196/english_196_02.wav,,native decoder bit marginal
audioseal,8,253,targeted,29288,16,0.6494303942,13,dataset/collusion_300/english/196/english_196_02.wav,1,native decoder bit marginal
audioseal,8,253,average,6258,16,0.5479342937,11,dataset/collusion_300/english/196/english_196_02.wav,,native decoder bit marginal
audioseal,8,254,single,56827,16,0.7101955414,5,dataset/collusion_300/english/196/english_196_03.wav,,native decoder bit marginal
audioseal,8,254,targeted,56795,16,0.6408691406,3,dataset/collusion_300/english/196/english_196_03.wav,1,native decoder bit marginal
audioseal,8,254,average,46047,16,0.5111642182,14,dataset/collusion_300/english/196/english_196_03.wav,,native decoder bit marginal
audioseal,8,255,single,64120,16,0.7090802491,8,dataset/collusion_300/english/1963/english_1963_01.wav,,native decoder bit marginal
audioseal,8,255,targeted,45954,16,0.6333587468,14,dataset/collusion_300/english/1963/english_1963_01.wav,4,native decoder bit marginal
audioseal,8,255,average,63573,16,0.5226497352,1,dataset/collusion_300/english/1963/english_1963_01.wav,,native decoder bit marginal
audioseal,8,256,single,45074,16,0.7193609774,14,dataset/collusion_300/english/1963/english_1963_02.wav,,native decoder bit marginal
audioseal,8,256,average,61847,16,0.5276928544,7,dataset/collusion_300/english/1963/english_1963_02.wav,,native decoder bit marginal
audioseal,8,257,single,12491,16,0.7090642452,8,dataset/collusion_300/english/1963/english_1963_03.wav,,native decoder bit marginal
audioseal,8,257,targeted,54337,16,0.6169430315,5,dataset/collusion_300/english/1963/english_1963_03.wav,1,native decoder bit marginal
audioseal,8,257,average,47071,16,0.5031757355,10,dataset/collusion_300/english/1963/english_1963_03.wav,,native decoder bit marginal
audioseal,8,258,single,23690,16,0.7147119641,8,dataset/collusion_300/english/1970/english_1970_01.wav,,native decoder bit marginal
audioseal,8,258,targeted,40184,16,0.6528352499,4,dataset/collusion_300/english/1970/english_1970_01.wav,1,native decoder bit marginal
audioseal,8,258,average,23776,16,0.5269759297,7,dataset/collusion_300/english/1970/english_1970_01.wav,,native decoder bit marginal
audioseal,8,259,single,6936,16,0.7270507812,15,dataset/collusion_300/english/1970/english_1970_02.wav,,native decoder bit marginal
audioseal,8,259,targeted,39248,16,0.7108759582,0,dataset/collusion_300/english/1970/english_1970_02.wav,1,native decoder bit marginal
audioseal,8,259,average,45405,16,0.6374777555,6,dataset/collusion_300/english/1970/english_1970_02.wav,,native decoder bit marginal
audioseal,8,260,single,30962,16,0.7003635168,13,dataset/collusion_300/english/1970/english_1970_03.wav,,native decoder bit marginal
audioseal,8,260,targeted,53594,16,0.5013817549,4,dataset/collusion_300/english/1970/english_1970_03.wav,6,native decoder bit marginal
audioseal,8,260,average,40428,16,0.5805712342,5,dataset/collusion_300/english/1970/english_1970_03.wav,,native decoder bit marginal
audioseal,8,261,single,17252,16,0.7032300532,12,dataset/collusion_300/english/198/english_198_01.wav,,native decoder bit marginal
audioseal,8,261,targeted,17896,16,0.5866040289,12,dataset/collusion_300/english/198/english_198_01.wav,5,native decoder bit marginal
audioseal,8,261,average,63965,16,0.5246518254,4,dataset/collusion_300/english/198/english_198_01.wav,,native decoder bit marginal
audioseal,8,262,single,20439,16,0.7174431682,12,dataset/collusion_300/english/198/english_198_02.wav,,native decoder bit marginal
audioseal,8,262,targeted,64554,16,0.5503802001,8,dataset/collusion_300/english/198/english_198_02.wav,1,native decoder bit marginal
audioseal,8,262,average,63757,16,0.5856175423,11,dataset/collusion_300/english/198/english_198_02.wav,,native decoder bit marginal
audioseal,8,263,single,25371,16,0.7123495638,12,dataset/collusion_300/english/198/english_198_03.wav,,native decoder bit marginal
audioseal,8,263,targeted,17128,16,0.5042178631,11,dataset/collusion_300/english/198/english_198_03.wav,2,native decoder bit marginal
audioseal,8,263,average,62429,16,0.5646268725,15,dataset/collusion_300/english/198/english_198_03.wav,,native decoder bit marginal
audioseal,8,264,single,21723,16,0.7040343583,8,dataset/collusion_300/english/1992/english_1992_01.wav,,native decoder bit marginal
audioseal,8,264,targeted,53799,16,0.5879320502,13,dataset/collusion_300/english/1992/english_1992_01.wav,1,native decoder bit marginal
audioseal,8,264,average,28677,16,0.5093420148,14,dataset/collusion_300/english/1992/english_1992_01.wav,,native decoder bit marginal
audioseal,8,265,single,23808,16,0.7548673153,10,dataset/collusion_300/english/1992/english_1992_02.wav,,native decoder bit marginal
audioseal,8,265,average,14365,16,0.5143139660,7,dataset/collusion_300/english/1992/english_1992_02.wav,,native decoder bit marginal
audioseal,8,266,single,50216,16,0.7133111060,12,dataset/collusion_300/english/1992/english_1992_03.wav,,native decoder bit marginal
audioseal,8,266,targeted,21616,16,0.6864305735,4,dataset/collusion_300/english/1992/english_1992_03.wav,1,native decoder bit marginal
audioseal,8,266,average,51232,16,0.5039077401,15,dataset/collusion_300/english/1992/english_1992_03.wav,,native decoder bit marginal
audioseal,8,267,single,801,16,0.6964205801,12,dataset/collusion_300/english/200/english_200_01.wav,,native decoder bit marginal
audioseal,8,267,targeted,37152,16,0.6529588997,14,dataset/collusion_300/english/200/english_200_01.wav,1,native decoder bit marginal
audioseal,8,267,average,62237,16,0.6216007471,13,dataset/collusion_300/english/200/english_200_01.wav,,native decoder bit marginal
audioseal,8,268,single,55586,16,0.7287927866,5,dataset/collusion_300/english/200/english_200_02.wav,,native decoder bit marginal
audioseal,8,268,targeted,55298,16,0.5243422985,8,dataset/collusion_300/english/200/english_200_02.wav,1,native decoder bit marginal
audioseal,8,268,average,23322,16,0.5020485818,7,dataset/collusion_300/english/200/english_200_02.wav,,native decoder bit marginal
audioseal,8,269,single,26699,16,0.7103568912,8,dataset/collusion_300/english/200/english_200_03.wav,,native decoder bit marginal
audioseal,8,269,targeted,46338,16,0.5754047036,5,dataset/collusion_300/english/200/english_200_03.wav,1,native decoder bit marginal
audioseal,8,269,average,29469,16,0.5214290917,1,dataset/collusion_300/english/200/english_200_03.wav,,native decoder bit marginal
audioseal,8,270,single,47492,16,0.7163099945,3,dataset/collusion_300/english/2002/english_2002_01.wav,,native decoder bit marginal
audioseal,8,270,targeted,47364,16,0.6289277077,2,dataset/collusion_300/english/2002/english_2002_01.wav,1,native decoder bit marginal
audioseal,8,270,average,45343,16,0.5205349028,11,dataset/collusion_300/english/2002/english_2002_01.wav,,native decoder bit marginal
audioseal,8,271,single,64369,16,0.7286388278,13,dataset/collusion_300/english/2002/english_2002_02.wav,,native decoder bit marginal
audioseal,8,271,targeted,54081,16,0.5728915036,11,dataset/collusion_300/english/2002/english_2002_02.wav,3,native decoder bit marginal
audioseal,8,271,average,14700,16,0.5584381819,14,dataset/collusion_300/english/2002/english_2002_02.wav,,native decoder bit marginal
audioseal,8,272,single,40212,16,0.7425893843,14,dataset/collusion_300/english/2002/english_2002_03.wav,,native decoder bit marginal
audioseal,8,272,targeted,39464,16,0.5297255516,9,dataset/collusion_300/english/2002/english_2002_03.wav,1,native decoder bit marginal
audioseal,8,272,average,39968,16,0.5070884228,11,dataset/collusion_300/english/2002/english_2002_03.wav,,native decoder bit marginal
audioseal,8,273,single,29984,16,0.7180225253,13,dataset/collusion_300/english/2007/english_2007_01.wav,,native decoder bit marginal
audioseal,8,273,targeted,5008,16,0.5895175934,8,dataset/collusion_300/english/2007/english_2007_01.wav,1,native decoder bit marginal
audioseal,8,273,average,61919,16,0.5526949763,13,dataset/collusion_300/english/2007/english_2007_01.wav,,native decoder bit marginal
audioseal,8,274,single,32565,16,0.7135995924,15,dataset/collusion_300/english/2007/english_2007_02.wav,,native decoder bit marginal
audioseal,8,274,targeted,27522,16,0.7100987434,12,dataset/collusion_300/english/2007/english_2007_02.wav,1,native decoder bit marginal
audioseal,8,274,average,47389,16,0.5290870368,1,dataset/collusion_300/english/2007/english_2007_02.wav,,native decoder bit marginal
audioseal,8,275,single,58581,16,0.7067205310,8,dataset/collusion_300/english/2007/english_2007_03.wav,,native decoder bit marginal
audioseal,8,275,targeted,26837,16,0.6210199893,15,dataset/collusion_300/english/2007/english_2007_03.wav,1,native decoder bit marginal
audioseal,8,275,average,26838,16,0.5510973334,5,dataset/collusion_300/english/2007/english_2007_03.wav,,native decoder bit marginal
audioseal,8,276,single,43572,16,0.7155838013,12,dataset/collusion_300/english/201/english_201_01.wav,,native decoder bit marginal
audioseal,8,276,targeted,44304,16,0.6519182920,11,dataset/collusion_300/english/201/english_201_01.wav,1,native decoder bit marginal
audioseal,8,276,average,43329,16,0.5109413862,2,dataset/collusion_300/english/201/english_201_01.wav,,native decoder bit marginal
audioseal,8,277,single,52881,16,0.7124616504,12,dataset/collusion_300/english/201/english_201_02.wav,,native decoder bit marginal
audioseal,8,277,targeted,52753,16,0.6159842908,8,dataset/collusion_300/english/201/english_201_02.wav,1,native decoder bit marginal
audioseal,8,277,average,23726,16,0.6004220247,14,dataset/collusion_300/english/201/english_201_02.wav,,native decoder bit marginal
audioseal,8,278,single,29378,16,0.6798626184,13,dataset/collusion_300/english/201/english_201_03.wav,,native decoder bit marginal
audioseal,8,278,targeted,33112,16,0.5580976009,3,dataset/collusion_300/english/201/english_201_03.wav,8,native decoder bit marginal
audioseal,8,278,average,59799,16,0.5011954308,11,dataset/collusion_300/english/201/english_201_03.wav,,native decoder bit marginal
audioseal,8,279,single,57746,16,0.7197875977,12,dataset/collusion_300/english/2092/english_2092_01.wav,,native decoder bit marginal
audioseal,8,279,targeted,1328,16,0.6588974595,4,dataset/collusion_300/english/2092/english_2092_01.wav,1,native decoder bit marginal
audioseal,8,279,average,3104,16,0.5269693732,14,dataset/collusion_300/english/2092/english_2092_01.wav,,native decoder bit marginal
audioseal,8,280,single,37954,16,0.7334977686,14,dataset/collusion_300/english/2092/english_2092_02.wav,,native decoder bit marginal
audioseal,8,280,average,45991,16,0.5098758042,3,dataset/collusion_300/english/2092/english_2092_02.wav,,native decoder bit marginal
audioseal,8,281,single,18347,16,0.6994203925,12,dataset/collusion_300/english/2092/english_2092_03.wav,,native decoder bit marginal
audioseal,8,281,targeted,25515,16,0.5197817683,5,dataset/collusion_300/english/2092/english_2092_03.wav,1,native decoder bit marginal
audioseal,8,281,average,23654,16,0.5700986981,6,dataset/collusion_300/english/2092/english_2092_03.wav,,native decoder bit marginal
audioseal,8,282,single,58280,16,0.6964794695,12,dataset/collusion_300/english/211/english_211_01.wav,,native decoder bit marginal
audioseal,8,282,targeted,61175,16,0.5967539847,12,dataset/collusion_300/english/211/english_211_01.wav,1,native decoder bit marginal
audioseal,8,282,average,60751,16,0.5697921515,1,dataset/collusion_300/english/211/english_211_01.wav,,native decoder bit marginal
audioseal,8,283,single,34760,16,0.7070884109,12,dataset/collusion_300/english/211/english_211_02.wav,,native decoder bit marginal
audioseal,8,283,targeted,38944,16,0.6416560113,7,dataset/collusion_300/english/211/english_211_02.wav,1,native decoder bit marginal
audioseal,8,283,average,46240,16,0.5141727328,7,dataset/collusion_300/english/211/english_211_02.wav,,native decoder bit marginal
audioseal,8,284,single,8715,16,0.7000474632,12,dataset/collusion_300/english/211/english_211_03.wav,,native decoder bit marginal
audioseal,8,284,targeted,42385,16,0.5666980445,11,dataset/collusion_300/english/211/english_211_03.wav,4,native decoder bit marginal
audioseal,8,284,average,34016,16,0.5494445562,1,dataset/collusion_300/english/211/english_211_03.wav,,native decoder bit marginal
audioseal,8,285,single,1125,16,0.7088095248,11,dataset/collusion_300/english/2136/english_2136_01.wav,,native decoder bit marginal
audioseal,8,285,targeted,1122,16,0.6731875837,14,dataset/collusion_300/english/2136/english_2136_01.wav,2,native decoder bit marginal
audioseal,8,285,average,37937,16,0.5460772812,7,dataset/collusion_300/english/2136/english_2136_01.wav,,native decoder bit marginal
audioseal,8,286,single,65218,16,0.6795891523,13,dataset/collusion_300/english/2136/english_2136_02.wav,,native decoder bit marginal
audioseal,8,286,targeted,26835,16,0.5361974239,12,dataset/collusion_300/english/2136/english_2136_02.wav,3,native decoder bit marginal
audioseal,8,286,average,40087,16,0.5023666024,10,dataset/collusion_300/english/2136/english_2136_02.wav,,native decoder bit marginal
audioseal,8,287,single,17240,16,0.7193083167,12,dataset/collusion_300/english/2136/english_2136_03.wav,,native decoder bit marginal
audioseal,8,287,targeted,48552,16,0.6210170686,14,dataset/collusion_300/english/2136/english_2136_03.wav,1,native decoder bit marginal
audioseal,8,287,average,45917,16,0.5375397205,3,dataset/collusion_300/english/2136/english_2136_03.wav,,native decoder bit marginal
audioseal,8,288,single,56395,16,0.7100474536,8,dataset/collusion_300/english/2159/english_2159_01.wav,,native decoder bit marginal
audioseal,8,288,targeted,24672,16,0.6079064608,13,dataset/collusion_300/english/2159/english_2159_01.wav,4,native decoder bit marginal
audioseal,8,288,average,31351,16,0.5284783244,7,dataset/collusion_300/english/2159/english_2159_01.wav,,native decoder bit marginal
audioseal,8,289,single,48309,16,0.7358140051,8,dataset/collusion_300/english/2159/english_2159_02.wav,,native decoder bit marginal
audioseal,8,289,targeted,47541,16,0.5537406802,5,dataset/collusion_300/english/2159/english_2159_02.wav,1,native decoder bit marginal
audioseal,8,289,average,45079,16,0.5287760496,7,dataset/collusion_300/english/2159/english_2159_02.wav,,native decoder bit marginal
audioseal,8,290,single,48149,16,0.7276104689,3,dataset/collusion_300/english/2159/english_2159_03.wav,,native decoder bit marginal
audioseal,8,290,targeted,46676,16,0.5902783275,13,dataset/collusion_300/english/2159/english_2159_03.wav,2,native decoder bit marginal
audioseal,8,290,average,22368,16,0.5081745088,4,dataset/collusion_300/english/2159/english_2159_03.wav,,native decoder bit marginal
audioseal,8,291,single,3938,16,0.7190500200,12,dataset/collusion_300/english/2182/english_2182_01.wav,,native decoder bit marginal
audioseal,8,291,targeted,62008,16,0.5668298006,15,dataset/collusion_300/english/2182/english_2182_01.wav,1,native decoder bit marginal
audioseal,8,291,average,47903,16,0.5239502192,1,dataset/collusion_300/english/2182/english_2182_01.wav,,native decoder bit marginal
audioseal,8,292,single,5925,16,0.7123605311,15,dataset/collusion_300/english/2182/english_2182_02.wav,,native decoder bit marginal
audioseal,8,292,targeted,18101,16,0.5628197193,7,dataset/collusion_300/english/2182/english_2182_02.wav,2,native decoder bit marginal
audioseal,8,292,average,30548,16,0.5151001215,12,dataset/collusion_300/english/2182/english_2182_02.wav,,native decoder bit marginal
audioseal,8,293,single,3732,16,0.7108393908,8,dataset/collusion_300/english/2182/english_2182_03.wav,,native decoder bit marginal
audioseal,8,293,targeted,36496,16,0.5687716603,15,dataset/collusion_300/english/2182/english_2182_03.wav,4,native decoder bit marginal
audioseal,8,293,average,43807,16,0.5024542212,9,dataset/collusion_300/english/2182/english_2182_03.wav,,native decoder bit marginal
audioseal,8,294,single,62133,16,0.7188395858,8,dataset/collusion_300/english/2196/english_2196_01.wav,,native decoder bit marginal
audioseal,8,294,targeted,40587,16,0.6925457716,8,dataset/collusion_300/english/2196/english_2196_01.wav,4,native decoder bit marginal
audioseal,8,294,average,50402,16,0.5138789415,14,dataset/collusion_300/english/2196/english_2196_01.wav,,native decoder bit marginal
audioseal,8,295,single,63045,16,0.7198254466,8,dataset/collusion_300/english/2196/english_2196_02.wav,,native decoder bit marginal
audioseal,8,295,targeted,59297,16,0.5807973146,0,dataset/collusion_300/english/2196/english_2196_02.wav,1,native decoder bit marginal
audioseal,8,295,average,37924,16,0.5617787242,13,dataset/collusion_300/english/2196/english_2196_02.wav,,native decoder bit marginal
audioseal,8,296,single,23666,16,0.7360616922,4,dataset/collusion_300/english/2196/english_2196_03.wav,,native decoder bit marginal
audioseal,8,296,targeted,21618,16,0.5252220631,4,dataset/collusion_300/english/2196/english_2196_03.wav,6,native decoder bit marginal
audioseal,8,296,average,48029,16,0.5044437647,11,dataset/collusion_300/english/2196/english_2196_03.wav,,native decoder bit marginal
audioseal,8,297,single,10562,16,0.7168828845,14,dataset/collusion_300/english/226/english_226_01.wav,,native decoder bit marginal
audioseal,8,297,targeted,25652,16,0.5227304995,8,dataset/collusion_300/english/226/english_226_01.wav,3,native decoder bit marginal
audioseal,8,297,average,7266,16,0.5673580170,7,dataset/collusion_300/english/226/english_226_01.wav,,native decoder bit marginal
audioseal,8,298,single,34442,16,0.6970966160,8,dataset/collusion_300/english/226/english_226_02.wav,,native decoder bit marginal
audioseal,8,298,targeted,50058,16,0.6703684330,15,dataset/collusion_300/english/226/english_226_02.wav,1,native decoder bit marginal
audioseal,8,298,average,1478,16,0.5868394971,1,dataset/collusion_300/english/226/english_226_02.wav,,native decoder bit marginal
audioseal,8,299,single,31275,16,0.7109109759,13,dataset/collusion_300/english/226/english_226_03.wav,,native decoder bit marginal
audioseal,8,299,targeted,63611,16,0.6560006142,8,dataset/collusion_300/english/226/english_226_03.wav,3,native decoder bit marginal
audioseal,8,299,average,11151,16,0.5099798441,6,dataset/collusion_300/english/226/english_226_03.wav,,native decoder bit marginal
