path,bytes,rows,sha256
data/average/k2/audioseal.csv,40283,300,a2b2dfe436269383b2ea3f1e2beb48662568dd27a10a6575f11221b1ee386e89
data/average/k2/timbrewm.csv,40022,300,2ee4d6a40ade8e542cd0b9d7c7848c60c810ed3abb774ec71b7376f804e594cb
data/average/k2/voicemark.csv,40268,300,34dc13ade47877fd557698b53a0c5d460f7bac1cce35f834793b99df40a50579
data/average/k2/wavmark.csv,39683,300,f537ac64cb2df64c14fc4fb6d8e62021a85dea729bc94e1963bc129b1bc6776e
data/average/k2/wmcodec.csv,39912,300,baffacf12090b4fe8b301e232704067d75c2af7cc1e20e9487940f0cc81df9e9
data/average/k3/audioseal.csv,40284,300,00973c2b772328ef7db0145359b401dd3ef7217500ac55dc80cb03550ea04dda
data/average/k3/timbrewm.csv,40031,300,2671c3759c137f7e75ea7f75ff4da71f145102dc0574d822654d4d16bd291f09
data/average/k3/voicemark.csv,40251,300,af1568efb0e93471bfc9114dcd6819e5c4322e077c32856ff18e6af5716dfad9
data/average/k3/wavmark.csv,39684,300,7699636a215c0e637e0123af094ebb9724f064424e3e18ff055198491a01343b
data/average/k3/wmcodec.csv,39930,300,c3286d660efd3f867cd7059803a09009275dff74c119ccaf11d39347724cd2df
data/average/k5/audioseal.csv,40283,300,bff4a2a7d76d97005652fde7849902e44a001424086f544a2921f41c126cc823
data/average/k5/timbrewm.csv,40021,300,b35f1c08ecc664f2df907583f96301c9873bd4d03a96107565392e3df937884b
data/average/k5/voicemark.csv,40255,300,8aa416ddcb4fb139d585fdae19bc306dbf7ab14e1e6f9e9952da0a4a8f0714de
data/average/k5/wavmark.csv,39684,300,cd3cd662fe26e0f340b7dcd659a51018bcef87745014688813c72cb765ee09ed
data/average/k5/wmcodec.csv,39926,300,cd0b4b84a34281aa68c14a1f78ba15feda1891834fe18e6fa9a192d75fb18587
data/average/k8/audioseal/trial_000.json,2611,,d750ba9a72bb6e117499df8241ea0410dd250203c01fd7986509c3d2509e3beb
data/average/k8/audioseal/trial_001.json,2603,,ce129ef0468a1708515d639049ff0a193afc62462e565ed4943b6d576f650d28
data/average/k8/audioseal/trial_002.json,2619,,9a79025286ecabcb18fcfa09fcda1b36f4d43cb6fce36991c4f64a334e04fc23
data/average/k8/audioseal/trial_003.json,2621,,5fcb9aed250a15e5ba7a579979652be745412741fcb6fb4f01eac66922b7855b
data/average/k8/audioseal/trial_004.json,2597,,dc16bf0d0664e91a5ff7513a3c15f6277b90e6eb4be84df8a265605ebfbff729
data/average/k8/audioseal/trial_005.json,2597,,aa09bc219987e23b0b00d7f8a17ddf921b95728b54eb79e9f2cc42d71787f1b7
data/average/k8/audioseal/trial_006.json,2609,,e55dc3d53160545fa132db0852a831ecf9a719f9eb007ad178f2ddc4a4c96da7
data/average/k8/audioseal/trial_007.json,2616,,ae5f080d956272876e93cf615f5763d45bd186008d7c7132b11cc9a7906b5e24
data/average/k8/audioseal/trial_008.json,2600,,a807b92a0146152198977e2c3e2a8928895bf6af843bfdcd3573f24a01a012b4
data/average/k8/audioseal/trial_009.json,2597,,2ce47015377cc299ef4436c9a361697b4d5f5a57001b6110393b543ba63ee43f
data/average/k8/audioseal/trial_010.json,2613,,dc239755df2ffc8565a67af16ca14b670c6b9a52f71e7f4a398ac7ba212c1dbd
data/average/k8/audioseal/trial_011.json,2612,,7bfbebe7e113d0861e78153b4d1b0bf7a151fe35825953ddbb511ea82eb11f23
data/average/k8/audioseal/trial_012.json,2622,,0e19a107f4eea03fe0a0c7747e1c3d7d4dc7536d16b048320439231f5482ab20
data/average/k8/audioseal/trial_013.json,2619,,5ecda5eec2ce51f041767a07d86d4c32aec8186f7b64a586d1aa8371244265cf
data/average/k8/audioseal/trial_014.json,2611,,4948646a425b8e71deaf4118c9b16cac68c9b07948b5f1999ab35cba26e6deb4
data/average/k8/audioseal/trial_015.json,2615,,e2899fa274de270b1362285e9e7cf786cccbbe94695d096ee0d4fbb5f35396a5
data/average/k8/audioseal/trial_016.json,2603,,2c68dd2101502a07fae9a50885b1b89d668de0ff1beb4ed2d1c691e64d590234
data/average/k8/audioseal/trial_017.json,2605,,d4ce5f1936ad6518a94198bc4afdb9bdbcaf03ff26a2bf9096083172980e37e4
data/average/k8/audioseal/trial_018.json,2609,,62dbfcc2badd71481c7ebb271dbb530b625bff5f6f5459ab8de04ea8a54da48c
data/average/k8/audioseal/trial_019.json,2613,,c0d65b7b9083c0446f58870acd3f8a65f92e83ac96fcd7c84a9d15e725e6f9c9
data/average/k8/audioseal/trial_020.json,2602,,fd28fdd1e39719ba0fafa15ff9cd9c4abb829b710fbc19a0b3409e0d3bdf2666
data/average/k8/audioseal/trial_021.json,2598,,99ab96412d760fc5d1b06ea52c38ca65176107e63864b1e2a05593337b11bd1c
data/average/k8/audioseal/trial_022.json,2606,,111a4149ab7aaa0869c41b0b9b92b1acca84420b4dce778078a23bdd338feaaf
data/average/k8/audioseal/trial_023.json,2606,,e228e9c3174906b1870715453123d6e6c8695f8cd1d733b743a5bc850f26019e
data/average/k8/audioseal/trial_024.json,2596,,9d9a77812ebc4b035b056018e1d4b98f76903dd9d8fc18f79c04800c2e74ac37
data/average/k8/audioseal/trial_025.json,2610,,a00bc9abcda20a891fbe8659116c9444565c49f0e1f12a846a89093ddea089c8
data/average/k8/audioseal/trial_026.json,2620,,726d8321dd7c182d5e012f6d04d6aadcb6daec7a16ba06be1f95176010bab3d0
data/average/k8/audioseal/trial_027.json,2619,,62fda6f047153840cfc3e80183cca474ff3d4a25f00ec12baf704e484ddb1284
data/average/k8/audioseal/trial_028.json,2598,,5f35552cd6838b59146c715743628cad44f443de617a90338ce9a8143a616e09
data/average/k8/audioseal/trial_029.json,2616,,05a8e65390dc5fbcfe6e12e82c1eb6a9da438447e2af36fc1e12a19be79e580e
data/average/k8/audioseal/trial_030.json,2608,,7f250a2c6fc55df945dabbb17482bbcf57a3b62b34e3f49b53e541a82e5d3bf4
data/average/k8/audioseal/trial_031.json,2601,,c7d32050f547efb955ccfecfd5f6ec9a01fe19a0fd45aeb73a7b71c386af07b1
data/average/k8/audioseal/trial_032.json,2617,,4bcf82b55786b2bbe26162969ea937c07ad7f2d8a88f84ca4aa1f6953b9ace68
data/average/k8/audioseal/trial_033.json,2617,,5b47db8171eee2f391a3bccf87c92856968cd88dc75ebbc614326c1bafb479ee
data/average/k8/audioseal/trial_034.json,2620,,b47170ac21c2038027fc9e41c1e4752c66740677d1344e5eacded94f251e310e
data/average/k8/audioseal/trial_035.json,2610,,d3b4d1272023145a6cc8e24304e2ece6baea2d5fe4c4187aff1c2e8d7e1fe355
data/average/k8/audioseal/trial_036.json,2600,,3e63c812f1931a712f8303d3c94bb180012489183ac8269cdb47d3362b085da8
data/average/k8/audioseal/trial_037.json,2609,,52143653adc023775de7f8ac02d788a787bc2e34e829a297ff1d5f9c4b5fabcb
data/average/k8/audioseal/trial_038.json,2617,,307b8b3c0c458400afbb2e9a93dc5dfcb585d496fca8fbb13a2ab76ad86a904e
data/average/k8/audioseal/trial_039.json,2613,,6cf41c5d3a362a644aeb74c5b3e291b42336a3c1d4d4f7292e0d3a48ccd915ee
data/average/k8/audioseal/trial_040.json,2614,,b49668a407c740545418ec8d70874b4fc6f1c2caccda0b950d602de5100eb828
data/average/k8/audioseal/trial_041.json,2615,,5f7899e05368cd71a0cc30e1a46c879796fbeeb797fdb9822c0d0b56f928fa2a
data/average/k8/audioseal/trial_042.json,2616,,59dfb4b07b0f0416d7fc309eff89cd49272053e36c8346569cf49d55738634fc
data/average/k8/audioseal/trial_043.json,2612,,9237bef003dcf47c26c630d7022a0172cab6f27cd8ecd55a3da4fb2820f2d0b7
data/average/k8/audioseal/trial_044.json,2605,,bdd3cc4283548e25f06f00e524ff8cb20ccb4a2dc82d46ee8ef6d48ed0e15ec2
data/average/k8/audioseal/trial_045.json,2619,,b51bba672a54edd8d5ad51342d00f94304cfe90271826c57350ec8aa61d0f941
data/average/k8/audioseal/trial_046.json,2615,,4ed54fcf07b52225b5dfdfa47611abe1b19dd60c4160d16db6efe962e51624b9
data/average/k8/audioseal/trial_047.json,2620,,6fdb248f990f9919d2b162d6a108a99a5c07645eae669a66c12d70f39f59e222
data/average/k8/audioseal/trial_048.json,2612,,4dfdfeb95103e6d21698e999ce0fa5980a10a492e6b62acbbb09d95f5814a635
data/average/k8/audioseal/trial_049.json,2611,,c84b0dd293c71a19fd30cbde446e851f71804ab4480838762ec2712a78dc130f
data/average/k8/audioseal/trial_050.json,2607,,84a863a5ba9e6a0f23c2223ea2a0364ab0924c426c3c87706714af7d6178d376
data/average/k8/audioseal/trial_051.json,2610,,2b00c066028b7b6a6677f14c20df74440ee81f5e38872a1210dd353a30b7fcb1
data/average/k8/audioseal/trial_052.json,2620,,8ea1630bfefa27202231358eb94b250c025ca85eb7166b90f9ddc3f2d8da6d75
data/average/k8/audioseal/trial_053.json,2613,,0eb13b4e1be64ee556582826b9791912e73d370ef5ed329a3e8423db58fbf26c
data/average/k8/audioseal/trial_054.json,2596,,e26fc2fa2890412d6016e8313520fc71b2d161c3b4ce48169c9b8f44b47307b6
data/average/k8/audioseal/trial_055.json,2611,,effd9dc1febe7c4931a87b6298fb931d977083f158f34492f93c078da0128781
data/average/k8/audioseal/trial_056.json,2602,,012e9c90c0d89be00e292ebe93bf631d5fb9e8c72e3a113e48c10b921f25113c
data/average/k8/audioseal/trial_057.json,2614,,6b2a5f7e08df96acf0e7716f8bb2bf85c131e6408480765c5f4657f5cc711e04
data/average/k8/audioseal/trial_058.json,2616,,b59f59087b746d2ede0dc97db67fab26a7ac06483ba13357dccdffabfa11d1e1
data/average/k8/audioseal/trial_059.json,2608,,f24a784f252796934c2c65a46481b9b3bbddc73c5a6187339fa79824d78c8366
data/average/k8/audioseal/trial_060.json,2599,,9442023b6d6887af2e1bdcecf832c0ca1399faaa4a4b02996a5e06fc87988acc
data/average/k8/audioseal/trial_061.json,2613,,0be8f6dee4bf7afa43cc86d35fe8648abae15cc1137640db7a226bb9ea44c47c
data/average/k8/audioseal/trial_062.json,2601,,3155c2fa763a0a1f175118634a8c6c757051dceed39a351a8f20493936449a62
data/average/k8/audioseal/trial_063.json,2614,,c53c2a2d33ab785e3b28443fdf0990c05627bb6409138f340b42509d638a02a0
data/average/k8/audioseal/trial_064.json,2592,,bd2be0fcbe0c7fd5c510664461db78ff605511de98f05049e0f77c9e0d6d38e5
data/average/k8/audioseal/trial_065.json,2622,,1176c61f445d36f205517104c7b504c0fa27f2eb18dc08a8cf0d079208378f75
data/average/k8/audioseal/trial_066.json,2608,,d8d3ee4a60c3b581066aca8beaa4cf62e12cb5d84e0339c42d5329b99a98699d
data/average/k8/audioseal/trial_067.json,2600,,a9af332bdc7c27303c772086eb9ad5a87fd37b9a2f77c935156e470dea35a367
data/average/k8/audioseal/trial_068.json,2617,,12f182c80286f48a33853295d4da1f6812c757785e7fc43b5f127645c55f9a9c
data/average/k8/audioseal/trial_069.json,2607,,b8f41e799a5d95acd86eed69e2b4c72c29551cc4e0ec3970b923723cc68cddb8
data/average/k8/audioseal/trial_070.json,2599,,7e840d8be8469939f15ae614a66e76280999a8af007e796768be1fef6e0c9ee2
data/average/k8/audioseal/trial_071.json,2613,,1af424940664ae43d377667d584164081be8a41b2fcb3d4816b209f55ac194b1
data/average/k8/audioseal/trial_072.json,2614,,d08dc308f77335f44901d6b0a758cf857c2b13eb9d93fef4af45c50d4086f91d
data/average/k8/audioseal/trial_073.json,2609,,67d981048ed0bb08379d57ba5b9ce1754593472e7a26a3dd21b58060714c6284
data/average/k8/audioseal/trial_074.json,2608,,23823d2944925b7ddc61d3005a7897f4575203e3b93762553eaf95df7ad241de
data/average/k8/audioseal/trial_075.json,2603,,719bb8d23a8d89100b5a2c719c61930fb39764fa424868e0377c74f2c2b8b9ea
data/average/k8/audioseal/trial_076.json,2608,,d23cb97b272af1f50c1558347718d50c40b5d0df803945122e0e647e43abe77d
data/average/k8/audioseal/trial_077.json,2621,,b6655764a6c65461ebef97864d5df67d013c68a1da7978ad98e51be1c77490e9
data/average/k8/audioseal/trial_078.json,2607,,67acd0d2b37ba22833f79c56d315d56d06fbb508f847a4640e7d94c81abbddff
data/average/k8/audioseal/trial_079.json,2604,,5aef028301f1bf5dea510ac31ac28a496eefb07cf940230053f486e94280f7bb
data/average/k8/audioseal/trial_080.json,2619,,f895e7d4a2968465c19b3acc170c4590606b9c7dc2f5afacec324b93baab4747
data/average/k8/audioseal/trial_081.json,2599,,b846a374c42895e3b6946c4f402b6851ebcf27d10458f60febe88e8ade7b1dac
data/average/k8/audioseal/trial_082.json,2605,,05a571ea648954b5b052ed05bc61dd53cede2b900e64bf72fb0f00ecd98da67a
data/average/k8/audioseal/trial_083.json,2608,,d67c5de52260f6f4a0345de7ef1f7a55cfb794101426942ca3128ffdad1868fb
data/average/k8/audioseal/trial_084.json,2612,,19796a0593a04cdda97be10870b9f5802abc7faa87a2393e45cc71f2c19257fb
data/average/k8/audioseal/trial_085.json,2618,,543a2115e0d1871ad44ba6957f2bdaa08306e7088464acbbe44201755fe1ed83
data/average/k8/audioseal/trial_086.json,2620,,0dec94c54fd45b23614562161c6a52fe8901cb348ea0aba2580d22748b542370
data/average/k8/audioseal/trial_087.json,2622,,b2d31001103d1843fcc2a9afe7693a33f2f0a2292b19b86a8409371802765d6b
data/average/k8/audioseal/trial_088.json,2602,,59127e0b22bed8d6e3ee23d6bd1094ea5ec1d462388e14910a46a6ede26f1a42
data/average/k8/audioseal/trial_089.json,2606,,16326188183fc446d0eb692ad598389333ce9b1a757d9ab6620018d5510b6edc
data/average/k8/audioseal/trial_090.json,2598,,816b6c387dd873587258150a9edb8e412cd2f7e273c07dc5cf387c758f2f3dcf
data/average/k8/audioseal/trial_091.json,2618,,48b77b55361bc191eb0469b0433756155c82061a42c83756172ba8815735a322
data/average/k8/audioseal/trial_092.json,2584,,5d25eb6af0e28d2e281defbd39df8d7b5d772133d75dfe670a68268da333d7bf
data/average/k8/audioseal/trial_093.json,2600,,d21489076c9285290272fec1baa2363ca951053c042e3391d5d42bce587992a8
data/average/k8/audioseal/trial_094.json,2596,,fcf1bb9387629c17a47c32d47c42acc9019e31cf7eee50793ed477e7bfcaf650
data/average/k8/audioseal/trial_095.json,2594,,001a4d358fd4f78f32a9b0bb09e5d1e72ee7b2ff26430316a18617cfbcdd014e
data/average/k8/audioseal/trial_096.json,2601,,67da0e14551254496c3da29dfddccfdb99f2d5f4663f3530fca4b3da1f4a455c
data/average/k8/audioseal/trial_097.json,2619,,83ad31d4bc872ebca614124eeefbb9d36db63910621d437f3d742c6632f5ac2a
data/average/k8/audioseal/trial_098.json,2617,,abe5b7f275be96432340b306b80ea7b4cfa914facb9166d605174ab8a8bec716
data/average/k8/audioseal/trial_099.json,2608,,31133d6b1cd88619e3a8e107b31e411abd1905f2c5bbc752380908820088f020
data/average/k8/audioseal/trial_100.json,2619,,53b5d4d6162d6ae7dbd93009bcb1cc0e7a3f75c117733d5d33515e46de32019f
data/average/k8/audioseal/trial_101.json,2608,,5a56ed552020edfc625a2928ae7f6d04b07add0124395c3e5861d2ca1635b463
data/average/k8/audioseal/trial_102.json,2613,,7247f9ecf41b1399216bad1140258bcadf2640850079d52698159d202544cf37
data/average/k8/audioseal/trial_103.json,2619,,3552e14ba1af0be9b235ba70c15799b4ce210db7b1bab4f6c7de79db2551bc51
data/average/k8/audioseal/trial_104.json,2617,,5b1c8220e581d50e84851c1db459ef9e3490e7f6af951a539a51bd42c0a519d9
data/average/k8/audioseal/trial_105.json,2608,,a02fc5a8a7167629dd638479f5e700e7035bac93d418d17f4726d3639d6b1a1c
data/average/k8/audioseal/trial_106.json,2608,,6e302b6752ecad2df9195649972b1700f192ff99386bf6f77d2a2c81a5c8a2dd
data/average/k8/audioseal/trial_107.json,2596,,ff086304beac7d33f65771527e1aadc8e73f8c2d6b41dbce730f7bb3d4104bb6
data/average/k8/audioseal/trial_108.json,2623,,8069ea47321f3c7a201471b6a3c1f5cc6f9220d47c72f7de572891c0189619fe
data/average/k8/audioseal/trial_109.json,2613,,e550f8cdeecf2e360a48280efe0c2706dcdb38772d95efdd67f4443b5c63edec
data/average/k8/audioseal/trial_110.json,2599,,e365cb81be987da5c6afedb92d5c3599465fa1b25ff7386f2716da70e1a62a56
data/average/k8/audioseal/trial_111.json,2617,,a22851089667d4c79c6e4bd636f37c3239c09438f7827fd3ef1aa99e0bdea2d7
data/average/k8/audioseal/trial_112.json,2620,,657e61dcba714515a493d00e4501a98fb1d3f3d1d3217caa33cb71bc2da89a85
data/average/k8/audioseal/trial_113.json,2620,,7fa2b77ffe8487f9c22d6d6fdfe73fc908ee51c989920067e870f4b098b828e2
data/average/k8/audioseal/trial_114.json,2620,,557256bcfc9cdd4168d93570820c711638f482995983692b4276a935362e917a
data/average/k8/audioseal/trial_115.json,2618,,074311b3b58991d8d466615371b6aed27fdd3538779778c75d8b5b0a65a2624e
data/average/k8/audioseal/trial_116.json,2612,,f5c537b3ee6350a3e29df191d93cfb192412ee0819ce98ad423b64ec85d165b9
data/average/k8/audioseal/trial_117.json,2621,,a77992dd16e67bcdb540cdd49ae68f184786a7bb5101093421adeb6a6635de27
data/average/k8/audioseal/trial_118.json,2619,,5f5021f5405ef2e763004227c0612df979bd9d0a60ea8841e173c83dee81f226
data/average/k8/audioseal/trial_119.json,2615,,3e733c05df32a2b3349ab6bcefc42bf96ca3dae3f50c6603b1512db7b7921a55
data/average/k8/audioseal/trial_120.json,2602,,47ecf7757b89048e247cc32f6b8f418ddb8ad4ea9ddb713ebb264c2494bdbd0c
data/average/k8/audioseal/trial_121.json,2603,,58e13a52a96f897e4da63116c6d3d67ca5e2b03c0163162fdd5b83eccc1d3195
data/average/k8/audioseal/trial_122.json,2602,,a41df357ac109041e4c599153dddbbaeb2950a1318546e0596f26cf85fcaefbd
data/average/k8/audioseal/trial_123.json,2601,,38b83b2f7a8d40c9d48497ee2d705561b7b450dd8992d01c8b4089dd5a40b46b
data/average/k8/audioseal/trial_124.json,2612,,05650fba172bd21b9dbd154b3af1f54a6fa59fef494712ad4ebc810a59d48375
data/average/k8/audioseal/trial_125.json,2592,,48766e2d7f4abcf94b61272ee4b017930f13c086f0549c38f2488cab4d693121
data/average/k8/audioseal/trial_126.json,2612,,4d803719aaf5f565df71d65fa323fae3694ac4f4425f85b41ae73afb5e52887e
data/average/k8/audioseal/trial_127.json,2616,,44985409d5543e52dbdfd8e5cc3fb52b1455c796bcf262f1bba504b5ddce415a
data/average/k8/audioseal/trial_128.json,2615,,5895aa9e0334d59c5ffda0af644c81dd3efa0dc302ee416768626c7726a3a6e4
data/average/k8/audioseal/trial_129.json,2612,,1d6a5a2d8d9748651566421a60f6bbc6cc41e4cf726ead2e6d30a9dc2891b9fd
data/average/k8/audioseal/trial_130.json,2612,,002830242931f4d8b1f198378454f1c8c08cd90a8bc5ae1d4b4a4527a57ddfcd
data/average/k8/audioseal/trial_131.json,2614,,daaf21ffaca674f80f2b74ce2f2c123f5159e346a63466038d45e83c267ac6c0
data/average/k8/audioseal/trial_132.json,2605,,d85c436a86337307f5cd1a1db17760363b69ae2008dcbaee75d1993e3cfb666f
data/average/k8/audioseal/trial_133.json,2618,,43eec09c69f42662f1b04a838a728fbfc36df5d6a0eabe8432968e374e029312
data/average/k8/audioseal/trial_134.json,2603,,30a4805f9cbdd97fe535509f60a504a09c0c958a66d792a38bcc8724d1fb890f
data/average/k8/audioseal/trial_135.json,2590,,807df6c21d60d67dda2e21a1b250070c0f6a83a1edf8f09b1e1e58f6ec62bce8
data/average/k8/audioseal/trial_136.json,2594,,199617c5b5252bb0aaa0728509dffdd6e1482f340e58cecf7cd0fd1112015dfd
data/average/k8/audioseal/trial_137.json,2616,,eb49fdfa9fd79dfdba679541a4751fd44038e6b0b438f4ff8c3c64451da67ef5
data/average/k8/audioseal/trial_138.json,2621,,e6d9acf19fdd193ca726762d1529384d90db55eb2685289fa99fd6b4477509cb
data/average/k8/audioseal/trial_139.json,2596,,e290fa78d639cbab6e0ef22df79f3e1d3687c5430626287e25a0d609c4dcc6a4
data/average/k8/audioseal/trial_140.json,2614,,9611f1127f185bda83ac255118de1b29dda6a70e53d983b84f8bb92e0fc38c02
data/average/k8/audioseal/trial_141.json,2624,,c29e6287e4b44528766d79b9544bc0da69bd4bfa9d626f78a2c334d4726b3e24
data/average/k8/audioseal/trial_142.json,2608,,2402d6ba0c2e3542b27268c3e1d6bd095039701fd5d4ce32ac9d1aedc6914aa6
data/average/k8/audioseal/trial_143.json,2603,,6e7c3b69a931a32a069e433c0814faf51605e9fab1336712dc68c28088e9e517
data/average/k8/audioseal/trial_144.json,2610,,2170a27723f96f6cb2d6b9ad520c8804b9f62599becb7efb7be5f44404d8652d
data/average/k8/audioseal/trial_145.json,2610,,1fc6d0f11174c2ed53bbcf8d3553ac63cffcf9cfc5c85ca6c3bf793996db2f40
data/average/k8/audioseal/trial_146.json,2619,,2b54d636c06c7433269e86873deb1ff4a75509c1ea045433a26f29febb0a7878
data/average/k8/audioseal/trial_147.json,2615,,66e82e2b3672bc60ebec2b07065765ef722ccb76dc0b54944af2a388c73d8b03
data/average/k8/audioseal/trial_148.json,2608,,ebacd3c9b84640708b67606d9f510dbfdace7982624eea6adf386a6b4c9668f0
data/average/k8/audioseal/trial_149.json,2617,,4e8fb4e104d71fe205dc894c7cc9f93990ac62bdf81fe575a4cf19b9bed150e4
data/average/k8/audioseal/trial_150.json,2589,,183e85a2cf2d4eefd4db2cb70ac0c1a8375906ae74f99b23309dd34cedbc540b
data/average/k8/audioseal/trial_151.json,2592,,90581bf033ee0209f54373fea1d54de670b4979085bcb23a59c57664ebcd4b8a
data/average/k8/audioseal/trial_152.json,2589,,cfc80eac1d3abeb044bdd59958e9f2ee199fce5165afb2d715e6e3c06d35b4f3
data/average/k8/audioseal/trial_153.json,2605,,cbd8d755701b4f43ecc3d40a60b75b6dbd3fb6d5404c2568b5ceace3e0874b4a
data/average/k8/audioseal/trial_154.json,2593,,b4c3ce209bfcdd8110fc9351adc8d3f7832091b2d7279f1d57ebaa65d5e232d5
data/average/k8/audioseal/trial_155.json,2609,,e3bd6d1215c112cbe514b07dbaf4652f3743664991fe4de03b0bae6514cddf51
data/average/k8/audioseal/trial_156.json,2590,,e4677ee1f70637eed54b7e5266d1de84a5e3c8fa90063cb097f08eef9e0b1977
data/average/k8/audioseal/trial_157.json,2614,,6e26917a9fe0d20a082d09336086b10f8cf0fe2ce3bd5843ca25e874aea05372
data/average/k8/audioseal/trial_158.json,2598,,5dedf66e16fc764cdafe2fb93e61b84c470bd2c69c5b400a9b261c6286205b49
data/average/k8/audioseal/trial_159.json,2611,,2dcf29cb173e2b2246a85837bab8322f8c0bb371084d19f9a5882aaab14025f2
data/average/k8/audioseal/trial_160.json,2607,,69e4e99e1e6818b847f46a61748773e3ee75299488b543060f2c7d1e4c8371c5
data/average/k8/audioseal/trial_161.json,2599,,af2493b532195b2145eb16ec10d2d3e9708cc4e547382024953914d8150db73d
data/average/k8/audioseal/trial_162.json,2591,,5b8ae1974fad16c35ab501c6a09bca3f7b92f346c00540c4915dd0c1e36c171e
data/average/k8/audioseal/trial_163.json,2602,,5de21f3aea5eb44b3237440b557181ab56e376753719b75777be60770c648834
data/average/k8/audioseal/trial_164.json,2609,,103bfc93019ca8d05dc111578e14c61866573529fb5c6490b3e14bafa9265516
data/average/k8/audioseal/trial_165.json,2603,,752c840f6196f1df3df87d16a33a05ed3b2d4e7c0877ac7510e0ef4015857fd9
data/average/k8/audioseal/trial_166.json,2607,,61899d642b0603e3321903d3f8bf8d5a72d6584ad1bd8e38570193a14e7854b5
data/average/k8/audioseal/trial_167.json,2607,,3d337d29485d8d8443e5109b055a8cc6e344af48da806abdd26faa9f1ebaff98
data/average/k8/audioseal/trial_168.json,2592,,6a8cf31a9705bdd2f9d5ba13ec2c5469f1fb74898940c53e704e4632014057de
data/average/k8/audioseal/trial_169.json,2612,,134e52889cc4cc06b3881574c064d70bd172f52ab1224d50f09f9c96ff1c3acd
data/average/k8/audioseal/trial_170.json,2598,,9094d259b158805bcf1dd96cdd74aa851a1737f97ba11c0ace48f24a192fea33
data/average/k8/audioseal/trial_171.json,2596,,8b832440854811c0fabcadc79768a48f9557704ac8e1306f760e58836cf34179
data/average/k8/audioseal/trial_172.json,2609,,5adc0c49551803b7df6250cf7c3ad20fae5ccfadc88774e9a26abe107e388bc0
data/average/k8/audioseal/trial_173.json,2593,,376d8a25bde9cc5c070b23f7ab41326047871bac2a0ea6d10a51230b486f4976
data/average/k8/audioseal/trial_174.json,2590,,2fce1f69b22e413fd961542f75b978c204901212ab32dcc264cabf13375e7ea1
data/average/k8/audioseal/trial_175.json,2586,,b1e272287b234a8f818db8f581e0b839086ee0323b20c1d0025ae73e2d803de5
data/average/k8/audioseal/trial_176.json,2592,,c9c0fdb075bcdd1b9719e24a62508452a521bc8d97c1391b5794fe22b1114f3d
data/average/k8/audioseal/trial_177.json,2613,,a6ec1499188ad10831a688ad99c538c3dcad251bf2959b1bfd46d15a0e08c4e5
data/average/k8/audioseal/trial_178.json,2602,,fdeff553b664cb74c667d64b15d65764cc63d1cc00e98df92d05a9230b3e8a42
data/average/k8/audioseal/trial_179.json,2595,,8aa0ee523072b091c1c6362ec5bcd9ace483de0391385aa0392f40cca92ed4a0
data/average/k8/audioseal/trial_180.json,2594,,ca8182311537dc167b8f95f64ced6735131f762b40d5853f29d0dd1635c2423c
data/average/k8/audioseal/trial_181.json,2597,,2a1c828616f56c958b62ff1eb471021fe3fc5e4a3ae94ff6aaeec2e78cfa1a51
data/average/k8/audioseal/trial_182.json,2592,,12af233b2b44aab484839730f91553973f4d24be1310e8be54838f0bf3e01da7
data/average/k8/audioseal/trial_183.json,2608,,e6f77564a25962af4488add6c2c9c5e2ebd86c6b55adc15a9938c39f1d502f42
data/average/k8/audioseal/trial_184.json,2584,,07efc6164ef7de721daab27f4b3d3768164c64ea0c4b3e22c80c30072c777d7d
data/average/k8/audioseal/trial_185.json,2597,,abfc3c34b8442ce8d457be86354342c404f5a6ca3fe620eecfd557e980d60441
data/average/k8/audioseal/trial_186.json,2598,,a167f9842bddea1bcd1f8949049b252f0cf741c00bf2bfb9bc77c83ebb4831dc
data/average/k8/audioseal/trial_187.json,2603,,2fc19aec017b81d134d1bd09e6e864be2dd34582e4c2ab93456698bcf3b292e8
data/average/k8/audioseal/trial_188.json,2582,,f0a67668f8f8c7d2709b98baccfd5e8c5ccd2b6c2d65c83f6f92d3f3c5cf146a
data/average/k8/audioseal/trial_189.json,2613,,0c2eec2dadbddd7ee69b1f09c919c21876af5eaffe71c7c4b92ef8a07428ef0a
data/average/k8/audioseal/trial_190.json,2593,,b080ee44e72cdfd461d531a9bc5fd1635df726c5c0cf773742464f6121421c8a
data/average/k8/audioseal/trial_191.json,2592,,b04d169248306cb7cdb4acd50e56a7a93b0b2e77bd97ef05695af73e4cb2b7c6
data/average/k8/audioseal/trial_192.json,2607,,944b0ec20489447ae64e1d1ca917c1a4ad9abdaf4de1fc3c709e56b628579f77
data/average/k8/audioseal/trial_193.json,2611,,5af61c1fcbfa835fb7dc70eba591e01dce7a886b8d0c8c6f8182d0b9c0d41381
data/average/k8/audioseal/trial_194.json,2582,,8f7e367e60bd078d29613574a1ab6c81ce699ceca5d91de93f7bfa2aa22d9739
data/average/k8/audioseal/trial_195.json,2606,,cb4d15975deca5881131549f28b25d14a8e4fe2ee4c4b6924799787e98e113fa
data/average/k8/audioseal/trial_196.json,2616,,bb1ab945826d11f8c4a87c4e6a8ec5d3ff215ec364427199c74f73d8f5bd9692
data/average/k8/audioseal/trial_197.json,2602,,47060377c8d32c6ac13c8a064498697ab37626cb8ae8e9f010fe3a72664de847
data/average/k8/audioseal/trial_198.json,2595,,f4b2fa65e9f603d4617c22910aad7b27b9f27f3d70a5d7d4b7fec153a05a2a6b
data/average/k8/audioseal/trial_199.json,2607,,ca78ecd00a654215694e8b39b5abf0ed0775beae2c60b9795fba855be00e7d5d
data/average/k8/audioseal/trial_200.json,2595,,0d660517c081d633cedc50a9973691ce082fdb8b00ac032d949a81a7776cc3cc
data/average/k8/audioseal/trial_201.json,2608,,8c963c5adc192592ca10fd8fbfee2837d77a1a2b635e4f3f95db6f93182f2077
data/average/k8/audioseal/trial_202.json,2594,,947e6c31d5d1b2e0c05af578a440e80e29663a9e49c1e3c7212a60562d39f2c3
data/average/k8/audioseal/trial_203.json,2588,,acec0b119dc5e9e0e3478d369631f468ca376146faab7e37094347bc039c26df
data/average/k8/audioseal/trial_204.json,2597,,b16c7778d25e44c30332ad757c60d46502986f0fc86e6947668a09a51a69da69
data/average/k8/audioseal/trial_205.json,2610,,2e502a525884876edb788637fc77d91a601a6d626924fa9d5ccd1a0c5e08b26d
data/average/k8/audioseal/trial_206.json,2585,,a2d6208653dfffb33752b7f2caa1c3733dcff5988f6d168aa9a5ac5bf8f6e2d4
data/average/k8/audioseal/trial_207.json,2592,,f9b944199d3330bead92ebfadb97f72d6678e768636faf50b547b2f64ec6a532
data/average/k8/audioseal/trial_208.json,2583,,e9d305ab69af8994b0878725ef06c137fb11a605a6fecd2b4d456a666027a825
data/average/k8/audioseal/trial_209.json,2604,,db8723fd668c541cde50e846c26ec1745684e1271260a9c7926c37b14a880025
data/average/k8/audioseal/trial_210.json,2606,,9e83ca67bb772246d12eee7b38b28e11553eb1bb6acd5c4315e0b15121cc3a2a
data/average/k8/audioseal/trial_211.json,2588,,575c71dfbe289e7d5b2fd8491bd234022878b197fa9f9220e05112077a30cdd3
data/average/k8/audioseal/trial_212.json,2595,,ede77b9de7b37a1d1bd526ff207fae5fba65feaee8987e0ef0f112c94bbc4005
data/average/k8/audioseal/trial_213.json,2609,,803479e3b72d9ff08ee3a7ae75cf2f7d44bc2dc138ff2e811f62f72c66681f02
data/average/k8/audioseal/trial_214.json,2605,,4d7960c5007e5b0c18f9bce8b9ae33349c97a58c1ef7ca2c1ed7827432d51593
data/average/k8/audioseal/trial_215.json,2605,,9473def26a7781f355e13c23d8877dd6163b95956e554665e0f4b64684ba6c40
data/average/k8/audioseal/trial_216.json,2599,,6fededc81b00c69cd0da08ca095d67f190dcda786b7d3509d3070cba02d118ff
data/average/k8/audioseal/trial_217.json,2612,,41bf49f2f1c9fb087880c26d27cbb2e93b03fbd3a4287503ef370d951510c0d0
data/average/k8/audioseal/trial_218.json,2590,,a8dfef85f97c967a5f0d0af1196266efc66751ba0384c6fcd0b7380453f0296f
data/average/k8/audioseal/trial_219.json,2598,,5a57d64e3b5beae19885ba9d8f48ea0017be4918a87770e894f0517e60a88a59
data/average/k8/audioseal/trial_220.json,2593,,3136de1ab398214c0ff96f0dcc2c91a3b6c6c5ee3c4de6ca1905aca0b2d81cd4
data/average/k8/audioseal/trial_221.json,2590,,04ecb0e0825d561f73e15bc21a1493deda4429b2219f12db4aa3cfdf2bd4f067
data/average/k8/audioseal/trial_222.json,2610,,242b66060c83dda1e66ad8d04a42f0b1374db0f9f9d5f05e107827d39b6ab6e6
data/average/k8/audioseal/trial_223.json,2596,,bac2016dc3b97872546d0c1b2d4f4d21a94f1a7fe982d33cf95a3b655678c607
data/average/k8/audioseal/trial_224.json,2599,,98d0cc9c739668abc37a139cc0ab2436fd8bfae3f739d373f7a920d275ad6b85
data/average/k8/audioseal/trial_225.json,2599,,bfa089b1b6fe2f5ac0771cbf90e7f8a269e563eb87468fb96c39cc3eddeea9de
data/average/k8/audioseal/trial_226.json,2582,,789210916ffbd51cf26b8548d734bebb94c7d1f034a7668416b40ae061acaf0a
data/average/k8/audioseal/trial_227.json,2603,,a2b090a25faded6649cf4792ff3cf0f8c7dfce24c4c71215cdf08bff957ce618
data/average/k8/audioseal/trial_228.json,2609,,28d728bf244f16f424308f0e620cebb52302af64385f50503b95db632dd950a9
data/average/k8/audioseal/trial_229.json,2612,,dfa767195812b07a3fbec88872c62a2d94fa3ca598224f226c717e53c03bd994
data/average/k8/audioseal/trial_230.json,2596,,4857e19cc4559ca85312aa1e50041c5a925abeebb12b349657d08dbdd8fd1b9e
data/average/k8/audioseal/trial_231.json,2593,,a952ad644eae588d66617c0366efea0e07a23222ebf2aa0cccacf2a1639bca96
data/average/k8/audioseal/trial_232.json,2609,,358e04883cbebe4644645372a19d2ce7445372e86d3baacd9a7ed8f8a80632c5
data/average/k8/audioseal/trial_233.json,2587,,05b9280bb9c6843a01049ae40585c08fff26bef6e457c6dfea252128675e1e64
data/average/k8/audioseal/trial_234.json,2604,,33b3c4dfba73d1e3f1d7b4f81e41e580cca35b852e9edf473bfaff3c1c7f1e75
data/average/k8/audioseal/trial_235.json,2600,,60beeb40573ff5a9186cbac6876b634428eb495e2877fc5e9652a15d37c38746
data/average/k8/audioseal/trial_236.json,2584,,a7914d7f07930fac72ce1b2fbe1cf240291c257046da9c752d9de756eb74ff57
data/average/k8/audioseal/trial_237.json,2595,,ae9c31201b596a1d3f383236c0844f9bf95785bb2aebce7779ee418a1633eabe
data/average/k8/audioseal/trial_238.json,2595,,8b49f4ee6e5e59404f6d15d4c1c98262a1b5c6305c5123409dd3145837c71173
data/average/k8/audioseal/trial_239.json,2590,,41e44d79c655bcb22cebf6a3a2c849281384253a6781f85a9f829b4ee9fa190f
data/average/k8/audioseal/trial_240.json,2608,,0e25635113bb58f9e105a5905c8ff160d66b2babda6652b42b265ff523da72cc
data/average/k8/audioseal/trial_241.json,2614,,3834d906f393ebc421769c3f14640bd684c05038357eb7b8ef6214973d6752d1
data/average/k8/audioseal/trial_242.json,2590,,186bc500e7296ce341c2df2e3a503206e9da38b98391cf038da7e01a976cf9eb
data/average/k8/audioseal/trial_243.json,2599,,bb22a41fa66e4266fe1943bef3c59ae2b7041b9dad1532398fed3395a42caf69
data/average/k8/audioseal/trial_244.json,2612,,c84739b2c5ef2f713584ee95c5ab63dd23e9d30a42422e5820f33af0d1034828
data/average/k8/audioseal/trial_245.json,2595,,b7780c08ab7158d70fcfcf2d31cc91e89b3b7bcd3b0c68d334179d9f42e71123
data/average/k8/audioseal/trial_246.json,2586,,b2289fc88a5045eaa3b72f34688b6ff8c6b0ccc54d1204d0a31ffa76ad863e50
data/average/k8/audioseal/trial_247.json,2602,,2646340824000c8cab1e3c6e0a9f15d93f7e618b9da6287894b3f6289f2da404
data/average/k8/audioseal/trial_248.json,2587,,a14efb9c9e2535c8c78e866b1d511f1fb680a932511c25f29ecf55c6543853ec
data/average/k8/audioseal/trial_249.json,2586,,bf64011d32be760fd5be6e1a0f96ae792da09c94d39a373bcacd8ee18c57670e
data/average/k8/audioseal/trial_250.json,2600,,80e4ed62ee5d73cf0ccd4c8ae91963324e3504242d210d65efe1fef691e39190
data/average/k8/audioseal/trial_251.json,2600,,edd09f689c2c76f73436b8d12182bac8198c8663dea141ad280e873ad1d68888
data/average/k8/audioseal/trial_252.json,2605,,22322b5bf659a7a85c9c8514ce74cbfba40f5adf9317dd60ea1077da9619ff2c
data/average/k8/audioseal/trial_253.json,2604,,13c014849ced9c100ce93a21ffc8b31eee9b1164390b9f70862b4aace3db5fde
data/average/k8/audioseal/trial_254.json,2602,,06fc73c67c0983c5149b859f08909f2f774748ebef462ac3466001749593786e
data/average/k8/audioseal/trial_255.json,2612,,111c7a348aa8a65d452ade75215a5f4638ce3f4fa19835b583bdb6aa7718583e
data/average/k8/audioseal/trial_256.json,2608,,25061263fb90275cccc52dbcf09f18818f2048e864ccbdccf98a705baf15907e
data/average/k8/audioseal/trial_257.json,2591,,030f96b3adb5b694238cdb88b317f944472133809263a34202fe21829457acd8
data/average/k8/audioseal/trial_258.json,2600,,5b8a7c65970f6857cdc67c21d37fd51295115c3ccba8ec33b271cb6532bda582
data/average/k8/audioseal/trial_259.json,2599,,80d75fcdd7be0ca7b1057f8328a6370d35bb92e30c61a5e578514f15ead97e37
data/average/k8/audioseal/trial_260.json,2606,,f37643b00e71f56505c95be8cf81082b60f1ef274f00a7f60af3fdefa85d996a
data/average/k8/audioseal/trial_261.json,2584,,c5e0682bda5c3a92463f3a4d5bbf522981b2baabdb456582d9af539dff2bea28
data/average/k8/audioseal/trial_262.json,2595,,b20f3e2f8242715cbccfe499611b32d108d7006ff9d5d9b089df64160f38aab7
data/average/k8/audioseal/trial_263.json,2605,,3373c330aa5c90f3e00934e51b259c6757ef245cfbaddd44b6f7210e6ab6d7fa
data/average/k8/audioseal/trial_264.json,2605,,268742cbe81a4e41e2371793e0a5750428e38257a756aa48dcd14bc888d44510
data/average/k8/audioseal/trial_265.json,2608,,7aed85c633e40aa20b8ec03276bf452d4f03db93c35ee37653235e2e7d585062
data/average/k8/audioseal/trial_266.json,2595,,93be371886d46aa0f793470732ed8fc06207ecab495724162c51689deb7f8965
data/average/k8/audioseal/trial_267.json,2588,,f2e47ce438456a53c19e445e1e2f2c4b8178e02cdbe4bd541dcb82afd30f2257
data/average/k8/audioseal/trial_268.json,2593,,5e920c25d2ba697ff6e3e2209ec4b57193d867ed4ab4def5ca3cd014fdef93bb
data/average/k8/audioseal/trial_269.json,2592,,de96a158ee8266203495093c6c4fee0a4b1f0e35c9f5f1cd11d0e27ad0590c02
data/average/k8/audioseal/trial_270.json,2614,,e2b62703c17e1fd1519f5b25b3e5a2d7f392f47c1f9110772bd4b41f56b12022
data/average/k8/audioseal/trial_271.json,2597,,7f4883a8d438831922a441eec340d551d270a58094436e4697b7e1e83add6e07
data/average/k8/audioseal/trial_272.json,2611,,babf42147abf69612d81a69a935e5a2e23f376e0625cefb51e671b5d4e44eb3b
data/average/k8/audioseal/trial_273.json,2610,,2f83a749d2942c1b5e4a0ce6d6772afc5747b8f3d1f349f260fee81134876fef
data/average/k8/audioseal/trial_274.json,2611,,509cd72f5f1a05cc992783c7058223a163876ead555f31239da19b171990f337
data/average/k8/audioseal/trial_275.json,2592,,a9164c94493e2f4bdacaffb6c5d71dbba2b31ff043ef8bea2538510fb5ff5da2
data/average/k8/audioseal/trial_276.json,2591,,9e745b473eed57c245e32d3e2547946a8c8d6c823580eb407c559a6f1e8eb4ca
data/average/k8/audioseal/trial_277.json,2602,,a8583edea0637660d75782bf6a15182ef1f117717a966b4f7f50b9f09048932e
data/average/k8/audioseal/trial_278.json,2584,,5df7ce20f5fef65d579a524635a77ad6715335134cbd854b0c917d1c6f3bbb23
data/average/k8/audioseal/trial_279.json,2609,,3feebd8f1b27c36f667c44e77b196971a4dc47d7d63fd3af9ad693372200678a
data/average/k8/audioseal/trial_280.json,2587,,d4699c164239dcfd050b8fd68cb5da6a19019727b9130de6446a28f8533e4c66
data/average/k8/audioseal/trial_281.json,2606,,c7bc7409fca441f98354dfe378403c8fb5e5ac982d4b6ee44437a77f704bdd41
data/average/k8/audioseal/trial_282.json,2608,,d0c048e97333d1b596a54bc3103345f93cebde30e55394ec08d07f6a34f61401
data/average/k8/audioseal/trial_283.json,2610,,46b9b9028b415b38b37c97c9e890fb71b0e11a2b2c7bbdd438e3bc5dccee28d2
data/average/k8/audioseal/trial_284.json,2588,,cbe084550d77ee4d8c77c9fbbb752d729ba21d78e6c1bdef9e1ae0760a47a299
data/average/k8/audioseal/trial_285.json,2585,,7142af813643e721e2a81134eeda2ea233016c33b1d0c69092b04d24eca93cfc
data/average/k8/audioseal/trial_286.json,2588,,6b97e4ebdb99440d428f9df607cee6b3ce5681c4a5b37bcf44c61b2f0c62f40a
data/average/k8/audioseal/trial_287.json,2595,,cdd3c52dbe9e08bb2d72722030f032fdad267a53d7b0eaf3e57e45cd46368ad1
data/average/k8/audioseal/trial_288.json,2608,,d09070f1a0d648ac87539b5ca5839505424f2c146298636215d0e89ea2377ec0
data/average/k8/audioseal/trial_289.json,2587,,596fdb285664ac5be04753aea25cd0dbb5dcf98c22db826a50d619dd31aba9c9
data/average/k8/audioseal/trial_290.json,2608,,11d4c7ab1139b68da0e6d7f382e23af0ea5d9525aec641f90471632d8627c946
data/average/k8/audioseal/trial_291.json,2590,,0cddcbfc7465d2d4cc88f20d6f41d8ac6b3dc5732f5cf3b32c75fe440850460c
data/average/k8/audioseal/trial_292.json,2611,,29b1055dc8b9ae7a5b2367380bddefaa669917f7b87ca48ddff444a3c1ba9834
data/average/k8/audioseal/trial_293.json,2606,,5d0c2ccc24e2405a59945b9aa00211b69153a0af191ab8d1037cbcd0f9d1109f
data/average/k8/audioseal/trial_294.json,2606,,840acb88a0e2ad9a31e3dd81631b16a85f71135899e944fbb32b3dd5653b1214
data/average/k8/audioseal/trial_295.json,2608,,51b369efb1759ce6aa767d55ca45714f09a85c8a5c32c8b007016657fb545eb7
data/average/k8/audioseal/trial_296.json,2595,,5027eafbd2baaf40547ca3d919db0fa589697754cef248205260ba51360e08c6
data/average/k8/audioseal/trial_297.json,2585,,f6af9693979ed8130498636b9a2f4788a5b01df6b836be2143ac22431938fb1b
data/average/k8/audioseal/trial_298.json,2600,,a8559013b78716ae08720b60d5d68e02af94a1b11c6c84f7ee9a845ae725fa34
data/average/k8/audioseal/trial_299.json,2601,,ceaa29776c8cf58217b34df9c74d313e5e94aa8446f243be77ff00fcfd8db9b3
data/average/k8/timbrewm/trial_000.json,2124,,d9f06a0ae10620eb8f1aba761e15a6ec96fefb633a9b8dd5c9b82275eaaf6c0b
data/average/k8/timbrewm/trial_001.json,2123,,7105742fbf71865e366f2969c09dbce14e93730921a937506167cc08bf60caad
data/average/k8/timbrewm/trial_002.json,2123,,575b335a11d981eb0f8e4a7e2634ab2aff553329846d029a30bdc3fce3175f95
data/average/k8/timbrewm/trial_003.json,2121,,b2276910db209be7f91f15a9ebd002c35d394cd39884e30bbdf92b44bce30464
data/average/k8/timbrewm/trial_004.json,2115,,4bf2d56a6d4650711b406b664ce9e63aac9e25a8be870949584c7f69dfa72876
data/average/k8/timbrewm/trial_005.json,2114,,93b1b436c61d8dc81bbdd40c11fcf0f6746b6ccad36356323021ad9c13a38f2e
data/average/k8/timbrewm/trial_006.json,2116,,d55258f6bff73b32120b3fdaf065fb63446425d909cba38b2b69c9388389e9d5
data/average/k8/timbrewm/trial_007.json,2121,,e129e8eaf3c849964e42142497cb12572662b0cffd8d2861e0ec1c17fa72d0ab
data/average/k8/timbrewm/trial_008.json,2121,,082683159237bfe6eb2af91438fe44497684839f4347e9b7622805d9d9240a9d
data/average/k8/timbrewm/trial_009.json,2118,,a707aef0706cc12f29e16e8db3925731d2367af7990bcd7a9942b8f6da46782e
data/average/k8/timbrewm/trial_010.json,2127,,ecaea7d263660e7531c1c7050e55d93c2c59518e26a74acd77a541929c71f474
data/average/k8/timbrewm/trial_011.json,2118,,22e132663f51d86c1bd1cc184556b4fd26c4b15621287774f47fb4790f7ea0e7
data/average/k8/timbrewm/trial_012.json,2120,,92e478228f63d1cbbfd0d79495d8af97779e9a9ebc5d010555fcbefe3eb039e3
data/average/k8/timbrewm/trial_013.json,2129,,f5d4d01d764c9cf4c0bee922cc3be6c879a51fbbb71727bdb94311edaa590550
data/average/k8/timbrewm/trial_014.json,2120,,fbdd84bdcc1ed6c6356c8cd8093aad40045aae244231be46a33530ac11c552fe
data/average/k8/timbrewm/trial_015.json,2123,,29b993ec54a632a1c24887d958fe203384cac4abe15b67c5a600d3ced0d80086
data/average/k8/timbrewm/trial_016.json,2121,,6ef2dbd4aa193655d40b3796cb5705a79b997d2d9dab1f35a945947b32f2105c
data/average/k8/timbrewm/trial_017.json,2122,,1b74d2791e234b7f1658c3ceb71778c25a1dab37aa829b5b860b8f9d18f41b2a
data/average/k8/timbrewm/trial_018.json,2111,,b8b06a940a6558ea5268c9eb1f03126cccf5c53c5a394443c9bca7eb0b6d4b90
data/average/k8/timbrewm/trial_019.json,2120,,aef4cd36a0e231f50452527bd4aa17a28d51ae40eaecf41a0aa10c123a4d62fc
data/average/k8/timbrewm/trial_020.json,2123,,4c292e13a947d457e994f09952c43c426665eaf5f70b690d837a4291546e293a
data/average/k8/timbrewm/trial_021.json,2117,,8283951fa7076c361a8f7ac4adf6960743dd2eab710fdefe197236b79010ea9e
data/average/k8/timbrewm/trial_022.json,2124,,a1b6a20340ca8a659334b065115577a852f76dd2d6cc16d7a611cb271c0c25f4
data/average/k8/timbrewm/trial_023.json,2119,,2c371e2c79975f34ff129fc8e3c3bc060b58a43ec097ac87f48aef3cde8bb9ee
data/average/k8/timbrewm/trial_024.json,2127,,c242193350f95ae2801b752a6143b18e36ae89b1744ab6f2ae3ff6cd930521b4
data/average/k8/timbrewm/trial_025.json,2123,,e4268ee154347d461633dbdba8454342ce4bc65a06896ed4172f57af203702bf
data/average/k8/timbrewm/trial_026.json,2122,,f6709d3b9047bee571cc14c36f42b6fb5da86a3d69c35964ea60d09679f7f435
data/average/k8/timbrewm/trial_027.json,2122,,fc8d159682b375f853c26cdb0439d0c02165052fd4daa2b3adb8a9d58cf4cfae
data/average/k8/timbrewm/trial_028.json,2121,,934a07a2161165f724939082f2f4d566eed8f6ebbe02bed7f3bed84b5b4eaeb1
data/average/k8/timbrewm/trial_029.json,2120,,515daed8ef5c56d9702631c6cebf61b5f7c40d9fa6af48c9824c4b454652ff98
data/average/k8/timbrewm/trial_030.json,2126,,9fedd15f26742e59b7f7a01ae31f95c1e2b99e7f803b6c3c191b1a987b5dc867
data/average/k8/timbrewm/trial_031.json,2125,,f35460de00ee3ed8eb32f5cba85115927324d2ab9d36069c55bd79be34f2d51a
data/average/k8/timbrewm/trial_032.json,2124,,bb5e80da700c766e07b31e7dabbd3f7f994d29a27aa124bb7717adaa2a32d5ed
data/average/k8/timbrewm/trial_033.json,2125,,5ca04d6bfa1d625f45a4b8ac51d480f49e4fdade3211527ad0b38a29e8fdc05c
data/average/k8/timbrewm/trial_034.json,2124,,1caa8be8002596b7096187271f60c801321a3214c198a6053b619a14dcf40123
data/average/k8/timbrewm/trial_035.json,2122,,06cc5fcc4b99795fddceb3d662c2f30a8b0576e31d843182a74522efb16c10d4
data/average/k8/timbrewm/trial_036.json,2126,,a4b8c985098ee7103bd9d2f8e7c7a1c8e275164f1e594a93a71e439b16944db9
data/average/k8/timbrewm/trial_037.json,2114,,ea4b755fa3360035a1211e72b7ca514c9bfffc0689f6d4f3282687ec11343bf6
data/average/k8/timbrewm/trial_038.json,2122,,ef146623e955aa4535919da479659e89826046f2b7772835af0395658e2f1e1c
data/average/k8/timbrewm/trial_039.json,2121,,caedf97dc96739d167215f6d1fee8cc991f4ce86ddb9f9c6485d8efac27afdba
data/average/k8/timbrewm/trial_040.json,2115,,93b2af5cbfe97fd58fb857fb7d6cd9114b5c4febf8383fbf1dc2b4616c45d95f
data/average/k8/timbrewm/trial_041.json,2119,,357e650e3421dbb8325b8b02f65cd1839790e0e8335b4775727025dd2f948237
data/average/k8/timbrewm/trial_042.json,2128,,46f5dae057f8f598bd1ac2b49bc227f10210c3c631440c9bedc980e269cee761
data/average/k8/timbrewm/trial_043.json,2122,,09890c31901aa45acb9a7a1798e0c8a311e8031526edc3f7064feb24ac4ddb65
data/average/k8/timbrewm/trial_044.json,2123,,d2bad9cafb10874b77e4cc4e4d9ae699bc4af471af904950f716984ec9225788
data/average/k8/timbrewm/trial_045.json,2122,,7faf77bebe53a396d0f707f4820691db46731d4a9527b46b19c75648909bde87
data/average/k8/timbrewm/trial_046.json,2118,,f2d813627857e7968b09ac7e5871c55dbf9c2400a75902dcb243fb4ff468882e
data/average/k8/timbrewm/trial_047.json,2125,,8cd43c66a7896f8d48b5d01259715c6f2c0ebaa8bdc2ddfb7f84c695b6cd55d8
data/average/k8/timbrewm/trial_048.json,2113,,fe44811a685c6369a07b37f06aa65d57b165ef64175f6ad4524405b50d457a0d
data/average/k8/timbrewm/trial_049.json,2119,,0b0950c4cd744ca24805e511f41ab8420a500538c614e4c5db5af383ef8b723e
data/average/k8/timbrewm/trial_050.json,2123,,968ba58c97a54af7d227f1dad234cc1fbe8cda82c2287b8267a4b5c4976455e5
data/average/k8/timbrewm/trial_051.json,2123,,3e8c60c892625346de85f3298f70b865f2cafe436434562841b5a638fbc6b39b
data/average/k8/timbrewm/trial_052.json,2119,,5176420ececa72bff2dd7cd5afb2af7e3e1bb7a3293cc473a9fcf60f2402b58a
data/average/k8/timbrewm/trial_053.json,2121,,d8dd8961698f1c1f0adb77ee12ebbf7967f69c345c38dfabe14ab09afd1bb518
data/average/k8/timbrewm/trial_054.json,2121,,245ee750be574efe1c1fce748f7b9f8b8faff8f898ef60e0c06a35dd7c7046fe
data/average/k8/timbrewm/trial_055.json,2115,,b5112613af4ddac42bce08b7177f35db8854c088d5f135adaa008f0db57ca9c2
data/average/k8/timbrewm/trial_056.json,2119,,dfc88750fc028b3b4f31a8abae894e0e5984d26fe0512eecb3889a431657fdf7
data/average/k8/timbrewm/trial_057.json,2114,,d1daeaf7d4fdb8f5d344fb1afff219a36b0941ecd2d5cd165dbb4d78a191443d
data/average/k8/timbrewm/trial_058.json,2120,,cec78dc489a509671b936d226b8e3e3cdfe27f01116f1f43b4b123b654a69be6
data/average/k8/timbrewm/trial_059.json,2120,,b0b2ace122a3dc6af48eca9e02befa3f8beb0793393e9b6d667534c3e3b994fa
data/average/k8/timbrewm/trial_060.json,2122,,76e8d110164483d49f487232803f53198cc9bb2f35f49ac6eebf4d2d5fef2dc7
data/average/k8/timbrewm/trial_061.json,2124,,2c11bca95b485a8ade4d676b1097ad26b8970876d41d1a61542bfbc66193de30
data/average/k8/timbrewm/trial_062.json,2124,,a841980ebe13678966354f642e98e647da79de334c622d58baa7f017c04c2758
data/average/k8/timbrewm/trial_063.json,2117,,6a1ae70ef1ac2218e65058c1e33358bd229e028a2c6237d607beda3d23b06bd3
data/average/k8/timbrewm/trial_064.json,2116,,0f47909d29f6be71d6913f1dceb43de2817889f8964ce545fa208988eab6a00e
data/average/k8/timbrewm/trial_065.json,2123,,8fc6c57d9bea8274b4e65c218a465af8a15d9efd3f58ebcb4e364c5877025dc6
data/average/k8/timbrewm/trial_066.json,2110,,4079f1667aefa28b113f9fd20d10c3ee0897386e1e9dfdeec94bcb2c9107a3ad
data/average/k8/timbrewm/trial_067.json,2122,,817fab65745ff354c62293ab4b71c550e8cc86a6f97f55d8312d79b4e9a58cdc
data/average/k8/timbrewm/trial_068.json,2119,,0fb48611a8e00948ef5fb75064ffa33e7d6983e8763dd5ea39aa6adc2d35e6be
data/average/k8/timbrewm/trial_069.json,2123,,9e152f059fe14c047106457136699485c407c3b1819997023a2281905473d1d6
data/average/k8/timbrewm/trial_070.json,2122,,95187d98e9805081bfcfec7ef2cf927621169aae3e76faf5d6bb2cdcc821bdc3
data/average/k8/timbrewm/trial_071.json,2120,,e32b1687c0931f6a1cda425b7afbc36447c3875b42893531d5fc2f565daae848
data/average/k8/timbrewm/trial_072.json,2122,,d2734f6ec4be7eeabec4f1cc5c5ad8f43da1c174047bbed70dad849dfc7c2ea9
data/average/k8/timbrewm/trial_073.json,2115,,6b89b8427c2848ffda0ef6311f89d750d81bdcdc0727050ac8956a38212bce67
data/average/k8/timbrewm/trial_074.json,2116,,3eeef522fb66999b9105af25a410161b93fbc42915d90c5dbe76eaf08532f8d2
data/average/k8/timbrewm/trial_075.json,2125,,d83695979c5dea782bc7d3e8e8397038b5366e999f44e2622e220ecaa4822b7c
data/average/k8/timbrewm/trial_076.json,2122,,cad0bb5a277dbff00d6451d6baaf0619e5cb90e70806d556a358f3709d50dca8
data/average/k8/timbrewm/trial_077.json,2125,,5da6666ec26dc8296eeba7daa8601354573ae623a15dd2b5fe2c53f8d51f0c06
data/average/k8/timbrewm/trial_078.json,2123,,efdb7fc855b5af51c3fdfd94080a1dfc945512a0bfd4652a7e8f66415129304b
data/average/k8/timbrewm/trial_079.json,2125,,cf0cb6833f88e3b7d1e62d2f0e1d44a7d55f011ad775844f27a1da3cf971c721
data/average/k8/timbrewm/trial_080.json,2121,,612633900d14c5be46c9b3b22914a700c29ea2e81dadb93359972bbc52537004
data/average/k8/timbrewm/trial_081.json,2118,,28d08103cfe75d491874b2cdd4efe1a3b967c994a8d909233602a2dee739047f
data/average/k8/timbrewm/trial_082.json,2120,,63492e11e80ddb08b842f1ed53621c4c1e4da36f2e0c2ac4e744fbb21379693b
data/average/k8/timbrewm/trial_083.json,2124,,a6c9bfdbf920aac14135b1273cb81e08bd35cf3c328b0383aedd8d369dd0d5e5
data/average/k8/timbrewm/trial_084.json,2121,,2bcc3792a97b9df0b2d9eb55e01026659156b80bc3b32a603b0aed9a7f52ee05
data/average/k8/timbrewm/trial_085.json,2123,,daae1e805f7e5a6bb43dd764322cbe1fb800e4dac87ad950695b3c5fc3a6694f
data/average/k8/timbrewm/trial_086.json,2126,,07b0d4b7422e37adcbfeae1bc62eaf3049cb4d72b6b07ac4f40858af4975829c
data/average/k8/timbrewm/trial_087.json,2127,,aa84cd37396e32961717b3d27a06b0cbb90b53d9b7c8864b49b70b7779ee5dd8
data/average/k8/timbrewm/trial_088.json,2118,,108c4116fe95626fe5fa29787989594bb4bdc333e2c2e8280caa4f86063cbad8
data/average/k8/timbrewm/trial_089.json,2125,,986504422fff028811c6394e6a09fbfdefa030305d14697f91718a832c133a33
data/average/k8/timbrewm/trial_090.json,2119,,11e69da46a71ccc4a60c112ae5bb3fc09fde660e816367b67c6544f7e4804817
data/average/k8/timbrewm/trial_091.json,2124,,d917fd5ef339c6064d7d411d8c2b864b3650a234686448db63fbf2d262c7e5e9
data/average/k8/timbrewm/trial_092.json,2112,,29820d4a7eae5287ac581827ab5d78ee7af0fb467748f1b0d59ff97323c0a915
data/average/k8/timbrewm/trial_093.json,2117,,c6f0ae3de84d6df5571cb49fbc104bc875f467544f3c1bb24e966c4227cf0405
data/average/k8/timbrewm/trial_094.json,2114,,c8bd5480e43f7a6fdfb2fe86cfc897abb0fadf4ae19b366822dc361259ddca53
data/average/k8/timbrewm/trial_095.json,2114,,f3396087d1500485c145f9da6b498bd92030b7517440338f958d232ff93b1eb5
data/average/k8/timbrewm/trial_096.json,2125,,3af609c73cc374493eb325c0cafa35ba00a397f334ed107e1876b7c36c67b4f4
data/average/k8/timbrewm/trial_097.json,2120,,325a3173f340e52a493594b7331710398f326cb15c624ff1b286e33d43b3b415
data/average/k8/timbrewm/trial_098.json,2121,,e26a0a61c982e06a0b34ed96e1e6fbbf821ff67e5e0bd8876e7edc8d754667ff
data/average/k8/timbrewm/trial_099.json,2123,,361a9e85f0e714b8e2c88e6fea82ba3b14688ed6bfa3a93951c084fb3785ca3a
data/average/k8/timbrewm/trial_100.json,2122,,8c90ed320ae7c848199e9dbabae6489867205f358c1d031fbf74a98e86a0f840
data/average/k8/timbrewm/trial_101.json,2118,,b24a9667ab4ebd04d9c84b4a4a0bdd491fab558e88b9b6b99c5617775a788363
data/average/k8/timbrewm/trial_102.json,2124,,81bd0f84929e7559e6dfbaeb26085941e758e848cd0cd2fc369b3f820e412dab
data/average/k8/timbrewm/trial_103.json,2123,,fb9135a28b5749db98a1951572d3261350340212e35b42b2b7cd94394dd28ae0
data/average/k8/timbrewm/trial_104.json,2118,,d0f7a6f60dcb8be40e8087d27244eceb30394fb69771d910d4c0447a69a9a8b9
data/average/k8/timbrewm/trial_105.json,2127,,97b0b3dafab3305259bf6f7d9d097f0a4c0d37c94d6c7ce999290efdd08d5e41
data/average/k8/timbrewm/trial_106.json,2126,,b291c2238bcf6b931b84a22da714a580dad2085ed83aa20644ea108532622275
data/average/k8/timbrewm/trial_107.json,2125,,6fef723fdd2763e1b6bd29160c17a4f1e7d691721646a5ddf727a9df717e9b60
data/average/k8/timbrewm/trial_108.json,2119,,86a5d34f59801a80fa13d4a25e5020ad2b62772edbe211d3b7958996e46c8c59
data/average/k8/timbrewm/trial_109.json,2123,,3c8c4d4d20d37c85ef895d579fb553f4fdfe2c90227369555ae5fb9793c0c24f
data/average/k8/timbrewm/trial_110.json,2120,,4e9b7e8f0524f53814392fc06bcb909aa8d584ef24233429ad6d336977bf0d9b
data/average/k8/timbrewm/trial_111.json,2126,,ae64fad2e1a7af38f0115967c644db67b714fab40a2217f90d8cea9bccf67e37
data/average/k8/timbrewm/trial_112.json,2127,,aa2d521ccb315216aa55d8ae6f67c6f297f068f384b5d5024b0eb79d379cdf72
data/average/k8/timbrewm/trial_113.json,2122,,e893bd5f65fb35ce734c2f6e1da3bbbc74f01bd30c76348390de605bf097085b
data/average/k8/timbrewm/trial_114.json,2124,,5b1739d1adced0bc172309553fafa0a62edbd1d656efae36ea678cc063c486d3
data/average/k8/timbrewm/trial_115.json,2115,,a8250e624293928799bbc18d3a4b84b092a3612be36d9e9fd55a87d6adfb1178
data/average/k8/timbrewm/trial_116.json,2122,,fe9e7fe6c8240349466218df7920aa1b5b12cc88096a7f91bcf8ad95d4cc6d25
data/average/k8/timbrewm/trial_117.json,2124,,fcd25fb9b8eb7f850473f0381de8421402a8a7c921d69e312795df08c5c8d461
data/average/k8/timbrewm/trial_118.json,2122,,7789eba9bac13474fd2411d04de0229dbca87f3dc794683d9a5f0e5e2ab05e04
data/average/k8/timbrewm/trial_119.json,2128,,5b5095eb3c0f666863558834ad9bc1f666f8ce3af8b0b4667ce4a103412ce0ed
data/average/k8/timbrewm/trial_120.json,2125,,c6bd486e13eea3e080ef176ff0e627b976c2495dd233d744ea0b679c9fd95526
data/average/k8/timbrewm/trial_121.json,2123,,77f87d319150ed3a8c84144e21a123f1cb5983de147800bec21aa0c2888e777d
data/average/k8/timbrewm/trial_122.json,2126,,e4f0adf239f70c1f1b89245b2d40aaa90f7e33ffcebebfde817e4cb1176afb5f
data/average/k8/timbrewm/trial_123.json,2118,,37517ab80d81516b0871601eef7aacc295433744cf0c2e5682cbb85a5c4f19a8
data/average/k8/timbrewm/trial_124.json,2122,,607f84e67d0eca2f48252aadee4f14fd70f569ebfe437dabeecffc23bb8b6409
data/average/k8/timbrewm/trial_125.json,2119,,cabca2f50c8e390a2a21213b7b6b7c20fada7ffc9d76988a2055e51c8063b196
data/average/k8/timbrewm/trial_126.json,2117,,e05dad701ad42c729944fe45873dc53eea2248ad1276f8b985ad9cb3d8ffa571
data/average/k8/timbrewm/trial_127.json,2125,,671f0bc25c1ac434572e781a964eed40cbf6c0ff29cabd3a3712962ffeff13aa
data/average/k8/timbrewm/trial_128.json,2117,,e75cfe96df672182e884aa88c1b9163ee126718f3d0aeda4e6dd2cd0f6008c17
data/average/k8/timbrewm/trial_129.json,2123,,ee44f37b8e484b0ca77c1ecd802193e38a2d9800c0d12ea612c06ec8004ba363
data/average/k8/timbrewm/trial_130.json,2122,,c36e1fff4b0b3fa90cf0a3a719a602d232027c4cd8fba286aa5054b841ffa6cf
data/average/k8/timbrewm/trial_131.json,2115,,56d3ad65dfd9030aae788933abf599509825ed1894e005c737e220c25c6727b8
data/average/k8/timbrewm/trial_132.json,2120,,c75914c03556cc2af56b3c16c28b0b1fa33d59c5515401a5f215354b88dde611
data/average/k8/timbrewm/trial_133.json,2123,,21852fe59cf7306a8093cd96eedaa201fd13cbac0f1179e72f3d4f1f0a41d342
data/average/k8/timbrewm/trial_134.json,2127,,bf2775f6876c24b81c32437ca45dd4f5e03f540bf66e6ff8cd870548b1798027
data/average/k8/timbrewm/trial_135.json,2118,,8e33244e0c3a1de1ad465ba15e9838a934ad1625221be00f0afc2b2736dbe97e
data/average/k8/timbrewm/trial_136.json,2116,,406be7da0815cacf5f0a0bb77859075a2bc36e0ee89e3fc302a4894131cc9708
data/average/k8/timbrewm/trial_137.json,2121,,616319288339c7efc72da67b8b01470d706c613a9c7bb7e00985b4e8b950942d
data/average/k8/timbrewm/trial_138.json,2128,,39afe46dcbfb5eac4164ec1ddd6685b857af76a155d77319d7af8552b8644274
data/average/k8/timbrewm/trial_139.json,2124,,65152450bf037aac095f46ed3935cd27b330e94fcd40a876904e7b7d4e2f92e2
data/average/k8/timbrewm/trial_140.json,2129,,5bc65600b4a4e2c45566fb8fe8de0704bbaed5b81a5a0f1afd53472a3c1fb9b6
data/average/k8/timbrewm/trial_141.json,2125,,f3114ae17efd051c49b6350c15a13c67de698932095ff63577d9c6375178d6cc
data/average/k8/timbrewm/trial_142.json,2126,,9438fb217cebffc7208c27980fddd136e299011cfa2cee406fa28b0319cb0d21
data/average/k8/timbrewm/trial_143.json,2127,,0e9c7dd10d106021df7aac1ef454a8fb7b772e7a135730c27ad2630f47b20370
data/average/k8/timbrewm/trial_144.json,2124,,50fcd7c18404eaa05c7ce5323fc061304e4782f0070deaf542e2c2573cd330ab
data/average/k8/timbrewm/trial_145.json,2124,,6f523a56d9ae3038eb19d230308011092eedaa0639a8aa3354f8de314e1cf0ac
data/average/k8/timbrewm/trial_146.json,2123,,0591b38986c679de215c9dd182f34cef50ac0fb65c0f315613aebebea46753dd
data/average/k8/timbrewm/trial_147.json,2123,,2601bceef2567f456c8d736dacea45d4fc320c5571649f0716ebcb901a252959
data/average/k8/timbrewm/trial_148.json,2122,,078995f260116ba807111a92ce18ac51ca32043456e85d0b0c04aa5d14e3453b
data/average/k8/timbrewm/trial_149.json,2128,,916b6961bec6558d293d3a2b2daba562056d4f702c8d63b3b773346038a97a17
data/average/k8/timbrewm/trial_150.json,2104,,b1deac897ccbe609482b6f351f0e3e091c69c654f994f740b0271466cdc70fd5
data/average/k8/timbrewm/trial_151.json,2109,,039f3466e450439e31a87fe58a7423bd600e88a1a296c59073d0a85ed663d177
data/average/k8/timbrewm/trial_152.json,2106,,c0ff37674a46490916d9224f7fcdb86060d481b509b5bb9315e46e216f9bd994
data/average/k8/timbrewm/trial_153.json,2120,,14db38dea981660f4b306fb9b87d04f33343377e417836c976f4463f08836d52
data/average/k8/timbrewm/trial_154.json,2113,,7036a4a8461894f43dec74765d4fb39bf37634c2066bdd8eaa25d85372b2a6d5
data/average/k8/timbrewm/trial_155.json,2115,,033f54096b147529b2797d73299a31ddeb8684f1cb5528e31298e02ab0fcfbd2
data/average/k8/timbrewm/trial_156.json,2110,,51889028f15ce966e11eb38cd5924d24ebbbd7dcd176ff8f8ce9458ad52d3de4
data/average/k8/timbrewm/trial_157.json,2113,,cb39d3edd8738241ac037b10663fc15b2395a7db0f4b0ae4f6ae9eda8503b5c1
data/average/k8/timbrewm/trial_158.json,2120,,77b6028e5894d9c74b6adfc457616c01fb6c4a303f66e3a3a5c76ccd4207e2cc
data/average/k8/timbrewm/trial_159.json,2116,,c6107282dee6c27680e180bdb210098d368087f9695b677c59ca8c203b0ac5d4
data/average/k8/timbrewm/trial_160.json,2114,,869cd621d118e840aab3188ec53f948de46287fb5e66b9f2270492f58024c783
data/average/k8/timbrewm/trial_161.json,2117,,41f648b07bf586ab379530c460c57e9f4a24e679bb35e10ff3d1bfdbec228f24
data/average/k8/timbrewm/trial_162.json,2111,,4276bc32c1eaaad31afde2dbcb575270a33d5d61900fd7c88d49f826cf7b6f77
data/average/k8/timbrewm/trial_163.json,2114,,fde264ad4674a478e0841ac5e9bb1f05ab2c156a000e1b5717b1a1d0969990e7
data/average/k8/timbrewm/trial_164.json,2116,,d6a65a19584804de4191064eff8c6930daf2ceccb9f0d5bd8d548132f1fc6dff
data/average/k8/timbrewm/trial_165.json,2114,,c74eadcd6b3f951facc1061b4ee69b1359d860a05ecc9b8d19b6114716aa4f16
data/average/k8/timbrewm/trial_166.json,2120,,2f3133b47a39fd8a51539d55591f7cea769651ab8d00800060a4e99977988c7f
data/average/k8/timbrewm/trial_167.json,2112,,a76348da0d515fd607ac54dbbcdc74e3c8aeaa54486a14cbe6d54053bea337c5
data/average/k8/timbrewm/trial_168.json,2111,,d1e500d4e55ab8f9fc520bbbea020159ba8d51ab78988e77a38d8c23ffc62df6
data/average/k8/timbrewm/trial_169.json,2116,,82f7ef6edb7805be0365e2830158c79870cdfd420617d63306d3a987376319c8
data/average/k8/timbrewm/trial_170.json,2116,,7bd2a1b59e03fd0c929619cef61e6f68f7df6b46aac51c3cd62130d363e8085b
data/average/k8/timbrewm/trial_171.json,2115,,99aee495a250fa426823c6fe5eb071014d308c3d6f846928fb0ae02cd26089fa
data/average/k8/timbrewm/trial_172.json,2113,,d010105a42242f85798a27a0c83f911ef4ecc7c98afeb0d93e7fb8f926d4d56f
data/average/k8/timbrewm/trial_173.json,2113,,7809e58cdf7d3896f0a0f3c09fbb79597e2be983d3662319b90fdc4184b42fdc
data/average/k8/timbrewm/trial_174.json,2105,,d1f9f3875160c693ead644d8e808c5d1185c83b8b10014c1df5a9b8e173cbf56
data/average/k8/timbrewm/trial_175.json,2109,,b57a9b4cf11b7a9b17c409fe85ecc52ca2cac74183aa582c872bd4ae7376743d
data/average/k8/timbrewm/trial_176.json,2107,,5a204a7165161a392236f98e154c44d929c90e4705206027a80325e184dc368f
data/average/k8/timbrewm/trial_177.json,2117,,e2246332e679ec651e64284936e1944415c8eddda0d6c96ee6b9463b01045838
data/average/k8/timbrewm/trial_178.json,2109,,5721c8185dffc014964dad29015e5b0148dd614fc35b3a52af60c66b70a6cdfc
data/average/k8/timbrewm/trial_179.json,2117,,6b002fc5132e28a9ce8509d94cd66475928653108463411d40de9089cd3ebe3f
data/average/k8/timbrewm/trial_180.json,2115,,c5609dbcb28e5c00a581a4fa3db9cf1f86a08c7e7048a6ef68cf13d4fa23f8a1
data/average/k8/timbrewm/trial_181.json,2121,,dd8dad3eb8bb2dc966e830a16c348ddeecd70b9471658b55f1808efcaa734005
data/average/k8/timbrewm/trial_182.json,2117,,36d4ede2509be82338f5496d6118ac9e961af23bdbd5f01e13eccdf7632c79b0
data/average/k8/timbrewm/trial_183.json,2118,,de08ce6636281ca412e9145d89353f14cf1ce457c24f6947fc7dbdb1ea5f0417
data/average/k8/timbrewm/trial_184.json,2112,,0341e9c55573bff9a6e44f625904de7c70e5dd7b3b616dacea2e222ed4a4a3f2
data/average/k8/timbrewm/trial_185.json,2118,,d6cb53cebff3ad5b48544030b2923a7f1b06cb5e1560e4b3a89b24623a766a42
data/average/k8/timbrewm/trial_186.json,2103,,6a1639f8228f64b233b1123afc858bd91397acb6d858c476f4a2946ab02dfd14
data/average/k8/timbrewm/trial_187.json,2114,,38407476edf63ca82fb595541b8850ecfbbb4271bdbc8e60cd4a583f7ad3c859
data/average/k8/timbrewm/trial_188.json,2117,,98417f7b53f7a11cf63b86a768b26c97cf4bcfbdd5d50aa9f90876f798754423
data/average/k8/timbrewm/trial_189.json,2120,,915a33fae85ae2dde0f3e24ca9ff6cc85d94d9d1b4d43a873e4dbf06858dff84
data/average/k8/timbrewm/trial_190.json,2117,,36f1df9881bc44693857e2b3e63f5d8e2cde2c54a9a08ab04b574d9f252fb8b4
data/average/k8/timbrewm/trial_191.json,2110,,c65f78129e4b14f2bfb7fede32187ce4a8e815db3427d0ea3a661843d36efdf0
data/average/k8/timbrewm/trial_192.json,2111,,a680ba8ad0113f612c3ea683505a2389c0f176dc1358776aad9161165ee39f0d
data/average/k8/timbrewm/trial_193.json,2114,,16acebf48af5651f3fe28c2f2aeadfcb6ad617f8002111fd5fcb6dba19ccba83
data/average/k8/timbrewm/trial_194.json,2108,,4533b67e3da2eadcaf2095c3487dc08b508a02bfb3f7068a3745cd5d6b0fc85b
data/average/k8/timbrewm/trial_195.json,2108,,f08d49dafe79b1710bdaf61d6a38e41362ea36160ccd73ec54a0daef4fca6e4a
data/average/k8/timbrewm/trial_196.json,2115,,6b87532062aa09130dfa86194b3cd104e14b2304d334655ff3b67e1383344d5f
data/average/k8/timbrewm/trial_197.json,2108,,ac601439d89e1190b4edfeb67d3fddc3fcebdb08dda5e704f02d889635564219
data/average/k8/timbrewm/trial_198.json,2114,,b40686ce42f72551160cf8fd18843a45be47c64ffa6274b2d86cbf08995cdf48
data/average/k8/timbrewm/trial_199.json,2118,,e05a5117bd256721572cc8792a5f609641a2c1e706afa079a7569313011cdabd
data/average/k8/timbrewm/trial_200.json,2115,,3da0839b304ede3111a02b074dfc0a676efef1e5062bcfa890d950c14b49eb15
data/average/k8/timbrewm/trial_201.json,2116,,ccc7eb7a53b947ddef0361415d01b03f8ecf328bd798e1b8b7fac8d9c7cd7064
data/average/k8/timbrewm/trial_202.json,2111,,de50601c857667461ae811705a299fe07e3b0036090ef1499d496a76bcac1273
data/average/k8/timbrewm/trial_203.json,2109,,2f2507f85ef4bfea3c3a6ba41ed3de718df6d763f7346fda645703829a67b31f
data/average/k8/timbrewm/trial_204.json,2118,,86c8aabc294fbc5477f4901110feb1f9bab8736a4fbfdc62ae64586cbf622f7c
data/average/k8/timbrewm/trial_205.json,2116,,1efc77aca7c843edd47032f83d3bf232a2ca171a40c21ff31bb1651db80160f9
data/average/k8/timbrewm/trial_206.json,2108,,6252fe141024821ad279380e4940c17f3a809a5e758fcca7b5174a3b63dc8d26
data/average/k8/timbrewm/trial_207.json,2113,,e0c238ad8a6867c21915910669a4297a2cd2280ac12c4dfa5559988ef3021825
data/average/k8/timbrewm/trial_208.json,2105,,83e88b7c777059e351e48e6435a5ac2c0c55794385316dfd621849dee7c18613
data/average/k8/timbrewm/trial_209.json,2114,,e965746668e407baa73d2265fcf38ceacc07585876599b7c1ec8d07ff9e40196
data/average/k8/timbrewm/trial_210.json,2111,,babd969e464433750bdcac5f58eb1f0761113785212a936fddbc0ed8e66cb800
data/average/k8/timbrewm/trial_211.json,2110,,3c28f7e9e99c16dc654a40301c8cda846f306328214d249ae25126eaad7d982e
data/average/k8/timbrewm/trial_212.json,2114,,507bacda050e559279a9574adfabc918b85a8a2ed34b440b1ec2a29a3476bfd1
data/average/k8/timbrewm/trial_213.json,2114,,7d3ca04982f6b7f73def98e7f45c4c4a6c565ad604e6519a5ceb4c51dfb023b5
data/average/k8/timbrewm/trial_214.json,2116,,94d8794878fb7c7b35bb911ea341fbc7873c605958306f781a9a38cfe236bec0
data/average/k8/timbrewm/trial_215.json,2112,,ca8a2f41628fe2ec3407204e5a953acc24333112e4ec525f029ae7dd008d046f
data/average/k8/timbrewm/trial_216.json,2111,,500f46e67bd28aa496289524c87f7a182cc68c7ad115f66e2eae374fb2b68950
data/average/k8/timbrewm/trial_217.json,2115,,de9d70422e49c7897cd6523346f20986d16d0eca9cf48a371aed5b4dda36aed4
data/average/k8/timbrewm/trial_218.json,2105,,cf5a3a5029526241e09e243cfd9348a3a554976bc035899aa965be71ed1e3be7
data/average/k8/timbrewm/trial_219.json,2116,,2fad0ce5b2e3d737b1d03eef8426ceda488dedbc82ee35702c14c336d1329288
data/average/k8/timbrewm/trial_220.json,2110,,2b4528f53d91766e7b125c9f344505c3aa05d1f117d7b1bb3a2896c332ac51b5
data/average/k8/timbrewm/trial_221.json,2114,,870a4afe4815fd8402e1a395052ec3d055e4e7bcfce5d93da8a74b471a8d997e
data/average/k8/timbrewm/trial_222.json,2119,,cd8514657ffe11d914ad5e28f453d11b4c6ac70ec8ef34334dabe0febc479cae
data/average/k8/timbrewm/trial_223.json,2116,,95ef96573b9c6faa7ef840182866d483923aa3d293f73b6e15c86bdcf79bad9e
data/average/k8/timbrewm/trial_224.json,2115,,0c86a81a86988204f06246ec812f7d74ab3d66ffcac8a9124e7b5d3b57b5f968
data/average/k8/timbrewm/trial_225.json,2109,,18fe42e6aa179b5a345ba1c9f4ad2abe6509a84bbc27ca447fb31abec1064a21
data/average/k8/timbrewm/trial_226.json,2114,,e4e2e82735a04b91f46644eccbb35237baabcef05a5b6476da37f2c518abf08e
data/average/k8/timbrewm/trial_227.json,2102,,97132ef7b8917a7c4f7368919e9e7cde7623c6b9c864f543068a5835bec001ae
data/average/k8/timbrewm/trial_228.json,2109,,69715a7e69d4957190b591e0dec36ea001d4de97c6b001a7209f588a5bdb3682
data/average/k8/timbrewm/trial_229.json,2116,,c1caad33202f79b013c61642e84f6128ed0e94a47d093445ef5c27d739466d89
data/average/k8/timbrewm/trial_230.json,2113,,b256c98970c3faded7826631e80ce7ffd519d73855c6633e7a5f435706682dd7
data/average/k8/timbrewm/trial_231.json,2117,,fda5e7b870635297645c2772da9557ff8f6698cf164707f861ca5b99a83718c5
data/average/k8/timbrewm/trial_232.json,2118,,9c2cbffc724325036492ca7132530689acc6f965ff7a1278753d66cb1cbf5b9a
data/average/k8/timbrewm/trial_233.json,2112,,e67b078db6177fd8c49b93396588e5329c61f1f3161e9851eccaebcb9648d3e8
data/average/k8/timbrewm/trial_234.json,2111,,bf1b03e1f1fe30ad6a3613bd0e7a07735e33a03d66c5de8726482bba29043e10
data/average/k8/timbrewm/trial_235.json,2114,,5040338a3b3ebb49d46d965abd0f9171a2d7d526eddaa16f39586ec2813506e9
data/average/k8/timbrewm/trial_236.json,2110,,4c42db690759bc930d7920c5cdcd6c18d362a7a2eb3af95fd527620b849b2fac
data/average/k8/timbrewm/trial_237.json,2118,,35811e7e44e1e04e31566e6b2a5b6ee5d27d1a1a253aba0ccac32a8d92af20b0
data/average/k8/timbrewm/trial_238.json,2109,,043342454ada00d1c69641aa31a1a7e534dd685546194ed2acd8bf3297aac38e
data/average/k8/timbrewm/trial_239.json,2114,,1290c39fc78a7a1bb98d0d39b414aeeb548fd5e5f12f5bed4bdf00e46d34a225
data/average/k8/timbrewm/trial_240.json,2109,,0ba3cac28fe5c534ff255c67d82422fb17d76f2c71c5e07f15dc207b9fd3a9f8
data/average/k8/timbrewm/trial_241.json,2111,,bb6946ba95e8baab5018f487e6a76d39a3982432810e32f68275fd37c459c263
data/average/k8/timbrewm/trial_242.json,2115,,b00110efef16863dff7e2e9fa5607b4176fac089172898a6078c272ec8f81207
data/average/k8/timbrewm/trial_243.json,2107,,91281ead135a38101c3fb54480751e985c2a8d7573ac54b540d785eb22dfdf06
data/average/k8/timbrewm/trial_244.json,2117,,92c64ee1530bb4ce1c77e20331661d931614f98e96ce144bf9e6717343004e71
data/average/k8/timbrewm/trial_245.json,2110,,66a16164e26b92e180ced30a3f5582fdf9995da8fa884d1d74f30990d6edd682
data/average/k8/timbrewm/trial_246.json,2111,,798a9f4bb1005e67f0339a096bc5c7dc765d041e859c8a61f5a4669a0f0955c0
data/average/k8/timbrewm/trial_247.json,2108,,6e1f00ba53e4bd49b03c55852263ce135eaaef1c1145cbc7ff7bd7d18a686568
data/average/k8/timbrewm/trial_248.json,2113,,9b62983d87af6491c511b3b2b58838b23f5b83e02de7810eee5871078b3b8bff
data/average/k8/timbrewm/trial_249.json,2109,,a4f273e39f9291ea93df601361cec4f55d49b9c4ab37bccb9392135715d31008
data/average/k8/timbrewm/trial_250.json,2115,,0d07a486cde3ca0d5e054f5c124cb592e7f973747039a8427ce4795c5dc59834
data/average/k8/timbrewm/trial_251.json,2118,,ecb49ce4fa3a7d0f334060ace3d7a6e3aa5932c369ec476f99da000db19ff0f7
data/average/k8/timbrewm/trial_252.json,2109,,2fd6d11717de6e09e40780cf8c1a56d63217bfc65ddebd8df3ee2c100ee49827
data/average/k8/timbrewm/trial_253.json,2109,,7597274b7eaf835d4b844a62324feff29f1dcdd6ee89c83d5b8697cea12dc292
data/average/k8/timbrewm/trial_254.json,2108,,08af486011cc02d240224b44a6470fdde7a3c41cd13f94a725776c9fdbcec2f0
data/average/k8/timbrewm/trial_255.json,2115,,f5faf5c519c088ec61575e85bed104ee1003a5628255f9a448527b8ba04eb127
data/average/k8/timbrewm/trial_256.json,2117,,4c85b29d154f84060b4f8f16454c443d2b740b6cf90080c3f5d49c611eb4ef4b
data/average/k8/timbrewm/trial_257.json,2114,,c4e7799f27f801e463613c9c82e346aaed0f81a7cfaff850cbe876d272db034a
data/average/k8/timbrewm/trial_258.json,2115,,05a3f65ddc4d97de2bd5d39b3875b5bd09f65b9be5113d065e382e78d2a434b4
data/average/k8/timbrewm/trial_259.json,2117,,31d527e850fdfbc992112d4f6c15daabea20c271b7d6cee9c342c51db0120cef
data/average/k8/timbrewm/trial_260.json,2106,,26a943d4cb727fe66abc996c99666d3613ec88c71ae9b28f3532191895c446b7
data/average/k8/timbrewm/trial_261.json,2108,,81d935a3c1d7d8fa13d2f2e58c9062e43acc349fa3ea9d68ef1331487cb88def
data/average/k8/timbrewm/trial_262.json,2108,,3ac8230cdf0405211dd677fd6df6298012c06447d0bd1ea3fc5e232a468ede76
data/average/k8/timbrewm/trial_263.json,2110,,805ffec07f5ac3d352477ca0261d2c53c3f74eae6fbefe06f321f92327863c6c
data/average/k8/timbrewm/trial_264.json,2108,,041504cf477ee6e4bf95e3fd5288452da1250849a97b1b5af0c6a9f3781f17b0
data/average/k8/timbrewm/trial_265.json,2115,,3fd8a362ed2fd7c82ae2ed651ad4fc4dc143ca7221173c99ec087ef1276ecfe2
data/average/k8/timbrewm/trial_266.json,2117,,2bce27a6c6d199112e7447f9cf13de0e46a8d48c37029c7f7c7bbb956812ea3a
data/average/k8/timbrewm/trial_267.json,2112,,55195ac12d2e846e37e76c3c2d5f7b36f3102d88dfe62c3fae110eda6f40f0cf
data/average/k8/timbrewm/trial_268.json,2106,,6280c3e966365bd1fd7b726ea679b2bb22bbd38dc39713b1290e182b0ffb79ce
data/average/k8/timbrewm/trial_269.json,2112,,a0b3f2b8ab6df972ae157354980d95e1b6daa6e019ee7854ba82566a442b3025
data/average/k8/timbrewm/trial_270.json,2116,,d5ef64b4f6fadd3334debf096e863b97d064189ab70670bca14a1dcca59ca38c
data/average/k8/timbrewm/trial_271.json,2115,,da2e948c26845ee0208f55d398a50bd0ecd5149c38d94c09d6e4ce89a3c96993
data/average/k8/timbrewm/trial_272.json,2115,,0bcf584b9448d8f0f3f154a402677c5656afab8de93b42b66566e697321f259a
data/average/k8/timbrewm/trial_273.json,2115,,b1acf0573175fb4061523e503b32b19251333fbd0b1f91dd5ff4ff877b45fb70
data/average/k8/timbrewm/trial_274.json,2114,,18df6323fa541f7d26ad4cf21d719cfa83cda5d13a00ce2da8029bb999bfc4a6
data/average/k8/timbrewm/trial_275.json,2113,,352f939bf82f0110448cebd10582e5977b76a9857fa6b9f70ae464edf8514d70
data/average/k8/timbrewm/trial_276.json,2109,,b933965aa7ac2596870a06ba76ee0708d47ba549d2ff135df1d71aa089a16b0d
data/average/k8/timbrewm/trial_277.json,2113,,8ab4f83d59ed7c60865816d0d3b2e86e79a1d45055c8bed9183e4595f5c867d1
data/average/k8/timbrewm/trial_278.json,2108,,9318579756d445424f76e4ea968254881b1d4a9e0e661ccd3f24eba210879439
data/average/k8/timbrewm/trial_279.json,2112,,c593f1b134db7df1e46f9d6c74987955bc04a91cd274388078888b588b4e4289
data/average/k8/timbrewm/trial_280.json,2109,,a4b7d75c2142ba982da66cd4b3e699b16d8ecd36a13a625af2efa62f33c537b1
data/average/k8/timbrewm/trial_281.json,2116,,1c6c50eca2bdd1c41191209a23fa7e34f9d53865c976c23b90bf38fd7eaf5df2
data/average/k8/timbrewm/trial_282.json,2114,,852da7356ec786e91709f93655e3f5c1945219123537c9bbe836dcb282c900fa
data/average/k8/timbrewm/trial_283.json,2106,,4f83fd4ae7d21a8b1c089cec9ebc410539fe5b42581f487fd9c007fc21968b2e
data/average/k8/timbrewm/trial_284.json,2103,,3c5095d90e824f8990a97dbefd5522f079505d4573e6f7be3c14d0688fe6ccca
data/average/k8/timbrewm/trial_285.json,2108,,26a497b61d0d44afe1dc0cb86e39b7189531168ece74c9d056a29acd758bcfd3
data/average/k8/timbrewm/trial_286.json,2117,,a6aa7a3ee3e4da63ff576535a1818d093ac38cbac27a22b9ae33569f17ca929d
data/average/k8/timbrewm/trial_287.json,2111,,057f5c656e400ac49d36e9f83135a2223612f4df7f38a0071cde2069a378329b
data/average/k8/timbrewm/trial_288.json,2112,,6528bad18d568dbbb0109a41a68477376b72373924d37573d94a4c48b9c207c2
data/average/k8/timbrewm/trial_289.json,2108,,a3e869576a0073588dc82e135dcf8c2c544076bde044fd2c9e356721cd1ff4aa
data/average/k8/timbrewm/trial_290.json,2111,,9101bc82f1f14c5aa388ff1e0ef0e5922c576088ff4e3b9513059703c63dd066
data/average/k8/timbrewm/trial_291.json,2118,,8398fff9dbe92c180c294c61d0cd7283598f4c0d15d1b1d6db009d2eb3ef2e29
data/average/k8/timbrewm/trial_292.json,2114,,3a5f50aa5bd5affb541dc9ac38b1521bd8910b212a595bdd95501fb7553fc0a0
data/average/k8/timbrewm/trial_293.json,2109,,80064e84c5b6c896599e95bd1edca576c6fe318a0cd095e445f6f2297a47fc6b
data/average/k8/timbrewm/trial_294.json,2116,,d23fde52997ebc069cd8438fa3012000fcdcca1e45b2cbc33306a622f959d63a
data/average/k8/timbrewm/trial_295.json,2114,,beeda5441e616ad9e8418fe70d9aaa7cd39125ce6f9d2f63d4f7730d07a96190
data/average/k8/timbrewm/trial_296.json,2116,,d696fa63b29c54a4e9c9447368877cf0f9e7c57abaffc402618463f245ae1acf
data/average/k8/timbrewm/trial_297.json,2114,,ec524f8b98d55e7bda9c3cd1cdcca058500647ae782ec19f71f2e9ed1e1eeb38
data/average/k8/timbrewm/trial_298.json,2110,,31cd2b54353f5c997a9db759efd36b81b3178cbe4c375078510c460eefaa7469
data/average/k8/timbrewm/trial_299.json,2109,,de9ff94c3fbe0b5839f4e6bc0e597b1ca669b8a914aea3c24e912b68ba31e8e9
data/average/k8/voicemark/trial_000.json,2626,,fd65c2b2a53f7ce4bf3082767baaa4f716625ad0660bd5899ca7cbc49f00fd26
data/average/k8/voicemark/trial_001.json,2614,,c9f85ee24a49c9a0425f484fa79fb54cc6ab9ee1033c68765bb80d6dcf4c86ad
data/average/k8/voicemark/trial_002.json,2644,,9be7c11caab1162dceed42953f31fa27159b643e22a04c397b88083b99c273fe
data/average/k8/voicemark/trial_003.json,2625,,eb5b0a0221b1b7410bcc269f050fa0385e7693dee5d9a1495c808d00093c0d78
data/average/k8/voicemark/trial_004.json,2598,,6c737c30717430ace6d3a24403351021d4fed17792596bb16487b134649525fb
data/average/k8/voicemark/trial_005.json,2625,,9264f247ae643d3e83c506a7d5f120cbd056c6b0a625cfbd20bca84eccab07ef
data/average/k8/voicemark/trial_006.json,2627,,a64b1dd4da1c9dcb77affe0244ad9edea0f6e67dd3eeaba671d0dcb5aec90586
data/average/k8/voicemark/trial_007.json,2624,,c02e258692c4b6dbb3cac38a17be13d6b7cec086fef7b41b8299c7a1fe7de20d
data/average/k8/voicemark/trial_008.json,2603,,1202252e5cddccb5913a9f3e06f774960eb771f36d869c3615e69eaba714fc39
data/average/k8/voicemark/trial_009.json,2611,,204209c159e99345dae816b982ec0df218f836b161125dcc588592b4765f9665
data/average/k8/voicemark/trial_010.json,2625,,915b18e98b370e3aeb11d25214d8fe2730a14566efcfeddb95b241ffbeec1003
data/average/k8/voicemark/trial_011.json,2625,,f885c62ef3876657e5efb542d019f6b56e1a1fe61faef9718d1fc938e8b08316
data/average/k8/voicemark/trial_012.json,2631,,392432ae12be289017b7936a9df5a61ae6ed2855c7aef1628881c51e37ded18d
data/average/k8/voicemark/trial_013.json,2632,,531376e8d0a4916bc65ff68552c732e51d810638ffcc57eac0db87f13ae8a96e
data/average/k8/voicemark/trial_014.json,2628,,7e1202b5e462ac0b9506d7bcd12364484d174dcb9cf78e3610ece9ee4f5c06f2
data/average/k8/voicemark/trial_015.json,2633,,77d88862b260fe0525102c9d334a01c9007e5c70529cdad15917baf5bab2d8ec
data/average/k8/voicemark/trial_016.json,2610,,90affaec3f074ba2076ca3fda3ef062828e6712764b0e3ec94e06a23e1b411a4
data/average/k8/voicemark/trial_017.json,2611,,8d462fba709bdba265960bb7c9a928bb7d5095412dc1a207524993eb719e8280
data/average/k8/voicemark/trial_018.json,2626,,ac662c557a9e9b6cfc730938dc10a14da57889c2e8be18c31582d04977941ef7
data/average/k8/voicemark/trial_019.json,2609,,f72ce2a21d01bfa0e57994e57056f2a17b99a208a511a61b25fd8284a3872a2f
data/average/k8/voicemark/trial_020.json,2610,,cab552c432a2fc7dab5e779d53dd8c10838ed3118813a7bddaa8e9d73f94a397
data/average/k8/voicemark/trial_021.json,2619,,4bafe03d33dab1b3c532b5de38c318e67be383515803424cdce9b7b2ef677af7
data/average/k8/voicemark/trial_022.json,2605,,73155fa5ebc7add0c533edb7e10d5206295dbb7944b25b61ed1c98c90fe9f6f8
data/average/k8/voicemark/trial_023.json,2630,,8f5b81e41f64ee5ad5ef19e87ff66303ad058a7104fe85e5fe2e7050f953c9c5
data/average/k8/voicemark/trial_024.json,2625,,5bbf21c2299b53370e2ff575945a65036eade74b51bf37bd8cf5aa434932cdb4
data/average/k8/voicemark/trial_025.json,2624,,cf540da0268fe17b0d8db30b934b09db7332d8561deb4b843431ecf0d4a04566
data/average/k8/voicemark/trial_026.json,2625,,3a28e3cff376bb882fea103af49a9517086b27ec0147189910a6a315169e5ece
data/average/k8/voicemark/trial_027.json,2628,,c38dd45a5848e9dfc7e17e2c287ef59f28a6abd56e1c5c1bda537b5fb39a7296
data/average/k8/voicemark/trial_028.json,2625,,19f2dacde939a713399587e3aa384ec9b62186b4bf8cf5d0c8e2246d62260312
data/average/k8/voicemark/trial_029.json,2617,,99da4f315e3fb5b4964a84a749a6ff98128edced0ec575b77bbf05928e91a300
data/average/k8/voicemark/trial_030.json,2608,,d0d5f28900261cfeb13235af6c8a5aac0ba655c8a397c064892bb2c7fe36b0a7
data/average/k8/voicemark/trial_031.json,2616,,a96d029289e04b3c5ee0dfd723f1278f6fc55c480d2cd5622a7a9f0b653dbf17
data/average/k8/voicemark/trial_032.json,2626,,52cf665eb45c33584a3343eab499ade4fade86f53d7fc526f91f4fc18f10d39b
data/average/k8/voicemark/trial_033.json,2633,,d42825bf7bbadbe262bb429c822cab37eb641aa5dc6e6723d64785f5520ac33c
data/average/k8/voicemark/trial_034.json,2627,,ddb350cdb3c0747c0bf202484bd82e980119973f41a578892a3aa3642f331625
data/average/k8/voicemark/trial_035.json,2642,,659c6c7270ddf62444dac62d24777f01eae261bb0bc2b786783a0bbedc6004f9
data/average/k8/voicemark/trial_036.json,2632,,27f5ac34e81287f34d6222347729000b3f7bca7f61b186d92edf94a9382eaa14
data/average/k8/voicemark/trial_037.json,2611,,c9daad692fec7341e932391fbd2ac2b0d810d440111ca0f1631aa3b7dcb21038
data/average/k8/voicemark/trial_038.json,2634,,1a3d66d4492e10f9cc0415c80fa75da7f49595ed00b2c21dd4e6d320accb97b9
data/average/k8/voicemark/trial_039.json,2626,,fab4e510e17e36c6ed1fd123eff2c21df791bcf989d114c4358eecf29f047fe0
data/average/k8/voicemark/trial_040.json,2612,,551c83ee10aceb5a45d764f6a8609dbdd9f2650832b0406ecc67d56c8c45eb82
data/average/k8/voicemark/trial_041.json,2616,,12a81345392c27cf3f5458345b669e1effd9f4bd7bbc5dbb5d9cafe678d22ef1
data/average/k8/voicemark/trial_042.json,2635,,45555fc57c945c2d187c04bd0616cf40eba3a73d1b1b880137c8f2d60657bbb1
data/average/k8/voicemark/trial_043.json,2633,,cd66eeca38c71d5a2163d5423f9d5e4f4ba1bb1292f220587ae1b05aeeed4cd4
data/average/k8/voicemark/trial_044.json,2617,,020608d243383cd7e87c5ef5859fade0929945eb083f0116ae9f2dc2281a4f8a
data/average/k8/voicemark/trial_045.json,2628,,8a8c54bd653e31bb23ab1ad5830d05211322b2667f83022cd968c33c6b193778
data/average/k8/voicemark/trial_046.json,2632,,92efb5e71efeaa30d0c9cae72558e945f8f5c6ec67cde36a71c16de75e4fc0f8
data/average/k8/voicemark/trial_047.json,2614,,ae29f42d0eb1ae0d4ede04a8a3c43ad57d572670f32e767dc38edf7c49821a7b
data/average/k8/voicemark/trial_048.json,2612,,3e28ffd8c3750f6f09266bc199985fe83b32e3d724d103723d1aaa50067599b8
data/average/k8/voicemark/trial_049.json,2611,,a3239f5a4764bdd9ed7f25231f8fb765bdf469c96a6166158fd90ae534e143d4
data/average/k8/voicemark/trial_050.json,2617,,80b4e0fefeef25977cf64f13842286c36a8d3b36587145061d74595ebb4d6a71
data/average/k8/voicemark/trial_051.json,2627,,397c756a78cd38135b3872404f0c67f4b12c5d654260c10a93388d614e903b47
data/average/k8/voicemark/trial_052.json,2610,,2be2e0402d041106cb7b23a6e80b47ae8730b26b98bb63fdebfc196df3cbc50e
data/average/k8/voicemark/trial_053.json,2623,,bb3b655b87a1c463334706c0487ce05f0ac48d1659f671b41ef3138765fa2035
data/average/k8/voicemark/trial_054.json,2610,,b77421d2de6d54158af4094617f40d820928b687ed9012562bfdc15c5480b243
data/average/k8/voicemark/trial_055.json,2631,,111971eb39bbd6f2a203a591208cc6c1f4641b70da7cc3e0bcc52a394f82d15e
data/average/k8/voicemark/trial_056.json,2617,,5b1363a233259c7d88b5bcfb37f77921268962d0ca0e5fb0ee41ec802b5a209c
data/average/k8/voicemark/trial_057.json,2632,,e3790cba1543a6125c3aa14edd2343d71ff25d08c350d34e7a1d406b07a0d436
data/average/k8/voicemark/trial_058.json,2623,,5189150c6d208b0788208c0208df5b13ae877a5fbb6e768bc10661df8c9badb7
data/average/k8/voicemark/trial_059.json,2616,,5ce4f3f7de72522ba4027a915a41eafc052ca0a87ce09c530ff983bfedaecb62
data/average/k8/voicemark/trial_060.json,2634,,bc56191b626711581f64638b8e0d9a568fd3d96d03d56f363b41c3f9d10c4ef4
data/average/k8/voicemark/trial_061.json,2641,,c872a2f02177e18b1e8bb7825035d2baaa088a73c1afae4b2b26448964c4fdb8
data/average/k8/voicemark/trial_062.json,2626,,779f9b3883432d2cea3fb5959c56bebf7406db92ec85ad360d54c261121ed0b2
data/average/k8/voicemark/trial_063.json,2624,,fb3031a95ffc4620fce3699d29404a94c89b0cc19bedd7140e5eec1a87ad87da
data/average/k8/voicemark/trial_064.json,2621,,4c105a06c56dcd88a614c0ec97e21b07359085184541bbba8355e556a7d44011
data/average/k8/voicemark/trial_065.json,2641,,dc3e91f6beb7aa39f9a20b0eaf5e05532d6816a34682338f436127ced275e530
data/average/k8/voicemark/trial_066.json,2629,,b2bbfeaceebc1f27caf04605a27f870c41c1ae6458f83cf624662363ce52aead
data/average/k8/voicemark/trial_067.json,2607,,64f9f06c1bf8f5805e987208469528e55cefdc5fd4dbf85562e7b50633a7d6f5
data/average/k8/voicemark/trial_068.json,2623,,9dcd1d5458efce66b9be9d97e99b910a7f89b200a61cd4057c55916682871227
data/average/k8/voicemark/trial_069.json,2629,,12ef0c1f06f574ceb0a623fbfa74f5cb4883ab261d7f841052d0db0e3b232024
data/average/k8/voicemark/trial_070.json,2609,,6a936a8e2502a96a086cd4a004266f48d69c7ae36e66584494713de636698038
data/average/k8/voicemark/trial_071.json,2635,,e55bc3e8665dc2f5de0e141ae4909bd9e428c835517e2a641f19d8aa62ea8cf6
data/average/k8/voicemark/trial_072.json,2617,,7758d98fc31729b050c5a771af96b818d15bdc4435ba50db2b85d6b107f56a0e
data/average/k8/voicemark/trial_073.json,2627,,f9987fc3b7a2142d7242ce43720fc569df6b57512a70ccd7e87ffb655fe885d4
data/average/k8/voicemark/trial_074.json,2625,,ceb1d650a6c4055df81ecfd2b21fe8715117f91eff7403d6244ba371164708c0
data/average/k8/voicemark/trial_075.json,2619,,57e029407c122324246999795983edb9357cd82395030019f01129f638003729
data/average/k8/voicemark/trial_076.json,2612,,e1fb1120989ed8e7de976dcb0a72db134e136fcd444a2836d0c9bb7357ebff3e
data/average/k8/voicemark/trial_077.json,2629,,4ddf54d934103ca92c50bf0485f0630fc1942c9fb4c2859fab2c5a9d7c7b31c7
data/average/k8/voicemark/trial_078.json,2631,,75da07ce4cf55517a6dd948bc1f2d8ba9d05628cf1b68cdef492c9ba689dc868
data/average/k8/voicemark/trial_079.json,2611,,e2d794321292b63df17ce7a7884e9f9d94ecfbb2c8b735d7630b92e45450d7a4
data/average/k8/voicemark/trial_080.json,2615,,8d847995aa02ba519c6e0cd773ac2bced44b401d65a20df9f6f7c0993f5e3e54
data/average/k8/voicemark/trial_081.json,2623,,f0fd681a3ce420611cfede3034cf02a4a3948e99e674065b7f46dad249053faf
data/average/k8/voicemark/trial_082.json,2610,,ae7014fee6723137eda79b4e8d1abb33d97c29a982115f2ce1db7194c61e4e89
data/average/k8/voicemark/trial_083.json,2628,,36fc0243f5b7081e9ca16f4388e0e95fa4c20506790d5e2e1d25a92038894008
data/average/k8/voicemark/trial_084.json,2624,,f174ab4ac0d7810e607e35614904c2d8b64d8b4775cd2b41500596e0361bf9cb
data/average/k8/voicemark/trial_085.json,2610,,23f505db925477d8f294d5e1fc40345699efff713217f8ea31291774690f11d8
data/average/k8/voicemark/trial_086.json,2643,,fdf630f4c9e6a17681428783ceb1345a2ac5180bc0fc5ca0fc12363b8ba761fb
data/average/k8/voicemark/trial_087.json,2623,,d5811faf3ae8631281649ceedfaf1e497ee7452e40d95e1130994e68f15323b2
data/average/k8/voicemark/trial_088.json,2627,,17dda13be2237dd93d5e0c265bb0e584b9b1825fb9c1ab80b8508f0d1ed4cdf3
data/average/k8/voicemark/trial_089.json,2624,,51e1a32d9789529ce5ca3f8caa725c6ed5d6d53b81b18985eb69063bbb83cba5
data/average/k8/voicemark/trial_090.json,2630,,80b787b38846e93d8a675231873871a318fcc43c1e1763de08de59796bbd6e3e
data/average/k8/voicemark/trial_091.json,2609,,02ff9ad822be1a6383aaf4d76023ec2cf231b73f1bf57c4861e95d6ac469e2a8
data/average/k8/voicemark/trial_092.json,2616,,4b4ba2803f1634a58c1ee47f589aa4f5550b4375ba168fbd991f993f34c5395a
data/average/k8/voicemark/trial_093.json,2607,,e5a3fae6b6e016955acd3be5f383f78b0ccc2364fdd9205011ebffef65719741
data/average/k8/voicemark/trial_094.json,2624,,eda86cf2af462fc6085a09b76946e23f397b10e91bf4e4c81c9d55fd58fd2136
data/average/k8/voicemark/trial_095.json,2603,,f466871db2625ef32d8bdf126ff8bbb2eb6a71d8b4111376f16fc9a93eb94dcd
data/average/k8/voicemark/trial_096.json,2618,,aa094e1271be6ae6b11fac52b8964d3a77fcd4ad4e41a5e41b720803e29e7a8b
data/average/k8/voicemark/trial_097.json,2618,,d142064d9aabb6b0fa2227f328e9f0d4dffcd2d2d41890fd9ccbbf1c2e39920d
data/average/k8/voicemark/trial_098.json,2631,,15a68ae0b0b06aa8b53ba321faa4a7611277430d8dfaef5ff632180c2411a6b0
data/average/k8/voicemark/trial_099.json,2619,,e86ff2011d0685e9ec03d95d05df9106277dae59aad44e41fbd3ea9ca6352269
data/average/k8/voicemark/trial_100.json,2631,,d7a87ce57a822693135d4be5da8c2b6fcbb60d4d808261569fdcff89877cf74a
data/average/k8/voicemark/trial_101.json,2620,,581d3f43f74457a3451436927f46daf558e66a0cad2a9db1d58d36d5fcd3c920
data/average/k8/voicemark/trial_102.json,2616,,40808c75fe40a2448ccf9fc804c005fa3f1e4fb6c7fe418fa4bc14c1a75a4d63
data/average/k8/voicemark/trial_103.json,2633,,2ff3becbda1884581aa148174653886fedc21e895fa086fbea9a3c681cff34b7
data/average/k8/voicemark/trial_104.json,2611,,17d3f39c903365355dc7ef8a390ab0e3086839c0e4036c1c78cd36901b4d7c81
data/average/k8/voicemark/trial_105.json,2632,,0e655ecf39d4715ddf971980de17ae4202772aa4a701cbc97fcbe3c943dbd318
data/average/k8/voicemark/trial_106.json,2621,,191e6c4a161c4b35b29b855ec73cdf5b4a8e3a207e04c6dcc7df59d0504b6ea3
data/average/k8/voicemark/trial_107.json,2613,,8b7eeda3926ac83ab3266acfb5599ed8c0791589714291e72fcb1fc57c347220
data/average/k8/voicemark/trial_108.json,2622,,60eaeb70fcc59d5c60a48472423a9bb86abc8a4423eb8fbef56fecee42eb1821
data/average/k8/voicemark/trial_109.json,2623,,484454f7d49ee862f96acfc30919fd574e0bc1ed9dcf4fdc141b70b72d9449af
data/average/k8/voicemark/trial_110.json,2615,,fc1e524089eb43c34881ec4272a9df1e979a5d615cedf88552df7f8a279443ee
data/average/k8/voicemark/trial_111.json,2614,,8e87ad64bba582203077149c567ac1654a904043bb9a1418dd7e852f7fcbd3c3
data/average/k8/voicemark/trial_112.json,2629,,46a011692e1a48428042f1d0be50e002e5ac242688c7acf3a56611d8bf7d2279
data/average/k8/voicemark/trial_113.json,2629,,c0d182ec7ea841f6f8617fc2ae3f5fdf0cc125172b9dfa5255095d7027107334
data/average/k8/voicemark/trial_114.json,2640,,0cbeba6b41e0d9bfc26503471f439e622ec7e1a83e0f4ac59ba9de8263e370cf
data/average/k8/voicemark/trial_115.json,2622,,d50d48d523f3ae0f40f3133d60d3a3acdea83b0f6d760def7e2f55a80d9da2c0
data/average/k8/voicemark/trial_116.json,2612,,91bd1358cd9edbec6352cd8faa46e6fb511ca69575bfdda2472cb1ff4f99f8f3
data/average/k8/voicemark/trial_117.json,2621,,1024f8f19ea12ed9aa769f59c72de21a40efffa1791636a1a483274f36f86b16
data/average/k8/voicemark/trial_118.json,2627,,5ca3d4c9807f04dd42ae53e2e14e8b87fa8448b99662536c3d332b7ba5c71615
data/average/k8/voicemark/trial_119.json,2619,,f165aaceb36a7399a68ec99f2c0324816c0fade52c2007c1f262dcb762fb9a84
data/average/k8/voicemark/trial_120.json,2621,,6538c1f8a616872183e8538196c54a455b85160e28b2c68c887fccae2d3f4860
data/average/k8/voicemark/trial_121.json,2637,,ce233fd3f2c33433846ba4fc96a7eb29feedf16b559d19fee47cf4b62fc238ed
data/average/k8/voicemark/trial_122.json,2628,,94ccd0068817c771cf0c6bf31871833b8b8bce0da96939f3edcea293d5009789
data/average/k8/voicemark/trial_123.json,2631,,981b33e8f347ea9f7aaa10039659adad84a07175219fd4baeb9fa6155bc76e7a
data/average/k8/voicemark/trial_124.json,2633,,e4469bc6b9707b793f3ae33fcb8e96fab113b3ee11cbed7f035f3e0e19c3bc2a
data/average/k8/voicemark/trial_125.json,2631,,865adcd9d70a31d0b61571b85327a15656283fc37f81047b79b6bf9dfdff2f60
data/average/k8/voicemark/trial_126.json,2618,,f60366627d38cb9805ef385a54a9a2382c97efd5639a83173af5a18aca983dd0
data/average/k8/voicemark/trial_127.json,2634,,38355ec6434a75b9f43a1cd777850638eb36417d47eefc55ae6a53cd2a0014a9
data/average/k8/voicemark/trial_128.json,2627,,881b6279aacc0c83cb903507e897a6fad085565ca5dbd75de1f21dc77d1d3fc2
data/average/k8/voicemark/trial_129.json,2631,,48871a1f08ccd83cf94c9250d282f4550b6553adf5cf1864c45093ba2c65ee71
data/average/k8/voicemark/trial_130.json,2623,,f86e345600681eaa95ef47c61612536998a3b7b42ade85d2108341a357e5a1d6
data/average/k8/voicemark/trial_131.json,2628,,b419a578d0cf3b965f7bb37869d2d0ff5680f69c73249cd7b5f8ca666bfb934d
data/average/k8/voicemark/trial_132.json,2623,,e0423242721606b72f2235a575b0be4a5236965cb14dbc9757ad0d4609b1fa2f
data/average/k8/voicemark/trial_133.json,2621,,bce72aada9bedcbb99f241d68655dc77afd6f76aa43444cb7f490314196f9707
data/average/k8/voicemark/trial_134.json,2615,,d13c5bad8f917381cc61937d8c6eccec013d18926f4c6f57453577891744db9e
data/average/k8/voicemark/trial_135.json,2603,,165cb2163961090f717dd3437f0c8cc4a6486b9a69442e51b4acd655f5d428da
data/average/k8/voicemark/trial_136.json,2613,,da9469ef9e009c98a0f90ed556e05270522d829dd390a5bd9e0825b3b03d40fe
data/average/k8/voicemark/trial_137.json,2630,,39f58a5aa255669767e16bffb7b5f3835171f3fd8d8d1c2b8ce38e40bae3b9f8
data/average/k8/voicemark/trial_138.json,2642,,6c2f04d3134f637a871e8e485c8c173cdbc26472fc003fe6cf00655e63603ddd
data/average/k8/voicemark/trial_139.json,2618,,5da19ea4e1127170a3b97281178f558e7e21be7f6c8a54900ec9e4bc94f4c324
data/average/k8/voicemark/trial_140.json,2626,,236f19501c58fbc903dc66e4c042f50c76d725a2fe98ec932e7fccf2c9424190
data/average/k8/voicemark/trial_141.json,2624,,28231e0a54aebfe20e3343e900282b02db4319e551a69b42b9ac918850a428a2
data/average/k8/voicemark/trial_142.json,2631,,32f34d71fdbc1d2fe329267138668393a125d02e85b0e90598f43fe0344d37ef
data/average/k8/voicemark/trial_143.json,2620,,31894a8608f6c202d3d38791164d038b51bc0ae91155f5f15725a1571e0b4e49
data/average/k8/voicemark/trial_144.json,2629,,e9e5606c465ca169d842cf508a88602acc049ee5cf95c5b87f1bb80a3d26d7f2
data/average/k8/voicemark/trial_145.json,2632,,d38f9c6bb27fe7c216e951c9fcec7fa08b7b9bc0bfc17ad4fbec06d5affc1987
data/average/k8/voicemark/trial_146.json,2637,,19a6bd19e8cda408b68eb6311e26edc8f5ccd9d78b6b181635272c8ee3eaf7eb
data/average/k8/voicemark/trial_147.json,2631,,8f1025ec22fe1054882f6fd3f06def5843af5e17c48f600d39682e90ed2ca839
data/average/k8/voicemark/trial_148.json,2615,,2edafa4b46951ab5e95b8b6e2803d4d4cc537dc2b3b996adc5fb7fdc73036984
data/average/k8/voicemark/trial_149.json,2623,,56e889e4b5576c3f3c06ee501c2648eed80976d469450a458ecb48e106bd8c25
data/average/k8/voicemark/trial_150.json,2613,,09e708e341290ce49561e0626ed8ba98469bed553833428ed9d36d7247e03b43
data/average/k8/voicemark/trial_151.json,2620,,9e28c0f4149faeee49a32e5928de537dc436969c595a9ae81f7f869e1b977bec
data/average/k8/voicemark/trial_152.json,2602,,54de3f5de6fd1bb29fa16eaef5b605cc7e49eb36aa008b64131d456244e1fc98
data/average/k8/voicemark/trial_153.json,2608,,89e2db5dfd21fa7cce3024985f3edc669a5b237185387972a0a9e3d481a74cc5
data/average/k8/voicemark/trial_154.json,2593,,d7f843a5bfaded196d42aeff9277c27b6ef4b68fd51fcce2a769dba2e8acdb4b
data/average/k8/voicemark/trial_155.json,2617,,9d3c54717c976d045f46fc1807ced8fabedc9609b88d1dae183b25fbfadf7737
data/average/k8/voicemark/trial_156.json,2628,,ecfe167404bf5bb48b9a3b27871e46aea8989b39dfe47b0fb5784c0ce0ec32f5
data/average/k8/voicemark/trial_157.json,2602,,aa988551d7096b8d918dfef38b935492e99dc3e9562d2ccfe622d725d002cae2
data/average/k8/voicemark/trial_158.json,2606,,1dd24f87efb75eec405972a2d172e6e8f32a079e9f06876c74aeb4af065f795a
data/average/k8/voicemark/trial_159.json,2624,,be441cbe0b94402c81b8ecacfc0fa479d29e191ea71fd12b0381d955d4f1509b
data/average/k8/voicemark/trial_160.json,2631,,35b387c342ca10a39de59e797bc456f88f4c39ba13660c9c308f8f818737a77e
data/average/k8/voicemark/trial_161.json,2621,,5221a9f99a791b9924a8580a4c400dca2234a3e86f19685b28b188d862172a80
data/average/k8/voicemark/trial_162.json,2616,,238b60e6540b0d83880e72dcb6bfbdff94117835808429e0abe7601560345854
data/average/k8/voicemark/trial_163.json,2608,,9f8e882edf2d55f40820a63a4f37fdf6558b1e9bd124694230d5e57e8f1484dc
data/average/k8/voicemark/trial_164.json,2613,,6b6b9e49b8819fa52f80a008c2f20dc48b1f71e0069695b587d0c66fbc1d8e02
data/average/k8/voicemark/trial_165.json,2623,,7fbe15891f2914dc20fa329234b5e0e5901b80ad0691f0bc9cb1a6367c384fe1
data/average/k8/voicemark/trial_166.json,2622,,0c841e682c5526d0083b1186f2073654f48ce10f603064c2dc831df5a0ccc2ad
data/average/k8/voicemark/trial_167.json,2623,,3a692a15201685a80b1ed52c86446f5ed5790585403a8a041ae724b0ae1feb9b
data/average/k8/voicemark/trial_168.json,2612,,11619e2c05e5c6b5e7c66d2f3beaaedab000eb126ef0344cf2f858f48c4271eb
data/average/k8/voicemark/trial_169.json,2619,,ab474af785c074a3bc2d43e1425a21d011452300202ee137180b4e10ba5d7180
data/average/k8/voicemark/trial_170.json,2611,,faa472c44d13360499d768953f6ff1f2a586d09b63ff5b16a958abc69f402bbf
data/average/k8/voicemark/trial_171.json,2607,,e194373dc0db94c758fd4338097b7810ff8581aa3c9f030507dce21cb83ca844
data/average/k8/voicemark/trial_172.json,2625,,75c8db7aa4e327223bf56aba83bd36eb91f83a3fd74d4ffc07e729ee076cf8fd
data/average/k8/voicemark/trial_173.json,2621,,82f03c18579bbf91da70e050e308b27771a91824055c3101f707045b088835dd
data/average/k8/voicemark/trial_174.json,2615,,94e745e8144883d25fb4393f67316c93ae60b7929725d6e90aaa0f4fe0f085eb
data/average/k8/voicemark/trial_175.json,2622,,417c7ddf0fd74aaa69e5d5eb138a7d92e2bec4bce3b28acbacef838a95f87733
data/average/k8/voicemark/trial_176.json,2608,,462b8b48dacb244fefc2336df9215b309181154bd3e79a57b32df7567d6e7fa5
data/average/k8/voicemark/trial_177.json,2608,,3ee9055bf3c7ff76b084b315e5c224363789616804dba54d2c83c82de916f651
data/average/k8/voicemark/trial_178.json,2625,,c4b1cbfe61cdc8ab9b1e1ba63e823ae49bb23a17cd46034d80e9ac2f62dc8534
data/average/k8/voicemark/trial_179.json,2620,,ef5eb63d40489646639d6bb8c63d010f0b2db97bd720fe9eac4aba2b200c5239
data/average/k8/voicemark/trial_180.json,2609,,1ae95d1752e133b759fecd5d4cd0b19b5654adca2e1c3735f46930c290cf4dfa
data/average/k8/voicemark/trial_181.json,2615,,37f278b2fd8d3b2284251e923389a30c8844ca65280bfb3ae15af897eb0c9a85
data/average/k8/voicemark/trial_182.json,2614,,9cd241bc461e6c525ce86828984a39a581922e7d4ea371ee718166711481410f
data/average/k8/voicemark/trial_183.json,2608,,2c30c15fccc1bad2ff68e8fab138c816ed21b8903360a9ae6276ac65d9dcd537
data/average/k8/voicemark/trial_184.json,2606,,9188f3b30f777fffa314bd4b3253d511430a186cd835f8de0eb0cbe3db4a41c7
data/average/k8/voicemark/trial_185.json,2618,,4e6e9123030e4d43cc1e64c9a628c8c71cb77aef5db6d39abcaacf3161b7fc21
data/average/k8/voicemark/trial_186.json,2616,,a6d97a4540a271962507a731b3f5cf5d8afa2ca0e7ede0273e686fa54c40f14a
data/average/k8/voicemark/trial_187.json,2639,,d17d18217e4fb093fd57742005a1ef58bd3fb48f2ebd07a602f8193d4065990b
data/average/k8/voicemark/trial_188.json,2605,,0b213901743d042e0f667f00fc47ed069013c4058e15fb351fec4f70fef69883
data/average/k8/voicemark/trial_189.json,2625,,657e5fe597ae7f235b228a6576e35c592b6883cc995b9bd56fbf28df765122f9
data/average/k8/voicemark/trial_190.json,2612,,ca599ab5472d0e0f1019102c0625956e687de5cb4358b0a2c373a7c3e84a4319
data/average/k8/voicemark/trial_191.json,2601,,6f21e0c1a6d8950bee31a66407512a366d3a98acfe5e1bc6e1a33d18327ad0e0
data/average/k8/voicemark/trial_192.json,2621,,33a875d427d7be53fa388be6a94b6ad5982f4fec70b3586be7f4787022cf62a1
data/average/k8/voicemark/trial_193.json,2625,,2944c9f88f3ec4463e26be9f396063114f2708c187c347ddb871c03c2d9de9e9
data/average/k8/voicemark/trial_194.json,2609,,918a117d42ec0e779ee441f2e163639837a20f3d97b1b02924f97b0052e0190d
data/average/k8/voicemark/trial_195.json,2612,,0bd1821e90134b774cf3d3f6ffb1d790c9f95eb4f45920ea016bbb66762bf748
data/average/k8/voicemark/trial_196.json,2618,,7eacfd77729958d3d0059a7e3830267db2a29bf09378228e9db44e98f973e776
data/average/k8/voicemark/trial_197.json,2630,,6594ed27fe5c71447b8a706dbf3f70d3ad99b2749983354067f261a52b0558d6
data/average/k8/voicemark/trial_198.json,2614,,bb0c216aaa68dd596fb18cda639216aa3f4d6b033b0269b64b5a1482937c79e4
data/average/k8/voicemark/trial_199.json,2620,,f7031e62bdc5ce12eeca21dee19c3a45a1f5bbf2afd81e71fc912dd1c2c71fbb
data/average/k8/voicemark/trial_200.json,2616,,d46773ddabe49d3105b56bc077565867a8cbe66ced15ffa0e13844be32f4f3bc
data/average/k8/voicemark/trial_201.json,2611,,4a7d23c33fda4d29529f9f7de89c3d8b57f57ec56b1e00f2a9175544de123f9a
data/average/k8/voicemark/trial_202.json,2630,,f4387679ce0d0e62c3376964d96337f632ade6f8342557036cebb937b38e3a0d
data/average/k8/voicemark/trial_203.json,2606,,591fed356820bff1941ab407d3d040d2b26d99710fc97a34b05c37ad1cd54cf5
data/average/k8/voicemark/trial_204.json,2615,,a42bba6b3d3fc70808085294a6d93602ff67645541f88e11780b3b2611945582
data/average/k8/voicemark/trial_205.json,2618,,bc39bdf141c645afb8fb27a318cdab67dcf5009a22996ac2a40bf3d80da3ce54
data/average/k8/voicemark/trial_206.json,2613,,618bafbf5e68d22696cbfb75858cf1e85669ef530529ef3f26d163bfb5768c45
data/average/k8/voicemark/trial_207.json,2610,,02fd18b5331c6cd7702e066aab031222dbc15592bde5a871106b01800953f487
data/average/k8/voicemark/trial_208.json,2597,,40cc11b9abc18b92dec36a110b703a769c549d144fd308998c6e3793f87795a9
data/average/k8/voicemark/trial_209.json,2615,,64ecf6b7e5d826804965b4106a930e5f3d52f783b156dcf2fe95ac0b64775bf1
data/average/k8/voicemark/trial_210.json,2630,,37d2f62eabd892abca8c01b480534094d42c53bd6ee10553e605c18478b9097d
data/average/k8/voicemark/trial_211.json,2596,,5d9e48964e80955a6f0781160184f3579ec691084948ac4dd7a8f78f2d2b0b16
data/average/k8/voicemark/trial_212.json,2610,,62a9207eba2af821e0ae45fdb69f37e6dddc07acd7eb1e227f1f5cd0874641a2
data/average/k8/voicemark/trial_213.json,2613,,9779d1f6b08c15d25a92f1be2bd567ed6b0b9c4c3499021a0c0b62b2848dfed7
data/average/k8/voicemark/trial_214.json,2621,,bda3b7fd1ef5b3340761e6cc39ec2968a5185ce1d9217c0b0a6bc306120abdb4
data/average/k8/voicemark/trial_215.json,2604,,549ab5a29bcab4ef42d0be173e24cf28936353bee4e9285c0d124e239926819f
data/average/k8/voicemark/trial_216.json,2605,,d067d3605f05136d842b3e96fd910750cacd013d1716577eae0c1abb86c425dd
data/average/k8/voicemark/trial_217.json,2617,,98355de93b349b1b3d43c8a2a8d61224ea50beb7bd52a4f5399055adf6fbdaf9
data/average/k8/voicemark/trial_218.json,2616,,bd96fdec1e27f5a82b4410a30dc99e037a61c24285031905570adf763e34e5f2
data/average/k8/voicemark/trial_219.json,2600,,11a02c7857f12445fd7685cfe8cb2144dfd05a589699b394a760457dcde3392b
data/average/k8/voicemark/trial_220.json,2623,,525682bb3eb995784bb73c9c460a193ba827e8b5e995cf28cef2ea1e2e633c3f
data/average/k8/voicemark/trial_221.json,2603,,7bdeb108541b26be80961c53259c9986db1c0d049bea9e9cbb711b8254f76bd7
data/average/k8/voicemark/trial_222.json,2612,,73ccdf14181bb7f91f88bf1420925265668a5434fe7be515d0b376668d1d329e
data/average/k8/voicemark/trial_223.json,2613,,28ca9b6753e22bb90e4f0159bcc7957c8cb114cbbb01c5905140cf8ea8c47e51
data/average/k8/voicemark/trial_224.json,2632,,6ead9745665b76e59d54993fdca9918d609fc21870c87a5a0779a5734b7790e8
data/average/k8/voicemark/trial_225.json,2606,,81f9c06b6ff9901e632e3dab0e7eeebfd31e7bb51ffc40e3c1ed0f46294bb852
data/average/k8/voicemark/trial_226.json,2620,,1b6043f9b46b0da71bc82fe7d41846f869defe5829dd7aa3c278e55291f7ffc2
data/average/k8/voicemark/trial_227.json,2606,,92071b8b71b1e704fccf42268ac363735984a16f99d3bb60e9430750ec58abf3
data/average/k8/voicemark/trial_228.json,2616,,1eec8c357d3ae07438d4c0d13aaa68d26fd55e3dfb0690e0c35cdb7af4998327
data/average/k8/voicemark/trial_229.json,2637,,68164876762e6e728affe91fa10ad1459747402222c1c6e4c01a0d87e53ec3ac
data/average/k8/voicemark/trial_230.json,2629,,939ca032178d6078b66378c9dc80b778d7750b4a15f78f8b83fc4fee9717a003
data/average/k8/voicemark/trial_231.json,2605,,a8513055abfb85207b12c28fddf898510634e2b73d24f35b877a15b39df11ae8
data/average/k8/voicemark/trial_232.json,2620,,1060a2382a9f4f879d15ce542f5f002ed47290538a3cf263a97f4ffeabcaf04e
data/average/k8/voicemark/trial_233.json,2611,,9b855ef39299dd8e96d9669778d9d3728a1eb4cfcdb8eed1cc23ac28d5c4ef6b
data/average/k8/voicemark/trial_234.json,2632,,15ff2da88f705e9da16e6f51f138f47dd93e04761c012bb955463c926e0ca749
data/average/k8/voicemark/trial_235.json,2615,,2825205bef6534bf422c022c5a6d15ac518ca7a74adea69e068505b3dc83f2e1
data/average/k8/voicemark/trial_236.json,2593,,2a827bfd39ca41dd0a612f5a8ded049560b694474bfabf9bbd77987bf1ff988a
data/average/k8/voicemark/trial_237.json,2622,,17b71f90996f3ec2461bfb35962c9c632d3f3aa94d4d16e6e98bee141d4db3c6
data/average/k8/voicemark/trial_238.json,2599,,7210f1042283d3b543618831eb979305b2dfc16adf17091e30fe0047c813ced8
data/average/k8/voicemark/trial_239.json,2594,,da758e9436b8890e1a9118ba374db9042a202a70d0b0600cf4d382a0be603d81
data/average/k8/voicemark/trial_240.json,2609,,a3ded18c59713d567e129196240c5da17cf0186b57d93b22aad15d72d4b86712
data/average/k8/voicemark/trial_241.json,2610,,89927a7346a8e8f5f974a47705dbcc356fc811de81ca968bc0ae89440d732762
data/average/k8/voicemark/trial_242.json,2617,,12d897ccfcaf6bd1d2a1608a68cef0bbe587ef0e6f8b050d2baf1f12f16b4892
data/average/k8/voicemark/trial_243.json,2619,,35b101566de4c14088a367b9ff99852e43a067814568115c21bdff74548d144a
data/average/k8/voicemark/trial_244.json,2623,,fc34d1a8319e7ba6184741ba7f86b2cb373f670d574b1748f9f1cf68882d7035
data/average/k8/voicemark/trial_245.json,2605,,dbd75b6562ba8d0f8695d5b3a0fc8626b5f718f76ee124ebf7f35ac53d2f5621
data/average/k8/voicemark/trial_246.json,2595,,cefdc0c7b53820c90c82a1a0c6029734caf7eced7b98f9f83223dae0d14a85b8
data/average/k8/voicemark/trial_247.json,2607,,3585c3c85e0034324a0926d00f1e9f1751ce1f36465a437d2114282c231cc0d8
data/average/k8/voicemark/trial_248.json,2612,,8da32fca2b258a09a96ab772cdc46b396d0045aaeda7b0165b70c5bc0378edd0
data/average/k8/voicemark/trial_249.json,2619,,138188cc4dec3c983bc3e4c189cabec16816ecfeb11fd2b7efafe5e1acce46f8
data/average/k8/voicemark/trial_250.json,2615,,cfb80742f260a5267fae3f6ecc7c774304ee607668cd7a50e826fcf448dbe316
data/average/k8/voicemark/trial_251.json,2616,,b3a715b0a1a05321bdf1be11551c917354f9813d0c74d33f7bf7c600ee5f2898
data/average/k8/voicemark/trial_252.json,2614,,07f44718e339dc020069ad276feffdf47493ae1f752c3c030ba70a82277865cd
data/average/k8/voicemark/trial_253.json,2622,,365d49967c382f5d9c70a5ba289be2c6f2ea46d9e901c54347bdee53de0d0698
data/average/k8/voicemark/trial_254.json,2608,,84599c3f2bb99b7a1d44bfa889413356d329558a7798071cfc7489851c11f6cb
data/average/k8/voicemark/trial_255.json,2629,,e2e6175f6a9fdaeed8bba6ca729336b2bb4da88be7ca60af95623bec6fd05b36
data/average/k8/voicemark/trial_256.json,2625,,65953282821e46b7bf13b4a6b1a71eb710374138f381710836f8e3339cf338a9
data/average/k8/voicemark/trial_257.json,2606,,d3ea31edac81717933800c94244d41f17bf315e718998de3c2f570229f4a6cf3
data/average/k8/voicemark/trial_258.json,2622,,1a1eadb35096fbd3eb11b7be94022c87be2c3c4ab5cbfcdb0251d47c1dd65558
data/average/k8/voicemark/trial_259.json,2590,,5f194919836d14d274012c90e142db873ba1d09ec282989e4340eb0bd960a94d
data/average/k8/voicemark/trial_260.json,2626,,f6b149846aafe8ba90bac76d50823b0a6e16b6820365734fabcbf25b8b11e27a
data/average/k8/voicemark/trial_261.json,2614,,8e15f1d3e3433e337c16e1138ea06e54f754c461ead734c33084d5926660bde8
data/average/k8/voicemark/trial_262.json,2604,,a0952961719553ef201680db12dad872352cb206cb2f35620384b9632fafa266
data/average/k8/voicemark/trial_263.json,2610,,843c211c7fb6bb79f1d23424f8ca89eb96095e874030245bed8cc708f6f31d22
data/average/k8/voicemark/trial_264.json,2616,,71229edf0417255d09a850e8ace634fa43da40dedac9108856713c3ec1856eab
data/average/k8/voicemark/trial_265.json,2614,,fb4165e6d86e0d37e07ec53e2ca82def762348161e367371c0c9737c0eed56cf
data/average/k8/voicemark/trial_266.json,2620,,b4d0bd4dc96fa5437706d76b574023f2bb24a75b27117163da5a217512dd6908
data/average/k8/voicemark/trial_267.json,2594,,ba011aafc809cfd6a12e45e461fff8e061bc6f4449d8e4f2603b8f9da90f7f55
data/average/k8/voicemark/trial_268.json,2617,,d1575cfd3c2de4ca1a8cc7345200422041a1291dc0e22d3fb39a4f853ad89563
data/average/k8/voicemark/trial_269.json,2613,,0167fbf768367593946d8fc73d6ed21ff5a34617b1db4639e741ea8f6608ea1b
data/average/k8/voicemark/trial_270.json,2619,,3b0dd4a7d987e875f484c7d78c81c4eaa408c0e45f9a33a02735dec83b4ffb4a
data/average/k8/voicemark/trial_271.json,2619,,7ebfd2248a58b502bbb868c562520eb8bbafd4a0e3cc8f423ddb493af752e8ce
data/average/k8/voicemark/trial_272.json,2627,,519a61302796d4331ec5287bf7bc0fc196af77abf07338e36e931ce4dc2bb248
data/average/k8/voicemark/trial_273.json,2626,,a211fb108ad344d2d5c6054c03151bfbdc4db6950dabd0fd6e8e572997ba5cf2
data/average/k8/voicemark/trial_274.json,2631,,769ee0946aeea37c14f1e3f352dd85449da1281a210f3f3d44c7d449a170a955
data/average/k8/voicemark/trial_275.json,2605,,c7656fefddcec975632ac73642142717bdeecd97a63f32c0abe803cfdbac4307
data/average/k8/voicemark/trial_276.json,2619,,156a4a53db689cc1d626b1a58e108a4bb065a4e7003ee1f2ae0d5d59d84fea13
data/average/k8/voicemark/trial_277.json,2611,,12c5c5a589d20a8ad11fc487ef452e68553e4549d619fcd883314c629472340c
data/average/k8/voicemark/trial_278.json,2612,,874425e7a528dea99ed8a31843d978721474029d748ccb7746a4a23fbe08a416
data/average/k8/voicemark/trial_279.json,2613,,df90eeb4a3fb37ef4932d2ddfc09453c0beaa282f114339ed44d2f31ea63ff39
data/average/k8/voicemark/trial_280.json,2605,,f25e35e5fa572ef06738c2f3ca3ef962b099ff1571bf8492b22bc8c5b4ae5a7d
data/average/k8/voicemark/trial_281.json,2616,,9d49eee014949cb0b3846b39229ebc3278a3ad5eeca4d3b64ece9657230e8bb8
data/average/k8/voicemark/trial_282.json,2609,,59e635b5574ce293dff0ae8a78759f05f4cfe29c2159d8f54cdd3dff246142de
data/average/k8/voicemark/trial_283.json,2602,,07b2c2827e4847de63b356beff9816a6573180556554db2d8200732d205939c7
data/average/k8/voicemark/trial_284.json,2607,,2dcd4abd904c38b294ec0cc431b40496955a40d5503f4e3c8a2ee890512c1585
data/average/k8/voicemark/trial_285.json,2613,,f77fafa97d64149e8f51fc0c5d6fbe8e074163298e7e5a252206f9aeaf8ba991
data/average/k8/voicemark/trial_286.json,2596,,a6a65471b20aaba42e891d786f59510eb417ea0431e318dd18a526f05d7b62d9
data/average/k8/voicemark/trial_287.json,2622,,b7febbfe1ac87089b0bddf16fa9302569762a7ddbc97ca3d1bab8897ea4588f2
data/average/k8/voicemark/trial_288.json,2613,,3e652b1011b460cae3ac9b4b3346648374a910fb2c82b86f491ce8254af54833
data/average/k8/voicemark/trial_289.json,2596,,940f53cb6f656bba4ec68886702b5d5eb6b4cf2104d55c6e2ca2dbd5465bf74b
data/average/k8/voicemark/trial_290.json,2619,,d73a762552e31c7bf4b692e0db64308bd3328550b7f15e292266b4af58e710e7
data/average/k8/voicemark/trial_291.json,2617,,3b9d9cf11c1ca5971906d7cfeee7f6fdd5f9fc7e4d6d2a47037df64da5cff345
data/average/k8/voicemark/trial_292.json,2618,,7efa33b1ee3a39eae05fba90faf93c2299eebc94470c0b6efee66b8dc72ed776
data/average/k8/voicemark/trial_293.json,2620,,3b54a09a0caf42af270645c6f1a0f8e9b30e81feefc2237e59ac978601220bcc
data/average/k8/voicemark/trial_294.json,2630,,68c28efb5355b1a17a32c31d0e0c12a5be9fff84b993c23bff2a74c68594d7d7
data/average/k8/voicemark/trial_295.json,2627,,916842546c4e09058a773d71b6a0b9a7193a648e17be24fa924e171a53429e4d
data/average/k8/voicemark/trial_296.json,2616,,afc9b678cce747564aaebcb8562dfde9f707f7aa9df221e814bb8475986373b3
data/average/k8/voicemark/trial_297.json,2599,,2dc64f06511bc69ea6e5578a04b619b854a11f9de04d19aa95d6458faeba3c01
data/average/k8/voicemark/trial_298.json,2614,,107a6e6845624bbb4a1ad7c68a3d191374f0845bb17ae11c373b169fe401c40e
data/average/k8/voicemark/trial_299.json,2615,,0ce182d50744cc0744cd63f613247a4a46e464f6df4f5e1dc90dd23a2a19703a
data/average/k8/wavmark/trial_000.json,2372,,802a6e731971ebe74e6dbd34aca48312866fa045349845301b1ff632ee6a57c2
data/average/k8/wavmark/trial_001.json,2393,,cfab75f833be20f364a19ba6bfd71156a31b4f4e973e06e70b2cb8a356ecd5a2
data/average/k8/wavmark/trial_002.json,2405,,4c48b1fb516edfda6ffa27b3fd8004819f972e7f4f1c4509cdb0edc8d21b99e6
data/average/k8/wavmark/trial_003.json,2253,,e14028b978779b372471a15b31c3773b5beac44530590d51aa12939fd516598f
data/average/k8/wavmark/trial_004.json,2360,,df5377018264ccfef66cdcd6a507a5d8783373629e2464043edd993cf6ca24ab
data/average/k8/wavmark/trial_005.json,2442,,3971843baa0c8ed92af61d29e28a7c00fa356cccf5104cd802268f08aac9c764
data/average/k8/wavmark/trial_006.json,2246,,21da3ff2bdd9f01f4247f4e29c3ef80ea13217d3cd8058e16632aefb15164c1c
data/average/k8/wavmark/trial_007.json,2372,,890e98a47a6a1a4b20e6c04bbb97472c8e6f1542a659cc318aee416c884de413
data/average/k8/wavmark/trial_008.json,2413,,4632e59d931d02465ef5c8f429b04ac8bcace64c4530a9d66cb1147c92923f4e
data/average/k8/wavmark/trial_009.json,2399,,a1ced7231ebda9e67357e0098f72e25b1ed28478e193b0316c8a60f5827fd8f1
data/average/k8/wavmark/trial_010.json,2383,,d52744d85426cf9511f323134c9777b6c488e801520f209dde0036efa05f88d7
data/average/k8/wavmark/trial_011.json,2343,,9f022916a99b259c1f95789afec49e1a0759af892815c6e70490d1db5e836669
data/average/k8/wavmark/trial_012.json,2407,,c2bcb01876181c959f09f40754fc772b314c592fdb7caf8e1e45f0caa211e941
data/average/k8/wavmark/trial_013.json,2394,,1fdea7dbe09bb772011f62e2b9c5175f345558f7c1a147c53104a400b7647659
data/average/k8/wavmark/trial_014.json,2221,,70a639d2657b0bbbe39c93fcb6a29d5fa9d991562226fb9ab69b2f3b5abff0f7
data/average/k8/wavmark/trial_015.json,2420,,fdddb5c359901c47ec132490fb45bcdd67428bced49c7acae990f1f627e2f23f
data/average/k8/wavmark/trial_016.json,2359,,c891ced7069426620cb68053b5d95908f86264b839c4e1af11cf2b9f4b390130
data/average/k8/wavmark/trial_017.json,2438,,039d4b041bfabbe0db3f6fd0cbedd0c7ab0cece245ad17f42d7332b70500644e
data/average/k8/wavmark/trial_018.json,2375,,6c5a20dcce4381e9824259911605541c1ac5a2631240dcbbd503cf4462a1794b
data/average/k8/wavmark/trial_019.json,2389,,d5781c2058e931efb9cfb2062458e32aff10c2a8953843983e675c35106ecb85
data/average/k8/wavmark/trial_020.json,2388,,c767d18d343120f72176f381ff01772888b1eb1ce21e821603e7196da86531a0
data/average/k8/wavmark/trial_021.json,2391,,9986ec2d5e691084639f9d5d079e1fa3e4ac8bcc559072296c0a590c45460bac
data/average/k8/wavmark/trial_022.json,2424,,f14198e2c97f35783eee25ab404c2bbfd2c4493cb93a2d51e7b1ec1f6dc92aba
data/average/k8/wavmark/trial_023.json,2350,,a094f2dd90954ecd4a6727890c444a6760ce02c238e5554dbb8b8d18f1e9072b
data/average/k8/wavmark/trial_024.json,2401,,02cf8b519a5fdc5502d5617678057a43c3d21f2a96fe1cb2b587669744ec9faf
data/average/k8/wavmark/trial_025.json,2415,,de5ce0c5662275bae3b0a31cda7a92bc1456912a2aaa31eb6cfd8d102c037793
data/average/k8/wavmark/trial_026.json,2420,,ddf5bd24faa2f92aab8828504609696ef009ffa82bc9bf070429351fd3059f00
data/average/k8/wavmark/trial_027.json,2405,,0e4896cb72c281d9151b0ff98f750307c2026750ecac8a621f7a4228d0c0461c
data/average/k8/wavmark/trial_028.json,2419,,025c9f1e2d2c8f627d2d8e7fb1d714126e66989a0f9336b2d124fc2c793f7b21
data/average/k8/wavmark/trial_029.json,2429,,5c61dc1ba0d1999ea8bc1193047c624dd52eae683e170bf3ff3adc42352df473
data/average/k8/wavmark/trial_030.json,2350,,3a0b2fd6be9f189ab17b71c0cb888c5585b2b8b58177d18531fca97a975c5452
data/average/k8/wavmark/trial_031.json,2387,,0cf6b6cf8e03b572ed401675f79e1d5cb635ff46085c6b413ab0d956847d7e47
data/average/k8/wavmark/trial_032.json,2396,,8137c2d6d7c228e7d8e5db61d0ca565cb13a8cf75cc62efd09254dafcbbb7c66
data/average/k8/wavmark/trial_033.json,2444,,20a4098d79111aafa6b362b35c1f0852125d4df7797abfc9ceb9b7507d8713b8
data/average/k8/wavmark/trial_034.json,2425,,8a1c8e1c46ca1f29f6af6f416eaf8952ad80f2d8bc31838ca17a2b9ea4cc2ea7
data/average/k8/wavmark/trial_035.json,2401,,2ede9ae3890a35bea9d3137a5433b88a37e7cb497981064b281576937bd93564
data/average/k8/wavmark/trial_036.json,2435,,1614ddefb7c554885e70d97bff3c20f2b9465f63e958bf1fc095a687f4cb54ae
data/average/k8/wavmark/trial_037.json,2237,,4d0cac5bf341d15dda1d7f2b77b08ba4ff241cf5f638ca6c23cb0fd1bc7617c7
data/average/k8/wavmark/trial_038.json,2231,,943d96884e5c8f472ade49280c3a76a2dbd880e9fff0768372ae2d3427cafea8
data/average/k8/wavmark/trial_039.json,2447,,0bdd2c322b7c90ade48510cf8868cf2eab2b79bd1f30df450a1a5843b8daa7e3
data/average/k8/wavmark/trial_040.json,2354,,b30163383111270fdab7b78bb21d8f74cda68638b5c1ab7f9d70fee64db19d23
data/average/k8/wavmark/trial_041.json,2352,,81bab38446a9ab769f40038f9a1460be10ba5527e1477b6a994915572215abce
data/average/k8/wavmark/trial_042.json,2435,,daa3cbffd80230000c45629c27128b2758f9d609ebef1a8a5896102fb824eb2c
data/average/k8/wavmark/trial_043.json,2345,,4309de51a5ba29c30434e87fd5c31133dfdef9fb58365eff9f9f819a8ded9fb3
data/average/k8/wavmark/trial_044.json,2441,,316d2c943dc98f4aedccc5b7dd493b617b48486464435660fc46b28908a56f41
data/average/k8/wavmark/trial_045.json,2365,,5a470a230296dad3f2b73361e1d70224a60c6c738ae190be5a86a0db47f2634c
data/average/k8/wavmark/trial_046.json,2389,,de494963993cc68b76f759a38d48ea1ee1d47ac4ceb5eabf34829e7d46a0d081
data/average/k8/wavmark/trial_047.json,2360,,a99d2b84626a4d800ae5aa1fb28af14852592ae929440490748e189029c591a7
data/average/k8/wavmark/trial_048.json,2397,,d5aaa8e95d286437b5775bef6cc530eb85b744c3f21c7775953dd30a6eb4027d
data/average/k8/wavmark/trial_049.json,2416,,b621448e5728789a63ffba4dab15183305a72735fbd2c54dd26b7aa025257014
data/average/k8/wavmark/trial_050.json,2234,,daec0fbc07875d08099b7625f01fa8e6f1a3ed2165f1c5b0d18f9a81c44dae79
data/average/k8/wavmark/trial_051.json,2420,,bc196a7e7bf70c2a93cd8dac64db768eb2078942a99f86927ce6a6e708ac2cdb
data/average/k8/wavmark/trial_052.json,2330,,62cb57ca8faa55f27aa3373021ccac4a7b964cef36088cfa5e4047044afcf824
data/average/k8/wavmark/trial_053.json,2449,,d03db055e28937f66f744077e9f861490c2e84c8699ffc6fcfefc819e712544e
data/average/k8/wavmark/trial_054.json,2345,,f42518a8d39106a422728e3f43e8c7cf6a5d4f9333785f8e76f6f6d6b09f0b54
data/average/k8/wavmark/trial_055.json,2352,,0a336a6db87ddd719e00fd24dc0fece32a228878639be78ba167c453b6948125
data/average/k8/wavmark/trial_056.json,2416,,d0af6a0ce14a6abf4704fb093ac963d5abf956defcac8f0503ed5c2b76d7d784
data/average/k8/wavmark/trial_057.json,2355,,059c005d6430ece7ea43418b3245c66ddb2349e49fe8fe941076bdc30175426a
data/average/k8/wavmark/trial_058.json,2420,,78e2bd77844b412440e2856e67d3d1f7767c887ece83b15d71dc9d50f2d9d769
data/average/k8/wavmark/trial_059.json,2383,,3ad07b25aca3f4b85900842dd37203321f250e753c2c6540fbd18e31bdb09409
data/average/k8/wavmark/trial_060.json,2355,,d1bbbcffcc09457cdbc91f9366ee206c53a00826f8bd264765d996f32adaa60a
data/average/k8/wavmark/trial_061.json,2360,,d6aa865151eddd3b8a84fc3b7072f325b00fc2b2f14c437ec98e2c43d2adf4a9
data/average/k8/wavmark/trial_062.json,2355,,838426e5b414c28639b1bcda3475801549db8bf3571bec472447b55bc03c7292
data/average/k8/wavmark/trial_063.json,2248,,295eb2940f4fe3748c05a824e31cc09fd24a05108084d7dd821b5b58f107e5b8
data/average/k8/wavmark/trial_064.json,2377,,5ccb086bb0636a65aaf8ab1e9c18ff856fd80c0ba3b7f2ad43a04a30f3e93c4c
data/average/k8/wavmark/trial_065.json,2392,,072dac562f267968c6d22eae3a36ddd7216c2f144cf1c2205eadbdfd2fe9fd45
data/average/k8/wavmark/trial_066.json,2394,,eb29a6f41c184c3fabdbe0d21b158cd214385ae62c30cd7c586fb2fbe65c9199
data/average/k8/wavmark/trial_067.json,2406,,280b44b15c05f8cd70652c37725423374cfb769226f5bd058e587523c675781a
data/average/k8/wavmark/trial_068.json,2419,,1aa471954b34131c3e81eb71d5e1c516ee40dec11a9eba1d009074148c64a1cd
data/average/k8/wavmark/trial_069.json,2363,,54c5a40212fefc5a93cbc93c66fde9c54cf2a1f4765f3325170608da0db988d6
data/average/k8/wavmark/trial_070.json,2386,,cf37de762aa55e7a9a34098aa01a523b34fa9b1d8bd885b4d095e12ba8ccf46d
data/average/k8/wavmark/trial_071.json,2403,,52e66fcc0f7622033f4f5801f54c61672bcf681c347accbc7eeef840ba4a39ac
data/average/k8/wavmark/trial_072.json,2375,,af7176938b955cdfdfb5e231e316c07d36ba4d8a3001c39f0eda11712d64a70c
data/average/k8/wavmark/trial_073.json,2223,,094d4768f6fe12bbaba6b3a90f34be8102b47689b8753b4936ad745f2a8e2aae
data/average/k8/wavmark/trial_074.json,2319,,25c0b46e4ade9e6f029ee33fd5cfdce49fdd29be58ea87d62bff7957312513fe
data/average/k8/wavmark/trial_075.json,2440,,478deb7b5bfa8225833451cd552b40eaa1ca387931c01a5de71f833d67cf490e
data/average/k8/wavmark/trial_076.json,2451,,49c4c906dfbf7d312028da459e00ee94ab4750ee1cfeb5dce7f5de081156e283
data/average/k8/wavmark/trial_077.json,2438,,8240b046129d5d16dbfc2522aaca36232f4a0a2ccadab49d691aa480b42d6369
data/average/k8/wavmark/trial_078.json,2220,,8f8fb7ba73da96fee90772d82f771964825ae3cf48067720d4bbe282809d192f
data/average/k8/wavmark/trial_079.json,2236,,96ba0889771c6b8eea033a27d368482bacd74a9bf699c18d63ad65e064b40838
data/average/k8/wavmark/trial_080.json,2406,,39b988938236b429aecbb95984bd294de2674356bae5c8391fa0b460f17008d2
data/average/k8/wavmark/trial_081.json,2420,,01b4ef20d647e275f61161256a583772297b2a86c9da114bc68dde1e44471874
data/average/k8/wavmark/trial_082.json,2379,,4d9ec6efa3b7ce68417ac9e4a71953fd80549155a7e2588ad306599fdbf75eaa
data/average/k8/wavmark/trial_083.json,2414,,b863bc944f2bdc23c076924b364e7293ed8da7b21fa999525ecdec2e5c96cdd5
data/average/k8/wavmark/trial_084.json,2446,,0f727c4fa4a285a2ce2f07a9bd71020f8d9ce784ec9d71060e967adf517728f7
data/average/k8/wavmark/trial_085.json,2246,,59b345ec0186ef630ed0b97af2c563ce01b567e057ee3954890534adb57aa64f
data/average/k8/wavmark/trial_086.json,2349,,51bde12b4d90d7921adab61df57569bd2f28fb946f654eb26f65511c4ec2a843
data/average/k8/wavmark/trial_087.json,2435,,1bc46a69325273ca9a5125dad97a748cc429326e022ce9e98623cb4470a5a842
data/average/k8/wavmark/trial_088.json,2423,,0f7f450c98f1c9a4e425d7fddce7840f390bc62762d588ac4c37f0fb9f64b7ea
data/average/k8/wavmark/trial_089.json,2406,,b05512b20e48e2288c75b389a740473ef26827a7bbea98dc19a0a5c91663e4b4
data/average/k8/wavmark/trial_090.json,2391,,f140062d7c48bd57f5d24ef6d7c693a39db02d01b13856052881b103ab33be3c
data/average/k8/wavmark/trial_091.json,2389,,7026213693c8219a40e2c4c8fb1ef0c8e3c94a40bfe1efd78beb96dd9b7b8787
data/average/k8/wavmark/trial_092.json,2386,,eed1088cd61d8f3dafbe58e4943de3fb7724a75433eeddef27391949f1647e22
data/average/k8/wavmark/trial_093.json,2228,,a70f10116f49c8c516dd5e20768980ac858823f2053933576790bc535e2930fb
data/average/k8/wavmark/trial_094.json,2392,,3bcdf1d4c1264c4b3bf20664259a3217639baedea0aa992d79bd82d5e03067ba
data/average/k8/wavmark/trial_095.json,2382,,201227b9cab833804d865030cd311fd49d522557de118aec287f1600a8845c50
data/average/k8/wavmark/trial_096.json,2469,,85ecbfb764472a975f54d176f9037f0f325d2c152c79bac6392fca6c260b6a2d
data/average/k8/wavmark/trial_097.json,2251,,263713268cb32025ae5077ee1689f9898392b052a559a73a7405e5a526bd4fd4
data/average/k8/wavmark/trial_098.json,2432,,c5d42d0e2d986352b19dd3f01355c34494d0fac287ca1cd31ed99bbf8b03a4a3
data/average/k8/wavmark/trial_099.json,2435,,a27cd415eda3d81f7935f6946713f541e842390c3b92b6a2aa8d954f63c09aff
data/average/k8/wavmark/trial_100.json,2403,,d28b08022029b8ecc6f9b790575af104e6228b31e1114b9c8bc57fcf7541704d
data/average/k8/wavmark/trial_101.json,2379,,e4f15857ead8a14a5343a82b8820e3ebf4d5de5c56509c4351945eb151198b37
data/average/k8/wavmark/trial_102.json,2248,,e9fb894e6b138d14bf030a8858da8a94ba9543073952050f0b65be688d8f8b13
data/average/k8/wavmark/trial_103.json,2379,,43c0a476672c6baa18cfd65f1f73bff3ede11bfe44d400619cbb5418821067f1
data/average/k8/wavmark/trial_104.json,2421,,859c1dcaf306dfc6bfbe17bfa3f1490b39fd4844fbceb4686051fe0c538dd893
data/average/k8/wavmark/trial_105.json,2441,,4b0bee4f66a6b78981e779f16add86122c3c52be9390129a0ac6a97ed07650af
data/average/k8/wavmark/trial_106.json,2237,,13b5cc0a47ac99464a1410da0e4a9d95fc9eebfe57e458fc72042cdcd1778730
data/average/k8/wavmark/trial_107.json,2365,,b43b06713edfe75730dd86b09da796f91287cc763d71a58d755318b00d3da547
data/average/k8/wavmark/trial_108.json,2435,,8b5ce341d6519a8a3842b85eaaa3d590fd53b2f074357c1854b579a58cf5d8a2
data/average/k8/wavmark/trial_109.json,2385,,47074d5b1ff298760e57d42178af6cf1e3cfb4af65dd0a7a9458edeb58fa9f8a
data/average/k8/wavmark/trial_110.json,2231,,287ca6525d789110c1dbb01da0ea05c059dda0b38d42e568252455f121f9abb8
data/average/k8/wavmark/trial_111.json,2406,,4716d830309f76719289b36f2956f02c5903472d373340d387e2e6fa7d683d54
data/average/k8/wavmark/trial_112.json,2437,,51687a044d3dde31fbc9c9692ce6b851ec6235b6d395a1681d8496f9d2557b28
data/average/k8/wavmark/trial_113.json,2447,,86856e95a0c10124be0cda7d055b5abffe2ab7440b2134c249ef7439c9c8e173
data/average/k8/wavmark/trial_114.json,2439,,c7b4c77b3a4fa5f1b791236678336f1674ddf0cf06bc18252b338f039a2f59f5
data/average/k8/wavmark/trial_115.json,2382,,4d3ccf610028a9e7fd4bf4cc95fa59e935c4dbea4f38541c11b7db2afc977dcd
data/average/k8/wavmark/trial_116.json,2225,,0ebae06d245362ac7e971623e7ca4d8f482e1fe2d6191b6af6f7ec51ccb20798
data/average/k8/wavmark/trial_117.json,2422,,6cde119187da1f689e8436c476125d686f78261a062a40fd69dfb85727ddedf9
data/average/k8/wavmark/trial_118.json,2334,,23022c4c437c978307c3e5936ba7f92b0e342e78cbad0a3627cfc7b32d0a48b0
data/average/k8/wavmark/trial_119.json,2334,,d07a84d1e7289a26649e95ddfb4b69a54a0ac9c38f8c4a9a35ee4a0c8f6ea61f
data/average/k8/wavmark/trial_120.json,2407,,2c872295eda5eaf5c70c8a6841b6c530b71f652fbe67ca192f9cfbdbb545a29b
data/average/k8/wavmark/trial_121.json,2349,,67830132b676e87c283e2c52209ca7e43887adf78a72f4363be68f944a67b821
data/average/k8/wavmark/trial_122.json,2387,,1df3beab414b123fd3ae58ada8e380d5dcd3b777382974e60037fd986029594e
data/average/k8/wavmark/trial_123.json,2392,,b0b9e97240b7212803a6f5bdc04ad233a73b96c7a89459c24d7e63033cdf3a29
data/average/k8/wavmark/trial_124.json,2393,,28eb5054aadd7d0dfc5967da018d0eff4e7eb5c1af75e65158c4d0cfa4614ddc
data/average/k8/wavmark/trial_125.json,2400,,45c4973f2f3c2b6d5be1d818c3fbc44a210845a1ca8374158a34155e6c68f5ed
data/average/k8/wavmark/trial_126.json,2435,,ec076d191af4e9f96fd6896d23bedf59ca1fee6e971a79fb03d8fb5e569ea0bf
data/average/k8/wavmark/trial_127.json,2406,,ce00c80e60d4ad4c4178db90d9857cab6939a1c76e717f96785b150881132e8e
data/average/k8/wavmark/trial_128.json,2403,,c2965b76b835ecd3cb12b8776467d2b9ea490e96afa86ef4ac95baf25bd41e90
data/average/k8/wavmark/trial_129.json,2350,,9cd1dad06f4028eadc8c2cee1ba9b4b17aa84df3aa775929c1b113080edc9d3b
data/average/k8/wavmark/trial_130.json,2387,,e16aa713ba8be97478275713807cb21370c66c2fd16f8919283c5d4db7d06d95
data/average/k8/wavmark/trial_131.json,2228,,4d98f19087b956d6eb2c4c3342ad6d223a06f179ace55fb21dd6b16e3268503b
data/average/k8/wavmark/trial_132.json,2428,,9142450aa9878ee3aae28ea3cd75f96ae93893f4160881153c996beb08aab406
data/average/k8/wavmark/trial_133.json,2363,,64485611605e0779b9ec9c29755d143757e871c5f3d19afdf91ef24ae534e236
data/average/k8/wavmark/trial_134.json,2425,,f2ffc11db4055595e1e2b0ed9e54a867dc083f864050d6aa5df2c0d9ae5a2f0b
data/average/k8/wavmark/trial_135.json,2367,,33ffeb094fc27878fb13cddc5aeb2998840bd369ebf73ccb0da8887a14cec93b
data/average/k8/wavmark/trial_136.json,2227,,adc6150b0648ede5933cec4a5910d9c7d72dcdb40ae8edf2b8cc11193de58315
data/average/k8/wavmark/trial_137.json,2394,,3c884b108470e2d847e6062892d95e3a5143922566010830fd641f1f6e6c3d7f
data/average/k8/wavmark/trial_138.json,2381,,dee3d588dfa51e568b852e3dde07965283b91e1df25df072e9ab81b47d933263
data/average/k8/wavmark/trial_139.json,2383,,8b7c63c702e229bde3ce0bbda2098b52aeedf330619fd1ab817e2a351584b05c
data/average/k8/wavmark/trial_140.json,2387,,6b93fdf90a159babdd5af4a5fa25b97c0acd2a2d78f0d568502e9ea4a5178e5a
data/average/k8/wavmark/trial_141.json,2410,,45051e747e0c6ff56dd691b5148fcc79be5e1b57757bdc915709aee56748cf9b
data/average/k8/wavmark/trial_142.json,2230,,818198b77f6e14d35ab2ace1f8b6bb356b3aac9ed1259efa2642fe8f45cab2d3
data/average/k8/wavmark/trial_143.json,2389,,408a056afd185518271146def31a8a429e295d90c38ea7b0308fe01d14b34a5a
data/average/k8/wavmark/trial_144.json,2386,,4190a4d7345851ecdc9e772a8dacd9e8dee1b685cd6d44cf7d68d5b8e3309467
data/average/k8/wavmark/trial_145.json,2367,,11d61ce080b80a19d6b1dbdb36d81297a763e06873064ae5d4e1b66103680d86
data/average/k8/wavmark/trial_146.json,2445,,b74c78d7639b98048cbb54f35c9804e71d57365005a87f792f094597b9132f1f
data/average/k8/wavmark/trial_147.json,2253,,bbb6228bdc53efb0394d2868b2f7d419d7abecb489be93b2b0f7e9316eb8605f
data/average/k8/wavmark/trial_148.json,2451,,75f31d7f22123665ff86120ede54cc4d144d0087118f1f051e6a9b4763a3572b
data/average/k8/wavmark/trial_149.json,2439,,41f13c156fd9dd496a15b5367fe5aec185e0cf15c39bdf8ed9c6aac19448bf7e
data/average/k8/wavmark/trial_150.json,2407,,8127367524639c681ab35308867a2f5e6dd0a4b7dfd7592d0f6a2537106e1fa4
data/average/k8/wavmark/trial_151.json,2378,,eede2130353a3b8ad5488832f11173703d07f85c1d98a6ee925b856a9f79c437
data/average/k8/wavmark/trial_152.json,2390,,6205dcb9f67414f666342383e80c2197f90a2022fd216e916e77ab69d64bcfb8
data/average/k8/wavmark/trial_153.json,2408,,e5545338646d9b5b2490087f002c2514e926ea32a9b9d1faf86abc1969085ca8
data/average/k8/wavmark/trial_154.json,2332,,e79d1da8a431e85f410271c1cf127777ec45dda5e8a5413e657f4eeb1e50c42d
data/average/k8/wavmark/trial_155.json,2385,,17ddf7fb3c75815b04b177f57c210f87dba7eaa5db8eaf600cfd99599638aaeb
data/average/k8/wavmark/trial_156.json,2408,,90ddfce57685ff1e05a49b7527d2a54b74ecdd241c0e7524a0b05d2def4914e3
data/average/k8/wavmark/trial_157.json,2246,,21fd9be9c4ffd20d64b5f2abef6df01d671f3318519252f0a8280a2dba16d141
data/average/k8/wavmark/trial_158.json,2429,,a234ca4b74629a2d11fd5f4ace1d4cb3dd91828793fc36df8cc0164b07ef0b0b
data/average/k8/wavmark/trial_159.json,2361,,be1efc88ea9c17c14ffaedf6b8f2b327391ab091f22dfdf1397586780c3de75b
data/average/k8/wavmark/trial_160.json,2225,,08bb5dee7b8487d991d5f7f943cc9ff6790832a45b400282fe9226a87ac9c384
data/average/k8/wavmark/trial_161.json,2367,,f022b6eea493adfbafffa26adc7e4de90d4e8129149a854daf86ced59770a991
data/average/k8/wavmark/trial_162.json,2392,,4702904063d460f4e1b5ffdaacea28143b7d4f738d1a3f3d31ce6a4249110a4e
data/average/k8/wavmark/trial_163.json,2221,,aa2e4071858b694e636b63b934b5e34cdd19b852f2aa8bf8c811465d86f48ba0
data/average/k8/wavmark/trial_164.json,2388,,1d7dca5d94e31434dfb3bd9d82c8360047ef8287368deacfcc98eed8ec636373
data/average/k8/wavmark/trial_165.json,2408,,7d1a7beb32ed32d0d02fc43403f1f2b7357fa8571e8bdd36edb83614d2128d71
data/average/k8/wavmark/trial_166.json,2371,,e090a09733be075032f1cf8c315515ac735d26ae8b138a45d719770bb4cda6dd
data/average/k8/wavmark/trial_167.json,2335,,ee1bd64c221a7778130148736f1eacd3de12a45198044e22681adc7c6ff25d05
data/average/k8/wavmark/trial_168.json,2377,,edb23b9f9c7e9d7acea2c23648e15a694481a777e5726a763dbf7182996a1499
data/average/k8/wavmark/trial_169.json,2446,,f6cfeda08d73c06af05c01798412c91c829d53da70acc66569d2a681b5b6742d
data/average/k8/wavmark/trial_170.json,2228,,c8679a1efff0b95c07642e8643c3d78978fb5e705fd477635db09701e601539f
data/average/k8/wavmark/trial_171.json,2401,,4f9decaf10d9a92a3bde919d812e7fb1f3c626a907002f88143f0058184557e2
data/average/k8/wavmark/trial_172.json,2427,,79be9181a2beb6961ec4de77d9c68e38479cde1aabb6b76ebeef0cbdbfa4732d
data/average/k8/wavmark/trial_173.json,2427,,5be43e2ce2c9ba9dda7d115b9a3cb9c2d6180548b79347cfa96db0323dff6137
data/average/k8/wavmark/trial_174.json,2351,,a735649de78d43a0cfdeee4e05cb840bd9bd00ee77697ea07ba7fecb8047421c
data/average/k8/wavmark/trial_175.json,2215,,13429525812eb9be046124338eaa42ddb49b34d1ad36800687533d672cea9c76
data/average/k8/wavmark/trial_176.json,2433,,4d215cd4ab2ba9e864fb212c3a7b3c4a841556ac8d7944e1b09146f935ef1ba6
data/average/k8/wavmark/trial_177.json,2355,,12a798017d54bed6adf5b97883039c38319497b080900dd6b9c13c2fedbbfa56
data/average/k8/wavmark/trial_178.json,2387,,ad14dac8f32915a12af289ccccf08b7eb5f23a219e2bcdb8ab8fac91c5067c18
data/average/k8/wavmark/trial_179.json,2368,,2073b9f9cdac32418642a35d9d68bdba0c3c9533353c7224b0612efc57169d52
data/average/k8/wavmark/trial_180.json,2364,,d4d43803b5133f4141764778e9606b236333cc26de7c9acf8587816692cb5359
data/average/k8/wavmark/trial_181.json,2368,,f16225ddcc0d00ce40922e95c735eadca65bd1f1b81ba6bc566c4384d53186b1
data/average/k8/wavmark/trial_182.json,2392,,4e1b3848776e840c18a093f41e3838b875ce466a9a4ebe39c61ef79137d8e965
data/average/k8/wavmark/trial_183.json,2364,,03ef831098f10bdbf6c9fcf2f38064c247696da6e98aacfb92f3e90abcd9dcc9
data/average/k8/wavmark/trial_184.json,2376,,b008fba6bcca22fb76a91b1c219e01eb8c8f329caf6b54756037642403d885b1
data/average/k8/wavmark/trial_185.json,2397,,a4b35797604efb334ebb151361fc60533bd2bef35b2ff1a4ea5b557d4fab39ac
data/average/k8/wavmark/trial_186.json,2444,,7de6371e8aae0b9a35d97202d7e5297172efd6b1388956d490dd9dec45a60357
data/average/k8/wavmark/trial_187.json,2412,,e5ffea76a3b96b4ac64ae494048389b7685d2939a47098a85514f62a49d89116
data/average/k8/wavmark/trial_188.json,2389,,5b00f32021b49efdd6ab0f617625105c1773cce3a648a1102ebae69b6bd46acb
data/average/k8/wavmark/trial_189.json,2427,,9dcf32bb8f80ed311058b934de0181ef741df221419052f487ca447f5eef5491
data/average/k8/wavmark/trial_190.json,2354,,85cc1976287e4c565fd16601e63584377f1ca6bd48ff47efc8d971ec48814851
data/average/k8/wavmark/trial_191.json,2361,,ad63ad1ba9e49f53079ac2ddc5fddf47a6c16ceb6668343a5d20b2b46d3f7e47
data/average/k8/wavmark/trial_192.json,2380,,e9e6fa48c07f3264a074f94f85d835df7722ef3cfe3f3b935657663817fb89ed
data/average/k8/wavmark/trial_193.json,2461,,8a9f686dcd64e7264c668a5574e00ea4844d3b6528f74ae7552284ddb8e855a8
data/average/k8/wavmark/trial_194.json,2393,,62ef2a60f1eb5ea585f4b9acb372baa4a7675f8ba5b34bd5ece563d0e28d7226
data/average/k8/wavmark/trial_195.json,2328,,621867b8cc009db0f8cc1f5fd405b58958350f01e7c7f2ac5d88efcd5d5aa85f
data/average/k8/wavmark/trial_196.json,2391,,be9f06034769d14f81dabbef781cb4d18023b230a339d3fc5e9dfab970ddd27b
data/average/k8/wavmark/trial_197.json,2234,,ba6f85bbe733104246d9d1796dfcdfef0a0c41cd30de52013c6abdc1fd1e378c
data/average/k8/wavmark/trial_198.json,2381,,d8b7193072574bbeba2770bf8d0b78a52422c7d3bfe5905b2356a49830a50c97
data/average/k8/wavmark/trial_199.json,2430,,97835e358004682f8a0d61a83b330da972f1a11e1d501301ae31e91023803804
data/average/k8/wavmark/trial_200.json,2446,,c9e019022023fdcbe0e4564ff9b92c8ab941dba1eae3a9fbd51cc205231ada23
data/average/k8/wavmark/trial_201.json,2440,,c7cc2e05c62541a2cb8d76f61178018bc80e4827ee81432de11ce1defc63b2cc
data/average/k8/wavmark/trial_202.json,2227,,fad212ddbe69ba88f591b6c937d50258cd68bd64dc6b177259b7e2d243f0caca
data/average/k8/wavmark/trial_203.json,2362,,15067261e20a83bc4d30e6a8fe5370f3372ba48600f7d692cbd3e9ec33c01fc3
data/average/k8/wavmark/trial_204.json,2413,,85446bed89d83637546bde6ae46563a5f5d9421caaa60a29eaf9f877fbfc7825
data/average/k8/wavmark/trial_205.json,2371,,e8ad46d7c0cc9ca3e9e6bebcfef95cf5ca693dbca88ee6dca51299d9990ec2fe
data/average/k8/wavmark/trial_206.json,2390,,0fb682e9f461218cf87438428af4da74cfc5acc200a450dac562380a5e32ca14
data/average/k8/wavmark/trial_207.json,2419,,738dce59519671a318a78a22b121c3b62359f793554d0df224f8e3d61b60d181
data/average/k8/wavmark/trial_208.json,2402,,3fa28ae7bdefe094f76a7f9314a3f8b27ad27b5509b4d81d70be559420eace28
data/average/k8/wavmark/trial_209.json,2373,,6bf43fee6b86e3cba12b795ec0947f30bf1ef4a88183280b13d61411be18562c
data/average/k8/wavmark/trial_210.json,2384,,80eb4fc120b9129e3516a58fe268e6703daca1b286f75b071dcf0947e53699a8
data/average/k8/wavmark/trial_211.json,2408,,ecc8cbc6a870556afeee2ef42556878fc2da49b66044d33f3a78243b8da5d7f8
data/average/k8/wavmark/trial_212.json,2334,,49d0c3cc0c0aff77b334b12b4ee03baa4c0017975fd6a114e4793d2dfab376e7
data/average/k8/wavmark/trial_213.json,2386,,47edf9f66bf72d54bd1e802b64454d9e2c3c8467f7b86bb1d79cf9bf4bb5859f
data/average/k8/wavmark/trial_214.json,2413,,8718b1c65ddcca2b7fff40a95f67503b10f971382071a7095cab526f8e469e95
data/average/k8/wavmark/trial_215.json,2408,,104f9edcba37fcc281db568bb6adb6b36031abe0d9ac6c94994a2e520273e919
data/average/k8/wavmark/trial_216.json,2376,,e6544a5ced88265a1fb6318a9d223fa4177a7d0b372e815ec95238e1748cefce
data/average/k8/wavmark/trial_217.json,2413,,6d1066c2da31c6a58137cf50bfe42e0438ab5094cfea907403b3cbf4ecfdeddd
data/average/k8/wavmark/trial_218.json,2392,,596369938ceabb78932d1f423375ebdffcbdc3694c51f52ddc706109612527f3
data/average/k8/wavmark/trial_219.json,2368,,b25b5db2263f990090e003988b94138bdbf46fc27307af9f382496c4880443af
data/average/k8/wavmark/trial_220.json,2393,,d1b3a2d5da1778b288c7d60847a5e2a72049b3ecd8d1792828c169a4e67e7894
data/average/k8/wavmark/trial_221.json,2437,,4a99733616476dc2236c8645c9869348e0e42c9b4b611e2fa5165a00244cc9de
data/average/k8/wavmark/trial_222.json,2370,,76f9e4023c3736dbe67e03056d5b2d93f542ad286ea87095a717a74669eb5226
data/average/k8/wavmark/trial_223.json,2399,,f8d58ac030c85e38a9adcdee8284958614abb8da4d209e0a0c32102fa9ee23d9
data/average/k8/wavmark/trial_224.json,2357,,ab5ce2826cc41b69cfb3379adf00125381ca3fe13be96ecc67092bb8410e6b3b
data/average/k8/wavmark/trial_225.json,2375,,b9ab90e9e42ba171570b514d00626c3e5559e99fd77ca9c7d875570e10df9694
data/average/k8/wavmark/trial_226.json,2422,,761c499e6997a9512c3547b2961f0bf809d5e2ef81773e2393ab75e74a0a89d8
data/average/k8/wavmark/trial_227.json,2461,,a1e3b3b076611e9847442bf919e51423d3cd64235ce55d58a01284ba774297b3
data/average/k8/wavmark/trial_228.json,2436,,954f41e43129214f69fbea0dceefc3285e861090426cd7a25a1246ea74b651e9
data/average/k8/wavmark/trial_229.json,2422,,fde8e0e572b60b4316e2713c8bac657e5a70830e012850511ac76eabf27c64a4
data/average/k8/wavmark/trial_230.json,2231,,d9171378cda9d5de83f153d71a6e8f99761d814899eab65e499a518ddf739971
data/average/k8/wavmark/trial_231.json,2440,,0dd9f2ea3b54091ccafc1a7fb5a08781df96f32cc7ffe61ae65002e000cc7519
data/average/k8/wavmark/trial_232.json,2223,,24cc3ace8a05570e23940d69d0cae8fa2df8034678905c2858e8986379297de7
data/average/k8/wavmark/trial_233.json,2218,,12e8a2e83a60519e8d6e5359ebd1e2d6ef1b093469e7c78ff5012269589ca916
data/average/k8/wavmark/trial_234.json,2423,,6d624cbe8d08f43375b710eb1373a666a6c994e43a2ca2a51c20bd0aaa63b167
data/average/k8/wavmark/trial_235.json,2317,,98dedc970e8796bf979374b8f2ae769aa59aa3f8cf63b7af2c625bcc783cdf8e
data/average/k8/wavmark/trial_236.json,2422,,1d3f36c7cb052c7eecb15e3202929ec0842d6d14313160dc42bf4c11c65aba84
data/average/k8/wavmark/trial_237.json,2428,,cea90eb2cfcbb613da1baf793e8ce3ced3f188d691d0fe9e70a45d35dc3d7762
data/average/k8/wavmark/trial_238.json,2383,,7148e8e4c6c31beb7d158a8438a0884b5c58fc9281e92d2b52a4038674cdc877
data/average/k8/wavmark/trial_239.json,2413,,de8ce6fb53cca4ed317056d923db973f3fbfcbed6576782e720b0b717dff15f1
data/average/k8/wavmark/trial_240.json,2360,,ca41159a55d6338c65f0a416c53db64f2e305ac5af8b03437a4b8279853849ad
data/average/k8/wavmark/trial_241.json,2390,,5de7334c9c084350b20fd9148b1425370b10a8b8ddb955234fef3bf9148e41f0
data/average/k8/wavmark/trial_242.json,2401,,8cdc0d06f9506b137b7bb53ff6093d07f072af6ef6dfc0007bf3bef845732f7e
data/average/k8/wavmark/trial_243.json,2393,,90b2f1632ecf8e8dddaa3ec5ee34aa0844fb7f7f33c93e93e357cf4301a504fb
data/average/k8/wavmark/trial_244.json,2371,,4a5b3784a35b88f70de79331a511966513515beb1d4f7d3a2667fcc6c93d3c1a
data/average/k8/wavmark/trial_245.json,2346,,48043eb09222b6b3bdc6f896fc740b493559d8c49c3c90150f0d59ee16702782
data/average/k8/wavmark/trial_246.json,2406,,e92dca1570472ef859c20b486badf0ab7e618d574bcda03e571050c946d02660
data/average/k8/wavmark/trial_247.json,2424,,cefe1c367bc9ab384cc126a38ad1e9ca0afc2506903d6bcc805a22ee8ff4e339
data/average/k8/wavmark/trial_248.json,2219,,08fe21f60e96c863acdaf3a4fb31eac27447439e03dd57c6fcf7850ce80aaddc
data/average/k8/wavmark/trial_249.json,2418,,da95e09b180a6d2ace9a8f1f7454337ae986c37da4b1a383e2b9f1e28e8feab5
data/average/k8/wavmark/trial_250.json,2371,,a80f600a3ee27ce74e79608c1939c6884eddd0870adf3ebcd70e0963b219d3b2
data/average/k8/wavmark/trial_251.json,2242,,d40ad39ef8804265a9b24a9003b9c53341d8ee4969f7a924048aefd78daf719b
data/average/k8/wavmark/trial_252.json,2378,,a4ba7322cacc4ff855234273fae323c1318aebf834be9ba01accab4f99aee0ed
data/average/k8/wavmark/trial_253.json,2405,,2ecdeba5b3019cd984fda4e0d24c4e6ce26da6560f5ed87429d0fb621c062e16
data/average/k8/wavmark/trial_254.json,2436,,ab672c5e934db1f45b4e60462d0866178ed5511e2f2e35bc0deb670f852f7cfa
data/average/k8/wavmark/trial_255.json,2430,,aa8f7de991129b1ec3091de9692021bad6e265fb937185a7b6a74706fb3422db
data/average/k8/wavmark/trial_256.json,2399,,e21220dfe2e3319bffeadb4f3393e262c91c437cae9b79144ae6a9b2bd610291
data/average/k8/wavmark/trial_257.json,2407,,650972cbb2ea305ab845e5333f36331a526e16bc664665d3bab13346d3302061
data/average/k8/wavmark/trial_258.json,2381,,1d917d28eb5644249bf40e9322ba7cd6357b2bbb1cc285e8efdb4fc52dcb2b42
data/average/k8/wavmark/trial_259.json,2216,,f65514f25f0d45af3087433b1647697a6abbcaf596a3747e413a2e6834986b2e
data/average/k8/wavmark/trial_260.json,2362,,b53df412d0087c88bc5840044fe6f9c789533d15c468d3289feab0a236aab2fd
data/average/k8/wavmark/trial_261.json,2220,,8813aba6d1dffc2c3acb31d451f382e85191e325d66ec5f60615a29aede4ae63
data/average/k8/wavmark/trial_262.json,2227,,dd50419b4f47a11fe0015c818f6bc775fe65710f43719fc43912abd8ef6405e7
data/average/k8/wavmark/trial_263.json,2405,,27775d8d344e6912b9372dc2a2d7972a69bfb9dda109141942a39c0347c4a26f
data/average/k8/wavmark/trial_264.json,2234,,39e476923bcd60126c0fb56e767cc217da3e14703c7e5655fc211cab45e3b5b0
data/average/k8/wavmark/trial_265.json,2383,,40380a3d6042e4ed382a635520fe13632755c8f04168dd7d3faf081885dd379a
data/average/k8/wavmark/trial_266.json,2416,,f5bd9eadd5df1f14cb0c09933922fc1e7822c9b0e426b881e90ec99dd8dda771
data/average/k8/wavmark/trial_267.json,2223,,e45d8136252aa7026d69112a850824340fc7a50b69e6db041bd9ea8ac7d46d39
data/average/k8/wavmark/trial_268.json,2348,,1db9ad6c0e5ef96dd62982297c82153c2e99eae4b59732fd731f081ac1aaee1f
data/average/k8/wavmark/trial_269.json,2429,,98ffa7073f31bb7f08a018aa91fdb53fbca3eaaec25b8e05a2bcd14341cd8340
data/average/k8/wavmark/trial_270.json,2237,,7d61ff98514feba1b7712bce9e4428605b0175cc81168545864961ccbd5c0797
data/average/k8/wavmark/trial_271.json,2225,,1a3c5cdf4a967feb6898694bbe2134dc33b2cbb28db4a38fe70a9171bf595298
data/average/k8/wavmark/trial_272.json,2371,,694ff99bc611c817de5fa11e7a0e4d3984892d1761d664622f775cdecc0cffc2
data/average/k8/wavmark/trial_273.json,2341,,14f5dfd1511645246a3ad39cbf76089303554b9b0732dbce801976d425d18cd2
data/average/k8/wavmark/trial_274.json,2386,,2396f5dbdecb45b6a5180734977a7878d502be24cead3868001aa2a7ec30ed9e
data/average/k8/wavmark/trial_275.json,2367,,b636fc81553c42b7257892006f177e2066bdfd3852f2e8f8328a9d8a25ad668f
data/average/k8/wavmark/trial_276.json,2414,,ddabea5ecfcc0e2b0c92661b1431f7c6049edcf08f1a749785057bc4c33efbcf
data/average/k8/wavmark/trial_277.json,2364,,e1e773b61b2cd73d77fc6cbf9dc61d5cd63648e6b8db17409d5df3f7442e7948
data/average/k8/wavmark/trial_278.json,2367,,4aca1d7b3b1da2e0b19d3f0794d357139bc48c8af82931cd9aecdd773bae6b43
data/average/k8/wavmark/trial_279.json,2395,,d949fa346c23e609257f8d40f2f78ab68621eae735459d3ee07ab79002cbabad
data/average/k8/wavmark/trial_280.json,2326,,c8d72e13099f93052ccb87a0da7b4b3001d57021505e9dd5bffafd60bf3c07fa
data/average/k8/wavmark/trial_281.json,2424,,3052e428725540a38caeeaab63e132af6b91f55152872ea807395284742a3328
data/average/k8/wavmark/trial_282.json,2368,,4bbab5fa050a294716d311581267472c8e01df128a2a321a7318a1e487d7902a
data/average/k8/wavmark/trial_283.json,2389,,a62e70b6558406f61aa11ec63805f30303f226f8f773a639ecc71ed527495305
data/average/k8/wavmark/trial_284.json,2391,,f1eeb6adf385c710cadd6c37368237747e3623584b27416f2967ba19818055c4
data/average/k8/wavmark/trial_285.json,2405,,17584ea80922866a344027417b883be7c58c75092df6065479604b6299ace1f5
data/average/k8/wavmark/trial_286.json,2405,,2a3246195197f7c8321746dc31898e0baf54820592af24dc542074a9bcc7d962
data/average/k8/wavmark/trial_287.json,2224,,9b33c96eb05911fdad14bc77604a6be91b1439f91617ed3fe4edbbb05aad6672
data/average/k8/wavmark/trial_288.json,2425,,dbefa25c3178d8505197594f1b3116262831eddc720c426f7b7f2d7e9ebc27aa
data/average/k8/wavmark/trial_289.json,2359,,039b937fe93291c953d3db0951bf62aad669b13b409d8dab10c91c3f2d3eac18
data/average/k8/wavmark/trial_290.json,2235,,cb06928ca1a5dd4299306b926b646f3d8bcdfe9336f154963cb3e923a6c90aaf
data/average/k8/wavmark/trial_291.json,2393,,8463cc703d12016821b24596087a1195f5e494aa8f7f36ccb0e3615c35d0477e
data/average/k8/wavmark/trial_292.json,2412,,e459af69c4c73268daaf4653a20a4988966dde2219520746bbdee09edb3d5e38
data/average/k8/wavmark/trial_293.json,2406,,f9996d5ff32e30c288e82fdd0a27343e23bb52321e6e1c1ca82fb77906320bdb
data/average/k8/wavmark/trial_294.json,2239,,10393cdd8b7be07dd7e70d036e748f319afd15ca248bb4fa6f6607b1f24d3e28
data/average/k8/wavmark/trial_295.json,2223,,ceb41001f7d4e473f2e8240b0f0caadb90a02debfa7e5f3b1a3172e7f244b668
data/average/k8/wavmark/trial_296.json,2388,,eaf7d75f7404f57a739240860a5be1b09549d09e23293c50876397d78a1b408d
data/average/k8/wavmark/trial_297.json,2226,,6416b62d4a29b03160c0153b7179fbd41282259818b01eef3113798f259ff0b5
data/average/k8/wavmark/trial_298.json,2399,,c53cc5e2ce0e72921ec1e3e78cbe74866535fb5a10a46394175e4596bfd540e7
data/average/k8/wavmark/trial_299.json,2390,,e9bb06fddca577f25dbeb7a3024eda0dbb33ff5bfa112a8c9f30d83e20d0b42a
data/average/k8/wmcodec/trial_000.json,2498,,24f7e111686afcbdf6e3233747c725f9adb0f8700d6eefce3e0a75b786614cf2
data/average/k8/wmcodec/trial_001.json,2482,,3de5e1b963acf881226251c277539bc080991f1554751b4487ca94f5c9443da5
data/average/k8/wmcodec/trial_002.json,2500,,bd7dfa141f64c7962f018ddd137abd44a3d5ca53d6ba97078a193b6f1f6f135a
data/average/k8/wmcodec/trial_003.json,2494,,5447b6f2bf98c7d1e2185bd432b9ad12d4d5dd898d3163e6d848e7a23b50d873
data/average/k8/wmcodec/trial_004.json,2490,,c618c75b9783b74a51d269b4a810cd10ee38f60978ee6e461c3f95139cb99319
data/average/k8/wmcodec/trial_005.json,2484,,573a57ef108c9d4c1b5814fa8f03a643d142a52fb1fbc7fd2b7e249e690b9088
data/average/k8/wmcodec/trial_006.json,2495,,7fd7c682647970ccd0e11e6616b0d62a317c0821dd24cbf2505cfc4c009d266c
data/average/k8/wmcodec/trial_007.json,2479,,c41cd3b907dffa3cee57763438d112716591da4b3451c955fea46d3e3a0a8745
data/average/k8/wmcodec/trial_008.json,2469,,88cb03cf5578db40c8a1268d9bce53b27d6eb9dee033b91a9ae82d1a5dbc6c7a
data/average/k8/wmcodec/trial_009.json,2495,,af553d1ff80670c5a8ce2605c4b04d35dd2c59e3d53835d336df0bd46d3cc694
data/average/k8/wmcodec/trial_010.json,2503,,534044a50cdf1b215ded94c80f9e872f9968f297327d8ca0ab404fcdf3bfd71a
data/average/k8/wmcodec/trial_011.json,2492,,4d9bc36582fd22976e25b8839fce22ce7aff9aa87c447f28f2a8d6508606f0bf
data/average/k8/wmcodec/trial_012.json,2506,,022b3828c409ab28ab4fe103baf54dcb308768d4ca4ad30adaa1c7006bc02ca9
data/average/k8/wmcodec/trial_013.json,2496,,71793f179968f5b51d4ada0bd0ff800f2c7f78485b83ca59d4438161d560f48f
data/average/k8/wmcodec/trial_014.json,2479,,eefeec4379b2e65eb840438a42ecfb4902c20dcbbc30ce83530fba0932abc681
data/average/k8/wmcodec/trial_015.json,2491,,db8afcf7697a3d9a9c0f4f89c80c679eb38675d9a276989cc3f73c6b3d39429a
data/average/k8/wmcodec/trial_016.json,2496,,d56a972ffc0634c5ef801d8e8e9205c2c417fbfb79fb7b908e6de754a06d77d6
data/average/k8/wmcodec/trial_017.json,2488,,e163e28df3c4c4f6e600eb1c66e27ee8d5c4c55bbfa662ccd36792b33be3a27a
data/average/k8/wmcodec/trial_018.json,2502,,da92ab705c08896da2ad6342ce67381854b3f0b956073f7b76c0d63c90bfac86
data/average/k8/wmcodec/trial_019.json,2497,,d2e2ac13bcf98b60328f55c6e518e3e9b4ee441d67ddbf4a7d372abb77e7f5aa
data/average/k8/wmcodec/trial_020.json,2483,,565526115507650b53eac345fc24af60fcefa5909b7061ea26d1f3ab6dadea09
data/average/k8/wmcodec/trial_021.json,2497,,c0e54c4ba0b484dd412f0f206630e112c3ad1aecd8ed8614943d111a6ae1f212
data/average/k8/wmcodec/trial_022.json,2490,,9e9bd2da656e8db160fcd9ad28c679015a5b73d820fa201963105c3dc6b8d421
data/average/k8/wmcodec/trial_023.json,2493,,3411628d46879347d9bfc8dc1abf16258729c22e5ea09401432698a6d90f0fc2
data/average/k8/wmcodec/trial_024.json,2483,,34aaffbdcaa0a46a2e80043b1fe1f951d6b2fa5692870b1d7ee003d0a7bdb19e
data/average/k8/wmcodec/trial_025.json,2497,,61d28aa3bec2de220f33eeb2d181f565e6b34fec86a6a9418d0e3516bf026a71
data/average/k8/wmcodec/trial_026.json,2514,,93505e712d1da99681f47b529af2673f444edc56c39cd13b3b49b9d97e8f3f6f
data/average/k8/wmcodec/trial_027.json,2505,,386a907fd1c8fd0bb1c92f8d4c16f9cf48c7dc1a2a8e480ef5406ca432d7976d
data/average/k8/wmcodec/trial_028.json,2474,,63f2ae054108e95ca915a24cd9301be7f01408c47b3f59b89734c1719a6273db
data/average/k8/wmcodec/trial_029.json,2474,,2feb76f10b74045526b9bcfc32b8c177f947a554a8dfefbcbfece64b2274ef58
data/average/k8/wmcodec/trial_030.json,2488,,377bc100f950b218b563066325e10c458561f5644edac774044742a73358d352
data/average/k8/wmcodec/trial_031.json,2498,,66156e014bb0627e9626af7d5572f519537dfd02f6eec02b8659a946275ee86d
data/average/k8/wmcodec/trial_032.json,2498,,e400a2ceed15662770c2ecd954946c706ec98bd4359b7a7f284fe774f8a9b279
data/average/k8/wmcodec/trial_033.json,2499,,1979d4e1cf3b8e39ae4e14bb349bd046a533ce827d67a09dab185f47c635f2c6
data/average/k8/wmcodec/trial_034.json,2510,,11e801a9112e2d87f8924f0afb63052af1046e11b407a67e1a1ad108121870ea
data/average/k8/wmcodec/trial_035.json,2501,,6eda14b914e29a1b1af31653083e0597d2cac21712799305d769bb604421acd7
data/average/k8/wmcodec/trial_036.json,2490,,289be599086c4a73125aa10b85d00c24d7bf89edf4efbe7316f25091d5166c0c
data/average/k8/wmcodec/trial_037.json,2486,,9a9862dcc7120666617557d96de2efc192f0e68ebe633ed2a40061f769f4a545
data/average/k8/wmcodec/trial_038.json,2507,,a0318356d88721f13fa8d2092cc448c42876c1e770facded0d711ebf07ddf7b6
data/average/k8/wmcodec/trial_039.json,2489,,21c7127fbe9a9bda9fa94856e854bdfede2761c3be6046e3394dab5096a6ffee
data/average/k8/wmcodec/trial_040.json,2493,,fba055e6ffa1267b1fbe8a9cffc91017452e4a777a609f6753d25a4dcff3b82c
data/average/k8/wmcodec/trial_041.json,2501,,884be0e978277b5d60cc729b81dd814a46f275924c2ecbcc62061452ba92086c
data/average/k8/wmcodec/trial_042.json,2501,,86c25d49d9896c4632194893e09b26afcfde92fa73aa67804e95fd0f3e3050db
data/average/k8/wmcodec/trial_043.json,2499,,d72a896f530cbebe898a0181717e99cbad0994cf443fecae976d1bb0bc8b3961
data/average/k8/wmcodec/trial_044.json,2476,,4c810b8711f1d20ba274f272d218b911a9979e88112bf4c40461fbb00b3cd597
data/average/k8/wmcodec/trial_045.json,2488,,3afc97292d8643248c979c8106e9e6f5ab24dde8303e960198db04aa50a487f6
data/average/k8/wmcodec/trial_046.json,2500,,b050a45278064fa930b6abeb7701cd9731b5b2cd7104f26e38c5e4185a3d6d69
data/average/k8/wmcodec/trial_047.json,2498,,73679b4c2e1ed77e1ee45ff9fe4f52f6433c06ce5db269981bf0bbc0f7ec2b2f
data/average/k8/wmcodec/trial_048.json,2486,,ff4bdbdbe61728d0c6663f7c856fd8e4a430a81864f226e511cf37323dac89ef
data/average/k8/wmcodec/trial_049.json,2505,,6c0cd145945deaff829848026a286100b6cd697c5fbdc502715a2e08bda1fd5f
data/average/k8/wmcodec/trial_050.json,2482,,ecab127f2bbd66fd445b2b0c57d1489bf0a8f15e074bdbe6292f2b60f2fbbd30
data/average/k8/wmcodec/trial_051.json,2475,,9a1a8577a4061c1598077bc94df99b4377d8bc8abae38c83aaf7c8420cb59ad4
data/average/k8/wmcodec/trial_052.json,2502,,10b25646915b6f41257b5c224ac4085a97c5709e6f18b3c88169769fdb9bc4cb
data/average/k8/wmcodec/trial_053.json,2477,,d2b325b5c47274bbda43627b50213f886698496adffd37f9bc7a07f1cf60bf5f
data/average/k8/wmcodec/trial_054.json,2496,,0912d105fa8feb965ffa77c104145e9e5079c2a8b2e20169824160350a7effda
data/average/k8/wmcodec/trial_055.json,2501,,5be51e2ad41a611674ea97bcbcddd7410c1a635a3ec045cfbdcc06ed7f8a7d6a
data/average/k8/wmcodec/trial_056.json,2475,,d366cb1b26e880766d3d1fd56148e6085acf6084b860bce27b979724e9cc15ba
data/average/k8/wmcodec/trial_057.json,2492,,ef946652f987c48153444dc2938caddeb1d62a4e11627047951588343b00146a
data/average/k8/wmcodec/trial_058.json,2488,,4c341a47f3cdbe5cccb54b66af54c3c49f717d82783ff2e3610e6eb934125083
data/average/k8/wmcodec/trial_059.json,2494,,1e54a579b942afda809143c5ab2582331a04ba2b5264957d9a696dcf51f23c89
data/average/k8/wmcodec/trial_060.json,2507,,36774c1cf5513cdc747025fa6b4f850b58886e4602479d8025dcd894913c0962
data/average/k8/wmcodec/trial_061.json,2497,,bedde7d65206b9af2dcec9d9677699d91f584b83ace0c8d80121b65ff0048e8a
data/average/k8/wmcodec/trial_062.json,2482,,cce44c3ac202e35ecaaa540d97415382d8e0194c632898b0b9348318e8bc8e54
data/average/k8/wmcodec/trial_063.json,2494,,c10e15e5caf989975bb6bc5f5e64f4a60504ad45e1944acc6e6d7391ac747943
data/average/k8/wmcodec/trial_064.json,2482,,b8ee9173912d216623691bef8ac634c910b35c9c92f9e4225d8d6b312ef0029c
data/average/k8/wmcodec/trial_065.json,2490,,1d3d10daf7af64bfdeb9fbcf0a230d6381f131af75939ebbb9cfb6e6edd03e0d
data/average/k8/wmcodec/trial_066.json,2477,,924a7b2e9d7cd63503a49ea9e4fc0c6e997dce3854540fcb8defbf88a4c5de75
data/average/k8/wmcodec/trial_067.json,2497,,faee265194a065155a3b56456e92618393c0b53510bb55832ee5ed99e8a4ac16
data/average/k8/wmcodec/trial_068.json,2509,,7e2a5c524f6d4dff4123a6dc2c13a59b11dc5735f38adf53594ba00655b60422
data/average/k8/wmcodec/trial_069.json,2503,,e1b7e3722ef1393a294c6c8baeb14e8f44b559cab39cecf2c479264d7137b1a2
data/average/k8/wmcodec/trial_070.json,2486,,a393763ce10dc88549774e19d3a304e46434f807998bace45e88dfcecc4765de
data/average/k8/wmcodec/trial_071.json,2489,,c337460942cc2e0d79a159825fd55a12c2de3fa0d8a576c25c3dc11af9a7de73
data/average/k8/wmcodec/trial_072.json,2489,,de38a27001efbb3934366a80956cb288ee1ea955707d63b381bb0ff7acaa27d0
data/average/k8/wmcodec/trial_073.json,2496,,81b10e327d6be993e657decce0811dacf26a15e2544ba9992c05a85a7e57697c
data/average/k8/wmcodec/trial_074.json,2502,,7e849d1daefee5c6f0c10788b785f2902fb356d566195d3d11502a43711aa305
data/average/k8/wmcodec/trial_075.json,2476,,6cbf8789cb92046c70bfa0ac8596411117de6e2523562d859f4f4542cc457b05
data/average/k8/wmcodec/trial_076.json,2483,,402d0cc8b56a12850fd935853c76cd72d786bf3d443e93a7ebadba49daa142de
data/average/k8/wmcodec/trial_077.json,2499,,0964e807788b942931971c8838187b059a24150b7bfafdeb4b9118213bc3e1f2
data/average/k8/wmcodec/trial_078.json,2483,,7401d026dc5df6220fa9980b94355525633dfe0dce680f221624ecfc7e1e2d9d
data/average/k8/wmcodec/trial_079.json,2499,,a5dbff8bc222855d225483bbaf79932a09daf39675bcddf7c5dc8ff04f689195
data/average/k8/wmcodec/trial_080.json,2492,,9d814cd096234bf927f4b722b2c5d9661bb51f2770c0374bd2c8b43bee491b97
data/average/k8/wmcodec/trial_081.json,2491,,6997122dcede95ab2fbca835029feea3ea291d0154c78f7cb2bf0b35e0810e3c
data/average/k8/wmcodec/trial_082.json,2481,,f06634096a659380f7dce62f6ff0c8fd5e203e3bbef65dc92c89c0a7d7f57ee5
data/average/k8/wmcodec/trial_083.json,2487,,1a0c9f3f908209a5a9686db39d1849fc99ac44cb676cdb14bce17b804ddaa5fd
data/average/k8/wmcodec/trial_084.json,2490,,eb10aa3046ad93d082556d36e69af865aef56f65241c3e442481aec108fae55d
data/average/k8/wmcodec/trial_085.json,2492,,405ae793393aea77e81f44e444f8b0311e5d93c81b52cfe3b9fec047d9ef5156
data/average/k8/wmcodec/trial_086.json,2501,,61a2cba40399512217f2b357eca67eeef1a936b4f4a3e255f6f8efad3c3ee757
data/average/k8/wmcodec/trial_087.json,2495,,c9ea6f4f574c6906a27d5e754ec5280df5efa2cba7113074410ebf4caad35903
data/average/k8/wmcodec/trial_088.json,2486,,0453748dc3a0dbcba899c97313ada611dee20cb1be9f7a1b79b05e472d359e64
data/average/k8/wmcodec/trial_089.json,2494,,06ee343bca0c9e0757263b7b0fb65dc490df6352533c5ef8891b453542fed670
data/average/k8/wmcodec/trial_090.json,2496,,b7dfaac8b0685758bba3fb995e775ea0ca9bb9e3bc76c359116cc922c99161f5
data/average/k8/wmcodec/trial_091.json,2502,,24b0197af965d55bbc52ea2e8ac4299e73088a073c4f5222e8ff457210665ce6
data/average/k8/wmcodec/trial_092.json,2482,,78fdd6b741f9b9a8538d01e7675f99f0da37d06d41c5bad95318ffb1910fa561
data/average/k8/wmcodec/trial_093.json,2478,,4ee746b805d7163c7402b6e5642b1f993b2323bee9c0917a545190d6d08d8626
data/average/k8/wmcodec/trial_094.json,2492,,01475d01cdf278d52ddab659cdea3cbb6d4ce73aaf2426c0146772ab4079c8d3
data/average/k8/wmcodec/trial_095.json,2482,,7c3f100c961a2314da65a22d4ecdf56496fa8dfb23ac7fee3de8104a8d64456b
data/average/k8/wmcodec/trial_096.json,2483,,aed22d61605aec024271a2b72899cd0e604361126645b2720b66d0f355303aba
data/average/k8/wmcodec/trial_097.json,2501,,e63f46e2bef9b6af4842d56b86b9365ce386a6c304195e5912c64b72d4c0542a
data/average/k8/wmcodec/trial_098.json,2495,,ba4a2ecaa8c2216fa060a206e6256a4f2128dcb1083c7a45d06e481e1ba187ba
data/average/k8/wmcodec/trial_099.json,2481,,e8d5bd04148e96a570266650132a189bd7a33af4ed96adf2aed7e67072307dc7
data/average/k8/wmcodec/trial_100.json,2495,,271d1f29acf03df32044a2650e75d47494b37bab4e0098e5739779f7651aed09
data/average/k8/wmcodec/trial_101.json,2507,,abdbcb2717bba3f5b09ed1a3e032c0d7f522a259723688af7dadb45c3d87386c
data/average/k8/wmcodec/trial_102.json,2490,,2ce4fa0a4cfbab1b97e2402f98cf85106d9d116277a991f49fc34b35897713da
data/average/k8/wmcodec/trial_103.json,2509,,2e4a1b2ec70c087f424c383bd5c2db212313635830d94e5de1a4813e568508c2
data/average/k8/wmcodec/trial_104.json,2508,,9129c639019c0e453d8e8af64ce66c107fd60039bb8d5078f8c03179533cb268
data/average/k8/wmcodec/trial_105.json,2492,,f964c05e71a799d16121425946c183de8be4feeb3867d9f2f148511cc39c132d
data/average/k8/wmcodec/trial_106.json,2488,,ca345e8418fb47375023628c71b82b4316662113ecf4a18af7cc10f489d5a429
data/average/k8/wmcodec/trial_107.json,2475,,c4f91e08ddd2c6a4c999e972bdb5ff4b4c654d61ed63c2e9325fb201766462e3
data/average/k8/wmcodec/trial_108.json,2505,,6de0cade5ce591e7504f61dc9f229fe6f8c9a3f1068709a8566356dbb88ec631
data/average/k8/wmcodec/trial_109.json,2492,,9a678dee9edf753ef49898de2a7b08d9b2568be8a9ff5eaaa70b2ad1db21ff9e
data/average/k8/wmcodec/trial_110.json,2482,,b9679509bd0a9c4318a439c369a395f6f59c8189483366e7002c6081c1dda300
data/average/k8/wmcodec/trial_111.json,2480,,37050d9aa29fa16e3e5709f2286ecdd88bc9ad10284cea79cbd9d10badfc29fa
data/average/k8/wmcodec/trial_112.json,2503,,78a610163ef84361fc141ef04c6f766bf5115f71b6d66c8d977cdf9454ecd848
data/average/k8/wmcodec/trial_113.json,2499,,d871a1b584073b22b0907e1bab0ee73233f61f075c5cb2dbc5e474d2d6cecc43
data/average/k8/wmcodec/trial_114.json,2496,,8116d40fdc63323168231ce30f683b9fdaa35795aedb3b94c5175da9835147b8
data/average/k8/wmcodec/trial_115.json,2490,,b416315b238b2bbd071c70d9f8c75f04096fbafe42eb972786add0332e3e3b1a
data/average/k8/wmcodec/trial_116.json,2485,,1e9dc8307a9fedc7bd3be85ccac6f8a1a6a38eadb26131f68b396951252a438b
data/average/k8/wmcodec/trial_117.json,2515,,244aa66b5df8dc1f0eacdee4f4fc0f5f08e34e3bfbd787482503dc9206d07437
data/average/k8/wmcodec/trial_118.json,2494,,2ff92f82e8ea40aa051fc298c6e10c35699a1199b5c6ffe72a137ebdf8108f5e
data/average/k8/wmcodec/trial_119.json,2516,,c6fbb0c6061877c11a79d1b0e498898c93e6b4fe1bf76698529fc60be19c613e
data/average/k8/wmcodec/trial_120.json,2508,,9fa288c6ae2673d7c31068966216c5db950f811f6a03a97d38df339d119b5818
data/average/k8/wmcodec/trial_121.json,2494,,c1ea84476e1cb866fd82caa8aac0bf9fcf652b8d0d9bfe63afa61989bbf6b387
data/average/k8/wmcodec/trial_122.json,2501,,f1a7b47754a83b0f519b88ad21045eaa4ba2d89dc6db40c497c99acc6518bb85
data/average/k8/wmcodec/trial_123.json,2496,,85ac4ee3ad46eb2dde71bd4815375e21f5bf861cb907b9b3c67f2469560dc191
data/average/k8/wmcodec/trial_124.json,2486,,dcbfe85a6e5915cd31997541463d3e24467dcaec26db1bc99c987248ea34360a
data/average/k8/wmcodec/trial_125.json,2488,,4f2eb9038ea790a83019360de1151591e5ea938778d3b55c3063832bb1d9b628
data/average/k8/wmcodec/trial_126.json,2494,,79745f08b29af450720caff9968c3a6c207de9aa2d9e9d5867b264a4f462dc95
data/average/k8/wmcodec/trial_127.json,2505,,5e8b2ff8294504f590f15e167468b4770d78efb46beb46e1968d2241e481a528
data/average/k8/wmcodec/trial_128.json,2493,,fe387c5ccbe52f11c0cc35e345a0750857706b165364b30582bbf64e75dfbdd4
data/average/k8/wmcodec/trial_129.json,2497,,a2fb9b4aefc14ccb14b5790c151e079ddaaeb26a308798910b0bea4885af0723
data/average/k8/wmcodec/trial_130.json,2493,,cb45f84f7d932e1ed0ed7658bf858518c67475c7151657b48b9a9f7c1843a8dd
data/average/k8/wmcodec/trial_131.json,2488,,59fbecf8b7eccb18a826ec02e0ee7b7954d316071f94d2c6fe186462c8398828
data/average/k8/wmcodec/trial_132.json,2492,,0dab30f74a69ed67b31202918ffd54ea3fb01bdcea140d77933ccd07d8265115
data/average/k8/wmcodec/trial_133.json,2506,,4f738feb04e60c07da0b28a05238cb384920ec1a9886276a125ca2ca3d39f6f0
data/average/k8/wmcodec/trial_134.json,2474,,d4cbd195f8fc120e96d613e7fdc3475da4b5bf3a4e08e56464714518726831f3
data/average/k8/wmcodec/trial_135.json,2470,,7d0557b33842d64ba893377f2d41cd57b8923b8b38c7650f6c3bb70beedcfe6d
data/average/k8/wmcodec/trial_136.json,2475,,32fef80d68fdee096245a8f09c34e1b8dc036a4f885b50e3c39bc8a67841b5d7
data/average/k8/wmcodec/trial_137.json,2504,,a5ab07eb88aae85fbaa6e28dd7372225bc4e5c92bf96ee279a564b99615ec396
data/average/k8/wmcodec/trial_138.json,2507,,60da596f88577b2a1e9663c8b1cc0c323622afdb09f652e177de1685123885eb
data/average/k8/wmcodec/trial_139.json,2492,,d85388687b773a4ae0d0555d839b5d33293ec025c557b96a166f5fdee1382946
data/average/k8/wmcodec/trial_140.json,2497,,a4cf9eb4947b226b43ece8cdd8e509dbd97d6c4b6123c73036166642ab0f60c2
data/average/k8/wmcodec/trial_141.json,2503,,49240e7230cc097124f4a97a716cb3699214da0bd4a598f5622de93cca2c535d
data/average/k8/wmcodec/trial_142.json,2496,,ce2cc899f6c12091678890e05f56d1ec3e515e5438ce6695df3bde1adc43ac57
data/average/k8/wmcodec/trial_143.json,2495,,03ebf723d08abdfd9b5b474022209abf163992185727a412aa873892dc0bae71
data/average/k8/wmcodec/trial_144.json,2483,,bf5be7d04f5e94317b61361bbfc8f239796ad8f090a460c6ecee53ed433135f7
data/average/k8/wmcodec/trial_145.json,2493,,256c4121875038f915b3be3447cdd0d9bcf952288d68cb1ca0351746001ddd38
data/average/k8/wmcodec/trial_146.json,2505,,4e6c9b1cf204d65e67291e883cec869076c865daf953f37edf346c674215f3d6
data/average/k8/wmcodec/trial_147.json,2503,,5f917c61b953b849c15374e920b69e74d112352cc533ef47fcd8e29b2aef8d86
data/average/k8/wmcodec/trial_148.json,2496,,faa2f52043c2caa8a4c12e902e0d4741c08d35ad4704a5abcf5f28f78b0edf9d
data/average/k8/wmcodec/trial_149.json,2483,,40a8af9dde7d96443d71f2ef19eb79dcbbaaaca35930d9dc0863a84e171afe00
data/average/k8/wmcodec/trial_150.json,2460,,4eacea367516e0397f6714a17ec916afac63c9188fe3e45a95e790b0e8b10ea4
data/average/k8/wmcodec/trial_151.json,2483,,37f3899fdd10747f0089dd845c2a118f8a12ff6d45d60f2658d7c26026939457
data/average/k8/wmcodec/trial_152.json,2479,,ab0225b8c382254604bf7609118486cf38320bccb2868bff6a93ef0cf705a9ca
data/average/k8/wmcodec/trial_153.json,2482,,878fa24e52d8a2e6e82e0ba12255d1345addb43e93d671a9fe1b0863d88530e6
data/average/k8/wmcodec/trial_154.json,2473,,990ac666e8576fc3e9fa0146a526dcf1d44aa1726d050f842911c1dba793e7b0
data/average/k8/wmcodec/trial_155.json,2476,,bbedae168437d196af4ae99f6b2f697c944977bf65edcd265555bdf27354c6f9
data/average/k8/wmcodec/trial_156.json,2482,,86fa9315ae4ffa70e86da0f6fea68243fb31c4c3a353538477a75bd341130cd9
data/average/k8/wmcodec/trial_157.json,2495,,6ec0b6e69182b9952876f80986f445eea8b156e82900e01f33dc13ac167266ad
data/average/k8/wmcodec/trial_158.json,2491,,b8cc20991768610d1cec98c558ced243f4dc2edaae056861f1546a9e0dbb41fc
data/average/k8/wmcodec/trial_159.json,2499,,9d769e74c674d0c2d8c1f87cf281d4796cdca38f4ac6e44edf462dda63f24f54
data/average/k8/wmcodec/trial_160.json,2480,,3281c37f34d6878cd56fb3d7537f62f96f3d103506f8c28e8f2de37a7d801ad0
data/average/k8/wmcodec/trial_161.json,2505,,7c2be5524c58b0e95f210a85e648867efbf35fc42646f391465320033015bb2d
data/average/k8/wmcodec/trial_162.json,2484,,b115fd2c6edf99e942151f699885df644405a4311547a8cbedde5521d14ea9be
data/average/k8/wmcodec/trial_163.json,2476,,0692a7653e7fdd6fb8cffd4fe18d9a5dd231e4b8fe4fd38c5398a7b40509b92a
data/average/k8/wmcodec/trial_164.json,2485,,c25d40a983e8ded4f62294f2b90d740cc3da30b39d736827cf9b47645bc2cb62
data/average/k8/wmcodec/trial_165.json,2496,,964b029161ce48fccf52fb34ea78f133f23b2c644c2538248f8aa6ff397052ca
data/average/k8/wmcodec/trial_166.json,2487,,76a08fc78b92468d88dab065717ba98070c5ab768c0a83e6884b09382c47f108
data/average/k8/wmcodec/trial_167.json,2481,,2ab44b74ba50bf8e43cb3f0381611a35b4f15fc9dc5188a7de7a3e4bc72bf427
data/average/k8/wmcodec/trial_168.json,2491,,444ffa532959f4134eeb91dde9bdbc41839a1b3621e13bb8e03d3ede68fb1cb7
data/average/k8/wmcodec/trial_169.json,2498,,927d3a088cff6912fc2bf1b45c4594389034b5b407619d81c2bab412d21aec58
data/average/k8/wmcodec/trial_170.json,2486,,a8dfe83e639e52401439c1994d0438be2eb38eeceadec4a73802cc1fb6fa22db
data/average/k8/wmcodec/trial_171.json,2484,,4ec4080f596f46a60bf982c1e0fa5ce7d2b80661a11c02fa5800ba7a5a7113ee
data/average/k8/wmcodec/trial_172.json,2489,,085819c8947aab07d2ac4e93fa609765d8fa59be7969f09c7ed1a4a4f8de9409
data/average/k8/wmcodec/trial_173.json,2473,,9e0998e6285d17b7c9af91b514d67b5b9e4e3a5971f24529e5777af72831b791
data/average/k8/wmcodec/trial_174.json,2472,,d74ce3086a4f69de69213e49d88e94ea902955db3ed67e64bdffb4df3dac3737
data/average/k8/wmcodec/trial_175.json,2478,,150efbfbe5f03963611bf12235d6488e9ef05989a2389a9a2003ae422df9ab1a
data/average/k8/wmcodec/trial_176.json,2481,,cfaa3ed4c45527bca87341ab3dfa31d37f5d964c3db3d53e1db301680134d190
data/average/k8/wmcodec/trial_177.json,2493,,e2466264dc0ddffeb82b48ad63fc0c61a1558a658b23adf36e520c723cb2f6c8
data/average/k8/wmcodec/trial_178.json,2483,,77e4dc0ff3d922075c1e38768dcb803a53664b830e8445fcff84455b09910b9e
data/average/k8/wmcodec/trial_179.json,2480,,0334ac68a757fdfa3b44620a6b0e95c4aebd3b532bc1ffecf607ce1aff0f7378
data/average/k8/wmcodec/trial_180.json,2484,,87f61fa753a9e446833eac1fe70c7f74511ad6c85d466f4f2e27ec5d43bc8558
data/average/k8/wmcodec/trial_181.json,2476,,705fafc0b215aa71c513cc98d886fa76f8947bd816b9dcd4cd1e1ae4df0b1fc3
data/average/k8/wmcodec/trial_182.json,2484,,e2626f7b6c990ab18dfbf2f537534c252e360ff76f3404f4eddfdcc4a9d3e880
data/average/k8/wmcodec/trial_183.json,2491,,dd4cc972a6162f0672e0ee1210333f54e7f74f66eb0d801268dc9f421cc8fc61
data/average/k8/wmcodec/trial_184.json,2460,,3ee5eac6f04662b956d6a19ed68774f81682793d4dc80eee5340086bae146ef0
data/average/k8/wmcodec/trial_185.json,2474,,3223a7424f6fac86de031bd190380a7885602f0689dd084777cb4996a9baaacf
data/average/k8/wmcodec/trial_186.json,2486,,ea10a837580b6d2449120fcb7dbe7d0bbbf98d7aee99637fb848115e2f8cde77
data/average/k8/wmcodec/trial_187.json,2479,,7f04961449425d9639a2235ca508957aa5b7c7996bc7e0bdd372989841374c8e
data/average/k8/wmcodec/trial_188.json,2476,,37fbb0a3560ed83c594a7ab203b02c4e975c8313ab890eb96dba4afc06344f12
data/average/k8/wmcodec/trial_189.json,2495,,adb4c45e4fe4aa51443aeb8c39fa29f860cf9d665a60ba006fa6c80447a367a0
data/average/k8/wmcodec/trial_190.json,2487,,2c21acd4396a6b2495a7bc4a7f9de4ff05bf61564900ef03529f3b67f40ad836
data/average/k8/wmcodec/trial_191.json,2480,,80c9b9bf3216abd2268edbef9f40095173f24d9cbb6867a3ff067a466ea0ea80
data/average/k8/wmcodec/trial_192.json,2479,,aee0028cfa9e023ccd8db20e2b7583b74292ae03f1f905e666cf56b053a02f38
data/average/k8/wmcodec/trial_193.json,2493,,e19294f43772c4a8e425a42e9791db95461a35742a77b8d1aba37630ee0b186e
data/average/k8/wmcodec/trial_194.json,2483,,d0acfa6f45642a2ba1a409a34237f1a141c9e9a5e693011bc8fbdeac390dbebc
data/average/k8/wmcodec/trial_195.json,2483,,6f1441ab34cd5d99d349e19bf236ea03396c586131de4e90705a465121032bba
data/average/k8/wmcodec/trial_196.json,2486,,b7007321f03e3c2e3654e3dd3d2759607465e084d86c5c08ef4e46d66f0bc64c
data/average/k8/wmcodec/trial_197.json,2480,,724b10ae7af3f485bb77d512ce225727239c159521e47e1dee3165702b8bf80b
data/average/k8/wmcodec/trial_198.json,2476,,0d63ccda8d123eb00e6d4a1df5fafbefe0a938bd891d38860b6bee6a47c3765c
data/average/k8/wmcodec/trial_199.json,2493,,034e72f9de7fc28e4a04098b858e943a4657df8c5c2ef5d003f0c07ed8df23df
data/average/k8/wmcodec/trial_200.json,2479,,3acc51382ee6a4d5f9860340e770f4955bad1db3d2397ba7173e6595511c65ec
data/average/k8/wmcodec/trial_201.json,2483,,9c71289235a23be1ec50b350bc6a32a88052531258844cadebed66d3e10ede73
data/average/k8/wmcodec/trial_202.json,2493,,2a884b14742168722217ead8495dd3c44db380a75731b5786092d055255d3e2c
data/average/k8/wmcodec/trial_203.json,2482,,f01528229bd4a7debc21d1db3612cfce9337364a49e49c20d811bc62d3370560
data/average/k8/wmcodec/trial_204.json,2475,,128d8265b204ecedbdb782e93a3be51b6aaf02b04e27514d79562f8408faf194
data/average/k8/wmcodec/trial_205.json,2501,,e10a183d34447cf8d4615a65d3d3664c6fcce9c6683440634a6e71b664aa563c
data/average/k8/wmcodec/trial_206.json,2462,,453ef88c62a5504ef18ac1a3e50a6f46a3049598829ab345b70ef7fd729c98cf
data/average/k8/wmcodec/trial_207.json,2482,,46fa43a7a23486f0c149a68e8d189a34781eaed16683b14408716f23101d4918
data/average/k8/wmcodec/trial_208.json,2472,,9fb3d49de42d701ba33367bbc3d7b5dfafa87d905d75034f1b9d54244eaf4983
data/average/k8/wmcodec/trial_209.json,2476,,baa652e435d2b683dd56a99bbb23066cdf4f6737c4807ebe2945074ea2153cc3
data/average/k8/wmcodec/trial_210.json,2480,,a324cccb96ba41365cda85629254b941e68c9807fabe6f735b226c500f30b54c
data/average/k8/wmcodec/trial_211.json,2470,,7fce8413966776d5df28f0176da2c5e04bf8e3bac3c2f33f5af539e6a722562f
data/average/k8/wmcodec/trial_212.json,2499,,5916bd31476dd5cf982de10d04cc7335930ab5f2f290399abdb1608f617f2b0e
data/average/k8/wmcodec/trial_213.json,2496,,0694481c1eb9f6ecc6d40ae047c8ce5ebe1a008a3f44ea50c9d333606fe629ef
data/average/k8/wmcodec/trial_214.json,2492,,9432ad4a129edab03d7ee7a110691942820707f61ddc80daba6f69cb3cbf08b0
data/average/k8/wmcodec/trial_215.json,2513,,8dfe0642599d245287431ed291be43348cf600b31e5ba46c8f79911282fa1717
data/average/k8/wmcodec/trial_216.json,2468,,ad9cc9328d64f1d546cc449b625fb451f0039663c21bb502500ff7f3ea9e6f2a
data/average/k8/wmcodec/trial_217.json,2500,,04682c0b6fe3d06831e35693980d45ecde1c92147abc1d0e8bb27a1f43da9509
data/average/k8/wmcodec/trial_218.json,2489,,1b19717e93377868a78fe028dc396eb23e06c4b1635d450a36b24f0fed6188ea
data/average/k8/wmcodec/trial_219.json,2483,,656dd4fcc342177af60af70082e1b88c6c4ab414adb0cc6335467722c4a3fb2d
data/average/k8/wmcodec/trial_220.json,2462,,3958107d278c37692c6352c4db750bf60e0c9a7059917ce7b70762c40c148f23
data/average/k8/wmcodec/trial_221.json,2476,,8232b1c5ad88e8f618bb0f1d806d0a2090ef3a85d5360850e3dad960552eacde
data/average/k8/wmcodec/trial_222.json,2486,,25f68c97061dc255da035bc3c72957afa5406ad52834a33a920bfca4c33971ae
data/average/k8/wmcodec/trial_223.json,2487,,5cc088b353bb0efa7a4c36b45bf037530c0bd38608ecebe8edbd5e570efa078d
data/average/k8/wmcodec/trial_224.json,2492,,a4ae4cfba87ecfd2cc9ee315e86e1f01624e85c209663bf3c3713e48789309fd
data/average/k8/wmcodec/trial_225.json,2491,,ff29fd89810bcc5b99e5b0c6a607526f26a5a02f3fc216b8d876e2e340816c74
data/average/k8/wmcodec/trial_226.json,2490,,b7f180903cd2cdf83eeacadbf87c03eecaa97e055a70c4b9da669ee383227f77
data/average/k8/wmcodec/trial_227.json,2476,,b118a56f60e70dda37d1e273cfafb0e5f50ada7a42660574aaac1d9d08d5d8b9
data/average/k8/wmcodec/trial_228.json,2483,,7c7d4ad4783d0e562b1d40fafd1e389c7e2887ca7801631d7581d2e6a8c6ac0b
data/average/k8/wmcodec/trial_229.json,2504,,6ec7f8e0651b642c105a85dbe97a9d0b4ef42f77cf33d9e94f6b24e281fa396f
data/average/k8/wmcodec/trial_230.json,2479,,6bb6c766b0684b7816f08363e8f89b0cce944b890cddb1331827d4be4a0bc581
data/average/k8/wmcodec/trial_231.json,2475,,ef83e99925e299670377d5679754b185110cee6c1b3d7d928a577f78b3e793fb
data/average/k8/wmcodec/trial_232.json,2488,,c803fb1cd9a8b9571f22fa91d7e1c008ab2b7a5d4f00d798471aa1953444e105
data/average/k8/wmcodec/trial_233.json,2493,,b57a807df790aa868da717413fc0bfd0ef7d6ed8a1d1165bfa985d527d211bc8
data/average/k8/wmcodec/trial_234.json,2491,,c7530baeb0d0c8492527f8f022a646364f54b3bc691d352c1a742684929d3b63
data/average/k8/wmcodec/trial_235.json,2487,,92f5752457cc94c035f0d2f2c10001f4f92848c32355c4f838ac221d9ae8c48e
data/average/k8/wmcodec/trial_236.json,2476,,526bfd79958f6c67a01c7b5a93c5a4ed90e6f5a807d3eb690bb0a45874990637
data/average/k8/wmcodec/trial_237.json,2481,,8f169aa9eec80519f5adddbc98425659d0b90e765d4f954acd99fb4b9e245e12
data/average/k8/wmcodec/trial_238.json,2479,,e9e736644dae198196ecb8335d93a5784d9a25c3c5f3a93335222a8a1dc51dcc
data/average/k8/wmcodec/trial_239.json,2472,,b47eaa3f8a95385eb8829ff6c9d17007d474b095790d0808a81b49c030bf1f6a
data/average/k8/wmcodec/trial_240.json,2490,,46999cd55f6a5b4379d91555d1456b5e8110fcf0676909bf44e0f59f139cb5c2
data/average/k8/wmcodec/trial_241.json,2495,,9c15fed8e9d08277582d3d84455d44977dc541fca02b92872e422f15443abaee
data/average/k8/wmcodec/trial_242.json,2491,,ee61357e28bdb3f354acf5c613d49e7f01679e8818ef534d6c75bf177958aaec
data/average/k8/wmcodec/trial_243.json,2482,,17300ee8881b537451d4c9e7ad860cd535090a6634ad3c9231356f0c947001a9
data/average/k8/wmcodec/trial_244.json,2499,,d54c00b32290f1ae0bc7b8c30169a2a39c4b8156f6139d8faa5845dfb4ce5276
data/average/k8/wmcodec/trial_245.json,2472,,49771886b547f293937752aab912afd5418cee261f3724038fa03cde8b5ce3aa
data/average/k8/wmcodec/trial_246.json,2463,,b2b14dc2713c887cae4be00f94b14e6577bc5b5a30947bb1ce55af1ef7660017
data/average/k8/wmcodec/trial_247.json,2475,,05f3685950f6cbd80d500c9ba99ba2b87b39de578ec275e25fb93de5e2a157c6
data/average/k8/wmcodec/trial_248.json,2464,,53f749fc036ccdafcc2c3c561b66bcb48081bd9bc35ac11b4f64544b7e6c0e8f
data/average/k8/wmcodec/trial_249.json,2478,,af4ab9ca500d01f496c71a08da5070ceba03ef6b8bde1c250783ee801d001db8
data/average/k8/wmcodec/trial_250.json,2491,,1fc8728d20c45d70026746ac04ddfa0a7f4319dd07c117857d5259d026036114
data/average/k8/wmcodec/trial_251.json,2489,,532bc60c2c9e2d65002f48df66dbc3df23fff9d3f1b5517dc1f5ccac0bcbb544
data/average/k8/wmcodec/trial_252.json,2479,,d928951cf5a6afeeeaadc0785c42a521ce7c05dcf8644609b625aca240ce341a
data/average/k8/wmcodec/trial_253.json,2493,,08e4f473ca35ccea4a77e44859e5e238488b278b4a6cbdd8409d5b7283d61aea
data/average/k8/wmcodec/trial_254.json,2484,,2729ff51372ac5f736f9e8c019135f986cd96b6215240fcd18faaaf2d95a895f
data/average/k8/wmcodec/trial_255.json,2491,,56f5b9e2697b9d9c61938378cca8cc9daa4534a1cc01f2abdeece0f2c2abef70
data/average/k8/wmcodec/trial_256.json,2493,,5fa1c4b326fad0fc105d43e78c5b71d7532c3fc73ff02e3915d487e539bf3104
data/average/k8/wmcodec/trial_257.json,2467,,9dd835961444330ebb3f68c7aa38c766245a3246e5a7453cece37a1580b41b0e
data/average/k8/wmcodec/trial_258.json,2475,,e8e3ccd73ec3bdfb098695f9fc38ac3c48a3ee04984f6e6c6626c98719d80dcd
data/average/k8/wmcodec/trial_259.json,2492,,2b9f7642e65996f35c228ffbc42fdad833e7775fef84ba4ae7e4bcb5627b88ba
data/average/k8/wmcodec/trial_260.json,2483,,09160657f7151469c0151e38f5b6a920eb9d4deb9ff4ea284d7367496282a6f9
data/average/k8/wmcodec/trial_261.json,2468,,bb4363f571a28fc70c0669a23b4b09d28f63cf72160513b22a068bf892e2ab7e
data/average/k8/wmcodec/trial_262.json,2477,,c64fd4391792ed4d6fe0df3b6ab64f62bfaed5c4926bae4c5dc4e6fdd8055c44
data/average/k8/wmcodec/trial_263.json,2490,,7374549bb238a732b1f9b79a4f25eb92e20f8c69ba0eb782badf692a352c4888
data/average/k8/wmcodec/trial_264.json,2485,,c9aecc061d9694088b99c8742131102d390d9be7f93e5618a3fd988a35a380ca
data/average/k8/wmcodec/trial_265.json,2499,,9eb6f8769cb506ee6396bb1490a09f403fc0b25d261f393e410452b614b5332b
data/average/k8/wmcodec/trial_266.json,2496,,db862da29575edcd7957cb507f51ff7f173b54051f0ab03a75acad2509535e29
data/average/k8/wmcodec/trial_267.json,2479,,a2cae8d261ed5fdb1f6fbcd57c0f28f25771a58e9b7fc4c2f59c022ba435c02b
data/average/k8/wmcodec/trial_268.json,2492,,7a08872dbc36170dba0e4824e59e0ec2d2a3f4e79f9a70383f9b3c0cc0bf44a8
data/average/k8/wmcodec/trial_269.json,2474,,32b09951edc6500bc51e897bc34596be21f41ea087f8013e426fadee2e90a75b
data/average/k8/wmcodec/trial_270.json,2490,,197a425c245b7b415ee7ef6137a3cd670e6963dd859f21610f4f2c09ccaced27
data/average/k8/wmcodec/trial_271.json,2495,,c39bddea0ceb58ce249dc2af14ccb31fd72d4d23b194fd89c4fe9bef6569f159
data/average/k8/wmcodec/trial_272.json,2494,,3a8f80daa9e32a82d2163624234bc11579acf4ebedf02059aa77825daa698d8a
data/average/k8/wmcodec/trial_273.json,2471,,6bf282e1babb9f829a1d8477820fc23d4786e2433ea8f6b98d51da55e822cca3
data/average/k8/wmcodec/trial_274.json,2490,,41383369725b679b48fcb8002014e68734cef9ff2fd130e98403ad08cb53564b
data/average/k8/wmcodec/trial_275.json,2489,,fb3316a7cd112da9894ae643416fb11bd07662da36242f48f20500af7da3657e
data/average/k8/wmcodec/trial_276.json,2483,,1ec706cfcedc72188175f915b02fa48cb256e05b82a8759fbcbe3cf98d032150
data/average/k8/wmcodec/trial_277.json,2477,,c75d8aadaf4ceaf13364bff06d1ecb7175b532fc796fba8d6b5eddb79d0e5811
data/average/k8/wmcodec/trial_278.json,2468,,aadc88fcb2c947dc646c3a2e98ee590b7a67d8ae1331a259d1f1daeb991fe4ad
data/average/k8/wmcodec/trial_279.json,2486,,0cfb2f41a073f0084d4f5f17119c44a480ca9db687dc72437a13e71427dc0911
data/average/k8/wmcodec/trial_280.json,2490,,ef81a90be68a321c0abae8d67c78cb843648e53cf57a378ee47dfa3be08cd4d1
data/average/k8/wmcodec/trial_281.json,2482,,02acab723b757640fc0d4810d8c0d17072afe837426138ff5a33285d5c69bc3d
data/average/k8/wmcodec/trial_282.json,2491,,4c7ffd0891382726e1c283da59462faf4924e09edf45b18f0ad11ad1f72c4327
data/average/k8/wmcodec/trial_283.json,2493,,2e51537d4aa1a45768c233bd959e338a19178d709b9124a114af9e53fbbe7c03
data/average/k8/wmcodec/trial_284.json,2474,,79e26f344fc8be72e4d29a872d68be6a54836f06547fdce83be4932aa8ec3527
data/average/k8/wmcodec/trial_285.json,2468,,3e8a72f74ac1931a345b825a329ff0a0453731799657ef68ae45a3c5187b327a
data/average/k8/wmcodec/trial_286.json,2496,,ff2abd4f94e7c46be697d0167402cf7b97c3dd23aa1074e5e48943bc7718fcda
data/average/k8/wmcodec/trial_287.json,2484,,cb3c382e2983ea56480c630bcca3aaf912fbf2672eec203b37699c943d32062e
data/average/k8/wmcodec/trial_288.json,2483,,594e40b39879cf76d6c2358848ca4d672133f93bf1eab0f073af88fdb9b45915
data/average/k8/wmcodec/trial_289.json,2470,,fe7dd4d98eb0063fa373bb3f81622cdd8d674ffe8aed4ff8151129a6f2471948
data/average/k8/wmcodec/trial_290.json,2507,,ee4b75da93292c3eefb54d0bd8f41cd40ca5c7fba087e13878fe518e1fa366c9
data/average/k8/wmcodec/trial_291.json,2473,,d226115a1445d05128e82f42bc953de321af6febb07d11507de5f120427e4505
data/average/k8/wmcodec/trial_292.json,2486,,d578d17c28014dbb389ad93d616f63f769ca3842b1b405c1bb5447ff895f3c31
data/average/k8/wmcodec/trial_293.json,2486,,3ee411c1ea06b6e6ad38dbb1350b644cc60db7d7c35beb5ec128df1d8400be3a
data/average/k8/wmcodec/trial_294.json,2494,,5db5116ef2cf52c97d8ee7ea99c8e085092248768bcd4595370cbbd7ecbb2ab3
data/average/k8/wmcodec/trial_295.json,2487,,3fa196920dd04fcb59b985e49e29550d53fcc9badf4f3fc90764f913edf0f72d
data/average/k8/wmcodec/trial_296.json,2485,,597a0eb52a5f5109d0f265bd48e0e6fef2282dd69ca07f17be6988bf337691c2
data/average/k8/wmcodec/trial_297.json,2473,,2cbe6ad5dd299d9554d99816c7335d16938ec495c67f23a17d98dd51af9f03a3
data/average/k8/wmcodec/trial_298.json,2492,,cd649b869ddf77ba701e6f39c02b3b6121a82d2fd2d774144724fd232db7bdc5
data/average/k8/wmcodec/trial_299.json,2479,,8b6c6163af908b26bf41b06c5ec98c7f14278609fc1911581fd4812e5e84fc04
data/coalitions/k5/trial_000.json,497,,55f2431d53728995ae9cfafbfe092348443f6a3322bb644c3af440e79ac7b08b
data/coalitions/k5/trial_001.json,497,,d4169305e46cad6d6380dbc597d6f6cec3783b86fbdbef2fc138b5de12ee2c30
data/coalitions/k5/trial_002.json,497,,566f80bb0d033f845b4357fc2f5747cbd2f0f645afbdaedf2b31c4acb46c18b0
data/coalitions/k5/trial_003.json,498,,9e28ab12a8ca2a90c36375b06da619d1284b40ac6c1b222842d482daa143059e
data/coalitions/k5/trial_004.json,498,,9bd4793dd256d8e4e719556f0dd42428db2cbc75f526465dbb37a14e77be7dc4
data/coalitions/k5/trial_005.json,496,,5613e1c28e6ef35feff864419299b65f4350182e0393ce8abf9a567a01b6b1ea
data/coalitions/k5/trial_006.json,498,,b575cf823461560919e0a5695a8021af138a7a6a4294b06c742701785264b8a9
data/coalitions/k5/trial_007.json,498,,e84f5de6f5694db5c9d7b445405c309b4e281ec406206a5265469b4ecbce376b
data/coalitions/k5/trial_008.json,498,,21d5e069784d3ee1e6984953a6944220dfc22bce9d8d2bd26b87863f33bbc512
data/coalitions/k5/trial_009.json,498,,d3ee46ef8ce3a13abd67b405baaa5b60c43df8f8176dd9b786f22938c6d11414
data/coalitions/k5/trial_010.json,498,,0b7cb0bf978a9f1c7aa20e3c8dd955bf44144cfb02a7060709a824c104114adb
data/coalitions/k5/trial_011.json,499,,05d040fff71b9d1764681bfb2e5f83e050532fc258d781cc251acb8478a48cc5
data/coalitions/k5/trial_012.json,497,,cea7d4856fee7a19dc9275492f1edf88943bee80de1c91414b2a4402824832f1
data/coalitions/k5/trial_013.json,499,,3a4383a87f73b1ff5d8645a04b5821f75d4587babdf645f098c68a156aed5fb5
data/coalitions/k5/trial_014.json,498,,2507dd80998f2c36ee89ab799ac0a55ab9066dd737a1c09122b3b53602ff4fc0
data/coalitions/k5/trial_015.json,498,,347a45be3b878b20405c60e8260524eced1de510a9d1fe180ca4613ba6ce40f2
data/coalitions/k5/trial_016.json,499,,846f04d1a64073203f5b7d08442dbc861bec015a06b5c074c89cb1707749edc6
data/coalitions/k5/trial_017.json,499,,848ded1323eacd9995ac618ff9c0f5fe835eb803b23d339e11278e74246a04dc
data/coalitions/k5/trial_018.json,498,,7cf46052162a5c6537630853494262e9021901d6696eb822c6b62b3b595b0cc9
data/coalitions/k5/trial_019.json,497,,562a81e8dddf0bc2d99ecbc46f3e06a9f162ca8bc9db2743e7810f37b84aa542
data/coalitions/k5/trial_020.json,498,,2ff6f8cb99d541c7b51acce596f6afa3e5ae02d26567ef784200811dbb025704
data/coalitions/k5/trial_021.json,498,,764dad039472324b7ea7c5b570134e26a4f1220794c1decf8930a4bbeadc6fa9
data/coalitions/k5/trial_022.json,498,,4d4177efd140606c096f759c65ce38ed817431fcc216bd010c525214044e3043
data/coalitions/k5/trial_023.json,499,,f39383761c5f44bbedd015c23ea45a05709474ccaceb81fe810a89d546946267
data/coalitions/k5/trial_024.json,498,,d5213827651662251e7ac00c247ab4ecad21a2740d5bfb5acbd29e89461a40f4
data/coalitions/k5/trial_025.json,494,,7b8952686aab8881508110575ffbc10c4fd5f7b8e749ead5b096e682b45c27eb
data/coalitions/k5/trial_026.json,499,,655f381c87f45c69968f98b925b226b083a6a30cff18711bc52c84c93bd535ce
data/coalitions/k5/trial_027.json,499,,6aa845b2e359bb371be7beb1860f0959405b2fc1494d310134acf05fa8d2b0cf
data/coalitions/k5/trial_028.json,499,,7029fe39d55ecbe6dcc7ca0db9e8328bc14da38de9d741692c55b2f47918cf6f
data/coalitions/k5/trial_029.json,498,,77d4a9a6fa00ba3b35439caaada41ae3c02b4a577ebfd26c7cd4c2702a90f48f
data/coalitions/k5/trial_030.json,498,,aa9a427568004c5b09d662851f29f410f133e53c311b434522e049073584f780
data/coalitions/k5/trial_031.json,499,,07c0d93abe862381956815997313e093a00756bb8a945cbb31caaf4207f652a2
data/coalitions/k5/trial_032.json,499,,11a8661a85ddbb8078ff91b29b6edc65ceb91255b680b42308343a16d5f785b2
data/coalitions/k5/trial_033.json,497,,5debb637f28147ea5498278a0461ba2ee2888ca415e6a7eb2ebda12436258158
data/coalitions/k5/trial_034.json,498,,f303903e402f600e9ca4d66040fd49959d081bc8c0e83f6d9fb30d82face6814
data/coalitions/k5/trial_035.json,499,,80e6b3539bfe3a950095f22c4e0fdfc8126e80c9084e85e4930c0c29dcb818d7
data/coalitions/k5/trial_036.json,497,,0ca408963afa07e0d8a1e7a2e63e2d931be1ffbc6853a4e08131ccd002f80758
data/coalitions/k5/trial_037.json,498,,cfe746eb75a06bac84b01aa83002ea0dc3d88b93817290cf67365cc84b2385e3
data/coalitions/k5/trial_038.json,498,,d8c70f66039ccaa3c3e1a4e1b2230cbcdb853e6da4bdb312d8436c86804bf888
data/coalitions/k5/trial_039.json,499,,f7374e3ad2a171a244fbde1c3c998d311ec4f5670b4d9b89943866e599aeae7e
data/coalitions/k5/trial_040.json,499,,43140d8baae4e3a9febbf125510722067a393bc718b5802c00ea6648463fa327
data/coalitions/k5/trial_041.json,499,,24453088dc7c25e6733c23ecd7636282757ff7e45649c40954255dcc00e36c0e
data/coalitions/k5/trial_042.json,497,,a90a390a7441c10216c966adbaf3578cd16cc24a89ed9ad3b22916c5fb217c0a
data/coalitions/k5/trial_043.json,498,,beda916d64fe5063a063feb28f972a6c74444e343996578b0a8e213c7ee06c23
data/coalitions/k5/trial_044.json,498,,ef8f3aa2dd9c1e0262a85df235682983cf326a5a203c6b11bf4fcfdcb29513d0
data/coalitions/k5/trial_045.json,498,,62f05aa0e10a5d25921cd34dacd04407c86d4f7266a7ffae00449ae3fc1a3e10
data/coalitions/k5/trial_046.json,498,,58f2e8e0f62361eb4b7efc65d69f73a3ecebd6204d8cef31c8b7aa26a9e5a2b6
data/coalitions/k5/trial_047.json,499,,99cea1a09338c39286f4f76791206fa4d2a1e14084228154741e8eeee144f4b3
data/coalitions/k5/trial_048.json,498,,34e07513e7ad3958c7619ecb5c2bcb35e79f9c5bb8da5705f745219be43d3650
data/coalitions/k5/trial_049.json,498,,3dde3d886c45f9727aa4281064a8c06ea843219e03456c67465f94e89304fe56
data/coalitions/k5/trial_050.json,498,,3f9a386290795a65b3b8373a068feb91314724b66ebb2e14ef4f4aa034f7f8f1
data/coalitions/k5/trial_051.json,498,,7028d8ca0ac80f53a073dbdec271bca53dc4688bc349e27b08be34036a6b8a46
data/coalitions/k5/trial_052.json,499,,14f4839385dbcdc40b1c332054b5416cd828c611e427b75de43f212af7791fa0
data/coalitions/k5/trial_053.json,499,,3b9a6ca825b414030e61f87cb6ddc0d360321884875bc9705ed3e37f750b368e
data/coalitions/k5/trial_054.json,499,,dd2ec102ccfd195769ba9b359a2575e1cc08f0bb9c10ccf349a64aab6111a290
data/coalitions/k5/trial_055.json,499,,413881618086093b5b72bead3079e83bde55d4d23944bf2ab4216fb9dc644c8b
data/coalitions/k5/trial_056.json,498,,e7dedbc3e9cc0f25ca7f9b14eb86d12c074ea8c6f5f24f2f8ea7200dd570e709
data/coalitions/k5/trial_057.json,497,,59286078050b4ddd29db5047bbba25a238a5716d4ac3e225cfd0595e3f392f8f
data/coalitions/k5/trial_058.json,499,,f1a4bca51357be61138f509f204b1764c4ecfec9dfc1c85523b0642d35005e16
data/coalitions/k5/trial_059.json,497,,600999f3ed6b8c9fe593a699ece27231af53690248474df1fb61c023757ba08f
data/coalitions/k5/trial_060.json,496,,b09c2cbee94caf81654cd23fa44aa78604d38664ca85ff5d061e3d8f40cb40a2
data/coalitions/k5/trial_061.json,497,,6cffeb791e4fb47100dcb1a1579c1db41dac0895703e8cbe0ed65017ff02e2c5
data/coalitions/k5/trial_062.json,496,,db6b0c63b5f43fa823d6483a0c2759ed2e71918811754601f93699b71eb7733a
data/coalitions/k5/trial_063.json,498,,b83fa6620d5003af6d73de87ce219b57c1aaee1dad095dea2121907bee87599c
data/coalitions/k5/trial_064.json,498,,6cd58bef2d317ee10c3dbe1682430f1058db39c3667ccdcf5a314fff261dd86f
data/coalitions/k5/trial_065.json,498,,9dd8a198f6a5d4beae82cc4105321ea511364c13cf0df3111719075900e1f944
data/coalitions/k5/trial_066.json,499,,604aba4911948f79ecfe8f977c30f882b16a06520bc7963a5b119e03c4cd98c3
data/coalitions/k5/trial_067.json,497,,a3f29540707283bf427a56bea692e97b4eb4364d43a4316e98f8c64c84410d3f
data/coalitions/k5/trial_068.json,497,,be3cd83bfd35383953b15ac3b19ae733cceee7b56767489ffbce30aec847c55b
data/coalitions/k5/trial_069.json,499,,16678a5a2f912e1101fe4d76cfe6240ddd9259774f719cffaecfb44955732dd3
data/coalitions/k5/trial_070.json,499,,5a7171f176d972dff2af10474a9aa9aa3b30fa82ad72a631efcc384653010444
data/coalitions/k5/trial_071.json,498,,aeef42ed1443039423d621f3fe74cc9038ce009e8a65f0e59aff85c55498d6a6
data/coalitions/k5/trial_072.json,499,,8c17b8df170263c44776e4ffd660152fe629dbddbfcf70f7e5b9ea9a6b0d5621
data/coalitions/k5/trial_073.json,499,,06c2027d5d834838d714b8babac8376c08439299ff6b64e094db5bbb80b32f80
data/coalitions/k5/trial_074.json,499,,c3ac2f4d971fb063f551a2b60c56585c594d2865c237db250091893c81ff1449
data/coalitions/k5/trial_075.json,499,,92b2bb7386671fdfc9ae483b1d4e17bd06e28a25f9223163ea3c12f1cbf96b0e
data/coalitions/k5/trial_076.json,497,,df6a4af61cd45fcd1a9485d52a1f09df6866fe13ef13c63489589376f50ddb1f
data/coalitions/k5/trial_077.json,499,,81267f8bceb502411d78d6a901a04f4f0b120285f7a1a16f774cb6dd629c65fe
data/coalitions/k5/trial_078.json,499,,968de40bea6a6e7ef2e4d09f735e2aee7e4cf7fa2501a1757bec091cc69938b2
data/coalitions/k5/trial_079.json,499,,92970ee0ad92a1ea4b1e5a26479a2ba444c39a3cb1b33e660c7d7578a7bf07d2
data/coalitions/k5/trial_080.json,495,,b7d05bc026d7ff0cf8de47f74d96be30532585d56d7590c870fd0a4d5a83ee22
data/coalitions/k5/trial_081.json,499,,009a5245e0ff510ae6e1a751f9ba4c5972ef211036a2eb2a8b38492b5c08dfd5
data/coalitions/k5/trial_082.json,498,,bf235d55fed30fb5adf11a23f0aa9366f02410ca33ded1a1e26977b89a8fd37d
data/coalitions/k5/trial_083.json,499,,23c3be8de73506abb12db6e883cfce378200adf3b8d925098ee7f292773df855
data/coalitions/k5/trial_084.json,496,,efdabaa44ffd4b0d92dba2c462cfbcf36021122fd324379da3adf61713c31f2f
data/coalitions/k5/trial_085.json,498,,18bdf7e766e1e04d24915fed9a6b726b9790d0c21d69494f99b2deb2be7f5159
data/coalitions/k5/trial_086.json,498,,664c8cb46daf04e2d1035141cf4c0f23fca6a74574caaa4759af38cc817837db
data/coalitions/k5/trial_087.json,498,,49740e4807ea90565c6568dae229cac6d03156971391ff04169e1ee4c07573fe
data/coalitions/k5/trial_088.json,498,,0240e081ee2c941b2b5c12f732fac7a56932422ebc6c8ecee8a83dc6370e2502
data/coalitions/k5/trial_089.json,498,,2d6826780edb926b67032b81b45527b4a4530d2aa95ae0a881d5dc95065db837
data/coalitions/k5/trial_090.json,499,,3d7deae7d77d8dc866e2f802c54085b02ff2e9a973d84ed85c1ffbcd2bd66043
data/coalitions/k5/trial_091.json,499,,5ae60b9ff58dccc116cc5b121a13a104bf19a46d2d0ad48093cae46bc52fbf16
data/coalitions/k5/trial_092.json,499,,518eda22294cc49c574ebe22e83cb4812a62a7b39a5c3c2afa6ff781d5780fda
data/coalitions/k5/trial_093.json,498,,541ea4dcfb448d3a330d7ccdcd6c96f19d79c9aec652104d2bfd33ff3ce843e1
data/coalitions/k5/trial_094.json,498,,0dc654f2fb47a002377df0cc75631b4be8ee3a7ef46b6ac043a0bc0d1bb3c413
data/coalitions/k5/trial_095.json,499,,4a7e661f2feb74c96fe2a941d9c75011ca0716ed7966050454e7d78380cc478a
data/coalitions/k5/trial_096.json,498,,7e768d6a81f4645ba08aa351af7b92c750df9baf3df99f109af52bd29fa552b2
data/coalitions/k5/trial_097.json,499,,3d7d1c123ae22b46a406bd77604b27d64b5fddb3a5368da4929aec93f6d7b143
data/coalitions/k5/trial_098.json,497,,445b643ba304a0743ccb173427a37d10f74bb45e7513096a8a5de056b10c2e63
data/coalitions/k5/trial_099.json,499,,1ded64388560a1789dfb17763eb4d63bd398eedb1d590ff4f077b6fe0097f2b0
data/coalitions/k5/trial_100.json,500,,a02ac48018249981271fe4a0197a552c45b22e0d3944a0c5307e69c32cf3d9d4
data/coalitions/k5/trial_101.json,499,,506ddb063b0bef4079862572c6db804dd8adc823683f5484046ae731592f1b07
data/coalitions/k5/trial_102.json,499,,02b241e76de537707dc47550113ac29503f4f4968b3e5e560a6dbc65202388f0
data/coalitions/k5/trial_103.json,500,,9c1d66fcfd0cef436403e919da91550926e5aa2565a403d7b835d6e757c3596d
data/coalitions/k5/trial_104.json,499,,ef9d63cc5f24024eab52ca4c4e1a8ef2a8e482767b6ea945954f0f33f72f56cf
data/coalitions/k5/trial_105.json,499,,a882856713df31d021c69aa9f04e9f50a220fcd264798be02d5d10d7941a33aa
data/coalitions/k5/trial_106.json,500,,d1c4fae7683ab904c1b44ca9809b620056441703ff1590e6015f9a4ddd23f703
data/coalitions/k5/trial_107.json,499,,21164397d428294b65cc4b307d856abf8b4d8d4bc2abece6c7a99a56cfc418e1
data/coalitions/k5/trial_108.json,498,,2103b802e3a7a470b5ea9616437da088144de67f744dd97652df9136d459e9ac
data/coalitions/k5/trial_109.json,500,,c14b0fb74a144774216c1f8dd95d23e8c64d3122f1dd0f1b572e704f6b080ccb
data/coalitions/k5/trial_110.json,499,,72693df0677449a754ba52ab27198614111687afd56c317199c4aae012e9eca5
data/coalitions/k5/trial_111.json,499,,672cc574f514efcb2d677a5f04a229dbd22fe4b17e6b177f3b1beb7bbd34f521
data/coalitions/k5/trial_112.json,500,,d33158e0882601bba3b2d730cff89d6c71b1180a650fd2610318b4a2341fd5ee
data/coalitions/k5/trial_113.json,499,,ca2c332cbd53b95854666dd7a1e4a654c68b9bdb44273f71f4279a86a8ab97b1
data/coalitions/k5/trial_114.json,500,,d8ebf563204dad52f4a122a59be8fa2227bc6fbbe6ad088eafd0564b1c23b34a
data/coalitions/k5/trial_115.json,499,,3edf4a397f9a2fecae56cbefacbe4d464794703f897abd237c5504788d79982a
data/coalitions/k5/trial_116.json,499,,bb2d2730d1dc566dbe253418fa147e507f9e6bf1cbacac8adc8ed68484d9939a
data/coalitions/k5/trial_117.json,500,,a34a959fcb42c6424bfd05ea960dc0437b02c23db98f4c93f81ddaae1b53a739
data/coalitions/k5/trial_118.json,500,,72b6bcbd45a4c5255ae8625b7f906a2e567c7bdff163574761e02cbc82276bae
data/coalitions/k5/trial_119.json,500,,90573e1d5a63ebfb0df6d186a8a618489f393f200d129b30d0e0656332267568
data/coalitions/k5/trial_120.json,500,,61737f7dafd025b6d73b25be1b5fa3593399af4c9d3992c609753fcd30f10890
data/coalitions/k5/trial_121.json,499,,d0b0c2bb6aabc9bdb32e082f336dd66ca9a64cdbf5208dfa608b3fbac54e7329
data/coalitions/k5/trial_122.json,498,,38575eb475e98c83095e98fe4dce4fac68cc0cf8675f8fb6c55eedb067f4a8c5
data/coalitions/k5/trial_123.json,499,,2993d3da2ec791589556ee25d1f659131af96e54d566ed20f09aecdb9c08eacc
data/coalitions/k5/trial_124.json,499,,013ccba82ed0c12bef570b9dcd122719905acb2801ff2fa1699d3270c15d4987
data/coalitions/k5/trial_125.json,500,,571f19f24395c8a4c7a2108e80e8f793f98502cbebca4e1dd2c3220d344b40ec
data/coalitions/k5/trial_126.json,500,,3bec8e1117217915010a59f5e04b1e81409ee2be7ad3719b988317b076ff6c31
data/coalitions/k5/trial_127.json,500,,663e1499dcdf583508c1b34688d8a17591fc80842979c094734cd8644df22e95
data/coalitions/k5/trial_128.json,500,,8b677ac18bbb5d1477363e50c38f3320d495b034fee8b1a3f0b78a43d2448779
data/coalitions/k5/trial_129.json,499,,020d593cb4b779e2e24ce8fe4ac1872dd45abd6343fd96a6acef75e03a3a9815
data/coalitions/k5/trial_130.json,498,,cf63bf85d22abe15cc87127d0fc6cce13cba807d93e9c96fc9a73afc8721966c
data/coalitions/k5/trial_131.json,498,,e173dc70a1a5c098e26d7e7996f5ad7f823f2f93842f88e19bf42663c9fc1ead
data/coalitions/k5/trial_132.json,500,,156a757f789cc80d2392281be17be1637cfeb9af2a21d55e16eb4600c6513c7b
data/coalitions/k5/trial_133.json,499,,d313336ac9bdb928cfba13e22c26d514ec2fc9e6b27f31bbe040e2d39c22004c
data/coalitions/k5/trial_134.json,500,,949adbf46370e0a50f83abc97759f43effb7004c659e0950550f9ef6b08eba75
data/coalitions/k5/trial_135.json,499,,15c9b09fce14595902eced78170fcd2992c21456460462b144a5f2321df4efe2
data/coalitions/k5/trial_136.json,499,,ae76924425a3560686554ae3c75698002781f510328342f41f8108a9086b579f
data/coalitions/k5/trial_137.json,497,,8b28ce590eb9a9ceb59619b6420e97d54f90f76ccf8655b5ae8d6b3517ba233c
data/coalitions/k5/trial_138.json,500,,75466a721f0de42db323c1de698f76ca14ab1e27cbf9dd51f2550ca3650155e9
data/coalitions/k5/trial_139.json,499,,9302df217b054ea26c36ebf9a58fa5380c94beb648523acbb9670e4504bebb70
data/coalitions/k5/trial_140.json,500,,4ac32f4ab683b8d0758cb286c248d2e310f9dec4b808342b8348e85ce9ceb836
data/coalitions/k5/trial_141.json,500,,a638f1c176147fe5c22bb64be8f3df6eda80c0fd3ac6c3e1f2135626c76f6383
data/coalitions/k5/trial_142.json,499,,8c5e375f26ca431ca511e12ec27d8098f5c0e58bca4c226d1655a031feba6253
data/coalitions/k5/trial_143.json,500,,0dfe26ccb80bb3ba115b284b95e3759f524d099d818fb4b7abc1d2ca531292e5
data/coalitions/k5/trial_144.json,498,,1260756d1caa4c08a8adf1a0efe15562bb3074b0a1370e4121ef92151e1599ee
data/coalitions/k5/trial_145.json,500,,fbb454621a839e1a8768d1ce6b5af624409b62f7fad4608ba7a9a423d5035b63
data/coalitions/k5/trial_146.json,500,,73e859e5af5fc85c710151ad3327274bf24dd1feb863e33f41aafe574889a7ae
data/coalitions/k5/trial_147.json,500,,f228585ccd378f72e33f473aea60e95010c21d154180bed1b9d4ca2e3f3ba49a
data/coalitions/k5/trial_148.json,500,,ce53f316d33d5d084e9ad5c49c45fc4e86914d376f0f2166c60cb755992a57c0
data/coalitions/k5/trial_149.json,497,,ed3666092ad6c847f59e3d68cbe0ede1533194ce41b88e08fde92c930b41d64d
data/coalitions/k5/trial_150.json,487,,8448a4084568b3f4508ce696f58b664f13134f368fd2303a4789aa4b805e14ee
data/coalitions/k5/trial_151.json,487,,d429022686fad12b18a0a1461c00059254111e6f6bd0ce03de5d0e13abfb209b
data/coalitions/k5/trial_152.json,487,,553b5843b795e115bf6c986d67e4cebeaa5ed81720287fb7a8e5c7af4b7852f8
data/coalitions/k5/trial_153.json,489,,6b474c8117a2089ae72c85f861500bda95a33b9142d31c50a0f29b4970692789
data/coalitions/k5/trial_154.json,489,,96c8dd67c90d2e1ee8f0026f16250850749060a96bc30f51e116c1d31fd68803
data/coalitions/k5/trial_155.json,491,,8fd22d475e3181192d8fe5f7aadc0b545e212d1aead09648049c487d4b62b3b6
data/coalitions/k5/trial_156.json,490,,6fcc3aad689329bc701409bbb5c7543e26d9d1dc0159ffb71fe26eecbf4acfea
data/coalitions/k5/trial_157.json,491,,ff76de46e7c039e9d9bd017028a13632e2c684cb03a697fdc97ff3b8a7089d4d
data/coalitions/k5/trial_158.json,491,,f8af8339998314af2edee60c010b2a94b12b287bd31dc82c1347ec4c28dffed1
data/coalitions/k5/trial_159.json,490,,22aba66a7290a10a7d19cb412b71744c82b82769142deca36303cf3233d4737f
data/coalitions/k5/trial_160.json,491,,8557bef956f9e6e0353d19efaad29376e169f918b3d9c49a6a0b4dd8ebb8216e
data/coalitions/k5/trial_161.json,489,,e2e73723abea3fc4838f381c9d11e77d116e19338cd1ec8ca21676ae44dbe1a1
data/coalitions/k5/trial_162.json,491,,01f587a35a669f6b787d607e1d0a406149d36c7f876d9cc73c596a562a0f20a7
data/coalitions/k5/trial_163.json,488,,99c1635eb51c3d6fe64cebac292390e72a49e88d3adde89d3592e2d3a52c2419
data/coalitions/k5/trial_164.json,489,,f39a2bcde6f7a98f6e3ecffac1c12932e7b69dad80c19db35e9d540972fdf409
data/coalitions/k5/trial_165.json,490,,0adabd3aa97f6208af832df0a76a08bbfee36e8ca1ed428bad282f051c081426
data/coalitions/k5/trial_166.json,491,,203261b73896ea9b552e682e7d4934d9d55c93b5c1147c695cf53be14c9c93e3
data/coalitions/k5/trial_167.json,491,,5130a68cf2932cbf4b16f62643bfa1d1854f7f0d1e3369ca642fa3484adfc6dc
data/coalitions/k5/trial_168.json,490,,bb0b72826e6c6855e1bc4995183ad11463503579e370c0c61bd3b3d20edf159f
data/coalitions/k5/trial_169.json,491,,17931528b6f6c2735d35b5f741803deb188cdfbab7819c236a7a36d5b358d8ba
data/coalitions/k5/trial_170.json,490,,c07640911761bbf926932dd70c85726c96e197f343ee31148dfa4f1e18abe3ce
data/coalitions/k5/trial_171.json,491,,41d06516b920a3625b56bb2f935b9bff32948a3502eeff8ff7ccc1ff4349fbc4
data/coalitions/k5/trial_172.json,490,,55a5941550895ea903ed75d5320d4086d373634434507af7c38398946716cea2
data/coalitions/k5/trial_173.json,490,,0462f8a77ef459ed9de5d0b7e662eafe6e9f79920a568a10bba71ed47b583a01
data/coalitions/k5/trial_174.json,486,,5fb78f997cf6abb8381584c66798661f802415af531ec7f36fc35e51002e888a
data/coalitions/k5/trial_175.json,487,,6adf14b9c7f7aaf5715be2c5cc45d90b63a6dc39f54dab58b578f76feec324cc
data/coalitions/k5/trial_176.json,487,,d6b8b7ad6dab004dcc4b5089e07520e876236cd426a8d0253cfc16d54c5d3121
data/coalitions/k5/trial_177.json,490,,556c34e91d5048962ed4f4923dea4b559e1b2022c8df6c10bd8c41ba1959014c
data/coalitions/k5/trial_178.json,491,,45ffdbe94047690937d1cdf7464e730d6dd8fd041b9d157878f173924dcf3fee
data/coalitions/k5/trial_179.json,491,,d41c4302756c25834bfea02efbdff9df431a4162838dbfe65136b87d043db739
data/coalitions/k5/trial_180.json,490,,45545fb1082d221819419b5abeea4eac5543ce2c2231f1e6974ad1de21536571
data/coalitions/k5/trial_181.json,489,,a83db6b528e5bf238101bdca2753c97ae35b3b41e8a7119a285c202be81edbea
data/coalitions/k5/trial_182.json,487,,f94e6464b2b8a290ffbfc8c038db4257fa97f29af308d73dbfbdb3638de06fe2
data/coalitions/k5/trial_183.json,491,,543b40e35daa8bcd5870ea48bd0f2e3080dc348ac634cd13b3bfb0175a31bd9b
data/coalitions/k5/trial_184.json,491,,e4c5276869e1ff19b85ad2931ae20fb4634cf433e3f122bd6943ec335c740ae0
data/coalitions/k5/trial_185.json,489,,7e9372f610141617c470ec608f28e4a4ded7091e44730876f8d9fd14028d102a
data/coalitions/k5/trial_186.json,487,,587342e5329f6d104e2d71cc0ed8c6f74912b93463361d41ccc9f4ec2c85fe48
data/coalitions/k5/trial_187.json,486,,7452d01853092e51cde28f2556f01a86dd96f819b84db6e727f9ebc4b50f3452
data/coalitions/k5/trial_188.json,488,,46c09a31634b17c8ddd967336d7b43ac45ce4ae7e5fada1c710587d0e61e8c9a
data/coalitions/k5/trial_189.json,489,,4e1bd25f4f16507feb126a115e38c66d374c66c89f9d1d795fbac72edc1a5659
data/coalitions/k5/trial_190.json,488,,3b1f29a9102a3a1a7e70eb2af2f758afbfe8e9227f700d1782c3e4527d3c0fec
data/coalitions/k5/trial_191.json,488,,b23fa6802ba3fb00fc42a15c4cefe717448693e1c1f384b9d3744d1fff91ae73
data/coalitions/k5/trial_192.json,491,,3d2b68a11295f250bb146f7f9c9345c67caaedcad8b5de7ed92283061a26687b
data/coalitions/k5/trial_193.json,489,,328c8653d7915e3456706de09ac6b8033624daad2a5d50680311699a044e6d14
data/coalitions/k5/trial_194.json,489,,cf0e2c85a57d8a7b1a6314d386acf7d6b88d584f1d26dce2684b9ecd3eaf3d7b
data/coalitions/k5/trial_195.json,491,,af55aa0e2848a624fc9d3812f9a46e77c3544ae1efcdb5c3b862b7aeee2c13c2
data/coalitions/k5/trial_196.json,491,,f66bceb89c58fd3cbd55b064d58b3c291b3ea58ebd800cf95b7e018f4b5896c5
data/coalitions/k5/trial_197.json,490,,f0586ad9e38863eb37f596ca26a32451f887be321583e109d34bd3faf1757a5e
data/coalitions/k5/trial_198.json,493,,c2f2b40fca2830395f13166bd08770218e2697215d2a452e662dc6234b2c166c
data/coalitions/k5/trial_199.json,493,,6df01defcc36e70f520ba002cac21d6907bef6c894a5e2b49cefc62b254e0d8b
data/coalitions/k5/trial_200.json,492,,0d492d648f4d02af835bb16460ca4f3087295f87c2e3f880719570bb43f9e493
data/coalitions/k5/trial_201.json,488,,e7b05a40198751916d529ed92f672201e1a2247b5ad4aadc2fdc20c834d02e6b
data/coalitions/k5/trial_202.json,491,,0ead5db99d0b9294df6340f0a32b037fe0194a11a1983c909cdd8d7757bc682c
data/coalitions/k5/trial_203.json,490,,558cdbabc26db0b32d34f55ee10c24eb33ed0c73597d565948aee56652ac6e34
data/coalitions/k5/trial_204.json,490,,fb69211949b118762dbb90f2096ee17f81bf6892594386b0c95e29e0666010ba
data/coalitions/k5/trial_205.json,490,,77d842078113151328a1b712adbc1db66985f03710ef488ef3dc87a8cdf671c5
data/coalitions/k5/trial_206.json,490,,e989238e75a4372ee5bf21e9756a58734857bf92533fc10c2f892369f52b717c
data/coalitions/k5/trial_207.json,488,,dc0017c0e2a89787acef3dfcb36eeb781bed4a93b63eb01a2151bb98acb2920c
data/coalitions/k5/trial_208.json,485,,ef3ef2a4c9a6b773965ab9b87661737ddfaf40b0eafdb7ddf0840b4124b2cc29
data/coalitions/k5/trial_209.json,488,,7b8b9065ed1e96ab0904997d5083619c8f78484e9a352deb7544751b7b5c10db
data/coalitions/k5/trial_210.json,488,,b5c8241dcb301e44f8e5a87f5e52005bfb1edda65ca374549b184dbedd9095d6
data/coalitions/k5/trial_211.json,488,,bcf893473168c5ca7a9ad47373a30fe7b98bbb13a99fdc6ecec832204da5dc48
data/coalitions/k5/trial_212.json,491,,2679d277c964315d94bdbb4df19f8fa6feb33585ac1ca30e6e293c6b83b02b0b
data/coalitions/k5/trial_213.json,490,,fe50a1822d7840ef26fa9daabcbcf27c449c552a6785d64bf53d0c6a209212d6
data/coalitions/k5/trial_214.json,490,,597f02a282e9265ca6ab91a0d7510f8ce3cdded50f40d582b2ade3cb15f408e5
data/coalitions/k5/trial_215.json,491,,e61caa096710ba7b85f208de029ef477aded48b402781ef8a01d9ed09d65f4ff
data/coalitions/k5/trial_216.json,490,,196c7662baf9012fbeba6d6c5a3af959b3328b160997e9dd7f24d1bcd263ae2b
data/coalitions/k5/trial_217.json,490,,4f76f9dda07f0b794d3dc1f91264177dc0315b1f1dd8973891cd26697af92dc1
data/coalitions/k5/trial_218.json,489,,0c981067f725cdcc4e6e387a591377ff458804f970378b7f2a30fd93b39e5fce
data/coalitions/k5/trial_219.json,489,,b5fa9a863ba2f716491aa789ddd9f7d783506f937bfa71ee5a41f8cae1961602
data/coalitions/k5/trial_220.json,490,,0ab12d1c299fbab16e623533d51b7dabf4b1ae7d0c92c37da787ef1f8fdd66f2
data/coalitions/k5/trial_221.json,491,,9e3471ec7b5b1395a42cd4db73e4c470fa28221b600dbf180b0926fbf9a8053b
data/coalitions/k5/trial_222.json,488,,c22c5b2caeace594e4f0a3bee7aa92f64767b7eff23aa7fd440ba1c4247487c3
data/coalitions/k5/trial_223.json,491,,bb91dea1924fa96ccfb85d68a74f05a0bef6ce2dbd1e12babf736f15a03fed0a
data/coalitions/k5/trial_224.json,491,,d36a0a49f955be3305fc74448ddc37403250ecdfed18228882ef04231fa74d09
data/coalitions/k5/trial_225.json,487,,da30cc852a3c80104a3750c0f54887f1b5800d63b6bceb0541cd043802848c37
data/coalitions/k5/trial_226.json,487,,058c52b48cc7a1cb601412ea953061edcc0d1dec5d2caa4215fd5e215a638cc8
data/coalitions/k5/trial_227.json,488,,4a67beff88ec5304c6c12e37f5472b722e9ba46c2480c460205155082ac425c1
data/coalitions/k5/trial_228.json,490,,e132c171da7f326b62a24a84072c7c838e98e2c79ab2db1255536b53b6614456
data/coalitions/k5/trial_229.json,490,,5fc4d9b4f1db9954c04f3964e50842f497de707c2e5f45f4fc80f91e4ee24831
data/coalitions/k5/trial_230.json,491,,d47453b4d4be20e17ef4fe6474e37e6192a5f9e74ea6170f8eaef50cdb76143d
data/coalitions/k5/trial_231.json,490,,b84bee95253ef6c64bca0d349211df0302612b7b88891e6dfccf329a74b6920a
data/coalitions/k5/trial_232.json,490,,e908f287e9b754ad5982e878e5e91d8f4af346a0f1799d93c0e0c58fce4a6424
data/coalitions/k5/trial_233.json,490,,f4085c1603aac8644766572035efdfda4782df4cffaaf7923c4b4e1880dd6f4c
data/coalitions/k5/trial_234.json,491,,abaa1065da684b05f06366dc3761816bf39cfbc10cac378a0d427c8bd5dac03e
data/coalitions/k5/trial_235.json,491,,9e1b377825cdfed453dce84fda066fd4abbc307ad68773bae269e341e52f0fbf
data/coalitions/k5/trial_236.json,489,,e49120b916bc7967d9a5a47a074204389fdbc60fd64f93eb6eb99256af448451
data/coalitions/k5/trial_237.json,490,,ae20a981ff2d14211fc3e5356f7e77410f88c6bd9caf5f38d035e0871cc804c9
data/coalitions/k5/trial_238.json,490,,e5fe788b8974f5fc714aa9747569e1e6b117ddcf1b98b774e908f3a5632a8d7f
data/coalitions/k5/trial_239.json,490,,ca7e18c863fcccfc3a54217a6ed32105fa2eff495e40bba35647d3edb098bdaf
data/coalitions/k5/trial_240.json,490,,9b58b05a198aa64af1c3ed41cb2995df3f51bf5eaea0849a515a920504849c67
data/coalitions/k5/trial_241.json,491,,d5c71cce7b6d87e677c1336921dea8867c77f3ac00d25282d2917af67abb1fc6
data/coalitions/k5/trial_242.json,490,,3881e60a95bba5bd6968c05c10c7560641e2ca97f69da85f0a6655de26b11ba4
data/coalitions/k5/trial_243.json,491,,57222d605cb9be6631e8a756a22ea894cf819eaba867681e37cd235ddab112ef
data/coalitions/k5/trial_244.json,491,,cef20ac2043ceb66acf9e1a0f976c05e93af46ba48fe2e6a5e4f3991234416ff
data/coalitions/k5/trial_245.json,490,,7717babe8902c83a072a031d6075db3742b02577db401b726919ce9c3f037508
data/coalitions/k5/trial_246.json,484,,4cbb87935278f2309fb72e9dda71c4739d13216a7afbccbe8829e6abac1280d7
data/coalitions/k5/trial_247.json,483,,817e6e8f279075ce73004aca70532829f1376a12300a2085a7e92a2e0e46c93e
data/coalitions/k5/trial_248.json,484,,7a903357f5035bd6d8c1876c7148c0196a0482377b002c83aa8b8982f9072622
data/coalitions/k5/trial_249.json,490,,127e65a3362befc58e010e6b0da498250021920e932fc2950ddce4de66cb69b7
data/coalitions/k5/trial_250.json,490,,2330fe11f7557c0e7acf29070538a613486eb0c40926716b43f956315743243d
data/coalitions/k5/trial_251.json,490,,df9a19c59aaead03595de9c5412d357bdaa9ce1b105eef218bdad871651e7388
data/coalitions/k5/trial_252.json,486,,c0420446283458bb0bc77d0d9689ee818cc67eb200b6a5e5fbe8838a59bac896
data/coalitions/k5/trial_253.json,487,,6c051025bcd4fc04cc3af0e529e0a2f45137f7483b92821c461fb2058f6b9920
data/coalitions/k5/trial_254.json,488,,f26eb70246adb923c0801e960fed8867640ecdf71455907cc7737d8f102dd0b7
data/coalitions/k5/trial_255.json,491,,519572ba4a1a3e19bc6c4101a1a56258d4c6357160076969602c9f2611b0d520
data/coalitions/k5/trial_256.json,490,,e1a28fcd43823687410c474e08938bf5c7ea0ec71c36806360ed5284919a3ac6
data/coalitions/k5/trial_257.json,491,,1eb62de7712d3c0efb5069e23931ae4bba42bf8abbb303cfc0c31f8f55e64089
data/coalitions/k5/trial_258.json,491,,618044e90035459b6eddc1111aabdaa634a7d83e002b86f06c3ad00d70e60c00
data/coalitions/k5/trial_259.json,491,,9ce1d2e8e73da9903ea6ccf486733f2afbff3e4930931810e0371485ba6763ff
data/coalitions/k5/trial_260.json,491,,6853ba939e90795c344cf3729774313bb2bf198d9d3756fc60184ac6cb00cc94
data/coalitions/k5/trial_261.json,487,,f631ffe9f1c1ebf308903b0094dfd3a1dc2fcf8695e3f550ddb1dafe0810f810
data/coalitions/k5/trial_262.json,487,,fc6ee00f3c63ba7ad4a6aa38c3388a34b46d0726880ef2475a4245c07efc7aae
data/coalitions/k5/trial_263.json,486,,67bf70e1bb1b77f1d54463d5ef3f7000d4ee1f87cce27388db1c91411f912fc1
data/coalitions/k5/trial_264.json,491,,c8cf045b3692177a6ecc32cf6dac412b52f5e2ab3554a61c392b0c9943a3a12f
data/coalitions/k5/trial_265.json,491,,f709efd67110701370ea6a8a5ec993a84ceba69744075ecae944790fb29ce65e
data/coalitions/k5/trial_266.json,489,,8837a3b17d2886ad2f81617c34d1a121efd9ccb9d34110e3b5faeaeaf2f9ac20
data/coalitions/k5/trial_267.json,488,,32ba947fa81550761b316cb4a0f73f7196f5c7482df3b0f6068aad9ce06fbf5c
data/coalitions/k5/trial_268.json,487,,cf2a014f423eb20b85764cd8f913d845399985cb3822e5afa1376aedaca5afcf
data/coalitions/k5/trial_269.json,487,,f9d8da3c6c35257c0248a7ed17197922c3d22a9bae84b630c79f296a1f09e23e
data/coalitions/k5/trial_270.json,490,,96f179ae73872dd45889b9f83225d028625fcb0d96b82817a375a05a05df79a0
data/coalitions/k5/trial_271.json,489,,4f10244934b0f8d705286013847b8b89c33dcb302d38a8af723b5cb4c2acc1ac
data/coalitions/k5/trial_272.json,491,,cce67461b7633baa8c72421dc0df458ddcecbe82b4c829482d41596e7d57069f
data/coalitions/k5/trial_273.json,489,,a6395a3dee285fdc04ebd3edc21432ea1c6a028614bba81ffa1c28ee51e44668
data/coalitions/k5/trial_274.json,490,,40f03b4179f06e7a9e704d23054692e6e95fee8425b451993911b8038c60cd96
data/coalitions/k5/trial_275.json,490,,adf94aca650a08de423cbdeaa07a0b4e485a2708b45a81214708064199bceba1
data/coalitions/k5/trial_276.json,488,,bea9a04e6d1098173d84b91afe1d5c689a647fa0e773569e61a2fd096702e099
data/coalitions/k5/trial_277.json,488,,7757ee37365e73fda214429d94eacd20ab3a3b086ed82b3e026b9fc395320210
data/coalitions/k5/trial_278.json,487,,2805f4e00bb582c7d7286c56b5d1a69f946fef9a8f03445d0052dd99a4e42dd8
data/coalitions/k5/trial_279.json,491,,b19f403e122d2abfb800d94adb31971cbdff2402af0105ca7fc16e8db9cd0d8e
data/coalitions/k5/trial_280.json,488,,297eaeacc77b22967773877c39f90bd4f5282a74b1296c3a78885cbd4ccd3393
data/coalitions/k5/trial_281.json,491,,29ba0a32b151f25136a64830c2e92cc910b922bdb6f579ec7908237f4c3ad782
data/coalitions/k5/trial_282.json,486,,1065323cfcdf46d0ad6c1f0151c1abbd76e23864a8f6f44450e1e79532807e6f
data/coalitions/k5/trial_283.json,487,,0fce8a5e05a610d6a27e301c5c04e2198f844d9710f5a2836357ace624441ca6
data/coalitions/k5/trial_284.json,487,,9e1c4b442368faa6d02ff60e4b6cac4238eb1d2d05d86f0f70e1cdaa72b6c104
data/coalitions/k5/trial_285.json,489,,a555386845834d87b731d5840ec073409f32b631111fa9f0abf3f7b48348456b
data/coalitions/k5/trial_286.json,490,,ac5fe4f228cf5a52ccb46f47430dee3dd04e29a98001721d554f7284c0101242
data/coalitions/k5/trial_287.json,491,,1e9e377e87f5d10a0aca898996f286e5b1f560369dd968d40354c21e121c8700
data/coalitions/k5/trial_288.json,491,,4c6c4e73bf154ad3d73b07d8356327e212b4c6e7bd7c954c9643460a0772ddaf
data/coalitions/k5/trial_289.json,490,,4fe6ebe0b090c13954cba5ffd567bc0511a57fba713d9fc3bdabe3b580195d8e
data/coalitions/k5/trial_290.json,491,,2560756469b145b3eba1436ef86a2bc1f7ba85c9befb5859b8b0470e1542f7a7
data/coalitions/k5/trial_291.json,491,,4daa28bbc6fa73db90c9643b7c35d763c15d781dde3e9db1cd9c6f7aae05ceb1
data/coalitions/k5/trial_292.json,491,,aec060c86678d8f0409446d32a9bda1933b105c2212363a72e2aa56d9e212fda
data/coalitions/k5/trial_293.json,491,,f2d45951cf4bba1f1b8a73b535d7eb2cde59e04600525739fa772110eb141de3
data/coalitions/k5/trial_294.json,490,,844693085e2279f9ec6dc110f329155b33aa7958cbdc14fa56fdbf7a86436980
data/coalitions/k5/trial_295.json,489,,902f5a323dc9727819304a34d0f18c680e2f93ed1aae5af20037dbeb64f2bdce
data/coalitions/k5/trial_296.json,491,,99aaa93286f416ff3ac3488932d5f826fdfde4bcb6064eeb76ead97b569ea908
data/coalitions/k5/trial_297.json,488,,ada1f8569307c3d0a5d7b14d217500779174494a00ae93d990b3c046e8669491
data/coalitions/k5/trial_298.json,487,,537f5939d0d8da47bdefa3411429084129105c7a8a0c80a824f4a012facceb56
data/coalitions/k5/trial_299.json,488,,634e80a38af1842171af4b7653e820022406b56d4dd680fc169fe286baca9ef0
data/coalitions/k8/trial_000.json,520,,aae02026d885cb9105bbaa90c3b5ed87f1cc3a779abb0706f95352f8a6abd5a8
data/coalitions/k8/trial_001.json,520,,a3585910937762046985bf5a63cb70447403892dcb3e30cbdf029f0958c5251b
data/coalitions/k8/trial_002.json,520,,249fa73ca8647c47f4d468253673c53f69ee261a1491f85b0f11972abaa75d12
data/coalitions/k8/trial_003.json,520,,7a4f3cee75aa2238266d7614068f3a9618b42e26eca04c90c4ef69f415c249ea
data/coalitions/k8/trial_004.json,519,,4d4f697230d58d4e4a27307beba52cf7b9a0cbe116775683a45bf0876c2534d5
data/coalitions/k8/trial_005.json,519,,5d741b3ec7217d24376f13288c03f9ce6bba9e49a4be6329b5a06534e1ef22c9
data/coalitions/k8/trial_006.json,520,,2263a7ac56741bf51108074deb82eb742dae7b4db4ba07276250ec1f68ff8345
data/coalitions/k8/trial_007.json,520,,c43d0192a2602f0c14bc91cb3546bac32165c0537c2298285cec0dc1d44a8213
data/coalitions/k8/trial_008.json,519,,d9e6cabfcff4d14002f4d343f4737c836eee28a24027c439abcc57411d501a41
data/coalitions/k8/trial_009.json,519,,6c304a0773bfea06d3ae9a4b86fae87927f10fe5eaa1636ee290555649e5a7fe
data/coalitions/k8/trial_010.json,519,,67f8efda5b271df726b83a356831b840a1290e06fd3128d3c7736447b19a359e
data/coalitions/k8/trial_011.json,518,,1044ffdf8457d8e7c9a2bf20bc6bbc7618a36065a505eff83ad2eed28a19bbe7
data/coalitions/k8/trial_012.json,519,,351857f907da67159ae56b8fd2c8a0e159184cca0c9350cbad4bdd7014619ac6
data/coalitions/k8/trial_013.json,519,,6ee30d6f492ee12d1c4a50c1841d4e0dd360f36c4c60e9a723f4c25407c0057a
data/coalitions/k8/trial_014.json,516,,b239fc72b05328cf1cea77c04a67d2160cba1840b073011ee9f43240cc79da99
data/coalitions/k8/trial_015.json,520,,2922e782ec8b5d842413c94975083e52bed1b27e78eec3f731209d8103ea3384
data/coalitions/k8/trial_016.json,520,,7e4cad904e2cf739ed7feef28412f5519d18bcbedc078bf10b47fc47bca2db78
data/coalitions/k8/trial_017.json,521,,4dd6ea81f8578b8d746e90b2a7b3ccbd0bdcd52c54e84c9e52b8edfd88354a73
data/coalitions/k8/trial_018.json,519,,5f578436ff12ce31e769a640493db13bc3805f0b969ac2d83eade1c9e82783b4
data/coalitions/k8/trial_019.json,520,,c2937bad4708532e224d063e59f78f134c3a0d37b0f36d26f5ccdd22d5d735ab
data/coalitions/k8/trial_020.json,521,,3d599bcf1f058bc26e491b4a6bb950e9e246c811afd4837a654158eaf1332f4e
data/coalitions/k8/trial_021.json,519,,f59e800ab8c8bb42ace2c5bc8f207c2d09635b93825ffbd075eed6326856b5ae
data/coalitions/k8/trial_022.json,521,,228d983751135e53683f67b1b3c06c688564f7a51732b58c34a129e1e71da3ca
data/coalitions/k8/trial_023.json,520,,a5a53db3302344b7169e4295decc6c92d2fb42abeba7c85e25ef00d004437e07
data/coalitions/k8/trial_024.json,520,,1aa0e3d2d13601b5c16aa4c22801c7d000e59ba40c9cefde6e458a24cc06e75e
data/coalitions/k8/trial_025.json,520,,9ba2c2a40855f3e33f82517e757c3519942815eb4ce0cad9faaf948ed13bb720
data/coalitions/k8/trial_026.json,519,,5562fc3250f10ca6a625d97a51e44ebd15ab65b4a05d9676b0dac2a434d4c7ba
data/coalitions/k8/trial_027.json,519,,7dbae57b24a0bcfb7fea327088d57241bf779410023ea430ebec8ac4199ae1c5
data/coalitions/k8/trial_028.json,519,,1cf9a45f678e6505f9c60bfe7188a01ef072bd584a7842140f424cd31623ed4b
data/coalitions/k8/trial_029.json,521,,caad5a81c33dae95fcb90ab3c6144c8ec8a1fc8b15d23f37ffa953494aa50037
data/coalitions/k8/trial_030.json,521,,cdf3324a1713d787922fb30c21dcc1b64ae4b9c4c4259975d361b31870cef4cf
data/coalitions/k8/trial_031.json,520,,e1ad0f200686c9499f9d202955cf476b8261decb4a875921d1d7c44ee20cffb7
data/coalitions/k8/trial_032.json,520,,9f6d957364317c28f8c9c250a47cac2fedf15422a46ef2bffcd069b7de194384
data/coalitions/k8/trial_033.json,521,,0db7db866912d058597edbd3130a88ec0ff7f6204fee761f0cfd1052ac0b4f41
data/coalitions/k8/trial_034.json,521,,98269c96572845d289d63191505775e50a301c7e49a18000b9c6c15c77d02456
data/coalitions/k8/trial_035.json,519,,c63fe5cb7c7b25299de78ea09ac923aec824bf4d3031de9c182e58ed265fa2f3
data/coalitions/k8/trial_036.json,520,,517eadb6be056449d3a11f4c3dec7819cc69de80ff33ca9a160d4c95788a9912
data/coalitions/k8/trial_037.json,517,,5ba01c782e5f313e678298c3534069cbdc640a8e1fb39071162a143e41f32862
data/coalitions/k8/trial_038.json,520,,1e50934a60ee91af5dc76e0bffc6571515d085a515264dcbe38eda558d75776d
data/coalitions/k8/trial_039.json,518,,fec987ac9c8411065f289bb97cca954c5ea885d86995de53b24d3ec56a644070
data/coalitions/k8/trial_040.json,520,,d3103582163f406cf4419e43d225ab99bbba65a52b31402394acca18eef41182
data/coalitions/k8/trial_041.json,521,,9eb8a56f06a255aa5a15c1b57f16b9aad7f34888c894d9bf6e108f03980567e0
data/coalitions/k8/trial_042.json,519,,71dcde764d0b62aef518ab809b54e334e69e44548cccbeede8ad162f1ca1824e
data/coalitions/k8/trial_043.json,521,,41b08c4ad33d5e61ae1752220df42517eb07820ab048b8dc5ed8f40a56438e96
data/coalitions/k8/trial_044.json,521,,d8ccfa942244c953549f3f97ff9d57e6448b79ddaba7931ca945c8771dfe1639
data/coalitions/k8/trial_045.json,519,,078842bf32906b08062be84974da8c029c52a690cfa7b92a6fa50293e06b0194
data/coalitions/k8/trial_046.json,520,,9f4fb625e4f10ba652390a1b880fd6633176ee6584fcb8433f17c9fe308bb864
data/coalitions/k8/trial_047.json,519,,0c0d87117c43ccef28f332b164a22d80a437547d10320a0af7b109519df65c44
data/coalitions/k8/trial_048.json,519,,fa2b5faa055ef0f0091eebc0944d5c73fb35640fe8e4acc2f8b12431e5989e6e
data/coalitions/k8/trial_049.json,521,,183790ea45db44ccaf9911555954233f0444693d5654cadccd3dc43bf356da44
data/coalitions/k8/trial_050.json,521,,b64526212b7fd10a642b096413d80646c76b9120cab5bc73fed2d25cb70a80e0
data/coalitions/k8/trial_051.json,521,,c9c21e7b7606b914f28763b1d6e2dc2d48844848ea5e47f31137357b5f08c809
data/coalitions/k8/trial_052.json,521,,d3d1264af16732ddd5b62a1e5d614aedd78280e7e1da93861d17121046035c36
data/coalitions/k8/trial_053.json,520,,b54143c91138fb26ff49fd6d976df90ad9f987f628c1ffd7d6166accee85bb04
data/coalitions/k8/trial_054.json,520,,5fc5aff1edc7923d38b7a82d22d3ca4c4623ed34dc47b4b913a3c3d0f32fc74c
data/coalitions/k8/trial_055.json,519,,b86abac86c1305de06dde3117e4be18c86918cad50a5785e03feb92161d1ce85
data/coalitions/k8/trial_056.json,521,,eff0f4eaaeaea1c41ca3c212969e9c146f5c39dbbe4854cf8c8e4f668d1f91c5
data/coalitions/k8/trial_057.json,520,,ae26ca3c5c1f9dc01a3fb3602543c2a42d321ce246228b19dc1b0959cf8d63d1
data/coalitions/k8/trial_058.json,519,,a8947ce0ce9a209abcd6a23228033bc7d064756df66a6e343cf97fe2272e405d
data/coalitions/k8/trial_059.json,521,,b08a81a720f0e610bb29011aa7feb7ac1cbf1f4629e0313bab8b4768fba2c3dd
data/coalitions/k8/trial_060.json,521,,18a1d03e1fb9c6bb21bfec5d43f85b041e300809c62f3ec4971cd39ab6ef10d8
data/coalitions/k8/trial_061.json,520,,a1210f10f1cd57e0ce558716707c85f653cc4f1ddfaa300abe3e306fc2cdf529
data/coalitions/k8/trial_062.json,520,,3011fbf5a106def2ee0d4255574a975370659490ada669aeef691ae4ae627ea8
data/coalitions/k8/trial_063.json,520,,22b13fef96f385a5e28b669143b60b8fa570a5f28af438bd010aaf2752b1bb22
data/coalitions/k8/trial_064.json,519,,2d2949076e7aa59c4b182d4017dec2e27aa84b08effcab082bf36fa409fdf47b
data/coalitions/k8/trial_065.json,521,,183a9b01c0425d292a245983bf6e1cacfba56f7dc1ddefd3cae4e48b1480f468
data/coalitions/k8/trial_066.json,519,,c5a895be6d7ecd9a7b68e96d93f627b1f0597686296d95f025c0a2a4f995e19a
data/coalitions/k8/trial_067.json,520,,a24b764e40aa4bd84fd00d7fd5f43b57ff7a7def92c4b47fbfef0505cb5661b6
data/coalitions/k8/trial_068.json,519,,55ec11e827164c632d0db7b1841eba8f6d4bc48ec73e00d396d26d1988d86f1c
data/coalitions/k8/trial_069.json,520,,deea41eff881163fbf957bbfae88a7fee63a4bb876cd1552696928df07bf87bf
data/coalitions/k8/trial_070.json,520,,4a818f36d56d5fe20e8f6c07f953a0a8bf7e84444371d00555279b187782cdb9
data/coalitions/k8/trial_071.json,520,,ee4b1b3961ad9c0753613af5b3572270446433caa5d79fceec10ed55b7e1de15
data/coalitions/k8/trial_072.json,521,,7f270ee99cbf5818cb85ecd135beabd3151e46a6678b601d4f5d5353c1cfd886
data/coalitions/k8/trial_073.json,520,,5eec1915b0c9d7dcfebcc458b8d07392d86fb6799da71296f6441a829dc8d026
data/coalitions/k8/trial_074.json,519,,341f3fb8d9fc2660ca0b4e8eff7e1edb33c78c2481f320b3d230726b6d8b535c
data/coalitions/k8/trial_075.json,520,,e5834da5368c8f03327c499feb426e3b5f30b7cc46477f1028d502235e4b7c1e
data/coalitions/k8/trial_076.json,521,,bdd1a5c8c973266a8ca98f126a95db0ee956ca251faa7a006deb705f1de8e109
data/coalitions/k8/trial_077.json,521,,6522d0cf443ebd173522fad1fba7e56e71415232106ccb53ac9142554caf350b
data/coalitions/k8/trial_078.json,521,,ffcbba4da3f50e47dfb218361596bb33caee21312cabfb9bf168228cf9459dd0
data/coalitions/k8/trial_079.json,521,,09f7c7e4fd1395ac111052fc0fcd1686a23f384345481525b1cdf58a196d1f3e
data/coalitions/k8/trial_080.json,520,,8aee859a57947755a8ef57e796572bd43ad21c100945403aff7d9c29bcdd73b1
data/coalitions/k8/trial_081.json,519,,dff8b0309aea7c5e34c9d633edd1effa0c633c2a71f874f207e66c6a817c13f4
data/coalitions/k8/trial_082.json,520,,a9eb27d6084c8c33551d74d21cddfd0f45045de2fb3c4fa56f03d2ad20bcf4f9
data/coalitions/k8/trial_083.json,518,,26aaa2cb8b032b9fad8f82bc41486445b63a848bdfaaff088ddacc8728f92502
data/coalitions/k8/trial_084.json,520,,f4228de1d46cfb60627158cbc8f81a7358a50f667e12e6650c3f3e3596dc58aa
data/coalitions/k8/trial_085.json,518,,5fc83fde98826635fd769ae2c2e21704689da861459348a75bb461385d3c0b52
data/coalitions/k8/trial_086.json,521,,f0822898d21419f21b4f1b3f019da0783bc53e3b84c3a69c5fd89a08e06d4ed2
data/coalitions/k8/trial_087.json,520,,e6ae7c54897b75cfd123ac7fb76b0fb5dc191baeb7172ea11bdb9e23bc389c89
data/coalitions/k8/trial_088.json,519,,79a2188e9ff587980408eefb88175db873834f70b6d65fd2ddefd58c857542ff
data/coalitions/k8/trial_089.json,520,,c5712cf48ccdfd31c9aeaf6a38ed927051ad5579e595d6048c000d3bf6897b4d
data/coalitions/k8/trial_090.json,519,,9a09590c930e7ede74e5d297439f1b7318d132f2431185e6bd913510728997a6
data/coalitions/k8/trial_091.json,521,,d25d58cb352bb67b2740b19868e6e88bec51f22383c1ee3b1fa8ab4298e0aa18
data/coalitions/k8/trial_092.json,521,,2829d19746e6e872eff9ba1472b938eeed804e52af0b55275050173e1a04ee2e
data/coalitions/k8/trial_093.json,521,,2ea20cac92af0734ca1327d308acca0ebfa65e56a999e76b4e55bdd66ba37458
data/coalitions/k8/trial_094.json,521,,2cd2fa829be53c9c92ae7811a4c4de11b9742e03dd98e561c127d6fdc4602aab
data/coalitions/k8/trial_095.json,520,,5a991312188a14c0fc965eb1d1064c023a9a15fb36ccae43edbf9e1ca2d37f40
data/coalitions/k8/trial_096.json,520,,261781ac96bac323e554e086c7f0d45cc855c9c27675d622394a35f104c63910
data/coalitions/k8/trial_097.json,520,,0f2b8dc4a14f95842771d89dab33409ff0d8d23a657093b39b865f3535343176
data/coalitions/k8/trial_098.json,521,,4f6edd03c412bbe7422e48e03933675e51c528ee0e9ee00841d64178783824a4
data/coalitions/k8/trial_099.json,521,,faa6673d53f8ac7335fc0a0e9963ee26c0e58f88bb3d15953e71b7461aff531f
data/coalitions/k8/trial_100.json,521,,475b3d7fc16b65149beb9f0be0733b0622e60596778fbb188ebd50f25f6db96a
data/coalitions/k8/trial_101.json,518,,d6d614bdfa1c3d7029f1020c286bad145b3f3ca498e829865581f2534feefe46
data/coalitions/k8/trial_102.json,520,,519d126ec8402ee00d357c44f7bdb0e6d12890d48649ae5cc3c7b76e3b344676
data/coalitions/k8/trial_103.json,521,,c26631843c9882c77453e11d98ce0e93724bc6cfdcf057e7cf3bd4fb6ae23d36
data/coalitions/k8/trial_104.json,521,,e288a588ed1bc748e5396c7bfcfc7e5bd0c19f90b24ced24e2fe0b954671a287
data/coalitions/k8/trial_105.json,522,,97dc68e5f37070d2f4c3ebc9cdcd2bc40609df6a05bb6379997b5a4dd3e76643
data/coalitions/k8/trial_106.json,520,,08c900be82ec8fde587f12ba5ffa3a1ea86a3afa5ce3d18d404f8d699d4b1d22
data/coalitions/k8/trial_107.json,521,,5d261800c96753da469696ac3c28cbc597f95bec12b3044504be5b148a35ee76
data/coalitions/k8/trial_108.json,518,,24d40c4ae1f336791c26d21ee620deab73a7bbf65a33a2a1bc51ae6f08e49873
data/coalitions/k8/trial_109.json,522,,166e9661339a427e77741a0f0824bfff27fb257587abc0cdaffb714d0d35ce84
data/coalitions/k8/trial_110.json,522,,8bd171d13126b236bc1424974da847c89f2379e6b8894a41de5460eaca4b054c
data/coalitions/k8/trial_111.json,520,,6430d7bc8a1f23e987c9555922017c7c0cef80793a10396308f8dc72b135e495
data/coalitions/k8/trial_112.json,521,,01594b89507937f337e8e11128e93ffe6a9b3c2ca7129c7c797cf5686f47bfbe
data/coalitions/k8/trial_113.json,520,,07303d18c03287405cd079b9e286b6866e88f01d3239b1d4cd1e6131fad9748a
data/coalitions/k8/trial_114.json,519,,2954d4e0ed64756102bd36ed1cedc9b80bb7f3955a40fd5ae70901cf7fa17271
data/coalitions/k8/trial_115.json,521,,49429a4164cdd8eff88313c39af7bfc61e696cfe5fa24669e70571ac5c1439d1
data/coalitions/k8/trial_116.json,521,,dbf3594f8cb426ac2f8faeea248ed88459f33458456479379275c8d32e2052be
data/coalitions/k8/trial_117.json,519,,71e252078fe22fec9e81f92e4b6a71a95cd1ca7011f2b65309263a080ea49cc9
data/coalitions/k8/trial_118.json,521,,c92ef4c6ca2b25e26b2787dc7ae9dffe004aedf3b16296eb1a7eb50830d4107f
data/coalitions/k8/trial_119.json,520,,1609d84c98512865f0da132142306b945ce9e036477dd10d4b6a29be92ecff8a
data/coalitions/k8/trial_120.json,522,,508bc88140386817461806ccdf9c66945e9f351090a6ec1df93a4bd10ca18a0b
data/coalitions/k8/trial_121.json,520,,add817b8074a9d8a347deb3dfe746e61f49901035ecb32a33962795cb40d4ef5
data/coalitions/k8/trial_122.json,521,,8027f5c01c7e76c7fe3170dffd6506747a59b026cd8bb26b0e8f1b82764db412
data/coalitions/k8/trial_123.json,520,,fc6da56ea4cba79eace2b79c4596a071e59f173d92ebd3c4d602415e8de70a86
data/coalitions/k8/trial_124.json,521,,378bf15ed0e89a01589eabd76b97dca9d34675b2ab1dea7206fc62e9fd3d090f
data/coalitions/k8/trial_125.json,519,,5cfaa792277635c0e15b50c8199f707f118273cb2e42210edd22de66d428419f
data/coalitions/k8/trial_126.json,518,,8aa6322d2b2714d260cb7574d8309b419fa4b03f158ea9f3dd1d5ac9d913a005
data/coalitions/k8/trial_127.json,522,,6673f31e2275a471c7055763402c8b7d6177e131f2c97315153d85062404075e
data/coalitions/k8/trial_128.json,521,,69d435ba81c3bae937b849477916994b6133710920339cbfe5ea8a40d45b361c
data/coalitions/k8/trial_129.json,522,,bb059186f90553ac31f5d40aa0c326fb834dfda0cbfd67cfdb1349336ae2bf03
data/coalitions/k8/trial_130.json,520,,6a2453b01de952ee0300ea785c128792e9643c3cb3f464bc7549a4665a55d206
data/coalitions/k8/trial_131.json,517,,739c1705896e82c7912560221aaab1da24b1d61960ff4d4fbe53878d552075fa
data/coalitions/k8/trial_132.json,522,,668a5a0e48d894eb66a15455d25c3518487e65d5e66378b52670f5cf5e717f35
data/coalitions/k8/trial_133.json,521,,8e889798d5c076776380491089840ab1f30f254b0bc5b9cbef262e5c6c8ef62a
data/coalitions/k8/trial_134.json,521,,1f7f2bd88fc6bfa56f52c543534876d0556bed08bbd2b83bcf05b4ed48a30cf7
data/coalitions/k8/trial_135.json,517,,fbb12e94cb7ab077117ebf1b2c6e8d116cff10b9f9d288dd9c349eb52cccb6a3
data/coalitions/k8/trial_136.json,522,,169dc788c9dcab840358479e1b9b7da9efc4f322fd5b66a465863e1581c5aecb
data/coalitions/k8/trial_137.json,521,,c24de9bf53d682708aeb16653ec83830abc882dff8b3481678fcafa1d41f8a36
data/coalitions/k8/trial_138.json,522,,cf2b7332fd8d91fb7f24ddcda8c259a4758ba823349cc79436766d200a475eba
data/coalitions/k8/trial_139.json,521,,e07a12b3cbb99049bf7e2ebe5da74134852ad57941240412e220d81171a0df77
data/coalitions/k8/trial_140.json,520,,8c76589cb47212c4fbc6fec644924abd3b2f4f6757830a1d8749eed911272bc4
data/coalitions/k8/trial_141.json,522,,ab31311063ab63261993836c62278c16a7727e046dd3b2391808a8cb9c902046
data/coalitions/k8/trial_142.json,521,,33aa280f064b430eef959f6570ba0893333114a7b6505e2843dc56e63790f7fa
data/coalitions/k8/trial_143.json,521,,b952579e866a2e12951f050f95c488ef1b89ee39b8159b7b2ca500fc7f67e1dd
data/coalitions/k8/trial_144.json,519,,175ab526f2a37fe676bcf05c0d2ffcf13d64809505665f63da517f8acc329ad1
data/coalitions/k8/trial_145.json,521,,ed8b6173ecf0eec0bc56827a7090ebe1e4d0dcc5650d1374a35879d1e5dabadb
data/coalitions/k8/trial_146.json,522,,6cc1a0869197ef3d0895ec3692e4e1305dd1dc7e239755c533bbe40ef9972e68
data/coalitions/k8/trial_147.json,521,,30543689f7d279fc2523109eab480b951ffc9b3fa5becce851ba97690a17a48e
data/coalitions/k8/trial_148.json,518,,692244f660ca61641be2378fd078a1bdf8e7ed947632fe2e5d12170752db1e42
data/coalitions/k8/trial_149.json,521,,0f0529461a54a0f8f1f3d1cea1bc101da99d69cb2ca315e52c072f7dd3d756b1
data/coalitions/k8/trial_150.json,509,,589d44b3abaf5ec4199bc321fac80f0b212a590a84e20cbf9df33ad4e0bcd56c
data/coalitions/k8/trial_151.json,507,,671441709bd160a0b644e650fc0df3e50cb78f36d7fb9a1b3d482ea9048ce92f
data/coalitions/k8/trial_152.json,507,,b21dba59cacd4f2e861010a9a52adc7eb69eac57296d9cbeca30c03c3859c38c
data/coalitions/k8/trial_153.json,511,,cbae919d792f8e0e7c67fbd175113126da272a0e76926db9c29439b988c4e363
data/coalitions/k8/trial_154.json,509,,9627fab10a7e6dfaf2271e7761a4320c2e2436a8d626d3d07b0ba67a3e203904
data/coalitions/k8/trial_155.json,511,,e50e568a8f88abc83ac6d805b8b8981daad52f49517a855e15ba95d17160a6c7
data/coalitions/k8/trial_156.json,512,,6032fa8d2e364ea7fe54fc3632df57e0e7f79d921a31e7c40710a2f61adca877
data/coalitions/k8/trial_157.json,511,,dee66f951987c9579561c1875a48ad9861c870a65ee15c5b1f3563d419ce6bf1
data/coalitions/k8/trial_158.json,511,,c04d87f75a72076218864e609340d773be775b7776a854ac25a457fc08a56f5a
data/coalitions/k8/trial_159.json,513,,da64cb7592a5b0756b02eb7af6f8d3d8a7ad2321b37234dc11a7cd1c24d7f7dc
data/coalitions/k8/trial_160.json,512,,91e16f5d5fec836136e406a3e7e1068a6a1f86e392e677106985ea5aa142b043
data/coalitions/k8/trial_161.json,512,,712e6b4ee50de3496274d9363a3900495346688f725e1e826e47ea425f58a7a4
data/coalitions/k8/trial_162.json,510,,35c0f63ed363d64cabc96d498ea0afecefdfdc1962f1683c15513f01b37ac8a4
data/coalitions/k8/trial_163.json,513,,4e1f8e9385cebee960baf550430a107c76fac9cb28bb8b874adc11680ad26ab4
data/coalitions/k8/trial_164.json,513,,7ceccf713a4b7a82a289e168d67ff9930480454939cb98ec1adcf4994d32a574
data/coalitions/k8/trial_165.json,511,,afc7d621c6111715785181f48d0d14250e34a9432f34e9d9092be5326850a26f
data/coalitions/k8/trial_166.json,513,,8e772c9a2b7d66337d4ec66ceb34ab3ca208c12e80d57bbafe1b702b7ec95575
data/coalitions/k8/trial_167.json,510,,854314ceba09ead3e8ec590a804d8ad9bdcb19e1c12be5329155f9d9287823c7
data/coalitions/k8/trial_168.json,512,,d302cd24f5cb0939a42d6f7e99dfc11f750fa211911c4945162cedf2bd739838
data/coalitions/k8/trial_169.json,513,,5427189e6c42422925d1485f2efdabd663990b1d21330349c33fec0b4c9ea90c
data/coalitions/k8/trial_170.json,512,,e41ce5ac2fdc2164172c701615289d456ff047b25ac99352189a0b59df106f38
data/coalitions/k8/trial_171.json,511,,81974466f92ce27b490355722382a7b56ca9c12006ecaec832eac8e5dc0fedfd
data/coalitions/k8/trial_172.json,511,,ec13904aa68e4f86b1035a973b877b86681f08460f3b1cd458fb07510f9792b0
data/coalitions/k8/trial_173.json,512,,41e4b161772db35f42796ed5c4e4c8afe11dbc9a886d7949e4bdc1b29a510592
data/coalitions/k8/trial_174.json,506,,69c4add5faef87a78de495840de0e7a681681e629dad12b77ccb0df5e7e1e762
data/coalitions/k8/trial_175.json,508,,61c1045b9078fd521aacac13acf8405766aa35c6ebdc6c059dbf2be942a0c9bc
data/coalitions/k8/trial_176.json,507,,b613e4c37f550eb7b67e805d270ac7927a71ed15a4353a9f7d292dcf70b49252
data/coalitions/k8/trial_177.json,513,,32e66b3fc8fecbe5798cf342df87a75d1e5f841693503c7956b190569494e0bd
data/coalitions/k8/trial_178.json,510,,a2ce7b0d462e29b5f1f7c9de8a36d03b21d8fd2614a47c445e9038d4426c9ef1
data/coalitions/k8/trial_179.json,513,,983da1c189ba2f4edd456dfd86e71dbec781ccb5236065737536e276ec703726
data/coalitions/k8/trial_180.json,511,,975ac27b955ca3361f1b3564ada58c5b37fb4a6989f89c12435c7d997cb4d529
data/coalitions/k8/trial_181.json,512,,2937c81eb31c94bc7d223cf2ba7c8648182f92c3f0d7cc75db8764638537f375
data/coalitions/k8/trial_182.json,511,,8c268ea7a8bd7ae6d358197e3456cc3717e0e5cc4d95211a038941b8a837f2d3
data/coalitions/k8/trial_183.json,511,,13c1ad1ef29b51b98d6aab6b293e7fc4e5419e847067111f838cb90c19aab925
data/coalitions/k8/trial_184.json,513,,a509c36720aeb1f229a5e060be9f844302297344c7df36441c7d536c40ca2aca
data/coalitions/k8/trial_185.json,511,,6c6219402d47ec87727b70e68adba3778805f96a8b16c0d5019b60762ae21c00
data/coalitions/k8/trial_186.json,509,,b20f6e07488d426b7e595693faa7c203f410a72f9f3dda5a8dc968a7a47637d9
data/coalitions/k8/trial_187.json,510,,c579b9491a935886890d557de24094e70dac4fb59e88b4d7f89c8b7a8fec39ac
data/coalitions/k8/trial_188.json,509,,c17f3b09cc14a2873432d41b19e5303a1ba1c9662788bb554b063334bacd92c7
data/coalitions/k8/trial_189.json,511,,d3a353f335248b2a57230e1a0072ea557f5b7d8c5599d32e6b5653e42ac44929
data/coalitions/k8/trial_190.json,512,,4e8b63b2047eb2b426d359e0a58689e8302d0415acd1aabcc1c234a11dbe19c4
data/coalitions/k8/trial_191.json,512,,af1d0d31ced81f4df7ca633e2fa238544598e7d00ecf3061ee5c47ecfc4a48fa
data/coalitions/k8/trial_192.json,512,,c6bdd6a9cf9d4509906f7f82823c57dde06baa87b573d046358af7cb5e91082e
data/coalitions/k8/trial_193.json,513,,eb2bd59d9759ea73ff7bd3ce3f98565dde94ebc5c8bb2179b4cc8944cab92a22
data/coalitions/k8/trial_194.json,512,,10ac53fdc836b13e6647ba13a8886387c4f61d88b5b9a8f37256f6d87313f9dc
data/coalitions/k8/trial_195.json,512,,368dc115657cdb7ab3c091d932a5f84b439e8772de8fe261aebca4d6d9715344
data/coalitions/k8/trial_196.json,511,,526cbb7bf5619ef5b299df2af1f7c7a0a2268837e9ffcd2ac70a32a0e27a5767
data/coalitions/k8/trial_197.json,511,,134de7544edbbdf4acb48ad4f84340e6f4875c987d7efdfcc479d481688b42ed
data/coalitions/k8/trial_198.json,515,,ba193432cd4ee30cb2e401d50ca36ac7b02124e35827d903742b95dd1566222a
data/coalitions/k8/trial_199.json,513,,bcc6484f9f0a201dfc76a279831458f5dbcaff28a111bb7a8f68c7fa69cc9b35
data/coalitions/k8/trial_200.json,513,,2f1cc2c580370f4c8e45924f51325ac4e57d9e029b1da854eacad815a720036a
data/coalitions/k8/trial_201.json,512,,22cb60264d74ab2113e80ddc839d4ada19b48876532cb19213677d71ea349175
data/coalitions/k8/trial_202.json,512,,a29ee927fd3a00893d8e9def7ca60a4b4c382ee750a796d3d5cf4baa2800f5e7
data/coalitions/k8/trial_203.json,512,,2e570d9ebb469c9e15c1897ce42fc50305b1de42b06ed8202e3ef9a54fba4017
data/coalitions/k8/trial_204.json,513,,0508c738672fda68a26d3faa97f67472e4ea0917a27c6592afbd1f054f44e12e
data/coalitions/k8/trial_205.json,511,,1d0232b84ee932f90b88d09514e3c25bb0e5f3a7d0ba4c08464a3792472307a5
data/coalitions/k8/trial_206.json,513,,7be7ee2735f42ae9887d5b533cf21c6bb8790889fa4f03c97f8547e121e481b3
data/coalitions/k8/trial_207.json,508,,f8d1639665e5524535a458c80fc5a218354ac74d26a6136f63fb5d467055e2b8
data/coalitions/k8/trial_208.json,508,,5351406f365c7e25200de43654ec40c7068e5992cdfee8c7283332e24d6e7345
data/coalitions/k8/trial_209.json,507,,77b3b30eab555fb6e7f5bca387662733259a75238f6e5340f90e237db2020423
data/coalitions/k8/trial_210.json,510,,850d19e889fcb0f4a65bd84bd0e5ceb768358be6c0b6112401eebe08fbdd1ca5
data/coalitions/k8/trial_211.json,513,,a88e89a9c3f638d320acd3a5857f7d39bc013abd1f405b699b772a8b65206843
data/coalitions/k8/trial_212.json,513,,5a363bc89f299dc67f96de48734dbd39aa07fbbc202286bd5e73de6b4d7667d8
data/coalitions/k8/trial_213.json,513,,1df204a5ebad85b6671007a65016196ad574a256ef59454dbcc88d8d89442630
data/coalitions/k8/trial_214.json,512,,5150c4ebe0564e622410fe065986191a503d39072a6181409241af7bf5c6b4fa
data/coalitions/k8/trial_215.json,513,,bf3582d55371a6fcbcb3c41ded6b963bb2158b448d119f8ce70ae1bb058c9c74
data/coalitions/k8/trial_216.json,511,,b4276e11ac048a2c70b911cd94a457f1eba8148916880021c50aa5b71a152bd6
data/coalitions/k8/trial_217.json,512,,ce3a03bc3382cd77de4837ba3f9d761c621fcb7f0bd7b90aa5ca4f0b6bdaa631
data/coalitions/k8/trial_218.json,510,,77d30a6bba4475997ccf5a6e7ae842d08c7db2e83c4f83447ed9f13f5f96583c
data/coalitions/k8/trial_219.json,512,,f467422d3644993fa1aa13abc7200a672fbab81f7f90872414a35517bebdd50c
data/coalitions/k8/trial_220.json,512,,fb96275210b9fa461ee05198bf7f99517b7c9657c2400da64f9e4637f0327e1b
data/coalitions/k8/trial_221.json,512,,0e7f5380a27aa2d54cf68dad4d19bf2ef589597f4fc37214d3dd99b4f8d2174c
data/coalitions/k8/trial_222.json,512,,fad0f7786cf2aa8aabfc73870977fbeac3c0e2596c88312320e3410c4a2c5dca
data/coalitions/k8/trial_223.json,512,,524f574b980f7155d70818f31fae307a22e4efd7b1ed1acf156a9beaabaf9c47
data/coalitions/k8/trial_224.json,513,,5430e1245e3b47941e7e263a0b652fc2ef836ce2fab781bf056001ecd80aa94e
data/coalitions/k8/trial_225.json,509,,7ed2df62887e016bd5a9be87fe1e6b9a645676193beb47d782427b84d50e5728
data/coalitions/k8/trial_226.json,509,,accb5d80b67ed163acadd7947c96a72959e8ee498f0fc0a8e001ac94ba538699
data/coalitions/k8/trial_227.json,509,,da0f4cc3defaa6b81ff0538e50e98648ea7547402cefb07b34d45630f8f9fea6
data/coalitions/k8/trial_228.json,511,,7d2252aa5b3f701ff2f109041d8f115b383abbba1b2da7980e07adccfadd2b1e
data/coalitions/k8/trial_229.json,513,,319c15d2fed8de138c7f3276318995a2c2c9451313014367f05597e92a8efc76
data/coalitions/k8/trial_230.json,512,,d46ed3d7151e0c7672392b03148cbb00d5c942087add7b5934933c89bef2dd9b
data/coalitions/k8/trial_231.json,511,,b100cd6d295d9debd78732023653b33f76607f1c0b961eadd748f91e438a9f27
data/coalitions/k8/trial_232.json,512,,26a45430159f466ff469befffe2a27d36f4b4b7e956471988d6fd5bfc83e68b5
data/coalitions/k8/trial_233.json,511,,df4a1e4a8e415042067ae8140e54b115abac735c3c830c12d4ac3b8aae721940
data/coalitions/k8/trial_234.json,511,,376afbb31dab04fc588ebee895dcfa3ccb1d6762a3f777b58723b1b459d4c0d3
data/coalitions/k8/trial_235.json,513,,1c4aa0a261fd37e7cde46e0cab071d4e196a4fb10235d34da99fb2cfb82b0dd6
data/coalitions/k8/trial_236.json,513,,5acf6e909d30b282944fb4b556d549138a9d2d669b5c0635ddfecec8081a9cb7
data/coalitions/k8/trial_237.json,512,,8d21ce220ab645578db6670b29f4c4ca845c602dea3a723b4d8988c2338d277d
data/coalitions/k8/trial_238.json,511,,7cbd17af971ae712e2999aeb8c17e6a7cce198ccf340a830eef519c577ded18a
data/coalitions/k8/trial_239.json,511,,d51b45c83d71fcb513346711b682c9ae69d570793dc76b4780d467703fe54d1c
data/coalitions/k8/trial_240.json,512,,e062eb1292373490dae5eddc2f749146fd956a4401c95ca8a6f5e792d57b9148
data/coalitions/k8/trial_241.json,513,,5f7f93eeba70e83e6d33f346c830b78da841813639c407c2a2e92cb389e583bd
data/coalitions/k8/trial_242.json,512,,cefdef2f39e1140ac90c0ce91e924126b65dc1026fa5b6051f3962f21772170e
data/coalitions/k8/trial_243.json,510,,f36284747a76f13f3578fbb83225596df2c65468928e2e95b0f3b6bb7383c088
data/coalitions/k8/trial_244.json,513,,4be5ccacbcb5291c868cc50c53022079f17b8239f87789db50f7ea2f7f7e9544
data/coalitions/k8/trial_245.json,510,,e10256849ccaccce1a8cecc4a47a17e6cccaf314a00ec12acc50b74239f2bd19
data/coalitions/k8/trial_246.json,506,,df67aa404a3180761662e16919e48e854487795f7aa27e6facb018ec1ea71ad6
data/coalitions/k8/trial_247.json,505,,d6ed9da8802099c662c98a2a7c3a4911ba87c574410c2f1d239849c0a2f05a35
data/coalitions/k8/trial_248.json,507,,b51c6a3c2571ed73c123cfc27c6a924d836e64405de7803afef94bf74776b26b
data/coalitions/k8/trial_249.json,511,,88cf0eff45bb8755bf6edc098c2c1f7289f667351e8803850aedf69022678c44
data/coalitions/k8/trial_250.json,511,,19b20cdc18e6470b2173bcb023a2b3570626c57fd88a21b28e3a9808c1b6c337
data/coalitions/k8/trial_251.json,513,,51868ee1522a18bdd9a417c90d0105ac249ca18930b985ec8a7d98586d28d816
data/coalitions/k8/trial_252.json,508,,ed337d84d999ab6087005f2b85c630fadb6b3b23f7829e1d975a795db616860e
data/coalitions/k8/trial_253.json,509,,b4c3b676ea37ab057ad572220013fa36fb270732ec4e40d3a718bbf8a0d0aeb1
data/coalitions/k8/trial_254.json,506,,b0ad12077a14614b701b05fb4c54a113be04d70241f5113f3a600d79dd89b0b0
data/coalitions/k8/trial_255.json,513,,fea7972b33ccc6719b905ba2eecff4c7d3e935a1ad70b30163e023a4174499f2
data/coalitions/k8/trial_256.json,512,,849ba5b2de02de75dd57d6ebf59f83aef80429f56497f104e05d577c083fe359
data/coalitions/k8/trial_257.json,512,,76dacb795ef1573db58adbe076c78eba801f68e91e94505092a74875d1310152
data/coalitions/k8/trial_258.json,512,,bc20a052f958775d0494195ab0f72355aff5b9f6b7fc6667142691102ccc3234
data/coalitions/k8/trial_259.json,510,,3adf1d553eea5f38704c75c51a52c72da1689a05b2aba37a2d2865fe261674e7
data/coalitions/k8/trial_260.json,511,,db6a4d42ec5776647325541a56e365421a4516ec0c712356a97e6c1c10f8af18
data/coalitions/k8/trial_261.json,509,,79f15804655a33c850121e9284300e95c6538ef317f46404a7a80c659031c8d7
data/coalitions/k8/trial_262.json,509,,324ac49a114f82a4707e3c107d1eb9e4fe55abf629f9f0ccb2f75bd8927348fa
data/coalitions/k8/trial_263.json,508,,d39dcf088811ecf69e954658989e6b09bfc7434f7812df7f6198f98bf67b3222
data/coalitions/k8/trial_264.json,513,,c0446b2d2cd849c8ad42e2a77807988ba0cdade442b8fc989e5b931c887e125b
data/coalitions/k8/trial_265.json,511,,3688342795a85c6baaf8498ab8c659aec587253a176bcde3db09abbd9c24598e
data/coalitions/k8/trial_266.json,512,,0c70400148ef8a391f4cbdacb68e4bc01dafde5a74f23994afffdd49189a4788
data/coalitions/k8/trial_267.json,508,,53ddfb1e59dbc3b112abdf5ae67f46558215526eafa0880a67595605c83d08fd
data/coalitions/k8/trial_268.json,509,,88210b78732632b064fa190c8a2bf3e23f8c1588c3801d77534f97bde89d0d6f
data/coalitions/k8/trial_269.json,510,,0ed515f8c3c65766db9347d0895e8a7457f102691d1a83c08000136c7ee544c3
data/coalitions/k8/trial_270.json,512,,9b48f62935ca39a99a431485317fcfd0fc93f3403659b62a5e2759ba35cf4253
data/coalitions/k8/trial_271.json,513,,4eced7719e43425430f8206e74797c432c2689f6b84bf4566c92c9ea077fc6e7
data/coalitions/k8/trial_272.json,511,,dbb82075c353a5d8e74d18d85bb7b67aef3464345569201b5a7ac32b64898093
data/coalitions/k8/trial_273.json,512,,cf453396056737a419dff12d5c89ea50d28640eeea3f49d49c732c482e5a5da6
data/coalitions/k8/trial_274.json,510,,7137908c9ef49760f9b415abfda85ea3937f9651e91e20077564cdbaa34ef756
data/coalitions/k8/trial_275.json,512,,6904023e254a1a84e86706c362eb4a68c188547afb2fda6f29acc4eb683fc3d8
data/coalitions/k8/trial_276.json,510,,e558d1f08448c1181c7f0aebaaf3caeac96760cb40024bc70cbd3d8266aada01
data/coalitions/k8/trial_277.json,510,,b968f08e88391a1489f6caaffaef3ab30b749b2026391a977c906697fb1f5832
data/coalitions/k8/trial_278.json,508,,4b6a9d2467fe9f985b90d3bae0657e072d318bf5cc5c13c3fbb21746446605d0
data/coalitions/k8/trial_279.json,511,,d4681d99f0318f26f4a9f074b931d600b811a64136c32db273cf2a03041e7598
data/coalitions/k8/trial_280.json,512,,58528190a08aa5305062327b2f4e0589ae2432a6be1265a6d6186b14fe6c43d5
data/coalitions/k8/trial_281.json,513,,86ec9c078598c1240fce6e03161f31778ca5dc27802d3819771dacc1e3700822
data/coalitions/k8/trial_282.json,508,,8cc86c7e8f4bf99395c5525984ee771ace102385de79c649750f242c3421e695
data/coalitions/k8/trial_283.json,507,,7fb36fd766155b65281eec8acd5fdb3f2d7701d14d18bec3b6052209bbe97ef4
data/coalitions/k8/trial_284.json,508,,e2a29ebc30d2928edf0bdad54d22ec2122693c94773c55b32b66a5cf1af684fa
data/coalitions/k8/trial_285.json,511,,56fe22cb5e51927ecb5e38ebbc9b8962c3417bcbcda310058a79b579dbe193cb
data/coalitions/k8/trial_286.json,512,,8e019f0c7ed3bde37e8d3c1cf3080d4f3d0b89cb85a45e6f78decf8ae3138e2a
data/coalitions/k8/trial_287.json,512,,1ff6b95d608c8be024cdb35184879e20ac460f19051f54414faad066a541ff64
data/coalitions/k8/trial_288.json,513,,2935fb42ded4fcc3fcbb85712b58ac9b93b2bb51d46d1bd7fcd6412c5293a1cf
data/coalitions/k8/trial_289.json,513,,f832ab3e35c6504b1f2346a269f56f3e0dd7c17b10b9b57c45f4eb6486548d59
data/coalitions/k8/trial_290.json,513,,a03558bac46ece24e4d3583654df535f06fb3573a7a0c0b0fdad670520c7fcbf
data/coalitions/k8/trial_291.json,512,,f252377f9230cf810b979ec757ca9a9b4a029864b087cb0fc624c417d7cca862
data/coalitions/k8/trial_292.json,512,,bbed023258b2d32273e36cbbdfc91483bdf8705b0dd934d507763909ab681306
data/coalitions/k8/trial_293.json,511,,6ed0a71a78c4d08a6a6cd33680385a9a50ca79de89f757b973849429bd63efee
data/coalitions/k8/trial_294.json,512,,4be9a3861b9c0dbe49136f66a6c73c11b81e6d3e4a2b710de96e0c2c1879767b
data/coalitions/k8/trial_295.json,512,,a0aaebe1fffeeea8aabea8eaaed6e7cd9468d499f73dca947cade273bcc8b4ab
data/coalitions/k8/trial_296.json,512,,496c786c05a819eaf1d4a9c5300aae20ecda086d29719c825f3ef86065b03f54
data/coalitions/k8/trial_297.json,510,,90699a63ca6cd04d8e5066d66c05c496d3be728bcc4663fd6023d21b64562487
data/coalitions/k8/trial_298.json,509,,b83fc3c9529c4a93dacdae513654bf2887a50b1403fea639571b9dbabdc3dc02
data/coalitions/k8/trial_299.json,510,,20c8dd93d734e45e6ffa8d4622aa79d9fac570275f078a1d3312f98baee706f7
data/targets/target_bit_margin/k5/trial_000.json,2605,,ac7c7757ac9a0a48d24ace212c9eb2a3b7119e7761fd50acefb59ce0b321af35
data/targets/target_bit_margin/k5/trial_001.json,2595,,b58a5bd9f0dadcccb73fa0486bb8901adbab3078963532eabfab4da3bc4f704a
data/targets/target_bit_margin/k5/trial_002.json,2598,,870126f11ca9d06d064447259cc0e7f2f36ce82761ad4ad0825d92882db05b1c
data/targets/target_bit_margin/k5/trial_003.json,2605,,d1050ed7d9bd9e73305890d235bb620c725dee23635eadfbce52745b4c6c6888
data/targets/target_bit_margin/k5/trial_004.json,2612,,d3a4026b59d728f45d848767a27e19fbf2ae079c54b117bfb15840ae36df1646
data/targets/target_bit_margin/k5/trial_005.json,2588,,2e86d31fa906d05e0a85b5dce1e654c973f5496d7c5500eecde19be74d2c7aeb
data/targets/target_bit_margin/k5/trial_006.json,2596,,465fdf377307e81e7c42a431f59e2575e3607bf27aad6524721a807e8969dfff
data/targets/target_bit_margin/k5/trial_007.json,2607,,b0afa08040d66f54f76dd512b51a87af5103b88a96ee8cd258446611e61704e3
data/targets/target_bit_margin/k5/trial_008.json,2609,,75b0d092dc11e456ae0ed9f5d7633d325b940abfc73c746d51bbda1d67e184ee
data/targets/target_bit_margin/k5/trial_009.json,2592,,72f77861d5ffe554950b6c3ced468095aa4ef8c53287c100a47aa8d4686ba6da
data/targets/target_bit_margin/k5/trial_010.json,2594,,6f38ed45e62166235772720a6eb25d31e438e395a87d36661a2dc3543e441544
data/targets/target_bit_margin/k5/trial_011.json,2597,,42d05975d6ab50d85de2128508ed52a172cb4cb2ae8b2a9267bc250b38f7f9a7
data/targets/target_bit_margin/k5/trial_012.json,2588,,55352b3c1e55b90988e44765caeae42c109e5bfcecb8fcb95766b025d489182b
data/targets/target_bit_margin/k5/trial_013.json,2585,,e4c8291c1b8cd9180e0234605418beee1128c71797d3e772497889113e43ba10
data/targets/target_bit_margin/k5/trial_014.json,2594,,8f346b1166270b9aa1f0013fa9e9156fa3fefaa0e348b9ad0275c15a0a4087e2
data/targets/target_bit_margin/k5/trial_015.json,2601,,25703ad5a5779e61f22bc4f81c29773e33059157f582482e1b8f750dcbac77a3
data/targets/target_bit_margin/k5/trial_016.json,2597,,40813840331667d52f9dc9fffb60067277401f1d4252672dededd27acf12f3eb
data/targets/target_bit_margin/k5/trial_017.json,2606,,33a568046cbd06529ce72af82dc63bc9f35928b1dedad5f45feb2329eb63a850
data/targets/target_bit_margin/k5/trial_018.json,2591,,23d3f5ce91c53942434b83867edc86fe74d056473b9d8a0e82d4bfaaae66e975
data/targets/target_bit_margin/k5/trial_019.json,2598,,9d48a63a1b9e136b233013537500a358c2f36b2361f78fc218823c5e8166bb87
data/targets/target_bit_margin/k5/trial_020.json,2585,,8eb7976980a949019c162ce7d29d5c87b7bba3962982200a1cdadf4921adee74
data/targets/target_bit_margin/k5/trial_021.json,2604,,ef2e58702f52bfb2d494a4cdc032f0c3a4dd412b137845af817fd7fc07b113d9
data/targets/target_bit_margin/k5/trial_022.json,2600,,3638ed584b4b3b8cbe50578fd8d8e3f45f7e0d1b277706421109a3f43961de77
data/targets/target_bit_margin/k5/trial_023.json,2593,,608559cebc6cd91f8698fe5917d3df956361b8174a45aca9580bf3b35236c212
data/targets/target_bit_margin/k5/trial_024.json,2601,,d5ab95ddb610814db154fb1bedf4da9ceefa7bae87330462785019191ab97acb
data/targets/target_bit_margin/k5/trial_025.json,2578,,c9ec39f7eebd36fa85ab6b22a28707f8eafbc81166124a96760386d1027aec92
data/targets/target_bit_margin/k5/trial_026.json,2601,,fee105d6e8685fd9fb2f14d4389f9b6a2626b20fbe9bed70a7d700abdefdf3e8
data/targets/target_bit_margin/k5/trial_027.json,2600,,bb77fa4fe8ad85c2805bb49ae696e8a1ef685947915850d701a23c5a6c98beae
data/targets/target_bit_margin/k5/trial_028.json,2600,,f0ad0bdab574f908a25c404709b89ad0fcdbb948f4ae2d761f16a3f91348b85c
data/targets/target_bit_margin/k5/trial_029.json,2593,,6dd4cbcec97b0e519e9c514791141d84d9bcb90d56c07aa1e4c69df6ebb2d4d1
data/targets/target_bit_margin/k5/trial_030.json,2594,,b7b57bc8b5f86b73953f6567c6c47229f75866958f315dada4b7189e8c5f9be7
data/targets/target_bit_margin/k5/trial_031.json,2600,,eafb5ef74e1ebc8534f71a6f29d35198520db4b9aede2862c77746ef3fb44e5b
data/targets/target_bit_margin/k5/trial_032.json,2614,,6a52d60b7b3d3c1833fceac97f908db5c132acc35de73aeadc69cf7bf9555fe6
data/targets/target_bit_margin/k5/trial_033.json,2595,,0c46abf1d131fcaf7e780d58c2ece84e85b287584d1cd9cd42538c8c416ce68b
data/targets/target_bit_margin/k5/trial_034.json,2595,,e6dc4ee75c973485d872401f2dcf587d5acc6b394964db5a66dc9aab67da7163
data/targets/target_bit_margin/k5/trial_035.json,2605,,8f2eb93fcd86e48657681d7e34056a53ca17de68dcfaddc3b431849809316593
data/targets/target_bit_margin/k5/trial_036.json,2594,,630de10c295f29c59c6ceb68f63e92059b8c5b1909a2e459096933ad4736be3a
data/targets/target_bit_margin/k5/trial_037.json,2589,,68757bf13dc276dd2859862596e1c9f0225aeccbf01516de810edce45066fa44
data/targets/target_bit_margin/k5/trial_038.json,2592,,2d152cc96ae41336c395a009012a405e755a8ffa039ffd610f1cfeb11bf8cb7d
data/targets/target_bit_margin/k5/trial_039.json,2596,,4387d7c2dac5edebe8fb2932a2b6ccb12f7cfd479e6a3f29e52d2dec22c87905
data/targets/target_bit_margin/k5/trial_040.json,2612,,52fd6e7907424872a63bab72fd3931da0409ba1811d1284dde852b5190bffc84
data/targets/target_bit_margin/k5/trial_041.json,2600,,e73ea9b56f137ebea8ccf023f756cf5bc37d775685ef4ebe94f19489c7be9b6b
data/targets/target_bit_margin/k5/trial_042.json,2599,,12e74708cd2d1cd530448f96554e6983b8afd7d8ee19161dc7422016df5080da
data/targets/target_bit_margin/k5/trial_043.json,2599,,a641d4e199d983a73dc69ed5d46d8a669ba09526fb29856e02af21881e564aee
data/targets/target_bit_margin/k5/trial_044.json,2590,,ed60d75b340eb7d29b1c5bf0b1a04bf0e9485c81dfdae2e018851518fb42d24c
data/targets/target_bit_margin/k5/trial_045.json,2603,,e391c962a27a2ebeafcf32c8c6661002c84a6ed4bc3ad02a02779e5cb7166933
data/targets/target_bit_margin/k5/trial_046.json,2594,,e17a0bb074d2a7d477320f971c1f14042beb66f733e616868bc814c215dffdeb
data/targets/target_bit_margin/k5/trial_047.json,2589,,0e2fea84c01cafdda5fab339113352eee9fc934030e07c42f701398a780f2b5c
data/targets/target_bit_margin/k5/trial_048.json,2601,,665c6565f62e6e63295842fff4f584f07c479fd27b764aa403410336a5672cfa
data/targets/target_bit_margin/k5/trial_049.json,2587,,917f6f327ba76c5e7b09f64b1ca1053cc169041505b6a5a56e7d03ae97b89a87
data/targets/target_bit_margin/k5/trial_050.json,2596,,38660d8da55f2b014c23f01713e21007a9b541c1fbcf67c3fae3e9fc32a14559
data/targets/target_bit_margin/k5/trial_051.json,2595,,c999e5191933089db4f184764dd6b9135a2a10a4f3ba1e9c939b12be964521b1
data/targets/target_bit_margin/k5/trial_052.json,2596,,16ccb6fabd6526ad485233e2607067d2431696602cb4719c1f60ba7b6d7ef11e
data/targets/target_bit_margin/k5/trial_053.json,2609,,14d05cc9c11db290e76d50b9592e85e3bd298de3c7263269ea8a144463500d85
data/targets/target_bit_margin/k5/trial_054.json,2594,,01615e4db1e64af7ce4f235ec6a42dd6fddcc230b8f5028e26c250812fe736c8
data/targets/target_bit_margin/k5/trial_055.json,2594,,8d259bc4422108e2d36e10ab36894d96e045dbea3b09fa3b057ec10d2b4e7f6d
data/targets/target_bit_margin/k5/trial_056.json,2598,,9619c6afa24f29629b1a78e35ea49cf0bca3b8849c583c92ddfe647c5fbed55a
data/targets/target_bit_margin/k5/trial_057.json,2591,,484ddb7985d1bf6d3179a37fd26bcf19818d03b85d7958eb9857a318c41e3853
data/targets/target_bit_margin/k5/trial_058.json,2602,,c03dfa33f2ce3b27f744bc184b57b1dcfeb61d79ca86df934642151681ba9b61
data/targets/target_bit_margin/k5/trial_059.json,2589,,3d79c4a72f0a161164b1b5ef8d175f16da993261f22a7e38ab8213f1a8ba35c1
data/targets/target_bit_margin/k5/trial_060.json,2587,,6d9e22d5304f7a7592008fd94efe8a541370d43e790e4b74b2f8232e5965408a
data/targets/target_bit_margin/k5/trial_061.json,2606,,32df31ba60a7b497f386d3047a434c4ad65f9554570f23f6ae7ee5bd05ce4abb
data/targets/target_bit_margin/k5/trial_062.json,2594,,0d7bd911273c66c2424cd4dc78be697a5dcbc8b261f9dfb041e876500214810e
data/targets/target_bit_margin/k5/trial_063.json,2599,,f58c49e7b3ad147d52e4deca1e393db5160b172cbfbb818cfd50460b889b633d
data/targets/target_bit_margin/k5/trial_064.json,2594,,6aa3ab435d180445d548cb9aaaac393043baa42a629f4a87ab7e886d22b80c39
data/targets/target_bit_margin/k5/trial_065.json,2601,,4053dc37b4bf8093d86a42f22f2102157ff01d58beb36f3a0ad5013cb8922f2b
data/targets/target_bit_margin/k5/trial_066.json,2591,,b8e05f113eb652a3f5f9de66f585a1eaf5823872db7d696aeb40d24ed6190b16
data/targets/target_bit_margin/k5/trial_067.json,2587,,e5cfe165fd5c4fae77ed791aa2dc86b5106c6a4df089a2f0deeb4dccd97ef6a4
data/targets/target_bit_margin/k5/trial_068.json,2593,,49a563a68f09773a2cdd45e149670b86d564dc9e1197ba8295903aacb39b3352
data/targets/target_bit_margin/k5/trial_069.json,2588,,11f7ce41f0bfaec760b160776115523714f900eb24ad1fff81376fd8f6b49d03
data/targets/target_bit_margin/k5/trial_070.json,2602,,eb02c8c7af64e42da5561cf17670640049382ddb6c43bb23ffb1f40712a9f358
data/targets/target_bit_margin/k5/trial_071.json,2585,,2077b6bf1dcdc2fa8def48c56cd9a48577230e6ef663387bc7c70343b31250b6
data/targets/target_bit_margin/k5/trial_072.json,2607,,509b81593ef9c7ce62989fb90e38a67ff4d67cb918abfc74e293f6cc64728f24
data/targets/target_bit_margin/k5/trial_073.json,2598,,dbbb0537502cb32a181006f930af0d19d7ad207d44ef3b54cb04214556b9bcb3
data/targets/target_bit_margin/k5/trial_074.json,2612,,1b0018591a829fbe64b95d49e6c84f5ef82510d68206fdd2358f51728c47952d
data/targets/target_bit_margin/k5/trial_075.json,2599,,bc559d14ecaa5fccd055e50266f6337f5b22a01603ac3ccd51c7f3aed91ed5dd
data/targets/target_bit_margin/k5/trial_076.json,2586,,4414912633ce27e933509bf2d9a3c3b82a263c7ed4b704a1073e64f95e8bdc13
data/targets/target_bit_margin/k5/trial_077.json,2615,,3a1d23dfa1b7b80c18ec52b526dd20d7c317e4f0d0bc0e5cecab550bf6c8a186
data/targets/target_bit_margin/k5/trial_078.json,2592,,d9898550b23fb7b31b62a53cec8279992cf1ad156543a4836323ef56fced4011
data/targets/target_bit_margin/k5/trial_079.json,2601,,4f22b8128247add618c3fca08c6094e618546472250a6d7244f1b6ede5d701c7
data/targets/target_bit_margin/k5/trial_080.json,2578,,79e7bb76a4c8fdcad6831156a8bcebd75e67fc9288384dc5a255cc0cf05b60e0
data/targets/target_bit_margin/k5/trial_081.json,2593,,5b3e2867b17bbf8ee3cb563013e9833ef69bfe27f727abdf897384becd820b49
data/targets/target_bit_margin/k5/trial_082.json,2594,,aa2ee035d85f52dc74cf1561ee2c43bfb6f3d2e77b4e6f80ccac429ee59734f0
data/targets/target_bit_margin/k5/trial_083.json,2600,,21efa554cb94205661e4d6f53cd53eb98d3ab94de0ecfc2f0f60826c05f75538
data/targets/target_bit_margin/k5/trial_084.json,2597,,862efbc6fc61e5bfb86b951f4db9f7c77c185c3c1a27c3afa0f9e6c9ab6e884f
data/targets/target_bit_margin/k5/trial_085.json,2591,,d914bc07208cdc5f99687e3caf0694e5ed17ca14fdaaca292e0546691c8be312
data/targets/target_bit_margin/k5/trial_086.json,2598,,68213d57de791c604befcc73a5e9ee314cc8035a735c7d65f1da59ec6c48ee09
data/targets/target_bit_margin/k5/trial_087.json,2593,,f589c03b2921ea618eff3349b30858cef377890eca6b93847e5a8fa14dc828d0
data/targets/target_bit_margin/k5/trial_088.json,2582,,15676dd0c55ad44a03ec12ba66704f2c56bef6ce8a57d8c28cd2e31640b0dcaa
data/targets/target_bit_margin/k5/trial_089.json,2591,,d469ad0d4462779097fdcfda28ad1491c4b08c75a968c8d07c562f01ea698492
data/targets/target_bit_margin/k5/trial_090.json,2605,,e98352ce4463d25be4e4355045e386708b3a1c6514a89593f43411e6be766150
data/targets/target_bit_margin/k5/trial_091.json,2601,,8d7841f0d7e2f2fd15ef68633ea7f0515bbbf8dc3fa48ef385d0015d3501e79f
data/targets/target_bit_margin/k5/trial_092.json,2598,,d82882df7325c386759aba51a767db6fa7056921f41260581e2cad6f4047190b
data/targets/target_bit_margin/k5/trial_093.json,2598,,6b6a964a45f1de740aa0c06038fbfdf5e0b1d16a315d434ba0861fbbf0d4e6bf
data/targets/target_bit_margin/k5/trial_094.json,2600,,bb4f7cde3a7b9acdb42ee69e45ca6144b3508dd7259ff5f2271c650d3d2c03bc
data/targets/target_bit_margin/k5/trial_095.json,2592,,19601919ff1d24a2e955d26f4bb46ec4d5692fa2789774b0ae70670d56d7aced
data/targets/target_bit_margin/k5/trial_096.json,2601,,bd9bea721b85fb3e7369086262a2dad684be572ef8c57dc67e918de52767d097
data/targets/target_bit_margin/k5/trial_097.json,2603,,d3fe1f8a112d7d1d3c64327338d9ee5c26ab92805404dd0214749a8ea51f7802
data/targets/target_bit_margin/k5/trial_098.json,2595,,7100dcc1a0ca3a9ccb63fe35b2438063bb5c8217f7817b4509049a9648eb561b
data/targets/target_bit_margin/k5/trial_099.json,2602,,4c74ce39af2f67550203cbf5cc3a37d7ced4f468e51248795428e03f82b72575
data/targets/target_bit_margin/k5/trial_100.json,2594,,8e370f585e16408dddd2781fbcff9a8d840621ad4835ae233f7023448c85cad8
data/targets/target_bit_margin/k5/trial_101.json,2589,,39e5a33f151bb318d0a687b911e996896cbd44f9cf1a9d3ea637783192097b81
data/targets/target_bit_margin/k5/trial_102.json,2595,,c49b1bc3cecca08c9e357adbae1118d6a239ab9be4c2d1e1dc06c021c11555c6
data/targets/target_bit_margin/k5/trial_103.json,2600,,e11a2478e00731dc21a5df0b6bca672447cf5eb346a80586b989ca238e04c69a
data/targets/target_bit_margin/k5/trial_104.json,2602,,8c010adbf5feb6556f86d1a1d3c66fc8e2522adb82a63ebac130354c6a4055c1
data/targets/target_bit_margin/k5/trial_105.json,2596,,6d89d961c51f23f9d859f579df91b54d849a87c25de0f76e3819371d5560306e
data/targets/target_bit_margin/k5/trial_106.json,2589,,d0442ab50a3c28ad74e741e1591081ed26748ac2a872dc13f665552ffbd1c058
data/targets/target_bit_margin/k5/trial_107.json,2588,,6aad7cc2ff575cdd155679f865e16b63438021e244ae053791591166b782b210
data/targets/target_bit_margin/k5/trial_108.json,2592,,8f05bce47c02aafd62f508f5f08eedb5e97f951f915850f994826d28d0e5d16d
data/targets/target_bit_margin/k5/trial_109.json,2602,,036e79620f24b71b8ad8edc27a0ea060c4cc60b3fbd0d041103d7679a629e48b
data/targets/target_bit_margin/k5/trial_110.json,2591,,2a3f9526fccfc363dc7193262b09a886c4b79354644b042739cfa5c349525cda
data/targets/target_bit_margin/k5/trial_111.json,2586,,22993ac2d4f7de662a1b663fe0c6ab461d4c37e3742e8a38efa0c885dfd7200b
data/targets/target_bit_margin/k5/trial_112.json,2593,,a7ccd05972b311429847cd2cfcbe6900a4c1491a8296039486adbcb921360874
data/targets/target_bit_margin/k5/trial_113.json,2583,,fba47b69506f62c8daf835c56ff44ecce6505a9ab5698270341aec0029963c6e
data/targets/target_bit_margin/k5/trial_114.json,2606,,a8724de67fa273bfbe3db5e6025ecaf441d7ade3d12276b07167a26089760be4
data/targets/target_bit_margin/k5/trial_115.json,2614,,0ddd1e85c9e4cba31873fdeba58c4f3648a51b81196e13fce657de25745f6be9
data/targets/target_bit_margin/k5/trial_116.json,2586,,6248876dc1f695fa43ff771584176abb5c69fac77917f588ee194dba9ebe90ea
data/targets/target_bit_margin/k5/trial_117.json,2602,,92b7fa46038787992edba2e72c7447e7eb2528b982c305b4b390fdd22beb085d
data/targets/target_bit_margin/k5/trial_118.json,2604,,729aa795fe4927feb0209e3a25d69ca209b21c9013562ce380b12f52d84ca698
data/targets/target_bit_margin/k5/trial_119.json,2591,,9038b0f55cb0f6a51f4e88c676744c0bff51c5fe94e18ea8e8217c0038bbb013
data/targets/target_bit_margin/k5/trial_120.json,2597,,c1e2b76434d5c41b6830f91a72e620d04fa7f787b1de22eaf0d837442e03434d
data/targets/target_bit_margin/k5/trial_121.json,2591,,31cd110197523af719227d63a14a92d469e0b46ba1f0200d0788f1b296e501ac
data/targets/target_bit_margin/k5/trial_122.json,2595,,771428708c7e7cf679fa248fd2a30f86130a9c54c3c4d296eb29f661bdc7a4a9
data/targets/target_bit_margin/k5/trial_123.json,2596,,31e1702d0db7a0ed7fe5233717cb0774a65533ac4ac17169bbbb1aa4144194ed
data/targets/target_bit_margin/k5/trial_124.json,2605,,5ddfb5ecdf8b7f35dcb8cea67c4fba236742fc7fa7e8dbce7d4e0c9dfe11611d
data/targets/target_bit_margin/k5/trial_125.json,2603,,f68eb451a9d3dc8a5a2cb81db83e9265459005f7b1b8b0c35c4432fb585d9bf8
data/targets/target_bit_margin/k5/trial_126.json,2604,,72759d00d493e77ede0172eaa8ff4fd38adfedafeae29171bc17f69f42936157
data/targets/target_bit_margin/k5/trial_127.json,2604,,dd5e0c97c2cbadcf1eaa5863a8d5e0601e3920e07d3b054ce160935a9c8fa2d9
data/targets/target_bit_margin/k5/trial_128.json,2599,,0177855957174181e4ef49b335889649aca5d5b12a021180c0980024feb8168f
data/targets/target_bit_margin/k5/trial_129.json,2601,,b6edcd2a177194311a3870ead553467c8001a3a8f7a396d89316b51482461652
data/targets/target_bit_margin/k5/trial_130.json,2599,,2b554586ba53f9345488100b5dd6b41ab27b15d74b02feba1fda60704f84f50a
data/targets/target_bit_margin/k5/trial_131.json,2582,,c73fd312da4ac10d2f7b01c6c937554727808dc913c1cc26dfe9d94466f3366a
data/targets/target_bit_margin/k5/trial_132.json,2591,,88f8472a25e204dc0091e444081a02496578d164299704106673daa7038a993f
data/targets/target_bit_margin/k5/trial_133.json,2597,,f0a2fbe935b41a357aa69fbcbcc936839f17bd2233f1d442cdd205cda583d061
data/targets/target_bit_margin/k5/trial_134.json,2600,,89cf49dc0be6d20471c1da093dee53ef3f8dbc188c5c28a9ef15adb8f8e59c93
data/targets/target_bit_margin/k5/trial_135.json,2583,,f9cfa759b04d92f4e52613ef7c28049c6594740872a3d81cb8d5ca03f3c126ac
data/targets/target_bit_margin/k5/trial_136.json,2609,,5239efe2f5c0df3627a6b5e58de7e5dfef3708313025b3544dc681ad5a29446a
data/targets/target_bit_margin/k5/trial_137.json,2582,,0d8bee21859224078629465b807dcaa552ba62f809871dc3a6d2d7985aa2052e
data/targets/target_bit_margin/k5/trial_138.json,2593,,653069a143b28c0ca6126dd35148e9c5e35b4ab825b40c34de832b2baa00cd59
data/targets/target_bit_margin/k5/trial_139.json,2588,,663e1e334484c900d891b577da83b8d877ba5303faa902ce5102d76e29c3b007
data/targets/target_bit_margin/k5/trial_140.json,2598,,329f29814623576dae6874d92847b489ad74368d932883be092049cb2b2e63d8
data/targets/target_bit_margin/k5/trial_141.json,2612,,368dfac8c0932e0d9b9b0cbb0f74edae6fd50cc46e3671bc125bdba76b21814b
data/targets/target_bit_margin/k5/trial_142.json,2592,,3f4d898025eadb2a5a42cd470e888fb0292b4d7118489f216109596b5c6aaedd
data/targets/target_bit_margin/k5/trial_143.json,2600,,4b1ff8daca1d7ea8ba61af1af0979aadf5121de08d358fd359993e4dc0afb21d
data/targets/target_bit_margin/k5/trial_144.json,2603,,e5cad524e302656b30099d0d51b58c79458b375f266c7fd9c1bd82fb044ad6dc
data/targets/target_bit_margin/k5/trial_145.json,2587,,d380443c15e2ec97db442e76f43df6ea7022b174d7694d5acd8f602a750aae05
data/targets/target_bit_margin/k5/trial_146.json,2589,,4c3ed28820324835001b4416a04d178477741e710fc1f21c55825e984e2981ea
data/targets/target_bit_margin/k5/trial_147.json,2611,,00c1241ad2f7927aeba0b484b9c6ab2042d029385d51315d87eee46904bd2062
data/targets/target_bit_margin/k5/trial_148.json,2602,,54f370439b9664dd53484e3849bc6d43439565e1bc5b23cdefc36837d4288672
data/targets/target_bit_margin/k5/trial_149.json,2590,,aac5220dac8a54f2568633d048c184ae29d6c06d4ac7fe8d66d095ed316ce77a
data/targets/target_bit_margin/k5/trial_150.json,2596,,a16430f8309d1801b26aac6e1241dc87582f86ae6da813eafa45528488c40602
data/targets/target_bit_margin/k5/trial_151.json,2592,,d0c7cfff9a034e32dfb87dec4bc7268a6fe25bc1eb8d549c162b69ce1735d13d
data/targets/target_bit_margin/k5/trial_152.json,2596,,56a399b4cdbdfc8b50a8a8b74367311a1146b6f01228ea55dd25da263b71c8c2
data/targets/target_bit_margin/k5/trial_153.json,2587,,b2faf5aebdeb0272727bccc1f7f749fb2d92f3a83315b5fef540585b3d38fbd7
data/targets/target_bit_margin/k5/trial_154.json,2595,,7efcef5a42aa866f0a8e7db6601bde1675b0018c6c7ab588a8083e512928a3b2
data/targets/target_bit_margin/k5/trial_155.json,2600,,d56f69b36720b0edf8f1de69b309a16a8c57d0bbc61993d592b52f9db355994c
data/targets/target_bit_margin/k5/trial_156.json,2589,,63e376142428a9973eaea2f4d10198cd8fee77a88cd852dea1c32554d9d7a800
data/targets/target_bit_margin/k5/trial_157.json,2589,,f0fda8fa53adb4102ae8f281e62c44581b2c3ad09ae15d1f2708dd83ce9f9e2f
data/targets/target_bit_margin/k5/trial_158.json,2597,,8b319c743280f82bdad3f203c40ab6dc1607662501fe7a1cfc12163bb9cb54d0
data/targets/target_bit_margin/k5/trial_159.json,2610,,4cd256a8f1f49b97b5f38b7c89876e21cfc5d4410aec10f408c97cdc22c1ba92
data/targets/target_bit_margin/k5/trial_160.json,2614,,62227f3c8c670f4ee306338af28e7135df7b951bb153621e64ef37a55efe9005
data/targets/target_bit_margin/k5/trial_161.json,2604,,8e9ee661109ebfb4dc8702355fe288394eb9a7e96475eb11fea4a49b3db16ee1
data/targets/target_bit_margin/k5/trial_162.json,2597,,8f8aa848e11a8704b355472e466751eb983629b3e1ce20d58799c404407f4572
data/targets/target_bit_margin/k5/trial_163.json,2587,,21e4aec065ff5f6401baaeb922564ba05901f78f8c1f81273d8a52478eb9eb75
data/targets/target_bit_margin/k5/trial_164.json,2603,,efa1d7c43e957cc56f1fe9d01adfbea7652e0a4c895688f4df21461eb76c5f1f
data/targets/target_bit_margin/k5/trial_165.json,2594,,17895183f417de1b80428ecf36ceaf4c22cd0fa092d17d239bd9d8885aed9df3
data/targets/target_bit_margin/k5/trial_166.json,2613,,cc1a7aa308f4472bbaa6f98d76d36302df188de7c5808efbbb74b60eeebbb495
data/targets/target_bit_margin/k5/trial_167.json,2591,,4926b0a2b133ae401914d1967e15297e3a9f8b257db9555a7008e2bbef7241ae
data/targets/target_bit_margin/k5/trial_168.json,2600,,8735d1c8b8b827c9a4ef2a9f3159821d4befb640ccb931c8ea05074386d96bb6
data/targets/target_bit_margin/k5/trial_169.json,2597,,3bbb6b306708fb8ffc30fc54d7b5905530215f1cb5909653368a210114587415
data/targets/target_bit_margin/k5/trial_170.json,2601,,b8ebab02ea58c3abf5117589eeca2172d750220240b45800928aa6222854669e
data/targets/target_bit_margin/k5/trial_171.json,2596,,c96000518ec5872c60389100c89ddc64c89c87596a6c895e671574da0bb1a2b3
data/targets/target_bit_margin/k5/trial_172.json,2601,,428ffdd2316123804feab422f828b57c96b2265486e08feb8ea9920e672263f8
data/targets/target_bit_margin/k5/trial_173.json,2593,,f5e7224e9b24f069ff64fe082b72eb4b8d100f35028da5858b9f845b30ac7ebf
data/targets/target_bit_margin/k5/trial_174.json,2612,,dfa025169634d5e18c40c724620698f5160bc1ffc8e2bc8339d1ac61adb00cac
data/targets/target_bit_margin/k5/trial_175.json,2596,,3fd06c34d529881c8aab1644098c053e7827c10b78e74e5047948c983a52da91
data/targets/target_bit_margin/k5/trial_176.json,2599,,70b0f661924f1601f723da6667ba5d50049461e4326bd68b3474ef4fb18b2336
data/targets/target_bit_margin/k5/trial_177.json,2605,,6e98fa2faf5c2f4451a860135cc249805cc6d645dc2bd32312b04c818302eb2f
data/targets/target_bit_margin/k5/trial_178.json,2606,,5ce1edc0def22ebd616ac983b36516015c21e001dd18cd03a22b678b3efa6d4b
data/targets/target_bit_margin/k5/trial_179.json,2598,,77b5bb647fc2fb8cd8aeeada00eebb0acc6e57605cf9618a165231f7f3d202e7
data/targets/target_bit_margin/k5/trial_180.json,2595,,7ac02d0ef449dfde4b56f723986acef05dbb7b0b420246935e9f5613a8be6970
data/targets/target_bit_margin/k5/trial_181.json,2581,,c9f7505209f1a365384f112111fcae93ad91d0e7a35c1c6d4cca74f418320140
data/targets/target_bit_margin/k5/trial_182.json,2568,,b49aaa52891a31c8b1c5f372c7057277c5c36f347ea9672a8a515d99bd6aed04
data/targets/target_bit_margin/k5/trial_183.json,2596,,94bcaa7f434df4c9a70e21deef6201024e365fc262d0d2f7173a91fc217192a2
data/targets/target_bit_margin/k5/trial_184.json,2590,,22afe2b7d5514bc20328fbb73bfe35bb7ed5bcd0257113673c2d16c50cbffdd1
data/targets/target_bit_margin/k5/trial_185.json,2594,,9d200edeeeb0196be46c822f358a74fa112888052376f5f3bf4c1c826964542a
data/targets/target_bit_margin/k5/trial_186.json,2603,,65adf50c294d9f7807ffa5a6408035e42a1b6ee2a3bd9f4cdb8e5796bc96ea45
data/targets/target_bit_margin/k5/trial_187.json,2604,,fbfd234578a8ecb34553485fece98304c5de236a959850180e276d76612c61bf
data/targets/target_bit_margin/k5/trial_188.json,2595,,5c0951ea59db78a3521434ea03a757ace5d45b4da6d46d141159ee5ab9a0864e
data/targets/target_bit_margin/k5/trial_189.json,2588,,32c5d567ebc3dbc241b00f6328236f264d7c82f656952aeb827f169363786e37
data/targets/target_bit_margin/k5/trial_190.json,2589,,8e1bd3f732f97ae3ebb9bcfb3b066dd6dd17bcfc7eef51a002e32e5cec4a7e05
data/targets/target_bit_margin/k5/trial_191.json,2591,,9e42770b80cdcc59aa284a9644e50e6c08b1956bfe8e4c4020c6c5d97fb3f52a
data/targets/target_bit_margin/k5/trial_192.json,2601,,fec1ea1178125c48768bd58149fde03212935eeffd466bd69fd3037028409c9e
data/targets/target_bit_margin/k5/trial_193.json,2597,,c5a0a685a219bc850783112cb9ecfa5516bfae82b5f23bb789a1a7b58ff67370
data/targets/target_bit_margin/k5/trial_194.json,2600,,de80b8e05f85eeab09754ce19784f82c30ff44b945d3d4e224ee8f4942f05c66
data/targets/target_bit_margin/k5/trial_195.json,2597,,0cf211af02015635020a14d819965ae70039bdf24633f318f8b7b3209592bfa0
data/targets/target_bit_margin/k5/trial_196.json,2596,,121862228c90f94e8db43c8c4b792f416537e5ee496502c3a05e9af869d2013e
data/targets/target_bit_margin/k5/trial_197.json,2599,,edf57ef46bf259680b6d7dc53ac6f08dbca4e0eabac444abc5c4f1c6a78a51ac
data/targets/target_bit_margin/k5/trial_198.json,2606,,36f4c2e0a1f9015b4661ddeffc8404025d5ec1690b4a256161871db87ebf0e52
data/targets/target_bit_margin/k5/trial_199.json,2588,,8b4b3eb4d0b5f7d917815be0cf3530b18eadbc389cf2c2cd265eb916f629d8f4
data/targets/target_bit_margin/k5/trial_200.json,2591,,e5a0cfb851a5ebc6d07cb65cb6c20f30ed1714b630fc2f287a1a6d699909d15e
data/targets/target_bit_margin/k5/trial_201.json,2596,,4001e901107d6afad49485377b5d843384a1e16dd7e8c7ef01570103b134d5d1
data/targets/target_bit_margin/k5/trial_202.json,2604,,26175e91face7b5cbc5fbe49a70b98cca5a4362447d4032a43a507d554cb000b
data/targets/target_bit_margin/k5/trial_203.json,2602,,8755eb0aaa344939403e3db1894cda214fb5a1676f690e8767ce1d90a97a3431
data/targets/target_bit_margin/k5/trial_204.json,2591,,71bccbf82116f23288e316c4967325bd3d20f848d67de3a4a51cc5b8555210c7
data/targets/target_bit_margin/k5/trial_205.json,2599,,efbf504690241e730bc739804ce4f9838a8d6d9fb038bd208e6d1a09dedfdd45
data/targets/target_bit_margin/k5/trial_206.json,2592,,73e7481e5b440fd711758a4874cb64aa9a9090faa02e7b4b6d7fdebc1b8770bd
data/targets/target_bit_margin/k5/trial_207.json,2601,,ff942fc6e939f5de0ecb4923ccc28f7b4ae014c038f7a558a7dc2a302d78dacd
data/targets/target_bit_margin/k5/trial_208.json,2591,,972dc87f4dbf8fcbc534a06e1dce4c061df6853a0e4bd571325511fc700a9fe7
data/targets/target_bit_margin/k5/trial_209.json,2604,,60adda573895e3c39f623e87053fce88e2b415205d11a8881332a9a04e4a1796
data/targets/target_bit_margin/k5/trial_210.json,2591,,fade809ee23f589ae0b621407c1210abe29a757bf13782ad58e12ee934e0d8e5
data/targets/target_bit_margin/k5/trial_211.json,2595,,77707d645ffe22122c5b6eb25632c31baf672ce56ff87644ebc4dbe3a9aa45d5
data/targets/target_bit_margin/k5/trial_212.json,2594,,5b034de1f58bd57cc273b5d6cc901eb806ad61b1eb92dfc9c8eadf4da19a5cb0
data/targets/target_bit_margin/k5/trial_213.json,2600,,0a0eab1a6698cfe897b84fcc2fbc35a11f9cd8929e155249538a3d52da392a6c
data/targets/target_bit_margin/k5/trial_214.json,2607,,f51a6f18d1b8f020890ca48569941672f9c05961220e35e62433eddf59308c39
data/targets/target_bit_margin/k5/trial_215.json,2600,,5172617dbcfb0c9fef1239ad43c8aac09814c05cec7e87e461e1d71e1784895a
data/targets/target_bit_margin/k5/trial_216.json,2599,,662054d5017b17b7a09db478d16a9e66681ccf9cb7a207ad703aae7e3a740783
data/targets/target_bit_margin/k5/trial_217.json,2602,,f4610613d89fb1b5f0b078fee996adef718bf361d327d29a96e759c2d8b15a87
data/targets/target_bit_margin/k5/trial_218.json,2596,,750572aeebef48ffb9dc8471421c04847efe795824645904abc266fda4128dbd
data/targets/target_bit_margin/k5/trial_219.json,2600,,e9cf701d2cc8e4d84dd2aea1f69fbd12a6f6beb8716615f443d9ca1703c9b368
data/targets/target_bit_margin/k5/trial_220.json,2587,,4dac06e3b5d3fa572cfda639aa6f802ef4457f2a5740033533b8c5ef9ba8c117
data/targets/target_bit_margin/k5/trial_221.json,2596,,05065360765919385deac1dd079510a58ef0f294b42a30e438e3465429e55a41
data/targets/target_bit_margin/k5/trial_222.json,2596,,be11012056da1e36180dda4d0a599ec837a7891468c06ccd1f2f4bf69ef01266
data/targets/target_bit_margin/k5/trial_223.json,2596,,cb39677ac6730fbdf034041fca50a27a1c5245fb5f024a6521d1e406fd776c91
data/targets/target_bit_margin/k5/trial_224.json,2605,,733c604e49b2cc7099b7c03fa0bcaf4d6f4f99f5169572ef1228388d28c75c59
data/targets/target_bit_margin/k5/trial_225.json,2590,,bb11acd080273183f3664109977f9852d085c8277031f9ffd200e6dbc93a5487
data/targets/target_bit_margin/k5/trial_226.json,2602,,87b4c10f586c9c954577be7767802ddac51ae1ae94802766519baf8623a9c5d1
data/targets/target_bit_margin/k5/trial_227.json,2606,,1ea1bd12bc658b82efd61f2458d72f261a5395993ebedb00d731f7537d0348f3
data/targets/target_bit_margin/k5/trial_228.json,2592,,2d66a2fa6a50dbe4d75cb9457121f10b60d544db3fce671acd80e0b70bd338c4
data/targets/target_bit_margin/k5/trial_229.json,2600,,a1ed6ddc6b7fdd3b2b1efe6f85077794dfa21ce0e0b4397d917a635a9363772d
data/targets/target_bit_margin/k5/trial_230.json,2602,,24e822b6aca2f5326e5d3de57b18d80a555fcf6b6fb256132814c016bc8becf6
data/targets/target_bit_margin/k5/trial_231.json,2607,,4e717b7b170bc1bf52f8311ee33b951b5b0e57bc2313e6b467f680257a8bd829
data/targets/target_bit_margin/k5/trial_232.json,2597,,55d5f0d2e51437984acd4ee6bee8128dd22db592df38dd348b20d1d8da7f0bca
data/targets/target_bit_margin/k5/trial_233.json,2601,,56ec2a29eca99a63fcadf62b8a591ca3828060c1272a72d0d060c263c1f54000
data/targets/target_bit_margin/k5/trial_234.json,2583,,c43f43b12790104939740adf0ccd7b4dbeed0f0f38357e750898dcd2ff2997db
data/targets/target_bit_margin/k5/trial_235.json,2602,,43df6c6f291b841977bb59d4395d3d0b64b714ec36692942b87e075042a0a75e
data/targets/target_bit_margin/k5/trial_236.json,2598,,87b5d5be884b72f55a3b376afaa687cad5a1271357f32c392dcf6fbe4f651b77
data/targets/target_bit_margin/k5/trial_237.json,2593,,d06f60874ce0e99a6cfa08f862bfe8c91dd9a4f7a4fac45a916845330e2dc658
data/targets/target_bit_margin/k5/trial_238.json,2603,,2a89278d329128a214f0d2aae6369bdbbafa9663bec5037b429290b432e46ceb
data/targets/target_bit_margin/k5/trial_239.json,2595,,33ba5fbdacb62917082ec4d0f79f8fda467e5c9c3c3642f33e291d4710f33d8e
data/targets/target_bit_margin/k5/trial_240.json,2599,,00d678315d7ba04f53e8156d10fadc2834401ba16f51e7d0670a8ff22d2fcfb3
data/targets/target_bit_margin/k5/trial_241.json,2608,,2e8e5b2100fac3f335e43e147ac5590006dc8b832482e1b449a50ae649e3f773
data/targets/target_bit_margin/k5/trial_242.json,2602,,cada32be1bec3616c15ade699f406de0da79a5b1408089d38b92f2531a22cee0
data/targets/target_bit_margin/k5/trial_243.json,2593,,1fdf034905a15b9316064f3f8b3ae5bda2c8638220a0e5a890e05bddb2ebc4d1
data/targets/target_bit_margin/k5/trial_244.json,2589,,73de727c978f83b15f6ac5fefffee629be4959770fd2979a86ec5b56ef30c099
data/targets/target_bit_margin/k5/trial_245.json,2594,,ccbb4fce35659cf2dc714839c0a9d282ba7aaf456aa404c0a0f94059808adb55
data/targets/target_bit_margin/k5/trial_246.json,2600,,75b1733a988b1f7f95212c7cf732365b2fe690dd6138bccebc63bcf56cc5e432
data/targets/target_bit_margin/k5/trial_247.json,2598,,b40fe8dde396e5a23175ebdc59e3f5ce6315e872c6b6393d1ece8703a99d7c15
data/targets/target_bit_margin/k5/trial_248.json,2605,,297a6e23141644080afab7b2dc8d36fc6656e49070d3167d2ce63f43f25229f4
data/targets/target_bit_margin/k5/trial_249.json,2596,,d59a2cceda0ee6a30284382e12c7b7a6628b3d9eab417a690a7f61c0fdf8893c
data/targets/target_bit_margin/k5/trial_250.json,2596,,6bb1df465dd4f9050da3938dfdc3153c4a9b962c98681a9074887fc0501a6664
data/targets/target_bit_margin/k5/trial_251.json,2602,,a406b95c11067fdd13344f6b5ddd36da841d4c79f71db2313937ea699cbfd4b1
data/targets/target_bit_margin/k5/trial_252.json,2599,,49ec212d1b34fbb3779984ae45cb88df06d8748f3817af893231d06c02674dc0
data/targets/target_bit_margin/k5/trial_253.json,2598,,e8e779b4c258d26670fed2313cb5468571b20d954e88a0f6bc7237de6e9529a9
data/targets/target_bit_margin/k5/trial_254.json,2584,,87311b021dc384f1398bb2e64309cc18d176d34b0834e5b7cffcad3253195326
data/targets/target_bit_margin/k5/trial_255.json,2602,,c250099d2c5e99edd10cecb8c67ef73093d194dbc6ed145a0ea0288b81456be1
data/targets/target_bit_margin/k5/trial_256.json,2586,,f15b3aa280dec352794d36d130dacf81e4f8ea0c8c11f452c7909e5227b06c16
data/targets/target_bit_margin/k5/trial_257.json,2593,,a412eaf63f7c741d154a63efcf123a1db52d9afa173b54c7aeaf74f57420b5a2
data/targets/target_bit_margin/k5/trial_258.json,2582,,6f6f230bc0830d79eb39f7c4604b4a584b6c910d81d592bcae498035df4a1c3c
data/targets/target_bit_margin/k5/trial_259.json,2601,,54800def269d9f44c404b596a745fbf7f126c794c443bdd1786cfb92f200f84a
data/targets/target_bit_margin/k5/trial_260.json,2596,,0448f7837b937ed924d771cc76d3c4fa1e21bd14e8dbdf13580f0389f2fd8641
data/targets/target_bit_margin/k5/trial_261.json,2603,,da0d36217b5c0254edaf0df9e251199a5bb4868f3941c3f0567d32a3b30b9e47
data/targets/target_bit_margin/k5/trial_262.json,2590,,0d20e8bbc085b6810daa768b61bbff95ef30246e98430c17691943bbd934ff86
data/targets/target_bit_margin/k5/trial_263.json,2602,,bd7447eb80c47f950d05407a56d2d8d1405bcf8ea473ce1141d5ee7011067a14
data/targets/target_bit_margin/k5/trial_264.json,2593,,ade4f92653402c5ffc85e30832c2d84c7d31d2c6e13b629c787e2ed35afc40a8
data/targets/target_bit_margin/k5/trial_265.json,2603,,04e4cbd6f154f42d58e8ab386433d3c580cf9d89386d3fae2ee87a088fe6187c
data/targets/target_bit_margin/k5/trial_266.json,2579,,b8678a98d1028e8d733c98a13cbeab73b29b471944231d4e8a7c2a8c7e002bd8
data/targets/target_bit_margin/k5/trial_267.json,2609,,7cc1d0ce9ed85b72151b558186079765d89d0553dc1d9b672ed506abdcf1aef6
data/targets/target_bit_margin/k5/trial_268.json,2595,,edc6ea363fc242ba7b92781d3b0b7c5182b7d77faf2690635e1e4dad6413b39e
data/targets/target_bit_margin/k5/trial_269.json,2595,,9bf8d37b1364d7e0b98198ba3f99e5ae65662a883d89c967330a0d5b17b50ed8
data/targets/target_bit_margin/k5/trial_270.json,2595,,6af52f1b6176689474fe60c0afb45800821f055a54d5ea65a5e0190925ce3bf3
data/targets/target_bit_margin/k5/trial_271.json,2588,,13d73c72e6317fbbb85acf2b270a2d2f684fefcb4d1dc963a266e1006b2024e6
data/targets/target_bit_margin/k5/trial_272.json,2600,,c967d8eba9dc1604b7c025b22e93db36ee6f53c7ddc111105f8150971b69ca70
data/targets/target_bit_margin/k5/trial_273.json,2589,,50ca5a2dce5300a460f09fe6ced84e7783a49b82d1c8d14c49514402894c39c4
data/targets/target_bit_margin/k5/trial_274.json,2604,,56cfd6eb06a2d54fafafbe022e047b2e0dcc6aba61a6366f36cfcd3f857014b7
data/targets/target_bit_margin/k5/trial_275.json,2603,,40e6cc0657a9a6f782a336980aa89c43757109a30f14a8c0b445cfdd22d50b19
data/targets/target_bit_margin/k5/trial_276.json,2587,,f4afa0028f7ff3b6d1665b160d2f47f5308e4f2c2adda059452156e186c851e2
data/targets/target_bit_margin/k5/trial_277.json,2598,,081b0d4513f3a3aa25902430a3abcc305d02dd7f17035f247fe2341a6fbad15a
data/targets/target_bit_margin/k5/trial_278.json,2593,,717a6e5321458e7bff10996adcff46104cbccffbef137d4a6896b9326694f633
data/targets/target_bit_margin/k5/trial_279.json,2610,,9161ed186bba4d10c29e205171e44542b70e93af945be36eed78b6c4c7b18eae
data/targets/target_bit_margin/k5/trial_280.json,2590,,d8ff2aa02ec63078779b54cea813fbb9b7ad3a5fe7404cb4f8dbe7bdc1378a34
data/targets/target_bit_margin/k5/trial_281.json,2599,,a6594cde12aa68103eccf8818c0da3c83a53952ceae4a739c0808c68fe2bf47e
data/targets/target_bit_margin/k5/trial_282.json,2591,,8c0913f0219363989fbaeb276cf0c105b60988fa4d0f7747fdf5639af597e339
data/targets/target_bit_margin/k5/trial_283.json,2586,,e9b7e71050a37ea30c68e1e14ad754400b7e89b3a9552f55a477d419f013164c
data/targets/target_bit_margin/k5/trial_284.json,2590,,87c0985731903bbb0c27d7c49ce3af043c3371bfa9deb1bed9ce434de4a785cd
data/targets/target_bit_margin/k5/trial_285.json,2588,,1c573f179384fa3cbd7a22ecfb2abc788fd1d0b1f556f9106b90b367226c26e0
data/targets/target_bit_margin/k5/trial_286.json,2588,,01ee615c4bedef2d30e07abead957b8dbc045f3f54da380dc320b2bbb6628d7b
data/targets/target_bit_margin/k5/trial_287.json,2594,,49a3e5622af639c617697d0ade9c11d01efeec5d910b4fa0116b9e0866191c5e
data/targets/target_bit_margin/k5/trial_288.json,2606,,05dd4a7eebd6516febff8f91f815a0d441f00dfb2c2e474e739925fc8ae08444
data/targets/target_bit_margin/k5/trial_289.json,2593,,aa498fec5106d642e95fad738054ef3db2c164d5f59d5805235137ca5234b23a
data/targets/target_bit_margin/k5/trial_290.json,2605,,fbaa77c4e3411d1b7f1247d15c283b6b60c183efab8d6e6ecf57e1ddeaf68b70
data/targets/target_bit_margin/k5/trial_291.json,2601,,cc462596a25ba91bec7bcc52c1c8fac9afe866940b684cccdb10caa3f4ba47c7
data/targets/target_bit_margin/k5/trial_292.json,2600,,cd4c5bcd6578c7addff1a3736b94a7d0f6e719ca10462dc0f67e7fe30216dff7
data/targets/target_bit_margin/k5/trial_293.json,2599,,fcefe5dc91533aa1677e5d79fe1b2aca81994b42b6a057a5f612b732a0cdbacb
data/targets/target_bit_margin/k5/trial_294.json,2595,,70da3845ae76e278fde6da1e4018416b2ee5eb62a9dc06ee954ec2295afd9ab9
data/targets/target_bit_margin/k5/trial_295.json,2591,,198e1cdd50dded9fb268f8d55d288f254bc197cf470f466da2d9b02b1b1e6bf2
data/targets/target_bit_margin/k5/trial_296.json,2594,,00daae79995993e37708a82f3dc7556524db36cde6ddbe0ccf727a1927d893f7
data/targets/target_bit_margin/k5/trial_297.json,2582,,99591b356d64327e23ea4c996c9a67262e410f97cb9e691ffa2702d0d9f04216
data/targets/target_bit_margin/k5/trial_298.json,2603,,f23269cbc8438454c551bb6d8c09e85df2285e6cf3731efb96667452f1c91cfe
data/targets/target_bit_margin/k5/trial_299.json,2598,,b7bb36505b1952e8dd980ae2f38f954219d40ed2e62047d49af085d882c866a1
data/targets/target_bit_margin/k8/trial_000.json,3253,,e5dc4d4c7dde5ea830cd9e4423e8806478afc4102c15f7490f65c09e9a70149a
data/targets/target_bit_margin/k8/trial_001.json,3256,,bb6c8e1a1835991ee84d9cf5e8b7dcc7b0d60709dd60aa2ece77e0dade214d23
data/targets/target_bit_margin/k8/trial_002.json,3247,,42acbb723164f87e207b36bb60267475b30758b282c707f610d9c0811e282f99
data/targets/target_bit_margin/k8/trial_003.json,3235,,b6facaa5af204c4adde7f7e1476f7b01c8e8c1af0e9776089b4c69f7dbf4a78d
data/targets/target_bit_margin/k8/trial_004.json,3258,,6a820afda56c7fdb72aea3f115256b25e3428f3225324a885aecdf3dfa477cf1
data/targets/target_bit_margin/k8/trial_005.json,3255,,f8ad0536fb4c72b543ee82f7075e1d52471870ec29e3fae6681c16714e4e06aa
data/targets/target_bit_margin/k8/trial_006.json,3253,,d6f450504e1d2417dd2f09b913ba96c5386681155db89a89ce8e225fbc18a560
data/targets/target_bit_margin/k8/trial_007.json,3248,,db07dbd3a0016e8d7b953384fd2e1021fde0345ee41ca1f8a1a0634318f415ea
data/targets/target_bit_margin/k8/trial_008.json,3256,,22fe32655543fef8b7ee674ac1a0772a56fdd00b57982e9f3204d287afe77123
data/targets/target_bit_margin/k8/trial_009.json,3246,,c601dcfcb69b0c23857cd8ce2a47f1de2b7292c1d455270229f3fd10033de6f6
data/targets/target_bit_margin/k8/trial_010.json,3242,,ffd576f3d9226821e079ad588c7e1bbb17670d5dbe534bbcd7a20f4b45b5946d
data/targets/target_bit_margin/k8/trial_011.json,3242,,034fddabed3e27610ab92e9b4bfcff61b36335f35c2db4454e31728c7f09fc1b
data/targets/target_bit_margin/k8/trial_012.json,3252,,b0410dd541a0caec46d1e46cbe03b3cd98212c5fe85497231d423c18f8ef1b05
data/targets/target_bit_margin/k8/trial_013.json,3251,,00ae7eea162579b15d9aa1162ddfdebbc56d6e3842388969f93d458732235a70
data/targets/target_bit_margin/k8/trial_014.json,3230,,b5fb1757cd7c7af118404f6df91183867ed37def08d4657d2a42f6e22c7ec5fa
data/targets/target_bit_margin/k8/trial_015.json,3255,,c63e7f7839330ac520c30508eaae667cc5c040aaf8452d4e26853d771d638aa0
data/targets/target_bit_margin/k8/trial_016.json,3247,,43a56f572a04c80b2d8060b0ecd2cdb9fe7312a674e940dd992071214b20f2f7
data/targets/target_bit_margin/k8/trial_017.json,3262,,2953c58e6449b8b189456cc750220f6d4896307d01f4733a47682b0a728a983a
data/targets/target_bit_margin/k8/trial_018.json,3257,,873d98d658308810f93ebf807457536fee427f55dc5899b0bf7b9ab5365353ba
data/targets/target_bit_margin/k8/trial_019.json,3254,,ba4b35db4b21ca4ada4421980a8d9bb30de2a51b4cc0fafb2dc9c457817dd69c
data/targets/target_bit_margin/k8/trial_020.json,3260,,f714d65783118f25f487fd3f1b6e39fb3a5eef3d2f52c5252f8fcb632580f47c
data/targets/target_bit_margin/k8/trial_021.json,3241,,bffea7e84ec936d8e29ddc1839ac04f755dc84af40bfe98efadf599ae1cc8db2
data/targets/target_bit_margin/k8/trial_022.json,3257,,6ba01ef5b936de4f820b572a172d8a47aa48940f7d2ded06f41a8ef1ded1a911
data/targets/target_bit_margin/k8/trial_023.json,3249,,1014e653fbd7ac00707b6214cc0da6f40fe90c0c1954699743c74439e35f15cd
data/targets/target_bit_margin/k8/trial_024.json,3248,,5ddf5bdb63e12ff64f43ae1f75a2a58784a539fb48f5ee30c6800cf1c7e2302f
data/targets/target_bit_margin/k8/trial_025.json,3256,,e7babcc0f4d3b1bf7dc5cd756994b7901b22ad7e991bb75fe42e9e16a4ff85e9
data/targets/target_bit_margin/k8/trial_026.json,3260,,2656cdd01f2be3080353dedbfbf24fbcf751e3651fffb3dc677fb287f8369bb7
data/targets/target_bit_margin/k8/trial_027.json,3256,,9480c4275d2d4c037c863f5dacd3b718d6cd88214f134ab17441d26107dc6a7d
data/targets/target_bit_margin/k8/trial_028.json,3256,,29e50d8d27edaa850fd78423640d402ce6ec8bf05ea1755e64e4f534db590bbb
data/targets/target_bit_margin/k8/trial_029.json,3262,,f39b7ed65f976e72b621db70b539e088818268cc23492d3a1aea10b3ceff2219
data/targets/target_bit_margin/k8/trial_030.json,3259,,bd601a84ffdd9997121684880f71b5ab228c313c866ca88115d77bb753952f0a
data/targets/target_bit_margin/k8/trial_031.json,3258,,029f79db93aa5bd2ae75d371b8a7dbda401d6c4eb88e07d5910f18f89c5dfa4e
data/targets/target_bit_margin/k8/trial_032.json,3244,,8a81fcd2ca81ef144cc30c2af0f3377cdadc714f90f2916495d3bb6415de9bc3
data/targets/target_bit_margin/k8/trial_033.json,3248,,4cb57cb68be50cc5f895e43a9140c690d7c9757b6b2c38fe7c13c79b8ffea8fe
data/targets/target_bit_margin/k8/trial_034.json,3260,,de899e5e667688e73705c668eace5864b9ad25e3cdb5cfe927fa18c2eb7ac2fb
data/targets/target_bit_margin/k8/trial_035.json,3256,,3dfd39941406be4549c323e62a9a1811849593ed959b2d046013aaff4e53551d
data/targets/target_bit_margin/k8/trial_036.json,3248,,990d0ac3a4624f8b2a71d4259c7bca4d7e6da4ed97d64bcf3d5c203950b07f65
data/targets/target_bit_margin/k8/trial_037.json,3249,,d11d83b659360998c6e464d508a860fd73bc4b848074c193b201ecd1f9945a73
data/targets/target_bit_margin/k8/trial_038.json,3263,,68b2d463e314cc66cde30cac62456ddc7e22eb2bdccfefdcf3e0c9629f814b21
data/targets/target_bit_margin/k8/trial_039.json,3251,,bec9125c42b906f0783f13f4e4e091ccd2c0d8d396d7b67dede51947cf30e7f3
data/targets/target_bit_margin/k8/trial_040.json,3249,,342d898029a41b6445a6a1bf66f3ef7fe975cc00d12c9e8b6fa7d0022dd3ab3f
data/targets/target_bit_margin/k8/trial_041.json,3262,,188d81d9514fa37185088e3bfe6fc9bc1dd2e3c95bac4d4ebaaa254478752a6b
data/targets/target_bit_margin/k8/trial_042.json,3246,,d17ed3b2829a8ad6b7b052e43a94f748de0b4089f927d40720101b73cba8483a
data/targets/target_bit_margin/k8/trial_043.json,3256,,46fedbcac208e3a7489e01c4df3bbd44b80aeab2703c45523089c41bdbd2bf1a
data/targets/target_bit_margin/k8/trial_044.json,3251,,07c6543748d1589f649a581a76d1c8e6145bd49624cd0fb4681c5104d06fe0c7
data/targets/target_bit_margin/k8/trial_045.json,3250,,0805b7bc18a8486c06e21da8f2bb48f9a2302d463f665575c99f3d719827fa8b
data/targets/target_bit_margin/k8/trial_046.json,3247,,0065f1d0122d7a13d0d7c8d8118dc34089b333db30f78f74c7d2bdbd3929ed94
data/targets/target_bit_margin/k8/trial_047.json,3250,,c3e9ccb4d5567d33d4f38faf2770e416e68db95a5cfad9624b3fb2c2cd35bcf3
data/targets/target_bit_margin/k8/trial_048.json,3255,,76f7c9bd622060c28b4793fa4cbc0cbf295081ee57d6d444c5703bdd17cb5bc0
data/targets/target_bit_margin/k8/trial_049.json,3253,,acb294f853472324800fa9401191346495284b6f79f11582532febaf72e3c7c4
data/targets/target_bit_margin/k8/trial_050.json,3254,,00da577e17cf7939e80b79d10ec8e2e0c0696fc1175ed4f5ff7ebbc902ff1b31
data/targets/target_bit_margin/k8/trial_051.json,3254,,a77001436f6cdad092937c8e69842d62ffc52ed5f0fb43c0c2da5f9025c9b48b
data/targets/target_bit_margin/k8/trial_052.json,3258,,df811cee1738c170d0804308c36dc608035b76c4977ba08708b98c2db3f1e27d
data/targets/target_bit_margin/k8/trial_053.json,3243,,095886a6fc112e2a000c81179b37f6a19cb0a840147f775053c31e6802e2ae74
data/targets/target_bit_margin/k8/trial_054.json,3258,,0dfce0b1a97a1128a14e07f7c1439ba5ba7c0bad6a40b0733b0161254f74d19f
data/targets/target_bit_margin/k8/trial_055.json,3246,,1c422ea537bc8bc70d88233ba217bbd4eb869c4b85aa84d5e77c4370201981ad
data/targets/target_bit_margin/k8/trial_056.json,3254,,6190c223e7e8edef4ec2c2f1713286157f0011dc9e897875a922f7307976d41d
data/targets/target_bit_margin/k8/trial_057.json,3254,,eda7df94741ef7c88cda8660744b1fff27d67587974c8d4c1b5d8ba7dd67c0dc
data/targets/target_bit_margin/k8/trial_058.json,3249,,a80a5205638157b142f14cdfb43100c18fc2e7db948b28eccb785c224dfb9493
data/targets/target_bit_margin/k8/trial_059.json,3256,,86404a70228edd5a5080265a9b9ad4cce4de47a952ebef02bd6f3609bd13ad78
data/targets/target_bit_margin/k8/trial_060.json,3250,,83472d6e220f1487477d94ae5d64520d08d6570f956d4e93e44e1d427a66b444
data/targets/target_bit_margin/k8/trial_061.json,3242,,465008d0651c26cdce53cfa7c87a9f6c8e32b539283550f8367ad5df6f34e71a
data/targets/target_bit_margin/k8/trial_062.json,3251,,bb0e901070a0ca861f8e72b63337b5aa797db9e55a67989abd6ad9de5afceaaf
data/targets/target_bit_margin/k8/trial_063.json,3260,,f14a7617c10623d43f5407ca93e4d0ef4c089afa486312fdd5640063c984e124
data/targets/target_bit_margin/k8/trial_064.json,3254,,ebfcca0ed43d3d74db13c4c08732c1502368987e550ddb179f798542274031f9
data/targets/target_bit_margin/k8/trial_065.json,3243,,439f5c3d2fba462e1725278c3007a22079920e05de34be3e887ea8d485b19f22
data/targets/target_bit_margin/k8/trial_066.json,3257,,b472d77a326a8ebf17f9f9d74e666ac5f493700f04e74770814e9e263e487e2d
data/targets/target_bit_margin/k8/trial_067.json,3243,,b49a632352cfc046f547f398e644a26ba86fb12d46aa9559ac4bc1f2a7893942
data/targets/target_bit_margin/k8/trial_068.json,3245,,b1caf78e87732e4f4f4d8f8771f144afe5c3d21256aa5b26672571b6c5963a55
data/targets/target_bit_margin/k8/trial_069.json,3244,,0abc7bd75de477e775d40de5d91f3e597e8027ae78ba7668eafb5b23de99a7c9
data/targets/target_bit_margin/k8/trial_070.json,3248,,fd4c1c120e3a9e57fc95e83ea5fd76cc020d65edd7d9dd60bf309aad07e1b8a5
data/targets/target_bit_margin/k8/trial_071.json,3253,,21a33729c0dd848b7dcc2b59acaa1d486a38ceb6913fbbde9838541fa7483cf7
data/targets/target_bit_margin/k8/trial_072.json,3254,,bcb352947e808404bfe2d3138556afb98ab1fa23b24e1ec5242336414f076383
data/targets/target_bit_margin/k8/trial_073.json,3258,,3dffd2d9338c94aeb01c452290584b6edf479df0b362cc98e45aa143d7546bd8
data/targets/target_bit_margin/k8/trial_074.json,3243,,8b05ef3822296d69cd876ce8f7be0696a010adca8e669c6daf9cd4fa7a4622c3
data/targets/target_bit_margin/k8/trial_075.json,3257,,ecc9f97579d3aa4a9240f5b089dde5c380a9d7c2555d72cf712f65611e0e937e
data/targets/target_bit_margin/k8/trial_076.json,3247,,302463f2d35c781d80569b9fd241c920c3a5eda85b0d135ea75bedaac5889eb6
data/targets/target_bit_margin/k8/trial_077.json,3247,,50b518818c3a70fca9ecd19e985c17edd2013f9d6eb44660184e07df2bdf92ab
data/targets/target_bit_margin/k8/trial_078.json,3245,,5ca4e8a2207cffc5b1a9df148f58905525d801ba58a47a341e7b02e748da7e21
data/targets/target_bit_margin/k8/trial_079.json,3254,,c4026b1351cbad2bab784a424204e2dda7b90a6de8f1efa7903eb78d1e30886b
data/targets/target_bit_margin/k8/trial_080.json,3257,,2670e9a65846a10a9609abbb63bf4df9a7357c6ed8726bae9cfae1c9a14d3f36
data/targets/target_bit_margin/k8/trial_081.json,3252,,d00f1106307a792692ac35579fd7774b78d8ea336799e3ebb90c0864c5b8c371
data/targets/target_bit_margin/k8/trial_082.json,3246,,4d395ce169d904b3d444101e9e8df9a2cbc0ec131c6c932a7c96c9ebed52df04
data/targets/target_bit_margin/k8/trial_083.json,3242,,9846655fad30c360c093be59e698773cb73dc74278cf7fe003cc01ae0a272a8a
data/targets/target_bit_margin/k8/trial_084.json,3260,,7381e95ab7045dfd64be9e42e2259a9575072015d1e9dd751a93ba0f606a8edc
data/targets/target_bit_margin/k8/trial_085.json,3246,,cbeb2171c98cd87af43d86b015cf3510a6cd8ca2986251f3ecf196e8204e224d
data/targets/target_bit_margin/k8/trial_086.json,3259,,3082e20d4d29548e5e11e5bbe4d052c2ccc145c4e4aa32d6ca0b9909d74167f3
data/targets/target_bit_margin/k8/trial_087.json,3249,,bfc78282e205abde5dcbb480d16b2d6ff913b3eb8dd018d1572906cd2b1a478b
data/targets/target_bit_margin/k8/trial_088.json,3242,,afcd480e230e09cf84a8d602e3d0bb3f400483930d58cfb3dd30e2b846e33527
data/targets/target_bit_margin/k8/trial_089.json,3258,,14701ef9c2ded9a24dde4bdbe59d9096ffc2988a5b845091e1559a157d640b1b
data/targets/target_bit_margin/k8/trial_090.json,3258,,8622de021eeb3acc301d2c31e3e201095d97b6e8ec42b09c6248553dfd0a9b75
data/targets/target_bit_margin/k8/trial_091.json,3244,,f15d71f0cd56e6f7c83ba31c3984dab19b0fb82c0aac9b0e3cc931c25b0610ef
data/targets/target_bit_margin/k8/trial_092.json,3244,,8d341c9bd4460291caa731d2e35da8add65b86d5be3ed3cf489e072d7fee4ed4
data/targets/target_bit_margin/k8/trial_093.json,3253,,43f687ff2195fdded5740575ad3604c04d8a2bcc23fe0bb32338681abddc7549
data/targets/target_bit_margin/k8/trial_094.json,3255,,20f23b8f62b382e6c957c6fe3ac97d3162411dda5f9d8ffc01ddd32578e238f9
data/targets/target_bit_margin/k8/trial_095.json,3262,,447bcc7a058a3d361b3fedf13efc074d0c856769e8be64f8de5b63da2c6965f7
data/targets/target_bit_margin/k8/trial_096.json,3258,,8c4c9f7829b6ccbf713cc6d6623453d57ae42a93066a3562d8073902a58b01d3
data/targets/target_bit_margin/k8/trial_097.json,3253,,e019435825df9f389d5d022ec43bbeeffa301aa6599cf7cdbd1a522257b5b93d
data/targets/target_bit_margin/k8/trial_098.json,3253,,a05f842a63632be38432b1e6f26cf0a8da3c96f66b9d06e7450893d89c0381fa
data/targets/target_bit_margin/k8/trial_099.json,3256,,e3be64a6478a4defc121a2d9a69efdf42abadeb6698ced90f1a6b1cde36684a5
data/targets/target_bit_margin/k8/trial_100.json,3246,,0159db548223a8084ca9cf56a120b156d312c3a751722d8d7c6b08a6b698902d
data/targets/target_bit_margin/k8/trial_101.json,3244,,d4b45ddf804003bc7a1072e3b588a48008425e3c7dbf60b2fb29646f853330da
data/targets/target_bit_margin/k8/trial_102.json,3246,,b8cee9be79d2bbd6cd2c2cb6e31fbb478b5e3ba2dd194245e88f73656abcb1b8
data/targets/target_bit_margin/k8/trial_103.json,3261,,6916b0daaecf9afadf08c99aced18a56977f3d13ef9c8a16f29e9a11ba647948
data/targets/target_bit_margin/k8/trial_104.json,3244,,71afe04d42c08f3ba46867109b29a6f2c3a294aee48313496403c13216de09e5
data/targets/target_bit_margin/k8/trial_105.json,3257,,aefd8e3ee5d0a0f1f61dbd26ac8f79c9e5b470da5984be49c8d62672d0d30f08
data/targets/target_bit_margin/k8/trial_106.json,3255,,6e2cff9ba6c5c94064a8af2d6bf9ff3e529ab10c059cc4390164c7597acfe249
data/targets/target_bit_margin/k8/trial_107.json,3256,,21541d3327ada59ddef376b19dcfe98f6bc17e9515e3d7c2ada32193f0a79ce5
data/targets/target_bit_margin/k8/trial_108.json,3232,,dbcd433203505c55c9710890a8af0acd6ce86ddf437f6aee67d2c8ba27eeef2b
data/targets/target_bit_margin/k8/trial_109.json,3260,,f7fe9dbff87a536fab03db9007066b0985354da8c6ba213cd774501b3a48c8bd
data/targets/target_bit_margin/k8/trial_110.json,3257,,ee8e4d3289ad2aaf944605f711c44fce0fb7590a2b6df05d28326210715645dc
data/targets/target_bit_margin/k8/trial_111.json,3254,,109b49491180b6839a0b13364c9c9c899063cfcf9a9473ebaa58c317815a6d42
data/targets/target_bit_margin/k8/trial_112.json,3258,,b93fb4ef965e3e0439be6df381c19329028293fee3e905cb7bf81c17836436c9
data/targets/target_bit_margin/k8/trial_113.json,3260,,b19be16fcf101576bc8ec1997c638bbb1fb0adcce863711a635fcf8b8b03573a
data/targets/target_bit_margin/k8/trial_114.json,3246,,51aa0b5bb2504206a0f71bed099f332790fe1bbce580ba2e1ea178c94f7b06f8
data/targets/target_bit_margin/k8/trial_115.json,3251,,6ae6f914d1285892079c2dea84574888baeca616c4dd967cc1d2875dba95c5fc
data/targets/target_bit_margin/k8/trial_116.json,3256,,e2d2cfb4eac3444b1e33af70d1bb5af8455759829ac85fdbd66a306bbe84d3d8
data/targets/target_bit_margin/k8/trial_117.json,3248,,ec9958342d9e0f548697694fea3bd5cc006f513759623f04e7465086410db734
data/targets/target_bit_margin/k8/trial_118.json,3256,,139b2689c48b1df07eab09a2245ec4d3836c25cce073025bf449053deede5abd
data/targets/target_bit_margin/k8/trial_119.json,3250,,9cb994019aaafdd3290d51b076d1706bb0a0de65a024f7c6ec228a8e36010778
data/targets/target_bit_margin/k8/trial_120.json,3246,,51b8a51a86f421b0e0d0cb730d226422e26b77927af5e36ab524be1288426be4
data/targets/target_bit_margin/k8/trial_121.json,3240,,0f7b82969c373e5274a6ba244cc9f2f9d997607ab92783c521967367a1c7364b
data/targets/target_bit_margin/k8/trial_122.json,3244,,9752498a551ba54da52360830f789ed1b1e02b6e696d78dcda783100420f714f
data/targets/target_bit_margin/k8/trial_123.json,3258,,36c13075f34c9cd7d3254d24110b30f5cd1670c4789e326420712b8ef9203f6a
data/targets/target_bit_margin/k8/trial_124.json,3257,,dc63a7668fad7a24a86abde1beba8e329fa50b62406d16318276fe19092df8cc
data/targets/target_bit_margin/k8/trial_125.json,3251,,a49401cc030ab7f82d60514c85b2778a44a18ed0d8f4baf44c02667bf4d320ae
data/targets/target_bit_margin/k8/trial_126.json,3233,,b692664ef69223420cad291c1a4b840d55ea7f8c4980b86ecac4968196942413
data/targets/target_bit_margin/k8/trial_127.json,3258,,1466a4692dec4de5280d28ed5340df7dc11a4fdec5bae4624c798e530e414ca5
data/targets/target_bit_margin/k8/trial_128.json,3252,,074371c5bd6b63611d38e31dd6235eae48dd07512b14cf561f8e6207a3d84de5
data/targets/target_bit_margin/k8/trial_129.json,3262,,c5ea11fe1b6cf5732960d7d589c1ce576dd162e060a1b987ffe6466cf44ba25b
data/targets/target_bit_margin/k8/trial_130.json,3255,,de0a5292aee5fcbd62e60dda1f8d7c1b6d63c542401b397ab28710207ce7e60a
data/targets/target_bit_margin/k8/trial_131.json,3239,,7ae85a896c8e2ee6da5267cdacb94bd668bd100e1879fee78dc67e4e41c45774
data/targets/target_bit_margin/k8/trial_132.json,3253,,d47423e239bd675b6ed55f8e78bbeb3a3761b26bd0337185c1f1641316459396
data/targets/target_bit_margin/k8/trial_133.json,3253,,17b3c636ce71c8409394683724941fe4578f8b48694bf03b3c192cee73b93a80
data/targets/target_bit_margin/k8/trial_134.json,3255,,2dd09871ba8d9e7ba314f2958ea46f4d54d0ac994aab4d58ef1b609cbfa5c0ae
data/targets/target_bit_margin/k8/trial_135.json,3250,,1714fd0eaabecb9be5c03e389bac002d36e14c5db88ca0703c399582aa85b05e
data/targets/target_bit_margin/k8/trial_136.json,3250,,b327e4c5f1e2308c4daa1a112c3b6abf4515def7569d5f2403438449ac0dd763
data/targets/target_bit_margin/k8/trial_137.json,3244,,a40a91555aca2f095f4703a9b3dd8e7402ee1fc0b0dd5f1f4bc1d325a5ceb764
data/targets/target_bit_margin/k8/trial_138.json,3256,,916e703b0ef382ce200f7c2dd5dea30c10530d28092b8f38c459833a7a5139a9
data/targets/target_bit_margin/k8/trial_139.json,3263,,15f9d5e2b749c3ef36dd39e3bb797c60dc4b270a7db74bb10fd2ae30c427cc60
data/targets/target_bit_margin/k8/trial_140.json,3251,,c04c2f5c366ed0ea5e298c4323c42d2a20864de9764222ec0187250b83fc6f5f
data/targets/target_bit_margin/k8/trial_141.json,3251,,ba9f1b591dccd1f56916ea015120fdb06d963d6e02ad15fcc6876c1c048cd1fb
data/targets/target_bit_margin/k8/trial_142.json,3248,,939a521a2dbc6ab5df0c7e1dd5fc6a351fa41116bbba463160f0617545d7e8aa
data/targets/target_bit_margin/k8/trial_143.json,3249,,3ba5f2c00e173d2869333dab1265d58f527c6ab463fc3fcaf3423f922c6f8680
data/targets/target_bit_margin/k8/trial_144.json,3247,,d3da34c961b2105ce4a54c4417f35eaa2b30c9f2fc2cab0f2052a0ba87d4a4f0
data/targets/target_bit_margin/k8/trial_145.json,3245,,4171651fcddeff72e39a12aa9c3e37d65be872ffbe13c4b4c7ec6294a93b4a41
data/targets/target_bit_margin/k8/trial_146.json,3263,,ba1f95b8c684435ba7b3392d275e054d93b0b365eaad101a81b0011b96b0b293
data/targets/target_bit_margin/k8/trial_147.json,3246,,2ac5dfb502bd87cc60bdafc176ca97ffff8c7fc4877c30287bbe5b0182b9a693
data/targets/target_bit_margin/k8/trial_148.json,3247,,f5bef14bc2776e990046854119dde6eb23858d827da74673f4408319d16902b6
data/targets/target_bit_margin/k8/trial_149.json,3258,,bafcd2f6e552a6578516457f5d3154a59f0cd95d0e5809d3bb596d25e3028bcd
data/targets/target_bit_margin/k8/trial_150.json,3268,,720dc817adc5a7076b5047b598d882cfdaaed41f0a04e8320d6443f54098caca
data/targets/target_bit_margin/k8/trial_151.json,3235,,3ffa86fca0a44e41cbcac7a68fab4c43c4d02b6b84cd66e31ed41473d88e4ce7
data/targets/target_bit_margin/k8/trial_152.json,3252,,ff2abb51130f5cef675b539bd2100791ef429d5ccb5b091393abc73e80177629
data/targets/target_bit_margin/k8/trial_153.json,3251,,810ad6ecd079376f3e8f35acc697f17b3fa9b7a9950bfa34555b255da131d892
data/targets/target_bit_margin/k8/trial_154.json,3240,,9c427fa4d67621ae7afec9713a2199c088884553e8a92f47a2b241ff45305f53
data/targets/target_bit_margin/k8/trial_155.json,3249,,0efb2a0f1a7dead6b2d31b42219887fbab406f0fe989e8df2b12c72716e6bd2d
data/targets/target_bit_margin/k8/trial_156.json,3242,,f5059011b1201632c7ab65483a7cf61d75dc35d49c1db8f2edf432096465e7e8
data/targets/target_bit_margin/k8/trial_157.json,3242,,255ec53bf04329e5cf6a97537435dd610eeac9da8f1af0daae1c9475f24d8d1a
data/targets/target_bit_margin/k8/trial_158.json,3242,,b32d1beeff2dae9f77e1645e4d8176904673996f1cdc3e0f4af9a7fa98eec900
data/targets/target_bit_margin/k8/trial_159.json,3253,,061c719b483634934b39a7d6159be5bcc87e76edb9a99b6b0f7bfe80511a87f8
data/targets/target_bit_margin/k8/trial_160.json,3257,,0b7907d5741d8ae934ae44a63ccc0ed2c04fb78717cae005ccf38a2bee7d506b
data/targets/target_bit_margin/k8/trial_161.json,3251,,111c1bff3bfe3248c22907dc59d82b4117adff3b50fad228d82c0c767896b9d6
data/targets/target_bit_margin/k8/trial_162.json,3245,,7f2dd4f01fe6b34e017ce7178f569b4d412f338314c4b57cb1dfc54fef04067e
data/targets/target_bit_margin/k8/trial_163.json,3247,,848d6297f74f0790e93098ea9ea8a93c8ffb6d7d7ad4add7c01f052c318024c1
data/targets/target_bit_margin/k8/trial_164.json,3255,,c1aeb96d0a2674a518425a45668ad57cd33ee134036a763fdbb2fd18e86fd1e4
data/targets/target_bit_margin/k8/trial_165.json,3251,,5fec4f7baa21c4e22ae2554119e346b956c52edf7943e185b5715d097824b09b
data/targets/target_bit_margin/k8/trial_166.json,3257,,e703eea3a0077e906ae2a4feaf8e0d45eb32bfe026aeb1219f4ef7074eb23687
data/targets/target_bit_margin/k8/trial_167.json,3253,,0aea5a553b854fae85b973f3a606409eb3f9a3aa03654e77b713cd92128666a8
data/targets/target_bit_margin/k8/trial_168.json,3261,,76b732fd7c0f50309431c268344bc3b8c298d1ccfc809bf143cb7438048fb43b
data/targets/target_bit_margin/k8/trial_169.json,3256,,81ec579aa3d96894924becf3401d25b7525b38df244fba93c2cd6eab6285141c
data/targets/target_bit_margin/k8/trial_170.json,3249,,625ec0d0d7b12c9f75ae83be73ec1e2d6d8c56dc6ef7eb5b1a623fc7afca1334
data/targets/target_bit_margin/k8/trial_171.json,3260,,b2d7b5112fa1deee6e31bbfd2493f5786767f4880c5b0202b9eb57838dd398b4
data/targets/target_bit_margin/k8/trial_172.json,3246,,2dae71673ecac5025ca2516a2068406aa7c9a14fcae4cfe60630d48e4b41bd3a
data/targets/target_bit_margin/k8/trial_173.json,3254,,f8577e4bfd1b1c84a04aaea0797e09a4d0db84abfabc75c385f7a68866d89396
data/targets/target_bit_margin/k8/trial_174.json,3244,,4720dd194f513dc5017ff264687cad21607a3a3fd4064626de53e2069b322db5
data/targets/target_bit_margin/k8/trial_175.json,3250,,545e01a910ead95aad751c30d14927f520313a27419a641334ad0a14e90b3043
data/targets/target_bit_margin/k8/trial_176.json,3257,,26ca7e97a87e793d76fd4c0dee52618f4e9a8fa14741ea73802ca6ba8cd0debb
data/targets/target_bit_margin/k8/trial_177.json,3246,,419444cf687e4f6a9a5a4cb31ed51fa9ba8e368c90f3f9f31c5f8649a1b4ba00
data/targets/target_bit_margin/k8/trial_178.json,3236,,d07e31c562c40a7e552f404d90fd9708491e4090fbf68625b17c7f9dcaa6a49d
data/targets/target_bit_margin/k8/trial_179.json,3246,,7d934b6f615c814ec05cf8ca7d4124bead1a44e1b547f5623eec402865338404
data/targets/target_bit_margin/k8/trial_180.json,3258,,69a9a962b1d8e5b75b0b1fc4c51a08d8145c19d81a560075fc0c745ee154c2b3
data/targets/target_bit_margin/k8/trial_181.json,3247,,040545a7178ecdce64cee52723c2d6781a597792957a3dc459bc7eb1e98ce970
data/targets/target_bit_margin/k8/trial_182.json,3262,,acf8e07206b9c15ab736a7fa9284378786862cf5d1755de7ad41a73ed60db6e5
data/targets/target_bit_margin/k8/trial_183.json,3247,,8a2e6d018a25bb03d7dd7bb8e3435e61928545d0d6ab5f00091b17c0d7611507
data/targets/target_bit_margin/k8/trial_184.json,3258,,34015c017db906fbb3278760ca701e41ac07d3c2666c8962c876abba4e6d1d6c
data/targets/target_bit_margin/k8/trial_185.json,3244,,9493a92a115084d64ca74ef8eca73d1eb590d19f470a5872a5425c7ef060d2bb
data/targets/target_bit_margin/k8/trial_186.json,3249,,d5cb70c1934c40d80b60177a24d9deca2060268ad51303730927f6f0707c99a3
data/targets/target_bit_margin/k8/trial_187.json,3259,,3bdd2e9488c1c00d36cb7c34afe6a05b349108f55147b6d3fcc1c65f2639b618
data/targets/target_bit_margin/k8/trial_188.json,3253,,eab00457e56388f30ffd9a30c6974d3bd32b4a9bae851122d94f27ebf293b382
data/targets/target_bit_margin/k8/trial_189.json,3254,,4333e0a3bde74d6f3615be02581a7b9ba837ba9a81a5fe0fc22b86bb5c963596
data/targets/target_bit_margin/k8/trial_190.json,3261,,905bb01eb3a10179cba1a318265671c1a72384593d14bdb981fadfe5e8b72e4e
data/targets/target_bit_margin/k8/trial_191.json,3257,,348e56c1d2177a3e2c15055690cf3aded500020dfbc0fa5a2ec81a94c2311ca4
data/targets/target_bit_margin/k8/trial_192.json,3255,,af0d1182ab8f33751def4a8990fb3f201b73cebeb21ebea597a1b1d19b9fdf9e
data/targets/target_bit_margin/k8/trial_193.json,3255,,c0cfc25b518681a54bcb398310f9d2bb558aaddd4257fc385a2823c97b1de486
data/targets/target_bit_margin/k8/trial_194.json,3260,,7f4253da1d72cac19b80fc31983ce7e93680d29a4b63f1f4222fcf24c3c54307
data/targets/target_bit_margin/k8/trial_195.json,3245,,cee7796f7fd77d65f10ea2eb9a6401b692078cceb7c7555b38082dbc80ed3061
data/targets/target_bit_margin/k8/trial_196.json,3251,,e3dd6c6f2be8fce6759dad631fd6ebc403a1cb55a58f5304b02e66a43da04900
data/targets/target_bit_margin/k8/trial_197.json,3245,,d99245c41eccfb2fea7eebb49e75ba456c8c59de3dd03d6a67c73a56d9924e34
data/targets/target_bit_margin/k8/trial_198.json,3262,,8729abc9dff54bb5752c6cd809edbd0e2a90a2d1475a0c8afcdca16ef646bd34
data/targets/target_bit_margin/k8/trial_199.json,3246,,f1cd4d5401f8368d03ab1ba2da86ed33f03e357f324e05192de550e02b927499
data/targets/target_bit_margin/k8/trial_200.json,3253,,75d1283261971f8604b89a5266759fce6611581cb51249e649ecd4ef3e676def
data/targets/target_bit_margin/k8/trial_201.json,3248,,c4cdd9c853a6a0d88ab11cb8e4288a0fd98ddbc105d257cfe245f9e4c0ee14a0
data/targets/target_bit_margin/k8/trial_202.json,3256,,e9cefc64b91d3583d5993aabe8d86ec57749608ebb9d4ad5732cea95d3a8550b
data/targets/target_bit_margin/k8/trial_203.json,3263,,f43fd082d9c71089365bba8fd4ab8340cf5a4e7659080f9b8b688c0c6dd2e3c2
data/targets/target_bit_margin/k8/trial_204.json,3259,,fa0b16a850a0a84fed7b409cdae7c014d0e2c4ff7e9e1ef6d9353965681a0458
data/targets/target_bit_margin/k8/trial_205.json,3255,,ff5ce2c3c0f6c173f05baae766374dee81c5e23cca7a1eef4cb6d857123fdb98
data/targets/target_bit_margin/k8/trial_206.json,3257,,1fd0dc615e3e7314f08e58906a1526e32eab79edcb6fbeeb957193661738e7e5
data/targets/target_bit_margin/k8/trial_207.json,3248,,91b0580a1cbf7e9d294e88bcd0c9c7c37b45605f425f4a41212f68b5ea057142
data/targets/target_bit_margin/k8/trial_208.json,3246,,179a36eed760e6933ec4db483b776b707eea0948238bb0c7cf365a810dd6ae50
data/targets/target_bit_margin/k8/trial_209.json,3241,,656f0063448f5caafaba5782a919a8b2621f3c36c6be0c9b77e214eab9b02fde
data/targets/target_bit_margin/k8/trial_210.json,3248,,217cb06c27e9ea559fb523e1ca32d6f61f3835d36dac83aa0b3e005ca8b077fb
data/targets/target_bit_margin/k8/trial_211.json,3250,,f3e2104ca69d5ffac9f42b622e39b1b6b3c537b2314293a168ee544f7f524ee3
data/targets/target_bit_margin/k8/trial_212.json,3255,,3622a0455d312203207b77a7e8ef33c101a38504573585904fefb739de79f3e2
data/targets/target_bit_margin/k8/trial_213.json,3257,,fd0b03719d9409135d31222263ee5fc98d372da96d0798bb173e121681195ab3
data/targets/target_bit_margin/k8/trial_214.json,3252,,e171bed435e0ef71af385191df359112e89bd5ead6457633a62230538a16bf63
data/targets/target_bit_margin/k8/trial_215.json,3261,,606986d9d1f174b06139e2c4d6783bce53383736d6eeffe47770b28f7b00c7cf
data/targets/target_bit_margin/k8/trial_216.json,3255,,bd33a66251eb889c224e9a8055c51fe5f0e22b43040bcc9bfb06e789c480d823
data/targets/target_bit_margin/k8/trial_217.json,3252,,ae2e56e91d3d99a8056891965af05374e867ab61a4aaa542a86bcdd3e35989f3
data/targets/target_bit_margin/k8/trial_218.json,3240,,5018a50d3486c1d2dec8e330f4980ce56f410858aef5258f0e4023ec59889202
data/targets/target_bit_margin/k8/trial_219.json,3246,,56892bea4d1c23619139dedc8a95930d19ed045f06fca94b6bdfcded0c939101
data/targets/target_bit_margin/k8/trial_220.json,3242,,8b87e200172dfa3a9a46c5986ce3ae63bdc01adf867982e90f22d452d628b4ac
data/targets/target_bit_margin/k8/trial_221.json,3253,,2f57d71927064170cfefe7a43b0b02937c8b416a5c5b83a7680427e701b4d0aa
data/targets/target_bit_margin/k8/trial_222.json,3246,,595ce14acd40fa0da952b8bfae1ebc9fe380426721228a7e14e5976f890cde9f
data/targets/target_bit_margin/k8/trial_223.json,3255,,9adc4fd9e93759b50d26a994fcce262d21d2d3e5122432089907ca149ac3520e
data/targets/target_bit_margin/k8/trial_224.json,3258,,b995a1b35d33b7f12ec39bbb2a2e2791010ee1e91a6eebb5d9d18ceeff8abdb1
data/targets/target_bit_margin/k8/trial_225.json,3256,,d1f11464381d07a1b617cf3ad4f8ac1fde23a3b3d8f148f4f7b57e04798d0cc3
data/targets/target_bit_margin/k8/trial_226.json,3252,,9f3b0d14deefbe60a0c050bcba580a48cd9957c61942dcc002888e355cf7c679
data/targets/target_bit_margin/k8/trial_227.json,3252,,4af5726aedd8128b12712f9081f9ad73d27294bf579f7925e81f9dcdee1cd637
data/targets/target_bit_margin/k8/trial_228.json,3254,,da2608a393ef997e258db08250d7dc159bae1359f4eadb20497f2f400ce24d51
data/targets/target_bit_margin/k8/trial_229.json,3245,,6bea6685c1345e3f7450896761c51fefada6a17df63eb31054a39f0e46372eb8
data/targets/target_bit_margin/k8/trial_230.json,3263,,0c045fd870254a6faf2c3bfbd769d3404bf94469f82f813b8bd9a039da2ebbee
data/targets/target_bit_margin/k8/trial_231.json,3263,,0e1503955826f2b1adeb8d919bd5a6b4e36cc33c98a9485a10c804c695cd2bc2
data/targets/target_bit_margin/k8/trial_232.json,3250,,9fca69f53f828d88b6d00b545ce7b8716701db3cfe7058603fe7b5307dc5b03f
data/targets/target_bit_margin/k8/trial_233.json,3255,,425ff75373e26472b893967bd085468efe10eb16803a48ee88b0b2293e362588
data/targets/target_bit_margin/k8/trial_234.json,3263,,512c52834b94f40def636439dfe2783988abfc1aeafb3f76ad83765df2c6906d
data/targets/target_bit_margin/k8/trial_235.json,3255,,ea0d3ce5f602750b3c05c48cbd264944f43f83561e64dac1c987d5fc8d0e7177
data/targets/target_bit_margin/k8/trial_236.json,3266,,d4d88565d82ba8864db3e04f788e7b333751b2b0322abc339cb9ee5f838ad7c9
data/targets/target_bit_margin/k8/trial_237.json,3250,,cc7412fa6eb587a56a6b57861bc7eb61533c487ee47ea39b7b6ed6311b08bea1
data/targets/target_bit_margin/k8/trial_238.json,3251,,f202b8cf89d9b3ac7d9d300b6e1b25eba4516c58100c6d81094b53251fb76b4c
data/targets/target_bit_margin/k8/trial_239.json,3254,,d5a775176dc9d55f35a3a0dff6c588962a6dd542b31b5502743220e7c4e8c138
data/targets/target_bit_margin/k8/trial_240.json,3260,,6240c91d2f32b5a8799b2ebf626bf83e7b2f592a918698bde9ab0cf6d6572934
data/targets/target_bit_margin/k8/trial_241.json,3254,,bb120e7a479855c1f0de2ae9e271804d4cd914ea5c91f2151e26ee092156b829
data/targets/target_bit_margin/k8/trial_242.json,3255,,50be4313743ab6fd1bbf331a44d38d7027b9e3fa71ab0364b2c0b910cbce4d3d
data/targets/target_bit_margin/k8/trial_243.json,3237,,eeaccb56c298eda01d0f14e5d1b9454f94f69da23ef1cc6c260e815830436314
data/targets/target_bit_margin/k8/trial_244.json,3259,,910d4cfb9737296b1b3d06067e3e16e1d5228739b86b4c02d1ba32894f2acd87
data/targets/target_bit_margin/k8/trial_245.json,3243,,449e553c24e531067b3a4f9bdf4004eaa17f111ca1e4d0783c64473f9a9a6ff8
data/targets/target_bit_margin/k8/trial_246.json,3254,,15fd2215fedba0ae9e943684ee437fb27538b3278b1191be52c7720416a31c82
data/targets/target_bit_margin/k8/trial_247.json,3252,,df803bc40ab2fc08cf7ea05dfd7115cb17224478ad1a20f247bbd3932b47bbde
data/targets/target_bit_margin/k8/trial_248.json,3248,,1e3577dc19ee5d6a5f3e9d1686eb8fe04459249fb3a106e4df0839197f8e4df0
data/targets/target_bit_margin/k8/trial_249.json,3257,,d1c0222dfa932919ad887744bbd8780e184e084f7b6d3f96d38397ce3e986edf
data/targets/target_bit_margin/k8/trial_250.json,3252,,6b1ec35a26127b4c5e9f04237a45072e80ef96f4974e1e25dc0f7816030b00ca
data/targets/target_bit_margin/k8/trial_251.json,3266,,297a2ad2a1aa1f3a730b90ce3e9767a8c9e2efd73edce9fe672be2a585f84259
data/targets/target_bit_margin/k8/trial_252.json,3244,,88108d0c8ddeda42f04f34114b6bb9d4d105517b2eab972c62cd0d519642cdfc
data/targets/target_bit_margin/k8/trial_253.json,3247,,894507fb53a33197f14c12ea0548242bbe34583f63d105da9737aa763a3103a9
data/targets/target_bit_margin/k8/trial_254.json,3258,,b0d9c8589bbe924914da4f07b73e3e5be1832130a134bb04fdeae68347a0b685
data/targets/target_bit_margin/k8/trial_255.json,3260,,d0f8ae83af24d30fb9eb699dcfd057a6b063aafb103b7da6254ae3f2ff595185
data/targets/target_bit_margin/k8/trial_256.json,3244,,7607c8c5eb21d6a949ed439be22ffb05478c8a7d06aab54951a28d63d51086d5
data/targets/target_bit_margin/k8/trial_257.json,3255,,e4ebd0e926828fe88c0c68e8bd935aa2559b834eade0cd68d104189332022151
data/targets/target_bit_margin/k8/trial_258.json,3256,,efef71914e89903c4e9f2c26358cac59158f45178896e11c1f3417162375fe2c
data/targets/target_bit_margin/k8/trial_259.json,3246,,467355ed4763c870d0fd07579511edaf2935468fb2b101a8b172de519ed0e40d
data/targets/target_bit_margin/k8/trial_260.json,3252,,61fc396b035275599156b838c1dbd4eabb29f632440ed2cc40163ac8fa876b21
data/targets/target_bit_margin/k8/trial_261.json,3242,,dd6d41e709e99b3ea344484c693e6b7523736db46e6a99884cb43c85e90ecec4
data/targets/target_bit_margin/k8/trial_262.json,3255,,2b7c30d1df47db1b600d92c85eba66b909d6d3a2ac3e35af5b569749ff7a942a
data/targets/target_bit_margin/k8/trial_263.json,3246,,47c2f925264af690a3a1f55b5e92febcddca5e6f6857638fd44b0fcd55704fc9
data/targets/target_bit_margin/k8/trial_264.json,3251,,0f64f2db547ef61db373295ac66e750e415f780c5698baa8b329d5b679b75a02
data/targets/target_bit_margin/k8/trial_265.json,3249,,ea9d33214b7289392af3ecf1d25a552a54fd53ec43f652f5813286f4237b33bb
data/targets/target_bit_margin/k8/trial_266.json,3256,,182ed2bde4e915e3f225fbd51b666007553e6cb9b8f8f2d9a44edaa32c5d049a
data/targets/target_bit_margin/k8/trial_267.json,3253,,f736fa3af119e82d468e10f6cc60656afc3437fe8db149e9e1f2ef96cfc7df6a
data/targets/target_bit_margin/k8/trial_268.json,3246,,bbc615121318d18d19a947bbafc286c032040e566e7cacaaee21c20804979d5f
data/targets/target_bit_margin/k8/trial_269.json,3253,,f1bf7c8a2c5cbd8faa8c2b667c517f8e032da7e79a44b10f0ec959442fab16d0
data/targets/target_bit_margin/k8/trial_270.json,3251,,3dd957265f0ca2b43c0bae92d0bfaf42d6bac2fc720d2fe99b6b51dc66ea7b95
data/targets/target_bit_margin/k8/trial_271.json,3246,,2f7ea2225adb95f90fd09f428890cb8a1c796cd92127c786adcc92664b5f5fcb
data/targets/target_bit_margin/k8/trial_272.json,3250,,e487310932ce1039eb74d0489428ed7dd4046ab90062cfe90f0cb84c61820259
data/targets/target_bit_margin/k8/trial_273.json,3264,,4b57fae289a86ecd0436833af1432a389a22fe51439b5dc1d3046d42bdcfd3a1
data/targets/target_bit_margin/k8/trial_274.json,3253,,67f85301b0f074080f7f54dd382dca659bfb5321e95259412677cce08ff11e7a
data/targets/target_bit_margin/k8/trial_275.json,3261,,0d8e6ab8af097f8c85a82fa6b4e37fe982c0b3e20cbf5b35e1e14fff551d8ed2
data/targets/target_bit_margin/k8/trial_276.json,3256,,d089e4e06613765d92a718b560498311f51e4eb17f336849ad7bf68b4859b09f
data/targets/target_bit_margin/k8/trial_277.json,3252,,e3efb035a02d6975fc09312653d1239c1059242a93a83c26eac01b080ce164d3
data/targets/target_bit_margin/k8/trial_278.json,3249,,160e11e11c63c50bb02a9b50e169c2149d3ad300e1e525ea9fb78d86ac15a5bb
data/targets/target_bit_margin/k8/trial_279.json,3248,,968789cac43932c737b08117699fbb94668dc7cf71cab1777b5e9cdb6a51fa0a
data/targets/target_bit_margin/k8/trial_280.json,3254,,028ddfb5eaff704b8961eaff82f0285d8752fb2e5d686a0061ef7a30c7d68842
data/targets/target_bit_margin/k8/trial_281.json,3269,,b220de2550e2521ec1e44b4fff3f028010acb5b3321b85a746a500c53e249a4a
data/targets/target_bit_margin/k8/trial_282.json,3247,,f72d6857ef378e22e71e131646c59b6a12d22a6d526ed0d250bf240bee22b8cc
data/targets/target_bit_margin/k8/trial_283.json,3256,,60870dfc179195ff03b15182c631fdfa9fd296f0f0b260f33d9e2b2581a352dc
data/targets/target_bit_margin/k8/trial_284.json,3258,,7ae3ed6c03dda3885c0222bcbbfe8ad0be0f856c3bfeaf07c576e56636189b74
data/targets/target_bit_margin/k8/trial_285.json,3244,,3e96d43bbd5dc5928120dc128634116db58b57ab471ee02da9cc774a25d160a7
data/targets/target_bit_margin/k8/trial_286.json,3239,,e002967bf331be6d06c7fb75b06ac0e2836ab7750562ca16db351fa434146ee1
data/targets/target_bit_margin/k8/trial_287.json,3251,,b2cdcbb6a6b07c5917aa970941c4f1b040dc1eae9468df2ead022ba4178672fc
data/targets/target_bit_margin/k8/trial_288.json,3257,,c6031b1b0565b0df2cf2f1e8052f990f10f4a6f1db5cc4852af9b9be75678519
data/targets/target_bit_margin/k8/trial_289.json,3261,,9996f2540d68b99e3faffd1419bc11469043dd515ede3b370b264e8e41cfb06a
data/targets/target_bit_margin/k8/trial_290.json,3263,,275dd3daf3c42371cb59e8a0602a54917c1b1b069714860aa391afb1d81c452a
data/targets/target_bit_margin/k8/trial_291.json,3248,,85d702fde38391b8e2e9ef9282d3fed37fa3cffd92e56052564fa52844704cbf
data/targets/target_bit_margin/k8/trial_292.json,3258,,5f93ebba164eb6aa7c7b89d2241c27668500463ffc34bf7b5b490ccef6cebdfb
data/targets/target_bit_margin/k8/trial_293.json,3249,,a9d294bbe55f39ce37ff43464c7997e80fc6d8a196a60cf9c7a2148ca16464fb
data/targets/target_bit_margin/k8/trial_294.json,3257,,7d3abe6c39139b628c6371d3cd9c94e5d73a6dcdbb2cfa46580cc8e28258e1e5
data/targets/target_bit_margin/k8/trial_295.json,3248,,976379afe64f6e6bd373f16cdba927af2d62bf4b4d98a8c56fd4272ea0d9d26d
data/targets/target_bit_margin/k8/trial_296.json,3255,,0d03c2000785f04084d7c7180200f6fa128f7e75a77453325809906a6ef5108f
data/targets/target_bit_margin/k8/trial_297.json,3252,,e0ca6b93a0fd74d6405a9ae47825d5852b92c4d0f42cf7de5044eca3de4b0149
data/targets/target_bit_margin/k8/trial_298.json,3245,,d4e4fa4760a707ebb98cc75a1b9a07c84dd2724958c0d1c13aca365e4d4de160
data/targets/target_bit_margin/k8/trial_299.json,3258,,6c97807e5513be6e2d70f771066a17060a224177157eb152ada74ba3f3a23c61
data/targeted/k5/target_bit_margin/audioseal.csv,1510460,3000,7f3e693f52c647d26572f4afc28f0b08601408738a57594ce814155cc534c703
data/targeted/k5/target_bit_margin/timbrewm.csv,1382806,3000,b9a374f730c3061a53f358156f599c44b0a1562cdb2a8f7b335ee287c2591d12
data/targeted/k5/target_bit_margin/voicemark.csv,1513931,3000,a0308c07c9eec9fd1be4b4e1defeb74b93f300939e80aa62356af5a5fc437d5a
data/targeted/k5/target_bit_margin/wavmark.csv,1504223,3000,00328a738e4391deb19d2e0b1b0a9da1e8f7ae9a86e50f1db8ba78ccb76f9ef2
data/targeted/k5/target_bit_margin/wmcodec.csv,1483497,3000,48b73806fc3d7688b0cb324d7a3c674d0dc933d3768dcc1de02ded232d2e199c
data/targeted/k8/target_bit_margin/audioseal.csv,1762762,3000,d55414368a5fc15c25280c8d3a22682f80eb425990558b03c3911ab4c8f23492
data/targeted/k8/target_bit_margin/timbrewm.csv,1618658,3000,bf8ddad583627015180fd952ce5216d61c0cda0993484cfba1e0ebcc7761f630
data/targeted/k8/target_bit_margin/voicemark.csv,1766127,3000,851f5c68bce775b722b982609fa358acd22154ebe923a3310aa1a1e764949d3d
data/targeted/k8/target_bit_margin/wavmark.csv,1756475,3000,a97e1233f9092799eb1dc832bcc9976429795a6982239580e0a3bb212fce6e9f
data/targeted/k8/target_bit_margin/wmcodec.csv,1735583,3000,5bdc04f858c190fb5e19d79f2832b71f773669bedb28db75ade38ed8cdd2cc1b
data/one_bit/pairs/audioseal.csv,329324,300,2f7514763f17b3983ac1cbd66772e6e67845e6330deaa01ac51440be528174ab
data/one_bit/pairs/voicemark.csv,326355,300,40cde1fd9b2c2f186aa2516afc80f6aa249838855786d02b24065f81c735112a
data/one_bit/paths.csv,21912,600,779b8c37c20ec8677668f1fbdcacea0d68b21c72cfaf23ed229c0ce96d833fb8
data/confidence/audioseal.csv,120881,894,8c30c4c4874ce18fbcb38a28b67c2bd0385b410c6bd24ce27a19bcc48357f15f
data/confidence/timbrewm.csv,118596,900,f42343522b0d7620f6fec3dbd666241e96efe858c56473fdaecb5b447de5c8dc
data/confidence/voicemark.csv,83140,619,1d711eb0ea166f2fff44aa2a1f93b409f6de18178eee3fc78ac060d6ed62dab1
data/confidence/wavmark.csv,121204,900,5b342ac14c9347b313524fc08ce083420452269a44a6f4f19890817662f5999c
data/confidence/wmcodec.csv,83833,634,c00842488aee7e2f0b2ce3504e1b4bd7d17f4b2c64399476ca00e6c118e72cf3
data/summary/average_results.csv,1148,20,82a6f788049cdb05953cfbc051376923b2ea5c445df50422303641b5b480f55c
data/summary/bit_composition.csv,2670,45,59ccd07e7c1550bd17db410a51ef54eaf6a43364fd0561a38487bbbdbdc00835
data/summary/confidence_screening.csv,310,5,ce7165884a29b18f7eaf8cb556f605093937cd950f18888653705d87d3ee205c
data/summary/confidence_summary.csv,1035,15,bdd9804d49ebaab29aada7fccadd64d5e9ccbbfb20b58178d131f3368398beea
data/summary/ideal_tracing_failure.csv,321,8,60d19ec86a37996de4af2f230d42463dafbcc49defefe4ca7ed0385a79a47085
data/summary/one_bit_examples.csv,1910,40,ea1e6ad504e16633117a971492cd402c9e8131beb2e7484868251ae386e9d195
data/summary/targeted_hits.csv,747,10,360ffc6fd2c0efbcf1930912f2b9e9e39d0d75c60fcbf3e4938316a1a4de6c48
data/supplementary/alignment/all_trials.csv,1873101,10500,3a26a58fd103d33eb36d7bebf30649750db729280628642a3dcf6172ba5dfd2f
data/supplementary/alignment/summary_by_system_shift.csv,4120,35,9c5ca40ea5b1ab521d0fdedb68a2f474e2e1c605eb7c00c395978047d83a803a
data/supplementary/alignment/summary_cross_system.csv,960,4,0edb6add17ddd78bc3dc8b1da2599e77ac744850483123a02428eaffccc4b898
data/supplementary/alignment/summary_direction_averaged.csv,2423,20,d9d79c7439a4e0c7d4fa336bc3a38691faf1b2286da34ddd67cb45042494219b
data/supplementary/codec/all_trials.csv,906305,4500,4a655689ff0018cfeb6068a0321dbd595e665efda518558efac61b073bc1ead8
data/supplementary/codec/summary_by_system_codec.csv,2344,15,33b6d71f1fc2bf13128cc9450a6056816fe1caed9c4edce2350cb51ffc5a8473
data/supplementary/codec/summary_cross_system.csv,824,3,72196aba4bd8a6f7faa66093daf7bc1363cce7f533da29513d51ccac542c3a1e
data/supplementary/confidence_screening/fold_thresholds.csv,4392,25,dcc966b2495c480e1940a0a751ae706545ad570916763cfd40fbd037b7a0feef
data/supplementary/confidence_screening/manifest.json,29857,,463474bfaf0c8faa4bfd70f7ba77dba4e9b08a4c568d722ad056e8d229e39589
data/supplementary/confidence_screening/records.csv,2025724,8767,d05c410bd54aa575d9486766243fc35387773ca4d84eb98c6dd80d6712a84121
data/supplementary/quality/all_trials.csv,1176684,6000,f1f88a656ab73d09e8f2c15886f8c90f077f8c8bec6f3256806d097e0e241bed
data/supplementary/quality/reproduction_audit.json,1125,,9785b6a257e07a6456a6da184d3372cb941c02dceb186c8e8cbd7d80ea283549
data/supplementary/quality/summary_by_system_k.csv,2610,20,027ad1259ff8e8d0558c3dc241908530e71c70fd359560cf8d39e381285efe62
data/supplementary/quality/table2_quality_means.csv,561,5,102820dea5c535ffe7dde6d4ef36b60682e1175be9f78dbe44988fa5092a03d0
data/supplementary/registry_occupancy/registry_occupancy_all_k_average.csv,589,4,9a8d52a4351d15e78b5b6ac8c36be87b1b0eaa582f1668c0be08557f5fc80766
data/supplementary/registry_occupancy/registry_occupancy_by_system_k.csv,13897,80,33d5edcb907f2b7401f736f2b1bc33f475d7c3d3e32a2a1471e103d303775bfb
data/supplementary/registry_occupancy/registry_occupancy_k2_average.csv,605,4,c8978c5c8654fba4e5e4b7ba605552eb0c1b86810941d15ac75b9a0304956053
