model,K,spk,local_t,gi,target,method,target_top1,N_registry,target_margin
timbrewm,5,chinese:SSB0005,0,0,565,mean,0,1024,-3.01786327
timbrewm,5,chinese:SSB0005,0,0,565,tct,0,1024,-1.85780096
timbrewm,5,chinese:SSB0005,0,0,595,mean,0,1024,-1.85439873
timbrewm,5,chinese:SSB0005,0,0,595,tct,0,1024,-0.52753448
timbrewm,5,chinese:SSB0005,0,0,836,mean,0,1024,-1.39084005
timbrewm,5,chinese:SSB0005,0,0,836,tct,0,1024,-0.34364033
timbrewm,5,chinese:SSB0005,0,0,118,mean,0,1024,-3.52963066
timbrewm,5,chinese:SSB0005,0,0,118,tct,0,1024,-1.70884991
timbrewm,5,chinese:SSB0005,0,0,224,mean,0,1024,-1.46562481
timbrewm,5,chinese:SSB0005,0,0,224,tct,0,1024,-1.12344694
timbrewm,5,chinese:SSB0005,0,0,778,mean,0,1024,-1.70494509
timbrewm,5,chinese:SSB0005,0,0,778,tct,0,1024,-0.55589771
timbrewm,5,chinese:SSB0005,0,0,442,mean,0,1024,-3.21746254
timbrewm,5,chinese:SSB0005,0,0,442,tct,0,1024,-2.56255341
timbrewm,5,chinese:SSB0005,0,0,739,mean,0,1024,-1.09369278
timbrewm,5,chinese:SSB0005,0,0,739,tct,0,1024,-0.29177284
timbrewm,5,chinese:SSB0005,0,0,937,mean,0,1024,-1.25445652
timbrewm,5,chinese:SSB0005,0,0,937,tct,0,1024,-1.09904146
timbrewm,5,chinese:SSB0005,0,0,601,mean,0,1024,-1.06924963
timbrewm,5,chinese:SSB0005,0,0,601,tct,0,1024,-0.08959532
timbrewm,5,chinese:SSB0005,1,1,673,mean,0,1024,-0.68161297
timbrewm,5,chinese:SSB0005,1,1,673,tct,0,1024,-0.11030912
timbrewm,5,chinese:SSB0005,1,1,610,mean,0,1024,-2.09151554
timbrewm,5,chinese:SSB0005,1,1,610,tct,0,1024,-1.34274864
timbrewm,5,chinese:SSB0005,1,1,389,mean,0,1024,-0.86526871
timbrewm,5,chinese:SSB0005,1,1,389,tct,0,1024,-0.03603315
timbrewm,5,chinese:SSB0005,1,1,532,mean,0,1024,-1.51167870
timbrewm,5,chinese:SSB0005,1,1,532,tct,0,1024,-0.60656357
timbrewm,5,chinese:SSB0005,1,1,440,mean,0,1024,-0.66438198
timbrewm,5,chinese:SSB0005,1,1,440,tct,0,1024,-0.14916182
timbrewm,5,chinese:SSB0005,1,1,827,mean,0,1024,-1.74765491
timbrewm,5,chinese:SSB0005,1,1,827,tct,0,1024,-1.26328993
timbrewm,5,chinese:SSB0005,1,1,816,mean,0,1024,-0.64132404
timbrewm,5,chinese:SSB0005,1,1,816,tct,0,1024,-0.13661909
timbrewm,5,chinese:SSB0005,1,1,386,mean,0,1024,-1.89720106
timbrewm,5,chinese:SSB0005,1,1,386,tct,0,1024,-0.55694962
timbrewm,5,chinese:SSB0005,1,1,286,mean,0,1024,-2.36837816
timbrewm,5,chinese:SSB0005,1,1,286,tct,0,1024,-1.71535206
timbrewm,5,chinese:SSB0005,1,1,125,mean,0,1024,-1.15738201
timbrewm,5,chinese:SSB0005,1,1,125,tct,0,1024,-0.62939930
timbrewm,5,chinese:SSB0005,2,2,755,mean,0,1024,-1.47494030
timbrewm,5,chinese:SSB0005,2,2,755,tct,0,1024,-0.51587963
timbrewm,5,chinese:SSB0005,2,2,998,mean,0,1024,-1.45472860
timbrewm,5,chinese:SSB0005,2,2,998,tct,0,1024,-0.20581007
timbrewm,5,chinese:SSB0005,2,2,558,mean,0,1024,-1.01621723
timbrewm,5,chinese:SSB0005,2,2,558,tct,0,1024,-0.37340879
timbrewm,5,chinese:SSB0005,2,2,437,mean,0,1024,-2.46853590
timbrewm,5,chinese:SSB0005,2,2,437,tct,0,1024,-1.78334904
timbrewm,5,chinese:SSB0005,2,2,379,mean,0,1024,-2.53886271
timbrewm,5,chinese:SSB0005,2,2,379,tct,0,1024,-1.58140850
timbrewm,5,chinese:SSB0005,2,2,421,mean,0,1024,-2.24149275
timbrewm,5,chinese:SSB0005,2,2,421,tct,0,1024,-1.66891336
timbrewm,5,chinese:SSB0005,2,2,824,mean,0,1024,-1.57266188
timbrewm,5,chinese:SSB0005,2,2,824,tct,0,1024,-0.38962746
timbrewm,5,chinese:SSB0005,2,2,217,mean,0,1024,-2.32641459
timbrewm,5,chinese:SSB0005,2,2,217,tct,0,1024,-1.11629343
timbrewm,5,chinese:SSB0005,2,2,598,mean,0,1024,-2.47066116
timbrewm,5,chinese:SSB0005,2,2,598,tct,0,1024,-1.90872002
timbrewm,5,chinese:SSB0005,2,2,800,mean,0,1024,-1.79697371
timbrewm,5,chinese:SSB0005,2,2,800,tct,0,1024,-0.65633202
timbrewm,5,chinese:SSB0009,0,3,490,mean,0,1024,-2.04266739
timbrewm,5,chinese:SSB0009,0,3,490,tct,0,1024,-1.13736248
timbrewm,5,chinese:SSB0009,0,3,841,mean,0,1024,-2.82134104
timbrewm,5,chinese:SSB0009,0,3,841,tct,0,1024,-1.28548670
timbrewm,5,chinese:SSB0009,0,3,980,mean,0,1024,-1.93872976
timbrewm,5,chinese:SSB0009,0,3,980,tct,0,1024,-1.10201931
timbrewm,5,chinese:SSB0009,0,3,515,mean,0,1024,-2.51690292
timbrewm,5,chinese:SSB0009,0,3,515,tct,0,1024,-2.04480839
timbrewm,5,chinese:SSB0009,0,3,343,mean,0,1024,-2.73654079
timbrewm,5,chinese:SSB0009,0,3,343,tct,0,1024,-1.98648834
timbrewm,5,chinese:SSB0009,0,3,298,mean,0,1024,-2.36168480
timbrewm,5,chinese:SSB0009,0,3,298,tct,0,1024,-1.44877529
timbrewm,5,chinese:SSB0009,0,3,346,mean,0,1024,-3.90194082
timbrewm,5,chinese:SSB0009,0,3,346,tct,0,1024,-2.93567944
timbrewm,5,chinese:SSB0009,0,3,429,mean,0,1024,-0.70906639
timbrewm,5,chinese:SSB0009,0,3,429,tct,0,1024,-0.04152918
timbrewm,5,chinese:SSB0009,0,3,520,mean,0,1024,-2.74485159
timbrewm,5,chinese:SSB0009,0,3,520,tct,0,1024,-2.31433725
timbrewm,5,chinese:SSB0009,0,3,313,mean,0,1024,-1.99227142
timbrewm,5,chinese:SSB0009,0,3,313,tct,0,1024,-0.80827332
timbrewm,5,chinese:SSB0009,1,4,234,mean,0,1024,-2.41358089
timbrewm,5,chinese:SSB0009,1,4,234,tct,0,1024,-1.97887993
timbrewm,5,chinese:SSB0009,1,4,68,mean,0,1024,-1.69530678
timbrewm,5,chinese:SSB0009,1,4,68,tct,0,1024,-1.43277407
timbrewm,5,chinese:SSB0009,1,4,226,mean,0,1024,-2.46102428
timbrewm,5,chinese:SSB0009,1,4,226,tct,0,1024,-2.31025934
timbrewm,5,chinese:SSB0009,1,4,813,mean,0,1024,-2.68967342
timbrewm,5,chinese:SSB0009,1,4,813,tct,0,1024,-2.56536007
timbrewm,5,chinese:SSB0009,1,4,855,mean,0,1024,-0.53305054
timbrewm,5,chinese:SSB0009,1,4,855,tct,0,1024,-0.00940752
timbrewm,5,chinese:SSB0009,1,4,946,mean,0,1024,-2.03575468
timbrewm,5,chinese:SSB0009,1,4,946,tct,0,1024,-1.42884731
timbrewm,5,chinese:SSB0009,1,4,269,mean,0,1024,-1.40329266
timbrewm,5,chinese:SSB0009,1,4,269,tct,0,1024,-0.99638748
timbrewm,5,chinese:SSB0009,1,4,879,mean,0,1024,-1.66246605
timbrewm,5,chinese:SSB0009,1,4,879,tct,0,1024,-1.67071009
timbrewm,5,chinese:SSB0009,1,4,870,mean,0,1024,-1.41968822
timbrewm,5,chinese:SSB0009,1,4,870,tct,0,1024,-1.04693413
timbrewm,5,chinese:SSB0009,1,4,832,mean,0,1024,-1.19581413
timbrewm,5,chinese:SSB0009,1,4,832,tct,0,1024,-1.04206276
timbrewm,5,chinese:SSB0009,2,5,81,mean,0,1024,-2.32214355
timbrewm,5,chinese:SSB0009,2,5,81,tct,0,1024,-1.10135889
timbrewm,5,chinese:SSB0009,2,5,0,mean,0,1024,-2.48477745
timbrewm,5,chinese:SSB0009,2,5,0,tct,0,1024,-1.17043543
timbrewm,5,chinese:SSB0009,2,5,607,mean,0,1024,-0.31730795
timbrewm,5,chinese:SSB0009,2,5,607,tct,1,1024,0.02204609
timbrewm,5,chinese:SSB0009,2,5,469,mean,0,1024,-2.39915276
timbrewm,5,chinese:SSB0009,2,5,469,tct,0,1024,-0.36795616
timbrewm,5,chinese:SSB0009,2,5,819,mean,0,1024,-2.75423622
timbrewm,5,chinese:SSB0009,2,5,819,tct,0,1024,-1.36922598
timbrewm,5,chinese:SSB0009,2,5,294,mean,0,1024,-2.72034883
timbrewm,5,chinese:SSB0009,2,5,294,tct,0,1024,-1.87804079
timbrewm,5,chinese:SSB0009,2,5,216,mean,0,1024,-2.22938776
timbrewm,5,chinese:SSB0009,2,5,216,tct,0,1024,-1.03589201
timbrewm,5,chinese:SSB0009,2,5,648,mean,0,1024,-1.55597639
timbrewm,5,chinese:SSB0009,2,5,648,tct,0,1024,-1.37102413
timbrewm,5,chinese:SSB0009,2,5,323,mean,0,1024,-2.11106110
timbrewm,5,chinese:SSB0009,2,5,323,tct,0,1024,-1.37937737
timbrewm,5,chinese:SSB0009,2,5,91,mean,0,1024,-1.42761612
timbrewm,5,chinese:SSB0009,2,5,91,tct,0,1024,-0.88468838
timbrewm,5,chinese:SSB0011,0,6,352,mean,0,1024,-2.11198330
timbrewm,5,chinese:SSB0011,0,6,352,tct,0,1024,-0.97139263
timbrewm,5,chinese:SSB0011,0,6,765,mean,0,1024,-0.49700356
timbrewm,5,chinese:SSB0011,0,6,765,tct,0,1024,-0.56883240
timbrewm,5,chinese:SSB0011,0,6,510,mean,0,1024,-0.93192863
timbrewm,5,chinese:SSB0011,0,6,510,tct,0,1024,-0.77762794
timbrewm,5,chinese:SSB0011,0,6,220,mean,0,1024,-0.57639647
timbrewm,5,chinese:SSB0011,0,6,220,tct,0,1024,-0.52648163
timbrewm,5,chinese:SSB0011,0,6,715,mean,0,1024,-0.47907114
timbrewm,5,chinese:SSB0011,0,6,715,tct,0,1024,-0.11858749
timbrewm,5,chinese:SSB0011,0,6,763,mean,0,1024,-0.61414671
timbrewm,5,chinese:SSB0011,0,6,763,tct,0,1024,-0.65088558
timbrewm,5,chinese:SSB0011,0,6,1022,mean,0,1024,-0.74190044
timbrewm,5,chinese:SSB0011,0,6,1022,tct,0,1024,-0.53032255
timbrewm,5,chinese:SSB0011,0,6,781,mean,0,1024,-0.79542398
timbrewm,5,chinese:SSB0011,0,6,781,tct,0,1024,-0.59514236
timbrewm,5,chinese:SSB0011,0,6,456,mean,0,1024,-1.11413670
timbrewm,5,chinese:SSB0011,0,6,456,tct,0,1024,-0.16194582
timbrewm,5,chinese:SSB0011,0,6,803,mean,0,1024,-1.53558636
timbrewm,5,chinese:SSB0011,0,6,803,tct,0,1024,-0.87940025
timbrewm,5,chinese:SSB0011,1,7,142,mean,0,1024,-0.94878721
timbrewm,5,chinese:SSB0011,1,7,142,tct,0,1024,-0.46856976
timbrewm,5,chinese:SSB0011,1,7,223,mean,0,1024,-1.84685183
timbrewm,5,chinese:SSB0011,1,7,223,tct,0,1024,-1.07267761
timbrewm,5,chinese:SSB0011,1,7,838,mean,0,1024,-0.87959957
timbrewm,5,chinese:SSB0011,1,7,838,tct,0,1024,-0.38776350
timbrewm,5,chinese:SSB0011,1,7,530,mean,0,1024,-1.39854956
timbrewm,5,chinese:SSB0011,1,7,530,tct,0,1024,-0.33616257
timbrewm,5,chinese:SSB0011,1,7,103,mean,0,1024,-2.33542252
timbrewm,5,chinese:SSB0011,1,7,103,tct,0,1024,-1.92894459
timbrewm,5,chinese:SSB0011,1,7,720,mean,0,1024,-1.69164944
timbrewm,5,chinese:SSB0011,1,7,720,tct,0,1024,-1.16135693
timbrewm,5,chinese:SSB0011,1,7,749,mean,0,1024,-1.48158121
timbrewm,5,chinese:SSB0011,1,7,749,tct,0,1024,-0.22244930
timbrewm,5,chinese:SSB0011,1,7,567,mean,0,1024,-1.35431528
timbrewm,5,chinese:SSB0011,1,7,567,tct,1,1024,0.01167774
timbrewm,5,chinese:SSB0011,1,7,307,mean,0,1024,-2.27273083
timbrewm,5,chinese:SSB0011,1,7,307,tct,0,1024,-1.32958698
timbrewm,5,chinese:SSB0011,1,7,600,mean,0,1024,-2.06948471
timbrewm,5,chinese:SSB0011,1,7,600,tct,0,1024,-1.18453789
timbrewm,5,chinese:SSB0011,2,8,968,mean,0,1024,-1.18473864
timbrewm,5,chinese:SSB0011,2,8,968,tct,0,1024,-1.00888062
timbrewm,5,chinese:SSB0011,2,8,817,mean,0,1024,-2.05934620
timbrewm,5,chinese:SSB0011,2,8,817,tct,0,1024,-1.58723068
timbrewm,5,chinese:SSB0011,2,8,408,mean,0,1024,-2.68360329
timbrewm,5,chinese:SSB0011,2,8,408,tct,0,1024,-0.96590137
timbrewm,5,chinese:SSB0011,2,8,226,mean,0,1024,-1.34471893
timbrewm,5,chinese:SSB0011,2,8,226,tct,0,1024,-1.15399265
timbrewm,5,chinese:SSB0011,2,8,376,mean,0,1024,-0.91918278
timbrewm,5,chinese:SSB0011,2,8,376,tct,0,1024,-0.35173845
timbrewm,5,chinese:SSB0011,2,8,324,mean,0,1024,-1.07382774
timbrewm,5,chinese:SSB0011,2,8,324,tct,0,1024,-0.48766136
timbrewm,5,chinese:SSB0011,2,8,812,mean,0,1024,-1.46633720
timbrewm,5,chinese:SSB0011,2,8,812,tct,0,1024,-1.16839981
timbrewm,5,chinese:SSB0011,2,8,216,mean,0,1024,-2.00113535
timbrewm,5,chinese:SSB0011,2,8,216,tct,0,1024,-0.92312956
timbrewm,5,chinese:SSB0011,2,8,540,mean,0,1024,-2.34836292
timbrewm,5,chinese:SSB0011,2,8,540,tct,0,1024,-1.24415874
timbrewm,5,chinese:SSB0011,2,8,2,mean,0,1024,-1.32617474
timbrewm,5,chinese:SSB0011,2,8,2,tct,0,1024,-0.81578064
timbrewm,5,chinese:SSB0012,0,9,497,mean,0,1024,-2.37430239
timbrewm,5,chinese:SSB0012,0,9,497,tct,0,1024,-1.99274445
timbrewm,5,chinese:SSB0012,0,9,398,mean,0,1024,-2.26170397
timbrewm,5,chinese:SSB0012,0,9,398,tct,0,1024,-1.84893322
timbrewm,5,chinese:SSB0012,0,9,264,mean,0,1024,-2.44722795
timbrewm,5,chinese:SSB0012,0,9,264,tct,0,1024,-2.48458052
timbrewm,5,chinese:SSB0012,0,9,455,mean,0,1024,-0.93394136
timbrewm,5,chinese:SSB0012,0,9,455,tct,0,1024,-0.22632790
timbrewm,5,chinese:SSB0012,0,9,565,mean,0,1024,-3.54059076
timbrewm,5,chinese:SSB0012,0,9,565,tct,0,1024,-2.20142365
timbrewm,5,chinese:SSB0012,0,9,549,mean,0,1024,-2.83924007
timbrewm,5,chinese:SSB0012,0,9,549,tct,0,1024,-2.13983154
timbrewm,5,chinese:SSB0012,0,9,747,mean,0,1024,-1.82559252
timbrewm,5,chinese:SSB0012,0,9,747,tct,0,1024,-0.94550896
timbrewm,5,chinese:SSB0012,0,9,959,mean,0,1024,-3.16980219
timbrewm,5,chinese:SSB0012,0,9,959,tct,0,1024,-3.25108671
timbrewm,5,chinese:SSB0012,0,9,493,mean,0,1024,-1.52438116
timbrewm,5,chinese:SSB0012,0,9,493,tct,0,1024,-0.95803952
timbrewm,5,chinese:SSB0012,0,9,500,mean,0,1024,-2.43612719
timbrewm,5,chinese:SSB0012,0,9,500,tct,0,1024,-1.98065090
timbrewm,5,chinese:SSB0012,1,10,334,mean,0,1024,-1.99535370
timbrewm,5,chinese:SSB0012,1,10,334,tct,0,1024,-0.37695312
timbrewm,5,chinese:SSB0012,1,10,806,mean,0,1024,-2.44422722
timbrewm,5,chinese:SSB0012,1,10,806,tct,0,1024,-0.80787945
timbrewm,5,chinese:SSB0012,1,10,858,mean,0,1024,-3.18186188
timbrewm,5,chinese:SSB0012,1,10,858,tct,0,1024,-1.56056881
timbrewm,5,chinese:SSB0012,1,10,169,mean,0,1024,-1.26859760
timbrewm,5,chinese:SSB0012,1,10,169,tct,0,1024,-1.11070251
timbrewm,5,chinese:SSB0012,1,10,864,mean,0,1024,-1.98579597
timbrewm,5,chinese:SSB0012,1,10,864,tct,0,1024,-1.92415428
timbrewm,5,chinese:SSB0012,1,10,261,mean,0,1024,-2.28535843
timbrewm,5,chinese:SSB0012,1,10,261,tct,0,1024,-0.73904514
timbrewm,5,chinese:SSB0012,1,10,490,mean,0,1024,-1.11459732
timbrewm,5,chinese:SSB0012,1,10,490,tct,0,1024,-0.40340805
timbrewm,5,chinese:SSB0012,1,10,243,mean,0,1024,-2.91750336
timbrewm,5,chinese:SSB0012,1,10,243,tct,0,1024,-2.19462776
timbrewm,5,chinese:SSB0012,1,10,502,mean,0,1024,-1.64890575
timbrewm,5,chinese:SSB0012,1,10,502,tct,0,1024,-1.45519209
timbrewm,5,chinese:SSB0012,1,10,192,mean,0,1024,-1.76692772
timbrewm,5,chinese:SSB0012,1,10,192,tct,0,1024,-1.07156467
timbrewm,5,chinese:SSB0012,2,11,601,mean,0,1024,-3.33814955
timbrewm,5,chinese:SSB0012,2,11,601,tct,0,1024,-2.39902592
timbrewm,5,chinese:SSB0012,2,11,559,mean,0,1024,-3.19631147
timbrewm,5,chinese:SSB0012,2,11,559,tct,0,1024,-2.34793377
timbrewm,5,chinese:SSB0012,2,11,132,mean,0,1024,-2.72632408
timbrewm,5,chinese:SSB0012,2,11,132,tct,0,1024,-1.27939892
timbrewm,5,chinese:SSB0012,2,11,435,mean,0,1024,-1.49092865
timbrewm,5,chinese:SSB0012,2,11,435,tct,0,1024,-0.72588205
timbrewm,5,chinese:SSB0012,2,11,685,mean,0,1024,-2.54278564
timbrewm,5,chinese:SSB0012,2,11,685,tct,0,1024,-1.21430159
timbrewm,5,chinese:SSB0012,2,11,968,mean,0,1024,-1.21657705
timbrewm,5,chinese:SSB0012,2,11,968,tct,0,1024,-0.49094534
timbrewm,5,chinese:SSB0012,2,11,550,mean,0,1024,-3.86084127
timbrewm,5,chinese:SSB0012,2,11,550,tct,0,1024,-3.74953747
timbrewm,5,chinese:SSB0012,2,11,651,mean,0,1024,-2.49851227
timbrewm,5,chinese:SSB0012,2,11,651,tct,0,1024,-1.48824596
timbrewm,5,chinese:SSB0012,2,11,103,mean,0,1024,-3.17413187
timbrewm,5,chinese:SSB0012,2,11,103,tct,0,1024,-1.83002663
timbrewm,5,chinese:SSB0012,2,11,362,mean,0,1024,-0.92752218
timbrewm,5,chinese:SSB0012,2,11,362,tct,0,1024,-0.08969355
timbrewm,5,chinese:SSB0016,0,12,745,mean,0,1024,-1.20859671
timbrewm,5,chinese:SSB0016,0,12,745,tct,0,1024,-0.40719414
timbrewm,5,chinese:SSB0016,0,12,734,mean,0,1024,-2.49547625
timbrewm,5,chinese:SSB0016,0,12,734,tct,0,1024,-0.33625126
timbrewm,5,chinese:SSB0016,0,12,846,mean,0,1024,-1.79785109
timbrewm,5,chinese:SSB0016,0,12,846,tct,0,1024,-0.43002987
timbrewm,5,chinese:SSB0016,0,12,872,mean,0,1024,-0.89483595
timbrewm,5,chinese:SSB0016,0,12,872,tct,0,1024,-0.60731125
timbrewm,5,chinese:SSB0016,0,12,439,mean,0,1024,-3.01887369
timbrewm,5,chinese:SSB0016,0,12,439,tct,0,1024,-1.97030640
timbrewm,5,chinese:SSB0016,0,12,362,mean,0,1024,-0.61008453
timbrewm,5,chinese:SSB0016,0,12,362,tct,0,1024,-0.43793297
timbrewm,5,chinese:SSB0016,0,12,838,mean,0,1024,-2.55389643
timbrewm,5,chinese:SSB0016,0,12,838,tct,0,1024,-1.49774551
timbrewm,5,chinese:SSB0016,0,12,634,mean,0,1024,-1.40907812
timbrewm,5,chinese:SSB0016,0,12,634,tct,0,1024,-1.07327843
timbrewm,5,chinese:SSB0016,0,12,611,mean,0,1024,-1.78125906
timbrewm,5,chinese:SSB0016,0,12,611,tct,0,1024,-1.41171694
timbrewm,5,chinese:SSB0016,0,12,314,mean,0,1024,-1.50765085
timbrewm,5,chinese:SSB0016,0,12,314,tct,0,1024,-1.28544426
timbrewm,5,chinese:SSB0016,1,13,415,mean,0,1024,-0.61076736
timbrewm,5,chinese:SSB0016,1,13,415,tct,0,1024,-0.21530151
timbrewm,5,chinese:SSB0016,1,13,306,mean,0,1024,-2.15318298
timbrewm,5,chinese:SSB0016,1,13,306,tct,0,1024,-1.06251049
timbrewm,5,chinese:SSB0016,1,13,983,mean,0,1024,-0.95481205
timbrewm,5,chinese:SSB0016,1,13,983,tct,0,1024,-0.33465672
timbrewm,5,chinese:SSB0016,1,13,159,mean,0,1024,-0.87996721
timbrewm,5,chinese:SSB0016,1,13,159,tct,0,1024,-0.15472412
timbrewm,5,chinese:SSB0016,1,13,567,mean,0,1024,-1.54885244
timbrewm,5,chinese:SSB0016,1,13,567,tct,0,1024,-1.43474388
timbrewm,5,chinese:SSB0016,1,13,444,mean,0,1024,-1.44928741
timbrewm,5,chinese:SSB0016,1,13,444,tct,0,1024,-1.13052177
timbrewm,5,chinese:SSB0016,1,13,654,mean,0,1024,-0.60177755
timbrewm,5,chinese:SSB0016,1,13,654,tct,0,1024,-0.20060873
timbrewm,5,chinese:SSB0016,1,13,807,mean,0,1024,-0.97798729
timbrewm,5,chinese:SSB0016,1,13,807,tct,0,1024,-0.32842064
timbrewm,5,chinese:SSB0016,1,13,884,mean,0,1024,-1.68283606
timbrewm,5,chinese:SSB0016,1,13,884,tct,0,1024,-0.25870132
timbrewm,5,chinese:SSB0016,1,13,852,mean,0,1024,-1.09605408
timbrewm,5,chinese:SSB0016,1,13,852,tct,0,1024,-0.30339575
timbrewm,5,chinese:SSB0016,2,14,179,mean,0,1024,-2.84237719
timbrewm,5,chinese:SSB0016,2,14,179,tct,0,1024,-0.65050983
timbrewm,5,chinese:SSB0016,2,14,820,mean,0,1024,-1.75714302
timbrewm,5,chinese:SSB0016,2,14,820,tct,0,1024,-0.78648806
timbrewm,5,chinese:SSB0016,2,14,379,mean,0,1024,-2.36778879
timbrewm,5,chinese:SSB0016,2,14,379,tct,0,1024,-0.43805885
timbrewm,5,chinese:SSB0016,2,14,500,mean,0,1024,-2.13913298
timbrewm,5,chinese:SSB0016,2,14,500,tct,0,1024,-0.38976097
timbrewm,5,chinese:SSB0016,2,14,858,mean,0,1024,-2.55319977
timbrewm,5,chinese:SSB0016,2,14,858,tct,0,1024,-1.34741449
timbrewm,5,chinese:SSB0016,2,14,442,mean,0,1024,-4.00155973
timbrewm,5,chinese:SSB0016,2,14,442,tct,0,1024,-0.26070690
timbrewm,5,chinese:SSB0016,2,14,239,mean,0,1024,-1.92734814
timbrewm,5,chinese:SSB0016,2,14,239,tct,0,1024,-0.83107567
timbrewm,5,chinese:SSB0016,2,14,592,mean,0,1024,-1.20066309
timbrewm,5,chinese:SSB0016,2,14,592,tct,0,1024,-0.88928223
timbrewm,5,chinese:SSB0016,2,14,504,mean,0,1024,-2.62135553
timbrewm,5,chinese:SSB0016,2,14,504,tct,0,1024,-0.06904697
timbrewm,5,chinese:SSB0016,2,14,691,mean,0,1024,-2.28299522
timbrewm,5,chinese:SSB0016,2,14,691,tct,0,1024,-0.23923063
timbrewm,5,chinese:SSB0018,0,15,712,mean,0,1024,-2.11542273
timbrewm,5,chinese:SSB0018,0,15,712,tct,0,1024,-1.76635456
timbrewm,5,chinese:SSB0018,0,15,143,mean,0,1024,-2.60532188
timbrewm,5,chinese:SSB0018,0,15,143,tct,0,1024,-2.16089106
timbrewm,5,chinese:SSB0018,0,15,492,mean,0,1024,-2.54375029
timbrewm,5,chinese:SSB0018,0,15,492,tct,0,1024,-1.05577230
timbrewm,5,chinese:SSB0018,0,15,763,mean,0,1024,-1.08205938
timbrewm,5,chinese:SSB0018,0,15,763,tct,0,1024,-1.03906345
timbrewm,5,chinese:SSB0018,0,15,853,mean,0,1024,-1.14672518
timbrewm,5,chinese:SSB0018,0,15,853,tct,0,1024,-1.00989532
timbrewm,5,chinese:SSB0018,0,15,413,mean,0,1024,-1.83026457
timbrewm,5,chinese:SSB0018,0,15,413,tct,0,1024,-0.17075825
timbrewm,5,chinese:SSB0018,0,15,769,mean,0,1024,-1.30477810
timbrewm,5,chinese:SSB0018,0,15,769,tct,0,1024,-0.83284187
timbrewm,5,chinese:SSB0018,0,15,70,mean,0,1024,-2.37619495
timbrewm,5,chinese:SSB0018,0,15,70,tct,0,1024,-2.21766281
timbrewm,5,chinese:SSB0018,0,15,331,mean,0,1024,-0.85038614
timbrewm,5,chinese:SSB0018,0,15,331,tct,1,1024,0.06430769
timbrewm,5,chinese:SSB0018,0,15,328,mean,0,1024,-1.53265667
timbrewm,5,chinese:SSB0018,0,15,328,tct,0,1024,-1.48806858
timbrewm,5,chinese:SSB0018,1,16,142,mean,0,1024,-0.84422112
timbrewm,5,chinese:SSB0018,1,16,142,tct,0,1024,-0.11736345
timbrewm,5,chinese:SSB0018,1,16,21,mean,0,1024,-0.94831133
timbrewm,5,chinese:SSB0018,1,16,21,tct,0,1024,-0.97548819
timbrewm,5,chinese:SSB0018,1,16,46,mean,0,1024,-1.03499794
timbrewm,5,chinese:SSB0018,1,16,46,tct,0,1024,-0.15726948
timbrewm,5,chinese:SSB0018,1,16,276,mean,0,1024,-0.88067865
timbrewm,5,chinese:SSB0018,1,16,276,tct,0,1024,-0.27458191
timbrewm,5,chinese:SSB0018,1,16,881,mean,0,1024,-1.76582003
timbrewm,5,chinese:SSB0018,1,16,881,tct,0,1024,-0.54219818
timbrewm,5,chinese:SSB0018,1,16,308,mean,0,1024,-1.21030092
timbrewm,5,chinese:SSB0018,1,16,308,tct,0,1024,-0.08387184
timbrewm,5,chinese:SSB0018,1,16,488,mean,0,1024,-0.97061014
timbrewm,5,chinese:SSB0018,1,16,488,tct,0,1024,-1.05475330
timbrewm,5,chinese:SSB0018,1,16,767,mean,0,1024,-1.88226128
timbrewm,5,chinese:SSB0018,1,16,767,tct,0,1024,-1.47332525
timbrewm,5,chinese:SSB0018,1,16,933,mean,0,1024,-1.95673561
timbrewm,5,chinese:SSB0018,1,16,933,tct,0,1024,-0.32479286
timbrewm,5,chinese:SSB0018,1,16,850,mean,0,1024,-1.56872845
timbrewm,5,chinese:SSB0018,1,16,850,tct,0,1024,-1.34788465
timbrewm,5,chinese:SSB0018,2,17,929,mean,0,1024,-1.23790073
timbrewm,5,chinese:SSB0018,2,17,929,tct,0,1024,-0.14256334
timbrewm,5,chinese:SSB0018,2,17,990,mean,0,1024,-1.99952698
timbrewm,5,chinese:SSB0018,2,17,990,tct,0,1024,-1.59007835
timbrewm,5,chinese:SSB0018,2,17,711,mean,0,1024,-1.64595413
timbrewm,5,chinese:SSB0018,2,17,711,tct,0,1024,-0.99639463
timbrewm,5,chinese:SSB0018,2,17,190,mean,0,1024,-1.92835903
timbrewm,5,chinese:SSB0018,2,17,190,tct,0,1024,-0.51260614
timbrewm,5,chinese:SSB0018,2,17,376,mean,0,1024,-1.10047531
timbrewm,5,chinese:SSB0018,2,17,376,tct,0,1024,-0.80848503
timbrewm,5,chinese:SSB0018,2,17,613,mean,0,1024,-1.36193848
timbrewm,5,chinese:SSB0018,2,17,613,tct,0,1024,-1.13886261
timbrewm,5,chinese:SSB0018,2,17,591,mean,0,1024,-1.11834478
timbrewm,5,chinese:SSB0018,2,17,591,tct,0,1024,-1.16981506
timbrewm,5,chinese:SSB0018,2,17,479,mean,0,1024,-2.35222912
timbrewm,5,chinese:SSB0018,2,17,479,tct,0,1024,-1.48674250
timbrewm,5,chinese:SSB0018,2,17,289,mean,0,1024,-1.14577818
timbrewm,5,chinese:SSB0018,2,17,289,tct,0,1024,-0.52085829
timbrewm,5,chinese:SSB0018,2,17,218,mean,0,1024,-1.18706369
timbrewm,5,chinese:SSB0018,2,17,218,tct,0,1024,-1.00902605
timbrewm,5,chinese:SSB0033,0,18,93,mean,0,1024,-1.11824608
timbrewm,5,chinese:SSB0033,0,18,93,tct,0,1024,-1.01958895
timbrewm,5,chinese:SSB0033,0,18,838,mean,0,1024,-0.94470644
timbrewm,5,chinese:SSB0033,0,18,838,tct,0,1024,-0.31591558
timbrewm,5,chinese:SSB0033,0,18,244,mean,0,1024,-2.53061771
timbrewm,5,chinese:SSB0033,0,18,244,tct,0,1024,-2.29072285
timbrewm,5,chinese:SSB0033,0,18,833,mean,0,1024,-2.22281981
timbrewm,5,chinese:SSB0033,0,18,833,tct,0,1024,-1.37081289
timbrewm,5,chinese:SSB0033,0,18,939,mean,0,1024,-3.53843498
timbrewm,5,chinese:SSB0033,0,18,939,tct,0,1024,-2.09818602
timbrewm,5,chinese:SSB0033,0,18,633,mean,0,1024,-2.60725784
timbrewm,5,chinese:SSB0033,0,18,633,tct,0,1024,-2.18991089
timbrewm,5,chinese:SSB0033,0,18,730,mean,0,1024,-0.96094847
timbrewm,5,chinese:SSB0033,0,18,730,tct,0,1024,-0.45351219
timbrewm,5,chinese:SSB0033,0,18,361,mean,0,1024,-3.01378441
timbrewm,5,chinese:SSB0033,0,18,361,tct,0,1024,-1.81331205
timbrewm,5,chinese:SSB0033,0,18,40,mean,0,1024,-2.95352554
timbrewm,5,chinese:SSB0033,0,18,40,tct,0,1024,-2.00543690
timbrewm,5,chinese:SSB0033,0,18,378,mean,0,1024,-1.70671844
timbrewm,5,chinese:SSB0033,0,18,378,tct,0,1024,-1.21806002
timbrewm,5,chinese:SSB0033,1,19,648,mean,0,1024,-1.12603474
timbrewm,5,chinese:SSB0033,1,19,648,tct,0,1024,-1.42864656
timbrewm,5,chinese:SSB0033,1,19,639,mean,0,1024,-1.90232563
timbrewm,5,chinese:SSB0033,1,19,639,tct,0,1024,-1.00361776
timbrewm,5,chinese:SSB0033,1,19,893,mean,0,1024,-2.52059507
timbrewm,5,chinese:SSB0033,1,19,893,tct,0,1024,-1.09431982
timbrewm,5,chinese:SSB0033,1,19,755,mean,0,1024,-2.40504646
timbrewm,5,chinese:SSB0033,1,19,755,tct,0,1024,-0.27422571
timbrewm,5,chinese:SSB0033,1,19,127,mean,0,1024,-1.56018448
timbrewm,5,chinese:SSB0033,1,19,127,tct,0,1024,-1.17308664
timbrewm,5,chinese:SSB0033,1,19,336,mean,0,1024,-2.22942972
timbrewm,5,chinese:SSB0033,1,19,336,tct,0,1024,-1.91079712
timbrewm,5,chinese:SSB0033,1,19,120,mean,0,1024,-1.56854057
timbrewm,5,chinese:SSB0033,1,19,120,tct,0,1024,-1.22952938
timbrewm,5,chinese:SSB0033,1,19,122,mean,0,1024,-1.89315605
timbrewm,5,chinese:SSB0033,1,19,122,tct,0,1024,-1.75922871
timbrewm,5,chinese:SSB0033,1,19,447,mean,0,1024,-1.78183413
timbrewm,5,chinese:SSB0033,1,19,447,tct,0,1024,-1.73938465
timbrewm,5,chinese:SSB0033,1,19,451,mean,0,1024,-2.94237852
timbrewm,5,chinese:SSB0033,1,19,451,tct,0,1024,-1.92955065
timbrewm,5,chinese:SSB0033,2,20,848,mean,0,1024,-2.37186956
timbrewm,5,chinese:SSB0033,2,20,848,tct,0,1024,-1.48421288
timbrewm,5,chinese:SSB0033,2,20,705,mean,0,1024,-1.51433945
timbrewm,5,chinese:SSB0033,2,20,705,tct,0,1024,-1.22970915
timbrewm,5,chinese:SSB0033,2,20,283,mean,0,1024,-3.03682184
timbrewm,5,chinese:SSB0033,2,20,283,tct,0,1024,-2.43189287
timbrewm,5,chinese:SSB0033,2,20,77,mean,0,1024,-1.83489847
timbrewm,5,chinese:SSB0033,2,20,77,tct,0,1024,-1.27751637
timbrewm,5,chinese:SSB0033,2,20,326,mean,0,1024,-2.84347677
timbrewm,5,chinese:SSB0033,2,20,326,tct,0,1024,-2.55454969
timbrewm,5,chinese:SSB0033,2,20,148,mean,0,1024,-2.27833509
timbrewm,5,chinese:SSB0033,2,20,148,tct,0,1024,-1.40477133
timbrewm,5,chinese:SSB0033,2,20,692,mean,0,1024,-2.80307961
timbrewm,5,chinese:SSB0033,2,20,692,tct,0,1024,-1.50285053
timbrewm,5,chinese:SSB0033,2,20,995,mean,0,1024,-2.62800741
timbrewm,5,chinese:SSB0033,2,20,995,tct,0,1024,-2.25544214
timbrewm,5,chinese:SSB0033,2,20,865,mean,0,1024,-2.18958426
timbrewm,5,chinese:SSB0033,2,20,865,tct,0,1024,-1.25226688
timbrewm,5,chinese:SSB0033,2,20,846,mean,0,1024,-2.27737570
timbrewm,5,chinese:SSB0033,2,20,846,tct,0,1024,-1.35281515
timbrewm,5,chinese:SSB0038,0,21,712,mean,0,1024,-0.89741802
timbrewm,5,chinese:SSB0038,0,21,712,tct,0,1024,-0.20886803
timbrewm,5,chinese:SSB0038,0,21,275,mean,0,1024,-1.57719421
timbrewm,5,chinese:SSB0038,0,21,275,tct,0,1024,-1.47012138
timbrewm,5,chinese:SSB0038,0,21,510,mean,0,1024,-0.97363377
timbrewm,5,chinese:SSB0038,0,21,510,tct,0,1024,-0.54459763
timbrewm,5,chinese:SSB0038,0,21,486,mean,0,1024,-1.11315727
timbrewm,5,chinese:SSB0038,0,21,486,tct,0,1024,-0.19585562
timbrewm,5,chinese:SSB0038,0,21,200,mean,0,1024,-1.00443840
timbrewm,5,chinese:SSB0038,0,21,200,tct,0,1024,-0.15320683
timbrewm,5,chinese:SSB0038,0,21,600,mean,0,1024,-1.13086128
timbrewm,5,chinese:SSB0038,0,21,600,tct,0,1024,-0.38676357
timbrewm,5,chinese:SSB0038,0,21,576,mean,0,1024,-1.27038574
timbrewm,5,chinese:SSB0038,0,21,576,tct,0,1024,-0.56114435
timbrewm,5,chinese:SSB0038,0,21,304,mean,0,1024,-1.77954388
timbrewm,5,chinese:SSB0038,0,21,304,tct,0,1024,-1.40805626
timbrewm,5,chinese:SSB0038,0,21,168,mean,0,1024,-1.91096878
timbrewm,5,chinese:SSB0038,0,21,168,tct,0,1024,-1.16779947
timbrewm,5,chinese:SSB0038,0,21,542,mean,0,1024,-1.92156410
timbrewm,5,chinese:SSB0038,0,21,542,tct,0,1024,-1.46296692
timbrewm,5,chinese:SSB0038,1,22,669,mean,0,1024,-1.22972727
timbrewm,5,chinese:SSB0038,1,22,669,tct,0,1024,-0.19777441
timbrewm,5,chinese:SSB0038,1,22,989,mean,0,1024,-0.99700260
timbrewm,5,chinese:SSB0038,1,22,989,tct,0,1024,-0.86098480
timbrewm,5,chinese:SSB0038,1,22,19,mean,0,1024,-1.79852724
timbrewm,5,chinese:SSB0038,1,22,19,tct,0,1024,-1.25002098
timbrewm,5,chinese:SSB0038,1,22,27,mean,0,1024,-1.45304966
timbrewm,5,chinese:SSB0038,1,22,27,tct,0,1024,-0.49554634
timbrewm,5,chinese:SSB0038,1,22,219,mean,0,1024,-1.59745264
timbrewm,5,chinese:SSB0038,1,22,219,tct,0,1024,-0.91867447
timbrewm,5,chinese:SSB0038,1,22,578,mean,0,1024,-2.08376884
timbrewm,5,chinese:SSB0038,1,22,578,tct,0,1024,-1.09769154
timbrewm,5,chinese:SSB0038,1,22,93,mean,0,1024,-1.06511641
timbrewm,5,chinese:SSB0038,1,22,93,tct,0,1024,-0.64711189
timbrewm,5,chinese:SSB0038,1,22,97,mean,0,1024,-0.88716364
timbrewm,5,chinese:SSB0038,1,22,97,tct,0,1024,-1.16066313
timbrewm,5,chinese:SSB0038,1,22,224,mean,0,1024,-1.20627069
timbrewm,5,chinese:SSB0038,1,22,224,tct,0,1024,-1.02887535
timbrewm,5,chinese:SSB0038,1,22,552,mean,0,1024,-0.93162012
timbrewm,5,chinese:SSB0038,1,22,552,tct,0,1024,-0.58409643
timbrewm,5,chinese:SSB0038,2,23,136,mean,0,1024,-3.10084009
timbrewm,5,chinese:SSB0038,2,23,136,tct,0,1024,-1.18116856
timbrewm,5,chinese:SSB0038,2,23,563,mean,0,1024,-1.74351311
timbrewm,5,chinese:SSB0038,2,23,563,tct,0,1024,-0.69902849
timbrewm,5,chinese:SSB0038,2,23,28,mean,0,1024,-4.13865423
timbrewm,5,chinese:SSB0038,2,23,28,tct,0,1024,-2.54992342
timbrewm,5,chinese:SSB0038,2,23,164,mean,0,1024,-3.55803442
timbrewm,5,chinese:SSB0038,2,23,164,tct,0,1024,-1.40452623
timbrewm,5,chinese:SSB0038,2,23,432,mean,0,1024,-1.98542452
timbrewm,5,chinese:SSB0038,2,23,432,tct,0,1024,-1.09273481
timbrewm,5,chinese:SSB0038,2,23,578,mean,0,1024,-2.46243286
timbrewm,5,chinese:SSB0038,2,23,578,tct,0,1024,-1.59141970
timbrewm,5,chinese:SSB0038,2,23,348,mean,0,1024,-3.51341486
timbrewm,5,chinese:SSB0038,2,23,348,tct,0,1024,-3.26676893
timbrewm,5,chinese:SSB0038,2,23,213,mean,0,1024,-4.53535509
timbrewm,5,chinese:SSB0038,2,23,213,tct,0,1024,-2.64626408
timbrewm,5,chinese:SSB0038,2,23,224,mean,0,1024,-2.99969149
timbrewm,5,chinese:SSB0038,2,23,224,tct,0,1024,-1.21169376
timbrewm,5,chinese:SSB0038,2,23,659,mean,0,1024,-2.06160975
timbrewm,5,chinese:SSB0038,2,23,659,tct,0,1024,-1.73637581
timbrewm,5,chinese:SSB0043,0,24,85,mean,0,1024,-3.39748383
timbrewm,5,chinese:SSB0043,0,24,85,tct,0,1024,-3.56570387
timbrewm,5,chinese:SSB0043,0,24,221,mean,0,1024,-3.03949642
timbrewm,5,chinese:SSB0043,0,24,221,tct,0,1024,-2.04046488
timbrewm,5,chinese:SSB0043,0,24,1,mean,0,1024,-1.80530882
timbrewm,5,chinese:SSB0043,0,24,1,tct,0,1024,-1.04580498
timbrewm,5,chinese:SSB0043,0,24,235,mean,0,1024,-1.79735327
timbrewm,5,chinese:SSB0043,0,24,235,tct,0,1024,-1.14497852
timbrewm,5,chinese:SSB0043,0,24,142,mean,0,1024,-0.59968138
timbrewm,5,chinese:SSB0043,0,24,142,tct,0,1024,-0.16058064
timbrewm,5,chinese:SSB0043,0,24,742,mean,0,1024,-1.74471569
timbrewm,5,chinese:SSB0043,0,24,742,tct,0,1024,-1.20464993
timbrewm,5,chinese:SSB0043,0,24,524,mean,0,1024,-0.72295952
timbrewm,5,chinese:SSB0043,0,24,524,tct,0,1024,-0.65166759
timbrewm,5,chinese:SSB0043,0,24,583,mean,0,1024,-2.07644558
timbrewm,5,chinese:SSB0043,0,24,583,tct,0,1024,-1.26263809
timbrewm,5,chinese:SSB0043,0,24,324,mean,0,1024,-2.14914083
timbrewm,5,chinese:SSB0043,0,24,324,tct,0,1024,-1.06858730
timbrewm,5,chinese:SSB0043,0,24,450,mean,0,1024,-1.58305025
timbrewm,5,chinese:SSB0043,0,24,450,tct,0,1024,-1.36897755
timbrewm,5,chinese:SSB0043,1,25,300,mean,0,1024,-0.45095301
timbrewm,5,chinese:SSB0043,1,25,300,tct,0,1024,-0.38065815
timbrewm,5,chinese:SSB0043,1,25,929,mean,0,1024,-0.92385006
timbrewm,5,chinese:SSB0043,1,25,929,tct,0,1024,-0.29405165
timbrewm,5,chinese:SSB0043,1,25,922,mean,0,1024,-1.19665003
timbrewm,5,chinese:SSB0043,1,25,922,tct,0,1024,-0.83655310
timbrewm,5,chinese:SSB0043,1,25,320,mean,0,1024,-1.33227253
timbrewm,5,chinese:SSB0043,1,25,320,tct,0,1024,-0.40485811
timbrewm,5,chinese:SSB0043,1,25,869,mean,0,1024,-0.95127869
timbrewm,5,chinese:SSB0043,1,25,869,tct,0,1024,-0.33279848
timbrewm,5,chinese:SSB0043,1,25,913,mean,0,1024,-0.95511055
timbrewm,5,chinese:SSB0043,1,25,913,tct,0,1024,-0.34186220
timbrewm,5,chinese:SSB0043,1,25,382,mean,0,1024,-1.28657103
timbrewm,5,chinese:SSB0043,1,25,382,tct,0,1024,-0.63171005
timbrewm,5,chinese:SSB0043,1,25,517,mean,0,1024,-0.46458435
timbrewm,5,chinese:SSB0043,1,25,517,tct,0,1024,-0.19190073
timbrewm,5,chinese:SSB0043,1,25,964,mean,0,1024,-1.00949001
timbrewm,5,chinese:SSB0043,1,25,964,tct,0,1024,-0.79976845
timbrewm,5,chinese:SSB0043,1,25,611,mean,0,1024,-1.78820944
timbrewm,5,chinese:SSB0043,1,25,611,tct,0,1024,-1.22173548
timbrewm,5,chinese:SSB0043,2,26,376,mean,0,1024,-2.14912558
timbrewm,5,chinese:SSB0043,2,26,376,tct,0,1024,-1.52403784
timbrewm,5,chinese:SSB0043,2,26,808,mean,0,1024,-0.71514606
timbrewm,5,chinese:SSB0043,2,26,808,tct,0,1024,-0.53200722
timbrewm,5,chinese:SSB0043,2,26,80,mean,0,1024,-2.64665747
timbrewm,5,chinese:SSB0043,2,26,80,tct,0,1024,-1.71491671
timbrewm,5,chinese:SSB0043,2,26,412,mean,0,1024,-1.85758734
timbrewm,5,chinese:SSB0043,2,26,412,tct,0,1024,-1.12015581
timbrewm,5,chinese:SSB0043,2,26,655,mean,0,1024,-1.36437511
timbrewm,5,chinese:SSB0043,2,26,655,tct,0,1024,-0.13383532
timbrewm,5,chinese:SSB0043,2,26,30,mean,0,1024,-2.36190653
timbrewm,5,chinese:SSB0043,2,26,30,tct,0,1024,-1.92882586
timbrewm,5,chinese:SSB0043,2,26,996,mean,0,1024,-0.90656471
timbrewm,5,chinese:SSB0043,2,26,996,tct,0,1024,-0.72614098
timbrewm,5,chinese:SSB0043,2,26,627,mean,0,1024,-1.48536777
timbrewm,5,chinese:SSB0043,2,26,627,tct,0,1024,-0.80504990
timbrewm,5,chinese:SSB0043,2,26,74,mean,0,1024,-3.17779112
timbrewm,5,chinese:SSB0043,2,26,74,tct,0,1024,-1.65061188
timbrewm,5,chinese:SSB0043,2,26,575,mean,0,1024,-0.84002972
timbrewm,5,chinese:SSB0043,2,26,575,tct,0,1024,-0.56820822
timbrewm,5,chinese:SSB0057,0,27,386,mean,0,1024,-1.39631271
timbrewm,5,chinese:SSB0057,0,27,386,tct,0,1024,-1.01508093
timbrewm,5,chinese:SSB0057,0,27,37,mean,0,1024,-2.07658529
timbrewm,5,chinese:SSB0057,0,27,37,tct,0,1024,-1.28422689
timbrewm,5,chinese:SSB0057,0,27,362,mean,0,1024,-2.52786207
timbrewm,5,chinese:SSB0057,0,27,362,tct,0,1024,-1.19752598
timbrewm,5,chinese:SSB0057,0,27,200,mean,0,1024,-3.57213020
timbrewm,5,chinese:SSB0057,0,27,200,tct,0,1024,-1.45338249
timbrewm,5,chinese:SSB0057,0,27,231,mean,0,1024,-3.28668308
timbrewm,5,chinese:SSB0057,0,27,231,tct,0,1024,-2.26626444
timbrewm,5,chinese:SSB0057,0,27,404,mean,0,1024,-1.46951342
timbrewm,5,chinese:SSB0057,0,27,404,tct,0,1024,-0.27606106
timbrewm,5,chinese:SSB0057,0,27,715,mean,0,1024,-2.68552494
timbrewm,5,chinese:SSB0057,0,27,715,tct,0,1024,-1.49002314
timbrewm,5,chinese:SSB0057,0,27,322,mean,0,1024,-1.83209944
timbrewm,5,chinese:SSB0057,0,27,322,tct,0,1024,-1.25946379
timbrewm,5,chinese:SSB0057,0,27,315,mean,0,1024,-1.04040241
timbrewm,5,chinese:SSB0057,0,27,315,tct,0,1024,-0.16369677
timbrewm,5,chinese:SSB0057,0,27,989,mean,0,1024,-2.06923199
timbrewm,5,chinese:SSB0057,0,27,989,tct,0,1024,-0.96704102
timbrewm,5,chinese:SSB0057,1,28,120,mean,0,1024,-1.08956099
timbrewm,5,chinese:SSB0057,1,28,120,tct,0,1024,-0.19497585
timbrewm,5,chinese:SSB0057,1,28,436,mean,0,1024,-1.35191679
timbrewm,5,chinese:SSB0057,1,28,436,tct,0,1024,-1.26512003
timbrewm,5,chinese:SSB0057,1,28,415,mean,0,1024,-0.94811487
timbrewm,5,chinese:SSB0057,1,28,415,tct,0,1024,-0.06250238
timbrewm,5,chinese:SSB0057,1,28,290,mean,0,1024,-1.11551666
timbrewm,5,chinese:SSB0057,1,28,290,tct,0,1024,-1.20593643
timbrewm,5,chinese:SSB0057,1,28,422,mean,0,1024,-1.56750727
timbrewm,5,chinese:SSB0057,1,28,422,tct,0,1024,-1.49544811
timbrewm,5,chinese:SSB0057,1,28,820,mean,0,1024,-1.00560617
timbrewm,5,chinese:SSB0057,1,28,820,tct,0,1024,-0.58896542
timbrewm,5,chinese:SSB0057,1,28,792,mean,0,1024,-0.24336052
timbrewm,5,chinese:SSB0057,1,28,792,tct,0,1024,-0.08821964
timbrewm,5,chinese:SSB0057,1,28,996,mean,0,1024,-1.94457245
timbrewm,5,chinese:SSB0057,1,28,996,tct,0,1024,-0.41422367
timbrewm,5,chinese:SSB0057,1,28,827,mean,0,1024,-0.10209370
timbrewm,5,chinese:SSB0057,1,28,827,tct,0,1024,-0.03631306
timbrewm,5,chinese:SSB0057,1,28,281,mean,0,1024,-0.44442129
timbrewm,5,chinese:SSB0057,1,28,281,tct,1,1024,0.09719753
timbrewm,5,chinese:SSB0057,2,29,956,mean,0,1024,-2.21214819
timbrewm,5,chinese:SSB0057,2,29,956,tct,0,1024,-0.35070419
timbrewm,5,chinese:SSB0057,2,29,499,mean,0,1024,-3.19060469
timbrewm,5,chinese:SSB0057,2,29,499,tct,0,1024,-2.55071688
timbrewm,5,chinese:SSB0057,2,29,28,mean,0,1024,-1.30179787
timbrewm,5,chinese:SSB0057,2,29,28,tct,0,1024,-0.35705376
timbrewm,5,chinese:SSB0057,2,29,504,mean,0,1024,-1.77482033
timbrewm,5,chinese:SSB0057,2,29,504,tct,0,1024,-1.05489159
timbrewm,5,chinese:SSB0057,2,29,591,mean,0,1024,-2.16845417
timbrewm,5,chinese:SSB0057,2,29,591,tct,0,1024,-1.45288944
timbrewm,5,chinese:SSB0057,2,29,381,mean,0,1024,-1.98289156
timbrewm,5,chinese:SSB0057,2,29,381,tct,0,1024,-1.44294977
timbrewm,5,chinese:SSB0057,2,29,193,mean,0,1024,-2.06417370
timbrewm,5,chinese:SSB0057,2,29,193,tct,0,1024,-1.44671059
timbrewm,5,chinese:SSB0057,2,29,586,mean,0,1024,-1.78880310
timbrewm,5,chinese:SSB0057,2,29,586,tct,0,1024,-0.48863363
timbrewm,5,chinese:SSB0057,2,29,853,mean,0,1024,-1.65665770
timbrewm,5,chinese:SSB0057,2,29,853,tct,0,1024,-1.01353931
timbrewm,5,chinese:SSB0057,2,29,33,mean,0,1024,-3.22246885
timbrewm,5,chinese:SSB0057,2,29,33,tct,0,1024,-1.41642141
timbrewm,5,chinese:SSB0073,0,30,68,mean,0,1024,-0.89299965
timbrewm,5,chinese:SSB0073,0,30,68,tct,0,1024,-0.32280350
timbrewm,5,chinese:SSB0073,0,30,325,mean,0,1024,-1.31597233
timbrewm,5,chinese:SSB0073,0,30,325,tct,1,1024,0.00628710
timbrewm,5,chinese:SSB0073,0,30,972,mean,0,1024,-2.57112026
timbrewm,5,chinese:SSB0073,0,30,972,tct,0,1024,-1.56843424
timbrewm,5,chinese:SSB0073,0,30,223,mean,0,1024,-3.78188801
timbrewm,5,chinese:SSB0073,0,30,223,tct,0,1024,-2.85843801
timbrewm,5,chinese:SSB0073,0,30,559,mean,0,1024,-2.18745184
timbrewm,5,chinese:SSB0073,0,30,559,tct,0,1024,-2.13827848
timbrewm,5,chinese:SSB0073,0,30,214,mean,0,1024,-3.12526512
timbrewm,5,chinese:SSB0073,0,30,214,tct,0,1024,-2.19697905
timbrewm,5,chinese:SSB0073,0,30,790,mean,0,1024,-3.80078793
timbrewm,5,chinese:SSB0073,0,30,790,tct,0,1024,-2.43400669
timbrewm,5,chinese:SSB0073,0,30,458,mean,0,1024,-3.50450230
timbrewm,5,chinese:SSB0073,0,30,458,tct,0,1024,-2.82456732
timbrewm,5,chinese:SSB0073,0,30,768,mean,0,1024,-2.07194901
timbrewm,5,chinese:SSB0073,0,30,768,tct,0,1024,-0.06593084
timbrewm,5,chinese:SSB0073,0,30,173,mean,0,1024,-1.98338318
timbrewm,5,chinese:SSB0073,0,30,173,tct,0,1024,-1.83521414
timbrewm,5,chinese:SSB0073,1,31,205,mean,0,1024,-1.43598652
timbrewm,5,chinese:SSB0073,1,31,205,tct,0,1024,-1.52226019
timbrewm,5,chinese:SSB0073,1,31,742,mean,0,1024,-2.65436602
timbrewm,5,chinese:SSB0073,1,31,742,tct,0,1024,-2.20275307
timbrewm,5,chinese:SSB0073,1,31,417,mean,0,1024,-1.98265600
timbrewm,5,chinese:SSB0073,1,31,417,tct,0,1024,-0.78678703
timbrewm,5,chinese:SSB0073,1,31,605,mean,0,1024,-0.60559988
timbrewm,5,chinese:SSB0073,1,31,605,tct,0,1024,-0.04327583
timbrewm,5,chinese:SSB0073,1,31,619,mean,0,1024,-1.83672571
timbrewm,5,chinese:SSB0073,1,31,619,tct,0,1024,-1.52719688
timbrewm,5,chinese:SSB0073,1,31,347,mean,0,1024,-0.68024826
timbrewm,5,chinese:SSB0073,1,31,347,tct,0,1024,-0.35849619
timbrewm,5,chinese:SSB0073,1,31,946,mean,0,1024,-2.17545176
timbrewm,5,chinese:SSB0073,1,31,946,tct,0,1024,-1.62509203
timbrewm,5,chinese:SSB0073,1,31,590,mean,0,1024,-2.05144835
timbrewm,5,chinese:SSB0073,1,31,590,tct,0,1024,-1.19077539
timbrewm,5,chinese:SSB0073,1,31,261,mean,0,1024,-1.54634523
timbrewm,5,chinese:SSB0073,1,31,261,tct,0,1024,-1.18014574
timbrewm,5,chinese:SSB0073,1,31,774,mean,0,1024,-2.25078583
timbrewm,5,chinese:SSB0073,1,31,774,tct,0,1024,-2.08232069
timbrewm,5,chinese:SSB0073,2,32,378,mean,0,1024,-2.02201843
timbrewm,5,chinese:SSB0073,2,32,378,tct,0,1024,-1.34981537
timbrewm,5,chinese:SSB0073,2,32,689,mean,0,1024,-0.94026995
timbrewm,5,chinese:SSB0073,2,32,689,tct,0,1024,-0.20935583
timbrewm,5,chinese:SSB0073,2,32,915,mean,0,1024,-2.51208973
timbrewm,5,chinese:SSB0073,2,32,915,tct,0,1024,-1.20445871
timbrewm,5,chinese:SSB0073,2,32,546,mean,0,1024,-2.01187468
timbrewm,5,chinese:SSB0073,2,32,546,tct,0,1024,-1.62816000
timbrewm,5,chinese:SSB0073,2,32,288,mean,0,1024,-1.20051813
timbrewm,5,chinese:SSB0073,2,32,288,tct,0,1024,-0.87254810
timbrewm,5,chinese:SSB0073,2,32,380,mean,0,1024,-1.16900396
timbrewm,5,chinese:SSB0073,2,32,380,tct,0,1024,-1.35195112
timbrewm,5,chinese:SSB0073,2,32,219,mean,0,1024,-1.86654043
timbrewm,5,chinese:SSB0073,2,32,219,tct,0,1024,-1.29594851
timbrewm,5,chinese:SSB0073,2,32,568,mean,0,1024,-1.63833857
timbrewm,5,chinese:SSB0073,2,32,568,tct,0,1024,-1.18302155
timbrewm,5,chinese:SSB0073,2,32,641,mean,0,1024,-1.28711367
timbrewm,5,chinese:SSB0073,2,32,641,tct,0,1024,-1.14456797
timbrewm,5,chinese:SSB0073,2,32,248,mean,0,1024,-0.69151640
timbrewm,5,chinese:SSB0073,2,32,248,tct,0,1024,-0.20276260
timbrewm,5,chinese:SSB0080,0,33,816,mean,0,1024,-3.58475828
timbrewm,5,chinese:SSB0080,0,33,816,tct,0,1024,-2.46097755
timbrewm,5,chinese:SSB0080,0,33,903,mean,0,1024,-1.46268988
timbrewm,5,chinese:SSB0080,0,33,903,tct,0,1024,-1.71297359
timbrewm,5,chinese:SSB0080,0,33,985,mean,0,1024,-2.18637800
timbrewm,5,chinese:SSB0080,0,33,985,tct,0,1024,-1.49609613
timbrewm,5,chinese:SSB0080,0,33,251,mean,0,1024,-1.54802895
timbrewm,5,chinese:SSB0080,0,33,251,tct,0,1024,-1.49412489
timbrewm,5,chinese:SSB0080,0,33,20,mean,0,1024,-3.32921934
timbrewm,5,chinese:SSB0080,0,33,20,tct,0,1024,-1.70964241
timbrewm,5,chinese:SSB0080,0,33,503,mean,0,1024,-2.34550762
timbrewm,5,chinese:SSB0080,0,33,503,tct,0,1024,-1.36872387
timbrewm,5,chinese:SSB0080,0,33,33,mean,0,1024,-1.39187241
timbrewm,5,chinese:SSB0080,0,33,33,tct,0,1024,-0.45409918
timbrewm,5,chinese:SSB0080,0,33,762,mean,0,1024,-2.30877733
timbrewm,5,chinese:SSB0080,0,33,762,tct,0,1024,-1.40569687
timbrewm,5,chinese:SSB0080,0,33,468,mean,0,1024,-3.16172552
timbrewm,5,chinese:SSB0080,0,33,468,tct,0,1024,-2.33294773
timbrewm,5,chinese:SSB0080,0,33,112,mean,0,1024,-2.87798643
timbrewm,5,chinese:SSB0080,0,33,112,tct,0,1024,-1.38700676
timbrewm,5,chinese:SSB0080,1,34,320,mean,0,1024,-1.25440168
timbrewm,5,chinese:SSB0080,1,34,320,tct,0,1024,-0.65656805
timbrewm,5,chinese:SSB0080,1,34,1000,mean,0,1024,-0.48873234
timbrewm,5,chinese:SSB0080,1,34,1000,tct,0,1024,-0.07094288
timbrewm,5,chinese:SSB0080,1,34,761,mean,0,1024,-1.15025902
timbrewm,5,chinese:SSB0080,1,34,761,tct,0,1024,-0.79040051
timbrewm,5,chinese:SSB0080,1,34,629,mean,0,1024,-2.23722506
timbrewm,5,chinese:SSB0080,1,34,629,tct,0,1024,-1.57018661
timbrewm,5,chinese:SSB0080,1,34,365,mean,0,1024,-1.69835806
timbrewm,5,chinese:SSB0080,1,34,365,tct,0,1024,-1.34804201
timbrewm,5,chinese:SSB0080,1,34,367,mean,0,1024,-2.56164980
timbrewm,5,chinese:SSB0080,1,34,367,tct,0,1024,-1.79115152
timbrewm,5,chinese:SSB0080,1,34,900,mean,0,1024,-1.26331902
timbrewm,5,chinese:SSB0080,1,34,900,tct,0,1024,-1.46082401
timbrewm,5,chinese:SSB0080,1,34,813,mean,0,1024,-0.94813538
timbrewm,5,chinese:SSB0080,1,34,813,tct,0,1024,-0.75474834
timbrewm,5,chinese:SSB0080,1,34,345,mean,0,1024,-1.12702417
timbrewm,5,chinese:SSB0080,1,34,345,tct,0,1024,-0.75946236
timbrewm,5,chinese:SSB0080,1,34,242,mean,0,1024,-3.14456701
timbrewm,5,chinese:SSB0080,1,34,242,tct,0,1024,-2.87617016
timbrewm,5,chinese:SSB0080,2,35,393,mean,0,1024,-0.78553581
timbrewm,5,chinese:SSB0080,2,35,393,tct,0,1024,-0.13595915
timbrewm,5,chinese:SSB0080,2,35,469,mean,0,1024,-0.98703671
timbrewm,5,chinese:SSB0080,2,35,469,tct,0,1024,-0.35738087
timbrewm,5,chinese:SSB0080,2,35,394,mean,0,1024,-1.80093861
timbrewm,5,chinese:SSB0080,2,35,394,tct,0,1024,-0.37520075
timbrewm,5,chinese:SSB0080,2,35,197,mean,0,1024,-1.76630735
timbrewm,5,chinese:SSB0080,2,35,197,tct,0,1024,-0.17204189
timbrewm,5,chinese:SSB0080,2,35,196,mean,0,1024,-2.28006840
timbrewm,5,chinese:SSB0080,2,35,196,tct,0,1024,-1.19259787
timbrewm,5,chinese:SSB0080,2,35,266,mean,0,1024,-1.81039810
timbrewm,5,chinese:SSB0080,2,35,266,tct,0,1024,-0.54286861
timbrewm,5,chinese:SSB0080,2,35,554,mean,0,1024,-2.99097013
timbrewm,5,chinese:SSB0080,2,35,554,tct,0,1024,-1.95491934
timbrewm,5,chinese:SSB0080,2,35,90,mean,0,1024,-2.98356485
timbrewm,5,chinese:SSB0080,2,35,90,tct,0,1024,-1.72957325
timbrewm,5,chinese:SSB0080,2,35,139,mean,0,1024,-2.05558872
timbrewm,5,chinese:SSB0080,2,35,139,tct,0,1024,-1.89324951
timbrewm,5,chinese:SSB0080,2,35,180,mean,0,1024,-1.60579634
timbrewm,5,chinese:SSB0080,2,35,180,tct,0,1024,-1.58656406
timbrewm,5,chinese:SSB0112,0,36,234,mean,0,1024,-1.93315554
timbrewm,5,chinese:SSB0112,0,36,234,tct,0,1024,-1.50303507
timbrewm,5,chinese:SSB0112,0,36,427,mean,0,1024,-0.35162306
timbrewm,5,chinese:SSB0112,0,36,427,tct,1,1024,0.01687813
timbrewm,5,chinese:SSB0112,0,36,703,mean,0,1024,-2.00375462
timbrewm,5,chinese:SSB0112,0,36,703,tct,0,1024,-1.48946381
timbrewm,5,chinese:SSB0112,0,36,74,mean,0,1024,-2.09904718
timbrewm,5,chinese:SSB0112,0,36,74,tct,0,1024,-1.67593670
timbrewm,5,chinese:SSB0112,0,36,923,mean,0,1024,-0.64678860
timbrewm,5,chinese:SSB0112,0,36,923,tct,0,1024,-0.31775045
timbrewm,5,chinese:SSB0112,0,36,95,mean,0,1024,-1.76683807
timbrewm,5,chinese:SSB0112,0,36,95,tct,0,1024,-1.81062794
timbrewm,5,chinese:SSB0112,0,36,547,mean,0,1024,-2.12939215
timbrewm,5,chinese:SSB0112,0,36,547,tct,0,1024,-1.77028322
timbrewm,5,chinese:SSB0112,0,36,293,mean,0,1024,-1.13410425
timbrewm,5,chinese:SSB0112,0,36,293,tct,0,1024,-1.02592087
timbrewm,5,chinese:SSB0112,0,36,785,mean,0,1024,-1.07156467
timbrewm,5,chinese:SSB0112,0,36,785,tct,0,1024,-0.70416546
timbrewm,5,chinese:SSB0112,0,36,997,mean,0,1024,-1.12417603
timbrewm,5,chinese:SSB0112,0,36,997,tct,0,1024,-0.55312872
timbrewm,5,chinese:SSB0112,1,37,421,mean,0,1024,-1.39799786
timbrewm,5,chinese:SSB0112,1,37,421,tct,0,1024,-0.96531677
timbrewm,5,chinese:SSB0112,1,37,574,mean,0,1024,-2.34082317
timbrewm,5,chinese:SSB0112,1,37,574,tct,0,1024,-1.15335083
timbrewm,5,chinese:SSB0112,1,37,705,mean,0,1024,-1.92674255
timbrewm,5,chinese:SSB0112,1,37,705,tct,0,1024,-1.91278410
timbrewm,5,chinese:SSB0112,1,37,176,mean,0,1024,-1.80863953
timbrewm,5,chinese:SSB0112,1,37,176,tct,0,1024,-1.20666599
timbrewm,5,chinese:SSB0112,1,37,5,mean,0,1024,-1.89664555
timbrewm,5,chinese:SSB0112,1,37,5,tct,0,1024,-1.02179909
timbrewm,5,chinese:SSB0112,1,37,780,mean,0,1024,-3.69895840
timbrewm,5,chinese:SSB0112,1,37,780,tct,0,1024,-2.90153122
timbrewm,5,chinese:SSB0112,1,37,9,mean,0,1024,-2.80182505
timbrewm,5,chinese:SSB0112,1,37,9,tct,0,1024,-2.11760664
timbrewm,5,chinese:SSB0112,1,37,27,mean,0,1024,-2.71042109
timbrewm,5,chinese:SSB0112,1,37,27,tct,0,1024,-1.43951559
timbrewm,5,chinese:SSB0112,1,37,194,mean,0,1024,-0.99412251
timbrewm,5,chinese:SSB0112,1,37,194,tct,0,1024,-0.53795385
timbrewm,5,chinese:SSB0112,1,37,68,mean,0,1024,-2.11485291
timbrewm,5,chinese:SSB0112,1,37,68,tct,0,1024,-0.95226860
timbrewm,5,chinese:SSB0112,2,38,637,mean,0,1024,-2.10439110
timbrewm,5,chinese:SSB0112,2,38,637,tct,0,1024,-1.77572632
timbrewm,5,chinese:SSB0112,2,38,679,mean,0,1024,-1.19533253
timbrewm,5,chinese:SSB0112,2,38,679,tct,0,1024,-0.64178276
timbrewm,5,chinese:SSB0112,2,38,638,mean,0,1024,-1.80377245
timbrewm,5,chinese:SSB0112,2,38,638,tct,0,1024,-1.11634874
timbrewm,5,chinese:SSB0112,2,38,698,mean,0,1024,-1.24892330
timbrewm,5,chinese:SSB0112,2,38,698,tct,0,1024,-1.10666895
timbrewm,5,chinese:SSB0112,2,38,271,mean,0,1024,-1.76181364
timbrewm,5,chinese:SSB0112,2,38,271,tct,0,1024,-0.74155712
timbrewm,5,chinese:SSB0112,2,38,171,mean,0,1024,-1.41724396
timbrewm,5,chinese:SSB0112,2,38,171,tct,0,1024,-0.70189571
timbrewm,5,chinese:SSB0112,2,38,401,mean,0,1024,-1.77214718
timbrewm,5,chinese:SSB0112,2,38,401,tct,0,1024,-1.23681259
timbrewm,5,chinese:SSB0112,2,38,573,mean,0,1024,-2.31496239
timbrewm,5,chinese:SSB0112,2,38,573,tct,0,1024,-1.29981470
timbrewm,5,chinese:SSB0112,2,38,687,mean,0,1024,-1.16684008
timbrewm,5,chinese:SSB0112,2,38,687,tct,0,1024,-0.06448364
timbrewm,5,chinese:SSB0112,2,38,883,mean,0,1024,-1.49181747
timbrewm,5,chinese:SSB0112,2,38,883,tct,0,1024,-1.19970226
timbrewm,5,chinese:SSB0122,0,39,555,mean,0,1024,-2.95834684
timbrewm,5,chinese:SSB0122,0,39,555,tct,0,1024,-3.03090477
timbrewm,5,chinese:SSB0122,0,39,685,mean,0,1024,-2.49841166
timbrewm,5,chinese:SSB0122,0,39,685,tct,0,1024,-2.30416775
timbrewm,5,chinese:SSB0122,0,39,601,mean,0,1024,-2.85795546
timbrewm,5,chinese:SSB0122,0,39,601,tct,0,1024,-2.12278175
timbrewm,5,chinese:SSB0122,0,39,546,mean,0,1024,-1.97186470
timbrewm,5,chinese:SSB0122,0,39,546,tct,0,1024,-1.95602989
timbrewm,5,chinese:SSB0122,0,39,970,mean,0,1024,-1.06542778
timbrewm,5,chinese:SSB0122,0,39,970,tct,0,1024,-0.67721176
timbrewm,5,chinese:SSB0122,0,39,370,mean,0,1024,-0.77234316
timbrewm,5,chinese:SSB0122,0,39,370,tct,0,1024,-0.32196283
timbrewm,5,chinese:SSB0122,0,39,650,mean,0,1024,-2.39910221
timbrewm,5,chinese:SSB0122,0,39,650,tct,0,1024,-1.98981619
timbrewm,5,chinese:SSB0122,0,39,157,mean,0,1024,-2.74198484
timbrewm,5,chinese:SSB0122,0,39,157,tct,0,1024,-2.30735302
timbrewm,5,chinese:SSB0122,0,39,788,mean,0,1024,-0.32024908
timbrewm,5,chinese:SSB0122,0,39,788,tct,0,1024,-0.15377045
timbrewm,5,chinese:SSB0122,0,39,497,mean,0,1024,-1.58676100
timbrewm,5,chinese:SSB0122,0,39,497,tct,0,1024,-1.22582865
timbrewm,5,chinese:SSB0122,1,40,591,mean,0,1024,-1.94634914
timbrewm,5,chinese:SSB0122,1,40,591,tct,0,1024,-1.30439091
timbrewm,5,chinese:SSB0122,1,40,263,mean,0,1024,-2.33977890
timbrewm,5,chinese:SSB0122,1,40,263,tct,0,1024,-2.33773232
timbrewm,5,chinese:SSB0122,1,40,121,mean,0,1024,-3.25262880
timbrewm,5,chinese:SSB0122,1,40,121,tct,0,1024,-3.13634634
timbrewm,5,chinese:SSB0122,1,40,278,mean,0,1024,-2.73513031
timbrewm,5,chinese:SSB0122,1,40,278,tct,0,1024,-1.78168774
timbrewm,5,chinese:SSB0122,1,40,779,mean,0,1024,-1.63765240
timbrewm,5,chinese:SSB0122,1,40,779,tct,0,1024,-1.38594294
timbrewm,5,chinese:SSB0122,1,40,79,mean,0,1024,-1.76132727
timbrewm,5,chinese:SSB0122,1,40,79,tct,0,1024,-1.33121014
timbrewm,5,chinese:SSB0122,1,40,749,mean,0,1024,-1.77437925
timbrewm,5,chinese:SSB0122,1,40,749,tct,0,1024,-0.79379940
timbrewm,5,chinese:SSB0122,1,40,514,mean,0,1024,-2.11007452
timbrewm,5,chinese:SSB0122,1,40,514,tct,0,1024,-1.69991302
timbrewm,5,chinese:SSB0122,1,40,928,mean,0,1024,-2.12281561
timbrewm,5,chinese:SSB0122,1,40,928,tct,0,1024,-1.53166485
timbrewm,5,chinese:SSB0122,1,40,823,mean,0,1024,-3.90763903
timbrewm,5,chinese:SSB0122,1,40,823,tct,0,1024,-2.99572086
timbrewm,5,chinese:SSB0122,2,41,768,mean,0,1024,-2.98071098
timbrewm,5,chinese:SSB0122,2,41,768,tct,0,1024,-1.29177237
timbrewm,5,chinese:SSB0122,2,41,802,mean,0,1024,-3.15121365
timbrewm,5,chinese:SSB0122,2,41,802,tct,0,1024,-1.80529737
timbrewm,5,chinese:SSB0122,2,41,196,mean,0,1024,-0.96084023
timbrewm,5,chinese:SSB0122,2,41,196,tct,0,1024,-0.81373549
timbrewm,5,chinese:SSB0122,2,41,673,mean,0,1024,-1.28151321
timbrewm,5,chinese:SSB0122,2,41,673,tct,0,1024,-0.97682714
timbrewm,5,chinese:SSB0122,2,41,632,mean,0,1024,-2.30195236
timbrewm,5,chinese:SSB0122,2,41,632,tct,0,1024,-0.82098627
timbrewm,5,chinese:SSB0122,2,41,278,mean,0,1024,-2.77073002
timbrewm,5,chinese:SSB0122,2,41,278,tct,0,1024,-0.68727684
timbrewm,5,chinese:SSB0122,2,41,1016,mean,0,1024,-2.03531981
timbrewm,5,chinese:SSB0122,2,41,1016,tct,0,1024,-1.88237095
timbrewm,5,chinese:SSB0122,2,41,101,mean,0,1024,-1.45871878
timbrewm,5,chinese:SSB0122,2,41,101,tct,0,1024,-1.05195904
timbrewm,5,chinese:SSB0122,2,41,905,mean,0,1024,-1.56438828
timbrewm,5,chinese:SSB0122,2,41,905,tct,0,1024,-0.97077465
timbrewm,5,chinese:SSB0122,2,41,1007,mean,0,1024,-1.75174904
timbrewm,5,chinese:SSB0122,2,41,1007,tct,0,1024,-0.77571583
timbrewm,5,chinese:SSB0133,0,42,111,mean,0,1024,-1.55001354
timbrewm,5,chinese:SSB0133,0,42,111,tct,0,1024,-0.91350985
timbrewm,5,chinese:SSB0133,0,42,643,mean,0,1024,-0.60232258
timbrewm,5,chinese:SSB0133,0,42,643,tct,0,1024,-0.53571033
timbrewm,5,chinese:SSB0133,0,42,269,mean,0,1024,-0.27343750
timbrewm,5,chinese:SSB0133,0,42,269,tct,0,1024,-0.06691313
timbrewm,5,chinese:SSB0133,0,42,202,mean,0,1024,-1.54175854
timbrewm,5,chinese:SSB0133,0,42,202,tct,0,1024,-1.36260605
timbrewm,5,chinese:SSB0133,0,42,113,mean,0,1024,-1.42983913
timbrewm,5,chinese:SSB0133,0,42,113,tct,0,1024,-1.25104666
timbrewm,5,chinese:SSB0133,0,42,624,mean,0,1024,-1.44139385
timbrewm,5,chinese:SSB0133,0,42,624,tct,0,1024,-1.24621296
timbrewm,5,chinese:SSB0133,0,42,292,mean,0,1024,-0.62612534
timbrewm,5,chinese:SSB0133,0,42,292,tct,0,1024,-0.26088905
timbrewm,5,chinese:SSB0133,0,42,792,mean,0,1024,-0.67540073
timbrewm,5,chinese:SSB0133,0,42,792,tct,0,1024,-1.01003122
timbrewm,5,chinese:SSB0133,0,42,722,mean,0,1024,-1.69766712
timbrewm,5,chinese:SSB0133,0,42,722,tct,0,1024,-0.64316273
timbrewm,5,chinese:SSB0133,0,42,274,mean,0,1024,-1.27731323
timbrewm,5,chinese:SSB0133,0,42,274,tct,0,1024,-0.72670555
timbrewm,5,chinese:SSB0133,1,43,508,mean,0,1024,-2.22215748
timbrewm,5,chinese:SSB0133,1,43,508,tct,0,1024,-2.12661362
timbrewm,5,chinese:SSB0133,1,43,168,mean,0,1024,-1.15897655
timbrewm,5,chinese:SSB0133,1,43,168,tct,0,1024,-0.87559175
timbrewm,5,chinese:SSB0133,1,43,541,mean,0,1024,-1.73818445
timbrewm,5,chinese:SSB0133,1,43,541,tct,0,1024,-0.25555706
timbrewm,5,chinese:SSB0133,1,43,774,mean,0,1024,-2.04762697
timbrewm,5,chinese:SSB0133,1,43,774,tct,0,1024,-1.48066092
timbrewm,5,chinese:SSB0133,1,43,408,mean,0,1024,-1.04708004
timbrewm,5,chinese:SSB0133,1,43,408,tct,0,1024,-0.78578281
timbrewm,5,chinese:SSB0133,1,43,222,mean,0,1024,-2.79575777
timbrewm,5,chinese:SSB0133,1,43,222,tct,0,1024,-2.17817259
timbrewm,5,chinese:SSB0133,1,43,202,mean,0,1024,-2.08482361
timbrewm,5,chinese:SSB0133,1,43,202,tct,0,1024,-1.72554111
timbrewm,5,chinese:SSB0133,1,43,78,mean,0,1024,-2.38982868
timbrewm,5,chinese:SSB0133,1,43,78,tct,0,1024,-1.53422260
timbrewm,5,chinese:SSB0133,1,43,569,mean,0,1024,-1.11680937
timbrewm,5,chinese:SSB0133,1,43,569,tct,0,1024,-0.14073896
timbrewm,5,chinese:SSB0133,1,43,783,mean,0,1024,-2.78002405
timbrewm,5,chinese:SSB0133,1,43,783,tct,0,1024,-1.78157806
timbrewm,5,chinese:SSB0133,2,44,786,mean,0,1024,-1.52683210
timbrewm,5,chinese:SSB0133,2,44,786,tct,0,1024,-0.43255806
timbrewm,5,chinese:SSB0133,2,44,364,mean,0,1024,-2.48456717
timbrewm,5,chinese:SSB0133,2,44,364,tct,0,1024,-1.77826548
timbrewm,5,chinese:SSB0133,2,44,155,mean,0,1024,-0.98980379
timbrewm,5,chinese:SSB0133,2,44,155,tct,0,1024,-0.74620438
timbrewm,5,chinese:SSB0133,2,44,315,mean,0,1024,-0.38053656
timbrewm,5,chinese:SSB0133,2,44,315,tct,0,1024,-0.16179085
timbrewm,5,chinese:SSB0133,2,44,779,mean,0,1024,-0.90822124
timbrewm,5,chinese:SSB0133,2,44,779,tct,0,1024,-0.40723658
timbrewm,5,chinese:SSB0133,2,44,54,mean,0,1024,-1.58600426
timbrewm,5,chinese:SSB0133,2,44,54,tct,0,1024,-0.72135925
timbrewm,5,chinese:SSB0133,2,44,228,mean,0,1024,-2.46403933
timbrewm,5,chinese:SSB0133,2,44,228,tct,0,1024,-2.40538406
timbrewm,5,chinese:SSB0133,2,44,489,mean,0,1024,-1.25857162
timbrewm,5,chinese:SSB0133,2,44,489,tct,0,1024,-0.58780670
timbrewm,5,chinese:SSB0133,2,44,177,mean,0,1024,-0.80378389
timbrewm,5,chinese:SSB0133,2,44,177,tct,1,1024,0.03745747
timbrewm,5,chinese:SSB0133,2,44,13,mean,0,1024,-2.06571436
timbrewm,5,chinese:SSB0133,2,44,13,tct,0,1024,-0.95681572
timbrewm,5,chinese:SSB0139,0,45,472,mean,0,1024,-1.89785290
timbrewm,5,chinese:SSB0139,0,45,472,tct,0,1024,-1.22215176
timbrewm,5,chinese:SSB0139,0,45,770,mean,0,1024,-3.78569794
timbrewm,5,chinese:SSB0139,0,45,770,tct,0,1024,-2.30195522
timbrewm,5,chinese:SSB0139,0,45,806,mean,0,1024,-2.24167776
timbrewm,5,chinese:SSB0139,0,45,806,tct,0,1024,-1.31935453
timbrewm,5,chinese:SSB0139,0,45,777,mean,0,1024,-3.26771832
timbrewm,5,chinese:SSB0139,0,45,777,tct,0,1024,-2.56892157
timbrewm,5,chinese:SSB0139,0,45,779,mean,0,1024,-4.02625084
timbrewm,5,chinese:SSB0139,0,45,779,tct,0,1024,-3.86419821
timbrewm,5,chinese:SSB0139,0,45,693,mean,0,1024,-0.45634985
timbrewm,5,chinese:SSB0139,0,45,693,tct,0,1024,-0.56252718
timbrewm,5,chinese:SSB0139,0,45,518,mean,0,1024,-2.65174913
timbrewm,5,chinese:SSB0139,0,45,518,tct,0,1024,-1.36688566
timbrewm,5,chinese:SSB0139,0,45,137,mean,0,1024,-3.20179367
timbrewm,5,chinese:SSB0139,0,45,137,tct,0,1024,-1.94468021
timbrewm,5,chinese:SSB0139,0,45,292,mean,0,1024,-1.64163780
timbrewm,5,chinese:SSB0139,0,45,292,tct,0,1024,-1.16930819
timbrewm,5,chinese:SSB0139,0,45,21,mean,0,1024,-1.24933386
timbrewm,5,chinese:SSB0139,0,45,21,tct,0,1024,-0.82870579
timbrewm,5,chinese:SSB0139,1,46,450,mean,0,1024,-1.69074106
timbrewm,5,chinese:SSB0139,1,46,450,tct,0,1024,-1.15798426
timbrewm,5,chinese:SSB0139,1,46,960,mean,0,1024,-1.54633617
timbrewm,5,chinese:SSB0139,1,46,960,tct,0,1024,-0.32448673
timbrewm,5,chinese:SSB0139,1,46,687,mean,0,1024,-3.40252304
timbrewm,5,chinese:SSB0139,1,46,687,tct,0,1024,-2.69829273
timbrewm,5,chinese:SSB0139,1,46,341,mean,0,1024,-1.56029654
timbrewm,5,chinese:SSB0139,1,46,341,tct,0,1024,-1.31564474
timbrewm,5,chinese:SSB0139,1,46,85,mean,0,1024,-2.33689737
timbrewm,5,chinese:SSB0139,1,46,85,tct,0,1024,-1.98946953
timbrewm,5,chinese:SSB0139,1,46,311,mean,0,1024,-2.48144770
timbrewm,5,chinese:SSB0139,1,46,311,tct,0,1024,-1.96861076
timbrewm,5,chinese:SSB0139,1,46,284,mean,0,1024,-2.20968580
timbrewm,5,chinese:SSB0139,1,46,284,tct,0,1024,-1.58228922
timbrewm,5,chinese:SSB0139,1,46,994,mean,0,1024,-2.16692209
timbrewm,5,chinese:SSB0139,1,46,994,tct,0,1024,-1.44384670
timbrewm,5,chinese:SSB0139,1,46,776,mean,0,1024,-1.42721653
timbrewm,5,chinese:SSB0139,1,46,776,tct,0,1024,-0.92988873
timbrewm,5,chinese:SSB0139,1,46,938,mean,0,1024,-2.17002296
timbrewm,5,chinese:SSB0139,1,46,938,tct,0,1024,-1.43412304
timbrewm,5,chinese:SSB0139,2,47,970,mean,0,1024,-0.43144226
timbrewm,5,chinese:SSB0139,2,47,970,tct,0,1024,-1.00653744
timbrewm,5,chinese:SSB0139,2,47,835,mean,0,1024,-1.94253635
timbrewm,5,chinese:SSB0139,2,47,835,tct,0,1024,-1.28283787
timbrewm,5,chinese:SSB0139,2,47,371,mean,0,1024,-2.67010832
timbrewm,5,chinese:SSB0139,2,47,371,tct,0,1024,-1.41521883
timbrewm,5,chinese:SSB0139,2,47,1000,mean,0,1024,-0.79354572
timbrewm,5,chinese:SSB0139,2,47,1000,tct,0,1024,-0.93016291
timbrewm,5,chinese:SSB0139,2,47,805,mean,0,1024,-3.35067415
timbrewm,5,chinese:SSB0139,2,47,805,tct,0,1024,-2.40886879
timbrewm,5,chinese:SSB0139,2,47,341,mean,0,1024,-1.89049292
timbrewm,5,chinese:SSB0139,2,47,341,tct,0,1024,-1.21622562
timbrewm,5,chinese:SSB0139,2,47,195,mean,0,1024,-2.23572779
timbrewm,5,chinese:SSB0139,2,47,195,tct,0,1024,-2.28364944
timbrewm,5,chinese:SSB0139,2,47,591,mean,0,1024,-2.06770515
timbrewm,5,chinese:SSB0139,2,47,591,tct,0,1024,-1.38643074
timbrewm,5,chinese:SSB0139,2,47,310,mean,0,1024,-2.57024622
timbrewm,5,chinese:SSB0139,2,47,310,tct,0,1024,-1.47618055
timbrewm,5,chinese:SSB0139,2,47,233,mean,0,1024,-2.21482992
timbrewm,5,chinese:SSB0139,2,47,233,tct,0,1024,-1.35696745
timbrewm,5,chinese:SSB0145,0,48,784,mean,0,1024,-1.08360291
timbrewm,5,chinese:SSB0145,0,48,784,tct,0,1024,-0.18771553
timbrewm,5,chinese:SSB0145,0,48,439,mean,0,1024,-1.09511471
timbrewm,5,chinese:SSB0145,0,48,439,tct,0,1024,-1.42506456
timbrewm,5,chinese:SSB0145,0,48,507,mean,0,1024,-2.65603352
timbrewm,5,chinese:SSB0145,0,48,507,tct,0,1024,-2.10295391
timbrewm,5,chinese:SSB0145,0,48,639,mean,0,1024,-1.96700478
timbrewm,5,chinese:SSB0145,0,48,639,tct,0,1024,-1.28987646
timbrewm,5,chinese:SSB0145,0,48,542,mean,0,1024,-1.33478451
timbrewm,5,chinese:SSB0145,0,48,542,tct,0,1024,-0.27870274
timbrewm,5,chinese:SSB0145,0,48,94,mean,0,1024,-2.64591694
timbrewm,5,chinese:SSB0145,0,48,94,tct,0,1024,-1.71472311
timbrewm,5,chinese:SSB0145,0,48,278,mean,0,1024,-1.61561966
timbrewm,5,chinese:SSB0145,0,48,278,tct,0,1024,-1.08410740
timbrewm,5,chinese:SSB0145,0,48,319,mean,0,1024,-1.10995293
timbrewm,5,chinese:SSB0145,0,48,319,tct,0,1024,-0.55809736
timbrewm,5,chinese:SSB0145,0,48,373,mean,0,1024,-1.43356133
timbrewm,5,chinese:SSB0145,0,48,373,tct,0,1024,-1.41931868
timbrewm,5,chinese:SSB0145,0,48,908,mean,0,1024,-1.50820541
timbrewm,5,chinese:SSB0145,0,48,908,tct,0,1024,-1.35375404
timbrewm,5,chinese:SSB0145,1,49,640,mean,0,1024,-1.60418129
timbrewm,5,chinese:SSB0145,1,49,640,tct,0,1024,-0.35177088
timbrewm,5,chinese:SSB0145,1,49,477,mean,0,1024,-3.36806202
timbrewm,5,chinese:SSB0145,1,49,477,tct,0,1024,-1.61830521
timbrewm,5,chinese:SSB0145,1,49,746,mean,0,1024,-1.51570511
timbrewm,5,chinese:SSB0145,1,49,746,tct,0,1024,-1.53983498
timbrewm,5,chinese:SSB0145,1,49,497,mean,0,1024,-3.31188393
timbrewm,5,chinese:SSB0145,1,49,497,tct,0,1024,-1.61313105
timbrewm,5,chinese:SSB0145,1,49,918,mean,0,1024,-1.55448818
timbrewm,5,chinese:SSB0145,1,49,918,tct,0,1024,-1.31008101
timbrewm,5,chinese:SSB0145,1,49,423,mean,0,1024,-0.77866793
timbrewm,5,chinese:SSB0145,1,49,423,tct,0,1024,-0.83820915
timbrewm,5,chinese:SSB0145,1,49,711,mean,0,1024,-2.34795094
timbrewm,5,chinese:SSB0145,1,49,711,tct,0,1024,-2.18243265
timbrewm,5,chinese:SSB0145,1,49,508,mean,0,1024,-2.49696779
timbrewm,5,chinese:SSB0145,1,49,508,tct,0,1024,-1.69939470
timbrewm,5,chinese:SSB0145,1,49,1006,mean,0,1024,-0.65510511
timbrewm,5,chinese:SSB0145,1,49,1006,tct,0,1024,-0.13891053
timbrewm,5,chinese:SSB0145,1,49,872,mean,0,1024,-1.61241817
timbrewm,5,chinese:SSB0145,1,49,872,tct,0,1024,-1.60302925
timbrewm,5,chinese:SSB0145,2,50,467,mean,0,1024,-1.23565578
timbrewm,5,chinese:SSB0145,2,50,467,tct,0,1024,-1.31662989
timbrewm,5,chinese:SSB0145,2,50,18,mean,0,1024,-2.36772823
timbrewm,5,chinese:SSB0145,2,50,18,tct,0,1024,-2.21066904
timbrewm,5,chinese:SSB0145,2,50,667,mean,0,1024,-0.23090887
timbrewm,5,chinese:SSB0145,2,50,667,tct,0,1024,-0.00507069
timbrewm,5,chinese:SSB0145,2,50,1013,mean,0,1024,-2.05019140
timbrewm,5,chinese:SSB0145,2,50,1013,tct,0,1024,-1.79822397
timbrewm,5,chinese:SSB0145,2,50,198,mean,0,1024,-2.20607567
timbrewm,5,chinese:SSB0145,2,50,198,tct,0,1024,-1.68727970
timbrewm,5,chinese:SSB0145,2,50,843,mean,0,1024,-1.38264513
timbrewm,5,chinese:SSB0145,2,50,843,tct,0,1024,-1.54673624
timbrewm,5,chinese:SSB0145,2,50,1018,mean,0,1024,-1.57793188
timbrewm,5,chinese:SSB0145,2,50,1018,tct,0,1024,-1.23454523
timbrewm,5,chinese:SSB0145,2,50,58,mean,0,1024,-1.75649929
timbrewm,5,chinese:SSB0145,2,50,58,tct,0,1024,-1.70896435
timbrewm,5,chinese:SSB0145,2,50,283,mean,0,1024,-0.86222076
timbrewm,5,chinese:SSB0145,2,50,283,tct,0,1024,-0.42388630
timbrewm,5,chinese:SSB0145,2,50,869,mean,0,1024,-2.86633587
timbrewm,5,chinese:SSB0145,2,50,869,tct,0,1024,-1.60906410
timbrewm,5,chinese:SSB0149,0,51,980,mean,0,1024,-1.37312698
timbrewm,5,chinese:SSB0149,0,51,980,tct,0,1024,-0.55148220
timbrewm,5,chinese:SSB0149,0,51,629,mean,0,1024,-2.50220060
timbrewm,5,chinese:SSB0149,0,51,629,tct,0,1024,-1.30067444
timbrewm,5,chinese:SSB0149,0,51,642,mean,0,1024,-1.22324657
timbrewm,5,chinese:SSB0149,0,51,642,tct,0,1024,-1.15249681
timbrewm,5,chinese:SSB0149,0,51,933,mean,0,1024,-0.99680758
timbrewm,5,chinese:SSB0149,0,51,933,tct,0,1024,-0.21170521
timbrewm,5,chinese:SSB0149,0,51,521,mean,0,1024,-0.95818615
timbrewm,5,chinese:SSB0149,0,51,521,tct,0,1024,-1.23678446
timbrewm,5,chinese:SSB0149,0,51,773,mean,0,1024,-1.26043940
timbrewm,5,chinese:SSB0149,0,51,773,tct,0,1024,-0.36613655
timbrewm,5,chinese:SSB0149,0,51,951,mean,0,1024,-1.45465612
timbrewm,5,chinese:SSB0149,0,51,951,tct,0,1024,-0.60610580
timbrewm,5,chinese:SSB0149,0,51,623,mean,0,1024,-2.52901506
timbrewm,5,chinese:SSB0149,0,51,623,tct,0,1024,-1.40275621
timbrewm,5,chinese:SSB0149,0,51,785,mean,0,1024,-1.04229307
timbrewm,5,chinese:SSB0149,0,51,785,tct,0,1024,-0.41453838
timbrewm,5,chinese:SSB0149,0,51,427,mean,0,1024,-0.95975065
timbrewm,5,chinese:SSB0149,0,51,427,tct,0,1024,-0.23215723
timbrewm,5,chinese:SSB0149,1,52,234,mean,0,1024,-2.06153154
timbrewm,5,chinese:SSB0149,1,52,234,tct,0,1024,-1.45293379
timbrewm,5,chinese:SSB0149,1,52,668,mean,0,1024,-2.39341545
timbrewm,5,chinese:SSB0149,1,52,668,tct,0,1024,-0.98409414
timbrewm,5,chinese:SSB0149,1,52,461,mean,0,1024,-1.47915173
timbrewm,5,chinese:SSB0149,1,52,461,tct,0,1024,-0.01949120
timbrewm,5,chinese:SSB0149,1,52,107,mean,0,1024,-2.99860764
timbrewm,5,chinese:SSB0149,1,52,107,tct,0,1024,-2.73480368
timbrewm,5,chinese:SSB0149,1,52,542,mean,0,1024,-4.40528727
timbrewm,5,chinese:SSB0149,1,52,542,tct,0,1024,-3.33693171
timbrewm,5,chinese:SSB0149,1,52,904,mean,0,1024,-1.16145182
timbrewm,5,chinese:SSB0149,1,52,904,tct,0,1024,-0.00613594
timbrewm,5,chinese:SSB0149,1,52,407,mean,0,1024,-3.18206167
timbrewm,5,chinese:SSB0149,1,52,407,tct,0,1024,-2.73875761
timbrewm,5,chinese:SSB0149,1,52,174,mean,0,1024,-3.32160807
timbrewm,5,chinese:SSB0149,1,52,174,tct,0,1024,-2.43669081
timbrewm,5,chinese:SSB0149,1,52,360,mean,0,1024,-2.08693266
timbrewm,5,chinese:SSB0149,1,52,360,tct,0,1024,-1.17569304
timbrewm,5,chinese:SSB0149,1,52,331,mean,0,1024,-2.87728119
timbrewm,5,chinese:SSB0149,1,52,331,tct,0,1024,-2.26940536
timbrewm,5,chinese:SSB0149,2,53,627,mean,0,1024,-3.39361095
timbrewm,5,chinese:SSB0149,2,53,627,tct,0,1024,-2.93111658
timbrewm,5,chinese:SSB0149,2,53,8,mean,0,1024,-2.49615383
timbrewm,5,chinese:SSB0149,2,53,8,tct,0,1024,-1.71207380
timbrewm,5,chinese:SSB0149,2,53,236,mean,0,1024,-2.21980238
timbrewm,5,chinese:SSB0149,2,53,236,tct,0,1024,-2.18801165
timbrewm,5,chinese:SSB0149,2,53,144,mean,0,1024,-1.47834873
timbrewm,5,chinese:SSB0149,2,53,144,tct,0,1024,-0.77045631
timbrewm,5,chinese:SSB0149,2,53,857,mean,0,1024,-1.66735458
timbrewm,5,chinese:SSB0149,2,53,857,tct,0,1024,-0.37043476
timbrewm,5,chinese:SSB0149,2,53,40,mean,0,1024,-3.13088751
timbrewm,5,chinese:SSB0149,2,53,40,tct,0,1024,-2.51924801
timbrewm,5,chinese:SSB0149,2,53,61,mean,0,1024,-3.40411568
timbrewm,5,chinese:SSB0149,2,53,61,tct,0,1024,-2.72037029
timbrewm,5,chinese:SSB0149,2,53,147,mean,0,1024,-2.51142311
timbrewm,5,chinese:SSB0149,2,53,147,tct,0,1024,-1.87029123
timbrewm,5,chinese:SSB0149,2,53,816,mean,0,1024,-2.41557598
timbrewm,5,chinese:SSB0149,2,53,816,tct,0,1024,-1.54458523
timbrewm,5,chinese:SSB0149,2,53,875,mean,0,1024,-3.30865288
timbrewm,5,chinese:SSB0149,2,53,875,tct,0,1024,-1.47280025
timbrewm,5,chinese:SSB0193,0,54,723,mean,0,1024,-1.64933157
timbrewm,5,chinese:SSB0193,0,54,723,tct,0,1024,-0.50017262
timbrewm,5,chinese:SSB0193,0,54,487,mean,0,1024,-2.00080490
timbrewm,5,chinese:SSB0193,0,54,487,tct,0,1024,-0.69176674
timbrewm,5,chinese:SSB0193,0,54,658,mean,0,1024,-2.95724344
timbrewm,5,chinese:SSB0193,0,54,658,tct,0,1024,-1.84383678
timbrewm,5,chinese:SSB0193,0,54,449,mean,0,1024,-1.63235092
timbrewm,5,chinese:SSB0193,0,54,449,tct,0,1024,-0.96194363
timbrewm,5,chinese:SSB0193,0,54,276,mean,0,1024,-2.08050966
timbrewm,5,chinese:SSB0193,0,54,276,tct,0,1024,-1.32282066
timbrewm,5,chinese:SSB0193,0,54,997,mean,0,1024,-1.50593805
timbrewm,5,chinese:SSB0193,0,54,997,tct,0,1024,-0.19814014
timbrewm,5,chinese:SSB0193,0,54,383,mean,0,1024,-1.44272280
timbrewm,5,chinese:SSB0193,0,54,383,tct,0,1024,-1.15803480
timbrewm,5,chinese:SSB0193,0,54,339,mean,0,1024,-1.80861139
timbrewm,5,chinese:SSB0193,0,54,339,tct,0,1024,-0.78454590
timbrewm,5,chinese:SSB0193,0,54,424,mean,0,1024,-3.20795631
timbrewm,5,chinese:SSB0193,0,54,424,tct,0,1024,-2.53986406
timbrewm,5,chinese:SSB0193,0,54,758,mean,0,1024,-1.85381174
timbrewm,5,chinese:SSB0193,0,54,758,tct,0,1024,-0.70975733
timbrewm,5,chinese:SSB0193,1,55,936,mean,0,1024,-1.03418493
timbrewm,5,chinese:SSB0193,1,55,936,tct,0,1024,-0.11144686
timbrewm,5,chinese:SSB0193,1,55,424,mean,0,1024,-1.15622568
timbrewm,5,chinese:SSB0193,1,55,424,tct,0,1024,-0.32771349
timbrewm,5,chinese:SSB0193,1,55,129,mean,0,1024,-1.86144400
timbrewm,5,chinese:SSB0193,1,55,129,tct,0,1024,-1.69420290
timbrewm,5,chinese:SSB0193,1,55,81,mean,0,1024,-3.03186178
timbrewm,5,chinese:SSB0193,1,55,81,tct,0,1024,-2.51530647
timbrewm,5,chinese:SSB0193,1,55,774,mean,0,1024,-1.26669073
timbrewm,5,chinese:SSB0193,1,55,774,tct,0,1024,-0.22854280
timbrewm,5,chinese:SSB0193,1,55,134,mean,0,1024,-1.31104279
timbrewm,5,chinese:SSB0193,1,55,134,tct,0,1024,-0.27283812
timbrewm,5,chinese:SSB0193,1,55,485,mean,0,1024,-1.76337910
timbrewm,5,chinese:SSB0193,1,55,485,tct,0,1024,-1.67452621
timbrewm,5,chinese:SSB0193,1,55,598,mean,0,1024,-2.35941982
timbrewm,5,chinese:SSB0193,1,55,598,tct,0,1024,-1.67693186
timbrewm,5,chinese:SSB0193,1,55,254,mean,0,1024,-1.96157265
timbrewm,5,chinese:SSB0193,1,55,254,tct,0,1024,-1.54379129
timbrewm,5,chinese:SSB0193,1,55,410,mean,0,1024,-2.41149521
timbrewm,5,chinese:SSB0193,1,55,410,tct,0,1024,-2.16507244
timbrewm,5,chinese:SSB0193,2,56,80,mean,0,1024,-3.07753992
timbrewm,5,chinese:SSB0193,2,56,80,tct,0,1024,-2.13323355
timbrewm,5,chinese:SSB0193,2,56,2,mean,0,1024,-2.95057249
timbrewm,5,chinese:SSB0193,2,56,2,tct,0,1024,-2.17600060
timbrewm,5,chinese:SSB0193,2,56,515,mean,0,1024,-4.24770451
timbrewm,5,chinese:SSB0193,2,56,515,tct,0,1024,-3.36975718
timbrewm,5,chinese:SSB0193,2,56,13,mean,0,1024,-2.70387077
timbrewm,5,chinese:SSB0193,2,56,13,tct,0,1024,-0.24095154
timbrewm,5,chinese:SSB0193,2,56,241,mean,0,1024,-2.66291046
timbrewm,5,chinese:SSB0193,2,56,241,tct,0,1024,-2.15797281
timbrewm,5,chinese:SSB0193,2,56,922,mean,0,1024,-3.78454685
timbrewm,5,chinese:SSB0193,2,56,922,tct,0,1024,-3.26755142
timbrewm,5,chinese:SSB0193,2,56,443,mean,0,1024,-2.21461535
timbrewm,5,chinese:SSB0193,2,56,443,tct,0,1024,-1.37381935
timbrewm,5,chinese:SSB0193,2,56,261,mean,0,1024,-2.03115988
timbrewm,5,chinese:SSB0193,2,56,261,tct,0,1024,-1.42633295
timbrewm,5,chinese:SSB0193,2,56,229,mean,0,1024,-1.39718485
timbrewm,5,chinese:SSB0193,2,56,229,tct,0,1024,-1.10002518
timbrewm,5,chinese:SSB0193,2,56,295,mean,0,1024,-0.88608980
timbrewm,5,chinese:SSB0193,2,56,295,tct,0,1024,-0.47954464
timbrewm,5,chinese:SSB0197,0,57,580,mean,0,1024,-4.53910542
timbrewm,5,chinese:SSB0197,0,57,580,tct,0,1024,-3.43033409
timbrewm,5,chinese:SSB0197,0,57,882,mean,0,1024,-2.44491673
timbrewm,5,chinese:SSB0197,0,57,882,tct,0,1024,-1.73117971
timbrewm,5,chinese:SSB0197,0,57,837,mean,0,1024,-3.77240562
timbrewm,5,chinese:SSB0197,0,57,837,tct,0,1024,-3.14967632
timbrewm,5,chinese:SSB0197,0,57,593,mean,0,1024,-3.19836330
timbrewm,5,chinese:SSB0197,0,57,593,tct,0,1024,-1.24547768
timbrewm,5,chinese:SSB0197,0,57,440,mean,0,1024,-0.13451052
timbrewm,5,chinese:SSB0197,0,57,440,tct,0,1024,-0.24498415
timbrewm,5,chinese:SSB0197,0,57,862,mean,0,1024,-3.33933449
timbrewm,5,chinese:SSB0197,0,57,862,tct,0,1024,-2.49300909
timbrewm,5,chinese:SSB0197,0,57,302,mean,0,1024,-1.57860470
timbrewm,5,chinese:SSB0197,0,57,302,tct,0,1024,-1.04725552
timbrewm,5,chinese:SSB0197,0,57,12,mean,0,1024,-2.45407391
timbrewm,5,chinese:SSB0197,0,57,12,tct,0,1024,-2.10550928
timbrewm,5,chinese:SSB0197,0,57,490,mean,0,1024,-0.89679813
timbrewm,5,chinese:SSB0197,0,57,490,tct,0,1024,-0.80526018
timbrewm,5,chinese:SSB0197,0,57,57,mean,0,1024,-0.89502668
timbrewm,5,chinese:SSB0197,0,57,57,tct,0,1024,-0.06127834
timbrewm,5,chinese:SSB0197,1,58,430,mean,0,1024,-3.64681625
timbrewm,5,chinese:SSB0197,1,58,430,tct,0,1024,-3.74046803
timbrewm,5,chinese:SSB0197,1,58,1000,mean,0,1024,-1.66506624
timbrewm,5,chinese:SSB0197,1,58,1000,tct,0,1024,-1.21189022
timbrewm,5,chinese:SSB0197,1,58,1016,mean,0,1024,-1.50440168
timbrewm,5,chinese:SSB0197,1,58,1016,tct,0,1024,-1.50244427
timbrewm,5,chinese:SSB0197,1,58,347,mean,0,1024,-1.78957558
timbrewm,5,chinese:SSB0197,1,58,347,tct,0,1024,-1.45958519
timbrewm,5,chinese:SSB0197,1,58,730,mean,0,1024,-1.95567131
timbrewm,5,chinese:SSB0197,1,58,730,tct,0,1024,-1.45517206
timbrewm,5,chinese:SSB0197,1,58,565,mean,0,1024,-3.09649372
timbrewm,5,chinese:SSB0197,1,58,565,tct,0,1024,-2.65150356
timbrewm,5,chinese:SSB0197,1,58,537,mean,0,1024,-1.50030708
timbrewm,5,chinese:SSB0197,1,58,537,tct,0,1024,-0.60770130
timbrewm,5,chinese:SSB0197,1,58,371,mean,0,1024,-3.56688786
timbrewm,5,chinese:SSB0197,1,58,371,tct,0,1024,-2.37045288
timbrewm,5,chinese:SSB0197,1,58,312,mean,0,1024,-2.68937922
timbrewm,5,chinese:SSB0197,1,58,312,tct,0,1024,-2.42472696
timbrewm,5,chinese:SSB0197,1,58,821,mean,0,1024,-2.83321428
timbrewm,5,chinese:SSB0197,1,58,821,tct,0,1024,-2.60090351
timbrewm,5,chinese:SSB0197,2,59,248,mean,0,1024,-3.00015926
timbrewm,5,chinese:SSB0197,2,59,248,tct,0,1024,-2.16690731
timbrewm,5,chinese:SSB0197,2,59,706,mean,0,1024,-1.19597912
timbrewm,5,chinese:SSB0197,2,59,706,tct,0,1024,-0.62113047
timbrewm,5,chinese:SSB0197,2,59,273,mean,0,1024,-2.35179281
timbrewm,5,chinese:SSB0197,2,59,273,tct,0,1024,-1.20965099
timbrewm,5,chinese:SSB0197,2,59,214,mean,0,1024,-2.22569847
timbrewm,5,chinese:SSB0197,2,59,214,tct,0,1024,-1.29782104
timbrewm,5,chinese:SSB0197,2,59,1013,mean,0,1024,-3.00403976
timbrewm,5,chinese:SSB0197,2,59,1013,tct,0,1024,-2.06696749
timbrewm,5,chinese:SSB0197,2,59,107,mean,0,1024,-3.58236408
timbrewm,5,chinese:SSB0197,2,59,107,tct,0,1024,-2.38633156
timbrewm,5,chinese:SSB0197,2,59,742,mean,0,1024,-2.01640892
timbrewm,5,chinese:SSB0197,2,59,742,tct,0,1024,-1.15690851
timbrewm,5,chinese:SSB0197,2,59,240,mean,0,1024,-2.94905186
timbrewm,5,chinese:SSB0197,2,59,240,tct,0,1024,-2.07627296
timbrewm,5,chinese:SSB0197,2,59,541,mean,0,1024,-1.65786123
timbrewm,5,chinese:SSB0197,2,59,541,tct,0,1024,-1.43418646
timbrewm,5,chinese:SSB0197,2,59,838,mean,0,1024,-1.39044333
timbrewm,5,chinese:SSB0197,2,59,838,tct,0,1024,-1.15808487
timbrewm,5,chinese:SSB0200,0,60,421,mean,0,1024,-2.49387360
timbrewm,5,chinese:SSB0200,0,60,421,tct,0,1024,-2.49770403
timbrewm,5,chinese:SSB0200,0,60,158,mean,0,1024,-1.17559099
timbrewm,5,chinese:SSB0200,0,60,158,tct,0,1024,-1.14881039
timbrewm,5,chinese:SSB0200,0,60,496,mean,0,1024,-1.10433054
timbrewm,5,chinese:SSB0200,0,60,496,tct,0,1024,-0.37537003
timbrewm,5,chinese:SSB0200,0,60,761,mean,0,1024,-1.45112038
timbrewm,5,chinese:SSB0200,0,60,761,tct,0,1024,-1.61275339
timbrewm,5,chinese:SSB0200,0,60,589,mean,0,1024,-2.25178862
timbrewm,5,chinese:SSB0200,0,60,589,tct,0,1024,-2.29159498
timbrewm,5,chinese:SSB0200,0,60,393,mean,0,1024,-0.83998346
timbrewm,5,chinese:SSB0200,0,60,393,tct,0,1024,-0.27173233
timbrewm,5,chinese:SSB0200,0,60,275,mean,0,1024,-1.00971746
timbrewm,5,chinese:SSB0200,0,60,275,tct,0,1024,-0.26054144
timbrewm,5,chinese:SSB0200,0,60,382,mean,0,1024,-1.62879372
timbrewm,5,chinese:SSB0200,0,60,382,tct,0,1024,-1.57183170
timbrewm,5,chinese:SSB0200,0,60,467,mean,0,1024,-1.26768160
timbrewm,5,chinese:SSB0200,0,60,467,tct,0,1024,-0.50001812
timbrewm,5,chinese:SSB0200,0,60,961,mean,0,1024,-1.93150997
timbrewm,5,chinese:SSB0200,0,60,961,tct,0,1024,-1.82567358
timbrewm,5,chinese:SSB0200,1,61,574,mean,0,1024,-0.97579336
timbrewm,5,chinese:SSB0200,1,61,574,tct,0,1024,-0.57196617
timbrewm,5,chinese:SSB0200,1,61,630,mean,0,1024,-0.60427332
timbrewm,5,chinese:SSB0200,1,61,630,tct,0,1024,-0.05531502
timbrewm,5,chinese:SSB0200,1,61,98,mean,0,1024,-1.29459429
timbrewm,5,chinese:SSB0200,1,61,98,tct,0,1024,-0.46510315
timbrewm,5,chinese:SSB0200,1,61,224,mean,0,1024,-0.95316458
timbrewm,5,chinese:SSB0200,1,61,224,tct,0,1024,-0.41371059
timbrewm,5,chinese:SSB0200,1,61,343,mean,0,1024,-2.46681309
timbrewm,5,chinese:SSB0200,1,61,343,tct,0,1024,-1.67577553
timbrewm,5,chinese:SSB0200,1,61,878,mean,0,1024,-1.55055046
timbrewm,5,chinese:SSB0200,1,61,878,tct,0,1024,-1.16380644
timbrewm,5,chinese:SSB0200,1,61,794,mean,0,1024,-2.13631821
timbrewm,5,chinese:SSB0200,1,61,794,tct,0,1024,-1.70466042
timbrewm,5,chinese:SSB0200,1,61,605,mean,0,1024,-1.60541201
timbrewm,5,chinese:SSB0200,1,61,605,tct,0,1024,-1.35249615
timbrewm,5,chinese:SSB0200,1,61,502,mean,0,1024,-1.20817184
timbrewm,5,chinese:SSB0200,1,61,502,tct,0,1024,-0.42083359
timbrewm,5,chinese:SSB0200,1,61,426,mean,0,1024,-2.00245857
timbrewm,5,chinese:SSB0200,1,61,426,tct,0,1024,-1.54447460
timbrewm,5,chinese:SSB0200,2,62,826,mean,0,1024,-2.50132847
timbrewm,5,chinese:SSB0200,2,62,826,tct,0,1024,-1.89766836
timbrewm,5,chinese:SSB0200,2,62,747,mean,0,1024,-2.56863260
timbrewm,5,chinese:SSB0200,2,62,747,tct,0,1024,-1.44104052
timbrewm,5,chinese:SSB0200,2,62,219,mean,0,1024,-2.00618219
timbrewm,5,chinese:SSB0200,2,62,219,tct,0,1024,-0.49146128
timbrewm,5,chinese:SSB0200,2,62,999,mean,0,1024,-3.77177954
timbrewm,5,chinese:SSB0200,2,62,999,tct,0,1024,-3.19515657
timbrewm,5,chinese:SSB0200,2,62,291,mean,0,1024,-3.66410112
timbrewm,5,chinese:SSB0200,2,62,291,tct,0,1024,-2.84842825
timbrewm,5,chinese:SSB0200,2,62,154,mean,0,1024,-1.54920530
timbrewm,5,chinese:SSB0200,2,62,154,tct,0,1024,-0.46295834
timbrewm,5,chinese:SSB0200,2,62,1015,mean,0,1024,-4.02316236
timbrewm,5,chinese:SSB0200,2,62,1015,tct,0,1024,-3.09238672
timbrewm,5,chinese:SSB0200,2,62,635,mean,0,1024,-3.16409063
timbrewm,5,chinese:SSB0200,2,62,635,tct,0,1024,-1.81420755
timbrewm,5,chinese:SSB0200,2,62,697,mean,0,1024,-2.32066298
timbrewm,5,chinese:SSB0200,2,62,697,tct,0,1024,-0.50457430
timbrewm,5,chinese:SSB0200,2,62,598,mean,0,1024,-3.55670881
timbrewm,5,chinese:SSB0200,2,62,598,tct,0,1024,-2.98253250
timbrewm,5,chinese:SSB0241,0,63,191,mean,0,1024,-2.45274544
timbrewm,5,chinese:SSB0241,0,63,191,tct,0,1024,-2.04540920
timbrewm,5,chinese:SSB0241,0,63,413,mean,0,1024,-1.82569981
timbrewm,5,chinese:SSB0241,0,63,413,tct,0,1024,-1.61240721
timbrewm,5,chinese:SSB0241,0,63,408,mean,0,1024,-1.26868963
timbrewm,5,chinese:SSB0241,0,63,408,tct,0,1024,-0.88372993
timbrewm,5,chinese:SSB0241,0,63,805,mean,0,1024,-2.39986563
timbrewm,5,chinese:SSB0241,0,63,805,tct,0,1024,-0.84348011
timbrewm,5,chinese:SSB0241,0,63,592,mean,0,1024,-2.10618877
timbrewm,5,chinese:SSB0241,0,63,592,tct,0,1024,-1.07301807
timbrewm,5,chinese:SSB0241,0,63,347,mean,0,1024,-1.54036283
timbrewm,5,chinese:SSB0241,0,63,347,tct,0,1024,-0.34020329
timbrewm,5,chinese:SSB0241,0,63,750,mean,0,1024,-1.41193867
timbrewm,5,chinese:SSB0241,0,63,750,tct,0,1024,-1.37902021
timbrewm,5,chinese:SSB0241,0,63,473,mean,0,1024,-0.82634211
timbrewm,5,chinese:SSB0241,0,63,473,tct,0,1024,-0.02489614
timbrewm,5,chinese:SSB0241,0,63,469,mean,0,1024,-1.64281130
timbrewm,5,chinese:SSB0241,0,63,469,tct,0,1024,-1.45422697
timbrewm,5,chinese:SSB0241,0,63,183,mean,0,1024,-2.97840357
timbrewm,5,chinese:SSB0241,0,63,183,tct,0,1024,-2.17686510
timbrewm,5,chinese:SSB0241,1,64,684,mean,0,1024,-3.02641630
timbrewm,5,chinese:SSB0241,1,64,684,tct,0,1024,-2.08589554
timbrewm,5,chinese:SSB0241,1,64,28,mean,0,1024,-2.83406401
timbrewm,5,chinese:SSB0241,1,64,28,tct,0,1024,-1.59529686
timbrewm,5,chinese:SSB0241,1,64,916,mean,0,1024,-2.02154922
timbrewm,5,chinese:SSB0241,1,64,916,tct,0,1024,-1.22782040
timbrewm,5,chinese:SSB0241,1,64,740,mean,0,1024,-1.54366589
timbrewm,5,chinese:SSB0241,1,64,740,tct,0,1024,-0.61010599
timbrewm,5,chinese:SSB0241,1,64,199,mean,0,1024,-0.90599585
timbrewm,5,chinese:SSB0241,1,64,199,tct,0,1024,-0.90133858
timbrewm,5,chinese:SSB0241,1,64,208,mean,0,1024,-1.58983803
timbrewm,5,chinese:SSB0241,1,64,208,tct,0,1024,-0.54882050
timbrewm,5,chinese:SSB0241,1,64,528,mean,0,1024,-2.84809065
timbrewm,5,chinese:SSB0241,1,64,528,tct,0,1024,-1.82241011
timbrewm,5,chinese:SSB0241,1,64,414,mean,0,1024,-2.16645861
timbrewm,5,chinese:SSB0241,1,64,414,tct,0,1024,-1.06876612
timbrewm,5,chinese:SSB0241,1,64,704,mean,0,1024,-1.46745253
timbrewm,5,chinese:SSB0241,1,64,704,tct,0,1024,-0.19602489
timbrewm,5,chinese:SSB0241,1,64,687,mean,0,1024,-2.83816767
timbrewm,5,chinese:SSB0241,1,64,687,tct,0,1024,-2.50963783
timbrewm,5,chinese:SSB0241,2,65,220,mean,0,1024,-3.31108522
timbrewm,5,chinese:SSB0241,2,65,220,tct,0,1024,-1.39257431
timbrewm,5,chinese:SSB0241,2,65,204,mean,0,1024,-2.39806509
timbrewm,5,chinese:SSB0241,2,65,204,tct,0,1024,-1.16615534
timbrewm,5,chinese:SSB0241,2,65,720,mean,0,1024,-2.95821142
timbrewm,5,chinese:SSB0241,2,65,720,tct,0,1024,-1.60919905
timbrewm,5,chinese:SSB0241,2,65,725,mean,0,1024,-3.08860826
timbrewm,5,chinese:SSB0241,2,65,725,tct,0,1024,-1.58294249
timbrewm,5,chinese:SSB0241,2,65,197,mean,0,1024,-2.28771353
timbrewm,5,chinese:SSB0241,2,65,197,tct,0,1024,-1.07250595
timbrewm,5,chinese:SSB0241,2,65,30,mean,0,1024,-3.93493032
timbrewm,5,chinese:SSB0241,2,65,30,tct,0,1024,-2.53816414
timbrewm,5,chinese:SSB0241,2,65,145,mean,0,1024,-3.19124079
timbrewm,5,chinese:SSB0241,2,65,145,tct,0,1024,-2.16448927
timbrewm,5,chinese:SSB0241,2,65,8,mean,0,1024,-2.76437807
timbrewm,5,chinese:SSB0241,2,65,8,tct,0,1024,-1.20751143
timbrewm,5,chinese:SSB0241,2,65,6,mean,0,1024,-3.47011709
timbrewm,5,chinese:SSB0241,2,65,6,tct,0,1024,-1.64486122
timbrewm,5,chinese:SSB0241,2,65,534,mean,0,1024,-4.27101374
timbrewm,5,chinese:SSB0241,2,65,534,tct,0,1024,-3.09219170
timbrewm,5,chinese:SSB0246,0,66,59,mean,0,1024,-4.21273136
timbrewm,5,chinese:SSB0246,0,66,59,tct,0,1024,-1.46313190
timbrewm,5,chinese:SSB0246,0,66,762,mean,0,1024,-4.42293072
timbrewm,5,chinese:SSB0246,0,66,762,tct,0,1024,-2.19469833
timbrewm,5,chinese:SSB0246,0,66,527,mean,0,1024,-2.50966549
timbrewm,5,chinese:SSB0246,0,66,527,tct,0,1024,-1.33144522
timbrewm,5,chinese:SSB0246,0,66,899,mean,0,1024,-2.10564232
timbrewm,5,chinese:SSB0246,0,66,899,tct,0,1024,-0.29978323
timbrewm,5,chinese:SSB0246,0,66,505,mean,0,1024,-2.85899591
timbrewm,5,chinese:SSB0246,0,66,505,tct,0,1024,-1.26442194
timbrewm,5,chinese:SSB0246,0,66,748,mean,0,1024,-2.25972366
timbrewm,5,chinese:SSB0246,0,66,748,tct,0,1024,-1.72567797
timbrewm,5,chinese:SSB0246,0,66,845,mean,0,1024,-1.53885746
timbrewm,5,chinese:SSB0246,0,66,845,tct,0,1024,-0.74813461
timbrewm,5,chinese:SSB0246,0,66,534,mean,0,1024,-3.00029182
timbrewm,5,chinese:SSB0246,0,66,534,tct,0,1024,-0.66062927
timbrewm,5,chinese:SSB0246,0,66,580,mean,0,1024,-1.21148586
timbrewm,5,chinese:SSB0246,0,66,580,tct,0,1024,-1.19330263
timbrewm,5,chinese:SSB0246,0,66,180,mean,0,1024,-2.15722275
timbrewm,5,chinese:SSB0246,0,66,180,tct,0,1024,-0.58363152
timbrewm,5,chinese:SSB0246,1,67,843,mean,0,1024,-2.41625643
timbrewm,5,chinese:SSB0246,1,67,843,tct,0,1024,-1.88864994
timbrewm,5,chinese:SSB0246,1,67,1015,mean,0,1024,-0.85677099
timbrewm,5,chinese:SSB0246,1,67,1015,tct,0,1024,-0.28250742
timbrewm,5,chinese:SSB0246,1,67,47,mean,0,1024,-0.99025536
timbrewm,5,chinese:SSB0246,1,67,47,tct,0,1024,-0.10930920
timbrewm,5,chinese:SSB0246,1,67,700,mean,0,1024,-1.26974344
timbrewm,5,chinese:SSB0246,1,67,700,tct,0,1024,-1.00505066
timbrewm,5,chinese:SSB0246,1,67,980,mean,0,1024,-2.00458241
timbrewm,5,chinese:SSB0246,1,67,980,tct,0,1024,-1.42446899
timbrewm,5,chinese:SSB0246,1,67,926,mean,0,1024,-2.50065851
timbrewm,5,chinese:SSB0246,1,67,926,tct,0,1024,-2.13994026
timbrewm,5,chinese:SSB0246,1,67,272,mean,0,1024,-2.43262100
timbrewm,5,chinese:SSB0246,1,67,272,tct,0,1024,-1.41755342
timbrewm,5,chinese:SSB0246,1,67,695,mean,0,1024,-1.28570604
timbrewm,5,chinese:SSB0246,1,67,695,tct,0,1024,-0.15777540
timbrewm,5,chinese:SSB0246,1,67,472,mean,0,1024,-2.14411354
timbrewm,5,chinese:SSB0246,1,67,472,tct,0,1024,-1.12943029
timbrewm,5,chinese:SSB0246,1,67,603,mean,0,1024,-2.60011625
timbrewm,5,chinese:SSB0246,1,67,603,tct,0,1024,-2.76487732
timbrewm,5,chinese:SSB0246,2,68,378,mean,0,1024,-2.22699881
timbrewm,5,chinese:SSB0246,2,68,378,tct,0,1024,-1.23979187
timbrewm,5,chinese:SSB0246,2,68,804,mean,0,1024,-2.56972361
timbrewm,5,chinese:SSB0246,2,68,804,tct,0,1024,-1.70420551
timbrewm,5,chinese:SSB0246,2,68,852,mean,0,1024,-2.80270672
timbrewm,5,chinese:SSB0246,2,68,852,tct,0,1024,-2.44368458
timbrewm,5,chinese:SSB0246,2,68,314,mean,0,1024,-2.86445045
timbrewm,5,chinese:SSB0246,2,68,314,tct,0,1024,-1.24021721
timbrewm,5,chinese:SSB0246,2,68,679,mean,0,1024,-3.17190313
timbrewm,5,chinese:SSB0246,2,68,679,tct,0,1024,-1.65997362
timbrewm,5,chinese:SSB0246,2,68,505,mean,0,1024,-1.65930891
timbrewm,5,chinese:SSB0246,2,68,505,tct,0,1024,-1.21084785
timbrewm,5,chinese:SSB0246,2,68,583,mean,0,1024,-2.63343287
timbrewm,5,chinese:SSB0246,2,68,583,tct,0,1024,-1.87633705
timbrewm,5,chinese:SSB0246,2,68,986,mean,0,1024,-2.35442924
timbrewm,5,chinese:SSB0246,2,68,986,tct,0,1024,-1.71427679
timbrewm,5,chinese:SSB0246,2,68,237,mean,0,1024,-1.47460747
timbrewm,5,chinese:SSB0246,2,68,237,tct,0,1024,-0.99286604
timbrewm,5,chinese:SSB0246,2,68,823,mean,0,1024,-4.28802633
timbrewm,5,chinese:SSB0246,2,68,823,tct,0,1024,-1.71762514
timbrewm,5,chinese:SSB0261,0,69,813,mean,0,1024,-1.21425152
timbrewm,5,chinese:SSB0261,0,69,813,tct,0,1024,-0.77506113
timbrewm,5,chinese:SSB0261,0,69,109,mean,0,1024,-1.02030087
timbrewm,5,chinese:SSB0261,0,69,109,tct,0,1024,-1.09060717
timbrewm,5,chinese:SSB0261,0,69,719,mean,0,1024,-0.40806866
timbrewm,5,chinese:SSB0261,0,69,719,tct,0,1024,-0.01132870
timbrewm,5,chinese:SSB0261,0,69,899,mean,0,1024,-1.38201618
timbrewm,5,chinese:SSB0261,0,69,899,tct,0,1024,-1.45264721
timbrewm,5,chinese:SSB0261,0,69,914,mean,0,1024,-1.74743080
timbrewm,5,chinese:SSB0261,0,69,914,tct,0,1024,-1.25864363
timbrewm,5,chinese:SSB0261,0,69,590,mean,0,1024,-0.81470776
timbrewm,5,chinese:SSB0261,0,69,590,tct,0,1024,-0.99273682
timbrewm,5,chinese:SSB0261,0,69,586,mean,0,1024,-0.98020840
timbrewm,5,chinese:SSB0261,0,69,586,tct,0,1024,-0.64190149
timbrewm,5,chinese:SSB0261,0,69,280,mean,0,1024,-2.13340187
timbrewm,5,chinese:SSB0261,0,69,280,tct,0,1024,-1.08525229
timbrewm,5,chinese:SSB0261,0,69,641,mean,0,1024,-1.19443226
timbrewm,5,chinese:SSB0261,0,69,641,tct,0,1024,-1.25818539
timbrewm,5,chinese:SSB0261,0,69,45,mean,0,1024,-1.65033293
timbrewm,5,chinese:SSB0261,0,69,45,tct,0,1024,-1.12374067
timbrewm,5,chinese:SSB0261,1,70,1021,mean,0,1024,-0.42807913
timbrewm,5,chinese:SSB0261,1,70,1021,tct,0,1024,-0.62092257
timbrewm,5,chinese:SSB0261,1,70,51,mean,0,1024,-2.09354019
timbrewm,5,chinese:SSB0261,1,70,51,tct,0,1024,-0.33406019
timbrewm,5,chinese:SSB0261,1,70,778,mean,0,1024,-1.98384571
timbrewm,5,chinese:SSB0261,1,70,778,tct,0,1024,-1.86492014
timbrewm,5,chinese:SSB0261,1,70,957,mean,0,1024,-1.00942850
timbrewm,5,chinese:SSB0261,1,70,957,tct,0,1024,-1.06512737
timbrewm,5,chinese:SSB0261,1,70,251,mean,0,1024,-1.32727718
timbrewm,5,chinese:SSB0261,1,70,251,tct,0,1024,-0.27650166
timbrewm,5,chinese:SSB0261,1,70,589,mean,0,1024,-1.35162592
timbrewm,5,chinese:SSB0261,1,70,589,tct,0,1024,-1.28300905
timbrewm,5,chinese:SSB0261,1,70,456,mean,0,1024,-1.35797071
timbrewm,5,chinese:SSB0261,1,70,456,tct,0,1024,-1.29156399
timbrewm,5,chinese:SSB0261,1,70,1016,mean,0,1024,-0.28701591
timbrewm,5,chinese:SSB0261,1,70,1016,tct,0,1024,-0.52101612
timbrewm,5,chinese:SSB0261,1,70,920,mean,0,1024,-0.76268101
timbrewm,5,chinese:SSB0261,1,70,920,tct,0,1024,-1.03843164
timbrewm,5,chinese:SSB0261,1,70,49,mean,0,1024,-1.71880102
timbrewm,5,chinese:SSB0261,1,70,49,tct,0,1024,-0.34997177
timbrewm,5,chinese:SSB0261,2,71,705,mean,0,1024,-1.21330547
timbrewm,5,chinese:SSB0261,2,71,705,tct,0,1024,-1.15865993
timbrewm,5,chinese:SSB0261,2,71,321,mean,0,1024,-1.73857450
timbrewm,5,chinese:SSB0261,2,71,321,tct,0,1024,-1.52098608
timbrewm,5,chinese:SSB0261,2,71,127,mean,0,1024,-2.81911039
timbrewm,5,chinese:SSB0261,2,71,127,tct,0,1024,-1.38726854
timbrewm,5,chinese:SSB0261,2,71,392,mean,0,1024,-1.94474554
timbrewm,5,chinese:SSB0261,2,71,392,tct,0,1024,-1.62043095
timbrewm,5,chinese:SSB0261,2,71,780,mean,0,1024,-0.64261055
timbrewm,5,chinese:SSB0261,2,71,780,tct,0,1024,-0.82254648
timbrewm,5,chinese:SSB0261,2,71,894,mean,0,1024,-0.90022135
timbrewm,5,chinese:SSB0261,2,71,894,tct,0,1024,-0.46604872
timbrewm,5,chinese:SSB0261,2,71,726,mean,0,1024,-1.10424137
timbrewm,5,chinese:SSB0261,2,71,726,tct,0,1024,-0.87173033
timbrewm,5,chinese:SSB0261,2,71,5,mean,0,1024,-2.54032898
timbrewm,5,chinese:SSB0261,2,71,5,tct,0,1024,-2.48351431
timbrewm,5,chinese:SSB0261,2,71,995,mean,0,1024,-1.19665527
timbrewm,5,chinese:SSB0261,2,71,995,tct,0,1024,-0.43464708
timbrewm,5,chinese:SSB0261,2,71,563,mean,0,1024,-2.53054476
timbrewm,5,chinese:SSB0261,2,71,563,tct,0,1024,-0.20924950
timbrewm,5,chinese:SSB0267,0,72,536,mean,0,1024,-0.97512293
timbrewm,5,chinese:SSB0267,0,72,536,tct,0,1024,-0.33215904
timbrewm,5,chinese:SSB0267,0,72,304,mean,0,1024,-1.69295979
timbrewm,5,chinese:SSB0267,0,72,304,tct,0,1024,-0.16554785
timbrewm,5,chinese:SSB0267,0,72,399,mean,0,1024,-1.28363228
timbrewm,5,chinese:SSB0267,0,72,399,tct,0,1024,-0.18136835
timbrewm,5,chinese:SSB0267,0,72,53,mean,0,1024,-1.55081654
timbrewm,5,chinese:SSB0267,0,72,53,tct,0,1024,-1.37771606
timbrewm,5,chinese:SSB0267,0,72,490,mean,0,1024,-1.32073212
timbrewm,5,chinese:SSB0267,0,72,490,tct,0,1024,-0.45663261
timbrewm,5,chinese:SSB0267,0,72,898,mean,0,1024,-1.47858763
timbrewm,5,chinese:SSB0267,0,72,898,tct,0,1024,-0.89697170
timbrewm,5,chinese:SSB0267,0,72,610,mean,0,1024,-1.76361084
timbrewm,5,chinese:SSB0267,0,72,610,tct,0,1024,-0.79025316
timbrewm,5,chinese:SSB0267,0,72,355,mean,0,1024,-2.42871380
timbrewm,5,chinese:SSB0267,0,72,355,tct,0,1024,-0.23822689
timbrewm,5,chinese:SSB0267,0,72,670,mean,0,1024,-0.84381485
timbrewm,5,chinese:SSB0267,0,72,670,tct,0,1024,-0.29652643
timbrewm,5,chinese:SSB0267,0,72,267,mean,0,1024,-1.80524206
timbrewm,5,chinese:SSB0267,0,72,267,tct,0,1024,-0.24757814
timbrewm,5,chinese:SSB0267,1,73,914,mean,0,1024,-0.89816284
timbrewm,5,chinese:SSB0267,1,73,914,tct,0,1024,-0.22303486
timbrewm,5,chinese:SSB0267,1,73,912,mean,0,1024,-0.46366978
timbrewm,5,chinese:SSB0267,1,73,912,tct,0,1024,-0.41637707
timbrewm,5,chinese:SSB0267,1,73,779,mean,0,1024,-1.97555637
timbrewm,5,chinese:SSB0267,1,73,779,tct,0,1024,-0.99433136
timbrewm,5,chinese:SSB0267,1,73,821,mean,0,1024,-1.45284653
timbrewm,5,chinese:SSB0267,1,73,821,tct,0,1024,-1.41548538
timbrewm,5,chinese:SSB0267,1,73,219,mean,0,1024,-2.54623461
timbrewm,5,chinese:SSB0267,1,73,219,tct,0,1024,-2.03741360
timbrewm,5,chinese:SSB0267,1,73,411,mean,0,1024,-2.07656336
timbrewm,5,chinese:SSB0267,1,73,411,tct,0,1024,-1.64865160
timbrewm,5,chinese:SSB0267,1,73,938,mean,0,1024,-2.96734428
timbrewm,5,chinese:SSB0267,1,73,938,tct,0,1024,-2.05449963
timbrewm,5,chinese:SSB0267,1,73,869,mean,0,1024,-1.35467911
timbrewm,5,chinese:SSB0267,1,73,869,tct,0,1024,-1.11328745
timbrewm,5,chinese:SSB0267,1,73,456,mean,0,1024,-1.38109541
timbrewm,5,chinese:SSB0267,1,73,456,tct,0,1024,-0.96538544
timbrewm,5,chinese:SSB0267,1,73,965,mean,0,1024,-0.32612324
timbrewm,5,chinese:SSB0267,1,73,965,tct,1,1024,0.08688402
timbrewm,5,chinese:SSB0267,2,74,778,mean,0,1024,-1.84307528
timbrewm,5,chinese:SSB0267,2,74,778,tct,0,1024,-1.28385067
timbrewm,5,chinese:SSB0267,2,74,446,mean,0,1024,-2.05914450
timbrewm,5,chinese:SSB0267,2,74,446,tct,0,1024,-1.67664814
timbrewm,5,chinese:SSB0267,2,74,373,mean,0,1024,-1.32397413
timbrewm,5,chinese:SSB0267,2,74,373,tct,0,1024,-0.59288788
timbrewm,5,chinese:SSB0267,2,74,671,mean,0,1024,-1.22294044
timbrewm,5,chinese:SSB0267,2,74,671,tct,0,1024,-1.31329298
timbrewm,5,chinese:SSB0267,2,74,119,mean,0,1024,-2.48485947
timbrewm,5,chinese:SSB0267,2,74,119,tct,0,1024,-0.65597486
timbrewm,5,chinese:SSB0267,2,74,241,mean,0,1024,-1.80998325
timbrewm,5,chinese:SSB0267,2,74,241,tct,0,1024,-1.48566198
timbrewm,5,chinese:SSB0267,2,74,508,mean,0,1024,-1.34733105
timbrewm,5,chinese:SSB0267,2,74,508,tct,1,1024,0.00979328
timbrewm,5,chinese:SSB0267,2,74,689,mean,0,1024,-1.41327047
timbrewm,5,chinese:SSB0267,2,74,689,tct,0,1024,-1.20068026
timbrewm,5,chinese:SSB0267,2,74,429,mean,0,1024,-1.48202562
timbrewm,5,chinese:SSB0267,2,74,429,tct,0,1024,-1.03967142
timbrewm,5,chinese:SSB0267,2,74,76,mean,0,1024,-1.49697685
timbrewm,5,chinese:SSB0267,2,74,76,tct,0,1024,-0.36322784
timbrewm,5,chinese:SSB0273,0,75,601,mean,0,1024,-2.72769260
timbrewm,5,chinese:SSB0273,0,75,601,tct,0,1024,-1.73120213
timbrewm,5,chinese:SSB0273,0,75,134,mean,0,1024,-1.45511913
timbrewm,5,chinese:SSB0273,0,75,134,tct,0,1024,-1.19694281
timbrewm,5,chinese:SSB0273,0,75,960,mean,0,1024,-2.37330341
timbrewm,5,chinese:SSB0273,0,75,960,tct,0,1024,-1.93082190
timbrewm,5,chinese:SSB0273,0,75,737,mean,0,1024,-2.87423229
timbrewm,5,chinese:SSB0273,0,75,737,tct,0,1024,-1.24622393
timbrewm,5,chinese:SSB0273,0,75,998,mean,0,1024,-2.91772127
timbrewm,5,chinese:SSB0273,0,75,998,tct,0,1024,-2.01151323
timbrewm,5,chinese:SSB0273,0,75,698,mean,0,1024,-0.74567127
timbrewm,5,chinese:SSB0273,0,75,698,tct,0,1024,-0.96476793
timbrewm,5,chinese:SSB0273,0,75,492,mean,0,1024,-3.17659235
timbrewm,5,chinese:SSB0273,0,75,492,tct,0,1024,-2.08647966
timbrewm,5,chinese:SSB0273,0,75,799,mean,0,1024,-2.46587563
timbrewm,5,chinese:SSB0273,0,75,799,tct,0,1024,-1.39924002
timbrewm,5,chinese:SSB0273,0,75,816,mean,0,1024,-2.03547764
timbrewm,5,chinese:SSB0273,0,75,816,tct,0,1024,-1.48453522
timbrewm,5,chinese:SSB0273,0,75,499,mean,0,1024,-1.33024788
timbrewm,5,chinese:SSB0273,0,75,499,tct,0,1024,-1.01995230
timbrewm,5,chinese:SSB0273,1,76,814,mean,0,1024,-2.21027422
timbrewm,5,chinese:SSB0273,1,76,814,tct,0,1024,-0.19483328
timbrewm,5,chinese:SSB0273,1,76,798,mean,0,1024,-2.76906586
timbrewm,5,chinese:SSB0273,1,76,798,tct,0,1024,-1.29093122
timbrewm,5,chinese:SSB0273,1,76,436,mean,0,1024,-2.03539658
timbrewm,5,chinese:SSB0273,1,76,436,tct,0,1024,-0.67338943
timbrewm,5,chinese:SSB0273,1,76,241,mean,0,1024,-1.64490032
timbrewm,5,chinese:SSB0273,1,76,241,tct,0,1024,-0.18296051
timbrewm,5,chinese:SSB0273,1,76,565,mean,0,1024,-2.03168535
timbrewm,5,chinese:SSB0273,1,76,565,tct,0,1024,-0.68639660
timbrewm,5,chinese:SSB0273,1,76,973,mean,0,1024,-0.58119726
timbrewm,5,chinese:SSB0273,1,76,973,tct,0,1024,-0.51752901
timbrewm,5,chinese:SSB0273,1,76,555,mean,0,1024,-2.48851252
timbrewm,5,chinese:SSB0273,1,76,555,tct,0,1024,-1.35328579
timbrewm,5,chinese:SSB0273,1,76,916,mean,0,1024,-2.11079121
timbrewm,5,chinese:SSB0273,1,76,916,tct,0,1024,-1.59899235
timbrewm,5,chinese:SSB0273,1,76,496,mean,0,1024,-1.84533691
timbrewm,5,chinese:SSB0273,1,76,496,tct,0,1024,-0.95261240
timbrewm,5,chinese:SSB0273,1,76,240,mean,0,1024,-2.15565300
timbrewm,5,chinese:SSB0273,1,76,240,tct,0,1024,-1.07098484
timbrewm,5,chinese:SSB0273,2,77,169,mean,0,1024,-1.48856068
timbrewm,5,chinese:SSB0273,2,77,169,tct,0,1024,-1.03490734
timbrewm,5,chinese:SSB0273,2,77,133,mean,0,1024,-2.11185312
timbrewm,5,chinese:SSB0273,2,77,133,tct,0,1024,-1.59344006
timbrewm,5,chinese:SSB0273,2,77,30,mean,0,1024,-2.45559454
timbrewm,5,chinese:SSB0273,2,77,30,tct,0,1024,-2.07742262
timbrewm,5,chinese:SSB0273,2,77,258,mean,0,1024,-4.42688608
timbrewm,5,chinese:SSB0273,2,77,258,tct,0,1024,-2.77975035
timbrewm,5,chinese:SSB0273,2,77,7,mean,0,1024,-3.29053545
timbrewm,5,chinese:SSB0273,2,77,7,tct,0,1024,-2.14332867
timbrewm,5,chinese:SSB0273,2,77,357,mean,0,1024,-1.64027977
timbrewm,5,chinese:SSB0273,2,77,357,tct,0,1024,-0.35211086
timbrewm,5,chinese:SSB0273,2,77,809,mean,0,1024,-2.57022572
timbrewm,5,chinese:SSB0273,2,77,809,tct,0,1024,-1.29321480
timbrewm,5,chinese:SSB0273,2,77,586,mean,0,1024,-3.50244188
timbrewm,5,chinese:SSB0273,2,77,586,tct,0,1024,-2.93509483
timbrewm,5,chinese:SSB0273,2,77,88,mean,0,1024,-2.26612473
timbrewm,5,chinese:SSB0273,2,77,88,tct,0,1024,-2.03873682
timbrewm,5,chinese:SSB0273,2,77,720,mean,0,1024,-2.68591595
timbrewm,5,chinese:SSB0273,2,77,720,tct,0,1024,-2.30440903
timbrewm,5,chinese:SSB0287,0,78,637,mean,0,1024,-2.78325272
timbrewm,5,chinese:SSB0287,0,78,637,tct,0,1024,-0.46968079
timbrewm,5,chinese:SSB0287,0,78,935,mean,0,1024,-2.81645489
timbrewm,5,chinese:SSB0287,0,78,935,tct,0,1024,-2.37452555
timbrewm,5,chinese:SSB0287,0,78,39,mean,0,1024,-3.63498402
timbrewm,5,chinese:SSB0287,0,78,39,tct,0,1024,-2.48428202
timbrewm,5,chinese:SSB0287,0,78,1013,mean,0,1024,-1.17930603
timbrewm,5,chinese:SSB0287,0,78,1013,tct,0,1024,-0.10424280
timbrewm,5,chinese:SSB0287,0,78,696,mean,0,1024,-3.75565147
timbrewm,5,chinese:SSB0287,0,78,696,tct,0,1024,-2.67916346
timbrewm,5,chinese:SSB0287,0,78,636,mean,0,1024,-3.31828117
timbrewm,5,chinese:SSB0287,0,78,636,tct,0,1024,-1.15419579
timbrewm,5,chinese:SSB0287,0,78,254,mean,0,1024,-3.95637703
timbrewm,5,chinese:SSB0287,0,78,254,tct,0,1024,-2.33826208
timbrewm,5,chinese:SSB0287,0,78,186,mean,0,1024,-4.71787834
timbrewm,5,chinese:SSB0287,0,78,186,tct,0,1024,-4.13768196
timbrewm,5,chinese:SSB0287,0,78,40,mean,0,1024,-3.57515240
timbrewm,5,chinese:SSB0287,0,78,40,tct,0,1024,-2.56063080
timbrewm,5,chinese:SSB0287,0,78,992,mean,0,1024,-1.49533510
timbrewm,5,chinese:SSB0287,0,78,992,tct,0,1024,-1.26064348
timbrewm,5,chinese:SSB0287,1,79,272,mean,0,1024,-1.16568279
timbrewm,5,chinese:SSB0287,1,79,272,tct,0,1024,-0.23191023
timbrewm,5,chinese:SSB0287,1,79,696,mean,0,1024,-1.49519968
timbrewm,5,chinese:SSB0287,1,79,696,tct,0,1024,-0.58064747
timbrewm,5,chinese:SSB0287,1,79,807,mean,0,1024,-2.78226852
timbrewm,5,chinese:SSB0287,1,79,807,tct,0,1024,-1.96898031
timbrewm,5,chinese:SSB0287,1,79,686,mean,0,1024,-2.68699598
timbrewm,5,chinese:SSB0287,1,79,686,tct,0,1024,-2.22701693
timbrewm,5,chinese:SSB0287,1,79,857,mean,0,1024,-0.66622066
timbrewm,5,chinese:SSB0287,1,79,857,tct,0,1024,-0.11472988
timbrewm,5,chinese:SSB0287,1,79,483,mean,0,1024,-2.08022594
timbrewm,5,chinese:SSB0287,1,79,483,tct,0,1024,-0.58143902
timbrewm,5,chinese:SSB0287,1,79,375,mean,0,1024,-3.34474087
timbrewm,5,chinese:SSB0287,1,79,375,tct,0,1024,-2.64604330
timbrewm,5,chinese:SSB0287,1,79,849,mean,0,1024,-0.97498322
timbrewm,5,chinese:SSB0287,1,79,849,tct,0,1024,-0.63637781
timbrewm,5,chinese:SSB0287,1,79,750,mean,0,1024,-2.81662941
timbrewm,5,chinese:SSB0287,1,79,750,tct,0,1024,-2.58448076
timbrewm,5,chinese:SSB0287,1,79,571,mean,0,1024,-2.30402899
timbrewm,5,chinese:SSB0287,1,79,571,tct,0,1024,-2.18683720
timbrewm,5,chinese:SSB0287,2,80,902,mean,0,1024,-2.47255182
timbrewm,5,chinese:SSB0287,2,80,902,tct,0,1024,-1.39301109
timbrewm,5,chinese:SSB0287,2,80,572,mean,0,1024,-2.03870344
timbrewm,5,chinese:SSB0287,2,80,572,tct,0,1024,-1.33275318
timbrewm,5,chinese:SSB0287,2,80,264,mean,0,1024,-2.22573280
timbrewm,5,chinese:SSB0287,2,80,264,tct,0,1024,-0.97949219
timbrewm,5,chinese:SSB0287,2,80,695,mean,0,1024,-3.08908606
timbrewm,5,chinese:SSB0287,2,80,695,tct,0,1024,-1.47169590
timbrewm,5,chinese:SSB0287,2,80,55,mean,0,1024,-3.48557138
timbrewm,5,chinese:SSB0287,2,80,55,tct,0,1024,-1.70275545
timbrewm,5,chinese:SSB0287,2,80,819,mean,0,1024,-5.31481838
timbrewm,5,chinese:SSB0287,2,80,819,tct,0,1024,-2.55117226
timbrewm,5,chinese:SSB0287,2,80,964,mean,0,1024,-2.73404646
timbrewm,5,chinese:SSB0287,2,80,964,tct,0,1024,-1.67909765
timbrewm,5,chinese:SSB0287,2,80,512,mean,0,1024,-2.37944365
timbrewm,5,chinese:SSB0287,2,80,512,tct,0,1024,-0.44334269
timbrewm,5,chinese:SSB0287,2,80,641,mean,0,1024,-2.29083014
timbrewm,5,chinese:SSB0287,2,80,641,tct,0,1024,-1.22913170
timbrewm,5,chinese:SSB0287,2,80,26,mean,0,1024,-2.22947550
timbrewm,5,chinese:SSB0287,2,80,26,tct,0,1024,-0.30464697
timbrewm,5,chinese:SSB0288,0,81,192,mean,0,1024,-2.47460461
timbrewm,5,chinese:SSB0288,0,81,192,tct,0,1024,-2.14751148
timbrewm,5,chinese:SSB0288,0,81,916,mean,0,1024,-1.29364586
timbrewm,5,chinese:SSB0288,0,81,916,tct,0,1024,-0.73615265
timbrewm,5,chinese:SSB0288,0,81,340,mean,0,1024,-2.57907772
timbrewm,5,chinese:SSB0288,0,81,340,tct,0,1024,-1.28087902
timbrewm,5,chinese:SSB0288,0,81,9,mean,0,1024,-2.31519985
timbrewm,5,chinese:SSB0288,0,81,9,tct,0,1024,-2.07111073
timbrewm,5,chinese:SSB0288,0,81,449,mean,0,1024,-1.90218639
timbrewm,5,chinese:SSB0288,0,81,449,tct,0,1024,-1.22778797
timbrewm,5,chinese:SSB0288,0,81,100,mean,0,1024,-2.81217957
timbrewm,5,chinese:SSB0288,0,81,100,tct,0,1024,-2.43036509
timbrewm,5,chinese:SSB0288,0,81,756,mean,0,1024,-1.17218733
timbrewm,5,chinese:SSB0288,0,81,756,tct,0,1024,-1.19800854
timbrewm,5,chinese:SSB0288,0,81,758,mean,0,1024,-1.52300358
timbrewm,5,chinese:SSB0288,0,81,758,tct,0,1024,-1.22151852
timbrewm,5,chinese:SSB0288,0,81,550,mean,0,1024,-2.27227545
timbrewm,5,chinese:SSB0288,0,81,550,tct,0,1024,-1.58982849
timbrewm,5,chinese:SSB0288,0,81,270,mean,0,1024,-2.85565186
timbrewm,5,chinese:SSB0288,0,81,270,tct,0,1024,-1.59905195
timbrewm,5,chinese:SSB0288,1,82,998,mean,0,1024,-1.32574320
timbrewm,5,chinese:SSB0288,1,82,998,tct,0,1024,-1.30208254
timbrewm,5,chinese:SSB0288,1,82,499,mean,0,1024,-0.55313540
timbrewm,5,chinese:SSB0288,1,82,499,tct,0,1024,-0.13339520
timbrewm,5,chinese:SSB0288,1,82,573,mean,0,1024,-2.58833075
timbrewm,5,chinese:SSB0288,1,82,573,tct,0,1024,-1.33495426
timbrewm,5,chinese:SSB0288,1,82,161,mean,0,1024,-1.37687397
timbrewm,5,chinese:SSB0288,1,82,161,tct,0,1024,-0.97154999
timbrewm,5,chinese:SSB0288,1,82,606,mean,0,1024,-3.92679167
timbrewm,5,chinese:SSB0288,1,82,606,tct,0,1024,-3.14775276
timbrewm,5,chinese:SSB0288,1,82,617,mean,0,1024,-1.84821177
timbrewm,5,chinese:SSB0288,1,82,617,tct,0,1024,-1.82742357
timbrewm,5,chinese:SSB0288,1,82,313,mean,0,1024,-1.89663839
timbrewm,5,chinese:SSB0288,1,82,313,tct,0,1024,-0.45232773
timbrewm,5,chinese:SSB0288,1,82,740,mean,0,1024,-2.21779108
timbrewm,5,chinese:SSB0288,1,82,740,tct,0,1024,-1.38382721
timbrewm,5,chinese:SSB0288,1,82,786,mean,0,1024,-3.09775877
timbrewm,5,chinese:SSB0288,1,82,786,tct,0,1024,-2.39294004
timbrewm,5,chinese:SSB0288,1,82,184,mean,0,1024,-2.94150066
timbrewm,5,chinese:SSB0288,1,82,184,tct,0,1024,-2.25460291
timbrewm,5,chinese:SSB0288,2,83,208,mean,0,1024,-1.29438400
timbrewm,5,chinese:SSB0288,2,83,208,tct,0,1024,-1.18231916
timbrewm,5,chinese:SSB0288,2,83,966,mean,0,1024,-1.14753628
timbrewm,5,chinese:SSB0288,2,83,966,tct,0,1024,-1.30091190
timbrewm,5,chinese:SSB0288,2,83,953,mean,0,1024,-1.15616989
timbrewm,5,chinese:SSB0288,2,83,953,tct,0,1024,-0.31597757
timbrewm,5,chinese:SSB0288,2,83,532,mean,0,1024,-1.17853546
timbrewm,5,chinese:SSB0288,2,83,532,tct,0,1024,-1.07861423
timbrewm,5,chinese:SSB0288,2,83,586,mean,0,1024,-0.37649632
timbrewm,5,chinese:SSB0288,2,83,586,tct,1,1024,0.19096804
timbrewm,5,chinese:SSB0288,2,83,338,mean,0,1024,-1.34955406
timbrewm,5,chinese:SSB0288,2,83,338,tct,0,1024,-1.37057304
timbrewm,5,chinese:SSB0288,2,83,7,mean,0,1024,-1.52299500
timbrewm,5,chinese:SSB0288,2,83,7,tct,0,1024,-1.08345413
timbrewm,5,chinese:SSB0288,2,83,248,mean,0,1024,-0.66447258
timbrewm,5,chinese:SSB0288,2,83,248,tct,0,1024,-0.12514591
timbrewm,5,chinese:SSB0288,2,83,220,mean,0,1024,-0.22317982
timbrewm,5,chinese:SSB0288,2,83,220,tct,1,1024,0.00424337
timbrewm,5,chinese:SSB0288,2,83,169,mean,0,1024,-1.23477077
timbrewm,5,chinese:SSB0288,2,83,169,tct,0,1024,-1.12127066
timbrewm,5,chinese:SSB0299,0,84,757,mean,0,1024,-1.38859177
timbrewm,5,chinese:SSB0299,0,84,757,tct,0,1024,-0.49273062
timbrewm,5,chinese:SSB0299,0,84,922,mean,0,1024,-2.03135157
timbrewm,5,chinese:SSB0299,0,84,922,tct,0,1024,-0.55228090
timbrewm,5,chinese:SSB0299,0,84,929,mean,0,1024,-0.25362015
timbrewm,5,chinese:SSB0299,0,84,929,tct,1,1024,0.12182808
timbrewm,5,chinese:SSB0299,0,84,821,mean,0,1024,-0.85694408
timbrewm,5,chinese:SSB0299,0,84,821,tct,0,1024,-0.58523321
timbrewm,5,chinese:SSB0299,0,84,875,mean,0,1024,-2.18249846
timbrewm,5,chinese:SSB0299,0,84,875,tct,0,1024,-1.11765289
timbrewm,5,chinese:SSB0299,0,84,254,mean,0,1024,-2.61749220
timbrewm,5,chinese:SSB0299,0,84,254,tct,0,1024,-2.19011497
timbrewm,5,chinese:SSB0299,0,84,370,mean,0,1024,-1.81216908
timbrewm,5,chinese:SSB0299,0,84,370,tct,0,1024,-1.12697029
timbrewm,5,chinese:SSB0299,0,84,987,mean,0,1024,-2.36043358
timbrewm,5,chinese:SSB0299,0,84,987,tct,0,1024,-2.31598091
timbrewm,5,chinese:SSB0299,0,84,638,mean,0,1024,-2.98838758
timbrewm,5,chinese:SSB0299,0,84,638,tct,0,1024,-2.37838459
timbrewm,5,chinese:SSB0299,0,84,746,mean,0,1024,-2.38506460
timbrewm,5,chinese:SSB0299,0,84,746,tct,0,1024,-1.47527885
timbrewm,5,chinese:SSB0299,1,85,652,mean,0,1024,-2.02928829
timbrewm,5,chinese:SSB0299,1,85,652,tct,0,1024,-0.30137396
timbrewm,5,chinese:SSB0299,1,85,829,mean,0,1024,-2.98901081
timbrewm,5,chinese:SSB0299,1,85,829,tct,0,1024,-1.92434454
timbrewm,5,chinese:SSB0299,1,85,485,mean,0,1024,-2.22755051
timbrewm,5,chinese:SSB0299,1,85,485,tct,0,1024,-1.65075970
timbrewm,5,chinese:SSB0299,1,85,281,mean,0,1024,-1.36251259
timbrewm,5,chinese:SSB0299,1,85,281,tct,0,1024,-0.74432135
timbrewm,5,chinese:SSB0299,1,85,268,mean,0,1024,-1.93584299
timbrewm,5,chinese:SSB0299,1,85,268,tct,0,1024,-0.71042919
timbrewm,5,chinese:SSB0299,1,85,546,mean,0,1024,-4.53872490
timbrewm,5,chinese:SSB0299,1,85,546,tct,0,1024,-2.52856684
timbrewm,5,chinese:SSB0299,1,85,261,mean,0,1024,-2.22855425
timbrewm,5,chinese:SSB0299,1,85,261,tct,0,1024,-2.10063696
timbrewm,5,chinese:SSB0299,1,85,423,mean,0,1024,-3.08520412
timbrewm,5,chinese:SSB0299,1,85,423,tct,0,1024,-2.26312685
timbrewm,5,chinese:SSB0299,1,85,625,mean,0,1024,-2.93532515
timbrewm,5,chinese:SSB0299,1,85,625,tct,0,1024,-2.33094215
timbrewm,5,chinese:SSB0299,1,85,340,mean,0,1024,-1.23931932
timbrewm,5,chinese:SSB0299,1,85,340,tct,0,1024,-0.57780266
timbrewm,5,chinese:SSB0299,2,86,72,mean,0,1024,-2.64299059
timbrewm,5,chinese:SSB0299,2,86,72,tct,0,1024,-1.24436092
timbrewm,5,chinese:SSB0299,2,86,54,mean,0,1024,-1.91250849
timbrewm,5,chinese:SSB0299,2,86,54,tct,0,1024,-1.84137917
timbrewm,5,chinese:SSB0299,2,86,937,mean,0,1024,-1.27067471
timbrewm,5,chinese:SSB0299,2,86,937,tct,0,1024,-0.42002153
timbrewm,5,chinese:SSB0299,2,86,189,mean,0,1024,-1.25335169
timbrewm,5,chinese:SSB0299,2,86,189,tct,0,1024,-0.26257658
timbrewm,5,chinese:SSB0299,2,86,12,mean,0,1024,-2.35907602
timbrewm,5,chinese:SSB0299,2,86,12,tct,0,1024,-0.43049288
timbrewm,5,chinese:SSB0299,2,86,351,mean,0,1024,-1.76181173
timbrewm,5,chinese:SSB0299,2,86,351,tct,0,1024,-1.40547180
timbrewm,5,chinese:SSB0299,2,86,895,mean,0,1024,-1.02133179
timbrewm,5,chinese:SSB0299,2,86,895,tct,0,1024,-0.94356012
timbrewm,5,chinese:SSB0299,2,86,397,mean,0,1024,-1.46957636
timbrewm,5,chinese:SSB0299,2,86,397,tct,0,1024,-0.02986288
timbrewm,5,chinese:SSB0299,2,86,188,mean,0,1024,-1.02520132
timbrewm,5,chinese:SSB0299,2,86,188,tct,0,1024,-0.19818497
timbrewm,5,chinese:SSB0299,2,86,387,mean,0,1024,-2.45785332
timbrewm,5,chinese:SSB0299,2,86,387,tct,0,1024,-0.72740078
timbrewm,5,chinese:SSB0307,0,87,932,mean,0,1024,-1.52078199
timbrewm,5,chinese:SSB0307,0,87,932,tct,0,1024,-0.16020441
timbrewm,5,chinese:SSB0307,0,87,1000,mean,0,1024,-2.94771528
timbrewm,5,chinese:SSB0307,0,87,1000,tct,0,1024,-1.60709476
timbrewm,5,chinese:SSB0307,0,87,722,mean,0,1024,-2.87896442
timbrewm,5,chinese:SSB0307,0,87,722,tct,0,1024,-2.54568243
timbrewm,5,chinese:SSB0307,0,87,959,mean,0,1024,-1.94841623
timbrewm,5,chinese:SSB0307,0,87,959,tct,0,1024,-1.41220045
timbrewm,5,chinese:SSB0307,0,87,865,mean,0,1024,-3.11942863
timbrewm,5,chinese:SSB0307,0,87,865,tct,0,1024,-2.92926311
timbrewm,5,chinese:SSB0307,0,87,753,mean,0,1024,-1.72235203
timbrewm,5,chinese:SSB0307,0,87,753,tct,0,1024,-1.31970930
timbrewm,5,chinese:SSB0307,0,87,138,mean,0,1024,-2.48323393
timbrewm,5,chinese:SSB0307,0,87,138,tct,0,1024,-2.05558777
timbrewm,5,chinese:SSB0307,0,87,640,mean,0,1024,-2.38230705
timbrewm,5,chinese:SSB0307,0,87,640,tct,0,1024,-0.95865917
timbrewm,5,chinese:SSB0307,0,87,480,mean,0,1024,-1.93027449
timbrewm,5,chinese:SSB0307,0,87,480,tct,0,1024,-0.84741449
timbrewm,5,chinese:SSB0307,0,87,189,mean,0,1024,-0.36101151
timbrewm,5,chinese:SSB0307,0,87,189,tct,0,1024,-0.01217699
timbrewm,5,chinese:SSB0307,1,88,285,mean,0,1024,-1.38493729
timbrewm,5,chinese:SSB0307,1,88,285,tct,0,1024,-1.19451809
timbrewm,5,chinese:SSB0307,1,88,575,mean,0,1024,-1.44838142
timbrewm,5,chinese:SSB0307,1,88,575,tct,0,1024,-0.90342951
timbrewm,5,chinese:SSB0307,1,88,622,mean,0,1024,-1.55710840
timbrewm,5,chinese:SSB0307,1,88,622,tct,0,1024,-0.64622784
timbrewm,5,chinese:SSB0307,1,88,913,mean,0,1024,-2.73709440
timbrewm,5,chinese:SSB0307,1,88,913,tct,0,1024,-1.19949961
timbrewm,5,chinese:SSB0307,1,88,997,mean,0,1024,-2.82190895
timbrewm,5,chinese:SSB0307,1,88,997,tct,0,1024,-1.65678930
timbrewm,5,chinese:SSB0307,1,88,697,mean,0,1024,-1.66619158
timbrewm,5,chinese:SSB0307,1,88,697,tct,0,1024,-0.50348568
timbrewm,5,chinese:SSB0307,1,88,454,mean,0,1024,-2.75332975
timbrewm,5,chinese:SSB0307,1,88,454,tct,0,1024,-2.43652344
timbrewm,5,chinese:SSB0307,1,88,725,mean,0,1024,-3.13307381
timbrewm,5,chinese:SSB0307,1,88,725,tct,0,1024,-2.16090012
timbrewm,5,chinese:SSB0307,1,88,283,mean,0,1024,-1.88751316
timbrewm,5,chinese:SSB0307,1,88,283,tct,0,1024,-1.32143593
timbrewm,5,chinese:SSB0307,1,88,1006,mean,0,1024,-2.16778994
timbrewm,5,chinese:SSB0307,1,88,1006,tct,0,1024,-1.47693634
timbrewm,5,chinese:SSB0307,2,89,272,mean,0,1024,-1.28197813
timbrewm,5,chinese:SSB0307,2,89,272,tct,0,1024,-0.09297562
timbrewm,5,chinese:SSB0307,2,89,280,mean,0,1024,-0.94590473
timbrewm,5,chinese:SSB0307,2,89,280,tct,0,1024,-0.21571350
timbrewm,5,chinese:SSB0307,2,89,619,mean,0,1024,-2.15115690
timbrewm,5,chinese:SSB0307,2,89,619,tct,0,1024,-1.14765167
timbrewm,5,chinese:SSB0307,2,89,2,mean,0,1024,-1.84869480
timbrewm,5,chinese:SSB0307,2,89,2,tct,0,1024,-1.36400795
timbrewm,5,chinese:SSB0307,2,89,295,mean,0,1024,-1.88115549
timbrewm,5,chinese:SSB0307,2,89,295,tct,0,1024,-1.81566238
timbrewm,5,chinese:SSB0307,2,89,968,mean,0,1024,-1.42037821
timbrewm,5,chinese:SSB0307,2,89,968,tct,0,1024,-1.09363413
timbrewm,5,chinese:SSB0307,2,89,618,mean,0,1024,-1.49531984
timbrewm,5,chinese:SSB0307,2,89,618,tct,0,1024,-0.22256994
timbrewm,5,chinese:SSB0307,2,89,157,mean,0,1024,-1.19098282
timbrewm,5,chinese:SSB0307,2,89,157,tct,0,1024,-0.64924479
timbrewm,5,chinese:SSB0307,2,89,229,mean,0,1024,-1.32055950
timbrewm,5,chinese:SSB0307,2,89,229,tct,0,1024,-1.12264156
timbrewm,5,chinese:SSB0307,2,89,683,mean,0,1024,-2.52317762
timbrewm,5,chinese:SSB0307,2,89,683,tct,0,1024,-2.10180855
timbrewm,5,chinese:SSB0309,0,90,758,mean,0,1024,-2.01045561
timbrewm,5,chinese:SSB0309,0,90,758,tct,0,1024,-0.34003878
timbrewm,5,chinese:SSB0309,0,90,977,mean,0,1024,-1.91177034
timbrewm,5,chinese:SSB0309,0,90,977,tct,0,1024,-0.18690062
timbrewm,5,chinese:SSB0309,0,90,1006,mean,0,1024,-1.90132809
timbrewm,5,chinese:SSB0309,0,90,1006,tct,0,1024,-0.99267101
timbrewm,5,chinese:SSB0309,0,90,341,mean,0,1024,-3.24604797
timbrewm,5,chinese:SSB0309,0,90,341,tct,0,1024,-2.39477777
timbrewm,5,chinese:SSB0309,0,90,898,mean,0,1024,-2.14053249
timbrewm,5,chinese:SSB0309,0,90,898,tct,0,1024,-0.99696875
timbrewm,5,chinese:SSB0309,0,90,59,mean,0,1024,-3.67943668
timbrewm,5,chinese:SSB0309,0,90,59,tct,0,1024,-1.43453360
timbrewm,5,chinese:SSB0309,0,90,343,mean,0,1024,-3.67171097
timbrewm,5,chinese:SSB0309,0,90,343,tct,0,1024,-2.30303907
timbrewm,5,chinese:SSB0309,0,90,586,mean,0,1024,-2.58892155
timbrewm,5,chinese:SSB0309,0,90,586,tct,0,1024,-1.70757580
timbrewm,5,chinese:SSB0309,0,90,809,mean,0,1024,-3.00730753
timbrewm,5,chinese:SSB0309,0,90,809,tct,0,1024,-3.14360285
timbrewm,5,chinese:SSB0309,0,90,250,mean,0,1024,-2.68528748
timbrewm,5,chinese:SSB0309,0,90,250,tct,0,1024,-0.07717609
timbrewm,5,chinese:SSB0309,1,91,551,mean,0,1024,-1.72543430
timbrewm,5,chinese:SSB0309,1,91,551,tct,0,1024,-1.34075832
timbrewm,5,chinese:SSB0309,1,91,447,mean,0,1024,-1.88226986
timbrewm,5,chinese:SSB0309,1,91,447,tct,0,1024,-1.71852922
timbrewm,5,chinese:SSB0309,1,91,311,mean,0,1024,-2.32632923
timbrewm,5,chinese:SSB0309,1,91,311,tct,0,1024,-2.12179613
timbrewm,5,chinese:SSB0309,1,91,507,mean,0,1024,-1.32150269
timbrewm,5,chinese:SSB0309,1,91,507,tct,0,1024,-1.12359476
timbrewm,5,chinese:SSB0309,1,91,316,mean,0,1024,-3.25421238
timbrewm,5,chinese:SSB0309,1,91,316,tct,0,1024,-2.19494677
timbrewm,5,chinese:SSB0309,1,91,19,mean,0,1024,-3.25155258
timbrewm,5,chinese:SSB0309,1,91,19,tct,0,1024,-1.86935139
timbrewm,5,chinese:SSB0309,1,91,217,mean,0,1024,-2.10065937
timbrewm,5,chinese:SSB0309,1,91,217,tct,0,1024,-1.03360987
timbrewm,5,chinese:SSB0309,1,91,404,mean,0,1024,-2.68294239
timbrewm,5,chinese:SSB0309,1,91,404,tct,0,1024,-0.39543343
timbrewm,5,chinese:SSB0309,1,91,575,mean,0,1024,-2.32259226
timbrewm,5,chinese:SSB0309,1,91,575,tct,0,1024,-1.36021280
timbrewm,5,chinese:SSB0309,1,91,829,mean,0,1024,-2.07987881
timbrewm,5,chinese:SSB0309,1,91,829,tct,0,1024,-1.31212330
timbrewm,5,chinese:SSB0309,2,92,611,mean,0,1024,-2.47633839
timbrewm,5,chinese:SSB0309,2,92,611,tct,0,1024,-1.79801273
timbrewm,5,chinese:SSB0309,2,92,939,mean,0,1024,-2.58202934
timbrewm,5,chinese:SSB0309,2,92,939,tct,0,1024,-2.08266497
timbrewm,5,chinese:SSB0309,2,92,766,mean,0,1024,-2.96494198
timbrewm,5,chinese:SSB0309,2,92,766,tct,0,1024,-3.15610123
timbrewm,5,chinese:SSB0309,2,92,304,mean,0,1024,-0.61807299
timbrewm,5,chinese:SSB0309,2,92,304,tct,0,1024,-0.26413107
timbrewm,5,chinese:SSB0309,2,92,295,mean,0,1024,-0.96688128
timbrewm,5,chinese:SSB0309,2,92,295,tct,0,1024,-0.56925440
timbrewm,5,chinese:SSB0309,2,92,932,mean,0,1024,-2.72583675
timbrewm,5,chinese:SSB0309,2,92,932,tct,0,1024,-2.32006025
timbrewm,5,chinese:SSB0309,2,92,230,mean,0,1024,-2.40985012
timbrewm,5,chinese:SSB0309,2,92,230,tct,0,1024,-1.54376364
timbrewm,5,chinese:SSB0309,2,92,743,mean,0,1024,-3.32410526
timbrewm,5,chinese:SSB0309,2,92,743,tct,0,1024,-2.32882214
timbrewm,5,chinese:SSB0309,2,92,528,mean,0,1024,-2.26029205
timbrewm,5,chinese:SSB0309,2,92,528,tct,0,1024,-1.12767792
timbrewm,5,chinese:SSB0309,2,92,596,mean,0,1024,-2.29417038
timbrewm,5,chinese:SSB0309,2,92,596,tct,0,1024,-1.16949272
timbrewm,5,chinese:SSB0315,0,93,988,mean,0,1024,-3.09206676
timbrewm,5,chinese:SSB0315,0,93,988,tct,0,1024,-2.03022861
timbrewm,5,chinese:SSB0315,0,93,947,mean,0,1024,-3.00682735
timbrewm,5,chinese:SSB0315,0,93,947,tct,0,1024,-1.02656269
timbrewm,5,chinese:SSB0315,0,93,622,mean,0,1024,-3.09891558
timbrewm,5,chinese:SSB0315,0,93,622,tct,0,1024,-1.12508869
timbrewm,5,chinese:SSB0315,0,93,771,mean,0,1024,-2.05724144
timbrewm,5,chinese:SSB0315,0,93,771,tct,0,1024,-0.40085316
timbrewm,5,chinese:SSB0315,0,93,978,mean,0,1024,-2.72876167
timbrewm,5,chinese:SSB0315,0,93,978,tct,0,1024,-1.27658606
timbrewm,5,chinese:SSB0315,0,93,116,mean,0,1024,-1.89697886
timbrewm,5,chinese:SSB0315,0,93,116,tct,0,1024,-1.58384562
timbrewm,5,chinese:SSB0315,0,93,193,mean,0,1024,-0.71070290
timbrewm,5,chinese:SSB0315,0,93,193,tct,0,1024,-0.02402973
timbrewm,5,chinese:SSB0315,0,93,213,mean,0,1024,-0.89036703
timbrewm,5,chinese:SSB0315,0,93,213,tct,0,1024,-0.11075592
timbrewm,5,chinese:SSB0315,0,93,803,mean,0,1024,-2.62957001
timbrewm,5,chinese:SSB0315,0,93,803,tct,0,1024,-1.00088453
timbrewm,5,chinese:SSB0315,0,93,997,mean,0,1024,-2.45559978
timbrewm,5,chinese:SSB0315,0,93,997,tct,0,1024,-1.26584244
timbrewm,5,chinese:SSB0315,1,94,0,mean,0,1024,-2.61737347
timbrewm,5,chinese:SSB0315,1,94,0,tct,0,1024,-2.36451149
timbrewm,5,chinese:SSB0315,1,94,554,mean,0,1024,-1.46114540
timbrewm,5,chinese:SSB0315,1,94,554,tct,0,1024,-0.43823671
timbrewm,5,chinese:SSB0315,1,94,487,mean,0,1024,-1.30633259
timbrewm,5,chinese:SSB0315,1,94,487,tct,0,1024,-0.39402771
timbrewm,5,chinese:SSB0315,1,94,668,mean,0,1024,-2.92145252
timbrewm,5,chinese:SSB0315,1,94,668,tct,0,1024,-2.41739655
timbrewm,5,chinese:SSB0315,1,94,742,mean,0,1024,-2.53402519
timbrewm,5,chinese:SSB0315,1,94,742,tct,0,1024,-1.51394510
timbrewm,5,chinese:SSB0315,1,94,418,mean,0,1024,-1.86848164
timbrewm,5,chinese:SSB0315,1,94,418,tct,0,1024,-0.50332165
timbrewm,5,chinese:SSB0315,1,94,137,mean,0,1024,-1.33357859
timbrewm,5,chinese:SSB0315,1,94,137,tct,1,1024,0.00117970
timbrewm,5,chinese:SSB0315,1,94,1018,mean,0,1024,-1.45190048
timbrewm,5,chinese:SSB0315,1,94,1018,tct,0,1024,-0.56950426
timbrewm,5,chinese:SSB0315,1,94,127,mean,0,1024,-0.93000698
timbrewm,5,chinese:SSB0315,1,94,127,tct,0,1024,-0.92759180
timbrewm,5,chinese:SSB0315,1,94,384,mean,0,1024,-2.50807762
timbrewm,5,chinese:SSB0315,1,94,384,tct,0,1024,-2.02655172
timbrewm,5,chinese:SSB0315,2,95,896,mean,0,1024,-2.22873116
timbrewm,5,chinese:SSB0315,2,95,896,tct,0,1024,-1.63972139
timbrewm,5,chinese:SSB0315,2,95,548,mean,0,1024,-4.33233023
timbrewm,5,chinese:SSB0315,2,95,548,tct,0,1024,-3.53043938
timbrewm,5,chinese:SSB0315,2,95,506,mean,0,1024,-1.86170673
timbrewm,5,chinese:SSB0315,2,95,506,tct,0,1024,-1.10232544
timbrewm,5,chinese:SSB0315,2,95,638,mean,0,1024,-3.07108259
timbrewm,5,chinese:SSB0315,2,95,638,tct,0,1024,-2.45556307
timbrewm,5,chinese:SSB0315,2,95,782,mean,0,1024,-2.09889889
timbrewm,5,chinese:SSB0315,2,95,782,tct,0,1024,-1.61134434
timbrewm,5,chinese:SSB0315,2,95,122,mean,0,1024,-2.98014975
timbrewm,5,chinese:SSB0315,2,95,122,tct,0,1024,-2.13784790
timbrewm,5,chinese:SSB0315,2,95,696,mean,0,1024,-3.07621241
timbrewm,5,chinese:SSB0315,2,95,696,tct,0,1024,-2.20262384
timbrewm,5,chinese:SSB0315,2,95,203,mean,0,1024,-2.07746220
timbrewm,5,chinese:SSB0315,2,95,203,tct,0,1024,-1.45372343
timbrewm,5,chinese:SSB0315,2,95,238,mean,0,1024,-3.60467386
timbrewm,5,chinese:SSB0315,2,95,238,tct,0,1024,-3.60045671
timbrewm,5,chinese:SSB0315,2,95,910,mean,0,1024,-1.78051090
timbrewm,5,chinese:SSB0315,2,95,910,tct,0,1024,-1.76188231
timbrewm,5,chinese:SSB0316,0,96,409,mean,0,1024,-2.48868465
timbrewm,5,chinese:SSB0316,0,96,409,tct,0,1024,-2.11679745
timbrewm,5,chinese:SSB0316,0,96,460,mean,0,1024,-1.15925550
timbrewm,5,chinese:SSB0316,0,96,460,tct,0,1024,-0.97531223
timbrewm,5,chinese:SSB0316,0,96,410,mean,0,1024,-1.47703409
timbrewm,5,chinese:SSB0316,0,96,410,tct,0,1024,-0.44537258
timbrewm,5,chinese:SSB0316,0,96,215,mean,0,1024,-1.78479004
timbrewm,5,chinese:SSB0316,0,96,215,tct,0,1024,-1.24299479
timbrewm,5,chinese:SSB0316,0,96,716,mean,0,1024,-0.88809538
timbrewm,5,chinese:SSB0316,0,96,716,tct,0,1024,-0.69229460
timbrewm,5,chinese:SSB0316,0,96,656,mean,0,1024,-2.12515402
timbrewm,5,chinese:SSB0316,0,96,656,tct,0,1024,-0.73495245
timbrewm,5,chinese:SSB0316,0,96,701,mean,0,1024,-1.85892630
timbrewm,5,chinese:SSB0316,0,96,701,tct,0,1024,-0.89812565
timbrewm,5,chinese:SSB0316,0,96,434,mean,0,1024,-1.73074675
timbrewm,5,chinese:SSB0316,0,96,434,tct,0,1024,-0.63021278
timbrewm,5,chinese:SSB0316,0,96,751,mean,0,1024,-0.85119390
timbrewm,5,chinese:SSB0316,0,96,751,tct,1,1024,0.04562378
timbrewm,5,chinese:SSB0316,0,96,185,mean,0,1024,-2.10820246
timbrewm,5,chinese:SSB0316,0,96,185,tct,0,1024,-1.84813213
timbrewm,5,chinese:SSB0316,1,97,559,mean,0,1024,-2.07453060
timbrewm,5,chinese:SSB0316,1,97,559,tct,0,1024,-1.36893845
timbrewm,5,chinese:SSB0316,1,97,1000,mean,0,1024,-0.84534931
timbrewm,5,chinese:SSB0316,1,97,1000,tct,0,1024,-0.10903358
timbrewm,5,chinese:SSB0316,1,97,855,mean,0,1024,-0.46584797
timbrewm,5,chinese:SSB0316,1,97,855,tct,0,1024,-0.37277317
timbrewm,5,chinese:SSB0316,1,97,428,mean,0,1024,-2.36864567
timbrewm,5,chinese:SSB0316,1,97,428,tct,0,1024,-2.08227921
timbrewm,5,chinese:SSB0316,1,97,621,mean,0,1024,-0.97388649
timbrewm,5,chinese:SSB0316,1,97,621,tct,0,1024,-0.07547569
timbrewm,5,chinese:SSB0316,1,97,427,mean,0,1024,-2.72453976
timbrewm,5,chinese:SSB0316,1,97,427,tct,0,1024,-2.07816839
timbrewm,5,chinese:SSB0316,1,97,360,mean,0,1024,-1.37942314
timbrewm,5,chinese:SSB0316,1,97,360,tct,0,1024,-0.81336403
timbrewm,5,chinese:SSB0316,1,97,900,mean,0,1024,-2.03856850
timbrewm,5,chinese:SSB0316,1,97,900,tct,0,1024,-1.92262983
timbrewm,5,chinese:SSB0316,1,97,433,mean,0,1024,-2.25147533
timbrewm,5,chinese:SSB0316,1,97,433,tct,0,1024,-2.33882618
timbrewm,5,chinese:SSB0316,1,97,229,mean,0,1024,-1.80358315
timbrewm,5,chinese:SSB0316,1,97,229,tct,0,1024,-1.56492710
timbrewm,5,chinese:SSB0316,2,98,279,mean,0,1024,-1.08974028
timbrewm,5,chinese:SSB0316,2,98,279,tct,0,1024,-0.52357388
timbrewm,5,chinese:SSB0316,2,98,647,mean,0,1024,-1.43711376
timbrewm,5,chinese:SSB0316,2,98,647,tct,0,1024,-0.76057243
timbrewm,5,chinese:SSB0316,2,98,890,mean,0,1024,-0.30818129
timbrewm,5,chinese:SSB0316,2,98,890,tct,0,1024,-0.12947655
timbrewm,5,chinese:SSB0316,2,98,455,mean,0,1024,-1.58385038
timbrewm,5,chinese:SSB0316,2,98,455,tct,0,1024,-0.49074602
timbrewm,5,chinese:SSB0316,2,98,773,mean,0,1024,-1.81331778
timbrewm,5,chinese:SSB0316,2,98,773,tct,0,1024,-1.56297255
timbrewm,5,chinese:SSB0316,2,98,967,mean,0,1024,-1.34838533
timbrewm,5,chinese:SSB0316,2,98,967,tct,0,1024,-0.56715298
timbrewm,5,chinese:SSB0316,2,98,239,mean,0,1024,-1.69862747
timbrewm,5,chinese:SSB0316,2,98,239,tct,0,1024,-0.07731342
timbrewm,5,chinese:SSB0316,2,98,191,mean,0,1024,-1.73094559
timbrewm,5,chinese:SSB0316,2,98,191,tct,0,1024,-1.25660133
timbrewm,5,chinese:SSB0316,2,98,611,mean,0,1024,-0.55017090
timbrewm,5,chinese:SSB0316,2,98,611,tct,0,1024,-0.02869129
timbrewm,5,chinese:SSB0316,2,98,705,mean,0,1024,-1.67597389
timbrewm,5,chinese:SSB0316,2,98,705,tct,0,1024,-0.78409767
timbrewm,5,chinese:SSB0323,0,99,386,mean,0,1024,-1.38228655
timbrewm,5,chinese:SSB0323,0,99,386,tct,0,1024,-1.05133772
timbrewm,5,chinese:SSB0323,0,99,871,mean,0,1024,-2.70695210
timbrewm,5,chinese:SSB0323,0,99,871,tct,0,1024,-1.78871918
timbrewm,5,chinese:SSB0323,0,99,612,mean,0,1024,-3.81684446
timbrewm,5,chinese:SSB0323,0,99,612,tct,0,1024,-1.51475859
timbrewm,5,chinese:SSB0323,0,99,380,mean,0,1024,-3.19778395
timbrewm,5,chinese:SSB0323,0,99,380,tct,0,1024,-2.28857136
timbrewm,5,chinese:SSB0323,0,99,245,mean,0,1024,-2.13350248
timbrewm,5,chinese:SSB0323,0,99,245,tct,0,1024,-1.06600142
timbrewm,5,chinese:SSB0323,0,99,857,mean,0,1024,-2.39850521
timbrewm,5,chinese:SSB0323,0,99,857,tct,0,1024,-2.12248898
timbrewm,5,chinese:SSB0323,0,99,722,mean,0,1024,-2.03234291
timbrewm,5,chinese:SSB0323,0,99,722,tct,0,1024,-1.66405249
timbrewm,5,chinese:SSB0323,0,99,766,mean,0,1024,-1.70875549
timbrewm,5,chinese:SSB0323,0,99,766,tct,0,1024,-0.50635195
timbrewm,5,chinese:SSB0323,0,99,476,mean,0,1024,-1.77873087
timbrewm,5,chinese:SSB0323,0,99,476,tct,0,1024,-0.99371195
timbrewm,5,chinese:SSB0323,0,99,146,mean,0,1024,-1.47607851
timbrewm,5,chinese:SSB0323,0,99,146,tct,0,1024,-1.19985628
timbrewm,5,chinese:SSB0323,1,100,918,mean,0,1024,-1.73939705
timbrewm,5,chinese:SSB0323,1,100,918,tct,0,1024,-1.22237492
timbrewm,5,chinese:SSB0323,1,100,123,mean,0,1024,-2.39587593
timbrewm,5,chinese:SSB0323,1,100,123,tct,0,1024,-0.78088999
timbrewm,5,chinese:SSB0323,1,100,297,mean,0,1024,-3.14780331
timbrewm,5,chinese:SSB0323,1,100,297,tct,0,1024,-1.26456690
timbrewm,5,chinese:SSB0323,1,100,468,mean,0,1024,-1.25017643
timbrewm,5,chinese:SSB0323,1,100,468,tct,0,1024,-0.99553061
timbrewm,5,chinese:SSB0323,1,100,663,mean,0,1024,-2.71950054
timbrewm,5,chinese:SSB0323,1,100,663,tct,0,1024,-0.52924967
timbrewm,5,chinese:SSB0323,1,100,79,mean,0,1024,-1.74395370
timbrewm,5,chinese:SSB0323,1,100,79,tct,0,1024,-0.68576050
timbrewm,5,chinese:SSB0323,1,100,444,mean,0,1024,-2.51373100
timbrewm,5,chinese:SSB0323,1,100,444,tct,0,1024,-1.50559616
timbrewm,5,chinese:SSB0323,1,100,568,mean,0,1024,-3.97050381
timbrewm,5,chinese:SSB0323,1,100,568,tct,0,1024,-1.51605415
timbrewm,5,chinese:SSB0323,1,100,591,mean,0,1024,-2.48874569
timbrewm,5,chinese:SSB0323,1,100,591,tct,0,1024,-0.58062267
timbrewm,5,chinese:SSB0323,1,100,52,mean,0,1024,-2.71825123
timbrewm,5,chinese:SSB0323,1,100,52,tct,0,1024,-1.94985294
timbrewm,5,chinese:SSB0323,2,101,126,mean,0,1024,-3.30959034
timbrewm,5,chinese:SSB0323,2,101,126,tct,0,1024,-2.19451189
timbrewm,5,chinese:SSB0323,2,101,934,mean,0,1024,-3.44314766
timbrewm,5,chinese:SSB0323,2,101,934,tct,0,1024,-1.83047628
timbrewm,5,chinese:SSB0323,2,101,55,mean,0,1024,-2.31310558
timbrewm,5,chinese:SSB0323,2,101,55,tct,0,1024,-1.24150372
timbrewm,5,chinese:SSB0323,2,101,649,mean,0,1024,-0.12799740
timbrewm,5,chinese:SSB0323,2,101,649,tct,1,1024,0.08982658
timbrewm,5,chinese:SSB0323,2,101,731,mean,0,1024,-1.15347672
timbrewm,5,chinese:SSB0323,2,101,731,tct,0,1024,-1.15490055
timbrewm,5,chinese:SSB0323,2,101,44,mean,0,1024,-2.28411150
timbrewm,5,chinese:SSB0323,2,101,44,tct,0,1024,-1.07536221
timbrewm,5,chinese:SSB0323,2,101,1006,mean,0,1024,-3.38695145
timbrewm,5,chinese:SSB0323,2,101,1006,tct,0,1024,-1.73142195
timbrewm,5,chinese:SSB0323,2,101,612,mean,0,1024,-3.55053902
timbrewm,5,chinese:SSB0323,2,101,612,tct,0,1024,-1.80395842
timbrewm,5,chinese:SSB0323,2,101,322,mean,0,1024,-3.31815434
timbrewm,5,chinese:SSB0323,2,101,322,tct,0,1024,-1.61844063
timbrewm,5,chinese:SSB0323,2,101,932,mean,0,1024,-3.02017975
timbrewm,5,chinese:SSB0323,2,101,932,tct,0,1024,-1.31386280
timbrewm,5,chinese:SSB0338,0,102,512,mean,0,1024,-2.69288015
timbrewm,5,chinese:SSB0338,0,102,512,tct,0,1024,-0.82117844
timbrewm,5,chinese:SSB0338,0,102,329,mean,0,1024,-1.36257553
timbrewm,5,chinese:SSB0338,0,102,329,tct,0,1024,-0.75615215
timbrewm,5,chinese:SSB0338,0,102,867,mean,0,1024,-2.24799109
timbrewm,5,chinese:SSB0338,0,102,867,tct,0,1024,-1.50928593
timbrewm,5,chinese:SSB0338,0,102,131,mean,0,1024,-2.38840675
timbrewm,5,chinese:SSB0338,0,102,131,tct,0,1024,-1.51068830
timbrewm,5,chinese:SSB0338,0,102,1016,mean,0,1024,-0.98281431
timbrewm,5,chinese:SSB0338,0,102,1016,tct,0,1024,-1.28409624
timbrewm,5,chinese:SSB0338,0,102,267,mean,0,1024,-2.54977846
timbrewm,5,chinese:SSB0338,0,102,267,tct,0,1024,-2.87183857
timbrewm,5,chinese:SSB0338,0,102,292,mean,0,1024,-2.24452257
timbrewm,5,chinese:SSB0338,0,102,292,tct,0,1024,-0.69808722
timbrewm,5,chinese:SSB0338,0,102,44,mean,0,1024,-2.02023411
timbrewm,5,chinese:SSB0338,0,102,44,tct,0,1024,-1.19888449
timbrewm,5,chinese:SSB0338,0,102,586,mean,0,1024,-2.04023123
timbrewm,5,chinese:SSB0338,0,102,586,tct,0,1024,-0.74470568
timbrewm,5,chinese:SSB0338,0,102,225,mean,0,1024,-0.93509674
timbrewm,5,chinese:SSB0338,0,102,225,tct,0,1024,-0.66697693
timbrewm,5,chinese:SSB0338,1,103,492,mean,0,1024,-0.63321018
timbrewm,5,chinese:SSB0338,1,103,492,tct,0,1024,-0.56481552
timbrewm,5,chinese:SSB0338,1,103,509,mean,0,1024,-1.17550087
timbrewm,5,chinese:SSB0338,1,103,509,tct,0,1024,-1.14969921
timbrewm,5,chinese:SSB0338,1,103,258,mean,0,1024,-2.69853020
timbrewm,5,chinese:SSB0338,1,103,258,tct,0,1024,-1.76462412
timbrewm,5,chinese:SSB0338,1,103,551,mean,0,1024,-2.04827642
timbrewm,5,chinese:SSB0338,1,103,551,tct,0,1024,-0.57790518
timbrewm,5,chinese:SSB0338,1,103,490,mean,0,1024,-1.20427513
timbrewm,5,chinese:SSB0338,1,103,490,tct,0,1024,-0.81683254
timbrewm,5,chinese:SSB0338,1,103,773,mean,0,1024,-1.68719006
timbrewm,5,chinese:SSB0338,1,103,773,tct,0,1024,-1.56604385
timbrewm,5,chinese:SSB0338,1,103,357,mean,0,1024,-1.26440525
timbrewm,5,chinese:SSB0338,1,103,357,tct,0,1024,-0.52497625
timbrewm,5,chinese:SSB0338,1,103,921,mean,0,1024,-1.74041414
timbrewm,5,chinese:SSB0338,1,103,921,tct,0,1024,-0.69018650
timbrewm,5,chinese:SSB0338,1,103,994,mean,0,1024,-1.01008224
timbrewm,5,chinese:SSB0338,1,103,994,tct,0,1024,-0.97187090
timbrewm,5,chinese:SSB0338,1,103,793,mean,0,1024,-1.74016142
timbrewm,5,chinese:SSB0338,1,103,793,tct,0,1024,-0.53750563
timbrewm,5,chinese:SSB0338,2,104,414,mean,0,1024,-3.09779739
timbrewm,5,chinese:SSB0338,2,104,414,tct,0,1024,-1.72208261
timbrewm,5,chinese:SSB0338,2,104,680,mean,0,1024,-2.19525003
timbrewm,5,chinese:SSB0338,2,104,680,tct,0,1024,-1.03086138
timbrewm,5,chinese:SSB0338,2,104,418,mean,0,1024,-3.12697458
timbrewm,5,chinese:SSB0338,2,104,418,tct,0,1024,-0.52494526
timbrewm,5,chinese:SSB0338,2,104,742,mean,0,1024,-3.91429043
timbrewm,5,chinese:SSB0338,2,104,742,tct,0,1024,-2.50803375
timbrewm,5,chinese:SSB0338,2,104,749,mean,0,1024,-2.85948467
timbrewm,5,chinese:SSB0338,2,104,749,tct,0,1024,-2.28105831
timbrewm,5,chinese:SSB0338,2,104,1019,mean,0,1024,-2.34307098
timbrewm,5,chinese:SSB0338,2,104,1019,tct,0,1024,-0.95370054
timbrewm,5,chinese:SSB0338,2,104,635,mean,0,1024,-2.52781105
timbrewm,5,chinese:SSB0338,2,104,635,tct,0,1024,-1.71999598
timbrewm,5,chinese:SSB0338,2,104,23,mean,0,1024,-4.40968037
timbrewm,5,chinese:SSB0338,2,104,23,tct,0,1024,-3.43066216
timbrewm,5,chinese:SSB0338,2,104,351,mean,0,1024,-3.46974993
timbrewm,5,chinese:SSB0338,2,104,351,tct,0,1024,-1.55460882
timbrewm,5,chinese:SSB0338,2,104,829,mean,0,1024,-4.44622135
timbrewm,5,chinese:SSB0338,2,104,829,tct,0,1024,-3.55543661
timbrewm,5,chinese:SSB0339,0,105,548,mean,0,1024,-1.38344955
timbrewm,5,chinese:SSB0339,0,105,548,tct,0,1024,-0.97979116
timbrewm,5,chinese:SSB0339,0,105,374,mean,0,1024,-2.93346405
timbrewm,5,chinese:SSB0339,0,105,374,tct,0,1024,-2.08587837
timbrewm,5,chinese:SSB0339,0,105,736,mean,0,1024,-0.89610624
timbrewm,5,chinese:SSB0339,0,105,736,tct,0,1024,-0.63499308
timbrewm,5,chinese:SSB0339,0,105,493,mean,0,1024,-1.45810175
timbrewm,5,chinese:SSB0339,0,105,493,tct,0,1024,-1.11682224
timbrewm,5,chinese:SSB0339,0,105,753,mean,0,1024,-1.43182850
timbrewm,5,chinese:SSB0339,0,105,753,tct,0,1024,-0.70961380
timbrewm,5,chinese:SSB0339,0,105,246,mean,0,1024,-2.40082502
timbrewm,5,chinese:SSB0339,0,105,246,tct,0,1024,-1.54561615
timbrewm,5,chinese:SSB0339,0,105,350,mean,0,1024,-2.22821569
timbrewm,5,chinese:SSB0339,0,105,350,tct,0,1024,-1.43059731
timbrewm,5,chinese:SSB0339,0,105,316,mean,0,1024,-1.61397600
timbrewm,5,chinese:SSB0339,0,105,316,tct,0,1024,-0.51809645
timbrewm,5,chinese:SSB0339,0,105,417,mean,0,1024,-1.40080881
timbrewm,5,chinese:SSB0339,0,105,417,tct,0,1024,-0.70277500
timbrewm,5,chinese:SSB0339,0,105,185,mean,0,1024,-1.03965521
timbrewm,5,chinese:SSB0339,0,105,185,tct,0,1024,-0.14315033
timbrewm,5,chinese:SSB0339,1,106,563,mean,0,1024,-1.69177055
timbrewm,5,chinese:SSB0339,1,106,563,tct,0,1024,-0.30884981
timbrewm,5,chinese:SSB0339,1,106,896,mean,0,1024,-1.42399597
timbrewm,5,chinese:SSB0339,1,106,896,tct,0,1024,-1.11970711
timbrewm,5,chinese:SSB0339,1,106,680,mean,0,1024,-0.63541937
timbrewm,5,chinese:SSB0339,1,106,680,tct,0,1024,-0.37899780
timbrewm,5,chinese:SSB0339,1,106,141,mean,0,1024,-2.87695503
timbrewm,5,chinese:SSB0339,1,106,141,tct,0,1024,-1.07371902
timbrewm,5,chinese:SSB0339,1,106,502,mean,0,1024,-2.40916538
timbrewm,5,chinese:SSB0339,1,106,502,tct,0,1024,-1.30078030
timbrewm,5,chinese:SSB0339,1,106,980,mean,0,1024,-2.48781967
timbrewm,5,chinese:SSB0339,1,106,980,tct,0,1024,-1.33026123
timbrewm,5,chinese:SSB0339,1,106,384,mean,0,1024,-2.54816818
timbrewm,5,chinese:SSB0339,1,106,384,tct,0,1024,-2.19802618
timbrewm,5,chinese:SSB0339,1,106,93,mean,0,1024,-4.49177027
timbrewm,5,chinese:SSB0339,1,106,93,tct,0,1024,-3.40538931
timbrewm,5,chinese:SSB0339,1,106,188,mean,0,1024,-2.68048000
timbrewm,5,chinese:SSB0339,1,106,188,tct,0,1024,-2.27025461
timbrewm,5,chinese:SSB0339,1,106,404,mean,0,1024,-3.46905756
timbrewm,5,chinese:SSB0339,1,106,404,tct,0,1024,-2.64135933
timbrewm,5,chinese:SSB0339,2,107,818,mean,0,1024,-1.77047634
timbrewm,5,chinese:SSB0339,2,107,818,tct,0,1024,-0.93833017
timbrewm,5,chinese:SSB0339,2,107,907,mean,0,1024,-3.31008625
timbrewm,5,chinese:SSB0339,2,107,907,tct,0,1024,-2.53599930
timbrewm,5,chinese:SSB0339,2,107,755,mean,0,1024,-1.78350306
timbrewm,5,chinese:SSB0339,2,107,755,tct,0,1024,-1.74338722
timbrewm,5,chinese:SSB0339,2,107,753,mean,0,1024,-2.28429985
timbrewm,5,chinese:SSB0339,2,107,753,tct,0,1024,-1.35729408
timbrewm,5,chinese:SSB0339,2,107,600,mean,0,1024,-1.77374125
timbrewm,5,chinese:SSB0339,2,107,600,tct,0,1024,-0.62093067
timbrewm,5,chinese:SSB0339,2,107,641,mean,0,1024,-2.33744335
timbrewm,5,chinese:SSB0339,2,107,641,tct,0,1024,-1.57917500
timbrewm,5,chinese:SSB0339,2,107,908,mean,0,1024,-3.47023773
timbrewm,5,chinese:SSB0339,2,107,908,tct,0,1024,-2.35764027
timbrewm,5,chinese:SSB0339,2,107,457,mean,0,1024,-3.42761803
timbrewm,5,chinese:SSB0339,2,107,457,tct,0,1024,-1.98805809
timbrewm,5,chinese:SSB0339,2,107,737,mean,0,1024,-1.97284365
timbrewm,5,chinese:SSB0339,2,107,737,tct,0,1024,-1.65215588
timbrewm,5,chinese:SSB0339,2,107,20,mean,0,1024,-1.17685318
timbrewm,5,chinese:SSB0339,2,107,20,tct,0,1024,-0.59056759
timbrewm,5,chinese:SSB0341,0,108,784,mean,0,1024,-3.06980515
timbrewm,5,chinese:SSB0341,0,108,784,tct,0,1024,-2.13266420
timbrewm,5,chinese:SSB0341,0,108,186,mean,0,1024,-2.33350134
timbrewm,5,chinese:SSB0341,0,108,186,tct,0,1024,-2.08319807
timbrewm,5,chinese:SSB0341,0,108,915,mean,0,1024,-2.01901627
timbrewm,5,chinese:SSB0341,0,108,915,tct,0,1024,-1.01208067
timbrewm,5,chinese:SSB0341,0,108,257,mean,0,1024,-2.67278576
timbrewm,5,chinese:SSB0341,0,108,257,tct,0,1024,-2.52658796
timbrewm,5,chinese:SSB0341,0,108,210,mean,0,1024,-1.43658829
timbrewm,5,chinese:SSB0341,0,108,210,tct,0,1024,-1.17086458
timbrewm,5,chinese:SSB0341,0,108,225,mean,0,1024,-0.46997547
timbrewm,5,chinese:SSB0341,0,108,225,tct,0,1024,-0.15136862
timbrewm,5,chinese:SSB0341,0,108,249,mean,0,1024,-0.79910135
timbrewm,5,chinese:SSB0341,0,108,249,tct,0,1024,-1.01750183
timbrewm,5,chinese:SSB0341,0,108,288,mean,0,1024,-2.61058235
timbrewm,5,chinese:SSB0341,0,108,288,tct,0,1024,-1.95875645
timbrewm,5,chinese:SSB0341,0,108,389,mean,0,1024,-2.20839071
timbrewm,5,chinese:SSB0341,0,108,389,tct,0,1024,-1.99224329
timbrewm,5,chinese:SSB0341,0,108,4,mean,0,1024,-2.97706699
timbrewm,5,chinese:SSB0341,0,108,4,tct,0,1024,-2.16021204
timbrewm,5,chinese:SSB0341,1,109,883,mean,0,1024,-1.94520903
timbrewm,5,chinese:SSB0341,1,109,883,tct,0,1024,-1.40094280
timbrewm,5,chinese:SSB0341,1,109,791,mean,0,1024,-2.73473406
timbrewm,5,chinese:SSB0341,1,109,791,tct,0,1024,-2.54794502
timbrewm,5,chinese:SSB0341,1,109,701,mean,0,1024,-0.98825026
timbrewm,5,chinese:SSB0341,1,109,701,tct,0,1024,-0.17094326
timbrewm,5,chinese:SSB0341,1,109,606,mean,0,1024,-2.20308065
timbrewm,5,chinese:SSB0341,1,109,606,tct,0,1024,-1.80640411
timbrewm,5,chinese:SSB0341,1,109,70,mean,0,1024,-2.38359118
timbrewm,5,chinese:SSB0341,1,109,70,tct,0,1024,-1.60566235
timbrewm,5,chinese:SSB0341,1,109,245,mean,0,1024,-1.10690975
timbrewm,5,chinese:SSB0341,1,109,245,tct,0,1024,-0.08839941
timbrewm,5,chinese:SSB0341,1,109,118,mean,0,1024,-1.97704840
timbrewm,5,chinese:SSB0341,1,109,118,tct,0,1024,-0.54397774
timbrewm,5,chinese:SSB0341,1,109,620,mean,0,1024,-1.48903322
timbrewm,5,chinese:SSB0341,1,109,620,tct,0,1024,-0.72965574
timbrewm,5,chinese:SSB0341,1,109,588,mean,0,1024,-2.12673521
timbrewm,5,chinese:SSB0341,1,109,588,tct,0,1024,-0.41538572
timbrewm,5,chinese:SSB0341,1,109,210,mean,0,1024,-2.33561897
timbrewm,5,chinese:SSB0341,1,109,210,tct,0,1024,-1.41438532
timbrewm,5,chinese:SSB0341,2,110,1006,mean,0,1024,-0.95249176
timbrewm,5,chinese:SSB0341,2,110,1006,tct,0,1024,-0.62540627
timbrewm,5,chinese:SSB0341,2,110,598,mean,0,1024,-2.12331009
timbrewm,5,chinese:SSB0341,2,110,598,tct,0,1024,-1.46729374
timbrewm,5,chinese:SSB0341,2,110,193,mean,0,1024,-2.19522476
timbrewm,5,chinese:SSB0341,2,110,193,tct,0,1024,-1.30825329
timbrewm,5,chinese:SSB0341,2,110,313,mean,0,1024,-2.38344574
timbrewm,5,chinese:SSB0341,2,110,313,tct,0,1024,-2.04430056
timbrewm,5,chinese:SSB0341,2,110,46,mean,0,1024,-1.43968821
timbrewm,5,chinese:SSB0341,2,110,46,tct,0,1024,-0.66348839
timbrewm,5,chinese:SSB0341,2,110,908,mean,0,1024,-0.62578297
timbrewm,5,chinese:SSB0341,2,110,908,tct,0,1024,-0.49187756
timbrewm,5,chinese:SSB0341,2,110,495,mean,0,1024,-1.29054117
timbrewm,5,chinese:SSB0341,2,110,495,tct,0,1024,-1.31205559
timbrewm,5,chinese:SSB0341,2,110,414,mean,0,1024,-1.11776447
timbrewm,5,chinese:SSB0341,2,110,414,tct,0,1024,-0.42912006
timbrewm,5,chinese:SSB0341,2,110,700,mean,0,1024,-0.94069099
timbrewm,5,chinese:SSB0341,2,110,700,tct,0,1024,-0.12921429
timbrewm,5,chinese:SSB0341,2,110,658,mean,0,1024,-2.78561974
timbrewm,5,chinese:SSB0341,2,110,658,tct,0,1024,-1.64878559
timbrewm,5,chinese:SSB0342,0,111,192,mean,0,1024,-0.50919294
timbrewm,5,chinese:SSB0342,0,111,192,tct,0,1024,-0.20493460
timbrewm,5,chinese:SSB0342,0,111,18,mean,0,1024,-2.87802982
timbrewm,5,chinese:SSB0342,0,111,18,tct,0,1024,-2.45560980
timbrewm,5,chinese:SSB0342,0,111,850,mean,0,1024,-2.87299776
timbrewm,5,chinese:SSB0342,0,111,850,tct,0,1024,-2.54953289
timbrewm,5,chinese:SSB0342,0,111,350,mean,0,1024,-3.74603271
timbrewm,5,chinese:SSB0342,0,111,350,tct,0,1024,-2.58812714
timbrewm,5,chinese:SSB0342,0,111,592,mean,0,1024,-1.49948692
timbrewm,5,chinese:SSB0342,0,111,592,tct,0,1024,-1.10779309
timbrewm,5,chinese:SSB0342,0,111,910,mean,0,1024,-3.67140007
timbrewm,5,chinese:SSB0342,0,111,910,tct,0,1024,-2.33235407
timbrewm,5,chinese:SSB0342,0,111,805,mean,0,1024,-2.24212933
timbrewm,5,chinese:SSB0342,0,111,805,tct,0,1024,-1.58198690
timbrewm,5,chinese:SSB0342,0,111,416,mean,0,1024,-1.14266348
timbrewm,5,chinese:SSB0342,0,111,416,tct,0,1024,-0.17698097
timbrewm,5,chinese:SSB0342,0,111,360,mean,0,1024,-0.74163628
timbrewm,5,chinese:SSB0342,0,111,360,tct,0,1024,-0.18841267
timbrewm,5,chinese:SSB0342,0,111,245,mean,0,1024,-3.23891497
timbrewm,5,chinese:SSB0342,0,111,245,tct,0,1024,-2.27317524
timbrewm,5,chinese:SSB0342,1,112,259,mean,0,1024,-2.86399603
timbrewm,5,chinese:SSB0342,1,112,259,tct,0,1024,-2.07647038
timbrewm,5,chinese:SSB0342,1,112,862,mean,0,1024,-1.63727236
timbrewm,5,chinese:SSB0342,1,112,862,tct,0,1024,-0.99565172
timbrewm,5,chinese:SSB0342,1,112,689,mean,0,1024,-4.19179583
timbrewm,5,chinese:SSB0342,1,112,689,tct,0,1024,-3.24680996
timbrewm,5,chinese:SSB0342,1,112,250,mean,0,1024,-2.08051062
timbrewm,5,chinese:SSB0342,1,112,250,tct,0,1024,-0.59262180
timbrewm,5,chinese:SSB0342,1,112,1019,mean,0,1024,-3.10753298
timbrewm,5,chinese:SSB0342,1,112,1019,tct,0,1024,-2.37677145
timbrewm,5,chinese:SSB0342,1,112,423,mean,0,1024,-2.22113562
timbrewm,5,chinese:SSB0342,1,112,423,tct,0,1024,-1.61217690
timbrewm,5,chinese:SSB0342,1,112,535,mean,0,1024,-4.20170164
timbrewm,5,chinese:SSB0342,1,112,535,tct,0,1024,-2.69260931
timbrewm,5,chinese:SSB0342,1,112,227,mean,0,1024,-2.79762220
timbrewm,5,chinese:SSB0342,1,112,227,tct,0,1024,-1.64566898
timbrewm,5,chinese:SSB0342,1,112,729,mean,0,1024,-3.67334318
timbrewm,5,chinese:SSB0342,1,112,729,tct,0,1024,-3.68959475
timbrewm,5,chinese:SSB0342,1,112,108,mean,0,1024,-0.76545715
timbrewm,5,chinese:SSB0342,1,112,108,tct,0,1024,-0.26843548
timbrewm,5,chinese:SSB0342,2,113,406,mean,0,1024,-1.48415852
timbrewm,5,chinese:SSB0342,2,113,406,tct,0,1024,-0.44690466
timbrewm,5,chinese:SSB0342,2,113,194,mean,0,1024,-1.68404007
timbrewm,5,chinese:SSB0342,2,113,194,tct,0,1024,-0.47828674
timbrewm,5,chinese:SSB0342,2,113,606,mean,0,1024,-1.69934893
timbrewm,5,chinese:SSB0342,2,113,606,tct,0,1024,-1.88888788
timbrewm,5,chinese:SSB0342,2,113,181,mean,0,1024,-1.50637817
timbrewm,5,chinese:SSB0342,2,113,181,tct,0,1024,-0.98175526
timbrewm,5,chinese:SSB0342,2,113,628,mean,0,1024,-2.37924337
timbrewm,5,chinese:SSB0342,2,113,628,tct,0,1024,-2.23770523
timbrewm,5,chinese:SSB0342,2,113,889,mean,0,1024,-1.99887848
timbrewm,5,chinese:SSB0342,2,113,889,tct,0,1024,-1.96575832
timbrewm,5,chinese:SSB0342,2,113,325,mean,0,1024,-3.17608261
timbrewm,5,chinese:SSB0342,2,113,325,tct,0,1024,-1.58096695
timbrewm,5,chinese:SSB0342,2,113,766,mean,0,1024,-0.28967571
timbrewm,5,chinese:SSB0342,2,113,766,tct,0,1024,-0.12272024
timbrewm,5,chinese:SSB0342,2,113,141,mean,0,1024,-1.78398085
timbrewm,5,chinese:SSB0342,2,113,141,tct,0,1024,-1.33141184
timbrewm,5,chinese:SSB0342,2,113,445,mean,0,1024,-1.17207241
timbrewm,5,chinese:SSB0342,2,113,445,tct,0,1024,-1.40436506
timbrewm,5,chinese:SSB0354,0,114,379,mean,0,1024,-2.69980717
timbrewm,5,chinese:SSB0354,0,114,379,tct,0,1024,-2.05404186
timbrewm,5,chinese:SSB0354,0,114,274,mean,0,1024,-3.93232441
timbrewm,5,chinese:SSB0354,0,114,274,tct,0,1024,-4.04078341
timbrewm,5,chinese:SSB0354,0,114,397,mean,0,1024,-3.13311291
timbrewm,5,chinese:SSB0354,0,114,397,tct,0,1024,-1.11018562
timbrewm,5,chinese:SSB0354,0,114,407,mean,0,1024,-3.27700329
timbrewm,5,chinese:SSB0354,0,114,407,tct,0,1024,-2.95823622
timbrewm,5,chinese:SSB0354,0,114,632,mean,0,1024,-1.79385710
timbrewm,5,chinese:SSB0354,0,114,632,tct,0,1024,-1.32363367
timbrewm,5,chinese:SSB0354,0,114,710,mean,0,1024,-2.36172056
timbrewm,5,chinese:SSB0354,0,114,710,tct,0,1024,-1.63472652
timbrewm,5,chinese:SSB0354,0,114,529,mean,0,1024,-2.50072098
timbrewm,5,chinese:SSB0354,0,114,529,tct,0,1024,-2.21553707
timbrewm,5,chinese:SSB0354,0,114,812,mean,0,1024,-2.75153780
timbrewm,5,chinese:SSB0354,0,114,812,tct,0,1024,-1.29306364
timbrewm,5,chinese:SSB0354,0,114,447,mean,0,1024,-2.11512661
timbrewm,5,chinese:SSB0354,0,114,447,tct,0,1024,-1.37301683
timbrewm,5,chinese:SSB0354,0,114,754,mean,0,1024,-0.64341879
timbrewm,5,chinese:SSB0354,0,114,754,tct,0,1024,-0.02532673
timbrewm,5,chinese:SSB0354,1,115,43,mean,0,1024,-1.99228764
timbrewm,5,chinese:SSB0354,1,115,43,tct,0,1024,-1.26987600
timbrewm,5,chinese:SSB0354,1,115,761,mean,0,1024,-1.09197855
timbrewm,5,chinese:SSB0354,1,115,761,tct,0,1024,-1.07933664
timbrewm,5,chinese:SSB0354,1,115,792,mean,0,1024,-1.05923128
timbrewm,5,chinese:SSB0354,1,115,792,tct,0,1024,-0.34373808
timbrewm,5,chinese:SSB0354,1,115,194,mean,0,1024,-1.01271343
timbrewm,5,chinese:SSB0354,1,115,194,tct,0,1024,-0.40527296
timbrewm,5,chinese:SSB0354,1,115,246,mean,0,1024,-2.14833593
timbrewm,5,chinese:SSB0354,1,115,246,tct,0,1024,-0.31995773
timbrewm,5,chinese:SSB0354,1,115,292,mean,0,1024,-2.14856911
timbrewm,5,chinese:SSB0354,1,115,292,tct,0,1024,-0.38134956
timbrewm,5,chinese:SSB0354,1,115,846,mean,0,1024,-1.98616505
timbrewm,5,chinese:SSB0354,1,115,846,tct,0,1024,-1.28080654
timbrewm,5,chinese:SSB0354,1,115,517,mean,0,1024,-1.05968952
timbrewm,5,chinese:SSB0354,1,115,517,tct,0,1024,-1.05858517
timbrewm,5,chinese:SSB0354,1,115,233,mean,0,1024,-1.37546921
timbrewm,5,chinese:SSB0354,1,115,233,tct,0,1024,-1.44091558
timbrewm,5,chinese:SSB0354,1,115,164,mean,0,1024,-2.13330698
timbrewm,5,chinese:SSB0354,1,115,164,tct,0,1024,-0.32080507
timbrewm,5,chinese:SSB0354,2,116,8,mean,0,1024,-0.66095972
timbrewm,5,chinese:SSB0354,2,116,8,tct,0,1024,-1.05725288
timbrewm,5,chinese:SSB0354,2,116,168,mean,0,1024,-0.98348093
timbrewm,5,chinese:SSB0354,2,116,168,tct,0,1024,-1.03555107
timbrewm,5,chinese:SSB0354,2,116,506,mean,0,1024,-3.59933138
timbrewm,5,chinese:SSB0354,2,116,506,tct,0,1024,-2.42925501
timbrewm,5,chinese:SSB0354,2,116,216,mean,0,1024,-2.08791494
timbrewm,5,chinese:SSB0354,2,116,216,tct,0,1024,-2.05512714
timbrewm,5,chinese:SSB0354,2,116,999,mean,0,1024,-2.94881392
timbrewm,5,chinese:SSB0354,2,116,999,tct,0,1024,-2.51277494
timbrewm,5,chinese:SSB0354,2,116,13,mean,0,1024,-0.73346472
timbrewm,5,chinese:SSB0354,2,116,13,tct,0,1024,-1.14458895
timbrewm,5,chinese:SSB0354,2,116,258,mean,0,1024,-1.54427290
timbrewm,5,chinese:SSB0354,2,116,258,tct,0,1024,-0.57384586
timbrewm,5,chinese:SSB0354,2,116,774,mean,0,1024,-1.21637011
timbrewm,5,chinese:SSB0354,2,116,774,tct,0,1024,-0.66850948
timbrewm,5,chinese:SSB0354,2,116,661,mean,0,1024,-0.93168116
timbrewm,5,chinese:SSB0354,2,116,661,tct,0,1024,-0.58406305
timbrewm,5,chinese:SSB0354,2,116,134,mean,0,1024,-0.89761448
timbrewm,5,chinese:SSB0354,2,116,134,tct,0,1024,-1.27787733
timbrewm,5,chinese:SSB0366,0,117,812,mean,0,1024,-1.61152840
timbrewm,5,chinese:SSB0366,0,117,812,tct,0,1024,-0.47573566
timbrewm,5,chinese:SSB0366,0,117,463,mean,0,1024,-2.70266581
timbrewm,5,chinese:SSB0366,0,117,463,tct,0,1024,-1.58239555
timbrewm,5,chinese:SSB0366,0,117,51,mean,0,1024,-1.95438147
timbrewm,5,chinese:SSB0366,0,117,51,tct,0,1024,-1.24588823
timbrewm,5,chinese:SSB0366,0,117,915,mean,0,1024,-1.42456484
timbrewm,5,chinese:SSB0366,0,117,915,tct,0,1024,-0.65447330
timbrewm,5,chinese:SSB0366,0,117,367,mean,0,1024,-1.88239002
timbrewm,5,chinese:SSB0366,0,117,367,tct,0,1024,-1.46025801
timbrewm,5,chinese:SSB0366,0,117,785,mean,0,1024,-1.22524118
timbrewm,5,chinese:SSB0366,0,117,785,tct,0,1024,-0.45899296
timbrewm,5,chinese:SSB0366,0,117,243,mean,0,1024,-2.70605993
timbrewm,5,chinese:SSB0366,0,117,243,tct,0,1024,-1.73071766
timbrewm,5,chinese:SSB0366,0,117,653,mean,0,1024,-3.83893394
timbrewm,5,chinese:SSB0366,0,117,653,tct,0,1024,-2.56208134
timbrewm,5,chinese:SSB0366,0,117,38,mean,0,1024,-2.14716482
timbrewm,5,chinese:SSB0366,0,117,38,tct,0,1024,-1.89154768
timbrewm,5,chinese:SSB0366,0,117,576,mean,0,1024,-1.98233557
timbrewm,5,chinese:SSB0366,0,117,576,tct,0,1024,-1.19037342
timbrewm,5,chinese:SSB0366,1,118,198,mean,0,1024,-1.77480412
timbrewm,5,chinese:SSB0366,1,118,198,tct,0,1024,-1.14910507
timbrewm,5,chinese:SSB0366,1,118,310,mean,0,1024,-1.65199757
timbrewm,5,chinese:SSB0366,1,118,310,tct,0,1024,-0.14776278
timbrewm,5,chinese:SSB0366,1,118,437,mean,0,1024,-2.92865896
timbrewm,5,chinese:SSB0366,1,118,437,tct,0,1024,-2.11711264
timbrewm,5,chinese:SSB0366,1,118,905,mean,0,1024,-2.68931437
timbrewm,5,chinese:SSB0366,1,118,905,tct,0,1024,-2.83082390
timbrewm,5,chinese:SSB0366,1,118,70,mean,0,1024,-1.70820570
timbrewm,5,chinese:SSB0366,1,118,70,tct,0,1024,-0.46661758
timbrewm,5,chinese:SSB0366,1,118,223,mean,0,1024,-2.76802635
timbrewm,5,chinese:SSB0366,1,118,223,tct,0,1024,-1.26905537
timbrewm,5,chinese:SSB0366,1,118,658,mean,0,1024,-2.56081057
timbrewm,5,chinese:SSB0366,1,118,658,tct,0,1024,-1.43199825
timbrewm,5,chinese:SSB0366,1,118,883,mean,0,1024,-1.54656744
timbrewm,5,chinese:SSB0366,1,118,883,tct,0,1024,-0.45618439
timbrewm,5,chinese:SSB0366,1,118,702,mean,0,1024,-1.74969435
timbrewm,5,chinese:SSB0366,1,118,702,tct,0,1024,-1.68169689
timbrewm,5,chinese:SSB0366,1,118,967,mean,0,1024,-1.06967831
timbrewm,5,chinese:SSB0366,1,118,967,tct,0,1024,-0.47148132
timbrewm,5,chinese:SSB0366,2,119,525,mean,0,1024,-3.14967012
timbrewm,5,chinese:SSB0366,2,119,525,tct,0,1024,-1.25411797
timbrewm,5,chinese:SSB0366,2,119,615,mean,0,1024,-2.22013760
timbrewm,5,chinese:SSB0366,2,119,615,tct,0,1024,-1.53081179
timbrewm,5,chinese:SSB0366,2,119,750,mean,0,1024,-1.19108629
timbrewm,5,chinese:SSB0366,2,119,750,tct,0,1024,-0.45772552
timbrewm,5,chinese:SSB0366,2,119,788,mean,0,1024,-2.93493843
timbrewm,5,chinese:SSB0366,2,119,788,tct,0,1024,-0.78906441
timbrewm,5,chinese:SSB0366,2,119,610,mean,0,1024,-1.57034874
timbrewm,5,chinese:SSB0366,2,119,610,tct,0,1024,-1.08538389
timbrewm,5,chinese:SSB0366,2,119,291,mean,0,1024,-2.34765100
timbrewm,5,chinese:SSB0366,2,119,291,tct,0,1024,-0.19712591
timbrewm,5,chinese:SSB0366,2,119,71,mean,0,1024,-3.57380438
timbrewm,5,chinese:SSB0366,2,119,71,tct,0,1024,-2.17991114
timbrewm,5,chinese:SSB0366,2,119,946,mean,0,1024,-1.48582315
timbrewm,5,chinese:SSB0366,2,119,946,tct,1,1024,0.01587343
timbrewm,5,chinese:SSB0366,2,119,900,mean,0,1024,-2.13694859
timbrewm,5,chinese:SSB0366,2,119,900,tct,0,1024,-1.32130480
timbrewm,5,chinese:SSB0366,2,119,537,mean,0,1024,-3.18242693
timbrewm,5,chinese:SSB0366,2,119,537,tct,0,1024,-1.47658777
timbrewm,5,chinese:SSB0375,0,120,113,mean,0,1024,-1.47828245
timbrewm,5,chinese:SSB0375,0,120,113,tct,0,1024,-0.78232861
timbrewm,5,chinese:SSB0375,0,120,720,mean,0,1024,-1.54746771
timbrewm,5,chinese:SSB0375,0,120,720,tct,0,1024,-0.19034481
timbrewm,5,chinese:SSB0375,0,120,180,mean,0,1024,-1.55936670
timbrewm,5,chinese:SSB0375,0,120,180,tct,0,1024,-0.95885611
timbrewm,5,chinese:SSB0375,0,120,782,mean,0,1024,-3.11160231
timbrewm,5,chinese:SSB0375,0,120,782,tct,0,1024,-2.01737785
timbrewm,5,chinese:SSB0375,0,120,112,mean,0,1024,-1.42833424
timbrewm,5,chinese:SSB0375,0,120,112,tct,0,1024,-0.82806969
timbrewm,5,chinese:SSB0375,0,120,286,mean,0,1024,-2.15798235
timbrewm,5,chinese:SSB0375,0,120,286,tct,0,1024,-1.76617336
timbrewm,5,chinese:SSB0375,0,120,215,mean,0,1024,-1.47652102
timbrewm,5,chinese:SSB0375,0,120,215,tct,0,1024,-1.10320663
timbrewm,5,chinese:SSB0375,0,120,43,mean,0,1024,-2.25894356
timbrewm,5,chinese:SSB0375,0,120,43,tct,0,1024,-0.35404444
timbrewm,5,chinese:SSB0375,0,120,487,mean,0,1024,-1.26066923
timbrewm,5,chinese:SSB0375,0,120,487,tct,0,1024,-0.65508080
timbrewm,5,chinese:SSB0375,0,120,510,mean,0,1024,-0.62651253
timbrewm,5,chinese:SSB0375,0,120,510,tct,0,1024,-0.31753826
timbrewm,5,chinese:SSB0375,1,121,210,mean,0,1024,-3.19352913
timbrewm,5,chinese:SSB0375,1,121,210,tct,0,1024,-2.30376863
timbrewm,5,chinese:SSB0375,1,121,890,mean,0,1024,-3.82242489
timbrewm,5,chinese:SSB0375,1,121,890,tct,0,1024,-2.57391596
timbrewm,5,chinese:SSB0375,1,121,912,mean,0,1024,-2.27273607
timbrewm,5,chinese:SSB0375,1,121,912,tct,0,1024,-1.08941078
timbrewm,5,chinese:SSB0375,1,121,221,mean,0,1024,-1.17736483
timbrewm,5,chinese:SSB0375,1,121,221,tct,0,1024,-0.99424696
timbrewm,5,chinese:SSB0375,1,121,564,mean,0,1024,-2.25303555
timbrewm,5,chinese:SSB0375,1,121,564,tct,0,1024,-1.93750811
timbrewm,5,chinese:SSB0375,1,121,425,mean,0,1024,-1.63127184
timbrewm,5,chinese:SSB0375,1,121,425,tct,0,1024,-1.90172672
timbrewm,5,chinese:SSB0375,1,121,42,mean,0,1024,-2.99208832
timbrewm,5,chinese:SSB0375,1,121,42,tct,0,1024,-1.68303204
timbrewm,5,chinese:SSB0375,1,121,963,mean,0,1024,-2.75898504
timbrewm,5,chinese:SSB0375,1,121,963,tct,0,1024,-1.95153999
timbrewm,5,chinese:SSB0375,1,121,919,mean,0,1024,-0.57271194
timbrewm,5,chinese:SSB0375,1,121,919,tct,0,1024,-0.15904999
timbrewm,5,chinese:SSB0375,1,121,386,mean,0,1024,-2.53545094
timbrewm,5,chinese:SSB0375,1,121,386,tct,0,1024,-1.04223061
timbrewm,5,chinese:SSB0375,2,122,955,mean,0,1024,-2.90230227
timbrewm,5,chinese:SSB0375,2,122,955,tct,0,1024,-0.44959593
timbrewm,5,chinese:SSB0375,2,122,725,mean,0,1024,-2.55066204
timbrewm,5,chinese:SSB0375,2,122,725,tct,0,1024,-1.19154263
timbrewm,5,chinese:SSB0375,2,122,774,mean,0,1024,-2.48395729
timbrewm,5,chinese:SSB0375,2,122,774,tct,0,1024,-0.82474327
timbrewm,5,chinese:SSB0375,2,122,850,mean,0,1024,-1.69271564
timbrewm,5,chinese:SSB0375,2,122,850,tct,0,1024,-0.69368172
timbrewm,5,chinese:SSB0375,2,122,65,mean,0,1024,-1.56157923
timbrewm,5,chinese:SSB0375,2,122,65,tct,0,1024,-1.45644331
timbrewm,5,chinese:SSB0375,2,122,523,mean,0,1024,-3.10450220
timbrewm,5,chinese:SSB0375,2,122,523,tct,0,1024,-1.98952770
timbrewm,5,chinese:SSB0375,2,122,933,mean,0,1024,-2.50439453
timbrewm,5,chinese:SSB0375,2,122,933,tct,0,1024,-0.95110941
timbrewm,5,chinese:SSB0375,2,122,206,mean,0,1024,-1.93849325
timbrewm,5,chinese:SSB0375,2,122,206,tct,0,1024,-1.48177242
timbrewm,5,chinese:SSB0375,2,122,821,mean,0,1024,-2.69624376
timbrewm,5,chinese:SSB0375,2,122,821,tct,0,1024,-0.61174822
timbrewm,5,chinese:SSB0375,2,122,817,mean,0,1024,-2.34197235
timbrewm,5,chinese:SSB0375,2,122,817,tct,0,1024,-0.83007908
timbrewm,5,chinese:SSB0379,0,123,164,mean,0,1024,-1.27184105
timbrewm,5,chinese:SSB0379,0,123,164,tct,0,1024,-0.58908319
timbrewm,5,chinese:SSB0379,0,123,671,mean,0,1024,-2.74056339
timbrewm,5,chinese:SSB0379,0,123,671,tct,0,1024,-1.69243670
timbrewm,5,chinese:SSB0379,0,123,148,mean,0,1024,-1.74587345
timbrewm,5,chinese:SSB0379,0,123,148,tct,0,1024,-0.41230679
timbrewm,5,chinese:SSB0379,0,123,973,mean,0,1024,-1.06887722
timbrewm,5,chinese:SSB0379,0,123,973,tct,0,1024,-0.39478254
timbrewm,5,chinese:SSB0379,0,123,147,mean,0,1024,-2.47736168
timbrewm,5,chinese:SSB0379,0,123,147,tct,0,1024,-0.40041113
timbrewm,5,chinese:SSB0379,0,123,574,mean,0,1024,-2.26521730
timbrewm,5,chinese:SSB0379,0,123,574,tct,0,1024,-1.58986187
timbrewm,5,chinese:SSB0379,0,123,769,mean,0,1024,-0.96177197
timbrewm,5,chinese:SSB0379,0,123,769,tct,0,1024,-0.96947956
timbrewm,5,chinese:SSB0379,0,123,551,mean,0,1024,-2.45748138
timbrewm,5,chinese:SSB0379,0,123,551,tct,0,1024,-0.81253958
timbrewm,5,chinese:SSB0379,0,123,849,mean,0,1024,-1.24840784
timbrewm,5,chinese:SSB0379,0,123,849,tct,0,1024,-0.31808758
timbrewm,5,chinese:SSB0379,0,123,662,mean,0,1024,-2.85352421
timbrewm,5,chinese:SSB0379,0,123,662,tct,0,1024,-1.81739235
timbrewm,5,chinese:SSB0379,1,124,840,mean,0,1024,-1.68300009
timbrewm,5,chinese:SSB0379,1,124,840,tct,0,1024,-1.03932905
timbrewm,5,chinese:SSB0379,1,124,58,mean,0,1024,-1.88996553
timbrewm,5,chinese:SSB0379,1,124,58,tct,0,1024,-0.21517038
timbrewm,5,chinese:SSB0379,1,124,855,mean,0,1024,-2.64782238
timbrewm,5,chinese:SSB0379,1,124,855,tct,0,1024,-1.67645264
timbrewm,5,chinese:SSB0379,1,124,746,mean,0,1024,-2.62935114
timbrewm,5,chinese:SSB0379,1,124,746,tct,0,1024,-0.40400362
timbrewm,5,chinese:SSB0379,1,124,745,mean,0,1024,-2.46601820
timbrewm,5,chinese:SSB0379,1,124,745,tct,0,1024,-1.42302895
timbrewm,5,chinese:SSB0379,1,124,170,mean,0,1024,-2.57854033
timbrewm,5,chinese:SSB0379,1,124,170,tct,0,1024,-0.15059948
timbrewm,5,chinese:SSB0379,1,124,338,mean,0,1024,-1.54653597
timbrewm,5,chinese:SSB0379,1,124,338,tct,0,1024,-0.79846382
timbrewm,5,chinese:SSB0379,1,124,167,mean,0,1024,-3.33382273
timbrewm,5,chinese:SSB0379,1,124,167,tct,0,1024,-1.33877230
timbrewm,5,chinese:SSB0379,1,124,723,mean,0,1024,-3.27398252
timbrewm,5,chinese:SSB0379,1,124,723,tct,0,1024,-2.40959024
timbrewm,5,chinese:SSB0379,1,124,296,mean,0,1024,-1.34034300
timbrewm,5,chinese:SSB0379,1,124,296,tct,1,1024,0.02021122
timbrewm,5,chinese:SSB0379,2,125,825,mean,0,1024,-1.58327961
timbrewm,5,chinese:SSB0379,2,125,825,tct,0,1024,-0.35270977
timbrewm,5,chinese:SSB0379,2,125,380,mean,0,1024,-0.68800354
timbrewm,5,chinese:SSB0379,2,125,380,tct,0,1024,-0.96178102
timbrewm,5,chinese:SSB0379,2,125,108,mean,0,1024,-1.62376118
timbrewm,5,chinese:SSB0379,2,125,108,tct,0,1024,-0.79126310
timbrewm,5,chinese:SSB0379,2,125,569,mean,0,1024,-1.90721798
timbrewm,5,chinese:SSB0379,2,125,569,tct,0,1024,-1.61956739
timbrewm,5,chinese:SSB0379,2,125,1013,mean,0,1024,-1.19941330
timbrewm,5,chinese:SSB0379,2,125,1013,tct,0,1024,-0.25833845
timbrewm,5,chinese:SSB0379,2,125,919,mean,0,1024,-1.65610790
timbrewm,5,chinese:SSB0379,2,125,919,tct,0,1024,-0.57470751
timbrewm,5,chinese:SSB0379,2,125,940,mean,0,1024,-1.41437721
timbrewm,5,chinese:SSB0379,2,125,940,tct,0,1024,-0.12931156
timbrewm,5,chinese:SSB0379,2,125,887,mean,0,1024,-1.53518105
timbrewm,5,chinese:SSB0379,2,125,887,tct,0,1024,-0.67623138
timbrewm,5,chinese:SSB0379,2,125,966,mean,0,1024,-1.40988445
timbrewm,5,chinese:SSB0379,2,125,966,tct,0,1024,-0.98571777
timbrewm,5,chinese:SSB0379,2,125,717,mean,0,1024,-1.17079544
timbrewm,5,chinese:SSB0379,2,125,717,tct,0,1024,-0.43515444
timbrewm,5,chinese:SSB0380,0,126,471,mean,0,1024,-2.53089190
timbrewm,5,chinese:SSB0380,0,126,471,tct,0,1024,-1.08426094
timbrewm,5,chinese:SSB0380,0,126,993,mean,0,1024,-1.73213673
timbrewm,5,chinese:SSB0380,0,126,993,tct,0,1024,-1.10309458
timbrewm,5,chinese:SSB0380,0,126,929,mean,0,1024,-1.09111595
timbrewm,5,chinese:SSB0380,0,126,929,tct,0,1024,-0.08373308
timbrewm,5,chinese:SSB0380,0,126,310,mean,0,1024,-4.20161104
timbrewm,5,chinese:SSB0380,0,126,310,tct,0,1024,-3.23884678
timbrewm,5,chinese:SSB0380,0,126,928,mean,0,1024,-2.07712841
timbrewm,5,chinese:SSB0380,0,126,928,tct,0,1024,-1.08459520
timbrewm,5,chinese:SSB0380,0,126,23,mean,0,1024,-2.45370531
timbrewm,5,chinese:SSB0380,0,126,23,tct,0,1024,-1.60671425
timbrewm,5,chinese:SSB0380,0,126,355,mean,0,1024,-3.00605154
timbrewm,5,chinese:SSB0380,0,126,355,tct,0,1024,-2.20853901
timbrewm,5,chinese:SSB0380,0,126,778,mean,0,1024,-2.17830181
timbrewm,5,chinese:SSB0380,0,126,778,tct,0,1024,-1.29922581
timbrewm,5,chinese:SSB0380,0,126,437,mean,0,1024,-2.56945086
timbrewm,5,chinese:SSB0380,0,126,437,tct,0,1024,-1.16034365
timbrewm,5,chinese:SSB0380,0,126,628,mean,0,1024,-4.13255262
timbrewm,5,chinese:SSB0380,0,126,628,tct,0,1024,-3.11704826
timbrewm,5,chinese:SSB0380,1,127,406,mean,0,1024,-1.30426216
timbrewm,5,chinese:SSB0380,1,127,406,tct,0,1024,-0.39580441
timbrewm,5,chinese:SSB0380,1,127,1019,mean,0,1024,-0.63454533
timbrewm,5,chinese:SSB0380,1,127,1019,tct,0,1024,-0.28673887
timbrewm,5,chinese:SSB0380,1,127,1002,mean,0,1024,-0.97885990
timbrewm,5,chinese:SSB0380,1,127,1002,tct,0,1024,-0.08697319
timbrewm,5,chinese:SSB0380,1,127,463,mean,0,1024,-0.13930607
timbrewm,5,chinese:SSB0380,1,127,463,tct,1,1024,0.19534636
timbrewm,5,chinese:SSB0380,1,127,664,mean,0,1024,-2.06716728
timbrewm,5,chinese:SSB0380,1,127,664,tct,0,1024,-0.21839762
timbrewm,5,chinese:SSB0380,1,127,656,mean,0,1024,-2.54395390
timbrewm,5,chinese:SSB0380,1,127,656,tct,0,1024,-1.47271872
timbrewm,5,chinese:SSB0380,1,127,76,mean,0,1024,-2.33196688
timbrewm,5,chinese:SSB0380,1,127,76,tct,0,1024,-2.04983234
timbrewm,5,chinese:SSB0380,1,127,465,mean,0,1024,-1.29875088
timbrewm,5,chinese:SSB0380,1,127,465,tct,0,1024,-0.16462708
timbrewm,5,chinese:SSB0380,1,127,360,mean,0,1024,-2.54878426
timbrewm,5,chinese:SSB0380,1,127,360,tct,0,1024,-1.88619471
timbrewm,5,chinese:SSB0380,1,127,294,mean,0,1024,-2.82607317
timbrewm,5,chinese:SSB0380,1,127,294,tct,0,1024,-2.31654739
timbrewm,5,chinese:SSB0380,2,128,545,mean,0,1024,-2.36579514
timbrewm,5,chinese:SSB0380,2,128,545,tct,0,1024,-2.17601156
timbrewm,5,chinese:SSB0380,2,128,190,mean,0,1024,-0.80308867
timbrewm,5,chinese:SSB0380,2,128,190,tct,0,1024,-0.13320160
timbrewm,5,chinese:SSB0380,2,128,600,mean,0,1024,-1.38160896
timbrewm,5,chinese:SSB0380,2,128,600,tct,0,1024,-1.22146416
timbrewm,5,chinese:SSB0380,2,128,929,mean,0,1024,-2.11465168
timbrewm,5,chinese:SSB0380,2,128,929,tct,0,1024,-1.80764103
timbrewm,5,chinese:SSB0380,2,128,356,mean,0,1024,-3.45590448
timbrewm,5,chinese:SSB0380,2,128,356,tct,0,1024,-2.52940941
timbrewm,5,chinese:SSB0380,2,128,744,mean,0,1024,-1.63612270
timbrewm,5,chinese:SSB0380,2,128,744,tct,0,1024,-0.94475746
timbrewm,5,chinese:SSB0380,2,128,388,mean,0,1024,-2.27435446
timbrewm,5,chinese:SSB0380,2,128,388,tct,0,1024,-0.94534874
timbrewm,5,chinese:SSB0380,2,128,977,mean,0,1024,-1.30186558
timbrewm,5,chinese:SSB0380,2,128,977,tct,0,1024,-1.01628304
timbrewm,5,chinese:SSB0380,2,128,955,mean,0,1024,-1.08261633
timbrewm,5,chinese:SSB0380,2,128,955,tct,0,1024,-0.64214659
timbrewm,5,chinese:SSB0380,2,128,239,mean,0,1024,-1.82111073
timbrewm,5,chinese:SSB0380,2,128,239,tct,0,1024,-0.90269899
timbrewm,5,chinese:SSB0382,0,129,488,mean,0,1024,-2.01006365
timbrewm,5,chinese:SSB0382,0,129,488,tct,0,1024,-1.33696938
timbrewm,5,chinese:SSB0382,0,129,925,mean,0,1024,-2.36486244
timbrewm,5,chinese:SSB0382,0,129,925,tct,0,1024,-1.53110075
timbrewm,5,chinese:SSB0382,0,129,707,mean,0,1024,-2.68045235
timbrewm,5,chinese:SSB0382,0,129,707,tct,0,1024,-1.21819639
timbrewm,5,chinese:SSB0382,0,129,937,mean,0,1024,-1.07688284
timbrewm,5,chinese:SSB0382,0,129,937,tct,0,1024,-0.36480570
timbrewm,5,chinese:SSB0382,0,129,865,mean,0,1024,-1.04779434
timbrewm,5,chinese:SSB0382,0,129,865,tct,0,1024,-0.03415966
timbrewm,5,chinese:SSB0382,0,129,276,mean,0,1024,-1.95878029
timbrewm,5,chinese:SSB0382,0,129,276,tct,0,1024,-1.51736736
timbrewm,5,chinese:SSB0382,0,129,825,mean,0,1024,-0.79554033
timbrewm,5,chinese:SSB0382,0,129,825,tct,0,1024,-0.35583782
timbrewm,5,chinese:SSB0382,0,129,869,mean,0,1024,-2.18998957
timbrewm,5,chinese:SSB0382,0,129,869,tct,0,1024,-1.22630215
timbrewm,5,chinese:SSB0382,0,129,176,mean,0,1024,-1.50105524
timbrewm,5,chinese:SSB0382,0,129,176,tct,0,1024,-0.97033882
timbrewm,5,chinese:SSB0382,0,129,20,mean,0,1024,-2.70901251
timbrewm,5,chinese:SSB0382,0,129,20,tct,0,1024,-2.20373583
timbrewm,5,chinese:SSB0382,1,130,380,mean,0,1024,-0.72443724
timbrewm,5,chinese:SSB0382,1,130,380,tct,0,1024,-0.07995224
timbrewm,5,chinese:SSB0382,1,130,0,mean,0,1024,-3.31613684
timbrewm,5,chinese:SSB0382,1,130,0,tct,0,1024,-2.65172625
timbrewm,5,chinese:SSB0382,1,130,937,mean,0,1024,-2.17523527
timbrewm,5,chinese:SSB0382,1,130,937,tct,0,1024,-0.19760227
timbrewm,5,chinese:SSB0382,1,130,907,mean,0,1024,-2.32748413
timbrewm,5,chinese:SSB0382,1,130,907,tct,0,1024,-0.53085136
timbrewm,5,chinese:SSB0382,1,130,755,mean,0,1024,-1.94966412
timbrewm,5,chinese:SSB0382,1,130,755,tct,0,1024,-1.30677938
timbrewm,5,chinese:SSB0382,1,130,591,mean,0,1024,-1.72940588
timbrewm,5,chinese:SSB0382,1,130,591,tct,0,1024,-1.33944130
timbrewm,5,chinese:SSB0382,1,130,212,mean,0,1024,-2.49919891
timbrewm,5,chinese:SSB0382,1,130,212,tct,0,1024,-2.36632109
timbrewm,5,chinese:SSB0382,1,130,583,mean,0,1024,-2.97209024
timbrewm,5,chinese:SSB0382,1,130,583,tct,0,1024,-2.55911541
timbrewm,5,chinese:SSB0382,1,130,896,mean,0,1024,-3.82574034
timbrewm,5,chinese:SSB0382,1,130,896,tct,0,1024,-1.27065945
timbrewm,5,chinese:SSB0382,1,130,411,mean,0,1024,-1.54293489
timbrewm,5,chinese:SSB0382,1,130,411,tct,0,1024,-0.22186804
timbrewm,5,chinese:SSB0382,2,131,330,mean,0,1024,-1.68986177
timbrewm,5,chinese:SSB0382,2,131,330,tct,0,1024,-1.16835833
timbrewm,5,chinese:SSB0382,2,131,836,mean,0,1024,-3.04906511
timbrewm,5,chinese:SSB0382,2,131,836,tct,0,1024,-2.00503349
timbrewm,5,chinese:SSB0382,2,131,37,mean,0,1024,-2.12421274
timbrewm,5,chinese:SSB0382,2,131,37,tct,0,1024,-0.06315041
timbrewm,5,chinese:SSB0382,2,131,224,mean,0,1024,-2.34329510
timbrewm,5,chinese:SSB0382,2,131,224,tct,0,1024,-1.34540558
timbrewm,5,chinese:SSB0382,2,131,497,mean,0,1024,-3.14000654
timbrewm,5,chinese:SSB0382,2,131,497,tct,0,1024,-2.73800182
timbrewm,5,chinese:SSB0382,2,131,570,mean,0,1024,-1.58739090
timbrewm,5,chinese:SSB0382,2,131,570,tct,0,1024,-0.43592262
timbrewm,5,chinese:SSB0382,2,131,1015,mean,0,1024,-3.10085726
timbrewm,5,chinese:SSB0382,2,131,1015,tct,0,1024,-1.77766752
timbrewm,5,chinese:SSB0382,2,131,610,mean,0,1024,-2.41419601
timbrewm,5,chinese:SSB0382,2,131,610,tct,0,1024,-1.44231844
timbrewm,5,chinese:SSB0382,2,131,123,mean,0,1024,-1.91475821
timbrewm,5,chinese:SSB0382,2,131,123,tct,0,1024,-1.19083691
timbrewm,5,chinese:SSB0382,2,131,219,mean,0,1024,-0.92837620
timbrewm,5,chinese:SSB0382,2,131,219,tct,0,1024,-0.10381937
timbrewm,5,chinese:SSB0385,0,132,483,mean,0,1024,-1.84729815
timbrewm,5,chinese:SSB0385,0,132,483,tct,0,1024,-1.20523310
timbrewm,5,chinese:SSB0385,0,132,167,mean,0,1024,-1.55455256
timbrewm,5,chinese:SSB0385,0,132,167,tct,0,1024,-0.67386007
timbrewm,5,chinese:SSB0385,0,132,314,mean,0,1024,-2.84869671
timbrewm,5,chinese:SSB0385,0,132,314,tct,0,1024,-2.43657923
timbrewm,5,chinese:SSB0385,0,132,658,mean,0,1024,-3.26737976
timbrewm,5,chinese:SSB0385,0,132,658,tct,0,1024,-2.07511377
timbrewm,5,chinese:SSB0385,0,132,804,mean,0,1024,-2.28290415
timbrewm,5,chinese:SSB0385,0,132,804,tct,0,1024,-1.79051208
timbrewm,5,chinese:SSB0385,0,132,224,mean,0,1024,-1.24743366
timbrewm,5,chinese:SSB0385,0,132,224,tct,0,1024,-0.05137920
timbrewm,5,chinese:SSB0385,0,132,185,mean,0,1024,-1.69471502
timbrewm,5,chinese:SSB0385,0,132,185,tct,0,1024,-1.16830492
timbrewm,5,chinese:SSB0385,0,132,311,mean,0,1024,-2.31032991
timbrewm,5,chinese:SSB0385,0,132,311,tct,0,1024,-1.79462624
timbrewm,5,chinese:SSB0385,0,132,487,mean,0,1024,-1.29781675
timbrewm,5,chinese:SSB0385,0,132,487,tct,0,1024,-1.19489908
timbrewm,5,chinese:SSB0385,0,132,16,mean,0,1024,-2.43275499
timbrewm,5,chinese:SSB0385,0,132,16,tct,0,1024,-1.89124966
timbrewm,5,chinese:SSB0385,1,133,775,mean,0,1024,-2.60597897
timbrewm,5,chinese:SSB0385,1,133,775,tct,0,1024,-1.82556295
timbrewm,5,chinese:SSB0385,1,133,850,mean,0,1024,-1.35989189
timbrewm,5,chinese:SSB0385,1,133,850,tct,0,1024,-0.22408676
timbrewm,5,chinese:SSB0385,1,133,230,mean,0,1024,-1.67930984
timbrewm,5,chinese:SSB0385,1,133,230,tct,0,1024,-1.14708233
timbrewm,5,chinese:SSB0385,1,133,71,mean,0,1024,-1.94067860
timbrewm,5,chinese:SSB0385,1,133,71,tct,0,1024,-1.82317209
timbrewm,5,chinese:SSB0385,1,133,879,mean,0,1024,-1.79761982
timbrewm,5,chinese:SSB0385,1,133,879,tct,0,1024,-1.08737707
timbrewm,5,chinese:SSB0385,1,133,485,mean,0,1024,-1.21894503
timbrewm,5,chinese:SSB0385,1,133,485,tct,0,1024,-0.90766954
timbrewm,5,chinese:SSB0385,1,133,557,mean,0,1024,-3.61178303
timbrewm,5,chinese:SSB0385,1,133,557,tct,0,1024,-2.31194878
timbrewm,5,chinese:SSB0385,1,133,102,mean,0,1024,-1.96176720
timbrewm,5,chinese:SSB0385,1,133,102,tct,0,1024,-1.17013741
timbrewm,5,chinese:SSB0385,1,133,810,mean,0,1024,-2.73026276
timbrewm,5,chinese:SSB0385,1,133,810,tct,0,1024,-1.77854204
timbrewm,5,chinese:SSB0385,1,133,283,mean,0,1024,-1.20602226
timbrewm,5,chinese:SSB0385,1,133,283,tct,0,1024,-1.06584167
timbrewm,5,chinese:SSB0385,2,134,592,mean,0,1024,-2.20633936
timbrewm,5,chinese:SSB0385,2,134,592,tct,0,1024,-1.46363306
timbrewm,5,chinese:SSB0385,2,134,318,mean,0,1024,-2.00871897
timbrewm,5,chinese:SSB0385,2,134,318,tct,0,1024,-2.44651651
timbrewm,5,chinese:SSB0385,2,134,525,mean,0,1024,-0.81425142
timbrewm,5,chinese:SSB0385,2,134,525,tct,0,1024,-0.57949829
timbrewm,5,chinese:SSB0385,2,134,21,mean,0,1024,-2.98299742
timbrewm,5,chinese:SSB0385,2,134,21,tct,0,1024,-1.74875975
timbrewm,5,chinese:SSB0385,2,134,570,mean,0,1024,-1.95828009
timbrewm,5,chinese:SSB0385,2,134,570,tct,0,1024,-1.47153711
timbrewm,5,chinese:SSB0385,2,134,309,mean,0,1024,-3.76530409
timbrewm,5,chinese:SSB0385,2,134,309,tct,0,1024,-2.76874733
timbrewm,5,chinese:SSB0385,2,134,482,mean,0,1024,-2.36727190
timbrewm,5,chinese:SSB0385,2,134,482,tct,0,1024,-1.76255655
timbrewm,5,chinese:SSB0385,2,134,31,mean,0,1024,-1.79993963
timbrewm,5,chinese:SSB0385,2,134,31,tct,0,1024,-0.79365969
timbrewm,5,chinese:SSB0385,2,134,671,mean,0,1024,-1.77859163
timbrewm,5,chinese:SSB0385,2,134,671,tct,0,1024,-0.70536709
timbrewm,5,chinese:SSB0385,2,134,389,mean,0,1024,-2.31860638
timbrewm,5,chinese:SSB0385,2,134,389,tct,0,1024,-1.37443352
timbrewm,5,chinese:SSB0393,0,135,1000,mean,0,1024,-0.45687151
timbrewm,5,chinese:SSB0393,0,135,1000,tct,0,1024,-0.03314114
timbrewm,5,chinese:SSB0393,0,135,1019,mean,0,1024,-1.77180290
timbrewm,5,chinese:SSB0393,0,135,1019,tct,0,1024,-1.12811041
timbrewm,5,chinese:SSB0393,0,135,335,mean,0,1024,-1.66321898
timbrewm,5,chinese:SSB0393,0,135,335,tct,0,1024,-0.51895905
timbrewm,5,chinese:SSB0393,0,135,936,mean,0,1024,-0.76212502
timbrewm,5,chinese:SSB0393,0,135,936,tct,0,1024,-0.04646206
timbrewm,5,chinese:SSB0393,0,135,387,mean,0,1024,-2.22777891
timbrewm,5,chinese:SSB0393,0,135,387,tct,0,1024,-0.44445801
timbrewm,5,chinese:SSB0393,0,135,109,mean,0,1024,-0.82850599
timbrewm,5,chinese:SSB0393,0,135,109,tct,0,1024,-0.26983404
timbrewm,5,chinese:SSB0393,0,135,998,mean,0,1024,-1.63734913
timbrewm,5,chinese:SSB0393,0,135,998,tct,0,1024,-1.20141315
timbrewm,5,chinese:SSB0393,0,135,214,mean,0,1024,-3.37303877
timbrewm,5,chinese:SSB0393,0,135,214,tct,0,1024,-2.59289026
timbrewm,5,chinese:SSB0393,0,135,627,mean,0,1024,-2.03078318
timbrewm,5,chinese:SSB0393,0,135,627,tct,0,1024,-1.35173082
timbrewm,5,chinese:SSB0393,0,135,521,mean,0,1024,-0.53219700
timbrewm,5,chinese:SSB0393,0,135,521,tct,0,1024,-1.00427723
timbrewm,5,chinese:SSB0393,1,136,874,mean,0,1024,-1.36592627
timbrewm,5,chinese:SSB0393,1,136,874,tct,0,1024,-0.91695213
timbrewm,5,chinese:SSB0393,1,136,165,mean,0,1024,-2.22505093
timbrewm,5,chinese:SSB0393,1,136,165,tct,0,1024,-0.48165274
timbrewm,5,chinese:SSB0393,1,136,365,mean,0,1024,-1.67769814
timbrewm,5,chinese:SSB0393,1,136,365,tct,0,1024,-0.12520218
timbrewm,5,chinese:SSB0393,1,136,222,mean,0,1024,-0.39296579
timbrewm,5,chinese:SSB0393,1,136,222,tct,0,1024,-0.39405966
timbrewm,5,chinese:SSB0393,1,136,773,mean,0,1024,-2.96135950
timbrewm,5,chinese:SSB0393,1,136,773,tct,0,1024,-0.71886778
timbrewm,5,chinese:SSB0393,1,136,803,mean,0,1024,-2.41016531
timbrewm,5,chinese:SSB0393,1,136,803,tct,0,1024,-1.16542864
timbrewm,5,chinese:SSB0393,1,136,648,mean,0,1024,-1.79707289
timbrewm,5,chinese:SSB0393,1,136,648,tct,0,1024,-0.67574406
timbrewm,5,chinese:SSB0393,1,136,446,mean,0,1024,-1.94909477
timbrewm,5,chinese:SSB0393,1,136,446,tct,0,1024,-0.62036467
timbrewm,5,chinese:SSB0393,1,136,609,mean,0,1024,-1.46490145
timbrewm,5,chinese:SSB0393,1,136,609,tct,0,1024,-1.04814959
timbrewm,5,chinese:SSB0393,1,136,859,mean,0,1024,-0.89950514
timbrewm,5,chinese:SSB0393,1,136,859,tct,0,1024,-0.81171274
timbrewm,5,chinese:SSB0393,2,137,997,mean,0,1024,-4.12881136
timbrewm,5,chinese:SSB0393,2,137,997,tct,0,1024,-3.28182077
timbrewm,5,chinese:SSB0393,2,137,520,mean,0,1024,-1.92347622
timbrewm,5,chinese:SSB0393,2,137,520,tct,0,1024,-0.94332218
timbrewm,5,chinese:SSB0393,2,137,866,mean,0,1024,-3.41815662
timbrewm,5,chinese:SSB0393,2,137,866,tct,0,1024,-2.09805727
timbrewm,5,chinese:SSB0393,2,137,544,mean,0,1024,-3.23913765
timbrewm,5,chinese:SSB0393,2,137,544,tct,0,1024,-2.33204222
timbrewm,5,chinese:SSB0393,2,137,78,mean,0,1024,-1.55181313
timbrewm,5,chinese:SSB0393,2,137,78,tct,0,1024,-0.08832407
timbrewm,5,chinese:SSB0393,2,137,461,mean,0,1024,-2.53903246
timbrewm,5,chinese:SSB0393,2,137,461,tct,0,1024,-2.12247372
timbrewm,5,chinese:SSB0393,2,137,184,mean,0,1024,-3.07794333
timbrewm,5,chinese:SSB0393,2,137,184,tct,0,1024,-2.80578709
timbrewm,5,chinese:SSB0393,2,137,207,mean,0,1024,-0.77229643
timbrewm,5,chinese:SSB0393,2,137,207,tct,0,1024,-0.34142685
timbrewm,5,chinese:SSB0393,2,137,211,mean,0,1024,-2.03835535
timbrewm,5,chinese:SSB0393,2,137,211,tct,0,1024,-1.20239973
timbrewm,5,chinese:SSB0393,2,137,191,mean,0,1024,-2.28837729
timbrewm,5,chinese:SSB0393,2,137,191,tct,0,1024,-2.04186726
timbrewm,5,chinese:SSB0394,0,138,841,mean,0,1024,-2.27243900
timbrewm,5,chinese:SSB0394,0,138,841,tct,0,1024,-1.05623341
timbrewm,5,chinese:SSB0394,0,138,134,mean,0,1024,-2.73203564
timbrewm,5,chinese:SSB0394,0,138,134,tct,0,1024,-2.39763260
timbrewm,5,chinese:SSB0394,0,138,6,mean,0,1024,-2.23279190
timbrewm,5,chinese:SSB0394,0,138,6,tct,0,1024,-1.64482355
timbrewm,5,chinese:SSB0394,0,138,282,mean,0,1024,-3.16807270
timbrewm,5,chinese:SSB0394,0,138,282,tct,0,1024,-2.30113506
timbrewm,5,chinese:SSB0394,0,138,110,mean,0,1024,-1.02028370
timbrewm,5,chinese:SSB0394,0,138,110,tct,0,1024,-0.40363026
timbrewm,5,chinese:SSB0394,0,138,448,mean,0,1024,-3.12343597
timbrewm,5,chinese:SSB0394,0,138,448,tct,0,1024,-1.95945072
timbrewm,5,chinese:SSB0394,0,138,603,mean,0,1024,-2.43064117
timbrewm,5,chinese:SSB0394,0,138,603,tct,0,1024,-2.12621784
timbrewm,5,chinese:SSB0394,0,138,797,mean,0,1024,-2.23040628
timbrewm,5,chinese:SSB0394,0,138,797,tct,0,1024,-1.05633068
timbrewm,5,chinese:SSB0394,0,138,711,mean,0,1024,-2.49263287
timbrewm,5,chinese:SSB0394,0,138,711,tct,0,1024,-2.06144619
timbrewm,5,chinese:SSB0394,0,138,931,mean,0,1024,-3.10080147
timbrewm,5,chinese:SSB0394,0,138,931,tct,0,1024,-2.04684448
timbrewm,5,chinese:SSB0394,1,139,209,mean,0,1024,-2.74669552
timbrewm,5,chinese:SSB0394,1,139,209,tct,0,1024,-1.27487803
timbrewm,5,chinese:SSB0394,1,139,656,mean,0,1024,-2.15079975
timbrewm,5,chinese:SSB0394,1,139,656,tct,0,1024,-1.13294220
timbrewm,5,chinese:SSB0394,1,139,869,mean,0,1024,-2.89015675
timbrewm,5,chinese:SSB0394,1,139,869,tct,0,1024,-2.12127256
timbrewm,5,chinese:SSB0394,1,139,966,mean,0,1024,-3.41198540
timbrewm,5,chinese:SSB0394,1,139,966,tct,0,1024,-2.39547157
timbrewm,5,chinese:SSB0394,1,139,488,mean,0,1024,-3.05250788
timbrewm,5,chinese:SSB0394,1,139,488,tct,0,1024,-1.57346725
timbrewm,5,chinese:SSB0394,1,139,993,mean,0,1024,-3.05681324
timbrewm,5,chinese:SSB0394,1,139,993,tct,0,1024,-2.11026192
timbrewm,5,chinese:SSB0394,1,139,470,mean,0,1024,-3.00794840
timbrewm,5,chinese:SSB0394,1,139,470,tct,0,1024,-1.87629366
timbrewm,5,chinese:SSB0394,1,139,901,mean,0,1024,-3.07089233
timbrewm,5,chinese:SSB0394,1,139,901,tct,0,1024,-2.05113935
timbrewm,5,chinese:SSB0394,1,139,66,mean,0,1024,-4.31208515
timbrewm,5,chinese:SSB0394,1,139,66,tct,0,1024,-2.96291447
timbrewm,5,chinese:SSB0394,1,139,879,mean,0,1024,-2.08435154
timbrewm,5,chinese:SSB0394,1,139,879,tct,0,1024,-1.14271975
timbrewm,5,chinese:SSB0394,2,140,67,mean,0,1024,-1.64702892
timbrewm,5,chinese:SSB0394,2,140,67,tct,0,1024,-0.46886683
timbrewm,5,chinese:SSB0394,2,140,967,mean,0,1024,-1.16361141
timbrewm,5,chinese:SSB0394,2,140,967,tct,0,1024,-0.30325508
timbrewm,5,chinese:SSB0394,2,140,332,mean,0,1024,-1.00698376
timbrewm,5,chinese:SSB0394,2,140,332,tct,0,1024,-0.95756149
timbrewm,5,chinese:SSB0394,2,140,531,mean,0,1024,-2.13563538
timbrewm,5,chinese:SSB0394,2,140,531,tct,0,1024,-1.34544754
timbrewm,5,chinese:SSB0394,2,140,294,mean,0,1024,-1.10530281
timbrewm,5,chinese:SSB0394,2,140,294,tct,1,1024,0.03390837
timbrewm,5,chinese:SSB0394,2,140,139,mean,0,1024,-2.51432896
timbrewm,5,chinese:SSB0394,2,140,139,tct,0,1024,-1.24292088
timbrewm,5,chinese:SSB0394,2,140,96,mean,0,1024,-0.72362709
timbrewm,5,chinese:SSB0394,2,140,96,tct,0,1024,-0.41150665
timbrewm,5,chinese:SSB0394,2,140,981,mean,0,1024,-1.00307465
timbrewm,5,chinese:SSB0394,2,140,981,tct,0,1024,-0.39794064
timbrewm,5,chinese:SSB0394,2,140,962,mean,0,1024,-1.52843475
timbrewm,5,chinese:SSB0394,2,140,962,tct,0,1024,-1.27638006
timbrewm,5,chinese:SSB0394,2,140,319,mean,0,1024,-2.06547880
timbrewm,5,chinese:SSB0394,2,140,319,tct,0,1024,-0.91878653
timbrewm,5,chinese:SSB0395,0,141,488,mean,0,1024,-3.08343267
timbrewm,5,chinese:SSB0395,0,141,488,tct,0,1024,-2.97961617
timbrewm,5,chinese:SSB0395,0,141,634,mean,0,1024,-1.36960268
timbrewm,5,chinese:SSB0395,0,141,634,tct,0,1024,-0.99950099
timbrewm,5,chinese:SSB0395,0,141,951,mean,0,1024,-3.80139542
timbrewm,5,chinese:SSB0395,0,141,951,tct,0,1024,-2.73960924
timbrewm,5,chinese:SSB0395,0,141,827,mean,0,1024,-1.89347696
timbrewm,5,chinese:SSB0395,0,141,827,tct,0,1024,-1.35156012
timbrewm,5,chinese:SSB0395,0,141,473,mean,0,1024,-2.64316702
timbrewm,5,chinese:SSB0395,0,141,473,tct,0,1024,-2.08566236
timbrewm,5,chinese:SSB0395,0,141,748,mean,0,1024,-2.98870516
timbrewm,5,chinese:SSB0395,0,141,748,tct,0,1024,-2.88053894
timbrewm,5,chinese:SSB0395,0,141,887,mean,0,1024,-3.59981155
timbrewm,5,chinese:SSB0395,0,141,887,tct,0,1024,-2.58811903
timbrewm,5,chinese:SSB0395,0,141,923,mean,0,1024,-1.22783709
timbrewm,5,chinese:SSB0395,0,141,923,tct,0,1024,-0.22589779
timbrewm,5,chinese:SSB0395,0,141,350,mean,0,1024,-2.47214937
timbrewm,5,chinese:SSB0395,0,141,350,tct,0,1024,-2.08411407
timbrewm,5,chinese:SSB0395,0,141,249,mean,0,1024,-3.66563797
timbrewm,5,chinese:SSB0395,0,141,249,tct,0,1024,-3.29132509
timbrewm,5,chinese:SSB0395,1,142,634,mean,0,1024,-1.75795174
timbrewm,5,chinese:SSB0395,1,142,634,tct,0,1024,-0.32586145
timbrewm,5,chinese:SSB0395,1,142,369,mean,0,1024,-1.01135015
timbrewm,5,chinese:SSB0395,1,142,369,tct,0,1024,-0.97013855
timbrewm,5,chinese:SSB0395,1,142,358,mean,0,1024,-2.42818213
timbrewm,5,chinese:SSB0395,1,142,358,tct,0,1024,-1.57366705
timbrewm,5,chinese:SSB0395,1,142,317,mean,0,1024,-1.73145247
timbrewm,5,chinese:SSB0395,1,142,317,tct,0,1024,-1.36185551
timbrewm,5,chinese:SSB0395,1,142,774,mean,0,1024,-2.67564487
timbrewm,5,chinese:SSB0395,1,142,774,tct,0,1024,-2.47080469
timbrewm,5,chinese:SSB0395,1,142,176,mean,0,1024,-0.60868645
timbrewm,5,chinese:SSB0395,1,142,176,tct,0,1024,-0.26939869
timbrewm,5,chinese:SSB0395,1,142,273,mean,0,1024,-1.03169298
timbrewm,5,chinese:SSB0395,1,142,273,tct,0,1024,-0.12368774
timbrewm,5,chinese:SSB0395,1,142,725,mean,0,1024,-1.70993376
timbrewm,5,chinese:SSB0395,1,142,725,tct,0,1024,-1.44940376
timbrewm,5,chinese:SSB0395,1,142,524,mean,0,1024,-1.41271973
timbrewm,5,chinese:SSB0395,1,142,524,tct,0,1024,-0.58234882
timbrewm,5,chinese:SSB0395,1,142,303,mean,0,1024,-2.22858524
timbrewm,5,chinese:SSB0395,1,142,303,tct,0,1024,-1.72273064
timbrewm,5,chinese:SSB0395,2,143,885,mean,0,1024,-2.06690407
timbrewm,5,chinese:SSB0395,2,143,885,tct,0,1024,-0.49648762
timbrewm,5,chinese:SSB0395,2,143,541,mean,0,1024,-1.39662600
timbrewm,5,chinese:SSB0395,2,143,541,tct,0,1024,-0.68698311
timbrewm,5,chinese:SSB0395,2,143,195,mean,0,1024,-1.45060825
timbrewm,5,chinese:SSB0395,2,143,195,tct,0,1024,-1.55372334
timbrewm,5,chinese:SSB0395,2,143,519,mean,0,1024,-2.49974108
timbrewm,5,chinese:SSB0395,2,143,519,tct,0,1024,-1.69711876
timbrewm,5,chinese:SSB0395,2,143,740,mean,0,1024,-1.94211912
timbrewm,5,chinese:SSB0395,2,143,740,tct,0,1024,-1.54375458
timbrewm,5,chinese:SSB0395,2,143,990,mean,0,1024,-1.22127151
timbrewm,5,chinese:SSB0395,2,143,990,tct,0,1024,-0.45106649
timbrewm,5,chinese:SSB0395,2,143,547,mean,0,1024,-2.10194635
timbrewm,5,chinese:SSB0395,2,143,547,tct,0,1024,-1.31532335
timbrewm,5,chinese:SSB0395,2,143,931,mean,0,1024,-1.47187328
timbrewm,5,chinese:SSB0395,2,143,931,tct,0,1024,-1.01082230
timbrewm,5,chinese:SSB0395,2,143,367,mean,0,1024,-1.98818827
timbrewm,5,chinese:SSB0395,2,143,367,tct,0,1024,-1.11071491
timbrewm,5,chinese:SSB0395,2,143,942,mean,0,1024,-1.46125126
timbrewm,5,chinese:SSB0395,2,143,942,tct,0,1024,-0.12106419
timbrewm,5,chinese:SSB0407,0,144,685,mean,0,1024,-2.44272470
timbrewm,5,chinese:SSB0407,0,144,685,tct,0,1024,-2.38418436
timbrewm,5,chinese:SSB0407,0,144,122,mean,0,1024,-2.01770067
timbrewm,5,chinese:SSB0407,0,144,122,tct,0,1024,-1.36921692
timbrewm,5,chinese:SSB0407,0,144,317,mean,0,1024,-3.49106693
timbrewm,5,chinese:SSB0407,0,144,317,tct,0,1024,-2.61436510
timbrewm,5,chinese:SSB0407,0,144,652,mean,0,1024,-2.90784740
timbrewm,5,chinese:SSB0407,0,144,652,tct,0,1024,-2.37753725
timbrewm,5,chinese:SSB0407,0,144,193,mean,0,1024,-1.23692751
timbrewm,5,chinese:SSB0407,0,144,193,tct,0,1024,-0.39339399
timbrewm,5,chinese:SSB0407,0,144,42,mean,0,1024,-2.91909695
timbrewm,5,chinese:SSB0407,0,144,42,tct,0,1024,-2.22762632
timbrewm,5,chinese:SSB0407,0,144,281,mean,0,1024,-3.86360359
timbrewm,5,chinese:SSB0407,0,144,281,tct,0,1024,-3.54305553
timbrewm,5,chinese:SSB0407,0,144,896,mean,0,1024,-1.88699865
timbrewm,5,chinese:SSB0407,0,144,896,tct,0,1024,-1.63166189
timbrewm,5,chinese:SSB0407,0,144,977,mean,0,1024,-1.17000484
timbrewm,5,chinese:SSB0407,0,144,977,tct,0,1024,-0.00604296
timbrewm,5,chinese:SSB0407,0,144,805,mean,0,1024,-2.53799438
timbrewm,5,chinese:SSB0407,0,144,805,tct,0,1024,-1.61603451
timbrewm,5,chinese:SSB0407,1,145,600,mean,0,1024,-2.29599333
timbrewm,5,chinese:SSB0407,1,145,600,tct,0,1024,-1.19228077
timbrewm,5,chinese:SSB0407,1,145,609,mean,0,1024,-1.18470526
timbrewm,5,chinese:SSB0407,1,145,609,tct,0,1024,-0.33599615
timbrewm,5,chinese:SSB0407,1,145,574,mean,0,1024,-2.52752161
timbrewm,5,chinese:SSB0407,1,145,574,tct,0,1024,-1.97615814
timbrewm,5,chinese:SSB0407,1,145,369,mean,0,1024,-1.33932209
timbrewm,5,chinese:SSB0407,1,145,369,tct,0,1024,-0.87507200
timbrewm,5,chinese:SSB0407,1,145,204,mean,0,1024,-2.09317303
timbrewm,5,chinese:SSB0407,1,145,204,tct,0,1024,-1.16168308
timbrewm,5,chinese:SSB0407,1,145,503,mean,0,1024,-1.22524834
timbrewm,5,chinese:SSB0407,1,145,503,tct,0,1024,-0.29566765
timbrewm,5,chinese:SSB0407,1,145,271,mean,0,1024,-1.90355921
timbrewm,5,chinese:SSB0407,1,145,271,tct,0,1024,-1.41743708
timbrewm,5,chinese:SSB0407,1,145,536,mean,0,1024,-2.07650232
timbrewm,5,chinese:SSB0407,1,145,536,tct,0,1024,-0.91908789
timbrewm,5,chinese:SSB0407,1,145,850,mean,0,1024,-2.36647367
timbrewm,5,chinese:SSB0407,1,145,850,tct,0,1024,-1.50370979
timbrewm,5,chinese:SSB0407,1,145,561,mean,0,1024,-0.80092382
timbrewm,5,chinese:SSB0407,1,145,561,tct,0,1024,-0.29433680
timbrewm,5,chinese:SSB0407,2,146,264,mean,0,1024,-0.53182507
timbrewm,5,chinese:SSB0407,2,146,264,tct,0,1024,-0.27601480
timbrewm,5,chinese:SSB0407,2,146,982,mean,0,1024,-2.13753510
timbrewm,5,chinese:SSB0407,2,146,982,tct,0,1024,-1.47509670
timbrewm,5,chinese:SSB0407,2,146,51,mean,0,1024,-1.49717999
timbrewm,5,chinese:SSB0407,2,146,51,tct,0,1024,-0.65231037
timbrewm,5,chinese:SSB0407,2,146,992,mean,0,1024,-1.21774817
timbrewm,5,chinese:SSB0407,2,146,992,tct,0,1024,-0.19847775
timbrewm,5,chinese:SSB0407,2,146,317,mean,0,1024,-0.68459511
timbrewm,5,chinese:SSB0407,2,146,317,tct,0,1024,-0.98788738
timbrewm,5,chinese:SSB0407,2,146,752,mean,0,1024,-1.73110867
timbrewm,5,chinese:SSB0407,2,146,752,tct,0,1024,-1.46415043
timbrewm,5,chinese:SSB0407,2,146,950,mean,0,1024,-1.70654488
timbrewm,5,chinese:SSB0407,2,146,950,tct,0,1024,-0.45643997
timbrewm,5,chinese:SSB0407,2,146,614,mean,0,1024,-1.27886820
timbrewm,5,chinese:SSB0407,2,146,614,tct,0,1024,-0.71650982
timbrewm,5,chinese:SSB0407,2,146,990,mean,0,1024,-1.76083517
timbrewm,5,chinese:SSB0407,2,146,990,tct,0,1024,-1.02180099
timbrewm,5,chinese:SSB0407,2,146,780,mean,0,1024,-0.52663898
timbrewm,5,chinese:SSB0407,2,146,780,tct,0,1024,-0.23070574
timbrewm,5,chinese:SSB0415,0,147,402,mean,0,1024,-3.14398813
timbrewm,5,chinese:SSB0415,0,147,402,tct,0,1024,-2.43845320
timbrewm,5,chinese:SSB0415,0,147,512,mean,0,1024,-0.86698914
timbrewm,5,chinese:SSB0415,0,147,512,tct,0,1024,-0.08817005
timbrewm,5,chinese:SSB0415,0,147,858,mean,0,1024,-1.53581285
timbrewm,5,chinese:SSB0415,0,147,858,tct,0,1024,-0.40455437
timbrewm,5,chinese:SSB0415,0,147,495,mean,0,1024,-3.92062855
timbrewm,5,chinese:SSB0415,0,147,495,tct,0,1024,-3.14965820
timbrewm,5,chinese:SSB0415,0,147,549,mean,0,1024,-1.62444878
timbrewm,5,chinese:SSB0415,0,147,549,tct,0,1024,-1.37896967
timbrewm,5,chinese:SSB0415,0,147,765,mean,0,1024,-3.12384415
timbrewm,5,chinese:SSB0415,0,147,765,tct,0,1024,-2.56918001
timbrewm,5,chinese:SSB0415,0,147,18,mean,0,1024,-1.65282106
timbrewm,5,chinese:SSB0415,0,147,18,tct,0,1024,-1.02498817
timbrewm,5,chinese:SSB0415,0,147,74,mean,0,1024,-1.67200136
timbrewm,5,chinese:SSB0415,0,147,74,tct,0,1024,-1.39606905
timbrewm,5,chinese:SSB0415,0,147,97,mean,0,1024,-3.29645061
timbrewm,5,chinese:SSB0415,0,147,97,tct,0,1024,-2.41882086
timbrewm,5,chinese:SSB0415,0,147,475,mean,0,1024,-4.08903599
timbrewm,5,chinese:SSB0415,0,147,475,tct,0,1024,-2.39762402
timbrewm,5,chinese:SSB0415,1,148,879,mean,0,1024,-0.59316111
timbrewm,5,chinese:SSB0415,1,148,879,tct,0,1024,-0.24277401
timbrewm,5,chinese:SSB0415,1,148,709,mean,0,1024,-3.11924028
timbrewm,5,chinese:SSB0415,1,148,709,tct,0,1024,-1.58604479
timbrewm,5,chinese:SSB0415,1,148,199,mean,0,1024,-1.83364964
timbrewm,5,chinese:SSB0415,1,148,199,tct,0,1024,-0.51720285
timbrewm,5,chinese:SSB0415,1,148,564,mean,0,1024,-3.60639668
timbrewm,5,chinese:SSB0415,1,148,564,tct,0,1024,-2.31559801
timbrewm,5,chinese:SSB0415,1,148,768,mean,0,1024,-4.20839977
timbrewm,5,chinese:SSB0415,1,148,768,tct,0,1024,-3.57095337
timbrewm,5,chinese:SSB0415,1,148,656,mean,0,1024,-5.00948429
timbrewm,5,chinese:SSB0415,1,148,656,tct,0,1024,-3.72593117
timbrewm,5,chinese:SSB0415,1,148,474,mean,0,1024,-3.06520224
timbrewm,5,chinese:SSB0415,1,148,474,tct,0,1024,-1.26878834
timbrewm,5,chinese:SSB0415,1,148,826,mean,0,1024,-2.48340607
timbrewm,5,chinese:SSB0415,1,148,826,tct,0,1024,-1.61417866
timbrewm,5,chinese:SSB0415,1,148,633,mean,0,1024,-2.70988894
timbrewm,5,chinese:SSB0415,1,148,633,tct,0,1024,-2.14722395
timbrewm,5,chinese:SSB0415,1,148,239,mean,0,1024,-0.26900578
timbrewm,5,chinese:SSB0415,1,148,239,tct,0,1024,-0.02998018
timbrewm,5,chinese:SSB0415,2,149,975,mean,0,1024,-3.26945400
timbrewm,5,chinese:SSB0415,2,149,975,tct,0,1024,-2.35322857
timbrewm,5,chinese:SSB0415,2,149,559,mean,0,1024,-2.30406046
timbrewm,5,chinese:SSB0415,2,149,559,tct,0,1024,-1.54277325
timbrewm,5,chinese:SSB0415,2,149,94,mean,0,1024,-2.39440489
timbrewm,5,chinese:SSB0415,2,149,94,tct,0,1024,-1.30734110
timbrewm,5,chinese:SSB0415,2,149,637,mean,0,1024,-1.91762447
timbrewm,5,chinese:SSB0415,2,149,637,tct,0,1024,-1.13591480
timbrewm,5,chinese:SSB0415,2,149,20,mean,0,1024,-1.38195419
timbrewm,5,chinese:SSB0415,2,149,20,tct,0,1024,-0.38829517
timbrewm,5,chinese:SSB0415,2,149,1006,mean,0,1024,-3.20737648
timbrewm,5,chinese:SSB0415,2,149,1006,tct,0,1024,-2.76468325
timbrewm,5,chinese:SSB0415,2,149,6,mean,0,1024,-1.43682861
timbrewm,5,chinese:SSB0415,2,149,6,tct,0,1024,-0.98570633
timbrewm,5,chinese:SSB0415,2,149,736,mean,0,1024,-0.98880816
timbrewm,5,chinese:SSB0415,2,149,736,tct,0,1024,-0.92318678
timbrewm,5,chinese:SSB0415,2,149,176,mean,0,1024,-1.36406946
timbrewm,5,chinese:SSB0415,2,149,176,tct,0,1024,-0.32575941
timbrewm,5,chinese:SSB0415,2,149,192,mean,0,1024,-0.89883566
timbrewm,5,chinese:SSB0415,2,149,192,tct,0,1024,-0.78930998
timbrewm,5,english:103,0,150,430,mean,0,1024,-3.63731337
timbrewm,5,english:103,0,150,430,tct,0,1024,-3.14333344
timbrewm,5,english:103,0,150,504,mean,0,1024,-3.26939631
timbrewm,5,english:103,0,150,504,tct,0,1024,-2.79689503
timbrewm,5,english:103,0,150,196,mean,0,1024,-3.51001883
timbrewm,5,english:103,0,150,196,tct,0,1024,-3.44797277
timbrewm,5,english:103,0,150,261,mean,0,1024,-2.42253494
timbrewm,5,english:103,0,150,261,tct,0,1024,-1.52249765
timbrewm,5,english:103,0,150,162,mean,0,1024,-4.77076387
timbrewm,5,english:103,0,150,162,tct,0,1024,-3.83694363
timbrewm,5,english:103,0,150,122,mean,0,1024,-2.61290598
timbrewm,5,english:103,0,150,122,tct,0,1024,-1.97586775
timbrewm,5,english:103,0,150,581,mean,0,1024,-0.96602201
timbrewm,5,english:103,0,150,581,tct,0,1024,-0.30069351
timbrewm,5,english:103,0,150,973,mean,0,1024,-1.12259817
timbrewm,5,english:103,0,150,973,tct,0,1024,-0.90387774
timbrewm,5,english:103,0,150,718,mean,0,1024,-1.91544676
timbrewm,5,english:103,0,150,718,tct,0,1024,-1.36817646
timbrewm,5,english:103,0,150,342,mean,0,1024,-2.05682564
timbrewm,5,english:103,0,150,342,tct,0,1024,-1.39149809
timbrewm,5,english:103,1,151,65,mean,0,1024,-1.56513548
timbrewm,5,english:103,1,151,65,tct,0,1024,-1.36031437
timbrewm,5,english:103,1,151,283,mean,0,1024,-1.36364126
timbrewm,5,english:103,1,151,283,tct,0,1024,-0.90738964
timbrewm,5,english:103,1,151,817,mean,0,1024,-1.44522047
timbrewm,5,english:103,1,151,817,tct,0,1024,-1.04597521
timbrewm,5,english:103,1,151,777,mean,0,1024,-1.82429409
timbrewm,5,english:103,1,151,777,tct,0,1024,-0.92677259
timbrewm,5,english:103,1,151,515,mean,0,1024,-1.59472179
timbrewm,5,english:103,1,151,515,tct,0,1024,-1.22472382
timbrewm,5,english:103,1,151,370,mean,0,1024,-0.94661665
timbrewm,5,english:103,1,151,370,tct,0,1024,-0.28743601
timbrewm,5,english:103,1,151,1004,mean,0,1024,-1.77543306
timbrewm,5,english:103,1,151,1004,tct,0,1024,-1.45182419
timbrewm,5,english:103,1,151,167,mean,0,1024,-2.35481644
timbrewm,5,english:103,1,151,167,tct,0,1024,-2.10614347
timbrewm,5,english:103,1,151,26,mean,0,1024,-0.97307396
timbrewm,5,english:103,1,151,26,tct,0,1024,-0.86232996
timbrewm,5,english:103,1,151,419,mean,0,1024,-1.71997309
timbrewm,5,english:103,1,151,419,tct,0,1024,-1.46344948
timbrewm,5,english:103,2,152,320,mean,0,1024,-2.67208958
timbrewm,5,english:103,2,152,320,tct,0,1024,-0.25114250
timbrewm,5,english:103,2,152,695,mean,0,1024,-2.65674448
timbrewm,5,english:103,2,152,695,tct,0,1024,-0.76091099
timbrewm,5,english:103,2,152,463,mean,0,1024,-3.37360144
timbrewm,5,english:103,2,152,463,tct,0,1024,-0.39342594
timbrewm,5,english:103,2,152,688,mean,0,1024,-0.74064875
timbrewm,5,english:103,2,152,688,tct,0,1024,-0.53899670
timbrewm,5,english:103,2,152,732,mean,0,1024,-0.95330143
timbrewm,5,english:103,2,152,732,tct,0,1024,-1.14758348
timbrewm,5,english:103,2,152,800,mean,0,1024,-2.13537312
timbrewm,5,english:103,2,152,800,tct,0,1024,-1.68120480
timbrewm,5,english:103,2,152,996,mean,0,1024,-2.35131836
timbrewm,5,english:103,2,152,996,tct,0,1024,-1.04272223
timbrewm,5,english:103,2,152,777,mean,0,1024,-2.09758854
timbrewm,5,english:103,2,152,777,tct,0,1024,-1.92619705
timbrewm,5,english:103,2,152,812,mean,0,1024,-2.42811680
timbrewm,5,english:103,2,152,812,tct,0,1024,-1.37274361
timbrewm,5,english:103,2,152,624,mean,0,1024,-1.66133499
timbrewm,5,english:103,2,152,624,tct,0,1024,-0.43880463
timbrewm,5,english:1034,0,153,225,mean,0,1024,-1.24640751
timbrewm,5,english:1034,0,153,225,tct,0,1024,-0.39437437
timbrewm,5,english:1034,0,153,26,mean,0,1024,-1.40809822
timbrewm,5,english:1034,0,153,26,tct,0,1024,-0.38742590
timbrewm,5,english:1034,0,153,356,mean,0,1024,-1.35371304
timbrewm,5,english:1034,0,153,356,tct,0,1024,-0.33794212
timbrewm,5,english:1034,0,153,799,mean,0,1024,-3.16503906
timbrewm,5,english:1034,0,153,799,tct,0,1024,-1.96809244
timbrewm,5,english:1034,0,153,840,mean,0,1024,-1.51867390
timbrewm,5,english:1034,0,153,840,tct,0,1024,-0.99867201
timbrewm,5,english:1034,0,153,103,mean,0,1024,-1.43537617
timbrewm,5,english:1034,0,153,103,tct,0,1024,-0.28338146
timbrewm,5,english:1034,0,153,940,mean,0,1024,-2.38540840
timbrewm,5,english:1034,0,153,940,tct,0,1024,-0.70581818
timbrewm,5,english:1034,0,153,465,mean,0,1024,-2.47515297
timbrewm,5,english:1034,0,153,465,tct,0,1024,-2.41249752
timbrewm,5,english:1034,0,153,299,mean,0,1024,-0.57848263
timbrewm,5,english:1034,0,153,299,tct,0,1024,-0.35894823
timbrewm,5,english:1034,0,153,467,mean,0,1024,-2.44446373
timbrewm,5,english:1034,0,153,467,tct,0,1024,-2.38075113
timbrewm,5,english:1034,1,154,868,mean,0,1024,-2.15685701
timbrewm,5,english:1034,1,154,868,tct,0,1024,-1.11604500
timbrewm,5,english:1034,1,154,591,mean,0,1024,-3.43570757
timbrewm,5,english:1034,1,154,591,tct,0,1024,-1.89541578
timbrewm,5,english:1034,1,154,482,mean,0,1024,-0.76687384
timbrewm,5,english:1034,1,154,482,tct,0,1024,-0.47648478
timbrewm,5,english:1034,1,154,787,mean,0,1024,-2.32727003
timbrewm,5,english:1034,1,154,787,tct,0,1024,-0.21306705
timbrewm,5,english:1034,1,154,867,mean,0,1024,-2.02498388
timbrewm,5,english:1034,1,154,867,tct,0,1024,-1.48340988
timbrewm,5,english:1034,1,154,945,mean,0,1024,-2.20654058
timbrewm,5,english:1034,1,154,945,tct,0,1024,-0.79221344
timbrewm,5,english:1034,1,154,13,mean,0,1024,-2.15864325
timbrewm,5,english:1034,1,154,13,tct,0,1024,-1.12437010
timbrewm,5,english:1034,1,154,860,mean,0,1024,-3.59369612
timbrewm,5,english:1034,1,154,860,tct,0,1024,-2.94251871
timbrewm,5,english:1034,1,154,878,mean,0,1024,-2.63391352
timbrewm,5,english:1034,1,154,878,tct,0,1024,-2.13493395
timbrewm,5,english:1034,1,154,705,mean,0,1024,-2.26297522
timbrewm,5,english:1034,1,154,705,tct,0,1024,-0.34459543
timbrewm,5,english:1034,2,155,370,mean,0,1024,-1.67137241
timbrewm,5,english:1034,2,155,370,tct,0,1024,-0.76707411
timbrewm,5,english:1034,2,155,709,mean,0,1024,-2.44844484
timbrewm,5,english:1034,2,155,709,tct,0,1024,-1.16248083
timbrewm,5,english:1034,2,155,77,mean,0,1024,-1.24657154
timbrewm,5,english:1034,2,155,77,tct,0,1024,-0.34963131
timbrewm,5,english:1034,2,155,257,mean,0,1024,-0.69136810
timbrewm,5,english:1034,2,155,257,tct,0,1024,-1.29254293
timbrewm,5,english:1034,2,155,159,mean,0,1024,-2.31645489
timbrewm,5,english:1034,2,155,159,tct,0,1024,-1.33742571
timbrewm,5,english:1034,2,155,71,mean,0,1024,-2.06208992
timbrewm,5,english:1034,2,155,71,tct,0,1024,-1.41795206
timbrewm,5,english:1034,2,155,605,mean,0,1024,-1.84886217
timbrewm,5,english:1034,2,155,605,tct,0,1024,-0.36677790
timbrewm,5,english:1034,2,155,134,mean,0,1024,-2.10803604
timbrewm,5,english:1034,2,155,134,tct,0,1024,-1.26449823
timbrewm,5,english:1034,2,155,766,mean,0,1024,-2.78227901
timbrewm,5,english:1034,2,155,766,tct,0,1024,-1.14599037
timbrewm,5,english:1034,2,155,668,mean,0,1024,-1.89480925
timbrewm,5,english:1034,2,155,668,tct,0,1024,-0.85302258
timbrewm,5,english:1040,0,156,415,mean,0,1024,-3.18722153
timbrewm,5,english:1040,0,156,415,tct,0,1024,-2.85043764
timbrewm,5,english:1040,0,156,550,mean,0,1024,-1.91402388
timbrewm,5,english:1040,0,156,550,tct,0,1024,-1.44380140
timbrewm,5,english:1040,0,156,863,mean,0,1024,-2.20461082
timbrewm,5,english:1040,0,156,863,tct,0,1024,-1.92562532
timbrewm,5,english:1040,0,156,227,mean,0,1024,-1.81672001
timbrewm,5,english:1040,0,156,227,tct,0,1024,-0.93184280
timbrewm,5,english:1040,0,156,58,mean,0,1024,-1.66650677
timbrewm,5,english:1040,0,156,58,tct,0,1024,-1.07475710
timbrewm,5,english:1040,0,156,80,mean,0,1024,-1.09326029
timbrewm,5,english:1040,0,156,80,tct,0,1024,-0.32924652
timbrewm,5,english:1040,0,156,822,mean,0,1024,-3.10983276
timbrewm,5,english:1040,0,156,822,tct,0,1024,-2.50504303
timbrewm,5,english:1040,0,156,411,mean,0,1024,-2.43505430
timbrewm,5,english:1040,0,156,411,tct,0,1024,-2.32590437
timbrewm,5,english:1040,0,156,596,mean,0,1024,-1.69929075
timbrewm,5,english:1040,0,156,596,tct,0,1024,-0.37564468
timbrewm,5,english:1040,0,156,312,mean,0,1024,-2.61242008
timbrewm,5,english:1040,0,156,312,tct,0,1024,-2.08625507
timbrewm,5,english:1040,1,157,148,mean,0,1024,-2.33753967
timbrewm,5,english:1040,1,157,148,tct,0,1024,-1.19419050
timbrewm,5,english:1040,1,157,736,mean,0,1024,-3.31196070
timbrewm,5,english:1040,1,157,736,tct,0,1024,-2.36769676
timbrewm,5,english:1040,1,157,192,mean,0,1024,-2.36980057
timbrewm,5,english:1040,1,157,192,tct,0,1024,-1.39565134
timbrewm,5,english:1040,1,157,331,mean,0,1024,-0.96713543
timbrewm,5,english:1040,1,157,331,tct,0,1024,-0.21233463
timbrewm,5,english:1040,1,157,214,mean,0,1024,-2.55902958
timbrewm,5,english:1040,1,157,214,tct,0,1024,-0.42705154
timbrewm,5,english:1040,1,157,639,mean,0,1024,-1.94460821
timbrewm,5,english:1040,1,157,639,tct,0,1024,-0.69032192
timbrewm,5,english:1040,1,157,203,mean,0,1024,-1.83856010
timbrewm,5,english:1040,1,157,203,tct,0,1024,-1.05053043
timbrewm,5,english:1040,1,157,644,mean,0,1024,-3.15919256
timbrewm,5,english:1040,1,157,644,tct,0,1024,-2.57366848
timbrewm,5,english:1040,1,157,384,mean,0,1024,-2.30222607
timbrewm,5,english:1040,1,157,384,tct,0,1024,-1.45666695
timbrewm,5,english:1040,1,157,104,mean,0,1024,-2.08677864
timbrewm,5,english:1040,1,157,104,tct,0,1024,-1.13407946
timbrewm,5,english:1040,2,158,796,mean,0,1024,-3.21714163
timbrewm,5,english:1040,2,158,796,tct,0,1024,-1.23853636
timbrewm,5,english:1040,2,158,747,mean,0,1024,-1.58152437
timbrewm,5,english:1040,2,158,747,tct,0,1024,-0.85442781
timbrewm,5,english:1040,2,158,124,mean,0,1024,-0.74869108
timbrewm,5,english:1040,2,158,124,tct,0,1024,-0.00587559
timbrewm,5,english:1040,2,158,417,mean,0,1024,-3.06706762
timbrewm,5,english:1040,2,158,417,tct,0,1024,-2.01113081
timbrewm,5,english:1040,2,158,91,mean,0,1024,-2.11534500
timbrewm,5,english:1040,2,158,91,tct,0,1024,-1.10199308
timbrewm,5,english:1040,2,158,5,mean,0,1024,-2.12428474
timbrewm,5,english:1040,2,158,5,tct,0,1024,-1.30570316
timbrewm,5,english:1040,2,158,249,mean,0,1024,-1.59033012
timbrewm,5,english:1040,2,158,249,tct,0,1024,-0.86286736
timbrewm,5,english:1040,2,158,518,mean,0,1024,-1.76866293
timbrewm,5,english:1040,2,158,518,tct,0,1024,-1.28674793
timbrewm,5,english:1040,2,158,342,mean,0,1024,-1.89771461
timbrewm,5,english:1040,2,158,342,tct,0,1024,-1.28443909
timbrewm,5,english:1040,2,158,85,mean,0,1024,-1.11356068
timbrewm,5,english:1040,2,158,85,tct,0,1024,-0.38063765
timbrewm,5,english:1069,0,159,671,mean,0,1024,-3.49692297
timbrewm,5,english:1069,0,159,671,tct,0,1024,-0.47902203
timbrewm,5,english:1069,0,159,573,mean,0,1024,-3.38416815
timbrewm,5,english:1069,0,159,573,tct,0,1024,-1.78537130
timbrewm,5,english:1069,0,159,8,mean,0,1024,-1.31894207
timbrewm,5,english:1069,0,159,8,tct,0,1024,-0.80414200
timbrewm,5,english:1069,0,159,726,mean,0,1024,-4.18129492
timbrewm,5,english:1069,0,159,726,tct,0,1024,-1.69909525
timbrewm,5,english:1069,0,159,75,mean,0,1024,-1.21572781
timbrewm,5,english:1069,0,159,75,tct,0,1024,-0.74845409
timbrewm,5,english:1069,0,159,201,mean,0,1024,-1.16491318
timbrewm,5,english:1069,0,159,201,tct,0,1024,-0.21909809
timbrewm,5,english:1069,0,159,813,mean,0,1024,-2.29451036
timbrewm,5,english:1069,0,159,813,tct,0,1024,-1.70112276
timbrewm,5,english:1069,0,159,463,mean,0,1024,-1.44844627
timbrewm,5,english:1069,0,159,463,tct,0,1024,-0.32053661
timbrewm,5,english:1069,0,159,838,mean,0,1024,-2.71561575
timbrewm,5,english:1069,0,159,838,tct,0,1024,-2.11888838
timbrewm,5,english:1069,0,159,47,mean,0,1024,-2.86609077
timbrewm,5,english:1069,0,159,47,tct,0,1024,-2.06193638
timbrewm,5,english:1069,1,160,194,mean,0,1024,-2.20817566
timbrewm,5,english:1069,1,160,194,tct,0,1024,-2.04011440
timbrewm,5,english:1069,1,160,708,mean,0,1024,-2.42451906
timbrewm,5,english:1069,1,160,708,tct,0,1024,-1.74496412
timbrewm,5,english:1069,1,160,292,mean,0,1024,-2.29351616
timbrewm,5,english:1069,1,160,292,tct,0,1024,-1.60659599
timbrewm,5,english:1069,1,160,644,mean,0,1024,-3.67239666
timbrewm,5,english:1069,1,160,644,tct,0,1024,-2.93349409
timbrewm,5,english:1069,1,160,106,mean,0,1024,-1.47820091
timbrewm,5,english:1069,1,160,106,tct,0,1024,-1.11268234
timbrewm,5,english:1069,1,160,572,mean,0,1024,-3.25601101
timbrewm,5,english:1069,1,160,572,tct,0,1024,-2.95304966
timbrewm,5,english:1069,1,160,458,mean,0,1024,-0.65648651
timbrewm,5,english:1069,1,160,458,tct,0,1024,-0.21404743
timbrewm,5,english:1069,1,160,323,mean,0,1024,-0.79295731
timbrewm,5,english:1069,1,160,323,tct,0,1024,-0.24725676
timbrewm,5,english:1069,1,160,625,mean,0,1024,-1.88352156
timbrewm,5,english:1069,1,160,625,tct,0,1024,-1.45541906
timbrewm,5,english:1069,1,160,802,mean,0,1024,-1.92579889
timbrewm,5,english:1069,1,160,802,tct,0,1024,-1.43340492
timbrewm,5,english:1069,2,161,466,mean,0,1024,-2.41374874
timbrewm,5,english:1069,2,161,466,tct,0,1024,-1.41999912
timbrewm,5,english:1069,2,161,207,mean,0,1024,-1.72807312
timbrewm,5,english:1069,2,161,207,tct,0,1024,-0.20367908
timbrewm,5,english:1069,2,161,796,mean,0,1024,-1.89549160
timbrewm,5,english:1069,2,161,796,tct,0,1024,-1.17234802
timbrewm,5,english:1069,2,161,91,mean,0,1024,-1.65169144
timbrewm,5,english:1069,2,161,91,tct,0,1024,-0.49894953
timbrewm,5,english:1069,2,161,113,mean,0,1024,-1.86486626
timbrewm,5,english:1069,2,161,113,tct,0,1024,-1.43434811
timbrewm,5,english:1069,2,161,328,mean,0,1024,-0.89259624
timbrewm,5,english:1069,2,161,328,tct,0,1024,-0.44268990
timbrewm,5,english:1069,2,161,645,mean,0,1024,-2.63595295
timbrewm,5,english:1069,2,161,645,tct,0,1024,-1.44795227
timbrewm,5,english:1069,2,161,407,mean,0,1024,-2.37605095
timbrewm,5,english:1069,2,161,407,tct,0,1024,-1.57792854
timbrewm,5,english:1069,2,161,398,mean,0,1024,-1.06883240
timbrewm,5,english:1069,2,161,398,tct,0,1024,-0.61668777
timbrewm,5,english:1069,2,161,956,mean,0,1024,-1.66969681
timbrewm,5,english:1069,2,161,956,tct,0,1024,-1.45445395
timbrewm,5,english:1081,0,162,575,mean,0,1024,-1.68191433
timbrewm,5,english:1081,0,162,575,tct,0,1024,-0.72802877
timbrewm,5,english:1081,0,162,463,mean,0,1024,-3.06210232
timbrewm,5,english:1081,0,162,463,tct,0,1024,-1.22091436
timbrewm,5,english:1081,0,162,865,mean,0,1024,-1.83476067
timbrewm,5,english:1081,0,162,865,tct,0,1024,-1.27176237
timbrewm,5,english:1081,0,162,252,mean,0,1024,-1.07595062
timbrewm,5,english:1081,0,162,252,tct,0,1024,-0.98986769
timbrewm,5,english:1081,0,162,841,mean,0,1024,-2.92893600
timbrewm,5,english:1081,0,162,841,tct,0,1024,-3.00291967
timbrewm,5,english:1081,0,162,146,mean,0,1024,-2.38172626
timbrewm,5,english:1081,0,162,146,tct,0,1024,-1.65714598
timbrewm,5,english:1081,0,162,937,mean,0,1024,-0.79306889
timbrewm,5,english:1081,0,162,937,tct,0,1024,-0.85735130
timbrewm,5,english:1081,0,162,727,mean,0,1024,-2.07170582
timbrewm,5,english:1081,0,162,727,tct,0,1024,-1.54252529
timbrewm,5,english:1081,0,162,775,mean,0,1024,-3.03290367
timbrewm,5,english:1081,0,162,775,tct,0,1024,-2.68298578
timbrewm,5,english:1081,0,162,640,mean,0,1024,-1.12895870
timbrewm,5,english:1081,0,162,640,tct,0,1024,-1.28581905
timbrewm,5,english:1081,1,163,8,mean,0,1024,-2.86012363
timbrewm,5,english:1081,1,163,8,tct,0,1024,-1.46443558
timbrewm,5,english:1081,1,163,250,mean,0,1024,-4.20166636
timbrewm,5,english:1081,1,163,250,tct,0,1024,-1.54166508
timbrewm,5,english:1081,1,163,969,mean,0,1024,-2.55577040
timbrewm,5,english:1081,1,163,969,tct,0,1024,-1.13893652
timbrewm,5,english:1081,1,163,160,mean,0,1024,-2.54765892
timbrewm,5,english:1081,1,163,160,tct,0,1024,-1.43184710
timbrewm,5,english:1081,1,163,744,mean,0,1024,-3.85733557
timbrewm,5,english:1081,1,163,744,tct,0,1024,-2.25068378
timbrewm,5,english:1081,1,163,481,mean,0,1024,-2.53985977
timbrewm,5,english:1081,1,163,481,tct,0,1024,-2.24750233
timbrewm,5,english:1081,1,163,514,mean,0,1024,-3.46569586
timbrewm,5,english:1081,1,163,514,tct,0,1024,-1.68027306
timbrewm,5,english:1081,1,163,327,mean,0,1024,-2.21021748
timbrewm,5,english:1081,1,163,327,tct,0,1024,-1.42608976
timbrewm,5,english:1081,1,163,243,mean,0,1024,-3.53250170
timbrewm,5,english:1081,1,163,243,tct,0,1024,-2.56509018
timbrewm,5,english:1081,1,163,906,mean,0,1024,-3.01488209
timbrewm,5,english:1081,1,163,906,tct,0,1024,-1.58006287
timbrewm,5,english:1081,2,164,939,mean,0,1024,-1.53405476
timbrewm,5,english:1081,2,164,939,tct,0,1024,-1.56365919
timbrewm,5,english:1081,2,164,399,mean,0,1024,-1.81126165
timbrewm,5,english:1081,2,164,399,tct,0,1024,-1.05196905
timbrewm,5,english:1081,2,164,423,mean,0,1024,-2.34810209
timbrewm,5,english:1081,2,164,423,tct,0,1024,-1.61091948
timbrewm,5,english:1081,2,164,204,mean,0,1024,-2.10727453
timbrewm,5,english:1081,2,164,204,tct,0,1024,-1.28951502
timbrewm,5,english:1081,2,164,596,mean,0,1024,-2.14903355
timbrewm,5,english:1081,2,164,596,tct,0,1024,-1.50485611
timbrewm,5,english:1081,2,164,527,mean,0,1024,-0.35174751
timbrewm,5,english:1081,2,164,527,tct,1,1024,0.10612726
timbrewm,5,english:1081,2,164,952,mean,0,1024,-2.79708433
timbrewm,5,english:1081,2,164,952,tct,0,1024,-1.89505291
timbrewm,5,english:1081,2,164,241,mean,0,1024,-2.49812841
timbrewm,5,english:1081,2,164,241,tct,0,1024,-1.32418633
timbrewm,5,english:1081,2,164,695,mean,0,1024,-2.50768805
timbrewm,5,english:1081,2,164,695,tct,0,1024,-1.71341228
timbrewm,5,english:1081,2,164,134,mean,0,1024,-2.28919744
timbrewm,5,english:1081,2,164,134,tct,0,1024,-1.21059513
timbrewm,5,english:1088,0,165,543,mean,0,1024,-3.05767918
timbrewm,5,english:1088,0,165,543,tct,0,1024,-1.38431406
timbrewm,5,english:1088,0,165,644,mean,0,1024,-2.55807209
timbrewm,5,english:1088,0,165,644,tct,0,1024,-1.90114021
timbrewm,5,english:1088,0,165,741,mean,0,1024,-3.51413631
timbrewm,5,english:1088,0,165,741,tct,0,1024,-2.98222160
timbrewm,5,english:1088,0,165,386,mean,0,1024,-2.51394176
timbrewm,5,english:1088,0,165,386,tct,0,1024,-1.86454391
timbrewm,5,english:1088,0,165,723,mean,0,1024,-4.42093277
timbrewm,5,english:1088,0,165,723,tct,0,1024,-3.56440830
timbrewm,5,english:1088,0,165,340,mean,0,1024,-1.30156708
timbrewm,5,english:1088,0,165,340,tct,0,1024,-0.54378605
timbrewm,5,english:1088,0,165,397,mean,0,1024,-1.93983030
timbrewm,5,english:1088,0,165,397,tct,0,1024,-1.03382015
timbrewm,5,english:1088,0,165,652,mean,0,1024,-2.20261383
timbrewm,5,english:1088,0,165,652,tct,0,1024,-1.35910082
timbrewm,5,english:1088,0,165,54,mean,0,1024,-3.67110348
timbrewm,5,english:1088,0,165,54,tct,0,1024,-2.31259108
timbrewm,5,english:1088,0,165,471,mean,0,1024,-3.35942745
timbrewm,5,english:1088,0,165,471,tct,0,1024,-2.59827566
timbrewm,5,english:1088,1,166,515,mean,0,1024,-3.11817932
timbrewm,5,english:1088,1,166,515,tct,0,1024,-1.89324236
timbrewm,5,english:1088,1,166,824,mean,0,1024,-1.86408138
timbrewm,5,english:1088,1,166,824,tct,0,1024,-1.57668829
timbrewm,5,english:1088,1,166,25,mean,0,1024,-2.73678207
timbrewm,5,english:1088,1,166,25,tct,0,1024,-2.41130066
timbrewm,5,english:1088,1,166,996,mean,0,1024,-0.66504097
timbrewm,5,english:1088,1,166,996,tct,0,1024,-0.32315779
timbrewm,5,english:1088,1,166,136,mean,0,1024,-1.41198683
timbrewm,5,english:1088,1,166,136,tct,0,1024,-0.97255230
timbrewm,5,english:1088,1,166,629,mean,0,1024,-2.84487915
timbrewm,5,english:1088,1,166,629,tct,0,1024,-0.71135998
timbrewm,5,english:1088,1,166,17,mean,0,1024,-2.72543335
timbrewm,5,english:1088,1,166,17,tct,0,1024,-2.39806414
timbrewm,5,english:1088,1,166,653,mean,0,1024,-2.11643076
timbrewm,5,english:1088,1,166,653,tct,0,1024,-1.27741289
timbrewm,5,english:1088,1,166,1000,mean,0,1024,-0.89659071
timbrewm,5,english:1088,1,166,1000,tct,0,1024,-0.07452869
timbrewm,5,english:1088,1,166,516,mean,0,1024,-2.24465990
timbrewm,5,english:1088,1,166,516,tct,0,1024,-1.90404320
timbrewm,5,english:1088,2,167,42,mean,0,1024,-1.69130230
timbrewm,5,english:1088,2,167,42,tct,0,1024,-0.28969717
timbrewm,5,english:1088,2,167,738,mean,0,1024,-1.44448471
timbrewm,5,english:1088,2,167,738,tct,0,1024,-0.42591429
timbrewm,5,english:1088,2,167,1010,mean,0,1024,-1.43387365
timbrewm,5,english:1088,2,167,1010,tct,0,1024,-0.65683985
timbrewm,5,english:1088,2,167,312,mean,0,1024,-2.02237940
timbrewm,5,english:1088,2,167,312,tct,0,1024,-1.40097952
timbrewm,5,english:1088,2,167,559,mean,0,1024,-2.34771633
timbrewm,5,english:1088,2,167,559,tct,0,1024,-0.52978849
timbrewm,5,english:1088,2,167,26,mean,0,1024,-3.57566118
timbrewm,5,english:1088,2,167,26,tct,0,1024,-2.75524664
timbrewm,5,english:1088,2,167,759,mean,0,1024,-3.04597855
timbrewm,5,english:1088,2,167,759,tct,0,1024,-1.57177162
timbrewm,5,english:1088,2,167,873,mean,0,1024,-2.24500942
timbrewm,5,english:1088,2,167,873,tct,0,1024,-1.14744425
timbrewm,5,english:1088,2,167,486,mean,0,1024,-1.05177736
timbrewm,5,english:1088,2,167,486,tct,0,1024,-0.97572660
timbrewm,5,english:1088,2,167,664,mean,0,1024,-3.01954269
timbrewm,5,english:1088,2,167,664,tct,0,1024,-2.41151428
timbrewm,5,english:1098,0,168,797,mean,0,1024,-3.99679756
timbrewm,5,english:1098,0,168,797,tct,0,1024,-2.33529425
timbrewm,5,english:1098,0,168,1005,mean,0,1024,-1.73973656
timbrewm,5,english:1098,0,168,1005,tct,0,1024,-1.09836626
timbrewm,5,english:1098,0,168,452,mean,0,1024,-1.92912817
timbrewm,5,english:1098,0,168,452,tct,0,1024,-1.41754246
timbrewm,5,english:1098,0,168,783,mean,0,1024,-4.62279510
timbrewm,5,english:1098,0,168,783,tct,0,1024,-2.81279945
timbrewm,5,english:1098,0,168,607,mean,0,1024,-3.59393883
timbrewm,5,english:1098,0,168,607,tct,0,1024,-1.56164265
timbrewm,5,english:1098,0,168,117,mean,0,1024,-1.88651609
timbrewm,5,english:1098,0,168,117,tct,0,1024,-1.38350773
timbrewm,5,english:1098,0,168,73,mean,0,1024,-2.11439657
timbrewm,5,english:1098,0,168,73,tct,0,1024,-2.14832211
timbrewm,5,english:1098,0,168,651,mean,0,1024,-2.04314327
timbrewm,5,english:1098,0,168,651,tct,0,1024,-1.17868376
timbrewm,5,english:1098,0,168,926,mean,0,1024,-3.34821320
timbrewm,5,english:1098,0,168,926,tct,0,1024,-1.45940161
timbrewm,5,english:1098,0,168,116,mean,0,1024,-1.72691679
timbrewm,5,english:1098,0,168,116,tct,0,1024,-1.76016188
timbrewm,5,english:1098,1,169,266,mean,0,1024,-2.19797087
timbrewm,5,english:1098,1,169,266,tct,0,1024,-0.96660709
timbrewm,5,english:1098,1,169,41,mean,0,1024,-1.24851274
timbrewm,5,english:1098,1,169,41,tct,0,1024,-1.28411961
timbrewm,5,english:1098,1,169,409,mean,0,1024,-1.73073435
timbrewm,5,english:1098,1,169,409,tct,0,1024,-1.45071936
timbrewm,5,english:1098,1,169,491,mean,0,1024,-2.85885000
timbrewm,5,english:1098,1,169,491,tct,0,1024,-1.22840261
timbrewm,5,english:1098,1,169,1018,mean,0,1024,-1.87680292
timbrewm,5,english:1098,1,169,1018,tct,0,1024,-1.51367235
timbrewm,5,english:1098,1,169,406,mean,0,1024,-3.17391634
timbrewm,5,english:1098,1,169,406,tct,0,1024,-2.62198782
timbrewm,5,english:1098,1,169,866,mean,0,1024,-1.70534086
timbrewm,5,english:1098,1,169,866,tct,0,1024,-1.32115936
timbrewm,5,english:1098,1,169,332,mean,0,1024,-3.18219614
timbrewm,5,english:1098,1,169,332,tct,0,1024,-2.33500957
timbrewm,5,english:1098,1,169,621,mean,0,1024,-1.61531067
timbrewm,5,english:1098,1,169,621,tct,0,1024,-0.81805754
timbrewm,5,english:1098,1,169,205,mean,0,1024,-3.28215837
timbrewm,5,english:1098,1,169,205,tct,0,1024,-1.12774038
timbrewm,5,english:1098,2,170,397,mean,0,1024,-0.98888350
timbrewm,5,english:1098,2,170,397,tct,0,1024,-0.33330727
timbrewm,5,english:1098,2,170,292,mean,0,1024,-1.86248350
timbrewm,5,english:1098,2,170,292,tct,0,1024,-1.60269022
timbrewm,5,english:1098,2,170,80,mean,0,1024,-1.68425941
timbrewm,5,english:1098,2,170,80,tct,0,1024,-1.77375174
timbrewm,5,english:1098,2,170,703,mean,0,1024,-0.26397562
timbrewm,5,english:1098,2,170,703,tct,0,1024,-0.51150131
timbrewm,5,english:1098,2,170,596,mean,0,1024,-1.25544310
timbrewm,5,english:1098,2,170,596,tct,0,1024,-1.73816586
timbrewm,5,english:1098,2,170,243,mean,0,1024,-0.44675207
timbrewm,5,english:1098,2,170,243,tct,0,1024,-0.08914709
timbrewm,5,english:1098,2,170,298,mean,0,1024,-2.05497122
timbrewm,5,english:1098,2,170,298,tct,0,1024,-0.28078127
timbrewm,5,english:1098,2,170,883,mean,0,1024,-1.11389732
timbrewm,5,english:1098,2,170,883,tct,0,1024,-0.93133783
timbrewm,5,english:1098,2,170,983,mean,0,1024,-0.27661419
timbrewm,5,english:1098,2,170,983,tct,0,1024,-0.30797529
timbrewm,5,english:1098,2,170,93,mean,0,1024,-1.32650852
timbrewm,5,english:1098,2,170,93,tct,0,1024,-0.58282042
timbrewm,5,english:1116,0,171,833,mean,0,1024,-1.22804594
timbrewm,5,english:1116,0,171,833,tct,0,1024,-0.48096848
timbrewm,5,english:1116,0,171,349,mean,0,1024,-2.45409393
timbrewm,5,english:1116,0,171,349,tct,0,1024,-1.19369888
timbrewm,5,english:1116,0,171,508,mean,0,1024,-1.22604847
timbrewm,5,english:1116,0,171,508,tct,0,1024,-1.44820404
timbrewm,5,english:1116,0,171,149,mean,0,1024,-2.94841528
timbrewm,5,english:1116,0,171,149,tct,0,1024,-1.52086210
timbrewm,5,english:1116,0,171,514,mean,0,1024,-2.26044559
timbrewm,5,english:1116,0,171,514,tct,0,1024,-1.84298897
timbrewm,5,english:1116,0,171,33,mean,0,1024,-1.68590355
timbrewm,5,english:1116,0,171,33,tct,0,1024,-0.52232409
timbrewm,5,english:1116,0,171,772,mean,0,1024,-1.92934942
timbrewm,5,english:1116,0,171,772,tct,0,1024,-1.13483953
timbrewm,5,english:1116,0,171,71,mean,0,1024,-3.30254889
timbrewm,5,english:1116,0,171,71,tct,0,1024,-1.53065491
timbrewm,5,english:1116,0,171,758,mean,0,1024,-2.06970692
timbrewm,5,english:1116,0,171,758,tct,0,1024,-1.29927921
timbrewm,5,english:1116,0,171,994,mean,0,1024,-0.36572218
timbrewm,5,english:1116,0,171,994,tct,0,1024,-0.56091213
timbrewm,5,english:1116,1,172,997,mean,0,1024,-1.87039709
timbrewm,5,english:1116,1,172,997,tct,0,1024,-0.30963373
timbrewm,5,english:1116,1,172,123,mean,0,1024,-2.73312950
timbrewm,5,english:1116,1,172,123,tct,0,1024,-1.89311314
timbrewm,5,english:1116,1,172,479,mean,0,1024,-1.67887354
timbrewm,5,english:1116,1,172,479,tct,0,1024,-1.66532326
timbrewm,5,english:1116,1,172,1009,mean,0,1024,-1.36053991
timbrewm,5,english:1116,1,172,1009,tct,0,1024,-0.13324451
timbrewm,5,english:1116,1,172,228,mean,0,1024,-3.43046045
timbrewm,5,english:1116,1,172,228,tct,0,1024,-2.55697489
timbrewm,5,english:1116,1,172,569,mean,0,1024,-1.05425549
timbrewm,5,english:1116,1,172,569,tct,0,1024,-0.57222557
timbrewm,5,english:1116,1,172,786,mean,0,1024,-1.07452965
timbrewm,5,english:1116,1,172,786,tct,0,1024,-0.52672148
timbrewm,5,english:1116,1,172,262,mean,0,1024,-2.61827278
timbrewm,5,english:1116,1,172,262,tct,0,1024,-2.26444817
timbrewm,5,english:1116,1,172,452,mean,0,1024,-2.84287310
timbrewm,5,english:1116,1,172,452,tct,0,1024,-2.10576868
timbrewm,5,english:1116,1,172,385,mean,0,1024,-2.16909170
timbrewm,5,english:1116,1,172,385,tct,0,1024,-1.27699471
timbrewm,5,english:1116,2,173,199,mean,0,1024,-2.61004829
timbrewm,5,english:1116,2,173,199,tct,0,1024,-1.65936375
timbrewm,5,english:1116,2,173,688,mean,0,1024,-0.78876257
timbrewm,5,english:1116,2,173,688,tct,0,1024,-0.00166035
timbrewm,5,english:1116,2,173,515,mean,0,1024,-2.28922033
timbrewm,5,english:1116,2,173,515,tct,0,1024,-1.80095005
timbrewm,5,english:1116,2,173,264,mean,0,1024,-1.99505138
timbrewm,5,english:1116,2,173,264,tct,0,1024,-0.96394157
timbrewm,5,english:1116,2,173,391,mean,0,1024,-1.66378498
timbrewm,5,english:1116,2,173,391,tct,0,1024,-0.60372496
timbrewm,5,english:1116,2,173,540,mean,0,1024,-3.37314939
timbrewm,5,english:1116,2,173,540,tct,0,1024,-2.26597643
timbrewm,5,english:1116,2,173,831,mean,0,1024,-3.81189203
timbrewm,5,english:1116,2,173,831,tct,0,1024,-2.42314911
timbrewm,5,english:1116,2,173,417,mean,0,1024,-0.34916687
timbrewm,5,english:1116,2,173,417,tct,0,1024,-0.03205681
timbrewm,5,english:1116,2,173,77,mean,0,1024,-3.87981749
timbrewm,5,english:1116,2,173,77,tct,0,1024,-3.56735945
timbrewm,5,english:1116,2,173,429,mean,0,1024,-1.87705231
timbrewm,5,english:1116,2,173,429,tct,0,1024,-1.49624348
timbrewm,5,english:118,0,174,519,mean,0,1024,-1.32425022
timbrewm,5,english:118,0,174,519,tct,0,1024,-0.48906183
timbrewm,5,english:118,0,174,63,mean,0,1024,-2.49430752
timbrewm,5,english:118,0,174,63,tct,0,1024,-2.43591928
timbrewm,5,english:118,0,174,280,mean,0,1024,-3.12201643
timbrewm,5,english:118,0,174,280,tct,0,1024,-2.14518023
timbrewm,5,english:118,0,174,416,mean,0,1024,-1.74750280
timbrewm,5,english:118,0,174,416,tct,0,1024,-1.07157612
timbrewm,5,english:118,0,174,875,mean,0,1024,-1.13851976
timbrewm,5,english:118,0,174,875,tct,0,1024,-1.05606699
timbrewm,5,english:118,0,174,756,mean,0,1024,-4.87426138
timbrewm,5,english:118,0,174,756,tct,0,1024,-4.34071493
timbrewm,5,english:118,0,174,61,mean,0,1024,-2.93096638
timbrewm,5,english:118,0,174,61,tct,0,1024,-3.27590656
timbrewm,5,english:118,0,174,772,mean,0,1024,-2.03338957
timbrewm,5,english:118,0,174,772,tct,0,1024,-1.35622358
timbrewm,5,english:118,0,174,492,mean,0,1024,-3.19469213
timbrewm,5,english:118,0,174,492,tct,0,1024,-2.79056740
timbrewm,5,english:118,0,174,790,mean,0,1024,-2.74099302
timbrewm,5,english:118,0,174,790,tct,0,1024,-2.53853178
timbrewm,5,english:118,1,175,382,mean,0,1024,-2.57375383
timbrewm,5,english:118,1,175,382,tct,0,1024,-2.48619032
timbrewm,5,english:118,1,175,455,mean,0,1024,-1.21007824
timbrewm,5,english:118,1,175,455,tct,1,1024,0.00732327
timbrewm,5,english:118,1,175,52,mean,0,1024,-3.51637983
timbrewm,5,english:118,1,175,52,tct,0,1024,-2.49865055
timbrewm,5,english:118,1,175,409,mean,0,1024,-1.99105930
timbrewm,5,english:118,1,175,409,tct,0,1024,-1.04851389
timbrewm,5,english:118,1,175,114,mean,0,1024,-3.84827566
timbrewm,5,english:118,1,175,114,tct,0,1024,-3.03538513
timbrewm,5,english:118,1,175,756,mean,0,1024,-2.23707342
timbrewm,5,english:118,1,175,756,tct,0,1024,-1.61131811
timbrewm,5,english:118,1,175,1017,mean,0,1024,-1.38567638
timbrewm,5,english:118,1,175,1017,tct,0,1024,-0.44429779
timbrewm,5,english:118,1,175,431,mean,0,1024,-2.68457556
timbrewm,5,english:118,1,175,431,tct,0,1024,-1.69577122
timbrewm,5,english:118,1,175,398,mean,0,1024,-2.67188501
timbrewm,5,english:118,1,175,398,tct,0,1024,-2.10741997
timbrewm,5,english:118,1,175,672,mean,0,1024,-3.57012129
timbrewm,5,english:118,1,175,672,tct,0,1024,-1.73726416
timbrewm,5,english:118,2,176,6,mean,0,1024,-1.78766918
timbrewm,5,english:118,2,176,6,tct,0,1024,-1.08448362
timbrewm,5,english:118,2,176,196,mean,0,1024,-3.32892847
timbrewm,5,english:118,2,176,196,tct,0,1024,-2.99025631
timbrewm,5,english:118,2,176,755,mean,0,1024,-3.16215277
timbrewm,5,english:118,2,176,755,tct,0,1024,-2.38963413
timbrewm,5,english:118,2,176,414,mean,0,1024,-1.81220579
timbrewm,5,english:118,2,176,414,tct,0,1024,-1.83971596
timbrewm,5,english:118,2,176,132,mean,0,1024,-3.12805223
timbrewm,5,english:118,2,176,132,tct,0,1024,-2.82316494
timbrewm,5,english:118,2,176,379,mean,0,1024,-1.64764261
timbrewm,5,english:118,2,176,379,tct,0,1024,-1.33384514
timbrewm,5,english:118,2,176,938,mean,0,1024,-1.26071453
timbrewm,5,english:118,2,176,938,tct,0,1024,-1.20923805
timbrewm,5,english:118,2,176,382,mean,0,1024,-1.30384398
timbrewm,5,english:118,2,176,382,tct,0,1024,-0.95943975
timbrewm,5,english:118,2,176,773,mean,0,1024,-2.35519266
timbrewm,5,english:118,2,176,773,tct,0,1024,-2.58342934
timbrewm,5,english:118,2,176,521,mean,0,1024,-2.37459373
timbrewm,5,english:118,2,176,521,tct,0,1024,-1.91291237
timbrewm,5,english:1183,0,177,653,mean,0,1024,-1.55225945
timbrewm,5,english:1183,0,177,653,tct,0,1024,-1.62662220
timbrewm,5,english:1183,0,177,754,mean,0,1024,-1.57272625
timbrewm,5,english:1183,0,177,754,tct,0,1024,-1.73796082
timbrewm,5,english:1183,0,177,212,mean,0,1024,-2.41879654
timbrewm,5,english:1183,0,177,212,tct,0,1024,-1.73640203
timbrewm,5,english:1183,0,177,93,mean,0,1024,-1.72486830
timbrewm,5,english:1183,0,177,93,tct,0,1024,-1.05332470
timbrewm,5,english:1183,0,177,400,mean,0,1024,-1.95733309
timbrewm,5,english:1183,0,177,400,tct,0,1024,-2.02455997
timbrewm,5,english:1183,0,177,471,mean,0,1024,-2.65847492
timbrewm,5,english:1183,0,177,471,tct,0,1024,-1.53026676
timbrewm,5,english:1183,0,177,920,mean,0,1024,-1.29750919
timbrewm,5,english:1183,0,177,920,tct,0,1024,-0.95171213
timbrewm,5,english:1183,0,177,412,mean,0,1024,-2.33481407
timbrewm,5,english:1183,0,177,412,tct,0,1024,-1.97613716
timbrewm,5,english:1183,0,177,732,mean,0,1024,-1.75897312
timbrewm,5,english:1183,0,177,732,tct,0,1024,-0.83517838
timbrewm,5,english:1183,0,177,407,mean,0,1024,-2.48068237
timbrewm,5,english:1183,0,177,407,tct,0,1024,-2.30544281
timbrewm,5,english:1183,1,178,612,mean,0,1024,-1.20203495
timbrewm,5,english:1183,1,178,612,tct,0,1024,-0.58518982
timbrewm,5,english:1183,1,178,264,mean,0,1024,-2.55648232
timbrewm,5,english:1183,1,178,264,tct,0,1024,-1.43034887
timbrewm,5,english:1183,1,178,558,mean,0,1024,-1.90938568
timbrewm,5,english:1183,1,178,558,tct,0,1024,-1.13595104
timbrewm,5,english:1183,1,178,665,mean,0,1024,-1.51661491
timbrewm,5,english:1183,1,178,665,tct,0,1024,-0.41478157
timbrewm,5,english:1183,1,178,730,mean,0,1024,-1.87565327
timbrewm,5,english:1183,1,178,730,tct,0,1024,-1.05618048
timbrewm,5,english:1183,1,178,988,mean,0,1024,-0.54889965
timbrewm,5,english:1183,1,178,988,tct,1,1024,0.21000051
timbrewm,5,english:1183,1,178,60,mean,0,1024,-1.50044823
timbrewm,5,english:1183,1,178,60,tct,0,1024,-0.39377213
timbrewm,5,english:1183,1,178,817,mean,0,1024,-2.20832443
timbrewm,5,english:1183,1,178,817,tct,0,1024,-1.86901665
timbrewm,5,english:1183,1,178,287,mean,0,1024,-2.37492085
timbrewm,5,english:1183,1,178,287,tct,0,1024,-1.47124004
timbrewm,5,english:1183,1,178,982,mean,0,1024,-2.17619038
timbrewm,5,english:1183,1,178,982,tct,0,1024,-0.55780125
timbrewm,5,english:1183,2,179,598,mean,0,1024,-2.04648209
timbrewm,5,english:1183,2,179,598,tct,0,1024,-0.57450867
timbrewm,5,english:1183,2,179,953,mean,0,1024,-3.22407341
timbrewm,5,english:1183,2,179,953,tct,0,1024,-2.18720818
timbrewm,5,english:1183,2,179,926,mean,0,1024,-2.57902336
timbrewm,5,english:1183,2,179,926,tct,0,1024,-2.29311466
timbrewm,5,english:1183,2,179,785,mean,0,1024,-3.81378174
timbrewm,5,english:1183,2,179,785,tct,0,1024,-3.51634979
timbrewm,5,english:1183,2,179,493,mean,0,1024,-1.81686115
timbrewm,5,english:1183,2,179,493,tct,0,1024,-1.18405294
timbrewm,5,english:1183,2,179,12,mean,0,1024,-1.82463694
timbrewm,5,english:1183,2,179,12,tct,0,1024,-1.44127703
timbrewm,5,english:1183,2,179,983,mean,0,1024,-2.56835556
timbrewm,5,english:1183,2,179,983,tct,0,1024,-1.74531889
timbrewm,5,english:1183,2,179,332,mean,0,1024,-1.31376600
timbrewm,5,english:1183,2,179,332,tct,0,1024,-0.23539352
timbrewm,5,english:1183,2,179,352,mean,0,1024,-2.42430830
timbrewm,5,english:1183,2,179,352,tct,0,1024,-1.32073021
timbrewm,5,english:1183,2,179,964,mean,0,1024,-2.09166145
timbrewm,5,english:1183,2,179,964,tct,0,1024,-1.57586479
timbrewm,5,english:1235,0,180,285,mean,0,1024,-2.67392063
timbrewm,5,english:1235,0,180,285,tct,0,1024,-1.84807682
timbrewm,5,english:1235,0,180,610,mean,0,1024,-1.08587790
timbrewm,5,english:1235,0,180,610,tct,0,1024,-0.91242552
timbrewm,5,english:1235,0,180,542,mean,0,1024,-3.04164171
timbrewm,5,english:1235,0,180,542,tct,0,1024,-1.98043537
timbrewm,5,english:1235,0,180,284,mean,0,1024,-2.87647867
timbrewm,5,english:1235,0,180,284,tct,0,1024,-1.65789413
timbrewm,5,english:1235,0,180,747,mean,0,1024,-1.44851446
timbrewm,5,english:1235,0,180,747,tct,0,1024,-0.53007650
timbrewm,5,english:1235,0,180,854,mean,0,1024,-2.19483900
timbrewm,5,english:1235,0,180,854,tct,0,1024,-0.97742653
timbrewm,5,english:1235,0,180,477,mean,0,1024,-1.87183237
timbrewm,5,english:1235,0,180,477,tct,0,1024,-1.45721245
timbrewm,5,english:1235,0,180,17,mean,0,1024,-0.80208874
timbrewm,5,english:1235,0,180,17,tct,0,1024,-0.32836819
timbrewm,5,english:1235,0,180,148,mean,0,1024,-1.75796461
timbrewm,5,english:1235,0,180,148,tct,0,1024,-0.69396639
timbrewm,5,english:1235,0,180,960,mean,0,1024,-1.08336258
timbrewm,5,english:1235,0,180,960,tct,0,1024,-0.66691780
timbrewm,5,english:1235,1,181,866,mean,0,1024,-2.73691893
timbrewm,5,english:1235,1,181,866,tct,0,1024,-1.56870890
timbrewm,5,english:1235,1,181,416,mean,0,1024,-1.58540535
timbrewm,5,english:1235,1,181,416,tct,0,1024,-0.95919418
timbrewm,5,english:1235,1,181,146,mean,0,1024,-2.73865986
timbrewm,5,english:1235,1,181,146,tct,0,1024,-1.85776615
timbrewm,5,english:1235,1,181,860,mean,0,1024,-2.83657360
timbrewm,5,english:1235,1,181,860,tct,0,1024,-2.37200356
timbrewm,5,english:1235,1,181,948,mean,0,1024,-3.75706959
timbrewm,5,english:1235,1,181,948,tct,0,1024,-3.41403961
timbrewm,5,english:1235,1,181,953,mean,0,1024,-2.41870737
timbrewm,5,english:1235,1,181,953,tct,0,1024,-0.56863499
timbrewm,5,english:1235,1,181,912,mean,0,1024,-2.86027431
timbrewm,5,english:1235,1,181,912,tct,0,1024,-2.19849682
timbrewm,5,english:1235,1,181,529,mean,0,1024,-2.88966560
timbrewm,5,english:1235,1,181,529,tct,0,1024,-1.59393597
timbrewm,5,english:1235,1,181,259,mean,0,1024,-2.28152084
timbrewm,5,english:1235,1,181,259,tct,0,1024,-0.37495136
timbrewm,5,english:1235,1,181,870,mean,0,1024,-3.45736885
timbrewm,5,english:1235,1,181,870,tct,0,1024,-2.71555042
timbrewm,5,english:1235,2,182,367,mean,0,1024,-2.85214710
timbrewm,5,english:1235,2,182,367,tct,0,1024,-1.69790268
timbrewm,5,english:1235,2,182,979,mean,0,1024,-1.63857555
timbrewm,5,english:1235,2,182,979,tct,0,1024,-0.88285971
timbrewm,5,english:1235,2,182,100,mean,0,1024,-0.70070744
timbrewm,5,english:1235,2,182,100,tct,0,1024,-0.84400320
timbrewm,5,english:1235,2,182,192,mean,0,1024,-0.65612888
timbrewm,5,english:1235,2,182,192,tct,0,1024,-0.81699085
timbrewm,5,english:1235,2,182,796,mean,0,1024,-1.99901676
timbrewm,5,english:1235,2,182,796,tct,0,1024,-1.61530066
timbrewm,5,english:1235,2,182,998,mean,0,1024,-2.01741219
timbrewm,5,english:1235,2,182,998,tct,0,1024,-0.90055895
timbrewm,5,english:1235,2,182,914,mean,0,1024,-1.56110191
timbrewm,5,english:1235,2,182,914,tct,0,1024,-0.83599567
timbrewm,5,english:1235,2,182,428,mean,0,1024,-2.42659378
timbrewm,5,english:1235,2,182,428,tct,0,1024,-1.07927132
timbrewm,5,english:1235,2,182,777,mean,0,1024,-2.88963223
timbrewm,5,english:1235,2,182,777,tct,0,1024,-1.47795343
timbrewm,5,english:1235,2,182,1013,mean,0,1024,-1.33507442
timbrewm,5,english:1235,2,182,1013,tct,0,1024,-0.78704882
timbrewm,5,english:1246,0,183,615,mean,0,1024,-1.33229780
timbrewm,5,english:1246,0,183,615,tct,0,1024,-1.45801640
timbrewm,5,english:1246,0,183,530,mean,0,1024,-1.10045815
timbrewm,5,english:1246,0,183,530,tct,0,1024,-0.36316204
timbrewm,5,english:1246,0,183,1010,mean,0,1024,-0.88452339
timbrewm,5,english:1246,0,183,1010,tct,0,1024,-0.72868776
timbrewm,5,english:1246,0,183,310,mean,0,1024,-1.52550507
timbrewm,5,english:1246,0,183,310,tct,0,1024,-0.45406246
timbrewm,5,english:1246,0,183,701,mean,0,1024,-1.50456285
timbrewm,5,english:1246,0,183,701,tct,0,1024,-1.55005789
timbrewm,5,english:1246,0,183,817,mean,0,1024,-0.83840513
timbrewm,5,english:1246,0,183,817,tct,0,1024,-0.84127998
timbrewm,5,english:1246,0,183,365,mean,0,1024,-1.50701618
timbrewm,5,english:1246,0,183,365,tct,0,1024,-1.21684313
timbrewm,5,english:1246,0,183,880,mean,0,1024,-0.38914776
timbrewm,5,english:1246,0,183,880,tct,0,1024,-0.10093689
timbrewm,5,english:1246,0,183,133,mean,0,1024,-1.45986366
timbrewm,5,english:1246,0,183,133,tct,0,1024,-0.85588980
timbrewm,5,english:1246,0,183,766,mean,0,1024,-1.49287891
timbrewm,5,english:1246,0,183,766,tct,0,1024,-1.16099215
timbrewm,5,english:1246,1,184,1011,mean,0,1024,-0.51432276
timbrewm,5,english:1246,1,184,1011,tct,0,1024,-0.14867401
timbrewm,5,english:1246,1,184,922,mean,0,1024,-0.51559258
timbrewm,5,english:1246,1,184,922,tct,0,1024,-0.24076080
timbrewm,5,english:1246,1,184,227,mean,0,1024,-1.00554466
timbrewm,5,english:1246,1,184,227,tct,0,1024,-0.15613937
timbrewm,5,english:1246,1,184,899,mean,0,1024,-1.02549791
timbrewm,5,english:1246,1,184,899,tct,0,1024,-0.34394455
timbrewm,5,english:1246,1,184,775,mean,0,1024,-1.43605566
timbrewm,5,english:1246,1,184,775,tct,0,1024,-0.52741051
timbrewm,5,english:1246,1,184,482,mean,0,1024,-0.44258547
timbrewm,5,english:1246,1,184,482,tct,0,1024,-0.05423450
timbrewm,5,english:1246,1,184,589,mean,0,1024,-1.91074133
timbrewm,5,english:1246,1,184,589,tct,0,1024,-1.74962854
timbrewm,5,english:1246,1,184,686,mean,0,1024,-0.58347988
timbrewm,5,english:1246,1,184,686,tct,0,1024,-0.67173672
timbrewm,5,english:1246,1,184,476,mean,0,1024,-0.83420324
timbrewm,5,english:1246,1,184,476,tct,0,1024,-0.26332474
timbrewm,5,english:1246,1,184,278,mean,0,1024,-1.15093470
timbrewm,5,english:1246,1,184,278,tct,0,1024,-0.60389423
timbrewm,5,english:1246,2,185,66,mean,0,1024,-2.50503159
timbrewm,5,english:1246,2,185,66,tct,0,1024,-1.47313309
timbrewm,5,english:1246,2,185,469,mean,0,1024,-1.77059221
timbrewm,5,english:1246,2,185,469,tct,0,1024,-0.21225214
timbrewm,5,english:1246,2,185,113,mean,0,1024,-2.89373970
timbrewm,5,english:1246,2,185,113,tct,0,1024,-2.71712971
timbrewm,5,english:1246,2,185,479,mean,0,1024,-1.70270300
timbrewm,5,english:1246,2,185,479,tct,0,1024,-0.45517254
timbrewm,5,english:1246,2,185,108,mean,0,1024,-2.53869820
timbrewm,5,english:1246,2,185,108,tct,0,1024,-1.78199244
timbrewm,5,english:1246,2,185,222,mean,0,1024,-2.20296288
timbrewm,5,english:1246,2,185,222,tct,0,1024,-1.60848761
timbrewm,5,english:1246,2,185,814,mean,0,1024,-2.88744545
timbrewm,5,english:1246,2,185,814,tct,0,1024,-1.44153881
timbrewm,5,english:1246,2,185,382,mean,0,1024,-2.50685692
timbrewm,5,english:1246,2,185,382,tct,0,1024,-1.95121145
timbrewm,5,english:1246,2,185,893,mean,0,1024,-2.25226164
timbrewm,5,english:1246,2,185,893,tct,0,1024,-1.64652491
timbrewm,5,english:1246,2,185,421,mean,0,1024,-2.49631500
timbrewm,5,english:1246,2,185,421,tct,0,1024,-2.09177160
timbrewm,5,english:125,0,186,186,mean,0,1024,-1.41672516
timbrewm,5,english:125,0,186,186,tct,0,1024,-0.80097771
timbrewm,5,english:125,0,186,327,mean,0,1024,-2.29873371
timbrewm,5,english:125,0,186,327,tct,0,1024,-1.85871410
timbrewm,5,english:125,0,186,1016,mean,0,1024,-1.06493473
timbrewm,5,english:125,0,186,1016,tct,0,1024,-1.03520250
timbrewm,5,english:125,0,186,948,mean,0,1024,-1.55346060
timbrewm,5,english:125,0,186,948,tct,0,1024,-1.11266136
timbrewm,5,english:125,0,186,461,mean,0,1024,-2.04853725
timbrewm,5,english:125,0,186,461,tct,0,1024,-1.10916185
timbrewm,5,english:125,0,186,180,mean,0,1024,-1.66371727
timbrewm,5,english:125,0,186,180,tct,0,1024,-0.39336014
timbrewm,5,english:125,0,186,559,mean,0,1024,-3.16555023
timbrewm,5,english:125,0,186,559,tct,0,1024,-2.69465542
timbrewm,5,english:125,0,186,278,mean,0,1024,-1.28082180
timbrewm,5,english:125,0,186,278,tct,0,1024,-0.99082565
timbrewm,5,english:125,0,186,322,mean,0,1024,-1.77799320
timbrewm,5,english:125,0,186,322,tct,0,1024,-0.72299480
timbrewm,5,english:125,0,186,183,mean,0,1024,-2.32994747
timbrewm,5,english:125,0,186,183,tct,0,1024,-1.58568525
timbrewm,5,english:125,1,187,556,mean,0,1024,-3.02978325
timbrewm,5,english:125,1,187,556,tct,0,1024,-2.18526363
timbrewm,5,english:125,1,187,1001,mean,0,1024,-2.95665932
timbrewm,5,english:125,1,187,1001,tct,0,1024,-1.80259323
timbrewm,5,english:125,1,187,172,mean,0,1024,-2.59473133
timbrewm,5,english:125,1,187,172,tct,0,1024,-2.28378201
timbrewm,5,english:125,1,187,795,mean,0,1024,-0.96595192
timbrewm,5,english:125,1,187,795,tct,0,1024,-0.54936504
timbrewm,5,english:125,1,187,587,mean,0,1024,-1.15619755
timbrewm,5,english:125,1,187,587,tct,0,1024,-1.16861534
timbrewm,5,english:125,1,187,70,mean,0,1024,-1.85686874
timbrewm,5,english:125,1,187,70,tct,0,1024,-0.74955893
timbrewm,5,english:125,1,187,746,mean,0,1024,-2.08702564
timbrewm,5,english:125,1,187,746,tct,0,1024,-0.99923086
timbrewm,5,english:125,1,187,328,mean,0,1024,-1.78301001
timbrewm,5,english:125,1,187,328,tct,0,1024,-1.10928583
timbrewm,5,english:125,1,187,956,mean,0,1024,-3.56068325
timbrewm,5,english:125,1,187,956,tct,0,1024,-2.35451555
timbrewm,5,english:125,1,187,167,mean,0,1024,-1.87432098
timbrewm,5,english:125,1,187,167,tct,0,1024,-0.83065987
timbrewm,5,english:125,2,188,187,mean,0,1024,-0.80698013
timbrewm,5,english:125,2,188,187,tct,0,1024,-0.53008747
timbrewm,5,english:125,2,188,356,mean,0,1024,-1.16066360
timbrewm,5,english:125,2,188,356,tct,0,1024,-1.23581600
timbrewm,5,english:125,2,188,736,mean,0,1024,-1.53229618
timbrewm,5,english:125,2,188,736,tct,0,1024,-0.74489403
timbrewm,5,english:125,2,188,930,mean,0,1024,-1.40853882
timbrewm,5,english:125,2,188,930,tct,0,1024,-0.88990545
timbrewm,5,english:125,2,188,858,mean,0,1024,-0.82111931
timbrewm,5,english:125,2,188,858,tct,0,1024,-0.14459229
timbrewm,5,english:125,2,188,840,mean,0,1024,-0.97430801
timbrewm,5,english:125,2,188,840,tct,0,1024,-0.26984119
timbrewm,5,english:125,2,188,132,mean,0,1024,-1.21841097
timbrewm,5,english:125,2,188,132,tct,0,1024,-0.39642763
timbrewm,5,english:125,2,188,760,mean,0,1024,-1.52620888
timbrewm,5,english:125,2,188,760,tct,0,1024,-0.85950470
timbrewm,5,english:125,2,188,864,mean,0,1024,-1.11160469
timbrewm,5,english:125,2,188,864,tct,0,1024,-0.18400383
timbrewm,5,english:125,2,188,480,mean,0,1024,-1.37118816
timbrewm,5,english:125,2,188,480,tct,0,1024,-0.98010206
timbrewm,5,english:1263,0,189,15,mean,0,1024,-1.43705797
timbrewm,5,english:1263,0,189,15,tct,0,1024,-0.73397779
timbrewm,5,english:1263,0,189,78,mean,0,1024,-2.27729034
timbrewm,5,english:1263,0,189,78,tct,0,1024,-1.91072607
timbrewm,5,english:1263,0,189,876,mean,0,1024,-2.97914791
timbrewm,5,english:1263,0,189,876,tct,0,1024,-1.12386990
timbrewm,5,english:1263,0,189,630,mean,0,1024,-3.17780304
timbrewm,5,english:1263,0,189,630,tct,0,1024,-3.16715527
timbrewm,5,english:1263,0,189,569,mean,0,1024,-2.94678116
timbrewm,5,english:1263,0,189,569,tct,0,1024,-1.61946058
timbrewm,5,english:1263,0,189,687,mean,0,1024,-1.22676563
timbrewm,5,english:1263,0,189,687,tct,0,1024,-0.49414492
timbrewm,5,english:1263,0,189,322,mean,0,1024,-2.98072243
timbrewm,5,english:1263,0,189,322,tct,0,1024,-1.55988836
timbrewm,5,english:1263,0,189,241,mean,0,1024,-2.92993307
timbrewm,5,english:1263,0,189,241,tct,0,1024,-2.24948025
timbrewm,5,english:1263,0,189,887,mean,0,1024,-2.58915424
timbrewm,5,english:1263,0,189,887,tct,0,1024,-1.60667133
timbrewm,5,english:1263,0,189,629,mean,0,1024,-3.45281982
timbrewm,5,english:1263,0,189,629,tct,0,1024,-1.91369104
timbrewm,5,english:1263,1,190,968,mean,0,1024,-2.03078747
timbrewm,5,english:1263,1,190,968,tct,0,1024,-1.73055792
timbrewm,5,english:1263,1,190,55,mean,0,1024,-1.97768736
timbrewm,5,english:1263,1,190,55,tct,0,1024,-1.36593628
timbrewm,5,english:1263,1,190,1000,mean,0,1024,-2.22750235
timbrewm,5,english:1263,1,190,1000,tct,0,1024,-1.65005922
timbrewm,5,english:1263,1,190,965,mean,0,1024,-2.06572104
timbrewm,5,english:1263,1,190,965,tct,0,1024,-1.13622522
timbrewm,5,english:1263,1,190,808,mean,0,1024,-2.49945116
timbrewm,5,english:1263,1,190,808,tct,0,1024,-1.77354479
timbrewm,5,english:1263,1,190,684,mean,0,1024,-0.87508202
timbrewm,5,english:1263,1,190,684,tct,0,1024,-0.63158655
timbrewm,5,english:1263,1,190,315,mean,0,1024,-2.67447805
timbrewm,5,english:1263,1,190,315,tct,0,1024,-1.76223993
timbrewm,5,english:1263,1,190,920,mean,0,1024,-2.06603765
timbrewm,5,english:1263,1,190,920,tct,0,1024,-1.33624172
timbrewm,5,english:1263,1,190,374,mean,0,1024,-2.53289557
timbrewm,5,english:1263,1,190,374,tct,0,1024,-0.53424168
timbrewm,5,english:1263,1,190,562,mean,0,1024,-3.07255173
timbrewm,5,english:1263,1,190,562,tct,0,1024,-1.51425695
timbrewm,5,english:1263,2,191,133,mean,0,1024,-0.85912848
timbrewm,5,english:1263,2,191,133,tct,0,1024,-0.28629303
timbrewm,5,english:1263,2,191,681,mean,0,1024,-0.65491772
timbrewm,5,english:1263,2,191,681,tct,0,1024,-0.24970150
timbrewm,5,english:1263,2,191,423,mean,0,1024,-2.06584311
timbrewm,5,english:1263,2,191,423,tct,0,1024,-1.56173420
timbrewm,5,english:1263,2,191,748,mean,0,1024,-1.25921154
timbrewm,5,english:1263,2,191,748,tct,0,1024,-1.10110903
timbrewm,5,english:1263,2,191,538,mean,0,1024,-2.47309971
timbrewm,5,english:1263,2,191,538,tct,0,1024,-1.63415384
timbrewm,5,english:1263,2,191,580,mean,0,1024,-1.87012005
timbrewm,5,english:1263,2,191,580,tct,0,1024,-1.73716831
timbrewm,5,english:1263,2,191,836,mean,0,1024,-2.41711330
timbrewm,5,english:1263,2,191,836,tct,0,1024,-1.78727579
timbrewm,5,english:1263,2,191,511,mean,0,1024,-1.58837843
timbrewm,5,english:1263,2,191,511,tct,0,1024,-1.15811729
timbrewm,5,english:1263,2,191,803,mean,0,1024,-2.47254086
timbrewm,5,english:1263,2,191,803,tct,0,1024,-0.73877907
timbrewm,5,english:1263,2,191,193,mean,0,1024,-0.73738909
timbrewm,5,english:1263,2,191,193,tct,0,1024,-0.29185438
timbrewm,5,english:1334,0,192,323,mean,0,1024,-2.81272793
timbrewm,5,english:1334,0,192,323,tct,0,1024,-1.55015182
timbrewm,5,english:1334,0,192,704,mean,0,1024,-3.57831287
timbrewm,5,english:1334,0,192,704,tct,0,1024,-2.23938847
timbrewm,5,english:1334,0,192,153,mean,0,1024,-0.25081635
timbrewm,5,english:1334,0,192,153,tct,0,1024,-0.02639675
timbrewm,5,english:1334,0,192,530,mean,0,1024,-3.85970974
timbrewm,5,english:1334,0,192,530,tct,0,1024,-3.68306637
timbrewm,5,english:1334,0,192,540,mean,0,1024,-3.25277233
timbrewm,5,english:1334,0,192,540,tct,0,1024,-2.52578735
timbrewm,5,english:1334,0,192,441,mean,0,1024,-0.13009548
timbrewm,5,english:1334,0,192,441,tct,1,1024,0.01382685
timbrewm,5,english:1334,0,192,159,mean,0,1024,-1.76871586
timbrewm,5,english:1334,0,192,159,tct,0,1024,-1.72315788
timbrewm,5,english:1334,0,192,283,mean,0,1024,-1.11140537
timbrewm,5,english:1334,0,192,283,tct,0,1024,-0.61302710
timbrewm,5,english:1334,0,192,902,mean,0,1024,-4.97734737
timbrewm,5,english:1334,0,192,902,tct,0,1024,-4.90420580
timbrewm,5,english:1334,0,192,354,mean,0,1024,-3.58504009
timbrewm,5,english:1334,0,192,354,tct,0,1024,-2.18916941
timbrewm,5,english:1334,1,193,25,mean,0,1024,-2.06151152
timbrewm,5,english:1334,1,193,25,tct,0,1024,-1.02246380
timbrewm,5,english:1334,1,193,235,mean,0,1024,-0.41210699
timbrewm,5,english:1334,1,193,235,tct,0,1024,-0.34445572
timbrewm,5,english:1334,1,193,548,mean,0,1024,-1.64800882
timbrewm,5,english:1334,1,193,548,tct,0,1024,-1.24227810
timbrewm,5,english:1334,1,193,96,mean,0,1024,-0.45897818
timbrewm,5,english:1334,1,193,96,tct,0,1024,-0.18248606
timbrewm,5,english:1334,1,193,881,mean,0,1024,-1.49080992
timbrewm,5,english:1334,1,193,881,tct,0,1024,-1.26627636
timbrewm,5,english:1334,1,193,808,mean,0,1024,-1.48323345
timbrewm,5,english:1334,1,193,808,tct,0,1024,-0.97182512
timbrewm,5,english:1334,1,193,328,mean,0,1024,-0.92681551
timbrewm,5,english:1334,1,193,328,tct,0,1024,-0.63057995
timbrewm,5,english:1334,1,193,262,mean,0,1024,-1.91520977
timbrewm,5,english:1334,1,193,262,tct,0,1024,-1.29029703
timbrewm,5,english:1334,1,193,83,mean,0,1024,-1.43722868
timbrewm,5,english:1334,1,193,83,tct,0,1024,-0.24897385
timbrewm,5,english:1334,1,193,636,mean,0,1024,-1.34996796
timbrewm,5,english:1334,1,193,636,tct,0,1024,-1.68045759
timbrewm,5,english:1334,2,194,531,mean,0,1024,-1.82833767
timbrewm,5,english:1334,2,194,531,tct,0,1024,-1.92639160
timbrewm,5,english:1334,2,194,734,mean,0,1024,-1.62927437
timbrewm,5,english:1334,2,194,734,tct,0,1024,-1.23839998
timbrewm,5,english:1334,2,194,913,mean,0,1024,-1.96538353
timbrewm,5,english:1334,2,194,913,tct,0,1024,-1.60258389
timbrewm,5,english:1334,2,194,1014,mean,0,1024,-1.05927801
timbrewm,5,english:1334,2,194,1014,tct,0,1024,-1.02175713
timbrewm,5,english:1334,2,194,284,mean,0,1024,-1.96525145
timbrewm,5,english:1334,2,194,284,tct,0,1024,-0.72525883
timbrewm,5,english:1334,2,194,168,mean,0,1024,-0.50916672
timbrewm,5,english:1334,2,194,168,tct,1,1024,0.01913261
timbrewm,5,english:1334,2,194,113,mean,0,1024,-0.57144976
timbrewm,5,english:1334,2,194,113,tct,0,1024,-0.77575207
timbrewm,5,english:1334,2,194,488,mean,0,1024,-0.33866549
timbrewm,5,english:1334,2,194,488,tct,0,1024,-0.67557383
timbrewm,5,english:1334,2,194,434,mean,0,1024,-0.93298292
timbrewm,5,english:1334,2,194,434,tct,0,1024,-0.30031347
timbrewm,5,english:1334,2,194,678,mean,0,1024,-0.91179752
timbrewm,5,english:1334,2,194,678,tct,0,1024,-0.38851357
timbrewm,5,english:1355,0,195,134,mean,0,1024,-1.52021313
timbrewm,5,english:1355,0,195,134,tct,0,1024,-1.17616081
timbrewm,5,english:1355,0,195,308,mean,0,1024,-1.43346453
timbrewm,5,english:1355,0,195,308,tct,0,1024,-0.72539711
timbrewm,5,english:1355,0,195,282,mean,0,1024,-0.85581160
timbrewm,5,english:1355,0,195,282,tct,0,1024,-0.10337639
timbrewm,5,english:1355,0,195,455,mean,0,1024,-1.57582140
timbrewm,5,english:1355,0,195,455,tct,0,1024,-0.31802225
timbrewm,5,english:1355,0,195,122,mean,0,1024,-1.54644251
timbrewm,5,english:1355,0,195,122,tct,0,1024,-0.70418453
timbrewm,5,english:1355,0,195,858,mean,0,1024,-1.68911266
timbrewm,5,english:1355,0,195,858,tct,0,1024,-1.27698088
timbrewm,5,english:1355,0,195,56,mean,0,1024,-1.09634781
timbrewm,5,english:1355,0,195,56,tct,0,1024,-0.52216148
timbrewm,5,english:1355,0,195,1013,mean,0,1024,-2.13373947
timbrewm,5,english:1355,0,195,1013,tct,0,1024,-1.60180902
timbrewm,5,english:1355,0,195,1007,mean,0,1024,-1.77187681
timbrewm,5,english:1355,0,195,1007,tct,0,1024,-1.61897516
timbrewm,5,english:1355,0,195,14,mean,0,1024,-1.07418203
timbrewm,5,english:1355,0,195,14,tct,0,1024,-0.27039289
timbrewm,5,english:1355,1,196,353,mean,0,1024,-1.64077711
timbrewm,5,english:1355,1,196,353,tct,0,1024,-1.25711393
timbrewm,5,english:1355,1,196,741,mean,0,1024,-3.41763020
timbrewm,5,english:1355,1,196,741,tct,0,1024,-2.54730701
timbrewm,5,english:1355,1,196,792,mean,0,1024,-1.41848421
timbrewm,5,english:1355,1,196,792,tct,0,1024,-1.27843809
timbrewm,5,english:1355,1,196,212,mean,0,1024,-2.49701977
timbrewm,5,english:1355,1,196,212,tct,0,1024,-2.31000566
timbrewm,5,english:1355,1,196,168,mean,0,1024,-1.12841797
timbrewm,5,english:1355,1,196,168,tct,0,1024,-0.41618967
timbrewm,5,english:1355,1,196,985,mean,0,1024,-1.15840530
timbrewm,5,english:1355,1,196,985,tct,0,1024,-0.78367567
timbrewm,5,english:1355,1,196,255,mean,0,1024,-2.12703800
timbrewm,5,english:1355,1,196,255,tct,0,1024,-1.15079212
timbrewm,5,english:1355,1,196,760,mean,0,1024,-1.74061441
timbrewm,5,english:1355,1,196,760,tct,0,1024,-0.11606741
timbrewm,5,english:1355,1,196,403,mean,0,1024,-1.62932634
timbrewm,5,english:1355,1,196,403,tct,0,1024,-0.32262802
timbrewm,5,english:1355,1,196,307,mean,0,1024,-2.11532116
timbrewm,5,english:1355,1,196,307,tct,0,1024,-0.58506584
timbrewm,5,english:1355,2,197,227,mean,0,1024,-1.37225819
timbrewm,5,english:1355,2,197,227,tct,0,1024,-1.37407303
timbrewm,5,english:1355,2,197,402,mean,0,1024,-1.48818398
timbrewm,5,english:1355,2,197,402,tct,0,1024,-1.19375181
timbrewm,5,english:1355,2,197,381,mean,0,1024,-0.37021160
timbrewm,5,english:1355,2,197,381,tct,0,1024,-0.80622387
timbrewm,5,english:1355,2,197,480,mean,0,1024,-1.30947113
timbrewm,5,english:1355,2,197,480,tct,0,1024,-0.48650885
timbrewm,5,english:1355,2,197,726,mean,0,1024,-1.21520281
timbrewm,5,english:1355,2,197,726,tct,0,1024,-0.93920135
timbrewm,5,english:1355,2,197,924,mean,0,1024,-0.88838959
timbrewm,5,english:1355,2,197,924,tct,0,1024,-1.13839912
timbrewm,5,english:1355,2,197,595,mean,0,1024,-1.02116251
timbrewm,5,english:1355,2,197,595,tct,0,1024,-0.08625126
timbrewm,5,english:1355,2,197,73,mean,0,1024,-0.29137707
timbrewm,5,english:1355,2,197,73,tct,0,1024,-0.65115738
timbrewm,5,english:1355,2,197,190,mean,0,1024,-1.07019043
timbrewm,5,english:1355,2,197,190,tct,0,1024,-0.58964825
timbrewm,5,english:1355,2,197,801,mean,0,1024,-1.57331610
timbrewm,5,english:1355,2,197,801,tct,0,1024,-1.57646894
timbrewm,5,english:1363,0,198,352,mean,0,1024,-1.56356812
timbrewm,5,english:1363,0,198,352,tct,0,1024,-0.36508560
timbrewm,5,english:1363,0,198,600,mean,0,1024,-1.06693363
timbrewm,5,english:1363,0,198,600,tct,0,1024,-0.72634363
timbrewm,5,english:1363,0,198,461,mean,0,1024,-0.60696697
timbrewm,5,english:1363,0,198,461,tct,1,1024,0.07351255
timbrewm,5,english:1363,0,198,653,mean,0,1024,-1.52067566
timbrewm,5,english:1363,0,198,653,tct,0,1024,-0.71176481
timbrewm,5,english:1363,0,198,974,mean,0,1024,-1.40682507
timbrewm,5,english:1363,0,198,974,tct,0,1024,-0.20030069
timbrewm,5,english:1363,0,198,401,mean,0,1024,-2.17971325
timbrewm,5,english:1363,0,198,401,tct,0,1024,-1.70730877
timbrewm,5,english:1363,0,198,390,mean,0,1024,-2.64178085
timbrewm,5,english:1363,0,198,390,tct,0,1024,-0.49001312
timbrewm,5,english:1363,0,198,721,mean,0,1024,-1.69780636
timbrewm,5,english:1363,0,198,721,tct,0,1024,-1.55510139
timbrewm,5,english:1363,0,198,372,mean,0,1024,-1.68478298
timbrewm,5,english:1363,0,198,372,tct,0,1024,-0.46926308
timbrewm,5,english:1363,0,198,699,mean,0,1024,-3.49640846
timbrewm,5,english:1363,0,198,699,tct,0,1024,-3.00746584
timbrewm,5,english:1363,1,199,254,mean,0,1024,-2.24142361
timbrewm,5,english:1363,1,199,254,tct,0,1024,-1.32320261
timbrewm,5,english:1363,1,199,601,mean,0,1024,-1.72446251
timbrewm,5,english:1363,1,199,601,tct,0,1024,-1.46661854
timbrewm,5,english:1363,1,199,710,mean,0,1024,-3.67517233
timbrewm,5,english:1363,1,199,710,tct,0,1024,-2.58958912
timbrewm,5,english:1363,1,199,49,mean,0,1024,-1.55059958
timbrewm,5,english:1363,1,199,49,tct,0,1024,-0.55085087
timbrewm,5,english:1363,1,199,657,mean,0,1024,-1.09024811
timbrewm,5,english:1363,1,199,657,tct,0,1024,-0.55624247
timbrewm,5,english:1363,1,199,377,mean,0,1024,-1.12114382
timbrewm,5,english:1363,1,199,377,tct,0,1024,-0.21327305
timbrewm,5,english:1363,1,199,809,mean,0,1024,-1.63286781
timbrewm,5,english:1363,1,199,809,tct,0,1024,-1.12758160
timbrewm,5,english:1363,1,199,77,mean,0,1024,-3.21378946
timbrewm,5,english:1363,1,199,77,tct,0,1024,-2.61417484
timbrewm,5,english:1363,1,199,323,mean,0,1024,-2.35928297
timbrewm,5,english:1363,1,199,323,tct,0,1024,-0.19667006
timbrewm,5,english:1363,1,199,889,mean,0,1024,-1.28666210
timbrewm,5,english:1363,1,199,889,tct,0,1024,-0.20922804
timbrewm,5,english:1363,2,200,243,mean,0,1024,-2.74859905
timbrewm,5,english:1363,2,200,243,tct,0,1024,-1.75107050
timbrewm,5,english:1363,2,200,55,mean,0,1024,-2.68088818
timbrewm,5,english:1363,2,200,55,tct,0,1024,-0.82195377
timbrewm,5,english:1363,2,200,692,mean,0,1024,-1.87760067
timbrewm,5,english:1363,2,200,692,tct,0,1024,-0.15278959
timbrewm,5,english:1363,2,200,789,mean,0,1024,-1.55725670
timbrewm,5,english:1363,2,200,789,tct,0,1024,-0.53020000
timbrewm,5,english:1363,2,200,878,mean,0,1024,-1.13082600
timbrewm,5,english:1363,2,200,878,tct,0,1024,-1.15120316
timbrewm,5,english:1363,2,200,551,mean,0,1024,-1.82878399
timbrewm,5,english:1363,2,200,551,tct,0,1024,-0.75207043
timbrewm,5,english:1363,2,200,596,mean,0,1024,-1.88188362
timbrewm,5,english:1363,2,200,596,tct,0,1024,-0.62271166
timbrewm,5,english:1363,2,200,267,mean,0,1024,-1.64465666
timbrewm,5,english:1363,2,200,267,tct,0,1024,-1.24910736
timbrewm,5,english:1363,2,200,62,mean,0,1024,-2.41105080
timbrewm,5,english:1363,2,200,62,tct,0,1024,-1.35574770
timbrewm,5,english:1363,2,200,640,mean,0,1024,-1.60479546
timbrewm,5,english:1363,2,200,640,tct,0,1024,-1.31168890
timbrewm,5,english:1447,0,201,190,mean,0,1024,-1.68773079
timbrewm,5,english:1447,0,201,190,tct,0,1024,-0.21505260
timbrewm,5,english:1447,0,201,894,mean,0,1024,-2.14952803
timbrewm,5,english:1447,0,201,894,tct,0,1024,-1.48036194
timbrewm,5,english:1447,0,201,973,mean,0,1024,-2.07551432
timbrewm,5,english:1447,0,201,973,tct,0,1024,-1.19463205
timbrewm,5,english:1447,0,201,951,mean,0,1024,-1.47101402
timbrewm,5,english:1447,0,201,951,tct,0,1024,-1.43868208
timbrewm,5,english:1447,0,201,223,mean,0,1024,-1.46488237
timbrewm,5,english:1447,0,201,223,tct,0,1024,-0.90593624
timbrewm,5,english:1447,0,201,121,mean,0,1024,-1.75572395
timbrewm,5,english:1447,0,201,121,tct,0,1024,-0.90862989
timbrewm,5,english:1447,0,201,271,mean,0,1024,-0.25396776
timbrewm,5,english:1447,0,201,271,tct,0,1024,-0.21170998
timbrewm,5,english:1447,0,201,254,mean,0,1024,-1.83681536
timbrewm,5,english:1447,0,201,254,tct,0,1024,-1.12698889
timbrewm,5,english:1447,0,201,567,mean,0,1024,-2.04665947
timbrewm,5,english:1447,0,201,567,tct,0,1024,-1.76294422
timbrewm,5,english:1447,0,201,155,mean,0,1024,-1.44673300
timbrewm,5,english:1447,0,201,155,tct,0,1024,-1.03974152
timbrewm,5,english:1447,1,202,591,mean,0,1024,-3.52426338
timbrewm,5,english:1447,1,202,591,tct,0,1024,-2.89531565
timbrewm,5,english:1447,1,202,777,mean,0,1024,-3.22479534
timbrewm,5,english:1447,1,202,777,tct,0,1024,-2.53066492
timbrewm,5,english:1447,1,202,226,mean,0,1024,-1.49696541
timbrewm,5,english:1447,1,202,226,tct,0,1024,-1.05663490
timbrewm,5,english:1447,1,202,122,mean,0,1024,-1.85937595
timbrewm,5,english:1447,1,202,122,tct,0,1024,-1.06224442
timbrewm,5,english:1447,1,202,815,mean,0,1024,-1.92314863
timbrewm,5,english:1447,1,202,815,tct,0,1024,-1.38881779
timbrewm,5,english:1447,1,202,694,mean,0,1024,-0.96890306
timbrewm,5,english:1447,1,202,694,tct,0,1024,-0.38225317
timbrewm,5,english:1447,1,202,570,mean,0,1024,-1.61307955
timbrewm,5,english:1447,1,202,570,tct,0,1024,-0.36818027
timbrewm,5,english:1447,1,202,580,mean,0,1024,-3.55348682
timbrewm,5,english:1447,1,202,580,tct,0,1024,-1.73213482
timbrewm,5,english:1447,1,202,372,mean,0,1024,-2.10343361
timbrewm,5,english:1447,1,202,372,tct,0,1024,-0.57011271
timbrewm,5,english:1447,1,202,601,mean,0,1024,-4.03714371
timbrewm,5,english:1447,1,202,601,tct,0,1024,-3.53997517
timbrewm,5,english:1447,2,203,862,mean,0,1024,-1.47592831
timbrewm,5,english:1447,2,203,862,tct,0,1024,-0.31395912
timbrewm,5,english:1447,2,203,688,mean,0,1024,-2.89028549
timbrewm,5,english:1447,2,203,688,tct,0,1024,-1.92582750
timbrewm,5,english:1447,2,203,35,mean,0,1024,-2.54616976
timbrewm,5,english:1447,2,203,35,tct,0,1024,-1.64373016
timbrewm,5,english:1447,2,203,359,mean,0,1024,-2.27707767
timbrewm,5,english:1447,2,203,359,tct,0,1024,-1.87125778
timbrewm,5,english:1447,2,203,65,mean,0,1024,-1.29031849
timbrewm,5,english:1447,2,203,65,tct,0,1024,-0.99228764
timbrewm,5,english:1447,2,203,563,mean,0,1024,-2.59819889
timbrewm,5,english:1447,2,203,563,tct,0,1024,-1.31762505
timbrewm,5,english:1447,2,203,634,mean,0,1024,-2.21671581
timbrewm,5,english:1447,2,203,634,tct,0,1024,-0.33555269
timbrewm,5,english:1447,2,203,338,mean,0,1024,-2.25306559
timbrewm,5,english:1447,2,203,338,tct,0,1024,-1.35073233
timbrewm,5,english:1447,2,203,579,mean,0,1024,-1.44051552
timbrewm,5,english:1447,2,203,579,tct,0,1024,-0.45584297
timbrewm,5,english:1447,2,203,411,mean,0,1024,-1.12287903
timbrewm,5,english:1447,2,203,411,tct,0,1024,-0.21703720
timbrewm,5,english:1455,0,204,56,mean,0,1024,-2.67948198
timbrewm,5,english:1455,0,204,56,tct,0,1024,-2.38609982
timbrewm,5,english:1455,0,204,132,mean,0,1024,-2.59540939
timbrewm,5,english:1455,0,204,132,tct,0,1024,-2.18603158
timbrewm,5,english:1455,0,204,24,mean,0,1024,-2.42700624
timbrewm,5,english:1455,0,204,24,tct,0,1024,-2.19521761
timbrewm,5,english:1455,0,204,559,mean,0,1024,-3.11482573
timbrewm,5,english:1455,0,204,559,tct,0,1024,-1.84966707
timbrewm,5,english:1455,0,204,998,mean,0,1024,-2.91385651
timbrewm,5,english:1455,0,204,998,tct,0,1024,-1.86179352
timbrewm,5,english:1455,0,204,894,mean,0,1024,-2.19220638
timbrewm,5,english:1455,0,204,894,tct,0,1024,-0.29385710
timbrewm,5,english:1455,0,204,620,mean,0,1024,-3.17109394
timbrewm,5,english:1455,0,204,620,tct,0,1024,-1.50626373
timbrewm,5,english:1455,0,204,516,mean,0,1024,-3.56259632
timbrewm,5,english:1455,0,204,516,tct,0,1024,-3.10307837
timbrewm,5,english:1455,0,204,72,mean,0,1024,-3.23133707
timbrewm,5,english:1455,0,204,72,tct,0,1024,-2.59186554
timbrewm,5,english:1455,0,204,583,mean,0,1024,-4.72870445
timbrewm,5,english:1455,0,204,583,tct,0,1024,-2.76476669
timbrewm,5,english:1455,1,205,519,mean,0,1024,-2.31565666
timbrewm,5,english:1455,1,205,519,tct,0,1024,-1.84225416
timbrewm,5,english:1455,1,205,376,mean,0,1024,-2.32009506
timbrewm,5,english:1455,1,205,376,tct,0,1024,-1.21057272
timbrewm,5,english:1455,1,205,326,mean,0,1024,-0.95628357
timbrewm,5,english:1455,1,205,326,tct,0,1024,-0.42474031
timbrewm,5,english:1455,1,205,557,mean,0,1024,-2.32182550
timbrewm,5,english:1455,1,205,557,tct,0,1024,-2.38162661
timbrewm,5,english:1455,1,205,109,mean,0,1024,-1.83719778
timbrewm,5,english:1455,1,205,109,tct,0,1024,-1.53053141
timbrewm,5,english:1455,1,205,272,mean,0,1024,-2.15210152
timbrewm,5,english:1455,1,205,272,tct,0,1024,-1.73448515
timbrewm,5,english:1455,1,205,963,mean,0,1024,-2.38735247
timbrewm,5,english:1455,1,205,963,tct,0,1024,-1.31139517
timbrewm,5,english:1455,1,205,913,mean,0,1024,-2.58046198
timbrewm,5,english:1455,1,205,913,tct,0,1024,-2.17201805
timbrewm,5,english:1455,1,205,87,mean,0,1024,-2.18596411
timbrewm,5,english:1455,1,205,87,tct,0,1024,-1.52311039
timbrewm,5,english:1455,1,205,129,mean,0,1024,-2.71870136
timbrewm,5,english:1455,1,205,129,tct,0,1024,-2.27871466
timbrewm,5,english:1455,2,206,93,mean,0,1024,-0.81087017
timbrewm,5,english:1455,2,206,93,tct,0,1024,-0.61852741
timbrewm,5,english:1455,2,206,249,mean,0,1024,-1.03683853
timbrewm,5,english:1455,2,206,249,tct,0,1024,-0.45744514
timbrewm,5,english:1455,2,206,797,mean,0,1024,-0.47859383
timbrewm,5,english:1455,2,206,797,tct,0,1024,-0.22540426
timbrewm,5,english:1455,2,206,112,mean,0,1024,-1.58430958
timbrewm,5,english:1455,2,206,112,tct,1,1024,0.02903938
timbrewm,5,english:1455,2,206,631,mean,0,1024,-1.78500652
timbrewm,5,english:1455,2,206,631,tct,0,1024,-0.61954212
timbrewm,5,english:1455,2,206,844,mean,0,1024,-1.27426434
timbrewm,5,english:1455,2,206,844,tct,0,1024,-1.20929861
timbrewm,5,english:1455,2,206,746,mean,0,1024,-1.81821203
timbrewm,5,english:1455,2,206,746,tct,0,1024,-1.31361771
timbrewm,5,english:1455,2,206,906,mean,0,1024,-1.31847191
timbrewm,5,english:1455,2,206,906,tct,0,1024,-1.51384544
timbrewm,5,english:1455,2,206,376,mean,0,1024,-1.23306131
timbrewm,5,english:1455,2,206,376,tct,0,1024,-0.18071270
timbrewm,5,english:1455,2,206,343,mean,0,1024,-1.68626595
timbrewm,5,english:1455,2,206,343,tct,0,1024,-0.56101990
timbrewm,5,english:150,0,207,118,mean,0,1024,-1.53349209
timbrewm,5,english:150,0,207,118,tct,0,1024,-1.11827612
timbrewm,5,english:150,0,207,153,mean,0,1024,-3.38477659
timbrewm,5,english:150,0,207,153,tct,0,1024,-3.05114937
timbrewm,5,english:150,0,207,716,mean,0,1024,-1.86437321
timbrewm,5,english:150,0,207,716,tct,0,1024,-0.77794123
timbrewm,5,english:150,0,207,957,mean,0,1024,-2.58911896
timbrewm,5,english:150,0,207,957,tct,0,1024,-2.69310045
timbrewm,5,english:150,0,207,456,mean,0,1024,-1.41176987
timbrewm,5,english:150,0,207,456,tct,0,1024,-1.55758810
timbrewm,5,english:150,0,207,428,mean,0,1024,-2.67521524
timbrewm,5,english:150,0,207,428,tct,0,1024,-2.73303652
timbrewm,5,english:150,0,207,825,mean,0,1024,-2.28855085
timbrewm,5,english:150,0,207,825,tct,0,1024,-1.75831032
timbrewm,5,english:150,0,207,617,mean,0,1024,-1.61021519
timbrewm,5,english:150,0,207,617,tct,0,1024,-1.10367012
timbrewm,5,english:150,0,207,673,mean,0,1024,-3.15183783
timbrewm,5,english:150,0,207,673,tct,0,1024,-2.99730062
timbrewm,5,english:150,0,207,484,mean,0,1024,-1.45212793
timbrewm,5,english:150,0,207,484,tct,0,1024,-1.28022623
timbrewm,5,english:150,1,208,928,mean,0,1024,-1.53261662
timbrewm,5,english:150,1,208,928,tct,0,1024,-1.03700161
timbrewm,5,english:150,1,208,842,mean,0,1024,-1.39509821
timbrewm,5,english:150,1,208,842,tct,0,1024,-1.14757061
timbrewm,5,english:150,1,208,261,mean,0,1024,-1.11240196
timbrewm,5,english:150,1,208,261,tct,0,1024,-0.39333487
timbrewm,5,english:150,1,208,652,mean,0,1024,-2.32271290
timbrewm,5,english:150,1,208,652,tct,0,1024,-0.16875362
timbrewm,5,english:150,1,208,907,mean,0,1024,-0.69376373
timbrewm,5,english:150,1,208,907,tct,0,1024,-0.21070814
timbrewm,5,english:150,1,208,88,mean,0,1024,-1.74782181
timbrewm,5,english:150,1,208,88,tct,0,1024,-0.18604088
timbrewm,5,english:150,1,208,578,mean,0,1024,-2.61991215
timbrewm,5,english:150,1,208,578,tct,0,1024,-1.53355455
timbrewm,5,english:150,1,208,994,mean,0,1024,-2.10245132
timbrewm,5,english:150,1,208,994,tct,0,1024,-0.92532778
timbrewm,5,english:150,1,208,587,mean,0,1024,-1.61785650
timbrewm,5,english:150,1,208,587,tct,0,1024,-1.33806658
timbrewm,5,english:150,1,208,815,mean,0,1024,-1.49442434
timbrewm,5,english:150,1,208,815,tct,0,1024,-0.80076075
timbrewm,5,english:150,2,209,751,mean,0,1024,-2.31769562
timbrewm,5,english:150,2,209,751,tct,0,1024,-1.24466896
timbrewm,5,english:150,2,209,606,mean,0,1024,-2.58859539
timbrewm,5,english:150,2,209,606,tct,0,1024,-1.38217545
timbrewm,5,english:150,2,209,16,mean,0,1024,-3.53945923
timbrewm,5,english:150,2,209,16,tct,0,1024,-1.99921846
timbrewm,5,english:150,2,209,275,mean,0,1024,-4.15929413
timbrewm,5,english:150,2,209,275,tct,0,1024,-2.30897284
timbrewm,5,english:150,2,209,419,mean,0,1024,-3.33122826
timbrewm,5,english:150,2,209,419,tct,0,1024,-2.47438574
timbrewm,5,english:150,2,209,874,mean,0,1024,-2.33896923
timbrewm,5,english:150,2,209,874,tct,0,1024,-1.24612856
timbrewm,5,english:150,2,209,63,mean,0,1024,-3.35189438
timbrewm,5,english:150,2,209,63,tct,0,1024,-1.56325340
timbrewm,5,english:150,2,209,13,mean,0,1024,-3.41020107
timbrewm,5,english:150,2,209,13,tct,0,1024,-2.89150000
timbrewm,5,english:150,2,209,243,mean,0,1024,-3.60114002
timbrewm,5,english:150,2,209,243,tct,0,1024,-1.40206623
timbrewm,5,english:150,2,209,143,mean,0,1024,-3.76517391
timbrewm,5,english:150,2,209,143,tct,0,1024,-3.35518599
timbrewm,5,english:1502,0,210,792,mean,0,1024,-1.53399897
timbrewm,5,english:1502,0,210,792,tct,0,1024,-1.01296759
timbrewm,5,english:1502,0,210,29,mean,0,1024,-3.40506697
timbrewm,5,english:1502,0,210,29,tct,0,1024,-2.42144012
timbrewm,5,english:1502,0,210,855,mean,0,1024,-2.91217852
timbrewm,5,english:1502,0,210,855,tct,0,1024,-1.58362293
timbrewm,5,english:1502,0,210,403,mean,0,1024,-1.61419439
timbrewm,5,english:1502,0,210,403,tct,0,1024,-0.58230972
timbrewm,5,english:1502,0,210,254,mean,0,1024,-3.47703123
timbrewm,5,english:1502,0,210,254,tct,0,1024,-2.52698421
timbrewm,5,english:1502,0,210,199,mean,0,1024,-2.46971750
timbrewm,5,english:1502,0,210,199,tct,0,1024,-2.22939014
timbrewm,5,english:1502,0,210,616,mean,0,1024,-1.52622557
timbrewm,5,english:1502,0,210,616,tct,0,1024,-0.59881496
timbrewm,5,english:1502,0,210,553,mean,0,1024,-1.28258133
timbrewm,5,english:1502,0,210,553,tct,0,1024,-1.03067303
timbrewm,5,english:1502,0,210,947,mean,0,1024,-1.19917393
timbrewm,5,english:1502,0,210,947,tct,0,1024,-1.24239874
timbrewm,5,english:1502,0,210,468,mean,0,1024,-2.58074331
timbrewm,5,english:1502,0,210,468,tct,0,1024,-2.04212379
timbrewm,5,english:1502,1,211,166,mean,0,1024,-1.57782602
timbrewm,5,english:1502,1,211,166,tct,0,1024,-1.52486515
timbrewm,5,english:1502,1,211,205,mean,0,1024,-1.71221399
timbrewm,5,english:1502,1,211,205,tct,0,1024,-0.64905691
timbrewm,5,english:1502,1,211,533,mean,0,1024,-3.19061708
timbrewm,5,english:1502,1,211,533,tct,0,1024,-2.67127943
timbrewm,5,english:1502,1,211,546,mean,0,1024,-3.11108637
timbrewm,5,english:1502,1,211,546,tct,0,1024,-2.50642633
timbrewm,5,english:1502,1,211,9,mean,0,1024,-1.54955339
timbrewm,5,english:1502,1,211,9,tct,0,1024,-1.03921461
timbrewm,5,english:1502,1,211,241,mean,0,1024,-2.58689356
timbrewm,5,english:1502,1,211,241,tct,0,1024,-0.27920341
timbrewm,5,english:1502,1,211,308,mean,0,1024,-1.18556213
timbrewm,5,english:1502,1,211,308,tct,0,1024,-0.59365940
timbrewm,5,english:1502,1,211,801,mean,0,1024,-2.85054779
timbrewm,5,english:1502,1,211,801,tct,0,1024,-1.58527374
timbrewm,5,english:1502,1,211,498,mean,0,1024,-2.23933220
timbrewm,5,english:1502,1,211,498,tct,0,1024,-1.29115486
timbrewm,5,english:1502,1,211,730,mean,0,1024,-3.09801912
timbrewm,5,english:1502,1,211,730,tct,0,1024,-2.24693394
timbrewm,5,english:1502,2,212,1013,mean,0,1024,-1.82954741
timbrewm,5,english:1502,2,212,1013,tct,0,1024,-1.25654984
timbrewm,5,english:1502,2,212,342,mean,0,1024,-1.82083845
timbrewm,5,english:1502,2,212,342,tct,0,1024,-0.74846077
timbrewm,5,english:1502,2,212,745,mean,0,1024,-2.07066774
timbrewm,5,english:1502,2,212,745,tct,0,1024,-1.51650333
timbrewm,5,english:1502,2,212,841,mean,0,1024,-2.25928164
timbrewm,5,english:1502,2,212,841,tct,0,1024,-1.42371225
timbrewm,5,english:1502,2,212,743,mean,0,1024,-3.12628651
timbrewm,5,english:1502,2,212,743,tct,0,1024,-2.53547907
timbrewm,5,english:1502,2,212,924,mean,0,1024,-1.09662867
timbrewm,5,english:1502,2,212,924,tct,0,1024,-0.02296686
timbrewm,5,english:1502,2,212,682,mean,0,1024,-2.36603117
timbrewm,5,english:1502,2,212,682,tct,0,1024,-0.49209452
timbrewm,5,english:1502,2,212,880,mean,0,1024,-1.61750507
timbrewm,5,english:1502,2,212,880,tct,0,1024,-1.49476004
timbrewm,5,english:1502,2,212,638,mean,0,1024,-3.01549244
timbrewm,5,english:1502,2,212,638,tct,0,1024,-2.43342733
timbrewm,5,english:1502,2,212,686,mean,0,1024,-2.63488626
timbrewm,5,english:1502,2,212,686,tct,0,1024,-0.44016647
timbrewm,5,english:1553,0,213,277,mean,0,1024,-2.31170511
timbrewm,5,english:1553,0,213,277,tct,0,1024,-0.35062408
timbrewm,5,english:1553,0,213,709,mean,0,1024,-0.81868935
timbrewm,5,english:1553,0,213,709,tct,0,1024,-0.21283627
timbrewm,5,english:1553,0,213,88,mean,0,1024,-1.43343925
timbrewm,5,english:1553,0,213,88,tct,0,1024,-0.45444727
timbrewm,5,english:1553,0,213,310,mean,0,1024,-3.43301535
timbrewm,5,english:1553,0,213,310,tct,0,1024,-2.54167032
timbrewm,5,english:1553,0,213,493,mean,0,1024,-1.66069460
timbrewm,5,english:1553,0,213,493,tct,0,1024,-0.01393270
timbrewm,5,english:1553,0,213,632,mean,0,1024,-0.91025400
timbrewm,5,english:1553,0,213,632,tct,0,1024,-0.38412523
timbrewm,5,english:1553,0,213,605,mean,0,1024,-0.53811550
timbrewm,5,english:1553,0,213,605,tct,0,1024,-0.03180933
timbrewm,5,english:1553,0,213,991,mean,0,1024,-1.56474924
timbrewm,5,english:1553,0,213,991,tct,0,1024,-1.27377701
timbrewm,5,english:1553,0,213,724,mean,0,1024,-1.62250900
timbrewm,5,english:1553,0,213,724,tct,0,1024,-0.44547272
timbrewm,5,english:1553,0,213,975,mean,0,1024,-1.35022306
timbrewm,5,english:1553,0,213,975,tct,0,1024,-1.22733736
timbrewm,5,english:1553,1,214,516,mean,0,1024,-0.94706535
timbrewm,5,english:1553,1,214,516,tct,0,1024,-0.28561401
timbrewm,5,english:1553,1,214,36,mean,0,1024,-1.31383657
timbrewm,5,english:1553,1,214,36,tct,0,1024,-0.63304090
timbrewm,5,english:1553,1,214,171,mean,0,1024,-1.42759228
timbrewm,5,english:1553,1,214,171,tct,0,1024,-0.79428101
timbrewm,5,english:1553,1,214,787,mean,0,1024,-0.33173752
timbrewm,5,english:1553,1,214,787,tct,0,1024,-0.40239906
timbrewm,5,english:1553,1,214,688,mean,0,1024,-0.74448776
timbrewm,5,english:1553,1,214,688,tct,0,1024,-0.44086695
timbrewm,5,english:1553,1,214,811,mean,0,1024,-0.36064529
timbrewm,5,english:1553,1,214,811,tct,0,1024,-0.08288288
timbrewm,5,english:1553,1,214,510,mean,0,1024,-1.40395021
timbrewm,5,english:1553,1,214,510,tct,0,1024,-1.31162930
timbrewm,5,english:1553,1,214,269,mean,0,1024,-1.03982735
timbrewm,5,english:1553,1,214,269,tct,0,1024,-1.18352032
timbrewm,5,english:1553,1,214,469,mean,0,1024,-1.48544741
timbrewm,5,english:1553,1,214,469,tct,0,1024,-0.97114992
timbrewm,5,english:1553,1,214,889,mean,0,1024,-0.74235725
timbrewm,5,english:1553,1,214,889,tct,1,1024,0.00993109
timbrewm,5,english:1553,2,215,329,mean,0,1024,-1.34969997
timbrewm,5,english:1553,2,215,329,tct,0,1024,-0.36758375
timbrewm,5,english:1553,2,215,241,mean,0,1024,-0.30537033
timbrewm,5,english:1553,2,215,241,tct,0,1024,-0.09750986
timbrewm,5,english:1553,2,215,172,mean,0,1024,-2.14911842
timbrewm,5,english:1553,2,215,172,tct,0,1024,-1.13215923
timbrewm,5,english:1553,2,215,526,mean,0,1024,-2.55706167
timbrewm,5,english:1553,2,215,526,tct,0,1024,-1.77672958
timbrewm,5,english:1553,2,215,317,mean,0,1024,-1.83905697
timbrewm,5,english:1553,2,215,317,tct,0,1024,-0.53806973
timbrewm,5,english:1553,2,215,887,mean,0,1024,-1.21765995
timbrewm,5,english:1553,2,215,887,tct,0,1024,-0.69777393
timbrewm,5,english:1553,2,215,458,mean,0,1024,-1.51549149
timbrewm,5,english:1553,2,215,458,tct,0,1024,-1.33348417
timbrewm,5,english:1553,2,215,1006,mean,0,1024,-1.73493290
timbrewm,5,english:1553,2,215,1006,tct,0,1024,-1.39163399
timbrewm,5,english:1553,2,215,243,mean,0,1024,-0.64952707
timbrewm,5,english:1553,2,215,243,tct,0,1024,-0.29549599
timbrewm,5,english:1553,2,215,978,mean,0,1024,-0.65415668
timbrewm,5,english:1553,2,215,978,tct,0,1024,-0.17295456
timbrewm,5,english:1578,0,216,406,mean,0,1024,-3.02559853
timbrewm,5,english:1578,0,216,406,tct,0,1024,-1.92362118
timbrewm,5,english:1578,0,216,724,mean,0,1024,-5.10802698
timbrewm,5,english:1578,0,216,724,tct,0,1024,-2.74444294
timbrewm,5,english:1578,0,216,609,mean,0,1024,-2.91044188
timbrewm,5,english:1578,0,216,609,tct,0,1024,-1.39782667
timbrewm,5,english:1578,0,216,56,mean,0,1024,-1.72159815
timbrewm,5,english:1578,0,216,56,tct,0,1024,-0.10198832
timbrewm,5,english:1578,0,216,12,mean,0,1024,-2.03251839
timbrewm,5,english:1578,0,216,12,tct,0,1024,-0.25579596
timbrewm,5,english:1578,0,216,328,mean,0,1024,-2.17203522
timbrewm,5,english:1578,0,216,328,tct,0,1024,-1.20115280
timbrewm,5,english:1578,0,216,863,mean,0,1024,-2.38105249
timbrewm,5,english:1578,0,216,863,tct,0,1024,-1.14602613
timbrewm,5,english:1578,0,216,806,mean,0,1024,-2.50911379
timbrewm,5,english:1578,0,216,806,tct,0,1024,-1.50440788
timbrewm,5,english:1578,0,216,427,mean,0,1024,-0.74425507
timbrewm,5,english:1578,0,216,427,tct,0,1024,-0.71828032
timbrewm,5,english:1578,0,216,565,mean,0,1024,-2.86815405
timbrewm,5,english:1578,0,216,565,tct,0,1024,-2.01481676
timbrewm,5,english:1578,1,217,1023,mean,0,1024,-1.24453402
timbrewm,5,english:1578,1,217,1023,tct,0,1024,-0.11634445
timbrewm,5,english:1578,1,217,313,mean,0,1024,-1.39032602
timbrewm,5,english:1578,1,217,313,tct,0,1024,-1.45737791
timbrewm,5,english:1578,1,217,640,mean,0,1024,-2.57117510
timbrewm,5,english:1578,1,217,640,tct,0,1024,-1.62611389
timbrewm,5,english:1578,1,217,783,mean,0,1024,-3.00820494
timbrewm,5,english:1578,1,217,783,tct,0,1024,-2.30093336
timbrewm,5,english:1578,1,217,593,mean,0,1024,-1.70484352
timbrewm,5,english:1578,1,217,593,tct,0,1024,-0.63437843
timbrewm,5,english:1578,1,217,601,mean,0,1024,-1.32799530
timbrewm,5,english:1578,1,217,601,tct,0,1024,-0.16276836
timbrewm,5,english:1578,1,217,267,mean,0,1024,-2.58044958
timbrewm,5,english:1578,1,217,267,tct,0,1024,-2.39196205
timbrewm,5,english:1578,1,217,802,mean,0,1024,-3.55732870
timbrewm,5,english:1578,1,217,802,tct,0,1024,-3.07494116
timbrewm,5,english:1578,1,217,564,mean,0,1024,-2.16119480
timbrewm,5,english:1578,1,217,564,tct,0,1024,-0.28915691
timbrewm,5,english:1578,1,217,360,mean,0,1024,-3.22425795
timbrewm,5,english:1578,1,217,360,tct,0,1024,-2.30976486
timbrewm,5,english:1578,2,218,642,mean,0,1024,-2.04018688
timbrewm,5,english:1578,2,218,642,tct,0,1024,-0.28706980
timbrewm,5,english:1578,2,218,374,mean,0,1024,-1.55235195
timbrewm,5,english:1578,2,218,374,tct,0,1024,-0.14129257
timbrewm,5,english:1578,2,218,709,mean,0,1024,-2.14190531
timbrewm,5,english:1578,2,218,709,tct,0,1024,-1.13782406
timbrewm,5,english:1578,2,218,869,mean,0,1024,-1.17215919
timbrewm,5,english:1578,2,218,869,tct,0,1024,-1.25082588
timbrewm,5,english:1578,2,218,30,mean,0,1024,-2.33571291
timbrewm,5,english:1578,2,218,30,tct,0,1024,-1.98317385
timbrewm,5,english:1578,2,218,518,mean,0,1024,-1.39974213
timbrewm,5,english:1578,2,218,518,tct,0,1024,-0.31818390
timbrewm,5,english:1578,2,218,231,mean,0,1024,-1.14329672
timbrewm,5,english:1578,2,218,231,tct,0,1024,-0.16556120
timbrewm,5,english:1578,2,218,205,mean,0,1024,-2.84640884
timbrewm,5,english:1578,2,218,205,tct,0,1024,-2.31404305
timbrewm,5,english:1578,2,218,962,mean,0,1024,-2.83170176
timbrewm,5,english:1578,2,218,962,tct,0,1024,-1.28232288
timbrewm,5,english:1578,2,218,292,mean,0,1024,-0.83908367
timbrewm,5,english:1578,2,218,292,tct,0,1024,-0.07417536
timbrewm,5,english:1594,0,219,164,mean,0,1024,-1.84449720
timbrewm,5,english:1594,0,219,164,tct,0,1024,-0.28246212
timbrewm,5,english:1594,0,219,694,mean,0,1024,-3.16599512
timbrewm,5,english:1594,0,219,694,tct,0,1024,-0.41900015
timbrewm,5,english:1594,0,219,15,mean,0,1024,-3.63158941
timbrewm,5,english:1594,0,219,15,tct,0,1024,-2.58297443
timbrewm,5,english:1594,0,219,885,mean,0,1024,-1.74939871
timbrewm,5,english:1594,0,219,885,tct,0,1024,-1.25504971
timbrewm,5,english:1594,0,219,507,mean,0,1024,-0.83842659
timbrewm,5,english:1594,0,219,507,tct,0,1024,-0.74314666
timbrewm,5,english:1594,0,219,267,mean,0,1024,-2.74906063
timbrewm,5,english:1594,0,219,267,tct,0,1024,-2.36926794
timbrewm,5,english:1594,0,219,731,mean,0,1024,-2.89598465
timbrewm,5,english:1594,0,219,731,tct,0,1024,-2.36017752
timbrewm,5,english:1594,0,219,275,mean,0,1024,-2.51498127
timbrewm,5,english:1594,0,219,275,tct,0,1024,-1.66843510
timbrewm,5,english:1594,0,219,662,mean,0,1024,-4.28293467
timbrewm,5,english:1594,0,219,662,tct,0,1024,-1.51068020
timbrewm,5,english:1594,0,219,828,mean,0,1024,-2.54862404
timbrewm,5,english:1594,0,219,828,tct,0,1024,-2.07528877
timbrewm,5,english:1594,1,220,884,mean,0,1024,-3.64204025
timbrewm,5,english:1594,1,220,884,tct,0,1024,-3.27186012
timbrewm,5,english:1594,1,220,226,mean,0,1024,-1.55660248
timbrewm,5,english:1594,1,220,226,tct,0,1024,-1.28963566
timbrewm,5,english:1594,1,220,1,mean,0,1024,-1.84913731
timbrewm,5,english:1594,1,220,1,tct,0,1024,-0.50958824
timbrewm,5,english:1594,1,220,959,mean,0,1024,-2.08710670
timbrewm,5,english:1594,1,220,959,tct,0,1024,-0.85652256
timbrewm,5,english:1594,1,220,741,mean,0,1024,-1.84796429
timbrewm,5,english:1594,1,220,741,tct,1,1024,0.00984287
timbrewm,5,english:1594,1,220,429,mean,0,1024,-2.44036198
timbrewm,5,english:1594,1,220,429,tct,0,1024,-0.98701429
timbrewm,5,english:1594,1,220,612,mean,0,1024,-2.85338068
timbrewm,5,english:1594,1,220,612,tct,0,1024,-1.41631937
timbrewm,5,english:1594,1,220,615,mean,0,1024,-2.28879976
timbrewm,5,english:1594,1,220,615,tct,0,1024,-0.42747593
timbrewm,5,english:1594,1,220,895,mean,0,1024,-3.10148716
timbrewm,5,english:1594,1,220,895,tct,0,1024,-3.12803268
timbrewm,5,english:1594,1,220,766,mean,0,1024,-2.29941225
timbrewm,5,english:1594,1,220,766,tct,0,1024,-1.02511120
timbrewm,5,english:1594,2,221,168,mean,0,1024,-1.45301104
timbrewm,5,english:1594,2,221,168,tct,0,1024,-0.15562344
timbrewm,5,english:1594,2,221,534,mean,0,1024,-4.23490715
timbrewm,5,english:1594,2,221,534,tct,0,1024,-2.82993984
timbrewm,5,english:1594,2,221,270,mean,0,1024,-1.71746778
timbrewm,5,english:1594,2,221,270,tct,0,1024,-1.52718973
timbrewm,5,english:1594,2,221,523,mean,0,1024,-2.24632502
timbrewm,5,english:1594,2,221,523,tct,0,1024,-0.54514217
timbrewm,5,english:1594,2,221,708,mean,0,1024,-2.49793577
timbrewm,5,english:1594,2,221,708,tct,0,1024,-1.24698925
timbrewm,5,english:1594,2,221,991,mean,0,1024,-2.86582184
timbrewm,5,english:1594,2,221,991,tct,0,1024,-1.66652966
timbrewm,5,english:1594,2,221,341,mean,0,1024,-3.28560638
timbrewm,5,english:1594,2,221,341,tct,0,1024,-2.91273165
timbrewm,5,english:1594,2,221,80,mean,0,1024,-3.34674931
timbrewm,5,english:1594,2,221,80,tct,0,1024,-2.74915028
timbrewm,5,english:1594,2,221,604,mean,0,1024,-1.93565893
timbrewm,5,english:1594,2,221,604,tct,0,1024,-1.62083149
timbrewm,5,english:1594,2,221,479,mean,0,1024,-2.91277695
timbrewm,5,english:1594,2,221,479,tct,0,1024,-2.60268116
timbrewm,5,english:1624,0,222,852,mean,0,1024,-1.89212561
timbrewm,5,english:1624,0,222,852,tct,0,1024,-1.82772446
timbrewm,5,english:1624,0,222,962,mean,0,1024,-2.97824097
timbrewm,5,english:1624,0,222,962,tct,0,1024,-2.26374197
timbrewm,5,english:1624,0,222,575,mean,0,1024,-0.95161200
timbrewm,5,english:1624,0,222,575,tct,0,1024,-0.78587246
timbrewm,5,english:1624,0,222,1000,mean,0,1024,-1.90378141
timbrewm,5,english:1624,0,222,1000,tct,0,1024,-1.50241995
timbrewm,5,english:1624,0,222,982,mean,0,1024,-2.67738056
timbrewm,5,english:1624,0,222,982,tct,0,1024,-2.63098574
timbrewm,5,english:1624,0,222,955,mean,0,1024,-1.23705053
timbrewm,5,english:1624,0,222,955,tct,0,1024,-1.13235712
timbrewm,5,english:1624,0,222,174,mean,0,1024,-1.11266947
timbrewm,5,english:1624,0,222,174,tct,0,1024,-0.27522278
timbrewm,5,english:1624,0,222,770,mean,0,1024,-1.85366964
timbrewm,5,english:1624,0,222,770,tct,0,1024,-1.20658731
timbrewm,5,english:1624,0,222,904,mean,0,1024,-1.05207443
timbrewm,5,english:1624,0,222,904,tct,0,1024,-0.02721262
timbrewm,5,english:1624,0,222,716,mean,0,1024,-1.89120626
timbrewm,5,english:1624,0,222,716,tct,0,1024,-1.63223553
timbrewm,5,english:1624,1,223,912,mean,0,1024,-2.08484411
timbrewm,5,english:1624,1,223,912,tct,0,1024,-1.87517929
timbrewm,5,english:1624,1,223,145,mean,0,1024,-1.14135075
timbrewm,5,english:1624,1,223,145,tct,0,1024,-1.06881189
timbrewm,5,english:1624,1,223,892,mean,0,1024,-3.49191856
timbrewm,5,english:1624,1,223,892,tct,0,1024,-1.36116552
timbrewm,5,english:1624,1,223,511,mean,0,1024,-1.33402777
timbrewm,5,english:1624,1,223,511,tct,0,1024,-0.06864023
timbrewm,5,english:1624,1,223,53,mean,0,1024,-2.34632778
timbrewm,5,english:1624,1,223,53,tct,0,1024,-1.50993633
timbrewm,5,english:1624,1,223,716,mean,0,1024,-2.20712280
timbrewm,5,english:1624,1,223,716,tct,0,1024,-1.01100492
timbrewm,5,english:1624,1,223,863,mean,0,1024,-2.52706242
timbrewm,5,english:1624,1,223,863,tct,0,1024,-1.12186289
timbrewm,5,english:1624,1,223,712,mean,0,1024,-2.02567101
timbrewm,5,english:1624,1,223,712,tct,0,1024,-1.27600384
timbrewm,5,english:1624,1,223,886,mean,0,1024,-3.38413811
timbrewm,5,english:1624,1,223,886,tct,0,1024,-2.43196535
timbrewm,5,english:1624,1,223,657,mean,0,1024,-1.03021717
timbrewm,5,english:1624,1,223,657,tct,0,1024,-1.03582716
timbrewm,5,english:1624,2,224,761,mean,0,1024,-2.18233776
timbrewm,5,english:1624,2,224,761,tct,0,1024,-2.26605082
timbrewm,5,english:1624,2,224,921,mean,0,1024,-2.78804541
timbrewm,5,english:1624,2,224,921,tct,0,1024,-2.25980854
timbrewm,5,english:1624,2,224,748,mean,0,1024,-1.03289318
timbrewm,5,english:1624,2,224,748,tct,0,1024,-0.96224356
timbrewm,5,english:1624,2,224,490,mean,0,1024,-0.43602371
timbrewm,5,english:1624,2,224,490,tct,1,1024,0.05230618
timbrewm,5,english:1624,2,224,990,mean,0,1024,-0.77786446
timbrewm,5,english:1624,2,224,990,tct,0,1024,-0.41601133
timbrewm,5,english:1624,2,224,357,mean,0,1024,-2.82791376
timbrewm,5,english:1624,2,224,357,tct,0,1024,-1.39802885
timbrewm,5,english:1624,2,224,940,mean,0,1024,-1.37224245
timbrewm,5,english:1624,2,224,940,tct,0,1024,-1.15229607
timbrewm,5,english:1624,2,224,669,mean,0,1024,-2.59980297
timbrewm,5,english:1624,2,224,669,tct,0,1024,-2.36011219
timbrewm,5,english:1624,2,224,994,mean,0,1024,-1.18859625
timbrewm,5,english:1624,2,224,994,tct,0,1024,-1.22405577
timbrewm,5,english:1624,2,224,935,mean,0,1024,-2.04012060
timbrewm,5,english:1624,2,224,935,tct,0,1024,-1.31677961
timbrewm,5,english:163,0,225,11,mean,0,1024,-2.91863346
timbrewm,5,english:163,0,225,11,tct,0,1024,-2.05302238
timbrewm,5,english:163,0,225,250,mean,0,1024,-3.31691456
timbrewm,5,english:163,0,225,250,tct,0,1024,-3.24555492
timbrewm,5,english:163,0,225,394,mean,0,1024,-2.75954103
timbrewm,5,english:163,0,225,394,tct,0,1024,-2.24792910
timbrewm,5,english:163,0,225,332,mean,0,1024,-1.43504524
timbrewm,5,english:163,0,225,332,tct,0,1024,-0.99424601
timbrewm,5,english:163,0,225,884,mean,0,1024,-1.75491142
timbrewm,5,english:163,0,225,884,tct,0,1024,-1.61344242
timbrewm,5,english:163,0,225,797,mean,0,1024,-2.05009842
timbrewm,5,english:163,0,225,797,tct,0,1024,-1.47714853
timbrewm,5,english:163,0,225,220,mean,0,1024,-1.67952776
timbrewm,5,english:163,0,225,220,tct,0,1024,-1.32180309
timbrewm,5,english:163,0,225,553,mean,0,1024,-2.89355183
timbrewm,5,english:163,0,225,553,tct,0,1024,-1.37786865
timbrewm,5,english:163,0,225,558,mean,0,1024,-4.67354488
timbrewm,5,english:163,0,225,558,tct,0,1024,-3.61108112
timbrewm,5,english:163,0,225,430,mean,0,1024,-3.64392948
timbrewm,5,english:163,0,225,430,tct,0,1024,-2.53108549
timbrewm,5,english:163,1,226,893,mean,0,1024,-0.66027021
timbrewm,5,english:163,1,226,893,tct,0,1024,-0.01740646
timbrewm,5,english:163,1,226,745,mean,0,1024,-2.15559292
timbrewm,5,english:163,1,226,745,tct,0,1024,-1.15275335
timbrewm,5,english:163,1,226,543,mean,0,1024,-1.48202229
timbrewm,5,english:163,1,226,543,tct,0,1024,-0.19813442
timbrewm,5,english:163,1,226,409,mean,0,1024,-1.83238554
timbrewm,5,english:163,1,226,409,tct,0,1024,-1.94148111
timbrewm,5,english:163,1,226,137,mean,0,1024,-2.33651876
timbrewm,5,english:163,1,226,137,tct,0,1024,-1.89221478
timbrewm,5,english:163,1,226,352,mean,0,1024,-2.17336559
timbrewm,5,english:163,1,226,352,tct,0,1024,-1.25120401
timbrewm,5,english:163,1,226,181,mean,0,1024,-3.25547600
timbrewm,5,english:163,1,226,181,tct,0,1024,-2.18546724
timbrewm,5,english:163,1,226,72,mean,0,1024,-1.76802969
timbrewm,5,english:163,1,226,72,tct,0,1024,-1.49509048
timbrewm,5,english:163,1,226,666,mean,0,1024,-2.22239208
timbrewm,5,english:163,1,226,666,tct,0,1024,-1.28961849
timbrewm,5,english:163,1,226,423,mean,0,1024,-2.17501307
timbrewm,5,english:163,1,226,423,tct,0,1024,-1.75341415
timbrewm,5,english:163,2,227,778,mean,0,1024,-2.19273043
timbrewm,5,english:163,2,227,778,tct,0,1024,-1.66437912
timbrewm,5,english:163,2,227,819,mean,0,1024,-3.88046980
timbrewm,5,english:163,2,227,819,tct,0,1024,-2.87825918
timbrewm,5,english:163,2,227,755,mean,0,1024,-3.29466391
timbrewm,5,english:163,2,227,755,tct,0,1024,-2.76758146
timbrewm,5,english:163,2,227,980,mean,0,1024,-0.89918518
timbrewm,5,english:163,2,227,980,tct,0,1024,-0.33879375
timbrewm,5,english:163,2,227,594,mean,0,1024,-3.54206228
timbrewm,5,english:163,2,227,594,tct,0,1024,-3.16928864
timbrewm,5,english:163,2,227,273,mean,0,1024,-2.83633327
timbrewm,5,english:163,2,227,273,tct,0,1024,-1.53971624
timbrewm,5,english:163,2,227,163,mean,0,1024,-2.93344975
timbrewm,5,english:163,2,227,163,tct,0,1024,-1.82772112
timbrewm,5,english:163,2,227,183,mean,0,1024,-3.08300161
timbrewm,5,english:163,2,227,183,tct,0,1024,-2.18078613
timbrewm,5,english:163,2,227,124,mean,0,1024,-2.48735142
timbrewm,5,english:163,2,227,124,tct,0,1024,-1.47120619
timbrewm,5,english:163,2,227,1020,mean,0,1024,-0.74354029
timbrewm,5,english:163,2,227,1020,tct,1,1024,0.20926189
timbrewm,5,english:1723,0,228,76,mean,0,1024,-0.69933891
timbrewm,5,english:1723,0,228,76,tct,0,1024,-0.76434994
timbrewm,5,english:1723,0,228,752,mean,0,1024,-1.32813072
timbrewm,5,english:1723,0,228,752,tct,0,1024,-0.31547546
timbrewm,5,english:1723,0,228,969,mean,0,1024,-0.73381042
timbrewm,5,english:1723,0,228,969,tct,0,1024,-0.94148397
timbrewm,5,english:1723,0,228,556,mean,0,1024,-0.89296722
timbrewm,5,english:1723,0,228,556,tct,0,1024,-0.62690258
timbrewm,5,english:1723,0,228,527,mean,0,1024,-0.94301891
timbrewm,5,english:1723,0,228,527,tct,0,1024,-1.03422689
timbrewm,5,english:1723,0,228,90,mean,0,1024,-0.59558868
timbrewm,5,english:1723,0,228,90,tct,0,1024,-0.37940502
timbrewm,5,english:1723,0,228,176,mean,0,1024,-1.62223721
timbrewm,5,english:1723,0,228,176,tct,0,1024,-1.60310173
timbrewm,5,english:1723,0,228,198,mean,0,1024,-1.33524895
timbrewm,5,english:1723,0,228,198,tct,0,1024,-0.33224201
timbrewm,5,english:1723,0,228,905,mean,0,1024,-0.86188698
timbrewm,5,english:1723,0,228,905,tct,0,1024,-0.39184046
timbrewm,5,english:1723,0,228,880,mean,0,1024,-0.87166882
timbrewm,5,english:1723,0,228,880,tct,1,1024,0.00152922
timbrewm,5,english:1723,1,229,251,mean,0,1024,-2.75767899
timbrewm,5,english:1723,1,229,251,tct,0,1024,-1.86167145
timbrewm,5,english:1723,1,229,522,mean,0,1024,-2.33660650
timbrewm,5,english:1723,1,229,522,tct,0,1024,-1.74509573
timbrewm,5,english:1723,1,229,928,mean,0,1024,-1.36763573
timbrewm,5,english:1723,1,229,928,tct,0,1024,-1.18558216
timbrewm,5,english:1723,1,229,242,mean,0,1024,-2.86627579
timbrewm,5,english:1723,1,229,242,tct,0,1024,-0.81009293
timbrewm,5,english:1723,1,229,307,mean,0,1024,-2.08800507
timbrewm,5,english:1723,1,229,307,tct,0,1024,-0.45750999
timbrewm,5,english:1723,1,229,391,mean,0,1024,-2.27863121
timbrewm,5,english:1723,1,229,391,tct,0,1024,-1.30287504
timbrewm,5,english:1723,1,229,771,mean,0,1024,-2.20637417
timbrewm,5,english:1723,1,229,771,tct,0,1024,-1.55980206
timbrewm,5,english:1723,1,229,854,mean,0,1024,-1.44176579
timbrewm,5,english:1723,1,229,854,tct,0,1024,-0.79242039
timbrewm,5,english:1723,1,229,573,mean,0,1024,-1.25014019
timbrewm,5,english:1723,1,229,573,tct,0,1024,-0.11753702
timbrewm,5,english:1723,1,229,304,mean,0,1024,-0.96810913
timbrewm,5,english:1723,1,229,304,tct,1,1024,0.10501480
timbrewm,5,english:1723,2,230,109,mean,0,1024,-1.34943151
timbrewm,5,english:1723,2,230,109,tct,0,1024,-0.26993990
timbrewm,5,english:1723,2,230,998,mean,0,1024,-1.10538530
timbrewm,5,english:1723,2,230,998,tct,0,1024,-0.60774899
timbrewm,5,english:1723,2,230,297,mean,0,1024,-1.35511780
timbrewm,5,english:1723,2,230,297,tct,0,1024,-0.29486847
timbrewm,5,english:1723,2,230,27,mean,0,1024,-0.98709249
timbrewm,5,english:1723,2,230,27,tct,0,1024,-0.60712147
timbrewm,5,english:1723,2,230,471,mean,0,1024,-1.73982859
timbrewm,5,english:1723,2,230,471,tct,0,1024,-1.33532619
timbrewm,5,english:1723,2,230,513,mean,0,1024,-1.05438900
timbrewm,5,english:1723,2,230,513,tct,0,1024,-0.49009800
timbrewm,5,english:1723,2,230,492,mean,0,1024,-1.60877848
timbrewm,5,english:1723,2,230,492,tct,0,1024,-1.02943420
timbrewm,5,english:1723,2,230,668,mean,0,1024,-0.91563034
timbrewm,5,english:1723,2,230,668,tct,0,1024,-0.64708424
timbrewm,5,english:1723,2,230,195,mean,0,1024,-1.42241621
timbrewm,5,english:1723,2,230,195,tct,0,1024,-0.25208759
timbrewm,5,english:1723,2,230,2,mean,0,1024,-1.32598448
timbrewm,5,english:1723,2,230,2,tct,0,1024,-0.86453485
timbrewm,5,english:1737,0,231,852,mean,0,1024,-3.74999905
timbrewm,5,english:1737,0,231,852,tct,0,1024,-3.02301359
timbrewm,5,english:1737,0,231,821,mean,0,1024,-3.32229710
timbrewm,5,english:1737,0,231,821,tct,0,1024,-2.21526623
timbrewm,5,english:1737,0,231,722,mean,0,1024,-2.52036953
timbrewm,5,english:1737,0,231,722,tct,0,1024,-1.96388721
timbrewm,5,english:1737,0,231,215,mean,0,1024,-1.82855034
timbrewm,5,english:1737,0,231,215,tct,0,1024,-0.33412695
timbrewm,5,english:1737,0,231,49,mean,0,1024,-1.40445518
timbrewm,5,english:1737,0,231,49,tct,0,1024,-1.33712816
timbrewm,5,english:1737,0,231,878,mean,0,1024,-2.28532648
timbrewm,5,english:1737,0,231,878,tct,0,1024,-1.84784603
timbrewm,5,english:1737,0,231,444,mean,0,1024,-2.83427477
timbrewm,5,english:1737,0,231,444,tct,0,1024,-1.66133499
timbrewm,5,english:1737,0,231,904,mean,0,1024,-4.21038914
timbrewm,5,english:1737,0,231,904,tct,0,1024,-3.63294744
timbrewm,5,english:1737,0,231,99,mean,0,1024,-0.17826271
timbrewm,5,english:1737,0,231,99,tct,1,1024,0.01859760
timbrewm,5,english:1737,0,231,343,mean,0,1024,-1.90464258
timbrewm,5,english:1737,0,231,343,tct,0,1024,-0.42558861
timbrewm,5,english:1737,1,232,143,mean,0,1024,-2.32361603
timbrewm,5,english:1737,1,232,143,tct,0,1024,-1.17441034
timbrewm,5,english:1737,1,232,426,mean,0,1024,-2.72858238
timbrewm,5,english:1737,1,232,426,tct,0,1024,-2.51849222
timbrewm,5,english:1737,1,232,840,mean,0,1024,-2.90049648
timbrewm,5,english:1737,1,232,840,tct,0,1024,-1.38035011
timbrewm,5,english:1737,1,232,130,mean,0,1024,-3.96008396
timbrewm,5,english:1737,1,232,130,tct,0,1024,-3.76012325
timbrewm,5,english:1737,1,232,160,mean,0,1024,-2.50516748
timbrewm,5,english:1737,1,232,160,tct,0,1024,-2.44545555
timbrewm,5,english:1737,1,232,883,mean,0,1024,-2.30491638
timbrewm,5,english:1737,1,232,883,tct,0,1024,-0.56447792
timbrewm,5,english:1737,1,232,895,mean,0,1024,-1.92554235
timbrewm,5,english:1737,1,232,895,tct,0,1024,-1.68996429
timbrewm,5,english:1737,1,232,887,mean,0,1024,-2.62888288
timbrewm,5,english:1737,1,232,887,tct,0,1024,-1.70004082
timbrewm,5,english:1737,1,232,546,mean,0,1024,-3.97921944
timbrewm,5,english:1737,1,232,546,tct,0,1024,-3.00000238
timbrewm,5,english:1737,1,232,414,mean,0,1024,-3.52286053
timbrewm,5,english:1737,1,232,414,tct,0,1024,-2.24557877
timbrewm,5,english:1737,2,233,339,mean,0,1024,-0.44214153
timbrewm,5,english:1737,2,233,339,tct,1,1024,0.19296741
timbrewm,5,english:1737,2,233,923,mean,0,1024,-1.00764036
timbrewm,5,english:1737,2,233,923,tct,0,1024,-0.84539080
timbrewm,5,english:1737,2,233,431,mean,0,1024,-1.69354153
timbrewm,5,english:1737,2,233,431,tct,0,1024,-1.55850315
timbrewm,5,english:1737,2,233,374,mean,0,1024,-1.46621370
timbrewm,5,english:1737,2,233,374,tct,0,1024,-0.42059851
timbrewm,5,english:1737,2,233,649,mean,0,1024,-3.20057440
timbrewm,5,english:1737,2,233,649,tct,0,1024,-3.12557173
timbrewm,5,english:1737,2,233,747,mean,0,1024,-2.32294989
timbrewm,5,english:1737,2,233,747,tct,0,1024,-2.07755566
timbrewm,5,english:1737,2,233,418,mean,0,1024,-1.66254377
timbrewm,5,english:1737,2,233,418,tct,0,1024,-1.28010321
timbrewm,5,english:1737,2,233,656,mean,0,1024,-2.82860184
timbrewm,5,english:1737,2,233,656,tct,0,1024,-2.28442383
timbrewm,5,english:1737,2,233,133,mean,0,1024,-3.13607454
timbrewm,5,english:1737,2,233,133,tct,0,1024,-2.21771145
timbrewm,5,english:1737,2,233,117,mean,0,1024,-2.04950714
timbrewm,5,english:1737,2,233,117,tct,0,1024,-1.49958754
timbrewm,5,english:1743,0,234,783,mean,0,1024,-3.89828205
timbrewm,5,english:1743,0,234,783,tct,0,1024,-2.59572792
timbrewm,5,english:1743,0,234,704,mean,0,1024,-2.66001844
timbrewm,5,english:1743,0,234,704,tct,0,1024,-2.22956419
timbrewm,5,english:1743,0,234,1011,mean,0,1024,-2.93559647
timbrewm,5,english:1743,0,234,1011,tct,0,1024,-2.85469961
timbrewm,5,english:1743,0,234,283,mean,0,1024,-4.07390404
timbrewm,5,english:1743,0,234,283,tct,0,1024,-3.58904648
timbrewm,5,english:1743,0,234,93,mean,0,1024,-1.92617655
timbrewm,5,english:1743,0,234,93,tct,0,1024,-1.31288695
timbrewm,5,english:1743,0,234,250,mean,0,1024,-1.47244644
timbrewm,5,english:1743,0,234,250,tct,0,1024,-1.48203802
timbrewm,5,english:1743,0,234,715,mean,0,1024,-2.87074566
timbrewm,5,english:1743,0,234,715,tct,0,1024,-2.75513268
timbrewm,5,english:1743,0,234,614,mean,0,1024,-1.67716694
timbrewm,5,english:1743,0,234,614,tct,0,1024,-0.13429832
timbrewm,5,english:1743,0,234,302,mean,0,1024,-2.19444656
timbrewm,5,english:1743,0,234,302,tct,0,1024,-0.97402334
timbrewm,5,english:1743,0,234,546,mean,0,1024,-2.45125628
timbrewm,5,english:1743,0,234,546,tct,0,1024,-0.35555744
timbrewm,5,english:1743,1,235,222,mean,0,1024,-0.92609215
timbrewm,5,english:1743,1,235,222,tct,0,1024,-0.79619265
timbrewm,5,english:1743,1,235,686,mean,0,1024,-1.69384289
timbrewm,5,english:1743,1,235,686,tct,0,1024,-1.38462400
timbrewm,5,english:1743,1,235,1020,mean,0,1024,-0.99264145
timbrewm,5,english:1743,1,235,1020,tct,0,1024,-0.19840002
timbrewm,5,english:1743,1,235,310,mean,0,1024,-1.46832132
timbrewm,5,english:1743,1,235,310,tct,0,1024,-0.66983604
timbrewm,5,english:1743,1,235,732,mean,0,1024,-1.10346222
timbrewm,5,english:1743,1,235,732,tct,0,1024,-1.21061373
timbrewm,5,english:1743,1,235,859,mean,0,1024,-2.00102425
timbrewm,5,english:1743,1,235,859,tct,0,1024,-1.35068798
timbrewm,5,english:1743,1,235,361,mean,0,1024,-0.87029123
timbrewm,5,english:1743,1,235,361,tct,0,1024,-0.77692747
timbrewm,5,english:1743,1,235,978,mean,0,1024,-1.78313065
timbrewm,5,english:1743,1,235,978,tct,0,1024,-1.05768251
timbrewm,5,english:1743,1,235,874,mean,0,1024,-2.11861324
timbrewm,5,english:1743,1,235,874,tct,0,1024,-1.50817204
timbrewm,5,english:1743,1,235,817,mean,0,1024,-1.55543137
timbrewm,5,english:1743,1,235,817,tct,0,1024,-0.16044807
timbrewm,5,english:1743,2,236,979,mean,0,1024,-1.00849009
timbrewm,5,english:1743,2,236,979,tct,0,1024,-0.63845444
timbrewm,5,english:1743,2,236,516,mean,0,1024,-1.80705166
timbrewm,5,english:1743,2,236,516,tct,0,1024,-0.68858957
timbrewm,5,english:1743,2,236,911,mean,0,1024,-2.05023479
timbrewm,5,english:1743,2,236,911,tct,0,1024,-0.17298937
timbrewm,5,english:1743,2,236,791,mean,0,1024,-1.54007673
timbrewm,5,english:1743,2,236,791,tct,0,1024,-0.70745277
timbrewm,5,english:1743,2,236,878,mean,0,1024,-2.25681019
timbrewm,5,english:1743,2,236,878,tct,0,1024,-1.87876987
timbrewm,5,english:1743,2,236,132,mean,0,1024,-1.47711086
timbrewm,5,english:1743,2,236,132,tct,0,1024,-0.52610254
timbrewm,5,english:1743,2,236,197,mean,0,1024,-1.82995844
timbrewm,5,english:1743,2,236,197,tct,0,1024,-0.58802938
timbrewm,5,english:1743,2,236,185,mean,0,1024,-2.37288332
timbrewm,5,english:1743,2,236,185,tct,0,1024,-1.25269461
timbrewm,5,english:1743,2,236,643,mean,0,1024,-1.71218395
timbrewm,5,english:1743,2,236,643,tct,0,1024,-0.67717505
timbrewm,5,english:1743,2,236,118,mean,0,1024,-1.30674362
timbrewm,5,english:1743,2,236,118,tct,0,1024,-1.20939207
timbrewm,5,english:1841,0,237,809,mean,0,1024,-1.89651203
timbrewm,5,english:1841,0,237,809,tct,0,1024,-1.35664272
timbrewm,5,english:1841,0,237,364,mean,0,1024,-2.68899250
timbrewm,5,english:1841,0,237,364,tct,0,1024,-1.08448267
timbrewm,5,english:1841,0,237,785,mean,0,1024,-2.30761480
timbrewm,5,english:1841,0,237,785,tct,0,1024,-1.35114193
timbrewm,5,english:1841,0,237,1004,mean,0,1024,-2.50964689
timbrewm,5,english:1841,0,237,1004,tct,0,1024,-1.96784306
timbrewm,5,english:1841,0,237,920,mean,0,1024,-1.62729979
timbrewm,5,english:1841,0,237,920,tct,0,1024,-0.90010643
timbrewm,5,english:1841,0,237,322,mean,0,1024,-1.65574837
timbrewm,5,english:1841,0,237,322,tct,0,1024,-0.40460014
timbrewm,5,english:1841,0,237,229,mean,0,1024,-2.49639225
timbrewm,5,english:1841,0,237,229,tct,0,1024,-1.40962934
timbrewm,5,english:1841,0,237,110,mean,0,1024,-1.61585474
timbrewm,5,english:1841,0,237,110,tct,0,1024,-0.36858177
timbrewm,5,english:1841,0,237,433,mean,0,1024,-2.05821991
timbrewm,5,english:1841,0,237,433,tct,0,1024,-1.13072538
timbrewm,5,english:1841,0,237,580,mean,0,1024,-2.87917614
timbrewm,5,english:1841,0,237,580,tct,0,1024,-2.35681391
timbrewm,5,english:1841,1,238,867,mean,0,1024,-1.25516796
timbrewm,5,english:1841,1,238,867,tct,0,1024,-0.80405903
timbrewm,5,english:1841,1,238,184,mean,0,1024,-2.60649681
timbrewm,5,english:1841,1,238,184,tct,0,1024,-1.93067312
timbrewm,5,english:1841,1,238,270,mean,0,1024,-2.27227497
timbrewm,5,english:1841,1,238,270,tct,0,1024,-0.82303762
timbrewm,5,english:1841,1,238,398,mean,0,1024,-1.97518158
timbrewm,5,english:1841,1,238,398,tct,0,1024,-0.99980021
timbrewm,5,english:1841,1,238,202,mean,0,1024,-1.35679722
timbrewm,5,english:1841,1,238,202,tct,0,1024,-0.99517679
timbrewm,5,english:1841,1,238,436,mean,0,1024,-3.07811260
timbrewm,5,english:1841,1,238,436,tct,0,1024,-1.35989857
timbrewm,5,english:1841,1,238,965,mean,0,1024,-2.31850815
timbrewm,5,english:1841,1,238,965,tct,0,1024,-2.00554276
timbrewm,5,english:1841,1,238,601,mean,0,1024,-2.81499386
timbrewm,5,english:1841,1,238,601,tct,0,1024,-1.19247246
timbrewm,5,english:1841,1,238,804,mean,0,1024,-2.03840494
timbrewm,5,english:1841,1,238,804,tct,0,1024,-1.45586109
timbrewm,5,english:1841,1,238,748,mean,0,1024,-1.74194098
timbrewm,5,english:1841,1,238,748,tct,0,1024,-0.99347830
timbrewm,5,english:1841,2,239,1007,mean,0,1024,-1.41678286
timbrewm,5,english:1841,2,239,1007,tct,0,1024,-0.90510607
timbrewm,5,english:1841,2,239,545,mean,0,1024,-1.28436136
timbrewm,5,english:1841,2,239,545,tct,0,1024,-0.61669397
timbrewm,5,english:1841,2,239,903,mean,0,1024,-2.85450792
timbrewm,5,english:1841,2,239,903,tct,0,1024,-0.18451691
timbrewm,5,english:1841,2,239,595,mean,0,1024,-0.97973394
timbrewm,5,english:1841,2,239,595,tct,0,1024,-0.47684574
timbrewm,5,english:1841,2,239,50,mean,0,1024,-2.34827566
timbrewm,5,english:1841,2,239,50,tct,0,1024,-1.50342131
timbrewm,5,english:1841,2,239,480,mean,0,1024,-2.47183466
timbrewm,5,english:1841,2,239,480,tct,0,1024,-1.08850288
timbrewm,5,english:1841,2,239,852,mean,0,1024,-3.35034513
timbrewm,5,english:1841,2,239,852,tct,0,1024,-1.36833620
timbrewm,5,english:1841,2,239,555,mean,0,1024,-0.76523590
timbrewm,5,english:1841,2,239,555,tct,0,1024,-0.56906176
timbrewm,5,english:1841,2,239,65,mean,0,1024,-1.74447966
timbrewm,5,english:1841,2,239,65,tct,0,1024,-0.42588520
timbrewm,5,english:1841,2,239,927,mean,0,1024,-3.12490988
timbrewm,5,english:1841,2,239,927,tct,0,1024,-1.31711054
timbrewm,5,english:1867,0,240,23,mean,0,1024,-1.91598034
timbrewm,5,english:1867,0,240,23,tct,0,1024,-1.13137054
timbrewm,5,english:1867,0,240,742,mean,0,1024,-1.98565149
timbrewm,5,english:1867,0,240,742,tct,0,1024,-0.60778904
timbrewm,5,english:1867,0,240,979,mean,0,1024,-1.68989086
timbrewm,5,english:1867,0,240,979,tct,0,1024,-0.48985195
timbrewm,5,english:1867,0,240,556,mean,0,1024,-1.79520035
timbrewm,5,english:1867,0,240,556,tct,0,1024,-1.39626408
timbrewm,5,english:1867,0,240,677,mean,0,1024,-2.11763477
timbrewm,5,english:1867,0,240,677,tct,0,1024,-1.75391150
timbrewm,5,english:1867,0,240,304,mean,0,1024,-0.82579088
timbrewm,5,english:1867,0,240,304,tct,0,1024,-0.14992428
timbrewm,5,english:1867,0,240,680,mean,0,1024,-1.48415852
timbrewm,5,english:1867,0,240,680,tct,0,1024,-1.12494659
timbrewm,5,english:1867,0,240,809,mean,0,1024,-1.48053741
timbrewm,5,english:1867,0,240,809,tct,0,1024,-1.51232100
timbrewm,5,english:1867,0,240,878,mean,0,1024,-1.30212736
timbrewm,5,english:1867,0,240,878,tct,0,1024,-0.67943764
timbrewm,5,english:1867,0,240,369,mean,0,1024,-1.19852257
timbrewm,5,english:1867,0,240,369,tct,0,1024,-0.44995546
timbrewm,5,english:1867,1,241,169,mean,0,1024,-0.52631855
timbrewm,5,english:1867,1,241,169,tct,1,1024,0.00793743
timbrewm,5,english:1867,1,241,1019,mean,0,1024,-1.27900505
timbrewm,5,english:1867,1,241,1019,tct,0,1024,-0.62407207
timbrewm,5,english:1867,1,241,576,mean,0,1024,-1.28900194
timbrewm,5,english:1867,1,241,576,tct,0,1024,-0.99229670
timbrewm,5,english:1867,1,241,976,mean,0,1024,-1.37021208
timbrewm,5,english:1867,1,241,976,tct,0,1024,-1.11368847
timbrewm,5,english:1867,1,241,256,mean,0,1024,-0.69062996
timbrewm,5,english:1867,1,241,256,tct,0,1024,-0.20379400
timbrewm,5,english:1867,1,241,795,mean,0,1024,-1.32014847
timbrewm,5,english:1867,1,241,795,tct,0,1024,-0.65069771
timbrewm,5,english:1867,1,241,990,mean,0,1024,-1.54039621
timbrewm,5,english:1867,1,241,990,tct,0,1024,-0.96095133
timbrewm,5,english:1867,1,241,463,mean,0,1024,-1.30572319
timbrewm,5,english:1867,1,241,463,tct,0,1024,-0.29971266
timbrewm,5,english:1867,1,241,949,mean,0,1024,-1.54878139
timbrewm,5,english:1867,1,241,949,tct,0,1024,-0.50247669
timbrewm,5,english:1867,1,241,903,mean,0,1024,-1.85670614
timbrewm,5,english:1867,1,241,903,tct,0,1024,-1.64509439
timbrewm,5,english:1867,2,242,718,mean,0,1024,-1.78298950
timbrewm,5,english:1867,2,242,718,tct,0,1024,-0.21305370
timbrewm,5,english:1867,2,242,218,mean,0,1024,-2.01497746
timbrewm,5,english:1867,2,242,218,tct,0,1024,-0.31503487
timbrewm,5,english:1867,2,242,286,mean,0,1024,-3.85333395
timbrewm,5,english:1867,2,242,286,tct,0,1024,-3.20249510
timbrewm,5,english:1867,2,242,716,mean,0,1024,-2.23906708
timbrewm,5,english:1867,2,242,716,tct,0,1024,-1.17610788
timbrewm,5,english:1867,2,242,872,mean,0,1024,-1.81318903
timbrewm,5,english:1867,2,242,872,tct,0,1024,-1.00497341
timbrewm,5,english:1867,2,242,1001,mean,0,1024,-1.09158754
timbrewm,5,english:1867,2,242,1001,tct,0,1024,-0.32276440
timbrewm,5,english:1867,2,242,92,mean,0,1024,-3.66865301
timbrewm,5,english:1867,2,242,92,tct,0,1024,-2.89801741
timbrewm,5,english:1867,2,242,939,mean,0,1024,-1.10099459
timbrewm,5,english:1867,2,242,939,tct,0,1024,-0.32718325
timbrewm,5,english:1867,2,242,762,mean,0,1024,-1.43670559
timbrewm,5,english:1867,2,242,762,tct,0,1024,-0.30732107
timbrewm,5,english:1867,2,242,597,mean,0,1024,-2.67803860
timbrewm,5,english:1867,2,242,597,tct,0,1024,-1.72881985
timbrewm,5,english:1898,0,243,315,mean,0,1024,-1.70169640
timbrewm,5,english:1898,0,243,315,tct,0,1024,-0.61418724
timbrewm,5,english:1898,0,243,987,mean,0,1024,-2.44520664
timbrewm,5,english:1898,0,243,987,tct,0,1024,-2.53999090
timbrewm,5,english:1898,0,243,917,mean,0,1024,-1.43463755
timbrewm,5,english:1898,0,243,917,tct,0,1024,-0.39552021
timbrewm,5,english:1898,0,243,277,mean,0,1024,-0.67759418
timbrewm,5,english:1898,0,243,277,tct,0,1024,-0.42331314
timbrewm,5,english:1898,0,243,857,mean,0,1024,-1.60080528
timbrewm,5,english:1898,0,243,857,tct,0,1024,-1.48403358
timbrewm,5,english:1898,0,243,558,mean,0,1024,-2.32379007
timbrewm,5,english:1898,0,243,558,tct,0,1024,-1.25950670
timbrewm,5,english:1898,0,243,367,mean,0,1024,-1.38567257
timbrewm,5,english:1898,0,243,367,tct,0,1024,-0.47281218
timbrewm,5,english:1898,0,243,541,mean,0,1024,-2.46351814
timbrewm,5,english:1898,0,243,541,tct,0,1024,-2.21216965
timbrewm,5,english:1898,0,243,47,mean,0,1024,-2.39111996
timbrewm,5,english:1898,0,243,47,tct,0,1024,-1.16060972
timbrewm,5,english:1898,0,243,640,mean,0,1024,-2.08515263
timbrewm,5,english:1898,0,243,640,tct,0,1024,-1.27263880
timbrewm,5,english:1898,1,244,277,mean,0,1024,-2.79454136
timbrewm,5,english:1898,1,244,277,tct,0,1024,-1.90945148
timbrewm,5,english:1898,1,244,576,mean,0,1024,-2.81615686
timbrewm,5,english:1898,1,244,576,tct,0,1024,-1.83972740
timbrewm,5,english:1898,1,244,647,mean,0,1024,-3.13020468
timbrewm,5,english:1898,1,244,647,tct,0,1024,-1.92876768
timbrewm,5,english:1898,1,244,802,mean,0,1024,-2.45223618
timbrewm,5,english:1898,1,244,802,tct,0,1024,-1.33691835
timbrewm,5,english:1898,1,244,655,mean,0,1024,-2.20235205
timbrewm,5,english:1898,1,244,655,tct,0,1024,-1.55132580
timbrewm,5,english:1898,1,244,513,mean,0,1024,-3.29042482
timbrewm,5,english:1898,1,244,513,tct,0,1024,-2.00182295
timbrewm,5,english:1898,1,244,228,mean,0,1024,-2.67983627
timbrewm,5,english:1898,1,244,228,tct,0,1024,-0.78321075
timbrewm,5,english:1898,1,244,586,mean,0,1024,-1.42998505
timbrewm,5,english:1898,1,244,586,tct,0,1024,-0.95372725
timbrewm,5,english:1898,1,244,138,mean,0,1024,-0.66271877
timbrewm,5,english:1898,1,244,138,tct,1,1024,0.19493580
timbrewm,5,english:1898,1,244,744,mean,0,1024,-1.82395935
timbrewm,5,english:1898,1,244,744,tct,0,1024,-0.44666624
timbrewm,5,english:1898,2,245,319,mean,0,1024,-1.46816826
timbrewm,5,english:1898,2,245,319,tct,0,1024,-1.17380333
timbrewm,5,english:1898,2,245,85,mean,0,1024,-0.98375511
timbrewm,5,english:1898,2,245,85,tct,0,1024,-0.45411348
timbrewm,5,english:1898,2,245,265,mean,0,1024,-1.91123867
timbrewm,5,english:1898,2,245,265,tct,0,1024,-1.18972301
timbrewm,5,english:1898,2,245,560,mean,0,1024,-1.96978760
timbrewm,5,english:1898,2,245,560,tct,0,1024,-1.74241543
timbrewm,5,english:1898,2,245,884,mean,0,1024,-2.08337688
timbrewm,5,english:1898,2,245,884,tct,0,1024,-1.40647602
timbrewm,5,english:1898,2,245,146,mean,0,1024,-1.08558083
timbrewm,5,english:1898,2,245,146,tct,0,1024,-0.74578905
timbrewm,5,english:1898,2,245,753,mean,0,1024,-1.13854790
timbrewm,5,english:1898,2,245,753,tct,0,1024,-1.10534048
timbrewm,5,english:1898,2,245,850,mean,0,1024,-1.54257202
timbrewm,5,english:1898,2,245,850,tct,0,1024,-1.66553068
timbrewm,5,english:1898,2,245,690,mean,0,1024,-1.91456223
timbrewm,5,english:1898,2,245,690,tct,0,1024,-1.32940054
timbrewm,5,english:1898,2,245,537,mean,0,1024,-2.00662327
timbrewm,5,english:1898,2,245,537,tct,0,1024,-1.45202827
timbrewm,5,english:19,0,246,742,mean,0,1024,-1.50084829
timbrewm,5,english:19,0,246,742,tct,0,1024,-1.02565050
timbrewm,5,english:19,0,246,411,mean,0,1024,-3.47455835
timbrewm,5,english:19,0,246,411,tct,0,1024,-2.09623480
timbrewm,5,english:19,0,246,586,mean,0,1024,-1.45847368
timbrewm,5,english:19,0,246,586,tct,0,1024,-0.82349491
timbrewm,5,english:19,0,246,111,mean,0,1024,-1.49222755
timbrewm,5,english:19,0,246,111,tct,0,1024,-0.52960205
timbrewm,5,english:19,0,246,489,mean,0,1024,-2.17075682
timbrewm,5,english:19,0,246,489,tct,0,1024,-0.01971960
timbrewm,5,english:19,0,246,253,mean,0,1024,-1.45019627
timbrewm,5,english:19,0,246,253,tct,0,1024,-1.07194614
timbrewm,5,english:19,0,246,112,mean,0,1024,-1.32571125
timbrewm,5,english:19,0,246,112,tct,0,1024,-1.14658928
timbrewm,5,english:19,0,246,609,mean,0,1024,-1.03004885
timbrewm,5,english:19,0,246,609,tct,0,1024,-0.43200684
timbrewm,5,english:19,0,246,67,mean,0,1024,-1.82855940
timbrewm,5,english:19,0,246,67,tct,0,1024,-1.01500797
timbrewm,5,english:19,0,246,23,mean,0,1024,-1.91433096
timbrewm,5,english:19,0,246,23,tct,0,1024,-1.02630329
timbrewm,5,english:19,1,247,24,mean,0,1024,-2.01729059
timbrewm,5,english:19,1,247,24,tct,0,1024,-1.13638592
timbrewm,5,english:19,1,247,409,mean,0,1024,-1.48465300
timbrewm,5,english:19,1,247,409,tct,0,1024,-0.98865700
timbrewm,5,english:19,1,247,93,mean,0,1024,-0.96325445
timbrewm,5,english:19,1,247,93,tct,0,1024,-0.36150742
timbrewm,5,english:19,1,247,984,mean,0,1024,-2.83838701
timbrewm,5,english:19,1,247,984,tct,0,1024,-2.08814287
timbrewm,5,english:19,1,247,974,mean,0,1024,-1.86297750
timbrewm,5,english:19,1,247,974,tct,0,1024,-0.20905209
timbrewm,5,english:19,1,247,5,mean,0,1024,-1.29183197
timbrewm,5,english:19,1,247,5,tct,0,1024,-0.41821718
timbrewm,5,english:19,1,247,247,mean,0,1024,-2.98919010
timbrewm,5,english:19,1,247,247,tct,0,1024,-2.48192692
timbrewm,5,english:19,1,247,592,mean,0,1024,-3.59479475
timbrewm,5,english:19,1,247,592,tct,0,1024,-1.79718971
timbrewm,5,english:19,1,247,820,mean,0,1024,-3.17368650
timbrewm,5,english:19,1,247,820,tct,0,1024,-1.59047556
timbrewm,5,english:19,1,247,83,mean,0,1024,-2.34612322
timbrewm,5,english:19,1,247,83,tct,0,1024,-1.46468115
timbrewm,5,english:19,2,248,713,mean,0,1024,-2.01146078
timbrewm,5,english:19,2,248,713,tct,0,1024,-1.14334297
timbrewm,5,english:19,2,248,293,mean,0,1024,-0.84381580
timbrewm,5,english:19,2,248,293,tct,0,1024,-0.26297379
timbrewm,5,english:19,2,248,341,mean,0,1024,-2.84423733
timbrewm,5,english:19,2,248,341,tct,0,1024,-1.56184864
timbrewm,5,english:19,2,248,154,mean,0,1024,-2.03090620
timbrewm,5,english:19,2,248,154,tct,0,1024,-0.85517788
timbrewm,5,english:19,2,248,351,mean,0,1024,-3.75442219
timbrewm,5,english:19,2,248,351,tct,0,1024,-1.84496164
timbrewm,5,english:19,2,248,729,mean,0,1024,-2.74461317
timbrewm,5,english:19,2,248,729,tct,0,1024,-2.16191959
timbrewm,5,english:19,2,248,183,mean,0,1024,-1.92580700
timbrewm,5,english:19,2,248,183,tct,0,1024,-0.77952623
timbrewm,5,english:19,2,248,504,mean,0,1024,-2.08576584
timbrewm,5,english:19,2,248,504,tct,0,1024,-1.70793676
timbrewm,5,english:19,2,248,303,mean,0,1024,-1.75400066
timbrewm,5,english:19,2,248,303,tct,0,1024,-0.55899048
timbrewm,5,english:19,2,248,560,mean,0,1024,-1.49893093
timbrewm,5,english:19,2,248,560,tct,0,1024,-1.08345604
timbrewm,5,english:1926,0,249,1019,mean,0,1024,-3.51524162
timbrewm,5,english:1926,0,249,1019,tct,0,1024,-3.28572750
timbrewm,5,english:1926,0,249,399,mean,0,1024,-3.47583866
timbrewm,5,english:1926,0,249,399,tct,0,1024,-2.88016796
timbrewm,5,english:1926,0,249,183,mean,0,1024,-2.47506618
timbrewm,5,english:1926,0,249,183,tct,0,1024,-1.77379656
timbrewm,5,english:1926,0,249,708,mean,0,1024,-3.44353962
timbrewm,5,english:1926,0,249,708,tct,0,1024,-2.40779257
timbrewm,5,english:1926,0,249,68,mean,0,1024,-3.26323986
timbrewm,5,english:1926,0,249,68,tct,0,1024,-1.62518358
timbrewm,5,english:1926,0,249,920,mean,0,1024,-1.93239307
timbrewm,5,english:1926,0,249,920,tct,0,1024,-1.76793671
timbrewm,5,english:1926,0,249,460,mean,0,1024,-3.87376976
timbrewm,5,english:1926,0,249,460,tct,0,1024,-2.25342655
timbrewm,5,english:1926,0,249,1003,mean,0,1024,-3.73647594
timbrewm,5,english:1926,0,249,1003,tct,0,1024,-3.42057276
timbrewm,5,english:1926,0,249,351,mean,0,1024,-4.32384777
timbrewm,5,english:1926,0,249,351,tct,0,1024,-3.64256811
timbrewm,5,english:1926,0,249,262,mean,0,1024,-4.43709564
timbrewm,5,english:1926,0,249,262,tct,0,1024,-2.85161495
timbrewm,5,english:1926,1,250,640,mean,0,1024,-2.19900513
timbrewm,5,english:1926,1,250,640,tct,0,1024,-1.14311504
timbrewm,5,english:1926,1,250,27,mean,0,1024,-3.35783672
timbrewm,5,english:1926,1,250,27,tct,0,1024,-2.04071569
timbrewm,5,english:1926,1,250,909,mean,0,1024,-1.66666985
timbrewm,5,english:1926,1,250,909,tct,0,1024,-0.87436676
timbrewm,5,english:1926,1,250,89,mean,0,1024,-2.75463867
timbrewm,5,english:1926,1,250,89,tct,0,1024,-2.09286022
timbrewm,5,english:1926,1,250,793,mean,0,1024,-2.87173367
timbrewm,5,english:1926,1,250,793,tct,0,1024,-2.32580280
timbrewm,5,english:1926,1,250,946,mean,0,1024,-1.77590179
timbrewm,5,english:1926,1,250,946,tct,0,1024,-1.53693676
timbrewm,5,english:1926,1,250,254,mean,0,1024,-1.16232872
timbrewm,5,english:1926,1,250,254,tct,0,1024,-0.47929859
timbrewm,5,english:1926,1,250,897,mean,0,1024,-2.16314888
timbrewm,5,english:1926,1,250,897,tct,0,1024,-0.97578859
timbrewm,5,english:1926,1,250,832,mean,0,1024,-2.11364555
timbrewm,5,english:1926,1,250,832,tct,0,1024,-1.41014242
timbrewm,5,english:1926,1,250,750,mean,0,1024,-1.58721733
timbrewm,5,english:1926,1,250,750,tct,0,1024,-0.87113810
timbrewm,5,english:1926,2,251,289,mean,0,1024,-1.91300631
timbrewm,5,english:1926,2,251,289,tct,0,1024,-1.40419292
timbrewm,5,english:1926,2,251,86,mean,0,1024,-2.08072186
timbrewm,5,english:1926,2,251,86,tct,0,1024,-1.44635010
timbrewm,5,english:1926,2,251,974,mean,0,1024,-1.72437048
timbrewm,5,english:1926,2,251,974,tct,0,1024,-0.40614176
timbrewm,5,english:1926,2,251,471,mean,0,1024,-2.13689899
timbrewm,5,english:1926,2,251,471,tct,0,1024,-1.58967686
timbrewm,5,english:1926,2,251,847,mean,0,1024,-1.02748060
timbrewm,5,english:1926,2,251,847,tct,0,1024,-0.19018173
timbrewm,5,english:1926,2,251,146,mean,0,1024,-3.01348543
timbrewm,5,english:1926,2,251,146,tct,0,1024,-1.56570148
timbrewm,5,english:1926,2,251,845,mean,0,1024,-0.62880516
timbrewm,5,english:1926,2,251,845,tct,0,1024,-0.19409275
timbrewm,5,english:1926,2,251,1,mean,0,1024,-2.00813055
timbrewm,5,english:1926,2,251,1,tct,0,1024,-0.24153376
timbrewm,5,english:1926,2,251,939,mean,0,1024,-2.18516779
timbrewm,5,english:1926,2,251,939,tct,0,1024,-1.40096045
timbrewm,5,english:1926,2,251,668,mean,0,1024,-2.24486303
timbrewm,5,english:1926,2,251,668,tct,0,1024,-2.14404345
timbrewm,5,english:196,0,252,472,mean,0,1024,-0.74472380
timbrewm,5,english:196,0,252,472,tct,0,1024,-0.35734272
timbrewm,5,english:196,0,252,127,mean,0,1024,-1.69370270
timbrewm,5,english:196,0,252,127,tct,0,1024,-0.36267757
timbrewm,5,english:196,0,252,369,mean,0,1024,-1.80391741
timbrewm,5,english:196,0,252,369,tct,0,1024,-0.13930750
timbrewm,5,english:196,0,252,339,mean,0,1024,-1.57761431
timbrewm,5,english:196,0,252,339,tct,0,1024,-0.73868847
timbrewm,5,english:196,0,252,32,mean,0,1024,-1.83700752
timbrewm,5,english:196,0,252,32,tct,0,1024,-0.31166220
timbrewm,5,english:196,0,252,927,mean,0,1024,-0.99824762
timbrewm,5,english:196,0,252,927,tct,0,1024,-0.12168932
timbrewm,5,english:196,0,252,899,mean,0,1024,-0.86400461
timbrewm,5,english:196,0,252,899,tct,0,1024,-0.38560104
timbrewm,5,english:196,0,252,194,mean,0,1024,-1.17754221
timbrewm,5,english:196,0,252,194,tct,0,1024,-1.32361984
timbrewm,5,english:196,0,252,975,mean,0,1024,-0.60080719
timbrewm,5,english:196,0,252,975,tct,0,1024,-0.16586876
timbrewm,5,english:196,0,252,694,mean,0,1024,-2.27564526
timbrewm,5,english:196,0,252,694,tct,0,1024,-1.54843521
timbrewm,5,english:196,1,253,382,mean,0,1024,-0.86794281
timbrewm,5,english:196,1,253,382,tct,0,1024,-0.68720722
timbrewm,5,english:196,1,253,262,mean,0,1024,-1.07008648
timbrewm,5,english:196,1,253,262,tct,0,1024,-0.36265135
timbrewm,5,english:196,1,253,676,mean,0,1024,-2.85687208
timbrewm,5,english:196,1,253,676,tct,0,1024,-2.18039894
timbrewm,5,english:196,1,253,498,mean,0,1024,-2.25404739
timbrewm,5,english:196,1,253,498,tct,0,1024,-1.77300692
timbrewm,5,english:196,1,253,475,mean,0,1024,-0.98515987
timbrewm,5,english:196,1,253,475,tct,0,1024,-1.10270166
timbrewm,5,english:196,1,253,978,mean,0,1024,-2.68406820
timbrewm,5,english:196,1,253,978,tct,0,1024,-2.62909412
timbrewm,5,english:196,1,253,819,mean,0,1024,-2.08902884
timbrewm,5,english:196,1,253,819,tct,0,1024,-1.48618984
timbrewm,5,english:196,1,253,687,mean,0,1024,-1.70732355
timbrewm,5,english:196,1,253,687,tct,0,1024,-1.09557152
timbrewm,5,english:196,1,253,413,mean,0,1024,-0.97464180
timbrewm,5,english:196,1,253,413,tct,0,1024,-0.20819569
timbrewm,5,english:196,1,253,768,mean,0,1024,-1.79619551
timbrewm,5,english:196,1,253,768,tct,0,1024,-1.57264566
timbrewm,5,english:196,2,254,826,mean,0,1024,-1.45244503
timbrewm,5,english:196,2,254,826,tct,0,1024,-0.84817934
timbrewm,5,english:196,2,254,681,mean,0,1024,-1.90018129
timbrewm,5,english:196,2,254,681,tct,0,1024,-1.08028316
timbrewm,5,english:196,2,254,527,mean,0,1024,-1.81742096
timbrewm,5,english:196,2,254,527,tct,0,1024,-0.41864300
timbrewm,5,english:196,2,254,702,mean,0,1024,-0.85082436
timbrewm,5,english:196,2,254,702,tct,0,1024,-0.81110191
timbrewm,5,english:196,2,254,236,mean,0,1024,-1.04470396
timbrewm,5,english:196,2,254,236,tct,0,1024,-0.74015331
timbrewm,5,english:196,2,254,158,mean,0,1024,-1.72214174
timbrewm,5,english:196,2,254,158,tct,0,1024,-1.40631199
timbrewm,5,english:196,2,254,890,mean,0,1024,-0.77466583
timbrewm,5,english:196,2,254,890,tct,0,1024,-0.28205013
timbrewm,5,english:196,2,254,818,mean,0,1024,-1.46473980
timbrewm,5,english:196,2,254,818,tct,0,1024,-0.81386662
timbrewm,5,english:196,2,254,387,mean,0,1024,-3.38272905
timbrewm,5,english:196,2,254,387,tct,0,1024,-2.81823874
timbrewm,5,english:196,2,254,961,mean,0,1024,-2.17297077
timbrewm,5,english:196,2,254,961,tct,0,1024,-1.31522703
timbrewm,5,english:1963,0,255,607,mean,0,1024,-2.68819237
timbrewm,5,english:1963,0,255,607,tct,0,1024,-2.15502453
timbrewm,5,english:1963,0,255,768,mean,0,1024,-2.27883720
timbrewm,5,english:1963,0,255,768,tct,0,1024,-0.48496389
timbrewm,5,english:1963,0,255,475,mean,0,1024,-2.93424368
timbrewm,5,english:1963,0,255,475,tct,0,1024,-1.50189400
timbrewm,5,english:1963,0,255,815,mean,0,1024,-2.08617115
timbrewm,5,english:1963,0,255,815,tct,0,1024,-0.90504694
timbrewm,5,english:1963,0,255,237,mean,0,1024,-0.88079119
timbrewm,5,english:1963,0,255,237,tct,0,1024,-0.20258713
timbrewm,5,english:1963,0,255,113,mean,0,1024,-3.19967031
timbrewm,5,english:1963,0,255,113,tct,0,1024,-1.80892611
timbrewm,5,english:1963,0,255,601,mean,0,1024,-3.35259295
timbrewm,5,english:1963,0,255,601,tct,0,1024,-1.41725683
timbrewm,5,english:1963,0,255,705,mean,0,1024,-1.51734066
timbrewm,5,english:1963,0,255,705,tct,0,1024,-0.52882862
timbrewm,5,english:1963,0,255,0,mean,0,1024,-2.19738960
timbrewm,5,english:1963,0,255,0,tct,0,1024,-0.50515699
timbrewm,5,english:1963,0,255,461,mean,0,1024,-1.27962160
timbrewm,5,english:1963,0,255,461,tct,0,1024,-0.44607019
timbrewm,5,english:1963,1,256,214,mean,0,1024,-3.74829960
timbrewm,5,english:1963,1,256,214,tct,0,1024,-2.41983509
timbrewm,5,english:1963,1,256,969,mean,0,1024,-2.00427914
timbrewm,5,english:1963,1,256,969,tct,0,1024,-1.20709324
timbrewm,5,english:1963,1,256,838,mean,0,1024,-2.77491379
timbrewm,5,english:1963,1,256,838,tct,0,1024,-1.40728664
timbrewm,5,english:1963,1,256,880,mean,0,1024,-1.78788757
timbrewm,5,english:1963,1,256,880,tct,0,1024,-0.32652569
timbrewm,5,english:1963,1,256,459,mean,0,1024,-2.56532860
timbrewm,5,english:1963,1,256,459,tct,0,1024,-2.46305561
timbrewm,5,english:1963,1,256,890,mean,0,1024,-1.76424885
timbrewm,5,english:1963,1,256,890,tct,0,1024,-0.32767773
timbrewm,5,english:1963,1,256,23,mean,0,1024,-1.92565250
timbrewm,5,english:1963,1,256,23,tct,0,1024,-1.34657478
timbrewm,5,english:1963,1,256,1023,mean,0,1024,-2.95862103
timbrewm,5,english:1963,1,256,1023,tct,0,1024,-1.37840128
timbrewm,5,english:1963,1,256,222,mean,0,1024,-3.43291283
timbrewm,5,english:1963,1,256,222,tct,0,1024,-2.32221031
timbrewm,5,english:1963,1,256,166,mean,0,1024,-3.15623188
timbrewm,5,english:1963,1,256,166,tct,0,1024,-2.53539419
timbrewm,5,english:1963,2,257,976,mean,0,1024,-2.87868500
timbrewm,5,english:1963,2,257,976,tct,0,1024,-1.12063456
timbrewm,5,english:1963,2,257,649,mean,0,1024,-2.96399927
timbrewm,5,english:1963,2,257,649,tct,0,1024,-2.84197378
timbrewm,5,english:1963,2,257,792,mean,0,1024,-1.78962517
timbrewm,5,english:1963,2,257,792,tct,0,1024,-1.00832081
timbrewm,5,english:1963,2,257,364,mean,0,1024,-1.50258064
timbrewm,5,english:1963,2,257,364,tct,0,1024,-0.46498871
timbrewm,5,english:1963,2,257,240,mean,0,1024,-1.59551907
timbrewm,5,english:1963,2,257,240,tct,0,1024,-0.32307577
timbrewm,5,english:1963,2,257,410,mean,0,1024,-0.87366247
timbrewm,5,english:1963,2,257,410,tct,0,1024,-0.59560490
timbrewm,5,english:1963,2,257,559,mean,0,1024,-3.58224154
timbrewm,5,english:1963,2,257,559,tct,0,1024,-2.38795280
timbrewm,5,english:1963,2,257,937,mean,0,1024,-2.11098480
timbrewm,5,english:1963,2,257,937,tct,0,1024,-1.99538803
timbrewm,5,english:1963,2,257,563,mean,0,1024,-3.59603071
timbrewm,5,english:1963,2,257,563,tct,0,1024,-2.64279652
timbrewm,5,english:1963,2,257,756,mean,0,1024,-3.26262474
timbrewm,5,english:1963,2,257,756,tct,0,1024,-2.51983690
timbrewm,5,english:1970,0,258,66,mean,0,1024,-2.06094646
timbrewm,5,english:1970,0,258,66,tct,0,1024,-1.86330795
timbrewm,5,english:1970,0,258,10,mean,0,1024,-1.80943298
timbrewm,5,english:1970,0,258,10,tct,0,1024,-1.15221405
timbrewm,5,english:1970,0,258,374,mean,0,1024,-2.00954628
timbrewm,5,english:1970,0,258,374,tct,0,1024,-1.46044254
timbrewm,5,english:1970,0,258,357,mean,0,1024,-1.56839085
timbrewm,5,english:1970,0,258,357,tct,0,1024,-1.11721659
timbrewm,5,english:1970,0,258,885,mean,0,1024,-1.72198963
timbrewm,5,english:1970,0,258,885,tct,0,1024,-1.17620230
timbrewm,5,english:1970,0,258,753,mean,0,1024,-2.69393730
timbrewm,5,english:1970,0,258,753,tct,0,1024,-1.04987860
timbrewm,5,english:1970,0,258,551,mean,0,1024,-1.56148338
timbrewm,5,english:1970,0,258,551,tct,0,1024,-0.15912628
timbrewm,5,english:1970,0,258,326,mean,0,1024,-1.56702614
timbrewm,5,english:1970,0,258,326,tct,0,1024,-1.24479294
timbrewm,5,english:1970,0,258,565,mean,0,1024,-1.86820698
timbrewm,5,english:1970,0,258,565,tct,0,1024,-0.41059399
timbrewm,5,english:1970,0,258,933,mean,0,1024,-1.25533199
timbrewm,5,english:1970,0,258,933,tct,0,1024,-0.83070421
timbrewm,5,english:1970,1,259,977,mean,0,1024,-2.31230116
timbrewm,5,english:1970,1,259,977,tct,0,1024,-1.24796820
timbrewm,5,english:1970,1,259,870,mean,0,1024,-2.31223822
timbrewm,5,english:1970,1,259,870,tct,0,1024,-1.24122095
timbrewm,5,english:1970,1,259,608,mean,0,1024,-2.12259722
timbrewm,5,english:1970,1,259,608,tct,0,1024,-1.12832117
timbrewm,5,english:1970,1,259,362,mean,0,1024,-1.80225468
timbrewm,5,english:1970,1,259,362,tct,0,1024,-1.19524431
timbrewm,5,english:1970,1,259,818,mean,0,1024,-3.07033682
timbrewm,5,english:1970,1,259,818,tct,0,1024,-1.33391571
timbrewm,5,english:1970,1,259,265,mean,0,1024,-2.90645313
timbrewm,5,english:1970,1,259,265,tct,0,1024,-2.16535902
timbrewm,5,english:1970,1,259,749,mean,0,1024,-1.75855017
timbrewm,5,english:1970,1,259,749,tct,0,1024,-0.05328512
timbrewm,5,english:1970,1,259,479,mean,0,1024,-2.01915169
timbrewm,5,english:1970,1,259,479,tct,0,1024,-1.15758705
timbrewm,5,english:1970,1,259,375,mean,0,1024,-1.26616001
timbrewm,5,english:1970,1,259,375,tct,0,1024,-0.41504097
timbrewm,5,english:1970,1,259,642,mean,0,1024,-2.80204916
timbrewm,5,english:1970,1,259,642,tct,0,1024,-2.14032269
timbrewm,5,english:1970,2,260,54,mean,0,1024,-2.81646490
timbrewm,5,english:1970,2,260,54,tct,0,1024,-2.72044992
timbrewm,5,english:1970,2,260,739,mean,0,1024,-2.96506596
timbrewm,5,english:1970,2,260,739,tct,0,1024,-1.57195282
timbrewm,5,english:1970,2,260,21,mean,0,1024,-1.92328310
timbrewm,5,english:1970,2,260,21,tct,0,1024,-1.88274193
timbrewm,5,english:1970,2,260,978,mean,0,1024,-1.58796597
timbrewm,5,english:1970,2,260,978,tct,0,1024,-0.57415390
timbrewm,5,english:1970,2,260,787,mean,0,1024,-3.38404655
timbrewm,5,english:1970,2,260,787,tct,0,1024,-1.97934151
timbrewm,5,english:1970,2,260,247,mean,0,1024,-2.35819674
timbrewm,5,english:1970,2,260,247,tct,0,1024,-1.58473301
timbrewm,5,english:1970,2,260,216,mean,0,1024,-0.71485662
timbrewm,5,english:1970,2,260,216,tct,0,1024,-0.09437275
timbrewm,5,english:1970,2,260,802,mean,0,1024,-3.95129490
timbrewm,5,english:1970,2,260,802,tct,0,1024,-2.73324490
timbrewm,5,english:1970,2,260,741,mean,0,1024,-1.90506077
timbrewm,5,english:1970,2,260,741,tct,0,1024,-1.56476498
timbrewm,5,english:1970,2,260,228,mean,0,1024,-1.36335707
timbrewm,5,english:1970,2,260,228,tct,0,1024,-0.99047136
timbrewm,5,english:198,0,261,711,mean,0,1024,-2.22009754
timbrewm,5,english:198,0,261,711,tct,0,1024,-0.19022369
timbrewm,5,english:198,0,261,194,mean,0,1024,-1.52856541
timbrewm,5,english:198,0,261,194,tct,0,1024,-0.29932594
timbrewm,5,english:198,0,261,27,mean,0,1024,-0.88872719
timbrewm,5,english:198,0,261,27,tct,0,1024,-0.67394161
timbrewm,5,english:198,0,261,114,mean,0,1024,-2.38154411
timbrewm,5,english:198,0,261,114,tct,0,1024,-1.01528215
timbrewm,5,english:198,0,261,943,mean,0,1024,-2.01328421
timbrewm,5,english:198,0,261,943,tct,0,1024,-0.15020275
timbrewm,5,english:198,0,261,480,mean,0,1024,-1.95685673
timbrewm,5,english:198,0,261,480,tct,0,1024,-0.61990929
timbrewm,5,english:198,0,261,939,mean,0,1024,-1.35375357
timbrewm,5,english:198,0,261,939,tct,0,1024,-0.61723757
timbrewm,5,english:198,0,261,175,mean,0,1024,-1.15767288
timbrewm,5,english:198,0,261,175,tct,0,1024,-0.57656002
timbrewm,5,english:198,0,261,908,mean,0,1024,-2.52706766
timbrewm,5,english:198,0,261,908,tct,0,1024,-0.19323111
timbrewm,5,english:198,0,261,172,mean,0,1024,-1.90265369
timbrewm,5,english:198,0,261,172,tct,0,1024,-0.60044765
timbrewm,5,english:198,1,262,329,mean,0,1024,-1.54508829
timbrewm,5,english:198,1,262,329,tct,0,1024,-1.36409283
timbrewm,5,english:198,1,262,918,mean,0,1024,-1.62487459
timbrewm,5,english:198,1,262,918,tct,0,1024,-1.42403698
timbrewm,5,english:198,1,262,267,mean,0,1024,-1.41636419
timbrewm,5,english:198,1,262,267,tct,0,1024,-1.32968044
timbrewm,5,english:198,1,262,561,mean,0,1024,-3.34038162
timbrewm,5,english:198,1,262,561,tct,0,1024,-1.52207375
timbrewm,5,english:198,1,262,216,mean,0,1024,-0.68917274
timbrewm,5,english:198,1,262,216,tct,0,1024,-0.41486835
timbrewm,5,english:198,1,262,473,mean,0,1024,-0.62723207
timbrewm,5,english:198,1,262,473,tct,0,1024,-0.29301453
timbrewm,5,english:198,1,262,382,mean,0,1024,-1.23378229
timbrewm,5,english:198,1,262,382,tct,0,1024,-0.42305517
timbrewm,5,english:198,1,262,963,mean,0,1024,-1.47941923
timbrewm,5,english:198,1,262,963,tct,0,1024,-1.07535172
timbrewm,5,english:198,1,262,319,mean,0,1024,-1.73229074
timbrewm,5,english:198,1,262,319,tct,0,1024,-0.39422131
timbrewm,5,english:198,1,262,854,mean,0,1024,-2.10777187
timbrewm,5,english:198,1,262,854,tct,0,1024,-0.96194839
timbrewm,5,english:198,2,263,171,mean,0,1024,-1.34330654
timbrewm,5,english:198,2,263,171,tct,0,1024,-1.23711300
timbrewm,5,english:198,2,263,681,mean,0,1024,-1.63080645
timbrewm,5,english:198,2,263,681,tct,0,1024,-1.14446688
timbrewm,5,english:198,2,263,191,mean,0,1024,-1.21568298
timbrewm,5,english:198,2,263,191,tct,0,1024,-0.84576321
timbrewm,5,english:198,2,263,551,mean,0,1024,-0.23202801
timbrewm,5,english:198,2,263,551,tct,0,1024,-0.11755800
timbrewm,5,english:198,2,263,629,mean,0,1024,-0.73546648
timbrewm,5,english:198,2,263,629,tct,0,1024,-0.91246510
timbrewm,5,english:198,2,263,768,mean,0,1024,-2.11329031
timbrewm,5,english:198,2,263,768,tct,0,1024,-0.37221384
timbrewm,5,english:198,2,263,955,mean,0,1024,-1.66345358
timbrewm,5,english:198,2,263,955,tct,0,1024,-0.99714088
timbrewm,5,english:198,2,263,540,mean,0,1024,-1.92405748
timbrewm,5,english:198,2,263,540,tct,0,1024,-0.30078220
timbrewm,5,english:198,2,263,534,mean,0,1024,-1.43159580
timbrewm,5,english:198,2,263,534,tct,0,1024,-0.27762794
timbrewm,5,english:198,2,263,347,mean,0,1024,-1.79848003
timbrewm,5,english:198,2,263,347,tct,0,1024,-1.33048916
timbrewm,5,english:1992,0,264,188,mean,0,1024,-1.47836208
timbrewm,5,english:1992,0,264,188,tct,0,1024,-0.97085619
timbrewm,5,english:1992,0,264,57,mean,0,1024,-1.18883228
timbrewm,5,english:1992,0,264,57,tct,0,1024,-1.07277012
timbrewm,5,english:1992,0,264,273,mean,0,1024,-1.46108150
timbrewm,5,english:1992,0,264,273,tct,0,1024,-1.16746902
timbrewm,5,english:1992,0,264,595,mean,0,1024,-1.65880680
timbrewm,5,english:1992,0,264,595,tct,0,1024,-0.83689547
timbrewm,5,english:1992,0,264,623,mean,0,1024,-2.04752588
timbrewm,5,english:1992,0,264,623,tct,0,1024,-1.87173080
timbrewm,5,english:1992,0,264,538,mean,0,1024,-1.58459520
timbrewm,5,english:1992,0,264,538,tct,0,1024,-0.53427792
timbrewm,5,english:1992,0,264,158,mean,0,1024,-1.97874737
timbrewm,5,english:1992,0,264,158,tct,0,1024,-0.26730204
timbrewm,5,english:1992,0,264,604,mean,0,1024,-1.20886421
timbrewm,5,english:1992,0,264,604,tct,0,1024,-0.91757965
timbrewm,5,english:1992,0,264,404,mean,0,1024,-1.75061131
timbrewm,5,english:1992,0,264,404,tct,0,1024,-0.88267946
timbrewm,5,english:1992,0,264,813,mean,0,1024,-1.21877193
timbrewm,5,english:1992,0,264,813,tct,0,1024,-1.12765789
timbrewm,5,english:1992,1,265,497,mean,0,1024,-1.08067131
timbrewm,5,english:1992,1,265,497,tct,0,1024,-0.45779943
timbrewm,5,english:1992,1,265,737,mean,0,1024,-1.89595795
timbrewm,5,english:1992,1,265,737,tct,0,1024,-1.34563398
timbrewm,5,english:1992,1,265,478,mean,0,1024,-0.45670033
timbrewm,5,english:1992,1,265,478,tct,0,1024,-0.23404980
timbrewm,5,english:1992,1,265,929,mean,0,1024,-2.17669153
timbrewm,5,english:1992,1,265,929,tct,0,1024,-0.35196638
timbrewm,5,english:1992,1,265,960,mean,0,1024,-0.62211418
timbrewm,5,english:1992,1,265,960,tct,0,1024,-0.19755888
timbrewm,5,english:1992,1,265,398,mean,0,1024,-1.28689194
timbrewm,5,english:1992,1,265,398,tct,0,1024,-0.48540020
timbrewm,5,english:1992,1,265,634,mean,0,1024,-1.54146433
timbrewm,5,english:1992,1,265,634,tct,0,1024,-0.25385141
timbrewm,5,english:1992,1,265,644,mean,0,1024,-1.46630526
timbrewm,5,english:1992,1,265,644,tct,0,1024,-1.23242569
timbrewm,5,english:1992,1,265,865,mean,0,1024,-1.55903816
timbrewm,5,english:1992,1,265,865,tct,0,1024,-1.41226244
timbrewm,5,english:1992,1,265,36,mean,0,1024,-1.47201633
timbrewm,5,english:1992,1,265,36,tct,0,1024,-1.35357046
timbrewm,5,english:1992,2,266,239,mean,0,1024,-2.35078955
timbrewm,5,english:1992,2,266,239,tct,0,1024,-0.23211241
timbrewm,5,english:1992,2,266,912,mean,0,1024,-2.12389278
timbrewm,5,english:1992,2,266,912,tct,0,1024,-1.28872252
timbrewm,5,english:1992,2,266,246,mean,0,1024,-3.19126606
timbrewm,5,english:1992,2,266,246,tct,0,1024,-1.88607740
timbrewm,5,english:1992,2,266,779,mean,0,1024,-1.99941826
timbrewm,5,english:1992,2,266,779,tct,0,1024,-0.42233324
timbrewm,5,english:1992,2,266,406,mean,0,1024,-2.46891117
timbrewm,5,english:1992,2,266,406,tct,0,1024,-1.89802456
timbrewm,5,english:1992,2,266,174,mean,0,1024,-2.36902666
timbrewm,5,english:1992,2,266,174,tct,0,1024,-0.30045652
timbrewm,5,english:1992,2,266,659,mean,0,1024,-2.12857437
timbrewm,5,english:1992,2,266,659,tct,0,1024,-1.56885433
timbrewm,5,english:1992,2,266,321,mean,0,1024,-2.43837357
timbrewm,5,english:1992,2,266,321,tct,0,1024,-1.67532206
timbrewm,5,english:1992,2,266,598,mean,0,1024,-3.15781879
timbrewm,5,english:1992,2,266,598,tct,0,1024,-1.62062550
timbrewm,5,english:1992,2,266,813,mean,0,1024,-1.20284748
timbrewm,5,english:1992,2,266,813,tct,0,1024,-0.03226280
timbrewm,5,english:200,0,267,886,mean,0,1024,-2.57403326
timbrewm,5,english:200,0,267,886,tct,0,1024,-2.14468765
timbrewm,5,english:200,0,267,1022,mean,0,1024,-3.20514107
timbrewm,5,english:200,0,267,1022,tct,0,1024,-1.48376226
timbrewm,5,english:200,0,267,185,mean,0,1024,-2.08456087
timbrewm,5,english:200,0,267,185,tct,0,1024,-0.98876143
timbrewm,5,english:200,0,267,777,mean,0,1024,-1.32780933
timbrewm,5,english:200,0,267,777,tct,0,1024,-0.79820156
timbrewm,5,english:200,0,267,430,mean,0,1024,-2.92842388
timbrewm,5,english:200,0,267,430,tct,0,1024,-1.66697168
timbrewm,5,english:200,0,267,1020,mean,0,1024,-2.32932901
timbrewm,5,english:200,0,267,1020,tct,0,1024,-0.25020933
timbrewm,5,english:200,0,267,199,mean,0,1024,-3.01717091
timbrewm,5,english:200,0,267,199,tct,0,1024,-2.09227324
timbrewm,5,english:200,0,267,177,mean,0,1024,-1.63945675
timbrewm,5,english:200,0,267,177,tct,0,1024,-0.23074532
timbrewm,5,english:200,0,267,362,mean,0,1024,-3.09606743
timbrewm,5,english:200,0,267,362,tct,0,1024,-2.21385956
timbrewm,5,english:200,0,267,671,mean,0,1024,-2.42172623
timbrewm,5,english:200,0,267,671,tct,0,1024,-2.24272299
timbrewm,5,english:200,1,268,440,mean,0,1024,-1.64433670
timbrewm,5,english:200,1,268,440,tct,0,1024,-0.84500599
timbrewm,5,english:200,1,268,503,mean,0,1024,-2.26012659
timbrewm,5,english:200,1,268,503,tct,0,1024,-0.48009682
timbrewm,5,english:200,1,268,844,mean,0,1024,-1.54299116
timbrewm,5,english:200,1,268,844,tct,0,1024,-0.94319439
timbrewm,5,english:200,1,268,773,mean,0,1024,-1.53490734
timbrewm,5,english:200,1,268,773,tct,0,1024,-0.35048962
timbrewm,5,english:200,1,268,793,mean,0,1024,-0.99935961
timbrewm,5,english:200,1,268,793,tct,0,1024,-0.01247931
timbrewm,5,english:200,1,268,854,mean,0,1024,-2.00384331
timbrewm,5,english:200,1,268,854,tct,0,1024,-0.47533274
timbrewm,5,english:200,1,268,649,mean,0,1024,-2.09027433
timbrewm,5,english:200,1,268,649,tct,0,1024,-1.29304171
timbrewm,5,english:200,1,268,443,mean,0,1024,-2.26423645
timbrewm,5,english:200,1,268,443,tct,0,1024,-1.45503283
timbrewm,5,english:200,1,268,431,mean,0,1024,-2.86489391
timbrewm,5,english:200,1,268,431,tct,0,1024,-2.46190977
timbrewm,5,english:200,1,268,152,mean,0,1024,-2.60283566
timbrewm,5,english:200,1,268,152,tct,0,1024,-2.22119951
timbrewm,5,english:200,2,269,624,mean,0,1024,-2.63906384
timbrewm,5,english:200,2,269,624,tct,0,1024,-1.65480089
timbrewm,5,english:200,2,269,542,mean,0,1024,-1.29401016
timbrewm,5,english:200,2,269,542,tct,0,1024,-0.30186176
timbrewm,5,english:200,2,269,988,mean,1,1024,0.09559393
timbrewm,5,english:200,2,269,988,tct,1,1024,0.13054419
timbrewm,5,english:200,2,269,29,mean,0,1024,-2.45222902
timbrewm,5,english:200,2,269,29,tct,0,1024,-1.85737419
timbrewm,5,english:200,2,269,317,mean,0,1024,-3.25979090
timbrewm,5,english:200,2,269,317,tct,0,1024,-2.95746946
timbrewm,5,english:200,2,269,797,mean,0,1024,-1.65733337
timbrewm,5,english:200,2,269,797,tct,0,1024,-1.51771212
timbrewm,5,english:200,2,269,967,mean,0,1024,-2.52624846
timbrewm,5,english:200,2,269,967,tct,0,1024,-1.98936033
timbrewm,5,english:200,2,269,258,mean,0,1024,-2.59155607
timbrewm,5,english:200,2,269,258,tct,0,1024,-2.01124001
timbrewm,5,english:200,2,269,575,mean,0,1024,-3.49679422
timbrewm,5,english:200,2,269,575,tct,0,1024,-2.40408039
timbrewm,5,english:200,2,269,493,mean,0,1024,-2.82619238
timbrewm,5,english:200,2,269,493,tct,0,1024,-2.12501001
timbrewm,5,english:2002,0,270,734,mean,0,1024,-0.59911299
timbrewm,5,english:2002,0,270,734,tct,0,1024,-0.70384693
timbrewm,5,english:2002,0,270,270,mean,0,1024,-1.14836884
timbrewm,5,english:2002,0,270,270,tct,0,1024,-1.11401320
timbrewm,5,english:2002,0,270,654,mean,0,1024,-0.96884203
timbrewm,5,english:2002,0,270,654,tct,0,1024,-0.58354282
timbrewm,5,english:2002,0,270,887,mean,0,1024,-1.87921572
timbrewm,5,english:2002,0,270,887,tct,0,1024,-1.43718672
timbrewm,5,english:2002,0,270,32,mean,0,1024,-1.99225616
timbrewm,5,english:2002,0,270,32,tct,0,1024,-1.95319891
timbrewm,5,english:2002,0,270,589,mean,0,1024,-0.99054480
timbrewm,5,english:2002,0,270,589,tct,0,1024,-0.53496265
timbrewm,5,english:2002,0,270,580,mean,0,1024,-1.67555857
timbrewm,5,english:2002,0,270,580,tct,0,1024,-0.92195606
timbrewm,5,english:2002,0,270,361,mean,0,1024,-1.55786705
timbrewm,5,english:2002,0,270,361,tct,0,1024,-0.19403791
timbrewm,5,english:2002,0,270,491,mean,0,1024,-1.93295717
timbrewm,5,english:2002,0,270,491,tct,0,1024,-0.87825966
timbrewm,5,english:2002,0,270,73,mean,0,1024,-1.26316833
timbrewm,5,english:2002,0,270,73,tct,0,1024,-0.23443460
timbrewm,5,english:2002,1,271,241,mean,0,1024,-1.86423254
timbrewm,5,english:2002,1,271,241,tct,0,1024,-0.18795824
timbrewm,5,english:2002,1,271,860,mean,0,1024,-1.18534327
timbrewm,5,english:2002,1,271,860,tct,0,1024,-0.87468195
timbrewm,5,english:2002,1,271,98,mean,0,1024,-2.24075460
timbrewm,5,english:2002,1,271,98,tct,0,1024,-0.77509260
timbrewm,5,english:2002,1,271,557,mean,0,1024,-1.55102110
timbrewm,5,english:2002,1,271,557,tct,0,1024,-0.53210163
timbrewm,5,english:2002,1,271,237,mean,0,1024,-1.14852476
timbrewm,5,english:2002,1,271,237,tct,0,1024,-0.84688091
timbrewm,5,english:2002,1,271,731,mean,0,1024,-2.63754368
timbrewm,5,english:2002,1,271,731,tct,0,1024,-0.46706390
timbrewm,5,english:2002,1,271,429,mean,0,1024,-0.21577740
timbrewm,5,english:2002,1,271,429,tct,0,1024,-0.09405994
timbrewm,5,english:2002,1,271,243,mean,0,1024,-2.25690937
timbrewm,5,english:2002,1,271,243,tct,0,1024,-0.42270184
timbrewm,5,english:2002,1,271,408,mean,0,1024,-0.84620667
timbrewm,5,english:2002,1,271,408,tct,0,1024,-0.57002974
timbrewm,5,english:2002,1,271,92,mean,0,1024,-1.27453947
timbrewm,5,english:2002,1,271,92,tct,0,1024,-0.96597815
timbrewm,5,english:2002,2,272,113,mean,0,1024,-2.57539797
timbrewm,5,english:2002,2,272,113,tct,0,1024,-1.48805714
timbrewm,5,english:2002,2,272,601,mean,0,1024,-3.88513041
timbrewm,5,english:2002,2,272,601,tct,0,1024,-3.61184311
timbrewm,5,english:2002,2,272,983,mean,0,1024,-3.00765753
timbrewm,5,english:2002,2,272,983,tct,0,1024,-1.36176395
timbrewm,5,english:2002,2,272,69,mean,0,1024,-2.43541479
timbrewm,5,english:2002,2,272,69,tct,0,1024,-1.46424913
timbrewm,5,english:2002,2,272,324,mean,0,1024,-1.89581537
timbrewm,5,english:2002,2,272,324,tct,0,1024,-1.38122177
timbrewm,5,english:2002,2,272,90,mean,0,1024,-2.49770594
timbrewm,5,english:2002,2,272,90,tct,0,1024,-2.08367538
timbrewm,5,english:2002,2,272,628,mean,0,1024,-2.43630219
timbrewm,5,english:2002,2,272,628,tct,0,1024,-1.46117067
timbrewm,5,english:2002,2,272,837,mean,0,1024,-3.26605749
timbrewm,5,english:2002,2,272,837,tct,0,1024,-2.32839823
timbrewm,5,english:2002,2,272,672,mean,0,1024,-0.85866737
timbrewm,5,english:2002,2,272,672,tct,0,1024,-0.34020185
timbrewm,5,english:2002,2,272,898,mean,0,1024,-1.62800646
timbrewm,5,english:2002,2,272,898,tct,0,1024,-1.01254463
timbrewm,5,english:2007,0,273,355,mean,0,1024,-2.63998365
timbrewm,5,english:2007,0,273,355,tct,0,1024,-2.05530119
timbrewm,5,english:2007,0,273,581,mean,0,1024,-2.87668848
timbrewm,5,english:2007,0,273,581,tct,0,1024,-2.29611397
timbrewm,5,english:2007,0,273,914,mean,0,1024,-3.86222076
timbrewm,5,english:2007,0,273,914,tct,0,1024,-2.75805235
timbrewm,5,english:2007,0,273,3,mean,0,1024,-4.59813213
timbrewm,5,english:2007,0,273,3,tct,0,1024,-3.51187515
timbrewm,5,english:2007,0,273,655,mean,0,1024,-4.07086945
timbrewm,5,english:2007,0,273,655,tct,0,1024,-3.72453690
timbrewm,5,english:2007,0,273,707,mean,0,1024,-3.85164261
timbrewm,5,english:2007,0,273,707,tct,0,1024,-3.49627542
timbrewm,5,english:2007,0,273,174,mean,0,1024,-2.94990683
timbrewm,5,english:2007,0,273,174,tct,0,1024,-2.47130823
timbrewm,5,english:2007,0,273,259,mean,0,1024,-4.32763767
timbrewm,5,english:2007,0,273,259,tct,0,1024,-3.52758932
timbrewm,5,english:2007,0,273,26,mean,0,1024,-3.84253883
timbrewm,5,english:2007,0,273,26,tct,0,1024,-2.59914255
timbrewm,5,english:2007,0,273,314,mean,0,1024,-2.56559658
timbrewm,5,english:2007,0,273,314,tct,0,1024,-1.59658527
timbrewm,5,english:2007,1,274,216,mean,0,1024,-0.86700726
timbrewm,5,english:2007,1,274,216,tct,0,1024,-0.75270653
timbrewm,5,english:2007,1,274,371,mean,0,1024,-3.05132771
timbrewm,5,english:2007,1,274,371,tct,0,1024,-1.71298742
timbrewm,5,english:2007,1,274,318,mean,0,1024,-2.51528072
timbrewm,5,english:2007,1,274,318,tct,0,1024,-1.33068037
timbrewm,5,english:2007,1,274,397,mean,0,1024,-1.41447639
timbrewm,5,english:2007,1,274,397,tct,0,1024,-1.04199505
timbrewm,5,english:2007,1,274,122,mean,0,1024,-1.87299442
timbrewm,5,english:2007,1,274,122,tct,0,1024,-1.22582006
timbrewm,5,english:2007,1,274,214,mean,0,1024,-1.99428272
timbrewm,5,english:2007,1,274,214,tct,0,1024,-0.68648767
timbrewm,5,english:2007,1,274,176,mean,0,1024,-2.20579624
timbrewm,5,english:2007,1,274,176,tct,0,1024,-1.22278833
timbrewm,5,english:2007,1,274,615,mean,0,1024,-2.34038877
timbrewm,5,english:2007,1,274,615,tct,0,1024,-1.68091679
timbrewm,5,english:2007,1,274,205,mean,0,1024,-0.63245296
timbrewm,5,english:2007,1,274,205,tct,1,1024,0.09747887
timbrewm,5,english:2007,1,274,695,mean,0,1024,-3.31459808
timbrewm,5,english:2007,1,274,695,tct,0,1024,-1.86290836
timbrewm,5,english:2007,2,275,318,mean,0,1024,-1.48799038
timbrewm,5,english:2007,2,275,318,tct,0,1024,-0.76176834
timbrewm,5,english:2007,2,275,586,mean,0,1024,-1.86199141
timbrewm,5,english:2007,2,275,586,tct,0,1024,-1.12367344
timbrewm,5,english:2007,2,275,31,mean,0,1024,-2.31769943
timbrewm,5,english:2007,2,275,31,tct,0,1024,-1.83980370
timbrewm,5,english:2007,2,275,353,mean,0,1024,-1.51852798
timbrewm,5,english:2007,2,275,353,tct,0,1024,-0.28315067
timbrewm,5,english:2007,2,275,264,mean,0,1024,-2.09347439
timbrewm,5,english:2007,2,275,264,tct,0,1024,-2.23194647
timbrewm,5,english:2007,2,275,1021,mean,0,1024,-0.83863592
timbrewm,5,english:2007,2,275,1021,tct,0,1024,-0.10370636
timbrewm,5,english:2007,2,275,428,mean,0,1024,-0.84340858
timbrewm,5,english:2007,2,275,428,tct,0,1024,-0.18578053
timbrewm,5,english:2007,2,275,775,mean,0,1024,-3.13642645
timbrewm,5,english:2007,2,275,775,tct,0,1024,-2.66942501
timbrewm,5,english:2007,2,275,115,mean,0,1024,-1.29598236
timbrewm,5,english:2007,2,275,115,tct,0,1024,-0.33336639
timbrewm,5,english:2007,2,275,272,mean,0,1024,-2.34067726
timbrewm,5,english:2007,2,275,272,tct,0,1024,-1.81037426
timbrewm,5,english:201,0,276,38,mean,0,1024,-1.63756323
timbrewm,5,english:201,0,276,38,tct,0,1024,-1.36925983
timbrewm,5,english:201,0,276,197,mean,0,1024,-2.25365973
timbrewm,5,english:201,0,276,197,tct,0,1024,-1.08069849
timbrewm,5,english:201,0,276,950,mean,0,1024,-0.93841267
timbrewm,5,english:201,0,276,950,tct,0,1024,-0.13982582
timbrewm,5,english:201,0,276,141,mean,0,1024,-2.10445023
timbrewm,5,english:201,0,276,141,tct,0,1024,-1.39338112
timbrewm,5,english:201,0,276,332,mean,0,1024,-1.27824783
timbrewm,5,english:201,0,276,332,tct,0,1024,-0.15167904
timbrewm,5,english:201,0,276,485,mean,0,1024,-2.09006786
timbrewm,5,english:201,0,276,485,tct,0,1024,-2.18551397
timbrewm,5,english:201,0,276,206,mean,0,1024,-0.76668310
timbrewm,5,english:201,0,276,206,tct,0,1024,-0.28664970
timbrewm,5,english:201,0,276,427,mean,0,1024,-2.90068960
timbrewm,5,english:201,0,276,427,tct,0,1024,-2.27570868
timbrewm,5,english:201,0,276,630,mean,0,1024,-1.08911753
timbrewm,5,english:201,0,276,630,tct,0,1024,-0.48984528
timbrewm,5,english:201,0,276,568,mean,0,1024,-1.99212980
timbrewm,5,english:201,0,276,568,tct,0,1024,-1.55627966
timbrewm,5,english:201,1,277,21,mean,0,1024,-3.26973343
timbrewm,5,english:201,1,277,21,tct,0,1024,-2.38869286
timbrewm,5,english:201,1,277,433,mean,0,1024,-2.39850569
timbrewm,5,english:201,1,277,433,tct,0,1024,-1.17728043
timbrewm,5,english:201,1,277,437,mean,0,1024,-2.72551584
timbrewm,5,english:201,1,277,437,tct,0,1024,-2.14015865
timbrewm,5,english:201,1,277,2,mean,0,1024,-2.41426277
timbrewm,5,english:201,1,277,2,tct,0,1024,-1.49912453
timbrewm,5,english:201,1,277,197,mean,0,1024,-1.78768158
timbrewm,5,english:201,1,277,197,tct,0,1024,-1.21988630
timbrewm,5,english:201,1,277,567,mean,0,1024,-2.35593843
timbrewm,5,english:201,1,277,567,tct,0,1024,-0.40007114
timbrewm,5,english:201,1,277,464,mean,0,1024,-2.10125208
timbrewm,5,english:201,1,277,464,tct,0,1024,-1.13160181
timbrewm,5,english:201,1,277,643,mean,0,1024,-0.66667557
timbrewm,5,english:201,1,277,643,tct,0,1024,-0.11909628
timbrewm,5,english:201,1,277,479,mean,0,1024,-1.38288260
timbrewm,5,english:201,1,277,479,tct,0,1024,-1.31533718
timbrewm,5,english:201,1,277,11,mean,0,1024,-1.85037470
timbrewm,5,english:201,1,277,11,tct,0,1024,-1.43676376
timbrewm,5,english:201,2,278,1017,mean,0,1024,-2.26437950
timbrewm,5,english:201,2,278,1017,tct,0,1024,-1.98330879
timbrewm,5,english:201,2,278,105,mean,0,1024,-2.52928972
timbrewm,5,english:201,2,278,105,tct,0,1024,-2.28778410
timbrewm,5,english:201,2,278,103,mean,0,1024,-2.35452843
timbrewm,5,english:201,2,278,103,tct,0,1024,-1.48421955
timbrewm,5,english:201,2,278,86,mean,0,1024,-1.26551533
timbrewm,5,english:201,2,278,86,tct,0,1024,-0.65551853
timbrewm,5,english:201,2,278,652,mean,0,1024,-0.34558105
timbrewm,5,english:201,2,278,652,tct,0,1024,-0.19352055
timbrewm,5,english:201,2,278,832,mean,0,1024,-1.39135695
timbrewm,5,english:201,2,278,832,tct,0,1024,-1.43512869
timbrewm,5,english:201,2,278,666,mean,0,1024,-0.80733395
timbrewm,5,english:201,2,278,666,tct,0,1024,-0.29382992
timbrewm,5,english:201,2,278,53,mean,0,1024,-2.47438288
timbrewm,5,english:201,2,278,53,tct,0,1024,-2.76471186
timbrewm,5,english:201,2,278,63,mean,0,1024,-2.61756849
timbrewm,5,english:201,2,278,63,tct,0,1024,-2.52204227
timbrewm,5,english:201,2,278,281,mean,0,1024,-2.49978399
timbrewm,5,english:201,2,278,281,tct,0,1024,-2.33700371
timbrewm,5,english:2092,0,279,603,mean,0,1024,-0.88404560
timbrewm,5,english:2092,0,279,603,tct,0,1024,-0.42766523
timbrewm,5,english:2092,0,279,877,mean,0,1024,-0.92905521
timbrewm,5,english:2092,0,279,877,tct,0,1024,-0.26083660
timbrewm,5,english:2092,0,279,302,mean,0,1024,-1.36364317
timbrewm,5,english:2092,0,279,302,tct,0,1024,-1.07536697
timbrewm,5,english:2092,0,279,604,mean,0,1024,-1.02329540
timbrewm,5,english:2092,0,279,604,tct,0,1024,-0.50593472
timbrewm,5,english:2092,0,279,295,mean,0,1024,-1.51099634
timbrewm,5,english:2092,0,279,295,tct,0,1024,-1.46988630
timbrewm,5,english:2092,0,279,411,mean,0,1024,-1.56549978
timbrewm,5,english:2092,0,279,411,tct,0,1024,-1.24004364
timbrewm,5,english:2092,0,279,404,mean,0,1024,-1.58830595
timbrewm,5,english:2092,0,279,404,tct,0,1024,-1.37438583
timbrewm,5,english:2092,0,279,798,mean,0,1024,-1.22657490
timbrewm,5,english:2092,0,279,798,tct,0,1024,-1.11644840
timbrewm,5,english:2092,0,279,107,mean,0,1024,-1.02111387
timbrewm,5,english:2092,0,279,107,tct,0,1024,-0.50751448
timbrewm,5,english:2092,0,279,745,mean,0,1024,-1.06595469
timbrewm,5,english:2092,0,279,745,tct,0,1024,-0.25246811
timbrewm,5,english:2092,1,280,901,mean,0,1024,-1.92737961
timbrewm,5,english:2092,1,280,901,tct,0,1024,-0.37852383
timbrewm,5,english:2092,1,280,445,mean,0,1024,-2.62960529
timbrewm,5,english:2092,1,280,445,tct,0,1024,-1.14741278
timbrewm,5,english:2092,1,280,945,mean,0,1024,-2.58216858
timbrewm,5,english:2092,1,280,945,tct,0,1024,-2.11908436
timbrewm,5,english:2092,1,280,671,mean,0,1024,-1.51826572
timbrewm,5,english:2092,1,280,671,tct,0,1024,-1.07953262
timbrewm,5,english:2092,1,280,940,mean,0,1024,-1.95222855
timbrewm,5,english:2092,1,280,940,tct,0,1024,-0.04415369
timbrewm,5,english:2092,1,280,1020,mean,0,1024,-3.68672752
timbrewm,5,english:2092,1,280,1020,tct,0,1024,-2.03633118
timbrewm,5,english:2092,1,280,388,mean,0,1024,-2.37720299
timbrewm,5,english:2092,1,280,388,tct,0,1024,-0.16078854
timbrewm,5,english:2092,1,280,988,mean,0,1024,-3.52777195
timbrewm,5,english:2092,1,280,988,tct,0,1024,-2.03491163
timbrewm,5,english:2092,1,280,533,mean,0,1024,-1.35178566
timbrewm,5,english:2092,1,280,533,tct,0,1024,-1.00502586
timbrewm,5,english:2092,1,280,767,mean,0,1024,-2.73336220
timbrewm,5,english:2092,1,280,767,tct,0,1024,-2.07188654
timbrewm,5,english:2092,2,281,634,mean,0,1024,-3.43022680
timbrewm,5,english:2092,2,281,634,tct,0,1024,-1.61575460
timbrewm,5,english:2092,2,281,458,mean,0,1024,-2.16654778
timbrewm,5,english:2092,2,281,458,tct,0,1024,-1.17586613
timbrewm,5,english:2092,2,281,967,mean,0,1024,-3.14116049
timbrewm,5,english:2092,2,281,967,tct,0,1024,-2.51218796
timbrewm,5,english:2092,2,281,104,mean,0,1024,-2.65897751
timbrewm,5,english:2092,2,281,104,tct,0,1024,-1.30865097
timbrewm,5,english:2092,2,281,635,mean,0,1024,-3.22291422
timbrewm,5,english:2092,2,281,635,tct,0,1024,-2.51883411
timbrewm,5,english:2092,2,281,605,mean,0,1024,-2.88119268
timbrewm,5,english:2092,2,281,605,tct,0,1024,-2.50165796
timbrewm,5,english:2092,2,281,113,mean,0,1024,-2.15309000
timbrewm,5,english:2092,2,281,113,tct,0,1024,-1.23840618
timbrewm,5,english:2092,2,281,879,mean,0,1024,-3.75804281
timbrewm,5,english:2092,2,281,879,tct,0,1024,-3.14863062
timbrewm,5,english:2092,2,281,569,mean,0,1024,-1.76637554
timbrewm,5,english:2092,2,281,569,tct,0,1024,-0.54096508
timbrewm,5,english:2092,2,281,153,mean,0,1024,-0.64722204
timbrewm,5,english:2092,2,281,153,tct,0,1024,-0.15437126
timbrewm,5,english:211,0,282,640,mean,0,1024,-3.88157845
timbrewm,5,english:211,0,282,640,tct,0,1024,-2.62813234
timbrewm,5,english:211,0,282,424,mean,0,1024,-1.38129234
timbrewm,5,english:211,0,282,424,tct,0,1024,-1.68227196
timbrewm,5,english:211,0,282,435,mean,0,1024,-1.81248283
timbrewm,5,english:211,0,282,435,tct,0,1024,-0.69312620
timbrewm,5,english:211,0,282,535,mean,0,1024,-3.38795853
timbrewm,5,english:211,0,282,535,tct,0,1024,-2.24995804
timbrewm,5,english:211,0,282,537,mean,0,1024,-2.27941895
timbrewm,5,english:211,0,282,537,tct,0,1024,-1.62310553
timbrewm,5,english:211,0,282,390,mean,0,1024,-2.68792343
timbrewm,5,english:211,0,282,390,tct,0,1024,-1.76415348
timbrewm,5,english:211,0,282,1021,mean,0,1024,-1.73268509
timbrewm,5,english:211,0,282,1021,tct,0,1024,-0.69159317
timbrewm,5,english:211,0,282,789,mean,0,1024,-2.59816217
timbrewm,5,english:211,0,282,789,tct,0,1024,-0.67637777
timbrewm,5,english:211,0,282,826,mean,0,1024,-1.84917831
timbrewm,5,english:211,0,282,826,tct,0,1024,-1.32165670
timbrewm,5,english:211,0,282,650,mean,0,1024,-3.01635170
timbrewm,5,english:211,0,282,650,tct,0,1024,-1.56192017
timbrewm,5,english:211,1,283,158,mean,0,1024,-1.20626307
timbrewm,5,english:211,1,283,158,tct,0,1024,-0.46544552
timbrewm,5,english:211,1,283,339,mean,0,1024,-3.15711784
timbrewm,5,english:211,1,283,339,tct,0,1024,-1.67277002
timbrewm,5,english:211,1,283,483,mean,0,1024,-1.82991028
timbrewm,5,english:211,1,283,483,tct,0,1024,-1.47552395
timbrewm,5,english:211,1,283,48,mean,0,1024,-3.03167343
timbrewm,5,english:211,1,283,48,tct,0,1024,-1.69649601
timbrewm,5,english:211,1,283,649,mean,0,1024,-1.60835266
timbrewm,5,english:211,1,283,649,tct,0,1024,-0.97252464
timbrewm,5,english:211,1,283,258,mean,0,1024,-2.55262756
timbrewm,5,english:211,1,283,258,tct,0,1024,-2.21760511
timbrewm,5,english:211,1,283,490,mean,0,1024,-0.33866596
timbrewm,5,english:211,1,283,490,tct,0,1024,-0.52969265
timbrewm,5,english:211,1,283,932,mean,0,1024,-1.18616676
timbrewm,5,english:211,1,283,932,tct,0,1024,-0.51125002
timbrewm,5,english:211,1,283,132,mean,0,1024,-1.86915874
timbrewm,5,english:211,1,283,132,tct,0,1024,-1.39472198
timbrewm,5,english:211,1,283,181,mean,0,1024,-2.58390045
timbrewm,5,english:211,1,283,181,tct,0,1024,-1.30736160
timbrewm,5,english:211,2,284,257,mean,0,1024,-1.76495743
timbrewm,5,english:211,2,284,257,tct,0,1024,-0.40828705
timbrewm,5,english:211,2,284,517,mean,0,1024,-1.28913212
timbrewm,5,english:211,2,284,517,tct,0,1024,-1.07662439
timbrewm,5,english:211,2,284,300,mean,0,1024,-2.99111557
timbrewm,5,english:211,2,284,300,tct,0,1024,-1.72914267
timbrewm,5,english:211,2,284,487,mean,0,1024,-2.26706886
timbrewm,5,english:211,2,284,487,tct,0,1024,-1.98934793
timbrewm,5,english:211,2,284,945,mean,0,1024,-1.13879490
timbrewm,5,english:211,2,284,945,tct,0,1024,-0.83886528
timbrewm,5,english:211,2,284,683,mean,0,1024,-2.43253422
timbrewm,5,english:211,2,284,683,tct,0,1024,-1.47030878
timbrewm,5,english:211,2,284,458,mean,0,1024,-2.49925804
timbrewm,5,english:211,2,284,458,tct,0,1024,-1.14411974
timbrewm,5,english:211,2,284,822,mean,0,1024,-2.93198967
timbrewm,5,english:211,2,284,822,tct,0,1024,-2.03816128
timbrewm,5,english:211,2,284,379,mean,0,1024,-2.64750910
timbrewm,5,english:211,2,284,379,tct,0,1024,-1.20022964
timbrewm,5,english:211,2,284,979,mean,0,1024,-0.92741251
timbrewm,5,english:211,2,284,979,tct,0,1024,-0.51454735
timbrewm,5,english:2136,0,285,109,mean,0,1024,-0.82812023
timbrewm,5,english:2136,0,285,109,tct,0,1024,-0.21575832
timbrewm,5,english:2136,0,285,815,mean,0,1024,-1.42881918
timbrewm,5,english:2136,0,285,815,tct,0,1024,-1.28056383
timbrewm,5,english:2136,0,285,118,mean,0,1024,-2.79411602
timbrewm,5,english:2136,0,285,118,tct,0,1024,-1.57617617
timbrewm,5,english:2136,0,285,271,mean,0,1024,-1.34128237
timbrewm,5,english:2136,0,285,271,tct,0,1024,-0.38700676
timbrewm,5,english:2136,0,285,7,mean,0,1024,-2.16729641
timbrewm,5,english:2136,0,285,7,tct,0,1024,-1.33980942
timbrewm,5,english:2136,0,285,725,mean,0,1024,-2.01011515
timbrewm,5,english:2136,0,285,725,tct,0,1024,-1.30296946
timbrewm,5,english:2136,0,285,426,mean,0,1024,-2.08570242
timbrewm,5,english:2136,0,285,426,tct,0,1024,-2.13256931
timbrewm,5,english:2136,0,285,469,mean,0,1024,-1.82727432
timbrewm,5,english:2136,0,285,469,tct,0,1024,-0.80677462
timbrewm,5,english:2136,0,285,918,mean,0,1024,-3.53836060
timbrewm,5,english:2136,0,285,918,tct,0,1024,-2.72478199
timbrewm,5,english:2136,0,285,6,mean,0,1024,-3.32940006
timbrewm,5,english:2136,0,285,6,tct,0,1024,-2.48708057
timbrewm,5,english:2136,1,286,731,mean,0,1024,-1.88774633
timbrewm,5,english:2136,1,286,731,tct,0,1024,-1.40258837
timbrewm,5,english:2136,1,286,200,mean,0,1024,-2.35816765
timbrewm,5,english:2136,1,286,200,tct,0,1024,-2.01149130
timbrewm,5,english:2136,1,286,102,mean,0,1024,-1.55336714
timbrewm,5,english:2136,1,286,102,tct,0,1024,-1.59874821
timbrewm,5,english:2136,1,286,317,mean,0,1024,-0.65679741
timbrewm,5,english:2136,1,286,317,tct,0,1024,-0.29930687
timbrewm,5,english:2136,1,286,863,mean,0,1024,-0.35882711
timbrewm,5,english:2136,1,286,863,tct,1,1024,0.01438761
timbrewm,5,english:2136,1,286,532,mean,0,1024,-0.48080873
timbrewm,5,english:2136,1,286,532,tct,0,1024,-0.07129717
timbrewm,5,english:2136,1,286,784,mean,0,1024,-0.14978361
timbrewm,5,english:2136,1,286,784,tct,0,1024,-0.18724108
timbrewm,5,english:2136,1,286,965,mean,0,1024,-1.76743412
timbrewm,5,english:2136,1,286,965,tct,0,1024,-1.75329304
timbrewm,5,english:2136,1,286,1016,mean,0,1024,-1.45226288
timbrewm,5,english:2136,1,286,1016,tct,0,1024,-0.85277796
timbrewm,5,english:2136,1,286,862,mean,0,1024,-0.14253139
timbrewm,5,english:2136,1,286,862,tct,0,1024,-0.05134678
timbrewm,5,english:2136,2,287,572,mean,0,1024,-4.03307962
timbrewm,5,english:2136,2,287,572,tct,0,1024,-2.26830244
timbrewm,5,english:2136,2,287,801,mean,0,1024,-2.55986357
timbrewm,5,english:2136,2,287,801,tct,0,1024,-1.32237911
timbrewm,5,english:2136,2,287,846,mean,0,1024,-1.55592680
timbrewm,5,english:2136,2,287,846,tct,1,1024,0.04022884
timbrewm,5,english:2136,2,287,341,mean,0,1024,-2.97735023
timbrewm,5,english:2136,2,287,341,tct,0,1024,-1.28558445
timbrewm,5,english:2136,2,287,474,mean,0,1024,-1.74429226
timbrewm,5,english:2136,2,287,474,tct,0,1024,-0.03480434
timbrewm,5,english:2136,2,287,754,mean,0,1024,-3.13911676
timbrewm,5,english:2136,2,287,754,tct,0,1024,-2.38570118
timbrewm,5,english:2136,2,287,761,mean,0,1024,-4.99423170
timbrewm,5,english:2136,2,287,761,tct,0,1024,-3.16093731
timbrewm,5,english:2136,2,287,548,mean,0,1024,-2.98788309
timbrewm,5,english:2136,2,287,548,tct,0,1024,-2.07008648
timbrewm,5,english:2136,2,287,609,mean,0,1024,-4.31010103
timbrewm,5,english:2136,2,287,609,tct,0,1024,-2.47276688
timbrewm,5,english:2136,2,287,739,mean,0,1024,-3.11157370
timbrewm,5,english:2136,2,287,739,tct,0,1024,-2.36985254
timbrewm,5,english:2159,0,288,692,mean,0,1024,-2.13824844
timbrewm,5,english:2159,0,288,692,tct,0,1024,-1.52218342
timbrewm,5,english:2159,0,288,548,mean,0,1024,-1.86541748
timbrewm,5,english:2159,0,288,548,tct,0,1024,-1.45377779
timbrewm,5,english:2159,0,288,596,mean,0,1024,-2.90314579
timbrewm,5,english:2159,0,288,596,tct,0,1024,-2.15255833
timbrewm,5,english:2159,0,288,136,mean,0,1024,-2.41534185
timbrewm,5,english:2159,0,288,136,tct,0,1024,-2.09899569
timbrewm,5,english:2159,0,288,263,mean,0,1024,-1.78920269
timbrewm,5,english:2159,0,288,263,tct,0,1024,-0.80348253
timbrewm,5,english:2159,0,288,715,mean,0,1024,-3.81522942
timbrewm,5,english:2159,0,288,715,tct,0,1024,-3.22993422
timbrewm,5,english:2159,0,288,270,mean,0,1024,-0.66869974
timbrewm,5,english:2159,0,288,270,tct,0,1024,-0.00825882
timbrewm,5,english:2159,0,288,696,mean,0,1024,-1.74664164
timbrewm,5,english:2159,0,288,696,tct,0,1024,-1.19142818
timbrewm,5,english:2159,0,288,830,mean,1,1024,0.03768253
timbrewm,5,english:2159,0,288,830,tct,1,1024,0.11001587
timbrewm,5,english:2159,0,288,322,mean,0,1024,-2.20180798
timbrewm,5,english:2159,0,288,322,tct,0,1024,-1.88050747
timbrewm,5,english:2159,1,289,629,mean,0,1024,-0.83695602
timbrewm,5,english:2159,1,289,629,tct,0,1024,-0.29288101
timbrewm,5,english:2159,1,289,180,mean,0,1024,-1.43091059
timbrewm,5,english:2159,1,289,180,tct,0,1024,-0.75392199
timbrewm,5,english:2159,1,289,543,mean,0,1024,-1.17619133
timbrewm,5,english:2159,1,289,543,tct,0,1024,-0.34387445
timbrewm,5,english:2159,1,289,1001,mean,0,1024,-2.01271486
timbrewm,5,english:2159,1,289,1001,tct,0,1024,-1.79000998
timbrewm,5,english:2159,1,289,949,mean,0,1024,-1.57540798
timbrewm,5,english:2159,1,289,949,tct,0,1024,-0.84213781
timbrewm,5,english:2159,1,289,608,mean,0,1024,-1.28773117
timbrewm,5,english:2159,1,289,608,tct,0,1024,-0.18498278
timbrewm,5,english:2159,1,289,573,mean,0,1024,-0.24320889
timbrewm,5,english:2159,1,289,573,tct,0,1024,-0.34261322
timbrewm,5,english:2159,1,289,351,mean,0,1024,-2.39262152
timbrewm,5,english:2159,1,289,351,tct,0,1024,-0.28016663
timbrewm,5,english:2159,1,289,248,mean,0,1024,-1.70838499
timbrewm,5,english:2159,1,289,248,tct,0,1024,-1.52958107
timbrewm,5,english:2159,1,289,136,mean,0,1024,-1.88461161
timbrewm,5,english:2159,1,289,136,tct,0,1024,-1.23438263
timbrewm,5,english:2159,2,290,148,mean,0,1024,-2.20034885
timbrewm,5,english:2159,2,290,148,tct,0,1024,-1.81484795
timbrewm,5,english:2159,2,290,0,mean,0,1024,-1.44192982
timbrewm,5,english:2159,2,290,0,tct,0,1024,-0.72561216
timbrewm,5,english:2159,2,290,489,mean,0,1024,-1.09672403
timbrewm,5,english:2159,2,290,489,tct,0,1024,-0.54668522
timbrewm,5,english:2159,2,290,522,mean,0,1024,-0.79091787
timbrewm,5,english:2159,2,290,522,tct,0,1024,-0.10778809
timbrewm,5,english:2159,2,290,313,mean,0,1024,-0.64084911
timbrewm,5,english:2159,2,290,313,tct,0,1024,-0.37914515
timbrewm,5,english:2159,2,290,862,mean,0,1024,-1.66793203
timbrewm,5,english:2159,2,290,862,tct,0,1024,-0.62758064
timbrewm,5,english:2159,2,290,427,mean,0,1024,-0.39657974
timbrewm,5,english:2159,2,290,427,tct,0,1024,-0.46257639
timbrewm,5,english:2159,2,290,158,mean,0,1024,-1.28991175
timbrewm,5,english:2159,2,290,158,tct,0,1024,-0.65357828
timbrewm,5,english:2159,2,290,349,mean,0,1024,-1.74764442
timbrewm,5,english:2159,2,290,349,tct,0,1024,-0.32349396
timbrewm,5,english:2159,2,290,72,mean,0,1024,-1.23163700
timbrewm,5,english:2159,2,290,72,tct,0,1024,-0.86314154
timbrewm,5,english:2182,0,291,171,mean,0,1024,-1.40577412
timbrewm,5,english:2182,0,291,171,tct,0,1024,-0.24870157
timbrewm,5,english:2182,0,291,596,mean,0,1024,-1.54456997
timbrewm,5,english:2182,0,291,596,tct,0,1024,-0.55877352
timbrewm,5,english:2182,0,291,707,mean,0,1024,-2.07057571
timbrewm,5,english:2182,0,291,707,tct,0,1024,-0.49288607
timbrewm,5,english:2182,0,291,849,mean,0,1024,-1.07194424
timbrewm,5,english:2182,0,291,849,tct,0,1024,-0.38099146
timbrewm,5,english:2182,0,291,908,mean,0,1024,-2.59836102
timbrewm,5,english:2182,0,291,908,tct,0,1024,-1.29756641
timbrewm,5,english:2182,0,291,292,mean,0,1024,-1.93344259
timbrewm,5,english:2182,0,291,292,tct,0,1024,-0.73020744
timbrewm,5,english:2182,0,291,833,mean,0,1024,-1.62561703
timbrewm,5,english:2182,0,291,833,tct,0,1024,-0.31651258
timbrewm,5,english:2182,0,291,323,mean,0,1024,-1.33733416
timbrewm,5,english:2182,0,291,323,tct,0,1024,-0.24767208
timbrewm,5,english:2182,0,291,706,mean,0,1024,-2.30194378
timbrewm,5,english:2182,0,291,706,tct,0,1024,-1.30048895
timbrewm,5,english:2182,0,291,598,mean,0,1024,-1.49360085
timbrewm,5,english:2182,0,291,598,tct,0,1024,-0.52269459
timbrewm,5,english:2182,1,292,466,mean,0,1024,-3.01781654
timbrewm,5,english:2182,1,292,466,tct,0,1024,-2.43288088
timbrewm,5,english:2182,1,292,24,mean,0,1024,-1.86499453
timbrewm,5,english:2182,1,292,24,tct,0,1024,-1.67635107
timbrewm,5,english:2182,1,292,438,mean,0,1024,-2.52371931
timbrewm,5,english:2182,1,292,438,tct,0,1024,-1.37298822
timbrewm,5,english:2182,1,292,728,mean,0,1024,-2.32018089
timbrewm,5,english:2182,1,292,728,tct,0,1024,-2.43096161
timbrewm,5,english:2182,1,292,830,mean,0,1024,-1.37572718
timbrewm,5,english:2182,1,292,830,tct,0,1024,-1.33471680
timbrewm,5,english:2182,1,292,661,mean,0,1024,-0.97064114
timbrewm,5,english:2182,1,292,661,tct,0,1024,-0.81792450
timbrewm,5,english:2182,1,292,346,mean,0,1024,-2.09046507
timbrewm,5,english:2182,1,292,346,tct,0,1024,-1.84287453
timbrewm,5,english:2182,1,292,968,mean,0,1024,-2.58082676
timbrewm,5,english:2182,1,292,968,tct,0,1024,-2.20307636
timbrewm,5,english:2182,1,292,170,mean,0,1024,-2.71461201
timbrewm,5,english:2182,1,292,170,tct,0,1024,-2.12172699
timbrewm,5,english:2182,1,292,368,mean,0,1024,-2.76268959
timbrewm,5,english:2182,1,292,368,tct,0,1024,-2.10567379
timbrewm,5,english:2182,2,293,949,mean,0,1024,-0.20777225
timbrewm,5,english:2182,2,293,949,tct,0,1024,-0.56093025
timbrewm,5,english:2182,2,293,840,mean,0,1024,-1.25954723
timbrewm,5,english:2182,2,293,840,tct,0,1024,-1.07639313
timbrewm,5,english:2182,2,293,593,mean,0,1024,-0.39272594
timbrewm,5,english:2182,2,293,593,tct,0,1024,-0.23363495
timbrewm,5,english:2182,2,293,334,mean,0,1024,-2.22975445
timbrewm,5,english:2182,2,293,334,tct,0,1024,-1.37037373
timbrewm,5,english:2182,2,293,702,mean,0,1024,-1.49140739
timbrewm,5,english:2182,2,293,702,tct,0,1024,-1.49085045
timbrewm,5,english:2182,2,293,707,mean,0,1024,-1.39832306
timbrewm,5,english:2182,2,293,707,tct,0,1024,-0.35221052
timbrewm,5,english:2182,2,293,462,mean,0,1024,-2.28531647
timbrewm,5,english:2182,2,293,462,tct,0,1024,-1.60256720
timbrewm,5,english:2182,2,293,535,mean,0,1024,-1.02747345
timbrewm,5,english:2182,2,293,535,tct,0,1024,-0.96365976
timbrewm,5,english:2182,2,293,222,mean,0,1024,-2.01870489
timbrewm,5,english:2182,2,293,222,tct,0,1024,-1.64752483
timbrewm,5,english:2182,2,293,1,mean,0,1024,-0.70621300
timbrewm,5,english:2182,2,293,1,tct,0,1024,-0.38595581
timbrewm,5,english:2196,0,294,601,mean,0,1024,-1.56562948
timbrewm,5,english:2196,0,294,601,tct,0,1024,-0.80005312
timbrewm,5,english:2196,0,294,759,mean,0,1024,-1.24765062
timbrewm,5,english:2196,0,294,759,tct,0,1024,-0.10766792
timbrewm,5,english:2196,0,294,36,mean,0,1024,-0.91083050
timbrewm,5,english:2196,0,294,36,tct,0,1024,-0.14970350
timbrewm,5,english:2196,0,294,655,mean,0,1024,-2.39243937
timbrewm,5,english:2196,0,294,655,tct,0,1024,-1.33248520
timbrewm,5,english:2196,0,294,519,mean,0,1024,-1.51403952
timbrewm,5,english:2196,0,294,519,tct,0,1024,-0.92105484
timbrewm,5,english:2196,0,294,549,mean,0,1024,-0.88509703
timbrewm,5,english:2196,0,294,549,tct,0,1024,-0.19729853
timbrewm,5,english:2196,0,294,1020,mean,0,1024,-2.35289288
timbrewm,5,english:2196,0,294,1020,tct,0,1024,-0.71613264
timbrewm,5,english:2196,0,294,722,mean,0,1024,-1.84861708
timbrewm,5,english:2196,0,294,722,tct,0,1024,-0.24787712
timbrewm,5,english:2196,0,294,330,mean,0,1024,-1.73418427
timbrewm,5,english:2196,0,294,330,tct,0,1024,-1.20431900
timbrewm,5,english:2196,0,294,832,mean,0,1024,-1.62630558
timbrewm,5,english:2196,0,294,832,tct,0,1024,-0.38233614
timbrewm,5,english:2196,1,295,528,mean,0,1024,-2.12531328
timbrewm,5,english:2196,1,295,528,tct,0,1024,-0.81928587
timbrewm,5,english:2196,1,295,119,mean,0,1024,-3.02475786
timbrewm,5,english:2196,1,295,119,tct,0,1024,-1.81839657
timbrewm,5,english:2196,1,295,75,mean,0,1024,-1.90035057
timbrewm,5,english:2196,1,295,75,tct,0,1024,-0.61521721
timbrewm,5,english:2196,1,295,688,mean,0,1024,-1.60727882
timbrewm,5,english:2196,1,295,688,tct,0,1024,-1.24944544
timbrewm,5,english:2196,1,295,786,mean,0,1024,-2.56901312
timbrewm,5,english:2196,1,295,786,tct,0,1024,-2.02077961
timbrewm,5,english:2196,1,295,400,mean,0,1024,-1.57529163
timbrewm,5,english:2196,1,295,400,tct,0,1024,-0.61020088
timbrewm,5,english:2196,1,295,598,mean,0,1024,-3.22926664
timbrewm,5,english:2196,1,295,598,tct,0,1024,-1.72918463
timbrewm,5,english:2196,1,295,523,mean,0,1024,-1.69227934
timbrewm,5,english:2196,1,295,523,tct,0,1024,-1.72028780
timbrewm,5,english:2196,1,295,277,mean,0,1024,-1.97572803
timbrewm,5,english:2196,1,295,277,tct,0,1024,-0.55091476
timbrewm,5,english:2196,1,295,419,mean,0,1024,-1.33805418
timbrewm,5,english:2196,1,295,419,tct,0,1024,-0.38240719
timbrewm,5,english:2196,2,296,719,mean,0,1024,-1.61317444
timbrewm,5,english:2196,2,296,719,tct,0,1024,-0.28761244
timbrewm,5,english:2196,2,296,4,mean,0,1024,-4.26642132
timbrewm,5,english:2196,2,296,4,tct,0,1024,-2.79908943
timbrewm,5,english:2196,2,296,515,mean,0,1024,-2.75123787
timbrewm,5,english:2196,2,296,515,tct,0,1024,-1.91401434
timbrewm,5,english:2196,2,296,615,mean,0,1024,-1.85136414
timbrewm,5,english:2196,2,296,615,tct,0,1024,-0.58231640
timbrewm,5,english:2196,2,296,920,mean,0,1024,-2.42656612
timbrewm,5,english:2196,2,296,920,tct,0,1024,-1.76512194
timbrewm,5,english:2196,2,296,122,mean,0,1024,-1.74049377
timbrewm,5,english:2196,2,296,122,tct,0,1024,-1.23649693
timbrewm,5,english:2196,2,296,748,mean,0,1024,-1.63580132
timbrewm,5,english:2196,2,296,748,tct,0,1024,-0.92555475
timbrewm,5,english:2196,2,296,384,mean,0,1024,-4.03509808
timbrewm,5,english:2196,2,296,384,tct,0,1024,-3.43222857
timbrewm,5,english:2196,2,296,742,mean,0,1024,-2.06298876
timbrewm,5,english:2196,2,296,742,tct,0,1024,-0.42500067
timbrewm,5,english:2196,2,296,459,mean,0,1024,-1.93988609
timbrewm,5,english:2196,2,296,459,tct,0,1024,-1.08420324
timbrewm,5,english:226,0,297,654,mean,0,1024,-1.25668764
timbrewm,5,english:226,0,297,654,tct,0,1024,-0.81577349
timbrewm,5,english:226,0,297,280,mean,0,1024,-1.48823977
timbrewm,5,english:226,0,297,280,tct,0,1024,-0.91026115
timbrewm,5,english:226,0,297,176,mean,0,1024,-1.72384977
timbrewm,5,english:226,0,297,176,tct,0,1024,-0.81937313
timbrewm,5,english:226,0,297,556,mean,0,1024,-0.23338175
timbrewm,5,english:226,0,297,556,tct,0,1024,-0.06413889
timbrewm,5,english:226,0,297,420,mean,0,1024,-1.50634050
timbrewm,5,english:226,0,297,420,tct,0,1024,-0.11377811
timbrewm,5,english:226,0,297,416,mean,0,1024,-2.07944393
timbrewm,5,english:226,0,297,416,tct,0,1024,-0.86674070
timbrewm,5,english:226,0,297,521,mean,0,1024,-1.69832563
timbrewm,5,english:226,0,297,521,tct,0,1024,-1.24138069
timbrewm,5,english:226,0,297,658,mean,0,1024,-2.12480593
timbrewm,5,english:226,0,297,658,tct,0,1024,-1.24732256
timbrewm,5,english:226,0,297,359,mean,0,1024,-2.01832962
timbrewm,5,english:226,0,297,359,tct,0,1024,-1.21535587
timbrewm,5,english:226,0,297,588,mean,0,1024,-1.49868250
timbrewm,5,english:226,0,297,588,tct,0,1024,-1.07014847
timbrewm,5,english:226,1,298,324,mean,0,1024,-3.42431545
timbrewm,5,english:226,1,298,324,tct,0,1024,-2.62075138
timbrewm,5,english:226,1,298,688,mean,0,1024,-2.37071609
timbrewm,5,english:226,1,298,688,tct,0,1024,-1.40333080
timbrewm,5,english:226,1,298,997,mean,0,1024,-2.92538261
timbrewm,5,english:226,1,298,997,tct,0,1024,-2.35960197
timbrewm,5,english:226,1,298,817,mean,0,1024,-2.91992378
timbrewm,5,english:226,1,298,817,tct,0,1024,-1.35276270
timbrewm,5,english:226,1,298,852,mean,0,1024,-2.59439659
timbrewm,5,english:226,1,298,852,tct,0,1024,-1.62402201
timbrewm,5,english:226,1,298,842,mean,0,1024,-3.38631725
timbrewm,5,english:226,1,298,842,tct,0,1024,-2.56938839
timbrewm,5,english:226,1,298,738,mean,0,1024,-4.50581360
timbrewm,5,english:226,1,298,738,tct,0,1024,-3.67056131
timbrewm,5,english:226,1,298,29,mean,0,1024,-1.84561777
timbrewm,5,english:226,1,298,29,tct,0,1024,-1.50036669
timbrewm,5,english:226,1,298,352,mean,0,1024,-4.60742664
timbrewm,5,english:226,1,298,352,tct,0,1024,-3.38438892
timbrewm,5,english:226,1,298,439,mean,0,1024,-3.14814281
timbrewm,5,english:226,1,298,439,tct,0,1024,-0.64501667
timbrewm,5,english:226,2,299,73,mean,0,1024,-2.06319237
timbrewm,5,english:226,2,299,73,tct,0,1024,-1.11970520
timbrewm,5,english:226,2,299,239,mean,0,1024,-3.51499557
timbrewm,5,english:226,2,299,239,tct,0,1024,-2.72014523
timbrewm,5,english:226,2,299,474,mean,0,1024,-2.28016567
timbrewm,5,english:226,2,299,474,tct,0,1024,-1.48122263
timbrewm,5,english:226,2,299,619,mean,0,1024,-1.78284836
timbrewm,5,english:226,2,299,619,tct,0,1024,-0.84277058
timbrewm,5,english:226,2,299,202,mean,0,1024,-2.39111185
timbrewm,5,english:226,2,299,202,tct,0,1024,-1.38464928
timbrewm,5,english:226,2,299,391,mean,0,1024,-4.94691849
timbrewm,5,english:226,2,299,391,tct,0,1024,-3.96330738
timbrewm,5,english:226,2,299,846,mean,0,1024,-2.54187679
timbrewm,5,english:226,2,299,846,tct,0,1024,-1.97360325
timbrewm,5,english:226,2,299,343,mean,0,1024,-4.36453915
timbrewm,5,english:226,2,299,343,tct,0,1024,-3.45964384
timbrewm,5,english:226,2,299,220,mean,0,1024,-2.77310848
timbrewm,5,english:226,2,299,220,tct,0,1024,-2.22231627
timbrewm,5,english:226,2,299,39,mean,0,1024,-5.47520256
timbrewm,5,english:226,2,299,39,tct,0,1024,-3.97914839
