model,K,spk,local_t,gi,target,method,target_top1
voicemark,2,121,0,0,3677,mean,0
voicemark,2,121,0,0,3677,tct,0
voicemark,2,121,0,0,3213,mean,0
voicemark,2,121,0,0,3213,tct,0
voicemark,2,121,0,0,2781,mean,0
voicemark,2,121,0,0,2781,tct,0
voicemark,2,121,0,0,3733,mean,0
voicemark,2,121,0,0,3733,tct,0
voicemark,2,121,0,0,1501,mean,0
voicemark,2,121,0,0,1501,tct,0
voicemark,2,121,0,0,3669,mean,0
voicemark,2,121,0,0,3669,tct,0
voicemark,2,121,0,0,3163,mean,0
voicemark,2,121,0,0,3163,tct,0
voicemark,2,121,0,0,2649,mean,0
voicemark,2,121,0,0,2649,tct,0
voicemark,2,121,0,0,20181,mean,0
voicemark,2,121,0,0,20181,tct,0
voicemark,2,121,0,0,3260,mean,0
voicemark,2,121,0,0,3260,tct,0
voicemark,2,121,1,1,34400,mean,0
voicemark,2,121,1,1,34400,tct,0
voicemark,2,121,1,1,46700,mean,0
voicemark,2,121,1,1,46700,tct,0
voicemark,2,121,1,1,34504,mean,0
voicemark,2,121,1,1,34504,tct,0
voicemark,2,121,1,1,34272,mean,0
voicemark,2,121,1,1,34272,tct,0
voicemark,2,121,1,1,42572,mean,0
voicemark,2,121,1,1,42572,tct,0
voicemark,2,121,1,1,42594,mean,0
voicemark,2,121,1,1,42594,tct,0
voicemark,2,121,1,1,42986,mean,0
voicemark,2,121,1,1,42986,tct,0
voicemark,2,121,1,1,42982,mean,0
voicemark,2,121,1,1,42982,tct,0
voicemark,2,121,1,1,46956,mean,0
voicemark,2,121,1,1,46956,tct,0
voicemark,2,121,1,1,34508,mean,0
voicemark,2,121,1,1,34508,tct,0
voicemark,2,121,2,2,51308,mean,0
voicemark,2,121,2,2,51308,tct,0
voicemark,2,121,2,2,24497,mean,0
voicemark,2,121,2,2,24497,tct,0
voicemark,2,121,2,2,51564,mean,0
voicemark,2,121,2,2,51564,tct,0
voicemark,2,121,2,2,57257,mean,0
voicemark,2,121,2,2,57257,tct,0
voicemark,2,121,2,2,24547,mean,0
voicemark,2,121,2,2,24547,tct,0
voicemark,2,121,2,2,35880,mean,0
voicemark,2,121,2,2,35880,tct,0
voicemark,2,121,2,2,39084,mean,0
voicemark,2,121,2,2,39084,tct,0
voicemark,2,121,2,2,40864,mean,0
voicemark,2,121,2,2,40864,tct,0
voicemark,2,121,2,2,51816,mean,0
voicemark,2,121,2,2,51816,tct,0
voicemark,2,121,2,2,56745,mean,0
voicemark,2,121,2,2,56745,tct,0
voicemark,2,121,3,3,38897,mean,0
voicemark,2,121,3,3,38897,tct,0
voicemark,2,121,3,3,37872,mean,0
voicemark,2,121,3,3,37872,tct,0
voicemark,2,121,3,3,55178,mean,0
voicemark,2,121,3,3,55178,tct,0
voicemark,2,121,3,3,37874,mean,0
voicemark,2,121,3,3,37874,tct,0
voicemark,2,121,3,3,22154,mean,0
voicemark,2,121,3,3,22154,tct,0
voicemark,2,121,3,3,63018,mean,0
voicemark,2,121,3,3,63018,tct,0
voicemark,2,121,3,3,37345,mean,0
voicemark,2,121,3,3,37345,tct,0
voicemark,2,121,3,3,41969,mean,0
voicemark,2,121,3,3,41969,tct,0
voicemark,2,121,3,3,5113,mean,0
voicemark,2,121,3,3,5113,tct,0
voicemark,2,121,3,3,63119,mean,0
voicemark,2,121,3,3,63119,tct,0
voicemark,2,237,0,4,4531,mean,0
voicemark,2,237,0,4,4531,tct,0
voicemark,2,237,0,4,12467,mean,0
voicemark,2,237,0,4,12467,tct,0
voicemark,2,237,0,4,13107,mean,0
voicemark,2,237,0,4,13107,tct,0
voicemark,2,237,0,4,19739,mean,0
voicemark,2,237,0,4,19739,tct,0
voicemark,2,237,0,4,18193,mean,0
voicemark,2,237,0,4,18193,tct,0
voicemark,2,237,0,4,28425,mean,0
voicemark,2,237,0,4,28425,tct,0
voicemark,2,237,0,4,18969,mean,0
voicemark,2,237,0,4,18969,tct,0
voicemark,2,237,0,4,19224,mean,0
voicemark,2,237,0,4,19224,tct,0
voicemark,2,237,0,4,19289,mean,0
voicemark,2,237,0,4,19289,tct,0
voicemark,2,237,0,4,2833,mean,0
voicemark,2,237,0,4,2833,tct,0
voicemark,2,237,1,5,11125,mean,0
voicemark,2,237,1,5,11125,tct,0
voicemark,2,237,1,5,55588,mean,0
voicemark,2,237,1,5,55588,tct,0
voicemark,2,237,1,5,57604,mean,0
voicemark,2,237,1,5,57604,tct,0
voicemark,2,237,1,5,26485,mean,0
voicemark,2,237,1,5,26485,tct,0
voicemark,2,237,1,5,27501,mean,0
voicemark,2,237,1,5,27501,tct,0
voicemark,2,237,1,5,39172,mean,0
voicemark,2,237,1,5,39172,tct,0
voicemark,2,237,1,5,25444,mean,0
voicemark,2,237,1,5,25444,tct,0
voicemark,2,237,1,5,59749,mean,0
voicemark,2,237,1,5,59749,tct,0
voicemark,2,237,1,5,54276,mean,0
voicemark,2,237,1,5,54276,tct,0
voicemark,2,237,1,5,24933,mean,0
voicemark,2,237,1,5,24933,tct,0
voicemark,2,237,2,6,48945,mean,0
voicemark,2,237,2,6,48945,tct,0
voicemark,2,237,2,6,15153,mean,0
voicemark,2,237,2,6,15153,tct,0
voicemark,2,237,2,6,15664,mean,0
voicemark,2,237,2,6,15664,tct,0
voicemark,2,237,2,6,15648,mean,0
voicemark,2,237,2,6,15648,tct,0
voicemark,2,237,2,6,16165,mean,0
voicemark,2,237,2,6,16165,tct,0
voicemark,2,237,2,6,16189,mean,0
voicemark,2,237,2,6,16189,tct,0
voicemark,2,237,2,6,32073,mean,0
voicemark,2,237,2,6,32073,tct,0
voicemark,2,237,2,6,47921,mean,0
voicemark,2,237,2,6,47921,tct,0
voicemark,2,237,2,6,60776,mean,0
voicemark,2,237,2,6,60776,tct,0
voicemark,2,237,2,6,13873,mean,0
voicemark,2,237,2,6,13873,tct,0
voicemark,2,237,3,7,4646,mean,0
voicemark,2,237,3,7,4646,tct,0
voicemark,2,237,3,7,6695,mean,0
voicemark,2,237,3,7,6695,tct,0
voicemark,2,237,3,7,6710,mean,0
voicemark,2,237,3,7,6710,tct,0
voicemark,2,237,3,7,55235,mean,0
voicemark,2,237,3,7,55235,tct,0
voicemark,2,237,3,7,22208,mean,0
voicemark,2,237,3,7,22208,tct,0
voicemark,2,237,3,7,22490,mean,0
voicemark,2,237,3,7,22490,tct,0
voicemark,2,237,3,7,56070,mean,0
voicemark,2,237,3,7,56070,tct,0
voicemark,2,237,3,7,39471,mean,0
voicemark,2,237,3,7,39471,tct,0
voicemark,2,237,3,7,57126,mean,0
voicemark,2,237,3,7,57126,tct,0
voicemark,2,237,3,7,6818,mean,0
voicemark,2,237,3,7,6818,tct,0
voicemark,2,260,0,8,50041,mean,0
voicemark,2,260,0,8,50041,tct,0
voicemark,2,260,0,8,15206,mean,0
voicemark,2,260,0,8,15206,tct,0
voicemark,2,260,0,8,49969,mean,0
voicemark,2,260,0,8,49969,tct,0
voicemark,2,260,0,8,43894,mean,0
voicemark,2,260,0,8,43894,tct,0
voicemark,2,260,0,8,60262,mean,0
voicemark,2,260,0,8,60262,tct,0
voicemark,2,260,0,8,2932,mean,0
voicemark,2,260,0,8,2932,tct,0
voicemark,2,260,0,8,27505,mean,0
voicemark,2,260,0,8,27505,tct,0
voicemark,2,260,0,8,52084,mean,0
voicemark,2,260,0,8,52084,tct,0
voicemark,2,260,0,8,52070,mean,0
voicemark,2,260,0,8,52070,tct,0
voicemark,2,260,0,8,17248,mean,0
voicemark,2,260,0,8,17248,tct,0
voicemark,2,260,1,9,64665,mean,0
voicemark,2,260,1,9,64665,tct,0
voicemark,2,260,1,9,37680,mean,0
voicemark,2,260,1,9,37680,tct,0
voicemark,2,260,1,9,5041,mean,0
voicemark,2,260,1,9,5041,tct,0
voicemark,2,260,1,9,29721,mean,0
voicemark,2,260,1,9,29721,tct,0
voicemark,2,260,1,9,38689,mean,0
voicemark,2,260,1,9,38689,tct,0
voicemark,2,260,1,9,15577,mean,0
voicemark,2,260,1,9,15577,tct,0
voicemark,2,260,1,9,4977,mean,0
voicemark,2,260,1,9,4977,tct,0
voicemark,2,260,1,9,37667,mean,0
voicemark,2,260,1,9,37667,tct,0
voicemark,2,260,1,9,15377,mean,0
voicemark,2,260,1,9,15377,tct,0
voicemark,2,260,1,9,54201,mean,0
voicemark,2,260,1,9,54201,tct,0
voicemark,2,260,2,10,43805,mean,0
voicemark,2,260,2,10,43805,tct,0
voicemark,2,260,2,10,60365,mean,0
voicemark,2,260,2,10,60365,tct,0
voicemark,2,260,2,10,59949,mean,0
voicemark,2,260,2,10,59949,tct,0
voicemark,2,260,2,10,60061,mean,0
voicemark,2,260,2,10,60061,tct,0
voicemark,2,260,2,10,64492,mean,0
voicemark,2,260,2,10,64492,tct,0
voicemark,2,260,2,10,47932,mean,0
voicemark,2,260,2,10,47932,tct,0
voicemark,2,260,2,10,60172,mean,0
voicemark,2,260,2,10,60172,tct,0
voicemark,2,260,2,10,41981,mean,0
voicemark,2,260,2,10,41981,tct,0
voicemark,2,260,2,10,35807,mean,0
voicemark,2,260,2,10,35807,tct,0
voicemark,2,260,2,10,43548,mean,0
voicemark,2,260,2,10,43548,tct,0
voicemark,2,260,3,11,25153,mean,0
voicemark,2,260,3,11,25153,tct,0
voicemark,2,260,3,11,21755,mean,0
voicemark,2,260,3,11,21755,tct,0
voicemark,2,260,3,11,22266,mean,0
voicemark,2,260,3,11,22266,tct,0
voicemark,2,260,3,11,25203,mean,0
voicemark,2,260,3,11,25203,tct,0
voicemark,2,260,3,11,7386,mean,0
voicemark,2,260,3,11,7386,tct,0
voicemark,2,260,3,11,5298,mean,0
voicemark,2,260,3,11,5298,tct,0
voicemark,2,260,3,11,1210,mean,0
voicemark,2,260,3,11,1210,tct,0
voicemark,2,260,3,11,25137,mean,0
voicemark,2,260,3,11,25137,tct,0
voicemark,2,260,3,11,5630,mean,0
voicemark,2,260,3,11,5630,tct,0
voicemark,2,260,3,11,21624,mean,0
voicemark,2,260,3,11,21624,tct,0
voicemark,2,672,0,12,35184,mean,0
voicemark,2,672,0,12,35184,tct,0
voicemark,2,672,0,12,56688,mean,0
voicemark,2,672,0,12,56688,tct,0
voicemark,2,672,0,12,36208,mean,0
voicemark,2,672,0,12,36208,tct,0
voicemark,2,672,0,12,54512,mean,0
voicemark,2,672,0,12,54512,tct,0
voicemark,2,672,0,12,52088,mean,0
voicemark,2,672,0,12,52088,tct,0
voicemark,2,672,0,12,53745,mean,0
voicemark,2,672,0,12,53745,tct,0
voicemark,2,672,0,12,50546,mean,0
voicemark,2,672,0,12,50546,tct,0
voicemark,2,672,0,12,60912,mean,0
voicemark,2,672,0,12,60912,tct,0
voicemark,2,672,0,12,24048,mean,0
voicemark,2,672,0,12,24048,tct,0
voicemark,2,672,0,12,2384,mean,0
voicemark,2,672,0,12,2384,tct,0
voicemark,2,672,1,13,46574,mean,0
voicemark,2,672,1,13,46574,tct,0
voicemark,2,672,1,13,8252,mean,0
voicemark,2,672,1,13,8252,tct,0
voicemark,2,672,1,13,42094,mean,0
voicemark,2,672,1,13,42094,tct,0
voicemark,2,672,1,13,62574,mean,0
voicemark,2,672,1,13,62574,tct,0
voicemark,2,672,1,13,27964,mean,0
voicemark,2,672,1,13,27964,tct,0
voicemark,2,672,1,13,46302,mean,0
voicemark,2,672,1,13,46302,tct,0
voicemark,2,672,1,13,18476,mean,0
voicemark,2,672,1,13,18476,tct,0
voicemark,2,672,1,13,30748,mean,0
voicemark,2,672,1,13,30748,tct,0
voicemark,2,672,1,13,26813,mean,0
voicemark,2,672,1,13,26813,tct,0
voicemark,2,672,1,13,38142,mean,0
voicemark,2,672,1,13,38142,tct,0
voicemark,2,672,2,14,39024,mean,0
voicemark,2,672,2,14,39024,tct,0
voicemark,2,672,2,14,39282,mean,0
voicemark,2,672,2,14,39282,tct,0
voicemark,2,672,2,14,41582,mean,0
voicemark,2,672,2,14,41582,tct,0
voicemark,2,672,2,14,37360,mean,0
voicemark,2,672,2,14,37360,tct,0
voicemark,2,672,2,14,47476,mean,0
voicemark,2,672,2,14,47476,tct,0
voicemark,2,672,2,14,62062,mean,0
voicemark,2,672,2,14,62062,tct,0
voicemark,2,672,2,14,58060,mean,0
voicemark,2,672,2,14,58060,tct,0
voicemark,2,672,2,14,41678,mean,0
voicemark,2,672,2,14,41678,tct,0
voicemark,2,672,2,14,39285,mean,0
voicemark,2,672,2,14,39285,tct,0
voicemark,2,672,2,14,47478,mean,0
voicemark,2,672,2,14,47478,tct,0
voicemark,2,672,3,15,48225,mean,0
voicemark,2,672,3,15,48225,tct,0
voicemark,2,672,3,15,50409,mean,0
voicemark,2,672,3,15,50409,tct,0
voicemark,2,672,3,15,48480,mean,0
voicemark,2,672,3,15,48480,tct,0
voicemark,2,672,3,15,16872,mean,0
voicemark,2,672,3,15,16872,tct,0
voicemark,2,672,3,15,16587,mean,0
voicemark,2,672,3,15,16587,tct,0
voicemark,2,672,3,15,43236,mean,0
voicemark,2,672,3,15,43236,tct,0
voicemark,2,672,3,15,57449,mean,0
voicemark,2,672,3,15,57449,tct,0
voicemark,2,672,3,15,36964,mean,0
voicemark,2,672,3,15,36964,tct,0
voicemark,2,672,3,15,3172,mean,0
voicemark,2,672,3,15,3172,tct,0
voicemark,2,672,3,15,35049,mean,0
voicemark,2,672,3,15,35049,tct,0
voicemark,2,908,0,16,1322,mean,0
voicemark,2,908,0,16,1322,tct,0
voicemark,2,908,0,16,9578,mean,0
voicemark,2,908,0,16,9578,tct,0
voicemark,2,908,0,16,50375,mean,0
voicemark,2,908,0,16,50375,tct,0
voicemark,2,908,0,16,42274,mean,0
voicemark,2,908,0,16,42274,tct,0
voicemark,2,908,0,16,50306,mean,0
voicemark,2,908,0,16,50306,tct,0
voicemark,2,908,0,16,52355,mean,0
voicemark,2,908,0,16,52355,tct,0
voicemark,2,908,0,16,52291,mean,0
voicemark,2,908,0,16,52291,tct,0
voicemark,2,908,0,16,50323,mean,0
voicemark,2,908,0,16,50323,tct,0
voicemark,2,908,0,16,50259,mean,0
voicemark,2,908,0,16,50259,tct,0
voicemark,2,908,0,16,50311,mean,0
voicemark,2,908,0,16,50311,tct,0
voicemark,2,908,1,17,18297,mean,0
voicemark,2,908,1,17,18297,tct,0
voicemark,2,908,1,17,53779,mean,0
voicemark,2,908,1,17,53779,tct,0
voicemark,2,908,1,17,55047,mean,0
voicemark,2,908,1,17,55047,tct,0
voicemark,2,908,1,17,61975,mean,0
voicemark,2,908,1,17,61975,tct,0
voicemark,2,908,1,17,38679,mean,0
voicemark,2,908,1,17,38679,tct,0
voicemark,2,908,1,17,17785,mean,0
voicemark,2,908,1,17,17785,tct,0
voicemark,2,908,1,17,55161,mean,0
voicemark,2,908,1,17,55161,tct,0
voicemark,2,908,1,17,18201,mean,0
voicemark,2,908,1,17,18201,tct,0
voicemark,2,908,1,17,22075,mean,0
voicemark,2,908,1,17,22075,tct,0
voicemark,2,908,1,17,21081,mean,0
voicemark,2,908,1,17,21081,tct,0
voicemark,2,908,2,18,40911,mean,0
voicemark,2,908,2,18,40911,tct,0
voicemark,2,908,2,18,5397,mean,0
voicemark,2,908,2,18,5397,tct,0
voicemark,2,908,2,18,4309,mean,0
voicemark,2,908,2,18,4309,tct,0
voicemark,2,908,2,18,12293,mean,0
voicemark,2,908,2,18,12293,tct,0
voicemark,2,908,2,18,20565,mean,0
voicemark,2,908,2,18,20565,tct,0
voicemark,2,908,2,18,40906,mean,0
voicemark,2,908,2,18,40906,tct,0
voicemark,2,908,2,18,36917,mean,0
voicemark,2,908,2,18,36917,tct,0
voicemark,2,908,2,18,8158,mean,0
voicemark,2,908,2,18,8158,tct,0
voicemark,2,908,2,18,47942,mean,0
voicemark,2,908,2,18,47942,tct,0
voicemark,2,908,2,18,15820,mean,0
voicemark,2,908,2,18,15820,tct,0
voicemark,2,908,3,19,39210,mean,0
voicemark,2,908,3,19,39210,tct,0
voicemark,2,908,3,19,7219,mean,0
voicemark,2,908,3,19,7219,tct,0
voicemark,2,908,3,19,47403,mean,0
voicemark,2,908,3,19,47403,tct,0
voicemark,2,908,3,19,15376,mean,0
voicemark,2,908,3,19,15376,tct,0
voicemark,2,908,3,19,3121,mean,0
voicemark,2,908,3,19,3121,tct,0
voicemark,2,908,3,19,7345,mean,0
voicemark,2,908,3,19,7345,tct,0
voicemark,2,908,3,19,7681,mean,0
voicemark,2,908,3,19,7681,tct,0
voicemark,2,908,3,19,7825,mean,0
voicemark,2,908,3,19,7825,tct,0
voicemark,2,908,3,19,40016,mean,0
voicemark,2,908,3,19,40016,tct,0
voicemark,2,908,3,19,7250,mean,0
voicemark,2,908,3,19,7250,tct,0
voicemark,2,1089,0,20,9083,mean,0
voicemark,2,1089,0,20,9083,tct,0
voicemark,2,1089,0,20,27515,mean,0
voicemark,2,1089,0,20,27515,tct,0
voicemark,2,1089,0,20,17263,mean,0
voicemark,2,1089,0,20,17263,tct,0
voicemark,2,1089,0,20,17407,mean,0
voicemark,2,1089,0,20,17407,tct,0
voicemark,2,1089,0,20,2875,mean,0
voicemark,2,1089,0,20,2875,tct,0
voicemark,2,1089,0,20,47397,mean,0
voicemark,2,1089,0,20,47397,tct,0
voicemark,2,1089,0,20,11063,mean,0
voicemark,2,1089,0,20,11063,tct,0
voicemark,2,1089,0,20,4923,mean,0
voicemark,2,1089,0,20,4923,tct,0
voicemark,2,1089,0,20,893,mean,0
voicemark,2,1089,0,20,893,tct,0
voicemark,2,1089,0,20,6521,mean,0
voicemark,2,1089,0,20,6521,tct,0
voicemark,2,1089,1,21,16987,mean,0
voicemark,2,1089,1,21,16987,tct,0
voicemark,2,1089,1,21,29402,mean,0
voicemark,2,1089,1,21,29402,tct,0
voicemark,2,1089,1,21,62425,mean,0
voicemark,2,1089,1,21,62425,tct,0
voicemark,2,1089,1,21,29208,mean,0
voicemark,2,1089,1,21,29208,tct,0
voicemark,2,1089,1,21,62456,mean,0
voicemark,2,1089,1,21,62456,tct,0
voicemark,2,1089,1,21,25592,mean,0
voicemark,2,1089,1,21,25592,tct,0
voicemark,2,1089,1,21,25544,mean,0
voicemark,2,1089,1,21,25544,tct,0
voicemark,2,1089,1,21,49693,mean,0
voicemark,2,1089,1,21,49693,tct,0
voicemark,2,1089,1,21,59931,mean,0
voicemark,2,1089,1,21,59931,tct,0
voicemark,2,1089,1,21,539,mean,0
voicemark,2,1089,1,21,539,tct,0
voicemark,2,1089,2,22,27460,mean,0
voicemark,2,1089,2,22,27460,tct,0
voicemark,2,1089,2,22,25414,mean,0
voicemark,2,1089,2,22,25414,tct,0
voicemark,2,1089,2,22,25445,mean,0
voicemark,2,1089,2,22,25445,tct,0
voicemark,2,1089,2,22,62341,mean,0
voicemark,2,1089,2,22,62341,tct,0
voicemark,2,1089,2,22,58245,mean,0
voicemark,2,1089,2,22,58245,tct,0
voicemark,2,1089,2,22,25410,mean,0
voicemark,2,1089,2,22,25410,tct,0
voicemark,2,1089,2,22,62081,mean,0
voicemark,2,1089,2,22,62081,tct,0
voicemark,2,1089,2,22,17348,mean,0
voicemark,2,1089,2,22,17348,tct,0
voicemark,2,1089,2,22,9029,mean,0
voicemark,2,1089,2,22,9029,tct,0
voicemark,2,1089,2,22,62389,mean,0
voicemark,2,1089,2,22,62389,tct,0
voicemark,2,1089,3,23,39047,mean,0
voicemark,2,1089,3,23,39047,tct,0
voicemark,2,1089,3,23,15511,mean,0
voicemark,2,1089,3,23,15511,tct,0
voicemark,2,1089,3,23,47247,mean,0
voicemark,2,1089,3,23,47247,tct,0
voicemark,2,1089,3,23,2650,mean,0
voicemark,2,1089,3,23,2650,tct,0
voicemark,2,1089,3,23,3706,mean,0
voicemark,2,1089,3,23,3706,tct,0
voicemark,2,1089,3,23,3966,mean,0
voicemark,2,1089,3,23,3966,tct,0
voicemark,2,1089,3,23,48325,mean,0
voicemark,2,1089,3,23,48325,tct,0
voicemark,2,1089,3,23,20094,mean,0
voicemark,2,1089,3,23,20094,tct,0
voicemark,2,1089,3,23,64643,mean,0
voicemark,2,1089,3,23,64643,tct,0
voicemark,2,1089,3,23,2615,mean,0
voicemark,2,1089,3,23,2615,tct,0
voicemark,2,1188,0,24,61774,mean,0
voicemark,2,1188,0,24,61774,tct,0
voicemark,2,1188,0,24,55374,mean,0
voicemark,2,1188,0,24,55374,tct,0
voicemark,2,1188,0,24,53452,mean,0
voicemark,2,1188,0,24,53452,tct,0
voicemark,2,1188,0,24,45068,mean,0
voicemark,2,1188,0,24,45068,tct,0
voicemark,2,1188,0,24,45196,mean,0
voicemark,2,1188,0,24,45196,tct,0
voicemark,2,1188,0,24,45126,mean,0
voicemark,2,1188,0,24,45126,tct,0
voicemark,2,1188,0,24,6788,mean,0
voicemark,2,1188,0,24,6788,tct,0
voicemark,2,1188,0,24,61766,mean,0
voicemark,2,1188,0,24,61766,tct,0
voicemark,2,1188,0,24,61775,mean,0
voicemark,2,1188,0,24,61775,tct,0
voicemark,2,1188,0,24,61515,mean,0
voicemark,2,1188,0,24,61515,tct,0
voicemark,2,1188,1,25,65148,mean,0
voicemark,2,1188,1,25,65148,tct,0
voicemark,2,1188,1,25,32124,mean,0
voicemark,2,1188,1,25,32124,tct,0
voicemark,2,1188,1,25,22133,mean,0
voicemark,2,1188,1,25,22133,tct,0
voicemark,2,1188,1,25,22396,mean,0
voicemark,2,1188,1,25,22396,tct,0
voicemark,2,1188,1,25,21628,mean,0
voicemark,2,1188,1,25,21628,tct,0
voicemark,2,1188,1,25,64885,mean,0
voicemark,2,1188,1,25,64885,tct,0
voicemark,2,1188,1,25,32629,mean,0
voicemark,2,1188,1,25,32629,tct,0
voicemark,2,1188,1,25,21567,mean,0
voicemark,2,1188,1,25,21567,tct,0
voicemark,2,1188,1,25,29717,mean,0
voicemark,2,1188,1,25,29717,tct,0
voicemark,2,1188,1,25,30324,mean,0
voicemark,2,1188,1,25,30324,tct,0
voicemark,2,1188,2,26,41422,mean,0
voicemark,2,1188,2,26,41422,tct,0
voicemark,2,1188,2,26,36972,mean,0
voicemark,2,1188,2,26,36972,tct,0
voicemark,2,1188,2,26,63951,mean,0
voicemark,2,1188,2,26,63951,tct,0
voicemark,2,1188,2,26,10719,mean,0
voicemark,2,1188,2,26,10719,tct,0
voicemark,2,1188,2,26,10735,mean,0
voicemark,2,1188,2,26,10735,tct,0
voicemark,2,1188,2,26,53352,mean,0
voicemark,2,1188,2,26,53352,tct,0
voicemark,2,1188,2,26,54398,mean,0
voicemark,2,1188,2,26,54398,tct,0
voicemark,2,1188,2,26,54332,mean,0
voicemark,2,1188,2,26,54332,tct,0
voicemark,2,1188,2,26,53343,mean,0
voicemark,2,1188,2,26,53343,tct,0
voicemark,2,1188,2,26,45518,mean,0
voicemark,2,1188,2,26,45518,tct,0
voicemark,2,1188,3,27,35684,mean,0
voicemark,2,1188,3,27,35684,tct,0
voicemark,2,1188,3,27,35190,mean,0
voicemark,2,1188,3,27,35190,tct,0
voicemark,2,1188,3,27,47219,mean,0
voicemark,2,1188,3,27,47219,tct,0
voicemark,2,1188,3,27,33639,mean,0
voicemark,2,1188,3,27,33639,tct,0
voicemark,2,1188,3,27,47231,mean,0
voicemark,2,1188,3,27,47231,tct,0
voicemark,2,1188,3,27,36711,mean,0
voicemark,2,1188,3,27,36711,tct,0
voicemark,2,1188,3,27,12409,mean,0
voicemark,2,1188,3,27,12409,tct,0
voicemark,2,1188,3,27,34926,mean,0
voicemark,2,1188,3,27,34926,tct,0
voicemark,2,1188,3,27,39027,mean,0
voicemark,2,1188,3,27,39027,tct,0
voicemark,2,1188,3,27,33142,mean,0
voicemark,2,1188,3,27,33142,tct,0
voicemark,2,1221,0,28,19584,mean,0
voicemark,2,1221,0,28,19584,tct,0
voicemark,2,1221,0,28,16407,mean,0
voicemark,2,1221,0,28,16407,tct,0
voicemark,2,1221,0,28,49303,mean,0
voicemark,2,1221,0,28,49303,tct,0
voicemark,2,1221,0,28,19600,mean,0
voicemark,2,1221,0,28,19600,tct,0
voicemark,2,1221,0,28,3200,mean,0
voicemark,2,1221,0,28,3200,tct,0
voicemark,2,1221,0,28,19328,mean,0
voicemark,2,1221,0,28,19328,tct,0
voicemark,2,1221,0,28,49207,mean,0
voicemark,2,1221,0,28,49207,tct,0
voicemark,2,1221,0,28,20096,mean,0
voicemark,2,1221,0,28,20096,tct,0
voicemark,2,1221,0,28,18447,mean,0
voicemark,2,1221,0,28,18447,tct,0
voicemark,2,1221,0,28,17810,mean,0
voicemark,2,1221,0,28,17810,tct,0
voicemark,2,1221,1,29,4613,mean,0
voicemark,2,1221,1,29,4613,tct,0
voicemark,2,1221,1,29,18702,mean,0
voicemark,2,1221,1,29,18702,tct,0
voicemark,2,1221,1,29,18820,mean,0
voicemark,2,1221,1,29,18820,tct,0
voicemark,2,1221,1,29,18566,mean,0
voicemark,2,1221,1,29,18566,tct,0
voicemark,2,1221,1,29,37525,mean,0
voicemark,2,1221,1,29,37525,tct,0
voicemark,2,1221,1,29,18698,mean,0
voicemark,2,1221,1,29,18698,tct,0
voicemark,2,1221,1,29,19846,mean,0
voicemark,2,1221,1,29,19846,tct,0
voicemark,2,1221,1,29,37409,mean,0
voicemark,2,1221,1,29,37409,tct,0
voicemark,2,1221,1,29,27018,mean,0
voicemark,2,1221,1,29,27018,tct,0
voicemark,2,1221,1,29,33029,mean,0
voicemark,2,1221,1,29,33029,tct,0
voicemark,2,1221,2,30,29794,mean,0
voicemark,2,1221,2,30,29794,tct,0
voicemark,2,1221,2,30,28866,mean,0
voicemark,2,1221,2,30,28866,tct,0
voicemark,2,1221,2,30,29698,mean,0
voicemark,2,1221,2,30,29698,tct,0
voicemark,2,1221,2,30,27778,mean,0
voicemark,2,1221,2,30,27778,tct,0
voicemark,2,1221,2,30,31878,mean,0
voicemark,2,1221,2,30,31878,tct,0
voicemark,2,1221,2,30,20586,mean,0
voicemark,2,1221,2,30,20586,tct,0
voicemark,2,1221,2,30,26626,mean,0
voicemark,2,1221,2,30,26626,tct,0
voicemark,2,1221,2,30,30720,mean,0
voicemark,2,1221,2,30,30720,tct,0
voicemark,2,1221,2,30,31110,mean,0
voicemark,2,1221,2,30,31110,tct,0
voicemark,2,1221,2,30,21604,mean,0
voicemark,2,1221,2,30,21604,tct,0
voicemark,2,1221,3,31,65068,mean,0
voicemark,2,1221,3,31,65068,tct,0
voicemark,2,1221,3,31,32293,mean,0
voicemark,2,1221,3,31,32293,tct,0
voicemark,2,1221,3,31,20103,mean,0
voicemark,2,1221,3,31,20103,tct,0
voicemark,2,1221,3,31,54820,mean,0
voicemark,2,1221,3,31,54820,tct,0
voicemark,2,1221,3,31,40484,mean,0
voicemark,2,1221,3,31,40484,tct,0
voicemark,2,1221,3,31,51143,mean,0
voicemark,2,1221,3,31,51143,tct,0
voicemark,2,1221,3,31,65196,mean,0
voicemark,2,1221,3,31,65196,tct,0
voicemark,2,1221,3,31,61221,mean,0
voicemark,2,1221,3,31,61221,tct,0
voicemark,2,1221,3,31,59044,mean,0
voicemark,2,1221,3,31,59044,tct,0
voicemark,2,1221,3,31,54919,mean,0
voicemark,2,1221,3,31,54919,tct,0
voicemark,2,1284,0,32,3529,mean,0
voicemark,2,1284,0,32,3529,tct,0
voicemark,2,1284,0,32,35208,mean,0
voicemark,2,1284,0,32,35208,tct,0
voicemark,2,1284,0,32,163,mean,0
voicemark,2,1284,0,32,163,tct,0
voicemark,2,1284,0,32,1699,mean,0
voicemark,2,1284,0,32,1699,tct,0
voicemark,2,1284,0,32,44424,mean,0
voicemark,2,1284,0,32,44424,tct,0
voicemark,2,1284,0,32,8834,mean,0
voicemark,2,1284,0,32,8834,tct,0
voicemark,2,1284,0,32,53192,mean,0
voicemark,2,1284,0,32,53192,tct,0
voicemark,2,1284,0,32,2243,mean,0
voicemark,2,1284,0,32,2243,tct,0
voicemark,2,1284,0,32,35715,mean,0
voicemark,2,1284,0,32,35715,tct,0
voicemark,2,1284,0,32,36332,mean,0
voicemark,2,1284,0,32,36332,tct,0
voicemark,2,1284,1,33,34989,mean,0
voicemark,2,1284,1,33,34989,tct,0
voicemark,2,1284,1,33,39977,mean,0
voicemark,2,1284,1,33,39977,tct,0
voicemark,2,1284,1,33,24730,mean,0
voicemark,2,1284,1,33,24730,tct,0
voicemark,2,1284,1,33,35049,mean,0
voicemark,2,1284,1,33,35049,tct,0
voicemark,2,1284,1,33,38952,mean,0
voicemark,2,1284,1,33,38952,tct,0
voicemark,2,1284,1,33,41000,mean,0
voicemark,2,1284,1,33,41000,tct,0
voicemark,2,1284,1,33,26682,mean,0
voicemark,2,1284,1,33,26682,tct,0
voicemark,2,1284,1,33,25842,mean,0
voicemark,2,1284,1,33,25842,tct,0
voicemark,2,1284,1,33,2104,mean,0
voicemark,2,1284,1,33,2104,tct,0
voicemark,2,1284,1,33,35896,mean,0
voicemark,2,1284,1,33,35896,tct,0
voicemark,2,1284,2,34,57444,mean,0
voicemark,2,1284,2,34,57444,tct,0
voicemark,2,1284,2,34,10347,mean,0
voicemark,2,1284,2,34,10347,tct,0
voicemark,2,1284,2,34,2091,mean,0
voicemark,2,1284,2,34,2091,tct,0
voicemark,2,1284,2,34,41317,mean,0
voicemark,2,1284,2,34,41317,tct,0
voicemark,2,1284,2,34,58732,mean,0
voicemark,2,1284,2,34,58732,tct,0
voicemark,2,1284,2,34,2539,mean,0
voicemark,2,1284,2,34,2539,tct,0
voicemark,2,1284,2,34,57644,mean,0
voicemark,2,1284,2,34,57644,tct,0
voicemark,2,1284,2,34,3178,mean,0
voicemark,2,1284,2,34,3178,tct,0
voicemark,2,1284,2,34,16747,mean,0
voicemark,2,1284,2,34,16747,tct,0
voicemark,2,1284,2,34,57441,mean,0
voicemark,2,1284,2,34,57441,tct,0
voicemark,2,1284,3,35,15130,mean,0
voicemark,2,1284,3,35,15130,tct,0
voicemark,2,1284,3,35,6531,mean,0
voicemark,2,1284,3,35,6531,tct,0
voicemark,2,1284,3,35,10842,mean,0
voicemark,2,1284,3,35,10842,tct,0
voicemark,2,1284,3,35,4417,mean,0
voicemark,2,1284,3,35,4417,tct,0
voicemark,2,1284,3,35,6341,mean,0
voicemark,2,1284,3,35,6341,tct,0
voicemark,2,1284,3,35,31169,mean,0
voicemark,2,1284,3,35,31169,tct,0
voicemark,2,1284,3,35,14491,mean,0
voicemark,2,1284,3,35,14491,tct,0
voicemark,2,1284,3,35,14554,mean,0
voicemark,2,1284,3,35,14554,tct,0
voicemark,2,1284,3,35,15112,mean,0
voicemark,2,1284,3,35,15112,tct,0
voicemark,2,1284,3,35,43546,mean,0
voicemark,2,1284,3,35,43546,tct,0
voicemark,2,1320,0,36,48686,mean,0
voicemark,2,1320,0,36,48686,tct,0
voicemark,2,1320,0,36,55919,mean,0
voicemark,2,1320,0,36,55919,tct,0
voicemark,2,1320,0,36,52842,mean,0
voicemark,2,1320,0,36,52842,tct,0
voicemark,2,1320,0,36,36394,mean,0
voicemark,2,1320,0,36,36394,tct,0
voicemark,2,1320,0,36,48875,mean,0
voicemark,2,1320,0,36,48875,tct,0
voicemark,2,1320,0,36,65065,mean,0
voicemark,2,1320,0,36,65065,tct,0
voicemark,2,1320,0,36,20078,mean,0
voicemark,2,1320,0,36,20078,tct,0
voicemark,2,1320,0,36,55886,mean,0
voicemark,2,1320,0,36,55886,tct,0
voicemark,2,1320,0,36,44603,mean,0
voicemark,2,1320,0,36,44603,tct,0
voicemark,2,1320,0,36,17006,mean,0
voicemark,2,1320,0,36,17006,tct,0
voicemark,2,1320,1,37,18899,mean,0
voicemark,2,1320,1,37,18899,tct,0
voicemark,2,1320,1,37,16859,mean,0
voicemark,2,1320,1,37,16859,tct,0
voicemark,2,1320,1,37,16723,mean,0
voicemark,2,1320,1,37,16723,tct,0
voicemark,2,1320,1,37,17366,mean,0
voicemark,2,1320,1,37,17366,tct,0
voicemark,2,1320,1,37,17874,mean,0
voicemark,2,1320,1,37,17874,tct,0
voicemark,2,1320,1,37,23517,mean,0
voicemark,2,1320,1,37,23517,tct,0
voicemark,2,1320,1,37,27644,mean,0
voicemark,2,1320,1,37,27644,tct,0
voicemark,2,1320,1,37,17859,mean,0
voicemark,2,1320,1,37,17859,tct,0
voicemark,2,1320,1,37,27356,mean,0
voicemark,2,1320,1,37,27356,tct,0
voicemark,2,1320,1,37,19931,mean,0
voicemark,2,1320,1,37,19931,tct,0
voicemark,2,1320,2,38,45730,mean,0
voicemark,2,1320,2,38,45730,tct,0
voicemark,2,1320,2,38,53223,mean,0
voicemark,2,1320,2,38,53223,tct,0
voicemark,2,1320,2,38,8864,mean,0
voicemark,2,1320,2,38,8864,tct,0
voicemark,2,1320,2,38,34466,mean,0
voicemark,2,1320,2,38,34466,tct,0
voicemark,2,1320,2,38,62114,mean,0
voicemark,2,1320,2,38,62114,tct,0
voicemark,2,1320,2,38,17893,mean,0
voicemark,2,1320,2,38,17893,tct,0
voicemark,2,1320,2,38,18421,mean,0
voicemark,2,1320,2,38,18421,tct,0
voicemark,2,1320,2,38,8165,mean,0
voicemark,2,1320,2,38,8165,tct,0
voicemark,2,1320,2,38,33450,mean,0
voicemark,2,1320,2,38,33450,tct,0
voicemark,2,1320,2,38,36581,mean,0
voicemark,2,1320,2,38,36581,tct,0
voicemark,2,1320,3,39,7495,mean,0
voicemark,2,1320,3,39,7495,tct,0
voicemark,2,1320,3,39,44415,mean,0
voicemark,2,1320,3,39,44415,tct,0
voicemark,2,1320,3,39,52583,mean,0
voicemark,2,1320,3,39,52583,tct,0
voicemark,2,1320,3,39,6475,mean,0
voicemark,2,1320,3,39,6475,tct,0
voicemark,2,1320,3,39,48503,mean,0
voicemark,2,1320,3,39,48503,tct,0
voicemark,2,1320,3,39,36135,mean,0
voicemark,2,1320,3,39,36135,tct,0
voicemark,2,1320,3,39,40394,mean,0
voicemark,2,1320,3,39,40394,tct,0
voicemark,2,1320,3,39,8075,mean,0
voicemark,2,1320,3,39,8075,tct,0
voicemark,2,1320,3,39,34166,mean,0
voicemark,2,1320,3,39,34166,tct,0
voicemark,2,1320,3,39,40305,mean,0
voicemark,2,1320,3,39,40305,tct,0
voicemark,2,1580,0,40,65494,mean,0
voicemark,2,1580,0,40,65494,tct,0
voicemark,2,1580,0,40,24566,mean,0
voicemark,2,1580,0,40,24566,tct,0
voicemark,2,1580,0,40,65238,mean,0
voicemark,2,1580,0,40,65238,tct,0
voicemark,2,1580,0,40,32427,mean,0
voicemark,2,1580,0,40,32427,tct,0
voicemark,2,1580,0,40,56774,mean,0
voicemark,2,1580,0,40,56774,tct,0
voicemark,2,1580,0,40,53214,mean,0
voicemark,2,1580,0,40,53214,tct,0
voicemark,2,1580,0,40,55238,mean,0
voicemark,2,1580,0,40,55238,tct,0
voicemark,2,1580,0,40,57142,mean,0
voicemark,2,1580,0,40,57142,tct,0
voicemark,2,1580,0,40,65374,mean,0
voicemark,2,1580,0,40,65374,tct,0
voicemark,2,1580,0,40,48827,mean,0
voicemark,2,1580,0,40,48827,tct,0
voicemark,2,1580,1,41,13003,mean,0
voicemark,2,1580,1,41,13003,tct,0
voicemark,2,1580,1,41,4827,mean,0
voicemark,2,1580,1,41,4827,tct,0
voicemark,2,1580,1,41,35722,mean,0
voicemark,2,1580,1,41,35722,tct,0
voicemark,2,1580,1,41,2952,mean,0
voicemark,2,1580,1,41,2952,tct,0
voicemark,2,1580,1,41,46811,mean,0
voicemark,2,1580,1,41,46811,tct,0
voicemark,2,1580,1,41,34568,mean,0
voicemark,2,1580,1,41,34568,tct,0
voicemark,2,1580,1,41,14939,mean,0
voicemark,2,1580,1,41,14939,tct,0
voicemark,2,1580,1,41,62171,mean,0
voicemark,2,1580,1,41,62171,tct,0
voicemark,2,1580,1,41,36618,mean,0
voicemark,2,1580,1,41,36618,tct,0
voicemark,2,1580,1,41,34728,mean,0
voicemark,2,1580,1,41,34728,tct,0
voicemark,2,1580,2,42,53693,mean,0
voicemark,2,1580,2,42,53693,tct,0
voicemark,2,1580,2,42,14796,mean,0
voicemark,2,1580,2,42,14796,tct,0
voicemark,2,1580,2,42,16893,mean,0
voicemark,2,1580,2,42,16893,tct,0
voicemark,2,1580,2,42,53692,mean,0
voicemark,2,1580,2,42,53692,tct,0
voicemark,2,1580,2,42,55757,mean,0
voicemark,2,1580,2,42,55757,tct,0
voicemark,2,1580,2,42,18941,mean,0
voicemark,2,1580,2,42,18941,tct,0
voicemark,2,1580,2,42,63965,mean,0
voicemark,2,1580,2,42,63965,tct,0
voicemark,2,1580,2,42,16573,mean,0
voicemark,2,1580,2,42,16573,tct,0
voicemark,2,1580,2,42,32140,mean,0
voicemark,2,1580,2,42,32140,tct,0
voicemark,2,1580,2,42,31198,mean,0
voicemark,2,1580,2,42,31198,tct,0
voicemark,2,1580,3,43,2735,mean,0
voicemark,2,1580,3,43,2735,tct,0
voicemark,2,1580,3,43,60259,mean,0
voicemark,2,1580,3,43,60259,tct,0
voicemark,2,1580,3,43,35751,mean,0
voicemark,2,1580,3,43,35751,tct,0
voicemark,2,1580,3,43,59943,mean,0
voicemark,2,1580,3,43,59943,tct,0
voicemark,2,1580,3,43,28451,mean,0
voicemark,2,1580,3,43,28451,tct,0
voicemark,2,1580,3,43,41763,mean,0
voicemark,2,1580,3,43,41763,tct,0
voicemark,2,1580,3,43,19119,mean,0
voicemark,2,1580,3,43,19119,tct,0
voicemark,2,1580,3,43,58115,mean,0
voicemark,2,1580,3,43,58115,tct,0
voicemark,2,1580,3,43,60335,mean,0
voicemark,2,1580,3,43,60335,tct,0
voicemark,2,1580,3,43,51619,mean,0
voicemark,2,1580,3,43,51619,tct,0
voicemark,2,1995,0,44,59807,mean,0
voicemark,2,1995,0,44,59807,tct,0
voicemark,2,1995,0,44,4793,mean,0
voicemark,2,1995,0,44,4793,tct,0
voicemark,2,1995,0,44,4153,mean,0
voicemark,2,1995,0,44,4153,tct,0
voicemark,2,1995,0,44,2233,mean,0
voicemark,2,1995,0,44,2233,tct,0
voicemark,2,1995,0,44,53433,mean,0
voicemark,2,1995,0,44,53433,tct,0
voicemark,2,1995,0,44,52123,mean,0
voicemark,2,1995,0,44,52123,tct,0
voicemark,2,1995,0,44,31647,mean,0
voicemark,2,1995,0,44,31647,tct,0
voicemark,2,1995,0,44,64413,mean,0
voicemark,2,1995,0,44,64413,tct,0
voicemark,2,1995,0,44,19359,mean,0
voicemark,2,1995,0,44,19359,tct,0
voicemark,2,1995,0,44,20633,mean,0
voicemark,2,1995,0,44,20633,tct,0
voicemark,2,1995,1,45,40832,mean,0
voicemark,2,1995,1,45,40832,tct,0
voicemark,2,1995,1,45,56512,mean,0
voicemark,2,1995,1,45,56512,tct,0
voicemark,2,1995,1,45,8064,mean,0
voicemark,2,1995,1,45,8064,tct,0
voicemark,2,1995,1,45,6339,mean,0
voicemark,2,1995,1,45,6339,tct,0
voicemark,2,1995,1,45,40648,mean,0
voicemark,2,1995,1,45,40648,tct,0
voicemark,2,1995,1,45,21186,mean,0
voicemark,2,1995,1,45,21186,tct,0
voicemark,2,1995,1,45,6210,mean,0
voicemark,2,1995,1,45,6210,tct,0
voicemark,2,1995,1,45,30946,mean,0
voicemark,2,1995,1,45,30946,tct,0
voicemark,2,1995,1,45,22762,mean,0
voicemark,2,1995,1,45,22762,tct,0
voicemark,2,1995,1,45,7366,mean,0
voicemark,2,1995,1,45,7366,tct,0
voicemark,2,1995,2,46,17963,mean,0
voicemark,2,1995,2,46,17963,tct,0
voicemark,2,1995,2,46,55099,mean,0
voicemark,2,1995,2,46,55099,tct,0
voicemark,2,1995,2,46,30010,mean,0
voicemark,2,1995,2,46,30010,tct,0
voicemark,2,1995,2,46,49962,mean,0
voicemark,2,1995,2,46,49962,tct,0
voicemark,2,1995,2,46,14138,mean,0
voicemark,2,1995,2,46,14138,tct,0
voicemark,2,1995,2,46,51179,mean,0
voicemark,2,1995,2,46,51179,tct,0
voicemark,2,1995,2,46,50027,mean,0
voicemark,2,1995,2,46,50027,tct,0
voicemark,2,1995,2,46,50473,mean,0
voicemark,2,1995,2,46,50473,tct,0
voicemark,2,1995,2,46,30392,mean,0
voicemark,2,1995,2,46,30392,tct,0
voicemark,2,1995,2,46,63033,mean,0
voicemark,2,1995,2,46,63033,tct,0
voicemark,2,1995,3,47,57344,mean,0
voicemark,2,1995,3,47,57344,tct,0
voicemark,2,1995,3,47,35755,mean,0
voicemark,2,1995,3,47,35755,tct,0
voicemark,2,1995,3,47,33163,mean,0
voicemark,2,1995,3,47,33163,tct,0
voicemark,2,1995,3,47,57605,mean,0
voicemark,2,1995,3,47,57605,tct,0
voicemark,2,1995,3,47,35305,mean,0
voicemark,2,1995,3,47,35305,tct,0
voicemark,2,1995,3,47,41988,mean,0
voicemark,2,1995,3,47,41988,tct,0
voicemark,2,1995,3,47,61440,mean,0
voicemark,2,1995,3,47,61440,tct,0
voicemark,2,1995,3,47,59430,mean,0
voicemark,2,1995,3,47,59430,tct,0
voicemark,2,1995,3,47,40962,mean,0
voicemark,2,1995,3,47,40962,tct,0
voicemark,2,1995,3,47,57733,mean,0
voicemark,2,1995,3,47,57733,tct,0
voicemark,2,2300,0,48,42099,mean,0
voicemark,2,2300,0,48,42099,tct,0
voicemark,2,2300,0,48,44785,mean,0
voicemark,2,2300,0,48,44785,tct,0
voicemark,2,2300,0,48,61041,mean,0
voicemark,2,2300,0,48,61041,tct,0
voicemark,2,2300,0,48,54519,mean,0
voicemark,2,2300,0,48,54519,tct,0
voicemark,2,2300,0,48,58103,mean,0
voicemark,2,2300,0,48,58103,tct,0
voicemark,2,2300,0,48,56053,mean,0
voicemark,2,2300,0,48,56053,tct,0
voicemark,2,2300,0,48,52341,mean,0
voicemark,2,2300,0,48,52341,tct,0
voicemark,2,2300,0,48,38135,mean,0
voicemark,2,2300,0,48,38135,tct,0
voicemark,2,2300,0,48,63095,mean,0
voicemark,2,2300,0,48,63095,tct,0
voicemark,2,2300,0,48,48371,mean,0
voicemark,2,2300,0,48,48371,tct,0
voicemark,2,2300,1,49,2293,mean,0
voicemark,2,2300,1,49,2293,tct,0
voicemark,2,2300,1,49,15475,mean,0
voicemark,2,2300,1,49,15475,tct,0
voicemark,2,2300,1,49,44129,mean,0
voicemark,2,2300,1,49,44129,tct,0
voicemark,2,2300,1,49,3061,mean,0
voicemark,2,2300,1,49,3061,tct,0
voicemark,2,2300,1,49,48167,mean,0
voicemark,2,2300,1,49,48167,tct,0
voicemark,2,2300,1,49,48234,mean,0
voicemark,2,2300,1,49,48234,tct,0
voicemark,2,2300,1,49,2932,mean,0
voicemark,2,2300,1,49,2932,tct,0
voicemark,2,2300,1,49,46691,mean,0
voicemark,2,2300,1,49,46691,tct,0
voicemark,2,2300,1,49,62563,mean,0
voicemark,2,2300,1,49,62563,tct,0
voicemark,2,2300,1,49,7412,mean,0
voicemark,2,2300,1,49,7412,tct,0
voicemark,2,2300,2,50,9814,mean,0
voicemark,2,2300,2,50,9814,tct,0
voicemark,2,2300,2,50,5186,mean,0
voicemark,2,2300,2,50,5186,tct,0
voicemark,2,2300,2,50,6738,mean,0
voicemark,2,2300,2,50,6738,tct,0
voicemark,2,2300,2,50,7139,mean,0
voicemark,2,2300,2,50,7139,tct,0
voicemark,2,2300,2,50,4283,mean,0
voicemark,2,2300,2,50,4283,tct,0
voicemark,2,2300,2,50,6371,mean,0
voicemark,2,2300,2,50,6371,tct,0
voicemark,2,2300,2,50,7770,mean,0
voicemark,2,2300,2,50,7770,tct,0
voicemark,2,2300,2,50,7190,mean,0
voicemark,2,2300,2,50,7190,tct,0
voicemark,2,2300,2,50,7354,mean,0
voicemark,2,2300,2,50,7354,tct,0
voicemark,2,2300,2,50,5834,mean,0
voicemark,2,2300,2,50,5834,tct,0
voicemark,2,2300,3,51,61198,mean,0
voicemark,2,2300,3,51,61198,tct,0
voicemark,2,2300,3,51,58884,mean,0
voicemark,2,2300,3,51,58884,tct,0
voicemark,2,2300,3,51,59148,mean,0
voicemark,2,2300,3,51,59148,tct,0
voicemark,2,2300,3,51,58438,mean,0
voicemark,2,2300,3,51,58438,tct,0
voicemark,2,2300,3,51,63300,mean,0
voicemark,2,2300,3,51,63300,tct,0
voicemark,2,2300,3,51,58638,mean,0
voicemark,2,2300,3,51,58638,tct,0
voicemark,2,2300,3,51,42830,mean,0
voicemark,2,2300,3,51,42830,tct,0
voicemark,2,2300,3,51,59726,mean,0
voicemark,2,2300,3,51,59726,tct,0
voicemark,2,2300,3,51,50244,mean,0
voicemark,2,2300,3,51,50244,tct,0
voicemark,2,2300,3,51,61510,mean,0
voicemark,2,2300,3,51,61510,tct,0
voicemark,2,2830,0,52,48721,mean,0
voicemark,2,2830,0,52,48721,tct,0
voicemark,2,2830,0,52,48661,mean,0
voicemark,2,2830,0,52,48661,tct,0
voicemark,2,2830,0,52,10101,mean,0
voicemark,2,2830,0,52,10101,tct,0
voicemark,2,2830,0,52,58997,mean,0
voicemark,2,2830,0,52,58997,tct,0
voicemark,2,2830,0,52,63093,mean,0
voicemark,2,2830,0,52,63093,tct,0
voicemark,2,2830,0,52,17749,mean,0
voicemark,2,2830,0,52,17749,tct,0
voicemark,2,2830,0,52,48756,mean,0
voicemark,2,2830,0,52,48756,tct,0
voicemark,2,2830,0,52,46679,mean,0
voicemark,2,2830,0,52,46679,tct,0
voicemark,2,2830,0,52,64085,mean,0
voicemark,2,2830,0,52,64085,tct,0
voicemark,2,2830,0,52,47703,mean,0
voicemark,2,2830,0,52,47703,tct,0
voicemark,2,2830,1,53,42654,mean,0
voicemark,2,2830,1,53,42654,tct,0
voicemark,2,2830,1,53,42911,mean,0
voicemark,2,2830,1,53,42911,tct,0
voicemark,2,2830,1,53,42652,mean,0
voicemark,2,2830,1,53,42652,tct,0
voicemark,2,2830,1,53,34782,mean,0
voicemark,2,2830,1,53,34782,tct,0
voicemark,2,2830,1,53,42716,mean,0
voicemark,2,2830,1,53,42716,tct,0
voicemark,2,2830,1,53,44942,mean,0
voicemark,2,2830,1,53,44942,tct,0
voicemark,2,2830,1,53,34206,mean,0
voicemark,2,2830,1,53,34206,tct,0
voicemark,2,2830,1,53,42895,mean,0
voicemark,2,2830,1,53,42895,tct,0
voicemark,2,2830,1,53,44818,mean,0
voicemark,2,2830,1,53,44818,tct,0
voicemark,2,2830,1,53,36826,mean,0
voicemark,2,2830,1,53,36826,tct,0
voicemark,2,2830,2,54,57295,mean,0
voicemark,2,2830,2,54,57295,tct,0
voicemark,2,2830,2,54,20429,mean,0
voicemark,2,2830,2,54,20429,tct,0
voicemark,2,2830,2,54,27597,mean,0
voicemark,2,2830,2,54,27597,tct,0
voicemark,2,2830,2,54,23495,mean,0
voicemark,2,2830,2,54,23495,tct,0
voicemark,2,2830,2,54,19405,mean,0
voicemark,2,2830,2,54,19405,tct,0
voicemark,2,2830,2,54,22471,mean,0
voicemark,2,2830,2,54,22471,tct,0
voicemark,2,2830,2,54,57293,mean,0
voicemark,2,2830,2,54,57293,tct,0
voicemark,2,2830,2,54,27333,mean,0
voicemark,2,2830,2,54,27333,tct,0
voicemark,2,2830,2,54,31617,mean,0
voicemark,2,2830,2,54,31617,tct,0
voicemark,2,2830,2,54,28545,mean,0
voicemark,2,2830,2,54,28545,tct,0
voicemark,2,2830,3,55,45106,mean,0
voicemark,2,2830,3,55,45106,tct,0
voicemark,2,2830,3,55,12579,mean,0
voicemark,2,2830,3,55,12579,tct,0
voicemark,2,2830,3,55,35330,mean,0
voicemark,2,2830,3,55,35330,tct,0
voicemark,2,2830,3,55,43910,mean,0
voicemark,2,2830,3,55,43910,tct,0
voicemark,2,2830,3,55,4155,mean,0
voicemark,2,2830,3,55,4155,tct,0
voicemark,2,2830,3,55,11139,mean,0
voicemark,2,2830,3,55,11139,tct,0
voicemark,2,2830,3,55,35362,mean,0
voicemark,2,2830,3,55,35362,tct,0
voicemark,2,2830,3,55,10803,mean,0
voicemark,2,2830,3,55,10803,tct,0
voicemark,2,2830,3,55,37171,mean,0
voicemark,2,2830,3,55,37171,tct,0
voicemark,2,2830,3,55,4259,mean,0
voicemark,2,2830,3,55,4259,tct,0
voicemark,2,2961,0,56,52361,mean,0
voicemark,2,2961,0,56,52361,tct,0
voicemark,2,2961,0,56,38626,mean,0
voicemark,2,2961,0,56,38626,tct,0
voicemark,2,2961,0,56,22240,mean,0
voicemark,2,2961,0,56,22240,tct,0
voicemark,2,2961,0,56,50561,mean,0
voicemark,2,2961,0,56,50561,tct,0
voicemark,2,2961,0,56,52641,mean,0
voicemark,2,2961,0,56,52641,tct,0
voicemark,2,2961,0,56,56715,mean,0
voicemark,2,2961,0,56,56715,tct,0
voicemark,2,2961,0,56,52353,mean,0
voicemark,2,2961,0,56,52353,tct,0
voicemark,2,2961,0,56,7778,mean,0
voicemark,2,2961,0,56,7778,tct,0
voicemark,2,2961,0,56,52613,mean,0
voicemark,2,2961,0,56,52613,tct,0
voicemark,2,2961,0,56,2016,mean,0
voicemark,2,2961,0,56,2016,tct,0
voicemark,2,2961,1,57,50466,mean,0
voicemark,2,2961,1,57,50466,tct,0
voicemark,2,2961,1,57,60966,mean,0
voicemark,2,2961,1,57,60966,tct,0
voicemark,2,2961,1,57,60935,mean,0
voicemark,2,2961,1,57,60935,tct,0
voicemark,2,2961,1,57,27685,mean,0
voicemark,2,2961,1,57,27685,tct,0
voicemark,2,2961,1,57,18983,mean,0
voicemark,2,2961,1,57,18983,tct,0
voicemark,2,2961,1,57,38050,mean,0
voicemark,2,2961,1,57,38050,tct,0
voicemark,2,2961,1,57,54689,mean,0
voicemark,2,2961,1,57,54689,tct,0
voicemark,2,2961,1,57,27703,mean,0
voicemark,2,2961,1,57,27703,tct,0
voicemark,2,2961,1,57,54674,mean,0
voicemark,2,2961,1,57,54674,tct,0
voicemark,2,2961,1,57,28175,mean,0
voicemark,2,2961,1,57,28175,tct,0
voicemark,2,2961,2,58,43615,mean,0
voicemark,2,2961,2,58,43615,tct,0
voicemark,2,2961,2,58,43211,mean,0
voicemark,2,2961,2,58,43211,tct,0
voicemark,2,2961,2,58,43018,mean,0
voicemark,2,2961,2,58,43018,tct,0
voicemark,2,2961,2,58,47835,mean,0
voicemark,2,2961,2,58,47835,tct,0
voicemark,2,2961,2,58,47643,mean,0
voicemark,2,2961,2,58,47643,tct,0
voicemark,2,2961,2,58,43035,mean,0
voicemark,2,2961,2,58,43035,tct,0
voicemark,2,2961,2,58,47626,mean,0
voicemark,2,2961,2,58,47626,tct,0
voicemark,2,2961,2,58,47769,mean,0
voicemark,2,2961,2,58,47769,tct,0
voicemark,2,2961,2,58,43585,mean,0
voicemark,2,2961,2,58,43585,tct,0
voicemark,2,2961,2,58,48715,mean,0
voicemark,2,2961,2,58,48715,tct,0
voicemark,2,2961,3,59,48858,mean,0
voicemark,2,2961,3,59,48858,tct,0
voicemark,2,2961,3,59,47841,mean,0
voicemark,2,2961,3,59,47841,tct,0
voicemark,2,2961,3,59,37105,mean,0
voicemark,2,2961,3,59,37105,tct,0
voicemark,2,2961,3,59,32475,mean,0
voicemark,2,2961,3,59,32475,tct,0
voicemark,2,2961,3,59,39409,mean,0
voicemark,2,2961,3,59,39409,tct,0
voicemark,2,2961,3,59,16095,mean,0
voicemark,2,2961,3,59,16095,tct,0
voicemark,2,2961,3,59,15954,mean,0
voicemark,2,2961,3,59,15954,tct,0
voicemark,2,2961,3,59,43233,mean,0
voicemark,2,2961,3,59,43233,tct,0
voicemark,2,2961,3,59,47353,mean,0
voicemark,2,2961,3,59,47353,tct,0
voicemark,2,2961,3,59,48369,mean,0
voicemark,2,2961,3,59,48369,tct,0
voicemark,2,3570,0,60,17749,mean,0
voicemark,2,3570,0,60,17749,tct,0
voicemark,2,3570,0,60,13745,mean,0
voicemark,2,3570,0,60,13745,tct,0
voicemark,2,3570,0,60,46385,mean,0
voicemark,2,3570,0,60,46385,tct,0
voicemark,2,3570,0,60,25873,mean,0
voicemark,2,3570,0,60,25873,tct,0
voicemark,2,3570,0,60,42289,mean,0
voicemark,2,3570,0,60,42289,tct,0
voicemark,2,3570,0,60,45361,mean,0
voicemark,2,3570,0,60,45361,tct,0
voicemark,2,3570,0,60,26437,mean,0
voicemark,2,3570,0,60,26437,tct,0
voicemark,2,3570,0,60,5409,mean,0
voicemark,2,3570,0,60,5409,tct,0
voicemark,2,3570,0,60,27988,mean,0
voicemark,2,3570,0,60,27988,tct,0
voicemark,2,3570,0,60,17751,mean,0
voicemark,2,3570,0,60,17751,tct,0
voicemark,2,3570,1,61,31811,mean,0
voicemark,2,3570,1,61,31811,tct,0
voicemark,2,3570,1,61,46147,mean,0
voicemark,2,3570,1,61,46147,tct,0
voicemark,2,3570,1,61,37971,mean,0
voicemark,2,3570,1,61,37971,tct,0
voicemark,2,3570,1,61,29779,mean,0
voicemark,2,3570,1,61,29779,tct,0
voicemark,2,3570,1,61,48721,mean,0
voicemark,2,3570,1,61,48721,tct,0
voicemark,2,3570,1,61,23621,mean,0
voicemark,2,3570,1,61,23621,tct,0
voicemark,2,3570,1,61,13392,mean,0
voicemark,2,3570,1,61,13392,tct,0
voicemark,2,3570,1,61,23746,mean,0
voicemark,2,3570,1,61,23746,tct,0
voicemark,2,3570,1,61,46225,mean,0
voicemark,2,3570,1,61,46225,tct,0
voicemark,2,3570,1,61,46353,mean,0
voicemark,2,3570,1,61,46353,tct,0
voicemark,2,3570,2,62,24529,mean,0
voicemark,2,3570,2,62,24529,tct,0
voicemark,2,3570,2,62,20373,mean,0
voicemark,2,3570,2,62,20373,tct,0
voicemark,2,3570,2,62,4033,mean,0
voicemark,2,3570,2,62,4033,tct,0
voicemark,2,3570,2,62,44430,mean,0
voicemark,2,3570,2,62,44430,tct,0
voicemark,2,3570,2,62,53205,mean,0
voicemark,2,3570,2,62,53205,tct,0
voicemark,2,3570,2,62,19857,mean,0
voicemark,2,3570,2,62,19857,tct,0
voicemark,2,3570,2,62,41351,mean,0
voicemark,2,3570,2,62,41351,tct,0
voicemark,2,3570,2,62,35214,mean,0
voicemark,2,3570,2,62,35214,tct,0
voicemark,2,3570,2,62,2001,mean,0
voicemark,2,3570,2,62,2001,tct,0
voicemark,2,3570,2,62,19905,mean,0
voicemark,2,3570,2,62,19905,tct,0
voicemark,2,3570,3,63,32975,mean,0
voicemark,2,3570,3,63,32975,tct,0
voicemark,2,3570,3,63,12568,mean,0
voicemark,2,3570,3,63,12568,tct,0
voicemark,2,3570,3,63,29049,mean,0
voicemark,2,3570,3,63,29049,tct,0
voicemark,2,3570,3,63,50894,mean,0
voicemark,2,3570,3,63,50894,tct,0
voicemark,2,3570,3,63,33612,mean,0
voicemark,2,3570,3,63,33612,tct,0
voicemark,2,3570,3,63,1006,mean,0
voicemark,2,3570,3,63,1006,tct,0
voicemark,2,3570,3,63,12762,mean,0
voicemark,2,3570,3,63,12762,tct,0
voicemark,2,3570,3,63,8314,mean,0
voicemark,2,3570,3,63,8314,tct,0
voicemark,2,3570,3,63,33496,mean,0
voicemark,2,3570,3,63,33496,tct,0
voicemark,2,3570,3,63,45438,mean,0
voicemark,2,3570,3,63,45438,tct,0
voicemark,2,3575,0,64,17735,mean,0
voicemark,2,3575,0,64,17735,tct,0
voicemark,2,3575,0,64,7491,mean,0
voicemark,2,3575,0,64,7491,tct,0
voicemark,2,3575,0,64,22791,mean,0
voicemark,2,3575,0,64,22791,tct,0
voicemark,2,3575,0,64,23894,mean,0
voicemark,2,3575,0,64,23894,tct,0
voicemark,2,3575,0,64,19719,mean,0
voicemark,2,3575,0,64,19719,tct,0
voicemark,2,3575,0,64,4319,mean,0
voicemark,2,3575,0,64,4319,tct,0
voicemark,2,3575,0,64,16475,mean,0
voicemark,2,3575,0,64,16475,tct,0
voicemark,2,3575,0,64,4573,mean,0
voicemark,2,3575,0,64,4573,tct,0
voicemark,2,3575,0,64,85,mean,0
voicemark,2,3575,0,64,85,tct,0
voicemark,2,3575,0,64,19789,mean,0
voicemark,2,3575,0,64,19789,tct,0
voicemark,2,3575,1,65,16322,mean,0
voicemark,2,3575,1,65,16322,tct,0
voicemark,2,3575,1,65,32227,mean,0
voicemark,2,3575,1,65,32227,tct,0
voicemark,2,3575,1,65,64834,mean,0
voicemark,2,3575,1,65,64834,tct,0
voicemark,2,3575,1,65,45040,mean,0
voicemark,2,3575,1,65,45040,tct,0
voicemark,2,3575,1,65,32146,mean,0
voicemark,2,3575,1,65,32146,tct,0
voicemark,2,3575,1,65,43857,mean,0
voicemark,2,3575,1,65,43857,tct,0
voicemark,2,3575,1,65,44920,mean,0
voicemark,2,3575,1,65,44920,tct,0
voicemark,2,3575,1,65,30178,mean,0
voicemark,2,3575,1,65,30178,tct,0
voicemark,2,3575,1,65,44017,mean,0
voicemark,2,3575,1,65,44017,tct,0
voicemark,2,3575,1,65,65361,mean,0
voicemark,2,3575,1,65,65361,tct,0
voicemark,2,3575,2,66,426,mean,0
voicemark,2,3575,2,66,426,tct,0
voicemark,2,3575,2,66,21052,mean,0
voicemark,2,3575,2,66,21052,tct,0
voicemark,2,3575,2,66,21306,mean,0
voicemark,2,3575,2,66,21306,tct,0
voicemark,2,3575,2,66,938,mean,0
voicemark,2,3575,2,66,938,tct,0
voicemark,2,3575,2,66,17278,mean,0
voicemark,2,3575,2,66,17278,tct,0
voicemark,2,3575,2,66,20906,mean,0
voicemark,2,3575,2,66,20906,tct,0
voicemark,2,3575,2,66,824,mean,0
voicemark,2,3575,2,66,824,tct,0
voicemark,2,3575,2,66,21434,mean,0
voicemark,2,3575,2,66,21434,tct,0
voicemark,2,3575,2,66,4588,mean,0
voicemark,2,3575,2,66,4588,tct,0
voicemark,2,3575,2,66,20540,mean,0
voicemark,2,3575,2,66,20540,tct,0
voicemark,2,3575,3,67,1762,mean,0
voicemark,2,3575,3,67,1762,tct,0
voicemark,2,3575,3,67,40730,mean,0
voicemark,2,3575,3,67,40730,tct,0
voicemark,2,3575,3,67,2019,mean,0
voicemark,2,3575,3,67,2019,tct,0
voicemark,2,3575,3,67,3850,mean,1
voicemark,2,3575,3,67,3850,tct,1
voicemark,2,3575,3,67,1994,mean,0
voicemark,2,3575,3,67,1994,tct,0
voicemark,2,3575,3,67,8002,mean,0
voicemark,2,3575,3,67,8002,tct,0
voicemark,2,3575,3,67,1888,mean,0
voicemark,2,3575,3,67,1888,tct,0
voicemark,2,3575,3,67,1730,mean,0
voicemark,2,3575,3,67,1730,tct,0
voicemark,2,3575,3,67,2024,mean,0
voicemark,2,3575,3,67,2024,tct,0
voicemark,2,3575,3,67,20450,mean,0
voicemark,2,3575,3,67,20450,tct,0
voicemark,2,3729,0,68,63294,mean,0
voicemark,2,3729,0,68,63294,tct,0
voicemark,2,3729,0,68,58231,mean,0
voicemark,2,3729,0,68,58231,tct,0
voicemark,2,3729,0,68,62287,mean,0
voicemark,2,3729,0,68,62287,tct,0
voicemark,2,3729,0,68,63341,mean,0
voicemark,2,3729,0,68,63341,tct,0
voicemark,2,3729,0,68,58327,mean,0
voicemark,2,3729,0,68,58327,tct,0
voicemark,2,3729,0,68,30526,mean,0
voicemark,2,3729,0,68,30526,tct,0
voicemark,2,3729,0,68,45884,mean,0
voicemark,2,3729,0,68,45884,tct,0
voicemark,2,3729,0,68,62012,mean,0
voicemark,2,3729,0,68,62012,tct,0
voicemark,2,3729,0,68,54076,mean,0
voicemark,2,3729,0,68,54076,tct,0
voicemark,2,3729,0,68,55068,mean,0
voicemark,2,3729,0,68,55068,tct,0
voicemark,2,3729,1,69,26404,mean,0
voicemark,2,3729,1,69,26404,tct,0
voicemark,2,3729,1,69,25238,mean,0
voicemark,2,3729,1,69,25238,tct,0
voicemark,2,3729,1,69,10918,mean,0
voicemark,2,3729,1,69,10918,tct,0
voicemark,2,3729,1,69,10896,mean,0
voicemark,2,3729,1,69,10896,tct,0
voicemark,2,3729,1,69,25385,mean,0
voicemark,2,3729,1,69,25385,tct,0
voicemark,2,3729,1,69,60054,mean,0
voicemark,2,3729,1,69,60054,tct,0
voicemark,2,3729,1,69,25864,mean,0
voicemark,2,3729,1,69,25864,tct,0
voicemark,2,3729,1,69,17960,mean,0
voicemark,2,3729,1,69,17960,tct,0
voicemark,2,3729,1,69,11816,mean,0
voicemark,2,3729,1,69,11816,tct,0
voicemark,2,3729,1,69,8860,mean,0
voicemark,2,3729,1,69,8860,tct,0
voicemark,2,3729,2,70,21692,mean,0
voicemark,2,3729,2,70,21692,tct,0
voicemark,2,3729,2,70,31508,mean,0
voicemark,2,3729,2,70,31508,tct,0
voicemark,2,3729,2,70,28469,mean,0
voicemark,2,3729,2,70,28469,tct,0
voicemark,2,3729,2,70,4156,mean,0
voicemark,2,3729,2,70,4156,tct,0
voicemark,2,3729,2,70,26773,mean,0
voicemark,2,3729,2,70,26773,tct,0
voicemark,2,3729,2,70,16829,mean,0
voicemark,2,3729,2,70,16829,tct,0
voicemark,2,3729,2,70,53432,mean,0
voicemark,2,3729,2,70,53432,tct,0
voicemark,2,3729,2,70,19348,mean,0
voicemark,2,3729,2,70,19348,tct,0
voicemark,2,3729,2,70,31125,mean,0
voicemark,2,3729,2,70,31125,tct,0
voicemark,2,3729,2,70,19005,mean,0
voicemark,2,3729,2,70,19005,tct,0
voicemark,2,3729,3,71,61181,mean,0
voicemark,2,3729,3,71,61181,tct,0
voicemark,2,3729,3,71,15772,mean,0
voicemark,2,3729,3,71,15772,tct,0
voicemark,2,3729,3,71,36541,mean,0
voicemark,2,3729,3,71,36541,tct,0
voicemark,2,3729,3,71,62748,mean,0
voicemark,2,3729,3,71,62748,tct,0
voicemark,2,3729,3,71,9502,mean,0
voicemark,2,3729,3,71,9502,tct,0
voicemark,2,3729,3,71,44604,mean,0
voicemark,2,3729,3,71,44604,tct,0
voicemark,2,3729,3,71,9245,mean,0
voicemark,2,3729,3,71,9245,tct,0
voicemark,2,3729,3,71,48636,mean,0
voicemark,2,3729,3,71,48636,tct,0
voicemark,2,3729,3,71,47036,mean,0
voicemark,2,3729,3,71,47036,tct,0
voicemark,2,3729,3,71,44317,mean,0
voicemark,2,3729,3,71,44317,tct,0
voicemark,2,4077,0,72,42852,mean,0
voicemark,2,4077,0,72,42852,tct,0
voicemark,2,4077,0,72,53047,mean,0
voicemark,2,4077,0,72,53047,tct,0
voicemark,2,4077,0,72,59255,mean,0
voicemark,2,4077,0,72,59255,tct,0
voicemark,2,4077,0,72,24117,mean,0
voicemark,2,4077,0,72,24117,tct,0
voicemark,2,4077,0,72,40511,mean,0
voicemark,2,4077,0,72,40511,tct,0
voicemark,2,4077,0,72,41840,mean,0
voicemark,2,4077,0,72,41840,tct,0
voicemark,2,4077,0,72,44597,mean,0
voicemark,2,4077,0,72,44597,tct,0
voicemark,2,4077,0,72,24127,mean,0
voicemark,2,4077,0,72,24127,tct,0
voicemark,2,4077,0,72,60980,mean,0
voicemark,2,4077,0,72,60980,tct,0
voicemark,2,4077,0,72,55103,mean,0
voicemark,2,4077,0,72,55103,tct,0
voicemark,2,4077,1,73,31016,mean,0
voicemark,2,4077,1,73,31016,tct,0
voicemark,2,4077,1,73,57514,mean,0
voicemark,2,4077,1,73,57514,tct,0
voicemark,2,4077,1,73,64040,mean,0
voicemark,2,4077,1,73,64040,tct,0
voicemark,2,4077,1,73,59554,mean,0
voicemark,2,4077,1,73,59554,tct,0
voicemark,2,4077,1,73,57446,mean,0
voicemark,2,4077,1,73,57446,tct,0
voicemark,2,4077,1,73,49314,mean,0
voicemark,2,4077,1,73,49314,tct,0
voicemark,2,4077,1,73,57570,mean,0
voicemark,2,4077,1,73,57570,tct,0
voicemark,2,4077,1,73,61476,mean,0
voicemark,2,4077,1,73,61476,tct,0
voicemark,2,4077,1,73,32553,mean,0
voicemark,2,4077,1,73,32553,tct,0
voicemark,2,4077,1,73,23304,mean,0
voicemark,2,4077,1,73,23304,tct,0
voicemark,2,4077,2,74,24539,mean,0
voicemark,2,4077,2,74,24539,tct,0
voicemark,2,4077,2,74,20362,mean,0
voicemark,2,4077,2,74,20362,tct,0
voicemark,2,4077,2,74,24459,mean,0
voicemark,2,4077,2,74,24459,tct,0
voicemark,2,4077,2,74,26363,mean,0
voicemark,2,4077,2,74,26363,tct,0
voicemark,2,4077,2,74,30698,mean,0
voicemark,2,4077,2,74,30698,tct,0
voicemark,2,4077,2,74,24527,mean,0
voicemark,2,4077,2,74,24527,tct,0
voicemark,2,4077,2,74,30462,mean,0
voicemark,2,4077,2,74,30462,tct,0
voicemark,2,4077,2,74,4075,mean,0
voicemark,2,4077,2,74,4075,tct,0
voicemark,2,4077,2,74,5818,mean,0
voicemark,2,4077,2,74,5818,tct,0
voicemark,2,4077,2,74,19659,mean,0
voicemark,2,4077,2,74,19659,tct,0
voicemark,2,4077,3,75,45943,mean,0
voicemark,2,4077,3,75,45943,tct,0
voicemark,2,4077,3,75,30311,mean,0
voicemark,2,4077,3,75,30311,tct,0
voicemark,2,4077,3,75,59119,mean,0
voicemark,2,4077,3,75,59119,tct,0
voicemark,2,4077,3,75,42855,mean,0
voicemark,2,4077,3,75,42855,tct,0
voicemark,2,4077,3,75,29927,mean,0
voicemark,2,4077,3,75,29927,tct,0
voicemark,2,4077,3,75,46967,mean,0
voicemark,2,4077,3,75,46967,tct,0
voicemark,2,4077,3,75,45922,mean,0
voicemark,2,4077,3,75,45922,tct,0
voicemark,2,4077,3,75,45413,mean,0
voicemark,2,4077,3,75,45413,tct,0
voicemark,2,4077,3,75,30414,mean,0
voicemark,2,4077,3,75,30414,tct,0
voicemark,2,4077,3,75,45879,mean,0
voicemark,2,4077,3,75,45879,tct,0
voicemark,2,4446,0,76,58164,mean,0
voicemark,2,4446,0,76,58164,tct,0
voicemark,2,4446,0,76,25376,mean,0
voicemark,2,4446,0,76,25376,tct,0
voicemark,2,4446,0,76,60216,mean,0
voicemark,2,4446,0,76,60216,tct,0
voicemark,2,4446,0,76,11491,mean,0
voicemark,2,4446,0,76,11491,tct,0
voicemark,2,4446,0,76,13419,mean,0
voicemark,2,4446,0,76,13419,tct,0
voicemark,2,4446,0,76,58225,mean,0
voicemark,2,4446,0,76,58225,tct,0
voicemark,2,4446,0,76,13551,mean,0
voicemark,2,4446,0,76,13551,tct,0
voicemark,2,4446,0,76,49952,mean,0
voicemark,2,4446,0,76,49952,tct,0
voicemark,2,4446,0,76,14575,mean,0
voicemark,2,4446,0,76,14575,tct,0
voicemark,2,4446,0,76,41744,mean,0
voicemark,2,4446,0,76,41744,tct,0
voicemark,2,4446,1,77,23141,mean,0
voicemark,2,4446,1,77,23141,tct,0
voicemark,2,4446,1,77,7806,mean,0
voicemark,2,4446,1,77,7806,tct,0
voicemark,2,4446,1,77,6343,mean,0
voicemark,2,4446,1,77,6343,tct,0
voicemark,2,4446,1,77,6383,mean,0
voicemark,2,4446,1,77,6383,tct,0
voicemark,2,4446,1,77,7933,mean,0
voicemark,2,4446,1,77,7933,tct,0
voicemark,2,4446,1,77,6388,mean,0
voicemark,2,4446,1,77,6388,tct,0
voicemark,2,4446,1,77,7924,mean,0
voicemark,2,4446,1,77,7924,tct,0
voicemark,2,4446,1,77,6247,mean,0
voicemark,2,4446,1,77,6247,tct,0
voicemark,2,4446,1,77,7885,mean,0
voicemark,2,4446,1,77,7885,tct,0
voicemark,2,4446,1,77,7268,mean,0
voicemark,2,4446,1,77,7268,tct,0
voicemark,2,4446,2,78,35277,mean,0
voicemark,2,4446,2,78,35277,tct,0
voicemark,2,4446,2,78,11432,mean,0
voicemark,2,4446,2,78,11432,tct,0
voicemark,2,4446,2,78,2477,mean,0
voicemark,2,4446,2,78,2477,tct,0
voicemark,2,4446,2,78,35183,mean,0
voicemark,2,4446,2,78,35183,tct,0
voicemark,2,4446,2,78,47597,mean,0
voicemark,2,4446,2,78,47597,tct,0
voicemark,2,4446,2,78,39149,mean,0
voicemark,2,4446,2,78,39149,tct,0
voicemark,2,4446,2,78,19512,mean,0
voicemark,2,4446,2,78,19512,tct,0
voicemark,2,4446,2,78,35300,mean,0
voicemark,2,4446,2,78,35300,tct,0
voicemark,2,4446,2,78,44541,mean,0
voicemark,2,4446,2,78,44541,tct,0
voicemark,2,4446,2,78,43516,mean,0
voicemark,2,4446,2,78,43516,tct,0
voicemark,2,4446,3,79,5806,mean,0
voicemark,2,4446,3,79,5806,tct,0
voicemark,2,4446,3,79,49042,mean,0
voicemark,2,4446,3,79,49042,tct,0
voicemark,2,4446,3,79,26286,mean,0
voicemark,2,4446,3,79,26286,tct,0
voicemark,2,4446,3,79,1982,mean,0
voicemark,2,4446,3,79,1982,tct,0
voicemark,2,4446,3,79,34438,mean,0
voicemark,2,4446,3,79,34438,tct,0
voicemark,2,4446,3,79,48082,mean,0
voicemark,2,4446,3,79,48082,tct,0
voicemark,2,4446,3,79,9866,mean,0
voicemark,2,4446,3,79,9866,tct,0
voicemark,2,4446,3,79,48001,mean,0
voicemark,2,4446,3,79,48001,tct,0
voicemark,2,4446,3,79,49066,mean,0
voicemark,2,4446,3,79,49066,tct,0
voicemark,2,4446,3,79,9090,mean,0
voicemark,2,4446,3,79,9090,tct,0
voicemark,2,4507,0,80,52344,mean,0
voicemark,2,4507,0,80,52344,tct,0
voicemark,2,4507,0,80,40041,mean,0
voicemark,2,4507,0,80,40041,tct,0
voicemark,2,4507,0,80,56440,mean,0
voicemark,2,4507,0,80,56440,tct,0
voicemark,2,4507,0,80,54368,mean,0
voicemark,2,4507,0,80,54368,tct,0
voicemark,2,4507,0,80,56865,mean,0
voicemark,2,4507,0,80,56865,tct,0
voicemark,2,4507,0,80,50553,mean,0
voicemark,2,4507,0,80,50553,tct,0
voicemark,2,4507,0,80,54520,mean,0
voicemark,2,4507,0,80,54520,tct,0
voicemark,2,4507,0,80,50299,mean,0
voicemark,2,4507,0,80,50299,tct,0
voicemark,2,4507,0,80,51320,mean,0
voicemark,2,4507,0,80,51320,tct,0
voicemark,2,4507,0,80,50200,mean,0
voicemark,2,4507,0,80,50200,tct,0
voicemark,2,4507,1,81,13554,mean,0
voicemark,2,4507,1,81,13554,tct,0
voicemark,2,4507,1,81,20319,mean,0
voicemark,2,4507,1,81,20319,tct,0
voicemark,2,4507,1,81,18247,mean,0
voicemark,2,4507,1,81,18247,tct,0
voicemark,2,4507,1,81,14546,mean,0
voicemark,2,4507,1,81,14546,tct,0
voicemark,2,4507,1,81,13555,mean,0
voicemark,2,4507,1,81,13555,tct,0
voicemark,2,4507,1,81,12338,mean,0
voicemark,2,4507,1,81,12338,tct,0
voicemark,2,4507,1,81,19789,mean,0
voicemark,2,4507,1,81,19789,tct,0
voicemark,2,4507,1,81,24414,mean,0
voicemark,2,4507,1,81,24414,tct,0
voicemark,2,4507,1,81,29427,mean,0
voicemark,2,4507,1,81,29427,tct,0
voicemark,2,4507,1,81,28923,mean,0
voicemark,2,4507,1,81,28923,tct,0
voicemark,2,4507,2,82,39515,mean,0
voicemark,2,4507,2,82,39515,tct,0
voicemark,2,4507,2,82,39435,mean,0
voicemark,2,4507,2,82,39435,tct,0
voicemark,2,4507,2,82,43652,mean,0
voicemark,2,4507,2,82,43652,tct,0
voicemark,2,4507,2,82,43029,mean,0
voicemark,2,4507,2,82,43029,tct,0
voicemark,2,4507,2,82,41493,mean,0
voicemark,2,4507,2,82,41493,tct,0
voicemark,2,4507,2,82,6986,mean,0
voicemark,2,4507,2,82,6986,tct,0
voicemark,2,4507,2,82,35525,mean,0
voicemark,2,4507,2,82,35525,tct,0
voicemark,2,4507,2,82,43156,mean,0
voicemark,2,4507,2,82,43156,tct,0
voicemark,2,4507,2,82,43923,mean,0
voicemark,2,4507,2,82,43923,tct,0
voicemark,2,4507,2,82,56171,mean,0
voicemark,2,4507,2,82,56171,tct,0
voicemark,2,4507,3,83,18822,mean,0
voicemark,2,4507,3,83,18822,tct,0
voicemark,2,4507,3,83,2178,mean,0
voicemark,2,4507,3,83,2178,tct,0
voicemark,2,4507,3,83,31186,mean,0
voicemark,2,4507,3,83,31186,tct,0
voicemark,2,4507,3,83,27014,mean,0
voicemark,2,4507,3,83,27014,tct,0
voicemark,2,4507,3,83,18630,mean,0
voicemark,2,4507,3,83,18630,tct,0
voicemark,2,4507,3,83,15059,mean,0
voicemark,2,4507,3,83,15059,tct,0
voicemark,2,4507,3,83,30933,mean,0
voicemark,2,4507,3,83,30933,tct,0
voicemark,2,4507,3,83,28867,mean,0
voicemark,2,4507,3,83,28867,tct,0
voicemark,2,4507,3,83,2311,mean,0
voicemark,2,4507,3,83,2311,tct,0
voicemark,2,4507,3,83,19846,mean,0
voicemark,2,4507,3,83,19846,tct,0
voicemark,2,4970,0,84,33435,mean,0
voicemark,2,4970,0,84,33435,tct,0
voicemark,2,4970,0,84,34515,mean,0
voicemark,2,4970,0,84,34515,tct,0
voicemark,2,4970,0,84,41603,mean,0
voicemark,2,4970,0,84,41603,tct,0
voicemark,2,4970,0,84,4251,mean,0
voicemark,2,4970,0,84,4251,tct,0
voicemark,2,4970,0,84,2067,mean,0
voicemark,2,4970,0,84,2067,tct,0
voicemark,2,4970,0,84,1035,mean,0
voicemark,2,4970,0,84,1035,tct,0
voicemark,2,4970,0,84,2059,mean,0
voicemark,2,4970,0,84,2059,tct,0
voicemark,2,4970,0,84,42706,mean,0
voicemark,2,4970,0,84,42706,tct,0
voicemark,2,4970,0,84,8927,mean,0
voicemark,2,4970,0,84,8927,tct,0
voicemark,2,4970,0,84,40991,mean,0
voicemark,2,4970,0,84,40991,tct,0
voicemark,2,4970,1,85,29266,mean,0
voicemark,2,4970,1,85,29266,tct,0
voicemark,2,4970,1,85,25409,mean,0
voicemark,2,4970,1,85,25409,tct,0
voicemark,2,4970,1,85,21323,mean,0
voicemark,2,4970,1,85,21323,tct,0
voicemark,2,4970,1,85,585,mean,0
voicemark,2,4970,1,85,585,tct,0
voicemark,2,4970,1,85,49752,mean,0
voicemark,2,4970,1,85,49752,tct,0
voicemark,2,4970,1,85,89,mean,0
voicemark,2,4970,1,85,89,tct,0
voicemark,2,4970,1,85,18969,mean,0
voicemark,2,4970,1,85,18969,tct,0
voicemark,2,4970,1,85,62306,mean,0
voicemark,2,4970,1,85,62306,tct,0
voicemark,2,4970,1,85,24896,mean,0
voicemark,2,4970,1,85,24896,tct,0
voicemark,2,4970,1,85,29283,mean,0
voicemark,2,4970,1,85,29283,tct,0
voicemark,2,4970,2,86,27586,mean,0
voicemark,2,4970,2,86,27586,tct,0
voicemark,2,4970,2,86,10692,mean,0
voicemark,2,4970,2,86,10692,tct,0
voicemark,2,4970,2,86,10695,mean,0
voicemark,2,4970,2,86,10695,tct,0
voicemark,2,4970,2,86,27106,mean,0
voicemark,2,4970,2,86,27106,tct,0
voicemark,2,4970,2,86,15264,mean,0
voicemark,2,4970,2,86,15264,tct,0
voicemark,2,4970,2,86,31661,mean,0
voicemark,2,4970,2,86,31661,tct,0
voicemark,2,4970,2,86,15021,mean,0
voicemark,2,4970,2,86,15021,tct,0
voicemark,2,4970,2,86,48009,mean,0
voicemark,2,4970,2,86,48009,tct,0
voicemark,2,4970,2,86,28098,mean,0
voicemark,2,4970,2,86,28098,tct,0
voicemark,2,4970,2,86,18884,mean,0
voicemark,2,4970,2,86,18884,tct,0
voicemark,2,4970,3,87,42801,mean,0
voicemark,2,4970,3,87,42801,tct,0
voicemark,2,4970,3,87,42686,mean,0
voicemark,2,4970,3,87,42686,tct,0
voicemark,2,4970,3,87,59098,mean,0
voicemark,2,4970,3,87,59098,tct,0
voicemark,2,4970,3,87,40881,mean,0
voicemark,2,4970,3,87,40881,tct,0
voicemark,2,4970,3,87,41630,mean,0
voicemark,2,4970,3,87,41630,tct,0
voicemark,2,4970,3,87,41692,mean,0
voicemark,2,4970,3,87,41692,tct,0
voicemark,2,4970,3,87,55073,mean,0
voicemark,2,4970,3,87,55073,tct,0
voicemark,2,4970,3,87,42647,mean,0
voicemark,2,4970,3,87,42647,tct,0
voicemark,2,4970,3,87,46960,mean,0
voicemark,2,4970,3,87,46960,tct,0
voicemark,2,4970,3,87,38683,mean,0
voicemark,2,4970,3,87,38683,tct,0
voicemark,2,4992,0,88,25960,mean,0
voicemark,2,4992,0,88,25960,tct,0
voicemark,2,4992,0,88,26474,mean,0
voicemark,2,4992,0,88,26474,tct,0
voicemark,2,4992,0,88,26062,mean,0
voicemark,2,4992,0,88,26062,tct,0
voicemark,2,4992,0,88,25738,mean,0
voicemark,2,4992,0,88,25738,tct,0
voicemark,2,4992,0,88,28142,mean,0
voicemark,2,4992,0,88,28142,tct,0
voicemark,2,4992,0,88,52430,mean,0
voicemark,2,4992,0,88,52430,tct,0
voicemark,2,4992,0,88,17551,mean,0
voicemark,2,4992,0,88,17551,tct,0
voicemark,2,4992,0,88,26091,mean,0
voicemark,2,4992,0,88,26091,tct,0
voicemark,2,4992,0,88,58734,mean,0
voicemark,2,4992,0,88,58734,tct,0
voicemark,2,4992,0,88,52382,mean,0
voicemark,2,4992,0,88,52382,tct,0
voicemark,2,4992,1,89,27618,mean,0
voicemark,2,4992,1,89,27618,tct,0
voicemark,2,4992,1,89,60378,mean,0
voicemark,2,4992,1,89,60378,tct,0
voicemark,2,4992,1,89,25258,mean,0
voicemark,2,4992,1,89,25258,tct,0
voicemark,2,4992,1,89,58322,mean,0
voicemark,2,4992,1,89,58322,tct,0
voicemark,2,4992,1,89,28579,mean,0
voicemark,2,4992,1,89,28579,tct,0
voicemark,2,4992,1,89,57562,mean,0
voicemark,2,4992,1,89,57562,tct,0
voicemark,2,4992,1,89,28515,mean,0
voicemark,2,4992,1,89,28515,tct,0
voicemark,2,4992,1,89,49306,mean,0
voicemark,2,4992,1,89,49306,tct,0
voicemark,2,4992,1,89,57370,mean,0
voicemark,2,4992,1,89,57370,tct,0
voicemark,2,4992,1,89,57886,mean,0
voicemark,2,4992,1,89,57886,tct,0
voicemark,2,4992,2,90,33616,mean,0
voicemark,2,4992,2,90,33616,tct,0
voicemark,2,4992,2,90,11963,mean,0
voicemark,2,4992,2,90,11963,tct,0
voicemark,2,4992,2,90,27199,mean,0
voicemark,2,4992,2,90,27199,tct,0
voicemark,2,4992,2,90,53840,mean,0
voicemark,2,4992,2,90,53840,tct,0
voicemark,2,4992,2,90,36944,mean,0
voicemark,2,4992,2,90,36944,tct,0
voicemark,2,4992,2,90,37697,mean,0
voicemark,2,4992,2,90,37697,tct,0
voicemark,2,4992,2,90,27389,mean,0
voicemark,2,4992,2,90,27389,tct,0
voicemark,2,4992,2,90,12023,mean,0
voicemark,2,4992,2,90,12023,tct,0
voicemark,2,4992,2,90,20479,mean,0
voicemark,2,4992,2,90,20479,tct,0
voicemark,2,4992,2,90,52925,mean,0
voicemark,2,4992,2,90,52925,tct,0
voicemark,2,4992,3,91,38276,mean,0
voicemark,2,4992,3,91,38276,tct,0
voicemark,2,4992,3,91,33474,mean,0
voicemark,2,4992,3,91,33474,tct,0
voicemark,2,4992,3,91,38290,mean,0
voicemark,2,4992,3,91,38290,tct,0
voicemark,2,4992,3,91,33988,mean,0
voicemark,2,4992,3,91,33988,tct,0
voicemark,2,4992,3,91,37068,mean,0
voicemark,2,4992,3,91,37068,tct,0
voicemark,2,4992,3,91,34515,mean,0
voicemark,2,4992,3,91,34515,tct,0
voicemark,2,4992,3,91,53892,mean,0
voicemark,2,4992,3,91,53892,tct,0
voicemark,2,4992,3,91,12420,mean,0
voicemark,2,4992,3,91,12420,tct,0
voicemark,2,4992,3,91,34692,mean,0
voicemark,2,4992,3,91,34692,tct,0
voicemark,2,4992,3,91,38342,mean,0
voicemark,2,4992,3,91,38342,tct,0
voicemark,2,5105,0,92,65249,mean,0
voicemark,2,5105,0,92,65249,tct,0
voicemark,2,5105,0,92,15073,mean,0
voicemark,2,5105,0,92,15073,tct,0
voicemark,2,5105,0,92,64483,mean,0
voicemark,2,5105,0,92,64483,tct,0
voicemark,2,5105,0,92,9546,mean,0
voicemark,2,5105,0,92,9546,tct,0
voicemark,2,5105,0,92,29784,mean,0
voicemark,2,5105,0,92,29784,tct,0
voicemark,2,5105,0,92,43744,mean,0
voicemark,2,5105,0,92,43744,tct,0
voicemark,2,5105,0,92,12379,mean,0
voicemark,2,5105,0,92,12379,tct,0
voicemark,2,5105,0,92,64739,mean,0
voicemark,2,5105,0,92,64739,tct,0
voicemark,2,5105,0,92,8312,mean,0
voicemark,2,5105,0,92,8312,tct,0
voicemark,2,5105,0,92,25706,mean,0
voicemark,2,5105,0,92,25706,tct,0
voicemark,2,5105,1,93,49701,mean,0
voicemark,2,5105,1,93,49701,tct,0
voicemark,2,5105,1,93,65332,mean,0
voicemark,2,5105,1,93,65332,tct,0
voicemark,2,5105,1,93,49837,mean,0
voicemark,2,5105,1,93,49837,tct,0
voicemark,2,5105,1,93,61988,mean,0
voicemark,2,5105,1,93,61988,tct,0
voicemark,2,5105,1,93,52021,mean,0
voicemark,2,5105,1,93,52021,tct,0
voicemark,2,5105,1,93,51748,mean,0
voicemark,2,5105,1,93,51748,tct,0
voicemark,2,5105,1,93,64048,mean,0
voicemark,2,5105,1,93,64048,tct,0
voicemark,2,5105,1,93,47925,mean,0
voicemark,2,5105,1,93,47925,tct,0
voicemark,2,5105,1,93,49892,mean,0
voicemark,2,5105,1,93,49892,tct,0
voicemark,2,5105,1,93,65340,mean,0
voicemark,2,5105,1,93,65340,tct,0
voicemark,2,5105,2,94,26722,mean,0
voicemark,2,5105,2,94,26722,tct,0
voicemark,2,5105,2,94,36916,mean,0
voicemark,2,5105,2,94,36916,tct,0
voicemark,2,5105,2,94,53253,mean,0
voicemark,2,5105,2,94,53253,tct,0
voicemark,2,5105,2,94,14406,mean,0
voicemark,2,5105,2,94,14406,tct,0
voicemark,2,5105,2,94,54327,mean,0
voicemark,2,5105,2,94,54327,tct,0
voicemark,2,5105,2,94,10330,mean,0
voicemark,2,5105,2,94,10330,tct,0
voicemark,2,5105,2,94,20497,mean,0
voicemark,2,5105,2,94,20497,tct,0
voicemark,2,5105,2,94,43042,mean,0
voicemark,2,5105,2,94,43042,tct,0
voicemark,2,5105,2,94,2162,mean,0
voicemark,2,5105,2,94,2162,tct,0
voicemark,2,5105,2,94,59462,mean,0
voicemark,2,5105,2,94,59462,tct,0
voicemark,2,5105,3,95,54714,mean,0
voicemark,2,5105,3,95,54714,tct,0
voicemark,2,5105,3,95,12497,mean,0
voicemark,2,5105,3,95,12497,tct,0
voicemark,2,5105,3,95,54667,mean,0
voicemark,2,5105,3,95,54667,tct,0
voicemark,2,5105,3,95,62858,mean,0
voicemark,2,5105,3,95,62858,tct,0
voicemark,2,5105,3,95,61633,mean,0
voicemark,2,5105,3,95,61633,tct,0
voicemark,2,5105,3,95,12739,mean,0
voicemark,2,5105,3,95,12739,tct,0
voicemark,2,5105,3,95,37290,mean,0
voicemark,2,5105,3,95,37290,tct,0
voicemark,2,5105,3,95,45257,mean,0
voicemark,2,5105,3,95,45257,tct,0
voicemark,2,5105,3,95,12482,mean,0
voicemark,2,5105,3,95,12482,tct,0
voicemark,2,5105,3,95,12705,mean,0
voicemark,2,5105,3,95,12705,tct,0
voicemark,2,5142,0,96,28758,mean,0
voicemark,2,5142,0,96,28758,tct,0
voicemark,2,5142,0,96,12370,mean,0
voicemark,2,5142,0,96,12370,tct,0
voicemark,2,5142,0,96,12438,mean,0
voicemark,2,5142,0,96,12438,tct,0
voicemark,2,5142,0,96,12404,mean,0
voicemark,2,5142,0,96,12404,tct,0
voicemark,2,5142,0,96,24694,mean,0
voicemark,2,5142,0,96,24694,tct,0
voicemark,2,5142,0,96,12311,mean,0
voicemark,2,5142,0,96,12311,tct,0
voicemark,2,5142,0,96,4180,mean,0
voicemark,2,5142,0,96,4180,tct,0
voicemark,2,5142,0,96,17828,mean,0
voicemark,2,5142,0,96,17828,tct,0
voicemark,2,5142,0,96,12324,mean,0
voicemark,2,5142,0,96,12324,tct,0
voicemark,2,5142,0,96,28998,mean,0
voicemark,2,5142,0,96,28998,tct,0
voicemark,2,5142,1,97,10302,mean,0
voicemark,2,5142,1,97,10302,tct,0
voicemark,2,5142,1,97,8751,mean,0
voicemark,2,5142,1,97,8751,tct,0
voicemark,2,5142,1,97,10686,mean,0
voicemark,2,5142,1,97,10686,tct,0
voicemark,2,5142,1,97,10798,mean,0
voicemark,2,5142,1,97,10798,tct,0
voicemark,2,5142,1,97,8318,mean,0
voicemark,2,5142,1,97,8318,tct,0
voicemark,2,5142,1,97,8806,mean,0
voicemark,2,5142,1,97,8806,tct,0
voicemark,2,5142,1,97,9199,mean,0
voicemark,2,5142,1,97,9199,tct,0
voicemark,2,5142,1,97,41711,mean,0
voicemark,2,5142,1,97,41711,tct,0
voicemark,2,5142,1,97,31038,mean,0
voicemark,2,5142,1,97,31038,tct,0
voicemark,2,5142,1,97,9083,mean,0
voicemark,2,5142,1,97,9083,tct,0
voicemark,2,5142,2,98,16315,mean,0
voicemark,2,5142,2,98,16315,tct,0
voicemark,2,5142,2,98,5787,mean,0
voicemark,2,5142,2,98,5787,tct,0
voicemark,2,5142,2,98,1971,mean,0
voicemark,2,5142,2,98,1971,tct,0
voicemark,2,5142,2,98,48795,mean,0
voicemark,2,5142,2,98,48795,tct,0
voicemark,2,5142,2,98,47034,mean,0
voicemark,2,5142,2,98,47034,tct,0
voicemark,2,5142,2,98,46523,mean,0
voicemark,2,5142,2,98,46523,tct,0
voicemark,2,5142,2,98,46011,mean,0
voicemark,2,5142,2,98,46011,tct,0
voicemark,2,5142,2,98,6018,mean,0
voicemark,2,5142,2,98,6018,tct,0
voicemark,2,5142,2,98,4883,mean,0
voicemark,2,5142,2,98,4883,tct,0
voicemark,2,5142,2,98,5015,mean,0
voicemark,2,5142,2,98,5015,tct,0
voicemark,2,5142,3,99,51400,mean,0
voicemark,2,5142,3,99,51400,tct,0
voicemark,2,5142,3,99,49640,mean,0
voicemark,2,5142,3,99,49640,tct,0
voicemark,2,5142,3,99,34210,mean,0
voicemark,2,5142,3,99,34210,tct,0
voicemark,2,5142,3,99,52392,mean,0
voicemark,2,5142,3,99,52392,tct,0
voicemark,2,5142,3,99,56552,mean,0
voicemark,2,5142,3,99,56552,tct,0
voicemark,2,5142,3,99,19176,mean,0
voicemark,2,5142,3,99,19176,tct,0
voicemark,2,5142,3,99,9600,mean,0
voicemark,2,5142,3,99,9600,tct,0
voicemark,2,5142,3,99,51392,mean,0
voicemark,2,5142,3,99,51392,tct,0
voicemark,2,5142,3,99,1954,mean,0
voicemark,2,5142,3,99,1954,tct,0
voicemark,2,5142,3,99,51438,mean,0
voicemark,2,5142,3,99,51438,tct,0
voicemark,2,5639,0,100,48555,mean,0
voicemark,2,5639,0,100,48555,tct,0
voicemark,2,5639,0,100,12587,mean,0
voicemark,2,5639,0,100,12587,tct,0
voicemark,2,5639,0,100,10236,mean,0
voicemark,2,5639,0,100,10236,tct,0
voicemark,2,5639,0,100,43322,mean,0
voicemark,2,5639,0,100,43322,tct,0
voicemark,2,5639,0,100,10537,mean,0
voicemark,2,5639,0,100,10537,tct,0
voicemark,2,5639,0,100,15341,mean,0
voicemark,2,5639,0,100,15341,tct,0
voicemark,2,5639,0,100,48108,mean,0
voicemark,2,5639,0,100,48108,tct,0
voicemark,2,5639,0,100,48419,mean,0
voicemark,2,5639,0,100,48419,tct,0
voicemark,2,5639,0,100,14650,mean,0
voicemark,2,5639,0,100,14650,tct,0
voicemark,2,5639,0,100,47597,mean,0
voicemark,2,5639,0,100,47597,tct,0
voicemark,2,5639,1,101,54302,mean,0
voicemark,2,5639,1,101,54302,tct,0
voicemark,2,5639,1,101,21678,mean,0
voicemark,2,5639,1,101,21678,tct,0
voicemark,2,5639,1,101,20698,mean,0
voicemark,2,5639,1,101,20698,tct,0
voicemark,2,5639,1,101,56638,mean,0
voicemark,2,5639,1,101,56638,tct,0
voicemark,2,5639,1,101,37962,mean,0
voicemark,2,5639,1,101,37962,tct,0
voicemark,2,5639,1,101,54444,mean,0
voicemark,2,5639,1,101,54444,tct,0
voicemark,2,5639,1,101,17562,mean,0
voicemark,2,5639,1,101,17562,tct,0
voicemark,2,5639,1,101,53358,mean,0
voicemark,2,5639,1,101,53358,tct,0
voicemark,2,5639,1,101,20622,mean,0
voicemark,2,5639,1,101,20622,tct,0
voicemark,2,5639,1,101,54734,mean,0
voicemark,2,5639,1,101,54734,tct,0
voicemark,2,5639,2,102,21880,mean,0
voicemark,2,5639,2,102,21880,tct,0
voicemark,2,5639,2,102,5488,mean,0
voicemark,2,5639,2,102,5488,tct,0
voicemark,2,5639,2,102,49289,mean,0
voicemark,2,5639,2,102,49289,tct,0
voicemark,2,5639,2,102,23920,mean,0
voicemark,2,5639,2,102,23920,tct,0
voicemark,2,5639,2,102,56688,mean,0
voicemark,2,5639,2,102,56688,tct,0
voicemark,2,5639,2,102,41129,mean,0
voicemark,2,5639,2,102,41129,tct,0
voicemark,2,5639,2,102,50480,mean,0
voicemark,2,5639,2,102,50480,tct,0
voicemark,2,5639,2,102,1520,mean,0
voicemark,2,5639,2,102,1520,tct,0
voicemark,2,5639,2,102,33937,mean,0
voicemark,2,5639,2,102,33937,tct,0
voicemark,2,5639,2,102,54352,mean,0
voicemark,2,5639,2,102,54352,tct,0
voicemark,2,5639,3,103,5457,mean,0
voicemark,2,5639,3,103,5457,tct,0
voicemark,2,5639,3,103,15424,mean,0
voicemark,2,5639,3,103,15424,tct,0
voicemark,2,5639,3,103,32592,mean,0
voicemark,2,5639,3,103,32592,tct,0
voicemark,2,5639,3,103,61529,mean,0
voicemark,2,5639,3,103,61529,tct,0
voicemark,2,5639,3,103,15706,mean,0
voicemark,2,5639,3,103,15706,tct,0
voicemark,2,5639,3,103,15684,mean,0
voicemark,2,5639,3,103,15684,tct,0
voicemark,2,5639,3,103,11602,mean,0
voicemark,2,5639,3,103,11602,tct,0
voicemark,2,5639,3,103,62536,mean,0
voicemark,2,5639,3,103,62536,tct,0
voicemark,2,5639,3,103,58456,mean,0
voicemark,2,5639,3,103,58456,tct,0
voicemark,2,5639,3,103,32092,mean,0
voicemark,2,5639,3,103,32092,tct,0
voicemark,2,5683,0,104,64696,mean,0
voicemark,2,5683,0,104,64696,tct,0
voicemark,2,5683,0,104,48013,mean,0
voicemark,2,5683,0,104,48013,tct,0
voicemark,2,5683,0,104,47263,mean,0
voicemark,2,5683,0,104,47263,tct,0
voicemark,2,5683,0,104,63416,mean,0
voicemark,2,5683,0,104,63416,tct,0
voicemark,2,5683,0,104,48888,mean,0
voicemark,2,5683,0,104,48888,tct,0
voicemark,2,5683,0,104,59791,mean,0
voicemark,2,5683,0,104,59791,tct,0
voicemark,2,5683,0,104,64936,mean,0
voicemark,2,5683,0,104,64936,tct,0
voicemark,2,5683,0,104,48521,mean,0
voicemark,2,5683,0,104,48521,tct,0
voicemark,2,5683,0,104,47288,mean,0
voicemark,2,5683,0,104,47288,tct,0
voicemark,2,5683,0,104,63918,mean,0
voicemark,2,5683,0,104,63918,tct,0
voicemark,2,5683,1,105,20773,mean,0
voicemark,2,5683,1,105,20773,tct,0
voicemark,2,5683,1,105,59806,mean,0
voicemark,2,5683,1,105,59806,tct,0
voicemark,2,5683,1,105,60861,mean,0
voicemark,2,5683,1,105,60861,tct,0
voicemark,2,5683,1,105,27070,mean,0
voicemark,2,5683,1,105,27070,tct,0
voicemark,2,5683,1,105,59836,mean,0
voicemark,2,5683,1,105,59836,tct,0
voicemark,2,5683,1,105,20742,mean,0
voicemark,2,5683,1,105,20742,tct,0
voicemark,2,5683,1,105,20736,mean,0
voicemark,2,5683,1,105,20736,tct,0
voicemark,2,5683,1,105,60927,mean,0
voicemark,2,5683,1,105,60927,tct,0
voicemark,2,5683,1,105,6405,mean,0
voicemark,2,5683,1,105,6405,tct,0
voicemark,2,5683,1,105,51614,mean,0
voicemark,2,5683,1,105,51614,tct,0
voicemark,2,5683,2,106,20808,mean,0
voicemark,2,5683,2,106,20808,tct,0
voicemark,2,5683,2,106,30329,mean,0
voicemark,2,5683,2,106,30329,tct,0
voicemark,2,5683,2,106,24874,mean,0
voicemark,2,5683,2,106,24874,tct,0
voicemark,2,5683,2,106,54361,mean,0
voicemark,2,5683,2,106,54361,tct,0
voicemark,2,5683,2,106,18795,mean,0
voicemark,2,5683,2,106,18795,tct,0
voicemark,2,5683,2,106,31832,mean,0
voicemark,2,5683,2,106,31832,tct,0
voicemark,2,5683,2,106,28746,mean,0
voicemark,2,5683,2,106,28746,tct,0
voicemark,2,5683,2,106,28779,mean,0
voicemark,2,5683,2,106,28779,tct,0
voicemark,2,5683,2,106,30059,mean,0
voicemark,2,5683,2,106,30059,tct,0
voicemark,2,5683,2,106,29811,mean,0
voicemark,2,5683,2,106,29811,tct,0
voicemark,2,5683,3,107,62405,mean,0
voicemark,2,5683,3,107,62405,tct,0
voicemark,2,5683,3,107,53893,mean,0
voicemark,2,5683,3,107,53893,tct,0
voicemark,2,5683,3,107,54237,mean,0
voicemark,2,5683,3,107,54237,tct,0
voicemark,2,5683,3,107,55253,mean,0
voicemark,2,5683,3,107,55253,tct,0
voicemark,2,5683,3,107,43252,mean,0
voicemark,2,5683,3,107,43252,tct,0
voicemark,2,5683,3,107,44181,mean,0
voicemark,2,5683,3,107,44181,tct,0
voicemark,2,5683,3,107,32980,mean,0
voicemark,2,5683,3,107,32980,tct,0
voicemark,2,5683,3,107,33172,mean,0
voicemark,2,5683,3,107,33172,tct,0
voicemark,2,5683,3,107,45716,mean,0
voicemark,2,5683,3,107,45716,tct,0
voicemark,2,5683,3,107,58004,mean,0
voicemark,2,5683,3,107,58004,tct,0
voicemark,2,6829,0,108,63923,mean,0
voicemark,2,6829,0,108,63923,tct,0
voicemark,2,6829,0,108,54195,mean,0
voicemark,2,6829,0,108,54195,tct,0
voicemark,2,6829,0,108,53426,mean,0
voicemark,2,6829,0,108,53426,tct,0
voicemark,2,6829,0,108,28851,mean,0
voicemark,2,6829,0,108,28851,tct,0
voicemark,2,6829,0,108,22050,mean,0
voicemark,2,6829,0,108,22050,tct,0
voicemark,2,6829,0,108,57787,mean,0
voicemark,2,6829,0,108,57787,tct,0
voicemark,2,6829,0,108,55730,mean,0
voicemark,2,6829,0,108,55730,tct,0
voicemark,2,6829,0,108,62118,mean,0
voicemark,2,6829,0,108,62118,tct,0
voicemark,2,6829,0,108,53546,mean,0
voicemark,2,6829,0,108,53546,tct,0
voicemark,2,6829,0,108,50082,mean,0
voicemark,2,6829,0,108,50082,tct,0
voicemark,2,6829,1,109,10426,mean,0
voicemark,2,6829,1,109,10426,tct,0
voicemark,2,6829,1,109,48367,mean,0
voicemark,2,6829,1,109,48367,tct,0
voicemark,2,6829,1,109,15466,mean,0
voicemark,2,6829,1,109,15466,tct,0
voicemark,2,6829,1,109,14526,mean,0
voicemark,2,6829,1,109,14526,tct,0
voicemark,2,6829,1,109,48383,mean,0
voicemark,2,6829,1,109,48383,tct,0
voicemark,2,6829,1,109,44268,mean,0
voicemark,2,6829,1,109,44268,tct,0
voicemark,2,6829,1,109,48814,mean,0
voicemark,2,6829,1,109,48814,tct,0
voicemark,2,6829,1,109,14386,mean,0
voicemark,2,6829,1,109,14386,tct,0
voicemark,2,6829,1,109,43322,mean,0
voicemark,2,6829,1,109,43322,tct,0
voicemark,2,6829,1,109,58,mean,0
voicemark,2,6829,1,109,58,tct,0
voicemark,2,6829,2,110,16253,mean,0
voicemark,2,6829,2,110,16253,tct,0
voicemark,2,6829,2,110,8175,mean,0
voicemark,2,6829,2,110,8175,tct,0
voicemark,2,6829,2,110,16373,mean,0
voicemark,2,6829,2,110,16373,tct,0
voicemark,2,6829,2,110,20833,mean,0
voicemark,2,6829,2,110,20833,tct,0
voicemark,2,6829,2,110,22820,mean,0
voicemark,2,6829,2,110,22820,tct,0
voicemark,2,6829,2,110,6432,mean,0
voicemark,2,6829,2,110,6432,tct,0
voicemark,2,6829,2,110,16223,mean,0
voicemark,2,6829,2,110,16223,tct,0
voicemark,2,6829,2,110,16126,mean,0
voicemark,2,6829,2,110,16126,tct,0
voicemark,2,6829,2,110,47103,mean,0
voicemark,2,6829,2,110,47103,tct,0
voicemark,2,6829,2,110,12283,mean,0
voicemark,2,6829,2,110,12283,tct,0
voicemark,2,6829,3,111,31700,mean,0
voicemark,2,6829,3,111,31700,tct,0
voicemark,2,6829,3,111,31316,mean,0
voicemark,2,6829,3,111,31316,tct,0
voicemark,2,6829,3,111,31560,mean,0
voicemark,2,6829,3,111,31560,tct,0
voicemark,2,6829,3,111,31508,mean,0
voicemark,2,6829,3,111,31508,tct,0
voicemark,2,6829,3,111,62145,mean,0
voicemark,2,6829,3,111,62145,tct,0
voicemark,2,6829,3,111,31557,mean,0
voicemark,2,6829,3,111,31557,tct,0
voicemark,2,6829,3,111,29536,mean,0
voicemark,2,6829,3,111,29536,tct,0
voicemark,2,6829,3,111,58597,mean,0
voicemark,2,6829,3,111,58597,tct,0
voicemark,2,6829,3,111,27492,mean,0
voicemark,2,6829,3,111,27492,tct,0
voicemark,2,6829,3,111,60256,mean,0
voicemark,2,6829,3,111,60256,tct,0
voicemark,2,6930,0,112,37974,mean,0
voicemark,2,6930,0,112,37974,tct,0
voicemark,2,6930,0,112,11592,mean,0
voicemark,2,6930,0,112,11592,tct,0
voicemark,2,6930,0,112,10696,mean,0
voicemark,2,6930,0,112,10696,tct,0
voicemark,2,6930,0,112,44490,mean,0
voicemark,2,6930,0,112,44490,tct,0
voicemark,2,6930,0,112,11594,mean,0
voicemark,2,6930,0,112,11594,tct,0
voicemark,2,6930,0,112,44360,mean,0
voicemark,2,6930,0,112,44360,tct,0
voicemark,2,6930,0,112,5398,mean,0
voicemark,2,6930,0,112,5398,tct,0
voicemark,2,6930,0,112,33878,mean,0
voicemark,2,6930,0,112,33878,tct,0
voicemark,2,6930,0,112,38022,mean,0
voicemark,2,6930,0,112,38022,tct,0
voicemark,2,6930,0,112,38162,mean,0
voicemark,2,6930,0,112,38162,tct,0
voicemark,2,6930,1,113,31293,mean,0
voicemark,2,6930,1,113,31293,tct,0
voicemark,2,6930,1,113,64057,mean,0
voicemark,2,6930,1,113,64057,tct,0
voicemark,2,6930,1,113,64021,mean,0
voicemark,2,6930,1,113,64021,tct,0
voicemark,2,6930,1,113,62069,mean,0
voicemark,2,6930,1,113,62069,tct,0
voicemark,2,6930,1,113,31277,mean,0
voicemark,2,6930,1,113,31277,tct,0
voicemark,2,6930,1,113,45629,mean,0
voicemark,2,6930,1,113,45629,tct,0
voicemark,2,6930,1,113,29369,mean,0
voicemark,2,6930,1,113,29369,tct,0
voicemark,2,6930,1,113,29308,mean,0
voicemark,2,6930,1,113,29308,tct,0
voicemark,2,6930,1,113,63633,mean,0
voicemark,2,6930,1,113,63633,tct,0
voicemark,2,6930,1,113,64601,mean,0
voicemark,2,6930,1,113,64601,tct,0
voicemark,2,6930,2,114,34194,mean,0
voicemark,2,6930,2,114,34194,tct,0
voicemark,2,6930,2,114,56722,mean,0
voicemark,2,6930,2,114,56722,tct,0
voicemark,2,6930,2,114,34078,mean,0
voicemark,2,6930,2,114,34078,tct,0
voicemark,2,6930,2,114,33046,mean,0
voicemark,2,6930,2,114,33046,tct,0
voicemark,2,6930,2,114,3862,mean,0
voicemark,2,6930,2,114,3862,tct,0
voicemark,2,6930,2,114,1282,mean,0
voicemark,2,6930,2,114,1282,tct,0
voicemark,2,6930,2,114,4530,mean,0
voicemark,2,6930,2,114,4530,tct,0
voicemark,2,6930,2,114,40208,mean,0
voicemark,2,6930,2,114,40208,tct,0
voicemark,2,6930,2,114,6546,mean,0
voicemark,2,6930,2,114,6546,tct,0
voicemark,2,6930,2,114,42258,mean,0
voicemark,2,6930,2,114,42258,tct,0
voicemark,2,6930,3,115,27474,mean,0
voicemark,2,6930,3,115,27474,tct,0
voicemark,2,6930,3,115,60146,mean,0
voicemark,2,6930,3,115,60146,tct,0
voicemark,2,6930,3,115,29266,mean,0
voicemark,2,6930,3,115,29266,tct,0
voicemark,2,6930,3,115,33526,mean,0
voicemark,2,6930,3,115,33526,tct,0
voicemark,2,6930,3,115,28226,mean,0
voicemark,2,6930,3,115,28226,tct,0
voicemark,2,6930,3,115,49908,mean,0
voicemark,2,6930,3,115,49908,tct,0
voicemark,2,6930,3,115,49911,mean,0
voicemark,2,6930,3,115,49911,tct,0
voicemark,2,6930,3,115,14930,mean,0
voicemark,2,6930,3,115,14930,tct,0
voicemark,2,6930,3,115,64214,mean,0
voicemark,2,6930,3,115,64214,tct,0
voicemark,2,6930,3,115,24656,mean,0
voicemark,2,6930,3,115,24656,tct,0
voicemark,2,7021,0,116,29167,mean,0
voicemark,2,7021,0,116,29167,tct,0
voicemark,2,7021,0,116,53755,mean,0
voicemark,2,7021,0,116,53755,tct,0
voicemark,2,7021,0,116,37813,mean,0
voicemark,2,7021,0,116,37813,tct,0
voicemark,2,7021,0,116,46007,mean,0
voicemark,2,7021,0,116,46007,tct,0
voicemark,2,7021,0,116,5115,mean,0
voicemark,2,7021,0,116,5115,tct,0
voicemark,2,7021,0,116,52151,mean,0
voicemark,2,7021,0,116,52151,tct,0
voicemark,2,7021,0,116,35775,mean,0
voicemark,2,7021,0,116,35775,tct,0
voicemark,2,7021,0,116,57845,mean,0
voicemark,2,7021,0,116,57845,tct,0
voicemark,2,7021,0,116,60323,mean,0
voicemark,2,7021,0,116,60323,tct,0
voicemark,2,7021,0,116,6563,mean,0
voicemark,2,7021,0,116,6563,tct,0
voicemark,2,7021,1,117,1229,mean,0
voicemark,2,7021,1,117,1229,tct,0
voicemark,2,7021,1,117,1253,mean,0
voicemark,2,7021,1,117,1253,tct,0
voicemark,2,7021,1,117,1239,mean,0
voicemark,2,7021,1,117,1239,tct,0
voicemark,2,7021,1,117,38047,mean,0
voicemark,2,7021,1,117,38047,tct,0
voicemark,2,7021,1,117,4191,mean,0
voicemark,2,7021,1,117,4191,tct,0
voicemark,2,7021,1,117,36895,mean,0
voicemark,2,7021,1,117,36895,tct,0
voicemark,2,7021,1,117,9409,mean,0
voicemark,2,7021,1,117,9409,tct,0
voicemark,2,7021,1,117,21511,mean,0
voicemark,2,7021,1,117,21511,tct,0
voicemark,2,7021,1,117,9311,mean,0
voicemark,2,7021,1,117,9311,tct,0
voicemark,2,7021,1,117,5157,mean,0
voicemark,2,7021,1,117,5157,tct,0
voicemark,2,7021,2,118,51751,mean,0
voicemark,2,7021,2,118,51751,tct,0
voicemark,2,7021,2,118,39175,mean,0
voicemark,2,7021,2,118,39175,tct,0
voicemark,2,7021,2,118,51587,mean,0
voicemark,2,7021,2,118,51587,tct,0
voicemark,2,7021,2,118,51875,mean,0
voicemark,2,7021,2,118,51875,tct,0
voicemark,2,7021,2,118,51366,mean,0
voicemark,2,7021,2,118,51366,tct,0
voicemark,2,7021,2,118,40707,mean,0
voicemark,2,7021,2,118,40707,tct,0
voicemark,2,7021,2,118,47271,mean,0
voicemark,2,7021,2,118,47271,tct,0
voicemark,2,7021,2,118,37635,mean,0
voicemark,2,7021,2,118,37635,tct,0
voicemark,2,7021,2,118,56579,mean,0
voicemark,2,7021,2,118,56579,tct,0
voicemark,2,7021,2,118,51731,mean,0
voicemark,2,7021,2,118,51731,tct,0
voicemark,2,7021,3,119,46742,mean,0
voicemark,2,7021,3,119,46742,tct,0
voicemark,2,7021,3,119,46770,mean,0
voicemark,2,7021,3,119,46770,tct,0
voicemark,2,7021,3,119,40083,mean,0
voicemark,2,7021,3,119,40083,tct,0
voicemark,2,7021,3,119,30374,mean,0
voicemark,2,7021,3,119,30374,tct,0
voicemark,2,7021,3,119,40583,mean,0
voicemark,2,7021,3,119,40583,tct,0
voicemark,2,7021,3,119,44279,mean,0
voicemark,2,7021,3,119,44279,tct,0
voicemark,2,7021,3,119,48563,mean,0
voicemark,2,7021,3,119,48563,tct,0
voicemark,2,7021,3,119,63895,mean,0
voicemark,2,7021,3,119,63895,tct,0
voicemark,2,7021,3,119,48282,mean,0
voicemark,2,7021,3,119,48282,tct,0
voicemark,2,7021,3,119,65188,mean,0
voicemark,2,7021,3,119,65188,tct,0
voicemark,2,7127,0,120,23280,mean,0
voicemark,2,7127,0,120,23280,tct,0
voicemark,2,7127,0,120,19160,mean,0
voicemark,2,7127,0,120,19160,tct,0
voicemark,2,7127,0,120,31442,mean,0
voicemark,2,7127,0,120,31442,tct,0
voicemark,2,7127,0,120,27260,mean,0
voicemark,2,7127,0,120,27260,tct,0
voicemark,2,7127,0,120,22750,mean,0
voicemark,2,7127,0,120,22750,tct,0
voicemark,2,7127,0,120,19100,mean,0
voicemark,2,7127,0,120,19100,tct,0
voicemark,2,7127,0,120,23153,mean,0
voicemark,2,7127,0,120,23153,tct,0
voicemark,2,7127,0,120,35550,mean,0
voicemark,2,7127,0,120,35550,tct,0
voicemark,2,7127,0,120,29552,mean,0
voicemark,2,7127,0,120,29552,tct,0
voicemark,2,7127,0,120,18590,mean,0
voicemark,2,7127,0,120,18590,tct,0
voicemark,2,7127,1,121,12033,mean,0
voicemark,2,7127,1,121,12033,tct,0
voicemark,2,7127,1,121,12193,mean,0
voicemark,2,7127,1,121,12193,tct,0
voicemark,2,7127,1,121,11045,mean,0
voicemark,2,7127,1,121,11045,tct,0
voicemark,2,7127,1,121,32611,mean,0
voicemark,2,7127,1,121,32611,tct,0
voicemark,2,7127,1,121,28519,mean,0
voicemark,2,7127,1,121,28519,tct,0
voicemark,2,7127,1,121,32359,mean,0
voicemark,2,7127,1,121,32359,tct,0
voicemark,2,7127,1,121,11813,mean,0
voicemark,2,7127,1,121,11813,tct,0
voicemark,2,7127,1,121,11681,mean,0
voicemark,2,7127,1,121,11681,tct,0
voicemark,2,7127,1,121,31343,mean,0
voicemark,2,7127,1,121,31343,tct,0
voicemark,2,7127,1,121,7011,mean,0
voicemark,2,7127,1,121,7011,tct,0
voicemark,2,7127,2,122,16022,mean,0
voicemark,2,7127,2,122,16022,tct,0
voicemark,2,7127,2,122,1686,mean,0
voicemark,2,7127,2,122,1686,tct,0
voicemark,2,7127,2,122,36631,mean,0
voicemark,2,7127,2,122,36631,tct,0
voicemark,2,7127,2,122,9887,mean,0
voicemark,2,7127,2,122,9887,tct,0
voicemark,2,7127,2,122,8855,mean,0
voicemark,2,7127,2,122,8855,tct,0
voicemark,2,7127,2,122,2975,mean,0
voicemark,2,7127,2,122,2975,tct,0
voicemark,2,7127,2,122,43542,mean,0
voicemark,2,7127,2,122,43542,tct,0
voicemark,2,7127,2,122,15894,mean,0
voicemark,2,7127,2,122,15894,tct,0
voicemark,2,7127,2,122,33562,mean,0
voicemark,2,7127,2,122,33562,tct,0
voicemark,2,7127,2,122,33679,mean,0
voicemark,2,7127,2,122,33679,tct,0
voicemark,2,7127,3,123,26360,mean,0
voicemark,2,7127,3,123,26360,tct,0
voicemark,2,7127,3,123,59067,mean,0
voicemark,2,7127,3,123,59067,tct,0
voicemark,2,7127,3,123,26425,mean,0
voicemark,2,7127,3,123,26425,tct,0
voicemark,2,7127,3,123,65264,mean,0
voicemark,2,7127,3,123,65264,tct,0
voicemark,2,7127,3,123,42704,mean,0
voicemark,2,7127,3,123,42704,tct,0
voicemark,2,7127,3,123,62704,mean,0
voicemark,2,7127,3,123,62704,tct,0
voicemark,2,7127,3,123,59280,mean,0
voicemark,2,7127,3,123,59280,tct,0
voicemark,2,7127,3,123,59381,mean,0
voicemark,2,7127,3,123,59381,tct,0
voicemark,2,7127,3,123,25339,mean,0
voicemark,2,7127,3,123,25339,tct,0
voicemark,2,7127,3,123,58936,mean,0
voicemark,2,7127,3,123,58936,tct,0
voicemark,2,7176,0,124,49390,mean,0
voicemark,2,7176,0,124,49390,tct,0
voicemark,2,7176,0,124,39983,mean,0
voicemark,2,7176,0,124,39983,tct,0
voicemark,2,7176,0,124,35373,mean,0
voicemark,2,7176,0,124,35373,tct,0
voicemark,2,7176,0,124,35343,mean,0
voicemark,2,7176,0,124,35343,tct,0
voicemark,2,7176,0,124,63743,mean,0
voicemark,2,7176,0,124,63743,tct,0
voicemark,2,7176,0,124,37615,mean,0
voicemark,2,7176,0,124,37615,tct,0
voicemark,2,7176,0,124,43134,mean,0
voicemark,2,7176,0,124,43134,tct,0
voicemark,2,7176,0,124,33534,mean,0
voicemark,2,7176,0,124,33534,tct,0
voicemark,2,7176,0,124,53486,mean,0
voicemark,2,7176,0,124,53486,tct,0
voicemark,2,7176,0,124,51326,mean,0
voicemark,2,7176,0,124,51326,tct,0
voicemark,2,7176,1,125,23981,mean,0
voicemark,2,7176,1,125,23981,tct,0
voicemark,2,7176,1,125,64429,mean,0
voicemark,2,7176,1,125,64429,tct,0
voicemark,2,7176,1,125,45481,mean,0
voicemark,2,7176,1,125,45481,tct,0
voicemark,2,7176,1,125,43405,mean,0
voicemark,2,7176,1,125,43405,tct,0
voicemark,2,7176,1,125,17836,mean,0
voicemark,2,7176,1,125,17836,tct,0
voicemark,2,7176,1,125,45357,mean,0
voicemark,2,7176,1,125,45357,tct,0
voicemark,2,7176,1,125,14828,mean,0
voicemark,2,7176,1,125,14828,tct,0
voicemark,2,7176,1,125,36232,mean,0
voicemark,2,7176,1,125,36232,tct,0
voicemark,2,7176,1,125,59837,mean,0
voicemark,2,7176,1,125,59837,tct,0
voicemark,2,7176,1,125,23945,mean,0
voicemark,2,7176,1,125,23945,tct,0
voicemark,2,7176,2,126,10893,mean,0
voicemark,2,7176,2,126,10893,tct,0
voicemark,2,7176,2,126,37797,mean,0
voicemark,2,7176,2,126,37797,tct,0
voicemark,2,7176,2,126,12172,mean,0
voicemark,2,7176,2,126,12172,tct,0
voicemark,2,7176,2,126,16012,mean,0
voicemark,2,7176,2,126,16012,tct,0
voicemark,2,7176,2,126,11948,mean,0
voicemark,2,7176,2,126,11948,tct,0
voicemark,2,7176,2,126,43656,mean,0
voicemark,2,7176,2,126,43656,tct,0
voicemark,2,7176,2,126,54695,mean,0
voicemark,2,7176,2,126,54695,tct,0
voicemark,2,7176,2,126,10376,mean,0
voicemark,2,7176,2,126,10376,tct,0
voicemark,2,7176,2,126,17036,mean,0
voicemark,2,7176,2,126,17036,tct,0
voicemark,2,7176,2,126,41604,mean,0
voicemark,2,7176,2,126,41604,tct,0
voicemark,2,7176,3,127,19094,mean,0
voicemark,2,7176,3,127,19094,tct,0
voicemark,2,7176,3,127,22733,mean,0
voicemark,2,7176,3,127,22733,tct,0
voicemark,2,7176,3,127,23493,mean,0
voicemark,2,7176,3,127,23493,tct,0
voicemark,2,7176,3,127,23447,mean,0
voicemark,2,7176,3,127,23447,tct,0
voicemark,2,7176,3,127,23196,mean,0
voicemark,2,7176,3,127,23196,tct,0
voicemark,2,7176,3,127,19084,mean,0
voicemark,2,7176,3,127,19084,tct,0
voicemark,2,7176,3,127,18836,mean,0
voicemark,2,7176,3,127,18836,tct,0
voicemark,2,7176,3,127,20372,mean,0
voicemark,2,7176,3,127,20372,tct,0
voicemark,2,7176,3,127,32461,mean,0
voicemark,2,7176,3,127,32461,tct,0
voicemark,2,7176,3,127,24301,mean,0
voicemark,2,7176,3,127,24301,tct,0
voicemark,2,7729,0,128,22730,mean,0
voicemark,2,7729,0,128,22730,tct,0
voicemark,2,7729,0,128,1871,mean,0
voicemark,2,7729,0,128,1871,tct,0
voicemark,2,7729,0,128,8971,mean,0
voicemark,2,7729,0,128,8971,tct,0
voicemark,2,7729,0,128,19594,mean,0
voicemark,2,7729,0,128,19594,tct,0
voicemark,2,7729,0,128,23750,mean,0
voicemark,2,7729,0,128,23750,tct,0
voicemark,2,7729,0,128,879,mean,0
voicemark,2,7729,0,128,879,tct,0
voicemark,2,7729,0,128,8799,mean,0
voicemark,2,7729,0,128,8799,tct,0
voicemark,2,7729,0,128,32330,mean,0
voicemark,2,7729,0,128,32330,tct,0
voicemark,2,7729,0,128,22990,mean,0
voicemark,2,7729,0,128,22990,tct,0
voicemark,2,7729,0,128,25163,mean,0
voicemark,2,7729,0,128,25163,tct,0
voicemark,2,7729,1,129,37406,mean,0
voicemark,2,7729,1,129,37406,tct,0
voicemark,2,7729,1,129,38686,mean,0
voicemark,2,7729,1,129,38686,tct,0
voicemark,2,7729,1,129,47774,mean,0
voicemark,2,7729,1,129,47774,tct,0
voicemark,2,7729,1,129,45598,mean,0
voicemark,2,7729,1,129,45598,tct,0
voicemark,2,7729,1,129,37783,mean,0
voicemark,2,7729,1,129,37783,tct,0
voicemark,2,7729,1,129,45343,mean,0
voicemark,2,7729,1,129,45343,tct,0
voicemark,2,7729,1,129,40590,mean,0
voicemark,2,7729,1,129,40590,tct,0
voicemark,2,7729,1,129,40475,mean,0
voicemark,2,7729,1,129,40475,tct,0
voicemark,2,7729,1,129,37918,mean,0
voicemark,2,7729,1,129,37918,tct,0
voicemark,2,7729,1,129,36414,mean,0
voicemark,2,7729,1,129,36414,tct,0
voicemark,2,7729,2,130,16357,mean,0
voicemark,2,7729,2,130,16357,tct,0
voicemark,2,7729,2,130,39159,mean,0
voicemark,2,7729,2,130,39159,tct,0
voicemark,2,7729,2,130,40702,mean,0
voicemark,2,7729,2,130,40702,tct,0
voicemark,2,7729,2,130,23295,mean,0
voicemark,2,7729,2,130,23295,tct,0
voicemark,2,7729,2,130,56055,mean,0
voicemark,2,7729,2,130,56055,tct,0
voicemark,2,7729,2,130,40639,mean,0
voicemark,2,7729,2,130,40639,tct,0
voicemark,2,7729,2,130,11077,mean,0
voicemark,2,7729,2,130,11077,tct,0
voicemark,2,7729,2,130,11461,mean,0
voicemark,2,7729,2,130,11461,tct,0
voicemark,2,7729,2,130,38655,mean,0
voicemark,2,7729,2,130,38655,tct,0
voicemark,2,7729,2,130,39676,mean,0
voicemark,2,7729,2,130,39676,tct,0
voicemark,2,7729,3,131,54846,mean,0
voicemark,2,7729,3,131,54846,tct,0
voicemark,2,7729,3,131,50259,mean,0
voicemark,2,7729,3,131,50259,tct,0
voicemark,2,7729,3,131,50806,mean,0
voicemark,2,7729,3,131,50806,tct,0
voicemark,2,7729,3,131,38522,mean,0
voicemark,2,7729,3,131,38522,tct,0
voicemark,2,7729,3,131,50303,mean,0
voicemark,2,7729,3,131,50303,tct,0
voicemark,2,7729,3,131,38010,mean,0
voicemark,2,7729,3,131,38010,tct,0
voicemark,2,7729,3,131,54526,mean,0
voicemark,2,7729,3,131,54526,tct,0
voicemark,2,7729,3,131,38654,mean,0
voicemark,2,7729,3,131,38654,tct,0
voicemark,2,7729,3,131,50770,mean,0
voicemark,2,7729,3,131,50770,tct,0
voicemark,2,7729,3,131,38487,mean,0
voicemark,2,7729,3,131,38487,tct,0
voicemark,2,8224,0,132,3738,mean,0
voicemark,2,8224,0,132,3738,tct,0
voicemark,2,8224,0,132,2770,mean,0
voicemark,2,8224,0,132,2770,tct,0
voicemark,2,8224,0,132,36556,mean,0
voicemark,2,8224,0,132,36556,tct,0
voicemark,2,8224,0,132,3783,mean,1
voicemark,2,8224,0,132,3783,tct,1
voicemark,2,8224,0,132,20196,mean,0
voicemark,2,8224,0,132,20196,tct,0
voicemark,2,8224,0,132,3728,mean,0
voicemark,2,8224,0,132,3728,tct,0
voicemark,2,8224,0,132,36571,mean,0
voicemark,2,8224,0,132,36571,tct,0
voicemark,2,8224,0,132,3785,mean,0
voicemark,2,8224,0,132,3785,tct,0
voicemark,2,8224,0,132,11844,mean,0
voicemark,2,8224,0,132,11844,tct,0
voicemark,2,8224,0,132,2250,mean,0
voicemark,2,8224,0,132,2250,tct,0
voicemark,2,8224,1,133,24377,mean,0
voicemark,2,8224,1,133,24377,tct,0
voicemark,2,8224,1,133,47536,mean,0
voicemark,2,8224,1,133,47536,tct,0
voicemark,2,8224,1,133,24505,mean,0
voicemark,2,8224,1,133,24505,tct,0
voicemark,2,8224,1,133,31529,mean,0
voicemark,2,8224,1,133,31529,tct,0
voicemark,2,8224,1,133,41908,mean,0
voicemark,2,8224,1,133,41908,tct,0
voicemark,2,8224,1,133,47284,mean,0
voicemark,2,8224,1,133,47284,tct,0
voicemark,2,8224,1,133,43509,mean,0
voicemark,2,8224,1,133,43509,tct,0
voicemark,2,8224,1,133,24345,mean,0
voicemark,2,8224,1,133,24345,tct,0
voicemark,2,8224,1,133,43700,mean,0
voicemark,2,8224,1,133,43700,tct,0
voicemark,2,8224,1,133,24331,mean,0
voicemark,2,8224,1,133,24331,tct,0
voicemark,2,8224,2,134,23652,mean,0
voicemark,2,8224,2,134,23652,tct,0
voicemark,2,8224,2,134,49356,mean,0
voicemark,2,8224,2,134,49356,tct,0
voicemark,2,8224,2,134,50764,mean,0
voicemark,2,8224,2,134,50764,tct,0
voicemark,2,8224,2,134,50244,mean,0
voicemark,2,8224,2,134,50244,tct,0
voicemark,2,8224,2,134,56300,mean,0
voicemark,2,8224,2,134,56300,tct,0
voicemark,2,8224,2,134,54468,mean,0
voicemark,2,8224,2,134,54468,tct,0
voicemark,2,8224,2,134,52420,mean,0
voicemark,2,8224,2,134,52420,tct,0
voicemark,2,8224,2,134,56036,mean,0
voicemark,2,8224,2,134,56036,tct,0
voicemark,2,8224,2,134,40548,mean,0
voicemark,2,8224,2,134,40548,tct,0
voicemark,2,8224,2,134,40032,mean,0
voicemark,2,8224,2,134,40032,tct,0
voicemark,2,8224,3,135,2707,mean,0
voicemark,2,8224,3,135,2707,tct,0
voicemark,2,8224,3,135,657,mean,0
voicemark,2,8224,3,135,657,tct,0
voicemark,2,8224,3,135,7112,mean,0
voicemark,2,8224,3,135,7112,tct,0
voicemark,2,8224,3,135,2706,mean,0
voicemark,2,8224,3,135,2706,tct,0
voicemark,2,8224,3,135,4994,mean,0
voicemark,2,8224,3,135,4994,tct,0
voicemark,2,8224,3,135,5073,mean,0
voicemark,2,8224,3,135,5073,tct,0
voicemark,2,8224,3,135,2689,mean,0
voicemark,2,8224,3,135,2689,tct,0
voicemark,2,8224,3,135,976,mean,0
voicemark,2,8224,3,135,976,tct,0
voicemark,2,8224,3,135,4818,mean,0
voicemark,2,8224,3,135,4818,tct,0
voicemark,2,8224,3,135,15297,mean,0
voicemark,2,8224,3,135,15297,tct,0
voicemark,2,8230,0,136,17917,mean,0
voicemark,2,8230,0,136,17917,tct,0
voicemark,2,8230,0,136,19967,mean,0
voicemark,2,8230,0,136,19967,tct,0
voicemark,2,8230,0,136,28605,mean,0
voicemark,2,8230,0,136,28605,tct,0
voicemark,2,8230,0,136,17849,mean,0
voicemark,2,8230,0,136,17849,tct,0
voicemark,2,8230,0,136,27511,mean,0
voicemark,2,8230,0,136,27511,tct,0
voicemark,2,8230,0,136,60789,mean,0
voicemark,2,8230,0,136,60789,tct,0
voicemark,2,8230,0,136,28509,mean,0
voicemark,2,8230,0,136,28509,tct,0
voicemark,2,8230,0,136,27639,mean,0
voicemark,2,8230,0,136,27639,tct,0
voicemark,2,8230,0,136,28341,mean,0
voicemark,2,8230,0,136,28341,tct,0
voicemark,2,8230,0,136,26023,mean,0
voicemark,2,8230,0,136,26023,tct,0
voicemark,2,8230,1,137,2693,mean,0
voicemark,2,8230,1,137,2693,tct,0
voicemark,2,8230,1,137,2756,mean,0
voicemark,2,8230,1,137,2756,tct,0
voicemark,2,8230,1,137,51909,mean,0
voicemark,2,8230,1,137,51909,tct,0
voicemark,2,8230,1,137,35461,mean,0
voicemark,2,8230,1,137,35461,tct,0
voicemark,2,8230,1,137,20165,mean,0
voicemark,2,8230,1,137,20165,tct,0
voicemark,2,8230,1,137,19140,mean,0
voicemark,2,8230,1,137,19140,tct,0
voicemark,2,8230,1,137,59677,mean,0
voicemark,2,8230,1,137,59677,tct,0
voicemark,2,8230,1,137,3783,mean,0
voicemark,2,8230,1,137,3783,tct,0
voicemark,2,8230,1,137,2761,mean,0
voicemark,2,8230,1,137,2761,tct,0
voicemark,2,8230,1,137,53213,mean,0
voicemark,2,8230,1,137,53213,tct,0
voicemark,2,8230,2,138,26776,mean,0
voicemark,2,8230,2,138,26776,tct,0
voicemark,2,8230,2,138,10896,mean,0
voicemark,2,8230,2,138,10896,tct,0
voicemark,2,8230,2,138,11152,mean,0
voicemark,2,8230,2,138,11152,tct,0
voicemark,2,8230,2,138,10768,mean,0
voicemark,2,8230,2,138,10768,tct,0
voicemark,2,8230,2,138,27144,mean,0
voicemark,2,8230,2,138,27144,tct,0
voicemark,2,8230,2,138,9528,mean,0
voicemark,2,8230,2,138,9528,tct,0
voicemark,2,8230,2,138,10392,mean,0
voicemark,2,8230,2,138,10392,tct,0
voicemark,2,8230,2,138,27324,mean,0
voicemark,2,8230,2,138,27324,tct,0
voicemark,2,8230,2,138,9780,mean,0
voicemark,2,8230,2,138,9780,tct,0
voicemark,2,8230,2,138,26777,mean,0
voicemark,2,8230,2,138,26777,tct,0
voicemark,2,8230,3,139,51843,mean,0
voicemark,2,8230,3,139,51843,tct,0
voicemark,2,8230,3,139,27335,mean,0
voicemark,2,8230,3,139,27335,tct,0
voicemark,2,8230,3,139,27319,mean,0
voicemark,2,8230,3,139,27319,tct,0
voicemark,2,8230,3,139,51902,mean,0
voicemark,2,8230,3,139,51902,tct,0
voicemark,2,8230,3,139,64183,mean,0
voicemark,2,8230,3,139,64183,tct,0
voicemark,2,8230,3,139,18883,mean,0
voicemark,2,8230,3,139,18883,tct,0
voicemark,2,8230,3,139,52899,mean,0
voicemark,2,8230,3,139,52899,tct,0
voicemark,2,8230,3,139,19186,mean,0
voicemark,2,8230,3,139,19186,tct,0
voicemark,2,8230,3,139,56019,mean,0
voicemark,2,8230,3,139,56019,tct,0
voicemark,2,8230,3,139,49875,mean,0
voicemark,2,8230,3,139,49875,tct,0
voicemark,2,8455,0,140,48095,mean,0
voicemark,2,8455,0,140,48095,tct,0
voicemark,2,8455,0,140,55127,mean,0
voicemark,2,8455,0,140,55127,tct,0
voicemark,2,8455,0,140,43998,mean,0
voicemark,2,8455,0,140,43998,tct,0
voicemark,2,8455,0,140,63326,mean,0
voicemark,2,8455,0,140,63326,tct,0
voicemark,2,8455,0,140,48991,mean,0
voicemark,2,8455,0,140,48991,tct,0
voicemark,2,8455,0,140,63302,mean,0
voicemark,2,8455,0,140,63302,tct,0
voicemark,2,8455,0,140,55255,mean,0
voicemark,2,8455,0,140,55255,tct,0
voicemark,2,8455,0,140,49054,mean,0
voicemark,2,8455,0,140,49054,tct,0
voicemark,2,8455,0,140,47830,mean,0
voicemark,2,8455,0,140,47830,tct,0
voicemark,2,8455,0,140,63966,mean,0
voicemark,2,8455,0,140,63966,tct,0
voicemark,2,8455,1,141,5054,mean,0
voicemark,2,8455,1,141,5054,tct,0
voicemark,2,8455,1,141,4894,mean,0
voicemark,2,8455,1,141,4894,tct,0
voicemark,2,8455,1,141,7150,mean,0
voicemark,2,8455,1,141,7150,tct,0
voicemark,2,8455,1,141,4948,mean,0
voicemark,2,8455,1,141,4948,tct,0
voicemark,2,8455,1,141,6438,mean,0
voicemark,2,8455,1,141,6438,tct,0
voicemark,2,8455,1,141,4358,mean,0
voicemark,2,8455,1,141,4358,tct,0
voicemark,2,8455,1,141,4388,mean,0
voicemark,2,8455,1,141,4388,tct,0
voicemark,2,8455,1,141,14692,mean,0
voicemark,2,8455,1,141,14692,tct,0
voicemark,2,8455,1,141,21262,mean,0
voicemark,2,8455,1,141,21262,tct,0
voicemark,2,8455,1,141,4490,mean,0
voicemark,2,8455,1,141,4490,tct,0
voicemark,2,8455,2,142,25118,mean,0
voicemark,2,8455,2,142,25118,tct,0
voicemark,2,8455,2,142,16143,mean,0
voicemark,2,8455,2,142,16143,tct,0
voicemark,2,8455,2,142,14091,mean,0
voicemark,2,8455,2,142,14091,tct,0
voicemark,2,8455,2,142,30475,mean,0
voicemark,2,8455,2,142,30475,tct,0
voicemark,2,8455,2,142,25355,mean,0
voicemark,2,8455,2,142,25355,tct,0
voicemark,2,8455,2,142,26158,mean,0
voicemark,2,8455,2,142,26158,tct,0
voicemark,2,8455,2,142,57358,mean,0
voicemark,2,8455,2,142,57358,tct,0
voicemark,2,8455,2,142,48931,mean,0
voicemark,2,8455,2,142,48931,tct,0
voicemark,2,8455,2,142,26370,mean,0
voicemark,2,8455,2,142,26370,tct,0
voicemark,2,8455,2,142,21007,mean,0
voicemark,2,8455,2,142,21007,tct,0
voicemark,2,8455,3,143,8224,mean,0
voicemark,2,8455,3,143,8224,tct,0
voicemark,2,8455,3,143,8194,mean,0
voicemark,2,8455,3,143,8194,tct,0
voicemark,2,8455,3,143,64892,mean,0
voicemark,2,8455,3,143,64892,tct,0
voicemark,2,8455,3,143,62556,mean,0
voicemark,2,8455,3,143,62556,tct,0
voicemark,2,8455,3,143,63614,mean,0
voicemark,2,8455,3,143,63614,tct,0
voicemark,2,8455,3,143,48253,mean,0
voicemark,2,8455,3,143,48253,tct,0
voicemark,2,8455,3,143,64,mean,0
voicemark,2,8455,3,143,64,tct,0
voicemark,2,8455,3,143,55420,mean,0
voicemark,2,8455,3,143,55420,tct,0
voicemark,2,8455,3,143,31996,mean,0
voicemark,2,8455,3,143,31996,tct,0
voicemark,2,8455,3,143,24704,mean,0
voicemark,2,8455,3,143,24704,tct,0
voicemark,2,8463,0,144,36752,mean,0
voicemark,2,8463,0,144,36752,tct,0
voicemark,2,8463,0,144,35604,mean,0
voicemark,2,8463,0,144,35604,tct,0
voicemark,2,8463,0,144,35072,mean,0
voicemark,2,8463,0,144,35072,tct,0
voicemark,2,8463,0,144,40192,mean,0
voicemark,2,8463,0,144,40192,tct,0
voicemark,2,8463,0,144,55568,mean,0
voicemark,2,8463,0,144,55568,tct,0
voicemark,2,8463,0,144,56192,mean,0
voicemark,2,8463,0,144,56192,tct,0
voicemark,2,8463,0,144,56212,mean,0
voicemark,2,8463,0,144,56212,tct,0
voicemark,2,8463,0,144,36736,mean,0
voicemark,2,8463,0,144,36736,tct,0
voicemark,2,8463,0,144,36242,mean,0
voicemark,2,8463,0,144,36242,tct,0
voicemark,2,8463,0,144,56752,mean,0
voicemark,2,8463,0,144,56752,tct,0
voicemark,2,8463,1,145,32307,mean,0
voicemark,2,8463,1,145,32307,tct,0
voicemark,2,8463,1,145,22490,mean,0
voicemark,2,8463,1,145,22490,tct,0
voicemark,2,8463,1,145,22386,mean,0
voicemark,2,8463,1,145,22386,tct,0
voicemark,2,8463,1,145,30578,mean,0
voicemark,2,8463,1,145,30578,tct,0
voicemark,2,8463,1,145,6035,mean,0
voicemark,2,8463,1,145,6035,tct,0
voicemark,2,8463,1,145,14067,mean,0
voicemark,2,8463,1,145,14067,tct,0
voicemark,2,8463,1,145,22210,mean,0
voicemark,2,8463,1,145,22210,tct,0
voicemark,2,8463,1,145,22352,mean,0
voicemark,2,8463,1,145,22352,tct,0
voicemark,2,8463,1,145,16187,mean,0
voicemark,2,8463,1,145,16187,tct,0
voicemark,2,8463,1,145,38866,mean,0
voicemark,2,8463,1,145,38866,tct,0
voicemark,2,8463,2,146,19569,mean,0
voicemark,2,8463,2,146,19569,tct,0
voicemark,2,8463,2,146,31373,mean,0
voicemark,2,8463,2,146,31373,tct,0
voicemark,2,8463,2,146,20193,mean,0
voicemark,2,8463,2,146,20193,tct,0
voicemark,2,8463,2,146,20208,mean,0
voicemark,2,8463,2,146,20208,tct,0
voicemark,2,8463,2,146,20336,mean,0
voicemark,2,8463,2,146,20336,tct,0
voicemark,2,8463,2,146,24179,mean,0
voicemark,2,8463,2,146,24179,tct,0
voicemark,2,8463,2,146,47757,mean,0
voicemark,2,8463,2,146,47757,tct,0
voicemark,2,8463,2,146,59532,mean,0
voicemark,2,8463,2,146,59532,tct,0
voicemark,2,8463,2,146,19989,mean,0
voicemark,2,8463,2,146,19989,tct,0
voicemark,2,8463,2,146,56953,mean,0
voicemark,2,8463,2,146,56953,tct,0
voicemark,2,8555,0,147,15858,mean,0
voicemark,2,8555,0,147,15858,tct,0
voicemark,2,8555,0,147,65460,mean,0
voicemark,2,8555,0,147,65460,tct,0
voicemark,2,8555,0,147,28560,mean,0
voicemark,2,8555,0,147,28560,tct,0
voicemark,2,8555,0,147,44980,mean,0
voicemark,2,8555,0,147,44980,tct,0
voicemark,2,8555,0,147,7152,mean,0
voicemark,2,8555,0,147,7152,tct,0
voicemark,2,8555,0,147,61112,mean,0
voicemark,2,8555,0,147,61112,tct,0
voicemark,2,8555,0,147,61352,mean,0
voicemark,2,8555,0,147,61352,tct,0
voicemark,2,8555,0,147,12528,mean,0
voicemark,2,8555,0,147,12528,tct,0
voicemark,2,8555,0,147,47538,mean,0
voicemark,2,8555,0,147,47538,tct,0
voicemark,2,8555,0,147,31120,mean,0
voicemark,2,8555,0,147,31120,tct,0
voicemark,2,8555,1,148,16360,mean,0
voicemark,2,8555,1,148,16360,tct,0
voicemark,2,8555,1,148,32748,mean,0
voicemark,2,8555,1,148,32748,tct,0
voicemark,2,8555,1,148,32362,mean,0
voicemark,2,8555,1,148,32362,tct,0
voicemark,2,8555,1,148,26602,mean,0
voicemark,2,8555,1,148,26602,tct,0
voicemark,2,8555,1,148,50896,mean,0
voicemark,2,8555,1,148,50896,tct,0
voicemark,2,8555,1,148,30666,mean,0
voicemark,2,8555,1,148,30666,tct,0
voicemark,2,8555,1,148,52784,mean,0
voicemark,2,8555,1,148,52784,tct,0
voicemark,2,8555,1,148,52916,mean,0
voicemark,2,8555,1,148,52916,tct,0
voicemark,2,8555,1,148,16298,mean,0
voicemark,2,8555,1,148,16298,tct,0
voicemark,2,8555,1,148,16366,mean,0
voicemark,2,8555,1,148,16366,tct,0
voicemark,2,8555,2,149,51036,mean,0
voicemark,2,8555,2,149,51036,tct,0
voicemark,2,8555,2,149,63045,mean,0
voicemark,2,8555,2,149,63045,tct,0
voicemark,2,8555,2,149,65132,mean,0
voicemark,2,8555,2,149,65132,tct,0
voicemark,2,8555,2,149,62980,mean,0
voicemark,2,8555,2,149,62980,tct,0
voicemark,2,8555,2,149,63100,mean,0
voicemark,2,8555,2,149,63100,tct,0
voicemark,2,8555,2,149,62029,mean,0
voicemark,2,8555,2,149,62029,tct,0
voicemark,2,8555,2,149,26446,mean,0
voicemark,2,8555,2,149,26446,tct,0
voicemark,2,8555,2,149,62020,mean,0
voicemark,2,8555,2,149,62020,tct,0
voicemark,2,8555,2,149,63372,mean,0
voicemark,2,8555,2,149,63372,tct,0
voicemark,2,8555,2,149,57934,mean,0
voicemark,2,8555,2,149,57934,tct,0
voicemark,2,121,4,150,15797,mean,0
voicemark,2,121,4,150,15797,tct,0
voicemark,2,121,4,150,11445,mean,0
voicemark,2,121,4,150,11445,tct,0
voicemark,2,121,4,150,44452,mean,0
voicemark,2,121,4,150,44452,tct,0
voicemark,2,121,4,150,9396,mean,0
voicemark,2,121,4,150,9396,tct,0
voicemark,2,121,4,150,9636,mean,0
voicemark,2,121,4,150,9636,tct,0
voicemark,2,121,4,150,11700,mean,0
voicemark,2,121,4,150,11700,tct,0
voicemark,2,121,4,150,11428,mean,0
voicemark,2,121,4,150,11428,tct,0
voicemark,2,121,4,150,46580,mean,0
voicemark,2,121,4,150,46580,tct,0
voicemark,2,121,4,150,58876,mean,0
voicemark,2,121,4,150,58876,tct,0
voicemark,2,121,4,150,42364,mean,0
voicemark,2,121,4,150,42364,tct,0
voicemark,2,121,5,151,21958,mean,0
voicemark,2,121,5,151,21958,tct,0
voicemark,2,121,5,151,60814,mean,0
voicemark,2,121,5,151,60814,tct,0
voicemark,2,121,5,151,62854,mean,0
voicemark,2,121,5,151,62854,tct,0
voicemark,2,121,5,151,24966,mean,0
voicemark,2,121,5,151,24966,tct,0
voicemark,2,121,5,151,59846,mean,0
voicemark,2,121,5,151,59846,tct,0
voicemark,2,121,5,151,29902,mean,0
voicemark,2,121,5,151,29902,tct,0
voicemark,2,121,5,151,59776,mean,0
voicemark,2,121,5,151,59776,tct,0
voicemark,2,121,5,151,30149,mean,0
voicemark,2,121,5,151,30149,tct,0
voicemark,2,121,5,151,30534,mean,0
voicemark,2,121,5,151,30534,tct,0
voicemark,2,121,5,151,13638,mean,0
voicemark,2,121,5,151,13638,tct,0
voicemark,2,121,6,152,40974,mean,0
voicemark,2,121,6,152,40974,tct,0
voicemark,2,121,6,152,41222,mean,0
voicemark,2,121,6,152,41222,tct,0
voicemark,2,121,6,152,42087,mean,0
voicemark,2,121,6,152,42087,tct,0
voicemark,2,121,6,152,41518,mean,0
voicemark,2,121,6,152,41518,tct,0
voicemark,2,121,6,152,41069,mean,0
voicemark,2,121,6,152,41069,tct,0
voicemark,2,121,6,152,44355,mean,0
voicemark,2,121,6,152,44355,tct,0
voicemark,2,121,6,152,46126,mean,0
voicemark,2,121,6,152,46126,tct,0
voicemark,2,121,6,152,40961,mean,0
voicemark,2,121,6,152,40961,tct,0
voicemark,2,121,6,152,34158,mean,0
voicemark,2,121,6,152,34158,tct,0
voicemark,2,121,6,152,42602,mean,0
voicemark,2,121,6,152,42602,tct,0
voicemark,2,121,7,153,18199,mean,0
voicemark,2,121,7,153,18199,tct,0
voicemark,2,121,7,153,49798,mean,0
voicemark,2,121,7,153,49798,tct,0
voicemark,2,121,7,153,5151,mean,0
voicemark,2,121,7,153,5151,tct,0
voicemark,2,121,7,153,36375,mean,0
voicemark,2,121,7,153,36375,tct,0
voicemark,2,121,7,153,5527,mean,0
voicemark,2,121,7,153,5527,tct,0
voicemark,2,121,7,153,3479,mean,0
voicemark,2,121,7,153,3479,tct,0
voicemark,2,121,7,153,9879,mean,0
voicemark,2,121,7,153,9879,tct,0
voicemark,2,121,7,153,25607,mean,0
voicemark,2,121,7,153,25607,tct,0
voicemark,2,121,7,153,54678,mean,0
voicemark,2,121,7,153,54678,tct,0
voicemark,2,121,7,153,50318,mean,0
voicemark,2,121,7,153,50318,tct,0
voicemark,2,237,4,154,57860,mean,0
voicemark,2,237,4,154,57860,tct,0
voicemark,2,237,4,154,27204,mean,0
voicemark,2,237,4,154,27204,tct,0
voicemark,2,237,4,154,16966,mean,0
voicemark,2,237,4,154,16966,tct,0
voicemark,2,237,4,154,27149,mean,0
voicemark,2,237,4,154,27149,tct,0
voicemark,2,237,4,154,64326,mean,0
voicemark,2,237,4,154,64326,tct,0
voicemark,2,237,4,154,57606,mean,0
voicemark,2,237,4,154,57606,tct,0
voicemark,2,237,4,154,57666,mean,0
voicemark,2,237,4,154,57666,tct,0
voicemark,2,237,4,154,45894,mean,0
voicemark,2,237,4,154,45894,tct,0
voicemark,2,237,4,154,41926,mean,0
voicemark,2,237,4,154,41926,tct,0
voicemark,2,237,4,154,41794,mean,0
voicemark,2,237,4,154,41794,tct,0
voicemark,2,237,5,155,22006,mean,0
voicemark,2,237,5,155,22006,tct,0
voicemark,2,237,5,155,20918,mean,0
voicemark,2,237,5,155,20918,tct,0
voicemark,2,237,5,155,29680,mean,0
voicemark,2,237,5,155,29680,tct,0
voicemark,2,237,5,155,20982,mean,0
voicemark,2,237,5,155,20982,tct,0
voicemark,2,237,5,155,21264,mean,0
voicemark,2,237,5,155,21264,tct,0
voicemark,2,237,5,155,30646,mean,0
voicemark,2,237,5,155,30646,tct,0
voicemark,2,237,5,155,30608,mean,0
voicemark,2,237,5,155,30608,tct,0
voicemark,2,237,5,155,29684,mean,0
voicemark,2,237,5,155,29684,tct,0
voicemark,2,237,5,155,29009,mean,0
voicemark,2,237,5,155,29009,tct,0
voicemark,2,237,5,155,31600,mean,0
voicemark,2,237,5,155,31600,tct,0
voicemark,2,237,6,156,20331,mean,0
voicemark,2,237,6,156,20331,tct,0
voicemark,2,237,6,156,18403,mean,0
voicemark,2,237,6,156,18403,tct,0
voicemark,2,237,6,156,17707,mean,0
voicemark,2,237,6,156,17707,tct,0
voicemark,2,237,6,156,1643,mean,0
voicemark,2,237,6,156,1643,tct,0
voicemark,2,237,6,156,20075,mean,0
voicemark,2,237,6,156,20075,tct,0
voicemark,2,237,6,156,2216,mean,0
voicemark,2,237,6,156,2216,tct,0
voicemark,2,237,6,156,17787,mean,0
voicemark,2,237,6,156,17787,tct,0
voicemark,2,237,6,156,17002,mean,0
voicemark,2,237,6,156,17002,tct,0
voicemark,2,237,6,156,32944,mean,0
voicemark,2,237,6,156,32944,tct,0
voicemark,2,237,6,156,1312,mean,0
voicemark,2,237,6,156,1312,tct,0
voicemark,2,237,7,157,5398,mean,0
voicemark,2,237,7,157,5398,tct,0
voicemark,2,237,7,157,45186,mean,0
voicemark,2,237,7,157,45186,tct,0
voicemark,2,237,7,157,14614,mean,0
voicemark,2,237,7,157,14614,tct,0
voicemark,2,237,7,157,12514,mean,0
voicemark,2,237,7,157,12514,tct,0
voicemark,2,237,7,157,40222,mean,0
voicemark,2,237,7,157,40222,tct,0
voicemark,2,237,7,157,46275,mean,0
voicemark,2,237,7,157,46275,tct,0
voicemark,2,237,7,157,45778,mean,0
voicemark,2,237,7,157,45778,tct,0
voicemark,2,237,7,157,45267,mean,0
voicemark,2,237,7,157,45267,tct,0
voicemark,2,237,7,157,6150,mean,0
voicemark,2,237,7,157,6150,tct,0
voicemark,2,237,7,157,13574,mean,0
voicemark,2,237,7,157,13574,tct,0
voicemark,2,260,4,158,10299,mean,0
voicemark,2,260,4,158,10299,tct,0
voicemark,2,260,4,158,37394,mean,0
voicemark,2,260,4,158,37394,tct,0
voicemark,2,260,4,158,47642,mean,0
voicemark,2,260,4,158,47642,tct,0
voicemark,2,260,4,158,36370,mean,0
voicemark,2,260,4,158,36370,tct,0
voicemark,2,260,4,158,44082,mean,0
voicemark,2,260,4,158,44082,tct,0
voicemark,2,260,4,158,14354,mean,0
voicemark,2,260,4,158,14354,tct,0
voicemark,2,260,4,158,39986,mean,0
voicemark,2,260,4,158,39986,tct,0
voicemark,2,260,4,158,48155,mean,0
voicemark,2,260,4,158,48155,tct,0
voicemark,2,260,4,158,3259,mean,0
voicemark,2,260,4,158,3259,tct,0
voicemark,2,260,4,158,55858,mean,0
voicemark,2,260,4,158,55858,tct,0
voicemark,2,260,5,159,41521,mean,0
voicemark,2,260,5,159,41521,tct,0
voicemark,2,260,5,159,41648,mean,0
voicemark,2,260,5,159,41648,tct,0
voicemark,2,260,5,159,39579,mean,0
voicemark,2,260,5,159,39579,tct,0
voicemark,2,260,5,159,39869,mean,0
voicemark,2,260,5,159,39869,tct,0
voicemark,2,260,5,159,33713,mean,0
voicemark,2,260,5,159,33713,tct,0
voicemark,2,260,5,159,37821,mean,0
voicemark,2,260,5,159,37821,tct,0
voicemark,2,260,5,159,48055,mean,0
voicemark,2,260,5,159,48055,tct,0
voicemark,2,260,5,159,43961,mean,0
voicemark,2,260,5,159,43961,tct,0
voicemark,2,260,5,159,39325,mean,0
voicemark,2,260,5,159,39325,tct,0
voicemark,2,260,5,159,15263,mean,0
voicemark,2,260,5,159,15263,tct,0
voicemark,2,260,6,160,8660,mean,0
voicemark,2,260,6,160,8660,tct,0
voicemark,2,260,6,160,13270,mean,0
voicemark,2,260,6,160,13270,tct,0
voicemark,2,260,6,160,14781,mean,0
voicemark,2,260,6,160,14781,tct,0
voicemark,2,260,6,160,43327,mean,0
voicemark,2,260,6,160,43327,tct,0
voicemark,2,260,6,160,45487,mean,0
voicemark,2,260,6,160,45487,tct,0
voicemark,2,260,6,160,35263,mean,0
voicemark,2,260,6,160,35263,tct,0
voicemark,2,260,6,160,39423,mean,0
voicemark,2,260,6,160,39423,tct,0
voicemark,2,260,6,160,47539,mean,0
voicemark,2,260,6,160,47539,tct,0
voicemark,2,260,6,160,981,mean,0
voicemark,2,260,6,160,981,tct,0
voicemark,2,260,6,160,8788,mean,0
voicemark,2,260,6,160,8788,tct,0
voicemark,2,260,7,161,44763,mean,0
voicemark,2,260,7,161,44763,tct,0
voicemark,2,260,7,161,19862,mean,0
voicemark,2,260,7,161,19862,tct,0
voicemark,2,260,7,161,45021,mean,0
voicemark,2,260,7,161,45021,tct,0
voicemark,2,260,7,161,19861,mean,0
voicemark,2,260,7,161,19861,tct,0
voicemark,2,260,7,161,42591,mean,0
voicemark,2,260,7,161,42591,tct,0
voicemark,2,260,7,161,54676,mean,0
voicemark,2,260,7,161,54676,tct,0
voicemark,2,260,7,161,16772,mean,0
voicemark,2,260,7,161,16772,tct,0
voicemark,2,260,7,161,11479,mean,0
voicemark,2,260,7,161,11479,tct,0
voicemark,2,260,7,161,36565,mean,0
voicemark,2,260,7,161,36565,tct,0
voicemark,2,260,7,161,36829,mean,0
voicemark,2,260,7,161,36829,tct,0
voicemark,2,672,4,162,13695,mean,0
voicemark,2,672,4,162,13695,tct,0
voicemark,2,672,4,162,45115,mean,0
voicemark,2,672,4,162,45115,tct,0
voicemark,2,672,4,162,31039,mean,0
voicemark,2,672,4,162,31039,tct,0
voicemark,2,672,4,162,48763,mean,0
voicemark,2,672,4,162,48763,tct,0
voicemark,2,672,4,162,14623,mean,0
voicemark,2,672,4,162,14623,tct,0
voicemark,2,672,4,162,45359,mean,0
voicemark,2,672,4,162,45359,tct,0
voicemark,2,672,4,162,4479,mean,0
voicemark,2,672,4,162,4479,tct,0
voicemark,2,672,4,162,4407,mean,0
voicemark,2,672,4,162,4407,tct,0
voicemark,2,672,4,162,4414,mean,0
voicemark,2,672,4,162,4414,tct,0
voicemark,2,672,4,162,44665,mean,0
voicemark,2,672,4,162,44665,tct,0
voicemark,2,672,5,163,41766,mean,0
voicemark,2,672,5,163,41766,tct,0
voicemark,2,672,5,163,57606,mean,0
voicemark,2,672,5,163,57606,tct,0
voicemark,2,672,5,163,62342,mean,0
voicemark,2,672,5,163,62342,tct,0
voicemark,2,672,5,163,41350,mean,0
voicemark,2,672,5,163,41350,tct,0
voicemark,2,672,5,163,49959,mean,0
voicemark,2,672,5,163,49959,tct,0
voicemark,2,672,5,163,38278,mean,0
voicemark,2,672,5,163,38278,tct,0
voicemark,2,672,5,163,58149,mean,0
voicemark,2,672,5,163,58149,tct,0
voicemark,2,672,5,163,58212,mean,0
voicemark,2,672,5,163,58212,tct,0
voicemark,2,672,5,163,39308,mean,0
voicemark,2,672,5,163,39308,tct,0
voicemark,2,672,5,163,35076,mean,0
voicemark,2,672,5,163,35076,tct,0
voicemark,2,672,6,164,28634,mean,0
voicemark,2,672,6,164,28634,tct,0
voicemark,2,672,6,164,11768,mean,0
voicemark,2,672,6,164,11768,tct,0
voicemark,2,672,6,164,27255,mean,0
voicemark,2,672,6,164,27255,tct,0
voicemark,2,672,6,164,8755,mean,0
voicemark,2,672,6,164,8755,tct,0
voicemark,2,672,6,164,28088,mean,0
voicemark,2,672,6,164,28088,tct,0
voicemark,2,672,6,164,31960,mean,0
voicemark,2,672,6,164,31960,tct,0
voicemark,2,672,6,164,11095,mean,0
voicemark,2,672,6,164,11095,tct,0
voicemark,2,672,6,164,25560,mean,0
voicemark,2,672,6,164,25560,tct,0
voicemark,2,672,6,164,8927,mean,0
voicemark,2,672,6,164,8927,tct,0
voicemark,2,672,6,164,8305,mean,0
voicemark,2,672,6,164,8305,tct,0
voicemark,2,672,7,165,23419,mean,0
voicemark,2,672,7,165,23419,tct,0
voicemark,2,672,7,165,18811,mean,0
voicemark,2,672,7,165,18811,tct,0
voicemark,2,672,7,165,22607,mean,0
voicemark,2,672,7,165,22607,tct,0
voicemark,2,672,7,165,32123,mean,0
voicemark,2,672,7,165,32123,tct,0
voicemark,2,672,7,165,24267,mean,0
voicemark,2,672,7,165,24267,tct,0
voicemark,2,672,7,165,19983,mean,0
voicemark,2,672,7,165,19983,tct,0
voicemark,2,672,7,165,30287,mean,0
voicemark,2,672,7,165,30287,tct,0
voicemark,2,672,7,165,6779,mean,0
voicemark,2,672,7,165,6779,tct,0
voicemark,2,672,7,165,23662,mean,0
voicemark,2,672,7,165,23662,tct,0
voicemark,2,672,7,165,24407,mean,0
voicemark,2,672,7,165,24407,tct,0
voicemark,2,908,4,166,40517,mean,0
voicemark,2,908,4,166,40517,tct,0
voicemark,2,908,4,166,24245,mean,0
voicemark,2,908,4,166,24245,tct,0
voicemark,2,908,4,166,24277,mean,0
voicemark,2,908,4,166,24277,tct,0
voicemark,2,908,4,166,22775,mean,0
voicemark,2,908,4,166,22775,tct,0
voicemark,2,908,4,166,55999,mean,0
voicemark,2,908,4,166,55999,tct,0
voicemark,2,908,4,166,55987,mean,0
voicemark,2,908,4,166,55987,tct,0
voicemark,2,908,4,166,40477,mean,0
voicemark,2,908,4,166,40477,tct,0
voicemark,2,908,4,166,40549,mean,0
voicemark,2,908,4,166,40549,tct,0
voicemark,2,908,4,166,23229,mean,0
voicemark,2,908,4,166,23229,tct,0
voicemark,2,908,4,166,65109,mean,0
voicemark,2,908,4,166,65109,tct,0
voicemark,2,908,5,167,22474,mean,0
voicemark,2,908,5,167,22474,tct,0
voicemark,2,908,5,167,30658,mean,0
voicemark,2,908,5,167,30658,tct,0
voicemark,2,908,5,167,22338,mean,0
voicemark,2,908,5,167,22338,tct,0
voicemark,2,908,5,167,18378,mean,0
voicemark,2,908,5,167,18378,tct,0
voicemark,2,908,5,167,22011,mean,0
voicemark,2,908,5,167,22011,tct,0
voicemark,2,908,5,167,19706,mean,0
voicemark,2,908,5,167,19706,tct,0
voicemark,2,908,5,167,19451,mean,0
voicemark,2,908,5,167,19451,tct,0
voicemark,2,908,5,167,22339,mean,0
voicemark,2,908,5,167,22339,tct,0
voicemark,2,908,5,167,22218,mean,0
voicemark,2,908,5,167,22218,tct,0
voicemark,2,908,5,167,18242,mean,0
voicemark,2,908,5,167,18242,tct,0
voicemark,2,908,6,168,64771,mean,0
voicemark,2,908,6,168,64771,tct,0
voicemark,2,908,6,168,60423,mean,0
voicemark,2,908,6,168,60423,tct,0
voicemark,2,908,6,168,65027,mean,0
voicemark,2,908,6,168,65027,tct,0
voicemark,2,908,6,168,57639,mean,0
voicemark,2,908,6,168,57639,tct,0
voicemark,2,908,6,168,59907,mean,0
voicemark,2,908,6,168,59907,tct,0
voicemark,2,908,6,168,63783,mean,0
voicemark,2,908,6,168,63783,tct,0
voicemark,2,908,6,168,58147,mean,0
voicemark,2,908,6,168,58147,tct,0
voicemark,2,908,6,168,64419,mean,0
voicemark,2,908,6,168,64419,tct,0
voicemark,2,908,6,168,65187,mean,0
voicemark,2,908,6,168,65187,tct,0
voicemark,2,908,6,168,59415,mean,0
voicemark,2,908,6,168,59415,tct,0
voicemark,2,908,7,169,19994,mean,0
voicemark,2,908,7,169,19994,tct,0
voicemark,2,908,7,169,52608,mean,0
voicemark,2,908,7,169,52608,tct,0
voicemark,2,908,7,169,20232,mean,0
voicemark,2,908,7,169,20232,tct,0
voicemark,2,908,7,169,53080,mean,0
voicemark,2,908,7,169,53080,tct,0
voicemark,2,908,7,169,52504,mean,0
voicemark,2,908,7,169,52504,tct,0
voicemark,2,908,7,169,19785,mean,0
voicemark,2,908,7,169,19785,tct,0
voicemark,2,908,7,169,20377,mean,0
voicemark,2,908,7,169,20377,tct,0
voicemark,2,908,7,169,19657,mean,0
voicemark,2,908,7,169,19657,tct,0
voicemark,2,908,7,169,19929,mean,0
voicemark,2,908,7,169,19929,tct,0
voicemark,2,908,7,169,20185,mean,0
voicemark,2,908,7,169,20185,tct,0
voicemark,2,1089,4,170,46163,mean,0
voicemark,2,1089,4,170,46163,tct,0
voicemark,2,1089,4,170,13904,mean,0
voicemark,2,1089,4,170,13904,tct,0
voicemark,2,1089,4,170,10068,mean,0
voicemark,2,1089,4,170,10068,tct,0
voicemark,2,1089,4,170,38481,mean,0
voicemark,2,1089,4,170,38481,tct,0
voicemark,2,1089,4,170,9814,mean,0
voicemark,2,1089,4,170,9814,tct,0
voicemark,2,1089,4,170,46801,mean,0
voicemark,2,1089,4,170,46801,tct,0
voicemark,2,1089,4,170,28276,mean,0
voicemark,2,1089,4,170,28276,tct,0
voicemark,2,1089,4,170,62547,mean,0
voicemark,2,1089,4,170,62547,tct,0
voicemark,2,1089,4,170,1660,mean,0
voicemark,2,1089,4,170,1660,tct,0
voicemark,2,1089,4,170,8804,mean,0
voicemark,2,1089,4,170,8804,tct,0
voicemark,2,1089,5,171,10890,mean,0
voicemark,2,1089,5,171,10890,tct,0
voicemark,2,1089,5,171,35467,mean,0
voicemark,2,1089,5,171,35467,tct,0
voicemark,2,1089,5,171,45713,mean,0
voicemark,2,1089,5,171,45713,tct,0
voicemark,2,1089,5,171,41141,mean,0
voicemark,2,1089,5,171,41141,tct,0
voicemark,2,1089,5,171,3714,mean,0
voicemark,2,1089,5,171,3714,tct,0
voicemark,2,1089,5,171,36490,mean,0
voicemark,2,1089,5,171,36490,tct,0
voicemark,2,1089,5,171,63157,mean,0
voicemark,2,1089,5,171,63157,tct,0
voicemark,2,1089,5,171,18954,mean,0
voicemark,2,1089,5,171,18954,tct,0
voicemark,2,1089,5,171,37514,mean,0
voicemark,2,1089,5,171,37514,tct,0
voicemark,2,1089,5,171,37527,mean,0
voicemark,2,1089,5,171,37527,tct,0
voicemark,2,1089,6,172,18649,mean,0
voicemark,2,1089,6,172,18649,tct,0
voicemark,2,1089,6,172,22729,mean,0
voicemark,2,1089,6,172,22729,tct,0
voicemark,2,1089,6,172,18922,mean,0
voicemark,2,1089,6,172,18922,tct,0
voicemark,2,1089,6,172,51634,mean,0
voicemark,2,1089,6,172,51634,tct,0
voicemark,2,1089,6,172,51626,mean,0
voicemark,2,1089,6,172,51626,tct,0
voicemark,2,1089,6,172,51558,mean,0
voicemark,2,1089,6,172,51558,tct,0
voicemark,2,1089,6,172,22623,mean,0
voicemark,2,1089,6,172,22623,tct,0
voicemark,2,1089,6,172,27106,mean,0
voicemark,2,1089,6,172,27106,tct,0
voicemark,2,1089,6,172,18659,mean,0
voicemark,2,1089,6,172,18659,tct,0
voicemark,2,1089,6,172,22721,mean,0
voicemark,2,1089,6,172,22721,tct,0
voicemark,2,1089,7,173,45817,mean,0
voicemark,2,1089,7,173,45817,tct,0
voicemark,2,1089,7,173,45304,mean,0
voicemark,2,1089,7,173,45304,tct,0
voicemark,2,1089,7,173,46840,mean,0
voicemark,2,1089,7,173,46840,tct,0
voicemark,2,1089,7,173,58245,mean,0
voicemark,2,1089,7,173,58245,tct,0
voicemark,2,1089,7,173,45819,mean,0
voicemark,2,1089,7,173,45819,tct,0
voicemark,2,1089,7,173,48120,mean,0
voicemark,2,1089,7,173,48120,tct,0
voicemark,2,1089,7,173,59841,mean,0
voicemark,2,1089,7,173,59841,tct,0
voicemark,2,1089,7,173,41212,mean,0
voicemark,2,1089,7,173,41212,tct,0
voicemark,2,1089,7,173,45300,mean,0
voicemark,2,1089,7,173,45300,tct,0
voicemark,2,1089,7,173,41165,mean,0
voicemark,2,1089,7,173,41165,tct,0
voicemark,2,1188,4,174,7232,mean,0
voicemark,2,1188,4,174,7232,tct,0
voicemark,2,1188,4,174,8837,mean,0
voicemark,2,1188,4,174,8837,tct,0
voicemark,2,1188,4,174,25492,mean,0
voicemark,2,1188,4,174,25492,tct,0
voicemark,2,1188,4,174,25223,mean,0
voicemark,2,1188,4,174,25223,tct,0
voicemark,2,1188,4,174,14416,mean,0
voicemark,2,1188,4,174,14416,tct,0
voicemark,2,1188,4,174,7168,mean,0
voicemark,2,1188,4,174,7168,tct,0
voicemark,2,1188,4,174,7240,mean,0
voicemark,2,1188,4,174,7240,tct,0
voicemark,2,1188,4,174,29316,mean,0
voicemark,2,1188,4,174,29316,tct,0
voicemark,2,1188,4,174,18624,mean,0
voicemark,2,1188,4,174,18624,tct,0
voicemark,2,1188,4,174,389,mean,0
voicemark,2,1188,4,174,389,tct,0
voicemark,2,1188,5,175,56051,mean,0
voicemark,2,1188,5,175,56051,tct,0
voicemark,2,1188,5,175,64499,mean,0
voicemark,2,1188,5,175,64499,tct,0
voicemark,2,1188,5,175,55537,mean,0
voicemark,2,1188,5,175,55537,tct,0
voicemark,2,1188,5,175,26865,mean,0
voicemark,2,1188,5,175,26865,tct,0
voicemark,2,1188,5,175,64465,mean,0
voicemark,2,1188,5,175,64465,tct,0
voicemark,2,1188,5,175,23287,mean,0
voicemark,2,1188,5,175,23287,tct,0
voicemark,2,1188,5,175,55745,mean,0
voicemark,2,1188,5,175,55745,tct,0
voicemark,2,1188,5,175,55765,mean,0
voicemark,2,1188,5,175,55765,tct,0
voicemark,2,1188,5,175,49489,mean,0
voicemark,2,1188,5,175,49489,tct,0
voicemark,2,1188,5,175,31331,mean,0
voicemark,2,1188,5,175,31331,tct,0
voicemark,2,1188,6,176,45189,mean,0
voicemark,2,1188,6,176,45189,tct,0
voicemark,2,1188,6,176,3462,mean,0
voicemark,2,1188,6,176,3462,tct,0
voicemark,2,1188,6,176,42125,mean,0
voicemark,2,1188,6,176,42125,tct,0
voicemark,2,1188,6,176,11910,mean,0
voicemark,2,1188,6,176,11910,tct,0
voicemark,2,1188,6,176,45581,mean,0
voicemark,2,1188,6,176,45581,tct,0
voicemark,2,1188,6,176,20102,mean,0
voicemark,2,1188,6,176,20102,tct,0
voicemark,2,1188,6,176,46093,mean,0
voicemark,2,1188,6,176,46093,tct,0
voicemark,2,1188,6,176,4039,mean,0
voicemark,2,1188,6,176,4039,tct,0
voicemark,2,1188,6,176,18310,mean,0
voicemark,2,1188,6,176,18310,tct,0
voicemark,2,1188,6,176,61573,mean,0
voicemark,2,1188,6,176,61573,tct,0
voicemark,2,1188,7,177,60302,mean,0
voicemark,2,1188,7,177,60302,tct,0
voicemark,2,1188,7,177,35597,mean,0
voicemark,2,1188,7,177,35597,tct,0
voicemark,2,1188,7,177,35789,mean,0
voicemark,2,1188,7,177,35789,tct,0
voicemark,2,1188,7,177,35487,mean,0
voicemark,2,1188,7,177,35487,tct,0
voicemark,2,1188,7,177,2972,mean,0
voicemark,2,1188,7,177,2972,tct,0
voicemark,2,1188,7,177,60324,mean,0
voicemark,2,1188,7,177,60324,tct,0
voicemark,2,1188,7,177,19334,mean,0
voicemark,2,1188,7,177,19334,tct,0
voicemark,2,1188,7,177,33689,mean,0
voicemark,2,1188,7,177,33689,tct,0
voicemark,2,1188,7,177,3005,mean,0
voicemark,2,1188,7,177,3005,tct,0
voicemark,2,1188,7,177,19359,mean,0
voicemark,2,1188,7,177,19359,tct,0
voicemark,2,1221,4,178,26970,mean,0
voicemark,2,1221,4,178,26970,tct,0
voicemark,2,1221,4,178,29018,mean,0
voicemark,2,1221,4,178,29018,tct,0
voicemark,2,1221,4,178,10384,mean,0
voicemark,2,1221,4,178,10384,tct,0
voicemark,2,1221,4,178,11416,mean,0
voicemark,2,1221,4,178,11416,tct,0
voicemark,2,1221,4,178,1172,mean,0
voicemark,2,1221,4,178,1172,tct,0
voicemark,2,1221,4,178,24952,mean,0
voicemark,2,1221,4,178,24952,tct,0
voicemark,2,1221,4,178,17498,mean,0
voicemark,2,1221,4,178,17498,tct,0
voicemark,2,1221,4,178,10256,mean,0
voicemark,2,1221,4,178,10256,tct,0
voicemark,2,1221,4,178,3346,mean,0
voicemark,2,1221,4,178,3346,tct,0
voicemark,2,1221,4,178,10386,mean,0
voicemark,2,1221,4,178,10386,tct,0
voicemark,2,1221,5,179,56649,mean,0
voicemark,2,1221,5,179,56649,tct,0
voicemark,2,1221,5,179,54600,mean,0
voicemark,2,1221,5,179,54600,tct,0
voicemark,2,1221,5,179,49899,mean,0
voicemark,2,1221,5,179,49899,tct,0
voicemark,2,1221,5,179,50171,mean,0
voicemark,2,1221,5,179,50171,tct,0
voicemark,2,1221,5,179,21227,mean,0
voicemark,2,1221,5,179,21227,tct,0
voicemark,2,1221,5,179,49883,mean,0
voicemark,2,1221,5,179,49883,tct,0
voicemark,2,1221,5,179,56672,mean,0
voicemark,2,1221,5,179,56672,tct,0
voicemark,2,1221,5,179,56697,mean,0
voicemark,2,1221,5,179,56697,tct,0
voicemark,2,1221,5,179,55017,mean,0
voicemark,2,1221,5,179,55017,tct,0
voicemark,2,1221,5,179,54730,mean,0
voicemark,2,1221,5,179,54730,tct,0
voicemark,2,1221,6,180,16633,mean,0
voicemark,2,1221,6,180,16633,tct,0
voicemark,2,1221,6,180,1272,mean,0
voicemark,2,1221,6,180,1272,tct,0
voicemark,2,1221,6,180,5364,mean,0
voicemark,2,1221,6,180,5364,tct,0
voicemark,2,1221,6,180,3316,mean,0
voicemark,2,1221,6,180,3316,tct,0
voicemark,2,1221,6,180,23765,mean,0
voicemark,2,1221,6,180,23765,tct,0
voicemark,2,1221,6,180,7413,mean,0
voicemark,2,1221,6,180,7413,tct,0
voicemark,2,1221,6,180,21756,mean,0
voicemark,2,1221,6,180,21756,tct,0
voicemark,2,1221,6,180,6352,mean,0
voicemark,2,1221,6,180,6352,tct,0
voicemark,2,1221,6,180,17533,mean,0
voicemark,2,1221,6,180,17533,tct,0
voicemark,2,1221,6,180,16889,mean,0
voicemark,2,1221,6,180,16889,tct,0
voicemark,2,1221,7,181,37959,mean,0
voicemark,2,1221,7,181,37959,tct,0
voicemark,2,1221,7,181,56399,mean,0
voicemark,2,1221,7,181,56399,tct,0
voicemark,2,1221,7,181,38981,mean,0
voicemark,2,1221,7,181,38981,tct,0
voicemark,2,1221,7,181,40011,mean,0
voicemark,2,1221,7,181,40011,tct,0
voicemark,2,1221,7,181,54359,mean,0
voicemark,2,1221,7,181,54359,tct,0
voicemark,2,1221,7,181,62535,mean,0
voicemark,2,1221,7,181,62535,tct,0
voicemark,2,1221,7,181,56395,mean,0
voicemark,2,1221,7,181,56395,tct,0
voicemark,2,1221,7,181,53607,mean,0
voicemark,2,1221,7,181,53607,tct,0
voicemark,2,1221,7,181,36901,mean,0
voicemark,2,1221,7,181,36901,tct,0
voicemark,2,1221,7,181,38191,mean,0
voicemark,2,1221,7,181,38191,tct,0
voicemark,2,1284,4,182,18257,mean,0
voicemark,2,1284,4,182,18257,tct,0
voicemark,2,1284,4,182,48163,mean,0
voicemark,2,1284,4,182,48163,tct,0
voicemark,2,1284,4,182,48160,mean,0
voicemark,2,1284,4,182,48160,tct,0
voicemark,2,1284,4,182,48435,mean,0
voicemark,2,1284,4,182,48435,tct,0
voicemark,2,1284,4,182,15538,mean,0
voicemark,2,1284,4,182,15538,tct,0
voicemark,2,1284,4,182,46114,mean,0
voicemark,2,1284,4,182,46114,tct,0
voicemark,2,1284,4,182,961,mean,0
voicemark,2,1284,4,182,961,tct,0
voicemark,2,1284,4,182,17987,mean,0
voicemark,2,1284,4,182,17987,tct,0
voicemark,2,1284,4,182,34755,mean,0
voicemark,2,1284,4,182,34755,tct,0
voicemark,2,1284,4,182,26562,mean,0
voicemark,2,1284,4,182,26562,tct,0
voicemark,2,1284,5,183,60410,mean,0
voicemark,2,1284,5,183,60410,tct,0
voicemark,2,1284,5,183,43363,mean,0
voicemark,2,1284,5,183,43363,tct,0
voicemark,2,1284,5,183,27043,mean,0
voicemark,2,1284,5,183,27043,tct,0
voicemark,2,1284,5,183,26883,mean,0
voicemark,2,1284,5,183,26883,tct,0
voicemark,2,1284,5,183,31011,mean,0
voicemark,2,1284,5,183,31011,tct,0
voicemark,2,1284,5,183,10551,mean,0
voicemark,2,1284,5,183,10551,tct,0
voicemark,2,1284,5,183,2338,mean,0
voicemark,2,1284,5,183,2338,tct,0
voicemark,2,1284,5,183,49914,mean,0
voicemark,2,1284,5,183,49914,tct,0
voicemark,2,1284,5,183,57770,mean,0
voicemark,2,1284,5,183,57770,tct,0
voicemark,2,1284,5,183,10666,mean,0
voicemark,2,1284,5,183,10666,tct,0
voicemark,2,1284,6,184,62072,mean,0
voicemark,2,1284,6,184,62072,tct,0
voicemark,2,1284,6,184,20970,mean,0
voicemark,2,1284,6,184,20970,tct,0
voicemark,2,1284,6,184,56184,mean,0
voicemark,2,1284,6,184,56184,tct,0
voicemark,2,1284,6,184,64312,mean,0
voicemark,2,1284,6,184,64312,tct,0
voicemark,2,1284,6,184,63612,mean,0
voicemark,2,1284,6,184,63612,tct,0
voicemark,2,1284,6,184,60026,mean,0
voicemark,2,1284,6,184,60026,tct,0
voicemark,2,1284,6,184,64024,mean,0
voicemark,2,1284,6,184,64024,tct,0
voicemark,2,1284,6,184,31356,mean,0
voicemark,2,1284,6,184,31356,tct,0
voicemark,2,1284,6,184,60016,mean,0
voicemark,2,1284,6,184,60016,tct,0
voicemark,2,1284,6,184,21816,mean,0
voicemark,2,1284,6,184,21816,tct,0
voicemark,2,1284,7,185,35655,mean,0
voicemark,2,1284,7,185,35655,tct,0
voicemark,2,1284,7,185,64432,mean,0
voicemark,2,1284,7,185,64432,tct,0
voicemark,2,1284,7,185,62266,mean,0
voicemark,2,1284,7,185,62266,tct,0
voicemark,2,1284,7,185,58358,mean,0
voicemark,2,1284,7,185,58358,tct,0
voicemark,2,1284,7,185,59315,mean,0
voicemark,2,1284,7,185,59315,tct,0
voicemark,2,1284,7,185,62342,mean,0
voicemark,2,1284,7,185,62342,tct,0
voicemark,2,1284,7,185,35683,mean,0
voicemark,2,1284,7,185,35683,tct,0
voicemark,2,1284,7,185,34566,mean,0
voicemark,2,1284,7,185,34566,tct,0
voicemark,2,1284,7,185,53107,mean,0
voicemark,2,1284,7,185,53107,tct,0
voicemark,2,1284,7,185,58326,mean,0
voicemark,2,1284,7,185,58326,tct,0
voicemark,2,1320,4,186,20172,mean,0
voicemark,2,1320,4,186,20172,tct,0
voicemark,2,1320,4,186,17096,mean,0
voicemark,2,1320,4,186,17096,tct,0
voicemark,2,1320,4,186,49864,mean,0
voicemark,2,1320,4,186,49864,tct,0
voicemark,2,1320,4,186,53864,mean,0
voicemark,2,1320,4,186,53864,tct,0
voicemark,2,1320,4,186,24200,mean,0
voicemark,2,1320,4,186,24200,tct,0
voicemark,2,1320,4,186,61128,mean,0
voicemark,2,1320,4,186,61128,tct,0
voicemark,2,1320,4,186,56300,mean,0
voicemark,2,1320,4,186,56300,tct,0
voicemark,2,1320,4,186,18376,mean,0
voicemark,2,1320,4,186,18376,tct,0
voicemark,2,1320,4,186,20186,mean,0
voicemark,2,1320,4,186,20186,tct,0
voicemark,2,1320,4,186,62060,mean,0
voicemark,2,1320,4,186,62060,tct,0
voicemark,2,1320,5,187,19821,mean,0
voicemark,2,1320,5,187,19821,tct,0
voicemark,2,1320,5,187,2925,mean,0
voicemark,2,1320,5,187,2925,tct,0
voicemark,2,1320,5,187,26957,mean,0
voicemark,2,1320,5,187,26957,tct,0
voicemark,2,1320,5,187,12224,mean,0
voicemark,2,1320,5,187,12224,tct,0
voicemark,2,1320,5,187,10228,mean,0
voicemark,2,1320,5,187,10228,tct,0
voicemark,2,1320,5,187,9152,mean,0
voicemark,2,1320,5,187,9152,tct,0
voicemark,2,1320,5,187,12164,mean,0
voicemark,2,1320,5,187,12164,tct,0
voicemark,2,1320,5,187,51564,mean,0
voicemark,2,1320,5,187,51564,tct,0
voicemark,2,1320,5,187,14284,mean,0
voicemark,2,1320,5,187,14284,tct,0
voicemark,2,1320,5,187,2415,mean,0
voicemark,2,1320,5,187,2415,tct,0
voicemark,2,1320,6,188,3581,mean,0
voicemark,2,1320,6,188,3581,tct,0
voicemark,2,1320,6,188,15869,mean,0
voicemark,2,1320,6,188,15869,tct,0
voicemark,2,1320,6,188,44287,mean,0
voicemark,2,1320,6,188,44287,tct,0
voicemark,2,1320,6,188,44797,mean,0
voicemark,2,1320,6,188,44797,tct,0
voicemark,2,1320,6,188,53215,mean,0
voicemark,2,1320,6,188,53215,tct,0
voicemark,2,1320,6,188,47071,mean,0
voicemark,2,1320,6,188,47071,tct,0
voicemark,2,1320,6,188,63327,mean,0
voicemark,2,1320,6,188,63327,tct,0
voicemark,2,1320,6,188,38815,mean,0
voicemark,2,1320,6,188,38815,tct,0
voicemark,2,1320,6,188,51039,mean,0
voicemark,2,1320,6,188,51039,tct,0
voicemark,2,1320,6,188,62431,mean,0
voicemark,2,1320,6,188,62431,tct,0
voicemark,2,1320,7,189,35785,mean,0
voicemark,2,1320,7,189,35785,tct,0
voicemark,2,1320,7,189,7037,mean,0
voicemark,2,1320,7,189,7037,tct,0
voicemark,2,1320,7,189,6013,mean,0
voicemark,2,1320,7,189,6013,tct,0
voicemark,2,1320,7,189,45017,mean,0
voicemark,2,1320,7,189,45017,tct,0
voicemark,2,1320,7,189,35529,mean,0
voicemark,2,1320,7,189,35529,tct,0
voicemark,2,1320,7,189,39913,mean,0
voicemark,2,1320,7,189,39913,tct,0
voicemark,2,1320,7,189,11257,mean,0
voicemark,2,1320,7,189,11257,tct,0
voicemark,2,1320,7,189,44015,mean,0
voicemark,2,1320,7,189,44015,tct,0
voicemark,2,1320,7,189,3019,mean,0
voicemark,2,1320,7,189,3019,tct,0
voicemark,2,1320,7,189,4415,mean,0
voicemark,2,1320,7,189,4415,tct,0
voicemark,2,1580,4,190,57681,mean,0
voicemark,2,1580,4,190,57681,tct,0
voicemark,2,1580,4,190,51531,mean,0
voicemark,2,1580,4,190,51531,tct,0
voicemark,2,1580,4,190,53595,mean,0
voicemark,2,1580,4,190,53595,tct,0
voicemark,2,1580,4,190,53576,mean,0
voicemark,2,1580,4,190,53576,tct,0
voicemark,2,1580,4,190,59736,mean,0
voicemark,2,1580,4,190,59736,tct,0
voicemark,2,1580,4,190,55627,mean,0
voicemark,2,1580,4,190,55627,tct,0
voicemark,2,1580,4,190,61905,mean,0
voicemark,2,1580,4,190,61905,tct,0
voicemark,2,1580,4,190,54617,mean,0
voicemark,2,1580,4,190,54617,tct,0
voicemark,2,1580,4,190,61705,mean,0
voicemark,2,1580,4,190,61705,tct,0
voicemark,2,1580,4,190,60738,mean,0
voicemark,2,1580,4,190,60738,tct,0
voicemark,2,1580,5,191,10990,mean,0
voicemark,2,1580,5,191,10990,tct,0
voicemark,2,1580,5,191,65198,mean,0
voicemark,2,1580,5,191,65198,tct,0
voicemark,2,1580,5,191,27694,mean,0
voicemark,2,1580,5,191,27694,tct,0
voicemark,2,1580,5,191,17134,mean,0
voicemark,2,1580,5,191,17134,tct,0
voicemark,2,1580,5,191,2726,mean,0
voicemark,2,1580,5,191,2726,tct,0
voicemark,2,1580,5,191,32398,mean,0
voicemark,2,1580,5,191,32398,tct,0
voicemark,2,1580,5,191,32550,mean,0
voicemark,2,1580,5,191,32550,tct,0
voicemark,2,1580,5,191,2542,mean,0
voicemark,2,1580,5,191,2542,tct,0
voicemark,2,1580,5,191,23294,mean,0
voicemark,2,1580,5,191,23294,tct,0
voicemark,2,1580,5,191,7214,mean,0
voicemark,2,1580,5,191,7214,tct,0
voicemark,2,1580,6,192,11426,mean,0
voicemark,2,1580,6,192,11426,tct,0
voicemark,2,1580,6,192,11682,mean,0
voicemark,2,1580,6,192,11682,tct,0
voicemark,2,1580,6,192,12194,mean,0
voicemark,2,1580,6,192,12194,tct,0
voicemark,2,1580,6,192,12064,mean,0
voicemark,2,1580,6,192,12064,tct,0
voicemark,2,1580,6,192,43178,mean,0
voicemark,2,1580,6,192,43178,tct,0
voicemark,2,1580,6,192,2211,mean,0
voicemark,2,1580,6,192,2211,tct,0
voicemark,2,1580,6,192,43138,mean,0
voicemark,2,1580,6,192,43138,tct,0
voicemark,2,1580,6,192,24738,mean,0
voicemark,2,1580,6,192,24738,tct,0
voicemark,2,1580,6,192,10474,mean,0
voicemark,2,1580,6,192,10474,tct,0
voicemark,2,1580,6,192,7586,mean,0
voicemark,2,1580,6,192,7586,tct,0
voicemark,2,1580,7,193,27792,mean,0
voicemark,2,1580,7,193,27792,tct,0
voicemark,2,1580,7,193,19593,mean,0
voicemark,2,1580,7,193,19593,tct,0
voicemark,2,1580,7,193,19601,mean,0
voicemark,2,1580,7,193,19601,tct,0
voicemark,2,1580,7,193,56833,mean,0
voicemark,2,1580,7,193,56833,tct,0
voicemark,2,1580,7,193,31745,mean,0
voicemark,2,1580,7,193,31745,tct,0
voicemark,2,1580,7,193,23121,mean,0
voicemark,2,1580,7,193,23121,tct,0
voicemark,2,1580,7,193,16897,mean,0
voicemark,2,1580,7,193,16897,tct,0
voicemark,2,1580,7,193,28120,mean,0
voicemark,2,1580,7,193,28120,tct,0
voicemark,2,1580,7,193,19456,mean,0
voicemark,2,1580,7,193,19456,tct,0
voicemark,2,1580,7,193,55841,mean,0
voicemark,2,1580,7,193,55841,tct,0
voicemark,2,1995,4,194,55969,mean,0
voicemark,2,1995,4,194,55969,tct,0
voicemark,2,1995,4,194,64176,mean,0
voicemark,2,1995,4,194,64176,tct,0
voicemark,2,1995,4,194,49826,mean,0
voicemark,2,1995,4,194,49826,tct,0
voicemark,2,1995,4,194,64160,mean,0
voicemark,2,1995,4,194,64160,tct,0
voicemark,2,1995,4,194,61600,mean,0
voicemark,2,1995,4,194,61600,tct,0
voicemark,2,1995,4,194,53920,mean,0
voicemark,2,1995,4,194,53920,tct,0
voicemark,2,1995,4,194,52402,mean,0
voicemark,2,1995,4,194,52402,tct,0
voicemark,2,1995,4,194,55731,mean,0
voicemark,2,1995,4,194,55731,tct,0
voicemark,2,1995,4,194,53682,mean,0
voicemark,2,1995,4,194,53682,tct,0
voicemark,2,1995,4,194,47282,mean,0
voicemark,2,1995,4,194,47282,tct,0
voicemark,2,1995,5,195,21391,mean,0
voicemark,2,1995,5,195,21391,tct,0
voicemark,2,1995,5,195,53775,mean,0
voicemark,2,1995,5,195,53775,tct,0
voicemark,2,1995,5,195,21135,mean,0
voicemark,2,1995,5,195,21135,tct,0
voicemark,2,1995,5,195,16969,mean,0
voicemark,2,1995,5,195,16969,tct,0
voicemark,2,1995,5,195,53679,mean,0
voicemark,2,1995,5,195,53679,tct,0
voicemark,2,1995,5,195,21081,mean,0
voicemark,2,1995,5,195,21081,tct,0
voicemark,2,1995,5,195,56203,mean,0
voicemark,2,1995,5,195,56203,tct,0
voicemark,2,1995,5,195,28749,mean,0
voicemark,2,1995,5,195,28749,tct,0
voicemark,2,1995,5,195,54699,mean,0
voicemark,2,1995,5,195,54699,tct,0
voicemark,2,1995,5,195,21452,mean,0
voicemark,2,1995,5,195,21452,tct,0
voicemark,2,1995,6,196,39722,mean,0
voicemark,2,1995,6,196,39722,tct,0
voicemark,2,1995,6,196,9445,mean,0
voicemark,2,1995,6,196,9445,tct,0
voicemark,2,1995,6,196,25764,mean,0
voicemark,2,1995,6,196,25764,tct,0
voicemark,2,1995,6,196,4922,mean,0
voicemark,2,1995,6,196,4922,tct,0
voicemark,2,1995,6,196,9461,mean,0
voicemark,2,1995,6,196,9461,tct,0
voicemark,2,1995,6,196,8615,mean,0
voicemark,2,1995,6,196,8615,tct,0
voicemark,2,1995,6,196,7081,mean,0
voicemark,2,1995,6,196,7081,tct,0
voicemark,2,1995,6,196,10401,mean,0
voicemark,2,1995,6,196,10401,tct,0
voicemark,2,1995,6,196,9505,mean,0
voicemark,2,1995,6,196,9505,tct,0
voicemark,2,1995,6,196,2987,mean,0
voicemark,2,1995,6,196,2987,tct,0
voicemark,2,1995,7,197,42217,mean,0
voicemark,2,1995,7,197,42217,tct,0
voicemark,2,1995,7,197,50377,mean,0
voicemark,2,1995,7,197,50377,tct,0
voicemark,2,1995,7,197,34185,mean,0
voicemark,2,1995,7,197,34185,tct,0
voicemark,2,1995,7,197,33261,mean,0
voicemark,2,1995,7,197,33261,tct,0
voicemark,2,1995,7,197,54499,mean,0
voicemark,2,1995,7,197,54499,tct,0
voicemark,2,1995,7,197,33969,mean,0
voicemark,2,1995,7,197,33969,tct,0
voicemark,2,1995,7,197,50663,mean,0
voicemark,2,1995,7,197,50663,tct,0
voicemark,2,1995,7,197,33009,mean,0
voicemark,2,1995,7,197,33009,tct,0
voicemark,2,1995,7,197,1507,mean,0
voicemark,2,1995,7,197,1507,tct,0
voicemark,2,1995,7,197,42233,mean,0
voicemark,2,1995,7,197,42233,tct,0
voicemark,2,2300,4,198,3028,mean,0
voicemark,2,2300,4,198,3028,tct,0
voicemark,2,2300,4,198,11156,mean,0
voicemark,2,2300,4,198,11156,tct,0
voicemark,2,2300,4,198,2450,mean,0
voicemark,2,2300,4,198,2450,tct,0
voicemark,2,2300,4,198,52432,mean,0
voicemark,2,2300,4,198,52432,tct,0
voicemark,2,2300,4,198,64731,mean,0
voicemark,2,2300,4,198,64731,tct,0
voicemark,2,2300,4,198,60565,mean,0
voicemark,2,2300,4,198,60565,tct,0
voicemark,2,2300,4,198,19665,mean,0
voicemark,2,2300,4,198,19665,tct,0
voicemark,2,2300,4,198,30928,mean,0
voicemark,2,2300,4,198,30928,tct,0
voicemark,2,2300,4,198,3280,mean,0
voicemark,2,2300,4,198,3280,tct,0
voicemark,2,2300,4,198,56720,mean,0
voicemark,2,2300,4,198,56720,tct,0
voicemark,2,2300,5,199,36217,mean,0
voicemark,2,2300,5,199,36217,tct,0
voicemark,2,2300,5,199,35167,mean,0
voicemark,2,2300,5,199,35167,tct,0
voicemark,2,2300,5,199,40287,mean,0
voicemark,2,2300,5,199,40287,tct,0
voicemark,2,2300,5,199,36703,mean,0
voicemark,2,2300,5,199,36703,tct,0
voicemark,2,2300,5,199,50338,mean,0
voicemark,2,2300,5,199,50338,tct,0
voicemark,2,2300,5,199,49315,mean,0
voicemark,2,2300,5,199,49315,tct,0
voicemark,2,2300,5,199,53394,mean,0
voicemark,2,2300,5,199,53394,tct,0
voicemark,2,2300,5,199,40269,mean,0
voicemark,2,2300,5,199,40269,tct,0
voicemark,2,2300,5,199,35199,mean,0
voicemark,2,2300,5,199,35199,tct,0
voicemark,2,2300,5,199,34226,mean,0
voicemark,2,2300,5,199,34226,tct,0
voicemark,2,2300,6,200,35412,mean,0
voicemark,2,2300,6,200,35412,tct,0
voicemark,2,2300,6,200,11100,mean,0
voicemark,2,2300,6,200,11100,tct,0
voicemark,2,2300,6,200,35604,mean,0
voicemark,2,2300,6,200,35604,tct,0
voicemark,2,2300,6,200,34388,mean,0
voicemark,2,2300,6,200,34388,tct,0
voicemark,2,2300,6,200,36696,mean,0
voicemark,2,2300,6,200,36696,tct,0
voicemark,2,2300,6,200,42836,mean,0
voicemark,2,2300,6,200,42836,tct,0
voicemark,2,2300,6,200,34772,mean,0
voicemark,2,2300,6,200,34772,tct,0
voicemark,2,2300,6,200,14920,mean,0
voicemark,2,2300,6,200,14920,tct,0
voicemark,2,2300,6,200,8908,mean,0
voicemark,2,2300,6,200,8908,tct,0
voicemark,2,2300,6,200,15940,mean,0
voicemark,2,2300,6,200,15940,tct,0
voicemark,2,2300,7,201,16377,mean,0
voicemark,2,2300,7,201,16377,tct,0
voicemark,2,2300,7,201,16024,mean,0
voicemark,2,2300,7,201,16024,tct,0
voicemark,2,2300,7,201,16337,mean,0
voicemark,2,2300,7,201,16337,tct,0
voicemark,2,2300,7,201,63385,mean,0
voicemark,2,2300,7,201,63385,tct,0
voicemark,2,2300,7,201,47769,mean,0
voicemark,2,2300,7,201,47769,tct,0
voicemark,2,2300,7,201,48665,mean,0
voicemark,2,2300,7,201,48665,tct,0
voicemark,2,2300,7,201,12184,mean,0
voicemark,2,2300,7,201,12184,tct,0
voicemark,2,2300,7,201,16257,mean,0
voicemark,2,2300,7,201,16257,tct,0
voicemark,2,2300,7,201,15065,mean,0
voicemark,2,2300,7,201,15065,tct,0
voicemark,2,2300,7,201,14296,mean,0
voicemark,2,2300,7,201,14296,tct,0
voicemark,2,2830,4,202,18371,mean,0
voicemark,2,2830,4,202,18371,tct,0
voicemark,2,2830,4,202,10179,mean,0
voicemark,2,2830,4,202,10179,tct,0
voicemark,2,2830,4,202,27854,mean,0
voicemark,2,2830,4,202,27854,tct,0
voicemark,2,2830,4,202,26702,mean,0
voicemark,2,2830,4,202,26702,tct,0
voicemark,2,2830,4,202,21443,mean,0
voicemark,2,2830,4,202,21443,tct,0
voicemark,2,2830,4,202,3043,mean,0
voicemark,2,2830,4,202,3043,tct,0
voicemark,2,2830,4,202,5067,mean,0
voicemark,2,2830,4,202,5067,tct,0
voicemark,2,2830,4,202,17095,mean,0
voicemark,2,2830,4,202,17095,tct,0
voicemark,2,2830,4,202,9167,mean,0
voicemark,2,2830,4,202,9167,tct,0
voicemark,2,2830,4,202,11202,mean,0
voicemark,2,2830,4,202,11202,tct,0
voicemark,2,2830,5,203,4197,mean,0
voicemark,2,2830,5,203,4197,tct,0
voicemark,2,2830,5,203,4309,mean,0
voicemark,2,2830,5,203,4309,tct,0
voicemark,2,2830,5,203,12657,mean,0
voicemark,2,2830,5,203,12657,tct,0
voicemark,2,2830,5,203,14785,mean,0
voicemark,2,2830,5,203,14785,tct,0
voicemark,2,2830,5,203,14565,mean,0
voicemark,2,2830,5,203,14565,tct,0
voicemark,2,2830,5,203,4705,mean,0
voicemark,2,2830,5,203,4705,tct,0
voicemark,2,2830,5,203,12323,mean,0
voicemark,2,2830,5,203,12323,tct,0
voicemark,2,2830,5,203,28771,mean,0
voicemark,2,2830,5,203,28771,tct,0
voicemark,2,2830,5,203,8291,mean,0
voicemark,2,2830,5,203,8291,tct,0
voicemark,2,2830,5,203,45089,mean,0
voicemark,2,2830,5,203,45089,tct,0
voicemark,2,2830,6,204,36027,mean,0
voicemark,2,2830,6,204,36027,tct,0
voicemark,2,2830,6,204,2235,mean,0
voicemark,2,2830,6,204,2235,tct,0
voicemark,2,2830,6,204,40635,mean,0
voicemark,2,2830,6,204,40635,tct,0
voicemark,2,2830,6,204,38591,mean,0
voicemark,2,2830,6,204,38591,tct,0
voicemark,2,2830,6,204,50345,mean,0
voicemark,2,2830,6,204,50345,tct,0
voicemark,2,2830,6,204,34479,mean,0
voicemark,2,2830,6,204,34479,tct,0
voicemark,2,2830,6,204,43193,mean,0
voicemark,2,2830,6,204,43193,tct,0
voicemark,2,2830,6,204,50829,mean,0
voicemark,2,2830,6,204,50829,tct,0
voicemark,2,2830,6,204,54893,mean,0
voicemark,2,2830,6,204,54893,tct,0
voicemark,2,2830,6,204,52399,mean,0
voicemark,2,2830,6,204,52399,tct,0
voicemark,2,2830,7,205,11414,mean,0
voicemark,2,2830,7,205,11414,tct,0
voicemark,2,2830,7,205,28358,mean,0
voicemark,2,2830,7,205,28358,tct,0
voicemark,2,2830,7,205,27798,mean,0
voicemark,2,2830,7,205,27798,tct,0
voicemark,2,2830,7,205,23798,mean,0
voicemark,2,2830,7,205,23798,tct,0
voicemark,2,2830,7,205,11952,mean,0
voicemark,2,2830,7,205,11952,tct,0
voicemark,2,2830,7,205,18918,mean,0
voicemark,2,2830,7,205,18918,tct,0
voicemark,2,2830,7,205,19559,mean,0
voicemark,2,2830,7,205,19559,tct,0
voicemark,2,2830,7,205,22758,mean,0
voicemark,2,2830,7,205,22758,tct,0
voicemark,2,2830,7,205,20167,mean,0
voicemark,2,2830,7,205,20167,tct,0
voicemark,2,2830,7,205,11698,mean,0
voicemark,2,2830,7,205,11698,tct,0
voicemark,2,2961,4,206,39503,mean,0
voicemark,2,2961,4,206,39503,tct,0
voicemark,2,2961,4,206,44751,mean,0
voicemark,2,2961,4,206,44751,tct,0
voicemark,2,2961,4,206,44639,mean,0
voicemark,2,2961,4,206,44639,tct,0
voicemark,2,2961,4,206,14927,mean,0
voicemark,2,2961,4,206,14927,tct,0
voicemark,2,2961,4,206,64891,mean,0
voicemark,2,2961,4,206,64891,tct,0
voicemark,2,2961,4,206,48575,mean,0
voicemark,2,2961,4,206,48575,tct,0
voicemark,2,2961,4,206,64415,mean,0
voicemark,2,2961,4,206,64415,tct,0
voicemark,2,2961,4,206,27067,mean,0
voicemark,2,2961,4,206,27067,tct,0
voicemark,2,2961,4,206,64511,mean,0
voicemark,2,2961,4,206,64511,tct,0
voicemark,2,2961,4,206,64363,mean,0
voicemark,2,2961,4,206,64363,tct,0
voicemark,2,2961,5,207,28770,mean,0
voicemark,2,2961,5,207,28770,tct,0
voicemark,2,2961,5,207,57239,mean,0
voicemark,2,2961,5,207,57239,tct,0
voicemark,2,2961,5,207,24214,mean,0
voicemark,2,2961,5,207,24214,tct,0
voicemark,2,2961,5,207,29539,mean,0
voicemark,2,2961,5,207,29539,tct,0
voicemark,2,2961,5,207,21911,mean,0
voicemark,2,2961,5,207,21911,tct,0
voicemark,2,2961,5,207,56983,mean,0
voicemark,2,2961,5,207,56983,tct,0
voicemark,2,2961,5,207,24223,mean,0
voicemark,2,2961,5,207,24223,tct,0
voicemark,2,2961,5,207,29281,mean,0
voicemark,2,2961,5,207,29281,tct,0
voicemark,2,2961,5,207,21088,mean,0
voicemark,2,2961,5,207,21088,tct,0
voicemark,2,2961,5,207,22291,mean,0
voicemark,2,2961,5,207,22291,tct,0
voicemark,2,2961,6,208,3036,mean,0
voicemark,2,2961,6,208,3036,tct,0
voicemark,2,2961,6,208,11248,mean,0
voicemark,2,2961,6,208,11248,tct,0
voicemark,2,2961,6,208,985,mean,0
voicemark,2,2961,6,208,985,tct,0
voicemark,2,2961,6,208,11257,mean,0
voicemark,2,2961,6,208,11257,tct,0
voicemark,2,2961,6,208,35804,mean,0
voicemark,2,2961,6,208,35804,tct,0
voicemark,2,2961,6,208,10744,mean,0
voicemark,2,2961,6,208,10744,tct,0
voicemark,2,2961,6,208,33758,mean,0
voicemark,2,2961,6,208,33758,tct,0
voicemark,2,2961,6,208,1021,mean,0
voicemark,2,2961,6,208,1021,tct,0
voicemark,2,2961,6,208,9164,mean,0
voicemark,2,2961,6,208,9164,tct,0
voicemark,2,2961,6,208,1884,mean,0
voicemark,2,2961,6,208,1884,tct,0
voicemark,2,2961,7,209,50355,mean,0
voicemark,2,2961,7,209,50355,tct,0
voicemark,2,2961,7,209,54419,mean,0
voicemark,2,2961,7,209,54419,tct,0
voicemark,2,2961,7,209,42162,mean,0
voicemark,2,2961,7,209,42162,tct,0
voicemark,2,2961,7,209,21651,mean,0
voicemark,2,2961,7,209,21651,tct,0
voicemark,2,2961,7,209,42018,mean,0
voicemark,2,2961,7,209,42018,tct,0
voicemark,2,2961,7,209,1250,mean,0
voicemark,2,2961,7,209,1250,tct,0
voicemark,2,2961,7,209,27810,mean,0
voicemark,2,2961,7,209,27810,tct,0
voicemark,2,2961,7,209,1194,mean,0
voicemark,2,2961,7,209,1194,tct,0
voicemark,2,2961,7,209,1190,mean,0
voicemark,2,2961,7,209,1190,tct,0
voicemark,2,2961,7,209,11430,mean,0
voicemark,2,2961,7,209,11430,tct,0
voicemark,2,3570,4,210,56179,mean,0
voicemark,2,3570,4,210,56179,tct,0
voicemark,2,3570,4,210,21363,mean,0
voicemark,2,3570,4,210,21363,tct,0
voicemark,2,3570,4,210,23423,mean,0
voicemark,2,3570,4,210,23423,tct,0
voicemark,2,3570,4,210,56187,mean,0
voicemark,2,3570,4,210,56187,tct,0
voicemark,2,3570,4,210,51718,mean,0
voicemark,2,3570,4,210,51718,tct,0
voicemark,2,3570,4,210,60938,mean,0
voicemark,2,3570,4,210,60938,tct,0
voicemark,2,3570,4,210,23543,mean,0
voicemark,2,3570,4,210,23543,tct,0
voicemark,2,3570,4,210,58126,mean,0
voicemark,2,3570,4,210,58126,tct,0
voicemark,2,3570,4,210,23027,mean,0
voicemark,2,3570,4,210,23027,tct,0
voicemark,2,3570,4,210,8051,mean,0
voicemark,2,3570,4,210,8051,tct,0
voicemark,2,3570,5,211,41725,mean,0
voicemark,2,3570,5,211,41725,tct,0
voicemark,2,3570,5,211,58075,mean,0
voicemark,2,3570,5,211,58075,tct,0
voicemark,2,3570,5,211,41695,mean,0
voicemark,2,3570,5,211,41695,tct,0
voicemark,2,3570,5,211,33481,mean,0
voicemark,2,3570,5,211,33481,tct,0
voicemark,2,3570,5,211,41690,mean,0
voicemark,2,3570,5,211,41690,tct,0
voicemark,2,3570,5,211,41657,mean,0
voicemark,2,3570,5,211,41657,tct,0
voicemark,2,3570,5,211,55166,mean,0
voicemark,2,3570,5,211,55166,tct,0
voicemark,2,3570,5,211,55118,mean,0
voicemark,2,3570,5,211,55118,tct,0
voicemark,2,3570,5,211,30575,mean,0
voicemark,2,3570,5,211,30575,tct,0
voicemark,2,3570,5,211,53103,mean,0
voicemark,2,3570,5,211,53103,tct,0
voicemark,2,3570,6,212,57070,mean,0
voicemark,2,3570,6,212,57070,tct,0
voicemark,2,3570,6,212,52986,mean,0
voicemark,2,3570,6,212,52986,tct,0
voicemark,2,3570,6,212,27262,mean,0
voicemark,2,3570,6,212,27262,tct,0
voicemark,2,3570,6,212,18174,mean,0
voicemark,2,3570,6,212,18174,tct,0
voicemark,2,3570,6,212,25215,mean,0
voicemark,2,3570,6,212,25215,tct,0
voicemark,2,3570,6,212,55006,mean,0
voicemark,2,3570,6,212,55006,tct,0
voicemark,2,3570,6,212,27242,mean,0
voicemark,2,3570,6,212,27242,tct,0
voicemark,2,3570,6,212,41594,mean,0
voicemark,2,3570,6,212,41594,tct,0
voicemark,2,3570,6,212,17010,mean,0
voicemark,2,3570,6,212,17010,tct,0
voicemark,2,3570,6,212,25138,mean,0
voicemark,2,3570,6,212,25138,tct,0
voicemark,2,3570,7,213,63385,mean,0
voicemark,2,3570,7,213,63385,tct,0
voicemark,2,3570,7,213,60725,mean,0
voicemark,2,3570,7,213,60725,tct,0
voicemark,2,3570,7,213,30357,mean,0
voicemark,2,3570,7,213,30357,tct,0
voicemark,2,3570,7,213,26509,mean,0
voicemark,2,3570,7,213,26509,tct,0
voicemark,2,3570,7,213,22173,mean,0
voicemark,2,3570,7,213,22173,tct,0
voicemark,2,3570,7,213,30616,mean,0
voicemark,2,3570,7,213,30616,tct,0
voicemark,2,3570,7,213,63377,mean,0
voicemark,2,3570,7,213,63377,tct,0
voicemark,2,3570,7,213,32409,mean,0
voicemark,2,3570,7,213,32409,tct,0
voicemark,2,3570,7,213,28565,mean,0
voicemark,2,3570,7,213,28565,tct,0
voicemark,2,3570,7,213,27673,mean,0
voicemark,2,3570,7,213,27673,tct,0
voicemark,2,3575,4,214,54116,mean,0
voicemark,2,3575,4,214,54116,tct,0
voicemark,2,3575,4,214,54060,mean,0
voicemark,2,3575,4,214,54060,tct,0
voicemark,2,3575,4,214,45293,mean,0
voicemark,2,3575,4,214,45293,tct,0
voicemark,2,3575,4,214,53860,mean,0
voicemark,2,3575,4,214,53860,tct,0
voicemark,2,3575,4,214,55077,mean,0
voicemark,2,3575,4,214,55077,tct,0
voicemark,2,3575,4,214,56228,mean,0
voicemark,2,3575,4,214,56228,tct,0
voicemark,2,3575,4,214,54069,mean,0
voicemark,2,3575,4,214,54069,tct,0
voicemark,2,3575,4,214,46825,mean,0
voicemark,2,3575,4,214,46825,tct,0
voicemark,2,3575,4,214,4900,mean,0
voicemark,2,3575,4,214,4900,tct,0
voicemark,2,3575,4,214,53792,mean,0
voicemark,2,3575,4,214,53792,tct,0
voicemark,2,3575,5,215,1488,mean,0
voicemark,2,3575,5,215,1488,tct,0
voicemark,2,3575,5,215,38352,mean,0
voicemark,2,3575,5,215,38352,tct,0
voicemark,2,3575,5,215,5520,mean,0
voicemark,2,3575,5,215,5520,tct,0
voicemark,2,3575,5,215,41270,mean,0
voicemark,2,3575,5,215,41270,tct,0
voicemark,2,3575,5,215,41274,mean,0
voicemark,2,3575,5,215,41274,tct,0
voicemark,2,3575,5,215,45458,mean,0
voicemark,2,3575,5,215,45458,tct,0
voicemark,2,3575,5,215,42256,mean,0
voicemark,2,3575,5,215,42256,tct,0
voicemark,2,3575,5,215,10546,mean,0
voicemark,2,3575,5,215,10546,tct,0
voicemark,2,3575,5,215,1232,mean,0
voicemark,2,3575,5,215,1232,tct,0
voicemark,2,3575,5,215,1298,mean,0
voicemark,2,3575,5,215,1298,tct,0
voicemark,2,3575,6,216,49131,mean,0
voicemark,2,3575,6,216,49131,tct,0
voicemark,2,3575,6,216,47273,mean,0
voicemark,2,3575,6,216,47273,tct,0
voicemark,2,3575,6,216,49003,mean,0
voicemark,2,3575,6,216,49003,tct,0
voicemark,2,3575,6,216,40104,mean,0
voicemark,2,3575,6,216,40104,tct,0
voicemark,2,3575,6,216,47050,mean,0
voicemark,2,3575,6,216,47050,tct,0
voicemark,2,3575,6,216,48281,mean,0
voicemark,2,3575,6,216,48281,tct,0
voicemark,2,3575,6,216,42986,mean,0
voicemark,2,3575,6,216,42986,tct,0
voicemark,2,3575,6,216,48680,mean,0
voicemark,2,3575,6,216,48680,tct,0
voicemark,2,3575,6,216,46314,mean,0
voicemark,2,3575,6,216,46314,tct,0
voicemark,2,3575,6,216,40937,mean,0
voicemark,2,3575,6,216,40937,tct,0
voicemark,2,3575,7,217,24632,mean,0
voicemark,2,3575,7,217,24632,tct,0
voicemark,2,3575,7,217,28712,mean,0
voicemark,2,3575,7,217,28712,tct,0
voicemark,2,3575,7,217,61625,mean,0
voicemark,2,3575,7,217,61625,tct,0
voicemark,2,3575,7,217,61609,mean,0
voicemark,2,3575,7,217,61609,tct,0
voicemark,2,3575,7,217,28842,mean,0
voicemark,2,3575,7,217,28842,tct,0
voicemark,2,3575,7,217,62525,mean,0
voicemark,2,3575,7,217,62525,tct,0
voicemark,2,3575,7,217,8616,mean,0
voicemark,2,3575,7,217,8616,tct,0
voicemark,2,3575,7,217,24777,mean,0
voicemark,2,3575,7,217,24777,tct,0
voicemark,2,3575,7,217,30889,mean,0
voicemark,2,3575,7,217,30889,tct,0
voicemark,2,3575,7,217,57769,mean,0
voicemark,2,3575,7,217,57769,tct,0
voicemark,2,3729,4,218,59041,mean,0
voicemark,2,3729,4,218,59041,tct,0
voicemark,2,3729,4,218,42593,mean,0
voicemark,2,3729,4,218,42593,tct,0
voicemark,2,3729,4,218,41473,mean,0
voicemark,2,3729,4,218,41473,tct,0
voicemark,2,3729,4,218,41025,mean,0
voicemark,2,3729,4,218,41025,tct,0
voicemark,2,3729,4,218,41632,mean,0
voicemark,2,3729,4,218,41632,tct,0
voicemark,2,3729,4,218,50912,mean,0
voicemark,2,3729,4,218,50912,tct,0
voicemark,2,3729,4,218,32832,mean,0
voicemark,2,3729,4,218,32832,tct,0
voicemark,2,3729,4,218,57360,mean,0
voicemark,2,3729,4,218,57360,tct,0
voicemark,2,3729,4,218,61440,mean,0
voicemark,2,3729,4,218,61440,tct,0
voicemark,2,3729,4,218,12288,mean,0
voicemark,2,3729,4,218,12288,tct,0
voicemark,2,3729,5,219,15365,mean,0
voicemark,2,3729,5,219,15365,tct,0
voicemark,2,3729,5,219,15649,mean,0
voicemark,2,3729,5,219,15649,tct,0
voicemark,2,3729,5,219,14595,mean,0
voicemark,2,3729,5,219,14595,tct,0
voicemark,2,3729,5,219,2369,mean,0
voicemark,2,3729,5,219,2369,tct,0
voicemark,2,3729,5,219,13605,mean,0
voicemark,2,3729,5,219,13605,tct,0
voicemark,2,3729,5,219,10537,mean,0
voicemark,2,3729,5,219,10537,tct,0
voicemark,2,3729,5,219,13637,mean,0
voicemark,2,3729,5,219,13637,tct,0
voicemark,2,3729,5,219,15631,mean,0
voicemark,2,3729,5,219,15631,tct,0
voicemark,2,3729,5,219,15687,mean,0
voicemark,2,3729,5,219,15687,tct,0
voicemark,2,3729,5,219,15684,mean,0
voicemark,2,3729,5,219,15684,tct,0
voicemark,2,3729,6,220,3097,mean,0
voicemark,2,3729,6,220,3097,tct,0
voicemark,2,3729,6,220,27665,mean,0
voicemark,2,3729,6,220,27665,tct,0
voicemark,2,3729,6,220,19513,mean,0
voicemark,2,3729,6,220,19513,tct,0
voicemark,2,3729,6,220,44219,mean,0
voicemark,2,3729,6,220,44219,tct,0
voicemark,2,3729,6,220,15513,mean,0
voicemark,2,3729,6,220,15513,tct,0
voicemark,2,3729,6,220,7353,mean,0
voicemark,2,3729,6,220,7353,tct,0
voicemark,2,3729,6,220,60499,mean,0
voicemark,2,3729,6,220,60499,tct,0
voicemark,2,3729,6,220,42035,mean,0
voicemark,2,3729,6,220,42035,tct,0
voicemark,2,3729,6,220,60419,mean,0
voicemark,2,3729,6,220,60419,tct,0
voicemark,2,3729,6,220,60721,mean,0
voicemark,2,3729,6,220,60721,tct,0
voicemark,2,3729,7,221,23014,mean,0
voicemark,2,3729,7,221,23014,tct,0
voicemark,2,3729,7,221,23270,mean,0
voicemark,2,3729,7,221,23270,tct,0
voicemark,2,3729,7,221,55782,mean,0
voicemark,2,3729,7,221,55782,tct,0
voicemark,2,3729,7,221,37862,mean,0
voicemark,2,3729,7,221,37862,tct,0
voicemark,2,3729,7,221,7140,mean,0
voicemark,2,3729,7,221,7140,tct,0
voicemark,2,3729,7,221,31206,mean,0
voicemark,2,3729,7,221,31206,tct,0
voicemark,2,3729,7,221,37731,mean,0
voicemark,2,3729,7,221,37731,tct,0
voicemark,2,3729,7,221,23366,mean,0
voicemark,2,3729,7,221,23366,tct,0
voicemark,2,3729,7,221,21222,mean,0
voicemark,2,3729,7,221,21222,tct,0
voicemark,2,3729,7,221,37474,mean,0
voicemark,2,3729,7,221,37474,tct,0
voicemark,2,4077,4,222,32373,mean,0
voicemark,2,4077,4,222,32373,tct,0
voicemark,2,4077,4,222,15217,mean,0
voicemark,2,4077,4,222,15217,tct,0
voicemark,2,4077,4,222,8033,mean,0
voicemark,2,4077,4,222,8033,tct,0
voicemark,2,4077,4,222,31313,mean,0
voicemark,2,4077,4,222,31313,tct,0
voicemark,2,4077,4,222,30839,mean,0
voicemark,2,4077,4,222,30839,tct,0
voicemark,2,4077,4,222,8057,mean,0
voicemark,2,4077,4,222,8057,tct,0
voicemark,2,4077,4,222,5987,mean,0
voicemark,2,4077,4,222,5987,tct,0
voicemark,2,4077,4,222,16215,mean,0
voicemark,2,4077,4,222,16215,tct,0
voicemark,2,4077,4,222,28533,mean,0
voicemark,2,4077,4,222,28533,tct,0
voicemark,2,4077,4,222,20085,mean,0
voicemark,2,4077,4,222,20085,tct,0
voicemark,2,4077,5,223,44926,mean,0
voicemark,2,4077,5,223,44926,tct,0
voicemark,2,4077,5,223,49012,mean,0
voicemark,2,4077,5,223,49012,tct,0
voicemark,2,4077,5,223,64762,mean,0
voicemark,2,4077,5,223,64762,tct,0
voicemark,2,4077,5,223,65394,mean,0
voicemark,2,4077,5,223,65394,tct,0
voicemark,2,4077,5,223,48636,mean,0
voicemark,2,4077,5,223,48636,tct,0
voicemark,2,4077,5,223,48612,mean,0
voicemark,2,4077,5,223,48612,tct,0
voicemark,2,4077,5,223,49138,mean,0
voicemark,2,4077,5,223,49138,tct,0
voicemark,2,4077,5,223,40822,mean,0
voicemark,2,4077,5,223,40822,tct,0
voicemark,2,4077,5,223,64680,mean,0
voicemark,2,4077,5,223,64680,tct,0
voicemark,2,4077,5,223,56416,mean,0
voicemark,2,4077,5,223,56416,tct,0
voicemark,2,4077,6,224,60177,mean,0
voicemark,2,4077,6,224,60177,tct,0
voicemark,2,4077,6,224,29744,mean,0
voicemark,2,4077,6,224,29744,tct,0
voicemark,2,4077,6,224,62233,mean,0
voicemark,2,4077,6,224,62233,tct,0
voicemark,2,4077,6,224,25712,mean,0
voicemark,2,4077,6,224,25712,tct,0
voicemark,2,4077,6,224,27768,mean,0
voicemark,2,4077,6,224,27768,tct,0
voicemark,2,4077,6,224,58112,mean,0
voicemark,2,4077,6,224,58112,tct,0
voicemark,2,4077,6,224,49681,mean,0
voicemark,2,4077,6,224,49681,tct,0
voicemark,2,4077,6,224,22136,mean,0
voicemark,2,4077,6,224,22136,tct,0
voicemark,2,4077,6,224,31992,mean,0
voicemark,2,4077,6,224,31992,tct,0
voicemark,2,4077,6,224,30520,mean,0
voicemark,2,4077,6,224,30520,tct,0
voicemark,2,4077,7,225,5834,mean,0
voicemark,2,4077,7,225,5834,tct,0
voicemark,2,4077,7,225,1738,mean,0
voicemark,2,4077,7,225,1738,tct,0
voicemark,2,4077,7,225,5705,mean,0
voicemark,2,4077,7,225,5705,tct,0
voicemark,2,4077,7,225,30411,mean,0
voicemark,2,4077,7,225,30411,tct,0
voicemark,2,4077,7,225,41482,mean,0
voicemark,2,4077,7,225,41482,tct,0
voicemark,2,4077,7,225,9218,mean,0
voicemark,2,4077,7,225,9218,tct,0
voicemark,2,4077,7,225,22217,mean,0
voicemark,2,4077,7,225,22217,tct,0
voicemark,2,4077,7,225,7899,mean,0
voicemark,2,4077,7,225,7899,tct,0
voicemark,2,4077,7,225,38619,mean,0
voicemark,2,4077,7,225,38619,tct,0
voicemark,2,4077,7,225,12808,mean,0
voicemark,2,4077,7,225,12808,tct,0
voicemark,2,4446,4,226,3770,mean,0
voicemark,2,4446,4,226,3770,tct,0
voicemark,2,4446,4,226,1288,mean,0
voicemark,2,4446,4,226,1288,tct,0
voicemark,2,4446,4,226,544,mean,0
voicemark,2,4446,4,226,544,tct,0
voicemark,2,4446,4,226,23290,mean,0
voicemark,2,4446,4,226,23290,tct,0
voicemark,2,4446,4,226,778,mean,0
voicemark,2,4446,4,226,778,tct,0
voicemark,2,4446,4,226,3890,mean,0
voicemark,2,4446,4,226,3890,tct,0
voicemark,2,4446,4,226,3640,mean,0
voicemark,2,4446,4,226,3640,tct,0
voicemark,2,4446,4,226,7808,mean,0
voicemark,2,4446,4,226,7808,tct,0
voicemark,2,4446,4,226,5016,mean,0
voicemark,2,4446,4,226,5016,tct,0
voicemark,2,4446,4,226,4024,mean,0
voicemark,2,4446,4,226,4024,tct,0
voicemark,2,4446,5,227,37626,mean,0
voicemark,2,4446,5,227,37626,tct,0
voicemark,2,4446,5,227,41978,mean,0
voicemark,2,4446,5,227,41978,tct,0
voicemark,2,4446,5,227,27090,mean,0
voicemark,2,4446,5,227,27090,tct,0
voicemark,2,4446,5,227,28378,mean,0
voicemark,2,4446,5,227,28378,tct,0
voicemark,2,4446,5,227,54138,mean,0
voicemark,2,4446,5,227,54138,tct,0
voicemark,2,4446,5,227,27738,mean,0
voicemark,2,4446,5,227,27738,tct,0
voicemark,2,4446,5,227,11472,mean,0
voicemark,2,4446,5,227,11472,tct,0
voicemark,2,4446,5,227,5118,mean,0
voicemark,2,4446,5,227,5118,tct,0
voicemark,2,4446,5,227,26818,mean,0
voicemark,2,4446,5,227,26818,tct,0
voicemark,2,4446,5,227,27795,mean,0
voicemark,2,4446,5,227,27795,tct,0
voicemark,2,4446,6,228,56931,mean,0
voicemark,2,4446,6,228,56931,tct,0
voicemark,2,4446,6,228,40737,mean,0
voicemark,2,4446,6,228,40737,tct,0
voicemark,2,4446,6,228,53097,mean,0
voicemark,2,4446,6,228,53097,tct,0
voicemark,2,4446,6,228,56609,mean,0
voicemark,2,4446,6,228,56609,tct,0
voicemark,2,4446,6,228,58886,mean,0
voicemark,2,4446,6,228,58886,tct,0
voicemark,2,4446,6,228,56945,mean,0
voicemark,2,4446,6,228,56945,tct,0
voicemark,2,4446,6,228,25603,mean,0
voicemark,2,4446,6,228,25603,tct,0
voicemark,2,4446,6,228,29191,mean,0
voicemark,2,4446,6,228,29191,tct,0
voicemark,2,4446,6,228,17955,mean,0
voicemark,2,4446,6,228,17955,tct,0
voicemark,2,4446,6,228,53029,mean,0
voicemark,2,4446,6,228,53029,tct,0
voicemark,2,4446,7,229,10433,mean,0
voicemark,2,4446,7,229,10433,tct,0
voicemark,2,4446,7,229,10691,mean,0
voicemark,2,4446,7,229,10691,tct,0
voicemark,2,4446,7,229,10565,mean,0
voicemark,2,4446,7,229,10565,tct,0
voicemark,2,4446,7,229,44256,mean,0
voicemark,2,4446,7,229,44256,tct,0
voicemark,2,4446,7,229,43488,mean,0
voicemark,2,4446,7,229,43488,tct,0
voicemark,2,4446,7,229,44357,mean,0
voicemark,2,4446,7,229,44357,tct,0
voicemark,2,4446,7,229,44276,mean,0
voicemark,2,4446,7,229,44276,tct,0
voicemark,2,4446,7,229,9316,mean,0
voicemark,2,4446,7,229,9316,tct,0
voicemark,2,4446,7,229,60772,mean,0
voicemark,2,4446,7,229,60772,tct,0
voicemark,2,4446,7,229,11715,mean,0
voicemark,2,4446,7,229,11715,tct,0
voicemark,2,4507,4,230,22497,mean,0
voicemark,2,4507,4,230,22497,tct,0
voicemark,2,4507,4,230,6121,mean,0
voicemark,2,4507,4,230,6121,tct,0
voicemark,2,4507,4,230,14161,mean,0
voicemark,2,4507,4,230,14161,tct,0
voicemark,2,4507,4,230,9561,mean,0
voicemark,2,4507,4,230,9561,tct,0
voicemark,2,4507,4,230,5729,mean,0
voicemark,2,4507,4,230,5729,tct,0
voicemark,2,4507,4,230,5921,mean,0
voicemark,2,4507,4,230,5921,tct,0
voicemark,2,4507,4,230,26001,mean,0
voicemark,2,4507,4,230,26001,tct,0
voicemark,2,4507,4,230,30037,mean,0
voicemark,2,4507,4,230,30037,tct,0
voicemark,2,4507,4,230,5093,mean,0
voicemark,2,4507,4,230,5093,tct,0
voicemark,2,4507,4,230,4833,mean,0
voicemark,2,4507,4,230,4833,tct,0
voicemark,2,4507,5,231,65040,mean,0
voicemark,2,4507,5,231,65040,tct,0
voicemark,2,4507,5,231,28978,mean,0
voicemark,2,4507,5,231,28978,tct,0
voicemark,2,4507,5,231,29443,mean,0
voicemark,2,4507,5,231,29443,tct,0
voicemark,2,4507,5,231,29235,mean,0
voicemark,2,4507,5,231,29235,tct,0
voicemark,2,4507,5,231,62992,mean,0
voicemark,2,4507,5,231,62992,tct,0
voicemark,2,4507,5,231,28160,mean,0
voicemark,2,4507,5,231,28160,tct,0
voicemark,2,4507,5,231,65296,mean,0
voicemark,2,4507,5,231,65296,tct,0
voicemark,2,4507,5,231,28944,mean,0
voicemark,2,4507,5,231,28944,tct,0
voicemark,2,4507,5,231,12643,mean,0
voicemark,2,4507,5,231,12643,tct,0
voicemark,2,4507,5,231,19984,mean,0
voicemark,2,4507,5,231,19984,tct,0
voicemark,2,4507,6,232,37386,mean,0
voicemark,2,4507,6,232,37386,tct,0
voicemark,2,4507,6,232,3384,mean,0
voicemark,2,4507,6,232,3384,tct,0
voicemark,2,4507,6,232,45064,mean,0
voicemark,2,4507,6,232,45064,tct,0
voicemark,2,4507,6,232,824,mean,0
voicemark,2,4507,6,232,824,tct,0
voicemark,2,4507,6,232,13066,mean,0
voicemark,2,4507,6,232,13066,tct,0
voicemark,2,4507,6,232,36874,mean,0
voicemark,2,4507,6,232,36874,tct,0
voicemark,2,4507,6,232,46594,mean,0
voicemark,2,4507,6,232,46594,tct,0
voicemark,2,4507,6,232,45586,mean,0
voicemark,2,4507,6,232,45586,tct,0
voicemark,2,4507,6,232,5436,mean,0
voicemark,2,4507,6,232,5436,tct,0
voicemark,2,4507,6,232,61963,mean,0
voicemark,2,4507,6,232,61963,tct,0
voicemark,2,4507,7,233,56870,mean,0
voicemark,2,4507,7,233,56870,tct,0
voicemark,2,4507,7,233,55910,mean,0
voicemark,2,4507,7,233,55910,tct,0
voicemark,2,4507,7,233,15918,mean,0
voicemark,2,4507,7,233,15918,tct,0
voicemark,2,4507,7,233,15910,mean,0
voicemark,2,4507,7,233,15910,tct,0
voicemark,2,4507,7,233,14375,mean,0
voicemark,2,4507,7,233,14375,tct,0
voicemark,2,4507,7,233,6191,mean,0
voicemark,2,4507,7,233,6191,tct,0
voicemark,2,4507,7,233,6182,mean,0
voicemark,2,4507,7,233,6182,tct,0
voicemark,2,4507,7,233,63087,mean,0
voicemark,2,4507,7,233,63087,tct,0
voicemark,2,4507,7,233,64108,mean,0
voicemark,2,4507,7,233,64108,tct,0
voicemark,2,4507,7,233,48238,mean,0
voicemark,2,4507,7,233,48238,tct,0
voicemark,2,4970,4,234,11861,mean,0
voicemark,2,4970,4,234,11861,tct,0
voicemark,2,4970,4,234,43134,mean,0
voicemark,2,4970,4,234,43134,tct,0
voicemark,2,4970,4,234,34908,mean,0
voicemark,2,4970,4,234,34908,tct,0
voicemark,2,4970,4,234,16117,mean,0
voicemark,2,4970,4,234,16117,tct,0
voicemark,2,4970,4,234,11933,mean,0
voicemark,2,4970,4,234,11933,tct,0
voicemark,2,4970,4,234,3287,mean,0
voicemark,2,4970,4,234,3287,tct,0
voicemark,2,4970,4,234,11517,mean,0
voicemark,2,4970,4,234,11517,tct,0
voicemark,2,4970,4,234,2132,mean,0
voicemark,2,4970,4,234,2132,tct,0
voicemark,2,4970,4,234,10998,mean,0
voicemark,2,4970,4,234,10998,tct,0
voicemark,2,4970,4,234,44639,mean,0
voicemark,2,4970,4,234,44639,tct,0
voicemark,2,4970,5,235,16737,mean,0
voicemark,2,4970,5,235,16737,tct,0
voicemark,2,4970,5,235,20897,mean,0
voicemark,2,4970,5,235,20897,tct,0
voicemark,2,4970,5,235,801,mean,0
voicemark,2,4970,5,235,801,tct,0
voicemark,2,4970,5,235,23379,mean,0
voicemark,2,4970,5,235,23379,tct,0
voicemark,2,4970,5,235,979,mean,0
voicemark,2,4970,5,235,979,tct,0
voicemark,2,4970,5,235,5107,mean,0
voicemark,2,4970,5,235,5107,tct,0
voicemark,2,4970,5,235,16741,mean,0
voicemark,2,4970,5,235,16741,tct,0
voicemark,2,4970,5,235,35795,mean,0
voicemark,2,4970,5,235,35795,tct,0
voicemark,2,4970,5,235,17825,mean,0
voicemark,2,4970,5,235,17825,tct,0
voicemark,2,4970,5,235,18209,mean,0
voicemark,2,4970,5,235,18209,tct,0
voicemark,2,4970,6,236,64080,mean,0
voicemark,2,4970,6,236,64080,tct,0
voicemark,2,4970,6,236,39357,mean,0
voicemark,2,4970,6,236,39357,tct,0
voicemark,2,4970,6,236,47953,mean,0
voicemark,2,4970,6,236,47953,tct,0
voicemark,2,4970,6,236,47636,mean,0
voicemark,2,4970,6,236,47636,tct,0
voicemark,2,4970,6,236,14864,mean,0
voicemark,2,4970,6,236,14864,tct,0
voicemark,2,4970,6,236,48721,mean,0
voicemark,2,4970,6,236,48721,tct,0
voicemark,2,4970,6,236,49469,mean,0
voicemark,2,4970,6,236,49469,tct,0
voicemark,2,4970,6,236,33189,mean,0
voicemark,2,4970,6,236,33189,tct,0
voicemark,2,4970,6,236,55888,mean,0
voicemark,2,4970,6,236,55888,tct,0
voicemark,2,4970,6,236,47665,mean,0
voicemark,2,4970,6,236,47665,tct,0
voicemark,2,4970,7,237,53290,mean,0
voicemark,2,4970,7,237,53290,tct,0
voicemark,2,4970,7,237,50234,mean,0
voicemark,2,4970,7,237,50234,tct,0
voicemark,2,4970,7,237,54458,mean,0
voicemark,2,4970,7,237,54458,tct,0
voicemark,2,4970,7,237,59292,mean,0
voicemark,2,4970,7,237,59292,tct,0
voicemark,2,4970,7,237,53435,mean,0
voicemark,2,4970,7,237,53435,tct,0
voicemark,2,4970,7,237,58136,mean,0
voicemark,2,4970,7,237,58136,tct,0
voicemark,2,4970,7,237,62896,mean,0
voicemark,2,4970,7,237,62896,tct,0
voicemark,2,4970,7,237,58808,mean,0
voicemark,2,4970,7,237,58808,tct,0
voicemark,2,4970,7,237,59192,mean,0
voicemark,2,4970,7,237,59192,tct,0
voicemark,2,4970,7,237,51130,mean,0
voicemark,2,4970,7,237,51130,tct,0
voicemark,2,4992,4,238,343,mean,0
voicemark,2,4992,4,238,343,tct,0
voicemark,2,4992,4,238,16735,mean,0
voicemark,2,4992,4,238,16735,tct,0
voicemark,2,4992,4,238,19287,mean,0
voicemark,2,4992,4,238,19287,tct,0
voicemark,2,4992,4,238,28483,mean,0
voicemark,2,4992,4,238,28483,tct,0
voicemark,2,4992,4,238,18519,mean,0
voicemark,2,4992,4,238,18519,tct,0
voicemark,2,4992,4,238,2391,mean,0
voicemark,2,4992,4,238,2391,tct,0
voicemark,2,4992,4,238,16647,mean,0
voicemark,2,4992,4,238,16647,tct,0
voicemark,2,4992,4,238,32626,mean,0
voicemark,2,4992,4,238,32626,tct,0
voicemark,2,4992,4,238,20243,mean,0
voicemark,2,4992,4,238,20243,tct,0
voicemark,2,4992,4,238,27411,mean,0
voicemark,2,4992,4,238,27411,tct,0
voicemark,2,4992,5,239,9557,mean,0
voicemark,2,4992,5,239,9557,tct,0
voicemark,2,4992,5,239,59012,mean,0
voicemark,2,4992,5,239,59012,tct,0
voicemark,2,4992,5,239,62470,mean,0
voicemark,2,4992,5,239,62470,tct,0
voicemark,2,4992,5,239,42461,mean,0
voicemark,2,4992,5,239,42461,tct,0
voicemark,2,4992,5,239,63124,mean,0
voicemark,2,4992,5,239,63124,tct,0
voicemark,2,4992,5,239,30374,mean,0
voicemark,2,4992,5,239,30374,tct,0
voicemark,2,4992,5,239,63104,mean,0
voicemark,2,4992,5,239,63104,tct,0
voicemark,2,4992,5,239,42319,mean,0
voicemark,2,4992,5,239,42319,tct,0
voicemark,2,4992,5,239,46606,mean,0
voicemark,2,4992,5,239,46606,tct,0
voicemark,2,4992,5,239,30215,mean,0
voicemark,2,4992,5,239,30215,tct,0
voicemark,2,4992,6,240,57155,mean,0
voicemark,2,4992,6,240,57155,tct,0
voicemark,2,4992,6,240,19184,mean,0
voicemark,2,4992,6,240,19184,tct,0
voicemark,2,4992,6,240,59203,mean,0
voicemark,2,4992,6,240,59203,tct,0
voicemark,2,4992,6,240,32432,mean,0
voicemark,2,4992,6,240,32432,tct,0
voicemark,2,4992,6,240,30531,mean,0
voicemark,2,4992,6,240,30531,tct,0
voicemark,2,4992,6,240,22343,mean,0
voicemark,2,4992,6,240,22343,tct,0
voicemark,2,4992,6,240,54599,mean,0
voicemark,2,4992,6,240,54599,tct,0
voicemark,2,4992,6,240,54097,mean,0
voicemark,2,4992,6,240,54097,tct,0
voicemark,2,4992,6,240,50003,mean,0
voicemark,2,4992,6,240,50003,tct,0
voicemark,2,4992,6,240,26544,mean,0
voicemark,2,4992,6,240,26544,tct,0
voicemark,2,4992,7,241,24843,mean,0
voicemark,2,4992,7,241,24843,tct,0
voicemark,2,4992,7,241,24986,mean,0
voicemark,2,4992,7,241,24986,tct,0
voicemark,2,4992,7,241,16523,mean,0
voicemark,2,4992,7,241,16523,tct,0
voicemark,2,4992,7,241,24968,mean,0
voicemark,2,4992,7,241,24968,tct,0
voicemark,2,4992,7,241,26634,mean,0
voicemark,2,4992,7,241,26634,tct,0
voicemark,2,4992,7,241,25352,mean,0
voicemark,2,4992,7,241,25352,tct,0
voicemark,2,4992,7,241,25346,mean,0
voicemark,2,4992,7,241,25346,tct,0
voicemark,2,4992,7,241,27914,mean,0
voicemark,2,4992,7,241,27914,tct,0
voicemark,2,4992,7,241,25355,mean,0
voicemark,2,4992,7,241,25355,tct,0
voicemark,2,4992,7,241,28939,mean,0
voicemark,2,4992,7,241,28939,tct,0
voicemark,2,5105,4,242,62733,mean,0
voicemark,2,5105,4,242,62733,tct,0
voicemark,2,5105,4,242,41279,mean,0
voicemark,2,5105,4,242,41279,tct,0
voicemark,2,5105,4,242,30476,mean,0
voicemark,2,5105,4,242,30476,tct,0
voicemark,2,5105,4,242,9014,mean,0
voicemark,2,5105,4,242,9014,tct,0
voicemark,2,5105,4,242,24631,mean,0
voicemark,2,5105,4,242,24631,tct,0
voicemark,2,5105,4,242,12598,mean,0
voicemark,2,5105,4,242,12598,tct,0
voicemark,2,5105,4,242,43319,mean,0
voicemark,2,5105,4,242,43319,tct,0
voicemark,2,5105,4,242,30511,mean,0
voicemark,2,5105,4,242,30511,tct,0
voicemark,2,5105,4,242,439,mean,0
voicemark,2,5105,4,242,439,tct,0
voicemark,2,5105,4,242,12581,mean,0
voicemark,2,5105,4,242,12581,tct,0
voicemark,2,5105,5,243,31650,mean,0
voicemark,2,5105,5,243,31650,tct,0
voicemark,2,5105,5,243,27015,mean,0
voicemark,2,5105,5,243,27015,tct,0
voicemark,2,5105,5,243,16775,mean,0
voicemark,2,5105,5,243,16775,tct,0
voicemark,2,5105,5,243,18851,mean,0
voicemark,2,5105,5,243,18851,tct,0
voicemark,2,5105,5,243,55687,mean,0
voicemark,2,5105,5,243,55687,tct,0
voicemark,2,5105,5,243,22918,mean,0
voicemark,2,5105,5,243,22918,tct,0
voicemark,2,5105,5,243,27043,mean,0
voicemark,2,5105,5,243,27043,tct,0
voicemark,2,5105,5,243,17287,mean,0
voicemark,2,5105,5,243,17287,tct,0
voicemark,2,5105,5,243,2455,mean,0
voicemark,2,5105,5,243,2455,tct,0
voicemark,2,5105,5,243,16773,mean,0
voicemark,2,5105,5,243,16773,tct,0
voicemark,2,5105,6,244,27584,mean,0
voicemark,2,5105,6,244,27584,tct,0
voicemark,2,5105,6,244,60160,mean,0
voicemark,2,5105,6,244,60160,tct,0
voicemark,2,5105,6,244,43184,mean,0
voicemark,2,5105,6,244,43184,tct,0
voicemark,2,5105,6,244,60850,mean,0
voicemark,2,5105,6,244,60850,tct,0
voicemark,2,5105,6,244,35234,mean,0
voicemark,2,5105,6,244,35234,tct,0
voicemark,2,5105,6,244,31624,mean,0
voicemark,2,5105,6,244,31624,tct,0
voicemark,2,5105,6,244,43378,mean,0
voicemark,2,5105,6,244,43378,tct,0
voicemark,2,5105,6,244,27562,mean,0
voicemark,2,5105,6,244,27562,tct,0
voicemark,2,5105,6,244,25490,mean,0
voicemark,2,5105,6,244,25490,tct,0
voicemark,2,5105,6,244,43138,mean,0
voicemark,2,5105,6,244,43138,tct,0
voicemark,2,5105,7,245,5940,mean,0
voicemark,2,5105,7,245,5940,tct,0
voicemark,2,5105,7,245,1691,mean,0
voicemark,2,5105,7,245,1691,tct,0
voicemark,2,5105,7,245,22068,mean,0
voicemark,2,5105,7,245,22068,tct,0
voicemark,2,5105,7,245,1690,mean,0
voicemark,2,5105,7,245,1690,tct,0
voicemark,2,5105,7,245,5694,mean,0
voicemark,2,5105,7,245,5694,tct,0
voicemark,2,5105,7,245,1943,mean,0
voicemark,2,5105,7,245,1943,tct,0
voicemark,2,5105,7,245,1584,mean,0
voicemark,2,5105,7,245,1584,tct,0
voicemark,2,5105,7,245,5653,mean,0
voicemark,2,5105,7,245,5653,tct,0
voicemark,2,5105,7,245,5910,mean,0
voicemark,2,5105,7,245,5910,tct,0
voicemark,2,5105,7,245,6064,mean,0
voicemark,2,5105,7,245,6064,tct,0
voicemark,2,5142,4,246,32036,mean,0
voicemark,2,5142,4,246,32036,tct,0
voicemark,2,5142,4,246,56725,mean,0
voicemark,2,5142,4,246,56725,tct,0
voicemark,2,5142,4,246,31026,mean,0
voicemark,2,5142,4,246,31026,tct,0
voicemark,2,5142,4,246,50461,mean,0
voicemark,2,5142,4,246,50461,tct,0
voicemark,2,5142,4,246,32550,mean,0
voicemark,2,5142,4,246,32550,tct,0
voicemark,2,5142,4,246,21795,mean,0
voicemark,2,5142,4,246,21795,tct,0
voicemark,2,5142,4,246,32128,mean,0
voicemark,2,5142,4,246,32128,tct,0
voicemark,2,5142,4,246,54562,mean,0
voicemark,2,5142,4,246,54562,tct,0
voicemark,2,5142,4,246,23971,mean,0
voicemark,2,5142,4,246,23971,tct,0
voicemark,2,5142,4,246,64808,mean,0
voicemark,2,5142,4,246,64808,tct,0
voicemark,2,5142,5,247,27,mean,0
voicemark,2,5142,5,247,27,tct,0
voicemark,2,5142,5,247,658,mean,0
voicemark,2,5142,5,247,658,tct,0
voicemark,2,5142,5,247,32143,mean,0
voicemark,2,5142,5,247,32143,tct,0
voicemark,2,5142,5,247,21966,mean,0
voicemark,2,5142,5,247,21966,tct,0
voicemark,2,5142,5,247,25996,mean,0
voicemark,2,5142,5,247,25996,tct,0
voicemark,2,5142,5,247,13742,mean,0
voicemark,2,5142,5,247,13742,tct,0
voicemark,2,5142,5,247,33331,mean,0
voicemark,2,5142,5,247,33331,tct,0
voicemark,2,5142,5,247,1543,mean,0
voicemark,2,5142,5,247,1543,tct,0
voicemark,2,5142,5,247,17047,mean,0
voicemark,2,5142,5,247,17047,tct,0
voicemark,2,5142,5,247,22035,mean,0
voicemark,2,5142,5,247,22035,tct,0
voicemark,2,5142,6,248,13580,mean,0
voicemark,2,5142,6,248,13580,tct,0
voicemark,2,5142,6,248,62967,mean,0
voicemark,2,5142,6,248,62967,tct,0
voicemark,2,5142,6,248,46551,mean,0
voicemark,2,5142,6,248,46551,tct,0
voicemark,2,5142,6,248,46548,mean,0
voicemark,2,5142,6,248,46548,tct,0
voicemark,2,5142,6,248,9509,mean,0
voicemark,2,5142,6,248,9509,tct,0
voicemark,2,5142,6,248,13821,mean,0
voicemark,2,5142,6,248,13821,tct,0
voicemark,2,5142,6,248,62855,mean,0
voicemark,2,5142,6,248,62855,tct,0
voicemark,2,5142,6,248,30063,mean,0
voicemark,2,5142,6,248,30063,tct,0
voicemark,2,5142,6,248,8493,mean,0
voicemark,2,5142,6,248,8493,tct,0
voicemark,2,5142,6,248,13599,mean,0
voicemark,2,5142,6,248,13599,tct,0
voicemark,2,5142,7,249,63169,mean,0
voicemark,2,5142,7,249,63169,tct,0
voicemark,2,5142,7,249,50897,mean,0
voicemark,2,5142,7,249,50897,tct,0
voicemark,2,5142,7,249,51153,mean,0
voicemark,2,5142,7,249,51153,tct,0
voicemark,2,5142,7,249,26305,mean,0
voicemark,2,5142,7,249,26305,tct,0
voicemark,2,5142,7,249,18368,mean,0
voicemark,2,5142,7,249,18368,tct,0
voicemark,2,5142,7,249,12225,mean,0
voicemark,2,5142,7,249,12225,tct,0
voicemark,2,5142,7,249,62681,mean,0
voicemark,2,5142,7,249,62681,tct,0
voicemark,2,5142,7,249,19841,mean,0
voicemark,2,5142,7,249,19841,tct,0
voicemark,2,5142,7,249,63216,mean,0
voicemark,2,5142,7,249,63216,tct,0
voicemark,2,5142,7,249,65089,mean,0
voicemark,2,5142,7,249,65089,tct,0
voicemark,2,5639,4,250,20320,mean,0
voicemark,2,5639,4,250,20320,tct,0
voicemark,2,5639,4,250,26872,mean,0
voicemark,2,5639,4,250,26872,tct,0
voicemark,2,5639,4,250,18792,mean,0
voicemark,2,5639,4,250,18792,tct,0
voicemark,2,5639,4,250,27984,mean,0
voicemark,2,5639,4,250,27984,tct,0
voicemark,2,5639,4,250,18536,mean,1
voicemark,2,5639,4,250,18536,tct,1
voicemark,2,5639,4,250,59888,mean,0
voicemark,2,5639,4,250,59888,tct,0
voicemark,2,5639,4,250,17768,mean,0
voicemark,2,5639,4,250,17768,tct,0
voicemark,2,5639,4,250,63576,mean,0
voicemark,2,5639,4,250,63576,tct,0
voicemark,2,5639,4,250,64728,mean,0
voicemark,2,5639,4,250,64728,tct,0
voicemark,2,5639,4,250,51417,mean,0
voicemark,2,5639,4,250,51417,tct,0
voicemark,2,5639,5,251,49271,mean,0
voicemark,2,5639,5,251,49271,tct,0
voicemark,2,5639,5,251,50487,mean,0
voicemark,2,5639,5,251,50487,tct,0
voicemark,2,5639,5,251,50547,mean,0
voicemark,2,5639,5,251,50547,tct,0
voicemark,2,5639,5,251,49767,mean,0
voicemark,2,5639,5,251,49767,tct,0
voicemark,2,5639,5,251,38161,mean,0
voicemark,2,5639,5,251,38161,tct,0
voicemark,2,5639,5,251,50527,mean,0
voicemark,2,5639,5,251,50527,tct,0
voicemark,2,5639,5,251,34927,mean,0
voicemark,2,5639,5,251,34927,tct,0
voicemark,2,5639,5,251,50323,mean,0
voicemark,2,5639,5,251,50323,tct,0
voicemark,2,5639,5,251,53263,mean,0
voicemark,2,5639,5,251,53263,tct,0
voicemark,2,5639,5,251,51299,mean,0
voicemark,2,5639,5,251,51299,tct,0
voicemark,2,5639,6,252,25913,mean,0
voicemark,2,5639,6,252,25913,tct,0
voicemark,2,5639,6,252,9277,mean,0
voicemark,2,5639,6,252,9277,tct,0
voicemark,2,5639,6,252,25777,mean,0
voicemark,2,5639,6,252,25777,tct,0
voicemark,2,5639,6,252,24761,mean,0
voicemark,2,5639,6,252,24761,tct,0
voicemark,2,5639,6,252,439,mean,0
voicemark,2,5639,6,252,439,tct,0
voicemark,2,5639,6,252,27697,mean,0
voicemark,2,5639,6,252,27697,tct,0
voicemark,2,5639,6,252,50233,mean,0
voicemark,2,5639,6,252,50233,tct,0
voicemark,2,5639,6,252,19513,mean,0
voicemark,2,5639,6,252,19513,tct,0
voicemark,2,5639,6,252,32934,mean,0
voicemark,2,5639,6,252,32934,tct,0
voicemark,2,5639,6,252,25896,mean,0
voicemark,2,5639,6,252,25896,tct,0
voicemark,2,5639,7,253,36558,mean,0
voicemark,2,5639,7,253,36558,tct,0
voicemark,2,5639,7,253,2883,mean,0
voicemark,2,5639,7,253,2883,tct,0
voicemark,2,5639,7,253,19275,mean,0
voicemark,2,5639,7,253,19275,tct,0
voicemark,2,5639,7,253,56259,mean,0
voicemark,2,5639,7,253,56259,tct,0
voicemark,2,5639,7,253,52034,mean,0
voicemark,2,5639,7,253,52034,tct,0
voicemark,2,5639,7,253,7106,mean,0
voicemark,2,5639,7,253,7106,tct,0
voicemark,2,5639,7,253,39875,mean,0
voicemark,2,5639,7,253,39875,tct,0
voicemark,2,5639,7,253,56003,mean,0
voicemark,2,5639,7,253,56003,tct,0
voicemark,2,5639,7,253,51791,mean,0
voicemark,2,5639,7,253,51791,tct,0
voicemark,2,5639,7,253,35533,mean,0
voicemark,2,5639,7,253,35533,tct,0
voicemark,2,5683,4,254,16552,mean,0
voicemark,2,5683,4,254,16552,tct,0
voicemark,2,5683,4,254,21752,mean,0
voicemark,2,5683,4,254,21752,tct,0
voicemark,2,5683,4,254,22696,mean,0
voicemark,2,5683,4,254,22696,tct,0
voicemark,2,5683,4,254,45308,mean,0
voicemark,2,5683,4,254,45308,tct,0
voicemark,2,5683,4,254,44156,mean,0
voicemark,2,5683,4,254,44156,tct,0
voicemark,2,5683,4,254,44540,mean,0
voicemark,2,5683,4,254,44540,tct,0
voicemark,2,5683,4,254,29866,mean,0
voicemark,2,5683,4,254,29866,tct,0
voicemark,2,5683,4,254,30972,mean,0
voicemark,2,5683,4,254,30972,tct,0
voicemark,2,5683,4,254,18684,mean,0
voicemark,2,5683,4,254,18684,tct,0
voicemark,2,5683,4,254,44204,mean,0
voicemark,2,5683,4,254,44204,tct,0
voicemark,2,5683,5,255,20437,mean,0
voicemark,2,5683,5,255,20437,tct,0
voicemark,2,5683,5,255,19921,mean,0
voicemark,2,5683,5,255,19921,tct,0
voicemark,2,5683,5,255,6452,mean,0
voicemark,2,5683,5,255,6452,tct,0
voicemark,2,5683,5,255,5558,mean,0
voicemark,2,5683,5,255,5558,tct,0
voicemark,2,5683,5,255,17749,mean,0
voicemark,2,5683,5,255,17749,tct,0
voicemark,2,5683,5,255,3543,mean,0
voicemark,2,5683,5,255,3543,tct,0
voicemark,2,5683,5,255,19935,mean,0
voicemark,2,5683,5,255,19935,tct,0
voicemark,2,5683,5,255,6438,mean,0
voicemark,2,5683,5,255,6438,tct,0
voicemark,2,5683,5,255,19781,mean,0
voicemark,2,5683,5,255,19781,tct,0
voicemark,2,5683,5,255,4391,mean,0
voicemark,2,5683,5,255,4391,tct,0
voicemark,2,5683,6,256,43690,mean,0
voicemark,2,5683,6,256,43690,tct,0
voicemark,2,5683,6,256,40618,mean,0
voicemark,2,5683,6,256,40618,tct,0
voicemark,2,5683,6,256,48491,mean,0
voicemark,2,5683,6,256,48491,tct,0
voicemark,2,5683,6,256,39467,mean,0
voicemark,2,5683,6,256,39467,tct,0
voicemark,2,5683,6,256,48170,mean,0
voicemark,2,5683,6,256,48170,tct,0
voicemark,2,5683,6,256,40363,mean,0
voicemark,2,5683,6,256,40363,tct,0
voicemark,2,5683,6,256,38947,mean,0
voicemark,2,5683,6,256,38947,tct,0
voicemark,2,5683,6,256,47776,mean,0
voicemark,2,5683,6,256,47776,tct,0
voicemark,2,5683,6,256,44714,mean,0
voicemark,2,5683,6,256,44714,tct,0
voicemark,2,5683,6,256,56683,mean,0
voicemark,2,5683,6,256,56683,tct,0
voicemark,2,5683,7,257,17931,mean,0
voicemark,2,5683,7,257,17931,tct,0
voicemark,2,5683,7,257,17939,mean,0
voicemark,2,5683,7,257,17939,tct,0
voicemark,2,5683,7,257,34564,mean,0
voicemark,2,5683,7,257,34564,tct,0
voicemark,2,5683,7,257,17943,mean,0
voicemark,2,5683,7,257,17943,tct,0
voicemark,2,5683,7,257,20035,mean,0
voicemark,2,5683,7,257,20035,tct,0
voicemark,2,5683,7,257,38148,mean,0
voicemark,2,5683,7,257,38148,tct,0
voicemark,2,5683,7,257,34593,mean,0
voicemark,2,5683,7,257,34593,tct,0
voicemark,2,5683,7,257,55105,mean,0
voicemark,2,5683,7,257,55105,tct,0
voicemark,2,5683,7,257,4611,mean,0
voicemark,2,5683,7,257,4611,tct,0
voicemark,2,5683,7,257,50817,mean,0
voicemark,2,5683,7,257,50817,tct,0
voicemark,2,6829,4,258,47628,mean,0
voicemark,2,6829,4,258,47628,tct,0
voicemark,2,6829,4,258,46806,mean,0
voicemark,2,6829,4,258,46806,tct,0
voicemark,2,6829,4,258,32478,mean,0
voicemark,2,6829,4,258,32478,tct,0
voicemark,2,6829,4,258,45710,mean,0
voicemark,2,6829,4,258,45710,tct,0
voicemark,2,6829,4,258,31382,mean,0
voicemark,2,6829,4,258,31382,tct,0
voicemark,2,6829,4,258,63116,mean,0
voicemark,2,6829,4,258,63116,tct,0
voicemark,2,6829,4,258,12942,mean,0
voicemark,2,6829,4,258,12942,tct,0
voicemark,2,6829,4,258,32476,mean,0
voicemark,2,6829,4,258,32476,tct,0
voicemark,2,6829,4,258,48014,mean,0
voicemark,2,6829,4,258,48014,tct,0
voicemark,2,6829,4,258,30452,mean,0
voicemark,2,6829,4,258,30452,tct,0
voicemark,2,6829,5,259,40407,mean,0
voicemark,2,6829,5,259,40407,tct,0
voicemark,2,6829,5,259,27097,mean,0
voicemark,2,6829,5,259,27097,tct,0
voicemark,2,6829,5,259,28113,mean,0
voicemark,2,6829,5,259,28113,tct,0
voicemark,2,6829,5,259,48603,mean,0
voicemark,2,6829,5,259,48603,tct,0
voicemark,2,6829,5,259,37343,mean,0
voicemark,2,6829,5,259,37343,tct,0
voicemark,2,6829,5,259,27984,mean,0
voicemark,2,6829,5,259,27984,tct,0
voicemark,2,6829,5,259,40286,mean,0
voicemark,2,6829,5,259,40286,tct,0
voicemark,2,6829,5,259,48639,mean,0
voicemark,2,6829,5,259,48639,tct,0
voicemark,2,6829,5,259,7631,mean,0
voicemark,2,6829,5,259,7631,tct,0
voicemark,2,6829,5,259,7391,mean,0
voicemark,2,6829,5,259,7391,tct,0
voicemark,2,6829,6,260,29384,mean,0
voicemark,2,6829,6,260,29384,tct,0
voicemark,2,6829,6,260,25800,mean,0
voicemark,2,6829,6,260,25800,tct,0
voicemark,2,6829,6,260,8266,mean,0
voicemark,2,6829,6,260,8266,tct,0
voicemark,2,6829,6,260,13896,mean,0
voicemark,2,6829,6,260,13896,tct,0
voicemark,2,6829,6,260,31944,mean,0
voicemark,2,6829,6,260,31944,tct,0
voicemark,2,6829,6,260,29256,mean,0
voicemark,2,6829,6,260,29256,tct,0
voicemark,2,6829,6,260,13384,mean,0
voicemark,2,6829,6,260,13384,tct,0
voicemark,2,6829,6,260,28750,mean,0
voicemark,2,6829,6,260,28750,tct,0
voicemark,2,6829,6,260,12872,mean,0
voicemark,2,6829,6,260,12872,tct,0
voicemark,2,6829,6,260,26694,mean,0
voicemark,2,6829,6,260,26694,tct,0
voicemark,2,6829,7,261,64006,mean,0
voicemark,2,6829,7,261,64006,tct,0
voicemark,2,6829,7,261,17609,mean,0
voicemark,2,6829,7,261,17609,tct,0
voicemark,2,6829,7,261,17640,mean,0
voicemark,2,6829,7,261,17640,tct,0
voicemark,2,6829,7,261,19689,mean,0
voicemark,2,6829,7,261,19689,tct,0
voicemark,2,6829,7,261,63488,mean,0
voicemark,2,6829,7,261,63488,tct,0
voicemark,2,6829,7,261,17549,mean,0
voicemark,2,6829,7,261,17549,tct,0
voicemark,2,6829,7,261,63522,mean,0
voicemark,2,6829,7,261,63522,tct,0
voicemark,2,6829,7,261,47106,mean,0
voicemark,2,6829,7,261,47106,tct,0
voicemark,2,6829,7,261,55906,mean,0
voicemark,2,6829,7,261,55906,tct,0
voicemark,2,6829,7,261,61966,mean,0
voicemark,2,6829,7,261,61966,tct,0
voicemark,2,6930,4,262,6857,mean,0
voicemark,2,6930,4,262,6857,tct,0
voicemark,2,6930,4,262,39113,mean,0
voicemark,2,6930,4,262,39113,tct,0
voicemark,2,6930,4,262,4296,mean,0
voicemark,2,6930,4,262,4296,tct,0
voicemark,2,6930,4,262,6348,mean,0
voicemark,2,6930,4,262,6348,tct,0
voicemark,2,6930,4,262,29214,mean,0
voicemark,2,6930,4,262,29214,tct,0
voicemark,2,6930,4,262,14142,mean,0
voicemark,2,6930,4,262,14142,tct,0
voicemark,2,6930,4,262,8758,mean,0
voicemark,2,6930,4,262,8758,tct,0
voicemark,2,6930,4,262,4328,mean,0
voicemark,2,6930,4,262,4328,tct,0
voicemark,2,6930,4,262,6860,mean,0
voicemark,2,6930,4,262,6860,tct,0
voicemark,2,6930,4,262,14425,mean,0
voicemark,2,6930,4,262,14425,tct,0
voicemark,2,6930,5,263,31768,mean,0
voicemark,2,6930,5,263,31768,tct,0
voicemark,2,6930,5,263,32284,mean,0
voicemark,2,6930,5,263,32284,tct,0
voicemark,2,6930,5,263,18270,mean,0
voicemark,2,6930,5,263,18270,tct,0
voicemark,2,6930,5,263,17492,mean,0
voicemark,2,6930,5,263,17492,tct,0
voicemark,2,6930,5,263,28176,mean,0
voicemark,2,6930,5,263,28176,tct,0
voicemark,2,6930,5,263,17490,mean,0
voicemark,2,6930,5,263,17490,tct,0
voicemark,2,6930,5,263,17622,mean,0
voicemark,2,6930,5,263,17622,tct,0
voicemark,2,6930,5,263,17730,mean,0
voicemark,2,6930,5,263,17730,tct,0
voicemark,2,6930,5,263,23064,mean,0
voicemark,2,6930,5,263,23064,tct,0
voicemark,2,6930,5,263,32313,mean,0
voicemark,2,6930,5,263,32313,tct,0
voicemark,2,6930,6,264,34567,mean,0
voicemark,2,6930,6,264,34567,tct,0
voicemark,2,6930,6,264,19719,mean,0
voicemark,2,6930,6,264,19719,tct,0
voicemark,2,6930,6,264,37998,mean,0
voicemark,2,6930,6,264,37998,tct,0
voicemark,2,6930,6,264,39990,mean,0
voicemark,2,6930,6,264,39990,tct,0
voicemark,2,6930,6,264,38438,mean,0
voicemark,2,6930,6,264,38438,tct,0
voicemark,2,6930,6,264,55055,mean,0
voicemark,2,6930,6,264,55055,tct,0
voicemark,2,6930,6,264,5383,mean,0
voicemark,2,6930,6,264,5383,tct,0
voicemark,2,6930,6,264,52743,mean,0
voicemark,2,6930,6,264,52743,tct,0
voicemark,2,6930,6,264,22319,mean,0
voicemark,2,6930,6,264,22319,tct,0
voicemark,2,6930,6,264,40718,mean,0
voicemark,2,6930,6,264,40718,tct,0
voicemark,2,6930,7,265,19781,mean,0
voicemark,2,6930,7,265,19781,tct,0
voicemark,2,6930,7,265,32077,mean,0
voicemark,2,6930,7,265,32077,tct,0
voicemark,2,6930,7,265,64807,mean,0
voicemark,2,6930,7,265,64807,tct,0
voicemark,2,6930,7,265,32173,mean,0
voicemark,2,6930,7,265,32173,tct,0
voicemark,2,6930,7,265,31021,mean,0
voicemark,2,6930,7,265,31021,tct,0
voicemark,2,6930,7,265,64621,mean,0
voicemark,2,6930,7,265,64621,tct,0
voicemark,2,6930,7,265,27925,mean,0
voicemark,2,6930,7,265,27925,tct,0
voicemark,2,6930,7,265,19717,mean,0
voicemark,2,6930,7,265,19717,tct,0
voicemark,2,6930,7,265,27977,mean,0
voicemark,2,6930,7,265,27977,tct,0
voicemark,2,6930,7,265,27461,mean,0
voicemark,2,6930,7,265,27461,tct,0
voicemark,2,7021,4,266,25524,mean,0
voicemark,2,7021,4,266,25524,tct,0
voicemark,2,7021,4,266,26533,mean,0
voicemark,2,7021,4,266,26533,tct,0
voicemark,2,7021,4,266,15522,mean,0
voicemark,2,7021,4,266,15522,tct,0
voicemark,2,7021,4,266,25478,mean,0
voicemark,2,7021,4,266,25478,tct,0
voicemark,2,7021,4,266,13699,mean,0
voicemark,2,7021,4,266,13699,tct,0
voicemark,2,7021,4,266,15531,mean,0
voicemark,2,7021,4,266,15531,tct,0
voicemark,2,7021,4,266,17312,mean,0
voicemark,2,7021,4,266,17312,tct,0
voicemark,2,7021,4,266,25376,mean,0
voicemark,2,7021,4,266,25376,tct,0
voicemark,2,7021,4,266,58292,mean,0
voicemark,2,7021,4,266,58292,tct,0
voicemark,2,7021,4,266,31878,mean,0
voicemark,2,7021,4,266,31878,tct,0
voicemark,2,7021,5,267,1154,mean,0
voicemark,2,7021,5,267,1154,tct,0
voicemark,2,7021,5,267,1686,mean,0
voicemark,2,7021,5,267,1686,tct,0
voicemark,2,7021,5,267,46238,mean,0
voicemark,2,7021,5,267,46238,tct,0
voicemark,2,7021,5,267,62494,mean,0
voicemark,2,7021,5,267,62494,tct,0
voicemark,2,7021,5,267,46174,mean,0
voicemark,2,7021,5,267,46174,tct,0
voicemark,2,7021,5,267,12319,mean,0
voicemark,2,7021,5,267,12319,tct,0
voicemark,2,7021,5,267,40988,mean,0
voicemark,2,7021,5,267,40988,tct,0
voicemark,2,7021,5,267,1683,mean,0
voicemark,2,7021,5,267,1683,tct,0
voicemark,2,7021,5,267,12306,mean,0
voicemark,2,7021,5,267,12306,tct,0
voicemark,2,7021,5,267,12294,mean,0
voicemark,2,7021,5,267,12294,tct,0
voicemark,2,7021,6,268,58356,mean,0
voicemark,2,7021,6,268,58356,tct,0
voicemark,2,7021,6,268,27516,mean,0
voicemark,2,7021,6,268,27516,tct,0
voicemark,2,7021,6,268,52852,mean,0
voicemark,2,7021,6,268,52852,tct,0
voicemark,2,7021,6,268,18428,mean,0
voicemark,2,7021,6,268,18428,tct,0
voicemark,2,7021,6,268,49788,mean,0
voicemark,2,7021,6,268,49788,tct,0
voicemark,2,7021,6,268,58108,mean,0
voicemark,2,7021,6,268,58108,tct,0
voicemark,2,7021,6,268,28541,mean,0
voicemark,2,7021,6,268,28541,tct,0
voicemark,2,7021,6,268,27900,mean,0
voicemark,2,7021,6,268,27900,tct,0
voicemark,2,7021,6,268,49892,mean,0
voicemark,2,7021,6,268,49892,tct,0
voicemark,2,7021,6,268,11884,mean,0
voicemark,2,7021,6,268,11884,tct,0
voicemark,2,7021,7,269,373,mean,0
voicemark,2,7021,7,269,373,tct,0
voicemark,2,7021,7,269,8501,mean,0
voicemark,2,7021,7,269,8501,tct,0
voicemark,2,7021,7,269,305,mean,0
voicemark,2,7021,7,269,305,tct,0
voicemark,2,7021,7,269,32033,mean,0
voicemark,2,7021,7,269,32033,tct,0
voicemark,2,7021,7,269,1461,mean,0
voicemark,2,7021,7,269,1461,tct,0
voicemark,2,7021,7,269,28145,mean,0
voicemark,2,7021,7,269,28145,tct,0
voicemark,2,7021,7,269,30145,mean,0
voicemark,2,7021,7,269,30145,tct,0
voicemark,2,7021,7,269,16661,mean,0
voicemark,2,7021,7,269,16661,tct,0
voicemark,2,7021,7,269,14645,mean,0
voicemark,2,7021,7,269,14645,tct,0
voicemark,2,7021,7,269,20853,mean,0
voicemark,2,7021,7,269,20853,tct,0
voicemark,2,7127,4,270,37373,mean,0
voicemark,2,7127,4,270,37373,tct,0
voicemark,2,7127,4,270,33244,mean,0
voicemark,2,7127,4,270,33244,tct,0
voicemark,2,7127,4,270,33181,mean,0
voicemark,2,7127,4,270,33181,tct,0
voicemark,2,7127,4,270,16440,mean,0
voicemark,2,7127,4,270,16440,tct,0
voicemark,2,7127,4,270,57403,mean,0
voicemark,2,7127,4,270,57403,tct,0
voicemark,2,7127,4,270,49304,mean,0
voicemark,2,7127,4,270,49304,tct,0
voicemark,2,7127,4,270,5085,mean,0
voicemark,2,7127,4,270,5085,tct,0
voicemark,2,7127,4,270,32952,mean,0
voicemark,2,7127,4,270,32952,tct,0
voicemark,2,7127,4,270,49432,mean,0
voicemark,2,7127,4,270,49432,tct,0
voicemark,2,7127,4,270,61820,mean,0
voicemark,2,7127,4,270,61820,tct,0
voicemark,2,7127,5,271,22296,mean,0
voicemark,2,7127,5,271,22296,tct,0
voicemark,2,7127,5,271,7966,mean,0
voicemark,2,7127,5,271,7966,tct,0
voicemark,2,7127,5,271,7432,mean,0
voicemark,2,7127,5,271,7432,tct,0
voicemark,2,7127,5,271,32274,mean,0
voicemark,2,7127,5,271,32274,tct,0
voicemark,2,7127,5,271,3856,mean,0
voicemark,2,7127,5,271,3856,tct,0
voicemark,2,7127,5,271,31522,mean,0
voicemark,2,7127,5,271,31522,tct,0
voicemark,2,7127,5,271,29442,mean,0
voicemark,2,7127,5,271,29442,tct,0
voicemark,2,7127,5,271,24360,mean,0
voicemark,2,7127,5,271,24360,tct,0
voicemark,2,7127,5,271,24074,mean,0
voicemark,2,7127,5,271,24074,tct,0
voicemark,2,7127,5,271,15634,mean,0
voicemark,2,7127,5,271,15634,tct,0
voicemark,2,7127,6,272,51580,mean,0
voicemark,2,7127,6,272,51580,tct,0
voicemark,2,7127,6,272,60788,mean,0
voicemark,2,7127,6,272,60788,tct,0
voicemark,2,7127,6,272,59752,mean,0
voicemark,2,7127,6,272,59752,tct,0
voicemark,2,7127,6,272,57392,mean,0
voicemark,2,7127,6,272,57392,tct,0
voicemark,2,7127,6,272,59688,mean,0
voicemark,2,7127,6,272,59688,tct,0
voicemark,2,7127,6,272,51324,mean,0
voicemark,2,7127,6,272,51324,tct,0
voicemark,2,7127,6,272,43516,mean,0
voicemark,2,7127,6,272,43516,tct,0
voicemark,2,7127,6,272,59484,mean,0
voicemark,2,7127,6,272,59484,tct,0
voicemark,2,7127,6,272,50344,mean,0
voicemark,2,7127,6,272,50344,tct,0
voicemark,2,7127,6,272,57784,mean,0
voicemark,2,7127,6,272,57784,tct,0
voicemark,2,7127,7,273,30436,mean,0
voicemark,2,7127,7,273,30436,tct,0
voicemark,2,7127,7,273,30276,mean,0
voicemark,2,7127,7,273,30276,tct,0
voicemark,2,7127,7,273,22245,mean,0
voicemark,2,7127,7,273,22245,tct,0
voicemark,2,7127,7,273,22240,mean,0
voicemark,2,7127,7,273,22240,tct,0
voicemark,2,7127,7,273,22114,mean,0
voicemark,2,7127,7,273,22114,tct,0
voicemark,2,7127,7,273,14260,mean,0
voicemark,2,7127,7,273,14260,tct,0
voicemark,2,7127,7,273,20996,mean,0
voicemark,2,7127,7,273,20996,tct,0
voicemark,2,7127,7,273,22228,mean,0
voicemark,2,7127,7,273,22228,tct,0
voicemark,2,7127,7,273,14100,mean,0
voicemark,2,7127,7,273,14100,tct,0
voicemark,2,7127,7,273,29652,mean,0
voicemark,2,7127,7,273,29652,tct,0
voicemark,2,7176,4,274,5159,mean,0
voicemark,2,7176,4,274,5159,tct,0
voicemark,2,7176,4,274,15738,mean,0
voicemark,2,7176,4,274,15738,tct,0
voicemark,2,7176,4,274,5478,mean,0
voicemark,2,7176,4,274,5478,tct,0
voicemark,2,7176,4,274,15724,mean,0
voicemark,2,7176,4,274,15724,tct,0
voicemark,2,7176,4,274,1327,mean,0
voicemark,2,7176,4,274,1327,tct,0
voicemark,2,7176,4,274,38182,mean,0
voicemark,2,7176,4,274,38182,tct,0
voicemark,2,7176,4,274,5287,mean,0
voicemark,2,7176,4,274,5287,tct,0
voicemark,2,7176,4,274,15484,mean,0
voicemark,2,7176,4,274,15484,tct,0
voicemark,2,7176,4,274,15866,mean,0
voicemark,2,7176,4,274,15866,tct,0
voicemark,2,7176,4,274,47486,mean,0
voicemark,2,7176,4,274,47486,tct,0
voicemark,2,7176,5,275,24459,mean,0
voicemark,2,7176,5,275,24459,tct,0
voicemark,2,7176,5,275,22282,mean,0
voicemark,2,7176,5,275,22282,tct,0
voicemark,2,7176,5,275,10104,mean,0
voicemark,2,7176,5,275,10104,tct,0
voicemark,2,7176,5,275,10216,mean,0
voicemark,2,7176,5,275,10216,tct,0
voicemark,2,7176,5,275,9016,mean,0
voicemark,2,7176,5,275,9016,tct,0
voicemark,2,7176,5,275,9081,mean,0
voicemark,2,7176,5,275,9081,tct,0
voicemark,2,7176,5,275,32539,mean,0
voicemark,2,7176,5,275,32539,tct,0
voicemark,2,7176,5,275,10080,mean,0
voicemark,2,7176,5,275,10080,tct,0
voicemark,2,7176,5,275,56843,mean,0
voicemark,2,7176,5,275,56843,tct,0
voicemark,2,7176,5,275,12043,mean,0
voicemark,2,7176,5,275,12043,tct,0
voicemark,2,7176,6,276,31242,mean,0
voicemark,2,7176,6,276,31242,tct,0
voicemark,2,7176,6,276,31016,mean,0
voicemark,2,7176,6,276,31016,tct,0
voicemark,2,7176,6,276,15147,mean,0
voicemark,2,7176,6,276,15147,tct,0
voicemark,2,7176,6,276,30722,mean,0
voicemark,2,7176,6,276,30722,tct,0
voicemark,2,7176,6,276,64296,mean,0
voicemark,2,7176,6,276,64296,tct,0
voicemark,2,7176,6,276,22574,mean,0
voicemark,2,7176,6,276,22574,tct,0
voicemark,2,7176,6,276,27432,mean,0
voicemark,2,7176,6,276,27432,tct,0
voicemark,2,7176,6,276,31750,mean,0
voicemark,2,7176,6,276,31750,tct,0
voicemark,2,7176,6,276,63494,mean,0
voicemark,2,7176,6,276,63494,tct,0
voicemark,2,7176,6,276,15142,mean,0
voicemark,2,7176,6,276,15142,tct,0
voicemark,2,7176,7,277,7144,mean,0
voicemark,2,7176,7,277,7144,tct,0
voicemark,2,7176,7,277,40681,mean,0
voicemark,2,7176,7,277,40681,tct,0
voicemark,2,7176,7,277,39673,mean,0
voicemark,2,7176,7,277,39673,tct,0
voicemark,2,7176,7,277,7163,mean,0
voicemark,2,7176,7,277,7163,tct,0
voicemark,2,7176,7,277,39912,mean,0
voicemark,2,7176,7,277,39912,tct,0
voicemark,2,7176,7,277,40952,mean,0
voicemark,2,7176,7,277,40952,tct,0
voicemark,2,7176,7,277,39915,mean,0
voicemark,2,7176,7,277,39915,tct,0
voicemark,2,7176,7,277,2795,mean,0
voicemark,2,7176,7,277,2795,tct,0
voicemark,2,7176,7,277,40425,mean,0
voicemark,2,7176,7,277,40425,tct,0
voicemark,2,7176,7,277,36570,mean,0
voicemark,2,7176,7,277,36570,tct,0
voicemark,2,7729,4,278,18473,mean,0
voicemark,2,7729,4,278,18473,tct,0
voicemark,2,7729,4,278,42409,mean,0
voicemark,2,7729,4,278,42409,tct,0
voicemark,2,7729,4,278,52009,mean,0
voicemark,2,7729,4,278,52009,tct,0
voicemark,2,7729,4,278,2089,mean,0
voicemark,2,7729,4,278,2089,tct,0
voicemark,2,7729,4,278,2345,mean,0
voicemark,2,7729,4,278,2345,tct,0
voicemark,2,7729,4,278,8873,mean,0
voicemark,2,7729,4,278,8873,tct,0
voicemark,2,7729,4,278,25385,mean,0
voicemark,2,7729,4,278,25385,tct,0
voicemark,2,7729,4,278,51769,mean,0
voicemark,2,7729,4,278,51769,tct,0
voicemark,2,7729,4,278,33185,mean,0
voicemark,2,7729,4,278,33185,tct,0
voicemark,2,7729,4,278,41448,mean,0
voicemark,2,7729,4,278,41448,tct,0
voicemark,2,7729,5,279,9498,mean,0
voicemark,2,7729,5,279,9498,tct,0
voicemark,2,7729,5,279,13818,mean,0
voicemark,2,7729,5,279,13818,tct,0
voicemark,2,7729,5,279,41492,mean,0
voicemark,2,7729,5,279,41492,tct,0
voicemark,2,7729,5,279,598,mean,0
voicemark,2,7729,5,279,598,tct,0
voicemark,2,7729,5,279,26106,mean,0
voicemark,2,7729,5,279,26106,tct,0
voicemark,2,7729,5,279,9756,mean,0
voicemark,2,7729,5,279,9756,tct,0
voicemark,2,7729,5,279,8564,mean,0
voicemark,2,7729,5,279,8564,tct,0
voicemark,2,7729,5,279,8376,mean,0
voicemark,2,7729,5,279,8376,tct,0
voicemark,2,7729,5,279,8884,mean,0
voicemark,2,7729,5,279,8884,tct,0
voicemark,2,7729,5,279,10132,mean,0
voicemark,2,7729,5,279,10132,tct,0
voicemark,2,7729,6,280,30150,mean,0
voicemark,2,7729,6,280,30150,tct,0
voicemark,2,7729,6,280,48323,mean,0
voicemark,2,7729,6,280,48323,tct,0
voicemark,2,7729,6,280,13537,mean,0
voicemark,2,7729,6,280,13537,tct,0
voicemark,2,7729,6,280,48365,mean,0
voicemark,2,7729,6,280,48365,tct,0
voicemark,2,7729,6,280,15521,mean,0
voicemark,2,7729,6,280,15521,tct,0
voicemark,2,7729,6,280,13766,mean,0
voicemark,2,7729,6,280,13766,tct,0
voicemark,2,7729,6,280,28770,mean,0
voicemark,2,7729,6,280,28770,tct,0
voicemark,2,7729,6,280,28993,mean,0
voicemark,2,7729,6,280,28993,tct,0
voicemark,2,7729,6,280,47299,mean,0
voicemark,2,7729,6,280,47299,tct,0
voicemark,2,7729,6,280,31172,mean,0
voicemark,2,7729,6,280,31172,tct,0
voicemark,2,7729,7,281,41915,mean,0
voicemark,2,7729,7,281,41915,tct,0
voicemark,2,7729,7,281,13627,mean,0
voicemark,2,7729,7,281,13627,tct,0
voicemark,2,7729,7,281,44858,mean,0
voicemark,2,7729,7,281,44858,tct,0
voicemark,2,7729,7,281,12983,mean,0
voicemark,2,7729,7,281,12983,tct,0
voicemark,2,7729,7,281,4787,mean,0
voicemark,2,7729,7,281,4787,tct,0
voicemark,2,7729,7,281,58650,mean,0
voicemark,2,7729,7,281,58650,tct,0
voicemark,2,7729,7,281,41971,mean,0
voicemark,2,7729,7,281,41971,tct,0
voicemark,2,7729,7,281,41019,mean,0
voicemark,2,7729,7,281,41019,tct,0
voicemark,2,7729,7,281,8625,mean,0
voicemark,2,7729,7,281,8625,tct,0
voicemark,2,7729,7,281,46450,mean,0
voicemark,2,7729,7,281,46450,tct,0
voicemark,2,8224,4,282,62065,mean,0
voicemark,2,8224,4,282,62065,tct,0
voicemark,2,8224,4,282,31593,mean,0
voicemark,2,8224,4,282,31593,tct,0
voicemark,2,8224,4,282,31573,mean,0
voicemark,2,8224,4,282,31573,tct,0
voicemark,2,8224,4,282,29529,mean,0
voicemark,2,8224,4,282,29529,tct,0
voicemark,2,8224,4,282,31533,mean,0
voicemark,2,8224,4,282,31533,tct,0
voicemark,2,8224,4,282,31580,mean,0
voicemark,2,8224,4,282,31580,tct,0
voicemark,2,8224,4,282,12881,mean,0
voicemark,2,8224,4,282,12881,tct,0
voicemark,2,8224,4,282,15309,mean,0
voicemark,2,8224,4,282,15309,tct,0
voicemark,2,8224,4,282,31055,mean,0
voicemark,2,8224,4,282,31055,tct,0
voicemark,2,8224,4,282,30323,mean,0
voicemark,2,8224,4,282,30323,tct,0
voicemark,2,8224,5,283,56915,mean,0
voicemark,2,8224,5,283,56915,tct,0
voicemark,2,8224,5,283,57175,mean,0
voicemark,2,8224,5,283,57175,tct,0
voicemark,2,8224,5,283,40915,mean,0
voicemark,2,8224,5,283,40915,tct,0
voicemark,2,8224,5,283,37683,mean,0
voicemark,2,8224,5,283,37683,tct,0
voicemark,2,8224,5,283,37659,mean,0
voicemark,2,8224,5,283,37659,tct,0
voicemark,2,8224,5,283,40731,mean,0
voicemark,2,8224,5,283,40731,tct,0
voicemark,2,8224,5,283,56123,mean,0
voicemark,2,8224,5,283,56123,tct,0
voicemark,2,8224,5,283,39731,mean,0
voicemark,2,8224,5,283,39731,tct,0
voicemark,2,8224,5,283,56307,mean,0
voicemark,2,8224,5,283,56307,tct,0
voicemark,2,8224,5,283,57283,mean,0
voicemark,2,8224,5,283,57283,tct,0
voicemark,2,8224,6,284,7008,mean,0
voicemark,2,8224,6,284,7008,tct,0
voicemark,2,8224,6,284,33358,mean,0
voicemark,2,8224,6,284,33358,tct,0
voicemark,2,8224,6,284,33644,mean,0
voicemark,2,8224,6,284,33644,tct,0
voicemark,2,8224,6,284,2890,mean,0
voicemark,2,8224,6,284,2890,tct,0
voicemark,2,8224,6,284,37728,mean,0
voicemark,2,8224,6,284,37728,tct,0
voicemark,2,8224,6,284,2914,mean,0
voicemark,2,8224,6,284,2914,tct,0
voicemark,2,8224,6,284,39886,mean,0
voicemark,2,8224,6,284,39886,tct,0
voicemark,2,8224,6,284,7110,mean,0
voicemark,2,8224,6,284,7110,tct,0
voicemark,2,8224,6,284,35822,mean,0
voicemark,2,8224,6,284,35822,tct,0
voicemark,2,8224,6,284,994,mean,0
voicemark,2,8224,6,284,994,tct,0
voicemark,2,8224,7,285,3141,mean,0
voicemark,2,8224,7,285,3141,tct,0
voicemark,2,8224,7,285,16889,mean,0
voicemark,2,8224,7,285,16889,tct,0
voicemark,2,8224,7,285,16832,mean,0
voicemark,2,8224,7,285,16832,tct,0
voicemark,2,8224,7,285,35860,mean,0
voicemark,2,8224,7,285,35860,tct,0
voicemark,2,8224,7,285,26088,mean,0
voicemark,2,8224,7,285,26088,tct,0
voicemark,2,8224,7,285,35845,mean,0
voicemark,2,8224,7,285,35845,tct,0
voicemark,2,8224,7,285,21992,mean,0
voicemark,2,8224,7,285,21992,tct,0
voicemark,2,8224,7,285,20972,mean,0
voicemark,2,8224,7,285,20972,tct,0
voicemark,2,8224,7,285,52349,mean,0
voicemark,2,8224,7,285,52349,tct,0
voicemark,2,8224,7,285,36197,mean,0
voicemark,2,8224,7,285,36197,tct,0
voicemark,2,8230,4,286,4393,mean,0
voicemark,2,8230,4,286,4393,tct,0
voicemark,2,8230,4,286,5393,mean,0
voicemark,2,8230,4,286,5393,tct,0
voicemark,2,8230,4,286,8461,mean,0
voicemark,2,8230,4,286,8461,tct,0
voicemark,2,8230,4,286,4377,mean,0
voicemark,2,8230,4,286,4377,tct,0
voicemark,2,8230,4,286,313,mean,0
voicemark,2,8230,4,286,313,tct,0
voicemark,2,8230,4,286,1357,mean,0
voicemark,2,8230,4,286,1357,tct,0
voicemark,2,8230,4,286,284,mean,0
voicemark,2,8230,4,286,284,tct,0
voicemark,2,8230,4,286,17689,mean,0
voicemark,2,8230,4,286,17689,tct,0
voicemark,2,8230,4,286,12584,mean,0
voicemark,2,8230,4,286,12584,tct,0
voicemark,2,8230,4,286,12609,mean,0
voicemark,2,8230,4,286,12609,tct,0
voicemark,2,8230,5,287,19818,mean,0
voicemark,2,8230,5,287,19818,tct,0
voicemark,2,8230,5,287,56001,mean,0
voicemark,2,8230,5,287,56001,tct,0
voicemark,2,8230,5,287,11624,mean,0
voicemark,2,8230,5,287,11624,tct,0
voicemark,2,8230,5,287,35946,mean,0
voicemark,2,8230,5,287,35946,tct,0
voicemark,2,8230,5,287,23239,mean,0
voicemark,2,8230,5,287,23239,tct,0
voicemark,2,8230,5,287,4801,mean,0
voicemark,2,8230,5,287,4801,tct,0
voicemark,2,8230,5,287,23253,mean,0
voicemark,2,8230,5,287,23253,tct,0
voicemark,2,8230,5,287,21189,mean,0
voicemark,2,8230,5,287,21189,tct,0
voicemark,2,8230,5,287,6507,mean,0
voicemark,2,8230,5,287,6507,tct,0
voicemark,2,8230,5,287,19265,mean,0
voicemark,2,8230,5,287,19265,tct,0
voicemark,2,8230,6,288,13721,mean,0
voicemark,2,8230,6,288,13721,tct,0
voicemark,2,8230,6,288,15545,mean,0
voicemark,2,8230,6,288,15545,tct,0
voicemark,2,8230,6,288,12953,mean,0
voicemark,2,8230,6,288,12953,tct,0
voicemark,2,8230,6,288,59937,mean,0
voicemark,2,8230,6,288,59937,tct,0
voicemark,2,8230,6,288,59699,mean,0
voicemark,2,8230,6,288,59699,tct,0
voicemark,2,8230,6,288,27505,mean,0
voicemark,2,8230,6,288,27505,tct,0
voicemark,2,8230,6,288,46297,mean,0
voicemark,2,8230,6,288,46297,tct,0
voicemark,2,8230,6,288,60017,mean,0
voicemark,2,8230,6,288,60017,tct,0
voicemark,2,8230,6,288,9433,mean,0
voicemark,2,8230,6,288,9433,tct,0
voicemark,2,8230,6,288,12443,mean,0
voicemark,2,8230,6,288,12443,tct,0
voicemark,2,8455,4,289,35949,mean,0
voicemark,2,8455,4,289,35949,tct,0
voicemark,2,8455,4,289,36333,mean,0
voicemark,2,8455,4,289,36333,tct,0
voicemark,2,8455,4,289,36588,mean,0
voicemark,2,8455,4,289,36588,tct,0
voicemark,2,8455,4,289,36072,mean,0
voicemark,2,8455,4,289,36072,tct,0
voicemark,2,8455,4,289,35948,mean,0
voicemark,2,8455,4,289,35948,tct,0
voicemark,2,8455,4,289,36079,mean,0
voicemark,2,8455,4,289,36079,tct,0
voicemark,2,8455,4,289,36472,mean,0
voicemark,2,8455,4,289,36472,tct,0
voicemark,2,8455,4,289,36461,mean,0
voicemark,2,8455,4,289,36461,tct,0
voicemark,2,8455,4,289,36552,mean,0
voicemark,2,8455,4,289,36552,tct,0
voicemark,2,8455,4,289,36328,mean,0
voicemark,2,8455,4,289,36328,tct,0
voicemark,2,8455,5,290,13242,mean,0
voicemark,2,8455,5,290,13242,tct,0
voicemark,2,8455,5,290,48094,mean,0
voicemark,2,8455,5,290,48094,tct,0
voicemark,2,8455,5,290,47743,mean,0
voicemark,2,8455,5,290,47743,tct,0
voicemark,2,8455,5,290,37566,mean,0
voicemark,2,8455,5,290,37566,tct,0
voicemark,2,8455,5,290,45911,mean,0
voicemark,2,8455,5,290,45911,tct,0
voicemark,2,8455,5,290,14010,mean,0
voicemark,2,8455,5,290,14010,tct,0
voicemark,2,8455,5,290,47934,mean,0
voicemark,2,8455,5,290,47934,tct,0
voicemark,2,8455,5,290,37567,mean,0
voicemark,2,8455,5,290,37567,tct,0
voicemark,2,8455,5,290,14938,mean,0
voicemark,2,8455,5,290,14938,tct,0
voicemark,2,8455,5,290,37502,mean,0
voicemark,2,8455,5,290,37502,tct,0
voicemark,2,8455,6,291,39587,mean,0
voicemark,2,8455,6,291,39587,tct,0
voicemark,2,8455,6,291,39595,mean,0
voicemark,2,8455,6,291,39595,tct,0
voicemark,2,8455,6,291,16007,mean,0
voicemark,2,8455,6,291,16007,tct,0
voicemark,2,8455,6,291,47807,mean,0
voicemark,2,8455,6,291,47807,tct,0
voicemark,2,8455,6,291,6823,mean,0
voicemark,2,8455,6,291,6823,tct,0
voicemark,2,8455,6,291,6847,mean,0
voicemark,2,8455,6,291,6847,tct,0
voicemark,2,8455,6,291,14997,mean,0
voicemark,2,8455,6,291,14997,tct,0
voicemark,2,8455,6,291,16285,mean,0
voicemark,2,8455,6,291,16285,tct,0
voicemark,2,8455,6,291,11913,mean,0
voicemark,2,8455,6,291,11913,tct,0
voicemark,2,8455,6,291,15917,mean,0
voicemark,2,8455,6,291,15917,tct,0
voicemark,2,8463,3,292,36250,mean,0
voicemark,2,8463,3,292,36250,tct,0
voicemark,2,8463,3,292,36152,mean,0
voicemark,2,8463,3,292,36152,tct,0
voicemark,2,8463,3,292,36478,mean,0
voicemark,2,8463,3,292,36478,tct,0
voicemark,2,8463,3,292,40548,mean,0
voicemark,2,8463,3,292,40548,tct,0
voicemark,2,8463,3,292,40486,mean,0
voicemark,2,8463,3,292,40486,tct,0
voicemark,2,8463,3,292,36761,mean,0
voicemark,2,8463,3,292,36761,tct,0
voicemark,2,8463,3,292,40566,mean,0
voicemark,2,8463,3,292,40566,tct,0
voicemark,2,8463,3,292,44504,mean,0
voicemark,2,8463,3,292,44504,tct,0
voicemark,2,8463,3,292,40808,mean,0
voicemark,2,8463,3,292,40808,tct,0
voicemark,2,8463,3,292,40218,mean,0
voicemark,2,8463,3,292,40218,tct,0
voicemark,2,8463,4,293,28109,mean,0
voicemark,2,8463,4,293,28109,tct,0
voicemark,2,8463,4,293,28110,mean,0
voicemark,2,8463,4,293,28110,tct,0
voicemark,2,8463,4,293,24783,mean,0
voicemark,2,8463,4,293,24783,tct,0
voicemark,2,8463,4,293,10447,mean,0
voicemark,2,8463,4,293,10447,tct,0
voicemark,2,8463,4,293,31183,mean,0
voicemark,2,8463,4,293,31183,tct,0
voicemark,2,8463,4,293,26959,mean,0
voicemark,2,8463,4,293,26959,tct,0
voicemark,2,8463,4,293,199,mean,0
voicemark,2,8463,4,293,199,tct,0
voicemark,2,8463,4,293,44167,mean,0
voicemark,2,8463,4,293,44167,tct,0
voicemark,2,8463,4,293,25751,mean,0
voicemark,2,8463,4,293,25751,tct,0
voicemark,2,8463,4,293,10438,mean,0
voicemark,2,8463,4,293,10438,tct,0
voicemark,2,8463,5,294,56003,mean,0
voicemark,2,8463,5,294,56003,tct,0
voicemark,2,8463,5,294,2754,mean,0
voicemark,2,8463,5,294,2754,tct,0
voicemark,2,8463,5,294,56258,mean,0
voicemark,2,8463,5,294,56258,tct,0
voicemark,2,8463,5,294,6854,mean,0
voicemark,2,8463,5,294,6854,tct,0
voicemark,2,8463,5,294,55874,mean,0
voicemark,2,8463,5,294,55874,tct,0
voicemark,2,8463,5,294,60043,mean,0
voicemark,2,8463,5,294,60043,tct,0
voicemark,2,8463,5,294,56000,mean,0
voicemark,2,8463,5,294,56000,tct,0
voicemark,2,8463,5,294,49035,mean,0
voicemark,2,8463,5,294,49035,tct,0
voicemark,2,8463,5,294,43657,mean,0
voicemark,2,8463,5,294,43657,tct,0
voicemark,2,8463,5,294,47631,mean,0
voicemark,2,8463,5,294,47631,tct,0
voicemark,2,8463,6,295,42020,mean,0
voicemark,2,8463,6,295,42020,tct,0
voicemark,2,8463,6,295,42024,mean,0
voicemark,2,8463,6,295,42024,tct,0
voicemark,2,8463,6,295,42668,mean,0
voicemark,2,8463,6,295,42668,tct,0
voicemark,2,8463,6,295,37327,mean,0
voicemark,2,8463,6,295,37327,tct,0
voicemark,2,8463,6,295,44078,mean,0
voicemark,2,8463,6,295,44078,tct,0
voicemark,2,8463,6,295,8237,mean,0
voicemark,2,8463,6,295,8237,tct,0
voicemark,2,8463,6,295,32911,mean,0
voicemark,2,8463,6,295,32911,tct,0
voicemark,2,8463,6,295,13613,mean,0
voicemark,2,8463,6,295,13613,tct,0
voicemark,2,8463,6,295,45358,mean,0
voicemark,2,8463,6,295,45358,tct,0
voicemark,2,8463,6,295,13325,mean,0
voicemark,2,8463,6,295,13325,tct,0
voicemark,2,8555,3,296,19393,mean,0
voicemark,2,8555,3,296,19393,tct,0
voicemark,2,8555,3,296,63190,mean,0
voicemark,2,8555,3,296,63190,tct,0
voicemark,2,8555,3,296,18368,mean,0
voicemark,2,8555,3,296,18368,tct,0
voicemark,2,8555,3,296,3010,mean,0
voicemark,2,8555,3,296,3010,tct,0
voicemark,2,8555,3,296,63199,mean,0
voicemark,2,8555,3,296,63199,tct,0
voicemark,2,8555,3,296,29854,mean,0
voicemark,2,8555,3,296,29854,tct,0
voicemark,2,8555,3,296,19904,mean,0
voicemark,2,8555,3,296,19904,tct,0
voicemark,2,8555,3,296,19008,mean,0
voicemark,2,8555,3,296,19008,tct,0
voicemark,2,8555,3,296,19420,mean,0
voicemark,2,8555,3,296,19420,tct,0
voicemark,2,8555,3,296,27264,mean,0
voicemark,2,8555,3,296,27264,tct,0
voicemark,2,8555,4,297,41684,mean,0
voicemark,2,8555,4,297,41684,tct,0
voicemark,2,8555,4,297,43188,mean,0
voicemark,2,8555,4,297,43188,tct,0
voicemark,2,8555,4,297,43156,mean,0
voicemark,2,8555,4,297,43156,tct,0
voicemark,2,8555,4,297,14516,mean,0
voicemark,2,8555,4,297,14516,tct,0
voicemark,2,8555,4,297,48692,mean,0
voicemark,2,8555,4,297,48692,tct,0
voicemark,2,8555,4,297,41748,mean,0
voicemark,2,8555,4,297,41748,tct,0
voicemark,2,8555,4,297,64688,mean,0
voicemark,2,8555,4,297,64688,tct,0
voicemark,2,8555,4,297,40372,mean,0
voicemark,2,8555,4,297,40372,tct,0
voicemark,2,8555,4,297,41488,mean,0
voicemark,2,8555,4,297,41488,tct,0
voicemark,2,8555,4,297,39988,mean,0
voicemark,2,8555,4,297,39988,tct,0
voicemark,2,8555,5,298,27335,mean,0
voicemark,2,8555,5,298,27335,tct,0
voicemark,2,8555,5,298,19429,mean,0
voicemark,2,8555,5,298,19429,tct,0
voicemark,2,8555,5,298,52166,mean,0
voicemark,2,8555,5,298,52166,tct,0
voicemark,2,8555,5,298,57381,mean,0
voicemark,2,8555,5,298,57381,tct,0
voicemark,2,8555,5,298,50119,mean,0
voicemark,2,8555,5,298,50119,tct,0
voicemark,2,8555,5,298,26676,mean,0
voicemark,2,8555,5,298,26676,tct,0
voicemark,2,8555,5,298,19287,mean,0
voicemark,2,8555,5,298,19287,tct,0
voicemark,2,8555,5,298,19406,mean,0
voicemark,2,8555,5,298,19406,tct,0
voicemark,2,8555,5,298,18951,mean,0
voicemark,2,8555,5,298,18951,tct,0
voicemark,2,8555,5,298,26917,mean,0
voicemark,2,8555,5,298,26917,tct,0
voicemark,2,8555,6,299,27474,mean,0
voicemark,2,8555,6,299,27474,tct,0
voicemark,2,8555,6,299,27419,mean,0
voicemark,2,8555,6,299,27419,tct,0
voicemark,2,8555,6,299,19227,mean,0
voicemark,2,8555,6,299,19227,tct,0
voicemark,2,8555,6,299,19803,mean,0
voicemark,2,8555,6,299,19803,tct,0
voicemark,2,8555,6,299,25631,mean,0
voicemark,2,8555,6,299,25631,tct,0
voicemark,2,8555,6,299,11102,mean,0
voicemark,2,8555,6,299,11102,tct,0
voicemark,2,8555,6,299,19935,mean,0
voicemark,2,8555,6,299,19935,tct,0
voicemark,2,8555,6,299,19799,mean,0
voicemark,2,8555,6,299,19799,tct,0
voicemark,2,8555,6,299,52831,mean,0
voicemark,2,8555,6,299,52831,tct,0
voicemark,2,8555,6,299,31515,mean,0
voicemark,2,8555,6,299,31515,tct,0
