model,K,spk,local_t,gi,target,method,target_top1
audioseal,5,121,0,0,32107,mean,0
audioseal,5,121,0,0,32107,tct,0
audioseal,5,121,0,0,32554,mean,0
audioseal,5,121,0,0,32554,tct,0
audioseal,5,121,0,0,31786,mean,0
audioseal,5,121,0,0,31786,tct,0
audioseal,5,121,0,0,44213,mean,0
audioseal,5,121,0,0,44213,tct,0
audioseal,5,121,0,0,16234,mean,0
audioseal,5,121,0,0,16234,tct,0
audioseal,5,121,0,0,57506,mean,0
audioseal,5,121,0,0,57506,tct,0
audioseal,5,121,0,0,52746,mean,0
audioseal,5,121,0,0,52746,tct,0
audioseal,5,121,0,0,49318,mean,0
audioseal,5,121,0,0,49318,tct,0
audioseal,5,121,0,0,31074,mean,0
audioseal,5,121,0,0,31074,tct,0
audioseal,5,121,0,0,50400,mean,0
audioseal,5,121,0,0,50400,tct,0
audioseal,5,121,1,1,57679,mean,0
audioseal,5,121,1,1,57679,tct,0
audioseal,5,121,1,1,58695,mean,0
audioseal,5,121,1,1,58695,tct,0
audioseal,5,121,1,1,61666,mean,0
audioseal,5,121,1,1,61666,tct,0
audioseal,5,121,1,1,58237,mean,0
audioseal,5,121,1,1,58237,tct,0
audioseal,5,121,1,1,18990,mean,0
audioseal,5,121,1,1,18990,tct,0
audioseal,5,121,1,1,57686,mean,0
audioseal,5,121,1,1,57686,tct,0
audioseal,5,121,1,1,26108,mean,0
audioseal,5,121,1,1,26108,tct,0
audioseal,5,121,1,1,24234,mean,0
audioseal,5,121,1,1,24234,tct,0
audioseal,5,121,1,1,32298,mean,0
audioseal,5,121,1,1,32298,tct,0
audioseal,5,121,1,1,46560,mean,0
audioseal,5,121,1,1,46560,tct,0
audioseal,5,121,2,2,28704,mean,0
audioseal,5,121,2,2,28704,tct,0
audioseal,5,121,2,2,44216,mean,0
audioseal,5,121,2,2,44216,tct,0
audioseal,5,121,2,2,44074,mean,0
audioseal,5,121,2,2,44074,tct,0
audioseal,5,121,2,2,1446,mean,0
audioseal,5,121,2,2,1446,tct,0
audioseal,5,121,2,2,60946,mean,0
audioseal,5,121,2,2,60946,tct,0
audioseal,5,121,2,2,19971,mean,0
audioseal,5,121,2,2,19971,tct,0
audioseal,5,121,2,2,1186,mean,0
audioseal,5,121,2,2,1186,tct,0
audioseal,5,121,2,2,1206,mean,0
audioseal,5,121,2,2,1206,tct,0
audioseal,5,121,2,2,33798,mean,0
audioseal,5,121,2,2,33798,tct,0
audioseal,5,121,2,2,60467,mean,0
audioseal,5,121,2,2,60467,tct,0
audioseal,5,121,3,3,28865,mean,0
audioseal,5,121,3,3,28865,tct,0
audioseal,5,121,3,3,63997,mean,0
audioseal,5,121,3,3,63997,tct,0
audioseal,5,121,3,3,23108,mean,0
audioseal,5,121,3,3,23108,tct,0
audioseal,5,121,3,3,30928,mean,0
audioseal,5,121,3,3,30928,tct,0
audioseal,5,121,3,3,55488,mean,0
audioseal,5,121,3,3,55488,tct,0
audioseal,5,121,3,3,38096,mean,0
audioseal,5,121,3,3,38096,tct,0
audioseal,5,121,3,3,28869,mean,0
audioseal,5,121,3,3,28869,tct,0
audioseal,5,121,3,3,28881,mean,0
audioseal,5,121,3,3,28881,tct,0
audioseal,5,121,3,3,63717,mean,0
audioseal,5,121,3,3,63717,tct,0
audioseal,5,121,3,3,56000,mean,0
audioseal,5,121,3,3,56000,tct,0
audioseal,5,237,0,4,3647,mean,0
audioseal,5,237,0,4,3647,tct,0
audioseal,5,237,0,4,22057,mean,0
audioseal,5,237,0,4,22057,tct,0
audioseal,5,237,0,4,20159,mean,0
audioseal,5,237,0,4,20159,tct,0
audioseal,5,237,0,4,20287,mean,0
audioseal,5,237,0,4,20287,tct,0
audioseal,5,237,0,4,5674,mean,0
audioseal,5,237,0,4,5674,tct,1
audioseal,5,237,0,4,24108,mean,0
audioseal,5,237,0,4,24108,tct,0
audioseal,5,237,0,4,16115,mean,0
audioseal,5,237,0,4,16115,tct,0
audioseal,5,237,0,4,24499,mean,0
audioseal,5,237,0,4,24499,tct,0
audioseal,5,237,0,4,20094,mean,0
audioseal,5,237,0,4,20094,tct,0
audioseal,5,237,0,4,24119,mean,0
audioseal,5,237,0,4,24119,tct,1
audioseal,5,237,1,5,38342,mean,0
audioseal,5,237,1,5,38342,tct,0
audioseal,5,237,1,5,63549,mean,0
audioseal,5,237,1,5,63549,tct,0
audioseal,5,237,1,5,63805,mean,0
audioseal,5,237,1,5,63805,tct,1
audioseal,5,237,1,5,56806,mean,0
audioseal,5,237,1,5,56806,tct,1
audioseal,5,237,1,5,38348,mean,0
audioseal,5,237,1,5,38348,tct,0
audioseal,5,237,1,5,20622,mean,0
audioseal,5,237,1,5,20622,tct,0
audioseal,5,237,1,5,23069,mean,0
audioseal,5,237,1,5,23069,tct,0
audioseal,5,237,1,5,5198,mean,0
audioseal,5,237,1,5,5198,tct,0
audioseal,5,237,1,5,64313,mean,0
audioseal,5,237,1,5,64313,tct,0
audioseal,5,237,1,5,21156,mean,0
audioseal,5,237,1,5,21156,tct,0
audioseal,5,237,2,6,47535,mean,0
audioseal,5,237,2,6,47535,tct,0
audioseal,5,237,2,6,16522,mean,0
audioseal,5,237,2,6,16522,tct,0
audioseal,5,237,2,6,18816,mean,0
audioseal,5,237,2,6,18816,tct,0
audioseal,5,237,2,6,2368,mean,0
audioseal,5,237,2,6,2368,tct,0
audioseal,5,237,2,6,16782,mean,0
audioseal,5,237,2,6,16782,tct,0
audioseal,5,237,2,6,47402,mean,0
audioseal,5,237,2,6,47402,tct,0
audioseal,5,237,2,6,48430,mean,0
audioseal,5,237,2,6,48430,tct,0
audioseal,5,237,2,6,33194,mean,0
audioseal,5,237,2,6,33194,tct,0
audioseal,5,237,2,6,33198,mean,0
audioseal,5,237,2,6,33198,tct,0
audioseal,5,237,2,6,17082,mean,0
audioseal,5,237,2,6,17082,tct,0
audioseal,5,237,3,7,4177,mean,0
audioseal,5,237,3,7,4177,tct,0
audioseal,5,237,3,7,51192,mean,0
audioseal,5,237,3,7,51192,tct,0
audioseal,5,237,3,7,22256,mean,0
audioseal,5,237,3,7,22256,tct,0
audioseal,5,237,3,7,45436,mean,0
audioseal,5,237,3,7,45436,tct,0
audioseal,5,237,3,7,28756,mean,0
audioseal,5,237,3,7,28756,tct,0
audioseal,5,237,3,7,33916,mean,0
audioseal,5,237,3,7,33916,tct,0
audioseal,5,237,3,7,1752,mean,0
audioseal,5,237,3,7,1752,tct,0
audioseal,5,237,3,7,53987,mean,0
audioseal,5,237,3,7,53987,tct,0
audioseal,5,237,3,7,37057,mean,0
audioseal,5,237,3,7,37057,tct,0
audioseal,5,237,3,7,62836,mean,0
audioseal,5,237,3,7,62836,tct,0
audioseal,5,260,0,8,58360,mean,0
audioseal,5,260,0,8,58360,tct,1
audioseal,5,260,0,8,57572,mean,0
audioseal,5,260,0,8,57572,tct,1
audioseal,5,260,0,8,62184,mean,0
audioseal,5,260,0,8,62184,tct,0
audioseal,5,260,0,8,61669,mean,0
audioseal,5,260,0,8,61669,tct,0
audioseal,5,260,0,8,58340,mean,0
audioseal,5,260,0,8,58340,tct,0
audioseal,5,260,0,8,62312,mean,0
audioseal,5,260,0,8,62312,tct,0
audioseal,5,260,0,8,49640,mean,0
audioseal,5,260,0,8,49640,tct,0
audioseal,5,260,0,8,45244,mean,0
audioseal,5,260,0,8,45244,tct,0
audioseal,5,260,0,8,58284,mean,0
audioseal,5,260,0,8,58284,tct,0
audioseal,5,260,0,8,58044,mean,0
audioseal,5,260,0,8,58044,tct,0
audioseal,5,260,1,9,56893,mean,0
audioseal,5,260,1,9,56893,tct,0
audioseal,5,260,1,9,55997,mean,0
audioseal,5,260,1,9,55997,tct,0
audioseal,5,260,1,9,54973,mean,0
audioseal,5,260,1,9,54973,tct,0
audioseal,5,260,1,9,45009,mean,0
audioseal,5,260,1,9,45009,tct,0
audioseal,5,260,1,9,27473,mean,0
audioseal,5,260,1,9,27473,tct,0
audioseal,5,260,1,9,51964,mean,0
audioseal,5,260,1,9,51964,tct,0
audioseal,5,260,1,9,10707,mean,0
audioseal,5,260,1,9,10707,tct,0
audioseal,5,260,1,9,27475,mean,0
audioseal,5,260,1,9,27475,tct,0
audioseal,5,260,1,9,61117,mean,0
audioseal,5,260,1,9,61117,tct,0
audioseal,5,260,1,9,55933,mean,0
audioseal,5,260,1,9,55933,tct,0
audioseal,5,260,2,10,55005,mean,0
audioseal,5,260,2,10,55005,tct,0
audioseal,5,260,2,10,35052,mean,0
audioseal,5,260,2,10,35052,tct,0
audioseal,5,260,2,10,51236,mean,0
audioseal,5,260,2,10,51236,tct,0
audioseal,5,260,2,10,32996,mean,0
audioseal,5,260,2,10,32996,tct,1
audioseal,5,260,2,10,13037,mean,0
audioseal,5,260,2,10,13037,tct,0
audioseal,5,260,2,10,57444,mean,0
audioseal,5,260,2,10,57444,tct,0
audioseal,5,260,2,10,42195,mean,0
audioseal,5,260,2,10,42195,tct,0
audioseal,5,260,2,10,32940,mean,0
audioseal,5,260,2,10,32940,tct,0
audioseal,5,260,2,10,35524,mean,0
audioseal,5,260,2,10,35524,tct,0
audioseal,5,260,2,10,37074,mean,0
audioseal,5,260,2,10,37074,tct,0
audioseal,5,260,3,11,18856,mean,0
audioseal,5,260,3,11,18856,tct,0
audioseal,5,260,3,11,50409,mean,0
audioseal,5,260,3,11,50409,tct,0
audioseal,5,260,3,11,42217,mean,0
audioseal,5,260,3,11,42217,tct,0
audioseal,5,260,3,11,21541,mean,0
audioseal,5,260,3,11,21541,tct,1
audioseal,5,260,3,11,18469,mean,0
audioseal,5,260,3,11,18469,tct,0
audioseal,5,260,3,11,22569,mean,0
audioseal,5,260,3,11,22569,tct,0
audioseal,5,260,3,11,21539,mean,0
audioseal,5,260,3,11,21539,tct,0
audioseal,5,260,3,11,20577,mean,0
audioseal,5,260,3,11,20577,tct,0
audioseal,5,260,3,11,21671,mean,0
audioseal,5,260,3,11,21671,tct,0
audioseal,5,260,3,11,24108,mean,0
audioseal,5,260,3,11,24108,tct,0
audioseal,5,672,0,12,45402,mean,0
audioseal,5,672,0,12,45402,tct,0
audioseal,5,672,0,12,39674,mean,0
audioseal,5,672,0,12,39674,tct,0
audioseal,5,672,0,12,31476,mean,0
audioseal,5,672,0,12,31476,tct,0
audioseal,5,672,0,12,39931,mean,0
audioseal,5,672,0,12,39931,tct,0
audioseal,5,672,0,12,48883,mean,0
audioseal,5,672,0,12,48883,tct,0
audioseal,5,672,0,12,19152,mean,0
audioseal,5,672,0,12,19152,tct,0
audioseal,5,672,0,12,16177,mean,0
audioseal,5,672,0,12,16177,tct,0
audioseal,5,672,0,12,63280,mean,0
audioseal,5,672,0,12,63280,tct,0
audioseal,5,672,0,12,40699,mean,0
audioseal,5,672,0,12,40699,tct,0
audioseal,5,672,0,12,28380,mean,0
audioseal,5,672,0,12,28380,tct,0
audioseal,5,672,1,13,36845,mean,0
audioseal,5,672,1,13,36845,tct,0
audioseal,5,672,1,13,59937,mean,0
audioseal,5,672,1,13,59937,tct,0
audioseal,5,672,1,13,36452,mean,0
audioseal,5,672,1,13,36452,tct,1
audioseal,5,672,1,13,61033,mean,0
audioseal,5,672,1,13,61033,tct,0
audioseal,5,672,1,13,53069,mean,0
audioseal,5,672,1,13,53069,tct,0
audioseal,5,672,1,13,63721,mean,0
audioseal,5,672,1,13,63721,tct,0
audioseal,5,672,1,13,31329,mean,0
audioseal,5,672,1,13,31329,tct,0
audioseal,5,672,1,13,42565,mean,0
audioseal,5,672,1,13,42565,tct,0
audioseal,5,672,1,13,34400,mean,0
audioseal,5,672,1,13,34400,tct,0
audioseal,5,672,1,13,59616,mean,0
audioseal,5,672,1,13,59616,tct,0
audioseal,5,672,2,14,45499,mean,0
audioseal,5,672,2,14,45499,tct,0
audioseal,5,672,2,14,35625,mean,0
audioseal,5,672,2,14,35625,tct,0
audioseal,5,672,2,14,14722,mean,0
audioseal,5,672,2,14,14722,tct,0
audioseal,5,672,2,14,47130,mean,0
audioseal,5,672,2,14,47130,tct,0
audioseal,5,672,2,14,47546,mean,0
audioseal,5,672,2,14,47546,tct,0
audioseal,5,672,2,14,6587,mean,0
audioseal,5,672,2,14,6587,tct,0
audioseal,5,672,2,14,443,mean,0
audioseal,5,672,2,14,443,tct,0
audioseal,5,672,2,14,44038,mean,0
audioseal,5,672,2,14,44038,tct,0
audioseal,5,672,2,14,33193,mean,0
audioseal,5,672,2,14,33193,tct,0
audioseal,5,672,2,14,34884,mean,0
audioseal,5,672,2,14,34884,tct,0
audioseal,5,672,3,15,58051,mean,0
audioseal,5,672,3,15,58051,tct,0
audioseal,5,672,3,15,14763,mean,0
audioseal,5,672,3,15,14763,tct,0
audioseal,5,672,3,15,15274,mean,0
audioseal,5,672,3,15,15274,tct,0
audioseal,5,672,3,15,57927,mean,0
audioseal,5,672,3,15,57927,tct,0
audioseal,5,672,3,15,14779,mean,0
audioseal,5,672,3,15,14779,tct,0
audioseal,5,672,3,15,50112,mean,0
audioseal,5,672,3,15,50112,tct,0
audioseal,5,672,3,15,41863,mean,0
audioseal,5,672,3,15,41863,tct,1
audioseal,5,672,3,15,31675,mean,0
audioseal,5,672,3,15,31675,tct,0
audioseal,5,672,3,15,57987,mean,0
audioseal,5,672,3,15,57987,tct,0
audioseal,5,672,3,15,29383,mean,0
audioseal,5,672,3,15,29383,tct,0
audioseal,5,908,0,16,19251,mean,0
audioseal,5,908,0,16,19251,tct,0
audioseal,5,908,0,16,19003,mean,0
audioseal,5,908,0,16,19003,tct,0
audioseal,5,908,0,16,47775,mean,0
audioseal,5,908,0,16,47775,tct,0
audioseal,5,908,0,16,17211,mean,0
audioseal,5,908,0,16,17211,tct,0
audioseal,5,908,0,16,39711,mean,0
audioseal,5,908,0,16,39711,tct,0
audioseal,5,908,0,16,2843,mean,0
audioseal,5,908,0,16,2843,tct,0
audioseal,5,908,0,16,19241,mean,0
audioseal,5,908,0,16,19241,tct,0
audioseal,5,908,0,16,14877,mean,0
audioseal,5,908,0,16,14877,tct,0
audioseal,5,908,0,16,52155,mean,0
audioseal,5,908,0,16,52155,tct,0
audioseal,5,908,0,16,19067,mean,0
audioseal,5,908,0,16,19067,tct,0
audioseal,5,908,1,17,21946,mean,0
audioseal,5,908,1,17,21946,tct,0
audioseal,5,908,1,17,7558,mean,0
audioseal,5,908,1,17,7558,tct,0
audioseal,5,908,1,17,50618,mean,0
audioseal,5,908,1,17,50618,tct,0
audioseal,5,908,1,17,17834,mean,0
audioseal,5,908,1,17,17834,tct,0
audioseal,5,908,1,17,21944,mean,0
audioseal,5,908,1,17,21944,tct,0
audioseal,5,908,1,17,54144,mean,0
audioseal,5,908,1,17,54144,tct,0
audioseal,5,908,1,17,49831,mean,0
audioseal,5,908,1,17,49831,tct,0
audioseal,5,908,1,17,17255,mean,0
audioseal,5,908,1,17,17255,tct,0
audioseal,5,908,1,17,50919,mean,0
audioseal,5,908,1,17,50919,tct,0
audioseal,5,908,1,17,22932,mean,0
audioseal,5,908,1,17,22932,tct,0
audioseal,5,908,2,18,3919,mean,0
audioseal,5,908,2,18,3919,tct,0
audioseal,5,908,2,18,22364,mean,0
audioseal,5,908,2,18,22364,tct,0
audioseal,5,908,2,18,43777,mean,0
audioseal,5,908,2,18,43777,tct,0
audioseal,5,908,2,18,6929,mean,0
audioseal,5,908,2,18,6929,tct,0
audioseal,5,908,2,18,12545,mean,0
audioseal,5,908,2,18,12545,tct,0
audioseal,5,908,2,18,2905,mean,0
audioseal,5,908,2,18,2905,tct,0
audioseal,5,908,2,18,47385,mean,0
audioseal,5,908,2,18,47385,tct,1
audioseal,5,908,2,18,47121,mean,0
audioseal,5,908,2,18,47121,tct,0
audioseal,5,908,2,18,20848,mean,0
audioseal,5,908,2,18,20848,tct,0
audioseal,5,908,2,18,21868,mean,0
audioseal,5,908,2,18,21868,tct,0
audioseal,5,908,3,19,38234,mean,0
audioseal,5,908,3,19,38234,tct,0
audioseal,5,908,3,19,32826,mean,0
audioseal,5,908,3,19,32826,tct,0
audioseal,5,908,3,19,56158,mean,0
audioseal,5,908,3,19,56158,tct,0
audioseal,5,908,3,19,54102,mean,0
audioseal,5,908,3,19,54102,tct,0
audioseal,5,908,3,19,34682,mean,0
audioseal,5,908,3,19,34682,tct,0
audioseal,5,908,3,19,57162,mean,0
audioseal,5,908,3,19,57162,tct,0
audioseal,5,908,3,19,32986,mean,0
audioseal,5,908,3,19,32986,tct,0
audioseal,5,908,3,19,33880,mean,0
audioseal,5,908,3,19,33880,tct,0
audioseal,5,908,3,19,41338,mean,0
audioseal,5,908,3,19,41338,tct,0
audioseal,5,908,3,19,54170,mean,0
audioseal,5,908,3,19,54170,tct,0
audioseal,5,1089,0,20,52119,mean,0
audioseal,5,1089,0,20,52119,tct,0
audioseal,5,1089,0,20,9445,mean,0
audioseal,5,1089,0,20,9445,tct,0
audioseal,5,1089,0,20,25701,mean,0
audioseal,5,1089,0,20,25701,tct,0
audioseal,5,1089,0,20,35219,mean,0
audioseal,5,1089,0,20,35219,tct,0
audioseal,5,1089,0,20,28655,mean,0
audioseal,5,1089,0,20,28655,tct,0
audioseal,5,1089,0,20,7639,mean,0
audioseal,5,1089,0,20,7639,tct,0
audioseal,5,1089,0,20,11259,mean,0
audioseal,5,1089,0,20,11259,tct,0
audioseal,5,1089,0,20,4055,mean,0
audioseal,5,1089,0,20,4055,tct,0
audioseal,5,1089,0,20,10341,mean,0
audioseal,5,1089,0,20,10341,tct,0
audioseal,5,1089,0,20,40343,mean,0
audioseal,5,1089,0,20,40343,tct,0
audioseal,5,1089,1,21,53375,mean,0
audioseal,5,1089,1,21,53375,tct,0
audioseal,5,1089,1,21,21265,mean,0
audioseal,5,1089,1,21,21265,tct,0
audioseal,5,1089,1,21,29585,mean,0
audioseal,5,1089,1,21,29585,tct,0
audioseal,5,1089,1,21,53333,mean,0
audioseal,5,1089,1,21,53333,tct,0
audioseal,5,1089,1,21,53364,mean,0
audioseal,5,1089,1,21,53364,tct,0
audioseal,5,1089,1,21,36982,mean,0
audioseal,5,1089,1,21,36982,tct,1
audioseal,5,1089,1,21,4212,mean,0
audioseal,5,1089,1,21,4212,tct,0
audioseal,5,1089,1,21,54357,mean,0
audioseal,5,1089,1,21,54357,tct,0
audioseal,5,1089,1,21,54358,mean,0
audioseal,5,1089,1,21,54358,tct,0
audioseal,5,1089,1,21,53878,mean,0
audioseal,5,1089,1,21,53878,tct,0
audioseal,5,1089,2,22,52551,mean,0
audioseal,5,1089,2,22,52551,tct,0
audioseal,5,1089,2,22,57376,mean,0
audioseal,5,1089,2,22,57376,tct,0
audioseal,5,1089,2,22,35344,mean,0
audioseal,5,1089,2,22,35344,tct,0
audioseal,5,1089,2,22,18535,mean,0
audioseal,5,1089,2,22,18535,tct,0
audioseal,5,1089,2,22,14896,mean,0
audioseal,5,1089,2,22,14896,tct,0
audioseal,5,1089,2,22,41488,mean,0
audioseal,5,1089,2,22,41488,tct,0
audioseal,5,1089,2,22,2119,mean,0
audioseal,5,1089,2,22,2119,tct,0
audioseal,5,1089,2,22,11280,mean,0
audioseal,5,1089,2,22,11280,tct,0
audioseal,5,1089,2,22,19555,mean,0
audioseal,5,1089,2,22,19555,tct,0
audioseal,5,1089,2,22,51271,mean,0
audioseal,5,1089,2,22,51271,tct,0
audioseal,5,1089,3,23,44445,mean,0
audioseal,5,1089,3,23,44445,tct,0
audioseal,5,1089,3,23,54054,mean,0
audioseal,5,1089,3,23,54054,tct,0
audioseal,5,1089,3,23,38160,mean,0
audioseal,5,1089,3,23,38160,tct,0
audioseal,5,1089,3,23,61386,mean,0
audioseal,5,1089,3,23,61386,tct,0
audioseal,5,1089,3,23,54050,mean,0
audioseal,5,1089,3,23,54050,tct,0
audioseal,5,1089,3,23,53812,mean,0
audioseal,5,1089,3,23,53812,tct,0
audioseal,5,1089,3,23,61272,mean,0
audioseal,5,1089,3,23,61272,tct,0
audioseal,5,1089,3,23,48920,mean,0
audioseal,5,1089,3,23,48920,tct,0
audioseal,5,1089,3,23,55096,mean,0
audioseal,5,1089,3,23,55096,tct,0
audioseal,5,1089,3,23,61401,mean,0
audioseal,5,1089,3,23,61401,tct,0
audioseal,5,1188,0,24,14810,mean,0
audioseal,5,1188,0,24,14810,tct,0
audioseal,5,1188,0,24,14731,mean,0
audioseal,5,1188,0,24,14731,tct,0
audioseal,5,1188,0,24,10025,mean,0
audioseal,5,1188,0,24,10025,tct,0
audioseal,5,1188,0,24,25357,mean,0
audioseal,5,1188,0,24,25357,tct,0
audioseal,5,1188,0,24,15322,mean,0
audioseal,5,1188,0,24,15322,tct,0
audioseal,5,1188,0,24,42248,mean,0
audioseal,5,1188,0,24,42248,tct,0
audioseal,5,1188,0,24,45050,mean,0
audioseal,5,1188,0,24,45050,tct,0
audioseal,5,1188,0,24,58328,mean,0
audioseal,5,1188,0,24,58328,tct,0
audioseal,5,1188,0,24,42683,mean,0
audioseal,5,1188,0,24,42683,tct,0
audioseal,5,1188,0,24,8717,mean,0
audioseal,5,1188,0,24,8717,tct,0
audioseal,5,1188,1,25,36656,mean,0
audioseal,5,1188,1,25,36656,tct,1
audioseal,5,1188,1,25,49466,mean,0
audioseal,5,1188,1,25,49466,tct,1
audioseal,5,1188,1,25,1840,mean,0
audioseal,5,1188,1,25,1840,tct,0
audioseal,5,1188,1,25,49586,mean,0
audioseal,5,1188,1,25,49586,tct,0
audioseal,5,1188,1,25,53040,mean,0
audioseal,5,1188,1,25,53040,tct,0
audioseal,5,1188,1,25,35130,mean,0
audioseal,5,1188,1,25,35130,tct,0
audioseal,5,1188,1,25,4018,mean,0
audioseal,5,1188,1,25,4018,tct,0
audioseal,5,1188,1,25,1842,mean,0
audioseal,5,1188,1,25,1842,tct,0
audioseal,5,1188,1,25,44563,mean,0
audioseal,5,1188,1,25,44563,tct,0
audioseal,5,1188,1,25,57790,mean,0
audioseal,5,1188,1,25,57790,tct,0
audioseal,5,1188,2,26,35817,mean,0
audioseal,5,1188,2,26,35817,tct,0
audioseal,5,1188,2,26,54017,mean,0
audioseal,5,1188,2,26,54017,tct,0
audioseal,5,1188,2,26,60557,mean,0
audioseal,5,1188,2,26,60557,tct,0
audioseal,5,1188,2,26,7823,mean,0
audioseal,5,1188,2,26,7823,tct,0
audioseal,5,1188,2,26,4935,mean,0
audioseal,5,1188,2,26,4935,tct,0
audioseal,5,1188,2,26,6035,mean,0
audioseal,5,1188,2,26,6035,tct,0
audioseal,5,1188,2,26,43979,mean,0
audioseal,5,1188,2,26,43979,tct,0
audioseal,5,1188,2,26,36795,mean,0
audioseal,5,1188,2,26,36795,tct,0
audioseal,5,1188,2,26,40875,mean,0
audioseal,5,1188,2,26,40875,tct,0
audioseal,5,1188,2,26,21059,mean,0
audioseal,5,1188,2,26,21059,tct,0
audioseal,5,1188,3,27,48922,mean,0
audioseal,5,1188,3,27,48922,tct,0
audioseal,5,1188,3,27,50232,mean,0
audioseal,5,1188,3,27,50232,tct,0
audioseal,5,1188,3,27,19294,mean,0
audioseal,5,1188,3,27,19294,tct,0
audioseal,5,1188,3,27,19805,mean,0
audioseal,5,1188,3,27,19805,tct,0
audioseal,5,1188,3,27,53113,mean,0
audioseal,5,1188,3,27,53113,tct,0
audioseal,5,1188,3,27,18876,mean,0
audioseal,5,1188,3,27,18876,tct,0
audioseal,5,1188,3,27,52059,mean,0
audioseal,5,1188,3,27,52059,tct,0
audioseal,5,1188,3,27,53050,mean,0
audioseal,5,1188,3,27,53050,tct,0
audioseal,5,1188,3,27,40955,mean,0
audioseal,5,1188,3,27,40955,tct,0
audioseal,5,1188,3,27,52923,mean,0
audioseal,5,1188,3,27,52923,tct,0
audioseal,5,1221,0,28,54992,mean,0
audioseal,5,1221,0,28,54992,tct,0
audioseal,5,1221,0,28,7009,mean,0
audioseal,5,1221,0,28,7009,tct,0
audioseal,5,1221,0,28,17956,mean,0
audioseal,5,1221,0,28,17956,tct,0
audioseal,5,1221,0,28,26668,mean,0
audioseal,5,1221,0,28,26668,tct,0
audioseal,5,1221,0,28,27429,mean,0
audioseal,5,1221,0,28,27429,tct,0
audioseal,5,1221,0,28,10533,mean,0
audioseal,5,1221,0,28,10533,tct,0
audioseal,5,1221,0,28,10797,mean,0
audioseal,5,1221,0,28,10797,tct,0
audioseal,5,1221,0,28,524,mean,0
audioseal,5,1221,0,28,524,tct,0
audioseal,5,1221,0,28,18220,mean,0
audioseal,5,1221,0,28,18220,tct,0
audioseal,5,1221,0,28,22252,mean,0
audioseal,5,1221,0,28,22252,tct,0
audioseal,5,1221,1,29,56563,mean,0
audioseal,5,1221,1,29,56563,tct,0
audioseal,5,1221,1,29,24051,mean,0
audioseal,5,1221,1,29,24051,tct,0
audioseal,5,1221,1,29,433,mean,0
audioseal,5,1221,1,29,433,tct,0
audioseal,5,1221,1,29,21746,mean,0
audioseal,5,1221,1,29,21746,tct,0
audioseal,5,1221,1,29,64752,mean,0
audioseal,5,1221,1,29,64752,tct,0
audioseal,5,1221,1,29,61680,mean,0
audioseal,5,1221,1,29,61680,tct,0
audioseal,5,1221,1,29,13556,mean,0
audioseal,5,1221,1,29,13556,tct,0
audioseal,5,1221,1,29,497,mean,0
audioseal,5,1221,1,29,497,tct,0
audioseal,5,1221,1,29,4529,mean,0
audioseal,5,1221,1,29,4529,tct,0
audioseal,5,1221,1,29,5830,mean,0
audioseal,5,1221,1,29,5830,tct,0
audioseal,5,1221,2,30,45907,mean,0
audioseal,5,1221,2,30,45907,tct,1
audioseal,5,1221,2,30,38340,mean,0
audioseal,5,1221,2,30,38340,tct,0
audioseal,5,1221,2,30,45843,mean,0
audioseal,5,1221,2,30,45843,tct,1
audioseal,5,1221,2,30,37824,mean,0
audioseal,5,1221,2,30,37824,tct,0
audioseal,5,1221,2,30,40320,mean,0
audioseal,5,1221,2,30,40320,tct,0
audioseal,5,1221,2,30,45555,mean,0
audioseal,5,1221,2,30,45555,tct,0
audioseal,5,1221,2,30,7569,mean,0
audioseal,5,1221,2,30,7569,tct,0
audioseal,5,1221,2,30,47048,mean,0
audioseal,5,1221,2,30,47048,tct,0
audioseal,5,1221,2,30,46707,mean,0
audioseal,5,1221,2,30,46707,tct,0
audioseal,5,1221,2,30,17128,mean,0
audioseal,5,1221,2,30,17128,tct,0
audioseal,5,1221,3,31,11229,mean,0
audioseal,5,1221,3,31,11229,tct,1
audioseal,5,1221,3,31,15197,mean,0
audioseal,5,1221,3,31,15197,tct,0
audioseal,5,1221,3,31,18570,mean,0
audioseal,5,1221,3,31,18570,tct,0
audioseal,5,1221,3,31,31700,mean,0
audioseal,5,1221,3,31,31700,tct,0
audioseal,5,1221,3,31,19602,mean,0
audioseal,5,1221,3,31,19602,tct,0
audioseal,5,1221,3,31,30738,mean,0
audioseal,5,1221,3,31,30738,tct,0
audioseal,5,1221,3,31,11236,mean,0
audioseal,5,1221,3,31,11236,tct,0
audioseal,5,1221,3,31,22534,mean,0
audioseal,5,1221,3,31,22534,tct,0
audioseal,5,1221,3,31,44521,mean,0
audioseal,5,1221,3,31,44521,tct,0
audioseal,5,1221,3,31,43499,mean,0
audioseal,5,1221,3,31,43499,tct,0
audioseal,5,1284,0,32,26767,mean,0
audioseal,5,1284,0,32,26767,tct,1
audioseal,5,1284,0,32,8063,mean,0
audioseal,5,1284,0,32,8063,tct,0
audioseal,5,1284,0,32,27311,mean,0
audioseal,5,1284,0,32,27311,tct,0
audioseal,5,1284,0,32,6007,mean,0
audioseal,5,1284,0,32,6007,tct,0
audioseal,5,1284,0,32,25231,mean,0
audioseal,5,1284,0,32,25231,tct,0
audioseal,5,1284,0,32,24975,mean,0
audioseal,5,1284,0,32,24975,tct,1
audioseal,5,1284,0,32,25839,mean,0
audioseal,5,1284,0,32,25839,tct,0
audioseal,5,1284,0,32,15735,mean,0
audioseal,5,1284,0,32,15735,tct,0
audioseal,5,1284,0,32,49327,mean,0
audioseal,5,1284,0,32,49327,tct,0
audioseal,5,1284,0,32,28479,mean,0
audioseal,5,1284,0,32,28479,tct,0
audioseal,5,1284,1,33,13125,mean,0
audioseal,5,1284,1,33,13125,tct,0
audioseal,5,1284,1,33,39235,mean,0
audioseal,5,1284,1,33,39235,tct,0
audioseal,5,1284,1,33,15113,mean,0
audioseal,5,1284,1,33,15113,tct,0
audioseal,5,1284,1,33,1566,mean,0
audioseal,5,1284,1,33,1566,tct,0
audioseal,5,1284,1,33,17982,mean,0
audioseal,5,1284,1,33,17982,tct,0
audioseal,5,1284,1,33,6478,mean,0
audioseal,5,1284,1,33,6478,tct,0
audioseal,5,1284,1,33,9741,mean,0
audioseal,5,1284,1,33,9741,tct,0
audioseal,5,1284,1,33,39744,mean,0
audioseal,5,1284,1,33,39744,tct,0
audioseal,5,1284,1,33,16941,mean,0
audioseal,5,1284,1,33,16941,tct,0
audioseal,5,1284,1,33,38430,mean,0
audioseal,5,1284,1,33,38430,tct,0
audioseal,5,1284,2,34,53298,mean,0
audioseal,5,1284,2,34,53298,tct,0
audioseal,5,1284,2,34,22714,mean,0
audioseal,5,1284,2,34,22714,tct,0
audioseal,5,1284,2,34,37938,mean,0
audioseal,5,1284,2,34,37938,tct,0
audioseal,5,1284,2,34,54640,mean,0
audioseal,5,1284,2,34,54640,tct,0
audioseal,5,1284,2,34,3442,mean,0
audioseal,5,1284,2,34,3442,tct,0
audioseal,5,1284,2,34,39200,mean,0
audioseal,5,1284,2,34,39200,tct,0
audioseal,5,1284,2,34,39330,mean,0
audioseal,5,1284,2,34,39330,tct,0
audioseal,5,1284,2,34,56674,mean,0
audioseal,5,1284,2,34,56674,tct,0
audioseal,5,1284,2,34,52514,mean,0
audioseal,5,1284,2,34,52514,tct,0
audioseal,5,1284,2,34,21553,mean,0
audioseal,5,1284,2,34,21553,tct,0
audioseal,5,1284,3,35,33159,mean,0
audioseal,5,1284,3,35,33159,tct,0
audioseal,5,1284,3,35,27324,mean,0
audioseal,5,1284,3,35,27324,tct,0
audioseal,5,1284,3,35,37191,mean,0
audioseal,5,1284,3,35,37191,tct,1
audioseal,5,1284,3,35,39505,mean,0
audioseal,5,1284,3,35,39505,tct,0
audioseal,5,1284,3,35,39541,mean,0
audioseal,5,1284,3,35,39541,tct,0
audioseal,5,1284,3,35,37187,mean,0
audioseal,5,1284,3,35,37187,tct,0
audioseal,5,1284,3,35,38996,mean,0
audioseal,5,1284,3,35,38996,tct,0
audioseal,5,1284,3,35,35381,mean,0
audioseal,5,1284,3,35,35381,tct,0
audioseal,5,1284,3,35,47825,mean,0
audioseal,5,1284,3,35,47825,tct,0
audioseal,5,1284,3,35,37317,mean,0
audioseal,5,1284,3,35,37317,tct,0
audioseal,5,1320,0,36,54032,mean,0
audioseal,5,1320,0,36,54032,tct,0
audioseal,5,1320,0,36,14621,mean,0
audioseal,5,1320,0,36,14621,tct,0
audioseal,5,1320,0,36,10505,mean,0
audioseal,5,1320,0,36,10505,tct,0
audioseal,5,1320,0,36,51091,mean,0
audioseal,5,1320,0,36,51091,tct,0
audioseal,5,1320,0,36,51561,mean,0
audioseal,5,1320,0,36,51561,tct,0
audioseal,5,1320,0,36,33129,mean,0
audioseal,5,1320,0,36,33129,tct,0
audioseal,5,1320,0,36,33155,mean,0
audioseal,5,1320,0,36,33155,tct,0
audioseal,5,1320,0,36,45401,mean,0
audioseal,5,1320,0,36,45401,tct,0
audioseal,5,1320,0,36,43337,mean,0
audioseal,5,1320,0,36,43337,tct,0
audioseal,5,1320,0,36,35881,mean,0
audioseal,5,1320,0,36,35881,tct,0
audioseal,5,1320,1,37,14691,mean,0
audioseal,5,1320,1,37,14691,tct,0
audioseal,5,1320,1,37,5111,mean,0
audioseal,5,1320,1,37,5111,tct,0
audioseal,5,1320,1,37,25790,mean,0
audioseal,5,1320,1,37,25790,tct,0
audioseal,5,1320,1,37,37723,mean,0
audioseal,5,1320,1,37,37723,tct,0
audioseal,5,1320,1,37,4479,mean,0
audioseal,5,1320,1,37,4479,tct,0
audioseal,5,1320,1,37,347,mean,0
audioseal,5,1320,1,37,347,tct,0
audioseal,5,1320,1,37,17657,mean,0
audioseal,5,1320,1,37,17657,tct,0
audioseal,5,1320,1,37,6015,mean,0
audioseal,5,1320,1,37,6015,tct,0
audioseal,5,1320,1,37,2011,mean,0
audioseal,5,1320,1,37,2011,tct,0
audioseal,5,1320,1,37,9342,mean,0
audioseal,5,1320,1,37,9342,tct,0
audioseal,5,1320,2,38,31437,mean,0
audioseal,5,1320,2,38,31437,tct,0
audioseal,5,1320,2,38,5540,mean,0
audioseal,5,1320,2,38,5540,tct,0
audioseal,5,1320,2,38,5516,mean,0
audioseal,5,1320,2,38,5516,tct,0
audioseal,5,1320,2,38,32743,mean,0
audioseal,5,1320,2,38,32743,tct,1
audioseal,5,1320,2,38,15949,mean,0
audioseal,5,1320,2,38,15949,tct,0
audioseal,5,1320,2,38,40324,mean,0
audioseal,5,1320,2,38,40324,tct,0
audioseal,5,1320,2,38,28149,mean,0
audioseal,5,1320,2,38,28149,tct,0
audioseal,5,1320,2,38,11767,mean,0
audioseal,5,1320,2,38,11767,tct,0
audioseal,5,1320,2,38,32709,mean,0
audioseal,5,1320,2,38,32709,tct,0
audioseal,5,1320,2,38,11332,mean,0
audioseal,5,1320,2,38,11332,tct,0
audioseal,5,1320,3,39,29695,mean,0
audioseal,5,1320,3,39,29695,tct,0
audioseal,5,1320,3,39,26505,mean,0
audioseal,5,1320,3,39,26505,tct,0
audioseal,5,1320,3,39,9121,mean,0
audioseal,5,1320,3,39,9121,tct,0
audioseal,5,1320,3,39,25599,mean,0
audioseal,5,1320,3,39,25599,tct,0
audioseal,5,1320,3,39,46071,mean,0
audioseal,5,1320,3,39,46071,tct,0
audioseal,5,1320,3,39,29663,mean,0
audioseal,5,1320,3,39,29663,tct,0
audioseal,5,1320,3,39,10765,mean,0
audioseal,5,1320,3,39,10765,tct,0
audioseal,5,1320,3,39,64383,mean,0
audioseal,5,1320,3,39,64383,tct,0
audioseal,5,1320,3,39,31743,mean,0
audioseal,5,1320,3,39,31743,tct,0
audioseal,5,1320,3,39,27199,mean,0
audioseal,5,1320,3,39,27199,tct,0
audioseal,5,1580,0,40,60997,mean,0
audioseal,5,1580,0,40,60997,tct,0
audioseal,5,1580,0,40,49119,mean,0
audioseal,5,1580,0,40,49119,tct,1
audioseal,5,1580,0,40,40959,mean,0
audioseal,5,1580,0,40,40959,tct,0
audioseal,5,1580,0,40,65223,mean,0
audioseal,5,1580,0,40,65223,tct,1
audioseal,5,1580,0,40,48847,mean,0
audioseal,5,1580,0,40,48847,tct,0
audioseal,5,1580,0,40,49103,mean,0
audioseal,5,1580,0,40,49103,tct,0
audioseal,5,1580,0,40,61013,mean,0
audioseal,5,1580,0,40,61013,tct,0
audioseal,5,1580,0,40,60628,mean,0
audioseal,5,1580,0,40,60628,tct,0
audioseal,5,1580,0,40,65253,mean,0
audioseal,5,1580,0,40,65253,tct,1
audioseal,5,1580,0,40,65231,mean,0
audioseal,5,1580,0,40,65231,tct,0
audioseal,5,1580,1,41,19397,mean,0
audioseal,5,1580,1,41,19397,tct,1
audioseal,5,1580,1,41,45094,mean,0
audioseal,5,1580,1,41,45094,tct,0
audioseal,5,1580,1,41,12582,mean,0
audioseal,5,1580,1,41,12582,tct,0
audioseal,5,1580,1,41,30886,mean,0
audioseal,5,1580,1,41,30886,tct,0
audioseal,5,1580,1,41,28389,mean,0
audioseal,5,1580,1,41,28389,tct,0
audioseal,5,1580,1,41,22758,mean,0
audioseal,5,1580,1,41,22758,tct,0
audioseal,5,1580,1,41,12009,mean,0
audioseal,5,1580,1,41,12009,tct,0
audioseal,5,1580,1,41,52905,mean,0
audioseal,5,1580,1,41,52905,tct,0
audioseal,5,1580,1,41,10471,mean,0
audioseal,5,1580,1,41,10471,tct,0
audioseal,5,1580,1,41,44205,mean,0
audioseal,5,1580,1,41,44205,tct,0
audioseal,5,1580,2,42,10144,mean,0
audioseal,5,1580,2,42,10144,tct,0
audioseal,5,1580,2,42,9110,mean,0
audioseal,5,1580,2,42,9110,tct,1
audioseal,5,1580,2,42,44797,mean,0
audioseal,5,1580,2,42,44797,tct,0
audioseal,5,1580,2,42,30646,mean,0
audioseal,5,1580,2,42,30646,tct,0
audioseal,5,1580,2,42,8960,mean,0
audioseal,5,1580,2,42,8960,tct,0
audioseal,5,1580,2,42,42283,mean,0
audioseal,5,1580,2,42,42283,tct,0
audioseal,5,1580,2,42,58795,mean,0
audioseal,5,1580,2,42,58795,tct,0
audioseal,5,1580,2,42,25890,mean,0
audioseal,5,1580,2,42,25890,tct,0
audioseal,5,1580,2,42,11509,mean,0
audioseal,5,1580,2,42,11509,tct,0
audioseal,5,1580,2,42,44125,mean,0
audioseal,5,1580,2,42,44125,tct,0
audioseal,5,1580,3,43,38335,mean,0
audioseal,5,1580,3,43,38335,tct,0
audioseal,5,1580,3,43,54483,mean,0
audioseal,5,1580,3,43,54483,tct,0
audioseal,5,1580,3,43,50264,mean,0
audioseal,5,1580,3,43,50264,tct,0
audioseal,5,1580,3,43,52571,mean,0
audioseal,5,1580,3,43,52571,tct,0
audioseal,5,1580,3,43,45212,mean,0
audioseal,5,1580,3,43,45212,tct,1
audioseal,5,1580,3,43,46494,mean,0
audioseal,5,1580,3,43,46494,tct,0
audioseal,5,1580,3,43,33948,mean,0
audioseal,5,1580,3,43,33948,tct,0
audioseal,5,1580,3,43,63955,mean,0
audioseal,5,1580,3,43,63955,tct,0
audioseal,5,1580,3,43,50386,mean,0
audioseal,5,1580,3,43,50386,tct,0
audioseal,5,1580,3,43,61659,mean,0
audioseal,5,1580,3,43,61659,tct,0
audioseal,5,1995,0,44,12769,mean,0
audioseal,5,1995,0,44,12769,tct,0
audioseal,5,1995,0,44,37357,mean,0
audioseal,5,1995,0,44,37357,tct,0
audioseal,5,1995,0,44,12533,mean,0
audioseal,5,1995,0,44,12533,tct,0
audioseal,5,1995,0,44,13813,mean,0
audioseal,5,1995,0,44,13813,tct,0
audioseal,5,1995,0,44,45421,mean,0
audioseal,5,1995,0,44,45421,tct,0
audioseal,5,1995,0,44,38136,mean,0
audioseal,5,1995,0,44,38136,tct,0
audioseal,5,1995,0,44,36989,mean,0
audioseal,5,1995,0,44,36989,tct,0
audioseal,5,1995,0,44,41445,mean,0
audioseal,5,1995,0,44,41445,tct,0
audioseal,5,1995,0,44,38780,mean,0
audioseal,5,1995,0,44,38780,tct,0
audioseal,5,1995,0,44,35405,mean,0
audioseal,5,1995,0,44,35405,tct,0
audioseal,5,1995,1,45,63430,mean,0
audioseal,5,1995,1,45,63430,tct,0
audioseal,5,1995,1,45,62718,mean,0
audioseal,5,1995,1,45,62718,tct,0
audioseal,5,1995,1,45,64974,mean,0
audioseal,5,1995,1,45,64974,tct,0
audioseal,5,1995,1,45,64970,mean,0
audioseal,5,1995,1,45,64970,tct,0
audioseal,5,1995,1,45,64902,mean,0
audioseal,5,1995,1,45,64902,tct,0
audioseal,5,1995,1,45,49034,mean,0
audioseal,5,1995,1,45,49034,tct,0
audioseal,5,1995,1,45,49091,mean,0
audioseal,5,1995,1,45,49091,tct,0
audioseal,5,1995,1,45,64651,mean,0
audioseal,5,1995,1,45,64651,tct,0
audioseal,5,1995,1,45,34092,mean,0
audioseal,5,1995,1,45,34092,tct,0
audioseal,5,1995,1,45,42028,mean,0
audioseal,5,1995,1,45,42028,tct,0
audioseal,5,1995,2,46,36635,mean,0
audioseal,5,1995,2,46,36635,tct,1
audioseal,5,1995,2,46,19730,mean,0
audioseal,5,1995,2,46,19730,tct,1
audioseal,5,1995,2,46,4859,mean,0
audioseal,5,1995,2,46,4859,tct,0
audioseal,5,1995,2,46,42346,mean,0
audioseal,5,1995,2,46,42346,tct,0
audioseal,5,1995,2,46,58728,mean,0
audioseal,5,1995,2,46,58728,tct,0
audioseal,5,1995,2,46,19862,mean,0
audioseal,5,1995,2,46,19862,tct,0
audioseal,5,1995,2,46,17770,mean,0
audioseal,5,1995,2,46,17770,tct,0
audioseal,5,1995,2,46,179,mean,0
audioseal,5,1995,2,46,179,tct,0
audioseal,5,1995,2,46,34587,mean,0
audioseal,5,1995,2,46,34587,tct,0
audioseal,5,1995,2,46,19930,mean,0
audioseal,5,1995,2,46,19930,tct,0
audioseal,5,1995,3,47,54888,mean,0
audioseal,5,1995,3,47,54888,tct,0
audioseal,5,1995,3,47,3126,mean,0
audioseal,5,1995,3,47,3126,tct,0
audioseal,5,1995,3,47,54848,mean,0
audioseal,5,1995,3,47,54848,tct,0
audioseal,5,1995,3,47,2425,mean,0
audioseal,5,1995,3,47,2425,tct,0
audioseal,5,1995,3,47,20258,mean,0
audioseal,5,1995,3,47,20258,tct,0
audioseal,5,1995,3,47,38624,mean,0
audioseal,5,1995,3,47,38624,tct,0
audioseal,5,1995,3,47,2403,mean,0
audioseal,5,1995,3,47,2403,tct,0
audioseal,5,1995,3,47,54818,mean,0
audioseal,5,1995,3,47,54818,tct,0
audioseal,5,1995,3,47,19558,mean,0
audioseal,5,1995,3,47,19558,tct,0
audioseal,5,1995,3,47,61283,mean,0
audioseal,5,1995,3,47,61283,tct,0
audioseal,5,2300,0,48,19416,mean,0
audioseal,5,2300,0,48,19416,tct,0
audioseal,5,2300,0,48,57130,mean,0
audioseal,5,2300,0,48,57130,tct,0
audioseal,5,2300,0,48,2512,mean,0
audioseal,5,2300,0,48,2512,tct,1
audioseal,5,2300,0,48,64958,mean,0
audioseal,5,2300,0,48,64958,tct,0
audioseal,5,2300,0,48,41393,mean,0
audioseal,5,2300,0,48,41393,tct,0
audioseal,5,2300,0,48,48939,mean,0
audioseal,5,2300,0,48,48939,tct,0
audioseal,5,2300,0,48,60368,mean,0
audioseal,5,2300,0,48,60368,tct,0
audioseal,5,2300,0,48,9168,mean,0
audioseal,5,2300,0,48,9168,tct,0
audioseal,5,2300,0,48,64290,mean,0
audioseal,5,2300,0,48,64290,tct,0
audioseal,5,2300,0,48,61218,mean,0
audioseal,5,2300,0,48,61218,tct,0
audioseal,5,2300,1,49,1702,mean,0
audioseal,5,2300,1,49,1702,tct,0
audioseal,5,2300,1,49,43035,mean,0
audioseal,5,2300,1,49,43035,tct,0
audioseal,5,2300,1,49,43299,mean,0
audioseal,5,2300,1,49,43299,tct,0
audioseal,5,2300,1,49,9534,mean,0
audioseal,5,2300,1,49,9534,tct,0
audioseal,5,2300,1,49,58302,mean,0
audioseal,5,2300,1,49,58302,tct,0
audioseal,5,2300,1,49,9634,mean,0
audioseal,5,2300,1,49,9634,tct,0
audioseal,5,2300,1,49,51635,mean,0
audioseal,5,2300,1,49,51635,tct,0
audioseal,5,2300,1,49,58110,mean,0
audioseal,5,2300,1,49,58110,tct,0
audioseal,5,2300,1,49,51219,mean,0
audioseal,5,2300,1,49,51219,tct,0
audioseal,5,2300,1,49,50870,mean,0
audioseal,5,2300,1,49,50870,tct,0
audioseal,5,2300,2,50,31281,mean,0
audioseal,5,2300,2,50,31281,tct,0
audioseal,5,2300,2,50,45097,mean,0
audioseal,5,2300,2,50,45097,tct,0
audioseal,5,2300,2,50,37776,mean,0
audioseal,5,2300,2,50,37776,tct,0
audioseal,5,2300,2,50,29617,mean,0
audioseal,5,2300,2,50,29617,tct,0
audioseal,5,2300,2,50,40976,mean,0
audioseal,5,2300,2,50,40976,tct,1
audioseal,5,2300,2,50,26517,mean,0
audioseal,5,2300,2,50,26517,tct,0
audioseal,5,2300,2,50,60304,mean,0
audioseal,5,2300,2,50,60304,tct,0
audioseal,5,2300,2,50,26640,mean,0
audioseal,5,2300,2,50,26640,tct,0
audioseal,5,2300,2,50,41019,mean,0
audioseal,5,2300,2,50,41019,tct,0
audioseal,5,2300,2,50,11057,mean,0
audioseal,5,2300,2,50,11057,tct,0
audioseal,5,2300,3,51,57013,mean,0
audioseal,5,2300,3,51,57013,tct,0
audioseal,5,2300,3,51,29762,mean,0
audioseal,5,2300,3,51,29762,tct,0
audioseal,5,2300,3,51,14082,mean,0
audioseal,5,2300,3,51,14082,tct,0
audioseal,5,2300,3,51,56837,mean,0
audioseal,5,2300,3,51,56837,tct,0
audioseal,5,2300,3,51,9990,mean,0
audioseal,5,2300,3,51,9990,tct,0
audioseal,5,2300,3,51,1546,mean,0
audioseal,5,2300,3,51,1546,tct,0
audioseal,5,2300,3,51,30689,mean,0
audioseal,5,2300,3,51,30689,tct,0
audioseal,5,2300,3,51,53905,mean,0
audioseal,5,2300,3,51,53905,tct,0
audioseal,5,2300,3,51,46858,mean,0
audioseal,5,2300,3,51,46858,tct,0
audioseal,5,2300,3,51,62534,mean,0
audioseal,5,2300,3,51,62534,tct,0
audioseal,5,2830,0,52,53409,mean,0
audioseal,5,2830,0,52,53409,tct,0
audioseal,5,2830,0,52,34886,mean,0
audioseal,5,2830,0,52,34886,tct,0
audioseal,5,2830,0,52,55457,mean,0
audioseal,5,2830,0,52,55457,tct,0
audioseal,5,2830,0,52,53473,mean,0
audioseal,5,2830,0,52,53473,tct,0
audioseal,5,2830,0,52,56524,mean,0
audioseal,5,2830,0,52,56524,tct,0
audioseal,5,2830,0,52,2241,mean,0
audioseal,5,2830,0,52,2241,tct,0
audioseal,5,2830,0,52,43200,mean,0
audioseal,5,2830,0,52,43200,tct,0
audioseal,5,2830,0,52,39109,mean,0
audioseal,5,2830,0,52,39109,tct,0
audioseal,5,2830,0,52,2260,mean,0
audioseal,5,2830,0,52,2260,tct,0
audioseal,5,2830,0,52,23752,mean,0
audioseal,5,2830,0,52,23752,tct,0
audioseal,5,2830,1,53,18811,mean,0
audioseal,5,2830,1,53,18811,tct,0
audioseal,5,2830,1,53,52543,mean,0
audioseal,5,2830,1,53,52543,tct,0
audioseal,5,2830,1,53,56637,mean,0
audioseal,5,2830,1,53,56637,tct,0
audioseal,5,2830,1,53,51497,mean,0
audioseal,5,2830,1,53,51497,tct,0
audioseal,5,2830,1,53,51499,mean,0
audioseal,5,2830,1,53,51499,tct,0
audioseal,5,2830,1,53,64831,mean,0
audioseal,5,2830,1,53,64831,tct,0
audioseal,5,2830,1,53,51577,mean,0
audioseal,5,2830,1,53,51577,tct,0
audioseal,5,2830,1,53,56751,mean,0
audioseal,5,2830,1,53,56751,tct,0
audioseal,5,2830,1,53,56829,mean,0
audioseal,5,2830,1,53,56829,tct,0
audioseal,5,2830,1,53,14777,mean,0
audioseal,5,2830,1,53,14777,tct,0
audioseal,5,2830,2,54,23277,mean,0
audioseal,5,2830,2,54,23277,tct,0
audioseal,5,2830,2,54,18734,mean,0
audioseal,5,2830,2,54,18734,tct,0
audioseal,5,2830,2,54,21616,mean,0
audioseal,5,2830,2,54,21616,tct,0
audioseal,5,2830,2,54,51700,mean,0
audioseal,5,2830,2,54,51700,tct,0
audioseal,5,2830,2,54,39028,mean,0
audioseal,5,2830,2,54,39028,tct,0
audioseal,5,2830,2,54,22776,mean,0
audioseal,5,2830,2,54,22776,tct,0
audioseal,5,2830,2,54,19181,mean,0
audioseal,5,2830,2,54,19181,tct,0
audioseal,5,2830,2,54,22830,mean,0
audioseal,5,2830,2,54,22830,tct,0
audioseal,5,2830,2,54,19366,mean,0
audioseal,5,2830,2,54,19366,tct,0
audioseal,5,2830,2,54,5298,mean,0
audioseal,5,2830,2,54,5298,tct,0
audioseal,5,2830,3,55,37234,mean,0
audioseal,5,2830,3,55,37234,tct,0
audioseal,5,2830,3,55,43276,mean,0
audioseal,5,2830,3,55,43276,tct,0
audioseal,5,2830,3,55,45378,mean,0
audioseal,5,2830,3,55,45378,tct,0
audioseal,5,2830,3,55,47360,mean,0
audioseal,5,2830,3,55,47360,tct,0
audioseal,5,2830,3,55,37194,mean,0
audioseal,5,2830,3,55,37194,tct,0
audioseal,5,2830,3,55,41858,mean,0
audioseal,5,2830,3,55,41858,tct,0
audioseal,5,2830,3,55,47442,mean,0
audioseal,5,2830,3,55,47442,tct,0
audioseal,5,2830,3,55,58626,mean,0
audioseal,5,2830,3,55,58626,tct,0
audioseal,5,2830,3,55,37331,mean,0
audioseal,5,2830,3,55,37331,tct,0
audioseal,5,2830,3,55,34690,mean,0
audioseal,5,2830,3,55,34690,tct,0
audioseal,5,2961,0,56,53728,mean,0
audioseal,5,2961,0,56,53728,tct,0
audioseal,5,2961,0,56,20932,mean,0
audioseal,5,2961,0,56,20932,tct,0
audioseal,5,2961,0,56,20946,mean,0
audioseal,5,2961,0,56,20946,tct,0
audioseal,5,2961,0,56,30102,mean,0
audioseal,5,2961,0,56,30102,tct,0
audioseal,5,2961,0,56,20969,mean,0
audioseal,5,2961,0,56,20969,tct,0
audioseal,5,2961,0,56,56041,mean,0
audioseal,5,2961,0,56,56041,tct,0
audioseal,5,2961,0,56,20712,mean,0
audioseal,5,2961,0,56,20712,tct,0
audioseal,5,2961,0,56,20706,mean,0
audioseal,5,2961,0,56,20706,tct,0
audioseal,5,2961,0,56,30198,mean,0
audioseal,5,2961,0,56,30198,tct,0
audioseal,5,2961,0,56,51949,mean,0
audioseal,5,2961,0,56,51949,tct,0
audioseal,5,2961,1,57,3095,mean,0
audioseal,5,2961,1,57,3095,tct,0
audioseal,5,2961,1,57,53368,mean,0
audioseal,5,2961,1,57,53368,tct,0
audioseal,5,2961,1,57,36991,mean,0
audioseal,5,2961,1,57,36991,tct,0
audioseal,5,2961,1,57,45177,mean,0
audioseal,5,2961,1,57,45177,tct,0
audioseal,5,2961,1,57,61445,mean,0
audioseal,5,2961,1,57,61445,tct,0
audioseal,5,2961,1,57,62073,mean,0
audioseal,5,2961,1,57,62073,tct,0
audioseal,5,2961,1,57,53341,mean,0
audioseal,5,2961,1,57,53341,tct,0
audioseal,5,2961,1,57,53509,mean,0
audioseal,5,2961,1,57,53509,tct,0
audioseal,5,2961,1,57,24588,mean,0
audioseal,5,2961,1,57,24588,tct,0
audioseal,5,2961,1,57,45631,mean,0
audioseal,5,2961,1,57,45631,tct,0
audioseal,5,2961,2,58,2840,mean,0
audioseal,5,2961,2,58,2840,tct,0
audioseal,5,2961,2,58,24147,mean,0
audioseal,5,2961,2,58,24147,tct,0
audioseal,5,2961,2,58,55891,mean,0
audioseal,5,2961,2,58,55891,tct,0
audioseal,5,2961,2,58,18419,mean,0
audioseal,5,2961,2,58,18419,tct,0
audioseal,5,2961,2,58,50562,mean,0
audioseal,5,2961,2,58,50562,tct,0
audioseal,5,2961,2,58,23315,mean,0
audioseal,5,2961,2,58,23315,tct,0
audioseal,5,2961,2,58,34299,mean,0
audioseal,5,2961,2,58,34299,tct,0
audioseal,5,2961,2,58,2906,mean,0
audioseal,5,2961,2,58,2906,tct,1
audioseal,5,2961,2,58,19059,mean,0
audioseal,5,2961,2,58,19059,tct,0
audioseal,5,2961,2,58,23304,mean,0
audioseal,5,2961,2,58,23304,tct,0
audioseal,5,2961,3,59,34991,mean,0
audioseal,5,2961,3,59,34991,tct,0
audioseal,5,2961,3,59,9439,mean,0
audioseal,5,2961,3,59,9439,tct,0
audioseal,5,2961,3,59,13455,mean,0
audioseal,5,2961,3,59,13455,tct,0
audioseal,5,2961,3,59,46302,mean,0
audioseal,5,2961,3,59,46302,tct,0
audioseal,5,2961,3,59,52029,mean,0
audioseal,5,2961,3,59,52029,tct,0
audioseal,5,2961,3,59,46334,mean,0
audioseal,5,2961,3,59,46334,tct,0
audioseal,5,2961,3,59,15391,mean,0
audioseal,5,2961,3,59,15391,tct,0
audioseal,5,2961,3,59,49289,mean,0
audioseal,5,2961,3,59,49289,tct,0
audioseal,5,2961,3,59,30431,mean,0
audioseal,5,2961,3,59,30431,tct,0
audioseal,5,2961,3,59,13517,mean,0
audioseal,5,2961,3,59,13517,tct,0
audioseal,5,3570,0,60,5117,mean,0
audioseal,5,3570,0,60,5117,tct,0
audioseal,5,3570,0,60,21469,mean,0
audioseal,5,3570,0,60,21469,tct,0
audioseal,5,3570,0,60,21806,mean,0
audioseal,5,3570,0,60,21806,tct,0
audioseal,5,3570,0,60,16654,mean,0
audioseal,5,3570,0,60,16654,tct,1
audioseal,5,3570,0,60,646,mean,0
audioseal,5,3570,0,60,646,tct,0
audioseal,5,3570,0,60,47014,mean,0
audioseal,5,3570,0,60,47014,tct,0
audioseal,5,3570,0,60,9510,mean,0
audioseal,5,3570,0,60,9510,tct,0
audioseal,5,3570,0,60,42884,mean,0
audioseal,5,3570,0,60,42884,tct,0
audioseal,5,3570,0,60,132,mean,0
audioseal,5,3570,0,60,132,tct,0
audioseal,5,3570,0,60,62342,mean,0
audioseal,5,3570,0,60,62342,tct,0
audioseal,5,3570,1,61,23831,mean,0
audioseal,5,3570,1,61,23831,tct,0
audioseal,5,3570,1,61,6260,mean,1
audioseal,5,3570,1,61,6260,tct,0
audioseal,5,3570,1,61,7671,mean,0
audioseal,5,3570,1,61,7671,tct,0
audioseal,5,3570,1,61,28725,mean,0
audioseal,5,3570,1,61,28725,tct,1
audioseal,5,3570,1,61,29757,mean,0
audioseal,5,3570,1,61,29757,tct,0
audioseal,5,3570,1,61,7280,mean,0
audioseal,5,3570,1,61,7280,tct,0
audioseal,5,3570,1,61,27259,mean,0
audioseal,5,3570,1,61,27259,tct,0
audioseal,5,3570,1,61,25213,mean,0
audioseal,5,3570,1,61,25213,tct,0
audioseal,5,3570,1,61,25151,mean,0
audioseal,5,3570,1,61,25151,tct,0
audioseal,5,3570,1,61,35449,mean,0
audioseal,5,3570,1,61,35449,tct,0
audioseal,5,3570,2,62,12071,mean,0
audioseal,5,3570,2,62,12071,tct,1
audioseal,5,3570,2,62,28579,mean,0
audioseal,5,3570,2,62,28579,tct,0
audioseal,5,3570,2,62,63268,mean,0
audioseal,5,3570,2,62,63268,tct,0
audioseal,5,3570,2,62,28419,mean,0
audioseal,5,3570,2,62,28419,tct,0
audioseal,5,3570,2,62,57221,mean,0
audioseal,5,3570,2,62,57221,tct,0
audioseal,5,3570,2,62,7715,mean,0
audioseal,5,3570,2,62,7715,tct,0
audioseal,5,3570,2,62,56967,mean,0
audioseal,5,3570,2,62,56967,tct,0
audioseal,5,3570,2,62,12130,mean,0
audioseal,5,3570,2,62,12130,tct,0
audioseal,5,3570,2,62,23408,mean,0
audioseal,5,3570,2,62,23408,tct,0
audioseal,5,3570,2,62,32644,mean,0
audioseal,5,3570,2,62,32644,tct,0
audioseal,5,3570,3,63,55255,mean,0
audioseal,5,3570,3,63,55255,tct,0
audioseal,5,3570,3,63,35784,mean,0
audioseal,5,3570,3,63,35784,tct,0
audioseal,5,3570,3,63,3048,mean,0
audioseal,5,3570,3,63,3048,tct,0
audioseal,5,3570,3,63,27383,mean,0
audioseal,5,3570,3,63,27383,tct,0
audioseal,5,3570,3,63,59383,mean,0
audioseal,5,3570,3,63,59383,tct,0
audioseal,5,3570,3,63,48755,mean,0
audioseal,5,3570,3,63,48755,tct,0
audioseal,5,3570,3,63,15923,mean,0
audioseal,5,3570,3,63,15923,tct,0
audioseal,5,3570,3,63,46867,mean,0
audioseal,5,3570,3,63,46867,tct,0
audioseal,5,3570,3,63,4684,mean,0
audioseal,5,3570,3,63,4684,tct,0
audioseal,5,3570,3,63,4045,mean,0
audioseal,5,3570,3,63,4045,tct,0
audioseal,5,3575,0,64,44685,mean,0
audioseal,5,3575,0,64,44685,tct,0
audioseal,5,3575,0,64,48780,mean,0
audioseal,5,3575,0,64,48780,tct,0
audioseal,5,3575,0,64,61068,mean,0
audioseal,5,3575,0,64,61068,tct,0
audioseal,5,3575,0,64,42700,mean,0
audioseal,5,3575,0,64,42700,tct,0
audioseal,5,3575,0,64,42953,mean,0
audioseal,5,3575,0,64,42953,tct,0
audioseal,5,3575,0,64,41704,mean,0
audioseal,5,3575,0,64,41704,tct,0
audioseal,5,3575,0,64,63180,mean,0
audioseal,5,3575,0,64,63180,tct,0
audioseal,5,3575,0,64,43692,mean,0
audioseal,5,3575,0,64,43692,tct,0
audioseal,5,3575,0,64,30671,mean,0
audioseal,5,3575,0,64,30671,tct,0
audioseal,5,3575,0,64,5965,mean,0
audioseal,5,3575,0,64,5965,tct,0
audioseal,5,3575,1,65,62199,mean,0
audioseal,5,3575,1,65,62199,tct,0
audioseal,5,3575,1,65,62203,mean,0
audioseal,5,3575,1,65,62203,tct,0
audioseal,5,3575,1,65,61695,mean,0
audioseal,5,3575,1,65,61695,tct,0
audioseal,5,3575,1,65,35065,mean,0
audioseal,5,3575,1,65,35065,tct,0
audioseal,5,3575,1,65,51453,mean,0
audioseal,5,3575,1,65,51453,tct,0
audioseal,5,3575,1,65,61687,mean,0
audioseal,5,3575,1,65,61687,tct,0
audioseal,5,3575,1,65,54006,mean,0
audioseal,5,3575,1,65,54006,tct,0
audioseal,5,3575,1,65,37103,mean,0
audioseal,5,3575,1,65,37103,tct,0
audioseal,5,3575,1,65,25274,mean,0
audioseal,5,3575,1,65,25274,tct,0
audioseal,5,3575,1,65,47337,mean,0
audioseal,5,3575,1,65,47337,tct,0
audioseal,5,3575,2,66,17729,mean,0
audioseal,5,3575,2,66,17729,tct,0
audioseal,5,3575,2,66,19582,mean,0
audioseal,5,3575,2,66,19582,tct,0
audioseal,5,3575,2,66,18785,mean,0
audioseal,5,3575,2,66,18785,tct,0
audioseal,5,3575,2,66,18815,mean,0
audioseal,5,3575,2,66,18815,tct,0
audioseal,5,3575,2,66,52215,mean,0
audioseal,5,3575,2,66,52215,tct,0
audioseal,5,3575,2,66,19820,mean,0
audioseal,5,3575,2,66,19820,tct,1
audioseal,5,3575,2,66,16877,mean,0
audioseal,5,3575,2,66,16877,tct,0
audioseal,5,3575,2,66,23523,mean,0
audioseal,5,3575,2,66,23523,tct,0
audioseal,5,3575,2,66,17782,mean,0
audioseal,5,3575,2,66,17782,tct,0
audioseal,5,3575,2,66,55731,mean,0
audioseal,5,3575,2,66,55731,tct,1
audioseal,5,3575,3,67,42770,mean,0
audioseal,5,3575,3,67,42770,tct,0
audioseal,5,3575,3,67,7863,mean,0
audioseal,5,3575,3,67,7863,tct,0
audioseal,5,3575,3,67,6323,mean,0
audioseal,5,3575,3,67,6323,tct,0
audioseal,5,3575,3,67,41139,mean,0
audioseal,5,3575,3,67,41139,tct,0
audioseal,5,3575,3,67,59439,mean,0
audioseal,5,3575,3,67,59439,tct,0
audioseal,5,3575,3,67,34478,mean,0
audioseal,5,3575,3,67,34478,tct,0
audioseal,5,3575,3,67,14523,mean,0
audioseal,5,3575,3,67,14523,tct,0
audioseal,5,3575,3,67,6839,mean,0
audioseal,5,3575,3,67,6839,tct,0
audioseal,5,3575,3,67,17086,mean,0
audioseal,5,3575,3,67,17086,tct,0
audioseal,5,3575,3,67,9810,mean,0
audioseal,5,3575,3,67,9810,tct,0
audioseal,5,3729,0,68,2275,mean,0
audioseal,5,3729,0,68,2275,tct,0
audioseal,5,3729,0,68,55239,mean,0
audioseal,5,3729,0,68,55239,tct,0
audioseal,5,3729,0,68,28954,mean,0
audioseal,5,3729,0,68,28954,tct,0
audioseal,5,3729,0,68,5070,mean,0
audioseal,5,3729,0,68,5070,tct,0
audioseal,5,3729,0,68,53830,mean,0
audioseal,5,3729,0,68,53830,tct,0
audioseal,5,3729,0,68,33475,mean,0
audioseal,5,3729,0,68,33475,tct,0
audioseal,5,3729,0,68,54469,mean,0
audioseal,5,3729,0,68,54469,tct,0
audioseal,5,3729,0,68,18712,mean,0
audioseal,5,3729,0,68,18712,tct,0
audioseal,5,3729,0,68,60698,mean,0
audioseal,5,3729,0,68,60698,tct,0
audioseal,5,3729,0,68,10955,mean,0
audioseal,5,3729,0,68,10955,tct,1
audioseal,5,3729,1,69,47933,mean,0
audioseal,5,3729,1,69,47933,tct,0
audioseal,5,3729,1,69,31549,mean,0
audioseal,5,3729,1,69,31549,tct,0
audioseal,5,3729,1,69,52825,mean,0
audioseal,5,3729,1,69,52825,tct,0
audioseal,5,3729,1,69,52601,mean,0
audioseal,5,3729,1,69,52601,tct,0
audioseal,5,3729,1,69,20338,mean,0
audioseal,5,3729,1,69,20338,tct,0
audioseal,5,3729,1,69,60541,mean,0
audioseal,5,3729,1,69,60541,tct,0
audioseal,5,3729,1,69,52793,mean,0
audioseal,5,3729,1,69,52793,tct,0
audioseal,5,3729,1,69,31545,mean,0
audioseal,5,3729,1,69,31545,tct,0
audioseal,5,3729,1,69,61309,mean,0
audioseal,5,3729,1,69,61309,tct,0
audioseal,5,3729,1,69,20258,mean,0
audioseal,5,3729,1,69,20258,tct,0
audioseal,5,3729,2,70,59408,mean,0
audioseal,5,3729,2,70,59408,tct,0
audioseal,5,3729,2,70,55383,mean,0
audioseal,5,3729,2,70,55383,tct,0
audioseal,5,3729,2,70,11180,mean,0
audioseal,5,3729,2,70,11180,tct,0
audioseal,5,3729,2,70,44048,mean,0
audioseal,5,3729,2,70,44048,tct,0
audioseal,5,3729,2,70,37767,mean,0
audioseal,5,3729,2,70,37767,tct,0
audioseal,5,3729,2,70,2996,mean,0
audioseal,5,3729,2,70,2996,tct,0
audioseal,5,3729,2,70,2022,mean,0
audioseal,5,3729,2,70,2022,tct,0
audioseal,5,3729,2,70,5022,mean,0
audioseal,5,3729,2,70,5022,tct,0
audioseal,5,3729,2,70,2064,mean,0
audioseal,5,3729,2,70,2064,tct,0
audioseal,5,3729,2,70,48022,mean,0
audioseal,5,3729,2,70,48022,tct,0
audioseal,5,3729,3,71,65518,mean,0
audioseal,5,3729,3,71,65518,tct,0
audioseal,5,3729,3,71,45038,mean,0
audioseal,5,3729,3,71,45038,tct,0
audioseal,5,3729,3,71,51546,mean,0
audioseal,5,3729,3,71,51546,tct,0
audioseal,5,3729,3,71,59794,mean,0
audioseal,5,3729,3,71,59794,tct,0
audioseal,5,3729,3,71,61378,mean,0
audioseal,5,3729,3,71,61378,tct,0
audioseal,5,3729,3,71,65458,mean,0
audioseal,5,3729,3,71,65458,tct,0
audioseal,5,3729,3,71,61422,mean,0
audioseal,5,3729,3,71,61422,tct,0
audioseal,5,3729,3,71,51710,mean,0
audioseal,5,3729,3,71,51710,tct,0
audioseal,5,3729,3,71,63587,mean,0
audioseal,5,3729,3,71,63587,tct,0
audioseal,5,3729,3,71,10376,mean,0
audioseal,5,3729,3,71,10376,tct,0
audioseal,5,4077,0,72,16344,mean,0
audioseal,5,4077,0,72,16344,tct,0
audioseal,5,4077,0,72,16320,mean,0
audioseal,5,4077,0,72,16320,tct,0
audioseal,5,4077,0,72,5038,mean,0
audioseal,5,4077,0,72,5038,tct,0
audioseal,5,4077,0,72,16240,mean,0
audioseal,5,4077,0,72,16240,tct,0
audioseal,5,4077,0,72,14246,mean,0
audioseal,5,4077,0,72,14246,tct,0
audioseal,5,4077,0,72,15882,mean,0
audioseal,5,4077,0,72,15882,tct,0
audioseal,5,4077,0,72,16376,mean,0
audioseal,5,4077,0,72,16376,tct,0
audioseal,5,4077,0,72,16112,mean,0
audioseal,5,4077,0,72,16112,tct,0
audioseal,5,4077,0,72,13975,mean,0
audioseal,5,4077,0,72,13975,tct,0
audioseal,5,4077,0,72,7712,mean,0
audioseal,5,4077,0,72,7712,tct,1
audioseal,5,4077,1,73,38503,mean,0
audioseal,5,4077,1,73,38503,tct,0
audioseal,5,4077,1,73,27869,mean,0
audioseal,5,4077,1,73,27869,tct,0
audioseal,5,4077,1,73,27863,mean,0
audioseal,5,4077,1,73,27863,tct,0
audioseal,5,4077,1,73,27845,mean,0
audioseal,5,4077,1,73,27845,tct,0
audioseal,5,4077,1,73,47706,mean,0
audioseal,5,4077,1,73,47706,tct,0
audioseal,5,4077,1,73,43576,mean,0
audioseal,5,4077,1,73,43576,tct,0
audioseal,5,4077,1,73,44047,mean,0
audioseal,5,4077,1,73,44047,tct,0
audioseal,5,4077,1,73,47230,mean,0
audioseal,5,4077,1,73,47230,tct,0
audioseal,5,4077,1,73,47210,mean,0
audioseal,5,4077,1,73,47210,tct,1
audioseal,5,4077,1,73,31829,mean,0
audioseal,5,4077,1,73,31829,tct,0
audioseal,5,4077,2,74,51248,mean,0
audioseal,5,4077,2,74,51248,tct,0
audioseal,5,4077,2,74,1571,mean,0
audioseal,5,4077,2,74,1571,tct,0
audioseal,5,4077,2,74,1577,mean,0
audioseal,5,4077,2,74,1577,tct,0
audioseal,5,4077,2,74,35122,mean,0
audioseal,5,4077,2,74,35122,tct,0
audioseal,5,4077,2,74,44354,mean,0
audioseal,5,4077,2,74,44354,tct,0
audioseal,5,4077,2,74,43063,mean,0
audioseal,5,4077,2,74,43063,tct,0
audioseal,5,4077,2,74,35041,mean,0
audioseal,5,4077,2,74,35041,tct,0
audioseal,5,4077,2,74,34363,mean,0
audioseal,5,4077,2,74,34363,tct,0
audioseal,5,4077,2,74,43578,mean,0
audioseal,5,4077,2,74,43578,tct,0
audioseal,5,4077,2,74,51256,mean,0
audioseal,5,4077,2,74,51256,tct,0
audioseal,5,4077,3,75,20720,mean,0
audioseal,5,4077,3,75,20720,tct,0
audioseal,5,4077,3,75,64374,mean,0
audioseal,5,4077,3,75,64374,tct,0
audioseal,5,4077,3,75,20848,mean,0
audioseal,5,4077,3,75,20848,tct,0
audioseal,5,4077,3,75,31371,mean,0
audioseal,5,4077,3,75,31371,tct,0
audioseal,5,4077,3,75,9618,mean,0
audioseal,5,4077,3,75,9618,tct,0
audioseal,5,4077,3,75,12434,mean,0
audioseal,5,4077,3,75,12434,tct,1
audioseal,5,4077,3,75,9344,mean,0
audioseal,5,4077,3,75,9344,tct,0
audioseal,5,4077,3,75,22642,mean,0
audioseal,5,4077,3,75,22642,tct,0
audioseal,5,4077,3,75,30795,mean,0
audioseal,5,4077,3,75,30795,tct,0
audioseal,5,4077,3,75,8336,mean,0
audioseal,5,4077,3,75,8336,tct,0
audioseal,5,4446,0,76,34251,mean,0
audioseal,5,4446,0,76,34251,tct,0
audioseal,5,4446,0,76,62625,mean,0
audioseal,5,4446,0,76,62625,tct,0
audioseal,5,4446,0,76,10652,mean,0
audioseal,5,4446,0,76,10652,tct,0
audioseal,5,4446,0,76,22411,mean,0
audioseal,5,4446,0,76,22411,tct,0
audioseal,5,4446,0,76,1931,mean,0
audioseal,5,4446,0,76,1931,tct,0
audioseal,5,4446,0,76,34777,mean,0
audioseal,5,4446,0,76,34777,tct,0
audioseal,5,4446,0,76,34539,mean,0
audioseal,5,4446,0,76,34539,tct,0
audioseal,5,4446,0,76,54497,mean,0
audioseal,5,4446,0,76,54497,tct,0
audioseal,5,4446,0,76,13985,mean,0
audioseal,5,4446,0,76,13985,tct,0
audioseal,5,4446,0,76,31872,mean,0
audioseal,5,4446,0,76,31872,tct,0
audioseal,5,4446,1,77,6212,mean,0
audioseal,5,4446,1,77,6212,tct,0
audioseal,5,4446,1,77,7301,mean,0
audioseal,5,4446,1,77,7301,tct,0
audioseal,5,4446,1,77,15461,mean,0
audioseal,5,4446,1,77,15461,tct,0
audioseal,5,4446,1,77,7341,mean,0
audioseal,5,4446,1,77,7341,tct,0
audioseal,5,4446,1,77,7469,mean,0
audioseal,5,4446,1,77,7469,tct,0
audioseal,5,4446,1,77,10233,mean,0
audioseal,5,4446,1,77,10233,tct,0
audioseal,5,4446,1,77,15753,mean,0
audioseal,5,4446,1,77,15753,tct,0
audioseal,5,4446,1,77,7431,mean,0
audioseal,5,4446,1,77,7431,tct,0
audioseal,5,4446,1,77,7183,mean,0
audioseal,5,4446,1,77,7183,tct,0
audioseal,5,4446,1,77,40329,mean,0
audioseal,5,4446,1,77,40329,tct,0
audioseal,5,4446,2,78,50235,mean,0
audioseal,5,4446,2,78,50235,tct,0
audioseal,5,4446,2,78,1779,mean,0
audioseal,5,4446,2,78,1779,tct,0
audioseal,5,4446,2,78,3831,mean,0
audioseal,5,4446,2,78,3831,tct,0
audioseal,5,4446,2,78,48069,mean,0
audioseal,5,4446,2,78,48069,tct,0
audioseal,5,4446,2,78,18167,mean,0
audioseal,5,4446,2,78,18167,tct,0
audioseal,5,4446,2,78,1271,mean,0
audioseal,5,4446,2,78,1271,tct,0
audioseal,5,4446,2,78,1719,mean,0
audioseal,5,4446,2,78,1719,tct,0
audioseal,5,4446,2,78,16357,mean,0
audioseal,5,4446,2,78,16357,tct,0
audioseal,5,4446,2,78,34405,mean,0
audioseal,5,4446,2,78,34405,tct,0
audioseal,5,4446,2,78,33905,mean,0
audioseal,5,4446,2,78,33905,tct,0
audioseal,5,4446,3,79,12932,mean,0
audioseal,5,4446,3,79,12932,tct,0
audioseal,5,4446,3,79,7444,mean,0
audioseal,5,4446,3,79,7444,tct,1
audioseal,5,4446,3,79,40220,mean,0
audioseal,5,4446,3,79,40220,tct,0
audioseal,5,4446,3,79,30228,mean,0
audioseal,5,4446,3,79,30228,tct,0
audioseal,5,4446,3,79,46356,mean,0
audioseal,5,4446,3,79,46356,tct,0
audioseal,5,4446,3,79,29873,mean,0
audioseal,5,4446,3,79,29873,tct,0
audioseal,5,4446,3,79,12961,mean,0
audioseal,5,4446,3,79,12961,tct,0
audioseal,5,4446,3,79,12420,mean,0
audioseal,5,4446,3,79,12420,tct,0
audioseal,5,4446,3,79,12952,mean,0
audioseal,5,4446,3,79,12952,tct,0
audioseal,5,4446,3,79,57591,mean,0
audioseal,5,4446,3,79,57591,tct,0
audioseal,5,4507,0,80,38215,mean,0
audioseal,5,4507,0,80,38215,tct,0
audioseal,5,4507,0,80,46677,mean,0
audioseal,5,4507,0,80,46677,tct,0
audioseal,5,4507,0,80,59985,mean,0
audioseal,5,4507,0,80,59985,tct,0
audioseal,5,4507,0,80,5575,mean,0
audioseal,5,4507,0,80,5575,tct,0
audioseal,5,4507,0,80,8812,mean,0
audioseal,5,4507,0,80,8812,tct,0
audioseal,5,4507,0,80,34247,mean,0
audioseal,5,4507,0,80,34247,tct,0
audioseal,5,4507,0,80,46277,mean,0
audioseal,5,4507,0,80,46277,tct,0
audioseal,5,4507,0,80,38357,mean,0
audioseal,5,4507,0,80,38357,tct,0
audioseal,5,4507,0,80,10829,mean,0
audioseal,5,4507,0,80,10829,tct,0
audioseal,5,4507,0,80,10844,mean,0
audioseal,5,4507,0,80,10844,tct,0
audioseal,5,4507,1,81,59479,mean,0
audioseal,5,4507,1,81,59479,tct,0
audioseal,5,4507,1,81,36050,mean,0
audioseal,5,4507,1,81,36050,tct,0
audioseal,5,4507,1,81,13582,mean,0
audioseal,5,4507,1,81,13582,tct,0
audioseal,5,4507,1,81,59495,mean,0
audioseal,5,4507,1,81,59495,tct,0
audioseal,5,4507,1,81,39066,mean,0
audioseal,5,4507,1,81,39066,tct,0
audioseal,5,4507,1,81,63743,mean,0
audioseal,5,4507,1,81,63743,tct,0
audioseal,5,4507,1,81,52434,mean,0
audioseal,5,4507,1,81,52434,tct,0
audioseal,5,4507,1,81,55583,mean,0
audioseal,5,4507,1,81,55583,tct,0
audioseal,5,4507,1,81,16055,mean,0
audioseal,5,4507,1,81,16055,tct,0
audioseal,5,4507,1,81,55710,mean,0
audioseal,5,4507,1,81,55710,tct,0
audioseal,5,4507,2,82,11825,mean,0
audioseal,5,4507,2,82,11825,tct,1
audioseal,5,4507,2,82,8867,mean,0
audioseal,5,4507,2,82,8867,tct,0
audioseal,5,4507,2,82,21765,mean,0
audioseal,5,4507,2,82,21765,tct,0
audioseal,5,4507,2,82,16689,mean,0
audioseal,5,4507,2,82,16689,tct,0
audioseal,5,4507,2,82,11313,mean,0
audioseal,5,4507,2,82,11313,tct,0
audioseal,5,4507,2,82,19477,mean,0
audioseal,5,4507,2,82,19477,tct,0
audioseal,5,4507,2,82,27669,mean,0
audioseal,5,4507,2,82,27669,tct,0
audioseal,5,4507,2,82,17941,mean,0
audioseal,5,4507,2,82,17941,tct,0
audioseal,5,4507,2,82,10275,mean,0
audioseal,5,4507,2,82,10275,tct,0
audioseal,5,4507,2,82,8483,mean,0
audioseal,5,4507,2,82,8483,tct,0
audioseal,5,4507,3,83,52205,mean,0
audioseal,5,4507,3,83,52205,tct,0
audioseal,5,4507,3,83,17443,mean,0
audioseal,5,4507,3,83,17443,tct,0
audioseal,5,4507,3,83,11945,mean,0
audioseal,5,4507,3,83,11945,tct,0
audioseal,5,4507,3,83,56261,mean,0
audioseal,5,4507,3,83,56261,tct,0
audioseal,5,4507,3,83,24423,mean,0
audioseal,5,4507,3,83,24423,tct,0
audioseal,5,4507,3,83,60045,mean,0
audioseal,5,4507,3,83,60045,tct,0
audioseal,5,4507,3,83,21351,mean,0
audioseal,5,4507,3,83,21351,tct,0
audioseal,5,4507,3,83,40543,mean,0
audioseal,5,4507,3,83,40543,tct,0
audioseal,5,4507,3,83,56319,mean,0
audioseal,5,4507,3,83,56319,tct,0
audioseal,5,4507,3,83,52095,mean,0
audioseal,5,4507,3,83,52095,tct,0
audioseal,5,4970,0,84,40311,mean,0
audioseal,5,4970,0,84,40311,tct,0
audioseal,5,4970,0,84,7061,mean,0
audioseal,5,4970,0,84,7061,tct,0
audioseal,5,4970,0,84,22969,mean,0
audioseal,5,4970,0,84,22969,tct,0
audioseal,5,4970,0,84,35959,mean,0
audioseal,5,4970,0,84,35959,tct,0
audioseal,5,4970,0,84,37991,mean,0
audioseal,5,4970,0,84,37991,tct,0
audioseal,5,4970,0,84,6321,mean,0
audioseal,5,4970,0,84,6321,tct,0
audioseal,5,4970,0,84,6521,mean,0
audioseal,5,4970,0,84,6521,tct,0
audioseal,5,4970,0,84,6459,mean,0
audioseal,5,4970,0,84,6459,tct,0
audioseal,5,4970,0,84,7541,mean,0
audioseal,5,4970,0,84,7541,tct,0
audioseal,5,4970,0,84,20834,mean,0
audioseal,5,4970,0,84,20834,tct,0
audioseal,5,4970,1,85,46073,mean,0
audioseal,5,4970,1,85,46073,tct,0
audioseal,5,4970,1,85,44009,mean,0
audioseal,5,4970,1,85,44009,tct,0
audioseal,5,4970,1,85,58365,mean,0
audioseal,5,4970,1,85,58365,tct,0
audioseal,5,4970,1,85,57849,mean,0
audioseal,5,4970,1,85,57849,tct,0
audioseal,5,4970,1,85,14057,mean,0
audioseal,5,4970,1,85,14057,tct,0
audioseal,5,4970,1,85,7202,mean,0
audioseal,5,4970,1,85,7202,tct,0
audioseal,5,4970,1,85,59615,mean,0
audioseal,5,4970,1,85,59615,tct,0
audioseal,5,4970,1,85,3364,mean,0
audioseal,5,4970,1,85,3364,tct,0
audioseal,5,4970,1,85,15593,mean,0
audioseal,5,4970,1,85,15593,tct,0
audioseal,5,4970,1,85,60551,mean,0
audioseal,5,4970,1,85,60551,tct,0
audioseal,5,4970,2,86,43029,mean,0
audioseal,5,4970,2,86,43029,tct,0
audioseal,5,4970,2,86,5373,mean,0
audioseal,5,4970,2,86,5373,tct,0
audioseal,5,4970,2,86,1999,mean,0
audioseal,5,4970,2,86,1999,tct,0
audioseal,5,4970,2,86,23240,mean,0
audioseal,5,4970,2,86,23240,tct,0
audioseal,5,4970,2,86,59925,mean,0
audioseal,5,4970,2,86,59925,tct,0
audioseal,5,4970,2,86,1237,mean,0
audioseal,5,4970,2,86,1237,tct,0
audioseal,5,4970,2,86,39189,mean,0
audioseal,5,4970,2,86,39189,tct,0
audioseal,5,4970,2,86,18123,mean,0
audioseal,5,4970,2,86,18123,tct,0
audioseal,5,4970,2,86,37269,mean,0
audioseal,5,4970,2,86,37269,tct,0
audioseal,5,4970,2,86,4277,mean,0
audioseal,5,4970,2,86,4277,tct,0
audioseal,5,4970,3,87,45622,mean,0
audioseal,5,4970,3,87,45622,tct,1
audioseal,5,4970,3,87,33344,mean,0
audioseal,5,4970,3,87,33344,tct,0
audioseal,5,4970,3,87,50418,mean,0
audioseal,5,4970,3,87,50418,tct,0
audioseal,5,4970,3,87,17470,mean,0
audioseal,5,4970,3,87,17470,tct,0
audioseal,5,4970,3,87,2218,mean,0
audioseal,5,4970,3,87,2218,tct,0
audioseal,5,4970,3,87,34372,mean,0
audioseal,5,4970,3,87,34372,tct,0
audioseal,5,4970,3,87,46770,mean,0
audioseal,5,4970,3,87,46770,tct,0
audioseal,5,4970,3,87,41074,mean,0
audioseal,5,4970,3,87,41074,tct,0
audioseal,5,4970,3,87,43186,mean,0
audioseal,5,4970,3,87,43186,tct,0
audioseal,5,4970,3,87,50354,mean,0
audioseal,5,4970,3,87,50354,tct,0
audioseal,5,4992,0,88,23131,mean,0
audioseal,5,4992,0,88,23131,tct,0
audioseal,5,4992,0,88,54530,mean,0
audioseal,5,4992,0,88,54530,tct,0
audioseal,5,4992,0,88,56354,mean,0
audioseal,5,4992,0,88,56354,tct,0
audioseal,5,4992,0,88,56363,mean,0
audioseal,5,4992,0,88,56363,tct,0
audioseal,5,4992,0,88,56843,mean,0
audioseal,5,4992,0,88,56843,tct,0
audioseal,5,4992,0,88,56611,mean,0
audioseal,5,4992,0,88,56611,tct,0
audioseal,5,4992,0,88,52626,mean,0
audioseal,5,4992,0,88,52626,tct,0
audioseal,5,4992,0,88,54656,mean,0
audioseal,5,4992,0,88,54656,tct,0
audioseal,5,4992,0,88,13163,mean,0
audioseal,5,4992,0,88,13163,tct,0
audioseal,5,4992,0,88,379,mean,0
audioseal,5,4992,0,88,379,tct,0
audioseal,5,4992,1,89,62899,mean,0
audioseal,5,4992,1,89,62899,tct,0
audioseal,5,4992,1,89,62905,mean,0
audioseal,5,4992,1,89,62905,tct,0
audioseal,5,4992,1,89,60864,mean,0
audioseal,5,4992,1,89,60864,tct,0
audioseal,5,4992,1,89,60801,mean,0
audioseal,5,4992,1,89,60801,tct,0
audioseal,5,4992,1,89,60423,mean,0
audioseal,5,4992,1,89,60423,tct,0
audioseal,5,4992,1,89,42050,mean,0
audioseal,5,4992,1,89,42050,tct,0
audioseal,5,4992,1,89,62865,mean,0
audioseal,5,4992,1,89,62865,tct,0
audioseal,5,4992,1,89,30144,mean,0
audioseal,5,4992,1,89,30144,tct,0
audioseal,5,4992,1,89,42073,mean,0
audioseal,5,4992,1,89,42073,tct,0
audioseal,5,4992,1,89,61371,mean,0
audioseal,5,4992,1,89,61371,tct,0
audioseal,5,4992,2,90,657,mean,0
audioseal,5,4992,2,90,657,tct,0
audioseal,5,4992,2,90,44632,mean,0
audioseal,5,4992,2,90,44632,tct,0
audioseal,5,4992,2,90,9856,mean,0
audioseal,5,4992,2,90,9856,tct,0
audioseal,5,4992,2,90,63644,mean,0
audioseal,5,4992,2,90,63644,tct,0
audioseal,5,4992,2,90,44889,mean,0
audioseal,5,4992,2,90,44889,tct,0
audioseal,5,4992,2,90,3689,mean,0
audioseal,5,4992,2,90,3689,tct,0
audioseal,5,4992,2,90,44621,mean,0
audioseal,5,4992,2,90,44621,tct,0
audioseal,5,4992,2,90,11993,mean,0
audioseal,5,4992,2,90,11993,tct,0
audioseal,5,4992,2,90,9860,mean,0
audioseal,5,4992,2,90,9860,tct,0
audioseal,5,4992,2,90,36569,mean,0
audioseal,5,4992,2,90,36569,tct,0
audioseal,5,4992,3,91,43329,mean,0
audioseal,5,4992,3,91,43329,tct,0
audioseal,5,4992,3,91,1624,mean,0
audioseal,5,4992,3,91,1624,tct,0
audioseal,5,4992,3,91,12558,mean,0
audioseal,5,4992,3,91,12558,tct,0
audioseal,5,4992,3,91,14094,mean,0
audioseal,5,4992,3,91,14094,tct,0
audioseal,5,4992,3,91,8590,mean,0
audioseal,5,4992,3,91,8590,tct,0
audioseal,5,4992,3,91,8264,mean,0
audioseal,5,4992,3,91,8264,tct,0
audioseal,5,4992,3,91,40976,mean,0
audioseal,5,4992,3,91,40976,tct,0
audioseal,5,4992,3,91,13770,mean,0
audioseal,5,4992,3,91,13770,tct,0
audioseal,5,4992,3,91,10592,mean,0
audioseal,5,4992,3,91,10592,tct,0
audioseal,5,4992,3,91,13703,mean,0
audioseal,5,4992,3,91,13703,tct,0
audioseal,5,5105,0,92,34883,mean,0
audioseal,5,5105,0,92,34883,tct,0
audioseal,5,5105,0,92,6407,mean,0
audioseal,5,5105,0,92,6407,tct,0
audioseal,5,5105,0,92,8353,mean,0
audioseal,5,5105,0,92,8353,tct,0
audioseal,5,5105,0,92,8421,mean,0
audioseal,5,5105,0,92,8421,tct,0
audioseal,5,5105,0,92,36399,mean,0
audioseal,5,5105,0,92,36399,tct,0
audioseal,5,5105,0,92,34880,mean,0
audioseal,5,5105,0,92,34880,tct,0
audioseal,5,5105,0,92,35395,mean,0
audioseal,5,5105,0,92,35395,tct,0
audioseal,5,5105,0,92,167,mean,0
audioseal,5,5105,0,92,167,tct,0
audioseal,5,5105,0,92,2471,mean,0
audioseal,5,5105,0,92,2471,tct,0
audioseal,5,5105,0,92,34851,mean,0
audioseal,5,5105,0,92,34851,tct,1
audioseal,5,5105,1,93,8187,mean,0
audioseal,5,5105,1,93,8187,tct,0
audioseal,5,5105,1,93,35148,mean,0
audioseal,5,5105,1,93,35148,tct,0
audioseal,5,5105,1,93,43605,mean,0
audioseal,5,5105,1,93,43605,tct,1
audioseal,5,5105,1,93,46832,mean,0
audioseal,5,5105,1,93,46832,tct,0
audioseal,5,5105,1,93,39788,mean,0
audioseal,5,5105,1,93,39788,tct,0
audioseal,5,5105,1,93,12529,mean,0
audioseal,5,5105,1,93,12529,tct,0
audioseal,5,5105,1,93,62163,mean,0
audioseal,5,5105,1,93,62163,tct,0
audioseal,5,5105,1,93,61523,mean,0
audioseal,5,5105,1,93,61523,tct,0
audioseal,5,5105,1,93,3916,mean,0
audioseal,5,5105,1,93,3916,tct,0
audioseal,5,5105,1,93,41072,mean,0
audioseal,5,5105,1,93,41072,tct,0
audioseal,5,5105,2,94,12874,mean,0
audioseal,5,5105,2,94,12874,tct,0
audioseal,5,5105,2,94,22980,mean,0
audioseal,5,5105,2,94,22980,tct,0
audioseal,5,5105,2,94,44036,mean,0
audioseal,5,5105,2,94,44036,tct,0
audioseal,5,5105,2,94,788,mean,0
audioseal,5,5105,2,94,788,tct,0
audioseal,5,5105,2,94,59524,mean,0
audioseal,5,5105,2,94,59524,tct,0
audioseal,5,5105,2,94,773,mean,0
audioseal,5,5105,2,94,773,tct,0
audioseal,5,5105,2,94,19253,mean,0
audioseal,5,5105,2,94,19253,tct,0
audioseal,5,5105,2,94,2516,mean,0
audioseal,5,5105,2,94,2516,tct,0
audioseal,5,5105,2,94,45650,mean,0
audioseal,5,5105,2,94,45650,tct,0
audioseal,5,5105,2,94,4981,mean,0
audioseal,5,5105,2,94,4981,tct,0
audioseal,5,5105,3,95,32565,mean,0
audioseal,5,5105,3,95,32565,tct,0
audioseal,5,5105,3,95,65077,mean,0
audioseal,5,5105,3,95,65077,tct,0
audioseal,5,5105,3,95,33839,mean,0
audioseal,5,5105,3,95,33839,tct,0
audioseal,5,5105,3,95,1445,mean,0
audioseal,5,5105,3,95,1445,tct,0
audioseal,5,5105,3,95,65076,mean,0
audioseal,5,5105,3,95,65076,tct,0
audioseal,5,5105,3,95,3239,mean,0
audioseal,5,5105,3,95,3239,tct,1
audioseal,5,5105,3,95,3632,mean,0
audioseal,5,5105,3,95,3632,tct,0
audioseal,5,5105,3,95,40496,mean,0
audioseal,5,5105,3,95,40496,tct,0
audioseal,5,5105,3,95,35851,mean,0
audioseal,5,5105,3,95,35851,tct,0
audioseal,5,5105,3,95,17451,mean,0
audioseal,5,5105,3,95,17451,tct,0
audioseal,5,5142,0,96,6483,mean,0
audioseal,5,5142,0,96,6483,tct,0
audioseal,5,5142,0,96,6486,mean,0
audioseal,5,5142,0,96,6486,tct,0
audioseal,5,5142,0,96,20072,mean,0
audioseal,5,5142,0,96,20072,tct,0
audioseal,5,5142,0,96,14417,mean,0
audioseal,5,5142,0,96,14417,tct,0
audioseal,5,5142,0,96,23672,mean,0
audioseal,5,5142,0,96,23672,tct,0
audioseal,5,5142,0,96,22643,mean,0
audioseal,5,5142,0,96,22643,tct,0
audioseal,5,5142,0,96,3410,mean,0
audioseal,5,5142,0,96,3410,tct,0
audioseal,5,5142,0,96,1052,mean,0
audioseal,5,5142,0,96,1052,tct,0
audioseal,5,5142,0,96,46495,mean,0
audioseal,5,5142,0,96,46495,tct,0
audioseal,5,5142,0,96,3178,mean,0
audioseal,5,5142,0,96,3178,tct,0
audioseal,5,5142,1,97,51909,mean,0
audioseal,5,5142,1,97,51909,tct,0
audioseal,5,5142,1,97,64417,mean,0
audioseal,5,5142,1,97,64417,tct,0
audioseal,5,5142,1,97,64288,mean,0
audioseal,5,5142,1,97,64288,tct,0
audioseal,5,5142,1,97,34108,mean,0
audioseal,5,5142,1,97,34108,tct,0
audioseal,5,5142,1,97,42276,mean,0
audioseal,5,5142,1,97,42276,tct,0
audioseal,5,5142,1,97,51397,mean,0
audioseal,5,5142,1,97,51397,tct,0
audioseal,5,5142,1,97,42285,mean,0
audioseal,5,5142,1,97,42285,tct,0
audioseal,5,5142,1,97,62780,mean,0
audioseal,5,5142,1,97,62780,tct,0
audioseal,5,5142,1,97,43725,mean,0
audioseal,5,5142,1,97,43725,tct,0
audioseal,5,5142,1,97,9516,mean,0
audioseal,5,5142,1,97,9516,tct,0
audioseal,5,5142,2,98,3850,mean,0
audioseal,5,5142,2,98,3850,tct,0
audioseal,5,5142,2,98,62874,mean,0
audioseal,5,5142,2,98,62874,tct,0
audioseal,5,5142,2,98,21269,mean,0
audioseal,5,5142,2,98,21269,tct,0
audioseal,5,5142,2,98,41738,mean,0
audioseal,5,5142,2,98,41738,tct,0
audioseal,5,5142,2,98,1546,mean,0
audioseal,5,5142,2,98,1546,tct,0
audioseal,5,5142,2,98,20616,mean,0
audioseal,5,5142,2,98,20616,tct,0
audioseal,5,5142,2,98,1299,mean,0
audioseal,5,5142,2,98,1299,tct,0
audioseal,5,5142,2,98,29340,mean,0
audioseal,5,5142,2,98,29340,tct,0
audioseal,5,5142,2,98,29853,mean,0
audioseal,5,5142,2,98,29853,tct,0
audioseal,5,5142,2,98,21508,mean,0
audioseal,5,5142,2,98,21508,tct,0
audioseal,5,5142,3,99,25415,mean,0
audioseal,5,5142,3,99,25415,tct,0
audioseal,5,5142,3,99,37054,mean,0
audioseal,5,5142,3,99,37054,tct,0
audioseal,5,5142,3,99,43225,mean,0
audioseal,5,5142,3,99,43225,tct,0
audioseal,5,5142,3,99,39068,mean,0
audioseal,5,5142,3,99,39068,tct,0
audioseal,5,5142,3,99,19137,mean,0
audioseal,5,5142,3,99,19137,tct,0
audioseal,5,5142,3,99,35323,mean,0
audioseal,5,5142,3,99,35323,tct,0
audioseal,5,5142,3,99,8455,mean,0
audioseal,5,5142,3,99,8455,tct,0
audioseal,5,5142,3,99,38975,mean,0
audioseal,5,5142,3,99,38975,tct,0
audioseal,5,5142,3,99,11968,mean,0
audioseal,5,5142,3,99,11968,tct,0
audioseal,5,5142,3,99,26373,mean,0
audioseal,5,5142,3,99,26373,tct,0
audioseal,5,5639,0,100,3455,mean,0
audioseal,5,5639,0,100,3455,tct,0
audioseal,5,5639,0,100,3903,mean,0
audioseal,5,5639,0,100,3903,tct,0
audioseal,5,5639,0,100,8397,mean,0
audioseal,5,5639,0,100,8397,tct,0
audioseal,5,5639,0,100,28542,mean,0
audioseal,5,5639,0,100,28542,tct,0
audioseal,5,5639,0,100,3839,mean,0
audioseal,5,5639,0,100,3839,tct,0
audioseal,5,5639,0,100,3835,mean,0
audioseal,5,5639,0,100,3835,tct,0
audioseal,5,5639,0,100,61236,mean,0
audioseal,5,5639,0,100,61236,tct,0
audioseal,5,5639,0,100,28534,mean,0
audioseal,5,5639,0,100,28534,tct,0
audioseal,5,5639,0,100,26494,mean,0
audioseal,5,5639,0,100,26494,tct,0
audioseal,5,5639,0,100,34451,mean,0
audioseal,5,5639,0,100,34451,tct,0
audioseal,5,5639,1,101,17093,mean,0
audioseal,5,5639,1,101,17093,tct,0
audioseal,5,5639,1,101,6345,mean,0
audioseal,5,5639,1,101,6345,tct,0
audioseal,5,5639,1,101,18634,mean,0
audioseal,5,5639,1,101,18634,tct,0
audioseal,5,5639,1,101,58277,mean,0
audioseal,5,5639,1,101,58277,tct,0
audioseal,5,5639,1,101,61384,mean,0
audioseal,5,5639,1,101,61384,tct,0
audioseal,5,5639,1,101,17101,mean,0
audioseal,5,5639,1,101,17101,tct,0
audioseal,5,5639,1,101,60898,mean,0
audioseal,5,5639,1,101,60898,tct,1
audioseal,5,5639,1,101,59347,mean,0
audioseal,5,5639,1,101,59347,tct,0
audioseal,5,5639,1,101,23755,mean,0
audioseal,5,5639,1,101,23755,tct,0
audioseal,5,5639,1,101,51105,mean,0
audioseal,5,5639,1,101,51105,tct,0
audioseal,5,5639,2,102,31180,mean,0
audioseal,5,5639,2,102,31180,tct,1
audioseal,5,5639,2,102,63757,mean,0
audioseal,5,5639,2,102,63757,tct,1
audioseal,5,5639,2,102,29112,mean,0
audioseal,5,5639,2,102,29112,tct,0
audioseal,5,5639,2,102,63497,mean,0
audioseal,5,5639,2,102,63497,tct,0
audioseal,5,5639,2,102,31852,mean,0
audioseal,5,5639,2,102,31852,tct,0
audioseal,5,5639,2,102,22636,mean,0
audioseal,5,5639,2,102,22636,tct,0
audioseal,5,5639,2,102,31129,mean,0
audioseal,5,5639,2,102,31129,tct,0
audioseal,5,5639,2,102,57132,mean,0
audioseal,5,5639,2,102,57132,tct,0
audioseal,5,5639,2,102,32204,mean,0
audioseal,5,5639,2,102,32204,tct,0
audioseal,5,5639,2,102,31820,mean,0
audioseal,5,5639,2,102,31820,tct,0
audioseal,5,5639,3,103,28775,mean,0
audioseal,5,5639,3,103,28775,tct,0
audioseal,5,5639,3,103,27388,mean,0
audioseal,5,5639,3,103,27388,tct,0
audioseal,5,5639,3,103,40358,mean,0
audioseal,5,5639,3,103,40358,tct,0
audioseal,5,5639,3,103,40838,mean,0
audioseal,5,5639,3,103,40838,tct,0
audioseal,5,5639,3,103,7980,mean,0
audioseal,5,5639,3,103,7980,tct,0
audioseal,5,5639,3,103,24645,mean,0
audioseal,5,5639,3,103,24645,tct,0
audioseal,5,5639,3,103,25213,mean,0
audioseal,5,5639,3,103,25213,tct,0
audioseal,5,5639,3,103,29253,mean,0
audioseal,5,5639,3,103,29253,tct,0
audioseal,5,5639,3,103,26300,mean,0
audioseal,5,5639,3,103,26300,tct,0
audioseal,5,5639,3,103,26356,mean,0
audioseal,5,5639,3,103,26356,tct,0
audioseal,5,5683,0,104,32928,mean,0
audioseal,5,5683,0,104,32928,tct,0
audioseal,5,5683,0,104,31834,mean,0
audioseal,5,5683,0,104,31834,tct,0
audioseal,5,5683,0,104,31006,mean,0
audioseal,5,5683,0,104,31006,tct,0
audioseal,5,5683,0,104,38049,mean,0
audioseal,5,5683,0,104,38049,tct,0
audioseal,5,5683,0,104,22620,mean,0
audioseal,5,5683,0,104,22620,tct,0
audioseal,5,5683,0,104,6436,mean,0
audioseal,5,5683,0,104,6436,tct,0
audioseal,5,5683,0,104,50338,mean,0
audioseal,5,5683,0,104,50338,tct,0
audioseal,5,5683,0,104,2356,mean,0
audioseal,5,5683,0,104,2356,tct,0
audioseal,5,5683,0,104,3892,mean,0
audioseal,5,5683,0,104,3892,tct,0
audioseal,5,5683,0,104,36008,mean,0
audioseal,5,5683,0,104,36008,tct,0
audioseal,5,5683,1,105,3951,mean,0
audioseal,5,5683,1,105,3951,tct,0
audioseal,5,5683,1,105,44895,mean,0
audioseal,5,5683,1,105,44895,tct,0
audioseal,5,5683,1,105,15435,mean,0
audioseal,5,5683,1,105,15435,tct,0
audioseal,5,5683,1,105,44891,mean,0
audioseal,5,5683,1,105,44891,tct,0
audioseal,5,5683,1,105,15947,mean,0
audioseal,5,5683,1,105,15947,tct,0
audioseal,5,5683,1,105,16327,mean,0
audioseal,5,5683,1,105,16327,tct,0
audioseal,5,5683,1,105,47948,mean,0
audioseal,5,5683,1,105,47948,tct,0
audioseal,5,5683,1,105,3959,mean,0
audioseal,5,5683,1,105,3959,tct,0
audioseal,5,5683,1,105,49117,mean,0
audioseal,5,5683,1,105,49117,tct,0
audioseal,5,5683,1,105,47705,mean,0
audioseal,5,5683,1,105,47705,tct,0
audioseal,5,5683,2,106,42447,mean,0
audioseal,5,5683,2,106,42447,tct,0
audioseal,5,5683,2,106,49803,mean,0
audioseal,5,5683,2,106,49803,tct,0
audioseal,5,5683,2,106,22411,mean,0
audioseal,5,5683,2,106,22411,tct,0
audioseal,5,5683,2,106,42310,mean,0
audioseal,5,5683,2,106,42310,tct,0
audioseal,5,5683,2,106,5654,mean,0
audioseal,5,5683,2,106,5654,tct,0
audioseal,5,5683,2,106,38549,mean,0
audioseal,5,5683,2,106,38549,tct,0
audioseal,5,5683,2,106,5935,mean,0
audioseal,5,5683,2,106,5935,tct,0
audioseal,5,5683,2,106,53913,mean,0
audioseal,5,5683,2,106,53913,tct,0
audioseal,5,5683,2,106,44486,mean,0
audioseal,5,5683,2,106,44486,tct,0
audioseal,5,5683,2,106,53889,mean,0
audioseal,5,5683,2,106,53889,tct,0
audioseal,5,5683,3,107,55494,mean,0
audioseal,5,5683,3,107,55494,tct,0
audioseal,5,5683,3,107,5022,mean,0
audioseal,5,5683,3,107,5022,tct,0
audioseal,5,5683,3,107,15379,mean,0
audioseal,5,5683,3,107,15379,tct,0
audioseal,5,5683,3,107,10258,mean,0
audioseal,5,5683,3,107,10258,tct,0
audioseal,5,5683,3,107,16146,mean,0
audioseal,5,5683,3,107,16146,tct,0
audioseal,5,5683,3,107,30912,mean,0
audioseal,5,5683,3,107,30912,tct,0
audioseal,5,5683,3,107,14939,mean,0
audioseal,5,5683,3,107,14939,tct,0
audioseal,5,5683,3,107,13456,mean,0
audioseal,5,5683,3,107,13456,tct,0
audioseal,5,5683,3,107,64724,mean,0
audioseal,5,5683,3,107,64724,tct,0
audioseal,5,5683,3,107,63556,mean,0
audioseal,5,5683,3,107,63556,tct,0
audioseal,5,6829,0,108,46842,mean,0
audioseal,5,6829,0,108,46842,tct,0
audioseal,5,6829,0,108,29185,mean,0
audioseal,5,6829,0,108,29185,tct,0
audioseal,5,6829,0,108,46830,mean,0
audioseal,5,6829,0,108,46830,tct,0
audioseal,5,6829,0,108,3222,mean,0
audioseal,5,6829,0,108,3222,tct,0
audioseal,5,6829,0,108,40294,mean,0
audioseal,5,6829,0,108,40294,tct,0
audioseal,5,6829,0,108,29825,mean,0
audioseal,5,6829,0,108,29825,tct,0
audioseal,5,6829,0,108,38537,mean,0
audioseal,5,6829,0,108,38537,tct,0
audioseal,5,6829,0,108,47207,mean,0
audioseal,5,6829,0,108,47207,tct,0
audioseal,5,6829,0,108,4753,mean,0
audioseal,5,6829,0,108,4753,tct,0
audioseal,5,6829,0,108,13976,mean,0
audioseal,5,6829,0,108,13976,tct,0
audioseal,5,6829,1,109,43343,mean,0
audioseal,5,6829,1,109,43343,tct,0
audioseal,5,6829,1,109,36842,mean,0
audioseal,5,6829,1,109,36842,tct,0
audioseal,5,6829,1,109,44842,mean,0
audioseal,5,6829,1,109,44842,tct,0
audioseal,5,6829,1,109,31847,mean,0
audioseal,5,6829,1,109,31847,tct,0
audioseal,5,6829,1,109,49142,mean,0
audioseal,5,6829,1,109,49142,tct,0
audioseal,5,6829,1,109,60787,mean,0
audioseal,5,6829,1,109,60787,tct,0
audioseal,5,6829,1,109,52323,mean,0
audioseal,5,6829,1,109,52323,tct,0
audioseal,5,6829,1,109,3370,mean,0
audioseal,5,6829,1,109,3370,tct,0
audioseal,5,6829,1,109,3874,mean,0
audioseal,5,6829,1,109,3874,tct,0
audioseal,5,6829,1,109,19819,mean,0
audioseal,5,6829,1,109,19819,tct,0
audioseal,5,6829,2,110,47525,mean,0
audioseal,5,6829,2,110,47525,tct,0
audioseal,5,6829,2,110,2449,mean,0
audioseal,5,6829,2,110,2449,tct,1
audioseal,5,6829,2,110,10871,mean,0
audioseal,5,6829,2,110,10871,tct,0
audioseal,5,6829,2,110,10835,mean,0
audioseal,5,6829,2,110,10835,tct,0
audioseal,5,6829,2,110,10553,mean,0
audioseal,5,6829,2,110,10553,tct,0
audioseal,5,6829,2,110,11863,mean,0
audioseal,5,6829,2,110,11863,tct,0
audioseal,5,6829,2,110,2609,mean,0
audioseal,5,6829,2,110,2609,tct,0
audioseal,5,6829,2,110,32145,mean,0
audioseal,5,6829,2,110,32145,tct,0
audioseal,5,6829,2,110,47421,mean,0
audioseal,5,6829,2,110,47421,tct,0
audioseal,5,6829,2,110,28531,mean,0
audioseal,5,6829,2,110,28531,tct,0
audioseal,5,6829,3,111,63895,mean,0
audioseal,5,6829,3,111,63895,tct,0
audioseal,5,6829,3,111,37847,mean,0
audioseal,5,6829,3,111,37847,tct,0
audioseal,5,6829,3,111,22646,mean,0
audioseal,5,6829,3,111,22646,tct,1
audioseal,5,6829,3,111,64659,mean,0
audioseal,5,6829,3,111,64659,tct,0
audioseal,5,6829,3,111,22590,mean,0
audioseal,5,6829,3,111,22590,tct,0
audioseal,5,6829,3,111,22910,mean,0
audioseal,5,6829,3,111,22910,tct,0
audioseal,5,6829,3,111,53719,mean,0
audioseal,5,6829,3,111,53719,tct,0
audioseal,5,6829,3,111,62407,mean,0
audioseal,5,6829,3,111,62407,tct,0
audioseal,5,6829,3,111,30871,mean,0
audioseal,5,6829,3,111,30871,tct,0
audioseal,5,6829,3,111,60801,mean,0
audioseal,5,6829,3,111,60801,tct,0
audioseal,5,6930,0,112,39453,mean,0
audioseal,5,6930,0,112,39453,tct,1
audioseal,5,6930,0,112,51741,mean,0
audioseal,5,6930,0,112,51741,tct,0
audioseal,5,6930,0,112,543,mean,0
audioseal,5,6930,0,112,543,tct,0
audioseal,5,6930,0,112,51221,mean,0
audioseal,5,6930,0,112,51221,tct,1
audioseal,5,6930,0,112,33815,mean,0
audioseal,5,6930,0,112,33815,tct,0
audioseal,5,6930,0,112,6746,mean,0
audioseal,5,6930,0,112,6746,tct,0
audioseal,5,6930,0,112,34841,mean,0
audioseal,5,6930,0,112,34841,tct,0
audioseal,5,6930,0,112,64345,mean,0
audioseal,5,6930,0,112,64345,tct,0
audioseal,5,6930,0,112,47645,mean,0
audioseal,5,6930,0,112,47645,tct,0
audioseal,5,6930,0,112,35422,mean,0
audioseal,5,6930,0,112,35422,tct,0
audioseal,5,6930,1,113,40263,mean,0
audioseal,5,6930,1,113,40263,tct,0
audioseal,5,6930,1,113,39271,mean,0
audioseal,5,6930,1,113,39271,tct,0
audioseal,5,6930,1,113,40302,mean,0
audioseal,5,6930,1,113,40302,tct,0
audioseal,5,6930,1,113,40815,mean,0
audioseal,5,6930,1,113,40815,tct,0
audioseal,5,6930,1,113,56567,mean,0
audioseal,5,6930,1,113,56567,tct,0
audioseal,5,6930,1,113,62707,mean,0
audioseal,5,6930,1,113,62707,tct,0
audioseal,5,6930,1,113,23765,mean,0
audioseal,5,6930,1,113,23765,tct,0
audioseal,5,6930,1,113,15811,mean,0
audioseal,5,6930,1,113,15811,tct,0
audioseal,5,6930,1,113,30087,mean,0
audioseal,5,6930,1,113,30087,tct,0
audioseal,5,6930,1,113,54451,mean,0
audioseal,5,6930,1,113,54451,tct,0
audioseal,5,6930,2,114,6744,mean,0
audioseal,5,6930,2,114,6744,tct,0
audioseal,5,6930,2,114,62033,mean,0
audioseal,5,6930,2,114,62033,tct,0
audioseal,5,6930,2,114,45689,mean,0
audioseal,5,6930,2,114,45689,tct,0
audioseal,5,6930,2,114,2609,mean,0
audioseal,5,6930,2,114,2609,tct,0
audioseal,5,6930,2,114,36634,mean,0
audioseal,5,6930,2,114,36634,tct,0
audioseal,5,6930,2,114,36630,mean,0
audioseal,5,6930,2,114,36630,tct,0
audioseal,5,6930,2,114,36435,mean,0
audioseal,5,6930,2,114,36435,tct,0
audioseal,5,6930,2,114,36702,mean,0
audioseal,5,6930,2,114,36702,tct,0
audioseal,5,6930,2,114,35896,mean,0
audioseal,5,6930,2,114,35896,tct,0
audioseal,5,6930,2,114,35379,mean,0
audioseal,5,6930,2,114,35379,tct,0
audioseal,5,6930,3,115,4703,mean,0
audioseal,5,6930,3,115,4703,tct,0
audioseal,5,6930,3,115,6278,mean,0
audioseal,5,6930,3,115,6278,tct,0
audioseal,5,6930,3,115,37839,mean,0
audioseal,5,6930,3,115,37839,tct,0
audioseal,5,6930,3,115,56982,mean,0
audioseal,5,6930,3,115,56982,tct,0
audioseal,5,6930,3,115,24086,mean,0
audioseal,5,6930,3,115,24086,tct,0
audioseal,5,6930,3,115,6670,mean,0
audioseal,5,6930,3,115,6670,tct,0
audioseal,5,6930,3,115,56190,mean,0
audioseal,5,6930,3,115,56190,tct,0
audioseal,5,6930,3,115,55130,mean,0
audioseal,5,6930,3,115,55130,tct,0
audioseal,5,6930,3,115,6279,mean,0
audioseal,5,6930,3,115,6279,tct,0
audioseal,5,6930,3,115,4111,mean,0
audioseal,5,6930,3,115,4111,tct,0
audioseal,5,7021,0,116,37489,mean,0
audioseal,5,7021,0,116,37489,tct,0
audioseal,5,7021,0,116,32708,mean,0
audioseal,5,7021,0,116,32708,tct,1
audioseal,5,7021,0,116,14225,mean,0
audioseal,5,7021,0,116,14225,tct,0
audioseal,5,7021,0,116,14213,mean,0
audioseal,5,7021,0,116,14213,tct,0
audioseal,5,7021,0,116,27177,mean,0
audioseal,5,7021,0,116,27177,tct,0
audioseal,5,7021,0,116,64325,mean,0
audioseal,5,7021,0,116,64325,tct,0
audioseal,5,7021,0,116,27973,mean,0
audioseal,5,7021,0,116,27973,tct,0
audioseal,5,7021,0,116,10121,mean,0
audioseal,5,7021,0,116,10121,tct,0
audioseal,5,7021,0,116,45681,mean,0
audioseal,5,7021,0,116,45681,tct,0
audioseal,5,7021,0,116,38513,mean,0
audioseal,5,7021,0,116,38513,tct,0
audioseal,5,7021,1,117,59508,mean,0
audioseal,5,7021,1,117,59508,tct,0
audioseal,5,7021,1,117,28911,mean,0
audioseal,5,7021,1,117,28911,tct,0
audioseal,5,7021,1,117,59620,mean,0
audioseal,5,7021,1,117,59620,tct,0
audioseal,5,7021,1,117,49440,mean,0
audioseal,5,7021,1,117,49440,tct,0
audioseal,5,7021,1,117,26876,mean,0
audioseal,5,7021,1,117,26876,tct,0
audioseal,5,7021,1,117,31228,mean,0
audioseal,5,7021,1,117,31228,tct,0
audioseal,5,7021,1,117,16692,mean,0
audioseal,5,7021,1,117,16692,tct,0
audioseal,5,7021,1,117,28796,mean,0
audioseal,5,7021,1,117,28796,tct,0
audioseal,5,7021,1,117,30828,mean,0
audioseal,5,7021,1,117,30828,tct,0
audioseal,5,7021,1,117,20845,mean,0
audioseal,5,7021,1,117,20845,tct,0
audioseal,5,7021,2,118,58240,mean,0
audioseal,5,7021,2,118,58240,tct,0
audioseal,5,7021,2,118,41920,mean,0
audioseal,5,7021,2,118,41920,tct,0
audioseal,5,7021,2,118,35521,mean,0
audioseal,5,7021,2,118,35521,tct,0
audioseal,5,7021,2,118,58320,mean,0
audioseal,5,7021,2,118,58320,tct,0
audioseal,5,7021,2,118,43574,mean,0
audioseal,5,7021,2,118,43574,tct,0
audioseal,5,7021,2,118,58309,mean,0
audioseal,5,7021,2,118,58309,tct,1
audioseal,5,7021,2,118,35520,mean,0
audioseal,5,7021,2,118,35520,tct,0
audioseal,5,7021,2,118,23537,mean,0
audioseal,5,7021,2,118,23537,tct,0
audioseal,5,7021,2,118,10932,mean,0
audioseal,5,7021,2,118,10932,tct,0
audioseal,5,7021,2,118,55539,mean,0
audioseal,5,7021,2,118,55539,tct,0
audioseal,5,7021,3,119,61811,mean,0
audioseal,5,7021,3,119,61811,tct,0
audioseal,5,7021,3,119,61580,mean,0
audioseal,5,7021,3,119,61580,tct,0
audioseal,5,7021,3,119,64709,mean,0
audioseal,5,7021,3,119,64709,tct,0
audioseal,5,7021,3,119,31119,mean,0
audioseal,5,7021,3,119,31119,tct,0
audioseal,5,7021,3,119,48197,mean,0
audioseal,5,7021,3,119,48197,tct,0
audioseal,5,7021,3,119,59503,mean,0
audioseal,5,7021,3,119,59503,tct,0
audioseal,5,7021,3,119,24915,mean,0
audioseal,5,7021,3,119,24915,tct,0
audioseal,5,7021,3,119,12485,mean,0
audioseal,5,7021,3,119,12485,tct,0
audioseal,5,7021,3,119,27787,mean,0
audioseal,5,7021,3,119,27787,tct,0
audioseal,5,7021,3,119,57389,mean,0
audioseal,5,7021,3,119,57389,tct,0
audioseal,5,7127,0,120,43901,mean,0
audioseal,5,7127,0,120,43901,tct,0
audioseal,5,7127,0,120,17337,mean,0
audioseal,5,7127,0,120,17337,tct,0
audioseal,5,7127,0,120,20881,mean,0
audioseal,5,7127,0,120,20881,tct,1
audioseal,5,7127,0,120,16195,mean,0
audioseal,5,7127,0,120,16195,tct,0
audioseal,5,7127,0,120,9379,mean,0
audioseal,5,7127,0,120,9379,tct,0
audioseal,5,7127,0,120,16859,mean,0
audioseal,5,7127,0,120,16859,tct,0
audioseal,5,7127,0,120,689,mean,0
audioseal,5,7127,0,120,689,tct,0
audioseal,5,7127,0,120,59737,mean,0
audioseal,5,7127,0,120,59737,tct,1
audioseal,5,7127,0,120,17816,mean,0
audioseal,5,7127,0,120,17816,tct,0
audioseal,5,7127,0,120,65347,mean,0
audioseal,5,7127,0,120,65347,tct,0
audioseal,5,7127,1,121,11369,mean,0
audioseal,5,7127,1,121,11369,tct,0
audioseal,5,7127,1,121,58488,mean,0
audioseal,5,7127,1,121,58488,tct,0
audioseal,5,7127,1,121,51432,mean,0
audioseal,5,7127,1,121,51432,tct,0
audioseal,5,7127,1,121,10312,mean,0
audioseal,5,7127,1,121,10312,tct,0
audioseal,5,7127,1,121,49224,mean,0
audioseal,5,7127,1,121,49224,tct,0
audioseal,5,7127,1,121,50376,mean,0
audioseal,5,7127,1,121,50376,tct,0
audioseal,5,7127,1,121,42008,mean,0
audioseal,5,7127,1,121,42008,tct,0
audioseal,5,7127,1,121,51420,mean,0
audioseal,5,7127,1,121,51420,tct,0
audioseal,5,7127,1,121,18634,mean,0
audioseal,5,7127,1,121,18634,tct,0
audioseal,5,7127,1,121,10315,mean,0
audioseal,5,7127,1,121,10315,tct,0
audioseal,5,7127,2,122,34937,mean,0
audioseal,5,7127,2,122,34937,tct,0
audioseal,5,7127,2,122,54191,mean,0
audioseal,5,7127,2,122,54191,tct,0
audioseal,5,7127,2,122,52487,mean,0
audioseal,5,7127,2,122,52487,tct,0
audioseal,5,7127,2,122,51307,mean,0
audioseal,5,7127,2,122,51307,tct,0
audioseal,5,7127,2,122,6477,mean,0
audioseal,5,7127,2,122,6477,tct,0
audioseal,5,7127,2,122,47442,mean,0
audioseal,5,7127,2,122,47442,tct,0
audioseal,5,7127,2,122,37353,mean,0
audioseal,5,7127,2,122,37353,tct,0
audioseal,5,7127,2,122,52581,mean,0
audioseal,5,7127,2,122,52581,tct,0
audioseal,5,7127,2,122,65319,mean,0
audioseal,5,7127,2,122,65319,tct,0
audioseal,5,7127,2,122,53031,mean,0
audioseal,5,7127,2,122,53031,tct,0
audioseal,5,7127,3,123,27364,mean,0
audioseal,5,7127,3,123,27364,tct,0
audioseal,5,7127,3,123,27308,mean,0
audioseal,5,7127,3,123,27308,tct,0
audioseal,5,7127,3,123,13482,mean,0
audioseal,5,7127,3,123,13482,tct,0
audioseal,5,7127,3,123,31361,mean,0
audioseal,5,7127,3,123,31361,tct,0
audioseal,5,7127,3,123,64194,mean,0
audioseal,5,7127,3,123,64194,tct,0
audioseal,5,7127,3,123,22915,mean,0
audioseal,5,7127,3,123,22915,tct,0
audioseal,5,7127,3,123,12284,mean,0
audioseal,5,7127,3,123,12284,tct,0
audioseal,5,7127,3,123,20610,mean,0
audioseal,5,7127,3,123,20610,tct,0
audioseal,5,7127,3,123,64200,mean,0
audioseal,5,7127,3,123,64200,tct,0
audioseal,5,7127,3,123,19346,mean,0
audioseal,5,7127,3,123,19346,tct,0
audioseal,5,7176,0,124,40024,mean,0
audioseal,5,7176,0,124,40024,tct,0
audioseal,5,7176,0,124,7345,mean,0
audioseal,5,7176,0,124,7345,tct,0
audioseal,5,7176,0,124,35352,mean,0
audioseal,5,7176,0,124,35352,tct,0
audioseal,5,7176,0,124,24053,mean,0
audioseal,5,7176,0,124,24053,tct,0
audioseal,5,7176,0,124,18933,mean,0
audioseal,5,7176,0,124,18933,tct,0
audioseal,5,7176,0,124,23796,mean,0
audioseal,5,7176,0,124,23796,tct,0
audioseal,5,7176,0,124,22759,mean,0
audioseal,5,7176,0,124,22759,tct,0
audioseal,5,7176,0,124,40689,mean,0
audioseal,5,7176,0,124,40689,tct,0
audioseal,5,7176,0,124,39640,mean,0
audioseal,5,7176,0,124,39640,tct,0
audioseal,5,7176,0,124,7824,mean,0
audioseal,5,7176,0,124,7824,tct,0
audioseal,5,7176,1,125,27307,mean,0
audioseal,5,7176,1,125,27307,tct,0
audioseal,5,7176,1,125,31275,mean,0
audioseal,5,7176,1,125,31275,tct,0
audioseal,5,7176,1,125,27147,mean,0
audioseal,5,7176,1,125,27147,tct,0
audioseal,5,7176,1,125,26017,mean,0
audioseal,5,7176,1,125,26017,tct,0
audioseal,5,7176,1,125,26544,mean,0
audioseal,5,7176,1,125,26544,tct,0
audioseal,5,7176,1,125,9512,mean,0
audioseal,5,7176,1,125,9512,tct,0
audioseal,5,7176,1,125,55208,mean,0
audioseal,5,7176,1,125,55208,tct,0
audioseal,5,7176,1,125,41448,mean,0
audioseal,5,7176,1,125,41448,tct,0
audioseal,5,7176,1,125,24680,mean,0
audioseal,5,7176,1,125,24680,tct,0
audioseal,5,7176,1,125,8545,mean,0
audioseal,5,7176,1,125,8545,tct,0
audioseal,5,7176,2,126,6470,mean,0
audioseal,5,7176,2,126,6470,tct,1
audioseal,5,7176,2,126,18859,mean,0
audioseal,5,7176,2,126,18859,tct,0
audioseal,5,7176,2,126,16827,mean,0
audioseal,5,7176,2,126,16827,tct,0
audioseal,5,7176,2,126,40029,mean,0
audioseal,5,7176,2,126,40029,tct,0
audioseal,5,7176,2,126,11075,mean,0
audioseal,5,7176,2,126,11075,tct,0
audioseal,5,7176,2,126,10582,mean,0
audioseal,5,7176,2,126,10582,tct,0
audioseal,5,7176,2,126,10566,mean,0
audioseal,5,7176,2,126,10566,tct,0
audioseal,5,7176,2,126,10327,mean,0
audioseal,5,7176,2,126,10327,tct,0
audioseal,5,7176,2,126,3959,mean,0
audioseal,5,7176,2,126,3959,tct,0
audioseal,5,7176,2,126,25007,mean,0
audioseal,5,7176,2,126,25007,tct,0
audioseal,5,7176,3,127,59523,mean,0
audioseal,5,7176,3,127,59523,tct,1
audioseal,5,7176,3,127,50610,mean,0
audioseal,5,7176,3,127,50610,tct,0
audioseal,5,7176,3,127,50466,mean,0
audioseal,5,7176,3,127,50466,tct,0
audioseal,5,7176,3,127,37841,mean,0
audioseal,5,7176,3,127,37841,tct,0
audioseal,5,7176,3,127,25849,mean,0
audioseal,5,7176,3,127,25849,tct,0
audioseal,5,7176,3,127,60115,mean,0
audioseal,5,7176,3,127,60115,tct,0
audioseal,5,7176,3,127,58682,mean,0
audioseal,5,7176,3,127,58682,tct,0
audioseal,5,7176,3,127,59779,mean,0
audioseal,5,7176,3,127,59779,tct,0
audioseal,5,7176,3,127,43715,mean,0
audioseal,5,7176,3,127,43715,tct,0
audioseal,5,7176,3,127,50290,mean,0
audioseal,5,7176,3,127,50290,tct,0
audioseal,5,7729,0,128,25997,mean,0
audioseal,5,7729,0,128,25997,tct,1
audioseal,5,7729,0,128,17885,mean,0
audioseal,5,7729,0,128,17885,tct,0
audioseal,5,7729,0,128,55180,mean,0
audioseal,5,7729,0,128,55180,tct,0
audioseal,5,7729,0,128,40320,mean,0
audioseal,5,7729,0,128,40320,tct,0
audioseal,5,7729,0,128,30149,mean,0
audioseal,5,7729,0,128,30149,tct,0
audioseal,5,7729,0,128,57804,mean,0
audioseal,5,7729,0,128,57804,tct,0
audioseal,5,7729,0,128,50493,mean,0
audioseal,5,7729,0,128,50493,tct,0
audioseal,5,7729,0,128,38664,mean,0
audioseal,5,7729,0,128,38664,tct,0
audioseal,5,7729,0,128,46984,mean,0
audioseal,5,7729,0,128,46984,tct,0
audioseal,5,7729,0,128,19261,mean,0
audioseal,5,7729,0,128,19261,tct,0
audioseal,5,7729,1,129,24524,mean,0
audioseal,5,7729,1,129,24524,tct,0
audioseal,5,7729,1,129,29802,mean,0
audioseal,5,7729,1,129,29802,tct,0
audioseal,5,7729,1,129,32724,mean,0
audioseal,5,7729,1,129,32724,tct,0
audioseal,5,7729,1,129,56230,mean,0
audioseal,5,7729,1,129,56230,tct,0
audioseal,5,7729,1,129,32736,mean,0
audioseal,5,7729,1,129,32736,tct,0
audioseal,5,7729,1,129,57286,mean,0
audioseal,5,7729,1,129,57286,tct,0
audioseal,5,7729,1,129,21530,mean,0
audioseal,5,7729,1,129,21530,tct,0
audioseal,5,7729,1,129,53702,mean,0
audioseal,5,7729,1,129,53702,tct,0
audioseal,5,7729,1,129,29818,mean,0
audioseal,5,7729,1,129,29818,tct,0
audioseal,5,7729,1,129,50362,mean,0
audioseal,5,7729,1,129,50362,tct,0
audioseal,5,7729,2,130,42443,mean,0
audioseal,5,7729,2,130,42443,tct,0
audioseal,5,7729,2,130,42457,mean,0
audioseal,5,7729,2,130,42457,tct,0
audioseal,5,7729,2,130,32178,mean,0
audioseal,5,7729,2,130,32178,tct,0
audioseal,5,7729,2,130,55506,mean,0
audioseal,5,7729,2,130,55506,tct,0
audioseal,5,7729,2,130,62675,mean,0
audioseal,5,7729,2,130,62675,tct,0
audioseal,5,7729,2,130,46559,mean,0
audioseal,5,7729,2,130,46559,tct,0
audioseal,5,7729,2,130,13736,mean,0
audioseal,5,7729,2,130,13736,tct,0
audioseal,5,7729,2,130,54467,mean,0
audioseal,5,7729,2,130,54467,tct,0
audioseal,5,7729,2,130,31890,mean,0
audioseal,5,7729,2,130,31890,tct,0
audioseal,5,7729,2,130,30118,mean,0
audioseal,5,7729,2,130,30118,tct,0
audioseal,5,7729,3,131,41687,mean,0
audioseal,5,7729,3,131,41687,tct,0
audioseal,5,7729,3,131,19446,mean,0
audioseal,5,7729,3,131,19446,tct,0
audioseal,5,7729,3,131,41691,mean,0
audioseal,5,7729,3,131,41691,tct,0
audioseal,5,7729,3,131,41665,mean,0
audioseal,5,7729,3,131,41665,tct,0
audioseal,5,7729,3,131,9973,mean,0
audioseal,5,7729,3,131,9973,tct,0
audioseal,5,7729,3,131,8947,mean,0
audioseal,5,7729,3,131,8947,tct,0
audioseal,5,7729,3,131,18117,mean,0
audioseal,5,7729,3,131,18117,tct,0
audioseal,5,7729,3,131,9939,mean,0
audioseal,5,7729,3,131,9939,tct,0
audioseal,5,7729,3,131,709,mean,0
audioseal,5,7729,3,131,709,tct,0
audioseal,5,7729,3,131,42963,mean,0
audioseal,5,7729,3,131,42963,tct,0
audioseal,5,8224,0,132,51383,mean,0
audioseal,5,8224,0,132,51383,tct,0
audioseal,5,8224,0,132,63729,mean,0
audioseal,5,8224,0,132,63729,tct,0
audioseal,5,8224,0,132,63669,mean,0
audioseal,5,8224,0,132,63669,tct,0
audioseal,5,8224,0,132,20081,mean,0
audioseal,5,8224,0,132,20081,tct,0
audioseal,5,8224,0,132,61491,mean,0
audioseal,5,8224,0,132,61491,tct,0
audioseal,5,8224,0,132,7648,mean,0
audioseal,5,8224,0,132,7648,tct,0
audioseal,5,8224,0,132,19573,mean,0
audioseal,5,8224,0,132,19573,tct,0
audioseal,5,8224,0,132,49200,mean,0
audioseal,5,8224,0,132,49200,tct,0
audioseal,5,8224,0,132,2976,mean,0
audioseal,5,8224,0,132,2976,tct,0
audioseal,5,8224,0,132,55921,mean,0
audioseal,5,8224,0,132,55921,tct,0
audioseal,5,8224,1,133,8423,mean,0
audioseal,5,8224,1,133,8423,tct,0
audioseal,5,8224,1,133,9925,mean,0
audioseal,5,8224,1,133,9925,tct,0
audioseal,5,8224,1,133,711,mean,0
audioseal,5,8224,1,133,711,tct,0
audioseal,5,8224,1,133,28741,mean,0
audioseal,5,8224,1,133,28741,tct,0
audioseal,5,8224,1,133,10375,mean,0
audioseal,5,8224,1,133,10375,tct,0
audioseal,5,8224,1,133,5066,mean,0
audioseal,5,8224,1,133,5066,tct,0
audioseal,5,8224,1,133,20714,mean,0
audioseal,5,8224,1,133,20714,tct,0
audioseal,5,8224,1,133,27319,mean,0
audioseal,5,8224,1,133,27319,tct,0
audioseal,5,8224,1,133,26569,mean,0
audioseal,5,8224,1,133,26569,tct,0
audioseal,5,8224,1,133,22679,mean,0
audioseal,5,8224,1,133,22679,tct,0
audioseal,5,8224,2,134,40988,mean,0
audioseal,5,8224,2,134,40988,tct,0
audioseal,5,8224,2,134,17389,mean,0
audioseal,5,8224,2,134,17389,tct,0
audioseal,5,8224,2,134,46118,mean,0
audioseal,5,8224,2,134,46118,tct,0
audioseal,5,8224,2,134,25533,mean,0
audioseal,5,8224,2,134,25533,tct,0
audioseal,5,8224,2,134,36910,mean,0
audioseal,5,8224,2,134,36910,tct,0
audioseal,5,8224,2,134,37935,mean,0
audioseal,5,8224,2,134,37935,tct,0
audioseal,5,8224,2,134,33813,mean,0
audioseal,5,8224,2,134,33813,tct,0
audioseal,5,8224,2,134,41169,mean,0
audioseal,5,8224,2,134,41169,tct,0
audioseal,5,8224,2,134,40983,mean,0
audioseal,5,8224,2,134,40983,tct,0
audioseal,5,8224,2,134,49297,mean,0
audioseal,5,8224,2,134,49297,tct,0
audioseal,5,8224,3,135,50563,mean,0
audioseal,5,8224,3,135,50563,tct,0
audioseal,5,8224,3,135,49539,mean,0
audioseal,5,8224,3,135,49539,tct,0
audioseal,5,8224,3,135,51079,mean,0
audioseal,5,8224,3,135,51079,tct,0
audioseal,5,8224,3,135,57734,mean,0
audioseal,5,8224,3,135,57734,tct,0
audioseal,5,8224,3,135,54400,mean,0
audioseal,5,8224,3,135,54400,tct,0
audioseal,5,8224,3,135,50385,mean,0
audioseal,5,8224,3,135,50385,tct,0
audioseal,5,8224,3,135,62499,mean,0
audioseal,5,8224,3,135,62499,tct,0
audioseal,5,8224,3,135,54051,mean,0
audioseal,5,8224,3,135,54051,tct,0
audioseal,5,8224,3,135,16515,mean,0
audioseal,5,8224,3,135,16515,tct,0
audioseal,5,8224,3,135,56320,mean,0
audioseal,5,8224,3,135,56320,tct,0
audioseal,5,8230,0,136,24442,mean,0
audioseal,5,8230,0,136,24442,tct,0
audioseal,5,8230,0,136,21256,mean,0
audioseal,5,8230,0,136,21256,tct,0
audioseal,5,8230,0,136,19288,mean,0
audioseal,5,8230,0,136,19288,tct,0
audioseal,5,8230,0,136,17226,mean,0
audioseal,5,8230,0,136,17226,tct,0
audioseal,5,8230,0,136,21017,mean,0
audioseal,5,8230,0,136,21017,tct,0
audioseal,5,8230,0,136,55005,mean,0
audioseal,5,8230,0,136,55005,tct,0
audioseal,5,8230,0,136,38877,mean,0
audioseal,5,8230,0,136,38877,tct,0
audioseal,5,8230,0,136,51992,mean,0
audioseal,5,8230,0,136,51992,tct,0
audioseal,5,8230,0,136,44102,mean,0
audioseal,5,8230,0,136,44102,tct,0
audioseal,5,8230,0,136,49752,mean,0
audioseal,5,8230,0,136,49752,tct,0
audioseal,5,8230,1,137,7899,mean,0
audioseal,5,8230,1,137,7899,tct,0
audioseal,5,8230,1,137,15311,mean,0
audioseal,5,8230,1,137,15311,tct,0
audioseal,5,8230,1,137,24522,mean,0
audioseal,5,8230,1,137,24522,tct,0
audioseal,5,8230,1,137,25854,mean,0
audioseal,5,8230,1,137,25854,tct,0
audioseal,5,8230,1,137,16093,mean,0
audioseal,5,8230,1,137,16093,tct,0
audioseal,5,8230,1,137,28110,mean,0
audioseal,5,8230,1,137,28110,tct,0
audioseal,5,8230,1,137,7135,mean,0
audioseal,5,8230,1,137,7135,tct,0
audioseal,5,8230,1,137,7750,mean,0
audioseal,5,8230,1,137,7750,tct,0
audioseal,5,8230,1,137,1235,mean,0
audioseal,5,8230,1,137,1235,tct,0
audioseal,5,8230,1,137,14558,mean,0
audioseal,5,8230,1,137,14558,tct,0
audioseal,5,8230,2,138,57363,mean,0
audioseal,5,8230,2,138,57363,tct,0
audioseal,5,8230,2,138,33676,mean,0
audioseal,5,8230,2,138,33676,tct,0
audioseal,5,8230,2,138,3004,mean,0
audioseal,5,8230,2,138,3004,tct,0
audioseal,5,8230,2,138,43899,mean,0
audioseal,5,8230,2,138,43899,tct,0
audioseal,5,8230,2,138,41753,mean,0
audioseal,5,8230,2,138,41753,tct,0
audioseal,5,8230,2,138,60404,mean,0
audioseal,5,8230,2,138,60404,tct,0
audioseal,5,8230,2,138,41267,mean,0
audioseal,5,8230,2,138,41267,tct,0
audioseal,5,8230,2,138,60281,mean,0
audioseal,5,8230,2,138,60281,tct,0
audioseal,5,8230,2,138,996,mean,0
audioseal,5,8230,2,138,996,tct,0
audioseal,5,8230,2,138,59961,mean,0
audioseal,5,8230,2,138,59961,tct,0
audioseal,5,8230,3,139,23648,mean,0
audioseal,5,8230,3,139,23648,tct,1
audioseal,5,8230,3,139,4192,mean,1
audioseal,5,8230,3,139,4192,tct,0
audioseal,5,8230,3,139,51040,mean,0
audioseal,5,8230,3,139,51040,tct,0
audioseal,5,8230,3,139,41825,mean,0
audioseal,5,8230,3,139,41825,tct,0
audioseal,5,8230,3,139,33888,mean,0
audioseal,5,8230,3,139,33888,tct,0
audioseal,5,8230,3,139,55158,mean,0
audioseal,5,8230,3,139,55158,tct,0
audioseal,5,8230,3,139,12445,mean,0
audioseal,5,8230,3,139,12445,tct,0
audioseal,5,8230,3,139,41763,mean,0
audioseal,5,8230,3,139,41763,tct,0
audioseal,5,8230,3,139,41730,mean,0
audioseal,5,8230,3,139,41730,tct,0
audioseal,5,8230,3,139,7276,mean,0
audioseal,5,8230,3,139,7276,tct,0
audioseal,5,8455,0,140,58850,mean,0
audioseal,5,8455,0,140,58850,tct,0
audioseal,5,8455,0,140,44271,mean,0
audioseal,5,8455,0,140,44271,tct,0
audioseal,5,8455,0,140,61742,mean,0
audioseal,5,8455,0,140,61742,tct,0
audioseal,5,8455,0,140,42175,mean,0
audioseal,5,8455,0,140,42175,tct,0
audioseal,5,8455,0,140,58431,mean,0
audioseal,5,8455,0,140,58431,tct,0
audioseal,5,8455,0,140,8438,mean,0
audioseal,5,8455,0,140,8438,tct,0
audioseal,5,8455,0,140,9471,mean,0
audioseal,5,8455,0,140,9471,tct,0
audioseal,5,8455,0,140,45559,mean,0
audioseal,5,8455,0,140,45559,tct,0
audioseal,5,8455,0,140,60716,mean,0
audioseal,5,8455,0,140,60716,tct,0
audioseal,5,8455,0,140,58842,mean,0
audioseal,5,8455,0,140,58842,tct,0
audioseal,5,8455,1,141,7605,mean,0
audioseal,5,8455,1,141,7605,tct,1
audioseal,5,8455,1,141,2485,mean,0
audioseal,5,8455,1,141,2485,tct,0
audioseal,5,8455,1,141,23989,mean,0
audioseal,5,8455,1,141,23989,tct,0
audioseal,5,8455,1,141,19889,mean,0
audioseal,5,8455,1,141,19889,tct,0
audioseal,5,8455,1,141,405,mean,0
audioseal,5,8455,1,141,405,tct,0
audioseal,5,8455,1,141,23187,mean,0
audioseal,5,8455,1,141,23187,tct,0
audioseal,5,8455,1,141,87,mean,0
audioseal,5,8455,1,141,87,tct,0
audioseal,5,8455,1,141,20805,mean,0
audioseal,5,8455,1,141,20805,tct,0
audioseal,5,8455,1,141,56081,mean,0
audioseal,5,8455,1,141,56081,tct,0
audioseal,5,8455,1,141,23443,mean,0
audioseal,5,8455,1,141,23443,tct,0
audioseal,5,8455,2,142,17549,mean,0
audioseal,5,8455,2,142,17549,tct,0
audioseal,5,8455,2,142,598,mean,0
audioseal,5,8455,2,142,598,tct,0
audioseal,5,8455,2,142,16954,mean,0
audioseal,5,8455,2,142,16954,tct,0
audioseal,5,8455,2,142,17168,mean,0
audioseal,5,8455,2,142,17168,tct,0
audioseal,5,8455,2,142,2107,mean,0
audioseal,5,8455,2,142,2107,tct,0
audioseal,5,8455,2,142,16658,mean,0
audioseal,5,8455,2,142,16658,tct,0
audioseal,5,8455,2,142,25728,mean,0
audioseal,5,8455,2,142,25728,tct,0
audioseal,5,8455,2,142,7339,mean,0
audioseal,5,8455,2,142,7339,tct,0
audioseal,5,8455,2,142,1541,mean,0
audioseal,5,8455,2,142,1541,tct,0
audioseal,5,8455,2,142,2773,mean,0
audioseal,5,8455,2,142,2773,tct,0
audioseal,5,8455,3,143,22277,mean,0
audioseal,5,8455,3,143,22277,tct,0
audioseal,5,8455,3,143,38725,mean,0
audioseal,5,8455,3,143,38725,tct,0
audioseal,5,8455,3,143,24132,mean,0
audioseal,5,8455,3,143,24132,tct,0
audioseal,5,8455,3,143,20032,mean,0
audioseal,5,8455,3,143,20032,tct,0
audioseal,5,8455,3,143,5709,mean,0
audioseal,5,8455,3,143,5709,tct,0
audioseal,5,8455,3,143,22096,mean,0
audioseal,5,8455,3,143,22096,tct,0
audioseal,5,8455,3,143,37591,mean,0
audioseal,5,8455,3,143,37591,tct,0
audioseal,5,8455,3,143,37831,mean,0
audioseal,5,8455,3,143,37831,tct,0
audioseal,5,8455,3,143,20036,mean,0
audioseal,5,8455,3,143,20036,tct,0
audioseal,5,8455,3,143,54821,mean,0
audioseal,5,8455,3,143,54821,tct,1
audioseal,5,8463,0,144,28961,mean,0
audioseal,5,8463,0,144,28961,tct,0
audioseal,5,8463,0,144,35111,mean,0
audioseal,5,8463,0,144,35111,tct,0
audioseal,5,8463,0,144,2979,mean,0
audioseal,5,8463,0,144,2979,tct,0
audioseal,5,8463,0,144,423,mean,0
audioseal,5,8463,0,144,423,tct,0
audioseal,5,8463,0,144,18853,mean,0
audioseal,5,8463,0,144,18853,tct,0
audioseal,5,8463,0,144,52133,mean,0
audioseal,5,8463,0,144,52133,tct,0
audioseal,5,8463,0,144,24993,mean,0
audioseal,5,8463,0,144,24993,tct,0
audioseal,5,8463,0,144,22819,mean,0
audioseal,5,8463,0,144,22819,tct,0
audioseal,5,8463,0,144,36775,mean,0
audioseal,5,8463,0,144,36775,tct,0
audioseal,5,8463,0,144,35215,mean,0
audioseal,5,8463,0,144,35215,tct,1
audioseal,5,8463,1,145,9957,mean,0
audioseal,5,8463,1,145,9957,tct,0
audioseal,5,8463,1,145,25619,mean,0
audioseal,5,8463,1,145,25619,tct,0
audioseal,5,8463,1,145,29730,mean,0
audioseal,5,8463,1,145,29730,tct,0
audioseal,5,8463,1,145,1933,mean,0
audioseal,5,8463,1,145,1933,tct,0
audioseal,5,8463,1,145,21568,mean,0
audioseal,5,8463,1,145,21568,tct,0
audioseal,5,8463,1,145,57192,mean,0
audioseal,5,8463,1,145,57192,tct,0
audioseal,5,8463,1,145,9717,mean,0
audioseal,5,8463,1,145,9717,tct,0
audioseal,5,8463,1,145,42737,mean,0
audioseal,5,8463,1,145,42737,tct,0
audioseal,5,8463,1,145,48492,mean,0
audioseal,5,8463,1,145,48492,tct,0
audioseal,5,8463,1,145,16117,mean,0
audioseal,5,8463,1,145,16117,tct,0
audioseal,5,8463,2,146,62665,mean,0
audioseal,5,8463,2,146,62665,tct,0
audioseal,5,8463,2,146,63015,mean,0
audioseal,5,8463,2,146,63015,tct,0
audioseal,5,8463,2,146,30184,mean,0
audioseal,5,8463,2,146,30184,tct,0
audioseal,5,8463,2,146,63365,mean,0
audioseal,5,8463,2,146,63365,tct,0
audioseal,5,8463,2,146,62529,mean,0
audioseal,5,8463,2,146,62529,tct,0
audioseal,5,8463,2,146,12784,mean,0
audioseal,5,8463,2,146,12784,tct,0
audioseal,5,8463,2,146,30898,mean,0
audioseal,5,8463,2,146,30898,tct,0
audioseal,5,8463,2,146,63111,mean,0
audioseal,5,8463,2,146,63111,tct,0
audioseal,5,8463,2,146,30839,mean,0
audioseal,5,8463,2,146,30839,tct,0
audioseal,5,8463,2,146,45968,mean,0
audioseal,5,8463,2,146,45968,tct,0
audioseal,5,8555,0,147,20313,mean,0
audioseal,5,8555,0,147,20313,tct,0
audioseal,5,8555,0,147,52082,mean,0
audioseal,5,8555,0,147,52082,tct,0
audioseal,5,8555,0,147,44018,mean,0
audioseal,5,8555,0,147,44018,tct,0
audioseal,5,8555,0,147,64462,mean,0
audioseal,5,8555,0,147,64462,tct,0
audioseal,5,8555,0,147,15813,mean,0
audioseal,5,8555,0,147,15813,tct,0
audioseal,5,8555,0,147,19025,mean,0
audioseal,5,8555,0,147,19025,tct,0
audioseal,5,8555,0,147,10672,mean,0
audioseal,5,8555,0,147,10672,tct,0
audioseal,5,8555,0,147,7637,mean,0
audioseal,5,8555,0,147,7637,tct,0
audioseal,5,8555,0,147,20043,mean,0
audioseal,5,8555,0,147,20043,tct,0
audioseal,5,8555,0,147,61273,mean,0
audioseal,5,8555,0,147,61273,tct,0
audioseal,5,8555,1,148,32557,mean,0
audioseal,5,8555,1,148,32557,tct,0
audioseal,5,8555,1,148,30959,mean,0
audioseal,5,8555,1,148,30959,tct,0
audioseal,5,8555,1,148,48325,mean,0
audioseal,5,8555,1,148,48325,tct,0
audioseal,5,8555,1,148,54487,mean,0
audioseal,5,8555,1,148,54487,tct,0
audioseal,5,8555,1,148,20706,mean,0
audioseal,5,8555,1,148,20706,tct,0
audioseal,5,8555,1,148,31950,mean,0
audioseal,5,8555,1,148,31950,tct,0
audioseal,5,8555,1,148,7367,mean,0
audioseal,5,8555,1,148,7367,tct,0
audioseal,5,8555,1,148,5874,mean,0
audioseal,5,8555,1,148,5874,tct,0
audioseal,5,8555,1,148,21730,mean,0
audioseal,5,8555,1,148,21730,tct,0
audioseal,5,8555,1,148,46167,mean,0
audioseal,5,8555,1,148,46167,tct,0
audioseal,5,8555,2,149,48179,mean,0
audioseal,5,8555,2,149,48179,tct,1
audioseal,5,8555,2,149,3679,mean,0
audioseal,5,8555,2,149,3679,tct,0
audioseal,5,8555,2,149,10207,mean,0
audioseal,5,8555,2,149,10207,tct,0
audioseal,5,8555,2,149,18395,mean,0
audioseal,5,8555,2,149,18395,tct,0
audioseal,5,8555,2,149,48259,mean,0
audioseal,5,8555,2,149,48259,tct,0
audioseal,5,8555,2,149,14286,mean,0
audioseal,5,8555,2,149,14286,tct,0
audioseal,5,8555,2,149,15754,mean,0
audioseal,5,8555,2,149,15754,tct,0
audioseal,5,8555,2,149,26111,mean,0
audioseal,5,8555,2,149,26111,tct,0
audioseal,5,8555,2,149,9567,mean,0
audioseal,5,8555,2,149,9567,tct,1
audioseal,5,8555,2,149,9123,mean,0
audioseal,5,8555,2,149,9123,tct,0
audioseal,5,121,4,150,65344,mean,0
audioseal,5,121,4,150,65344,tct,0
audioseal,5,121,4,150,48962,mean,0
audioseal,5,121,4,150,48962,tct,0
audioseal,5,121,4,150,48768,mean,0
audioseal,5,121,4,150,48768,tct,0
audioseal,5,121,4,150,49089,mean,0
audioseal,5,121,4,150,49089,tct,0
audioseal,5,121,4,150,56752,mean,0
audioseal,5,121,4,150,56752,tct,0
audioseal,5,121,4,150,46736,mean,0
audioseal,5,121,4,150,46736,tct,0
audioseal,5,121,4,150,41411,mean,0
audioseal,5,121,4,150,41411,tct,0
audioseal,5,121,4,150,39367,mean,0
audioseal,5,121,4,150,39367,tct,0
audioseal,5,121,4,150,48512,mean,0
audioseal,5,121,4,150,48512,tct,0
audioseal,5,121,4,150,44007,mean,0
audioseal,5,121,4,150,44007,tct,0
audioseal,5,121,5,151,57365,mean,0
audioseal,5,121,5,151,57365,tct,0
audioseal,5,121,5,151,59409,mean,0
audioseal,5,121,5,151,59409,tct,0
audioseal,5,121,5,151,11943,mean,0
audioseal,5,121,5,151,11943,tct,0
audioseal,5,121,5,151,49177,mean,0
audioseal,5,121,5,151,49177,tct,0
audioseal,5,121,5,151,34842,mean,0
audioseal,5,121,5,151,34842,tct,0
audioseal,5,121,5,151,50408,mean,0
audioseal,5,121,5,151,50408,tct,0
audioseal,5,121,5,151,57621,mean,0
audioseal,5,121,5,151,57621,tct,0
audioseal,5,121,5,151,62940,mean,0
audioseal,5,121,5,151,62940,tct,0
audioseal,5,121,5,151,49290,mean,0
audioseal,5,121,5,151,49290,tct,0
audioseal,5,121,5,151,52232,mean,0
audioseal,5,121,5,151,52232,tct,0
audioseal,5,121,6,152,39881,mean,0
audioseal,5,121,6,152,39881,tct,0
audioseal,5,121,6,152,7105,mean,0
audioseal,5,121,6,152,7105,tct,0
audioseal,5,121,6,152,30380,mean,0
audioseal,5,121,6,152,30380,tct,0
audioseal,5,121,6,152,12130,mean,0
audioseal,5,121,6,152,12130,tct,0
audioseal,5,121,6,152,35648,mean,0
audioseal,5,121,6,152,35648,tct,0
audioseal,5,121,6,152,56152,mean,0
audioseal,5,121,6,152,56152,tct,0
audioseal,5,121,6,152,11130,mean,0
audioseal,5,121,6,152,11130,tct,0
audioseal,5,121,6,152,32508,mean,0
audioseal,5,121,6,152,32508,tct,0
audioseal,5,121,6,152,6716,mean,0
audioseal,5,121,6,152,6716,tct,0
audioseal,5,121,6,152,43969,mean,0
audioseal,5,121,6,152,43969,tct,0
audioseal,5,121,7,153,18238,mean,0
audioseal,5,121,7,153,18238,tct,0
audioseal,5,121,7,153,18110,mean,0
audioseal,5,121,7,153,18110,tct,0
audioseal,5,121,7,153,13374,mean,0
audioseal,5,121,7,153,13374,tct,0
audioseal,5,121,7,153,37778,mean,0
audioseal,5,121,7,153,37778,tct,0
audioseal,5,121,7,153,34594,mean,0
audioseal,5,121,7,153,34594,tct,0
audioseal,5,121,7,153,35598,mean,0
audioseal,5,121,7,153,35598,tct,0
audioseal,5,121,7,153,54846,mean,0
audioseal,5,121,7,153,54846,tct,0
audioseal,5,121,7,153,12346,mean,0
audioseal,5,121,7,153,12346,tct,0
audioseal,5,121,7,153,15390,mean,0
audioseal,5,121,7,153,15390,tct,0
audioseal,5,121,7,153,13326,mean,0
audioseal,5,121,7,153,13326,tct,0
audioseal,5,237,4,154,20523,mean,0
audioseal,5,237,4,154,20523,tct,0
audioseal,5,237,4,154,15159,mean,0
audioseal,5,237,4,154,15159,tct,0
audioseal,5,237,4,154,53547,mean,0
audioseal,5,237,4,154,53547,tct,0
audioseal,5,237,4,154,56244,mean,0
audioseal,5,237,4,154,56244,tct,0
audioseal,5,237,4,154,32186,mean,0
audioseal,5,237,4,154,32186,tct,0
audioseal,5,237,4,154,23486,mean,0
audioseal,5,237,4,154,23486,tct,0
audioseal,5,237,4,154,15866,mean,0
audioseal,5,237,4,154,15866,tct,0
audioseal,5,237,4,154,11738,mean,0
audioseal,5,237,4,154,11738,tct,0
audioseal,5,237,4,154,23802,mean,0
audioseal,5,237,4,154,23802,tct,0
audioseal,5,237,4,154,23706,mean,0
audioseal,5,237,4,154,23706,tct,0
audioseal,5,237,5,155,37893,mean,0
audioseal,5,237,5,155,37893,tct,0
audioseal,5,237,5,155,33799,mean,0
audioseal,5,237,5,155,33799,tct,0
audioseal,5,237,5,155,46119,mean,0
audioseal,5,237,5,155,46119,tct,0
audioseal,5,237,5,155,38927,mean,0
audioseal,5,237,5,155,38927,tct,0
audioseal,5,237,5,155,38983,mean,0
audioseal,5,237,5,155,38983,tct,1
audioseal,5,237,5,155,7371,mean,0
audioseal,5,237,5,155,7371,tct,0
audioseal,5,237,5,155,38923,mean,0
audioseal,5,237,5,155,38923,tct,0
audioseal,5,237,5,155,36975,mean,0
audioseal,5,237,5,155,36975,tct,0
audioseal,5,237,5,155,46083,mean,0
audioseal,5,237,5,155,46083,tct,0
audioseal,5,237,5,155,6363,mean,0
audioseal,5,237,5,155,6363,tct,0
audioseal,5,237,6,156,56944,mean,0
audioseal,5,237,6,156,56944,tct,1
audioseal,5,237,6,156,19449,mean,0
audioseal,5,237,6,156,19449,tct,0
audioseal,5,237,6,156,39681,mean,0
audioseal,5,237,6,156,39681,tct,0
audioseal,5,237,6,156,55825,mean,0
audioseal,5,237,6,156,55825,tct,0
audioseal,5,237,6,156,64265,mean,0
audioseal,5,237,6,156,64265,tct,0
audioseal,5,237,6,156,56848,mean,0
audioseal,5,237,6,156,56848,tct,0
audioseal,5,237,6,156,52860,mean,0
audioseal,5,237,6,156,52860,tct,0
audioseal,5,237,6,156,49807,mean,0
audioseal,5,237,6,156,49807,tct,0
audioseal,5,237,6,156,64153,mean,0
audioseal,5,237,6,156,64153,tct,0
audioseal,5,237,6,156,23305,mean,0
audioseal,5,237,6,156,23305,tct,0
audioseal,5,237,7,157,42285,mean,0
audioseal,5,237,7,157,42285,tct,1
audioseal,5,237,7,157,62008,mean,0
audioseal,5,237,7,157,62008,tct,0
audioseal,5,237,7,157,26943,mean,0
audioseal,5,237,7,157,26943,tct,0
audioseal,5,237,7,157,40459,mean,0
audioseal,5,237,7,157,40459,tct,0
audioseal,5,237,7,157,59277,mean,0
audioseal,5,237,7,157,59277,tct,0
audioseal,5,237,7,157,58799,mean,0
audioseal,5,237,7,157,58799,tct,0
audioseal,5,237,7,157,25146,mean,0
audioseal,5,237,7,157,25146,tct,0
audioseal,5,237,7,157,26047,mean,0
audioseal,5,237,7,157,26047,tct,0
audioseal,5,237,7,157,61992,mean,0
audioseal,5,237,7,157,61992,tct,0
audioseal,5,237,7,157,63032,mean,0
audioseal,5,237,7,157,63032,tct,0
audioseal,5,260,4,158,12427,mean,0
audioseal,5,260,4,158,12427,tct,0
audioseal,5,260,4,158,30234,mean,0
audioseal,5,260,4,158,30234,tct,0
audioseal,5,260,4,158,35137,mean,0
audioseal,5,260,4,158,35137,tct,0
audioseal,5,260,4,158,12433,mean,0
audioseal,5,260,4,158,12433,tct,1
audioseal,5,260,4,158,31536,mean,0
audioseal,5,260,4,158,31536,tct,0
audioseal,5,260,4,158,25392,mean,0
audioseal,5,260,4,158,25392,tct,0
audioseal,5,260,4,158,65290,mean,0
audioseal,5,260,4,158,65290,tct,0
audioseal,5,260,4,158,49600,mean,0
audioseal,5,260,4,158,49600,tct,0
audioseal,5,260,4,158,29210,mean,0
audioseal,5,260,4,158,29210,tct,0
audioseal,5,260,4,158,48150,mean,0
audioseal,5,260,4,158,48150,tct,0
audioseal,5,260,5,159,65181,mean,0
audioseal,5,260,5,159,65181,tct,0
audioseal,5,260,5,159,30574,mean,0
audioseal,5,260,5,159,30574,tct,0
audioseal,5,260,5,159,37614,mean,0
audioseal,5,260,5,159,37614,tct,0
audioseal,5,260,5,159,54940,mean,0
audioseal,5,260,5,159,54940,tct,0
audioseal,5,260,5,159,65441,mean,0
audioseal,5,260,5,159,65441,tct,0
audioseal,5,260,5,159,54895,mean,0
audioseal,5,260,5,159,54895,tct,0
audioseal,5,260,5,159,63104,mean,0
audioseal,5,260,5,159,63104,tct,0
audioseal,5,260,5,159,6458,mean,0
audioseal,5,260,5,159,6458,tct,0
audioseal,5,260,5,159,37484,mean,0
audioseal,5,260,5,159,37484,tct,0
audioseal,5,260,5,159,13310,mean,0
audioseal,5,260,5,159,13310,tct,0
audioseal,5,260,6,160,10256,mean,0
audioseal,5,260,6,160,10256,tct,0
audioseal,5,260,6,160,2558,mean,0
audioseal,5,260,6,160,2558,tct,0
audioseal,5,260,6,160,8216,mean,0
audioseal,5,260,6,160,8216,tct,0
audioseal,5,260,6,160,3084,mean,0
audioseal,5,260,6,160,3084,tct,0
audioseal,5,260,6,160,32565,mean,0
audioseal,5,260,6,160,32565,tct,0
audioseal,5,260,6,160,20,mean,0
audioseal,5,260,6,160,20,tct,0
audioseal,5,260,6,160,8592,mean,0
audioseal,5,260,6,160,8592,tct,0
audioseal,5,260,6,160,28341,mean,0
audioseal,5,260,6,160,28341,tct,0
audioseal,5,260,6,160,19716,mean,0
audioseal,5,260,6,160,19716,tct,0
audioseal,5,260,6,160,10512,mean,0
audioseal,5,260,6,160,10512,tct,0
audioseal,5,260,7,161,62512,mean,0
audioseal,5,260,7,161,62512,tct,0
audioseal,5,260,7,161,59600,mean,0
audioseal,5,260,7,161,59600,tct,0
audioseal,5,260,7,161,9972,mean,0
audioseal,5,260,7,161,9972,tct,0
audioseal,5,260,7,161,9468,mean,0
audioseal,5,260,7,161,9468,tct,0
audioseal,5,260,7,161,60152,mean,0
audioseal,5,260,7,161,60152,tct,0
audioseal,5,260,7,161,44262,mean,0
audioseal,5,260,7,161,44262,tct,0
audioseal,5,260,7,161,59952,mean,0
audioseal,5,260,7,161,59952,tct,0
audioseal,5,260,7,161,28132,mean,0
audioseal,5,260,7,161,28132,tct,0
audioseal,5,260,7,161,9964,mean,0
audioseal,5,260,7,161,9964,tct,0
audioseal,5,260,7,161,1244,mean,0
audioseal,5,260,7,161,1244,tct,0
audioseal,5,672,4,162,37740,mean,0
audioseal,5,672,4,162,37740,tct,0
audioseal,5,672,4,162,8843,mean,0
audioseal,5,672,4,162,8843,tct,0
audioseal,5,672,4,162,14205,mean,0
audioseal,5,672,4,162,14205,tct,0
audioseal,5,672,4,162,9023,mean,0
audioseal,5,672,4,162,9023,tct,0
audioseal,5,672,4,162,41849,mean,0
audioseal,5,672,4,162,41849,tct,0
audioseal,5,672,4,162,9019,mean,0
audioseal,5,672,4,162,9019,tct,0
audioseal,5,672,4,162,6013,mean,0
audioseal,5,672,4,162,6013,tct,0
audioseal,5,672,4,162,45932,mean,0
audioseal,5,672,4,162,45932,tct,0
audioseal,5,672,4,162,13007,mean,0
audioseal,5,672,4,162,13007,tct,0
audioseal,5,672,4,162,19296,mean,0
audioseal,5,672,4,162,19296,tct,0
audioseal,5,672,5,163,44566,mean,0
audioseal,5,672,5,163,44566,tct,0
audioseal,5,672,5,163,43780,mean,0
audioseal,5,672,5,163,43780,tct,0
audioseal,5,672,5,163,43794,mean,0
audioseal,5,672,5,163,43794,tct,0
audioseal,5,672,5,163,43602,mean,0
audioseal,5,672,5,163,43602,tct,0
audioseal,5,672,5,163,41940,mean,0
audioseal,5,672,5,163,41940,tct,0
audioseal,5,672,5,163,12233,mean,0
audioseal,5,672,5,163,12233,tct,0
audioseal,5,672,5,163,43969,mean,0
audioseal,5,672,5,163,43969,tct,0
audioseal,5,672,5,163,43036,mean,0
audioseal,5,672,5,163,43036,tct,0
audioseal,5,672,5,163,9153,mean,0
audioseal,5,672,5,163,9153,tct,0
audioseal,5,672,5,163,2828,mean,0
audioseal,5,672,5,163,2828,tct,0
audioseal,5,672,6,164,22639,mean,0
audioseal,5,672,6,164,22639,tct,1
audioseal,5,672,6,164,8079,mean,0
audioseal,5,672,6,164,8079,tct,0
audioseal,5,672,6,164,6251,mean,0
audioseal,5,672,6,164,6251,tct,0
audioseal,5,672,6,164,49039,mean,0
audioseal,5,672,6,164,49039,tct,0
audioseal,5,672,6,164,49572,mean,0
audioseal,5,672,6,164,49572,tct,0
audioseal,5,672,6,164,37412,mean,0
audioseal,5,672,6,164,37412,tct,0
audioseal,5,672,6,164,53349,mean,0
audioseal,5,672,6,164,53349,tct,0
audioseal,5,672,6,164,21542,mean,0
audioseal,5,672,6,164,21542,tct,0
audioseal,5,672,6,164,39567,mean,0
audioseal,5,672,6,164,39567,tct,0
audioseal,5,672,6,164,22895,mean,0
audioseal,5,672,6,164,22895,tct,0
audioseal,5,672,7,165,39761,mean,0
audioseal,5,672,7,165,39761,tct,0
audioseal,5,672,7,165,12651,mean,0
audioseal,5,672,7,165,12651,tct,0
audioseal,5,672,7,165,45909,mean,0
audioseal,5,672,7,165,45909,tct,0
audioseal,5,672,7,165,41408,mean,0
audioseal,5,672,7,165,41408,tct,0
audioseal,5,672,7,165,61822,mean,0
audioseal,5,672,7,165,61822,tct,0
audioseal,5,672,7,165,13425,mean,0
audioseal,5,672,7,165,13425,tct,0
audioseal,5,672,7,165,25083,mean,0
audioseal,5,672,7,165,25083,tct,0
audioseal,5,672,7,165,47941,mean,0
audioseal,5,672,7,165,47941,tct,0
audioseal,5,672,7,165,47959,mean,0
audioseal,5,672,7,165,47959,tct,0
audioseal,5,672,7,165,13025,mean,0
audioseal,5,672,7,165,13025,tct,0
audioseal,5,908,4,166,11417,mean,0
audioseal,5,908,4,166,11417,tct,0
audioseal,5,908,4,166,21946,mean,0
audioseal,5,908,4,166,21946,tct,0
audioseal,5,908,4,166,27025,mean,0
audioseal,5,908,4,166,27025,tct,1
audioseal,5,908,4,166,22963,mean,0
audioseal,5,908,4,166,22963,tct,1
audioseal,5,908,4,166,17816,mean,0
audioseal,5,908,4,166,17816,tct,0
audioseal,5,908,4,166,21944,mean,0
audioseal,5,908,4,166,21944,tct,0
audioseal,5,908,4,166,11445,mean,0
audioseal,5,908,4,166,11445,tct,0
audioseal,5,908,4,166,31899,mean,0
audioseal,5,908,4,166,31899,tct,0
audioseal,5,908,4,166,15793,mean,0
audioseal,5,908,4,166,15793,tct,0
audioseal,5,908,4,166,5523,mean,0
audioseal,5,908,4,166,5523,tct,0
audioseal,5,908,5,167,48074,mean,0
audioseal,5,908,5,167,48074,tct,0
audioseal,5,908,5,167,42271,mean,0
audioseal,5,908,5,167,42271,tct,0
audioseal,5,908,5,167,41999,mean,0
audioseal,5,908,5,167,41999,tct,0
audioseal,5,908,5,167,44938,mean,0
audioseal,5,908,5,167,44938,tct,0
audioseal,5,908,5,167,44298,mean,0
audioseal,5,908,5,167,44298,tct,1
audioseal,5,908,5,167,7108,mean,0
audioseal,5,908,5,167,7108,tct,0
audioseal,5,908,5,167,48106,mean,0
audioseal,5,908,5,167,48106,tct,0
audioseal,5,908,5,167,31686,mean,0
audioseal,5,908,5,167,31686,tct,0
audioseal,5,908,5,167,47051,mean,0
audioseal,5,908,5,167,47051,tct,0
audioseal,5,908,5,167,23532,mean,0
audioseal,5,908,5,167,23532,tct,0
audioseal,5,908,6,168,15291,mean,0
audioseal,5,908,6,168,15291,tct,0
audioseal,5,908,6,168,16187,mean,0
audioseal,5,908,6,168,16187,tct,0
audioseal,5,908,6,168,16790,mean,0
audioseal,5,908,6,168,16790,tct,0
audioseal,5,908,6,168,16043,mean,0
audioseal,5,908,6,168,16043,tct,0
audioseal,5,908,6,168,7288,mean,0
audioseal,5,908,6,168,7288,tct,0
audioseal,5,908,6,168,8879,mean,0
audioseal,5,908,6,168,8879,tct,0
audioseal,5,908,6,168,13993,mean,0
audioseal,5,908,6,168,13993,tct,0
audioseal,5,908,6,168,17299,mean,0
audioseal,5,908,6,168,17299,tct,0
audioseal,5,908,6,168,14270,mean,0
audioseal,5,908,6,168,14270,tct,0
audioseal,5,908,6,168,18310,mean,0
audioseal,5,908,6,168,18310,tct,0
audioseal,5,908,7,169,32313,mean,0
audioseal,5,908,7,169,32313,tct,0
audioseal,5,908,7,169,41251,mean,0
audioseal,5,908,7,169,41251,tct,0
audioseal,5,908,7,169,1664,mean,0
audioseal,5,908,7,169,1664,tct,0
audioseal,5,908,7,169,20100,mean,0
audioseal,5,908,7,169,20100,tct,0
audioseal,5,908,7,169,64844,mean,0
audioseal,5,908,7,169,64844,tct,0
audioseal,5,908,7,169,64997,mean,0
audioseal,5,908,7,169,64997,tct,0
audioseal,5,908,7,169,16264,mean,0
audioseal,5,908,7,169,16264,tct,0
audioseal,5,908,7,169,65492,mean,0
audioseal,5,908,7,169,65492,tct,0
audioseal,5,908,7,169,41899,mean,0
audioseal,5,908,7,169,41899,tct,0
audioseal,5,908,7,169,47008,mean,0
audioseal,5,908,7,169,47008,tct,0
audioseal,5,1089,4,170,29400,mean,0
audioseal,5,1089,4,170,29400,tct,0
audioseal,5,1089,4,170,27353,mean,0
audioseal,5,1089,4,170,27353,tct,0
audioseal,5,1089,4,170,51196,mean,0
audioseal,5,1089,4,170,51196,tct,0
audioseal,5,1089,4,170,61977,mean,0
audioseal,5,1089,4,170,61977,tct,0
audioseal,5,1089,4,170,28671,mean,0
audioseal,5,1089,4,170,28671,tct,0
audioseal,5,1089,4,170,50924,mean,0
audioseal,5,1089,4,170,50924,tct,0
audioseal,5,1089,4,170,6360,mean,0
audioseal,5,1089,4,170,6360,tct,0
audioseal,5,1089,4,170,2552,mean,0
audioseal,5,1089,4,170,2552,tct,0
audioseal,5,1089,4,170,10425,mean,0
audioseal,5,1089,4,170,10425,tct,0
audioseal,5,1089,4,170,22297,mean,0
audioseal,5,1089,4,170,22297,tct,0
audioseal,5,1089,5,171,64047,mean,0
audioseal,5,1089,5,171,64047,tct,0
audioseal,5,1089,5,171,2104,mean,0
audioseal,5,1089,5,171,2104,tct,0
audioseal,5,1089,5,171,55606,mean,0
audioseal,5,1089,5,171,55606,tct,1
audioseal,5,1089,5,171,62254,mean,0
audioseal,5,1089,5,171,62254,tct,0
audioseal,5,1089,5,171,2416,mean,0
audioseal,5,1089,5,171,2416,tct,0
audioseal,5,1089,5,171,18804,mean,0
audioseal,5,1089,5,171,18804,tct,0
audioseal,5,1089,5,171,55668,mean,0
audioseal,5,1089,5,171,55668,tct,0
audioseal,5,1089,5,171,57919,mean,0
audioseal,5,1089,5,171,57919,tct,0
audioseal,5,1089,5,171,48956,mean,0
audioseal,5,1089,5,171,48956,tct,0
audioseal,5,1089,5,171,62253,mean,0
audioseal,5,1089,5,171,62253,tct,0
audioseal,5,1089,6,172,59232,mean,0
audioseal,5,1089,6,172,59232,tct,0
audioseal,5,1089,6,172,29037,mean,0
audioseal,5,1089,6,172,29037,tct,0
audioseal,5,1089,6,172,50738,mean,0
audioseal,5,1089,6,172,50738,tct,0
audioseal,5,1089,6,172,30076,mean,0
audioseal,5,1089,6,172,30076,tct,0
audioseal,5,1089,6,172,24953,mean,0
audioseal,5,1089,6,172,24953,tct,0
audioseal,5,1089,6,172,32080,mean,0
audioseal,5,1089,6,172,32080,tct,0
audioseal,5,1089,6,172,20829,mean,0
audioseal,5,1089,6,172,20829,tct,0
audioseal,5,1089,6,172,50036,mean,0
audioseal,5,1089,6,172,50036,tct,0
audioseal,5,1089,6,172,20863,mean,0
audioseal,5,1089,6,172,20863,tct,0
audioseal,5,1089,6,172,54822,mean,0
audioseal,5,1089,6,172,54822,tct,0
audioseal,5,1089,7,173,19988,mean,0
audioseal,5,1089,7,173,19988,tct,0
audioseal,5,1089,7,173,26713,mean,0
audioseal,5,1089,7,173,26713,tct,0
audioseal,5,1089,7,173,48547,mean,0
audioseal,5,1089,7,173,48547,tct,0
audioseal,5,1089,7,173,59451,mean,0
audioseal,5,1089,7,173,59451,tct,0
audioseal,5,1089,7,173,63545,mean,0
audioseal,5,1089,7,173,63545,tct,0
audioseal,5,1089,7,173,16532,mean,0
audioseal,5,1089,7,173,16532,tct,0
audioseal,5,1089,7,173,53304,mean,0
audioseal,5,1089,7,173,53304,tct,0
audioseal,5,1089,7,173,61754,mean,0
audioseal,5,1089,7,173,61754,tct,0
audioseal,5,1089,7,173,47418,mean,0
audioseal,5,1089,7,173,47418,tct,0
audioseal,5,1089,7,173,46251,mean,0
audioseal,5,1089,7,173,46251,tct,0
audioseal,5,1188,4,174,56962,mean,0
audioseal,5,1188,4,174,56962,tct,0
audioseal,5,1188,4,174,24450,mean,0
audioseal,5,1188,4,174,24450,tct,0
audioseal,5,1188,4,174,36939,mean,0
audioseal,5,1188,4,174,36939,tct,0
audioseal,5,1188,4,174,49626,mean,0
audioseal,5,1188,4,174,49626,tct,0
audioseal,5,1188,4,174,55570,mean,0
audioseal,5,1188,4,174,55570,tct,1
audioseal,5,1188,4,174,52162,mean,0
audioseal,5,1188,4,174,52162,tct,0
audioseal,5,1188,4,174,53706,mean,0
audioseal,5,1188,4,174,53706,tct,0
audioseal,5,1188,4,174,49546,mean,0
audioseal,5,1188,4,174,49546,tct,0
audioseal,5,1188,4,174,36935,mean,0
audioseal,5,1188,4,174,36935,tct,0
audioseal,5,1188,4,174,39439,mean,0
audioseal,5,1188,4,174,39439,tct,0
audioseal,5,1188,5,175,45352,mean,0
audioseal,5,1188,5,175,45352,tct,0
audioseal,5,1188,5,175,52538,mean,0
audioseal,5,1188,5,175,52538,tct,0
audioseal,5,1188,5,175,50554,mean,0
audioseal,5,1188,5,175,50554,tct,0
audioseal,5,1188,5,175,50494,mean,0
audioseal,5,1188,5,175,50494,tct,0
audioseal,5,1188,5,175,35409,mean,0
audioseal,5,1188,5,175,35409,tct,0
audioseal,5,1188,5,175,57658,mean,0
audioseal,5,1188,5,175,57658,tct,0
audioseal,5,1188,5,175,42298,mean,0
audioseal,5,1188,5,175,42298,tct,0
audioseal,5,1188,5,175,312,mean,0
audioseal,5,1188,5,175,312,tct,0
audioseal,5,1188,5,175,38731,mean,0
audioseal,5,1188,5,175,38731,tct,0
audioseal,5,1188,5,175,6721,mean,0
audioseal,5,1188,5,175,6721,tct,0
audioseal,5,1188,6,176,523,mean,0
audioseal,5,1188,6,176,523,tct,0
audioseal,5,1188,6,176,18730,mean,0
audioseal,5,1188,6,176,18730,tct,1
audioseal,5,1188,6,176,18971,mean,0
audioseal,5,1188,6,176,18971,tct,0
audioseal,5,1188,6,176,27435,mean,0
audioseal,5,1188,6,176,27435,tct,0
audioseal,5,1188,6,176,2751,mean,0
audioseal,5,1188,6,176,2751,tct,0
audioseal,5,1188,6,176,2315,mean,0
audioseal,5,1188,6,176,2315,tct,0
audioseal,5,1188,6,176,17723,mean,0
audioseal,5,1188,6,176,17723,tct,0
audioseal,5,1188,6,176,3083,mean,0
audioseal,5,1188,6,176,3083,tct,0
audioseal,5,1188,6,176,1290,mean,0
audioseal,5,1188,6,176,1290,tct,0
audioseal,5,1188,6,176,35363,mean,0
audioseal,5,1188,6,176,35363,tct,0
audioseal,5,1188,7,177,58102,mean,0
audioseal,5,1188,7,177,58102,tct,0
audioseal,5,1188,7,177,43264,mean,0
audioseal,5,1188,7,177,43264,tct,0
audioseal,5,1188,7,177,8448,mean,0
audioseal,5,1188,7,177,8448,tct,0
audioseal,5,1188,7,177,37696,mean,0
audioseal,5,1188,7,177,37696,tct,0
audioseal,5,1188,7,177,38232,mean,0
audioseal,5,1188,7,177,38232,tct,0
audioseal,5,1188,7,177,43254,mean,0
audioseal,5,1188,7,177,43254,tct,0
audioseal,5,1188,7,177,60278,mean,0
audioseal,5,1188,7,177,60278,tct,0
audioseal,5,1188,7,177,59634,mean,0
audioseal,5,1188,7,177,59634,tct,0
audioseal,5,1188,7,177,61142,mean,0
audioseal,5,1188,7,177,61142,tct,0
audioseal,5,1188,7,177,40275,mean,0
audioseal,5,1188,7,177,40275,tct,0
audioseal,5,1221,4,178,25554,mean,0
audioseal,5,1221,4,178,25554,tct,1
audioseal,5,1221,4,178,49986,mean,0
audioseal,5,1221,4,178,49986,tct,0
audioseal,5,1221,4,178,25546,mean,0
audioseal,5,1221,4,178,25546,tct,0
audioseal,5,1221,4,178,9128,mean,0
audioseal,5,1221,4,178,9128,tct,0
audioseal,5,1221,4,178,62298,mean,0
audioseal,5,1221,4,178,62298,tct,0
audioseal,5,1221,4,178,54120,mean,0
audioseal,5,1221,4,178,54120,tct,0
audioseal,5,1221,4,178,62017,mean,0
audioseal,5,1221,4,178,62017,tct,0
audioseal,5,1221,4,178,49729,mean,0
audioseal,5,1221,4,178,49729,tct,0
audioseal,5,1221,4,178,62346,mean,0
audioseal,5,1221,4,178,62346,tct,0
audioseal,5,1221,4,178,25457,mean,0
audioseal,5,1221,4,178,25457,tct,0
audioseal,5,1221,5,179,40600,mean,0
audioseal,5,1221,5,179,40600,tct,0
audioseal,5,1221,5,179,32546,mean,0
audioseal,5,1221,5,179,32546,tct,1
audioseal,5,1221,5,179,31523,mean,0
audioseal,5,1221,5,179,31523,tct,0
audioseal,5,1221,5,179,11059,mean,0
audioseal,5,1221,5,179,11059,tct,0
audioseal,5,1221,5,179,27411,mean,0
audioseal,5,1221,5,179,27411,tct,0
audioseal,5,1221,5,179,65322,mean,0
audioseal,5,1221,5,179,65322,tct,0
audioseal,5,1221,5,179,16177,mean,0
audioseal,5,1221,5,179,16177,tct,0
audioseal,5,1221,5,179,64040,mean,0
audioseal,5,1221,5,179,64040,tct,0
audioseal,5,1221,5,179,64024,mean,0
audioseal,5,1221,5,179,64024,tct,0
audioseal,5,1221,5,179,57008,mean,0
audioseal,5,1221,5,179,57008,tct,0
audioseal,5,1221,6,180,3729,mean,0
audioseal,5,1221,6,180,3729,tct,0
audioseal,5,1221,6,180,20124,mean,0
audioseal,5,1221,6,180,20124,tct,0
audioseal,5,1221,6,180,9330,mean,0
audioseal,5,1221,6,180,9330,tct,0
audioseal,5,1221,6,180,19604,mean,0
audioseal,5,1221,6,180,19604,tct,0
audioseal,5,1221,6,180,19664,mean,0
audioseal,5,1221,6,180,19664,tct,0
audioseal,5,1221,6,180,44688,mean,0
audioseal,5,1221,6,180,44688,tct,0
audioseal,5,1221,6,180,34004,mean,0
audioseal,5,1221,6,180,34004,tct,0
audioseal,5,1221,6,180,3188,mean,0
audioseal,5,1221,6,180,3188,tct,0
audioseal,5,1221,6,180,44273,mean,0
audioseal,5,1221,6,180,44273,tct,0
audioseal,5,1221,6,180,52673,mean,0
audioseal,5,1221,6,180,52673,tct,0
audioseal,5,1221,7,181,4470,mean,0
audioseal,5,1221,7,181,4470,tct,0
audioseal,5,1221,7,181,49206,mean,0
audioseal,5,1221,7,181,49206,tct,0
audioseal,5,1221,7,181,10023,mean,0
audioseal,5,1221,7,181,10023,tct,0
audioseal,5,1221,7,181,36919,mean,0
audioseal,5,1221,7,181,36919,tct,0
audioseal,5,1221,7,181,21015,mean,0
audioseal,5,1221,7,181,21015,tct,0
audioseal,5,1221,7,181,16951,mean,0
audioseal,5,1221,7,181,16951,tct,0
audioseal,5,1221,7,181,49715,mean,0
audioseal,5,1221,7,181,49715,tct,0
audioseal,5,1221,7,181,23379,mean,0
audioseal,5,1221,7,181,23379,tct,0
audioseal,5,1221,7,181,41766,mean,0
audioseal,5,1221,7,181,41766,tct,0
audioseal,5,1221,7,181,17015,mean,0
audioseal,5,1221,7,181,17015,tct,0
audioseal,5,1284,4,182,43632,mean,0
audioseal,5,1284,4,182,43632,tct,0
audioseal,5,1284,4,182,29513,mean,0
audioseal,5,1284,4,182,29513,tct,0
audioseal,5,1284,4,182,31560,mean,0
audioseal,5,1284,4,182,31560,tct,0
audioseal,5,1284,4,182,1877,mean,0
audioseal,5,1284,4,182,1877,tct,0
audioseal,5,1284,4,182,6005,mean,0
audioseal,5,1284,4,182,6005,tct,0
audioseal,5,1284,4,182,29514,mean,0
audioseal,5,1284,4,182,29514,tct,0
audioseal,5,1284,4,182,54137,mean,0
audioseal,5,1284,4,182,54137,tct,0
audioseal,5,1284,4,182,29288,mean,0
audioseal,5,1284,4,182,29288,tct,0
audioseal,5,1284,4,182,19065,mean,0
audioseal,5,1284,4,182,19065,tct,0
audioseal,5,1284,4,182,31320,mean,0
audioseal,5,1284,4,182,31320,tct,0
audioseal,5,1284,5,183,53204,mean,0
audioseal,5,1284,5,183,53204,tct,0
audioseal,5,1284,5,183,56276,mean,0
audioseal,5,1284,5,183,56276,tct,0
audioseal,5,1284,5,183,56083,mean,0
audioseal,5,1284,5,183,56083,tct,0
audioseal,5,1284,5,183,54067,mean,0
audioseal,5,1284,5,183,54067,tct,0
audioseal,5,1284,5,183,56244,mean,0
audioseal,5,1284,5,183,56244,tct,1
audioseal,5,1284,5,183,56278,mean,0
audioseal,5,1284,5,183,56278,tct,0
audioseal,5,1284,5,183,57268,mean,0
audioseal,5,1284,5,183,57268,tct,0
audioseal,5,1284,5,183,56304,mean,0
audioseal,5,1284,5,183,56304,tct,0
audioseal,5,1284,5,183,23540,mean,0
audioseal,5,1284,5,183,23540,tct,0
audioseal,5,1284,5,183,22888,mean,0
audioseal,5,1284,5,183,22888,tct,0
audioseal,5,1284,6,184,63547,mean,0
audioseal,5,1284,6,184,63547,tct,0
audioseal,5,1284,6,184,28144,mean,0
audioseal,5,1284,6,184,28144,tct,0
audioseal,5,1284,6,184,23267,mean,0
audioseal,5,1284,6,184,23267,tct,0
audioseal,5,1284,6,184,59880,mean,0
audioseal,5,1284,6,184,59880,tct,0
audioseal,5,1284,6,184,60648,mean,0
audioseal,5,1284,6,184,60648,tct,0
audioseal,5,1284,6,184,31739,mean,0
audioseal,5,1284,6,184,31739,tct,0
audioseal,5,1284,6,184,22769,mean,0
audioseal,5,1284,6,184,22769,tct,0
audioseal,5,1284,6,184,26872,mean,0
audioseal,5,1284,6,184,26872,tct,0
audioseal,5,1284,6,184,31714,mean,0
audioseal,5,1284,6,184,31714,tct,0
audioseal,5,1284,6,184,59899,mean,0
audioseal,5,1284,6,184,59899,tct,0
audioseal,5,1284,7,185,14309,mean,0
audioseal,5,1284,7,185,14309,tct,0
audioseal,5,1284,7,185,29517,mean,0
audioseal,5,1284,7,185,29517,tct,0
audioseal,5,1284,7,185,5894,mean,0
audioseal,5,1284,7,185,5894,tct,0
audioseal,5,1284,7,185,30470,mean,0
audioseal,5,1284,7,185,30470,tct,1
audioseal,5,1284,7,185,13229,mean,0
audioseal,5,1284,7,185,13229,tct,0
audioseal,5,1284,7,185,13261,mean,0
audioseal,5,1284,7,185,13261,tct,0
audioseal,5,1284,7,185,28916,mean,0
audioseal,5,1284,7,185,28916,tct,0
audioseal,5,1284,7,185,14306,mean,0
audioseal,5,1284,7,185,14306,tct,0
audioseal,5,1284,7,185,22275,mean,0
audioseal,5,1284,7,185,22275,tct,0
audioseal,5,1284,7,185,22018,mean,0
audioseal,5,1284,7,185,22018,tct,0
audioseal,5,1320,4,186,45691,mean,0
audioseal,5,1320,4,186,45691,tct,0
audioseal,5,1320,4,186,47671,mean,0
audioseal,5,1320,4,186,47671,tct,0
audioseal,5,1320,4,186,38967,mean,0
audioseal,5,1320,4,186,38967,tct,0
audioseal,5,1320,4,186,47127,mean,0
audioseal,5,1320,4,186,47127,tct,0
audioseal,5,1320,4,186,47157,mean,0
audioseal,5,1320,4,186,47157,tct,0
audioseal,5,1320,4,186,11994,mean,0
audioseal,5,1320,4,186,11994,tct,0
audioseal,5,1320,4,186,20218,mean,0
audioseal,5,1320,4,186,20218,tct,0
audioseal,5,1320,4,186,32506,mean,0
audioseal,5,1320,4,186,32506,tct,0
audioseal,5,1320,4,186,40549,mean,0
audioseal,5,1320,4,186,40549,tct,0
audioseal,5,1320,4,186,43575,mean,0
audioseal,5,1320,4,186,43575,tct,0
audioseal,5,1320,5,187,54872,mean,0
audioseal,5,1320,5,187,54872,tct,0
audioseal,5,1320,5,187,22018,mean,0
audioseal,5,1320,5,187,22018,tct,0
audioseal,5,1320,5,187,19978,mean,0
audioseal,5,1320,5,187,19978,tct,0
audioseal,5,1320,5,187,55048,mean,0
audioseal,5,1320,5,187,55048,tct,0
audioseal,5,1320,5,187,55880,mean,0
audioseal,5,1320,5,187,55880,tct,0
audioseal,5,1320,5,187,24332,mean,0
audioseal,5,1320,5,187,24332,tct,0
audioseal,5,1320,5,187,7517,mean,0
audioseal,5,1320,5,187,7517,tct,0
audioseal,5,1320,5,187,22106,mean,0
audioseal,5,1320,5,187,22106,tct,0
audioseal,5,1320,5,187,24158,mean,0
audioseal,5,1320,5,187,24158,tct,0
audioseal,5,1320,5,187,22290,mean,0
audioseal,5,1320,5,187,22290,tct,0
audioseal,5,1320,6,188,55817,mean,0
audioseal,5,1320,6,188,55817,tct,0
audioseal,5,1320,6,188,28873,mean,0
audioseal,5,1320,6,188,28873,tct,0
audioseal,5,1320,6,188,30913,mean,0
audioseal,5,1320,6,188,30913,tct,0
audioseal,5,1320,6,188,64073,mean,0
audioseal,5,1320,6,188,64073,tct,0
audioseal,5,1320,6,188,37449,mean,0
audioseal,5,1320,6,188,37449,tct,0
audioseal,5,1320,6,188,37389,mean,0
audioseal,5,1320,6,188,37389,tct,0
audioseal,5,1320,6,188,60109,mean,0
audioseal,5,1320,6,188,60109,tct,0
audioseal,5,1320,6,188,64013,mean,0
audioseal,5,1320,6,188,64013,tct,0
audioseal,5,1320,6,188,28995,mean,0
audioseal,5,1320,6,188,28995,tct,0
audioseal,5,1320,6,188,29127,mean,0
audioseal,5,1320,6,188,29127,tct,0
audioseal,5,1320,7,189,58789,mean,0
audioseal,5,1320,7,189,58789,tct,0
audioseal,5,1320,7,189,11913,mean,0
audioseal,5,1320,7,189,11913,tct,0
audioseal,5,1320,7,189,63938,mean,0
audioseal,5,1320,7,189,63938,tct,0
audioseal,5,1320,7,189,10629,mean,0
audioseal,5,1320,7,189,10629,tct,0
audioseal,5,1320,7,189,2181,mean,0
audioseal,5,1320,7,189,2181,tct,0
audioseal,5,1320,7,189,22976,mean,0
audioseal,5,1320,7,189,22976,tct,0
audioseal,5,1320,7,189,6548,mean,0
audioseal,5,1320,7,189,6548,tct,0
audioseal,5,1320,7,189,2177,mean,0
audioseal,5,1320,7,189,2177,tct,0
audioseal,5,1320,7,189,63876,mean,0
audioseal,5,1320,7,189,63876,tct,0
audioseal,5,1320,7,189,47568,mean,0
audioseal,5,1320,7,189,47568,tct,0
audioseal,5,1580,4,190,44632,mean,0
audioseal,5,1580,4,190,44632,tct,0
audioseal,5,1580,4,190,44636,mean,0
audioseal,5,1580,4,190,44636,tct,0
audioseal,5,1580,4,190,43134,mean,0
audioseal,5,1580,4,190,43134,tct,0
audioseal,5,1580,4,190,44724,mean,0
audioseal,5,1580,4,190,44724,tct,0
audioseal,5,1580,4,190,63094,mean,0
audioseal,5,1580,4,190,63094,tct,0
audioseal,5,1580,4,190,44138,mean,0
audioseal,5,1580,4,190,44138,tct,0
audioseal,5,1580,4,190,44090,mean,0
audioseal,5,1580,4,190,44090,tct,0
audioseal,5,1580,4,190,32382,mean,0
audioseal,5,1580,4,190,32382,tct,0
audioseal,5,1580,4,190,30242,mean,0
audioseal,5,1580,4,190,30242,tct,0
audioseal,5,1580,4,190,35423,mean,0
audioseal,5,1580,4,190,35423,tct,0
audioseal,5,1580,5,191,15702,mean,0
audioseal,5,1580,5,191,15702,tct,0
audioseal,5,1580,5,191,13572,mean,0
audioseal,5,1580,5,191,13572,tct,0
audioseal,5,1580,5,191,9558,mean,0
audioseal,5,1580,5,191,9558,tct,0
audioseal,5,1580,5,191,13716,mean,0
audioseal,5,1580,5,191,13716,tct,0
audioseal,5,1580,5,191,37261,mean,0
audioseal,5,1580,5,191,37261,tct,0
audioseal,5,1580,5,191,33567,mean,0
audioseal,5,1580,5,191,33567,tct,0
audioseal,5,1580,5,191,61255,mean,0
audioseal,5,1580,5,191,61255,tct,0
audioseal,5,1580,5,191,41799,mean,0
audioseal,5,1580,5,191,41799,tct,0
audioseal,5,1580,5,191,45826,mean,0
audioseal,5,1580,5,191,45826,tct,0
audioseal,5,1580,5,191,48910,mean,0
audioseal,5,1580,5,191,48910,tct,0
audioseal,5,1580,6,192,30160,mean,0
audioseal,5,1580,6,192,30160,tct,0
audioseal,5,1580,6,192,49347,mean,0
audioseal,5,1580,6,192,49347,tct,0
audioseal,5,1580,6,192,34951,mean,0
audioseal,5,1580,6,192,34951,tct,1
audioseal,5,1580,6,192,21978,mean,0
audioseal,5,1580,6,192,21978,tct,0
audioseal,5,1580,6,192,53574,mean,0
audioseal,5,1580,6,192,53574,tct,0
audioseal,5,1580,6,192,23902,mean,0
audioseal,5,1580,6,192,23902,tct,0
audioseal,5,1580,6,192,30161,mean,0
audioseal,5,1580,6,192,30161,tct,0
audioseal,5,1580,6,192,49283,mean,0
audioseal,5,1580,6,192,49283,tct,0
audioseal,5,1580,6,192,36291,mean,0
audioseal,5,1580,6,192,36291,tct,0
audioseal,5,1580,6,192,56662,mean,0
audioseal,5,1580,6,192,56662,tct,0
audioseal,5,1580,7,193,1276,mean,0
audioseal,5,1580,7,193,1276,tct,0
audioseal,5,1580,7,193,59608,mean,0
audioseal,5,1580,7,193,59608,tct,0
audioseal,5,1580,7,193,56092,mean,0
audioseal,5,1580,7,193,56092,tct,0
audioseal,5,1580,7,193,51440,mean,0
audioseal,5,1580,7,193,51440,tct,0
audioseal,5,1580,7,193,3276,mean,0
audioseal,5,1580,7,193,3276,tct,0
audioseal,5,1580,7,193,8400,mean,0
audioseal,5,1580,7,193,8400,tct,0
audioseal,5,1580,7,193,59484,mean,0
audioseal,5,1580,7,193,59484,tct,0
audioseal,5,1580,7,193,33272,mean,0
audioseal,5,1580,7,193,33272,tct,0
audioseal,5,1580,7,193,1016,mean,0
audioseal,5,1580,7,193,1016,tct,0
audioseal,5,1580,7,193,52184,mean,0
audioseal,5,1580,7,193,52184,tct,0
audioseal,5,1995,4,194,59414,mean,0
audioseal,5,1995,4,194,59414,tct,0
audioseal,5,1995,4,194,46765,mean,0
audioseal,5,1995,4,194,46765,tct,0
audioseal,5,1995,4,194,10269,mean,0
audioseal,5,1995,4,194,10269,tct,0
audioseal,5,1995,4,194,63638,mean,0
audioseal,5,1995,4,194,63638,tct,0
audioseal,5,1995,4,194,53567,mean,0
audioseal,5,1995,4,194,53567,tct,0
audioseal,5,1995,4,194,29115,mean,0
audioseal,5,1995,4,194,29115,tct,0
audioseal,5,1995,4,194,31659,mean,0
audioseal,5,1995,4,194,31659,tct,0
audioseal,5,1995,4,194,21787,mean,0
audioseal,5,1995,4,194,21787,tct,0
audioseal,5,1995,4,194,13997,mean,0
audioseal,5,1995,4,194,13997,tct,0
audioseal,5,1995,4,194,31007,mean,0
audioseal,5,1995,4,194,31007,tct,1
audioseal,5,1995,5,195,62282,mean,0
audioseal,5,1995,5,195,62282,tct,0
audioseal,5,1995,5,195,59210,mean,0
audioseal,5,1995,5,195,59210,tct,0
audioseal,5,1995,5,195,30542,mean,0
audioseal,5,1995,5,195,30542,tct,0
audioseal,5,1995,5,195,64542,mean,0
audioseal,5,1995,5,195,64542,tct,0
audioseal,5,1995,5,195,39482,mean,0
audioseal,5,1995,5,195,39482,tct,0
audioseal,5,1995,5,195,2578,mean,0
audioseal,5,1995,5,195,2578,tct,0
audioseal,5,1995,5,195,30282,mean,0
audioseal,5,1995,5,195,30282,tct,0
audioseal,5,1995,5,195,27606,mean,0
audioseal,5,1995,5,195,27606,tct,0
audioseal,5,1995,5,195,2516,mean,0
audioseal,5,1995,5,195,2516,tct,0
audioseal,5,1995,5,195,63002,mean,0
audioseal,5,1995,5,195,63002,tct,0
audioseal,5,1995,6,196,6453,mean,0
audioseal,5,1995,6,196,6453,tct,0
audioseal,5,1995,6,196,18542,mean,0
audioseal,5,1995,6,196,18542,tct,0
audioseal,5,1995,6,196,30197,mean,0
audioseal,5,1995,6,196,30197,tct,0
audioseal,5,1995,6,196,26613,mean,0
audioseal,5,1995,6,196,26613,tct,0
audioseal,5,1995,6,196,35503,mean,0
audioseal,5,1995,6,196,35503,tct,0
audioseal,5,1995,6,196,43183,mean,0
audioseal,5,1995,6,196,43183,tct,0
audioseal,5,1995,6,196,39188,mean,0
audioseal,5,1995,6,196,39188,tct,0
audioseal,5,1995,6,196,51502,mean,0
audioseal,5,1995,6,196,51502,tct,0
audioseal,5,1995,6,196,21493,mean,0
audioseal,5,1995,6,196,21493,tct,0
audioseal,5,1995,6,196,34964,mean,0
audioseal,5,1995,6,196,34964,tct,0
audioseal,5,1995,7,197,53957,mean,0
audioseal,5,1995,7,197,53957,tct,0
audioseal,5,1995,7,197,28379,mean,0
audioseal,5,1995,7,197,28379,tct,0
audioseal,5,1995,7,197,15880,mean,0
audioseal,5,1995,7,197,15880,tct,0
audioseal,5,1995,7,197,12040,mean,0
audioseal,5,1995,7,197,12040,tct,0
audioseal,5,1995,7,197,4049,mean,0
audioseal,5,1995,7,197,4049,tct,0
audioseal,5,1995,7,197,6016,mean,0
audioseal,5,1995,7,197,6016,tct,0
audioseal,5,1995,7,197,46600,mean,0
audioseal,5,1995,7,197,46600,tct,0
audioseal,5,1995,7,197,40544,mean,0
audioseal,5,1995,7,197,40544,tct,0
audioseal,5,1995,7,197,14091,mean,0
audioseal,5,1995,7,197,14091,tct,0
audioseal,5,1995,7,197,46888,mean,0
audioseal,5,1995,7,197,46888,tct,0
audioseal,5,2300,4,198,2665,mean,0
audioseal,5,2300,4,198,2665,tct,0
audioseal,5,2300,4,198,17570,mean,0
audioseal,5,2300,4,198,17570,tct,1
audioseal,5,2300,4,198,28884,mean,0
audioseal,5,2300,4,198,28884,tct,0
audioseal,5,2300,4,198,51813,mean,0
audioseal,5,2300,4,198,51813,tct,0
audioseal,5,2300,4,198,52289,mean,0
audioseal,5,2300,4,198,52289,tct,0
audioseal,5,2300,4,198,52545,mean,0
audioseal,5,2300,4,198,52545,tct,0
audioseal,5,2300,4,198,24742,mean,0
audioseal,5,2300,4,198,24742,tct,0
audioseal,5,2300,4,198,25764,mean,0
audioseal,5,2300,4,198,25764,tct,0
audioseal,5,2300,4,198,25844,mean,0
audioseal,5,2300,4,198,25844,tct,0
audioseal,5,2300,4,198,25782,mean,0
audioseal,5,2300,4,198,25782,tct,0
audioseal,5,2300,5,199,61446,mean,0
audioseal,5,2300,5,199,61446,tct,1
audioseal,5,2300,5,199,61440,mean,0
audioseal,5,2300,5,199,61440,tct,0
audioseal,5,2300,5,199,15898,mean,0
audioseal,5,2300,5,199,15898,tct,0
audioseal,5,2300,5,199,17873,mean,0
audioseal,5,2300,5,199,17873,tct,0
audioseal,5,2300,5,199,45124,mean,0
audioseal,5,2300,5,199,45124,tct,0
audioseal,5,2300,5,199,58726,mean,0
audioseal,5,2300,5,199,58726,tct,0
audioseal,5,2300,5,199,1492,mean,0
audioseal,5,2300,5,199,1492,tct,0
audioseal,5,2300,5,199,42004,mean,0
audioseal,5,2300,5,199,42004,tct,0
audioseal,5,2300,5,199,58688,mean,0
audioseal,5,2300,5,199,58688,tct,0
audioseal,5,2300,5,199,42102,mean,0
audioseal,5,2300,5,199,42102,tct,0
audioseal,5,2300,6,200,2291,mean,0
audioseal,5,2300,6,200,2291,tct,0
audioseal,5,2300,6,200,6899,mean,0
audioseal,5,2300,6,200,6899,tct,0
audioseal,5,2300,6,200,52498,mean,0
audioseal,5,2300,6,200,52498,tct,0
audioseal,5,2300,6,200,19091,mean,0
audioseal,5,2300,6,200,19091,tct,0
audioseal,5,2300,6,200,3315,mean,0
audioseal,5,2300,6,200,3315,tct,0
audioseal,5,2300,6,200,18775,mean,0
audioseal,5,2300,6,200,18775,tct,0
audioseal,5,2300,6,200,2555,mean,0
audioseal,5,2300,6,200,2555,tct,0
audioseal,5,2300,6,200,3827,mean,0
audioseal,5,2300,6,200,3827,tct,0
audioseal,5,2300,6,200,18546,mean,0
audioseal,5,2300,6,200,18546,tct,0
audioseal,5,2300,6,200,34938,mean,0
audioseal,5,2300,6,200,34938,tct,0
audioseal,5,2300,7,201,35919,mean,0
audioseal,5,2300,7,201,35919,tct,0
audioseal,5,2300,7,201,8438,mean,0
audioseal,5,2300,7,201,8438,tct,0
audioseal,5,2300,7,201,18135,mean,0
audioseal,5,2300,7,201,18135,tct,0
audioseal,5,2300,7,201,17405,mean,0
audioseal,5,2300,7,201,17405,tct,1
audioseal,5,2300,7,201,17393,mean,0
audioseal,5,2300,7,201,17393,tct,0
audioseal,5,2300,7,201,16757,mean,0
audioseal,5,2300,7,201,16757,tct,0
audioseal,5,2300,7,201,18175,mean,0
audioseal,5,2300,7,201,18175,tct,0
audioseal,5,2300,7,201,17011,mean,0
audioseal,5,2300,7,201,17011,tct,0
audioseal,5,2300,7,201,18163,mean,0
audioseal,5,2300,7,201,18163,tct,0
audioseal,5,2300,7,201,50681,mean,0
audioseal,5,2300,7,201,50681,tct,0
audioseal,5,2830,4,202,19806,mean,0
audioseal,5,2830,4,202,19806,tct,0
audioseal,5,2830,4,202,13672,mean,0
audioseal,5,2830,4,202,13672,tct,0
audioseal,5,2830,4,202,36190,mean,0
audioseal,5,2830,4,202,36190,tct,0
audioseal,5,2830,4,202,15710,mean,0
audioseal,5,2830,4,202,15710,tct,0
audioseal,5,2830,4,202,13386,mean,0
audioseal,5,2830,4,202,13386,tct,0
audioseal,5,2830,4,202,5582,mean,0
audioseal,5,2830,4,202,5582,tct,0
audioseal,5,2830,4,202,15466,mean,0
audioseal,5,2830,4,202,15466,tct,0
audioseal,5,2830,4,202,15720,mean,0
audioseal,5,2830,4,202,15720,tct,0
audioseal,5,2830,4,202,48381,mean,0
audioseal,5,2830,4,202,48381,tct,0
audioseal,5,2830,4,202,22110,mean,0
audioseal,5,2830,4,202,22110,tct,0
audioseal,5,2830,5,203,39416,mean,0
audioseal,5,2830,5,203,39416,tct,0
audioseal,5,2830,5,203,9129,mean,0
audioseal,5,2830,5,203,9129,tct,0
audioseal,5,2830,5,203,34151,mean,0
audioseal,5,2830,5,203,34151,tct,0
audioseal,5,2830,5,203,42202,mean,0
audioseal,5,2830,5,203,42202,tct,0
audioseal,5,2830,5,203,33264,mean,0
audioseal,5,2830,5,203,33264,tct,0
audioseal,5,2830,5,203,41306,mean,0
audioseal,5,2830,5,203,41306,tct,0
audioseal,5,2830,5,203,37364,mean,0
audioseal,5,2830,5,203,37364,tct,0
audioseal,5,2830,5,203,41831,mean,0
audioseal,5,2830,5,203,41831,tct,0
audioseal,5,2830,5,203,367,mean,0
audioseal,5,2830,5,203,367,tct,0
audioseal,5,2830,5,203,42494,mean,0
audioseal,5,2830,5,203,42494,tct,0
audioseal,5,2830,6,204,533,mean,0
audioseal,5,2830,6,204,533,tct,1
audioseal,5,2830,6,204,2623,mean,0
audioseal,5,2830,6,204,2623,tct,0
audioseal,5,2830,6,204,2743,mean,0
audioseal,5,2830,6,204,2743,tct,0
audioseal,5,2830,6,204,17173,mean,0
audioseal,5,2830,6,204,17173,tct,0
audioseal,5,2830,6,204,573,mean,0
audioseal,5,2830,6,204,573,tct,1
audioseal,5,2830,6,204,9861,mean,0
audioseal,5,2830,6,204,9861,tct,0
audioseal,5,2830,6,204,42661,mean,0
audioseal,5,2830,6,204,42661,tct,0
audioseal,5,2830,6,204,25216,mean,0
audioseal,5,2830,6,204,25216,tct,0
audioseal,5,2830,6,204,9860,mean,0
audioseal,5,2830,6,204,9860,tct,0
audioseal,5,2830,6,204,1881,mean,0
audioseal,5,2830,6,204,1881,tct,0
audioseal,5,2830,7,205,49384,mean,0
audioseal,5,2830,7,205,49384,tct,0
audioseal,5,2830,7,205,51648,mean,0
audioseal,5,2830,7,205,51648,tct,1
audioseal,5,2830,7,205,18844,mean,0
audioseal,5,2830,7,205,18844,tct,0
audioseal,5,2830,7,205,26956,mean,0
audioseal,5,2830,7,205,26956,tct,0
audioseal,5,2830,7,205,33488,mean,0
audioseal,5,2830,7,205,33488,tct,0
audioseal,5,2830,7,205,22815,mean,0
audioseal,5,2830,7,205,22815,tct,0
audioseal,5,2830,7,205,32872,mean,0
audioseal,5,2830,7,205,32872,tct,0
audioseal,5,2830,7,205,21267,mean,0
audioseal,5,2830,7,205,21267,tct,0
audioseal,5,2830,7,205,50389,mean,0
audioseal,5,2830,7,205,50389,tct,0
audioseal,5,2830,7,205,55249,mean,0
audioseal,5,2830,7,205,55249,tct,0
audioseal,5,2961,4,206,58454,mean,0
audioseal,5,2961,4,206,58454,tct,0
audioseal,5,2961,4,206,60457,mean,0
audioseal,5,2961,4,206,60457,tct,0
audioseal,5,2961,4,206,35175,mean,0
audioseal,5,2961,4,206,35175,tct,0
audioseal,5,2961,4,206,47467,mean,0
audioseal,5,2961,4,206,47467,tct,0
audioseal,5,2961,4,206,27735,mean,0
audioseal,5,2961,4,206,27735,tct,0
audioseal,5,2961,4,206,43391,mean,0
audioseal,5,2961,4,206,43391,tct,0
audioseal,5,2961,4,206,27745,mean,0
audioseal,5,2961,4,206,27745,tct,0
audioseal,5,2961,4,206,60419,mean,0
audioseal,5,2961,4,206,60419,tct,0
audioseal,5,2961,4,206,17750,mean,0
audioseal,5,2961,4,206,17750,tct,0
audioseal,5,2961,4,206,39207,mean,0
audioseal,5,2961,4,206,39207,tct,0
audioseal,5,2961,5,207,50251,mean,0
audioseal,5,2961,5,207,50251,tct,0
audioseal,5,2961,5,207,6170,mean,0
audioseal,5,2961,5,207,6170,tct,0
audioseal,5,2961,5,207,41995,mean,0
audioseal,5,2961,5,207,41995,tct,0
audioseal,5,2961,5,207,6794,mean,0
audioseal,5,2961,5,207,6794,tct,0
audioseal,5,2961,5,207,62475,mean,0
audioseal,5,2961,5,207,62475,tct,0
audioseal,5,2961,5,207,7834,mean,0
audioseal,5,2961,5,207,7834,tct,0
audioseal,5,2961,5,207,25691,mean,0
audioseal,5,2961,5,207,25691,tct,0
audioseal,5,2961,5,207,40971,mean,0
audioseal,5,2961,5,207,40971,tct,0
audioseal,5,2961,5,207,57409,mean,0
audioseal,5,2961,5,207,57409,tct,0
audioseal,5,2961,5,207,41793,mean,0
audioseal,5,2961,5,207,41793,tct,0
audioseal,5,2961,6,208,15177,mean,0
audioseal,5,2961,6,208,15177,tct,0
audioseal,5,2961,6,208,10307,mean,0
audioseal,5,2961,6,208,10307,tct,0
audioseal,5,2961,6,208,10977,mean,0
audioseal,5,2961,6,208,10977,tct,0
audioseal,5,2961,6,208,52330,mean,0
audioseal,5,2961,6,208,52330,tct,0
audioseal,5,2961,6,208,50538,mean,0
audioseal,5,2961,6,208,50538,tct,0
audioseal,5,2961,6,208,10699,mean,0
audioseal,5,2961,6,208,10699,tct,0
audioseal,5,2961,6,208,28874,mean,0
audioseal,5,2961,6,208,28874,tct,0
audioseal,5,2961,6,208,35114,mean,0
audioseal,5,2961,6,208,35114,tct,0
audioseal,5,2961,6,208,60778,mean,0
audioseal,5,2961,6,208,60778,tct,0
audioseal,5,2961,6,208,3370,mean,0
audioseal,5,2961,6,208,3370,tct,0
audioseal,5,2961,7,209,62469,mean,0
audioseal,5,2961,7,209,62469,tct,0
audioseal,5,2961,7,209,53667,mean,0
audioseal,5,2961,7,209,53667,tct,0
audioseal,5,2961,7,209,46600,mean,0
audioseal,5,2961,7,209,46600,tct,0
audioseal,5,2961,7,209,61875,mean,0
audioseal,5,2961,7,209,61875,tct,0
audioseal,5,2961,7,209,38410,mean,0
audioseal,5,2961,7,209,38410,tct,0
audioseal,5,2961,7,209,38440,mean,0
audioseal,5,2961,7,209,38440,tct,0
audioseal,5,2961,7,209,23367,mean,0
audioseal,5,2961,7,209,23367,tct,0
audioseal,5,2961,7,209,54281,mean,0
audioseal,5,2961,7,209,54281,tct,0
audioseal,5,2961,7,209,54793,mean,0
audioseal,5,2961,7,209,54793,tct,0
audioseal,5,2961,7,209,54553,mean,0
audioseal,5,2961,7,209,54553,tct,0
audioseal,5,3570,4,210,5522,mean,0
audioseal,5,3570,4,210,5522,tct,0
audioseal,5,3570,4,210,33978,mean,0
audioseal,5,3570,4,210,33978,tct,0
audioseal,5,3570,4,210,54319,mean,0
audioseal,5,3570,4,210,54319,tct,1
audioseal,5,3570,4,210,38275,mean,0
audioseal,5,3570,4,210,38275,tct,0
audioseal,5,3570,4,210,56486,mean,0
audioseal,5,3570,4,210,56486,tct,0
audioseal,5,3570,4,210,62305,mean,0
audioseal,5,3570,4,210,62305,tct,0
audioseal,5,3570,4,210,40346,mean,0
audioseal,5,3570,4,210,40346,tct,0
audioseal,5,3570,4,210,59760,mean,0
audioseal,5,3570,4,210,59760,tct,0
audioseal,5,3570,4,210,31074,mean,0
audioseal,5,3570,4,210,31074,tct,0
audioseal,5,3570,4,210,18720,mean,0
audioseal,5,3570,4,210,18720,tct,0
audioseal,5,3570,5,211,54960,mean,0
audioseal,5,3570,5,211,54960,tct,0
audioseal,5,3570,5,211,7519,mean,0
audioseal,5,3570,5,211,7519,tct,0
audioseal,5,3570,5,211,53816,mean,0
audioseal,5,3570,5,211,53816,tct,0
audioseal,5,3570,5,211,54968,mean,0
audioseal,5,3570,5,211,54968,tct,0
audioseal,5,3570,5,211,54056,mean,0
audioseal,5,3570,5,211,54056,tct,0
audioseal,5,3570,5,211,53368,mean,0
audioseal,5,3570,5,211,53368,tct,0
audioseal,5,3570,5,211,13986,mean,0
audioseal,5,3570,5,211,13986,tct,0
audioseal,5,3570,5,211,55676,mean,0
audioseal,5,3570,5,211,55676,tct,0
audioseal,5,3570,5,211,45610,mean,0
audioseal,5,3570,5,211,45610,tct,0
audioseal,5,3570,5,211,56670,mean,0
audioseal,5,3570,5,211,56670,tct,0
audioseal,5,3570,6,212,60565,mean,0
audioseal,5,3570,6,212,60565,tct,0
audioseal,5,3570,6,212,60817,mean,0
audioseal,5,3570,6,212,60817,tct,0
audioseal,5,3570,6,212,60822,mean,0
audioseal,5,3570,6,212,60822,tct,0
audioseal,5,3570,6,212,60358,mean,0
audioseal,5,3570,6,212,60358,tct,0
audioseal,5,3570,6,212,63893,mean,0
audioseal,5,3570,6,212,63893,tct,0
audioseal,5,3570,6,212,33606,mean,0
audioseal,5,3570,6,212,33606,tct,0
audioseal,5,3570,6,212,60309,mean,0
audioseal,5,3570,6,212,60309,tct,0
audioseal,5,3570,6,212,64789,mean,0
audioseal,5,3570,6,212,64789,tct,0
audioseal,5,3570,6,212,51236,mean,0
audioseal,5,3570,6,212,51236,tct,0
audioseal,5,3570,6,212,44438,mean,0
audioseal,5,3570,6,212,44438,tct,0
audioseal,5,3570,7,213,36231,mean,0
audioseal,5,3570,7,213,36231,tct,0
audioseal,5,3570,7,213,58118,mean,0
audioseal,5,3570,7,213,58118,tct,0
audioseal,5,3570,7,213,61702,mean,0
audioseal,5,3570,7,213,61702,tct,0
audioseal,5,3570,7,213,43872,mean,0
audioseal,5,3570,7,213,43872,tct,0
audioseal,5,3570,7,213,40391,mean,0
audioseal,5,3570,7,213,40391,tct,0
audioseal,5,3570,7,213,43330,mean,0
audioseal,5,3570,7,213,43330,tct,0
audioseal,5,3570,7,213,43490,mean,0
audioseal,5,3570,7,213,43490,tct,0
audioseal,5,3570,7,213,39175,mean,0
audioseal,5,3570,7,213,39175,tct,0
audioseal,5,3570,7,213,35715,mean,0
audioseal,5,3570,7,213,35715,tct,0
audioseal,5,3570,7,213,54023,mean,0
audioseal,5,3570,7,213,54023,tct,0
audioseal,5,3575,4,214,31238,mean,0
audioseal,5,3575,4,214,31238,tct,0
audioseal,5,3575,4,214,34562,mean,0
audioseal,5,3575,4,214,34562,tct,0
audioseal,5,3575,4,214,3850,mean,0
audioseal,5,3575,4,214,3850,tct,0
audioseal,5,3575,4,214,1284,mean,0
audioseal,5,3575,4,214,1284,tct,0
audioseal,5,3575,4,214,2018,mean,0
audioseal,5,3575,4,214,2018,tct,0
audioseal,5,3575,4,214,17922,mean,0
audioseal,5,3575,4,214,17922,tct,0
audioseal,5,3575,4,214,3558,mean,0
audioseal,5,3575,4,214,3558,tct,0
audioseal,5,3575,4,214,20253,mean,0
audioseal,5,3575,4,214,20253,tct,0
audioseal,5,3575,4,214,5612,mean,0
audioseal,5,3575,4,214,5612,tct,0
audioseal,5,3575,4,214,3335,mean,0
audioseal,5,3575,4,214,3335,tct,0
audioseal,5,3575,5,215,57669,mean,0
audioseal,5,3575,5,215,57669,tct,0
audioseal,5,3575,5,215,56989,mean,0
audioseal,5,3575,5,215,56989,tct,0
audioseal,5,3575,5,215,56909,mean,0
audioseal,5,3575,5,215,56909,tct,1
audioseal,5,3575,5,215,59505,mean,0
audioseal,5,3575,5,215,59505,tct,0
audioseal,5,3575,5,215,63609,mean,0
audioseal,5,3575,5,215,63609,tct,0
audioseal,5,3575,5,215,59209,mean,0
audioseal,5,3575,5,215,59209,tct,0
audioseal,5,3575,5,215,36685,mean,0
audioseal,5,3575,5,215,36685,tct,0
audioseal,5,3575,5,215,3415,mean,0
audioseal,5,3575,5,215,3415,tct,0
audioseal,5,3575,5,215,40605,mean,0
audioseal,5,3575,5,215,40605,tct,0
audioseal,5,3575,5,215,63556,mean,0
audioseal,5,3575,5,215,63556,tct,0
audioseal,5,3575,6,216,54238,mean,0
audioseal,5,3575,6,216,54238,tct,0
audioseal,5,3575,6,216,54106,mean,0
audioseal,5,3575,6,216,54106,tct,0
audioseal,5,3575,6,216,13842,mean,0
audioseal,5,3575,6,216,13842,tct,0
audioseal,5,3575,6,216,28443,mean,0
audioseal,5,3575,6,216,28443,tct,0
audioseal,5,3575,6,216,5082,mean,0
audioseal,5,3575,6,216,5082,tct,0
audioseal,5,3575,6,216,31712,mean,0
audioseal,5,3575,6,216,31712,tct,0
audioseal,5,3575,6,216,23456,mean,0
audioseal,5,3575,6,216,23456,tct,0
audioseal,5,3575,6,216,14850,mean,0
audioseal,5,3575,6,216,14850,tct,0
audioseal,5,3575,6,216,30208,mean,0
audioseal,5,3575,6,216,30208,tct,0
audioseal,5,3575,6,216,28960,mean,0
audioseal,5,3575,6,216,28960,tct,0
audioseal,5,3575,7,217,44626,mean,0
audioseal,5,3575,7,217,44626,tct,0
audioseal,5,3575,7,217,37105,mean,0
audioseal,5,3575,7,217,37105,tct,0
audioseal,5,3575,7,217,37877,mean,0
audioseal,5,3575,7,217,37877,tct,0
audioseal,5,3575,7,217,44690,mean,0
audioseal,5,3575,7,217,44690,tct,0
audioseal,5,3575,7,217,44912,mean,0
audioseal,5,3575,7,217,44912,tct,0
audioseal,5,3575,7,217,37345,mean,0
audioseal,5,3575,7,217,37345,tct,0
audioseal,5,3575,7,217,62624,mean,0
audioseal,5,3575,7,217,62624,tct,0
audioseal,5,3575,7,217,38224,mean,0
audioseal,5,3575,7,217,38224,tct,0
audioseal,5,3575,7,217,4851,mean,0
audioseal,5,3575,7,217,4851,tct,0
audioseal,5,3575,7,217,48946,mean,0
audioseal,5,3575,7,217,48946,tct,0
audioseal,5,3729,4,218,35248,mean,0
audioseal,5,3729,4,218,35248,tct,0
audioseal,5,3729,4,218,36256,mean,0
audioseal,5,3729,4,218,36256,tct,0
audioseal,5,3729,4,218,36273,mean,0
audioseal,5,3729,4,218,36273,tct,0
audioseal,5,3729,4,218,35234,mean,0
audioseal,5,3729,4,218,35234,tct,0
audioseal,5,3729,4,218,35121,mean,0
audioseal,5,3729,4,218,35121,tct,0
audioseal,5,3729,4,218,52506,mean,0
audioseal,5,3729,4,218,52506,tct,0
audioseal,5,3729,4,218,31183,mean,0
audioseal,5,3729,4,218,31183,tct,0
audioseal,5,3729,4,218,32151,mean,0
audioseal,5,3729,4,218,32151,tct,0
audioseal,5,3729,4,218,50603,mean,0
audioseal,5,3729,4,218,50603,tct,0
audioseal,5,3729,4,218,30746,mean,0
audioseal,5,3729,4,218,30746,tct,0
audioseal,5,3729,5,219,34529,mean,0
audioseal,5,3729,5,219,34529,tct,0
audioseal,5,3729,5,219,22761,mean,0
audioseal,5,3729,5,219,22761,tct,0
audioseal,5,3729,5,219,16633,mean,0
audioseal,5,3729,5,219,16633,tct,0
audioseal,5,3729,5,219,50045,mean,0
audioseal,5,3729,5,219,50045,tct,0
audioseal,5,3729,5,219,51583,mean,0
audioseal,5,3729,5,219,51583,tct,0
audioseal,5,3729,5,219,41157,mean,0
audioseal,5,3729,5,219,41157,tct,0
audioseal,5,3729,5,219,33509,mean,0
audioseal,5,3729,5,219,33509,tct,0
audioseal,5,3729,5,219,51327,mean,0
audioseal,5,3729,5,219,51327,tct,0
audioseal,5,3729,5,219,22633,mean,0
audioseal,5,3729,5,219,22633,tct,0
audioseal,5,3729,5,219,23167,mean,0
audioseal,5,3729,5,219,23167,tct,0
audioseal,5,3729,6,220,55552,mean,0
audioseal,5,3729,6,220,55552,tct,0
audioseal,5,3729,6,220,63872,mean,0
audioseal,5,3729,6,220,63872,tct,1
audioseal,5,3729,6,220,64768,mean,0
audioseal,5,3729,6,220,64768,tct,0
audioseal,5,3729,6,220,34481,mean,0
audioseal,5,3729,6,220,34481,tct,0
audioseal,5,3729,6,220,63618,mean,0
audioseal,5,3729,6,220,63618,tct,0
audioseal,5,3729,6,220,37042,mean,0
audioseal,5,3729,6,220,37042,tct,0
audioseal,5,3729,6,220,11421,mean,0
audioseal,5,3729,6,220,11421,tct,0
audioseal,5,3729,6,220,15547,mean,0
audioseal,5,3729,6,220,15547,tct,0
audioseal,5,3729,6,220,1561,mean,0
audioseal,5,3729,6,220,1561,tct,0
audioseal,5,3729,6,220,37302,mean,0
audioseal,5,3729,6,220,37302,tct,0
audioseal,5,3729,7,221,57731,mean,0
audioseal,5,3729,7,221,57731,tct,0
audioseal,5,3729,7,221,45861,mean,0
audioseal,5,3729,7,221,45861,tct,0
audioseal,5,3729,7,221,11346,mean,0
audioseal,5,3729,7,221,11346,tct,0
audioseal,5,3729,7,221,18705,mean,0
audioseal,5,3729,7,221,18705,tct,0
audioseal,5,3729,7,221,57747,mean,0
audioseal,5,3729,7,221,57747,tct,0
audioseal,5,3729,7,221,26901,mean,0
audioseal,5,3729,7,221,26901,tct,1
audioseal,5,3729,7,221,49173,mean,0
audioseal,5,3729,7,221,49173,tct,0
audioseal,5,3729,7,221,26899,mean,0
audioseal,5,3729,7,221,26899,tct,1
audioseal,5,3729,7,221,11666,mean,0
audioseal,5,3729,7,221,11666,tct,0
audioseal,5,3729,7,221,61881,mean,0
audioseal,5,3729,7,221,61881,tct,0
audioseal,5,4077,4,222,53661,mean,0
audioseal,5,4077,4,222,53661,tct,0
audioseal,5,4077,4,222,6208,mean,0
audioseal,5,4077,4,222,6208,tct,0
audioseal,5,4077,4,222,5251,mean,0
audioseal,5,4077,4,222,5251,tct,0
audioseal,5,4077,4,222,32090,mean,0
audioseal,5,4077,4,222,32090,tct,0
audioseal,5,4077,4,222,14696,mean,0
audioseal,5,4077,4,222,14696,tct,0
audioseal,5,4077,4,222,21630,mean,0
audioseal,5,4077,4,222,21630,tct,0
audioseal,5,4077,4,222,30109,mean,0
audioseal,5,4077,4,222,30109,tct,0
audioseal,5,4077,4,222,5502,mean,0
audioseal,5,4077,4,222,5502,tct,0
audioseal,5,4077,4,222,54719,mean,0
audioseal,5,4077,4,222,54719,tct,0
audioseal,5,4077,4,222,54713,mean,0
audioseal,5,4077,4,222,54713,tct,0
audioseal,5,4077,5,223,36168,mean,0
audioseal,5,4077,5,223,36168,tct,0
audioseal,5,4077,5,223,36490,mean,0
audioseal,5,4077,5,223,36490,tct,0
audioseal,5,4077,5,223,43713,mean,0
audioseal,5,4077,5,223,43713,tct,0
audioseal,5,4077,5,223,41413,mean,0
audioseal,5,4077,5,223,41413,tct,0
audioseal,5,4077,5,223,47746,mean,0
audioseal,5,4077,5,223,47746,tct,0
audioseal,5,4077,5,223,36170,mean,0
audioseal,5,4077,5,223,36170,tct,0
audioseal,5,4077,5,223,52872,mean,0
audioseal,5,4077,5,223,52872,tct,0
audioseal,5,4077,5,223,49864,mean,0
audioseal,5,4077,5,223,49864,tct,0
audioseal,5,4077,5,223,33088,mean,0
audioseal,5,4077,5,223,33088,tct,0
audioseal,5,4077,5,223,57836,mean,0
audioseal,5,4077,5,223,57836,tct,0
audioseal,5,4077,6,224,44994,mean,0
audioseal,5,4077,6,224,44994,tct,0
audioseal,5,4077,6,224,46329,mean,0
audioseal,5,4077,6,224,46329,tct,0
audioseal,5,4077,6,224,48281,mean,0
audioseal,5,4077,6,224,48281,tct,0
audioseal,5,4077,6,224,44435,mean,0
audioseal,5,4077,6,224,44435,tct,0
audioseal,5,4077,6,224,46223,mean,0
audioseal,5,4077,6,224,46223,tct,0
audioseal,5,4077,6,224,43419,mean,0
audioseal,5,4077,6,224,43419,tct,0
audioseal,5,4077,6,224,9602,mean,0
audioseal,5,4077,6,224,9602,tct,0
audioseal,5,4077,6,224,48346,mean,0
audioseal,5,4077,6,224,48346,tct,0
audioseal,5,4077,6,224,46265,mean,0
audioseal,5,4077,6,224,46265,tct,0
audioseal,5,4077,6,224,46313,mean,0
audioseal,5,4077,6,224,46313,tct,0
audioseal,5,4077,7,225,38044,mean,0
audioseal,5,4077,7,225,38044,tct,0
audioseal,5,4077,7,225,55004,mean,0
audioseal,5,4077,7,225,55004,tct,0
audioseal,5,4077,7,225,45099,mean,0
audioseal,5,4077,7,225,45099,tct,0
audioseal,5,4077,7,225,5803,mean,0
audioseal,5,4077,7,225,5803,tct,0
audioseal,5,4077,7,225,5774,mean,0
audioseal,5,4077,7,225,5774,tct,0
audioseal,5,4077,7,225,37914,mean,0
audioseal,5,4077,7,225,37914,tct,0
audioseal,5,4077,7,225,45194,mean,0
audioseal,5,4077,7,225,45194,tct,0
audioseal,5,4077,7,225,5834,mean,0
audioseal,5,4077,7,225,5834,tct,0
audioseal,5,4077,7,225,45070,mean,0
audioseal,5,4077,7,225,45070,tct,0
audioseal,5,4077,7,225,5850,mean,0
audioseal,5,4077,7,225,5850,tct,0
audioseal,5,4446,4,226,43899,mean,0
audioseal,5,4446,4,226,43899,tct,0
audioseal,5,4446,4,226,15977,mean,0
audioseal,5,4446,4,226,15977,tct,0
audioseal,5,4446,4,226,11999,mean,0
audioseal,5,4446,4,226,11999,tct,0
audioseal,5,4446,4,226,27899,mean,0
audioseal,5,4446,4,226,27899,tct,0
audioseal,5,4446,4,226,28159,mean,0
audioseal,5,4446,4,226,28159,tct,0
audioseal,5,4446,4,226,11035,mean,0
audioseal,5,4446,4,226,11035,tct,0
audioseal,5,4446,4,226,27999,mean,0
audioseal,5,4446,4,226,27999,tct,0
audioseal,5,4446,4,226,26843,mean,0
audioseal,5,4446,4,226,26843,tct,0
audioseal,5,4446,4,226,9499,mean,0
audioseal,5,4446,4,226,9499,tct,0
audioseal,5,4446,4,226,26395,mean,0
audioseal,5,4446,4,226,26395,tct,0
audioseal,5,4446,5,227,60353,mean,0
audioseal,5,4446,5,227,60353,tct,0
audioseal,5,4446,5,227,2322,mean,0
audioseal,5,4446,5,227,2322,tct,0
audioseal,5,4446,5,227,2390,mean,0
audioseal,5,4446,5,227,2390,tct,0
audioseal,5,4446,5,227,33393,mean,0
audioseal,5,4446,5,227,33393,tct,0
audioseal,5,4446,5,227,36689,mean,0
audioseal,5,4446,5,227,36689,tct,0
audioseal,5,4446,5,227,3346,mean,0
audioseal,5,4446,5,227,3346,tct,0
audioseal,5,4446,5,227,52849,mean,0
audioseal,5,4446,5,227,52849,tct,0
audioseal,5,4446,5,227,59851,mean,0
audioseal,5,4446,5,227,59851,tct,0
audioseal,5,4446,5,227,36464,mean,0
audioseal,5,4446,5,227,36464,tct,0
audioseal,5,4446,5,227,59617,mean,0
audioseal,5,4446,5,227,59617,tct,0
audioseal,5,4446,6,228,50852,mean,0
audioseal,5,4446,6,228,50852,tct,0
audioseal,5,4446,6,228,56196,mean,0
audioseal,5,4446,6,228,56196,tct,0
audioseal,5,4446,6,228,50918,mean,0
audioseal,5,4446,6,228,50918,tct,0
audioseal,5,4446,6,228,54165,mean,0
audioseal,5,4446,6,228,54165,tct,0
audioseal,5,4446,6,228,64245,mean,0
audioseal,5,4446,6,228,64245,tct,0
audioseal,5,4446,6,228,59110,mean,0
audioseal,5,4446,6,228,59110,tct,0
audioseal,5,4446,6,228,39812,mean,0
audioseal,5,4446,6,228,39812,tct,0
audioseal,5,4446,6,228,56305,mean,0
audioseal,5,4446,6,228,56305,tct,0
audioseal,5,4446,6,228,54158,mean,0
audioseal,5,4446,6,228,54158,tct,0
audioseal,5,4446,6,228,49105,mean,0
audioseal,5,4446,6,228,49105,tct,0
audioseal,5,4446,7,229,18592,mean,0
audioseal,5,4446,7,229,18592,tct,0
audioseal,5,4446,7,229,31112,mean,0
audioseal,5,4446,7,229,31112,tct,0
audioseal,5,4446,7,229,31616,mean,0
audioseal,5,4446,7,229,31616,tct,0
audioseal,5,4446,7,229,35901,mean,0
audioseal,5,4446,7,229,35901,tct,0
audioseal,5,4446,7,229,5079,mean,0
audioseal,5,4446,7,229,5079,tct,0
audioseal,5,4446,7,229,63617,mean,0
audioseal,5,4446,7,229,63617,tct,0
audioseal,5,4446,7,229,4597,mean,0
audioseal,5,4446,7,229,4597,tct,0
audioseal,5,4446,7,229,20644,mean,0
audioseal,5,4446,7,229,20644,tct,0
audioseal,5,4446,7,229,61677,mean,0
audioseal,5,4446,7,229,61677,tct,0
audioseal,5,4446,7,229,2229,mean,0
audioseal,5,4446,7,229,2229,tct,0
audioseal,5,4507,4,230,15580,mean,0
audioseal,5,4507,4,230,15580,tct,0
audioseal,5,4507,4,230,11516,mean,0
audioseal,5,4507,4,230,11516,tct,0
audioseal,5,4507,4,230,10004,mean,0
audioseal,5,4507,4,230,10004,tct,0
audioseal,5,4507,4,230,14580,mean,0
audioseal,5,4507,4,230,14580,tct,0
audioseal,5,4507,4,230,59157,mean,0
audioseal,5,4507,4,230,59157,tct,0
audioseal,5,4507,4,230,58900,mean,0
audioseal,5,4507,4,230,58900,tct,0
audioseal,5,4507,4,230,46996,mean,0
audioseal,5,4507,4,230,46996,tct,0
audioseal,5,4507,4,230,47670,mean,0
audioseal,5,4507,4,230,47670,tct,0
audioseal,5,4507,4,230,58100,mean,0
audioseal,5,4507,4,230,58100,tct,0
audioseal,5,4507,4,230,47748,mean,0
audioseal,5,4507,4,230,47748,tct,0
audioseal,5,4507,5,231,30638,mean,0
audioseal,5,4507,5,231,30638,tct,0
audioseal,5,4507,5,231,1731,mean,0
audioseal,5,4507,5,231,1731,tct,0
audioseal,5,4507,5,231,20163,mean,0
audioseal,5,4507,5,231,20163,tct,0
audioseal,5,4507,5,231,20299,mean,0
audioseal,5,4507,5,231,20299,tct,0
audioseal,5,4507,5,231,30086,mean,0
audioseal,5,4507,5,231,30086,tct,0
audioseal,5,4507,5,231,17838,mean,0
audioseal,5,4507,5,231,17838,tct,0
audioseal,5,4507,5,231,37878,mean,0
audioseal,5,4507,5,231,37878,tct,0
audioseal,5,4507,5,231,22145,mean,0
audioseal,5,4507,5,231,22145,tct,0
audioseal,5,4507,5,231,37288,mean,0
audioseal,5,4507,5,231,37288,tct,0
audioseal,5,4507,5,231,17543,mean,0
audioseal,5,4507,5,231,17543,tct,0
audioseal,5,4507,6,232,20745,mean,0
audioseal,5,4507,6,232,20745,tct,0
audioseal,5,4507,6,232,39437,mean,0
audioseal,5,4507,6,232,39437,tct,0
audioseal,5,4507,6,232,27267,mean,0
audioseal,5,4507,6,232,27267,tct,0
audioseal,5,4507,6,232,15980,mean,0
audioseal,5,4507,6,232,15980,tct,0
audioseal,5,4507,6,232,40321,mean,0
audioseal,5,4507,6,232,40321,tct,0
audioseal,5,4507,6,232,23299,mean,0
audioseal,5,4507,6,232,23299,tct,0
audioseal,5,4507,6,232,17153,mean,0
audioseal,5,4507,6,232,17153,tct,0
audioseal,5,4507,6,232,31489,mean,0
audioseal,5,4507,6,232,31489,tct,0
audioseal,5,4507,6,232,37129,mean,0
audioseal,5,4507,6,232,37129,tct,0
audioseal,5,4507,6,232,43531,mean,0
audioseal,5,4507,6,232,43531,tct,0
audioseal,5,4507,7,233,65330,mean,0
audioseal,5,4507,7,233,65330,tct,0
audioseal,5,4507,7,233,8717,mean,0
audioseal,5,4507,7,233,8717,tct,0
audioseal,5,4507,7,233,15662,mean,0
audioseal,5,4507,7,233,15662,tct,1
audioseal,5,4507,7,233,16142,mean,0
audioseal,5,4507,7,233,16142,tct,0
audioseal,5,4507,7,233,10861,mean,0
audioseal,5,4507,7,233,10861,tct,0
audioseal,5,4507,7,233,63294,mean,0
audioseal,5,4507,7,233,63294,tct,0
audioseal,5,4507,7,233,14635,mean,0
audioseal,5,4507,7,233,14635,tct,0
audioseal,5,4507,7,233,15663,mean,0
audioseal,5,4507,7,233,15663,tct,0
audioseal,5,4507,7,233,13678,mean,0
audioseal,5,4507,7,233,13678,tct,1
audioseal,5,4507,7,233,13579,mean,0
audioseal,5,4507,7,233,13579,tct,0
audioseal,5,4970,4,234,21053,mean,0
audioseal,5,4970,4,234,21053,tct,0
audioseal,5,4970,4,234,29538,mean,0
audioseal,5,4970,4,234,29538,tct,0
audioseal,5,4970,4,234,31142,mean,0
audioseal,5,4970,4,234,31142,tct,0
audioseal,5,4970,4,234,12321,mean,0
audioseal,5,4970,4,234,12321,tct,0
audioseal,5,4970,4,234,29682,mean,0
audioseal,5,4970,4,234,29682,tct,0
audioseal,5,4970,4,234,29078,mean,0
audioseal,5,4970,4,234,29078,tct,0
audioseal,5,4970,4,234,5681,mean,0
audioseal,5,4970,4,234,5681,tct,0
audioseal,5,4970,4,234,29666,mean,0
audioseal,5,4970,4,234,29666,tct,0
audioseal,5,4970,4,234,12325,mean,0
audioseal,5,4970,4,234,12325,tct,0
audioseal,5,4970,4,234,31042,mean,0
audioseal,5,4970,4,234,31042,tct,0
audioseal,5,4970,5,235,20260,mean,0
audioseal,5,4970,5,235,20260,tct,0
audioseal,5,4970,5,235,28833,mean,0
audioseal,5,4970,5,235,28833,tct,0
audioseal,5,4970,5,235,29921,mean,0
audioseal,5,4970,5,235,29921,tct,0
audioseal,5,4970,5,235,5695,mean,0
audioseal,5,4970,5,235,5695,tct,0
audioseal,5,4970,5,235,32292,mean,0
audioseal,5,4970,5,235,32292,tct,0
audioseal,5,4970,5,235,1567,mean,0
audioseal,5,4970,5,235,1567,tct,0
audioseal,5,4970,5,235,45878,mean,0
audioseal,5,4970,5,235,45878,tct,1
audioseal,5,4970,5,235,64292,mean,0
audioseal,5,4970,5,235,64292,tct,0
audioseal,5,4970,5,235,5767,mean,0
audioseal,5,4970,5,235,5767,tct,0
audioseal,5,4970,5,235,5678,mean,0
audioseal,5,4970,5,235,5678,tct,0
audioseal,5,4970,6,236,12858,mean,0
audioseal,5,4970,6,236,12858,tct,0
audioseal,5,4970,6,236,5254,mean,0
audioseal,5,4970,6,236,5254,tct,0
audioseal,5,4970,6,236,29816,mean,0
audioseal,5,4970,6,236,29816,tct,0
audioseal,5,4970,6,236,13880,mean,0
audioseal,5,4970,6,236,13880,tct,0
audioseal,5,4970,6,236,29579,mean,0
audioseal,5,4970,6,236,29579,tct,0
audioseal,5,4970,6,236,29263,mean,0
audioseal,5,4970,6,236,29263,tct,0
audioseal,5,4970,6,236,12971,mean,0
audioseal,5,4970,6,236,12971,tct,0
audioseal,5,4970,6,236,12825,mean,0
audioseal,5,4970,6,236,12825,tct,0
audioseal,5,4970,6,236,22095,mean,0
audioseal,5,4970,6,236,22095,tct,0
audioseal,5,4970,6,236,12547,mean,0
audioseal,5,4970,6,236,12547,tct,0
audioseal,5,4970,7,237,3595,mean,0
audioseal,5,4970,7,237,3595,tct,0
audioseal,5,4970,7,237,22279,mean,0
audioseal,5,4970,7,237,22279,tct,0
audioseal,5,4970,7,237,18954,mean,0
audioseal,5,4970,7,237,18954,tct,0
audioseal,5,4970,7,237,1,mean,0
audioseal,5,4970,7,237,1,tct,0
audioseal,5,4970,7,237,63575,mean,0
audioseal,5,4970,7,237,63575,tct,0
audioseal,5,4970,7,237,20010,mean,0
audioseal,5,4970,7,237,20010,tct,0
audioseal,5,4970,7,237,2307,mean,0
audioseal,5,4970,7,237,2307,tct,0
audioseal,5,4970,7,237,3598,mean,0
audioseal,5,4970,7,237,3598,tct,0
audioseal,5,4970,7,237,5647,mean,0
audioseal,5,4970,7,237,5647,tct,0
audioseal,5,4970,7,237,3848,mean,0
audioseal,5,4970,7,237,3848,tct,0
audioseal,5,4992,4,238,19079,mean,0
audioseal,5,4992,4,238,19079,tct,0
audioseal,5,4992,4,238,43364,mean,0
audioseal,5,4992,4,238,43364,tct,0
audioseal,5,4992,4,238,57702,mean,0
audioseal,5,4992,4,238,57702,tct,0
audioseal,5,4992,4,238,28745,mean,0
audioseal,5,4992,4,238,28745,tct,0
audioseal,5,4992,4,238,19669,mean,0
audioseal,5,4992,4,238,19669,tct,0
audioseal,5,4992,4,238,28683,mean,0
audioseal,5,4992,4,238,28683,tct,0
audioseal,5,4992,4,238,8484,mean,0
audioseal,5,4992,4,238,8484,tct,0
audioseal,5,4992,4,238,29027,mean,0
audioseal,5,4992,4,238,29027,tct,0
audioseal,5,4992,4,238,41253,mean,0
audioseal,5,4992,4,238,41253,tct,0
audioseal,5,4992,4,238,29908,mean,0
audioseal,5,4992,4,238,29908,tct,0
audioseal,5,4992,5,239,15868,mean,0
audioseal,5,4992,5,239,15868,tct,0
audioseal,5,4992,5,239,15836,mean,0
audioseal,5,4992,5,239,15836,tct,1
audioseal,5,4992,5,239,15959,mean,0
audioseal,5,4992,5,239,15959,tct,0
audioseal,5,4992,5,239,41245,mean,0
audioseal,5,4992,5,239,41245,tct,0
audioseal,5,4992,5,239,7767,mean,0
audioseal,5,4992,5,239,7767,tct,0
audioseal,5,4992,5,239,21111,mean,0
audioseal,5,4992,5,239,21111,tct,0
audioseal,5,4992,5,239,28540,mean,0
audioseal,5,4992,5,239,28540,tct,0
audioseal,5,4992,5,239,24191,mean,0
audioseal,5,4992,5,239,24191,tct,0
audioseal,5,4992,5,239,49114,mean,0
audioseal,5,4992,5,239,49114,tct,0
audioseal,5,4992,5,239,48216,mean,0
audioseal,5,4992,5,239,48216,tct,0
audioseal,5,4992,6,240,16978,mean,0
audioseal,5,4992,6,240,16978,tct,0
audioseal,5,4992,6,240,47137,mean,0
audioseal,5,4992,6,240,47137,tct,0
audioseal,5,4992,6,240,43121,mean,0
audioseal,5,4992,6,240,43121,tct,0
audioseal,5,4992,6,240,63601,mean,0
audioseal,5,4992,6,240,63601,tct,1
audioseal,5,4992,6,240,582,mean,0
audioseal,5,4992,6,240,582,tct,0
audioseal,5,4992,6,240,51810,mean,0
audioseal,5,4992,6,240,51810,tct,0
audioseal,5,4992,6,240,10804,mean,0
audioseal,5,4992,6,240,10804,tct,0
audioseal,5,4992,6,240,14897,mean,0
audioseal,5,4992,6,240,14897,tct,0
audioseal,5,4992,6,240,8757,mean,0
audioseal,5,4992,6,240,8757,tct,0
audioseal,5,4992,6,240,10420,mean,0
audioseal,5,4992,6,240,10420,tct,0
audioseal,5,4992,7,241,43748,mean,0
audioseal,5,4992,7,241,43748,tct,0
audioseal,5,4992,7,241,49595,mean,0
audioseal,5,4992,7,241,49595,tct,0
audioseal,5,4992,7,241,18708,mean,0
audioseal,5,4992,7,241,18708,tct,0
audioseal,5,4992,7,241,50611,mean,0
audioseal,5,4992,7,241,50611,tct,0
audioseal,5,4992,7,241,59620,mean,0
audioseal,5,4992,7,241,59620,tct,0
audioseal,5,4992,7,241,33647,mean,0
audioseal,5,4992,7,241,33647,tct,0
audioseal,5,4992,7,241,37865,mean,0
audioseal,5,4992,7,241,37865,tct,0
audioseal,5,4992,7,241,37487,mean,0
audioseal,5,4992,7,241,37487,tct,0
audioseal,5,4992,7,241,42725,mean,0
audioseal,5,4992,7,241,42725,tct,0
audioseal,5,4992,7,241,63719,mean,0
audioseal,5,4992,7,241,63719,tct,0
audioseal,5,5105,4,242,22012,mean,0
audioseal,5,5105,4,242,22012,tct,0
audioseal,5,5105,4,242,28970,mean,0
audioseal,5,5105,4,242,28970,tct,0
audioseal,5,5105,4,242,32032,mean,0
audioseal,5,5105,4,242,32032,tct,0
audioseal,5,5105,4,242,24448,mean,0
audioseal,5,5105,4,242,24448,tct,0
audioseal,5,5105,4,242,31424,mean,0
audioseal,5,5105,4,242,31424,tct,0
audioseal,5,5105,4,242,29802,mean,0
audioseal,5,5105,4,242,29802,tct,0
audioseal,5,5105,4,242,13570,mean,0
audioseal,5,5105,4,242,13570,tct,0
audioseal,5,5105,4,242,25858,mean,0
audioseal,5,5105,4,242,25858,tct,0
audioseal,5,5105,4,242,21485,mean,0
audioseal,5,5105,4,242,21485,tct,0
audioseal,5,5105,4,242,16844,mean,0
audioseal,5,5105,4,242,16844,tct,0
audioseal,5,5105,5,243,62775,mean,0
audioseal,5,5105,5,243,62775,tct,1
audioseal,5,5105,5,243,63794,mean,0
audioseal,5,5105,5,243,63794,tct,1
audioseal,5,5105,5,243,65335,mean,0
audioseal,5,5105,5,243,65335,tct,0
audioseal,5,5105,5,243,64899,mean,0
audioseal,5,5105,5,243,64899,tct,0
audioseal,5,5105,5,243,64946,mean,0
audioseal,5,5105,5,243,64946,tct,0
audioseal,5,5105,5,243,63762,mean,0
audioseal,5,5105,5,243,63762,tct,0
audioseal,5,5105,5,243,65463,mean,0
audioseal,5,5105,5,243,65463,tct,0
audioseal,5,5105,5,243,32155,mean,0
audioseal,5,5105,5,243,32155,tct,0
audioseal,5,5105,5,243,62875,mean,0
audioseal,5,5105,5,243,62875,tct,0
audioseal,5,5105,5,243,29083,mean,0
audioseal,5,5105,5,243,29083,tct,0
audioseal,5,5105,6,244,32525,mean,0
audioseal,5,5105,6,244,32525,tct,0
audioseal,5,5105,6,244,8170,mean,0
audioseal,5,5105,6,244,8170,tct,0
audioseal,5,5105,6,244,17036,mean,0
audioseal,5,5105,6,244,17036,tct,0
audioseal,5,5105,6,244,24381,mean,0
audioseal,5,5105,6,244,24381,tct,0
audioseal,5,5105,6,244,18252,mean,0
audioseal,5,5105,6,244,18252,tct,0
audioseal,5,5105,6,244,24752,mean,0
audioseal,5,5105,6,244,24752,tct,0
audioseal,5,5105,6,244,24344,mean,0
audioseal,5,5105,6,244,24344,tct,0
audioseal,5,5105,6,244,5168,mean,0
audioseal,5,5105,6,244,5168,tct,0
audioseal,5,5105,6,244,20576,mean,0
audioseal,5,5105,6,244,20576,tct,0
audioseal,5,5105,6,244,4400,mean,0
audioseal,5,5105,6,244,4400,tct,0
audioseal,5,5105,7,245,37467,mean,0
audioseal,5,5105,7,245,37467,tct,0
audioseal,5,5105,7,245,55107,mean,0
audioseal,5,5105,7,245,55107,tct,0
audioseal,5,5105,7,245,37583,mean,0
audioseal,5,5105,7,245,37583,tct,0
audioseal,5,5105,7,245,37533,mean,0
audioseal,5,5105,7,245,37533,tct,0
audioseal,5,5105,7,245,55813,mean,0
audioseal,5,5105,7,245,55813,tct,0
audioseal,5,5105,7,245,15371,mean,0
audioseal,5,5105,7,245,15371,tct,0
audioseal,5,5105,7,245,11439,mean,0
audioseal,5,5105,7,245,11439,tct,0
audioseal,5,5105,7,245,3243,mean,0
audioseal,5,5105,7,245,3243,tct,0
audioseal,5,5105,7,245,42639,mean,0
audioseal,5,5105,7,245,42639,tct,0
audioseal,5,5105,7,245,40839,mean,0
audioseal,5,5105,7,245,40839,tct,0
audioseal,5,5142,4,246,16830,mean,0
audioseal,5,5142,4,246,16830,tct,1
audioseal,5,5142,4,246,30700,mean,0
audioseal,5,5142,4,246,30700,tct,0
audioseal,5,5142,4,246,50090,mean,0
audioseal,5,5142,4,246,50090,tct,0
audioseal,5,5142,4,246,63213,mean,0
audioseal,5,5142,4,246,63213,tct,0
audioseal,5,5142,4,246,13293,mean,0
audioseal,5,5142,4,246,13293,tct,0
audioseal,5,5142,4,246,61645,mean,0
audioseal,5,5142,4,246,61645,tct,0
audioseal,5,5142,4,246,32923,mean,0
audioseal,5,5142,4,246,32923,tct,0
audioseal,5,5142,4,246,22505,mean,0
audioseal,5,5142,4,246,22505,tct,0
audioseal,5,5142,4,246,37548,mean,0
audioseal,5,5142,4,246,37548,tct,0
audioseal,5,5142,4,246,46061,mean,0
audioseal,5,5142,4,246,46061,tct,0
audioseal,5,5142,5,247,31293,mean,0
audioseal,5,5142,5,247,31293,tct,0
audioseal,5,5142,5,247,28181,mean,0
audioseal,5,5142,5,247,28181,tct,0
audioseal,5,5142,5,247,27191,mean,0
audioseal,5,5142,5,247,27191,tct,0
audioseal,5,5142,5,247,14957,mean,0
audioseal,5,5142,5,247,14957,tct,0
audioseal,5,5142,5,247,29229,mean,0
audioseal,5,5142,5,247,29229,tct,0
audioseal,5,5142,5,247,31354,mean,0
audioseal,5,5142,5,247,31354,tct,0
audioseal,5,5142,5,247,12843,mean,0
audioseal,5,5142,5,247,12843,tct,0
audioseal,5,5142,5,247,14927,mean,0
audioseal,5,5142,5,247,14927,tct,0
audioseal,5,5142,5,247,27239,mean,0
audioseal,5,5142,5,247,27239,tct,0
audioseal,5,5142,5,247,31671,mean,0
audioseal,5,5142,5,247,31671,tct,0
audioseal,5,5142,6,248,26935,mean,0
audioseal,5,5142,6,248,26935,tct,0
audioseal,5,5142,6,248,21690,mean,0
audioseal,5,5142,6,248,21690,tct,0
audioseal,5,5142,6,248,21722,mean,0
audioseal,5,5142,6,248,21722,tct,0
audioseal,5,5142,6,248,64036,mean,0
audioseal,5,5142,6,248,64036,tct,0
audioseal,5,5142,6,248,21688,mean,0
audioseal,5,5142,6,248,21688,tct,0
audioseal,5,5142,6,248,19610,mean,0
audioseal,5,5142,6,248,19610,tct,0
audioseal,5,5142,6,248,30893,mean,0
audioseal,5,5142,6,248,30893,tct,0
audioseal,5,5142,6,248,56868,mean,0
audioseal,5,5142,6,248,56868,tct,0
audioseal,5,5142,6,248,27963,mean,0
audioseal,5,5142,6,248,27963,tct,0
audioseal,5,5142,6,248,31550,mean,0
audioseal,5,5142,6,248,31550,tct,0
audioseal,5,5142,7,249,38177,mean,0
audioseal,5,5142,7,249,38177,tct,0
audioseal,5,5142,7,249,44911,mean,0
audioseal,5,5142,7,249,44911,tct,0
audioseal,5,5142,7,249,44030,mean,0
audioseal,5,5142,7,249,44030,tct,0
audioseal,5,5142,7,249,15988,mean,0
audioseal,5,5142,7,249,15988,tct,0
audioseal,5,5142,7,249,48432,mean,0
audioseal,5,5142,7,249,48432,tct,0
audioseal,5,5142,7,249,38656,mean,0
audioseal,5,5142,7,249,38656,tct,0
audioseal,5,5142,7,249,61316,mean,0
audioseal,5,5142,7,249,61316,tct,0
audioseal,5,5142,7,249,43967,mean,0
audioseal,5,5142,7,249,43967,tct,0
audioseal,5,5142,7,249,59220,mean,0
audioseal,5,5142,7,249,59220,tct,0
audioseal,5,5142,7,249,48868,mean,0
audioseal,5,5142,7,249,48868,tct,0
audioseal,5,5639,4,250,50285,mean,0
audioseal,5,5639,4,250,50285,tct,0
audioseal,5,5639,4,250,13295,mean,0
audioseal,5,5639,4,250,13295,tct,0
audioseal,5,5639,4,250,8539,mean,0
audioseal,5,5639,4,250,8539,tct,0
audioseal,5,5639,4,250,14187,mean,0
audioseal,5,5639,4,250,14187,tct,0
audioseal,5,5639,4,250,41535,mean,0
audioseal,5,5639,4,250,41535,tct,0
audioseal,5,5639,4,250,64613,mean,0
audioseal,5,5639,4,250,64613,tct,0
audioseal,5,5639,4,250,14283,mean,0
audioseal,5,5639,4,250,14283,tct,0
audioseal,5,5639,4,250,41247,mean,0
audioseal,5,5639,4,250,41247,tct,0
audioseal,5,5639,4,250,41241,mean,0
audioseal,5,5639,4,250,41241,tct,0
audioseal,5,5639,4,250,8477,mean,0
audioseal,5,5639,4,250,8477,tct,0
audioseal,5,5639,5,251,52059,mean,0
audioseal,5,5639,5,251,52059,tct,0
audioseal,5,5639,5,251,57727,mean,0
audioseal,5,5639,5,251,57727,tct,0
audioseal,5,5639,5,251,58235,mean,0
audioseal,5,5639,5,251,58235,tct,0
audioseal,5,5639,5,251,33655,mean,0
audioseal,5,5639,5,251,33655,tct,0
audioseal,5,5639,5,251,8727,mean,0
audioseal,5,5639,5,251,8727,tct,0
audioseal,5,5639,5,251,9087,mean,0
audioseal,5,5639,5,251,9087,tct,0
audioseal,5,5639,5,251,51578,mean,0
audioseal,5,5639,5,251,51578,tct,0
audioseal,5,5639,5,251,52603,mean,0
audioseal,5,5639,5,251,52603,tct,0
audioseal,5,5639,5,251,8463,mean,0
audioseal,5,5639,5,251,8463,tct,0
audioseal,5,5639,5,251,57211,mean,0
audioseal,5,5639,5,251,57211,tct,0
audioseal,5,5639,6,252,64490,mean,0
audioseal,5,5639,6,252,64490,tct,0
audioseal,5,5639,6,252,27025,mean,0
audioseal,5,5639,6,252,27025,tct,0
audioseal,5,5639,6,252,64363,mean,0
audioseal,5,5639,6,252,64363,tct,0
audioseal,5,5639,6,252,46609,mean,0
audioseal,5,5639,6,252,46609,tct,0
audioseal,5,5639,6,252,46099,mean,0
audioseal,5,5639,6,252,46099,tct,0
audioseal,5,5639,6,252,45273,mean,0
audioseal,5,5639,6,252,45273,tct,0
audioseal,5,5639,6,252,45690,mean,0
audioseal,5,5639,6,252,45690,tct,0
audioseal,5,5639,6,252,23522,mean,0
audioseal,5,5639,6,252,23522,tct,0
audioseal,5,5639,6,252,47592,mean,0
audioseal,5,5639,6,252,47592,tct,0
audioseal,5,5639,6,252,23025,mean,0
audioseal,5,5639,6,252,23025,tct,0
audioseal,5,5639,7,253,46609,mean,0
audioseal,5,5639,7,253,46609,tct,0
audioseal,5,5639,7,253,55001,mean,0
audioseal,5,5639,7,253,55001,tct,0
audioseal,5,5639,7,253,38553,mean,0
audioseal,5,5639,7,253,38553,tct,0
audioseal,5,5639,7,253,38617,mean,0
audioseal,5,5639,7,253,38617,tct,0
audioseal,5,5639,7,253,54363,mean,0
audioseal,5,5639,7,253,54363,tct,0
audioseal,5,5639,7,253,5325,mean,0
audioseal,5,5639,7,253,5325,tct,0
audioseal,5,5639,7,253,46222,mean,0
audioseal,5,5639,7,253,46222,tct,0
audioseal,5,5639,7,253,54985,mean,0
audioseal,5,5639,7,253,54985,tct,0
audioseal,5,5639,7,253,48266,mean,0
audioseal,5,5639,7,253,48266,tct,0
audioseal,5,5639,7,253,44702,mean,0
audioseal,5,5639,7,253,44702,tct,0
audioseal,5,5683,4,254,35135,mean,0
audioseal,5,5683,4,254,35135,tct,0
audioseal,5,5683,4,254,3542,mean,0
audioseal,5,5683,4,254,3542,tct,0
audioseal,5,5683,4,254,19922,mean,0
audioseal,5,5683,4,254,19922,tct,0
audioseal,5,5683,4,254,33595,mean,0
audioseal,5,5683,4,254,33595,tct,0
audioseal,5,5683,4,254,827,mean,0
audioseal,5,5683,4,254,827,tct,0
audioseal,5,5683,4,254,50650,mean,0
audioseal,5,5683,4,254,50650,tct,0
audioseal,5,5683,4,254,15153,mean,0
audioseal,5,5683,4,254,15153,tct,0
audioseal,5,5683,4,254,34128,mean,0
audioseal,5,5683,4,254,34128,tct,0
audioseal,5,5683,4,254,3543,mean,0
audioseal,5,5683,4,254,3543,tct,0
audioseal,5,5683,4,254,19863,mean,0
audioseal,5,5683,4,254,19863,tct,0
audioseal,5,5683,5,255,18868,mean,0
audioseal,5,5683,5,255,18868,tct,0
audioseal,5,5683,5,255,51620,mean,0
audioseal,5,5683,5,255,51620,tct,0
audioseal,5,5683,5,255,23924,mean,0
audioseal,5,5683,5,255,23924,tct,0
audioseal,5,5683,5,255,61417,mean,0
audioseal,5,5683,5,255,61417,tct,0
audioseal,5,5683,5,255,53246,mean,0
audioseal,5,5683,5,255,53246,tct,0
audioseal,5,5683,5,255,22820,mean,0
audioseal,5,5683,5,255,22820,tct,0
audioseal,5,5683,5,255,18932,mean,0
audioseal,5,5683,5,255,18932,tct,0
audioseal,5,5683,5,255,38654,mean,0
audioseal,5,5683,5,255,38654,tct,0
audioseal,5,5683,5,255,6590,mean,0
audioseal,5,5683,5,255,6590,tct,0
audioseal,5,5683,5,255,65000,mean,0
audioseal,5,5683,5,255,65000,tct,0
audioseal,5,5683,6,256,44510,mean,0
audioseal,5,5683,6,256,44510,tct,0
audioseal,5,5683,6,256,587,mean,0
audioseal,5,5683,6,256,587,tct,0
audioseal,5,5683,6,256,38123,mean,0
audioseal,5,5683,6,256,38123,tct,0
audioseal,5,5683,6,256,493,mean,0
audioseal,5,5683,6,256,493,tct,0
audioseal,5,5683,6,256,13677,mean,0
audioseal,5,5683,6,256,13677,tct,0
audioseal,5,5683,6,256,40410,mean,0
audioseal,5,5683,6,256,40410,tct,0
audioseal,5,5683,6,256,3033,mean,0
audioseal,5,5683,6,256,3033,tct,0
audioseal,5,5683,6,256,34009,mean,0
audioseal,5,5683,6,256,34009,tct,0
audioseal,5,5683,6,256,34010,mean,0
audioseal,5,5683,6,256,34010,tct,0
audioseal,5,5683,6,256,40291,mean,0
audioseal,5,5683,6,256,40291,tct,0
audioseal,5,5683,7,257,59587,mean,0
audioseal,5,5683,7,257,59587,tct,0
audioseal,5,5683,7,257,26380,mean,0
audioseal,5,5683,7,257,26380,tct,0
audioseal,5,5683,7,257,52419,mean,0
audioseal,5,5683,7,257,52419,tct,0
audioseal,5,5683,7,257,44888,mean,0
audioseal,5,5683,7,257,44888,tct,0
audioseal,5,5683,7,257,61139,mean,0
audioseal,5,5683,7,257,61139,tct,0
audioseal,5,5683,7,257,44884,mean,0
audioseal,5,5683,7,257,44884,tct,1
audioseal,5,5683,7,257,9597,mean,0
audioseal,5,5683,7,257,9597,tct,0
audioseal,5,5683,7,257,10841,mean,0
audioseal,5,5683,7,257,10841,tct,0
audioseal,5,5683,7,257,15193,mean,0
audioseal,5,5683,7,257,15193,tct,0
audioseal,5,5683,7,257,14537,mean,0
audioseal,5,5683,7,257,14537,tct,0
audioseal,5,6829,4,258,50343,mean,0
audioseal,5,6829,4,258,50343,tct,1
audioseal,5,6829,4,258,55994,mean,0
audioseal,5,6829,4,258,55994,tct,0
audioseal,5,6829,4,258,39608,mean,0
audioseal,5,6829,4,258,39608,tct,0
audioseal,5,6829,4,258,59701,mean,0
audioseal,5,6829,4,258,59701,tct,1
audioseal,5,6829,4,258,58725,mean,0
audioseal,5,6829,4,258,58725,tct,0
audioseal,5,6829,4,258,26955,mean,0
audioseal,5,6829,4,258,26955,tct,0
audioseal,5,6829,4,258,49303,mean,0
audioseal,5,6829,4,258,49303,tct,0
audioseal,5,6829,4,258,24603,mean,0
audioseal,5,6829,4,258,24603,tct,0
audioseal,5,6829,4,258,58675,mean,0
audioseal,5,6829,4,258,58675,tct,0
audioseal,5,6829,4,258,39595,mean,0
audioseal,5,6829,4,258,39595,tct,0
audioseal,5,6829,5,259,10916,mean,0
audioseal,5,6829,5,259,10916,tct,1
audioseal,5,6829,5,259,4902,mean,0
audioseal,5,6829,5,259,4902,tct,0
audioseal,5,6829,5,259,28324,mean,0
audioseal,5,6829,5,259,28324,tct,0
audioseal,5,6829,5,259,35308,mean,0
audioseal,5,6829,5,259,35308,tct,0
audioseal,5,6829,5,259,33012,mean,0
audioseal,5,6829,5,259,33012,tct,0
audioseal,5,6829,5,259,41420,mean,0
audioseal,5,6829,5,259,41420,tct,0
audioseal,5,6829,5,259,11492,mean,0
audioseal,5,6829,5,259,11492,tct,0
audioseal,5,6829,5,259,45230,mean,0
audioseal,5,6829,5,259,45230,tct,0
audioseal,5,6829,5,259,47500,mean,0
audioseal,5,6829,5,259,47500,tct,0
audioseal,5,6829,5,259,6702,mean,0
audioseal,5,6829,5,259,6702,tct,0
audioseal,5,6829,6,260,63775,mean,0
audioseal,5,6829,6,260,63775,tct,0
audioseal,5,6829,6,260,23332,mean,0
audioseal,5,6829,6,260,23332,tct,0
audioseal,5,6829,6,260,43285,mean,1
audioseal,5,6829,6,260,43285,tct,0
audioseal,5,6829,6,260,47381,mean,0
audioseal,5,6829,6,260,47381,tct,0
audioseal,5,6829,6,260,64293,mean,0
audioseal,5,6829,6,260,64293,tct,0
audioseal,5,6829,6,260,38929,mean,0
audioseal,5,6829,6,260,38929,tct,0
audioseal,5,6829,6,260,43165,mean,0
audioseal,5,6829,6,260,43165,tct,0
audioseal,5,6829,6,260,39957,mean,0
audioseal,5,6829,6,260,39957,tct,0
audioseal,5,6829,6,260,41255,mean,0
audioseal,5,6829,6,260,41255,tct,0
audioseal,5,6829,6,260,39189,mean,0
audioseal,5,6829,6,260,39189,tct,0
audioseal,5,6829,7,261,41237,mean,0
audioseal,5,6829,7,261,41237,tct,0
audioseal,5,6829,7,261,53586,mean,0
audioseal,5,6829,7,261,53586,tct,1
audioseal,5,6829,7,261,35702,mean,0
audioseal,5,6829,7,261,35702,tct,0
audioseal,5,6829,7,261,23890,mean,0
audioseal,5,6829,7,261,23890,tct,0
audioseal,5,6829,7,261,43351,mean,0
audioseal,5,6829,7,261,43351,tct,0
audioseal,5,6829,7,261,61719,mean,0
audioseal,5,6829,7,261,61719,tct,0
audioseal,5,6829,7,261,23390,mean,0
audioseal,5,6829,7,261,23390,tct,1
audioseal,5,6829,7,261,56152,mean,0
audioseal,5,6829,7,261,56152,tct,0
audioseal,5,6829,7,261,6486,mean,0
audioseal,5,6829,7,261,6486,tct,0
audioseal,5,6829,7,261,33026,mean,0
audioseal,5,6829,7,261,33026,tct,0
audioseal,5,6930,4,262,64473,mean,0
audioseal,5,6930,4,262,64473,tct,1
audioseal,5,6930,4,262,64249,mean,0
audioseal,5,6930,4,262,64249,tct,0
audioseal,5,6930,4,262,50143,mean,0
audioseal,5,6930,4,262,50143,tct,0
audioseal,5,6930,4,262,53790,mean,0
audioseal,5,6930,4,262,53790,tct,0
audioseal,5,6930,4,262,65225,mean,0
audioseal,5,6930,4,262,65225,tct,0
audioseal,5,6930,4,262,25216,mean,0
audioseal,5,6930,4,262,25216,tct,0
audioseal,5,6930,4,262,64026,mean,0
audioseal,5,6930,4,262,64026,tct,0
audioseal,5,6930,4,262,55967,mean,0
audioseal,5,6930,4,262,55967,tct,0
audioseal,5,6930,4,262,57991,mean,0
audioseal,5,6930,4,262,57991,tct,0
audioseal,5,6930,4,262,29151,mean,0
audioseal,5,6930,4,262,29151,tct,0
audioseal,5,6930,5,263,23141,mean,0
audioseal,5,6930,5,263,23141,tct,0
audioseal,5,6930,5,263,7826,mean,0
audioseal,5,6930,5,263,7826,tct,0
audioseal,5,6930,5,263,55877,mean,0
audioseal,5,6930,5,263,55877,tct,0
audioseal,5,6930,5,263,2661,mean,0
audioseal,5,6930,5,263,2661,tct,0
audioseal,5,6930,5,263,7058,mean,0
audioseal,5,6930,5,263,7058,tct,0
audioseal,5,6930,5,263,14405,mean,0
audioseal,5,6930,5,263,14405,tct,1
audioseal,5,6930,5,263,38534,mean,0
audioseal,5,6930,5,263,38534,tct,0
audioseal,5,6930,5,263,5254,mean,0
audioseal,5,6930,5,263,5254,tct,0
audioseal,5,6930,5,263,36866,mean,0
audioseal,5,6930,5,263,36866,tct,0
audioseal,5,6930,5,263,36871,mean,0
audioseal,5,6930,5,263,36871,tct,0
audioseal,5,6930,6,264,3610,mean,0
audioseal,5,6930,6,264,3610,tct,0
audioseal,5,6930,6,264,44574,mean,0
audioseal,5,6930,6,264,44574,tct,0
audioseal,5,6930,6,264,30614,mean,0
audioseal,5,6930,6,264,30614,tct,0
audioseal,5,6930,6,264,16030,mean,0
audioseal,5,6930,6,264,16030,tct,0
audioseal,5,6930,6,264,14998,mean,0
audioseal,5,6930,6,264,14998,tct,0
audioseal,5,6930,6,264,7947,mean,0
audioseal,5,6930,6,264,7947,tct,0
audioseal,5,6930,6,264,20226,mean,0
audioseal,5,6930,6,264,20226,tct,0
audioseal,5,6930,6,264,22279,mean,0
audioseal,5,6930,6,264,22279,tct,0
audioseal,5,6930,6,264,22339,mean,0
audioseal,5,6930,6,264,22339,tct,0
audioseal,5,6930,6,264,22273,mean,0
audioseal,5,6930,6,264,22273,tct,0
audioseal,5,6930,7,265,56201,mean,0
audioseal,5,6930,7,265,56201,tct,0
audioseal,5,6930,7,265,56226,mean,0
audioseal,5,6930,7,265,56226,tct,0
audioseal,5,6930,7,265,57249,mean,0
audioseal,5,6930,7,265,57249,tct,0
audioseal,5,6930,7,265,54176,mean,0
audioseal,5,6930,7,265,54176,tct,0
audioseal,5,6930,7,265,40882,mean,0
audioseal,5,6930,7,265,40882,tct,0
audioseal,5,6930,7,265,23182,mean,0
audioseal,5,6930,7,265,23182,tct,0
audioseal,5,6930,7,265,56099,mean,0
audioseal,5,6930,7,265,56099,tct,0
audioseal,5,6930,7,265,21026,mean,0
audioseal,5,6930,7,265,21026,tct,0
audioseal,5,6930,7,265,40833,mean,0
audioseal,5,6930,7,265,40833,tct,0
audioseal,5,6930,7,265,53130,mean,0
audioseal,5,6930,7,265,53130,tct,0
audioseal,5,7021,4,266,792,mean,0
audioseal,5,7021,4,266,792,tct,0
audioseal,5,7021,4,266,29905,mean,0
audioseal,5,7021,4,266,29905,tct,0
audioseal,5,7021,4,266,596,mean,0
audioseal,5,7021,4,266,596,tct,0
audioseal,5,7021,4,266,660,mean,0
audioseal,5,7021,4,266,660,tct,0
audioseal,5,7021,4,266,13939,mean,0
audioseal,5,7021,4,266,13939,tct,0
audioseal,5,7021,4,266,14058,mean,0
audioseal,5,7021,4,266,14058,tct,0
audioseal,5,7021,4,266,5331,mean,0
audioseal,5,7021,4,266,5331,tct,0
audioseal,5,7021,4,266,29937,mean,0
audioseal,5,7021,4,266,29937,tct,0
audioseal,5,7021,4,266,1553,mean,0
audioseal,5,7021,4,266,1553,tct,0
audioseal,5,7021,4,266,1048,mean,0
audioseal,5,7021,4,266,1048,tct,0
audioseal,5,7021,5,267,39843,mean,0
audioseal,5,7021,5,267,39843,tct,0
audioseal,5,7021,5,267,53661,mean,0
audioseal,5,7021,5,267,53661,tct,0
audioseal,5,7021,5,267,40739,mean,0
audioseal,5,7021,5,267,40739,tct,0
audioseal,5,7021,5,267,21450,mean,0
audioseal,5,7021,5,267,21450,tct,0
audioseal,5,7021,5,267,54551,mean,0
audioseal,5,7021,5,267,54551,tct,0
audioseal,5,7021,5,267,56227,mean,0
audioseal,5,7021,5,267,56227,tct,0
audioseal,5,7021,5,267,53720,mean,0
audioseal,5,7021,5,267,53720,tct,0
audioseal,5,7021,5,267,54759,mean,0
audioseal,5,7021,5,267,54759,tct,0
audioseal,5,7021,5,267,54673,mean,0
audioseal,5,7021,5,267,54673,tct,0
audioseal,5,7021,5,267,56774,mean,0
audioseal,5,7021,5,267,56774,tct,0
audioseal,5,7021,6,268,579,mean,0
audioseal,5,7021,6,268,579,tct,0
audioseal,5,7021,6,268,18139,mean,0
audioseal,5,7021,6,268,18139,tct,0
audioseal,5,7021,6,268,9675,mean,0
audioseal,5,7021,6,268,9675,tct,0
audioseal,5,7021,6,268,18074,mean,0
audioseal,5,7021,6,268,18074,tct,0
audioseal,5,7021,6,268,1739,mean,0
audioseal,5,7021,6,268,1739,tct,0
audioseal,5,7021,6,268,16387,mean,0
audioseal,5,7021,6,268,16387,tct,0
audioseal,5,7021,6,268,30741,mean,0
audioseal,5,7021,6,268,30741,tct,0
audioseal,5,7021,6,268,26819,mean,0
audioseal,5,7021,6,268,26819,tct,0
audioseal,5,7021,6,268,9931,mean,0
audioseal,5,7021,6,268,9931,tct,0
audioseal,5,7021,6,268,259,mean,0
audioseal,5,7021,6,268,259,tct,0
audioseal,5,7021,7,269,1903,mean,0
audioseal,5,7021,7,269,1903,tct,0
audioseal,5,7021,7,269,11072,mean,0
audioseal,5,7021,7,269,11072,tct,0
audioseal,5,7021,7,269,35273,mean,0
audioseal,5,7021,7,269,35273,tct,0
audioseal,5,7021,7,269,559,mean,0
audioseal,5,7021,7,269,559,tct,0
audioseal,5,7021,7,269,53193,mean,0
audioseal,5,7021,7,269,53193,tct,0
audioseal,5,7021,7,269,34857,mean,0
audioseal,5,7021,7,269,34857,tct,0
audioseal,5,7021,7,269,1644,mean,0
audioseal,5,7021,7,269,1644,tct,0
audioseal,5,7021,7,269,18880,mean,0
audioseal,5,7021,7,269,18880,tct,0
audioseal,5,7021,7,269,18287,mean,0
audioseal,5,7021,7,269,18287,tct,0
audioseal,5,7021,7,269,3337,mean,0
audioseal,5,7021,7,269,3337,tct,0
audioseal,5,7127,4,270,23174,mean,0
audioseal,5,7127,4,270,23174,tct,0
audioseal,5,7127,4,270,29880,mean,0
audioseal,5,7127,4,270,29880,tct,0
audioseal,5,7127,4,270,29098,mean,0
audioseal,5,7127,4,270,29098,tct,0
audioseal,5,7127,4,270,30762,mean,0
audioseal,5,7127,4,270,30762,tct,0
audioseal,5,7127,4,270,29595,mean,0
audioseal,5,7127,4,270,29595,tct,0
audioseal,5,7127,4,270,20891,mean,0
audioseal,5,7127,4,270,20891,tct,0
audioseal,5,7127,4,270,31019,mean,0
audioseal,5,7127,4,270,31019,tct,0
audioseal,5,7127,4,270,30650,mean,0
audioseal,5,7127,4,270,30650,tct,0
audioseal,5,7127,4,270,63981,mean,0
audioseal,5,7127,4,270,63981,tct,0
audioseal,5,7127,4,270,59887,mean,0
audioseal,5,7127,4,270,59887,tct,0
audioseal,5,7127,5,271,29039,mean,0
audioseal,5,7127,5,271,29039,tct,0
audioseal,5,7127,5,271,62847,mean,0
audioseal,5,7127,5,271,62847,tct,0
audioseal,5,7127,5,271,10360,mean,0
audioseal,5,7127,5,271,10360,tct,0
audioseal,5,7127,5,271,21454,mean,0
audioseal,5,7127,5,271,21454,tct,0
audioseal,5,7127,5,271,20830,mean,0
audioseal,5,7127,5,271,20830,tct,0
audioseal,5,7127,5,271,30058,mean,0
audioseal,5,7127,5,271,30058,tct,0
audioseal,5,7127,5,271,24958,mean,0
audioseal,5,7127,5,271,24958,tct,0
audioseal,5,7127,5,271,12669,mean,0
audioseal,5,7127,5,271,12669,tct,0
audioseal,5,7127,5,271,46906,mean,0
audioseal,5,7127,5,271,46906,tct,0
audioseal,5,7127,5,271,4574,mean,0
audioseal,5,7127,5,271,4574,tct,0
audioseal,5,7127,6,272,29490,mean,0
audioseal,5,7127,6,272,29490,tct,0
audioseal,5,7127,6,272,31542,mean,0
audioseal,5,7127,6,272,31542,tct,0
audioseal,5,7127,6,272,32858,mean,0
audioseal,5,7127,6,272,32858,tct,0
audioseal,5,7127,6,272,25818,mean,0
audioseal,5,7127,6,272,25818,tct,0
audioseal,5,7127,6,272,57394,mean,0
audioseal,5,7127,6,272,57394,tct,0
audioseal,5,7127,6,272,36941,mean,0
audioseal,5,7127,6,272,36941,tct,0
audioseal,5,7127,6,272,37964,mean,0
audioseal,5,7127,6,272,37964,tct,0
audioseal,5,7127,6,272,58608,mean,0
audioseal,5,7127,6,272,58608,tct,0
audioseal,5,7127,6,272,17754,mean,0
audioseal,5,7127,6,272,17754,tct,0
audioseal,5,7127,6,272,29044,mean,0
audioseal,5,7127,6,272,29044,tct,0
audioseal,5,7127,7,273,9084,mean,0
audioseal,5,7127,7,273,9084,tct,0
audioseal,5,7127,7,273,6886,mean,0
audioseal,5,7127,7,273,6886,tct,0
audioseal,5,7127,7,273,7906,mean,0
audioseal,5,7127,7,273,7906,tct,0
audioseal,5,7127,7,273,37060,mean,0
audioseal,5,7127,7,273,37060,tct,0
audioseal,5,7127,7,273,3174,mean,0
audioseal,5,7127,7,273,3174,tct,0
audioseal,5,7127,7,273,12044,mean,0
audioseal,5,7127,7,273,12044,tct,0
audioseal,5,7127,7,273,16106,mean,0
audioseal,5,7127,7,273,16106,tct,0
audioseal,5,7127,7,273,11279,mean,0
audioseal,5,7127,7,273,11279,tct,0
audioseal,5,7127,7,273,15354,mean,0
audioseal,5,7127,7,273,15354,tct,0
audioseal,5,7127,7,273,14969,mean,0
audioseal,5,7127,7,273,14969,tct,0
audioseal,5,7176,4,274,34218,mean,0
audioseal,5,7176,4,274,34218,tct,0
audioseal,5,7176,4,274,52202,mean,0
audioseal,5,7176,4,274,52202,tct,0
audioseal,5,7176,4,274,23019,mean,0
audioseal,5,7176,4,274,23019,tct,0
audioseal,5,7176,4,274,35642,mean,0
audioseal,5,7176,4,274,35642,tct,0
audioseal,5,7176,4,274,37802,mean,0
audioseal,5,7176,4,274,37802,tct,0
audioseal,5,7176,4,274,18939,mean,0
audioseal,5,7176,4,274,18939,tct,0
audioseal,5,7176,4,274,53627,mean,0
audioseal,5,7176,4,274,53627,tct,0
audioseal,5,7176,4,274,56122,mean,0
audioseal,5,7176,4,274,56122,tct,0
audioseal,5,7176,4,274,51514,mean,0
audioseal,5,7176,4,274,51514,tct,0
audioseal,5,7176,4,274,34603,mean,0
audioseal,5,7176,4,274,34603,tct,0
audioseal,5,7176,5,275,21381,mean,0
audioseal,5,7176,5,275,21381,tct,0
audioseal,5,7176,5,275,14295,mean,0
audioseal,5,7176,5,275,14295,tct,0
audioseal,5,7176,5,275,11022,mean,0
audioseal,5,7176,5,275,11022,tct,0
audioseal,5,7176,5,275,30678,mean,0
audioseal,5,7176,5,275,30678,tct,0
audioseal,5,7176,5,275,32727,mean,0
audioseal,5,7176,5,275,32727,tct,0
audioseal,5,7176,5,275,23495,mean,0
audioseal,5,7176,5,275,23495,tct,0
audioseal,5,7176,5,275,21457,mean,0
audioseal,5,7176,5,275,21457,tct,0
audioseal,5,7176,5,275,23429,mean,0
audioseal,5,7176,5,275,23429,tct,0
audioseal,5,7176,5,275,6941,mean,0
audioseal,5,7176,5,275,6941,tct,0
audioseal,5,7176,5,275,2959,mean,0
audioseal,5,7176,5,275,2959,tct,0
audioseal,5,7176,6,276,34687,mean,0
audioseal,5,7176,6,276,34687,tct,0
audioseal,5,7176,6,276,19679,mean,0
audioseal,5,7176,6,276,19679,tct,0
audioseal,5,7176,6,276,50271,mean,0
audioseal,5,7176,6,276,50271,tct,0
audioseal,5,7176,6,276,42053,mean,0
audioseal,5,7176,6,276,42053,tct,0
audioseal,5,7176,6,276,54367,mean,0
audioseal,5,7176,6,276,54367,tct,0
audioseal,5,7176,6,276,53613,mean,0
audioseal,5,7176,6,276,53613,tct,0
audioseal,5,7176,6,276,59221,mean,0
audioseal,5,7176,6,276,59221,tct,0
audioseal,5,7176,6,276,46805,mean,0
audioseal,5,7176,6,276,46805,tct,0
audioseal,5,7176,6,276,62557,mean,0
audioseal,5,7176,6,276,62557,tct,0
audioseal,5,7176,6,276,58452,mean,0
audioseal,5,7176,6,276,58452,tct,0
audioseal,5,7176,7,277,9890,mean,0
audioseal,5,7176,7,277,9890,tct,0
audioseal,5,7176,7,277,48708,mean,0
audioseal,5,7176,7,277,48708,tct,0
audioseal,5,7176,7,277,9858,mean,0
audioseal,5,7176,7,277,9858,tct,0
audioseal,5,7176,7,277,9734,mean,0
audioseal,5,7176,7,277,9734,tct,0
audioseal,5,7176,7,277,4772,mean,0
audioseal,5,7176,7,277,4772,tct,0
audioseal,5,7176,7,277,1588,mean,0
audioseal,5,7176,7,277,1588,tct,0
audioseal,5,7176,7,277,12838,mean,0
audioseal,5,7176,7,277,12838,tct,0
audioseal,5,7176,7,277,12952,mean,0
audioseal,5,7176,7,277,12952,tct,0
audioseal,5,7176,7,277,37396,mean,0
audioseal,5,7176,7,277,37396,tct,0
audioseal,5,7176,7,277,4754,mean,0
audioseal,5,7176,7,277,4754,tct,0
audioseal,5,7729,4,278,34255,mean,0
audioseal,5,7729,4,278,34255,tct,0
audioseal,5,7729,4,278,18365,mean,0
audioseal,5,7729,4,278,18365,tct,0
audioseal,5,7729,4,278,1451,mean,0
audioseal,5,7729,4,278,1451,tct,0
audioseal,5,7729,4,278,49914,mean,0
audioseal,5,7729,4,278,49914,tct,0
audioseal,5,7729,4,278,17919,mean,0
audioseal,5,7729,4,278,17919,tct,0
audioseal,5,7729,4,278,17311,mean,0
audioseal,5,7729,4,278,17311,tct,0
audioseal,5,7729,4,278,49663,mean,0
audioseal,5,7729,4,278,49663,tct,0
audioseal,5,7729,4,278,49196,mean,0
audioseal,5,7729,4,278,49196,tct,0
audioseal,5,7729,4,278,33705,mean,0
audioseal,5,7729,4,278,33705,tct,0
audioseal,5,7729,4,278,50174,mean,0
audioseal,5,7729,4,278,50174,tct,0
audioseal,5,7729,5,279,59646,mean,0
audioseal,5,7729,5,279,59646,tct,0
audioseal,5,7729,5,279,59898,mean,0
audioseal,5,7729,5,279,59898,tct,0
audioseal,5,7729,5,279,63943,mean,0
audioseal,5,7729,5,279,63943,tct,0
audioseal,5,7729,5,279,14649,mean,0
audioseal,5,7729,5,279,14649,tct,0
audioseal,5,7729,5,279,43741,mean,0
audioseal,5,7729,5,279,43741,tct,0
audioseal,5,7729,5,279,44025,mean,0
audioseal,5,7729,5,279,44025,tct,0
audioseal,5,7729,5,279,63942,mean,0
audioseal,5,7729,5,279,63942,tct,0
audioseal,5,7729,5,279,43993,mean,0
audioseal,5,7729,5,279,43993,tct,0
audioseal,5,7729,5,279,55129,mean,0
audioseal,5,7729,5,279,55129,tct,0
audioseal,5,7729,5,279,53193,mean,0
audioseal,5,7729,5,279,53193,tct,0
audioseal,5,7729,6,280,31976,mean,0
audioseal,5,7729,6,280,31976,tct,0
audioseal,5,7729,6,280,51826,mean,0
audioseal,5,7729,6,280,51826,tct,0
audioseal,5,7729,6,280,23122,mean,0
audioseal,5,7729,6,280,23122,tct,0
audioseal,5,7729,6,280,36658,mean,0
audioseal,5,7729,6,280,36658,tct,0
audioseal,5,7729,6,280,33648,mean,0
audioseal,5,7729,6,280,33648,tct,0
audioseal,5,7729,6,280,31344,mean,0
audioseal,5,7729,6,280,31344,tct,0
audioseal,5,7729,6,280,20004,mean,0
audioseal,5,7729,6,280,20004,tct,0
audioseal,5,7729,6,280,19062,mean,0
audioseal,5,7729,6,280,19062,tct,0
audioseal,5,7729,6,280,2678,mean,0
audioseal,5,7729,6,280,2678,tct,0
audioseal,5,7729,6,280,39802,mean,0
audioseal,5,7729,6,280,39802,tct,0
audioseal,5,7729,7,281,48636,mean,0
audioseal,5,7729,7,281,48636,tct,1
audioseal,5,7729,7,281,50981,mean,0
audioseal,5,7729,7,281,50981,tct,0
audioseal,5,7729,7,281,57047,mean,0
audioseal,5,7729,7,281,57047,tct,0
audioseal,5,7729,7,281,6289,mean,0
audioseal,5,7729,7,281,6289,tct,0
audioseal,5,7729,7,281,36860,mean,0
audioseal,5,7729,7,281,36860,tct,0
audioseal,5,7729,7,281,36344,mean,0
audioseal,5,7729,7,281,36344,tct,0
audioseal,5,7729,7,281,40645,mean,0
audioseal,5,7729,7,281,40645,tct,0
audioseal,5,7729,7,281,40144,mean,0
audioseal,5,7729,7,281,40144,tct,0
audioseal,5,7729,7,281,47352,mean,0
audioseal,5,7729,7,281,47352,tct,0
audioseal,5,7729,7,281,48863,mean,0
audioseal,5,7729,7,281,48863,tct,0
audioseal,5,8224,4,282,37891,mean,0
audioseal,5,8224,4,282,37891,tct,0
audioseal,5,8224,4,282,33827,mean,0
audioseal,5,8224,4,282,33827,tct,0
audioseal,5,8224,4,282,18739,mean,0
audioseal,5,8224,4,282,18739,tct,0
audioseal,5,8224,4,282,37939,mean,0
audioseal,5,8224,4,282,37939,tct,0
audioseal,5,8224,4,282,16658,mean,0
audioseal,5,8224,4,282,16658,tct,0
audioseal,5,8224,4,282,643,mean,0
audioseal,5,8224,4,282,643,tct,0
audioseal,5,8224,4,282,971,mean,0
audioseal,5,8224,4,282,971,tct,0
audioseal,5,8224,4,282,5667,mean,0
audioseal,5,8224,4,282,5667,tct,0
audioseal,5,8224,4,282,5066,mean,0
audioseal,5,8224,4,282,5066,tct,0
audioseal,5,8224,4,282,39043,mean,0
audioseal,5,8224,4,282,39043,tct,0
audioseal,5,8224,5,283,52711,mean,0
audioseal,5,8224,5,283,52711,tct,0
audioseal,5,8224,5,283,1593,mean,0
audioseal,5,8224,5,283,1593,tct,0
audioseal,5,8224,5,283,14683,mean,0
audioseal,5,8224,5,283,14683,tct,0
audioseal,5,8224,5,283,10056,mean,0
audioseal,5,8224,5,283,10056,tct,0
audioseal,5,8224,5,283,36006,mean,0
audioseal,5,8224,5,283,36006,tct,0
audioseal,5,8224,5,283,1881,mean,0
audioseal,5,8224,5,283,1881,tct,0
audioseal,5,8224,5,283,1592,mean,0
audioseal,5,8224,5,283,1592,tct,0
audioseal,5,8224,5,283,3131,mean,0
audioseal,5,8224,5,283,3131,tct,0
audioseal,5,8224,5,283,36271,mean,0
audioseal,5,8224,5,283,36271,tct,0
audioseal,5,8224,5,283,14938,mean,0
audioseal,5,8224,5,283,14938,tct,0
audioseal,5,8224,6,284,53654,mean,0
audioseal,5,8224,6,284,53654,tct,0
audioseal,5,8224,6,284,12595,mean,0
audioseal,5,8224,6,284,12595,tct,0
audioseal,5,8224,6,284,54422,mean,0
audioseal,5,8224,6,284,54422,tct,0
audioseal,5,8224,6,284,43147,mean,0
audioseal,5,8224,6,284,43147,tct,0
audioseal,5,8224,6,284,53662,mean,0
audioseal,5,8224,6,284,53662,tct,0
audioseal,5,8224,6,284,62295,mean,0
audioseal,5,8224,6,284,62295,tct,0
audioseal,5,8224,6,284,61719,mean,0
audioseal,5,8224,6,284,61719,tct,1
audioseal,5,8224,6,284,61531,mean,0
audioseal,5,8224,6,284,61531,tct,0
audioseal,5,8224,6,284,12563,mean,0
audioseal,5,8224,6,284,12563,tct,0
audioseal,5,8224,6,284,59783,mean,0
audioseal,5,8224,6,284,59783,tct,0
audioseal,5,8224,7,285,25970,mean,0
audioseal,5,8224,7,285,25970,tct,0
audioseal,5,8224,7,285,10536,mean,0
audioseal,5,8224,7,285,10536,tct,0
audioseal,5,8224,7,285,26912,mean,0
audioseal,5,8224,7,285,26912,tct,0
audioseal,5,8224,7,285,9826,mean,0
audioseal,5,8224,7,285,9826,tct,0
audioseal,5,8224,7,285,27506,mean,0
audioseal,5,8224,7,285,27506,tct,0
audioseal,5,8224,7,285,8434,mean,0
audioseal,5,8224,7,285,8434,tct,0
audioseal,5,8224,7,285,31520,mean,0
audioseal,5,8224,7,285,31520,tct,0
audioseal,5,8224,7,285,25938,mean,0
audioseal,5,8224,7,285,25938,tct,0
audioseal,5,8224,7,285,9578,mean,0
audioseal,5,8224,7,285,9578,tct,0
audioseal,5,8224,7,285,26594,mean,0
audioseal,5,8224,7,285,26594,tct,0
audioseal,5,8230,4,286,38472,mean,0
audioseal,5,8230,4,286,38472,tct,0
audioseal,5,8230,4,286,42217,mean,0
audioseal,5,8230,4,286,42217,tct,0
audioseal,5,8230,4,286,46936,mean,0
audioseal,5,8230,4,286,46936,tct,0
audioseal,5,8230,4,286,47456,mean,0
audioseal,5,8230,4,286,47456,tct,0
audioseal,5,8230,4,286,48353,mean,0
audioseal,5,8230,4,286,48353,tct,0
audioseal,5,8230,4,286,39137,mean,0
audioseal,5,8230,4,286,39137,tct,0
audioseal,5,8230,4,286,47699,mean,0
audioseal,5,8230,4,286,47699,tct,0
audioseal,5,8230,4,286,34537,mean,0
audioseal,5,8230,4,286,34537,tct,0
audioseal,5,8230,4,286,38637,mean,0
audioseal,5,8230,4,286,38637,tct,0
audioseal,5,8230,4,286,65113,mean,0
audioseal,5,8230,4,286,65113,tct,0
audioseal,5,8230,5,287,55976,mean,0
audioseal,5,8230,5,287,55976,tct,1
audioseal,5,8230,5,287,64228,mean,0
audioseal,5,8230,5,287,64228,tct,0
audioseal,5,8230,5,287,30698,mean,0
audioseal,5,8230,5,287,30698,tct,0
audioseal,5,8230,5,287,30682,mean,0
audioseal,5,8230,5,287,30682,tct,0
audioseal,5,8230,5,287,56034,mean,0
audioseal,5,8230,5,287,56034,tct,0
audioseal,5,8230,5,287,55980,mean,0
audioseal,5,8230,5,287,55980,tct,0
audioseal,5,8230,5,287,64248,mean,0
audioseal,5,8230,5,287,64248,tct,1
audioseal,5,8230,5,287,64196,mean,0
audioseal,5,8230,5,287,64196,tct,0
audioseal,5,8230,5,287,65274,mean,0
audioseal,5,8230,5,287,65274,tct,0
audioseal,5,8230,5,287,32760,mean,0
audioseal,5,8230,5,287,32760,tct,0
audioseal,5,8230,6,288,57191,mean,0
audioseal,5,8230,6,288,57191,tct,0
audioseal,5,8230,6,288,45348,mean,0
audioseal,5,8230,6,288,45348,tct,0
audioseal,5,8230,6,288,45428,mean,0
audioseal,5,8230,6,288,45428,tct,0
audioseal,5,8230,6,288,61415,mean,0
audioseal,5,8230,6,288,61415,tct,0
audioseal,5,8230,6,288,24103,mean,0
audioseal,5,8230,6,288,24103,tct,0
audioseal,5,8230,6,288,63796,mean,0
audioseal,5,8230,6,288,63796,tct,0
audioseal,5,8230,6,288,57283,mean,0
audioseal,5,8230,6,288,57283,tct,0
audioseal,5,8230,6,288,63463,mean,0
audioseal,5,8230,6,288,63463,tct,0
audioseal,5,8230,6,288,24359,mean,0
audioseal,5,8230,6,288,24359,tct,0
audioseal,5,8230,6,288,62902,mean,0
audioseal,5,8230,6,288,62902,tct,0
audioseal,5,8455,4,289,6953,mean,0
audioseal,5,8455,4,289,6953,tct,0
audioseal,5,8455,4,289,677,mean,0
audioseal,5,8455,4,289,677,tct,0
audioseal,5,8455,4,289,32604,mean,0
audioseal,5,8455,4,289,32604,tct,0
audioseal,5,8455,4,289,40419,mean,0
audioseal,5,8455,4,289,40419,tct,0
audioseal,5,8455,4,289,30684,mean,0
audioseal,5,8455,4,289,30684,tct,0
audioseal,5,8455,4,289,6924,mean,0
audioseal,5,8455,4,289,6924,tct,1
audioseal,5,8455,4,289,3553,mean,0
audioseal,5,8455,4,289,3553,tct,0
audioseal,5,8455,4,289,1925,mean,0
audioseal,5,8455,4,289,1925,tct,0
audioseal,5,8455,4,289,900,mean,0
audioseal,5,8455,4,289,900,tct,0
audioseal,5,8455,4,289,2825,mean,0
audioseal,5,8455,4,289,2825,tct,0
audioseal,5,8455,5,290,17794,mean,0
audioseal,5,8455,5,290,17794,tct,0
audioseal,5,8455,5,290,52378,mean,0
audioseal,5,8455,5,290,52378,tct,0
audioseal,5,8455,5,290,60571,mean,0
audioseal,5,8455,5,290,60571,tct,0
audioseal,5,8455,5,290,30758,mean,0
audioseal,5,8455,5,290,30758,tct,0
audioseal,5,8455,5,290,57042,mean,0
audioseal,5,8455,5,290,57042,tct,0
audioseal,5,8455,5,290,56006,mean,0
audioseal,5,8455,5,290,56006,tct,0
audioseal,5,8455,5,290,57286,mean,0
audioseal,5,8455,5,290,57286,tct,0
audioseal,5,8455,5,290,27842,mean,0
audioseal,5,8455,5,290,27842,tct,0
audioseal,5,8455,5,290,64538,mean,0
audioseal,5,8455,5,290,64538,tct,0
audioseal,5,8455,5,290,17798,mean,0
audioseal,5,8455,5,290,17798,tct,0
audioseal,5,8455,6,291,16762,mean,0
audioseal,5,8455,6,291,16762,tct,0
audioseal,5,8455,6,291,32664,mean,0
audioseal,5,8455,6,291,32664,tct,0
audioseal,5,8455,6,291,20922,mean,0
audioseal,5,8455,6,291,20922,tct,0
audioseal,5,8455,6,291,17210,mean,0
audioseal,5,8455,6,291,17210,tct,0
audioseal,5,8455,6,291,30636,mean,0
audioseal,5,8455,6,291,30636,tct,0
audioseal,5,8455,6,291,29610,mean,0
audioseal,5,8455,6,291,29610,tct,0
audioseal,5,8455,6,291,29929,mean,0
audioseal,5,8455,6,291,29929,tct,0
audioseal,5,8455,6,291,20798,mean,0
audioseal,5,8455,6,291,20798,tct,0
audioseal,5,8455,6,291,24488,mean,0
audioseal,5,8455,6,291,24488,tct,0
audioseal,5,8455,6,291,23530,mean,0
audioseal,5,8455,6,291,23530,tct,0
audioseal,5,8463,3,292,21750,mean,0
audioseal,5,8463,3,292,21750,tct,0
audioseal,5,8463,3,292,62962,mean,0
audioseal,5,8463,3,292,62962,tct,0
audioseal,5,8463,3,292,49400,mean,0
audioseal,5,8463,3,292,49400,tct,0
audioseal,5,8463,3,292,56562,mean,0
audioseal,5,8463,3,292,56562,tct,0
audioseal,5,8463,3,292,18162,mean,0
audioseal,5,8463,3,292,18162,tct,0
audioseal,5,8463,3,292,19068,mean,0
audioseal,5,8463,3,292,19068,tct,0
audioseal,5,8463,3,292,51440,mean,0
audioseal,5,8463,3,292,51440,tct,0
audioseal,5,8463,3,292,22262,mean,0
audioseal,5,8463,3,292,22262,tct,0
audioseal,5,8463,3,292,18108,mean,0
audioseal,5,8463,3,292,18108,tct,0
audioseal,5,8463,3,292,49716,mean,0
audioseal,5,8463,3,292,49716,tct,0
audioseal,5,8463,4,293,11620,mean,0
audioseal,5,8463,4,293,11620,tct,0
audioseal,5,8463,4,293,11364,mean,0
audioseal,5,8463,4,293,11364,tct,0
audioseal,5,8463,4,293,9596,mean,0
audioseal,5,8463,4,293,9596,tct,0
audioseal,5,8463,4,293,11500,mean,0
audioseal,5,8463,4,293,11500,tct,0
audioseal,5,8463,4,293,18294,mean,0
audioseal,5,8463,4,293,18294,tct,0
audioseal,5,8463,4,293,47921,mean,0
audioseal,5,8463,4,293,47921,tct,0
audioseal,5,8463,4,293,31409,mean,0
audioseal,5,8463,4,293,31409,tct,0
audioseal,5,8463,4,293,28262,mean,0
audioseal,5,8463,4,293,28262,tct,0
audioseal,5,8463,4,293,41085,mean,0
audioseal,5,8463,4,293,41085,tct,0
audioseal,5,8463,4,293,53684,mean,0
audioseal,5,8463,4,293,53684,tct,0
audioseal,5,8463,5,294,34743,mean,0
audioseal,5,8463,5,294,34743,tct,0
audioseal,5,8463,5,294,41859,mean,0
audioseal,5,8463,5,294,41859,tct,0
audioseal,5,8463,5,294,33975,mean,0
audioseal,5,8463,5,294,33975,tct,0
audioseal,5,8463,5,294,9532,mean,0
audioseal,5,8463,5,294,9532,tct,0
audioseal,5,8463,5,294,8887,mean,0
audioseal,5,8463,5,294,8887,tct,0
audioseal,5,8463,5,294,41654,mean,0
audioseal,5,8463,5,294,41654,tct,0
audioseal,5,8463,5,294,11070,mean,0
audioseal,5,8463,5,294,11070,tct,0
audioseal,5,8463,5,294,11018,mean,0
audioseal,5,8463,5,294,11018,tct,0
audioseal,5,8463,5,294,295,mean,0
audioseal,5,8463,5,294,295,tct,0
audioseal,5,8463,5,294,1287,mean,0
audioseal,5,8463,5,294,1287,tct,0
audioseal,5,8463,6,295,42175,mean,0
audioseal,5,8463,6,295,42175,tct,0
audioseal,5,8463,6,295,36475,mean,0
audioseal,5,8463,6,295,36475,tct,0
audioseal,5,8463,6,295,8975,mean,0
audioseal,5,8463,6,295,8975,tct,0
audioseal,5,8463,6,295,13167,mean,0
audioseal,5,8463,6,295,13167,tct,0
audioseal,5,8463,6,295,42047,mean,0
audioseal,5,8463,6,295,42047,tct,1
audioseal,5,8463,6,295,29563,mean,0
audioseal,5,8463,6,295,29563,tct,0
audioseal,5,8463,6,295,42167,mean,0
audioseal,5,8463,6,295,42167,tct,0
audioseal,5,8463,6,295,29539,mean,0
audioseal,5,8463,6,295,29539,tct,0
audioseal,5,8463,6,295,36411,mean,0
audioseal,5,8463,6,295,36411,tct,0
audioseal,5,8463,6,295,32087,mean,0
audioseal,5,8463,6,295,32087,tct,0
audioseal,5,8555,3,296,24761,mean,0
audioseal,5,8555,3,296,24761,tct,0
audioseal,5,8555,3,296,28847,mean,0
audioseal,5,8555,3,296,28847,tct,0
audioseal,5,8555,3,296,28721,mean,0
audioseal,5,8555,3,296,28721,tct,1
audioseal,5,8555,3,296,28715,mean,0
audioseal,5,8555,3,296,28715,tct,0
audioseal,5,8555,3,296,7855,mean,0
audioseal,5,8555,3,296,7855,tct,0
audioseal,5,8555,3,296,31421,mean,0
audioseal,5,8555,3,296,31421,tct,0
audioseal,5,8555,3,296,30245,mean,0
audioseal,5,8555,3,296,30245,tct,0
audioseal,5,8555,3,296,7869,mean,0
audioseal,5,8555,3,296,7869,tct,0
audioseal,5,8555,3,296,7849,mean,0
audioseal,5,8555,3,296,7849,tct,0
audioseal,5,8555,3,296,15399,mean,0
audioseal,5,8555,3,296,15399,tct,0
audioseal,5,8555,4,297,42662,mean,0
audioseal,5,8555,4,297,42662,tct,0
audioseal,5,8555,4,297,19949,mean,0
audioseal,5,8555,4,297,19949,tct,0
audioseal,5,8555,4,297,52588,mean,0
audioseal,5,8555,4,297,52588,tct,0
audioseal,5,8555,4,297,15759,mean,0
audioseal,5,8555,4,297,15759,tct,0
audioseal,5,8555,4,297,50248,mean,0
audioseal,5,8555,4,297,50248,tct,0
audioseal,5,8555,4,297,19944,mean,0
audioseal,5,8555,4,297,19944,tct,0
audioseal,5,8555,4,297,18413,mean,0
audioseal,5,8555,4,297,18413,tct,0
audioseal,5,8555,4,297,18345,mean,0
audioseal,5,8555,4,297,18345,tct,0
audioseal,5,8555,4,297,42884,mean,0
audioseal,5,8555,4,297,42884,tct,0
audioseal,5,8555,4,297,62998,mean,0
audioseal,5,8555,4,297,62998,tct,0
audioseal,5,8555,5,298,51654,mean,0
audioseal,5,8555,5,298,51654,tct,0
audioseal,5,8555,5,298,61963,mean,0
audioseal,5,8555,5,298,61963,tct,0
audioseal,5,8555,5,298,60180,mean,0
audioseal,5,8555,5,298,60180,tct,0
audioseal,5,8555,5,298,19349,mean,0
audioseal,5,8555,5,298,19349,tct,0
audioseal,5,8555,5,298,52566,mean,0
audioseal,5,8555,5,298,52566,tct,0
audioseal,5,8555,5,298,38214,mean,0
audioseal,5,8555,5,298,38214,tct,0
audioseal,5,8555,5,298,19348,mean,0
audioseal,5,8555,5,298,19348,tct,0
audioseal,5,8555,5,298,48326,mean,0
audioseal,5,8555,5,298,48326,tct,0
audioseal,5,8555,5,298,19368,mean,0
audioseal,5,8555,5,298,19368,tct,0
audioseal,5,8555,5,298,46084,mean,0
audioseal,5,8555,5,298,46084,tct,0
audioseal,5,8555,6,299,20759,mean,0
audioseal,5,8555,6,299,20759,tct,0
audioseal,5,8555,6,299,21064,mean,0
audioseal,5,8555,6,299,21064,tct,0
audioseal,5,8555,6,299,63558,mean,0
audioseal,5,8555,6,299,63558,tct,0
audioseal,5,8555,6,299,57512,mean,0
audioseal,5,8555,6,299,57512,tct,0
audioseal,5,8555,6,299,33726,mean,0
audioseal,5,8555,6,299,33726,tct,0
audioseal,5,8555,6,299,20572,mean,0
audioseal,5,8555,6,299,20572,tct,0
audioseal,5,8555,6,299,21268,mean,0
audioseal,5,8555,6,299,21268,tct,0
audioseal,5,8555,6,299,61767,mean,0
audioseal,5,8555,6,299,61767,tct,0
audioseal,5,8555,6,299,16669,mean,0
audioseal,5,8555,6,299,16669,tct,0
audioseal,5,8555,6,299,49256,mean,0
audioseal,5,8555,6,299,49256,tct,0
