model,K,spk,local_t,gi,method,ASR,R3_escape,R5_escape,ACC_near,ACC_near_norm,PESQ,STOI,SI_SDR
audioseal,2,chinese:SSB0005,0,0,median,1,1,1,12,0.7500,4.6116,0.9996,41.45
audioseal,2,chinese:SSB0005,0,0,minimum,1,1,1,13,0.8125,4.5668,0.9989,39.43
audioseal,2,chinese:SSB0005,0,0,maximum,1,1,1,12,0.7500,4.5646,0.9987,39.39
audioseal,2,chinese:SSB0005,0,0,rand_minmax,1,1,1,12,0.7500,4.0858,0.9979,38.43
audioseal,2,chinese:SSB0005,0,0,copy_paste,1,1,1,12,0.7500,4.5839,0.9993,38.41
audioseal,2,chinese:SSB0005,1,1,median,1,1,1,14,0.8750,4.6083,0.9995,36.17
audioseal,2,chinese:SSB0005,1,1,minimum,1,1,1,12,0.7500,4.3916,0.9969,33.84
audioseal,2,chinese:SSB0005,1,1,maximum,1,1,1,14,0.8750,4.3667,0.9968,33.94
audioseal,2,chinese:SSB0005,1,1,rand_minmax,1,1,1,13,0.8125,3.7088,0.9961,33.15
audioseal,2,chinese:SSB0005,1,1,copy_paste,1,1,1,13,0.8125,4.5687,0.9990,33.02
audioseal,2,chinese:SSB0005,2,2,median,1,0,0,15,0.9375,4.6248,0.9998,41.02
audioseal,2,chinese:SSB0005,2,2,minimum,1,1,1,15,0.9375,4.4544,0.9988,38.62
audioseal,2,chinese:SSB0005,2,2,maximum,1,1,1,15,0.9375,4.4362,0.9986,38.63
audioseal,2,chinese:SSB0005,2,2,rand_minmax,1,0,0,15,0.9375,4.0906,0.9982,38.08
audioseal,2,chinese:SSB0005,2,2,copy_paste,0,0,0,16,1.0000,4.6102,0.9996,37.65
audioseal,2,chinese:SSB0009,0,3,median,1,1,0,15,0.9375,4.6310,0.9999,41.99
audioseal,2,chinese:SSB0009,0,3,minimum,1,1,1,15,0.9375,4.6015,0.9998,40.00
audioseal,2,chinese:SSB0009,0,3,maximum,1,0,0,15,0.9375,4.5957,0.9998,39.92
audioseal,2,chinese:SSB0009,0,3,rand_minmax,1,1,0,15,0.9375,4.4926,0.9998,38.87
audioseal,2,chinese:SSB0009,0,3,copy_paste,0,0,0,16,1.0000,4.6159,0.9998,38.88
audioseal,2,chinese:SSB0009,1,4,median,1,0,0,15,0.9375,4.6129,0.9998,37.29
audioseal,2,chinese:SSB0009,1,4,minimum,1,0,0,15,0.9375,4.5300,0.9993,35.30
audioseal,2,chinese:SSB0009,1,4,maximum,1,1,1,14,0.8750,4.5253,0.9993,35.22
audioseal,2,chinese:SSB0009,1,4,rand_minmax,1,0,0,15,0.9375,4.3154,0.9995,34.32
audioseal,2,chinese:SSB0009,1,4,copy_paste,1,1,1,14,0.8750,4.5740,0.9996,34.10
audioseal,2,chinese:SSB0009,2,5,median,1,1,1,14,0.8750,4.5932,0.9998,36.43
audioseal,2,chinese:SSB0009,2,5,minimum,1,1,1,12,0.7500,4.4634,0.9990,34.30
audioseal,2,chinese:SSB0009,2,5,maximum,1,1,1,14,0.8750,4.4671,0.9990,34.27
audioseal,2,chinese:SSB0009,2,5,rand_minmax,1,1,1,13,0.8125,4.1759,0.9994,33.34
audioseal,2,chinese:SSB0009,2,5,copy_paste,1,1,1,13,0.8125,4.5623,0.9996,33.62
audioseal,2,chinese:SSB0011,0,6,median,1,1,1,12,0.7500,4.5913,0.9993,33.83
audioseal,2,chinese:SSB0011,0,6,minimum,1,1,1,13,0.8125,4.2698,0.9977,31.43
audioseal,2,chinese:SSB0011,0,6,maximum,1,1,1,12,0.7500,4.2802,0.9979,31.54
audioseal,2,chinese:SSB0011,0,6,rand_minmax,1,1,1,12,0.7500,3.0996,0.9944,30.90
audioseal,2,chinese:SSB0011,0,6,copy_paste,1,1,1,13,0.8125,4.4844,0.9984,29.54
audioseal,2,chinese:SSB0011,1,7,median,1,1,1,12,0.7500,4.5788,0.9993,36.71
audioseal,2,chinese:SSB0011,1,7,minimum,1,1,1,12,0.7500,4.3984,0.9984,34.47
audioseal,2,chinese:SSB0011,1,7,maximum,1,1,1,13,0.8125,4.4001,0.9985,34.57
audioseal,2,chinese:SSB0011,1,7,rand_minmax,1,1,1,12,0.7500,3.3262,0.9968,33.69
audioseal,2,chinese:SSB0011,1,7,copy_paste,1,1,1,13,0.8125,4.5172,0.9985,33.60
audioseal,2,chinese:SSB0011,2,8,median,1,1,1,10,0.6250,4.5763,0.9991,34.99
audioseal,2,chinese:SSB0011,2,8,minimum,1,1,1,11,0.6875,4.2940,0.9982,32.85
audioseal,2,chinese:SSB0011,2,8,maximum,1,1,1,10,0.6250,4.2777,0.9980,32.85
audioseal,2,chinese:SSB0011,2,8,rand_minmax,1,1,1,10,0.6250,3.1256,0.9957,32.01
audioseal,2,chinese:SSB0011,2,8,copy_paste,1,1,1,11,0.6875,4.5023,0.9981,31.89
audioseal,2,chinese:SSB0012,0,9,median,1,1,1,12,0.7500,4.5841,0.9995,34.27
audioseal,2,chinese:SSB0012,0,9,minimum,1,1,1,13,0.8125,4.2648,0.9961,31.87
audioseal,2,chinese:SSB0012,0,9,maximum,1,1,1,12,0.7500,4.2661,0.9959,31.84
audioseal,2,chinese:SSB0012,0,9,rand_minmax,1,1,1,13,0.8125,3.8332,0.9967,31.45
audioseal,2,chinese:SSB0012,0,9,copy_paste,1,0,0,15,0.9375,4.5217,0.9993,31.05
audioseal,2,chinese:SSB0012,1,10,median,1,1,1,12,0.7500,4.6200,0.9997,38.99
audioseal,2,chinese:SSB0012,1,10,minimum,1,1,1,12,0.7500,4.5479,0.9985,36.96
audioseal,2,chinese:SSB0012,1,10,maximum,1,1,1,13,0.8125,4.5579,0.9984,36.82
audioseal,2,chinese:SSB0012,1,10,rand_minmax,1,1,1,13,0.8125,4.1830,0.9991,35.98
audioseal,2,chinese:SSB0012,1,10,copy_paste,1,1,1,14,0.8750,4.5933,0.9994,35.88
audioseal,2,chinese:SSB0012,2,11,median,1,1,0,15,0.9375,4.6222,0.9999,39.55
audioseal,2,chinese:SSB0012,2,11,minimum,1,0,0,15,0.9375,4.3921,0.9991,36.82
audioseal,2,chinese:SSB0012,2,11,maximum,0,0,0,16,1.0000,4.4261,0.9988,36.88
audioseal,2,chinese:SSB0012,2,11,rand_minmax,1,1,0,15,0.9375,4.1757,0.9989,36.57
audioseal,2,chinese:SSB0012,2,11,copy_paste,0,0,0,16,1.0000,4.6105,0.9997,34.27
audioseal,2,chinese:SSB0016,0,12,median,1,1,1,14,0.8750,4.6000,0.9991,35.20
audioseal,2,chinese:SSB0016,0,12,minimum,1,1,1,14,0.8750,4.3025,0.9983,32.82
audioseal,2,chinese:SSB0016,0,12,maximum,1,1,1,14,0.8750,4.2849,0.9985,33.07
audioseal,2,chinese:SSB0016,0,12,rand_minmax,1,1,1,14,0.8750,3.3782,0.9945,32.18
audioseal,2,chinese:SSB0016,0,12,copy_paste,0,0,0,16,1.0000,4.5160,0.9985,32.04
audioseal,2,chinese:SSB0016,1,13,median,1,1,1,13,0.8125,4.5743,0.9990,34.13
audioseal,2,chinese:SSB0016,1,13,minimum,1,1,1,12,0.7500,4.1256,0.9982,31.96
audioseal,2,chinese:SSB0016,1,13,maximum,1,1,1,13,0.8125,4.1164,0.9981,31.95
audioseal,2,chinese:SSB0016,1,13,rand_minmax,1,1,1,13,0.8125,3.0892,0.9925,31.09
audioseal,2,chinese:SSB0016,1,13,copy_paste,1,1,1,13,0.8125,4.5063,0.9983,30.97
audioseal,2,chinese:SSB0016,2,14,median,0,0,0,16,1.0000,4.5450,0.9993,36.26
audioseal,2,chinese:SSB0016,2,14,minimum,0,0,0,16,1.0000,4.0228,0.9988,33.95
audioseal,2,chinese:SSB0016,2,14,maximum,0,0,0,16,1.0000,4.0436,0.9987,33.96
audioseal,2,chinese:SSB0016,2,14,rand_minmax,0,0,0,16,1.0000,3.2623,0.9954,33.25
audioseal,2,chinese:SSB0016,2,14,copy_paste,0,0,0,16,1.0000,4.5296,0.9991,32.88
audioseal,2,chinese:SSB0018,0,15,median,1,1,1,13,0.8125,4.6002,0.9997,37.53
audioseal,2,chinese:SSB0018,0,15,minimum,1,1,1,14,0.8750,4.3899,0.9971,35.30
audioseal,2,chinese:SSB0018,0,15,maximum,1,1,1,12,0.7500,4.3852,0.9970,35.25
audioseal,2,chinese:SSB0018,0,15,rand_minmax,1,1,1,13,0.8125,3.8988,0.9982,34.55
audioseal,2,chinese:SSB0018,0,15,copy_paste,1,1,1,12,0.7500,4.5596,0.9995,35.14
audioseal,2,chinese:SSB0018,1,16,median,1,1,1,14,0.8750,4.6012,0.9998,37.86
audioseal,2,chinese:SSB0018,1,16,minimum,1,1,1,13,0.8125,4.3911,0.9969,35.55
audioseal,2,chinese:SSB0018,1,16,maximum,1,1,1,12,0.7500,4.3953,0.9974,35.61
audioseal,2,chinese:SSB0018,1,16,rand_minmax,1,1,1,12,0.7500,3.8851,0.9975,34.81
audioseal,2,chinese:SSB0018,1,16,copy_paste,1,1,1,12,0.7500,4.5691,0.9995,36.56
audioseal,2,chinese:SSB0018,2,17,median,1,1,1,14,0.8750,4.5944,0.9998,37.34
audioseal,2,chinese:SSB0018,2,17,minimum,1,1,1,14,0.8750,4.4695,0.9962,35.20
audioseal,2,chinese:SSB0018,2,17,maximum,1,1,1,14,0.8750,4.4748,0.9965,35.03
audioseal,2,chinese:SSB0018,2,17,rand_minmax,1,1,1,14,0.8750,4.0617,0.9979,34.33
audioseal,2,chinese:SSB0018,2,17,copy_paste,1,1,1,14,0.8750,4.5489,0.9996,34.05
audioseal,2,chinese:SSB0033,0,18,median,1,1,1,12,0.7500,4.6037,0.9996,40.81
audioseal,2,chinese:SSB0033,0,18,minimum,1,1,1,12,0.7500,4.4721,0.9993,38.83
audioseal,2,chinese:SSB0033,0,18,maximum,1,1,1,15,0.9375,4.4739,0.9992,38.28
audioseal,2,chinese:SSB0033,0,18,rand_minmax,1,1,1,13,0.8125,4.0832,0.9991,37.85
audioseal,2,chinese:SSB0033,0,18,copy_paste,1,1,1,13,0.8125,4.5631,0.9993,39.02
audioseal,2,chinese:SSB0033,1,19,median,1,1,1,13,0.8125,4.5782,0.9996,41.21
audioseal,2,chinese:SSB0033,1,19,minimum,1,1,1,12,0.7500,4.4871,0.9995,39.73
audioseal,2,chinese:SSB0033,1,19,maximum,1,1,1,14,0.8750,4.4823,0.9994,38.56
audioseal,2,chinese:SSB0033,1,19,rand_minmax,1,1,1,13,0.8125,4.0861,0.9992,38.22
audioseal,2,chinese:SSB0033,1,19,copy_paste,1,0,0,15,0.9375,4.5471,0.9993,38.27
audioseal,2,chinese:SSB0033,2,20,median,1,1,1,14,0.8750,4.6023,0.9997,41.04
audioseal,2,chinese:SSB0033,2,20,minimum,1,1,1,15,0.9375,4.4778,0.9994,38.57
audioseal,2,chinese:SSB0033,2,20,maximum,1,1,1,13,0.8125,4.4821,0.9994,38.98
audioseal,2,chinese:SSB0033,2,20,rand_minmax,1,1,1,14,0.8750,4.0812,0.9992,37.95
audioseal,2,chinese:SSB0033,2,20,copy_paste,1,1,1,15,0.9375,4.5605,0.9995,37.34
audioseal,2,chinese:SSB0038,0,21,median,1,1,1,10,0.6250,4.6004,0.9993,35.01
audioseal,2,chinese:SSB0038,0,21,minimum,1,1,1,10,0.6250,4.4306,0.9990,32.73
audioseal,2,chinese:SSB0038,0,21,maximum,1,1,1,10,0.6250,4.4472,0.9990,32.77
audioseal,2,chinese:SSB0038,0,21,rand_minmax,1,1,1,10,0.6250,3.9116,0.9988,32.05
audioseal,2,chinese:SSB0038,0,21,copy_paste,1,1,1,13,0.8125,4.5538,0.9989,32.91
audioseal,2,chinese:SSB0038,1,22,median,1,1,1,10,0.6250,4.5894,0.9994,37.15
audioseal,2,chinese:SSB0038,1,22,minimum,1,1,1,10,0.6250,4.5112,0.9991,35.00
audioseal,2,chinese:SSB0038,1,22,maximum,1,1,1,10,0.6250,4.4963,0.9991,34.99
audioseal,2,chinese:SSB0038,1,22,rand_minmax,1,1,1,10,0.6250,4.1065,0.9989,34.08
audioseal,2,chinese:SSB0038,1,22,copy_paste,1,1,1,11,0.6875,4.5334,0.9985,33.59
audioseal,2,chinese:SSB0038,2,23,median,1,1,1,13,0.8125,4.6149,0.9995,41.08
audioseal,2,chinese:SSB0038,2,23,minimum,1,1,1,13,0.8125,4.5391,0.9994,39.11
audioseal,2,chinese:SSB0038,2,23,maximum,1,1,1,13,0.8125,4.5370,0.9994,38.80
audioseal,2,chinese:SSB0038,2,23,rand_minmax,1,1,1,14,0.8750,4.2933,0.9994,38.09
audioseal,2,chinese:SSB0038,2,23,copy_paste,1,1,1,13,0.8125,4.5780,0.9991,38.16
audioseal,2,chinese:SSB0043,0,24,median,1,1,1,13,0.8125,4.6050,0.9994,37.85
audioseal,2,chinese:SSB0043,0,24,minimum,1,1,1,13,0.8125,4.3684,0.9975,35.63
audioseal,2,chinese:SSB0043,0,24,maximum,1,1,1,13,0.8125,4.3695,0.9974,35.66
audioseal,2,chinese:SSB0043,0,24,rand_minmax,1,1,1,13,0.8125,3.5304,0.9966,34.86
audioseal,2,chinese:SSB0043,0,24,copy_paste,1,1,1,14,0.8750,4.5433,0.9987,35.64
audioseal,2,chinese:SSB0043,1,25,median,1,1,1,12,0.7500,4.5626,0.9995,36.52
audioseal,2,chinese:SSB0043,1,25,minimum,1,1,1,12,0.7500,4.2645,0.9972,34.37
audioseal,2,chinese:SSB0043,1,25,maximum,1,1,1,12,0.7500,4.2960,0.9972,34.32
audioseal,2,chinese:SSB0043,1,25,rand_minmax,1,1,1,12,0.7500,3.3348,0.9955,33.53
audioseal,2,chinese:SSB0043,1,25,copy_paste,1,0,0,15,0.9375,4.5168,0.9987,33.70
audioseal,2,chinese:SSB0043,2,26,median,1,1,1,11,0.6875,4.5846,0.9992,36.14
audioseal,2,chinese:SSB0043,2,26,minimum,1,1,1,12,0.7500,4.2544,0.9964,33.86
audioseal,2,chinese:SSB0043,2,26,maximum,1,1,1,12,0.7500,4.2734,0.9967,34.03
audioseal,2,chinese:SSB0043,2,26,rand_minmax,1,1,1,11,0.6875,3.3053,0.9949,33.11
audioseal,2,chinese:SSB0043,2,26,copy_paste,1,1,1,11,0.6875,4.5061,0.9987,33.47
audioseal,2,chinese:SSB0057,0,27,median,1,1,1,13,0.8125,4.5983,0.9993,38.01
audioseal,2,chinese:SSB0057,0,27,minimum,1,1,1,14,0.8750,4.4101,0.9941,35.52
audioseal,2,chinese:SSB0057,0,27,maximum,1,1,1,12,0.7500,4.4068,0.9945,35.60
audioseal,2,chinese:SSB0057,0,27,rand_minmax,1,1,1,13,0.8125,3.9833,0.9916,34.86
audioseal,2,chinese:SSB0057,0,27,copy_paste,1,0,0,15,0.9375,4.5544,0.9990,34.62
audioseal,2,chinese:SSB0057,1,28,median,1,1,1,14,0.8750,4.6220,0.9995,40.43
audioseal,2,chinese:SSB0057,1,28,minimum,1,1,1,13,0.8125,4.4943,0.9962,38.23
audioseal,2,chinese:SSB0057,1,28,maximum,1,1,1,13,0.8125,4.4938,0.9962,38.12
audioseal,2,chinese:SSB0057,1,28,rand_minmax,1,1,1,14,0.8750,4.2319,0.9951,37.23
audioseal,2,chinese:SSB0057,1,28,copy_paste,0,0,0,16,1.0000,4.5793,0.9991,36.28
audioseal,2,chinese:SSB0057,2,29,median,0,0,0,16,1.0000,4.6234,0.9995,36.84
audioseal,2,chinese:SSB0057,2,29,minimum,0,0,0,16,1.0000,4.3992,0.9956,34.10
audioseal,2,chinese:SSB0057,2,29,maximum,0,0,0,16,1.0000,4.4016,0.9955,34.21
audioseal,2,chinese:SSB0057,2,29,rand_minmax,0,0,0,16,1.0000,4.1997,0.9939,33.73
audioseal,2,chinese:SSB0057,2,29,copy_paste,0,0,0,16,1.0000,4.5878,0.9989,33.19
audioseal,2,chinese:SSB0073,0,30,median,1,1,1,14,0.8750,4.6188,0.9998,36.76
audioseal,2,chinese:SSB0073,0,30,minimum,1,1,1,14,0.8750,4.4699,0.9996,34.75
audioseal,2,chinese:SSB0073,0,30,maximum,1,1,1,13,0.8125,4.4832,0.9996,34.10
audioseal,2,chinese:SSB0073,0,30,rand_minmax,1,1,1,14,0.8750,3.9517,0.9988,33.76
audioseal,2,chinese:SSB0073,0,30,copy_paste,1,1,0,15,0.9375,4.5887,0.9996,33.59
audioseal,2,chinese:SSB0073,1,31,median,1,1,1,14,0.8750,4.6189,0.9999,34.79
audioseal,2,chinese:SSB0073,1,31,minimum,1,1,1,14,0.8750,4.5208,0.9994,32.05
audioseal,2,chinese:SSB0073,1,31,maximum,1,1,1,14,0.8750,4.5257,0.9995,32.25
audioseal,2,chinese:SSB0073,1,31,rand_minmax,1,1,1,14,0.8750,4.0880,0.9986,31.51
audioseal,2,chinese:SSB0073,1,31,copy_paste,1,1,0,14,0.8750,4.5955,0.9998,30.53
audioseal,2,chinese:SSB0073,2,32,median,1,1,1,14,0.8750,4.6008,0.9998,33.68
audioseal,2,chinese:SSB0073,2,32,minimum,1,1,1,12,0.7500,4.3922,0.9989,31.36
audioseal,2,chinese:SSB0073,2,32,maximum,1,1,1,14,0.8750,4.3946,0.9991,30.85
audioseal,2,chinese:SSB0073,2,32,rand_minmax,1,1,1,12,0.7500,3.8733,0.9983,30.53
audioseal,2,chinese:SSB0073,2,32,copy_paste,1,1,1,12,0.7500,4.5589,0.9997,29.40
audioseal,2,chinese:SSB0080,0,33,median,1,1,1,13,0.8125,4.6094,0.9994,31.97
audioseal,2,chinese:SSB0080,0,33,minimum,1,1,1,13,0.8125,4.3701,0.9918,29.91
audioseal,2,chinese:SSB0080,0,33,maximum,1,1,1,14,0.8750,4.3656,0.9921,29.76
audioseal,2,chinese:SSB0080,0,33,rand_minmax,1,1,1,13,0.8125,3.3894,0.9864,28.95
audioseal,2,chinese:SSB0080,0,33,copy_paste,1,1,1,12,0.7500,4.5666,0.9984,28.67
audioseal,2,chinese:SSB0080,1,34,median,1,1,1,12,0.7500,4.6138,0.9992,33.35
audioseal,2,chinese:SSB0080,1,34,minimum,1,1,1,12,0.7500,4.4103,0.9930,31.23
audioseal,2,chinese:SSB0080,1,34,maximum,1,1,1,12,0.7500,4.4072,0.9932,31.16
audioseal,2,chinese:SSB0080,1,34,rand_minmax,1,1,1,12,0.7500,3.5394,0.9873,30.33
audioseal,2,chinese:SSB0080,1,34,copy_paste,1,1,1,14,0.8750,4.5652,0.9981,30.11
audioseal,2,chinese:SSB0080,2,35,median,1,1,1,13,0.8125,4.6001,0.9990,31.53
audioseal,2,chinese:SSB0080,2,35,minimum,1,1,1,14,0.8750,4.2287,0.9913,29.41
audioseal,2,chinese:SSB0080,2,35,maximum,1,1,1,13,0.8125,4.2218,0.9913,29.31
audioseal,2,chinese:SSB0080,2,35,rand_minmax,1,1,1,13,0.8125,3.2644,0.9847,28.53
audioseal,2,chinese:SSB0080,2,35,copy_paste,1,1,1,14,0.8750,4.5253,0.9978,27.54
audioseal,2,chinese:SSB0112,0,36,median,1,1,1,13,0.8125,4.5890,0.9995,31.00
audioseal,2,chinese:SSB0112,0,36,minimum,1,1,1,13,0.8125,4.3295,0.9979,28.76
audioseal,2,chinese:SSB0112,0,36,maximum,1,1,1,13,0.8125,4.3483,0.9984,28.60
audioseal,2,chinese:SSB0112,0,36,rand_minmax,1,1,1,13,0.8125,3.6215,0.9953,27.91
audioseal,2,chinese:SSB0112,0,36,copy_paste,1,1,1,13,0.8125,4.5345,0.9990,27.94
audioseal,2,chinese:SSB0112,1,37,median,1,1,1,13,0.8125,4.5827,0.9993,30.07
audioseal,2,chinese:SSB0112,1,37,minimum,1,1,1,13,0.8125,4.0277,0.9975,27.61
audioseal,2,chinese:SSB0112,1,37,maximum,1,1,1,13,0.8125,4.0613,0.9979,27.69
audioseal,2,chinese:SSB0112,1,37,rand_minmax,1,1,1,13,0.8125,3.5184,0.9937,26.95
audioseal,2,chinese:SSB0112,1,37,copy_paste,1,1,1,14,0.8750,4.5400,0.9985,26.04
audioseal,2,chinese:SSB0112,2,38,median,1,1,1,14,0.8750,4.5824,0.9993,30.95
audioseal,2,chinese:SSB0112,2,38,minimum,1,1,1,14,0.8750,4.2491,0.9976,28.67
audioseal,2,chinese:SSB0112,2,38,maximum,1,1,1,14,0.8750,4.2649,0.9978,28.54
audioseal,2,chinese:SSB0112,2,38,rand_minmax,1,1,1,14,0.8750,3.4791,0.9953,27.95
audioseal,2,chinese:SSB0112,2,38,copy_paste,0,0,0,16,1.0000,4.4964,0.9986,27.48
audioseal,2,chinese:SSB0122,0,39,median,1,1,1,13,0.8125,4.6181,0.9999,41.99
audioseal,2,chinese:SSB0122,0,39,minimum,1,1,1,13,0.8125,4.5507,0.9998,39.80
audioseal,2,chinese:SSB0122,0,39,maximum,1,1,1,13,0.8125,4.5494,0.9998,40.28
audioseal,2,chinese:SSB0122,0,39,rand_minmax,1,1,1,13,0.8125,4.3291,0.9997,39.03
audioseal,2,chinese:SSB0122,0,39,copy_paste,0,0,0,16,1.0000,4.5901,0.9996,39.31
audioseal,2,chinese:SSB0122,1,40,median,1,1,0,14,0.8750,4.6199,0.9998,37.20
audioseal,2,chinese:SSB0122,1,40,minimum,1,1,1,14,0.8750,4.5097,0.9997,34.65
audioseal,2,chinese:SSB0122,1,40,maximum,1,1,0,14,0.8750,4.5052,0.9997,34.67
audioseal,2,chinese:SSB0122,1,40,rand_minmax,1,1,0,14,0.8750,4.1116,0.9994,34.18
audioseal,2,chinese:SSB0122,1,40,copy_paste,1,1,0,14,0.8750,4.5914,0.9996,37.71
audioseal,2,chinese:SSB0122,2,41,median,1,1,1,11,0.6875,4.5994,0.9997,37.31
audioseal,2,chinese:SSB0122,2,41,minimum,1,1,1,11,0.6875,4.5137,0.9995,35.13
audioseal,2,chinese:SSB0122,2,41,maximum,1,1,1,11,0.6875,4.5168,0.9995,35.25
audioseal,2,chinese:SSB0122,2,41,rand_minmax,1,1,1,11,0.6875,4.1333,0.9992,34.25
audioseal,2,chinese:SSB0122,2,41,copy_paste,1,1,1,13,0.8125,4.5713,0.9993,34.64
audioseal,2,chinese:SSB0133,0,42,median,1,1,1,12,0.7500,4.6005,0.9994,40.19
audioseal,2,chinese:SSB0133,0,42,minimum,1,1,1,13,0.8125,4.3377,0.9991,37.96
audioseal,2,chinese:SSB0133,0,42,maximum,1,1,1,12,0.7500,4.3237,0.9991,37.93
audioseal,2,chinese:SSB0133,0,42,rand_minmax,1,1,1,12,0.7500,3.9881,0.9991,37.21
audioseal,2,chinese:SSB0133,0,42,copy_paste,1,1,1,12,0.7500,4.5507,0.9991,37.70
audioseal,2,chinese:SSB0133,1,43,median,1,1,1,13,0.8125,4.6058,0.9994,39.37
audioseal,2,chinese:SSB0133,1,43,minimum,1,1,1,12,0.7500,4.4630,0.9989,37.08
audioseal,2,chinese:SSB0133,1,43,maximum,1,1,1,13,0.8125,4.4792,0.9989,37.11
audioseal,2,chinese:SSB0133,1,43,rand_minmax,1,1,1,13,0.8125,4.0936,0.9989,36.33
audioseal,2,chinese:SSB0133,1,43,copy_paste,0,0,0,16,1.0000,4.5423,0.9989,35.85
audioseal,2,chinese:SSB0133,2,44,median,1,1,1,12,0.7500,4.5969,0.9993,38.23
audioseal,2,chinese:SSB0133,2,44,minimum,1,1,1,11,0.6875,4.4314,0.9987,35.87
audioseal,2,chinese:SSB0133,2,44,maximum,1,1,1,12,0.7500,4.4320,0.9987,35.92
audioseal,2,chinese:SSB0133,2,44,rand_minmax,1,1,1,12,0.7500,3.9990,0.9988,35.20
audioseal,2,chinese:SSB0133,2,44,copy_paste,1,1,1,12,0.7500,4.5314,0.9986,35.83
audioseal,2,chinese:SSB0139,0,45,median,1,1,1,12,0.7500,4.6080,0.9999,36.64
audioseal,2,chinese:SSB0139,0,45,minimum,1,1,1,13,0.8125,4.4465,0.9997,34.11
audioseal,2,chinese:SSB0139,0,45,maximum,1,1,1,12,0.7500,4.4616,0.9996,34.45
audioseal,2,chinese:SSB0139,0,45,rand_minmax,1,1,1,12,0.7500,3.6662,0.9992,33.80
audioseal,2,chinese:SSB0139,0,45,copy_paste,1,1,0,14,0.8750,4.5692,0.9998,33.79
audioseal,2,chinese:SSB0139,1,46,median,1,1,1,12,0.7500,4.6063,0.9999,35.69
audioseal,2,chinese:SSB0139,1,46,minimum,1,1,1,12,0.7500,4.4563,0.9997,33.27
audioseal,2,chinese:SSB0139,1,46,maximum,1,1,1,12,0.7500,4.4577,0.9997,33.40
audioseal,2,chinese:SSB0139,1,46,rand_minmax,1,1,1,12,0.7500,3.7153,0.9992,32.60
audioseal,2,chinese:SSB0139,1,46,copy_paste,1,1,1,13,0.8125,4.5752,0.9998,32.93
audioseal,2,chinese:SSB0139,2,47,median,1,1,1,14,0.8750,4.6255,0.9999,40.15
audioseal,2,chinese:SSB0139,2,47,minimum,1,1,1,14,0.8750,4.5489,0.9999,38.19
audioseal,2,chinese:SSB0139,2,47,maximum,1,1,1,14,0.8750,4.5570,0.9999,37.68
audioseal,2,chinese:SSB0139,2,47,rand_minmax,1,1,1,14,0.8750,4.0719,0.9998,37.14
audioseal,2,chinese:SSB0139,2,47,copy_paste,1,1,1,14,0.8750,4.5921,0.9999,36.38
audioseal,2,chinese:SSB0145,0,48,median,1,1,1,13,0.8125,4.6060,0.9995,34.25
audioseal,2,chinese:SSB0145,0,48,minimum,1,1,1,13,0.8125,4.4076,0.9990,31.97
audioseal,2,chinese:SSB0145,0,48,maximum,1,1,1,13,0.8125,4.4089,0.9991,32.01
audioseal,2,chinese:SSB0145,0,48,rand_minmax,1,1,1,13,0.8125,4.0274,0.9990,31.22
audioseal,2,chinese:SSB0145,0,48,copy_paste,1,1,1,13,0.8125,4.5527,0.9988,31.24
audioseal,2,chinese:SSB0145,1,49,median,1,1,1,13,0.8125,4.6127,0.9997,36.21
audioseal,2,chinese:SSB0145,1,49,minimum,1,1,1,13,0.8125,4.4933,0.9995,34.05
audioseal,2,chinese:SSB0145,1,49,maximum,1,1,1,14,0.8750,4.5081,0.9995,34.17
audioseal,2,chinese:SSB0145,1,49,rand_minmax,1,1,1,13,0.8125,4.2085,0.9994,33.26
audioseal,2,chinese:SSB0145,1,49,copy_paste,1,1,1,13,0.8125,4.5827,0.9994,34.36
audioseal,2,chinese:SSB0145,2,50,median,1,1,1,13,0.8125,4.5965,0.9996,36.06
audioseal,2,chinese:SSB0145,2,50,minimum,1,1,1,13,0.8125,4.4252,0.9992,33.87
audioseal,2,chinese:SSB0145,2,50,maximum,1,1,1,13,0.8125,4.3989,0.9991,33.82
audioseal,2,chinese:SSB0145,2,50,rand_minmax,1,1,1,13,0.8125,4.1575,0.9992,32.96
audioseal,2,chinese:SSB0145,2,50,copy_paste,1,1,1,13,0.8125,4.5708,0.9992,32.44
audioseal,2,chinese:SSB0149,0,51,median,1,1,1,14,0.8750,4.6016,0.9998,33.47
audioseal,2,chinese:SSB0149,0,51,minimum,1,1,1,14,0.8750,4.1497,0.9968,30.80
audioseal,2,chinese:SSB0149,0,51,maximum,1,1,1,14,0.8750,4.1564,0.9967,30.81
audioseal,2,chinese:SSB0149,0,51,rand_minmax,1,1,1,14,0.8750,3.5752,0.9986,30.52
audioseal,2,chinese:SSB0149,0,51,copy_paste,1,1,1,14,0.8750,4.5413,0.9995,30.60
audioseal,2,chinese:SSB0149,1,52,median,1,1,1,12,0.7500,4.5904,0.9998,37.00
audioseal,2,chinese:SSB0149,1,52,minimum,1,1,1,12,0.7500,4.3299,0.9976,34.48
audioseal,2,chinese:SSB0149,1,52,maximum,1,1,1,12,0.7500,4.3254,0.9975,34.46
audioseal,2,chinese:SSB0149,1,52,rand_minmax,1,1,1,11,0.6875,3.8204,0.9991,33.91
audioseal,2,chinese:SSB0149,1,52,copy_paste,1,1,1,13,0.8125,4.5487,0.9997,32.85
audioseal,2,chinese:SSB0149,2,53,median,1,1,1,14,0.8750,4.6067,0.9999,36.31
audioseal,2,chinese:SSB0149,2,53,minimum,1,0,0,15,0.9375,4.2780,0.9974,33.62
audioseal,2,chinese:SSB0149,2,53,maximum,1,1,1,13,0.8125,4.2766,0.9972,33.64
audioseal,2,chinese:SSB0149,2,53,rand_minmax,1,1,1,14,0.8750,3.8598,0.9990,33.10
audioseal,2,chinese:SSB0149,2,53,copy_paste,1,1,1,13,0.8125,4.5502,0.9998,32.46
audioseal,2,chinese:SSB0193,0,54,median,1,0,0,15,0.9375,4.5965,0.9997,34.85
audioseal,2,chinese:SSB0193,0,54,minimum,0,0,0,16,1.0000,4.2972,0.9973,32.72
audioseal,2,chinese:SSB0193,0,54,maximum,1,0,0,15,0.9375,4.2766,0.9973,32.43
audioseal,2,chinese:SSB0193,0,54,rand_minmax,1,0,0,15,0.9375,3.7339,0.9973,31.85
audioseal,2,chinese:SSB0193,0,54,copy_paste,1,0,0,15,0.9375,4.5714,0.9994,31.83
audioseal,2,chinese:SSB0193,1,55,median,1,1,1,10,0.6250,4.5649,0.9994,31.53
audioseal,2,chinese:SSB0193,1,55,minimum,1,1,1,10,0.6250,4.1620,0.9952,29.35
audioseal,2,chinese:SSB0193,1,55,maximum,1,1,1,11,0.6875,4.1733,0.9953,29.32
audioseal,2,chinese:SSB0193,1,55,rand_minmax,1,1,1,10,0.6250,3.3375,0.9955,28.58
audioseal,2,chinese:SSB0193,1,55,copy_paste,1,1,1,11,0.6875,4.5143,0.9992,29.12
audioseal,2,chinese:SSB0193,2,56,median,1,1,1,11,0.6875,4.5671,0.9995,32.16
audioseal,2,chinese:SSB0193,2,56,minimum,1,1,1,12,0.7500,4.2398,0.9958,30.12
audioseal,2,chinese:SSB0193,2,56,maximum,1,1,1,12,0.7500,4.2355,0.9954,30.11
audioseal,2,chinese:SSB0193,2,56,rand_minmax,1,1,1,13,0.8125,3.4064,0.9953,29.19
audioseal,2,chinese:SSB0193,2,56,copy_paste,1,1,1,15,0.9375,4.5028,0.9991,29.21
audioseal,2,chinese:SSB0197,0,57,median,1,1,1,12,0.7500,4.5464,0.9941,31.34
audioseal,2,chinese:SSB0197,0,57,minimum,1,1,1,14,0.8750,4.3593,0.9887,29.50
audioseal,2,chinese:SSB0197,0,57,maximum,1,1,1,13,0.8125,4.3680,0.9907,29.12
audioseal,2,chinese:SSB0197,0,57,rand_minmax,1,1,1,12,0.7500,3.2038,0.9841,28.37
audioseal,2,chinese:SSB0197,0,57,copy_paste,1,1,0,14,0.8750,4.5024,0.9909,27.92
audioseal,2,chinese:SSB0197,1,58,median,1,1,1,14,0.8750,4.5869,0.9919,32.84
audioseal,2,chinese:SSB0197,1,58,minimum,1,1,1,14,0.8750,4.4040,0.9889,30.52
audioseal,2,chinese:SSB0197,1,58,maximum,1,1,1,14,0.8750,4.3938,0.9886,30.58
audioseal,2,chinese:SSB0197,1,58,rand_minmax,1,1,1,14,0.8750,3.4739,0.9837,29.77
audioseal,2,chinese:SSB0197,1,58,copy_paste,0,0,0,16,1.0000,4.5432,0.9922,29.49
audioseal,2,chinese:SSB0197,2,59,median,1,1,1,11,0.6875,4.5477,0.9916,28.83
audioseal,2,chinese:SSB0197,2,59,minimum,1,1,1,11,0.6875,4.2344,0.9876,26.54
audioseal,2,chinese:SSB0197,2,59,maximum,1,1,1,12,0.7500,4.2158,0.9856,26.66
audioseal,2,chinese:SSB0197,2,59,rand_minmax,1,1,1,11,0.6875,2.8447,0.9783,25.79
audioseal,2,chinese:SSB0197,2,59,copy_paste,1,1,1,11,0.6875,4.4812,0.9895,26.70
audioseal,2,chinese:SSB0200,0,60,median,1,1,1,13,0.8125,4.5566,0.9994,27.89
audioseal,2,chinese:SSB0200,0,60,minimum,1,1,1,12,0.7500,3.8443,0.9948,25.35
audioseal,2,chinese:SSB0200,0,60,maximum,1,1,1,13,0.8125,3.7499,0.9941,25.32
audioseal,2,chinese:SSB0200,0,60,rand_minmax,1,1,1,13,0.8125,2.8160,0.9904,24.90
audioseal,2,chinese:SSB0200,0,60,copy_paste,1,1,1,14,0.8750,4.5225,0.9992,24.63
audioseal,2,chinese:SSB0200,1,61,median,1,1,1,14,0.8750,4.6177,0.9997,34.66
audioseal,2,chinese:SSB0200,1,61,minimum,1,1,1,14,0.8750,4.4872,0.9988,32.66
audioseal,2,chinese:SSB0200,1,61,maximum,1,1,1,14,0.8750,4.4805,0.9986,32.64
audioseal,2,chinese:SSB0200,1,61,rand_minmax,1,1,1,14,0.8750,3.8082,0.9985,31.61
audioseal,2,chinese:SSB0200,1,61,copy_paste,1,1,1,15,0.9375,4.5505,0.9993,31.62
audioseal,2,chinese:SSB0200,2,62,median,1,1,1,10,0.6250,4.6061,0.9994,32.55
audioseal,2,chinese:SSB0200,2,62,minimum,1,1,1,11,0.6875,4.3772,0.9968,30.35
audioseal,2,chinese:SSB0200,2,62,maximum,1,1,1,9,0.5625,4.3688,0.9967,30.50
audioseal,2,chinese:SSB0200,2,62,rand_minmax,1,1,1,10,0.6250,3.5033,0.9975,29.56
audioseal,2,chinese:SSB0200,2,62,copy_paste,1,1,1,13,0.8125,4.5505,0.9992,29.35
audioseal,2,chinese:SSB0241,0,63,median,1,1,1,13,0.8125,4.6211,0.9997,39.90
audioseal,2,chinese:SSB0241,0,63,minimum,1,1,1,14,0.8750,4.5604,0.9997,37.23
audioseal,2,chinese:SSB0241,0,63,maximum,1,1,1,13,0.8125,4.5817,0.9997,37.39
audioseal,2,chinese:SSB0241,0,63,rand_minmax,1,1,1,13,0.8125,4.2504,0.9995,36.77
audioseal,2,chinese:SSB0241,0,63,copy_paste,1,1,1,14,0.8750,4.5999,0.9995,40.15
audioseal,2,chinese:SSB0241,1,64,median,1,1,1,13,0.8125,4.6149,0.9997,38.76
audioseal,2,chinese:SSB0241,1,64,minimum,1,1,1,13,0.8125,4.5508,0.9997,36.06
audioseal,2,chinese:SSB0241,1,64,maximum,1,1,1,14,0.8750,4.5616,0.9996,36.21
audioseal,2,chinese:SSB0241,1,64,rand_minmax,1,1,1,13,0.8125,4.1334,0.9992,35.54
audioseal,2,chinese:SSB0241,1,64,copy_paste,1,1,1,13,0.8125,4.5997,0.9995,35.05
audioseal,2,chinese:SSB0241,2,65,median,1,1,1,13,0.8125,4.6058,0.9996,35.70
audioseal,2,chinese:SSB0241,2,65,minimum,1,1,1,13,0.8125,4.2626,0.9995,33.21
audioseal,2,chinese:SSB0241,2,65,maximum,1,1,1,13,0.8125,4.4995,0.9994,32.82
audioseal,2,chinese:SSB0241,2,65,rand_minmax,1,1,1,13,0.8125,3.9118,0.9989,32.53
audioseal,2,chinese:SSB0241,2,65,copy_paste,1,1,1,13,0.8125,4.5808,0.9993,30.75
audioseal,2,chinese:SSB0246,0,66,median,1,1,1,13,0.8125,4.6114,0.9995,36.15
audioseal,2,chinese:SSB0246,0,66,minimum,1,1,1,13,0.8125,4.3939,0.9987,34.04
audioseal,2,chinese:SSB0246,0,66,maximum,1,1,1,14,0.8750,4.3781,0.9988,34.11
audioseal,2,chinese:SSB0246,0,66,rand_minmax,1,1,1,13,0.8125,3.8095,0.9988,33.15
audioseal,2,chinese:SSB0246,0,66,copy_paste,1,1,1,14,0.8750,4.5670,0.9993,32.55
audioseal,2,chinese:SSB0246,1,67,median,1,1,1,11,0.6875,4.5608,0.9990,33.33
audioseal,2,chinese:SSB0246,1,67,minimum,1,1,1,12,0.7500,4.1778,0.9972,30.98
audioseal,2,chinese:SSB0246,1,67,maximum,1,1,1,11,0.6875,4.1423,0.9974,31.08
audioseal,2,chinese:SSB0246,1,67,rand_minmax,1,1,1,12,0.7500,3.4302,0.9973,30.31
audioseal,2,chinese:SSB0246,1,67,copy_paste,1,1,1,12,0.7500,4.5244,0.9986,29.93
audioseal,2,chinese:SSB0246,2,68,median,1,1,1,12,0.7500,4.5746,0.9992,34.40
audioseal,2,chinese:SSB0246,2,68,minimum,1,1,1,12,0.7500,4.3693,0.9983,32.17
audioseal,2,chinese:SSB0246,2,68,maximum,1,1,1,13,0.8125,4.3695,0.9981,32.54
audioseal,2,chinese:SSB0246,2,68,rand_minmax,1,1,1,12,0.7500,3.6245,0.9982,31.42
audioseal,2,chinese:SSB0246,2,68,copy_paste,1,1,1,15,0.9375,4.5026,0.9984,31.19
audioseal,2,chinese:SSB0261,0,69,median,1,1,1,13,0.8125,4.5907,0.9997,36.12
audioseal,2,chinese:SSB0261,0,69,minimum,1,1,1,13,0.8125,4.4424,0.9996,33.93
audioseal,2,chinese:SSB0261,0,69,maximum,1,1,1,11,0.6875,4.4663,0.9996,33.88
audioseal,2,chinese:SSB0261,0,69,rand_minmax,1,1,1,14,0.8750,3.9656,0.9991,32.99
audioseal,2,chinese:SSB0261,0,69,copy_paste,1,1,1,14,0.8750,4.5518,0.9995,32.40
audioseal,2,chinese:SSB0261,1,70,median,1,1,1,12,0.7500,4.5926,0.9997,34.06
audioseal,2,chinese:SSB0261,1,70,minimum,1,1,1,13,0.8125,4.3264,0.9995,31.77
audioseal,2,chinese:SSB0261,1,70,maximum,1,1,1,12,0.7500,4.3225,0.9994,31.62
audioseal,2,chinese:SSB0261,1,70,rand_minmax,1,1,1,12,0.7500,3.6758,0.9982,31.02
audioseal,2,chinese:SSB0261,1,70,copy_paste,1,1,1,13,0.8125,4.5701,0.9995,31.73
audioseal,2,chinese:SSB0261,2,71,median,1,1,1,13,0.8125,4.5989,0.9997,35.72
audioseal,2,chinese:SSB0261,2,71,minimum,1,1,1,12,0.7500,4.4064,0.9995,33.29
audioseal,2,chinese:SSB0261,2,71,maximum,1,1,1,14,0.8750,4.4066,0.9995,33.53
audioseal,2,chinese:SSB0261,2,71,rand_minmax,1,1,1,12,0.7500,3.9149,0.9987,32.68
audioseal,2,chinese:SSB0261,2,71,copy_paste,1,1,0,14,0.8750,4.5817,0.9995,33.02
audioseal,2,chinese:SSB0267,0,72,median,1,1,1,13,0.8125,4.5924,0.9994,36.48
audioseal,2,chinese:SSB0267,0,72,minimum,1,1,1,12,0.7500,4.3991,0.9979,34.44
audioseal,2,chinese:SSB0267,0,72,maximum,1,1,1,14,0.8750,4.4084,0.9978,34.40
audioseal,2,chinese:SSB0267,0,72,rand_minmax,1,1,1,12,0.7500,3.5941,0.9975,33.50
audioseal,2,chinese:SSB0267,0,72,copy_paste,1,1,1,14,0.8750,4.5415,0.9986,33.22
audioseal,2,chinese:SSB0267,1,73,median,1,1,1,13,0.8125,4.6060,0.9993,37.67
audioseal,2,chinese:SSB0267,1,73,minimum,1,1,1,13,0.8125,4.4767,0.9984,35.65
audioseal,2,chinese:SSB0267,1,73,maximum,1,1,1,12,0.7500,4.4770,0.9984,35.66
audioseal,2,chinese:SSB0267,1,73,rand_minmax,1,1,1,13,0.8125,3.7016,0.9981,34.69
audioseal,2,chinese:SSB0267,1,73,copy_paste,1,1,1,12,0.7500,4.5500,0.9988,34.61
audioseal,2,chinese:SSB0267,2,74,median,1,1,1,15,0.9375,4.5997,0.9994,36.49
audioseal,2,chinese:SSB0267,2,74,minimum,1,1,1,15,0.9375,4.4054,0.9978,34.20
audioseal,2,chinese:SSB0267,2,74,maximum,1,1,1,13,0.8125,4.3767,0.9979,34.22
audioseal,2,chinese:SSB0267,2,74,rand_minmax,1,1,1,15,0.9375,3.6810,0.9976,33.48
audioseal,2,chinese:SSB0267,2,74,copy_paste,1,1,1,14,0.8750,4.5366,0.9990,32.88
audioseal,2,chinese:SSB0273,0,75,median,1,1,1,14,0.8750,4.6250,0.9999,39.30
audioseal,2,chinese:SSB0273,0,75,minimum,1,1,1,13,0.8125,4.5371,0.9994,37.47
audioseal,2,chinese:SSB0273,0,75,maximum,1,1,1,14,0.8750,4.5379,0.9994,37.17
audioseal,2,chinese:SSB0273,0,75,rand_minmax,1,1,1,14,0.8750,4.1038,0.9989,36.29
audioseal,2,chinese:SSB0273,0,75,copy_paste,1,1,1,13,0.8125,4.6000,0.9998,36.55
audioseal,2,chinese:SSB0273,1,76,median,1,1,0,15,0.9375,4.6151,0.9998,33.75
audioseal,2,chinese:SSB0273,1,76,minimum,1,1,1,14,0.8750,4.2742,0.9936,31.10
audioseal,2,chinese:SSB0273,1,76,maximum,1,1,0,15,0.9375,4.2855,0.9935,31.11
audioseal,2,chinese:SSB0273,1,76,rand_minmax,1,1,0,15,0.9375,3.5745,0.9899,30.77
audioseal,2,chinese:SSB0273,1,76,copy_paste,1,1,1,14,0.8750,4.5886,0.9997,31.44
audioseal,2,chinese:SSB0273,2,77,median,1,1,1,13,0.8125,4.6029,0.9998,34.89
audioseal,2,chinese:SSB0273,2,77,minimum,1,1,1,14,0.8750,4.3411,0.9963,32.63
audioseal,2,chinese:SSB0273,2,77,maximum,1,1,1,15,0.9375,4.3551,0.9965,32.10
audioseal,2,chinese:SSB0273,2,77,rand_minmax,1,1,1,13,0.8125,3.6667,0.9942,31.80
audioseal,2,chinese:SSB0273,2,77,copy_paste,0,0,0,16,1.0000,4.5635,0.9997,32.39
audioseal,2,chinese:SSB0287,0,78,median,1,1,1,15,0.9375,4.6240,0.9999,37.50
audioseal,2,chinese:SSB0287,0,78,minimum,1,1,1,15,0.9375,4.3129,0.9990,34.79
audioseal,2,chinese:SSB0287,0,78,maximum,1,1,1,15,0.9375,4.2923,0.9985,34.80
audioseal,2,chinese:SSB0287,0,78,rand_minmax,1,1,1,15,0.9375,3.9801,0.9989,34.51
audioseal,2,chinese:SSB0287,0,78,copy_paste,1,1,1,15,0.9375,4.6088,0.9999,38.28
audioseal,2,chinese:SSB0287,1,79,median,1,1,1,11,0.6875,4.6003,0.9998,39.99
audioseal,2,chinese:SSB0287,1,79,minimum,1,1,1,11,0.6875,4.4842,0.9989,37.87
audioseal,2,chinese:SSB0287,1,79,maximum,1,1,1,12,0.7500,4.4682,0.9989,37.81
audioseal,2,chinese:SSB0287,1,79,rand_minmax,1,1,1,12,0.7500,3.9322,0.9989,37.02
audioseal,2,chinese:SSB0287,1,79,copy_paste,1,1,1,11,0.6875,4.5600,0.9996,36.50
audioseal,2,chinese:SSB0287,2,80,median,1,1,1,10,0.6250,4.6211,0.9998,36.20
audioseal,2,chinese:SSB0287,2,80,minimum,1,1,1,15,0.9375,4.2935,0.9979,33.82
audioseal,2,chinese:SSB0287,2,80,maximum,1,1,1,10,0.6250,4.2845,0.9971,33.85
audioseal,2,chinese:SSB0287,2,80,rand_minmax,1,1,1,11,0.6875,3.7210,0.9974,33.29
audioseal,2,chinese:SSB0287,2,80,copy_paste,1,1,1,13,0.8125,4.5844,0.9995,32.39
audioseal,2,chinese:SSB0288,0,81,median,1,1,1,12,0.7500,4.5987,0.9984,37.01
audioseal,2,chinese:SSB0288,0,81,minimum,1,1,1,11,0.6875,4.4555,0.9976,34.40
audioseal,2,chinese:SSB0288,0,81,maximum,1,1,1,11,0.6875,4.4698,0.9979,34.77
audioseal,2,chinese:SSB0288,0,81,rand_minmax,1,1,1,13,0.8125,3.7632,0.9966,33.95
audioseal,2,chinese:SSB0288,0,81,copy_paste,1,1,1,12,0.7500,4.5646,0.9969,34.27
audioseal,2,chinese:SSB0288,1,82,median,1,1,1,14,0.8750,4.6098,0.9987,38.06
audioseal,2,chinese:SSB0288,1,82,minimum,1,1,1,13,0.8125,4.4849,0.9981,35.54
audioseal,2,chinese:SSB0288,1,82,maximum,1,1,1,13,0.8125,4.4967,0.9983,35.53
audioseal,2,chinese:SSB0288,1,82,rand_minmax,1,1,1,14,0.8750,3.8928,0.9973,35.00
audioseal,2,chinese:SSB0288,1,82,copy_paste,1,1,1,14,0.8750,4.5696,0.9976,35.45
audioseal,2,chinese:SSB0288,2,83,median,1,1,1,12,0.7500,4.6085,0.9987,38.97
audioseal,2,chinese:SSB0288,2,83,minimum,1,1,1,11,0.6875,4.5068,0.9981,36.61
audioseal,2,chinese:SSB0288,2,83,maximum,1,1,1,13,0.8125,4.4932,0.9979,36.74
audioseal,2,chinese:SSB0288,2,83,rand_minmax,1,1,1,13,0.8125,3.9324,0.9969,35.95
audioseal,2,chinese:SSB0288,2,83,copy_paste,1,1,1,12,0.7500,4.5615,0.9975,35.76
audioseal,2,chinese:SSB0299,0,84,median,1,1,1,14,0.8750,4.5741,0.9999,35.52
audioseal,2,chinese:SSB0299,0,84,minimum,1,1,1,13,0.8125,4.3976,0.9994,33.29
audioseal,2,chinese:SSB0299,0,84,maximum,1,1,1,14,0.8750,4.4141,0.9995,33.41
audioseal,2,chinese:SSB0299,0,84,rand_minmax,1,1,1,14,0.8750,3.8105,0.9993,32.46
audioseal,2,chinese:SSB0299,0,84,copy_paste,1,1,1,14,0.8750,4.5187,0.9998,32.73
audioseal,2,chinese:SSB0299,1,85,median,1,1,1,11,0.6875,4.5741,0.9997,34.56
audioseal,2,chinese:SSB0299,1,85,minimum,1,1,1,12,0.7500,4.3302,0.9991,32.28
audioseal,2,chinese:SSB0299,1,85,maximum,1,1,1,11,0.6875,4.3546,0.9990,32.55
audioseal,2,chinese:SSB0299,1,85,rand_minmax,1,1,1,11,0.6875,3.5646,0.9988,31.51
audioseal,2,chinese:SSB0299,1,85,copy_paste,1,1,1,13,0.8125,4.4924,0.9994,31.62
audioseal,2,chinese:SSB0299,2,86,median,1,1,1,14,0.8750,4.5654,0.9999,36.29
audioseal,2,chinese:SSB0299,2,86,minimum,1,1,1,15,0.9375,4.3200,0.9995,34.18
audioseal,2,chinese:SSB0299,2,86,maximum,1,1,0,14,0.8750,4.3290,0.9994,33.92
audioseal,2,chinese:SSB0299,2,86,rand_minmax,1,1,1,14,0.8750,3.7776,0.9992,33.26
audioseal,2,chinese:SSB0299,2,86,copy_paste,1,1,1,15,0.9375,4.5302,0.9997,32.57
audioseal,2,chinese:SSB0307,0,87,median,1,1,1,12,0.7500,4.5891,0.9990,32.01
audioseal,2,chinese:SSB0307,0,87,minimum,1,1,1,12,0.7500,4.2374,0.9974,29.78
audioseal,2,chinese:SSB0307,0,87,maximum,1,1,1,12,0.7500,4.2860,0.9975,29.62
audioseal,2,chinese:SSB0307,0,87,rand_minmax,1,1,1,12,0.7500,3.3086,0.9915,29.05
audioseal,2,chinese:SSB0307,0,87,copy_paste,1,1,1,14,0.8750,4.5063,0.9984,29.38
audioseal,2,chinese:SSB0307,1,88,median,1,1,1,13,0.8125,4.5200,0.9986,32.05
audioseal,2,chinese:SSB0307,1,88,minimum,1,1,1,14,0.8750,4.0795,0.9971,29.71
audioseal,2,chinese:SSB0307,1,88,maximum,1,1,1,14,0.8750,4.1007,0.9971,29.73
audioseal,2,chinese:SSB0307,1,88,rand_minmax,1,1,1,13,0.8125,3.1854,0.9897,29.01
audioseal,2,chinese:SSB0307,1,88,copy_paste,0,0,0,16,1.0000,4.5031,0.9977,29.25
audioseal,2,chinese:SSB0307,2,89,median,1,1,1,10,0.6250,4.5579,0.9981,30.87
audioseal,2,chinese:SSB0307,2,89,minimum,1,1,1,10,0.6250,4.2854,0.9957,28.55
audioseal,2,chinese:SSB0307,2,89,maximum,1,1,1,10,0.6250,4.2752,0.9959,28.68
audioseal,2,chinese:SSB0307,2,89,rand_minmax,1,1,1,11,0.6875,3.1649,0.9876,27.83
audioseal,2,chinese:SSB0307,2,89,copy_paste,1,1,1,13,0.8125,4.4987,0.9968,28.44
audioseal,2,chinese:SSB0309,0,90,median,1,1,1,13,0.8125,4.6035,0.9993,36.99
audioseal,2,chinese:SSB0309,0,90,minimum,1,1,1,13,0.8125,4.4244,0.9968,34.85
audioseal,2,chinese:SSB0309,0,90,maximum,1,1,1,13,0.8125,4.4161,0.9968,34.85
audioseal,2,chinese:SSB0309,0,90,rand_minmax,1,1,1,13,0.8125,3.5893,0.9965,33.94
audioseal,2,chinese:SSB0309,0,90,copy_paste,1,1,1,12,0.7500,4.5490,0.9989,33.71
audioseal,2,chinese:SSB0309,1,91,median,1,1,1,11,0.6875,4.5982,0.9991,35.29
audioseal,2,chinese:SSB0309,1,91,minimum,1,1,1,11,0.6875,4.3356,0.9960,33.01
audioseal,2,chinese:SSB0309,1,91,maximum,1,1,1,12,0.7500,4.3278,0.9963,33.17
audioseal,2,chinese:SSB0309,1,91,rand_minmax,1,1,1,11,0.6875,3.3991,0.9954,32.23
audioseal,2,chinese:SSB0309,1,91,copy_paste,1,1,1,12,0.7500,4.5394,0.9987,32.50
audioseal,2,chinese:SSB0309,2,92,median,1,1,1,13,0.8125,4.6060,0.9995,38.95
audioseal,2,chinese:SSB0309,2,92,minimum,1,1,1,13,0.8125,4.4799,0.9978,36.76
audioseal,2,chinese:SSB0309,2,92,maximum,1,1,1,13,0.8125,4.4650,0.9979,36.72
audioseal,2,chinese:SSB0309,2,92,rand_minmax,1,1,1,13,0.8125,3.8204,0.9977,35.94
audioseal,2,chinese:SSB0309,2,92,copy_paste,1,1,1,13,0.8125,4.5841,0.9991,35.25
audioseal,2,chinese:SSB0315,0,93,median,1,1,1,13,0.8125,4.6129,0.9998,38.37
audioseal,2,chinese:SSB0315,0,93,minimum,1,1,1,13,0.8125,4.4690,0.9983,36.02
audioseal,2,chinese:SSB0315,0,93,maximum,1,1,1,13,0.8125,4.4633,0.9988,35.92
audioseal,2,chinese:SSB0315,0,93,rand_minmax,1,1,1,13,0.8125,4.1378,0.9993,35.55
audioseal,2,chinese:SSB0315,0,93,copy_paste,1,0,0,15,0.9375,4.5923,0.9996,35.71
audioseal,2,chinese:SSB0315,1,94,median,1,1,1,14,0.8750,4.6154,0.9998,39.36
audioseal,2,chinese:SSB0315,1,94,minimum,1,1,1,13,0.8125,4.5329,0.9993,37.15
audioseal,2,chinese:SSB0315,1,94,maximum,1,1,1,14,0.8750,4.5357,0.9993,37.21
audioseal,2,chinese:SSB0315,1,94,rand_minmax,1,1,1,14,0.8750,4.1831,0.9994,36.33
audioseal,2,chinese:SSB0315,1,94,copy_paste,1,1,1,15,0.9375,4.5902,0.9997,36.38
audioseal,2,chinese:SSB0315,2,95,median,1,1,1,14,0.8750,4.6179,0.9999,40.08
audioseal,2,chinese:SSB0315,2,95,minimum,1,1,1,14,0.8750,4.5453,0.9991,37.83
audioseal,2,chinese:SSB0315,2,95,maximum,1,1,1,14,0.8750,4.5484,0.9992,37.77
audioseal,2,chinese:SSB0315,2,95,rand_minmax,1,1,1,14,0.8750,4.2649,0.9995,37.06
audioseal,2,chinese:SSB0315,2,95,copy_paste,1,1,1,13,0.8125,4.5934,0.9998,36.52
audioseal,2,chinese:SSB0316,0,96,median,1,1,1,13,0.8125,4.5986,0.9996,36.66
audioseal,2,chinese:SSB0316,0,96,minimum,1,1,1,13,0.8125,4.5376,0.9994,34.58
audioseal,2,chinese:SSB0316,0,96,maximum,1,1,1,13,0.8125,4.5492,0.9994,34.68
audioseal,2,chinese:SSB0316,0,96,rand_minmax,1,1,1,13,0.8125,4.1719,0.9982,33.72
audioseal,2,chinese:SSB0316,0,96,copy_paste,1,1,1,14,0.8750,4.5531,0.9991,32.82
audioseal,2,chinese:SSB0316,1,97,median,1,1,1,12,0.7500,4.6047,0.9996,37.39
audioseal,2,chinese:SSB0316,1,97,minimum,1,1,1,13,0.8125,4.5415,0.9994,35.06
audioseal,2,chinese:SSB0316,1,97,maximum,1,1,1,12,0.7500,4.5520,0.9994,35.36
audioseal,2,chinese:SSB0316,1,97,rand_minmax,1,1,1,13,0.8125,4.1767,0.9988,34.41
audioseal,2,chinese:SSB0316,1,97,copy_paste,1,1,1,13,0.8125,4.5636,0.9991,34.11
audioseal,2,chinese:SSB0316,2,98,median,1,1,1,12,0.7500,4.6094,0.9995,35.84
audioseal,2,chinese:SSB0316,2,98,minimum,1,1,1,13,0.8125,4.4495,0.9993,33.39
audioseal,2,chinese:SSB0316,2,98,maximum,1,1,1,12,0.7500,4.4527,0.9994,33.64
audioseal,2,chinese:SSB0316,2,98,rand_minmax,1,1,1,13,0.8125,4.0539,0.9986,32.79
audioseal,2,chinese:SSB0316,2,98,copy_paste,1,1,1,14,0.8750,4.5754,0.9991,32.40
audioseal,2,chinese:SSB0323,0,99,median,1,1,1,12,0.7500,4.5999,0.9998,36.82
audioseal,2,chinese:SSB0323,0,99,minimum,1,1,1,12,0.7500,4.4137,0.9973,34.70
audioseal,2,chinese:SSB0323,0,99,maximum,1,1,1,12,0.7500,4.4084,0.9971,34.80
audioseal,2,chinese:SSB0323,0,99,rand_minmax,1,1,1,12,0.7500,3.9871,0.9990,33.90
audioseal,2,chinese:SSB0323,0,99,copy_paste,1,1,1,11,0.6875,4.5473,0.9995,33.23
audioseal,2,chinese:SSB0323,1,100,median,1,1,1,11,0.6875,4.6139,0.9998,37.58
audioseal,2,chinese:SSB0323,1,100,minimum,1,1,1,12,0.7500,4.4560,0.9972,35.52
audioseal,2,chinese:SSB0323,1,100,maximum,1,1,1,11,0.6875,4.4763,0.9971,35.56
audioseal,2,chinese:SSB0323,1,100,rand_minmax,1,1,1,11,0.6875,4.0909,0.9991,34.59
audioseal,2,chinese:SSB0323,1,100,copy_paste,1,1,1,13,0.8125,4.5737,0.9996,35.21
audioseal,2,chinese:SSB0323,2,101,median,1,1,1,11,0.6875,4.6068,0.9998,37.59
audioseal,2,chinese:SSB0323,2,101,minimum,1,1,1,11,0.6875,4.3820,0.9970,35.25
audioseal,2,chinese:SSB0323,2,101,maximum,1,1,1,14,0.8750,4.4108,0.9970,35.47
audioseal,2,chinese:SSB0323,2,101,rand_minmax,1,1,1,11,0.6875,4.0844,0.9991,34.54
audioseal,2,chinese:SSB0323,2,101,copy_paste,1,1,1,14,0.8750,4.5505,0.9995,34.56
audioseal,2,chinese:SSB0338,0,102,median,1,1,1,13,0.8125,4.5924,0.9998,29.56
audioseal,2,chinese:SSB0338,0,102,minimum,1,1,1,13,0.8125,3.5542,0.9981,26.99
audioseal,2,chinese:SSB0338,0,102,maximum,1,1,1,12,0.7500,3.4681,0.9984,26.99
audioseal,2,chinese:SSB0338,0,102,rand_minmax,1,1,1,13,0.8125,3.3344,0.9961,26.27
audioseal,2,chinese:SSB0338,0,102,copy_paste,1,0,0,15,0.9375,4.5425,0.9996,29.05
audioseal,2,chinese:SSB0338,1,103,median,1,1,1,12,0.7500,4.5526,0.9998,29.20
audioseal,2,chinese:SSB0338,1,103,minimum,1,1,1,12,0.7500,3.4689,0.9975,26.63
audioseal,2,chinese:SSB0338,1,103,maximum,1,1,1,12,0.7500,3.3604,0.9977,26.59
audioseal,2,chinese:SSB0338,1,103,rand_minmax,1,1,1,12,0.7500,3.2780,0.9956,26.37
audioseal,2,chinese:SSB0338,1,103,copy_paste,1,1,1,14,0.8750,4.4931,0.9996,27.65
audioseal,2,chinese:SSB0338,2,104,median,1,1,1,13,0.8125,4.6189,0.9999,31.67
audioseal,2,chinese:SSB0338,2,104,minimum,0,0,0,16,1.0000,3.6741,0.9994,28.97
audioseal,2,chinese:SSB0338,2,104,maximum,1,1,1,13,0.8125,3.5838,0.9994,29.01
audioseal,2,chinese:SSB0338,2,104,rand_minmax,1,1,1,13,0.8125,3.7832,0.9982,28.78
audioseal,2,chinese:SSB0338,2,104,copy_paste,1,0,0,15,0.9375,4.5710,0.9998,33.12
audioseal,2,chinese:SSB0339,0,105,median,1,1,1,13,0.8125,4.6079,0.9997,35.59
audioseal,2,chinese:SSB0339,0,105,minimum,1,1,0,15,0.9375,4.4194,0.9984,33.32
audioseal,2,chinese:SSB0339,0,105,maximum,1,1,1,13,0.8125,4.4400,0.9984,33.45
audioseal,2,chinese:SSB0339,0,105,rand_minmax,1,1,1,13,0.8125,3.7954,0.9982,32.58
audioseal,2,chinese:SSB0339,0,105,copy_paste,1,1,1,14,0.8750,4.5584,0.9994,32.54
audioseal,2,chinese:SSB0339,1,106,median,1,1,1,13,0.8125,4.6082,0.9997,35.36
audioseal,2,chinese:SSB0339,1,106,minimum,1,1,1,14,0.8750,4.4538,0.9987,33.21
audioseal,2,chinese:SSB0339,1,106,maximum,1,1,1,13,0.8125,4.4718,0.9991,33.01
audioseal,2,chinese:SSB0339,1,106,rand_minmax,1,1,1,14,0.8750,3.8513,0.9984,32.37
audioseal,2,chinese:SSB0339,1,106,copy_paste,1,1,1,13,0.8125,4.5302,0.9995,32.11
audioseal,2,chinese:SSB0339,2,107,median,1,1,1,14,0.8750,4.6121,0.9997,36.44
audioseal,2,chinese:SSB0339,2,107,minimum,1,1,1,14,0.8750,4.4334,0.9990,34.10
audioseal,2,chinese:SSB0339,2,107,maximum,1,1,1,15,0.9375,4.4517,0.9993,34.21
audioseal,2,chinese:SSB0339,2,107,rand_minmax,1,1,1,14,0.8750,3.8703,0.9985,33.42
audioseal,2,chinese:SSB0339,2,107,copy_paste,1,1,1,14,0.8750,4.5503,0.9993,32.98
audioseal,2,chinese:SSB0341,0,108,median,1,1,1,11,0.6875,4.5951,0.9995,39.58
audioseal,2,chinese:SSB0341,0,108,minimum,1,1,1,11,0.6875,4.4697,0.9986,37.05
audioseal,2,chinese:SSB0341,0,108,maximum,1,1,1,10,0.6250,4.4776,0.9988,37.64
audioseal,2,chinese:SSB0341,0,108,rand_minmax,1,1,1,11,0.6875,3.8809,0.9979,36.53
audioseal,2,chinese:SSB0341,0,108,copy_paste,1,1,1,10,0.6250,4.5656,0.9992,35.81
audioseal,2,chinese:SSB0341,1,109,median,1,1,1,14,0.8750,4.6221,0.9996,42.31
audioseal,2,chinese:SSB0341,1,109,minimum,1,1,1,14,0.8750,4.5436,0.9992,39.94
audioseal,2,chinese:SSB0341,1,109,maximum,1,1,1,13,0.8125,4.5482,0.9993,40.39
audioseal,2,chinese:SSB0341,1,109,rand_minmax,1,1,1,14,0.8750,4.1618,0.9989,39.31
audioseal,2,chinese:SSB0341,1,109,copy_paste,1,1,1,14,0.8750,4.6010,0.9994,39.42
audioseal,2,chinese:SSB0341,2,110,median,1,1,1,13,0.8125,4.5972,0.9993,38.60
audioseal,2,chinese:SSB0341,2,110,minimum,1,1,1,13,0.8125,4.4850,0.9988,36.49
audioseal,2,chinese:SSB0341,2,110,maximum,1,1,1,12,0.7500,4.4778,0.9986,36.19
audioseal,2,chinese:SSB0341,2,110,rand_minmax,1,1,1,13,0.8125,3.8855,0.9974,35.60
audioseal,2,chinese:SSB0341,2,110,copy_paste,1,1,1,12,0.7500,4.5544,0.9991,36.82
audioseal,2,chinese:SSB0342,0,111,median,1,1,1,11,0.6875,4.5666,0.9990,33.93
audioseal,2,chinese:SSB0342,0,111,minimum,1,1,1,11,0.6875,4.3269,0.9978,31.59
audioseal,2,chinese:SSB0342,0,111,maximum,1,1,1,12,0.7500,4.3278,0.9978,31.72
audioseal,2,chinese:SSB0342,0,111,rand_minmax,1,1,1,10,0.6250,3.4423,0.9961,30.92
audioseal,2,chinese:SSB0342,0,111,copy_paste,1,1,1,13,0.8125,4.4994,0.9985,31.22
audioseal,2,chinese:SSB0342,1,112,median,1,0,0,15,0.9375,4.6044,0.9996,37.05
audioseal,2,chinese:SSB0342,1,112,minimum,1,1,1,13,0.8125,4.4263,0.9985,34.65
audioseal,2,chinese:SSB0342,1,112,maximum,1,0,0,15,0.9375,4.4121,0.9987,34.69
audioseal,2,chinese:SSB0342,1,112,rand_minmax,1,0,0,15,0.9375,3.9017,0.9970,34.09
audioseal,2,chinese:SSB0342,1,112,copy_paste,1,1,1,13,0.8125,4.5566,0.9993,33.56
audioseal,2,chinese:SSB0342,2,113,median,1,1,1,11,0.6875,4.5934,0.9994,35.88
audioseal,2,chinese:SSB0342,2,113,minimum,1,1,1,12,0.7500,4.3921,0.9987,33.63
audioseal,2,chinese:SSB0342,2,113,maximum,1,1,1,11,0.6875,4.3895,0.9986,33.61
audioseal,2,chinese:SSB0342,2,113,rand_minmax,1,1,1,11,0.6875,3.7145,0.9976,32.86
audioseal,2,chinese:SSB0342,2,113,copy_paste,1,1,1,12,0.7500,4.5308,0.9991,33.35
audioseal,2,chinese:SSB0354,0,114,median,1,1,1,13,0.8125,4.5952,0.9988,37.52
audioseal,2,chinese:SSB0354,0,114,minimum,1,1,1,14,0.8750,4.3021,0.9948,34.98
audioseal,2,chinese:SSB0354,0,114,maximum,1,1,1,12,0.7500,4.2799,0.9945,35.23
audioseal,2,chinese:SSB0354,0,114,rand_minmax,1,1,1,13,0.8125,3.7676,0.9916,34.45
audioseal,2,chinese:SSB0354,0,114,copy_paste,1,1,0,14,0.8750,4.5463,0.9984,37.42
audioseal,2,chinese:SSB0354,1,115,median,1,1,1,13,0.8125,4.5862,0.9987,39.25
audioseal,2,chinese:SSB0354,1,115,minimum,1,1,1,13,0.8125,4.3137,0.9948,37.15
audioseal,2,chinese:SSB0354,1,115,maximum,1,1,1,14,0.8750,4.3102,0.9950,37.05
audioseal,2,chinese:SSB0354,1,115,rand_minmax,1,1,1,13,0.8125,3.8281,0.9933,36.17
audioseal,2,chinese:SSB0354,1,115,copy_paste,1,1,1,14,0.8750,4.5458,0.9981,36.09
audioseal,2,chinese:SSB0354,2,116,median,1,1,0,15,0.9375,4.6079,0.9991,37.95
audioseal,2,chinese:SSB0354,2,116,minimum,1,0,0,15,0.9375,4.3080,0.9947,35.27
audioseal,2,chinese:SSB0354,2,116,maximum,1,1,1,15,0.9375,4.3211,0.9945,35.56
audioseal,2,chinese:SSB0354,2,116,rand_minmax,1,1,0,15,0.9375,3.7973,0.9912,34.90
audioseal,2,chinese:SSB0354,2,116,copy_paste,1,1,1,14,0.8750,4.5659,0.9984,33.48
audioseal,2,chinese:SSB0366,0,117,median,1,1,1,15,0.9375,4.5649,0.9990,30.21
audioseal,2,chinese:SSB0366,0,117,minimum,1,1,1,14,0.8750,4.0897,0.9914,27.59
audioseal,2,chinese:SSB0366,0,117,maximum,1,1,1,13,0.8125,4.0742,0.9910,27.64
audioseal,2,chinese:SSB0366,0,117,rand_minmax,1,1,1,14,0.8750,3.4145,0.9924,27.23
audioseal,2,chinese:SSB0366,0,117,copy_paste,1,1,1,14,0.8750,4.4968,0.9982,25.57
audioseal,2,chinese:SSB0366,1,118,median,1,1,1,14,0.8750,4.6179,0.9995,32.69
audioseal,2,chinese:SSB0366,1,118,minimum,1,1,1,14,0.8750,4.2431,0.9922,30.13
audioseal,2,chinese:SSB0366,1,118,maximum,1,1,1,15,0.9375,4.2313,0.9928,30.18
audioseal,2,chinese:SSB0366,1,118,rand_minmax,1,1,1,14,0.8750,3.7426,0.9910,30.05
audioseal,2,chinese:SSB0366,1,118,copy_paste,1,1,1,15,0.9375,4.5793,0.9990,32.28
audioseal,2,chinese:SSB0366,2,119,median,1,1,1,12,0.7500,4.5596,0.9988,29.03
audioseal,2,chinese:SSB0366,2,119,minimum,1,1,1,12,0.7500,4.1037,0.9904,26.47
audioseal,2,chinese:SSB0366,2,119,maximum,1,1,1,11,0.6875,4.0905,0.9901,26.49
audioseal,2,chinese:SSB0366,2,119,rand_minmax,1,1,1,12,0.7500,3.1477,0.9897,25.90
audioseal,2,chinese:SSB0366,2,119,copy_paste,1,1,1,12,0.7500,4.4639,0.9973,26.98
audioseal,2,chinese:SSB0375,0,120,median,1,1,1,13,0.8125,4.6243,0.9997,33.85
audioseal,2,chinese:SSB0375,0,120,minimum,1,1,1,13,0.8125,4.5352,0.9997,31.42
audioseal,2,chinese:SSB0375,0,120,maximum,1,1,1,14,0.8750,4.5405,0.9997,31.13
audioseal,2,chinese:SSB0375,0,120,rand_minmax,1,1,1,13,0.8125,3.7653,0.9995,30.90
audioseal,2,chinese:SSB0375,0,120,copy_paste,1,1,1,14,0.8750,4.5844,0.9995,29.95
audioseal,2,chinese:SSB0375,1,121,median,1,1,1,13,0.8125,4.5625,0.9996,32.64
audioseal,2,chinese:SSB0375,1,121,minimum,1,1,1,13,0.8125,4.4618,0.9996,29.82
audioseal,2,chinese:SSB0375,1,121,maximum,1,1,1,13,0.8125,4.4708,0.9996,30.16
audioseal,2,chinese:SSB0375,1,121,rand_minmax,1,1,1,13,0.8125,3.4525,0.9992,29.75
audioseal,2,chinese:SSB0375,1,121,copy_paste,1,1,1,13,0.8125,4.4934,0.9993,30.52
audioseal,2,chinese:SSB0375,2,122,median,1,1,1,15,0.9375,4.6209,0.9998,34.36
audioseal,2,chinese:SSB0375,2,122,minimum,1,1,0,15,0.9375,4.5239,0.9997,31.65
audioseal,2,chinese:SSB0375,2,122,maximum,1,1,1,14,0.8750,4.5218,0.9997,31.57
audioseal,2,chinese:SSB0375,2,122,rand_minmax,1,1,1,15,0.9375,3.8525,0.9995,31.33
audioseal,2,chinese:SSB0375,2,122,copy_paste,1,0,0,15,0.9375,4.5808,0.9995,30.73
audioseal,2,chinese:SSB0379,0,123,median,1,1,1,12,0.7500,4.5872,0.9997,32.81
audioseal,2,chinese:SSB0379,0,123,minimum,1,1,1,13,0.8125,4.3682,0.9990,30.41
audioseal,2,chinese:SSB0379,0,123,maximum,1,1,1,12,0.7500,4.4181,0.9991,30.55
audioseal,2,chinese:SSB0379,0,123,rand_minmax,1,1,1,12,0.7500,3.7002,0.9969,29.90
audioseal,2,chinese:SSB0379,0,123,copy_paste,1,1,1,14,0.8750,4.5387,0.9994,28.80
audioseal,2,chinese:SSB0379,1,124,median,1,1,1,14,0.8750,4.5891,0.9997,33.34
audioseal,2,chinese:SSB0379,1,124,minimum,1,1,1,15,0.9375,4.3565,0.9988,30.98
audioseal,2,chinese:SSB0379,1,124,maximum,1,1,1,12,0.7500,4.3800,0.9988,31.06
audioseal,2,chinese:SSB0379,1,124,rand_minmax,1,1,1,14,0.8750,3.7129,0.9968,30.26
audioseal,2,chinese:SSB0379,1,124,copy_paste,1,1,1,13,0.8125,4.5173,0.9994,30.62
audioseal,2,chinese:SSB0379,2,125,median,1,0,0,15,0.9375,4.6095,0.9999,37.85
audioseal,2,chinese:SSB0379,2,125,minimum,1,0,0,15,0.9375,4.4831,0.9996,35.54
audioseal,2,chinese:SSB0379,2,125,maximum,0,0,0,16,1.0000,4.4684,0.9997,35.61
audioseal,2,chinese:SSB0379,2,125,rand_minmax,1,0,0,15,0.9375,4.1062,0.9992,34.88
audioseal,2,chinese:SSB0379,2,125,copy_paste,1,1,0,15,0.9375,4.5886,0.9998,35.22
audioseal,2,chinese:SSB0380,0,126,median,1,1,1,13,0.8125,4.6060,0.9996,31.72
audioseal,2,chinese:SSB0380,0,126,minimum,1,1,1,13,0.8125,4.3256,0.9945,29.42
audioseal,2,chinese:SSB0380,0,126,maximum,1,1,1,14,0.8750,4.3206,0.9952,29.44
audioseal,2,chinese:SSB0380,0,126,rand_minmax,1,1,1,13,0.8125,3.6105,0.9955,28.69
audioseal,2,chinese:SSB0380,0,126,copy_paste,1,1,1,13,0.8125,4.5624,0.9991,28.84
audioseal,2,chinese:SSB0380,1,127,median,1,1,1,13,0.8125,4.6051,0.9996,30.31
audioseal,2,chinese:SSB0380,1,127,minimum,1,1,1,13,0.8125,4.2097,0.9903,27.98
audioseal,2,chinese:SSB0380,1,127,maximum,1,1,1,13,0.8125,4.1983,0.9904,27.94
audioseal,2,chinese:SSB0380,1,127,rand_minmax,1,1,1,13,0.8125,3.4506,0.9944,27.44
audioseal,2,chinese:SSB0380,1,127,copy_paste,1,1,1,14,0.8750,4.5156,0.9990,26.95
audioseal,2,chinese:SSB0380,2,128,median,1,1,1,11,0.6875,4.5864,0.9994,30.04
audioseal,2,chinese:SSB0380,2,128,minimum,1,1,1,11,0.6875,4.1150,0.9852,27.75
audioseal,2,chinese:SSB0380,2,128,maximum,1,1,1,11,0.6875,4.1238,0.9856,27.74
audioseal,2,chinese:SSB0380,2,128,rand_minmax,1,1,1,11,0.6875,3.3950,0.9933,26.97
audioseal,2,chinese:SSB0380,2,128,copy_paste,1,1,1,11,0.6875,4.4862,0.9984,26.84
audioseal,2,chinese:SSB0382,0,129,median,1,1,1,13,0.8125,4.5933,0.9997,33.06
audioseal,2,chinese:SSB0382,0,129,minimum,1,1,1,13,0.8125,4.2972,0.9973,30.87
audioseal,2,chinese:SSB0382,0,129,maximum,1,1,1,13,0.8125,4.3223,0.9975,30.81
audioseal,2,chinese:SSB0382,0,129,rand_minmax,1,1,1,13,0.8125,3.7238,0.9976,30.06
audioseal,2,chinese:SSB0382,0,129,copy_paste,1,0,0,15,0.9375,4.5380,0.9995,29.78
audioseal,2,chinese:SSB0382,1,130,median,1,1,1,14,0.8750,4.6024,0.9997,32.49
audioseal,2,chinese:SSB0382,1,130,minimum,1,1,1,14,0.8750,4.4012,0.9957,30.40
audioseal,2,chinese:SSB0382,1,130,maximum,1,1,1,14,0.8750,4.3782,0.9962,30.32
audioseal,2,chinese:SSB0382,1,130,rand_minmax,1,1,1,14,0.8750,3.7794,0.9976,29.49
audioseal,2,chinese:SSB0382,1,130,copy_paste,1,1,1,13,0.8125,4.5429,0.9996,29.23
audioseal,2,chinese:SSB0382,2,131,median,1,1,1,12,0.7500,4.5835,0.9997,33.09
audioseal,2,chinese:SSB0382,2,131,minimum,1,1,1,12,0.7500,4.3099,0.9976,30.96
audioseal,2,chinese:SSB0382,2,131,maximum,1,1,1,12,0.7500,4.3367,0.9977,31.01
audioseal,2,chinese:SSB0382,2,131,rand_minmax,1,1,1,12,0.7500,3.6917,0.9977,30.11
audioseal,2,chinese:SSB0382,2,131,copy_paste,1,1,1,13,0.8125,4.5084,0.9993,30.35
audioseal,2,chinese:SSB0385,0,132,median,1,1,1,13,0.8125,4.6116,0.9998,36.32
audioseal,2,chinese:SSB0385,0,132,minimum,1,1,1,13,0.8125,4.4703,0.9917,34.05
audioseal,2,chinese:SSB0385,0,132,maximum,1,1,1,13,0.8125,4.4682,0.9914,34.28
audioseal,2,chinese:SSB0385,0,132,rand_minmax,1,1,1,13,0.8125,4.1053,0.9953,33.26
audioseal,2,chinese:SSB0385,0,132,copy_paste,1,1,1,13,0.8125,4.5789,0.9995,32.97
audioseal,2,chinese:SSB0385,1,133,median,1,0,0,15,0.9375,4.6306,0.9999,39.65
audioseal,2,chinese:SSB0385,1,133,minimum,1,0,0,15,0.9375,4.4279,0.9959,37.20
audioseal,2,chinese:SSB0385,1,133,maximum,1,0,0,15,0.9375,4.4458,0.9952,37.24
audioseal,2,chinese:SSB0385,1,133,rand_minmax,1,0,0,15,0.9375,4.2423,0.9972,36.53
audioseal,2,chinese:SSB0385,1,133,copy_paste,1,0,0,15,0.9375,4.6071,0.9998,37.49
audioseal,2,chinese:SSB0385,2,134,median,1,1,0,15,0.9375,4.6156,0.9999,38.30
audioseal,2,chinese:SSB0385,2,134,minimum,0,0,0,16,1.0000,4.4210,0.9942,36.12
audioseal,2,chinese:SSB0385,2,134,maximum,1,0,0,15,0.9375,4.4162,0.9940,35.96
audioseal,2,chinese:SSB0385,2,134,rand_minmax,1,0,0,15,0.9375,4.1735,0.9959,35.25
audioseal,2,chinese:SSB0385,2,134,copy_paste,0,0,0,16,1.0000,4.5734,0.9997,35.48
audioseal,2,chinese:SSB0393,0,135,median,1,1,1,12,0.7500,4.6131,0.9994,36.58
audioseal,2,chinese:SSB0393,0,135,minimum,1,1,1,12,0.7500,4.5037,0.9985,34.36
audioseal,2,chinese:SSB0393,0,135,maximum,1,1,1,13,0.8125,4.4914,0.9984,34.45
audioseal,2,chinese:SSB0393,0,135,rand_minmax,1,1,1,12,0.7500,4.0644,0.9989,33.59
audioseal,2,chinese:SSB0393,0,135,copy_paste,1,1,1,15,0.9375,4.5730,0.9990,34.73
audioseal,2,chinese:SSB0393,1,136,median,1,1,1,13,0.8125,4.5931,0.9994,37.28
audioseal,2,chinese:SSB0393,1,136,minimum,1,1,1,12,0.7500,4.4219,0.9975,35.02
audioseal,2,chinese:SSB0393,1,136,maximum,1,1,1,14,0.8750,4.4148,0.9978,34.94
audioseal,2,chinese:SSB0393,1,136,rand_minmax,1,1,1,12,0.7500,4.0757,0.9990,34.27
audioseal,2,chinese:SSB0393,1,136,copy_paste,1,1,1,12,0.7500,4.5540,0.9987,34.91
audioseal,2,chinese:SSB0393,2,137,median,1,1,1,13,0.8125,4.5985,0.9993,37.58
audioseal,2,chinese:SSB0393,2,137,minimum,1,1,1,12,0.7500,4.5033,0.9986,35.45
audioseal,2,chinese:SSB0393,2,137,maximum,1,1,1,13,0.8125,4.5152,0.9988,35.40
audioseal,2,chinese:SSB0393,2,137,rand_minmax,1,1,1,13,0.8125,4.0897,0.9988,34.53
audioseal,2,chinese:SSB0393,2,137,copy_paste,1,1,1,15,0.9375,4.5574,0.9987,34.56
audioseal,2,chinese:SSB0394,0,138,median,1,1,1,12,0.7500,4.5919,0.9967,37.36
audioseal,2,chinese:SSB0394,0,138,minimum,1,1,1,11,0.6875,4.5211,0.9947,35.09
audioseal,2,chinese:SSB0394,0,138,maximum,1,1,1,13,0.8125,4.5212,0.9955,35.10
audioseal,2,chinese:SSB0394,0,138,rand_minmax,1,1,1,12,0.7500,3.5048,0.9947,34.37
audioseal,2,chinese:SSB0394,0,138,copy_paste,1,1,1,12,0.7500,4.5364,0.9943,34.31
audioseal,2,chinese:SSB0394,1,139,median,1,1,1,15,0.9375,4.6012,0.9972,35.47
audioseal,2,chinese:SSB0394,1,139,minimum,1,0,0,15,0.9375,4.3550,0.9949,32.61
audioseal,2,chinese:SSB0394,1,139,maximum,1,1,1,15,0.9375,4.3641,0.9957,32.99
audioseal,2,chinese:SSB0394,1,139,rand_minmax,1,1,1,15,0.9375,3.4054,0.9929,32.40
audioseal,2,chinese:SSB0394,1,139,copy_paste,1,1,0,15,0.9375,4.5535,0.9958,32.26
audioseal,2,chinese:SSB0394,2,140,median,1,1,1,11,0.6875,4.5841,0.9960,35.91
audioseal,2,chinese:SSB0394,2,140,minimum,1,1,1,11,0.6875,4.3876,0.9937,33.29
audioseal,2,chinese:SSB0394,2,140,maximum,1,1,1,10,0.6250,4.4040,0.9940,33.67
audioseal,2,chinese:SSB0394,2,140,rand_minmax,1,1,1,11,0.6875,3.3288,0.9929,32.83
audioseal,2,chinese:SSB0394,2,140,copy_paste,1,1,1,11,0.6875,4.5051,0.9924,31.82
audioseal,2,chinese:SSB0395,0,141,median,0,0,0,16,1.0000,4.5915,0.9975,32.96
audioseal,2,chinese:SSB0395,0,141,minimum,1,1,1,14,0.8750,4.2706,0.9937,30.27
audioseal,2,chinese:SSB0395,0,141,maximum,0,0,0,16,1.0000,4.2516,0.9933,30.11
audioseal,2,chinese:SSB0395,0,141,rand_minmax,0,0,0,16,1.0000,3.5155,0.9891,30.15
audioseal,2,chinese:SSB0395,0,141,copy_paste,0,0,0,16,1.0000,4.5403,0.9957,29.90
audioseal,2,chinese:SSB0395,1,142,median,1,1,1,14,0.8750,4.6120,0.9965,33.70
audioseal,2,chinese:SSB0395,1,142,minimum,1,1,1,14,0.8750,4.3622,0.9934,30.91
audioseal,2,chinese:SSB0395,1,142,maximum,1,1,1,14,0.8750,4.3488,0.9943,31.14
audioseal,2,chinese:SSB0395,1,142,rand_minmax,1,1,1,14,0.8750,3.6309,0.9908,30.50
audioseal,2,chinese:SSB0395,1,142,copy_paste,1,1,0,14,0.8750,4.5855,0.9959,30.02
audioseal,2,chinese:SSB0395,2,143,median,1,1,1,15,0.9375,4.5876,0.9977,33.33
audioseal,2,chinese:SSB0395,2,143,minimum,1,1,1,13,0.8125,4.3383,0.9946,30.70
audioseal,2,chinese:SSB0395,2,143,maximum,1,1,1,14,0.8750,4.3376,0.9956,30.72
audioseal,2,chinese:SSB0395,2,143,rand_minmax,1,1,1,15,0.9375,3.5443,0.9899,30.42
audioseal,2,chinese:SSB0395,2,143,copy_paste,1,1,1,13,0.8125,4.5060,0.9953,30.59
audioseal,2,chinese:SSB0407,0,144,median,1,1,1,12,0.7500,4.5748,0.9990,37.36
audioseal,2,chinese:SSB0407,0,144,minimum,1,1,1,12,0.7500,4.3671,0.9986,35.23
audioseal,2,chinese:SSB0407,0,144,maximum,1,1,1,12,0.7500,4.3199,0.9986,35.04
audioseal,2,chinese:SSB0407,0,144,rand_minmax,1,1,1,12,0.7500,3.4170,0.9982,34.35
audioseal,2,chinese:SSB0407,0,144,copy_paste,1,1,1,13,0.8125,4.5078,0.9982,33.71
audioseal,2,chinese:SSB0407,1,145,median,1,1,1,13,0.8125,4.5709,0.9994,37.93
audioseal,2,chinese:SSB0407,1,145,minimum,1,1,1,13,0.8125,4.4193,0.9990,35.71
audioseal,2,chinese:SSB0407,1,145,maximum,1,1,1,13,0.8125,4.4202,0.9991,35.55
audioseal,2,chinese:SSB0407,1,145,rand_minmax,1,1,1,13,0.8125,3.6404,0.9986,34.84
audioseal,2,chinese:SSB0407,1,145,copy_paste,1,1,1,12,0.7500,4.5242,0.9990,34.74
audioseal,2,chinese:SSB0407,2,146,median,1,1,1,12,0.7500,4.5969,0.9994,39.04
audioseal,2,chinese:SSB0407,2,146,minimum,1,1,1,11,0.6875,4.3933,0.9991,36.95
audioseal,2,chinese:SSB0407,2,146,maximum,1,1,1,12,0.7500,4.4008,0.9992,36.84
audioseal,2,chinese:SSB0407,2,146,rand_minmax,1,1,1,11,0.6875,3.5883,0.9989,36.03
audioseal,2,chinese:SSB0407,2,146,copy_paste,1,1,1,11,0.6875,4.5705,0.9990,36.29
audioseal,2,chinese:SSB0415,0,147,median,1,1,1,14,0.8750,4.6167,0.9992,37.91
audioseal,2,chinese:SSB0415,0,147,minimum,1,1,1,14,0.8750,4.4981,0.9987,35.49
audioseal,2,chinese:SSB0415,0,147,maximum,1,1,1,13,0.8125,4.4686,0.9987,35.46
audioseal,2,chinese:SSB0415,0,147,rand_minmax,1,1,1,14,0.8750,4.2668,0.9977,34.93
audioseal,2,chinese:SSB0415,0,147,copy_paste,1,0,0,15,0.9375,4.5908,0.9986,35.54
audioseal,2,chinese:SSB0415,1,148,median,1,1,1,11,0.6875,4.6011,0.9987,34.67
audioseal,2,chinese:SSB0415,1,148,minimum,1,1,1,12,0.7500,4.3845,0.9978,32.18
audioseal,2,chinese:SSB0415,1,148,maximum,1,1,1,11,0.6875,4.3818,0.9977,32.23
audioseal,2,chinese:SSB0415,1,148,rand_minmax,1,1,1,11,0.6875,4.0797,0.9963,31.54
audioseal,2,chinese:SSB0415,1,148,copy_paste,1,1,1,14,0.8750,4.5618,0.9985,32.78
audioseal,2,chinese:SSB0415,2,149,median,1,1,1,14,0.8750,4.6136,0.9992,39.94
audioseal,2,chinese:SSB0415,2,149,minimum,1,1,1,13,0.8125,4.5847,0.9988,37.97
audioseal,2,chinese:SSB0415,2,149,maximum,1,1,1,14,0.8750,4.5866,0.9990,37.77
audioseal,2,chinese:SSB0415,2,149,rand_minmax,1,1,1,13,0.8125,4.3892,0.9984,36.94
audioseal,2,chinese:SSB0415,2,149,copy_paste,1,1,1,14,0.8750,4.5801,0.9986,37.28
audioseal,2,english:103,0,150,median,1,1,1,13,0.8125,4.6129,0.9981,34.65
audioseal,2,english:103,0,150,minimum,1,1,1,13,0.8125,4.5672,0.9972,32.43
audioseal,2,english:103,0,150,maximum,1,1,1,12,0.7500,4.5766,0.9976,32.51
audioseal,2,english:103,0,150,rand_minmax,1,1,1,13,0.8125,4.4330,0.9973,31.55
audioseal,2,english:103,0,150,copy_paste,1,1,1,14,0.8750,4.5667,0.9964,32.57
audioseal,2,english:103,1,151,median,1,1,1,14,0.8750,4.6195,0.9990,36.53
audioseal,2,english:103,1,151,minimum,1,1,0,14,0.8750,4.5906,0.9986,34.53
audioseal,2,english:103,1,151,maximum,1,1,1,14,0.8750,4.5909,0.9984,33.95
audioseal,2,english:103,1,151,rand_minmax,1,1,1,14,0.8750,4.4520,0.9984,33.58
audioseal,2,english:103,1,151,copy_paste,1,1,1,14,0.8750,4.5882,0.9975,32.79
audioseal,2,english:103,2,152,median,1,1,1,12,0.7500,4.5898,0.9974,34.77
audioseal,2,english:103,2,152,minimum,1,1,1,12,0.7500,4.5596,0.9965,32.76
audioseal,2,english:103,2,152,maximum,1,1,1,12,0.7500,4.5594,0.9968,32.48
audioseal,2,english:103,2,152,rand_minmax,1,1,1,11,0.6875,4.4139,0.9961,31.78
audioseal,2,english:103,2,152,copy_paste,1,1,1,12,0.7500,4.5530,0.9959,31.55
audioseal,2,english:1034,0,153,median,1,1,1,14,0.8750,4.6277,0.9976,41.03
audioseal,2,english:1034,0,153,minimum,1,1,1,14,0.8750,4.6200,0.9965,38.81
audioseal,2,english:1034,0,153,maximum,1,1,1,14,0.8750,4.6228,0.9965,38.96
audioseal,2,english:1034,0,153,rand_minmax,1,1,1,14,0.8750,4.3010,0.9950,38.00
audioseal,2,english:1034,0,153,copy_paste,1,1,1,14,0.8750,4.6066,0.9958,37.77
audioseal,2,english:1034,1,154,median,1,1,1,13,0.8125,4.6197,0.9964,37.72
audioseal,2,english:1034,1,154,minimum,1,1,1,13,0.8125,4.5720,0.9945,34.45
audioseal,2,english:1034,1,154,maximum,1,1,1,13,0.8125,4.5635,0.9946,36.50
audioseal,2,english:1034,1,154,rand_minmax,1,1,1,13,0.8125,3.9594,0.9919,34.67
audioseal,2,english:1034,1,154,copy_paste,1,1,1,13,0.8125,4.5762,0.9924,33.96
audioseal,2,english:1034,2,155,median,1,1,1,11,0.6875,4.6207,0.9969,37.14
audioseal,2,english:1034,2,155,minimum,1,1,1,10,0.6250,4.5663,0.9953,35.13
audioseal,2,english:1034,2,155,maximum,1,1,1,12,0.7500,4.5551,0.9947,34.50
audioseal,2,english:1034,2,155,rand_minmax,1,1,1,11,0.6875,3.9269,0.9924,34.16
audioseal,2,english:1034,2,155,copy_paste,1,1,1,12,0.7500,4.5781,0.9943,34.32
audioseal,2,english:1040,0,156,median,1,1,1,13,0.8125,4.6204,0.9998,39.60
audioseal,2,english:1040,0,156,minimum,1,1,1,13,0.8125,4.6017,0.9997,37.28
audioseal,2,english:1040,0,156,maximum,1,1,1,13,0.8125,4.6030,0.9997,37.63
audioseal,2,english:1040,0,156,rand_minmax,1,1,1,13,0.8125,4.2800,0.9996,36.72
audioseal,2,english:1040,0,156,copy_paste,1,1,1,13,0.8125,4.5984,0.9995,36.69
audioseal,2,english:1040,1,157,median,1,1,1,12,0.7500,4.6203,0.9997,35.00
audioseal,2,english:1040,1,157,minimum,1,0,0,15,0.9375,4.5011,0.9988,32.40
audioseal,2,english:1040,1,157,maximum,1,1,1,14,0.8750,4.5150,0.9989,32.30
audioseal,2,english:1040,1,157,rand_minmax,1,1,1,12,0.7500,4.0066,0.9987,32.16
audioseal,2,english:1040,1,157,copy_paste,1,1,1,13,0.8125,4.5905,0.9994,31.46
audioseal,2,english:1040,2,158,median,1,1,1,14,0.8750,4.6244,0.9997,40.24
audioseal,2,english:1040,2,158,minimum,1,1,1,14,0.8750,4.6166,0.9996,37.96
audioseal,2,english:1040,2,158,maximum,1,1,1,13,0.8125,4.6166,0.9996,37.96
audioseal,2,english:1040,2,158,rand_minmax,1,1,1,14,0.8750,4.3804,0.9996,37.29
audioseal,2,english:1040,2,158,copy_paste,0,0,0,16,1.0000,4.5901,0.9994,37.56
audioseal,2,english:1069,0,159,median,1,1,1,13,0.8125,4.6260,0.9998,36.84
audioseal,2,english:1069,0,159,minimum,1,1,1,12,0.7500,4.3266,0.9958,34.16
audioseal,2,english:1069,0,159,maximum,1,1,1,13,0.8125,4.3287,0.9958,34.49
audioseal,2,english:1069,0,159,rand_minmax,1,1,1,15,0.9375,3.8863,0.9949,33.88
audioseal,2,english:1069,0,159,copy_paste,1,1,0,15,0.9375,4.5886,0.9995,33.17
audioseal,2,english:1069,1,160,median,1,1,1,14,0.8750,4.6301,0.9999,35.51
audioseal,2,english:1069,1,160,minimum,1,1,1,13,0.8125,4.3145,0.9965,33.00
audioseal,2,english:1069,1,160,maximum,1,1,1,14,0.8750,4.2993,0.9957,32.73
audioseal,2,english:1069,1,160,rand_minmax,1,1,1,15,0.9375,3.9000,0.9962,32.40
audioseal,2,english:1069,1,160,copy_paste,1,1,1,13,0.8125,4.5991,0.9998,31.46
audioseal,2,english:1069,2,161,median,1,1,1,12,0.7500,4.6133,0.9999,37.04
audioseal,2,english:1069,2,161,minimum,1,1,1,12,0.7500,4.4310,0.9961,34.89
audioseal,2,english:1069,2,161,maximum,1,1,1,12,0.7500,4.4104,0.9963,35.07
audioseal,2,english:1069,2,161,rand_minmax,1,1,1,12,0.7500,3.9169,0.9948,34.04
audioseal,2,english:1069,2,161,copy_paste,0,0,0,16,1.0000,4.5703,0.9997,33.78
audioseal,2,english:1081,0,162,median,1,1,1,12,0.7500,4.6140,0.9997,40.25
audioseal,2,english:1081,0,162,minimum,1,1,1,12,0.7500,4.5473,0.9997,38.05
audioseal,2,english:1081,0,162,maximum,1,1,1,12,0.7500,4.5632,0.9997,37.80
audioseal,2,english:1081,0,162,rand_minmax,1,1,1,13,0.8125,4.2815,0.9995,37.09
audioseal,2,english:1081,0,162,copy_paste,1,1,1,13,0.8125,4.5816,0.9995,36.14
audioseal,2,english:1081,1,163,median,1,1,1,12,0.7500,4.6123,0.9998,39.71
audioseal,2,english:1081,1,163,minimum,1,1,1,12,0.7500,4.5448,0.9997,37.41
audioseal,2,english:1081,1,163,maximum,1,1,1,13,0.8125,4.5649,0.9997,37.47
audioseal,2,english:1081,1,163,rand_minmax,1,1,1,13,0.8125,4.2694,0.9995,36.35
audioseal,2,english:1081,1,163,copy_paste,1,1,1,14,0.8750,4.5832,0.9995,35.65
audioseal,2,english:1081,2,164,median,1,1,1,14,0.8750,4.6157,0.9998,39.67
audioseal,2,english:1081,2,164,minimum,1,1,1,12,0.7500,4.5449,0.9997,37.34
audioseal,2,english:1081,2,164,maximum,1,1,1,13,0.8125,4.5636,0.9997,37.40
audioseal,2,english:1081,2,164,rand_minmax,1,1,1,14,0.8750,4.2420,0.9995,36.55
audioseal,2,english:1081,2,164,copy_paste,1,1,1,13,0.8125,4.5880,0.9995,35.76
audioseal,2,english:1088,0,165,median,1,1,1,12,0.7500,4.6129,0.9998,41.90
audioseal,2,english:1088,0,165,minimum,1,1,1,12,0.7500,4.5815,0.9996,40.09
audioseal,2,english:1088,0,165,maximum,1,1,1,13,0.8125,4.5679,0.9996,39.91
audioseal,2,english:1088,0,165,rand_minmax,1,1,1,12,0.7500,4.3425,0.9994,38.91
audioseal,2,english:1088,0,165,copy_paste,1,0,0,15,0.9375,4.5698,0.9996,38.91
audioseal,2,english:1088,1,166,median,1,1,1,13,0.8125,4.6125,0.9997,40.11
audioseal,2,english:1088,1,166,minimum,1,1,1,12,0.7500,4.5312,0.9993,38.24
audioseal,2,english:1088,1,166,maximum,1,1,1,12,0.7500,4.5225,0.9993,37.91
audioseal,2,english:1088,1,166,rand_minmax,1,1,1,13,0.8125,4.2560,0.9990,37.02
audioseal,2,english:1088,1,166,copy_paste,0,0,0,16,1.0000,4.5725,0.9993,37.42
audioseal,2,english:1088,2,167,median,1,1,1,14,0.8750,4.6160,0.9998,42.08
audioseal,2,english:1088,2,167,minimum,1,1,1,13,0.8125,4.5788,0.9996,40.49
audioseal,2,english:1088,2,167,maximum,1,1,1,13,0.8125,4.5758,0.9995,39.85
audioseal,2,english:1088,2,167,rand_minmax,1,1,1,14,0.8750,4.3894,0.9994,39.08
audioseal,2,english:1088,2,167,copy_paste,1,1,1,15,0.9375,4.5958,0.9996,38.94
audioseal,2,english:1098,0,168,median,1,1,1,14,0.8750,4.6105,0.9999,43.45
audioseal,2,english:1098,0,168,minimum,1,1,1,13,0.8125,4.5978,0.9999,41.09
audioseal,2,english:1098,0,168,maximum,1,1,1,13,0.8125,4.6018,0.9999,41.87
audioseal,2,english:1098,0,168,rand_minmax,1,1,1,12,0.7500,4.4974,0.9999,40.42
audioseal,2,english:1098,0,168,copy_paste,1,0,0,15,0.9375,4.5791,0.9999,41.19
audioseal,2,english:1098,1,169,median,1,1,1,12,0.7500,4.6142,0.9999,43.12
audioseal,2,english:1098,1,169,minimum,1,1,1,12,0.7500,4.5871,0.9999,40.63
audioseal,2,english:1098,1,169,maximum,1,1,1,13,0.8125,4.5996,0.9999,41.82
audioseal,2,english:1098,1,169,rand_minmax,1,1,1,12,0.7500,4.5170,0.9998,40.08
audioseal,2,english:1098,1,169,copy_paste,1,1,1,13,0.8125,4.5808,0.9998,40.29
audioseal,2,english:1098,2,170,median,1,1,1,12,0.7500,4.6076,0.9999,41.02
audioseal,2,english:1098,2,170,minimum,1,1,1,13,0.8125,4.5625,0.9998,38.50
audioseal,2,english:1098,2,170,maximum,1,1,1,13,0.8125,4.5622,0.9998,39.05
audioseal,2,english:1098,2,170,rand_minmax,1,1,1,12,0.7500,4.3883,0.9997,37.87
audioseal,2,english:1098,2,170,copy_paste,1,1,1,13,0.8125,4.5879,0.9997,37.40
audioseal,2,english:1116,0,171,median,1,1,1,14,0.8750,4.6036,0.9997,36.22
audioseal,2,english:1116,0,171,minimum,1,1,1,13,0.8125,4.5600,0.9995,33.93
audioseal,2,english:1116,0,171,maximum,1,1,1,14,0.8750,4.5486,0.9995,34.07
audioseal,2,english:1116,0,171,rand_minmax,1,1,1,14,0.8750,4.2913,0.9996,33.28
audioseal,2,english:1116,0,171,copy_paste,1,1,1,14,0.8750,4.5590,0.9996,32.92
audioseal,2,english:1116,1,172,median,1,1,1,12,0.7500,4.6030,0.9998,36.41
audioseal,2,english:1116,1,172,minimum,1,1,1,14,0.8750,4.5370,0.9996,34.65
audioseal,2,english:1116,1,172,maximum,1,1,1,12,0.7500,4.5452,0.9995,33.88
audioseal,2,english:1116,1,172,rand_minmax,1,1,1,13,0.8125,4.2361,0.9997,33.37
audioseal,2,english:1116,1,172,copy_paste,0,0,0,16,1.0000,4.5597,0.9995,32.44
audioseal,2,english:1116,2,173,median,1,1,1,12,0.7500,4.5915,0.9997,34.68
audioseal,2,english:1116,2,173,minimum,1,1,1,13,0.8125,4.4745,0.9994,32.34
audioseal,2,english:1116,2,173,maximum,1,1,1,14,0.8750,4.5013,0.9993,32.42
audioseal,2,english:1116,2,173,rand_minmax,1,1,1,13,0.8125,4.1085,0.9996,31.58
audioseal,2,english:1116,2,173,copy_paste,1,1,1,12,0.7500,4.5552,0.9996,31.88
audioseal,2,english:118,0,174,median,1,1,1,14,0.8750,4.6159,0.9994,38.65
audioseal,2,english:118,0,174,minimum,1,1,1,14,0.8750,4.5771,0.9991,36.53
audioseal,2,english:118,0,174,maximum,1,1,1,14,0.8750,4.5844,0.9991,36.34
audioseal,2,english:118,0,174,rand_minmax,1,1,1,14,0.8750,4.4296,0.9984,35.67
audioseal,2,english:118,0,174,copy_paste,1,1,1,15,0.9375,4.5878,0.9990,36.18
audioseal,2,english:118,1,175,median,1,1,1,11,0.6875,4.6085,0.9987,35.79
audioseal,2,english:118,1,175,minimum,1,1,1,11,0.6875,4.5547,0.9982,33.40
audioseal,2,english:118,1,175,maximum,1,1,1,11,0.6875,4.5361,0.9983,33.45
audioseal,2,english:118,1,175,rand_minmax,1,1,1,11,0.6875,4.2373,0.9971,32.72
audioseal,2,english:118,1,175,copy_paste,1,1,1,11,0.6875,4.5767,0.9975,32.22
audioseal,2,english:118,2,176,median,1,1,1,13,0.8125,4.6208,0.9991,35.80
audioseal,2,english:118,2,176,minimum,1,1,1,13,0.8125,4.4714,0.9987,33.38
audioseal,2,english:118,2,176,maximum,1,1,1,13,0.8125,4.4671,0.9986,33.29
audioseal,2,english:118,2,176,rand_minmax,1,1,1,13,0.8125,4.2367,0.9976,32.85
audioseal,2,english:118,2,176,copy_paste,1,1,0,15,0.9375,4.5913,0.9984,33.95
audioseal,2,english:1183,0,177,median,1,1,1,12,0.7500,4.6086,0.9998,34.83
audioseal,2,english:1183,0,177,minimum,1,1,1,12,0.7500,4.4164,0.9963,32.33
audioseal,2,english:1183,0,177,maximum,1,1,1,12,0.7500,4.0952,0.9964,32.12
audioseal,2,english:1183,0,177,rand_minmax,1,1,1,12,0.7500,4.4565,0.9983,31.59
audioseal,2,english:1183,0,177,copy_paste,1,1,1,13,0.8125,4.5730,0.9996,34.51
audioseal,2,english:1183,1,178,median,1,1,1,14,0.8750,4.6099,0.9998,38.75
audioseal,2,english:1183,1,178,minimum,1,1,1,15,0.9375,4.5145,0.9972,36.53
audioseal,2,english:1183,1,178,maximum,1,1,1,14,0.8750,4.5222,0.9971,36.52
audioseal,2,english:1183,1,178,rand_minmax,1,1,1,14,0.8750,4.5597,0.9990,35.72
audioseal,2,english:1183,1,178,copy_paste,1,1,1,15,0.9375,4.5823,0.9996,35.93
audioseal,2,english:1183,2,179,median,1,1,1,12,0.7500,4.6101,0.9997,37.89
audioseal,2,english:1183,2,179,minimum,1,1,1,13,0.8125,4.4902,0.9967,35.81
audioseal,2,english:1183,2,179,maximum,1,1,1,13,0.8125,4.5032,0.9970,35.46
audioseal,2,english:1183,2,179,rand_minmax,1,1,1,14,0.8750,4.5230,0.9982,34.79
audioseal,2,english:1183,2,179,copy_paste,1,1,1,15,0.9375,4.5592,0.9992,34.62
audioseal,2,english:1235,0,180,median,1,0,0,15,0.9375,4.6269,0.9988,39.33
audioseal,2,english:1235,0,180,minimum,1,0,0,15,0.9375,4.6184,0.9985,37.26
audioseal,2,english:1235,0,180,maximum,1,0,0,15,0.9375,4.6165,0.9983,37.35
audioseal,2,english:1235,0,180,rand_minmax,1,0,0,15,0.9375,4.4785,0.9980,36.24
audioseal,2,english:1235,0,180,copy_paste,1,0,0,15,0.9375,4.6020,0.9978,35.92
audioseal,2,english:1235,1,181,median,1,1,1,14,0.8750,4.6011,0.9975,35.12
audioseal,2,english:1235,1,181,minimum,1,1,1,14,0.8750,4.5771,0.9966,33.08
audioseal,2,english:1235,1,181,maximum,1,1,1,14,0.8750,4.5725,0.9967,32.81
audioseal,2,english:1235,1,181,rand_minmax,1,1,1,13,0.8125,4.1707,0.9953,32.09
audioseal,2,english:1235,1,181,copy_paste,1,1,0,15,0.9375,4.5594,0.9961,32.34
audioseal,2,english:1235,2,182,median,1,1,1,11,0.6875,4.5924,0.9974,34.18
audioseal,2,english:1235,2,182,minimum,1,1,1,12,0.7500,4.5406,0.9963,32.04
audioseal,2,english:1235,2,182,maximum,1,1,1,11,0.6875,4.5296,0.9966,31.80
audioseal,2,english:1235,2,182,rand_minmax,1,1,1,11,0.6875,4.0566,0.9951,31.15
audioseal,2,english:1235,2,182,copy_paste,1,1,1,13,0.8125,4.5268,0.9959,30.97
audioseal,2,english:1246,0,183,median,1,1,1,12,0.7500,4.6025,0.9995,36.07
audioseal,2,english:1246,0,183,minimum,1,1,1,12,0.7500,4.5403,0.9992,33.73
audioseal,2,english:1246,0,183,maximum,1,1,1,13,0.8125,4.5595,0.9993,33.78
audioseal,2,english:1246,0,183,rand_minmax,1,1,1,13,0.8125,4.4539,0.9992,33.13
audioseal,2,english:1246,0,183,copy_paste,1,1,0,14,0.8750,4.5743,0.9992,33.83
audioseal,2,english:1246,1,184,median,1,1,1,12,0.7500,4.5944,0.9994,32.85
audioseal,2,english:1246,1,184,minimum,1,1,1,12,0.7500,4.5000,0.9987,30.46
audioseal,2,english:1246,1,184,maximum,1,1,1,13,0.8125,4.4985,0.9990,30.51
audioseal,2,english:1246,1,184,rand_minmax,1,1,1,12,0.7500,4.2373,0.9986,29.84
audioseal,2,english:1246,1,184,copy_paste,1,1,0,15,0.9375,4.5614,0.9991,29.63
audioseal,2,english:1246,2,185,median,1,1,1,13,0.8125,4.5997,0.9996,35.47
audioseal,2,english:1246,2,185,minimum,1,1,1,13,0.8125,4.5557,0.9992,32.91
audioseal,2,english:1246,2,185,maximum,1,1,1,14,0.8750,4.5588,0.9994,33.14
audioseal,2,english:1246,2,185,rand_minmax,1,1,1,13,0.8125,4.3668,0.9992,32.37
audioseal,2,english:1246,2,185,copy_paste,1,0,0,15,0.9375,4.5348,0.9994,32.81
audioseal,2,english:125,0,186,median,1,1,1,11,0.6875,4.5904,0.9963,32.14
audioseal,2,english:125,0,186,minimum,1,1,1,12,0.7500,4.4129,0.9941,29.74
audioseal,2,english:125,0,186,maximum,1,1,1,12,0.7500,4.2267,0.9953,29.88
audioseal,2,english:125,0,186,rand_minmax,1,1,1,11,0.6875,3.9455,0.9950,29.13
audioseal,2,english:125,0,186,copy_paste,0,0,0,16,1.0000,4.5526,0.9960,30.24
audioseal,2,english:125,1,187,median,1,1,1,13,0.8125,4.5964,0.9984,32.89
audioseal,2,english:125,1,187,minimum,1,1,1,12,0.7500,4.4915,0.9976,30.70
audioseal,2,english:125,1,187,maximum,1,1,1,13,0.8125,4.2886,0.9975,30.78
audioseal,2,english:125,1,187,rand_minmax,1,1,1,13,0.8125,4.2311,0.9976,29.89
audioseal,2,english:125,1,187,copy_paste,1,1,1,12,0.7500,4.3273,0.9972,29.61
audioseal,2,english:125,2,188,median,1,1,1,12,0.7500,3.7629,0.9975,35.70
audioseal,2,english:125,2,188,minimum,1,1,1,13,0.8125,4.5521,0.9967,33.69
audioseal,2,english:125,2,188,maximum,1,1,1,13,0.8125,3.6918,0.9968,33.57
audioseal,2,english:125,2,188,rand_minmax,1,1,1,13,0.8125,3.6392,0.9968,32.69
audioseal,2,english:125,2,188,copy_paste,1,1,1,13,0.8125,3.7351,0.9965,32.41
audioseal,2,english:1263,0,189,median,1,1,1,12,0.7500,4.5962,0.9998,36.53
audioseal,2,english:1263,0,189,minimum,1,1,1,13,0.8125,4.5546,0.9996,34.15
audioseal,2,english:1263,0,189,maximum,1,1,1,12,0.7500,4.5514,0.9996,34.57
audioseal,2,english:1263,0,189,rand_minmax,1,1,1,11,0.6875,4.2984,0.9992,33.51
audioseal,2,english:1263,0,189,copy_paste,1,1,1,13,0.8125,4.5730,0.9996,33.51
audioseal,2,english:1263,1,190,median,1,1,1,11,0.6875,4.5998,0.9997,32.82
audioseal,2,english:1263,1,190,minimum,1,1,1,10,0.6250,4.4653,0.9990,30.58
audioseal,2,english:1263,1,190,maximum,1,1,1,11,0.6875,4.4604,0.9990,30.20
audioseal,2,english:1263,1,190,rand_minmax,1,1,1,11,0.6875,4.0779,0.9980,29.74
audioseal,2,english:1263,1,190,copy_paste,1,1,1,11,0.6875,4.5503,0.9994,31.64
audioseal,2,english:1263,2,191,median,1,1,1,12,0.7500,4.6059,0.9998,34.66
audioseal,2,english:1263,2,191,minimum,1,1,1,12,0.7500,4.5516,0.9994,32.25
audioseal,2,english:1263,2,191,maximum,1,1,1,13,0.8125,4.5538,0.9995,32.43
audioseal,2,english:1263,2,191,rand_minmax,1,1,1,12,0.7500,4.2257,0.9986,31.70
audioseal,2,english:1263,2,191,copy_paste,1,1,1,15,0.9375,4.5605,0.9994,31.43
audioseal,2,english:1334,0,192,median,1,1,1,13,0.8125,4.6138,0.9989,36.47
audioseal,2,english:1334,0,192,minimum,1,1,1,13,0.8125,4.5788,0.9984,34.10
audioseal,2,english:1334,0,192,maximum,1,1,1,11,0.6875,4.5783,0.9986,34.19
audioseal,2,english:1334,0,192,rand_minmax,1,1,1,13,0.8125,4.4249,0.9982,33.45
audioseal,2,english:1334,0,192,copy_paste,1,1,1,14,0.8750,4.5566,0.9978,34.34
audioseal,2,english:1334,1,193,median,1,1,1,13,0.8125,4.6154,0.9992,36.84
audioseal,2,english:1334,1,193,minimum,1,1,1,13,0.8125,4.5868,0.9989,34.30
audioseal,2,english:1334,1,193,maximum,1,1,1,13,0.8125,4.5735,0.9990,34.39
audioseal,2,english:1334,1,193,rand_minmax,1,1,1,13,0.8125,4.4737,0.9986,34.00
audioseal,2,english:1334,1,193,copy_paste,1,1,1,13,0.8125,4.5759,0.9985,32.73
audioseal,2,english:1334,2,194,median,1,1,1,13,0.8125,4.6131,0.9990,38.32
audioseal,2,english:1334,2,194,minimum,1,1,1,13,0.8125,4.5844,0.9986,35.56
audioseal,2,english:1334,2,194,maximum,1,1,1,14,0.8750,4.6069,0.9989,36.33
audioseal,2,english:1334,2,194,rand_minmax,1,1,1,13,0.8125,4.4881,0.9985,35.25
audioseal,2,english:1334,2,194,copy_paste,1,1,1,13,0.8125,4.5891,0.9983,35.97
audioseal,2,english:1355,0,195,median,1,0,0,15,0.9375,4.6174,0.9998,41.30
audioseal,2,english:1355,0,195,minimum,1,0,0,15,0.9375,4.6034,0.9997,38.80
audioseal,2,english:1355,0,195,maximum,1,1,1,14,0.8750,4.6038,0.9997,39.21
audioseal,2,english:1355,0,195,rand_minmax,1,1,0,15,0.9375,4.2468,0.9996,38.34
audioseal,2,english:1355,0,195,copy_paste,1,1,1,14,0.8750,4.5824,0.9995,38.35
audioseal,2,english:1355,1,196,median,1,1,1,14,0.8750,4.6253,0.9998,41.81
audioseal,2,english:1355,1,196,minimum,1,1,1,14,0.8750,4.6126,0.9998,39.35
audioseal,2,english:1355,1,196,maximum,1,1,1,14,0.8750,4.6158,0.9998,39.92
audioseal,2,english:1355,1,196,rand_minmax,1,1,1,14,0.8750,4.2838,0.9997,38.83
audioseal,2,english:1355,1,196,copy_paste,1,1,1,14,0.8750,4.5845,0.9996,38.64
audioseal,2,english:1355,2,197,median,1,1,1,13,0.8125,4.6238,0.9998,40.86
audioseal,2,english:1355,2,197,minimum,1,1,1,14,0.8750,4.6070,0.9998,38.50
audioseal,2,english:1355,2,197,maximum,1,1,1,15,0.9375,4.6104,0.9998,38.81
audioseal,2,english:1355,2,197,rand_minmax,1,1,1,13,0.8125,4.2387,0.9996,37.89
audioseal,2,english:1355,2,197,copy_paste,1,1,1,13,0.8125,4.5905,0.9996,38.03
audioseal,2,english:1363,0,198,median,1,1,1,10,0.6250,4.5960,0.9986,36.89
audioseal,2,english:1363,0,198,minimum,1,1,1,11,0.6875,4.4502,0.9954,34.44
audioseal,2,english:1363,0,198,maximum,1,1,1,10,0.6250,4.4431,0.9952,34.34
audioseal,2,english:1363,0,198,rand_minmax,1,1,1,10,0.6250,4.0794,0.9926,34.05
audioseal,2,english:1363,0,198,copy_paste,1,1,1,10,0.6250,4.5577,0.9975,33.85
audioseal,2,english:1363,1,199,median,1,1,1,13,0.8125,4.6111,0.9982,37.96
audioseal,2,english:1363,1,199,minimum,1,1,1,13,0.8125,4.4893,0.9956,35.53
audioseal,2,english:1363,1,199,maximum,1,1,1,12,0.7500,4.4860,0.9949,35.46
audioseal,2,english:1363,1,199,rand_minmax,1,1,1,12,0.7500,4.2172,0.9934,34.91
audioseal,2,english:1363,1,199,copy_paste,0,0,0,16,1.0000,4.5849,0.9970,34.99
audioseal,2,english:1363,2,200,median,1,1,1,13,0.8125,4.6202,0.9986,41.67
audioseal,2,english:1363,2,200,minimum,1,1,1,12,0.7500,4.5943,0.9963,39.56
audioseal,2,english:1363,2,200,maximum,1,1,1,13,0.8125,4.5942,0.9965,39.64
audioseal,2,english:1363,2,200,rand_minmax,1,1,1,13,0.8125,4.4315,0.9946,38.68
audioseal,2,english:1363,2,200,copy_paste,1,1,1,14,0.8750,4.5988,0.9978,38.75
audioseal,2,english:1447,0,201,median,1,1,1,12,0.7500,4.5829,0.9963,34.05
audioseal,2,english:1447,0,201,minimum,1,1,1,12,0.7500,4.5344,0.9940,31.92
audioseal,2,english:1447,0,201,maximum,1,1,1,12,0.7500,4.4967,0.9946,31.58
audioseal,2,english:1447,0,201,rand_minmax,1,1,1,12,0.7500,4.0995,0.9930,31.05
audioseal,2,english:1447,0,201,copy_paste,1,1,1,14,0.8750,4.5352,0.9928,31.39
audioseal,2,english:1447,1,202,median,1,1,0,15,0.9375,4.6157,0.9979,37.64
audioseal,2,english:1447,1,202,minimum,1,1,1,15,0.9375,4.5759,0.9969,35.55
audioseal,2,english:1447,1,202,maximum,1,1,1,15,0.9375,4.5842,0.9972,35.33
audioseal,2,english:1447,1,202,rand_minmax,1,1,0,15,0.9375,4.3235,0.9963,34.59
audioseal,2,english:1447,1,202,copy_paste,1,0,0,15,0.9375,4.5676,0.9962,34.22
audioseal,2,english:1447,2,203,median,1,1,1,15,0.9375,4.6023,0.9980,37.15
audioseal,2,english:1447,2,203,minimum,1,1,1,15,0.9375,4.5935,0.9969,35.19
audioseal,2,english:1447,2,203,maximum,1,1,1,14,0.8750,4.5850,0.9970,34.87
audioseal,2,english:1447,2,203,rand_minmax,1,1,1,15,0.9375,4.3937,0.9964,34.14
audioseal,2,english:1447,2,203,copy_paste,1,0,0,15,0.9375,4.5492,0.9964,34.51
audioseal,2,english:1455,0,204,median,1,1,1,12,0.7500,4.5979,0.9994,34.73
audioseal,2,english:1455,0,204,minimum,1,1,1,13,0.8125,4.4168,0.9990,32.63
audioseal,2,english:1455,0,204,maximum,1,1,1,12,0.7500,4.4336,0.9990,32.76
audioseal,2,english:1455,0,204,rand_minmax,1,1,1,12,0.7500,3.9581,0.9985,31.74
audioseal,2,english:1455,0,204,copy_paste,1,1,1,14,0.8750,4.5491,0.9988,31.34
audioseal,2,english:1455,1,205,median,1,1,1,11,0.6875,4.5866,0.9994,34.75
audioseal,2,english:1455,1,205,minimum,1,1,1,11,0.6875,4.4596,0.9991,32.68
audioseal,2,english:1455,1,205,maximum,1,1,1,12,0.7500,4.4682,0.9990,32.82
audioseal,2,english:1455,1,205,rand_minmax,1,1,1,11,0.6875,3.9945,0.9986,31.73
audioseal,2,english:1455,1,205,copy_paste,1,1,1,11,0.6875,4.5228,0.9988,31.62
audioseal,2,english:1455,2,206,median,1,1,1,13,0.8125,4.5897,0.9994,35.26
audioseal,2,english:1455,2,206,minimum,1,1,1,13,0.8125,4.4886,0.9992,33.59
audioseal,2,english:1455,2,206,maximum,1,1,1,13,0.8125,4.4814,0.9991,32.85
audioseal,2,english:1455,2,206,rand_minmax,1,1,1,13,0.8125,4.0520,0.9988,32.29
audioseal,2,english:1455,2,206,copy_paste,1,1,1,12,0.7500,4.4970,0.9990,32.81
audioseal,2,english:150,0,207,median,1,1,1,11,0.6875,4.6085,0.9992,35.64
audioseal,2,english:150,0,207,minimum,1,1,1,12,0.7500,4.5431,0.9973,33.59
audioseal,2,english:150,0,207,maximum,1,1,1,11,0.6875,4.5621,0.9974,33.69
audioseal,2,english:150,0,207,rand_minmax,1,1,1,11,0.6875,4.4858,0.9986,32.57
audioseal,2,english:150,0,207,copy_paste,1,1,1,13,0.8125,4.5567,0.9982,32.60
audioseal,2,english:150,1,208,median,1,1,1,12,0.7500,4.6027,0.9993,34.72
audioseal,2,english:150,1,208,minimum,1,1,1,12,0.7500,4.5348,0.9985,32.75
audioseal,2,english:150,1,208,maximum,1,1,1,12,0.7500,4.5429,0.9982,32.65
audioseal,2,english:150,1,208,rand_minmax,1,1,1,12,0.7500,4.4837,0.9986,31.72
audioseal,2,english:150,1,208,copy_paste,1,1,1,14,0.8750,4.5552,0.9985,32.17
audioseal,2,english:150,2,209,median,1,1,1,14,0.8750,4.6271,0.9994,36.32
audioseal,2,english:150,2,209,minimum,1,1,1,13,0.8125,4.5418,0.9987,34.17
audioseal,2,english:150,2,209,maximum,1,1,1,14,0.8750,4.5543,0.9986,34.27
audioseal,2,english:150,2,209,rand_minmax,1,1,1,13,0.8125,4.4715,0.9989,33.28
audioseal,2,english:150,2,209,copy_paste,1,1,1,14,0.8750,4.5874,0.9988,33.39
audioseal,2,english:1502,0,210,median,1,1,1,13,0.8125,4.5914,0.9977,37.89
audioseal,2,english:1502,0,210,minimum,1,1,1,13,0.8125,4.5197,0.9967,35.92
audioseal,2,english:1502,0,210,maximum,1,1,1,13,0.8125,4.5045,0.9965,35.80
audioseal,2,english:1502,0,210,rand_minmax,1,1,1,13,0.8125,4.2167,0.9958,34.89
audioseal,2,english:1502,0,210,copy_paste,1,1,1,13,0.8125,4.5385,0.9957,33.91
audioseal,2,english:1502,1,211,median,1,1,1,11,0.6875,4.5937,0.9982,38.46
audioseal,2,english:1502,1,211,minimum,1,1,1,11,0.6875,4.5732,0.9977,36.60
audioseal,2,english:1502,1,211,maximum,1,1,1,11,0.6875,4.5680,0.9973,36.24
audioseal,2,english:1502,1,211,rand_minmax,1,1,1,12,0.7500,4.3234,0.9969,35.49
audioseal,2,english:1502,1,211,copy_paste,1,1,1,12,0.7500,4.5182,0.9971,35.75
audioseal,2,english:1502,2,212,median,1,1,1,14,0.8750,4.6125,0.9985,42.46
audioseal,2,english:1502,2,212,minimum,1,1,1,14,0.8750,4.6058,0.9982,40.63
audioseal,2,english:1502,2,212,maximum,1,1,1,14,0.8750,4.6030,0.9981,40.47
audioseal,2,english:1502,2,212,rand_minmax,1,1,1,14,0.8750,4.4686,0.9977,39.48
audioseal,2,english:1502,2,212,copy_paste,1,1,0,14,0.8750,4.5689,0.9975,39.41
audioseal,2,english:1553,0,213,median,1,1,1,13,0.8125,4.6106,0.9997,37.10
audioseal,2,english:1553,0,213,minimum,1,1,1,13,0.8125,4.5157,0.9995,34.70
audioseal,2,english:1553,0,213,maximum,1,1,1,14,0.8750,4.4879,0.9996,34.53
audioseal,2,english:1553,0,213,rand_minmax,1,1,1,15,0.9375,4.3712,0.9996,34.03
audioseal,2,english:1553,0,213,copy_paste,1,1,1,14,0.8750,4.5809,0.9995,35.13
audioseal,2,english:1553,1,214,median,0,0,0,16,1.0000,4.6014,0.9997,35.57
audioseal,2,english:1553,1,214,minimum,1,0,0,15,0.9375,4.4298,0.9987,32.71
audioseal,2,english:1553,1,214,maximum,0,0,0,16,1.0000,4.4168,0.9985,32.98
audioseal,2,english:1553,1,214,rand_minmax,0,0,0,16,1.0000,4.1897,0.9976,32.52
audioseal,2,english:1553,1,214,copy_paste,0,0,0,16,1.0000,4.5674,0.9993,36.64
audioseal,2,english:1553,2,215,median,1,1,1,13,0.8125,4.6198,0.9998,37.23
audioseal,2,english:1553,2,215,minimum,1,1,1,15,0.9375,4.5351,0.9997,34.73
audioseal,2,english:1553,2,215,maximum,1,1,1,14,0.8750,4.5168,0.9994,34.60
audioseal,2,english:1553,2,215,rand_minmax,1,1,1,14,0.8750,4.3884,0.9997,34.21
audioseal,2,english:1553,2,215,copy_paste,1,1,0,15,0.9375,4.5936,0.9997,35.82
audioseal,2,english:1578,0,216,median,1,1,1,12,0.7500,4.5817,0.9981,35.86
audioseal,2,english:1578,0,216,minimum,1,1,1,12,0.7500,4.3885,0.9958,33.86
audioseal,2,english:1578,0,216,maximum,1,1,1,13,0.8125,4.3783,0.9953,33.71
audioseal,2,english:1578,0,216,rand_minmax,1,1,1,12,0.7500,3.5607,0.9953,32.85
audioseal,2,english:1578,0,216,copy_paste,1,1,1,12,0.7500,4.5315,0.9974,33.54
audioseal,2,english:1578,1,217,median,1,1,1,13,0.8125,4.6033,0.9991,38.54
audioseal,2,english:1578,1,217,minimum,1,1,1,13,0.8125,4.4942,0.9970,36.56
audioseal,2,english:1578,1,217,maximum,1,1,1,14,0.8750,4.4903,0.9974,36.29
audioseal,2,english:1578,1,217,rand_minmax,1,1,1,13,0.8125,3.8598,0.9975,35.53
audioseal,2,english:1578,1,217,copy_paste,1,1,1,14,0.8750,4.5788,0.9983,35.47
audioseal,2,english:1578,2,218,median,1,1,1,13,0.8125,4.6133,0.9991,39.92
audioseal,2,english:1578,2,218,minimum,1,1,1,14,0.8750,4.5158,0.9979,38.07
audioseal,2,english:1578,2,218,maximum,1,1,1,13,0.8125,4.5196,0.9977,37.83
audioseal,2,english:1578,2,218,rand_minmax,1,1,1,13,0.8125,3.9443,0.9979,36.90
audioseal,2,english:1578,2,218,copy_paste,1,1,1,13,0.8125,4.5652,0.9983,36.49
audioseal,2,english:1594,0,219,median,1,1,1,12,0.7500,4.5883,0.9995,32.26
audioseal,2,english:1594,0,219,minimum,1,1,1,12,0.7500,4.4559,0.9988,29.91
audioseal,2,english:1594,0,219,maximum,1,1,1,11,0.6875,4.4618,0.9990,29.70
audioseal,2,english:1594,0,219,rand_minmax,1,1,1,12,0.7500,4.0598,0.9990,29.06
audioseal,2,english:1594,0,219,copy_paste,1,1,1,14,0.8750,4.5450,0.9990,27.93
audioseal,2,english:1594,1,220,median,1,1,1,10,0.6250,4.5843,0.9993,30.91
audioseal,2,english:1594,1,220,minimum,1,1,1,11,0.6875,4.4509,0.9987,28.43
audioseal,2,english:1594,1,220,maximum,1,1,1,10,0.6250,4.4469,0.9988,28.45
audioseal,2,english:1594,1,220,rand_minmax,1,1,1,10,0.6250,3.9340,0.9987,27.82
audioseal,2,english:1594,1,220,copy_paste,1,1,1,13,0.8125,4.5320,0.9988,26.85
audioseal,2,english:1594,2,221,median,1,1,1,13,0.8125,4.5941,0.9996,32.84
audioseal,2,english:1594,2,221,minimum,1,1,1,13,0.8125,4.5029,0.9992,30.32
audioseal,2,english:1594,2,221,maximum,1,1,1,13,0.8125,4.4960,0.9994,30.34
audioseal,2,english:1594,2,221,rand_minmax,1,1,1,13,0.8125,4.1580,0.9992,29.63
audioseal,2,english:1594,2,221,copy_paste,1,1,1,14,0.8750,4.5510,0.9994,31.94
audioseal,2,english:1624,0,222,median,1,1,1,15,0.9375,4.6080,0.9995,38.41
audioseal,2,english:1624,0,222,minimum,1,1,1,13,0.8125,4.5808,0.9993,35.76
audioseal,2,english:1624,0,222,maximum,1,1,1,15,0.9375,4.5555,0.9990,36.22
audioseal,2,english:1624,0,222,rand_minmax,1,1,1,15,0.9375,4.2093,0.9992,35.25
audioseal,2,english:1624,0,222,copy_paste,1,1,1,14,0.8750,4.5587,0.9991,34.72
audioseal,2,english:1624,1,223,median,1,1,1,13,0.8125,4.6165,0.9997,39.84
audioseal,2,english:1624,1,223,minimum,1,1,1,14,0.8750,4.5977,0.9997,37.68
audioseal,2,english:1624,1,223,maximum,1,1,1,15,0.9375,4.5942,0.9997,37.54
audioseal,2,english:1624,1,223,rand_minmax,1,1,1,13,0.8125,4.3038,0.9996,36.76
audioseal,2,english:1624,1,223,copy_paste,1,1,1,15,0.9375,4.5825,0.9996,36.94
audioseal,2,english:1624,2,224,median,1,1,1,12,0.7500,4.5933,0.9995,36.96
audioseal,2,english:1624,2,224,minimum,1,1,1,13,0.8125,4.5572,0.9994,34.40
audioseal,2,english:1624,2,224,maximum,1,1,1,12,0.7500,4.5631,0.9994,34.68
audioseal,2,english:1624,2,224,rand_minmax,1,1,1,12,0.7500,4.0864,0.9993,33.95
audioseal,2,english:1624,2,224,copy_paste,1,1,1,14,0.8750,4.5515,0.9990,34.73
audioseal,2,english:163,0,225,median,1,1,1,9,0.5625,4.5811,0.9978,37.72
audioseal,2,english:163,0,225,minimum,1,1,1,10,0.6250,4.5614,0.9973,35.84
audioseal,2,english:163,0,225,maximum,1,1,1,9,0.5625,4.5469,0.9972,35.14
audioseal,2,english:163,0,225,rand_minmax,1,1,1,10,0.6250,4.3219,0.9956,34.73
audioseal,2,english:163,0,225,copy_paste,1,1,1,10,0.6250,4.5285,0.9963,33.96
audioseal,2,english:163,1,226,median,1,1,1,14,0.8750,4.6197,0.9987,40.42
audioseal,2,english:163,1,226,minimum,1,1,1,14,0.8750,4.6062,0.9983,38.18
audioseal,2,english:163,1,226,maximum,1,1,1,14,0.8750,4.6048,0.9987,38.14
audioseal,2,english:163,1,226,rand_minmax,1,1,1,14,0.8750,4.4835,0.9981,37.43
audioseal,2,english:163,1,226,copy_paste,1,1,1,14,0.8750,4.5766,0.9980,37.46
audioseal,2,english:163,2,227,median,1,1,1,15,0.9375,4.6068,0.9987,40.09
audioseal,2,english:163,2,227,minimum,1,1,1,13,0.8125,4.5993,0.9983,37.97
audioseal,2,english:163,2,227,maximum,1,1,1,12,0.7500,4.6009,0.9983,38.08
audioseal,2,english:163,2,227,rand_minmax,1,1,1,13,0.8125,4.4540,0.9974,37.11
audioseal,2,english:163,2,227,copy_paste,1,1,1,12,0.7500,4.5631,0.9978,36.41
audioseal,2,english:1723,0,228,median,1,1,1,13,0.8125,4.6164,0.9990,37.25
audioseal,2,english:1723,0,228,minimum,1,1,1,13,0.8125,4.6031,0.9984,35.21
audioseal,2,english:1723,0,228,maximum,1,1,1,13,0.8125,4.6020,0.9984,35.19
audioseal,2,english:1723,0,228,rand_minmax,1,1,1,13,0.8125,4.4910,0.9983,34.30
audioseal,2,english:1723,0,228,copy_paste,1,1,1,14,0.8750,4.5685,0.9977,34.52
audioseal,2,english:1723,1,229,median,1,1,1,14,0.8750,4.6098,0.9990,36.52
audioseal,2,english:1723,1,229,minimum,1,1,1,13,0.8125,4.5937,0.9988,34.54
audioseal,2,english:1723,1,229,maximum,1,1,1,12,0.7500,4.5956,0.9980,34.29
audioseal,2,english:1723,1,229,rand_minmax,1,1,1,14,0.8750,4.4488,0.9984,33.51
audioseal,2,english:1723,1,229,copy_paste,0,0,0,16,1.0000,4.5524,0.9975,33.84
audioseal,2,english:1723,2,230,median,1,1,1,10,0.6250,4.5993,0.9985,35.49
audioseal,2,english:1723,2,230,minimum,1,1,1,10,0.6250,4.5863,0.9981,33.22
audioseal,2,english:1723,2,230,maximum,1,1,1,10,0.6250,4.5825,0.9977,33.57
audioseal,2,english:1723,2,230,rand_minmax,1,1,1,11,0.6875,4.4067,0.9978,32.45
audioseal,2,english:1723,2,230,copy_paste,1,1,1,11,0.6875,4.5532,0.9969,32.59
audioseal,2,english:1737,0,231,median,1,1,1,11,0.6875,4.5817,0.9991,34.35
audioseal,2,english:1737,0,231,minimum,1,1,1,12,0.7500,4.4679,0.9984,31.96
audioseal,2,english:1737,0,231,maximum,1,1,1,12,0.7500,4.4629,0.9987,32.17
audioseal,2,english:1737,0,231,rand_minmax,1,1,1,12,0.7500,4.1552,0.9984,31.24
audioseal,2,english:1737,0,231,copy_paste,1,1,1,15,0.9375,4.5204,0.9982,32.57
audioseal,2,english:1737,1,232,median,1,1,1,13,0.8125,4.6141,0.9994,36.11
audioseal,2,english:1737,1,232,minimum,1,1,1,13,0.8125,4.5171,0.9992,33.96
audioseal,2,english:1737,1,232,maximum,1,1,1,14,0.8750,4.4962,0.9990,33.54
audioseal,2,english:1737,1,232,rand_minmax,1,1,1,13,0.8125,4.2823,0.9989,33.03
audioseal,2,english:1737,1,232,copy_paste,1,1,1,14,0.8750,4.5777,0.9989,35.21
audioseal,2,english:1737,2,233,median,1,1,1,12,0.7500,4.5975,0.9993,34.41
audioseal,2,english:1737,2,233,minimum,1,1,1,12,0.7500,4.4990,0.9989,31.95
audioseal,2,english:1737,2,233,maximum,1,1,1,12,0.7500,4.4747,0.9990,32.24
audioseal,2,english:1737,2,233,rand_minmax,1,1,1,12,0.7500,4.1639,0.9985,31.51
audioseal,2,english:1737,2,233,copy_paste,1,1,1,13,0.8125,4.5451,0.9987,33.23
audioseal,2,english:1743,0,234,median,1,1,1,12,0.7500,4.6144,0.9999,38.22
audioseal,2,english:1743,0,234,minimum,1,1,1,12,0.7500,4.5991,0.9998,35.85
audioseal,2,english:1743,0,234,maximum,1,1,1,13,0.8125,4.6002,0.9998,36.03
audioseal,2,english:1743,0,234,rand_minmax,1,1,1,12,0.7500,4.2189,0.9997,35.18
audioseal,2,english:1743,0,234,copy_paste,1,1,1,12,0.7500,4.5844,0.9998,36.34
audioseal,2,english:1743,1,235,median,1,1,1,13,0.8125,4.6146,0.9999,35.03
audioseal,2,english:1743,1,235,minimum,1,1,1,13,0.8125,4.5275,0.9997,32.19
audioseal,2,english:1743,1,235,maximum,1,1,1,11,0.6875,4.5125,0.9996,32.73
audioseal,2,english:1743,1,235,rand_minmax,1,1,1,12,0.7500,4.0183,0.9985,32.11
audioseal,2,english:1743,1,235,copy_paste,1,1,1,13,0.8125,4.5776,0.9998,35.04
audioseal,2,english:1743,2,236,median,1,1,1,13,0.8125,4.6179,0.9999,35.20
audioseal,2,english:1743,2,236,minimum,1,1,1,13,0.8125,4.5489,0.9997,32.38
audioseal,2,english:1743,2,236,maximum,0,0,0,16,1.0000,4.5298,0.9997,32.65
audioseal,2,english:1743,2,236,rand_minmax,1,1,1,13,0.8125,4.0683,0.9982,31.90
audioseal,2,english:1743,2,236,copy_paste,1,1,0,14,0.8750,4.5799,0.9998,31.32
audioseal,2,english:1841,0,237,median,1,1,1,14,0.8750,4.6098,0.9999,38.34
audioseal,2,english:1841,0,237,minimum,1,1,1,14,0.8750,4.4310,0.9998,35.99
audioseal,2,english:1841,0,237,maximum,1,1,1,14,0.8750,4.4092,0.9998,35.88
audioseal,2,english:1841,0,237,rand_minmax,1,1,1,14,0.8750,4.2648,0.9998,35.26
audioseal,2,english:1841,0,237,copy_paste,1,0,0,15,0.9375,4.5840,0.9999,35.11
audioseal,2,english:1841,1,238,median,1,1,1,15,0.9375,4.6134,0.9999,38.86
audioseal,2,english:1841,1,238,minimum,1,1,1,15,0.9375,4.5779,0.9998,36.61
audioseal,2,english:1841,1,238,maximum,1,1,1,15,0.9375,4.5855,0.9998,36.83
audioseal,2,english:1841,1,238,rand_minmax,1,1,1,15,0.9375,4.3816,0.9998,35.86
audioseal,2,english:1841,1,238,copy_paste,1,1,1,15,0.9375,4.5738,0.9998,36.06
audioseal,2,english:1841,2,239,median,1,1,1,14,0.8750,4.6203,0.9998,37.18
audioseal,2,english:1841,2,239,minimum,1,1,1,13,0.8125,4.5491,0.9997,35.09
audioseal,2,english:1841,2,239,maximum,1,1,1,15,0.9375,4.5377,0.9997,34.90
audioseal,2,english:1841,2,239,rand_minmax,1,1,1,14,0.8750,4.2318,0.9997,34.19
audioseal,2,english:1841,2,239,copy_paste,1,1,1,14,0.8750,4.5932,0.9998,34.37
audioseal,2,english:1867,0,240,median,1,1,1,12,0.7500,4.6183,0.9999,34.18
audioseal,2,english:1867,0,240,minimum,1,1,1,12,0.7500,4.5660,0.9998,31.94
audioseal,2,english:1867,0,240,maximum,1,1,1,12,0.7500,4.5694,0.9998,32.02
audioseal,2,english:1867,0,240,rand_minmax,1,1,1,12,0.7500,4.5604,0.9998,31.17
audioseal,2,english:1867,0,240,copy_paste,1,1,1,13,0.8125,4.5774,0.9999,30.69
audioseal,2,english:1867,1,241,median,1,1,1,14,0.8750,4.6176,0.9999,35.62
audioseal,2,english:1867,1,241,minimum,1,1,1,15,0.9375,4.5263,0.9998,33.24
audioseal,2,english:1867,1,241,maximum,1,1,1,14,0.8750,4.5520,0.9998,33.38
audioseal,2,english:1867,1,241,rand_minmax,1,1,1,14,0.8750,4.4928,0.9999,32.69
audioseal,2,english:1867,1,241,copy_paste,1,0,0,15,0.9375,4.5937,0.9999,32.28
audioseal,2,english:1867,2,242,median,1,1,1,15,0.9375,4.6237,0.9999,34.68
audioseal,2,english:1867,2,242,minimum,1,1,1,14,0.8750,4.5538,0.9998,32.18
audioseal,2,english:1867,2,242,maximum,1,1,1,15,0.9375,4.5700,0.9998,32.40
audioseal,2,english:1867,2,242,rand_minmax,1,1,1,15,0.9375,4.5628,0.9998,31.65
audioseal,2,english:1867,2,242,copy_paste,1,1,1,13,0.8125,4.6029,0.9999,31.60
audioseal,2,english:1898,0,243,median,1,1,1,13,0.8125,4.5850,0.9991,35.09
audioseal,2,english:1898,0,243,minimum,1,1,1,12,0.7500,4.4407,0.9956,32.69
audioseal,2,english:1898,0,243,maximum,1,1,1,13,0.8125,4.4679,0.9966,32.95
audioseal,2,english:1898,0,243,rand_minmax,1,1,0,14,0.8750,4.3582,0.9978,32.10
audioseal,2,english:1898,0,243,copy_paste,1,1,1,12,0.7500,4.5355,0.9984,31.75
audioseal,2,english:1898,1,244,median,1,1,1,13,0.8125,4.6071,0.9987,35.79
audioseal,2,english:1898,1,244,minimum,1,1,1,13,0.8125,4.4151,0.9960,33.51
audioseal,2,english:1898,1,244,maximum,1,1,1,13,0.8125,4.4494,0.9971,33.45
audioseal,2,english:1898,1,244,rand_minmax,1,1,1,13,0.8125,4.3203,0.9977,32.85
audioseal,2,english:1898,1,244,copy_paste,1,1,1,13,0.8125,4.5810,0.9981,33.40
audioseal,2,english:1898,2,245,median,1,1,1,12,0.7500,4.5984,0.9987,34.60
audioseal,2,english:1898,2,245,minimum,1,1,1,11,0.6875,4.4679,0.9961,32.41
audioseal,2,english:1898,2,245,maximum,1,1,1,11,0.6875,4.4921,0.9967,32.37
audioseal,2,english:1898,2,245,rand_minmax,1,1,1,11,0.6875,4.3564,0.9974,31.54
audioseal,2,english:1898,2,245,copy_paste,1,1,1,15,0.9375,4.5377,0.9975,32.45
audioseal,2,english:19,0,246,median,1,0,0,15,0.9375,4.6172,0.9977,40.83
audioseal,2,english:19,0,246,minimum,1,1,1,13,0.8125,4.5781,0.9969,39.01
audioseal,2,english:19,0,246,maximum,1,1,1,13,0.8125,4.5941,0.9969,38.58
audioseal,2,english:19,0,246,rand_minmax,1,0,0,15,0.9375,4.5518,0.9963,37.75
audioseal,2,english:19,0,246,copy_paste,1,0,0,15,0.9375,4.5753,0.9953,37.86
audioseal,2,english:19,1,247,median,1,1,1,14,0.8750,4.6187,0.9970,39.11
audioseal,2,english:19,1,247,minimum,1,1,1,14,0.8750,4.5831,0.9960,36.99
audioseal,2,english:19,1,247,maximum,1,1,1,13,0.8125,4.5801,0.9963,36.99
audioseal,2,english:19,1,247,rand_minmax,1,1,1,13,0.8125,4.4754,0.9954,36.04
audioseal,2,english:19,1,247,copy_paste,1,1,1,15,0.9375,4.5872,0.9949,36.34
audioseal,2,english:19,2,248,median,1,1,0,15,0.9375,4.6174,0.9983,40.20
audioseal,2,english:19,2,248,minimum,1,1,1,14,0.8750,4.5636,0.9978,37.94
audioseal,2,english:19,2,248,maximum,0,0,0,16,1.0000,4.5818,0.9975,37.86
audioseal,2,english:19,2,248,rand_minmax,1,1,0,15,0.9375,4.4961,0.9971,37.24
audioseal,2,english:19,2,248,copy_paste,1,1,1,14,0.8750,4.5824,0.9976,36.67
audioseal,2,english:1926,0,249,median,1,1,1,13,0.8125,4.6088,0.9997,37.52
audioseal,2,english:1926,0,249,minimum,1,1,1,13,0.8125,4.4781,0.9995,35.19
audioseal,2,english:1926,0,249,maximum,1,1,1,12,0.7500,4.4828,0.9996,35.18
audioseal,2,english:1926,0,249,rand_minmax,1,1,1,13,0.8125,4.2821,0.9995,34.53
audioseal,2,english:1926,0,249,copy_paste,1,0,0,15,0.9375,4.5769,0.9995,34.30
audioseal,2,english:1926,1,250,median,1,1,1,12,0.7500,4.6241,0.9998,37.76
audioseal,2,english:1926,1,250,minimum,1,1,1,13,0.8125,4.5115,0.9996,35.56
audioseal,2,english:1926,1,250,maximum,1,1,1,13,0.8125,4.5130,0.9996,35.12
audioseal,2,english:1926,1,250,rand_minmax,1,1,1,12,0.7500,4.3273,0.9997,34.87
audioseal,2,english:1926,1,250,copy_paste,1,1,1,13,0.8125,4.5897,0.9996,34.44
audioseal,2,english:1926,2,251,median,1,1,1,11,0.6875,4.6271,0.9997,36.95
audioseal,2,english:1926,2,251,minimum,1,1,1,12,0.7500,4.4950,0.9996,34.54
audioseal,2,english:1926,2,251,maximum,1,1,1,13,0.8125,4.4933,0.9996,34.79
audioseal,2,english:1926,2,251,rand_minmax,1,1,1,12,0.7500,4.3033,0.9995,33.93
audioseal,2,english:1926,2,251,copy_paste,1,1,1,12,0.7500,4.5978,0.9996,33.88
audioseal,2,english:196,0,252,median,1,1,1,12,0.7500,4.6123,0.9995,37.49
audioseal,2,english:196,0,252,minimum,1,1,1,12,0.7500,4.5906,0.9995,35.17
audioseal,2,english:196,0,252,maximum,1,1,1,13,0.8125,4.5872,0.9995,35.27
audioseal,2,english:196,0,252,rand_minmax,1,1,1,12,0.7500,4.4456,0.9994,34.47
audioseal,2,english:196,0,252,copy_paste,1,1,1,13,0.8125,4.5884,0.9992,35.54
audioseal,2,english:196,1,253,median,1,1,1,12,0.7500,4.6150,0.9996,36.15
audioseal,2,english:196,1,253,minimum,1,1,1,13,0.8125,4.5752,0.9995,33.79
audioseal,2,english:196,1,253,maximum,1,1,1,11,0.6875,4.5735,0.9995,33.97
audioseal,2,english:196,1,253,rand_minmax,1,1,1,11,0.6875,4.3540,0.9995,33.19
audioseal,2,english:196,1,253,copy_paste,1,1,1,12,0.7500,4.5487,0.9994,32.40
audioseal,2,english:196,2,254,median,1,1,1,13,0.8125,4.6075,0.9996,37.06
audioseal,2,english:196,2,254,minimum,1,1,1,13,0.8125,4.5882,0.9996,34.83
audioseal,2,english:196,2,254,maximum,1,1,1,13,0.8125,4.5794,0.9996,34.84
audioseal,2,english:196,2,254,rand_minmax,1,1,1,13,0.8125,4.3685,0.9995,34.19
audioseal,2,english:196,2,254,copy_paste,1,0,0,15,0.9375,4.5934,0.9994,34.24
audioseal,2,english:1963,0,255,median,1,0,0,15,0.9375,4.6354,1.0000,46.04
audioseal,2,english:1963,0,255,minimum,0,0,0,16,1.0000,4.5406,1.0000,43.65
audioseal,2,english:1963,0,255,maximum,0,0,0,16,1.0000,4.5424,1.0000,43.62
audioseal,2,english:1963,0,255,rand_minmax,1,0,0,15,0.9375,4.1473,1.0000,42.91
audioseal,2,english:1963,0,255,copy_paste,1,0,0,15,0.9375,4.6170,1.0000,42.01
audioseal,2,english:1963,1,256,median,1,1,1,12,0.7500,4.6272,1.0000,39.62
audioseal,2,english:1963,1,256,minimum,1,0,0,15,0.9375,4.4129,0.9999,37.00
audioseal,2,english:1963,1,256,maximum,1,1,1,12,0.7500,4.4188,0.9999,37.14
audioseal,2,english:1963,1,256,rand_minmax,1,1,1,12,0.7500,3.7063,0.9998,36.36
audioseal,2,english:1963,1,256,copy_paste,1,1,1,15,0.9375,4.5996,0.9999,35.28
audioseal,2,english:1963,2,257,median,1,1,1,14,0.8750,4.6266,1.0000,43.48
audioseal,2,english:1963,2,257,minimum,1,0,0,15,0.9375,4.4638,1.0000,40.98
audioseal,2,english:1963,2,257,maximum,1,1,1,13,0.8125,4.4662,1.0000,40.92
audioseal,2,english:1963,2,257,rand_minmax,1,1,1,14,0.8750,3.9952,0.9999,40.66
audioseal,2,english:1963,2,257,copy_paste,1,0,0,15,0.9375,4.6077,1.0000,42.91
audioseal,2,english:1970,0,258,median,1,1,1,13,0.8125,4.6102,0.9992,36.77
audioseal,2,english:1970,0,258,minimum,1,1,1,13,0.8125,4.4961,0.9989,34.33
audioseal,2,english:1970,0,258,maximum,1,1,1,13,0.8125,4.5346,0.9988,34.08
audioseal,2,english:1970,0,258,rand_minmax,1,1,1,13,0.8125,4.2281,0.9984,33.71
audioseal,2,english:1970,0,258,copy_paste,1,1,1,13,0.8125,4.5880,0.9983,36.45
audioseal,2,english:1970,1,259,median,1,1,1,13,0.8125,4.6169,0.9989,40.50
audioseal,2,english:1970,1,259,minimum,1,1,1,14,0.8750,4.6047,0.9986,38.31
audioseal,2,english:1970,1,259,maximum,1,1,1,13,0.8125,4.5938,0.9985,38.34
audioseal,2,english:1970,1,259,rand_minmax,1,1,1,12,0.7500,4.4050,0.9983,37.52
audioseal,2,english:1970,1,259,copy_paste,1,1,1,13,0.8125,4.5897,0.9977,38.33
audioseal,2,english:1970,2,260,median,1,1,1,14,0.8750,4.6209,0.9994,42.41
audioseal,2,english:1970,2,260,minimum,1,1,1,14,0.8750,4.6141,0.9992,40.51
audioseal,2,english:1970,2,260,maximum,1,1,1,13,0.8125,4.6095,0.9993,40.27
audioseal,2,english:1970,2,260,rand_minmax,1,1,1,13,0.8125,4.5704,0.9990,39.39
audioseal,2,english:1970,2,260,copy_paste,1,1,1,14,0.8750,4.6006,0.9989,40.18
audioseal,2,english:198,0,261,median,1,1,1,13,0.8125,4.6114,0.9996,36.58
audioseal,2,english:198,0,261,minimum,1,1,1,12,0.7500,4.5522,0.9993,34.86
audioseal,2,english:198,0,261,maximum,1,1,1,14,0.8750,4.5525,0.9994,34.50
audioseal,2,english:198,0,261,rand_minmax,1,1,1,14,0.8750,4.1710,0.9991,33.58
audioseal,2,english:198,0,261,copy_paste,1,1,1,14,0.8750,4.5731,0.9992,33.77
audioseal,2,english:198,1,262,median,1,1,1,13,0.8125,4.6088,0.9998,37.48
audioseal,2,english:198,1,262,minimum,1,1,1,13,0.8125,4.5693,0.9995,35.19
audioseal,2,english:198,1,262,maximum,1,1,1,14,0.8750,4.5676,0.9996,35.94
audioseal,2,english:198,1,262,rand_minmax,1,1,1,13,0.8125,4.2695,0.9994,34.47
audioseal,2,english:198,1,262,copy_paste,1,1,1,13,0.8125,4.5686,0.9996,34.17
audioseal,2,english:198,2,263,median,1,1,1,14,0.8750,4.6100,0.9997,37.73
audioseal,2,english:198,2,263,minimum,1,1,1,14,0.8750,4.5853,0.9996,35.58
audioseal,2,english:198,2,263,maximum,1,1,1,14,0.8750,4.5787,0.9996,36.04
audioseal,2,english:198,2,263,rand_minmax,1,1,1,14,0.8750,4.2874,0.9994,34.70
audioseal,2,english:198,2,263,copy_paste,1,0,0,15,0.9375,4.5778,0.9995,34.96
audioseal,2,english:1992,0,264,median,1,1,1,12,0.7500,4.6009,0.9993,39.47
audioseal,2,english:1992,0,264,minimum,1,1,1,13,0.8125,4.4758,0.9989,37.41
audioseal,2,english:1992,0,264,maximum,1,1,1,11,0.6875,4.4843,0.9988,37.31
audioseal,2,english:1992,0,264,rand_minmax,1,1,1,12,0.7500,4.3578,0.9987,36.41
audioseal,2,english:1992,0,264,copy_paste,1,0,0,15,0.9375,4.5449,0.9987,36.44
audioseal,2,english:1992,1,265,median,1,1,1,12,0.7500,4.5971,0.9995,42.41
audioseal,2,english:1992,1,265,minimum,1,1,1,12,0.7500,4.5680,0.9992,40.19
audioseal,2,english:1992,1,265,maximum,1,1,1,13,0.8125,4.5677,0.9990,40.81
audioseal,2,english:1992,1,265,rand_minmax,1,1,1,12,0.7500,4.5224,0.9990,39.41
audioseal,2,english:1992,1,265,copy_paste,1,1,1,13,0.8125,4.5476,0.9991,39.55
audioseal,2,english:1992,2,266,median,1,1,1,12,0.7500,4.6084,0.9995,41.45
audioseal,2,english:1992,2,266,minimum,1,1,1,12,0.7500,4.5713,0.9992,38.99
audioseal,2,english:1992,2,266,maximum,1,1,1,12,0.7500,4.5733,0.9993,39.82
audioseal,2,english:1992,2,266,rand_minmax,1,1,1,12,0.7500,4.4702,0.9992,38.38
audioseal,2,english:1992,2,266,copy_paste,1,1,1,13,0.8125,4.5485,0.9989,38.65
audioseal,2,english:200,0,267,median,1,1,1,13,0.8125,4.5973,0.9993,38.05
audioseal,2,english:200,0,267,minimum,1,1,1,12,0.7500,4.4861,0.9987,35.63
audioseal,2,english:200,0,267,maximum,1,1,1,14,0.8750,4.4663,0.9988,35.86
audioseal,2,english:200,0,267,rand_minmax,1,1,1,13,0.8125,4.0401,0.9986,34.96
audioseal,2,english:200,0,267,copy_paste,1,0,0,15,0.9375,4.5459,0.9985,35.09
audioseal,2,english:200,1,268,median,1,1,1,13,0.8125,4.5974,0.9996,40.67
audioseal,2,english:200,1,268,minimum,1,1,1,14,0.8750,4.5662,0.9994,38.53
audioseal,2,english:200,1,268,maximum,1,1,1,13,0.8125,4.5740,0.9994,38.80
audioseal,2,english:200,1,268,rand_minmax,1,1,1,13,0.8125,4.3323,0.9994,37.66
audioseal,2,english:200,1,268,copy_paste,1,1,1,13,0.8125,4.5457,0.9994,38.36
audioseal,2,english:200,2,269,median,1,1,1,12,0.7500,4.6123,0.9992,38.72
audioseal,2,english:200,2,269,minimum,1,1,1,12,0.7500,4.5687,0.9990,36.22
audioseal,2,english:200,2,269,maximum,1,1,1,13,0.8125,4.5640,0.9990,36.87
audioseal,2,english:200,2,269,rand_minmax,1,1,1,12,0.7500,4.1366,0.9988,35.70
audioseal,2,english:200,2,269,copy_paste,1,1,1,12,0.7500,4.5629,0.9985,35.50
audioseal,2,english:2002,0,270,median,1,1,1,12,0.7500,4.6137,0.9998,38.48
audioseal,2,english:2002,0,270,minimum,1,1,1,11,0.6875,4.5449,0.9991,35.99
audioseal,2,english:2002,0,270,maximum,1,1,1,11,0.6875,4.5507,0.9992,36.71
audioseal,2,english:2002,0,270,rand_minmax,1,1,1,12,0.7500,4.1010,0.9981,35.46
audioseal,2,english:2002,0,270,copy_paste,1,1,1,13,0.8125,4.5871,0.9995,35.47
audioseal,2,english:2002,1,271,median,1,1,1,13,0.8125,4.6125,0.9998,37.17
audioseal,2,english:2002,1,271,minimum,1,1,1,13,0.8125,4.4423,0.9976,34.56
audioseal,2,english:2002,1,271,maximum,1,1,1,12,0.7500,4.4407,0.9978,34.99
audioseal,2,english:2002,1,271,rand_minmax,1,1,1,13,0.8125,3.8801,0.9962,34.12
audioseal,2,english:2002,1,271,copy_paste,1,1,1,12,0.7500,4.5734,0.9996,33.87
audioseal,2,english:2002,2,272,median,1,1,1,12,0.7500,4.6105,0.9998,38.43
audioseal,2,english:2002,2,272,minimum,1,1,1,13,0.8125,4.4972,0.9983,36.24
audioseal,2,english:2002,2,272,maximum,1,1,1,12,0.7500,4.4949,0.9984,35.93
audioseal,2,english:2002,2,272,rand_minmax,1,1,1,13,0.8125,4.1021,0.9976,35.51
audioseal,2,english:2002,2,272,copy_paste,1,1,1,13,0.8125,4.5673,0.9996,34.71
audioseal,2,english:2007,0,273,median,1,1,1,10,0.6250,4.5804,0.9997,32.30
audioseal,2,english:2007,0,273,minimum,1,1,1,11,0.6875,4.2106,0.9966,29.61
audioseal,2,english:2007,0,273,maximum,1,1,1,11,0.6875,4.2116,0.9964,29.60
audioseal,2,english:2007,0,273,rand_minmax,1,1,1,10,0.6250,3.6648,0.9981,29.02
audioseal,2,english:2007,0,273,copy_paste,1,1,1,10,0.6250,4.5561,0.9994,28.16
audioseal,2,english:2007,1,274,median,1,1,1,11,0.6875,4.6125,0.9997,35.88
audioseal,2,english:2007,1,274,minimum,1,1,1,10,0.6250,4.4544,0.9986,33.59
audioseal,2,english:2007,1,274,maximum,1,1,1,11,0.6875,4.4659,0.9985,33.49
audioseal,2,english:2007,1,274,rand_minmax,1,1,1,10,0.6250,3.9766,0.9992,32.80
audioseal,2,english:2007,1,274,copy_paste,1,1,1,10,0.6250,4.5603,0.9994,31.88
audioseal,2,english:2007,2,275,median,1,1,1,13,0.8125,4.5778,0.9997,32.76
audioseal,2,english:2007,2,275,minimum,1,1,1,13,0.8125,4.2314,0.9971,30.03
audioseal,2,english:2007,2,275,maximum,1,1,1,13,0.8125,4.2344,0.9970,30.11
audioseal,2,english:2007,2,275,rand_minmax,1,1,1,13,0.8125,3.7198,0.9980,29.79
audioseal,2,english:2007,2,275,copy_paste,1,1,1,12,0.7500,4.5536,0.9995,29.53
audioseal,2,english:201,0,276,median,1,1,1,11,0.6875,4.5893,0.9998,35.07
audioseal,2,english:201,0,276,minimum,1,1,1,12,0.7500,4.4645,0.9996,32.71
audioseal,2,english:201,0,276,maximum,1,1,1,13,0.8125,4.4679,0.9996,32.59
audioseal,2,english:201,0,276,rand_minmax,1,1,1,12,0.7500,4.0527,0.9993,32.25
audioseal,2,english:201,0,276,copy_paste,1,0,0,15,0.9375,4.5543,0.9995,30.37
audioseal,2,english:201,1,277,median,1,1,1,12,0.7500,4.5944,0.9998,33.32
audioseal,2,english:201,1,277,minimum,1,1,1,12,0.7500,4.4699,0.9995,30.92
audioseal,2,english:201,1,277,maximum,1,1,1,12,0.7500,4.4703,0.9995,30.93
audioseal,2,english:201,1,277,rand_minmax,1,1,1,12,0.7500,4.0123,0.9990,30.38
audioseal,2,english:201,1,277,copy_paste,1,1,1,12,0.7500,4.5453,0.9995,31.78
audioseal,2,english:201,2,278,median,1,1,1,12,0.7500,4.6207,0.9998,36.53
audioseal,2,english:201,2,278,minimum,1,1,1,12,0.7500,4.5961,0.9997,34.35
audioseal,2,english:201,2,278,maximum,1,1,1,13,0.8125,4.5925,0.9998,34.54
audioseal,2,english:201,2,278,rand_minmax,1,1,1,12,0.7500,4.2572,0.9997,33.51
audioseal,2,english:201,2,278,copy_paste,1,1,1,14,0.8750,4.5954,0.9997,33.66
audioseal,2,english:2092,0,279,median,1,1,1,13,0.8125,4.6113,0.9960,38.74
audioseal,2,english:2092,0,279,minimum,1,0,0,15,0.9375,4.5906,0.9932,36.51
audioseal,2,english:2092,0,279,maximum,1,1,1,13,0.8125,4.5883,0.9946,36.12
audioseal,2,english:2092,0,279,rand_minmax,1,1,1,13,0.8125,3.9629,0.9926,35.80
audioseal,2,english:2092,0,279,copy_paste,1,1,1,13,0.8125,4.5617,0.9925,35.41
audioseal,2,english:2092,1,280,median,1,1,1,13,0.8125,4.6011,0.9926,38.44
audioseal,2,english:2092,1,280,minimum,1,1,1,13,0.8125,4.5644,0.9872,36.36
audioseal,2,english:2092,1,280,maximum,1,1,1,14,0.8750,4.5589,0.9920,35.94
audioseal,2,english:2092,1,280,rand_minmax,1,1,1,13,0.8125,3.9260,0.9851,35.37
audioseal,2,english:2092,1,280,copy_paste,1,0,0,15,0.9375,4.5693,0.9874,35.09
audioseal,2,english:2092,2,281,median,1,1,1,12,0.7500,4.6037,0.9934,38.94
audioseal,2,english:2092,2,281,minimum,1,1,1,12,0.7500,4.5932,0.9926,36.85
audioseal,2,english:2092,2,281,maximum,1,1,1,13,0.8125,4.5840,0.9889,36.53
audioseal,2,english:2092,2,281,rand_minmax,1,1,1,12,0.7500,4.0046,0.9879,36.00
audioseal,2,english:2092,2,281,copy_paste,1,1,1,13,0.8125,4.5674,0.9882,36.15
audioseal,2,english:211,0,282,median,1,1,1,14,0.8750,4.6273,0.9997,39.59
audioseal,2,english:211,0,282,minimum,1,1,1,14,0.8750,4.6065,0.9994,37.49
audioseal,2,english:211,0,282,maximum,1,1,1,14,0.8750,4.6031,0.9994,37.62
audioseal,2,english:211,0,282,rand_minmax,1,1,1,14,0.8750,4.6091,0.9994,36.51
audioseal,2,english:211,0,282,copy_paste,1,1,0,15,0.9375,4.5925,0.9992,36.62
audioseal,2,english:211,1,283,median,1,1,1,13,0.8125,4.6130,0.9992,37.80
audioseal,2,english:211,1,283,minimum,1,1,1,12,0.7500,4.5552,0.9985,35.59
audioseal,2,english:211,1,283,maximum,1,1,1,12,0.7500,4.5706,0.9987,35.74
audioseal,2,english:211,1,283,rand_minmax,1,1,1,12,0.7500,4.5735,0.9988,34.79
audioseal,2,english:211,1,283,copy_paste,1,1,1,13,0.8125,4.5573,0.9986,33.96
audioseal,2,english:211,2,284,median,1,1,1,12,0.7500,4.6035,0.9992,37.85
audioseal,2,english:211,2,284,minimum,1,1,1,11,0.6875,4.5154,0.9988,35.55
audioseal,2,english:211,2,284,maximum,1,1,1,12,0.7500,4.5215,0.9989,35.62
audioseal,2,english:211,2,284,rand_minmax,1,1,1,12,0.7500,4.5523,0.9989,34.85
audioseal,2,english:211,2,284,copy_paste,1,1,1,13,0.8125,4.5736,0.9983,35.44
audioseal,2,english:2136,0,285,median,1,1,1,13,0.8125,4.6202,0.9998,37.29
audioseal,2,english:2136,0,285,minimum,1,1,0,15,0.9375,4.4398,0.9986,34.86
audioseal,2,english:2136,0,285,maximum,1,1,1,12,0.7500,4.4169,0.9984,34.71
audioseal,2,english:2136,0,285,rand_minmax,1,1,1,13,0.8125,3.9632,0.9976,34.13
audioseal,2,english:2136,0,285,copy_paste,0,0,0,16,1.0000,4.5927,0.9996,33.22
audioseal,2,english:2136,1,286,median,1,1,0,15,0.9375,4.6238,0.9999,41.79
audioseal,2,english:2136,1,286,minimum,1,1,0,15,0.9375,4.5187,0.9998,39.20
audioseal,2,english:2136,1,286,maximum,1,1,0,15,0.9375,4.5271,0.9998,39.50
audioseal,2,english:2136,1,286,rand_minmax,1,1,0,15,0.9375,4.2321,0.9991,38.82
audioseal,2,english:2136,1,286,copy_paste,1,0,0,15,0.9375,4.6090,0.9998,39.95
audioseal,2,english:2136,2,287,median,1,1,1,13,0.8125,4.6084,0.9998,36.59
audioseal,2,english:2136,2,287,minimum,1,1,1,15,0.9375,4.3858,0.9985,34.12
audioseal,2,english:2136,2,287,maximum,1,1,1,13,0.8125,4.3662,0.9983,33.81
audioseal,2,english:2136,2,287,rand_minmax,1,1,1,13,0.8125,3.9360,0.9979,33.74
audioseal,2,english:2136,2,287,copy_paste,0,0,0,16,1.0000,4.5761,0.9996,31.43
audioseal,2,english:2159,0,288,median,1,1,1,12,0.7500,4.6210,0.9995,36.52
audioseal,2,english:2159,0,288,minimum,1,1,1,13,0.8125,4.6021,0.9993,33.71
audioseal,2,english:2159,0,288,maximum,1,1,1,12,0.7500,4.5993,0.9993,34.77
audioseal,2,english:2159,0,288,rand_minmax,1,1,1,13,0.8125,4.4823,0.9991,33.49
audioseal,2,english:2159,0,288,copy_paste,1,1,1,14,0.8750,4.5922,0.9990,33.44
audioseal,2,english:2159,1,289,median,1,1,1,13,0.8125,4.6133,0.9994,35.63
audioseal,2,english:2159,1,289,minimum,1,1,1,13,0.8125,4.5301,0.9992,33.51
audioseal,2,english:2159,1,289,maximum,1,1,1,13,0.8125,4.5206,0.9990,32.95
audioseal,2,english:2159,1,289,rand_minmax,1,1,1,14,0.8750,4.2926,0.9988,32.55
audioseal,2,english:2159,1,289,copy_paste,1,0,0,15,0.9375,4.5810,0.9990,32.52
audioseal,2,english:2159,2,290,median,1,1,1,12,0.7500,4.6213,0.9995,35.63
audioseal,2,english:2159,2,290,minimum,1,1,1,13,0.8125,4.5945,0.9994,33.52
audioseal,2,english:2159,2,290,maximum,1,1,1,12,0.7500,4.5899,0.9993,33.13
audioseal,2,english:2159,2,290,rand_minmax,1,1,1,12,0.7500,4.4878,0.9991,32.71
audioseal,2,english:2159,2,290,copy_paste,1,1,1,13,0.8125,4.5816,0.9992,33.53
audioseal,2,english:2182,0,291,median,1,1,1,11,0.6875,4.5833,0.9978,33.01
audioseal,2,english:2182,0,291,minimum,1,1,1,10,0.6250,4.3529,0.9965,30.45
audioseal,2,english:2182,0,291,maximum,1,1,1,11,0.6875,4.3954,0.9963,30.42
audioseal,2,english:2182,0,291,rand_minmax,1,1,1,10,0.6250,3.8549,0.9961,30.38
audioseal,2,english:2182,0,291,copy_paste,1,1,1,14,0.8750,4.5408,0.9973,34.16
audioseal,2,english:2182,1,292,median,1,1,1,13,0.8125,4.6059,0.9988,36.48
audioseal,2,english:2182,1,292,minimum,1,1,1,13,0.8125,4.4519,0.9983,34.12
audioseal,2,english:2182,1,292,maximum,1,1,1,12,0.7500,4.4786,0.9980,33.97
audioseal,2,english:2182,1,292,rand_minmax,1,1,1,13,0.8125,4.0709,0.9978,33.33
audioseal,2,english:2182,1,292,copy_paste,1,1,1,13,0.8125,4.5608,0.9982,31.97
audioseal,2,english:2182,2,293,median,1,1,1,11,0.6875,4.6028,0.9990,36.34
audioseal,2,english:2182,2,293,minimum,1,1,1,12,0.7500,4.5492,0.9983,34.16
audioseal,2,english:2182,2,293,maximum,1,1,1,11,0.6875,4.5555,0.9984,34.11
audioseal,2,english:2182,2,293,rand_minmax,1,1,1,11,0.6875,4.1092,0.9985,33.31
audioseal,2,english:2182,2,293,copy_paste,1,1,1,15,0.9375,4.5559,0.9981,33.60
audioseal,2,english:2196,0,294,median,1,1,1,13,0.8125,4.6066,0.9999,30.67
audioseal,2,english:2196,0,294,minimum,1,1,1,13,0.8125,4.1285,0.9954,28.04
audioseal,2,english:2196,0,294,maximum,1,1,1,12,0.7500,4.1270,0.9950,28.23
audioseal,2,english:2196,0,294,rand_minmax,1,1,1,13,0.8125,3.5401,0.9906,27.61
audioseal,2,english:2196,0,294,copy_paste,1,1,1,13,0.8125,4.5469,0.9997,28.28
audioseal,2,english:2196,1,295,median,1,1,1,12,0.7500,4.6145,0.9999,36.10
audioseal,2,english:2196,1,295,minimum,1,1,1,12,0.7500,4.5178,0.9985,34.26
audioseal,2,english:2196,1,295,maximum,1,1,1,12,0.7500,4.5221,0.9986,34.12
audioseal,2,english:2196,1,295,rand_minmax,1,1,1,13,0.8125,4.0372,0.9977,33.02
audioseal,2,english:2196,1,295,copy_paste,1,1,1,13,0.8125,4.5811,0.9998,33.23
audioseal,2,english:2196,2,296,median,1,1,1,12,0.7500,4.6025,0.9999,32.25
audioseal,2,english:2196,2,296,minimum,1,1,1,13,0.8125,4.2281,0.9965,29.77
audioseal,2,english:2196,2,296,maximum,1,1,1,11,0.6875,4.2281,0.9961,29.77
audioseal,2,english:2196,2,296,rand_minmax,1,1,1,12,0.7500,3.6874,0.9931,29.44
audioseal,2,english:2196,2,296,copy_paste,1,1,1,12,0.7500,4.5450,0.9998,29.03
audioseal,2,english:226,0,297,median,1,1,1,11,0.6875,4.6024,0.9963,32.90
audioseal,2,english:226,0,297,minimum,1,1,1,11,0.6875,4.5301,0.9939,30.69
audioseal,2,english:226,0,297,maximum,1,1,1,11,0.6875,4.5228,0.9935,30.83
audioseal,2,english:226,0,297,rand_minmax,1,1,1,11,0.6875,4.4792,0.9943,29.86
audioseal,2,english:226,0,297,copy_paste,1,1,1,13,0.8125,4.5473,0.9938,29.64
audioseal,2,english:226,1,298,median,1,1,1,11,0.6875,4.6002,0.9970,34.35
audioseal,2,english:226,1,298,minimum,1,1,1,11,0.6875,4.4688,0.9946,32.19
audioseal,2,english:226,1,298,maximum,1,1,1,12,0.7500,4.4815,0.9957,31.95
audioseal,2,english:226,1,298,rand_minmax,1,1,1,11,0.6875,4.4302,0.9950,31.50
audioseal,2,english:226,1,298,copy_paste,1,1,1,11,0.6875,4.5413,0.9933,32.82
audioseal,2,english:226,2,299,median,1,1,1,11,0.6875,4.6092,0.9961,32.02
audioseal,2,english:226,2,299,minimum,1,1,1,10,0.6250,4.4599,0.9946,29.64
audioseal,2,english:226,2,299,maximum,1,1,1,10,0.6250,4.4620,0.9941,29.65
audioseal,2,english:226,2,299,rand_minmax,1,1,1,11,0.6875,4.3120,0.9942,29.03
audioseal,2,english:226,2,299,copy_paste,1,1,1,12,0.7500,4.5525,0.9939,30.32
