model,K,spk,local_t,gi,method,ASR,R3_escape,R5_escape,ACC_near,ACC_near_norm,PESQ,STOI,SI_SDR
audioseal,8,chinese:SSB0005,0,0,median,1,1,1,13,0.8125,4.5820,0.9991,36.95
audioseal,8,chinese:SSB0005,0,0,minimum,1,1,1,12,0.7500,4.3211,0.9956,32.09
audioseal,8,chinese:SSB0005,0,0,maximum,1,1,1,13,0.8125,4.2831,0.9954,32.03
audioseal,8,chinese:SSB0005,0,0,rand_minmax,1,1,1,13,0.8125,3.1168,0.9896,30.39
audioseal,8,chinese:SSB0005,0,0,copy_paste,1,1,1,13,0.8125,4.5500,0.9988,33.52
audioseal,8,chinese:SSB0005,1,1,median,1,1,1,12,0.7500,4.5820,0.9993,34.94
audioseal,8,chinese:SSB0005,1,1,minimum,1,1,1,13,0.8125,4.3461,0.9961,32.33
audioseal,8,chinese:SSB0005,1,1,maximum,1,1,1,12,0.7500,4.3087,0.9959,32.32
audioseal,8,chinese:SSB0005,1,1,rand_minmax,1,1,1,12,0.7500,3.1446,0.9901,30.72
audioseal,8,chinese:SSB0005,1,1,copy_paste,1,1,1,14,0.8750,4.5652,0.9989,32.86
audioseal,8,chinese:SSB0005,2,2,median,1,1,1,14,0.8750,4.5834,0.9994,36.40
audioseal,8,chinese:SSB0005,2,2,minimum,1,1,1,11,0.6875,4.2631,0.9953,32.34
audioseal,8,chinese:SSB0005,2,2,maximum,1,1,1,12,0.7500,4.2373,0.9945,32.27
audioseal,8,chinese:SSB0005,2,2,rand_minmax,1,1,1,11,0.6875,3.1303,0.9907,30.64
audioseal,8,chinese:SSB0005,2,2,copy_paste,1,1,1,11,0.6875,4.5716,0.9990,32.50
audioseal,8,chinese:SSB0009,0,3,median,1,1,1,12,0.7500,4.5943,0.9996,32.71
audioseal,8,chinese:SSB0009,0,3,minimum,1,1,1,14,0.8750,4.4775,0.9985,30.75
audioseal,8,chinese:SSB0009,0,3,maximum,1,1,1,12,0.7500,4.4690,0.9985,30.77
audioseal,8,chinese:SSB0009,0,3,rand_minmax,1,1,1,13,0.8125,3.7338,0.9977,28.90
audioseal,8,chinese:SSB0009,0,3,copy_paste,1,1,1,13,0.8125,4.5525,0.9993,30.76
audioseal,8,chinese:SSB0009,1,4,median,1,1,1,13,0.8125,4.5951,0.9997,32.90
audioseal,8,chinese:SSB0009,1,4,minimum,1,1,1,11,0.6875,4.4487,0.9988,30.81
audioseal,8,chinese:SSB0009,1,4,maximum,1,1,1,14,0.8750,4.4406,0.9987,30.77
audioseal,8,chinese:SSB0009,1,4,rand_minmax,1,1,1,13,0.8125,3.7040,0.9977,28.94
audioseal,8,chinese:SSB0009,1,4,copy_paste,1,1,1,12,0.7500,4.5586,0.9994,31.05
audioseal,8,chinese:SSB0009,2,5,median,1,1,1,14,0.8750,4.6012,0.9997,33.97
audioseal,8,chinese:SSB0009,2,5,minimum,1,1,1,12,0.7500,4.4773,0.9990,30.99
audioseal,8,chinese:SSB0009,2,5,maximum,1,1,1,14,0.8750,4.4717,0.9989,30.99
audioseal,8,chinese:SSB0009,2,5,rand_minmax,1,1,1,14,0.8750,3.6746,0.9976,28.96
audioseal,8,chinese:SSB0009,2,5,copy_paste,1,1,1,14,0.8750,4.5552,0.9994,30.75
audioseal,8,chinese:SSB0011,0,6,median,1,1,1,15,0.9375,4.5027,0.9983,30.32
audioseal,8,chinese:SSB0011,0,6,minimum,1,1,1,11,0.6875,3.6595,0.9969,29.15
audioseal,8,chinese:SSB0011,0,6,maximum,1,1,1,11,0.6875,3.6139,0.9969,29.18
audioseal,8,chinese:SSB0011,0,6,rand_minmax,1,1,1,11,0.6875,2.2524,0.9871,27.45
audioseal,8,chinese:SSB0011,0,6,copy_paste,1,1,1,13,0.8125,4.4684,0.9973,28.37
audioseal,8,chinese:SSB0011,1,7,median,1,1,1,11,0.6875,4.4944,0.9985,32.62
audioseal,8,chinese:SSB0011,1,7,minimum,1,1,1,11,0.6875,4.1652,0.9974,29.02
audioseal,8,chinese:SSB0011,1,7,maximum,1,1,1,12,0.7500,4.2140,0.9973,28.97
audioseal,8,chinese:SSB0011,1,7,rand_minmax,1,1,1,11,0.6875,2.1911,0.9867,27.19
audioseal,8,chinese:SSB0011,1,7,copy_paste,1,1,1,12,0.7500,4.4860,0.9976,29.82
audioseal,8,chinese:SSB0011,2,8,median,1,1,1,12,0.7500,4.5089,0.9984,33.56
audioseal,8,chinese:SSB0011,2,8,minimum,1,1,1,13,0.8125,4.2657,0.9977,29.84
audioseal,8,chinese:SSB0011,2,8,maximum,1,1,1,13,0.8125,4.2678,0.9975,29.73
audioseal,8,chinese:SSB0011,2,8,rand_minmax,1,1,1,13,0.8125,2.2919,0.9880,27.85
audioseal,8,chinese:SSB0011,2,8,copy_paste,1,1,1,12,0.7500,4.4629,0.9974,29.91
audioseal,8,chinese:SSB0012,0,9,median,1,1,1,12,0.7500,4.5455,0.9994,33.78
audioseal,8,chinese:SSB0012,0,9,minimum,1,1,1,12,0.7500,3.8959,0.9937,28.52
audioseal,8,chinese:SSB0012,0,9,maximum,1,1,1,12,0.7500,3.9080,0.9935,28.50
audioseal,8,chinese:SSB0012,0,9,rand_minmax,1,1,1,12,0.7500,3.2189,0.9919,27.39
audioseal,8,chinese:SSB0012,0,9,copy_paste,1,1,1,13,0.8125,4.5525,0.9990,30.70
audioseal,8,chinese:SSB0012,1,10,median,1,1,1,12,0.7500,4.5773,0.9993,34.71
audioseal,8,chinese:SSB0012,1,10,minimum,1,1,1,12,0.7500,3.9911,0.9932,29.21
audioseal,8,chinese:SSB0012,1,10,maximum,1,1,1,12,0.7500,4.0568,0.9935,29.22
audioseal,8,chinese:SSB0012,1,10,rand_minmax,1,1,1,12,0.7500,3.2087,0.9920,27.85
audioseal,8,chinese:SSB0012,1,10,copy_paste,1,1,1,12,0.7500,4.5522,0.9990,30.59
audioseal,8,chinese:SSB0012,2,11,median,1,1,1,13,0.8125,4.5636,0.9993,31.28
audioseal,8,chinese:SSB0012,2,11,minimum,1,1,1,12,0.7500,4.1324,0.9953,29.88
audioseal,8,chinese:SSB0012,2,11,maximum,1,1,1,12,0.7500,4.1609,0.9951,29.89
audioseal,8,chinese:SSB0012,2,11,rand_minmax,1,1,1,12,0.7500,3.3412,0.9940,28.64
audioseal,8,chinese:SSB0012,2,11,copy_paste,1,1,1,15,0.9375,4.5302,0.9988,29.90
audioseal,8,chinese:SSB0016,0,12,median,1,1,1,11,0.6875,4.2465,0.9976,31.64
audioseal,8,chinese:SSB0016,0,12,minimum,1,1,1,12,0.7500,3.7286,0.9966,27.95
audioseal,8,chinese:SSB0016,0,12,maximum,1,1,1,11,0.6875,3.7426,0.9964,27.99
audioseal,8,chinese:SSB0016,0,12,rand_minmax,1,1,1,13,0.8125,2.2879,0.9772,26.22
audioseal,8,chinese:SSB0016,0,12,copy_paste,1,1,1,11,0.6875,4.4345,0.9963,28.82
audioseal,8,chinese:SSB0016,1,13,median,1,1,1,12,0.7500,4.3841,0.9981,32.23
audioseal,8,chinese:SSB0016,1,13,minimum,1,1,1,12,0.7500,3.9852,0.9965,28.08
audioseal,8,chinese:SSB0016,1,13,maximum,1,1,1,12,0.7500,3.9541,0.9966,28.12
audioseal,8,chinese:SSB0016,1,13,rand_minmax,1,1,1,12,0.7500,2.3536,0.9787,26.32
audioseal,8,chinese:SSB0016,1,13,copy_paste,1,1,1,12,0.7500,4.4550,0.9971,28.68
audioseal,8,chinese:SSB0016,2,14,median,1,1,1,12,0.7500,4.3474,0.9973,31.55
audioseal,8,chinese:SSB0016,2,14,minimum,1,1,1,12,0.7500,3.8973,0.9965,28.30
audioseal,8,chinese:SSB0016,2,14,maximum,1,1,1,13,0.8125,3.8961,0.9966,28.25
audioseal,8,chinese:SSB0016,2,14,rand_minmax,1,1,1,12,0.7500,2.3917,0.9782,26.57
audioseal,8,chinese:SSB0016,2,14,copy_paste,1,1,1,13,0.8125,4.4591,0.9965,28.81
audioseal,8,chinese:SSB0018,0,15,median,1,1,1,11,0.6875,4.5305,0.9995,33.58
audioseal,8,chinese:SSB0018,0,15,minimum,1,1,1,12,0.7500,4.2801,0.9955,30.82
audioseal,8,chinese:SSB0018,0,15,maximum,1,1,1,11,0.6875,4.2637,0.9961,30.71
audioseal,8,chinese:SSB0018,0,15,rand_minmax,1,1,1,11,0.6875,2.9949,0.9918,29.18
audioseal,8,chinese:SSB0018,0,15,copy_paste,1,1,1,11,0.6875,4.5460,0.9992,31.24
audioseal,8,chinese:SSB0018,1,16,median,1,1,1,13,0.8125,4.5591,0.9996,35.78
audioseal,8,chinese:SSB0018,1,16,minimum,1,1,1,11,0.6875,4.3474,0.9960,31.00
audioseal,8,chinese:SSB0018,1,16,maximum,1,1,1,12,0.7500,4.3414,0.9964,30.88
audioseal,8,chinese:SSB0018,1,16,rand_minmax,1,1,1,11,0.6875,3.0122,0.9925,29.29
audioseal,8,chinese:SSB0018,1,16,copy_paste,1,1,1,12,0.7500,4.5373,0.9992,30.93
audioseal,8,chinese:SSB0018,2,17,median,1,1,1,12,0.7500,4.5198,0.9995,33.40
audioseal,8,chinese:SSB0018,2,17,minimum,1,1,1,13,0.8125,4.3708,0.9974,31.46
audioseal,8,chinese:SSB0018,2,17,maximum,1,1,1,12,0.7500,4.3684,0.9976,31.49
audioseal,8,chinese:SSB0018,2,17,rand_minmax,1,1,1,11,0.6875,3.0924,0.9940,29.92
audioseal,8,chinese:SSB0018,2,17,copy_paste,1,1,1,12,0.7500,4.5240,0.9992,31.30
audioseal,8,chinese:SSB0033,0,18,median,1,1,1,14,0.8750,4.5774,0.9995,38.96
audioseal,8,chinese:SSB0033,0,18,minimum,1,1,1,13,0.8125,4.4741,0.9991,35.88
audioseal,8,chinese:SSB0033,0,18,maximum,1,1,1,13,0.8125,4.4639,0.9991,35.81
audioseal,8,chinese:SSB0033,0,18,rand_minmax,1,1,1,13,0.8125,3.5470,0.9980,34.08
audioseal,8,chinese:SSB0033,0,18,copy_paste,1,1,1,13,0.8125,4.5510,0.9992,36.20
audioseal,8,chinese:SSB0033,1,19,median,1,1,1,14,0.8750,4.5869,0.9994,39.22
audioseal,8,chinese:SSB0033,1,19,minimum,1,1,1,12,0.7500,4.4295,0.9991,35.75
audioseal,8,chinese:SSB0033,1,19,maximum,1,1,1,13,0.8125,4.4505,0.9991,35.79
audioseal,8,chinese:SSB0033,1,19,rand_minmax,1,1,1,12,0.7500,3.4941,0.9979,33.95
audioseal,8,chinese:SSB0033,1,19,copy_paste,1,1,1,12,0.7500,4.5472,0.9990,36.48
audioseal,8,chinese:SSB0033,2,20,median,1,1,1,12,0.7500,4.5781,0.9994,38.60
audioseal,8,chinese:SSB0033,2,20,minimum,1,1,1,12,0.7500,4.4522,0.9992,35.28
audioseal,8,chinese:SSB0033,2,20,maximum,1,1,1,11,0.6875,4.4469,0.9992,35.58
audioseal,8,chinese:SSB0033,2,20,rand_minmax,1,1,1,12,0.7500,3.4433,0.9976,33.64
audioseal,8,chinese:SSB0033,2,20,copy_paste,1,1,1,13,0.8125,4.5503,0.9991,36.14
audioseal,8,chinese:SSB0038,0,21,median,1,1,1,11,0.6875,4.5211,0.9990,29.99
audioseal,8,chinese:SSB0038,0,21,minimum,1,1,1,10,0.6250,4.2650,0.9986,29.22
audioseal,8,chinese:SSB0038,0,21,maximum,1,1,1,12,0.7500,4.2780,0.9986,29.19
audioseal,8,chinese:SSB0038,0,21,rand_minmax,1,1,1,12,0.7500,3.1372,0.9961,28.05
audioseal,8,chinese:SSB0038,0,21,copy_paste,1,1,1,11,0.6875,4.5341,0.9985,30.17
audioseal,8,chinese:SSB0038,1,22,median,1,1,1,12,0.7500,4.5709,0.9994,33.63
audioseal,8,chinese:SSB0038,1,22,minimum,1,1,1,12,0.7500,4.3169,0.9990,30.63
audioseal,8,chinese:SSB0038,1,22,maximum,1,1,1,12,0.7500,4.3225,0.9990,30.61
audioseal,8,chinese:SSB0038,1,22,rand_minmax,1,1,1,12,0.7500,3.3067,0.9973,29.27
audioseal,8,chinese:SSB0038,1,22,copy_paste,1,1,1,14,0.8750,4.5352,0.9986,31.97
audioseal,8,chinese:SSB0038,2,23,median,1,1,1,11,0.6875,4.5377,0.9985,33.34
audioseal,8,chinese:SSB0038,2,23,minimum,1,1,1,11,0.6875,4.3728,0.9985,31.20
audioseal,8,chinese:SSB0038,2,23,maximum,1,1,1,11,0.6875,4.3844,0.9985,31.08
audioseal,8,chinese:SSB0038,2,23,rand_minmax,1,1,1,11,0.6875,3.3459,0.9970,29.46
audioseal,8,chinese:SSB0038,2,23,copy_paste,1,1,1,12,0.7500,4.5456,0.9980,31.66
audioseal,8,chinese:SSB0043,0,24,median,1,1,1,12,0.7500,4.4519,0.9984,30.56
audioseal,8,chinese:SSB0043,0,24,minimum,1,1,1,12,0.7500,3.9753,0.9944,29.39
audioseal,8,chinese:SSB0043,0,24,maximum,1,1,1,13,0.8125,4.0179,0.9946,29.38
audioseal,8,chinese:SSB0043,0,24,rand_minmax,1,1,1,12,0.7500,2.4472,0.9794,27.90
audioseal,8,chinese:SSB0043,0,24,copy_paste,1,1,1,14,0.8750,4.4741,0.9979,29.80
audioseal,8,chinese:SSB0043,1,25,median,1,1,1,12,0.7500,4.3843,0.9979,30.91
audioseal,8,chinese:SSB0043,1,25,minimum,1,1,1,10,0.6250,3.8854,0.9937,28.73
audioseal,8,chinese:SSB0043,1,25,maximum,1,1,1,12,0.7500,3.9017,0.9935,28.69
audioseal,8,chinese:SSB0043,1,25,rand_minmax,1,1,1,11,0.6875,2.2968,0.9756,27.20
audioseal,8,chinese:SSB0043,1,25,copy_paste,1,1,1,13,0.8125,4.4435,0.9974,28.96
audioseal,8,chinese:SSB0043,2,26,median,1,1,1,14,0.8750,4.4493,0.9988,33.20
audioseal,8,chinese:SSB0043,2,26,minimum,1,1,1,13,0.8125,3.9619,0.9947,29.22
audioseal,8,chinese:SSB0043,2,26,maximum,1,1,1,14,0.8750,3.9885,0.9948,29.17
audioseal,8,chinese:SSB0043,2,26,rand_minmax,1,1,1,14,0.8750,2.3769,0.9783,27.56
audioseal,8,chinese:SSB0043,2,26,copy_paste,1,1,1,13,0.8125,4.4957,0.9980,29.67
audioseal,8,chinese:SSB0057,0,27,median,1,1,1,13,0.8125,4.5939,0.9985,36.69
audioseal,8,chinese:SSB0057,0,27,minimum,1,1,1,12,0.7500,4.4536,0.9947,33.99
audioseal,8,chinese:SSB0057,0,27,maximum,1,1,1,12,0.7500,4.4496,0.9944,34.01
audioseal,8,chinese:SSB0057,0,27,rand_minmax,1,1,1,12,0.7500,3.5342,0.9880,32.45
audioseal,8,chinese:SSB0057,0,27,copy_paste,1,1,1,12,0.7500,4.5742,0.9978,35.09
audioseal,8,chinese:SSB0057,1,28,median,1,1,1,12,0.7500,4.5715,0.9982,36.04
audioseal,8,chinese:SSB0057,1,28,minimum,1,1,1,12,0.7500,4.4908,0.9956,33.67
audioseal,8,chinese:SSB0057,1,28,maximum,1,1,1,13,0.8125,4.4817,0.9954,33.59
audioseal,8,chinese:SSB0057,1,28,rand_minmax,1,1,1,11,0.6875,3.4340,0.9871,31.66
audioseal,8,chinese:SSB0057,1,28,copy_paste,1,1,1,11,0.6875,4.5554,0.9980,34.20
audioseal,8,chinese:SSB0057,2,29,median,1,1,1,14,0.8750,4.5801,0.9978,35.74
audioseal,8,chinese:SSB0057,2,29,minimum,1,1,1,14,0.8750,4.5176,0.9959,34.28
audioseal,8,chinese:SSB0057,2,29,maximum,1,1,1,13,0.8125,4.5003,0.9954,34.35
audioseal,8,chinese:SSB0057,2,29,rand_minmax,1,1,1,13,0.8125,3.6055,0.9880,32.61
audioseal,8,chinese:SSB0057,2,29,copy_paste,1,1,1,14,0.8750,4.5653,0.9977,34.04
audioseal,8,chinese:SSB0073,0,30,median,1,1,1,11,0.6875,4.5154,0.9996,33.63
audioseal,8,chinese:SSB0073,0,30,minimum,1,1,1,12,0.7500,4.3000,0.9987,28.71
audioseal,8,chinese:SSB0073,0,30,maximum,1,1,1,12,0.7500,4.3148,0.9990,28.56
audioseal,8,chinese:SSB0073,0,30,rand_minmax,1,1,1,12,0.7500,3.1057,0.9931,27.38
audioseal,8,chinese:SSB0073,0,30,copy_paste,1,1,1,12,0.7500,4.5528,0.9995,28.78
audioseal,8,chinese:SSB0073,1,31,median,1,1,1,13,0.8125,4.5396,0.9997,34.35
audioseal,8,chinese:SSB0073,1,31,minimum,1,1,1,14,0.8750,4.3479,0.9990,28.91
audioseal,8,chinese:SSB0073,1,31,maximum,1,1,1,13,0.8125,4.3487,0.9992,28.76
audioseal,8,chinese:SSB0073,1,31,rand_minmax,1,1,1,13,0.8125,3.1889,0.9943,27.81
audioseal,8,chinese:SSB0073,1,31,copy_paste,1,1,1,13,0.8125,4.5561,0.9995,31.32
audioseal,8,chinese:SSB0073,2,32,median,1,1,1,14,0.8750,4.5235,0.9996,29.30
audioseal,8,chinese:SSB0073,2,32,minimum,1,1,1,11,0.6875,4.3051,0.9988,27.46
audioseal,8,chinese:SSB0073,2,32,maximum,1,1,1,12,0.7500,4.3190,0.9992,27.84
audioseal,8,chinese:SSB0073,2,32,rand_minmax,1,1,1,11,0.6875,3.0385,0.9932,26.47
audioseal,8,chinese:SSB0073,2,32,copy_paste,1,1,1,14,0.8750,4.5254,0.9994,27.78
audioseal,8,chinese:SSB0080,0,33,median,1,1,1,11,0.6875,4.5260,0.9964,30.60
audioseal,8,chinese:SSB0080,0,33,minimum,1,1,1,12,0.7500,4.0816,0.9875,25.54
audioseal,8,chinese:SSB0080,0,33,maximum,1,1,1,12,0.7500,4.1001,0.9871,25.52
audioseal,8,chinese:SSB0080,0,33,rand_minmax,1,1,1,12,0.7500,2.3340,0.9666,24.03
audioseal,8,chinese:SSB0080,0,33,copy_paste,1,1,1,11,0.6875,4.5070,0.9972,27.06
audioseal,8,chinese:SSB0080,1,34,median,1,1,0,15,0.9375,4.5541,0.9978,29.98
audioseal,8,chinese:SSB0080,1,34,minimum,1,1,1,14,0.8750,4.1934,0.9911,26.79
audioseal,8,chinese:SSB0080,1,34,maximum,1,1,1,14,0.8750,4.2501,0.9909,26.76
audioseal,8,chinese:SSB0080,1,34,rand_minmax,1,1,1,13,0.8125,2.5722,0.9716,25.22
audioseal,8,chinese:SSB0080,1,34,copy_paste,1,1,1,13,0.8125,4.5389,0.9976,27.78
audioseal,8,chinese:SSB0080,2,35,median,1,1,1,11,0.6875,4.5375,0.9982,30.38
audioseal,8,chinese:SSB0080,2,35,minimum,1,1,1,12,0.7500,4.0548,0.9873,25.77
audioseal,8,chinese:SSB0080,2,35,maximum,1,1,1,11,0.6875,4.0794,0.9870,25.69
audioseal,8,chinese:SSB0080,2,35,rand_minmax,1,1,1,11,0.6875,2.3194,0.9660,24.34
audioseal,8,chinese:SSB0080,2,35,copy_paste,1,1,1,13,0.8125,4.5032,0.9971,26.68
audioseal,8,chinese:SSB0112,0,36,median,1,1,1,12,0.7500,4.4249,0.9988,29.28
audioseal,8,chinese:SSB0112,0,36,minimum,1,1,1,13,0.8125,3.8375,0.9963,23.90
audioseal,8,chinese:SSB0112,0,36,maximum,1,1,1,12,0.7500,3.8831,0.9965,23.89
audioseal,8,chinese:SSB0112,0,36,rand_minmax,1,1,1,13,0.8125,2.5551,0.9850,22.40
audioseal,8,chinese:SSB0112,0,36,copy_paste,1,1,1,14,0.8750,4.4651,0.9980,25.62
audioseal,8,chinese:SSB0112,1,37,median,1,1,1,13,0.8125,4.4303,0.9991,29.56
audioseal,8,chinese:SSB0112,1,37,minimum,1,1,1,12,0.7500,4.1126,0.9969,24.62
audioseal,8,chinese:SSB0112,1,37,maximum,1,1,1,11,0.6875,4.0868,0.9971,24.57
audioseal,8,chinese:SSB0112,1,37,rand_minmax,1,1,1,12,0.7500,2.6004,0.9860,23.09
audioseal,8,chinese:SSB0112,1,37,copy_paste,1,1,1,13,0.8125,4.4882,0.9981,25.74
audioseal,8,chinese:SSB0112,2,38,median,1,1,1,11,0.6875,4.4687,0.9991,27.69
audioseal,8,chinese:SSB0112,2,38,minimum,1,1,1,11,0.6875,4.0983,0.9971,24.46
audioseal,8,chinese:SSB0112,2,38,maximum,1,1,1,11,0.6875,4.0527,0.9974,24.50
audioseal,8,chinese:SSB0112,2,38,rand_minmax,1,1,1,11,0.6875,2.6221,0.9854,23.03
audioseal,8,chinese:SSB0112,2,38,copy_paste,1,1,1,12,0.7500,4.4725,0.9983,25.86
audioseal,8,chinese:SSB0122,0,39,median,1,1,1,13,0.8125,4.5476,0.9995,34.04
audioseal,8,chinese:SSB0122,0,39,minimum,1,1,1,12,0.7500,4.3489,0.9992,30.40
audioseal,8,chinese:SSB0122,0,39,maximum,1,1,1,11,0.6875,4.3388,0.9992,30.37
audioseal,8,chinese:SSB0122,0,39,rand_minmax,1,1,1,11,0.6875,3.1232,0.9969,28.95
audioseal,8,chinese:SSB0122,0,39,copy_paste,1,1,1,15,0.9375,4.5266,0.9989,32.83
audioseal,8,chinese:SSB0122,1,40,median,1,1,1,13,0.8125,4.5839,0.9994,31.39
audioseal,8,chinese:SSB0122,1,40,minimum,1,1,1,13,0.8125,4.4084,0.9993,31.26
audioseal,8,chinese:SSB0122,1,40,maximum,1,1,1,13,0.8125,4.3923,0.9992,31.13
audioseal,8,chinese:SSB0122,1,40,rand_minmax,1,1,1,14,0.8750,3.2625,0.9973,29.69
audioseal,8,chinese:SSB0122,1,40,copy_paste,1,1,1,13,0.8125,4.5523,0.9991,31.99
audioseal,8,chinese:SSB0122,2,41,median,1,1,1,14,0.8750,4.5597,0.9992,31.88
audioseal,8,chinese:SSB0122,2,41,minimum,1,1,1,12,0.7500,4.4208,0.9993,31.52
audioseal,8,chinese:SSB0122,2,41,maximum,1,1,1,12,0.7500,4.4155,0.9992,31.36
audioseal,8,chinese:SSB0122,2,41,rand_minmax,1,1,1,11,0.6875,3.3270,0.9976,30.03
audioseal,8,chinese:SSB0122,2,41,copy_paste,1,0,0,15,0.9375,4.5426,0.9990,31.00
audioseal,8,chinese:SSB0133,0,42,median,1,1,1,11,0.6875,4.4968,0.9989,37.40
audioseal,8,chinese:SSB0133,0,42,minimum,1,1,1,12,0.7500,4.2790,0.9976,32.50
audioseal,8,chinese:SSB0133,0,42,maximum,1,1,1,12,0.7500,4.2708,0.9977,32.50
audioseal,8,chinese:SSB0133,0,42,rand_minmax,1,1,1,12,0.7500,3.2651,0.9963,30.77
audioseal,8,chinese:SSB0133,0,42,copy_paste,1,1,1,14,0.8750,4.5167,0.9981,33.45
audioseal,8,chinese:SSB0133,1,43,median,1,1,1,13,0.8125,4.5113,0.9985,35.81
audioseal,8,chinese:SSB0133,1,43,minimum,1,1,1,11,0.6875,4.2075,0.9979,32.70
audioseal,8,chinese:SSB0133,1,43,maximum,1,1,1,12,0.7500,4.1897,0.9977,32.70
audioseal,8,chinese:SSB0133,1,43,rand_minmax,1,1,1,11,0.6875,3.2918,0.9965,31.11
audioseal,8,chinese:SSB0133,1,43,copy_paste,1,1,1,13,0.8125,4.5194,0.9969,33.29
audioseal,8,chinese:SSB0133,2,44,median,1,1,1,13,0.8125,4.4887,0.9990,37.80
audioseal,8,chinese:SSB0133,2,44,minimum,1,1,1,13,0.8125,4.2019,0.9976,32.58
audioseal,8,chinese:SSB0133,2,44,maximum,1,1,1,12,0.7500,4.2228,0.9974,32.51
audioseal,8,chinese:SSB0133,2,44,rand_minmax,1,1,1,13,0.8125,3.2692,0.9963,30.98
audioseal,8,chinese:SSB0133,2,44,copy_paste,1,1,1,13,0.8125,4.4976,0.9978,34.34
audioseal,8,chinese:SSB0139,0,45,median,1,1,1,13,0.8125,4.5389,0.9996,28.52
audioseal,8,chinese:SSB0139,0,45,minimum,1,1,1,12,0.7500,4.3598,0.9994,28.62
audioseal,8,chinese:SSB0139,0,45,maximum,1,1,1,13,0.8125,4.3381,0.9994,28.90
audioseal,8,chinese:SSB0139,0,45,rand_minmax,1,1,1,13,0.8125,2.8553,0.9974,27.54
audioseal,8,chinese:SSB0139,0,45,copy_paste,1,1,1,12,0.7500,4.5302,0.9995,27.90
audioseal,8,chinese:SSB0139,1,46,median,1,1,1,11,0.6875,4.5623,0.9996,31.26
audioseal,8,chinese:SSB0139,1,46,minimum,1,1,1,13,0.8125,4.3507,0.9989,29.81
audioseal,8,chinese:SSB0139,1,46,maximum,1,1,1,12,0.7500,4.3558,0.9989,30.02
audioseal,8,chinese:SSB0139,1,46,rand_minmax,1,1,1,13,0.8125,2.9095,0.9974,28.64
audioseal,8,chinese:SSB0139,1,46,copy_paste,1,1,1,12,0.7500,4.5558,0.9995,30.16
audioseal,8,chinese:SSB0139,2,47,median,1,1,1,11,0.6875,4.5562,0.9997,32.90
audioseal,8,chinese:SSB0139,2,47,minimum,1,1,1,11,0.6875,4.4162,0.9995,30.13
audioseal,8,chinese:SSB0139,2,47,maximum,1,1,1,12,0.7500,4.4340,0.9996,30.33
audioseal,8,chinese:SSB0139,2,47,rand_minmax,1,1,1,13,0.8125,2.9537,0.9979,28.91
audioseal,8,chinese:SSB0139,2,47,copy_paste,1,1,1,13,0.8125,4.5364,0.9995,31.51
audioseal,8,chinese:SSB0145,0,48,median,1,1,1,13,0.8125,4.5670,0.9993,32.80
audioseal,8,chinese:SSB0145,0,48,minimum,1,1,1,13,0.8125,4.3382,0.9987,30.04
audioseal,8,chinese:SSB0145,0,48,maximum,1,1,1,13,0.8125,4.3117,0.9986,30.14
audioseal,8,chinese:SSB0145,0,48,rand_minmax,1,1,1,13,0.8125,3.5669,0.9978,28.32
audioseal,8,chinese:SSB0145,0,48,copy_paste,1,1,1,14,0.8750,4.5649,0.9989,30.48
audioseal,8,chinese:SSB0145,1,49,median,1,1,1,13,0.8125,4.5380,0.9986,29.61
audioseal,8,chinese:SSB0145,1,49,minimum,1,1,1,12,0.7500,4.2692,0.9983,28.50
audioseal,8,chinese:SSB0145,1,49,maximum,1,1,1,12,0.7500,4.2579,0.9982,28.52
audioseal,8,chinese:SSB0145,1,49,rand_minmax,1,1,1,12,0.7500,3.4239,0.9971,26.85
audioseal,8,chinese:SSB0145,1,49,copy_paste,1,1,1,14,0.8750,4.5162,0.9981,28.21
audioseal,8,chinese:SSB0145,2,50,median,1,1,1,14,0.8750,4.5695,0.9994,33.36
audioseal,8,chinese:SSB0145,2,50,minimum,1,1,1,11,0.6875,4.4304,0.9990,29.82
audioseal,8,chinese:SSB0145,2,50,maximum,1,1,1,12,0.7500,4.4238,0.9990,29.78
audioseal,8,chinese:SSB0145,2,50,rand_minmax,1,1,1,14,0.8750,3.5202,0.9980,27.83
audioseal,8,chinese:SSB0145,2,50,copy_paste,1,1,1,11,0.6875,4.5325,0.9986,30.60
audioseal,8,chinese:SSB0149,0,51,median,1,1,1,12,0.7500,4.5711,0.9997,34.20
audioseal,8,chinese:SSB0149,0,51,minimum,1,1,1,12,0.7500,4.3096,0.9981,31.38
audioseal,8,chinese:SSB0149,0,51,maximum,1,1,1,13,0.8125,4.3297,0.9981,31.35
audioseal,8,chinese:SSB0149,0,51,rand_minmax,1,1,1,12,0.7500,3.3234,0.9971,30.24
audioseal,8,chinese:SSB0149,0,51,copy_paste,1,1,1,13,0.8125,4.5637,0.9995,32.92
audioseal,8,chinese:SSB0149,1,52,median,1,1,1,12,0.7500,4.5541,0.9997,34.16
audioseal,8,chinese:SSB0149,1,52,minimum,1,1,1,12,0.7500,4.1281,0.9969,29.71
audioseal,8,chinese:SSB0149,1,52,maximum,1,1,1,12,0.7500,4.1535,0.9968,29.73
audioseal,8,chinese:SSB0149,1,52,rand_minmax,1,1,1,13,0.8125,3.0260,0.9965,28.86
audioseal,8,chinese:SSB0149,1,52,copy_paste,1,1,1,12,0.7500,4.5425,0.9994,32.54
audioseal,8,chinese:SSB0149,2,53,median,1,1,1,12,0.7500,4.5494,0.9997,35.16
audioseal,8,chinese:SSB0149,2,53,minimum,1,1,1,11,0.6875,4.0961,0.9969,29.39
audioseal,8,chinese:SSB0149,2,53,maximum,1,1,1,13,0.8125,4.0907,0.9965,29.37
audioseal,8,chinese:SSB0149,2,53,rand_minmax,1,1,1,11,0.6875,3.0549,0.9963,28.35
audioseal,8,chinese:SSB0149,2,53,copy_paste,1,1,1,12,0.7500,4.5418,0.9994,31.93
audioseal,8,chinese:SSB0193,0,54,median,1,1,1,13,0.8125,4.5271,0.9995,34.04
audioseal,8,chinese:SSB0193,0,54,minimum,1,1,1,12,0.7500,4.1453,0.9953,28.04
audioseal,8,chinese:SSB0193,0,54,maximum,1,1,1,13,0.8125,4.1307,0.9953,28.09
audioseal,8,chinese:SSB0193,0,54,rand_minmax,1,1,1,13,0.8125,2.6388,0.9906,26.04
audioseal,8,chinese:SSB0193,0,54,copy_paste,1,1,1,15,0.9375,4.5222,0.9988,29.08
audioseal,8,chinese:SSB0193,1,55,median,1,1,1,11,0.6875,4.4793,0.9991,29.71
audioseal,8,chinese:SSB0193,1,55,minimum,1,1,1,12,0.7500,4.0913,0.9949,26.57
audioseal,8,chinese:SSB0193,1,55,maximum,1,1,1,12,0.7500,4.0626,0.9948,26.60
audioseal,8,chinese:SSB0193,1,55,rand_minmax,1,1,1,12,0.7500,2.6008,0.9889,25.02
audioseal,8,chinese:SSB0193,1,55,copy_paste,1,1,1,12,0.7500,4.5067,0.9983,27.47
audioseal,8,chinese:SSB0193,2,56,median,1,1,1,13,0.8125,4.4540,0.9990,28.82
audioseal,8,chinese:SSB0193,2,56,minimum,1,1,1,12,0.7500,4.0943,0.9954,26.75
audioseal,8,chinese:SSB0193,2,56,maximum,1,1,1,12,0.7500,4.1113,0.9951,26.65
audioseal,8,chinese:SSB0193,2,56,rand_minmax,1,1,1,13,0.8125,2.5819,0.9884,25.04
audioseal,8,chinese:SSB0193,2,56,copy_paste,1,1,1,13,0.8125,4.4623,0.9973,26.34
audioseal,8,chinese:SSB0197,0,57,median,1,1,1,13,0.8125,4.5301,0.9903,29.41
audioseal,8,chinese:SSB0197,0,57,minimum,1,1,1,11,0.6875,4.2300,0.9821,24.77
audioseal,8,chinese:SSB0197,0,57,maximum,1,1,1,11,0.6875,4.2038,0.9841,24.82
audioseal,8,chinese:SSB0197,0,57,rand_minmax,1,1,1,10,0.6250,2.2160,0.9628,23.10
audioseal,8,chinese:SSB0197,0,57,copy_paste,1,1,1,12,0.7500,4.4370,0.9877,25.54
audioseal,8,chinese:SSB0197,1,58,median,1,1,1,13,0.8125,4.5173,0.9900,28.29
audioseal,8,chinese:SSB0197,1,58,minimum,1,1,1,14,0.8750,4.2573,0.9821,25.26
audioseal,8,chinese:SSB0197,1,58,maximum,1,1,1,13,0.8125,4.2553,0.9840,25.30
audioseal,8,chinese:SSB0197,1,58,rand_minmax,1,1,1,12,0.7500,2.2525,0.9632,23.45
audioseal,8,chinese:SSB0197,1,58,copy_paste,1,1,1,13,0.8125,4.4728,0.9875,25.44
audioseal,8,chinese:SSB0197,2,59,median,1,1,1,12,0.7500,4.5042,0.9884,28.75
audioseal,8,chinese:SSB0197,2,59,minimum,1,1,1,13,0.8125,4.2240,0.9840,25.30
audioseal,8,chinese:SSB0197,2,59,maximum,1,1,1,13,0.8125,4.2260,0.9870,25.26
audioseal,8,chinese:SSB0197,2,59,rand_minmax,1,1,1,13,0.8125,2.2416,0.9647,23.47
audioseal,8,chinese:SSB0197,2,59,copy_paste,1,1,1,13,0.8125,4.4455,0.9853,25.33
audioseal,8,chinese:SSB0200,0,60,median,1,1,1,13,0.8125,4.5012,0.9994,30.00
audioseal,8,chinese:SSB0200,0,60,minimum,1,1,1,12,0.7500,3.8066,0.9941,24.31
audioseal,8,chinese:SSB0200,0,60,maximum,1,1,1,12,0.7500,3.8264,0.9947,24.22
audioseal,8,chinese:SSB0200,0,60,rand_minmax,1,1,1,12,0.7500,2.3244,0.9850,23.03
audioseal,8,chinese:SSB0200,0,60,copy_paste,1,1,1,13,0.8125,4.4960,0.9986,25.24
audioseal,8,chinese:SSB0200,1,61,median,1,1,1,14,0.8750,4.4861,0.9989,26.91
audioseal,8,chinese:SSB0200,1,61,minimum,1,1,1,12,0.7500,3.9857,0.9948,24.91
audioseal,8,chinese:SSB0200,1,61,maximum,1,1,1,12,0.7500,4.0242,0.9955,24.83
audioseal,8,chinese:SSB0200,1,61,rand_minmax,1,1,1,12,0.7500,2.3665,0.9865,23.46
audioseal,8,chinese:SSB0200,1,61,copy_paste,1,1,1,13,0.8125,4.4847,0.9985,25.26
audioseal,8,chinese:SSB0200,2,62,median,1,1,1,10,0.6250,4.4758,0.9991,27.19
audioseal,8,chinese:SSB0200,2,62,minimum,1,1,1,12,0.7500,3.8626,0.9937,23.87
audioseal,8,chinese:SSB0200,2,62,maximum,1,1,1,13,0.8125,3.8913,0.9946,23.85
audioseal,8,chinese:SSB0200,2,62,rand_minmax,1,1,1,11,0.6875,2.3080,0.9846,22.48
audioseal,8,chinese:SSB0200,2,62,copy_paste,1,1,1,12,0.7500,4.4786,0.9984,24.02
audioseal,8,chinese:SSB0241,0,63,median,1,1,1,13,0.8125,4.6001,0.9995,38.49
audioseal,8,chinese:SSB0241,0,63,minimum,1,1,1,13,0.8125,4.2663,0.9992,30.98
audioseal,8,chinese:SSB0241,0,63,maximum,1,1,1,12,0.7500,4.4642,0.9992,31.01
audioseal,8,chinese:SSB0241,0,63,rand_minmax,1,1,1,12,0.7500,3.3756,0.9966,30.19
audioseal,8,chinese:SSB0241,0,63,copy_paste,1,1,1,12,0.7500,4.5729,0.9988,32.54
audioseal,8,chinese:SSB0241,1,64,median,1,1,1,13,0.8125,4.6106,0.9994,40.68
audioseal,8,chinese:SSB0241,1,64,minimum,1,1,1,12,0.7500,4.2453,0.9993,31.07
audioseal,8,chinese:SSB0241,1,64,maximum,1,1,1,12,0.7500,4.4552,0.9993,30.99
audioseal,8,chinese:SSB0241,1,64,rand_minmax,1,1,1,12,0.7500,3.3935,0.9966,30.08
audioseal,8,chinese:SSB0241,1,64,copy_paste,1,1,1,14,0.8750,4.5452,0.9989,33.70
audioseal,8,chinese:SSB0241,2,65,median,1,1,1,13,0.8125,4.5836,0.9994,35.37
audioseal,8,chinese:SSB0241,2,65,minimum,1,1,1,11,0.6875,4.2475,0.9992,32.00
audioseal,8,chinese:SSB0241,2,65,maximum,1,1,1,11,0.6875,4.4704,0.9992,31.72
audioseal,8,chinese:SSB0241,2,65,rand_minmax,1,1,1,13,0.8125,3.4251,0.9969,30.80
audioseal,8,chinese:SSB0241,2,65,copy_paste,1,1,1,12,0.7500,4.5661,0.9990,33.40
audioseal,8,chinese:SSB0246,0,66,median,1,1,1,13,0.8125,4.5142,0.9981,30.14
audioseal,8,chinese:SSB0246,0,66,minimum,1,1,1,12,0.7500,4.2188,0.9970,28.62
audioseal,8,chinese:SSB0246,0,66,maximum,1,1,1,13,0.8125,4.2303,0.9970,28.76
audioseal,8,chinese:SSB0246,0,66,rand_minmax,1,1,1,13,0.8125,2.8785,0.9948,27.08
audioseal,8,chinese:SSB0246,0,66,copy_paste,1,1,1,15,0.9375,4.5150,0.9977,28.83
audioseal,8,chinese:SSB0246,1,67,median,1,1,1,13,0.8125,4.4945,0.9985,30.19
audioseal,8,chinese:SSB0246,1,67,minimum,1,1,1,12,0.7500,4.1465,0.9975,28.49
audioseal,8,chinese:SSB0246,1,67,maximum,1,1,1,11,0.6875,4.1767,0.9975,28.40
audioseal,8,chinese:SSB0246,1,67,rand_minmax,1,1,1,11,0.6875,2.7938,0.9943,26.59
audioseal,8,chinese:SSB0246,1,67,copy_paste,1,1,1,13,0.8125,4.4887,0.9980,28.95
audioseal,8,chinese:SSB0246,2,68,median,1,1,1,13,0.8125,4.4971,0.9990,34.16
audioseal,8,chinese:SSB0246,2,68,minimum,1,1,1,13,0.8125,4.1588,0.9973,29.69
audioseal,8,chinese:SSB0246,2,68,maximum,1,1,1,12,0.7500,4.1318,0.9976,29.56
audioseal,8,chinese:SSB0246,2,68,rand_minmax,1,1,1,12,0.7500,2.8464,0.9948,27.54
audioseal,8,chinese:SSB0246,2,68,copy_paste,1,1,1,13,0.8125,4.5222,0.9983,30.35
audioseal,8,chinese:SSB0261,0,69,median,1,1,1,13,0.8125,4.5239,0.9993,32.47
audioseal,8,chinese:SSB0261,0,69,minimum,1,1,1,12,0.7500,4.3015,0.9991,28.96
audioseal,8,chinese:SSB0261,0,69,maximum,1,1,1,12,0.7500,4.2979,0.9990,28.87
audioseal,8,chinese:SSB0261,0,69,rand_minmax,1,1,1,12,0.7500,3.1045,0.9955,27.61
audioseal,8,chinese:SSB0261,0,69,copy_paste,1,1,1,13,0.8125,4.5409,0.9989,30.49
audioseal,8,chinese:SSB0261,1,70,median,1,1,1,12,0.7500,4.5182,0.9995,33.32
audioseal,8,chinese:SSB0261,1,70,minimum,1,1,1,14,0.8750,4.2443,0.9992,29.38
audioseal,8,chinese:SSB0261,1,70,maximum,1,1,1,11,0.6875,4.2443,0.9992,29.23
audioseal,8,chinese:SSB0261,1,70,rand_minmax,1,1,1,13,0.8125,3.0281,0.9949,27.82
audioseal,8,chinese:SSB0261,1,70,copy_paste,1,1,1,13,0.8125,4.5249,0.9991,30.39
audioseal,8,chinese:SSB0261,2,71,median,1,1,1,12,0.7500,4.5320,0.9996,32.05
audioseal,8,chinese:SSB0261,2,71,minimum,1,1,1,14,0.8750,4.2120,0.9994,28.73
audioseal,8,chinese:SSB0261,2,71,maximum,1,1,1,12,0.7500,4.2418,0.9993,28.61
audioseal,8,chinese:SSB0261,2,71,rand_minmax,1,1,1,11,0.6875,3.0490,0.9954,27.36
audioseal,8,chinese:SSB0261,2,71,copy_paste,1,1,1,12,0.7500,4.5489,0.9993,29.86
audioseal,8,chinese:SSB0267,0,72,median,1,1,1,12,0.7500,4.5612,0.9986,33.49
audioseal,8,chinese:SSB0267,0,72,minimum,1,1,1,12,0.7500,4.3220,0.9968,30.56
audioseal,8,chinese:SSB0267,0,72,maximum,1,1,1,13,0.8125,4.2771,0.9971,30.56
audioseal,8,chinese:SSB0267,0,72,rand_minmax,1,1,1,12,0.7500,2.7471,0.9902,28.64
audioseal,8,chinese:SSB0267,0,72,copy_paste,1,1,1,12,0.7500,4.4891,0.9975,31.07
audioseal,8,chinese:SSB0267,1,73,median,1,1,1,12,0.7500,4.5507,0.9986,32.73
audioseal,8,chinese:SSB0267,1,73,minimum,1,1,1,11,0.6875,4.3455,0.9970,30.80
audioseal,8,chinese:SSB0267,1,73,maximum,1,1,1,11,0.6875,4.3049,0.9973,30.74
audioseal,8,chinese:SSB0267,1,73,rand_minmax,1,1,1,11,0.6875,2.7169,0.9898,28.66
audioseal,8,chinese:SSB0267,1,73,copy_paste,1,1,1,14,0.8750,4.4965,0.9977,31.38
audioseal,8,chinese:SSB0267,2,74,median,1,1,1,12,0.7500,4.5837,0.9988,34.96
audioseal,8,chinese:SSB0267,2,74,minimum,1,1,1,13,0.8125,4.3257,0.9966,30.55
audioseal,8,chinese:SSB0267,2,74,maximum,1,1,1,12,0.7500,4.2941,0.9967,30.54
audioseal,8,chinese:SSB0267,2,74,rand_minmax,1,1,1,12,0.7500,2.7030,0.9898,28.61
audioseal,8,chinese:SSB0267,2,74,copy_paste,1,1,1,13,0.8125,4.5195,0.9978,31.39
audioseal,8,chinese:SSB0273,0,75,median,1,1,1,11,0.6875,4.5795,0.9996,32.19
audioseal,8,chinese:SSB0273,0,75,minimum,1,1,1,13,0.8125,4.2680,0.9930,29.33
audioseal,8,chinese:SSB0273,0,75,maximum,1,1,1,13,0.8125,4.2648,0.9931,29.40
audioseal,8,chinese:SSB0273,0,75,rand_minmax,1,1,1,14,0.8750,3.0675,0.9845,28.24
audioseal,8,chinese:SSB0273,0,75,copy_paste,1,1,1,14,0.8750,4.5636,0.9994,29.38
audioseal,8,chinese:SSB0273,1,76,median,1,1,1,11,0.6875,4.5911,0.9998,37.38
audioseal,8,chinese:SSB0273,1,76,minimum,1,1,1,11,0.6875,4.2621,0.9960,30.77
audioseal,8,chinese:SSB0273,1,76,maximum,1,1,1,13,0.8125,4.2944,0.9961,30.95
audioseal,8,chinese:SSB0273,1,76,rand_minmax,1,1,1,12,0.7500,3.0589,0.9896,29.61
audioseal,8,chinese:SSB0273,1,76,copy_paste,1,1,1,12,0.7500,4.5724,0.9995,33.08
audioseal,8,chinese:SSB0273,2,77,median,1,1,0,15,0.9375,4.5683,0.9996,32.89
audioseal,8,chinese:SSB0273,2,77,minimum,1,1,1,13,0.8125,4.1867,0.9913,28.66
audioseal,8,chinese:SSB0273,2,77,maximum,1,1,1,12,0.7500,4.2162,0.9918,28.70
audioseal,8,chinese:SSB0273,2,77,rand_minmax,1,1,1,12,0.7500,2.9187,0.9794,27.49
audioseal,8,chinese:SSB0273,2,77,copy_paste,1,1,1,12,0.7500,4.5645,0.9995,32.10
audioseal,8,chinese:SSB0287,0,78,median,1,1,1,12,0.7500,4.5801,0.9997,35.37
audioseal,8,chinese:SSB0287,0,78,minimum,1,1,1,12,0.7500,4.0794,0.9966,30.96
audioseal,8,chinese:SSB0287,0,78,maximum,1,1,1,12,0.7500,4.0648,0.9958,30.97
audioseal,8,chinese:SSB0287,0,78,rand_minmax,1,1,1,12,0.7500,2.9430,0.9900,29.59
audioseal,8,chinese:SSB0287,0,78,copy_paste,1,1,1,13,0.8125,4.5347,0.9994,32.26
audioseal,8,chinese:SSB0287,1,79,median,1,1,1,14,0.8750,4.5903,0.9997,35.27
audioseal,8,chinese:SSB0287,1,79,minimum,1,1,1,11,0.6875,4.1790,0.9975,31.00
audioseal,8,chinese:SSB0287,1,79,maximum,1,1,1,11,0.6875,4.1646,0.9967,31.01
audioseal,8,chinese:SSB0287,1,79,rand_minmax,1,1,1,12,0.7500,3.0398,0.9921,29.64
audioseal,8,chinese:SSB0287,1,79,copy_paste,1,1,1,14,0.8750,4.5475,0.9995,30.17
audioseal,8,chinese:SSB0287,2,80,median,1,1,1,13,0.8125,4.5854,0.9997,37.45
audioseal,8,chinese:SSB0287,2,80,minimum,1,1,1,13,0.8125,4.1934,0.9973,31.58
audioseal,8,chinese:SSB0287,2,80,maximum,1,1,1,12,0.7500,4.1661,0.9966,31.57
audioseal,8,chinese:SSB0287,2,80,rand_minmax,1,1,1,12,0.7500,2.9705,0.9919,29.99
audioseal,8,chinese:SSB0287,2,80,copy_paste,1,1,1,12,0.7500,4.5696,0.9994,33.39
audioseal,8,chinese:SSB0288,0,81,median,1,1,1,12,0.7500,4.5603,0.9970,35.86
audioseal,8,chinese:SSB0288,0,81,minimum,1,1,1,12,0.7500,4.4740,0.9967,32.84
audioseal,8,chinese:SSB0288,0,81,maximum,1,1,1,12,0.7500,4.4560,0.9963,32.57
audioseal,8,chinese:SSB0288,0,81,rand_minmax,1,1,1,12,0.7500,3.1847,0.9914,31.43
audioseal,8,chinese:SSB0288,0,81,copy_paste,1,1,1,13,0.8125,4.5433,0.9954,33.26
audioseal,8,chinese:SSB0288,1,82,median,1,1,1,12,0.7500,4.5366,0.9974,35.96
audioseal,8,chinese:SSB0288,1,82,minimum,1,1,1,13,0.8125,4.4224,0.9967,32.97
audioseal,8,chinese:SSB0288,1,82,maximum,1,1,1,11,0.6875,4.4150,0.9965,33.02
audioseal,8,chinese:SSB0288,1,82,rand_minmax,1,1,1,12,0.7500,3.1938,0.9917,31.63
audioseal,8,chinese:SSB0288,1,82,copy_paste,1,1,1,12,0.7500,4.5573,0.9957,33.65
audioseal,8,chinese:SSB0288,2,83,median,1,1,1,14,0.8750,4.5352,0.9972,36.94
audioseal,8,chinese:SSB0288,2,83,minimum,1,1,1,11,0.6875,4.4038,0.9968,33.02
audioseal,8,chinese:SSB0288,2,83,maximum,1,1,1,11,0.6875,4.4125,0.9965,32.72
audioseal,8,chinese:SSB0288,2,83,rand_minmax,1,1,1,12,0.7500,3.1249,0.9914,31.43
audioseal,8,chinese:SSB0288,2,83,copy_paste,1,1,1,13,0.8125,4.5463,0.9959,33.69
audioseal,8,chinese:SSB0299,0,84,median,1,1,1,12,0.7500,4.4489,0.9998,35.45
audioseal,8,chinese:SSB0299,0,84,minimum,1,1,1,11,0.6875,4.2346,0.9990,30.51
audioseal,8,chinese:SSB0299,0,84,maximum,1,1,1,12,0.7500,4.2422,0.9991,30.50
audioseal,8,chinese:SSB0299,0,84,rand_minmax,1,1,1,11,0.6875,2.8517,0.9974,28.29
audioseal,8,chinese:SSB0299,0,84,copy_paste,1,1,1,12,0.7500,4.5261,0.9995,30.99
audioseal,8,chinese:SSB0299,1,85,median,1,1,1,13,0.8125,4.4876,0.9998,33.76
audioseal,8,chinese:SSB0299,1,85,minimum,1,1,1,10,0.6250,4.2613,0.9991,30.47
audioseal,8,chinese:SSB0299,1,85,maximum,1,1,1,13,0.8125,4.2721,0.9991,30.49
audioseal,8,chinese:SSB0299,1,85,rand_minmax,1,1,1,12,0.7500,2.9266,0.9973,28.38
audioseal,8,chinese:SSB0299,1,85,copy_paste,1,1,1,11,0.6875,4.5024,0.9995,30.97
audioseal,8,chinese:SSB0299,2,86,median,1,1,1,12,0.7500,4.4720,0.9993,30.06
audioseal,8,chinese:SSB0299,2,86,minimum,1,1,1,12,0.7500,4.1544,0.9988,28.62
audioseal,8,chinese:SSB0299,2,86,maximum,1,1,1,12,0.7500,4.1674,0.9986,28.68
audioseal,8,chinese:SSB0299,2,86,rand_minmax,1,1,1,12,0.7500,2.8155,0.9969,27.11
audioseal,8,chinese:SSB0299,2,86,copy_paste,1,1,1,12,0.7500,4.5088,0.9993,28.65
audioseal,8,chinese:SSB0307,0,87,median,1,1,1,12,0.7500,4.3330,0.9976,29.12
audioseal,8,chinese:SSB0307,0,87,minimum,1,1,1,13,0.8125,4.0211,0.9949,25.04
audioseal,8,chinese:SSB0307,0,87,maximum,1,1,1,12,0.7500,4.0531,0.9955,25.09
audioseal,8,chinese:SSB0307,0,87,rand_minmax,1,1,1,10,0.6250,2.3298,0.9678,23.49
audioseal,8,chinese:SSB0307,0,87,copy_paste,1,1,1,11,0.6875,4.4481,0.9962,26.30
audioseal,8,chinese:SSB0307,1,88,median,1,1,1,12,0.7500,4.4108,0.9972,29.42
audioseal,8,chinese:SSB0307,1,88,minimum,1,1,1,13,0.8125,4.0688,0.9946,25.22
audioseal,8,chinese:SSB0307,1,88,maximum,1,1,1,13,0.8125,4.0853,0.9950,25.19
audioseal,8,chinese:SSB0307,1,88,rand_minmax,1,1,1,13,0.8125,2.3656,0.9680,23.61
audioseal,8,chinese:SSB0307,1,88,copy_paste,1,1,1,12,0.7500,4.4353,0.9960,25.93
audioseal,8,chinese:SSB0307,2,89,median,1,1,1,12,0.7500,4.3567,0.9972,28.19
audioseal,8,chinese:SSB0307,2,89,minimum,1,1,1,12,0.7500,3.9918,0.9943,24.92
audioseal,8,chinese:SSB0307,2,89,maximum,1,1,1,12,0.7500,4.0206,0.9948,24.86
audioseal,8,chinese:SSB0307,2,89,rand_minmax,1,1,1,12,0.7500,2.3534,0.9684,23.43
audioseal,8,chinese:SSB0307,2,89,copy_paste,1,1,1,13,0.8125,4.3926,0.9953,25.72
audioseal,8,chinese:SSB0309,0,90,median,1,1,1,14,0.8750,4.5357,0.9985,34.12
audioseal,8,chinese:SSB0309,0,90,minimum,1,1,1,12,0.7500,4.2433,0.9948,31.17
audioseal,8,chinese:SSB0309,0,90,maximum,1,1,1,12,0.7500,4.2602,0.9958,30.96
audioseal,8,chinese:SSB0309,0,90,rand_minmax,1,1,1,11,0.6875,2.7138,0.9895,29.25
audioseal,8,chinese:SSB0309,0,90,copy_paste,1,1,1,13,0.8125,4.5470,0.9977,32.10
audioseal,8,chinese:SSB0309,1,91,median,1,1,1,13,0.8125,4.5600,0.9991,34.99
audioseal,8,chinese:SSB0309,1,91,minimum,1,1,1,13,0.8125,4.2925,0.9956,31.50
audioseal,8,chinese:SSB0309,1,91,maximum,1,1,1,12,0.7500,4.2769,0.9962,31.58
audioseal,8,chinese:SSB0309,1,91,rand_minmax,1,1,1,12,0.7500,2.7346,0.9902,29.64
audioseal,8,chinese:SSB0309,1,91,copy_paste,1,1,1,13,0.8125,4.5364,0.9982,32.07
audioseal,8,chinese:SSB0309,2,92,median,1,1,1,14,0.8750,4.5089,0.9985,34.36
audioseal,8,chinese:SSB0309,2,92,minimum,1,1,1,14,0.8750,4.1845,0.9940,30.51
audioseal,8,chinese:SSB0309,2,92,maximum,1,1,1,14,0.8750,4.1806,0.9943,30.38
audioseal,8,chinese:SSB0309,2,92,rand_minmax,1,1,1,12,0.7500,2.6249,0.9887,28.75
audioseal,8,chinese:SSB0309,2,92,copy_paste,1,1,1,13,0.8125,4.5257,0.9981,31.26
audioseal,8,chinese:SSB0315,0,93,median,1,1,1,11,0.6875,4.5488,0.9996,33.41
audioseal,8,chinese:SSB0315,0,93,minimum,1,1,1,12,0.7500,4.3264,0.9965,30.38
audioseal,8,chinese:SSB0315,0,93,maximum,1,1,1,12,0.7500,4.3284,0.9962,30.47
audioseal,8,chinese:SSB0315,0,93,rand_minmax,1,1,1,12,0.7500,3.2494,0.9953,29.10
audioseal,8,chinese:SSB0315,0,93,copy_paste,1,1,1,13,0.8125,4.5336,0.9993,31.45
audioseal,8,chinese:SSB0315,1,94,median,1,1,1,11,0.6875,4.5797,0.9995,34.10
audioseal,8,chinese:SSB0315,1,94,minimum,1,1,1,11,0.6875,4.3583,0.9969,30.28
audioseal,8,chinese:SSB0315,1,94,maximum,1,1,1,11,0.6875,4.3567,0.9971,30.23
audioseal,8,chinese:SSB0315,1,94,rand_minmax,1,1,1,11,0.6875,3.2323,0.9945,28.81
audioseal,8,chinese:SSB0315,1,94,copy_paste,1,1,1,12,0.7500,4.5392,0.9991,30.84
audioseal,8,chinese:SSB0315,2,95,median,1,1,1,13,0.8125,4.5509,0.9995,32.01
audioseal,8,chinese:SSB0315,2,95,minimum,1,1,1,12,0.7500,4.3850,0.9971,30.81
audioseal,8,chinese:SSB0315,2,95,maximum,1,1,1,12,0.7500,4.3684,0.9975,30.77
audioseal,8,chinese:SSB0315,2,95,rand_minmax,1,1,1,12,0.7500,3.3094,0.9961,29.29
audioseal,8,chinese:SSB0315,2,95,copy_paste,1,1,1,13,0.8125,4.5473,0.9992,30.47
audioseal,8,chinese:SSB0316,0,96,median,1,1,1,14,0.8750,4.5706,0.9991,33.44
audioseal,8,chinese:SSB0316,0,96,minimum,1,1,1,11,0.6875,4.4542,0.9991,30.77
audioseal,8,chinese:SSB0316,0,96,maximum,1,1,1,12,0.7500,4.4610,0.9991,30.84
audioseal,8,chinese:SSB0316,0,96,rand_minmax,1,1,1,11,0.6875,3.5663,0.9959,29.13
audioseal,8,chinese:SSB0316,0,96,copy_paste,1,1,1,15,0.9375,4.5481,0.9988,31.70
audioseal,8,chinese:SSB0316,1,97,median,1,1,1,13,0.8125,4.5827,0.9993,34.47
audioseal,8,chinese:SSB0316,1,97,minimum,1,1,1,13,0.8125,4.5208,0.9991,31.61
audioseal,8,chinese:SSB0316,1,97,maximum,1,1,1,11,0.6875,4.5249,0.9991,31.51
audioseal,8,chinese:SSB0316,1,97,rand_minmax,1,1,1,12,0.7500,3.6954,0.9965,29.75
audioseal,8,chinese:SSB0316,1,97,copy_paste,1,1,1,12,0.7500,4.5421,0.9989,32.16
audioseal,8,chinese:SSB0316,2,98,median,1,1,1,13,0.8125,4.6009,0.9995,35.80
audioseal,8,chinese:SSB0316,2,98,minimum,1,1,1,13,0.8125,4.4365,0.9992,30.66
audioseal,8,chinese:SSB0316,2,98,maximum,1,1,1,13,0.8125,4.4479,0.9992,30.44
audioseal,8,chinese:SSB0316,2,98,rand_minmax,1,1,1,13,0.8125,3.5101,0.9959,28.98
audioseal,8,chinese:SSB0316,2,98,copy_paste,1,1,1,14,0.8750,4.5636,0.9989,31.76
audioseal,8,chinese:SSB0323,0,99,median,1,1,1,10,0.6250,4.5576,0.9997,35.41
audioseal,8,chinese:SSB0323,0,99,minimum,1,1,1,10,0.6250,4.3598,0.9976,31.89
audioseal,8,chinese:SSB0323,0,99,maximum,1,1,1,10,0.6250,4.3562,0.9979,31.93
audioseal,8,chinese:SSB0323,0,99,rand_minmax,1,1,1,11,0.6875,3.3563,0.9970,29.74
audioseal,8,chinese:SSB0323,0,99,copy_paste,1,1,1,10,0.6250,4.5362,0.9994,32.21
audioseal,8,chinese:SSB0323,1,100,median,1,1,1,14,0.8750,4.5573,0.9997,37.46
audioseal,8,chinese:SSB0323,1,100,minimum,1,1,1,13,0.8125,4.3462,0.9975,32.83
audioseal,8,chinese:SSB0323,1,100,maximum,1,1,1,14,0.8750,4.3666,0.9976,32.77
audioseal,8,chinese:SSB0323,1,100,rand_minmax,1,1,1,14,0.8750,3.4020,0.9971,30.39
audioseal,8,chinese:SSB0323,1,100,copy_paste,1,1,1,14,0.8750,4.5505,0.9994,33.84
audioseal,8,chinese:SSB0323,2,101,median,1,1,1,13,0.8125,4.5726,0.9997,35.80
audioseal,8,chinese:SSB0323,2,101,minimum,1,1,1,13,0.8125,4.3456,0.9974,32.83
audioseal,8,chinese:SSB0323,2,101,maximum,1,1,1,12,0.7500,4.3560,0.9975,32.71
audioseal,8,chinese:SSB0323,2,101,rand_minmax,1,1,1,11,0.6875,3.4765,0.9972,30.61
audioseal,8,chinese:SSB0323,2,101,copy_paste,1,1,1,12,0.7500,4.5339,0.9995,32.93
audioseal,8,chinese:SSB0338,0,102,median,1,1,1,13,0.8125,4.4285,0.9995,29.37
audioseal,8,chinese:SSB0338,0,102,minimum,1,1,1,12,0.7500,3.4162,0.9982,24.53
audioseal,8,chinese:SSB0338,0,102,maximum,1,1,1,12,0.7500,3.3175,0.9982,24.56
audioseal,8,chinese:SSB0338,0,102,rand_minmax,1,1,1,12,0.7500,2.6077,0.9893,23.53
audioseal,8,chinese:SSB0338,0,102,copy_paste,1,1,1,12,0.7500,4.4705,0.9993,26.64
audioseal,8,chinese:SSB0338,1,103,median,1,1,1,14,0.8750,4.4713,0.9996,25.56
audioseal,8,chinese:SSB0338,1,103,minimum,1,1,1,12,0.7500,3.5501,0.9986,24.92
audioseal,8,chinese:SSB0338,1,103,maximum,1,1,1,12,0.7500,3.4687,0.9985,24.88
audioseal,8,chinese:SSB0338,1,103,rand_minmax,1,1,1,12,0.7500,2.6633,0.9886,23.78
audioseal,8,chinese:SSB0338,1,103,copy_paste,1,1,1,13,0.8125,4.4929,0.9995,24.68
audioseal,8,chinese:SSB0338,2,104,median,1,1,1,13,0.8125,4.3855,0.9996,28.60
audioseal,8,chinese:SSB0338,2,104,minimum,1,1,1,13,0.8125,3.4505,0.9985,24.84
audioseal,8,chinese:SSB0338,2,104,maximum,1,1,1,13,0.8125,3.3424,0.9984,24.81
audioseal,8,chinese:SSB0338,2,104,rand_minmax,1,1,1,12,0.7500,2.6770,0.9897,23.78
audioseal,8,chinese:SSB0338,2,104,copy_paste,1,1,1,11,0.6875,4.4801,0.9993,24.14
audioseal,8,chinese:SSB0339,0,105,median,1,1,1,14,0.8750,4.4960,0.9994,33.61
audioseal,8,chinese:SSB0339,0,105,minimum,1,1,1,12,0.7500,4.0671,0.9961,28.08
audioseal,8,chinese:SSB0339,0,105,maximum,1,1,1,12,0.7500,4.1152,0.9963,27.90
audioseal,8,chinese:SSB0339,0,105,rand_minmax,1,1,1,12,0.7500,2.5903,0.9915,26.37
audioseal,8,chinese:SSB0339,0,105,copy_paste,1,1,1,14,0.8750,4.5082,0.9985,29.40
audioseal,8,chinese:SSB0339,1,106,median,1,1,1,13,0.8125,4.5308,0.9994,33.86
audioseal,8,chinese:SSB0339,1,106,minimum,1,1,1,12,0.7500,4.1115,0.9969,28.49
audioseal,8,chinese:SSB0339,1,106,maximum,1,1,1,12,0.7500,4.1282,0.9970,28.47
audioseal,8,chinese:SSB0339,1,106,rand_minmax,1,1,1,12,0.7500,2.6036,0.9907,26.91
audioseal,8,chinese:SSB0339,1,106,copy_paste,1,1,1,12,0.7500,4.5090,0.9985,29.23
audioseal,8,chinese:SSB0339,2,107,median,1,1,1,13,0.8125,4.4753,0.9993,32.63
audioseal,8,chinese:SSB0339,2,107,minimum,1,1,1,12,0.7500,4.1701,0.9977,28.77
audioseal,8,chinese:SSB0339,2,107,maximum,1,1,1,12,0.7500,4.2523,0.9980,28.74
audioseal,8,chinese:SSB0339,2,107,rand_minmax,1,1,1,12,0.7500,2.6354,0.9922,26.97
audioseal,8,chinese:SSB0339,2,107,copy_paste,1,1,1,14,0.8750,4.5153,0.9987,30.00
audioseal,8,chinese:SSB0341,0,108,median,1,1,1,10,0.6250,4.5633,0.9994,36.76
audioseal,8,chinese:SSB0341,0,108,minimum,1,1,1,10,0.6250,4.4168,0.9983,33.47
audioseal,8,chinese:SSB0341,0,108,maximum,1,1,1,11,0.6875,4.4395,0.9984,33.45
audioseal,8,chinese:SSB0341,0,108,rand_minmax,1,1,1,10,0.6250,3.1903,0.9936,31.83
audioseal,8,chinese:SSB0341,0,108,copy_paste,1,1,1,12,0.7500,4.5367,0.9990,34.46
audioseal,8,chinese:SSB0341,1,109,median,1,1,1,14,0.8750,4.5851,0.9995,38.70
audioseal,8,chinese:SSB0341,1,109,minimum,1,1,1,14,0.8750,4.4413,0.9983,33.84
audioseal,8,chinese:SSB0341,1,109,maximum,1,1,1,14,0.8750,4.4498,0.9985,33.92
audioseal,8,chinese:SSB0341,1,109,rand_minmax,1,1,1,12,0.7500,3.2436,0.9938,32.29
audioseal,8,chinese:SSB0341,1,109,copy_paste,1,1,1,14,0.8750,4.5586,0.9990,35.43
audioseal,8,chinese:SSB0341,2,110,median,1,1,1,11,0.6875,4.5838,0.9993,37.64
audioseal,8,chinese:SSB0341,2,110,minimum,1,1,1,11,0.6875,4.4523,0.9986,34.61
audioseal,8,chinese:SSB0341,2,110,maximum,1,1,1,13,0.8125,4.4661,0.9985,34.36
audioseal,8,chinese:SSB0341,2,110,rand_minmax,1,1,1,12,0.7500,3.2746,0.9952,32.80
audioseal,8,chinese:SSB0341,2,110,copy_paste,1,1,1,12,0.7500,4.5763,0.9987,35.56
audioseal,8,chinese:SSB0342,0,111,median,1,1,1,13,0.8125,4.4953,0.9987,32.88
audioseal,8,chinese:SSB0342,0,111,minimum,1,1,1,12,0.7500,4.3263,0.9980,30.64
audioseal,8,chinese:SSB0342,0,111,maximum,1,1,1,12,0.7500,4.3277,0.9981,30.65
audioseal,8,chinese:SSB0342,0,111,rand_minmax,1,1,1,13,0.8125,2.7655,0.9926,28.93
audioseal,8,chinese:SSB0342,0,111,copy_paste,1,1,1,12,0.7500,4.4898,0.9979,31.16
audioseal,8,chinese:SSB0342,1,112,median,1,1,1,12,0.7500,4.4519,0.9986,34.81
audioseal,8,chinese:SSB0342,1,112,minimum,1,1,1,13,0.8125,4.2658,0.9979,30.97
audioseal,8,chinese:SSB0342,1,112,maximum,1,1,1,14,0.8750,4.2622,0.9978,31.13
audioseal,8,chinese:SSB0342,1,112,rand_minmax,1,1,1,11,0.6875,2.7563,0.9926,29.24
audioseal,8,chinese:SSB0342,1,112,copy_paste,1,1,1,12,0.7500,4.4862,0.9980,31.74
audioseal,8,chinese:SSB0342,2,113,median,1,1,1,11,0.6875,4.4332,0.9991,35.65
audioseal,8,chinese:SSB0342,2,113,minimum,1,1,1,10,0.6250,4.2918,0.9983,30.91
audioseal,8,chinese:SSB0342,2,113,maximum,1,1,1,11,0.6875,4.2861,0.9981,30.67
audioseal,8,chinese:SSB0342,2,113,rand_minmax,1,1,1,12,0.7500,2.6817,0.9920,28.96
audioseal,8,chinese:SSB0342,2,113,copy_paste,1,1,1,13,0.8125,4.4941,0.9980,31.15
audioseal,8,chinese:SSB0354,0,114,median,1,1,1,12,0.7500,4.4809,0.9979,34.79
audioseal,8,chinese:SSB0354,0,114,minimum,1,1,1,11,0.6875,4.1368,0.9915,31.46
audioseal,8,chinese:SSB0354,0,114,maximum,1,1,1,11,0.6875,4.1137,0.9915,31.22
audioseal,8,chinese:SSB0354,0,114,rand_minmax,1,1,1,11,0.6875,2.7323,0.9745,29.91
audioseal,8,chinese:SSB0354,0,114,copy_paste,1,1,1,14,0.8750,4.4919,0.9967,32.01
audioseal,8,chinese:SSB0354,1,115,median,1,1,1,13,0.8125,4.5117,0.9985,36.70
audioseal,8,chinese:SSB0354,1,115,minimum,1,1,1,12,0.7500,4.1173,0.9925,32.09
audioseal,8,chinese:SSB0354,1,115,maximum,1,1,1,12,0.7500,4.1527,0.9921,32.20
audioseal,8,chinese:SSB0354,1,115,rand_minmax,1,1,1,13,0.8125,2.7833,0.9771,30.50
audioseal,8,chinese:SSB0354,1,115,copy_paste,1,1,1,13,0.8125,4.4882,0.9970,32.10
audioseal,8,chinese:SSB0354,2,116,median,1,1,1,11,0.6875,4.4861,0.9973,34.71
audioseal,8,chinese:SSB0354,2,116,minimum,1,1,1,13,0.8125,4.1402,0.9929,31.86
audioseal,8,chinese:SSB0354,2,116,maximum,1,1,1,14,0.8750,4.1624,0.9929,31.55
audioseal,8,chinese:SSB0354,2,116,rand_minmax,1,1,1,13,0.8125,2.8338,0.9775,30.25
audioseal,8,chinese:SSB0354,2,116,copy_paste,1,1,1,14,0.8750,4.5226,0.9965,31.15
audioseal,8,chinese:SSB0366,0,117,median,1,1,1,11,0.6875,4.5373,0.9986,31.15
audioseal,8,chinese:SSB0366,0,117,minimum,1,1,1,12,0.7500,4.1718,0.9923,25.67
audioseal,8,chinese:SSB0366,0,117,maximum,1,1,1,11,0.6875,4.1594,0.9912,25.62
audioseal,8,chinese:SSB0366,0,117,rand_minmax,1,1,1,12,0.7500,2.5451,0.9791,24.03
audioseal,8,chinese:SSB0366,0,117,copy_paste,1,1,1,13,0.8125,4.4598,0.9974,27.17
audioseal,8,chinese:SSB0366,1,118,median,1,1,1,13,0.8125,4.5554,0.9988,31.86
audioseal,8,chinese:SSB0366,1,118,minimum,1,1,1,11,0.6875,4.0419,0.9897,24.77
audioseal,8,chinese:SSB0366,1,118,maximum,1,1,1,12,0.7500,4.0287,0.9896,24.78
audioseal,8,chinese:SSB0366,1,118,rand_minmax,1,1,1,12,0.7500,2.4957,0.9772,23.66
audioseal,8,chinese:SSB0366,1,118,copy_paste,1,1,1,12,0.7500,4.4972,0.9978,24.98
audioseal,8,chinese:SSB0366,2,119,median,1,1,1,11,0.6875,4.5111,0.9981,26.82
audioseal,8,chinese:SSB0366,2,119,minimum,1,1,1,13,0.8125,4.1258,0.9915,25.34
audioseal,8,chinese:SSB0366,2,119,maximum,1,1,1,12,0.7500,4.1276,0.9914,25.29
audioseal,8,chinese:SSB0366,2,119,rand_minmax,1,1,1,13,0.8125,2.5345,0.9804,24.05
audioseal,8,chinese:SSB0366,2,119,copy_paste,1,1,1,13,0.8125,4.4577,0.9972,25.30
audioseal,8,chinese:SSB0375,0,120,median,1,1,1,10,0.6250,4.5480,0.9995,35.27
audioseal,8,chinese:SSB0375,0,120,minimum,1,1,1,12,0.7500,4.4323,0.9993,27.81
audioseal,8,chinese:SSB0375,0,120,maximum,1,1,1,11,0.6875,4.4403,0.9993,27.85
audioseal,8,chinese:SSB0375,0,120,rand_minmax,1,1,1,11,0.6875,2.8020,0.9982,26.80
audioseal,8,chinese:SSB0375,0,120,copy_paste,1,1,1,11,0.6875,4.5548,0.9990,31.57
audioseal,8,chinese:SSB0375,1,121,median,1,1,1,13,0.8125,4.5263,0.9995,30.01
audioseal,8,chinese:SSB0375,1,121,minimum,1,1,1,13,0.8125,4.4477,0.9993,27.72
audioseal,8,chinese:SSB0375,1,121,maximum,1,1,1,12,0.7500,4.4421,0.9992,27.69
audioseal,8,chinese:SSB0375,1,121,rand_minmax,1,1,1,12,0.7500,2.8468,0.9982,26.64
audioseal,8,chinese:SSB0375,1,121,copy_paste,1,1,1,13,0.8125,4.4949,0.9989,29.14
audioseal,8,chinese:SSB0375,2,122,median,1,1,1,12,0.7500,4.5548,0.9993,33.11
audioseal,8,chinese:SSB0375,2,122,minimum,1,1,1,12,0.7500,4.4123,0.9993,27.49
audioseal,8,chinese:SSB0375,2,122,maximum,1,1,1,12,0.7500,4.4412,0.9993,27.74
audioseal,8,chinese:SSB0375,2,122,rand_minmax,1,1,1,12,0.7500,2.8634,0.9980,26.52
audioseal,8,chinese:SSB0375,2,122,copy_paste,1,1,1,13,0.8125,4.5281,0.9988,30.13
audioseal,8,chinese:SSB0379,0,123,median,1,1,1,13,0.8125,4.5675,0.9996,32.92
audioseal,8,chinese:SSB0379,0,123,minimum,1,1,1,13,0.8125,4.2152,0.9981,27.94
audioseal,8,chinese:SSB0379,0,123,maximum,1,1,1,14,0.8750,4.1889,0.9980,27.80
audioseal,8,chinese:SSB0379,0,123,rand_minmax,1,1,1,12,0.7500,2.8513,0.9914,26.38
audioseal,8,chinese:SSB0379,0,123,copy_paste,1,1,1,13,0.8125,4.5257,0.9992,29.23
audioseal,8,chinese:SSB0379,1,124,median,1,1,1,14,0.8750,4.5350,0.9994,29.75
audioseal,8,chinese:SSB0379,1,124,minimum,1,1,1,12,0.7500,4.1981,0.9981,26.97
audioseal,8,chinese:SSB0379,1,124,maximum,1,1,1,11,0.6875,4.1785,0.9979,26.80
audioseal,8,chinese:SSB0379,1,124,rand_minmax,1,1,1,12,0.7500,2.7909,0.9908,25.46
audioseal,8,chinese:SSB0379,1,124,copy_paste,1,1,1,15,0.9375,4.5379,0.9991,26.36
audioseal,8,chinese:SSB0379,2,125,median,1,1,1,12,0.7500,4.5296,0.9994,31.56
audioseal,8,chinese:SSB0379,2,125,minimum,1,1,1,12,0.7500,4.1514,0.9970,26.52
audioseal,8,chinese:SSB0379,2,125,maximum,1,1,1,12,0.7500,4.1255,0.9973,26.58
audioseal,8,chinese:SSB0379,2,125,rand_minmax,1,1,1,12,0.7500,2.7213,0.9893,25.33
audioseal,8,chinese:SSB0379,2,125,copy_paste,1,1,1,12,0.7500,4.4910,0.9992,28.44
audioseal,8,chinese:SSB0380,0,126,median,1,1,1,12,0.7500,4.4080,0.9991,28.87
audioseal,8,chinese:SSB0380,0,126,minimum,1,1,1,12,0.7500,3.9310,0.9924,24.43
audioseal,8,chinese:SSB0380,0,126,maximum,1,1,1,12,0.7500,3.9511,0.9928,24.42
audioseal,8,chinese:SSB0380,0,126,rand_minmax,1,1,1,12,0.7500,2.5798,0.9792,22.80
audioseal,8,chinese:SSB0380,0,126,copy_paste,1,1,1,12,0.7500,4.4805,0.9981,25.66
audioseal,8,chinese:SSB0380,1,127,median,1,1,1,14,0.8750,4.4087,0.9990,28.34
audioseal,8,chinese:SSB0380,1,127,minimum,1,1,1,11,0.6875,3.9354,0.9878,24.30
audioseal,8,chinese:SSB0380,1,127,maximum,1,1,1,13,0.8125,3.9672,0.9862,24.27
audioseal,8,chinese:SSB0380,1,127,rand_minmax,1,1,1,11,0.6875,2.5881,0.9793,22.74
audioseal,8,chinese:SSB0380,1,127,copy_paste,1,1,1,15,0.9375,4.4760,0.9983,25.37
audioseal,8,chinese:SSB0380,2,128,median,1,1,1,13,0.8125,4.4167,0.9990,28.42
audioseal,8,chinese:SSB0380,2,128,minimum,1,1,1,10,0.6250,4.1043,0.9951,25.37
audioseal,8,chinese:SSB0380,2,128,maximum,1,1,1,10,0.6250,4.1362,0.9939,25.30
audioseal,8,chinese:SSB0380,2,128,rand_minmax,1,1,1,12,0.7500,2.6877,0.9810,23.57
audioseal,8,chinese:SSB0380,2,128,copy_paste,1,1,1,12,0.7500,4.4852,0.9983,25.72
audioseal,8,chinese:SSB0382,0,129,median,1,1,1,14,0.8750,4.5726,0.9994,31.50
audioseal,8,chinese:SSB0382,0,129,minimum,1,1,1,12,0.7500,4.3693,0.9979,28.56
audioseal,8,chinese:SSB0382,0,129,maximum,1,1,1,14,0.8750,4.3732,0.9975,28.53
audioseal,8,chinese:SSB0382,0,129,rand_minmax,1,1,1,14,0.8750,2.9739,0.9942,26.56
audioseal,8,chinese:SSB0382,0,129,copy_paste,1,1,1,14,0.8750,4.5452,0.9990,28.83
audioseal,8,chinese:SSB0382,1,130,median,1,1,1,12,0.7500,4.5689,0.9996,32.33
audioseal,8,chinese:SSB0382,1,130,minimum,1,1,1,12,0.7500,4.3699,0.9975,28.38
audioseal,8,chinese:SSB0382,1,130,maximum,1,1,1,12,0.7500,4.3593,0.9974,28.34
audioseal,8,chinese:SSB0382,1,130,rand_minmax,1,1,1,13,0.8125,2.9274,0.9933,26.28
audioseal,8,chinese:SSB0382,1,130,copy_paste,1,1,1,14,0.8750,4.5403,0.9992,29.42
audioseal,8,chinese:SSB0382,2,131,median,1,1,1,12,0.7500,4.5617,0.9994,29.20
audioseal,8,chinese:SSB0382,2,131,minimum,1,1,1,13,0.8125,4.2942,0.9970,27.22
audioseal,8,chinese:SSB0382,2,131,maximum,1,1,1,13,0.8125,4.3075,0.9961,27.17
audioseal,8,chinese:SSB0382,2,131,rand_minmax,1,1,1,14,0.8750,2.8201,0.9917,25.43
audioseal,8,chinese:SSB0382,2,131,copy_paste,1,1,1,12,0.7500,4.5173,0.9989,27.28
audioseal,8,chinese:SSB0385,0,132,median,1,1,1,12,0.7500,4.5846,0.9997,34.58
audioseal,8,chinese:SSB0385,0,132,minimum,1,1,1,12,0.7500,4.4242,0.9913,30.48
audioseal,8,chinese:SSB0385,0,132,maximum,1,1,1,11,0.6875,4.4281,0.9914,30.38
audioseal,8,chinese:SSB0385,0,132,rand_minmax,1,1,1,11,0.6875,3.3577,0.9857,28.37
audioseal,8,chinese:SSB0385,0,132,copy_paste,1,1,1,13,0.8125,4.5509,0.9992,30.76
audioseal,8,chinese:SSB0385,1,133,median,1,1,1,14,0.8750,4.5730,0.9995,31.55
audioseal,8,chinese:SSB0385,1,133,minimum,1,1,1,12,0.7500,4.3573,0.9934,30.06
audioseal,8,chinese:SSB0385,1,133,maximum,1,1,1,14,0.8750,4.3542,0.9920,30.08
audioseal,8,chinese:SSB0385,1,133,rand_minmax,1,1,1,14,0.8750,3.3838,0.9847,28.30
audioseal,8,chinese:SSB0385,1,133,copy_paste,1,1,1,14,0.8750,4.5505,0.9991,29.86
audioseal,8,chinese:SSB0385,2,134,median,1,1,1,14,0.8750,4.5967,0.9996,31.70
audioseal,8,chinese:SSB0385,2,134,minimum,1,1,1,13,0.8125,4.3123,0.9911,29.83
audioseal,8,chinese:SSB0385,2,134,maximum,1,1,1,13,0.8125,4.3210,0.9894,29.93
audioseal,8,chinese:SSB0385,2,134,rand_minmax,1,1,1,14,0.8750,3.3444,0.9839,28.08
audioseal,8,chinese:SSB0385,2,134,copy_paste,1,1,1,14,0.8750,4.5644,0.9991,29.63
audioseal,8,chinese:SSB0393,0,135,median,1,1,1,12,0.7500,4.5291,0.9988,34.51
audioseal,8,chinese:SSB0393,0,135,minimum,1,1,1,13,0.8125,4.3422,0.9976,30.31
audioseal,8,chinese:SSB0393,0,135,maximum,1,1,1,13,0.8125,4.3434,0.9979,30.34
audioseal,8,chinese:SSB0393,0,135,rand_minmax,1,1,1,14,0.8750,3.2826,0.9965,28.68
audioseal,8,chinese:SSB0393,0,135,copy_paste,1,1,1,12,0.7500,4.5225,0.9979,31.53
audioseal,8,chinese:SSB0393,1,136,median,1,1,1,14,0.8750,4.5585,0.9990,35.14
audioseal,8,chinese:SSB0393,1,136,minimum,1,1,1,12,0.7500,4.3268,0.9974,30.93
audioseal,8,chinese:SSB0393,1,136,maximum,1,1,1,10,0.6250,4.3303,0.9980,30.92
audioseal,8,chinese:SSB0393,1,136,rand_minmax,1,1,1,11,0.6875,3.3595,0.9971,29.31
audioseal,8,chinese:SSB0393,1,136,copy_paste,1,1,1,11,0.6875,4.5266,0.9980,32.08
audioseal,8,chinese:SSB0393,2,137,median,1,1,1,12,0.7500,4.5386,0.9991,36.41
audioseal,8,chinese:SSB0393,2,137,minimum,1,1,1,12,0.7500,4.3750,0.9979,31.28
audioseal,8,chinese:SSB0393,2,137,maximum,1,1,1,12,0.7500,4.3703,0.9978,31.21
audioseal,8,chinese:SSB0393,2,137,rand_minmax,1,1,1,12,0.7500,3.3210,0.9967,29.34
audioseal,8,chinese:SSB0393,2,137,copy_paste,1,1,1,12,0.7500,4.5580,0.9982,33.26
audioseal,8,chinese:SSB0394,0,138,median,1,1,1,12,0.7500,4.5314,0.9950,34.42
audioseal,8,chinese:SSB0394,0,138,minimum,1,1,1,11,0.6875,4.4182,0.9932,30.67
audioseal,8,chinese:SSB0394,0,138,maximum,1,1,1,10,0.6250,4.4394,0.9943,30.83
audioseal,8,chinese:SSB0394,0,138,rand_minmax,1,1,1,11,0.6875,2.6480,0.9864,29.42
audioseal,8,chinese:SSB0394,0,138,copy_paste,1,1,1,13,0.8125,4.5095,0.9929,32.18
audioseal,8,chinese:SSB0394,1,139,median,1,1,1,12,0.7500,4.5678,0.9946,35.25
audioseal,8,chinese:SSB0394,1,139,minimum,1,1,1,13,0.8125,4.3572,0.9924,30.46
audioseal,8,chinese:SSB0394,1,139,maximum,1,1,1,13,0.8125,4.3656,0.9927,30.39
audioseal,8,chinese:SSB0394,1,139,rand_minmax,1,1,1,13,0.8125,2.5828,0.9839,29.01
audioseal,8,chinese:SSB0394,1,139,copy_paste,1,1,1,14,0.8750,4.5253,0.9917,30.81
audioseal,8,chinese:SSB0394,2,140,median,0,0,0,16,1.0000,4.5528,0.9934,31.44
audioseal,8,chinese:SSB0394,2,140,minimum,1,1,1,12,0.7500,4.3982,0.9927,30.99
audioseal,8,chinese:SSB0394,2,140,maximum,1,1,1,11,0.6875,4.4051,0.9931,31.00
audioseal,8,chinese:SSB0394,2,140,rand_minmax,1,1,1,11,0.6875,2.6882,0.9858,29.69
audioseal,8,chinese:SSB0394,2,140,copy_paste,0,0,0,16,1.0000,4.5282,0.9910,32.60
audioseal,8,chinese:SSB0395,0,141,median,1,1,1,13,0.8125,4.5170,0.9933,30.95
audioseal,8,chinese:SSB0395,0,141,minimum,1,1,1,11,0.6875,4.2192,0.9884,28.07
audioseal,8,chinese:SSB0395,0,141,maximum,1,1,1,12,0.7500,4.2071,0.9885,28.28
audioseal,8,chinese:SSB0395,0,141,rand_minmax,1,1,1,11,0.6875,2.5966,0.9772,27.15
audioseal,8,chinese:SSB0395,0,141,copy_paste,1,1,1,13,0.8125,4.5107,0.9903,28.29
audioseal,8,chinese:SSB0395,1,142,median,1,1,1,12,0.7500,4.5094,0.9930,34.08
audioseal,8,chinese:SSB0395,1,142,minimum,1,1,1,11,0.6875,4.2451,0.9894,28.49
audioseal,8,chinese:SSB0395,1,142,maximum,1,1,1,10,0.6250,4.2278,0.9900,28.55
audioseal,8,chinese:SSB0395,1,142,rand_minmax,1,1,1,12,0.7500,2.6269,0.9783,27.38
audioseal,8,chinese:SSB0395,1,142,copy_paste,1,1,1,12,0.7500,4.4941,0.9912,29.10
audioseal,8,chinese:SSB0395,2,143,median,1,1,1,14,0.8750,4.5316,0.9931,32.89
audioseal,8,chinese:SSB0395,2,143,minimum,1,1,1,13,0.8125,4.2742,0.9912,28.46
audioseal,8,chinese:SSB0395,2,143,maximum,1,1,1,10,0.6250,4.2291,0.9904,28.28
audioseal,8,chinese:SSB0395,2,143,rand_minmax,1,1,1,12,0.7500,2.6693,0.9795,27.29
audioseal,8,chinese:SSB0395,2,143,copy_paste,1,1,1,12,0.7500,4.5301,0.9912,31.73
audioseal,8,chinese:SSB0407,0,144,median,1,1,1,12,0.7500,4.5272,0.9988,35.79
audioseal,8,chinese:SSB0407,0,144,minimum,1,1,1,12,0.7500,4.3990,0.9981,32.06
audioseal,8,chinese:SSB0407,0,144,maximum,1,1,1,12,0.7500,4.4000,0.9981,31.82
audioseal,8,chinese:SSB0407,0,144,rand_minmax,1,1,1,12,0.7500,2.9391,0.9956,30.53
audioseal,8,chinese:SSB0407,0,144,copy_paste,1,1,1,13,0.8125,4.5323,0.9975,32.23
audioseal,8,chinese:SSB0407,1,145,median,1,1,1,13,0.8125,4.5127,0.9989,36.14
audioseal,8,chinese:SSB0407,1,145,minimum,1,1,1,11,0.6875,4.3494,0.9983,32.43
audioseal,8,chinese:SSB0407,1,145,maximum,1,1,1,12,0.7500,4.3443,0.9983,32.23
audioseal,8,chinese:SSB0407,1,145,rand_minmax,1,1,1,11,0.6875,2.9297,0.9960,30.80
audioseal,8,chinese:SSB0407,1,145,copy_paste,1,1,1,13,0.8125,4.5214,0.9982,33.69
audioseal,8,chinese:SSB0407,2,146,median,1,1,1,12,0.7500,4.5002,0.9987,36.10
audioseal,8,chinese:SSB0407,2,146,minimum,1,1,1,12,0.7500,4.3366,0.9983,32.54
audioseal,8,chinese:SSB0407,2,146,maximum,1,1,1,11,0.6875,4.3205,0.9984,32.55
audioseal,8,chinese:SSB0407,2,146,rand_minmax,1,1,1,12,0.7500,2.9309,0.9958,31.04
audioseal,8,chinese:SSB0407,2,146,copy_paste,1,1,1,14,0.8750,4.5352,0.9978,33.42
audioseal,8,chinese:SSB0415,0,147,median,1,1,1,13,0.8125,4.5489,0.9975,31.73
audioseal,8,chinese:SSB0415,0,147,minimum,1,1,1,13,0.8125,4.3950,0.9970,30.47
audioseal,8,chinese:SSB0415,0,147,maximum,1,1,1,13,0.8125,4.3797,0.9971,30.44
audioseal,8,chinese:SSB0415,0,147,rand_minmax,1,1,1,13,0.8125,3.6782,0.9923,29.14
audioseal,8,chinese:SSB0415,0,147,copy_paste,1,1,1,13,0.8125,4.5350,0.9971,29.69
audioseal,8,chinese:SSB0415,1,148,median,1,1,1,14,0.8750,4.5901,0.9984,35.79
audioseal,8,chinese:SSB0415,1,148,minimum,1,1,1,12,0.7500,4.4092,0.9975,30.90
audioseal,8,chinese:SSB0415,1,148,maximum,1,1,1,12,0.7500,4.3879,0.9973,30.89
audioseal,8,chinese:SSB0415,1,148,rand_minmax,1,1,1,12,0.7500,3.6462,0.9920,29.55
audioseal,8,chinese:SSB0415,1,148,copy_paste,0,0,0,16,1.0000,4.5514,0.9975,32.22
audioseal,8,chinese:SSB0415,2,149,median,1,1,1,12,0.7500,4.5811,0.9985,33.51
audioseal,8,chinese:SSB0415,2,149,minimum,1,1,1,11,0.6875,4.3804,0.9974,30.44
audioseal,8,chinese:SSB0415,2,149,maximum,1,1,1,13,0.8125,4.3832,0.9976,30.45
audioseal,8,chinese:SSB0415,2,149,rand_minmax,1,1,1,12,0.7500,3.6979,0.9927,29.12
audioseal,8,chinese:SSB0415,2,149,copy_paste,1,1,1,12,0.7500,4.5463,0.9976,29.71
audioseal,8,english:103,0,150,median,1,1,1,12,0.7500,4.6035,0.9973,34.61
audioseal,8,english:103,0,150,minimum,1,1,1,13,0.8125,4.5617,0.9963,29.53
audioseal,8,english:103,0,150,maximum,1,1,1,12,0.7500,4.5580,0.9958,29.23
audioseal,8,english:103,0,150,rand_minmax,1,1,1,12,0.7500,3.9647,0.9932,27.45
audioseal,8,english:103,0,150,copy_paste,1,1,1,13,0.8125,4.5520,0.9942,30.74
audioseal,8,english:103,1,151,median,1,0,0,15,0.9375,4.5553,0.9955,30.78
audioseal,8,english:103,1,151,minimum,1,1,1,14,0.8750,4.5244,0.9947,28.97
audioseal,8,english:103,1,151,maximum,1,1,1,14,0.8750,4.5289,0.9946,28.87
audioseal,8,english:103,1,151,rand_minmax,1,1,1,14,0.8750,3.9931,0.9922,27.19
audioseal,8,english:103,1,151,copy_paste,1,1,0,15,0.9375,4.5156,0.9936,28.94
audioseal,8,english:103,2,152,median,1,1,1,13,0.8125,4.5668,0.9952,31.45
audioseal,8,english:103,2,152,minimum,1,1,1,12,0.7500,4.5463,0.9949,28.85
audioseal,8,english:103,2,152,maximum,1,1,1,13,0.8125,4.5464,0.9946,28.54
audioseal,8,english:103,2,152,rand_minmax,1,1,1,13,0.8125,3.9873,0.9917,27.07
audioseal,8,english:103,2,152,copy_paste,1,1,1,13,0.8125,4.5314,0.9929,29.77
audioseal,8,english:1034,0,153,median,1,1,1,14,0.8750,4.6130,0.9964,35.49
audioseal,8,english:1034,0,153,minimum,1,1,1,13,0.8125,4.5659,0.9940,31.18
audioseal,8,english:1034,0,153,maximum,1,1,1,13,0.8125,4.5491,0.9944,31.37
audioseal,8,english:1034,0,153,rand_minmax,1,1,1,13,0.8125,3.3620,0.9825,29.96
audioseal,8,english:1034,0,153,copy_paste,1,1,1,13,0.8125,4.5800,0.9921,31.85
audioseal,8,english:1034,1,154,median,1,1,1,13,0.8125,4.5978,0.9947,35.78
audioseal,8,english:1034,1,154,minimum,1,1,1,11,0.6875,4.5035,0.9936,30.53
audioseal,8,english:1034,1,154,maximum,1,1,1,12,0.7500,4.5009,0.9934,30.59
audioseal,8,english:1034,1,154,rand_minmax,1,1,1,12,0.7500,3.3276,0.9822,29.74
audioseal,8,english:1034,1,154,copy_paste,1,1,1,12,0.7500,4.5737,0.9914,32.00
audioseal,8,english:1034,2,155,median,1,1,1,13,0.8125,4.6046,0.9945,36.52
audioseal,8,english:1034,2,155,minimum,1,1,1,13,0.8125,4.5531,0.9923,31.96
audioseal,8,english:1034,2,155,maximum,1,1,1,11,0.6875,4.5599,0.9923,32.18
audioseal,8,english:1034,2,155,rand_minmax,1,1,1,13,0.8125,3.4385,0.9818,30.67
audioseal,8,english:1034,2,155,copy_paste,1,1,1,13,0.8125,4.5624,0.9900,33.27
audioseal,8,english:1040,0,156,median,1,1,1,11,0.6875,4.6005,0.9994,34.15
audioseal,8,english:1040,0,156,minimum,1,1,1,11,0.6875,4.5093,0.9985,30.72
audioseal,8,english:1040,0,156,maximum,1,1,1,10,0.6250,4.5343,0.9986,30.77
audioseal,8,english:1040,0,156,rand_minmax,1,1,1,10,0.6250,3.5781,0.9970,29.38
audioseal,8,english:1040,0,156,copy_paste,1,1,1,10,0.6250,4.5651,0.9988,31.76
audioseal,8,english:1040,1,157,median,1,1,1,12,0.7500,4.5911,0.9993,34.74
audioseal,8,english:1040,1,157,minimum,1,1,1,12,0.7500,4.5116,0.9986,30.16
audioseal,8,english:1040,1,157,maximum,1,1,1,12,0.7500,4.5176,0.9986,30.07
audioseal,8,english:1040,1,157,rand_minmax,1,1,1,12,0.7500,3.5160,0.9973,29.02
audioseal,8,english:1040,1,157,copy_paste,1,1,1,12,0.7500,4.5572,0.9988,32.51
audioseal,8,english:1040,2,158,median,1,1,1,11,0.6875,4.6070,0.9992,34.11
audioseal,8,english:1040,2,158,minimum,1,1,1,13,0.8125,4.5182,0.9986,30.72
audioseal,8,english:1040,2,158,maximum,1,1,1,12,0.7500,4.5360,0.9986,30.61
audioseal,8,english:1040,2,158,rand_minmax,1,1,1,13,0.8125,3.5893,0.9975,29.47
audioseal,8,english:1040,2,158,copy_paste,1,1,1,12,0.7500,4.5747,0.9987,31.79
audioseal,8,english:1069,0,159,median,1,1,1,13,0.8125,4.5850,0.9993,35.45
audioseal,8,english:1069,0,159,minimum,1,1,1,12,0.7500,4.2236,0.9940,30.58
audioseal,8,english:1069,0,159,maximum,1,1,1,13,0.8125,4.2056,0.9939,30.69
audioseal,8,english:1069,0,159,rand_minmax,1,1,1,12,0.7500,3.0749,0.9882,29.12
audioseal,8,english:1069,0,159,copy_paste,1,1,1,12,0.7500,4.5657,0.9994,31.00
audioseal,8,english:1069,1,160,median,1,1,1,13,0.8125,4.5810,0.9992,30.42
audioseal,8,english:1069,1,160,minimum,1,1,1,13,0.8125,4.2458,0.9944,30.10
audioseal,8,english:1069,1,160,maximum,1,1,1,13,0.8125,4.2286,0.9940,30.40
audioseal,8,english:1069,1,160,rand_minmax,1,1,1,11,0.6875,3.1045,0.9892,28.96
audioseal,8,english:1069,1,160,copy_paste,1,1,1,12,0.7500,4.5817,0.9995,30.13
audioseal,8,english:1069,2,161,median,1,1,1,12,0.7500,4.5880,0.9993,36.76
audioseal,8,english:1069,2,161,minimum,1,1,1,13,0.8125,4.3364,0.9960,31.99
audioseal,8,english:1069,2,161,maximum,1,1,1,13,0.8125,4.3140,0.9953,31.76
audioseal,8,english:1069,2,161,rand_minmax,1,1,1,13,0.8125,3.2568,0.9890,30.36
audioseal,8,english:1069,2,161,copy_paste,1,1,1,14,0.8750,4.5721,0.9996,34.11
audioseal,8,english:1081,0,162,median,1,1,1,13,0.8125,4.6137,0.9998,43.02
audioseal,8,english:1081,0,162,minimum,1,1,1,12,0.7500,4.5539,0.9996,36.97
audioseal,8,english:1081,0,162,maximum,1,1,1,12,0.7500,4.5602,0.9996,36.77
audioseal,8,english:1081,0,162,rand_minmax,1,1,1,11,0.6875,3.9274,0.9993,34.58
audioseal,8,english:1081,0,162,copy_paste,1,1,1,12,0.7500,4.5794,0.9995,38.06
audioseal,8,english:1081,1,163,median,1,1,1,12,0.7500,4.5922,0.9996,39.57
audioseal,8,english:1081,1,163,minimum,1,1,1,11,0.6875,4.4928,0.9995,35.20
audioseal,8,english:1081,1,163,maximum,1,1,1,12,0.7500,4.4941,0.9995,35.09
audioseal,8,english:1081,1,163,rand_minmax,1,1,1,11,0.6875,3.8246,0.9990,33.50
audioseal,8,english:1081,1,163,copy_paste,1,1,1,14,0.8750,4.5598,0.9994,36.31
audioseal,8,english:1081,2,164,median,1,1,1,12,0.7500,4.6103,0.9997,40.56
audioseal,8,english:1081,2,164,minimum,1,1,1,11,0.6875,4.4938,0.9995,34.94
audioseal,8,english:1081,2,164,maximum,1,1,1,11,0.6875,4.4968,0.9995,35.02
audioseal,8,english:1081,2,164,rand_minmax,1,1,1,11,0.6875,3.7689,0.9988,33.31
audioseal,8,english:1081,2,164,copy_paste,1,1,1,12,0.7500,4.5709,0.9993,35.78
audioseal,8,english:1088,0,165,median,1,1,1,11,0.6875,4.5819,0.9996,38.97
audioseal,8,english:1088,0,165,minimum,1,1,1,11,0.6875,4.4453,0.9991,35.32
audioseal,8,english:1088,0,165,maximum,1,1,1,11,0.6875,4.4400,0.9991,35.32
audioseal,8,english:1088,0,165,rand_minmax,1,1,1,11,0.6875,3.7141,0.9975,33.12
audioseal,8,english:1088,0,165,copy_paste,1,1,1,12,0.7500,4.5440,0.9992,35.51
audioseal,8,english:1088,1,166,median,1,1,1,12,0.7500,4.5915,0.9994,37.83
audioseal,8,english:1088,1,166,minimum,1,1,1,13,0.8125,4.4692,0.9990,35.12
audioseal,8,english:1088,1,166,maximum,1,1,1,13,0.8125,4.4714,0.9991,35.24
audioseal,8,english:1088,1,166,rand_minmax,1,1,1,14,0.8750,3.7768,0.9974,33.29
audioseal,8,english:1088,1,166,copy_paste,1,1,1,13,0.8125,4.5573,0.9991,34.91
audioseal,8,english:1088,2,167,median,1,1,1,12,0.7500,4.6015,0.9996,39.56
audioseal,8,english:1088,2,167,minimum,1,1,1,12,0.7500,4.4570,0.9991,35.32
audioseal,8,english:1088,2,167,maximum,1,1,1,12,0.7500,4.4503,0.9992,35.16
audioseal,8,english:1088,2,167,rand_minmax,1,1,1,11,0.6875,3.7317,0.9976,33.23
audioseal,8,english:1088,2,167,copy_paste,1,1,1,13,0.8125,4.5564,0.9993,35.37
audioseal,8,english:1098,0,168,median,1,1,1,12,0.7500,4.5901,0.9998,40.68
audioseal,8,english:1098,0,168,minimum,1,1,1,10,0.6250,4.5394,0.9997,36.42
audioseal,8,english:1098,0,168,maximum,1,1,1,12,0.7500,4.5331,0.9997,36.26
audioseal,8,english:1098,0,168,rand_minmax,1,1,1,10,0.6250,3.9797,0.9992,34.06
audioseal,8,english:1098,0,168,copy_paste,1,1,1,12,0.7500,4.5558,0.9996,36.49
audioseal,8,english:1098,1,169,median,1,1,1,11,0.6875,4.5719,0.9996,37.00
audioseal,8,english:1098,1,169,minimum,1,1,1,12,0.7500,4.5405,0.9996,35.27
audioseal,8,english:1098,1,169,maximum,1,1,1,12,0.7500,4.5350,0.9996,35.26
audioseal,8,english:1098,1,169,rand_minmax,1,1,1,13,0.8125,3.9497,0.9990,33.31
audioseal,8,english:1098,1,169,copy_paste,1,1,1,11,0.6875,4.5548,0.9995,35.50
audioseal,8,english:1098,2,170,median,1,1,1,13,0.8125,4.5928,0.9998,39.63
audioseal,8,english:1098,2,170,minimum,1,1,0,15,0.9375,4.5243,0.9997,36.16
audioseal,8,english:1098,2,170,maximum,1,1,1,13,0.8125,4.5300,0.9997,36.05
audioseal,8,english:1098,2,170,rand_minmax,1,1,1,14,0.8750,3.9810,0.9991,34.08
audioseal,8,english:1098,2,170,copy_paste,1,1,1,15,0.9375,4.5583,0.9996,36.86
audioseal,8,english:1116,0,171,median,1,1,1,13,0.8125,4.5697,0.9994,29.82
audioseal,8,english:1116,0,171,minimum,1,1,1,12,0.7500,4.4530,0.9989,28.22
audioseal,8,english:1116,0,171,maximum,1,1,1,12,0.7500,4.4628,0.9990,27.92
audioseal,8,english:1116,0,171,rand_minmax,1,1,1,11,0.6875,3.4006,0.9987,26.62
audioseal,8,english:1116,0,171,copy_paste,1,1,1,12,0.7500,4.5228,0.9991,28.22
audioseal,8,english:1116,1,172,median,1,1,1,12,0.7500,4.5740,0.9995,32.65
audioseal,8,english:1116,1,172,minimum,1,1,1,11,0.6875,4.4745,0.9991,28.63
audioseal,8,english:1116,1,172,maximum,1,1,1,11,0.6875,4.4689,0.9990,28.60
audioseal,8,english:1116,1,172,rand_minmax,1,1,1,11,0.6875,3.3895,0.9988,26.98
audioseal,8,english:1116,1,172,copy_paste,1,1,1,11,0.6875,4.5298,0.9991,29.48
audioseal,8,english:1116,2,173,median,1,1,1,11,0.6875,4.5641,0.9994,30.44
audioseal,8,english:1116,2,173,minimum,1,1,1,11,0.6875,4.4617,0.9992,28.60
audioseal,8,english:1116,2,173,maximum,1,1,1,13,0.8125,4.4583,0.9992,28.58
audioseal,8,english:1116,2,173,rand_minmax,1,1,1,12,0.7500,3.4072,0.9988,26.94
audioseal,8,english:1116,2,173,copy_paste,1,1,1,13,0.8125,4.5277,0.9990,29.08
audioseal,8,english:118,0,174,median,1,1,0,15,0.9375,4.6033,0.9983,36.39
audioseal,8,english:118,0,174,minimum,1,1,1,12,0.7500,4.5406,0.9975,32.22
audioseal,8,english:118,0,174,maximum,1,1,1,12,0.7500,4.5444,0.9978,32.28
audioseal,8,english:118,0,174,rand_minmax,1,1,1,12,0.7500,3.9490,0.9940,30.39
audioseal,8,english:118,0,174,copy_paste,1,1,1,13,0.8125,4.5603,0.9968,33.55
audioseal,8,english:118,1,175,median,1,1,1,12,0.7500,4.5954,0.9981,38.08
audioseal,8,english:118,1,175,minimum,1,1,1,11,0.6875,4.4913,0.9969,32.22
audioseal,8,english:118,1,175,maximum,1,1,1,12,0.7500,4.5103,0.9972,32.38
audioseal,8,english:118,1,175,rand_minmax,1,1,1,12,0.7500,3.9154,0.9931,30.38
audioseal,8,english:118,1,175,copy_paste,1,1,1,12,0.7500,4.5541,0.9964,33.88
audioseal,8,english:118,2,176,median,1,1,1,13,0.8125,4.6065,0.9987,35.67
audioseal,8,english:118,2,176,minimum,1,1,1,13,0.8125,4.5524,0.9977,32.32
audioseal,8,english:118,2,176,maximum,1,1,1,12,0.7500,4.5750,0.9977,32.36
audioseal,8,english:118,2,176,rand_minmax,1,1,1,12,0.7500,3.9689,0.9941,30.51
audioseal,8,english:118,2,176,copy_paste,1,1,1,12,0.7500,4.5635,0.9970,32.76
audioseal,8,english:1183,0,177,median,1,1,1,14,0.8750,4.5900,0.9996,35.74
audioseal,8,english:1183,0,177,minimum,1,1,1,12,0.7500,4.2847,0.9936,28.84
audioseal,8,english:1183,0,177,maximum,1,1,1,11,0.6875,3.9022,0.9935,28.71
audioseal,8,english:1183,0,177,rand_minmax,1,1,1,11,0.6875,4.2149,0.9940,27.47
audioseal,8,english:1183,0,177,copy_paste,1,1,1,12,0.7500,4.5527,0.9990,32.28
audioseal,8,english:1183,1,178,median,1,1,1,12,0.7500,4.5874,0.9996,36.01
audioseal,8,english:1183,1,178,minimum,1,1,1,13,0.8125,3.9999,0.9952,28.69
audioseal,8,english:1183,1,178,maximum,1,1,1,12,0.7500,3.7645,0.9953,28.58
audioseal,8,english:1183,1,178,rand_minmax,1,1,1,13,0.8125,4.2063,0.9937,27.76
audioseal,8,english:1183,1,178,copy_paste,1,1,1,11,0.6875,4.5327,0.9989,32.55
audioseal,8,english:1183,2,179,median,1,1,1,13,0.8125,4.5807,0.9994,34.57
audioseal,8,english:1183,2,179,minimum,1,1,1,13,0.8125,4.3403,0.9936,29.59
audioseal,8,english:1183,2,179,maximum,1,1,1,12,0.7500,3.9911,0.9944,29.58
audioseal,8,english:1183,2,179,rand_minmax,1,1,1,13,0.8125,4.2338,0.9946,28.30
audioseal,8,english:1183,2,179,copy_paste,1,1,1,12,0.7500,4.5443,0.9990,31.92
audioseal,8,english:1235,0,180,median,1,1,1,13,0.8125,4.5563,0.9947,31.10
audioseal,8,english:1235,0,180,minimum,1,1,1,14,0.8750,4.5384,0.9942,28.98
audioseal,8,english:1235,0,180,maximum,1,1,1,12,0.7500,4.5318,0.9940,28.48
audioseal,8,english:1235,0,180,rand_minmax,1,1,1,12,0.7500,3.3301,0.9867,27.11
audioseal,8,english:1235,0,180,copy_paste,1,1,1,13,0.8125,4.5268,0.9926,29.57
audioseal,8,english:1235,1,181,median,1,1,1,11,0.6875,4.5638,0.9957,31.79
audioseal,8,english:1235,1,181,minimum,1,1,1,11,0.6875,4.5347,0.9930,28.39
audioseal,8,english:1235,1,181,maximum,1,1,1,11,0.6875,4.5456,0.9952,28.48
audioseal,8,english:1235,1,181,rand_minmax,1,1,1,11,0.6875,3.2514,0.9855,26.66
audioseal,8,english:1235,1,181,copy_paste,1,1,1,12,0.7500,4.5207,0.9915,28.75
audioseal,8,english:1235,2,182,median,1,1,1,15,0.9375,4.5802,0.9952,32.49
audioseal,8,english:1235,2,182,minimum,1,1,1,12,0.7500,4.5660,0.9946,29.00
audioseal,8,english:1235,2,182,maximum,1,1,1,13,0.8125,4.5621,0.9946,28.54
audioseal,8,english:1235,2,182,rand_minmax,1,1,1,12,0.7500,3.3020,0.9871,27.02
audioseal,8,english:1235,2,182,copy_paste,1,1,1,12,0.7500,4.5349,0.9925,29.19
audioseal,8,english:1246,0,183,median,1,1,1,13,0.8125,4.5945,0.9994,33.00
audioseal,8,english:1246,0,183,minimum,1,1,1,12,0.7500,4.4848,0.9989,29.06
audioseal,8,english:1246,0,183,maximum,1,1,1,12,0.7500,4.4906,0.9989,28.89
audioseal,8,english:1246,0,183,rand_minmax,1,1,1,13,0.8125,3.9437,0.9973,27.64
audioseal,8,english:1246,0,183,copy_paste,1,1,1,13,0.8125,4.5530,0.9989,30.36
audioseal,8,english:1246,1,184,median,1,1,1,12,0.7500,4.5695,0.9992,32.32
audioseal,8,english:1246,1,184,minimum,1,1,1,13,0.8125,4.4901,0.9988,29.16
audioseal,8,english:1246,1,184,maximum,1,1,1,11,0.6875,4.5022,0.9988,28.96
audioseal,8,english:1246,1,184,rand_minmax,1,1,1,10,0.6250,3.9446,0.9974,27.61
audioseal,8,english:1246,1,184,copy_paste,1,1,1,11,0.6875,4.5373,0.9987,29.83
audioseal,8,english:1246,2,185,median,1,1,0,15,0.9375,4.6063,0.9996,36.22
audioseal,8,english:1246,2,185,minimum,1,1,1,12,0.7500,4.4589,0.9990,29.17
audioseal,8,english:1246,2,185,maximum,1,1,1,12,0.7500,4.4845,0.9989,29.16
audioseal,8,english:1246,2,185,rand_minmax,1,1,1,14,0.8750,3.9018,0.9977,27.59
audioseal,8,english:1246,2,185,copy_paste,1,1,1,14,0.8750,4.5549,0.9990,31.31
audioseal,8,english:125,0,186,median,1,1,1,12,0.7500,4.5939,0.9967,31.19
audioseal,8,english:125,0,186,minimum,1,1,1,11,0.6875,4.3404,0.9949,27.23
audioseal,8,english:125,0,186,maximum,1,1,1,12,0.7500,4.1406,0.9953,27.29
audioseal,8,english:125,0,186,rand_minmax,1,1,1,12,0.7500,3.5188,0.9924,25.75
audioseal,8,english:125,0,186,copy_paste,1,1,1,12,0.7500,4.3242,0.9946,28.48
audioseal,8,english:125,1,187,median,1,1,1,13,0.8125,4.5802,0.9979,32.14
audioseal,8,english:125,1,187,minimum,1,1,1,13,0.8125,4.4305,0.9965,28.05
audioseal,8,english:125,1,187,maximum,1,1,1,13,0.8125,4.2332,0.9972,28.02
audioseal,8,english:125,1,187,rand_minmax,1,1,1,13,0.8125,3.6546,0.9949,26.39
audioseal,8,english:125,1,187,copy_paste,1,1,1,13,0.8125,4.4975,0.9956,28.27
audioseal,8,english:125,2,188,median,1,1,1,12,0.7500,3.7831,0.9959,29.88
audioseal,8,english:125,2,188,minimum,1,1,1,12,0.7500,3.7333,0.9942,26.93
audioseal,8,english:125,2,188,maximum,1,1,1,12,0.7500,3.7020,0.9956,27.04
audioseal,8,english:125,2,188,rand_minmax,1,1,1,13,0.8125,2.9777,0.9934,25.58
audioseal,8,english:125,2,188,copy_paste,1,1,1,13,0.8125,4.5205,0.9941,27.66
audioseal,8,english:1263,0,189,median,1,1,1,14,0.8750,4.5524,0.9994,31.23
audioseal,8,english:1263,0,189,minimum,1,1,1,14,0.8750,4.4426,0.9988,28.28
audioseal,8,english:1263,0,189,maximum,1,1,1,13,0.8125,4.4540,0.9990,28.65
audioseal,8,english:1263,0,189,rand_minmax,1,1,1,14,0.8750,3.5392,0.9961,26.93
audioseal,8,english:1263,0,189,copy_paste,1,1,1,13,0.8125,4.5335,0.9992,29.33
audioseal,8,english:1263,1,190,median,1,1,1,13,0.8125,4.5680,0.9995,32.36
audioseal,8,english:1263,1,190,minimum,1,1,1,14,0.8750,4.4432,0.9989,28.87
audioseal,8,english:1263,1,190,maximum,1,1,1,13,0.8125,4.4450,0.9990,28.90
audioseal,8,english:1263,1,190,rand_minmax,1,1,1,12,0.7500,3.5720,0.9961,27.34
audioseal,8,english:1263,1,190,copy_paste,1,1,1,13,0.8125,4.5427,0.9993,30.27
audioseal,8,english:1263,2,191,median,1,1,1,12,0.7500,4.5699,0.9995,32.01
audioseal,8,english:1263,2,191,minimum,1,1,1,13,0.8125,4.4419,0.9988,28.45
audioseal,8,english:1263,2,191,maximum,1,1,1,11,0.6875,4.4410,0.9988,28.68
audioseal,8,english:1263,2,191,rand_minmax,1,1,1,11,0.6875,3.4937,0.9960,27.01
audioseal,8,english:1263,2,191,copy_paste,1,1,1,12,0.7500,4.5321,0.9993,28.24
audioseal,8,english:1334,0,192,median,1,1,1,13,0.8125,4.6042,0.9979,34.01
audioseal,8,english:1334,0,192,minimum,1,1,1,12,0.7500,4.5568,0.9973,30.37
audioseal,8,english:1334,0,192,maximum,1,1,1,12,0.7500,4.5386,0.9977,30.38
audioseal,8,english:1334,0,192,rand_minmax,1,1,1,11,0.6875,4.0741,0.9955,29.13
audioseal,8,english:1334,0,192,copy_paste,1,1,1,12,0.7500,4.5689,0.9962,31.54
audioseal,8,english:1334,1,193,median,1,1,1,13,0.8125,4.5886,0.9984,34.22
audioseal,8,english:1334,1,193,minimum,1,1,1,13,0.8125,4.5334,0.9980,30.29
audioseal,8,english:1334,1,193,maximum,1,1,1,12,0.7500,4.5217,0.9982,30.00
audioseal,8,english:1334,1,193,rand_minmax,1,1,1,11,0.6875,4.0680,0.9959,29.08
audioseal,8,english:1334,1,193,copy_paste,1,1,1,12,0.7500,4.5387,0.9968,32.08
audioseal,8,english:1334,2,194,median,1,1,1,12,0.7500,4.5891,0.9981,31.25
audioseal,8,english:1334,2,194,minimum,1,1,1,12,0.7500,4.5609,0.9980,30.34
audioseal,8,english:1334,2,194,maximum,1,1,1,12,0.7500,4.5414,0.9978,30.41
audioseal,8,english:1334,2,194,rand_minmax,1,1,1,13,0.8125,4.0475,0.9955,29.36
audioseal,8,english:1334,2,194,copy_paste,1,1,1,13,0.8125,4.5662,0.9970,30.42
audioseal,8,english:1355,0,195,median,1,1,1,15,0.9375,4.5744,0.9994,36.36
audioseal,8,english:1355,0,195,minimum,1,1,1,14,0.8750,4.4348,0.9992,33.37
audioseal,8,english:1355,0,195,maximum,1,1,1,12,0.7500,4.4805,0.9994,33.46
audioseal,8,english:1355,0,195,rand_minmax,1,1,1,13,0.8125,3.3893,0.9983,31.91
audioseal,8,english:1355,0,195,copy_paste,1,1,1,14,0.8750,4.5560,0.9992,34.02
audioseal,8,english:1355,1,196,median,1,1,1,13,0.8125,4.5437,0.9994,37.06
audioseal,8,english:1355,1,196,minimum,1,1,1,13,0.8125,4.4714,0.9992,34.22
audioseal,8,english:1355,1,196,maximum,1,1,1,12,0.7500,4.4862,0.9994,33.77
audioseal,8,english:1355,1,196,rand_minmax,1,1,1,13,0.8125,3.3849,0.9984,32.27
audioseal,8,english:1355,1,196,copy_paste,1,1,1,12,0.7500,4.5654,0.9991,35.55
audioseal,8,english:1355,2,197,median,1,1,1,12,0.7500,4.5896,0.9995,36.16
audioseal,8,english:1355,2,197,minimum,1,1,1,12,0.7500,4.4791,0.9993,34.15
audioseal,8,english:1355,2,197,maximum,1,1,1,12,0.7500,4.4939,0.9995,33.94
audioseal,8,english:1355,2,197,rand_minmax,1,1,1,12,0.7500,3.4418,0.9983,32.36
audioseal,8,english:1355,2,197,copy_paste,1,1,1,13,0.8125,4.5671,0.9992,34.59
audioseal,8,english:1363,0,198,median,1,1,1,13,0.8125,4.5978,0.9975,38.78
audioseal,8,english:1363,0,198,minimum,1,1,1,12,0.7500,4.4628,0.9945,34.09
audioseal,8,english:1363,0,198,maximum,1,1,1,11,0.6875,4.4646,0.9943,34.07
audioseal,8,english:1363,0,198,rand_minmax,1,1,1,11,0.6875,3.8052,0.9848,32.52
audioseal,8,english:1363,0,198,copy_paste,1,1,1,14,0.8750,4.5738,0.9958,35.12
audioseal,8,english:1363,1,199,median,1,1,1,11,0.6875,4.5899,0.9963,35.95
audioseal,8,english:1363,1,199,minimum,1,1,1,11,0.6875,4.4269,0.9930,32.22
audioseal,8,english:1363,1,199,maximum,1,1,1,11,0.6875,4.4224,0.9930,32.28
audioseal,8,english:1363,1,199,rand_minmax,1,1,1,12,0.7500,3.6705,0.9833,30.91
audioseal,8,english:1363,1,199,copy_paste,1,1,1,12,0.7500,4.5574,0.9940,31.50
audioseal,8,english:1363,2,200,median,1,1,1,13,0.8125,4.6043,0.9973,39.58
audioseal,8,english:1363,2,200,minimum,1,1,1,12,0.7500,4.4447,0.9937,33.44
audioseal,8,english:1363,2,200,maximum,1,1,1,12,0.7500,4.4464,0.9937,33.37
audioseal,8,english:1363,2,200,rand_minmax,1,1,1,13,0.8125,3.7540,0.9829,32.02
audioseal,8,english:1363,2,200,copy_paste,1,1,1,12,0.7500,4.5653,0.9949,34.02
audioseal,8,english:1447,0,201,median,1,1,1,13,0.8125,4.5595,0.9937,32.46
audioseal,8,english:1447,0,201,minimum,1,1,1,12,0.7500,4.5213,0.9912,28.24
audioseal,8,english:1447,0,201,maximum,1,1,1,12,0.7500,4.5320,0.9914,28.59
audioseal,8,english:1447,0,201,rand_minmax,1,1,1,12,0.7500,3.3883,0.9803,26.74
audioseal,8,english:1447,0,201,copy_paste,1,1,1,12,0.7500,4.4785,0.9891,29.47
audioseal,8,english:1447,1,202,median,1,1,1,11,0.6875,4.5842,0.9964,34.01
audioseal,8,english:1447,1,202,minimum,1,1,1,13,0.8125,4.5405,0.9910,29.17
audioseal,8,english:1447,1,202,maximum,1,1,1,11,0.6875,4.5386,0.9935,29.41
audioseal,8,english:1447,1,202,rand_minmax,1,1,1,11,0.6875,3.5043,0.9825,27.38
audioseal,8,english:1447,1,202,copy_paste,1,1,1,11,0.6875,4.4934,0.9910,30.47
audioseal,8,english:1447,2,203,median,1,1,1,11,0.6875,4.5568,0.9924,32.19
audioseal,8,english:1447,2,203,minimum,1,1,1,11,0.6875,4.4891,0.9894,28.31
audioseal,8,english:1447,2,203,maximum,1,1,1,10,0.6250,4.5060,0.9904,28.24
audioseal,8,english:1447,2,203,rand_minmax,1,1,1,11,0.6875,3.4143,0.9808,26.64
audioseal,8,english:1447,2,203,copy_paste,1,1,1,10,0.6250,4.4510,0.9873,29.07
audioseal,8,english:1455,0,204,median,1,1,1,12,0.7500,4.5496,0.9989,32.52
audioseal,8,english:1455,0,204,minimum,1,1,1,11,0.6875,4.3887,0.9984,28.90
audioseal,8,english:1455,0,204,maximum,1,1,1,12,0.7500,4.3955,0.9983,28.85
audioseal,8,english:1455,0,204,rand_minmax,1,1,1,11,0.6875,3.1372,0.9951,26.96
audioseal,8,english:1455,0,204,copy_paste,1,1,1,13,0.8125,4.4901,0.9978,29.85
audioseal,8,english:1455,1,205,median,1,1,1,11,0.6875,4.5669,0.9991,33.48
audioseal,8,english:1455,1,205,minimum,1,1,1,13,0.8125,4.4215,0.9986,29.57
audioseal,8,english:1455,1,205,maximum,1,1,1,12,0.7500,4.4280,0.9985,29.36
audioseal,8,english:1455,1,205,rand_minmax,1,1,1,13,0.8125,3.2252,0.9953,27.44
audioseal,8,english:1455,1,205,copy_paste,1,1,1,11,0.6875,4.4965,0.9983,30.16
audioseal,8,english:1455,2,206,median,1,1,1,13,0.8125,4.5349,0.9986,29.76
audioseal,8,english:1455,2,206,minimum,1,1,1,12,0.7500,4.4040,0.9982,28.61
audioseal,8,english:1455,2,206,maximum,1,1,1,13,0.8125,4.4317,0.9982,28.64
audioseal,8,english:1455,2,206,rand_minmax,1,1,1,14,0.8750,3.2025,0.9950,26.82
audioseal,8,english:1455,2,206,copy_paste,1,1,1,13,0.8125,4.5058,0.9980,28.31
audioseal,8,english:150,0,207,median,1,1,1,14,0.8750,4.5982,0.9987,32.56
audioseal,8,english:150,0,207,minimum,1,1,1,11,0.6875,4.5277,0.9974,29.82
audioseal,8,english:150,0,207,maximum,1,1,1,12,0.7500,4.5358,0.9974,29.94
audioseal,8,english:150,0,207,rand_minmax,1,1,1,12,0.7500,4.2698,0.9962,27.81
audioseal,8,english:150,0,207,copy_paste,1,1,1,13,0.8125,4.5635,0.9973,29.93
audioseal,8,english:150,1,208,median,1,1,1,12,0.7500,4.6064,0.9991,36.17
audioseal,8,english:150,1,208,minimum,1,1,1,11,0.6875,4.4495,0.9964,30.98
audioseal,8,english:150,1,208,maximum,1,1,1,11,0.6875,4.4605,0.9972,30.94
audioseal,8,english:150,1,208,rand_minmax,1,1,1,11,0.6875,4.2004,0.9962,28.73
audioseal,8,english:150,1,208,copy_paste,1,1,1,12,0.7500,4.5681,0.9981,32.34
audioseal,8,english:150,2,209,median,1,1,1,14,0.8750,4.6145,0.9992,35.28
audioseal,8,english:150,2,209,minimum,1,1,1,13,0.8125,4.5223,0.9982,30.93
audioseal,8,english:150,2,209,maximum,1,1,1,15,0.9375,4.5290,0.9983,30.92
audioseal,8,english:150,2,209,rand_minmax,1,1,1,14,0.8750,4.3116,0.9968,28.92
audioseal,8,english:150,2,209,copy_paste,1,1,1,14,0.8750,4.5773,0.9983,31.80
audioseal,8,english:1502,0,210,median,1,1,1,11,0.6875,4.5909,0.9964,37.09
audioseal,8,english:1502,0,210,minimum,1,1,1,12,0.7500,4.4168,0.9945,32.63
audioseal,8,english:1502,0,210,maximum,1,1,1,12,0.7500,4.4230,0.9948,32.74
audioseal,8,english:1502,0,210,rand_minmax,1,1,1,13,0.8125,3.6821,0.9899,31.02
audioseal,8,english:1502,0,210,copy_paste,1,1,1,11,0.6875,4.5468,0.9940,33.33
audioseal,8,english:1502,1,211,median,1,1,1,14,0.8750,4.5601,0.9964,33.33
audioseal,8,english:1502,1,211,minimum,1,1,1,14,0.8750,4.4444,0.9949,32.27
audioseal,8,english:1502,1,211,maximum,1,1,1,13,0.8125,4.4386,0.9952,32.45
audioseal,8,english:1502,1,211,rand_minmax,1,1,1,13,0.8125,3.6805,0.9899,30.61
audioseal,8,english:1502,1,211,copy_paste,1,1,1,14,0.8750,4.5289,0.9942,31.81
audioseal,8,english:1502,2,212,median,1,1,1,14,0.8750,4.5785,0.9967,36.79
audioseal,8,english:1502,2,212,minimum,1,1,1,12,0.7500,4.5124,0.9956,33.82
audioseal,8,english:1502,2,212,maximum,1,1,1,11,0.6875,4.5208,0.9959,33.61
audioseal,8,english:1502,2,212,rand_minmax,1,1,1,12,0.7500,3.7953,0.9909,31.59
audioseal,8,english:1502,2,212,copy_paste,1,1,1,13,0.8125,4.5302,0.9946,34.10
audioseal,8,english:1553,0,213,median,1,1,1,11,0.6875,4.5662,0.9995,34.17
audioseal,8,english:1553,0,213,minimum,1,1,1,11,0.6875,4.4317,0.9982,29.73
audioseal,8,english:1553,0,213,maximum,1,1,1,11,0.6875,4.4275,0.9982,29.84
audioseal,8,english:1553,0,213,rand_minmax,1,1,1,11,0.6875,3.9016,0.9980,28.80
audioseal,8,english:1553,0,213,copy_paste,1,1,1,13,0.8125,4.5167,0.9990,32.80
audioseal,8,english:1553,1,214,median,1,1,1,12,0.7500,4.5900,0.9996,34.99
audioseal,8,english:1553,1,214,minimum,1,1,1,12,0.7500,4.4315,0.9985,30.54
audioseal,8,english:1553,1,214,maximum,1,1,1,10,0.6250,4.4296,0.9983,30.57
audioseal,8,english:1553,1,214,rand_minmax,1,1,1,12,0.7500,3.9220,0.9969,29.30
audioseal,8,english:1553,1,214,copy_paste,1,1,1,12,0.7500,4.5473,0.9991,30.40
audioseal,8,english:1553,2,215,median,1,1,1,14,0.8750,4.5834,0.9994,33.75
audioseal,8,english:1553,2,215,minimum,1,1,1,12,0.7500,4.4338,0.9984,30.56
audioseal,8,english:1553,2,215,maximum,1,1,1,12,0.7500,4.4219,0.9981,30.45
audioseal,8,english:1553,2,215,rand_minmax,1,1,1,11,0.6875,3.9641,0.9970,29.56
audioseal,8,english:1553,2,215,copy_paste,1,1,1,14,0.8750,4.5633,0.9990,31.92
audioseal,8,english:1578,0,216,median,1,1,1,14,0.8750,4.5476,0.9975,36.74
audioseal,8,english:1578,0,216,minimum,1,1,1,12,0.7500,4.3789,0.9941,32.31
audioseal,8,english:1578,0,216,maximum,1,1,1,13,0.8125,4.3824,0.9943,32.04
audioseal,8,english:1578,0,216,rand_minmax,1,1,1,11,0.6875,2.9724,0.9909,30.08
audioseal,8,english:1578,0,216,copy_paste,1,1,1,12,0.7500,4.5089,0.9964,33.24
audioseal,8,english:1578,1,217,median,1,1,1,14,0.8750,4.5412,0.9980,33.44
audioseal,8,english:1578,1,217,minimum,1,1,1,11,0.6875,4.3643,0.9946,31.58
audioseal,8,english:1578,1,217,maximum,1,1,1,12,0.7500,4.3647,0.9947,31.82
audioseal,8,english:1578,1,217,rand_minmax,1,1,1,12,0.7500,2.9072,0.9909,29.68
audioseal,8,english:1578,1,217,copy_paste,1,1,1,13,0.8125,4.5199,0.9969,31.24
audioseal,8,english:1578,2,218,median,1,1,1,14,0.8750,4.5488,0.9978,33.92
audioseal,8,english:1578,2,218,minimum,1,1,1,12,0.7500,4.3986,0.9959,32.11
audioseal,8,english:1578,2,218,maximum,1,1,1,13,0.8125,4.3854,0.9958,31.91
audioseal,8,english:1578,2,218,rand_minmax,1,1,1,12,0.7500,2.9364,0.9918,29.91
audioseal,8,english:1578,2,218,copy_paste,1,1,1,14,0.8750,4.5397,0.9970,32.25
audioseal,8,english:1594,0,219,median,1,1,1,13,0.8125,4.5840,0.9994,30.70
audioseal,8,english:1594,0,219,minimum,1,1,1,12,0.7500,4.4694,0.9988,26.33
audioseal,8,english:1594,0,219,maximum,1,1,1,12,0.7500,4.4661,0.9990,26.43
audioseal,8,english:1594,0,219,rand_minmax,1,1,1,11,0.6875,3.4996,0.9980,25.21
audioseal,8,english:1594,0,219,copy_paste,1,1,1,13,0.8125,4.5301,0.9988,27.04
audioseal,8,english:1594,1,220,median,1,1,1,11,0.6875,4.5810,0.9995,30.58
audioseal,8,english:1594,1,220,minimum,1,1,1,11,0.6875,4.4875,0.9990,26.31
audioseal,8,english:1594,1,220,maximum,1,1,1,13,0.8125,4.4819,0.9989,26.44
audioseal,8,english:1594,1,220,rand_minmax,1,1,1,12,0.7500,3.5038,0.9978,25.16
audioseal,8,english:1594,1,220,copy_paste,1,1,1,12,0.7500,4.5471,0.9988,26.97
audioseal,8,english:1594,2,221,median,1,1,1,13,0.8125,4.5640,0.9991,28.26
audioseal,8,english:1594,2,221,minimum,1,1,1,13,0.8125,4.4642,0.9989,26.94
audioseal,8,english:1594,2,221,maximum,1,1,1,11,0.6875,4.4691,0.9990,26.82
audioseal,8,english:1594,2,221,rand_minmax,1,1,0,15,0.9375,3.5390,0.9979,25.53
audioseal,8,english:1594,2,221,copy_paste,1,1,1,13,0.8125,4.5270,0.9986,27.82
audioseal,8,english:1624,0,222,median,1,1,1,13,0.8125,4.5808,0.9993,34.98
audioseal,8,english:1624,0,222,minimum,1,1,1,11,0.6875,4.5720,0.9992,31.46
audioseal,8,english:1624,0,222,maximum,1,1,1,11,0.6875,4.5483,0.9990,31.36
audioseal,8,english:1624,0,222,rand_minmax,1,1,1,11,0.6875,3.3636,0.9985,30.05
audioseal,8,english:1624,0,222,copy_paste,1,1,1,12,0.7500,4.5554,0.9986,32.79
audioseal,8,english:1624,1,223,median,1,1,1,12,0.7500,4.5753,0.9993,37.18
audioseal,8,english:1624,1,223,minimum,1,1,1,11,0.6875,4.5629,0.9991,32.47
audioseal,8,english:1624,1,223,maximum,1,1,1,12,0.7500,4.5448,0.9989,32.50
audioseal,8,english:1624,1,223,rand_minmax,1,1,1,11,0.6875,3.4411,0.9986,30.91
audioseal,8,english:1624,1,223,copy_paste,1,1,1,13,0.8125,4.5433,0.9987,33.13
audioseal,8,english:1624,2,224,median,1,1,1,12,0.7500,4.5818,0.9992,33.21
audioseal,8,english:1624,2,224,minimum,1,1,1,12,0.7500,4.5654,0.9991,31.43
audioseal,8,english:1624,2,224,maximum,1,1,1,13,0.8125,4.5464,0.9989,31.62
audioseal,8,english:1624,2,224,rand_minmax,1,1,1,12,0.7500,3.3585,0.9981,30.22
audioseal,8,english:1624,2,224,copy_paste,1,1,1,13,0.8125,4.5404,0.9985,32.06
audioseal,8,english:163,0,225,median,1,1,1,15,0.9375,4.5970,0.9975,38.60
audioseal,8,english:163,0,225,minimum,1,1,1,15,0.9375,4.5032,0.9965,33.98
audioseal,8,english:163,0,225,maximum,1,1,1,14,0.8750,4.5283,0.9964,33.88
audioseal,8,english:163,0,225,rand_minmax,1,1,1,15,0.9375,4.0045,0.9924,32.22
audioseal,8,english:163,0,225,copy_paste,1,1,1,15,0.9375,4.5584,0.9953,35.40
audioseal,8,english:163,1,226,median,1,1,1,11,0.6875,4.6023,0.9971,37.44
audioseal,8,english:163,1,226,minimum,1,1,1,13,0.8125,4.5796,0.9960,34.08
audioseal,8,english:163,1,226,maximum,1,1,1,11,0.6875,4.5766,0.9963,34.15
audioseal,8,english:163,1,226,rand_minmax,1,1,1,11,0.6875,4.0681,0.9930,32.29
audioseal,8,english:163,1,226,copy_paste,1,1,1,11,0.6875,4.5610,0.9952,34.51
audioseal,8,english:163,2,227,median,1,1,1,11,0.6875,4.5927,0.9969,35.35
audioseal,8,english:163,2,227,minimum,1,1,1,13,0.8125,4.5097,0.9961,33.51
audioseal,8,english:163,2,227,maximum,1,1,1,11,0.6875,4.5329,0.9958,33.62
audioseal,8,english:163,2,227,rand_minmax,1,1,1,11,0.6875,3.9973,0.9921,31.80
audioseal,8,english:163,2,227,copy_paste,1,1,1,13,0.8125,4.5562,0.9945,33.48
audioseal,8,english:1723,0,228,median,1,1,1,13,0.8125,4.5821,0.9978,36.59
audioseal,8,english:1723,0,228,minimum,1,1,1,12,0.7500,4.5291,0.9983,29.81
audioseal,8,english:1723,0,228,maximum,1,1,1,12,0.7500,4.5206,0.9972,29.53
audioseal,8,english:1723,0,228,rand_minmax,1,1,1,13,0.8125,3.9626,0.9959,27.72
audioseal,8,english:1723,0,228,copy_paste,1,1,1,13,0.8125,4.5283,0.9966,33.00
audioseal,8,english:1723,1,229,median,1,1,1,13,0.8125,4.5873,0.9979,33.22
audioseal,8,english:1723,1,229,minimum,1,1,1,13,0.8125,4.5649,0.9977,30.29
audioseal,8,english:1723,1,229,maximum,1,1,1,11,0.6875,4.5770,0.9976,30.54
audioseal,8,english:1723,1,229,rand_minmax,1,1,1,12,0.7500,3.9847,0.9959,28.62
audioseal,8,english:1723,1,229,copy_paste,1,1,1,12,0.7500,4.5417,0.9965,30.63
audioseal,8,english:1723,2,230,median,1,1,1,13,0.8125,4.5741,0.9979,32.94
audioseal,8,english:1723,2,230,minimum,1,1,1,13,0.8125,4.5653,0.9974,30.03
audioseal,8,english:1723,2,230,maximum,1,1,1,14,0.8750,4.5672,0.9976,30.08
audioseal,8,english:1723,2,230,rand_minmax,1,1,1,13,0.8125,3.9981,0.9959,28.41
audioseal,8,english:1723,2,230,copy_paste,1,1,1,14,0.8750,4.5463,0.9964,31.04
audioseal,8,english:1737,0,231,median,1,1,1,11,0.6875,4.5630,0.9988,34.35
audioseal,8,english:1737,0,231,minimum,1,1,1,11,0.6875,4.4610,0.9978,29.80
audioseal,8,english:1737,0,231,maximum,1,1,1,11,0.6875,4.4408,0.9980,29.57
audioseal,8,english:1737,0,231,rand_minmax,1,1,1,11,0.6875,3.6496,0.9962,27.60
audioseal,8,english:1737,0,231,copy_paste,1,1,1,11,0.6875,4.5073,0.9974,30.31
audioseal,8,english:1737,1,232,median,1,1,1,13,0.8125,4.5746,0.9992,35.75
audioseal,8,english:1737,1,232,minimum,1,1,1,13,0.8125,4.4963,0.9988,31.31
audioseal,8,english:1737,1,232,maximum,1,1,1,11,0.6875,4.4665,0.9987,31.20
audioseal,8,english:1737,1,232,rand_minmax,1,1,1,12,0.7500,3.7775,0.9973,29.09
audioseal,8,english:1737,1,232,copy_paste,1,1,1,12,0.7500,4.5338,0.9984,32.10
audioseal,8,english:1737,2,233,median,1,1,1,13,0.8125,4.5434,0.9989,32.23
audioseal,8,english:1737,2,233,minimum,1,1,1,12,0.7500,4.4820,0.9985,30.39
audioseal,8,english:1737,2,233,maximum,1,1,1,11,0.6875,4.4517,0.9987,30.23
audioseal,8,english:1737,2,233,rand_minmax,1,1,1,12,0.7500,3.7725,0.9971,28.41
audioseal,8,english:1737,2,233,copy_paste,1,1,1,13,0.8125,4.5110,0.9984,30.67
audioseal,8,english:1743,0,234,median,1,1,1,13,0.8125,4.6043,0.9998,37.63
audioseal,8,english:1743,0,234,minimum,1,1,1,13,0.8125,4.5328,0.9995,30.82
audioseal,8,english:1743,0,234,maximum,1,1,1,12,0.7500,4.5182,0.9995,30.63
audioseal,8,english:1743,0,234,rand_minmax,1,1,1,12,0.7500,3.4639,0.9974,29.51
audioseal,8,english:1743,0,234,copy_paste,1,1,1,13,0.8125,4.5557,0.9996,31.52
audioseal,8,english:1743,1,235,median,1,1,1,13,0.8125,4.5792,0.9997,31.03
audioseal,8,english:1743,1,235,minimum,1,1,1,13,0.8125,4.5311,0.9996,30.80
audioseal,8,english:1743,1,235,maximum,1,1,1,13,0.8125,4.5292,0.9996,31.05
audioseal,8,english:1743,1,235,rand_minmax,1,1,1,13,0.8125,3.5502,0.9978,29.77
audioseal,8,english:1743,1,235,copy_paste,1,1,1,13,0.8125,4.5693,0.9997,33.52
audioseal,8,english:1743,2,236,median,1,1,1,11,0.6875,4.6027,0.9998,33.38
audioseal,8,english:1743,2,236,minimum,1,1,1,12,0.7500,4.5462,0.9997,31.19
audioseal,8,english:1743,2,236,maximum,1,1,1,12,0.7500,4.5311,0.9996,31.33
audioseal,8,english:1743,2,236,rand_minmax,1,1,1,13,0.8125,3.4961,0.9980,29.92
audioseal,8,english:1743,2,236,copy_paste,1,1,1,12,0.7500,4.5753,0.9997,31.02
audioseal,8,english:1841,0,237,median,1,1,1,11,0.6875,4.5970,0.9998,36.92
audioseal,8,english:1841,0,237,minimum,1,1,1,11,0.6875,4.4916,0.9996,31.87
audioseal,8,english:1841,0,237,maximum,1,1,1,13,0.8125,4.4998,0.9996,31.77
audioseal,8,english:1841,0,237,rand_minmax,1,1,1,12,0.7500,3.7430,0.9990,29.84
audioseal,8,english:1841,0,237,copy_paste,1,1,1,15,0.9375,4.5635,0.9995,33.20
audioseal,8,english:1841,1,238,median,1,1,1,12,0.7500,4.5904,0.9997,33.86
audioseal,8,english:1841,1,238,minimum,1,1,1,12,0.7500,4.4054,0.9996,30.59
audioseal,8,english:1841,1,238,maximum,1,1,1,12,0.7500,4.3972,0.9996,30.56
audioseal,8,english:1841,1,238,rand_minmax,1,1,1,13,0.8125,3.6494,0.9990,28.94
audioseal,8,english:1841,1,238,copy_paste,1,1,1,12,0.7500,4.5585,0.9995,32.07
audioseal,8,english:1841,2,239,median,1,1,1,12,0.7500,4.5825,0.9997,34.26
audioseal,8,english:1841,2,239,minimum,1,1,1,12,0.7500,4.4833,0.9995,31.12
audioseal,8,english:1841,2,239,maximum,1,1,1,14,0.8750,4.5008,0.9995,31.08
audioseal,8,english:1841,2,239,rand_minmax,1,1,1,14,0.8750,3.7465,0.9990,29.31
audioseal,8,english:1841,2,239,copy_paste,1,1,1,13,0.8125,4.5565,0.9995,31.73
audioseal,8,english:1867,0,240,median,1,1,1,14,0.8750,4.5904,0.9998,29.72
audioseal,8,english:1867,0,240,minimum,1,1,1,12,0.7500,4.4196,0.9995,25.69
audioseal,8,english:1867,0,240,maximum,1,1,1,13,0.8125,4.4428,0.9996,25.93
audioseal,8,english:1867,0,240,rand_minmax,1,1,1,13,0.8125,4.1026,0.9990,24.67
audioseal,8,english:1867,0,240,copy_paste,1,1,1,13,0.8125,4.5612,0.9997,28.36
audioseal,8,english:1867,1,241,median,1,1,1,14,0.8750,4.5918,0.9998,30.23
audioseal,8,english:1867,1,241,minimum,1,1,1,12,0.7500,4.5495,0.9997,27.99
audioseal,8,english:1867,1,241,maximum,1,1,1,13,0.8125,4.5629,0.9997,28.30
audioseal,8,english:1867,1,241,rand_minmax,1,1,1,12,0.7500,4.3039,0.9994,26.52
audioseal,8,english:1867,1,241,copy_paste,1,1,1,15,0.9375,4.5536,0.9997,28.59
audioseal,8,english:1867,2,242,median,1,1,1,12,0.7500,4.5749,0.9998,29.60
audioseal,8,english:1867,2,242,minimum,1,1,1,11,0.6875,4.5225,0.9997,27.85
audioseal,8,english:1867,2,242,maximum,1,1,1,12,0.7500,4.5381,0.9997,27.78
audioseal,8,english:1867,2,242,rand_minmax,1,1,1,12,0.7500,4.2466,0.9993,26.22
audioseal,8,english:1867,2,242,copy_paste,1,1,1,11,0.6875,4.5452,0.9998,27.53
audioseal,8,english:1898,0,243,median,1,1,1,12,0.7500,4.5862,0.9986,34.92
audioseal,8,english:1898,0,243,minimum,1,1,1,10,0.6250,4.3435,0.9939,29.72
audioseal,8,english:1898,0,243,maximum,1,1,1,11,0.6875,4.3672,0.9946,29.57
audioseal,8,english:1898,0,243,rand_minmax,1,1,1,12,0.7500,4.0777,0.9932,28.07
audioseal,8,english:1898,0,243,copy_paste,1,1,1,13,0.8125,4.5423,0.9978,31.21
audioseal,8,english:1898,1,244,median,1,1,1,13,0.8125,4.5500,0.9982,32.88
audioseal,8,english:1898,1,244,minimum,1,1,1,12,0.7500,4.3011,0.9948,29.35
audioseal,8,english:1898,1,244,maximum,1,1,1,14,0.8750,4.3367,0.9950,29.34
audioseal,8,english:1898,1,244,rand_minmax,1,1,1,13,0.8125,4.0201,0.9938,27.88
audioseal,8,english:1898,1,244,copy_paste,1,1,1,15,0.9375,4.5092,0.9967,30.11
audioseal,8,english:1898,2,245,median,1,1,1,13,0.8125,4.5404,0.9973,30.31
audioseal,8,english:1898,2,245,minimum,1,1,1,13,0.8125,4.2901,0.9931,28.11
audioseal,8,english:1898,2,245,maximum,1,1,1,13,0.8125,4.3241,0.9942,28.14
audioseal,8,english:1898,2,245,rand_minmax,1,1,1,12,0.7500,3.9432,0.9915,26.84
audioseal,8,english:1898,2,245,copy_paste,1,1,1,14,0.8750,4.5096,0.9964,28.89
audioseal,8,english:19,0,246,median,1,1,1,12,0.7500,4.6011,0.9954,37.67
audioseal,8,english:19,0,246,minimum,1,1,1,14,0.8750,4.5355,0.9934,33.60
audioseal,8,english:19,0,246,maximum,1,1,1,12,0.7500,4.5490,0.9939,33.48
audioseal,8,english:19,0,246,rand_minmax,1,1,1,12,0.7500,4.2192,0.9883,31.55
audioseal,8,english:19,0,246,copy_paste,1,1,1,12,0.7500,4.5710,0.9904,34.21
audioseal,8,english:19,1,247,median,1,1,1,11,0.6875,4.5956,0.9941,36.48
audioseal,8,english:19,1,247,minimum,1,1,1,12,0.7500,4.5509,0.9932,33.10
audioseal,8,english:19,1,247,maximum,1,1,1,10,0.6250,4.5719,0.9942,33.12
audioseal,8,english:19,1,247,rand_minmax,1,1,1,11,0.6875,4.2018,0.9884,31.16
audioseal,8,english:19,1,247,copy_paste,1,1,1,11,0.6875,4.5626,0.9918,33.81
audioseal,8,english:19,2,248,median,1,1,1,12,0.7500,4.6112,0.9962,37.99
audioseal,8,english:19,2,248,minimum,1,1,1,12,0.7500,4.5601,0.9944,34.19
audioseal,8,english:19,2,248,maximum,1,1,1,12,0.7500,4.5666,0.9940,34.31
audioseal,8,english:19,2,248,rand_minmax,1,1,1,13,0.8125,4.2549,0.9886,31.98
audioseal,8,english:19,2,248,copy_paste,1,1,1,13,0.8125,4.5688,0.9925,34.39
audioseal,8,english:1926,0,249,median,1,1,1,13,0.8125,4.5847,0.9998,38.47
audioseal,8,english:1926,0,249,minimum,1,1,1,13,0.8125,4.4815,0.9995,32.60
audioseal,8,english:1926,0,249,maximum,1,1,1,12,0.7500,4.4816,0.9995,32.57
audioseal,8,english:1926,0,249,rand_minmax,1,1,1,12,0.7500,3.9060,0.9990,30.87
audioseal,8,english:1926,0,249,copy_paste,1,1,1,13,0.8125,4.5662,0.9994,33.85
audioseal,8,english:1926,1,250,median,1,1,1,13,0.8125,4.5809,0.9997,36.48
audioseal,8,english:1926,1,250,minimum,1,1,1,13,0.8125,4.4764,0.9995,32.20
audioseal,8,english:1926,1,250,maximum,1,1,1,12,0.7500,4.4961,0.9995,32.28
audioseal,8,english:1926,1,250,rand_minmax,1,1,1,14,0.8750,3.8729,0.9990,30.58
audioseal,8,english:1926,1,250,copy_paste,1,1,1,13,0.8125,4.5643,0.9994,33.46
audioseal,8,english:1926,2,251,median,1,1,1,11,0.6875,4.5996,0.9997,36.61
audioseal,8,english:1926,2,251,minimum,1,1,1,11,0.6875,4.4838,0.9994,32.12
audioseal,8,english:1926,2,251,maximum,1,1,1,11,0.6875,4.5023,0.9994,31.82
audioseal,8,english:1926,2,251,rand_minmax,1,1,1,11,0.6875,3.9179,0.9991,30.43
audioseal,8,english:1926,2,251,copy_paste,1,1,1,12,0.7500,4.5607,0.9994,33.15
audioseal,8,english:196,0,252,median,1,1,1,13,0.8125,4.5658,0.9990,33.14
audioseal,8,english:196,0,252,minimum,1,1,1,13,0.8125,4.5525,0.9990,30.28
audioseal,8,english:196,0,252,maximum,1,1,1,11,0.6875,4.5322,0.9989,30.17
audioseal,8,english:196,0,252,rand_minmax,1,1,1,11,0.6875,3.9079,0.9983,28.83
audioseal,8,english:196,0,252,copy_paste,1,1,1,11,0.6875,4.5365,0.9984,30.40
audioseal,8,english:196,1,253,median,1,1,1,12,0.7500,4.5748,0.9991,32.31
audioseal,8,english:196,1,253,minimum,1,1,1,11,0.6875,4.5562,0.9992,30.89
audioseal,8,english:196,1,253,maximum,1,1,1,11,0.6875,4.5464,0.9993,31.00
audioseal,8,english:196,1,253,rand_minmax,1,1,1,11,0.6875,3.9245,0.9988,29.32
audioseal,8,english:196,1,253,copy_paste,1,1,1,13,0.8125,4.5421,0.9986,30.55
audioseal,8,english:196,2,254,median,1,1,1,14,0.8750,4.5839,0.9992,33.92
audioseal,8,english:196,2,254,minimum,1,1,1,11,0.6875,4.5730,0.9992,31.45
audioseal,8,english:196,2,254,maximum,1,1,1,12,0.7500,4.5758,0.9991,31.12
audioseal,8,english:196,2,254,rand_minmax,1,1,1,13,0.8125,4.0108,0.9988,29.74
audioseal,8,english:196,2,254,copy_paste,1,1,1,13,0.8125,4.5486,0.9989,31.36
audioseal,8,english:1963,0,255,median,1,1,1,13,0.8125,4.5694,0.9999,40.09
audioseal,8,english:1963,0,255,minimum,1,1,1,14,0.8750,4.3875,0.9999,35.51
audioseal,8,english:1963,0,255,maximum,1,1,1,12,0.7500,4.3929,0.9999,35.57
audioseal,8,english:1963,0,255,rand_minmax,1,1,1,13,0.8125,3.2032,0.9998,34.06
audioseal,8,english:1963,0,255,copy_paste,1,1,1,13,0.8125,4.5846,0.9999,35.64
audioseal,8,english:1963,1,256,median,1,1,1,14,0.8750,4.5704,0.9999,36.37
audioseal,8,english:1963,1,256,minimum,1,1,1,14,0.8750,4.3331,0.9998,33.94
audioseal,8,english:1963,1,256,maximum,1,1,1,15,0.9375,4.3354,0.9998,33.94
audioseal,8,english:1963,1,256,rand_minmax,1,1,1,14,0.8750,3.1522,0.9996,32.78
audioseal,8,english:1963,1,256,copy_paste,1,1,1,15,0.9375,4.5946,0.9998,34.98
audioseal,8,english:1963,2,257,median,1,1,1,12,0.7500,4.5584,1.0000,36.47
audioseal,8,english:1963,2,257,minimum,1,1,1,12,0.7500,4.3881,0.9999,35.47
audioseal,8,english:1963,2,257,maximum,1,1,1,12,0.7500,4.4007,0.9999,35.53
audioseal,8,english:1963,2,257,rand_minmax,1,1,1,12,0.7500,3.2210,0.9998,34.40
audioseal,8,english:1963,2,257,copy_paste,1,1,1,13,0.8125,4.5743,0.9999,36.08
audioseal,8,english:1970,0,258,median,1,1,1,13,0.8125,4.5977,0.9984,36.47
audioseal,8,english:1970,0,258,minimum,1,1,1,13,0.8125,4.4533,0.9973,31.52
audioseal,8,english:1970,0,258,maximum,1,1,1,12,0.7500,4.4799,0.9975,31.69
audioseal,8,english:1970,0,258,rand_minmax,1,1,1,12,0.7500,3.7766,0.9952,30.15
audioseal,8,english:1970,0,258,copy_paste,1,1,1,12,0.7500,4.5554,0.9971,30.95
audioseal,8,english:1970,1,259,median,1,1,1,13,0.8125,4.6076,0.9983,37.78
audioseal,8,english:1970,1,259,minimum,1,1,1,13,0.8125,4.4941,0.9973,32.36
audioseal,8,english:1970,1,259,maximum,1,1,1,12,0.7500,4.4783,0.9975,32.31
audioseal,8,english:1970,1,259,rand_minmax,1,1,1,13,0.8125,3.8163,0.9952,30.88
audioseal,8,english:1970,1,259,copy_paste,1,1,1,13,0.8125,4.5704,0.9964,33.65
audioseal,8,english:1970,2,260,median,1,1,1,14,0.8750,4.5926,0.9972,35.92
audioseal,8,english:1970,2,260,minimum,1,1,1,11,0.6875,4.4859,0.9968,31.61
audioseal,8,english:1970,2,260,maximum,1,1,1,11,0.6875,4.5153,0.9971,31.62
audioseal,8,english:1970,2,260,rand_minmax,1,1,1,11,0.6875,3.7783,0.9946,30.25
audioseal,8,english:1970,2,260,copy_paste,1,1,1,12,0.7500,4.5487,0.9958,30.62
audioseal,8,english:198,0,261,median,1,1,1,11,0.6875,4.5736,0.9993,32.67
audioseal,8,english:198,0,261,minimum,1,1,1,12,0.7500,4.4911,0.9988,29.61
audioseal,8,english:198,0,261,maximum,1,1,1,12,0.7500,4.4713,0.9987,29.27
audioseal,8,english:198,0,261,rand_minmax,1,1,1,11,0.6875,2.9964,0.9954,27.01
audioseal,8,english:198,0,261,copy_paste,1,1,1,12,0.7500,4.5353,0.9988,29.75
audioseal,8,english:198,1,262,median,1,1,1,11,0.6875,4.5445,0.9988,30.77
audioseal,8,english:198,1,262,minimum,1,1,1,11,0.6875,4.4715,0.9984,28.61
audioseal,8,english:198,1,262,maximum,1,1,1,10,0.6250,4.4485,0.9984,28.75
audioseal,8,english:198,1,262,rand_minmax,1,1,1,11,0.6875,3.0365,0.9950,26.65
audioseal,8,english:198,1,262,copy_paste,1,1,1,13,0.8125,4.5020,0.9983,28.68
audioseal,8,english:198,2,263,median,1,1,1,12,0.7500,4.5589,0.9991,31.88
audioseal,8,english:198,2,263,minimum,1,1,1,13,0.8125,4.4929,0.9986,29.27
audioseal,8,english:198,2,263,maximum,1,1,1,12,0.7500,4.4721,0.9986,29.29
audioseal,8,english:198,2,263,rand_minmax,1,1,1,12,0.7500,3.0746,0.9952,26.99
audioseal,8,english:198,2,263,copy_paste,1,1,1,13,0.8125,4.4941,0.9985,29.29
audioseal,8,english:1992,0,264,median,1,1,1,12,0.7500,4.5951,0.9992,39.21
audioseal,8,english:1992,0,264,minimum,1,1,1,11,0.6875,4.4821,0.9984,35.25
audioseal,8,english:1992,0,264,maximum,1,1,1,11,0.6875,4.5041,0.9983,34.97
audioseal,8,english:1992,0,264,rand_minmax,1,1,1,11,0.6875,3.8665,0.9967,32.79
audioseal,8,english:1992,0,264,copy_paste,1,1,1,13,0.8125,4.5307,0.9983,35.46
audioseal,8,english:1992,1,265,median,1,1,1,12,0.7500,4.5737,0.9991,39.00
audioseal,8,english:1992,1,265,minimum,1,1,1,13,0.8125,4.4857,0.9987,35.51
audioseal,8,english:1992,1,265,maximum,1,1,1,13,0.8125,4.5055,0.9986,35.47
audioseal,8,english:1992,1,265,rand_minmax,1,1,1,12,0.7500,3.9770,0.9973,33.24
audioseal,8,english:1992,1,265,copy_paste,1,1,1,12,0.7500,4.5473,0.9984,35.21
audioseal,8,english:1992,2,266,median,1,1,1,14,0.8750,4.5390,0.9983,37.04
audioseal,8,english:1992,2,266,minimum,1,1,1,12,0.7500,4.4743,0.9982,34.78
audioseal,8,english:1992,2,266,maximum,1,1,1,12,0.7500,4.4834,0.9980,34.81
audioseal,8,english:1992,2,266,rand_minmax,1,1,1,11,0.6875,3.9458,0.9967,32.76
audioseal,8,english:1992,2,266,copy_paste,1,1,1,14,0.8750,4.5267,0.9978,34.65
audioseal,8,english:200,0,267,median,1,1,1,10,0.6250,4.5578,0.9989,35.52
audioseal,8,english:200,0,267,minimum,1,1,1,10,0.6250,4.4535,0.9982,32.09
audioseal,8,english:200,0,267,maximum,1,1,1,11,0.6875,4.4521,0.9984,32.17
audioseal,8,english:200,0,267,rand_minmax,1,1,1,10,0.6250,3.3905,0.9960,30.58
audioseal,8,english:200,0,267,copy_paste,1,1,1,12,0.7500,4.5125,0.9982,33.39
audioseal,8,english:200,1,268,median,1,1,1,11,0.6875,4.5737,0.9993,38.95
audioseal,8,english:200,1,268,minimum,1,1,1,11,0.6875,4.4817,0.9986,33.29
audioseal,8,english:200,1,268,maximum,1,1,1,14,0.8750,4.4819,0.9989,33.08
audioseal,8,english:200,1,268,rand_minmax,1,1,1,13,0.8125,3.4399,0.9967,31.32
audioseal,8,english:200,1,268,copy_paste,1,1,1,11,0.6875,4.5199,0.9987,33.97
audioseal,8,english:200,2,269,median,1,1,1,14,0.8750,4.5518,0.9990,35.65
audioseal,8,english:200,2,269,minimum,1,1,1,10,0.6250,4.4599,0.9985,31.97
audioseal,8,english:200,2,269,maximum,1,1,1,13,0.8125,4.4113,0.9987,31.85
audioseal,8,english:200,2,269,rand_minmax,1,1,1,12,0.7500,3.3537,0.9964,30.44
audioseal,8,english:200,2,269,copy_paste,1,1,1,13,0.8125,4.5312,0.9982,33.50
audioseal,8,english:2002,0,270,median,1,1,1,13,0.8125,4.5809,0.9996,34.11
audioseal,8,english:2002,0,270,minimum,1,1,1,13,0.8125,4.4588,0.9975,32.82
audioseal,8,english:2002,0,270,maximum,1,1,1,12,0.7500,4.4653,0.9975,32.88
audioseal,8,english:2002,0,270,rand_minmax,1,1,1,14,0.8750,3.3783,0.9926,31.06
audioseal,8,english:2002,0,270,copy_paste,1,1,1,15,0.9375,4.5758,0.9993,32.33
audioseal,8,english:2002,1,271,median,1,1,1,13,0.8125,4.5878,0.9996,33.60
audioseal,8,english:2002,1,271,minimum,1,1,1,12,0.7500,4.4616,0.9976,32.96
audioseal,8,english:2002,1,271,maximum,1,1,1,11,0.6875,4.4702,0.9976,33.05
audioseal,8,english:2002,1,271,rand_minmax,1,1,1,11,0.6875,3.3289,0.9923,30.98
audioseal,8,english:2002,1,271,copy_paste,1,1,1,13,0.8125,4.5576,0.9993,33.49
audioseal,8,english:2002,2,272,median,1,1,1,12,0.7500,4.5866,0.9995,34.52
audioseal,8,english:2002,2,272,minimum,1,1,1,13,0.8125,4.4736,0.9988,32.90
audioseal,8,english:2002,2,272,maximum,1,1,1,12,0.7500,4.4698,0.9988,33.16
audioseal,8,english:2002,2,272,rand_minmax,1,1,1,12,0.7500,3.4734,0.9945,31.27
audioseal,8,english:2002,2,272,copy_paste,1,1,1,13,0.8125,4.5574,0.9993,32.45
audioseal,8,english:2007,0,273,median,1,1,1,12,0.7500,4.5694,0.9995,30.57
audioseal,8,english:2007,0,273,minimum,1,1,1,12,0.7500,4.2062,0.9962,27.86
audioseal,8,english:2007,0,273,maximum,1,1,1,14,0.8750,4.2132,0.9960,27.82
audioseal,8,english:2007,0,273,rand_minmax,1,1,1,14,0.8750,3.1073,0.9965,26.67
audioseal,8,english:2007,0,273,copy_paste,1,1,1,14,0.8750,4.5494,0.9992,27.34
audioseal,8,english:2007,1,274,median,1,1,1,12,0.7500,4.5896,0.9994,33.52
audioseal,8,english:2007,1,274,minimum,1,1,1,11,0.6875,4.2218,0.9966,28.07
audioseal,8,english:2007,1,274,maximum,1,1,1,11,0.6875,4.2231,0.9965,27.98
audioseal,8,english:2007,1,274,rand_minmax,1,1,1,12,0.7500,3.1191,0.9966,27.09
audioseal,8,english:2007,1,274,copy_paste,1,1,1,10,0.6250,4.5582,0.9990,27.62
audioseal,8,english:2007,2,275,median,1,1,1,13,0.8125,4.5637,0.9992,30.03
audioseal,8,english:2007,2,275,minimum,1,1,1,14,0.8750,4.2360,0.9967,28.42
audioseal,8,english:2007,2,275,maximum,1,1,1,13,0.8125,4.2426,0.9966,28.54
audioseal,8,english:2007,2,275,rand_minmax,1,1,1,14,0.8750,3.2431,0.9969,27.72
audioseal,8,english:2007,2,275,copy_paste,1,1,1,13,0.8125,4.5449,0.9989,28.17
audioseal,8,english:201,0,276,median,1,1,1,13,0.8125,4.5838,0.9996,31.69
audioseal,8,english:201,0,276,minimum,1,1,1,12,0.7500,4.4220,0.9994,27.97
audioseal,8,english:201,0,276,maximum,1,1,1,11,0.6875,4.4284,0.9994,28.21
audioseal,8,english:201,0,276,rand_minmax,1,1,1,13,0.8125,3.3450,0.9981,26.73
audioseal,8,english:201,0,276,copy_paste,1,1,1,13,0.8125,4.5728,0.9993,28.26
audioseal,8,english:201,1,277,median,1,1,1,13,0.8125,4.5944,0.9997,30.28
audioseal,8,english:201,1,277,minimum,1,1,1,12,0.7500,4.4647,0.9995,29.17
audioseal,8,english:201,1,277,maximum,1,1,1,12,0.7500,4.4549,0.9995,29.18
audioseal,8,english:201,1,277,rand_minmax,1,1,1,12,0.7500,3.4694,0.9984,27.77
audioseal,8,english:201,1,277,copy_paste,1,1,1,13,0.8125,4.5640,0.9994,28.83
audioseal,8,english:201,2,278,median,1,1,1,12,0.7500,4.5776,0.9996,32.93
audioseal,8,english:201,2,278,minimum,1,1,1,12,0.7500,4.4359,0.9993,28.87
audioseal,8,english:201,2,278,maximum,1,1,1,12,0.7500,4.4263,0.9993,28.91
audioseal,8,english:201,2,278,rand_minmax,1,1,1,12,0.7500,3.3696,0.9982,27.50
audioseal,8,english:201,2,278,copy_paste,1,1,1,12,0.7500,4.5577,0.9993,30.21
audioseal,8,english:2092,0,279,median,1,1,1,13,0.8125,4.5985,0.9901,39.62
audioseal,8,english:2092,0,279,minimum,1,1,1,13,0.8125,4.5314,0.9813,33.21
audioseal,8,english:2092,0,279,maximum,1,1,1,12,0.7500,4.5352,0.9875,33.04
audioseal,8,english:2092,0,279,rand_minmax,1,1,1,12,0.7500,3.2850,0.9682,31.40
audioseal,8,english:2092,0,279,copy_paste,1,1,1,12,0.7500,4.5653,0.9814,34.46
audioseal,8,english:2092,1,280,median,1,1,1,13,0.8125,4.5984,0.9897,36.46
audioseal,8,english:2092,1,280,minimum,1,1,1,11,0.6875,4.5415,0.9836,32.31
audioseal,8,english:2092,1,280,maximum,1,1,1,12,0.7500,4.5496,0.9861,32.31
audioseal,8,english:2092,1,280,rand_minmax,1,1,1,13,0.8125,3.3560,0.9724,31.06
audioseal,8,english:2092,1,280,copy_paste,0,0,0,16,1.0000,4.5714,0.9821,34.14
audioseal,8,english:2092,2,281,median,1,1,1,14,0.8750,4.5832,0.9859,35.37
audioseal,8,english:2092,2,281,minimum,1,1,1,12,0.7500,4.5424,0.9791,32.07
audioseal,8,english:2092,2,281,maximum,1,1,1,13,0.8125,4.5418,0.9820,32.16
audioseal,8,english:2092,2,281,rand_minmax,1,1,1,13,0.8125,3.2974,0.9621,30.64
audioseal,8,english:2092,2,281,copy_paste,1,1,1,13,0.8125,4.5403,0.9788,33.10
audioseal,8,english:211,0,282,median,1,1,1,13,0.8125,4.5937,0.9988,35.85
audioseal,8,english:211,0,282,minimum,1,1,1,13,0.8125,4.5305,0.9985,33.11
audioseal,8,english:211,0,282,maximum,1,1,1,12,0.7500,4.5276,0.9986,32.88
audioseal,8,english:211,0,282,rand_minmax,1,1,1,12,0.7500,4.3908,0.9976,30.96
audioseal,8,english:211,0,282,copy_paste,1,1,1,12,0.7500,4.5615,0.9979,34.33
audioseal,8,english:211,1,283,median,1,1,1,13,0.8125,4.5669,0.9987,34.93
audioseal,8,english:211,1,283,minimum,1,1,1,11,0.6875,4.4928,0.9984,32.98
audioseal,8,english:211,1,283,maximum,1,1,1,13,0.8125,4.5071,0.9985,33.03
audioseal,8,english:211,1,283,rand_minmax,1,1,1,11,0.6875,4.4048,0.9974,31.06
audioseal,8,english:211,1,283,copy_paste,1,1,1,12,0.7500,4.5368,0.9981,33.02
audioseal,8,english:211,2,284,median,1,1,1,12,0.7500,4.5614,0.9988,34.00
audioseal,8,english:211,2,284,minimum,1,1,1,12,0.7500,4.4983,0.9984,32.49
audioseal,8,english:211,2,284,maximum,1,1,1,12,0.7500,4.5051,0.9984,32.62
audioseal,8,english:211,2,284,rand_minmax,1,1,1,13,0.8125,4.3971,0.9978,30.72
audioseal,8,english:211,2,284,copy_paste,1,1,1,13,0.8125,4.5281,0.9980,32.93
audioseal,8,english:2136,0,285,median,1,1,1,12,0.7500,4.6014,0.9996,33.33
audioseal,8,english:2136,0,285,minimum,1,1,1,11,0.6875,4.3623,0.9981,31.87
audioseal,8,english:2136,0,285,maximum,1,1,1,11,0.6875,4.3449,0.9978,31.72
audioseal,8,english:2136,0,285,rand_minmax,1,1,1,11,0.6875,3.2355,0.9951,30.68
audioseal,8,english:2136,0,285,copy_paste,1,1,1,12,0.7500,4.5719,0.9994,32.19
audioseal,8,english:2136,1,286,median,1,1,1,12,0.7500,4.5704,0.9995,35.24
audioseal,8,english:2136,1,286,minimum,1,1,1,11,0.6875,4.3402,0.9980,30.88
audioseal,8,english:2136,1,286,maximum,1,1,1,12,0.7500,4.3169,0.9977,31.01
audioseal,8,english:2136,1,286,rand_minmax,1,1,1,11,0.6875,3.1671,0.9931,29.92
audioseal,8,english:2136,1,286,copy_paste,1,1,1,12,0.7500,4.5360,0.9992,29.95
audioseal,8,english:2136,2,287,median,1,1,1,13,0.8125,4.5862,0.9997,37.36
audioseal,8,english:2136,2,287,minimum,1,1,1,13,0.8125,4.3086,0.9981,30.71
audioseal,8,english:2136,2,287,maximum,1,1,1,13,0.8125,4.2933,0.9978,30.85
audioseal,8,english:2136,2,287,rand_minmax,1,1,1,13,0.8125,3.0907,0.9926,29.65
audioseal,8,english:2136,2,287,copy_paste,1,1,1,13,0.8125,4.5541,0.9994,31.35
audioseal,8,english:2159,0,288,median,1,1,1,13,0.8125,4.5706,0.9987,31.30
audioseal,8,english:2159,0,288,minimum,1,1,1,13,0.8125,4.5156,0.9985,28.82
audioseal,8,english:2159,0,288,maximum,1,1,1,13,0.8125,4.5074,0.9986,29.31
audioseal,8,english:2159,0,288,rand_minmax,1,1,1,12,0.7500,3.9246,0.9963,27.61
audioseal,8,english:2159,0,288,copy_paste,1,1,1,13,0.8125,4.5383,0.9977,29.25
audioseal,8,english:2159,1,289,median,1,1,1,13,0.8125,4.5632,0.9985,29.86
audioseal,8,english:2159,1,289,minimum,1,1,1,14,0.8750,4.5225,0.9985,28.47
audioseal,8,english:2159,1,289,maximum,1,1,1,11,0.6875,4.5046,0.9986,28.48
audioseal,8,english:2159,1,289,rand_minmax,1,1,1,11,0.6875,3.9131,0.9966,27.21
audioseal,8,english:2159,1,289,copy_paste,1,1,1,12,0.7500,4.5377,0.9978,28.63
audioseal,8,english:2159,2,290,median,1,1,1,14,0.8750,4.5794,0.9989,32.95
audioseal,8,english:2159,2,290,minimum,1,1,1,12,0.7500,4.5228,0.9987,29.98
audioseal,8,english:2159,2,290,maximum,1,1,1,13,0.8125,4.5174,0.9988,29.89
audioseal,8,english:2159,2,290,rand_minmax,1,1,1,13,0.8125,4.0118,0.9970,28.42
audioseal,8,english:2159,2,290,copy_paste,1,1,1,14,0.8750,4.5663,0.9982,30.05
audioseal,8,english:2182,0,291,median,1,1,1,11,0.6875,4.5740,0.9979,32.57
audioseal,8,english:2182,0,291,minimum,1,1,1,11,0.6875,4.4620,0.9977,31.16
audioseal,8,english:2182,0,291,maximum,1,1,1,11,0.6875,4.4855,0.9978,30.98
audioseal,8,english:2182,0,291,rand_minmax,1,1,1,11,0.6875,3.5189,0.9953,29.43
audioseal,8,english:2182,0,291,copy_paste,1,1,1,11,0.6875,4.5411,0.9969,30.79
audioseal,8,english:2182,1,292,median,1,1,1,14,0.8750,4.5651,0.9980,32.59
audioseal,8,english:2182,1,292,minimum,1,1,1,12,0.7500,4.4714,0.9975,30.89
audioseal,8,english:2182,1,292,maximum,1,1,1,12,0.7500,4.5020,0.9977,30.80
audioseal,8,english:2182,1,292,rand_minmax,1,1,1,12,0.7500,3.5091,0.9955,29.19
audioseal,8,english:2182,1,292,copy_paste,1,1,1,14,0.8750,4.5475,0.9965,30.50
audioseal,8,english:2182,2,293,median,1,1,1,11,0.6875,4.5880,0.9984,35.17
audioseal,8,english:2182,2,293,minimum,1,1,1,10,0.6250,4.4282,0.9974,31.07
audioseal,8,english:2182,2,293,maximum,1,1,1,11,0.6875,4.4562,0.9975,31.10
audioseal,8,english:2182,2,293,rand_minmax,1,1,1,11,0.6875,3.4594,0.9953,29.32
audioseal,8,english:2182,2,293,copy_paste,1,1,1,12,0.7500,4.5588,0.9975,32.45
audioseal,8,english:2196,0,294,median,1,1,1,13,0.8125,4.5849,0.9996,30.40
audioseal,8,english:2196,0,294,minimum,1,1,1,13,0.8125,4.2337,0.9957,27.31
audioseal,8,english:2196,0,294,maximum,1,1,1,11,0.6875,4.2307,0.9955,27.33
audioseal,8,english:2196,0,294,rand_minmax,1,1,1,13,0.8125,3.0694,0.9884,25.91
audioseal,8,english:2196,0,294,copy_paste,1,1,1,13,0.8125,4.5510,0.9996,27.82
audioseal,8,english:2196,1,295,median,1,1,1,12,0.7500,4.5811,0.9996,31.07
audioseal,8,english:2196,1,295,minimum,1,1,1,12,0.7500,4.3052,0.9967,28.52
audioseal,8,english:2196,1,295,maximum,1,1,1,13,0.8125,4.2911,0.9965,28.52
audioseal,8,english:2196,1,295,rand_minmax,1,1,1,13,0.8125,3.0966,0.9878,26.76
audioseal,8,english:2196,1,295,copy_paste,1,1,1,12,0.7500,4.5666,0.9997,29.50
audioseal,8,english:2196,2,296,median,1,1,1,13,0.8125,4.5971,0.9996,32.71
audioseal,8,english:2196,2,296,minimum,1,1,1,13,0.8125,4.2531,0.9964,28.62
audioseal,8,english:2196,2,296,maximum,1,1,1,13,0.8125,4.2399,0.9963,28.61
audioseal,8,english:2196,2,296,rand_minmax,1,1,1,13,0.8125,3.1265,0.9886,26.94
audioseal,8,english:2196,2,296,copy_paste,1,1,1,13,0.8125,4.5593,0.9997,29.95
audioseal,8,english:226,0,297,median,1,1,1,12,0.7500,4.5855,0.9953,28.04
audioseal,8,english:226,0,297,minimum,1,1,1,12,0.7500,4.3623,0.9934,27.15
audioseal,8,english:226,0,297,maximum,1,1,1,12,0.7500,4.2533,0.9935,27.32
audioseal,8,english:226,0,297,rand_minmax,1,1,1,12,0.7500,4.0524,0.9898,25.97
audioseal,8,english:226,0,297,copy_paste,1,1,1,12,0.7500,4.5496,0.9915,27.55
audioseal,8,english:226,1,298,median,1,1,1,12,0.7500,4.5772,0.9956,31.65
audioseal,8,english:226,1,298,minimum,1,1,1,12,0.7500,4.3428,0.9937,27.04
audioseal,8,english:226,1,298,maximum,1,1,1,11,0.6875,4.2325,0.9940,27.06
audioseal,8,english:226,1,298,rand_minmax,1,1,1,12,0.7500,4.0120,0.9903,25.83
audioseal,8,english:226,1,298,copy_paste,1,1,1,12,0.7500,4.5512,0.9924,29.69
audioseal,8,english:226,2,299,median,1,1,1,11,0.6875,4.5796,0.9954,29.16
audioseal,8,english:226,2,299,minimum,1,1,1,11,0.6875,4.3233,0.9934,26.36
audioseal,8,english:226,2,299,maximum,1,1,1,11,0.6875,4.1810,0.9939,26.53
audioseal,8,english:226,2,299,rand_minmax,1,1,1,12,0.7500,3.9724,0.9896,25.28
audioseal,8,english:226,2,299,copy_paste,1,1,1,13,0.8125,4.5447,0.9920,27.80
