model,K,N_registry,trial_id,spk,local_t,method,colluder_ids,top1_identity,top1_is_colluder,max_colluder_score,max_noncolluder_score,attribution_margin,best_colluder_rank,ASR,R3_escape,R5_escape
wavmark,3,256,0,chinese:SSB0005,0,mean,"[22380, 40286, 59923]",53086,0,-2.0,-1.0,1.0,2,1,0,0
wavmark,3,1024,0,chinese:SSB0005,0,mean,"[22380, 40286, 59923]",55134,0,-2.0,-1.0,1.0,2,1,0,0
wavmark,3,4096,0,chinese:SSB0005,0,mean,"[22380, 40286, 59923]",57310,0,-2.0,-1.0,1.0,2,1,1,1
wavmark,3,16384,0,chinese:SSB0005,0,mean,"[22380, 40286, 59923]",57310,0,-2.0,-1.0,1.0,6,1,1,1
wavmark,3,65536,0,chinese:SSB0005,0,mean,"[22380, 40286, 59923]",57182,0,-2.0,-0.0,2.0,18,1,1,1
wavmark,3,256,0,chinese:SSB0005,0,fwp,"[22380, 40286, 59923]",19823,0,-6.0,-3.0,3.0,30,1,1,1
wavmark,3,1024,0,chinese:SSB0005,0,fwp,"[22380, 40286, 59923]",20287,0,-6.0,-2.0,4.0,110,1,1,1
wavmark,3,4096,0,chinese:SSB0005,0,fwp,"[22380, 40286, 59923]",32639,0,-6.0,-1.0,5.0,420,1,1,1
wavmark,3,16384,0,chinese:SSB0005,0,fwp,"[22380, 40286, 59923]",32639,0,-6.0,-1.0,5.0,1744,1,1,1
wavmark,3,65536,0,chinese:SSB0005,0,fwp,"[22380, 40286, 59923]",28543,0,-6.0,-0.0,6.0,6886,1,1,1
wavmark,3,256,1,chinese:SSB0005,1,mean,"[2112, 9383, 29991]",9383,1,-1.0,-2.0,-1.0,1,0,0,0
wavmark,3,1024,1,chinese:SSB0005,1,mean,"[2112, 9383, 29991]",9383,1,-1.0,-2.0,-1.0,1,0,0,0
wavmark,3,4096,1,chinese:SSB0005,1,mean,"[2112, 9383, 29991]",9383,1,-1.0,-2.0,-1.0,1,0,0,0
wavmark,3,16384,1,chinese:SSB0005,1,mean,"[2112, 9383, 29991]",25639,0,-1.0,-1.0,0.0,1,1,0,0
wavmark,3,65536,1,chinese:SSB0005,1,mean,"[2112, 9383, 29991]",9255,0,-1.0,-0.0,1.0,2,1,1,1
wavmark,3,256,1,chinese:SSB0005,1,fwp,"[2112, 9383, 29991]",11575,0,-4.0,-2.0,2.0,6,1,1,1
wavmark,3,1024,1,chinese:SSB0005,1,fwp,"[2112, 9383, 29991]",11747,0,-4.0,-2.0,2.0,9,1,1,1
wavmark,3,4096,1,chinese:SSB0005,1,fwp,"[2112, 9383, 29991]",28003,0,-4.0,-2.0,2.0,54,1,1,1
wavmark,3,16384,1,chinese:SSB0005,1,fwp,"[2112, 9383, 29991]",44391,0,-4.0,-1.0,3.0,175,1,1,1
wavmark,3,65536,1,chinese:SSB0005,1,fwp,"[2112, 9383, 29991]",11623,0,-4.0,-0.0,4.0,698,1,1,1
wavmark,3,256,2,chinese:SSB0005,2,mean,"[7177, 9867, 59937]",9867,1,-3.0,-4.0,-1.0,1,0,0,0
wavmark,3,1024,2,chinese:SSB0005,2,mean,"[7177, 9867, 59937]",11913,0,-3.0,-1.0,2.0,3,1,1,1
wavmark,3,4096,2,chinese:SSB0005,2,mean,"[7177, 9867, 59937]",11784,0,-3.0,-1.0,2.0,9,1,1,1
wavmark,3,16384,2,chinese:SSB0005,2,mean,"[7177, 9867, 59937]",11785,0,-3.0,-0.0,3.0,37,1,1,1
wavmark,3,65536,2,chinese:SSB0005,2,mean,"[7177, 9867, 59937]",11785,0,-3.0,-0.0,3.0,138,1,1,1
wavmark,3,256,2,chinese:SSB0005,2,fwp,"[7177, 9867, 59937]",59937,1,-2.0,-3.0,-1.0,1,0,0,0
wavmark,3,1024,2,chinese:SSB0005,2,fwp,"[7177, 9867, 59937]",59945,0,-2.0,-1.0,1.0,2,1,0,0
wavmark,3,4096,2,chinese:SSB0005,2,fwp,"[7177, 9867, 59937]",61225,0,-2.0,-1.0,1.0,4,1,1,1
wavmark,3,16384,2,chinese:SSB0005,2,fwp,"[7177, 9867, 59937]",60969,0,-2.0,-0.0,2.0,6,1,1,1
wavmark,3,65536,2,chinese:SSB0005,2,fwp,"[7177, 9867, 59937]",60969,0,-2.0,-0.0,2.0,18,1,1,1
wavmark,3,256,3,chinese:SSB0009,0,mean,"[1248, 38624, 42608]",34512,0,-2.0,-1.0,1.0,2,1,0,0
wavmark,3,1024,3,chinese:SSB0009,0,mean,"[1248, 38624, 42608]",42608,1,-2.0,-2.0,0.0,1,0,0,0
wavmark,3,4096,3,chinese:SSB0009,0,mean,"[1248, 38624, 42608]",42738,0,-2.0,-2.0,0.0,1,1,0,0
wavmark,3,16384,3,chinese:SSB0009,0,mean,"[1248, 38624, 42608]",55024,0,-2.0,-2.0,0.0,1,1,1,1
wavmark,3,65536,3,chinese:SSB0009,0,mean,"[1248, 38624, 42608]",34544,0,-2.0,-0.0,2.0,18,1,1,1
wavmark,3,256,3,chinese:SSB0009,0,fwp,"[1248, 38624, 42608]",42608,1,-1.0,-2.0,-1.0,1,0,0,0
wavmark,3,1024,3,chinese:SSB0009,0,fwp,"[1248, 38624, 42608]",42608,1,-1.0,-2.0,-1.0,1,0,0,0
wavmark,3,4096,3,chinese:SSB0009,0,fwp,"[1248, 38624, 42608]",42738,0,-1.0,-1.0,0.0,1,1,0,0
wavmark,3,16384,3,chinese:SSB0009,0,fwp,"[1248, 38624, 42608]",42992,0,-1.0,-1.0,0.0,1,1,0,0
wavmark,3,65536,3,chinese:SSB0009,0,fwp,"[1248, 38624, 42608]",42736,0,-1.0,-0.0,1.0,2,1,1,1
wavmark,3,256,4,chinese:SSB0009,1,mean,"[10612, 34715, 50101]",50101,1,-2.0,-2.0,0.0,1,0,0,0
wavmark,3,1024,4,chinese:SSB0009,1,mean,"[10612, 34715, 50101]",50101,1,-2.0,-2.0,0.0,1,0,0,0
wavmark,3,4096,4,chinese:SSB0009,1,mean,"[10612, 34715, 50101]",50101,1,-2.0,-2.0,0.0,1,0,0,0
wavmark,3,16384,4,chinese:SSB0009,1,mean,"[10612, 34715, 50101]",41973,0,-2.0,-1.0,1.0,6,1,1,1
wavmark,3,65536,4,chinese:SSB0009,1,mean,"[10612, 34715, 50101]",41909,0,-2.0,-0.0,2.0,18,1,1,1
wavmark,3,256,4,chinese:SSB0009,1,fwp,"[10612, 34715, 50101]",49119,0,-5.0,-2.0,3.0,12,1,1,1
wavmark,3,1024,4,chinese:SSB0009,1,fwp,"[10612, 34715, 50101]",28671,0,-5.0,-2.0,3.0,50,1,1,1
wavmark,3,4096,4,chinese:SSB0009,1,fwp,"[10612, 34715, 50101]",45053,0,-5.0,-1.0,4.0,159,1,1,1
wavmark,3,16384,4,chinese:SSB0009,1,fwp,"[10612, 34715, 50101]",49151,0,-5.0,-1.0,4.0,628,1,1,1
wavmark,3,65536,4,chinese:SSB0009,1,fwp,"[10612, 34715, 50101]",45055,0,-5.0,-0.0,5.0,2518,1,1,1
wavmark,3,256,5,chinese:SSB0009,2,mean,"[31053, 38586, 42068]",42068,1,-2.0,-3.0,-1.0,1,0,0,0
wavmark,3,1024,5,chinese:SSB0009,2,mean,"[31053, 38586, 42068]",42332,0,-2.0,-2.0,0.0,1,1,0,0
wavmark,3,4096,5,chinese:SSB0009,2,mean,"[31053, 38586, 42068]",46168,0,-2.0,-1.0,1.0,2,1,1,0
wavmark,3,16384,5,chinese:SSB0009,2,mean,"[31053, 38586, 42068]",46428,0,-2.0,-1.0,1.0,7,1,1,1
wavmark,3,65536,5,chinese:SSB0009,2,mean,"[31053, 38586, 42068]",46172,0,-2.0,-0.0,2.0,18,1,1,1
wavmark,3,256,5,chinese:SSB0009,2,fwp,"[31053, 38586, 42068]",32750,0,-7.0,-3.0,4.0,45,1,1,1
wavmark,3,1024,5,chinese:SSB0009,2,fwp,"[31053, 38586, 42068]",64255,0,-7.0,-2.0,5.0,219,1,1,1
wavmark,3,4096,5,chinese:SSB0009,2,fwp,"[31053, 38586, 42068]",65533,0,-7.0,-1.0,6.0,905,1,1,1
wavmark,3,16384,5,chinese:SSB0009,2,fwp,"[31053, 38586, 42068]",65535,0,-7.0,-0.0,7.0,3744,1,1,1
wavmark,3,65536,5,chinese:SSB0009,2,fwp,"[31053, 38586, 42068]",65535,0,-7.0,-0.0,7.0,14894,1,1,1
wavmark,3,256,6,chinese:SSB0011,0,mean,"[11377, 32189, 46199]",11377,1,-2.0,-3.0,-1.0,1,0,0,0
wavmark,3,1024,6,chinese:SSB0011,0,mean,"[11377, 32189, 46199]",11377,1,-2.0,-3.0,-1.0,1,0,0,0
wavmark,3,4096,6,chinese:SSB0011,0,mean,"[11377, 32189, 46199]",15733,0,-2.0,-1.0,1.0,2,1,1,1
wavmark,3,16384,6,chinese:SSB0011,0,mean,"[11377, 32189, 46199]",15479,0,-2.0,-1.0,1.0,3,1,1,1
wavmark,3,65536,6,chinese:SSB0011,0,mean,"[11377, 32189, 46199]",15477,0,-2.0,-0.0,2.0,18,1,1,1
wavmark,3,256,6,chinese:SSB0011,0,fwp,"[11377, 32189, 46199]",32189,1,-2.0,-3.0,-1.0,1,0,0,0
wavmark,3,1024,6,chinese:SSB0011,0,fwp,"[11377, 32189, 46199]",32189,1,-2.0,-2.0,0.0,1,0,0,0
wavmark,3,4096,6,chinese:SSB0011,0,fwp,"[11377, 32189, 46199]",48605,0,-2.0,-2.0,0.0,1,1,0,0
wavmark,3,16384,6,chinese:SSB0011,0,fwp,"[11377, 32189, 46199]",15853,0,-2.0,-1.0,1.0,5,1,1,1
wavmark,3,65536,6,chinese:SSB0011,0,fwp,"[11377, 32189, 46199]",15869,0,-2.0,-0.0,2.0,18,1,1,1
wavmark,3,256,7,chinese:SSB0011,1,mean,"[23360, 33407, 54086]",54086,1,-1.0,-3.0,-2.0,1,0,0,0
wavmark,3,1024,7,chinese:SSB0011,1,mean,"[23360, 33407, 54086]",54230,0,-1.0,-1.0,0.0,1,1,0,0
wavmark,3,4096,7,chinese:SSB0011,1,mean,"[23360, 33407, 54086]",54086,1,-1.0,-2.0,-1.0,1,0,0,0
wavmark,3,16384,7,chinese:SSB0011,1,mean,"[23360, 33407, 54086]",54102,0,-1.0,-0.0,1.0,2,1,1,0
wavmark,3,65536,7,chinese:SSB0011,1,mean,"[23360, 33407, 54086]",54102,0,-1.0,-0.0,1.0,2,1,1,1
wavmark,3,256,7,chinese:SSB0011,1,fwp,"[23360, 33407, 54086]",41855,0,-3.0,-3.0,0.0,1,1,0,0
wavmark,3,1024,7,chinese:SSB0011,1,fwp,"[23360, 33407, 54086]",37757,0,-3.0,-2.0,1.0,2,1,1,1
wavmark,3,4096,7,chinese:SSB0011,1,fwp,"[23360, 33407, 54086]",39805,0,-3.0,-1.0,2.0,9,1,1,1
wavmark,3,16384,7,chinese:SSB0011,1,fwp,"[23360, 33407, 54086]",56191,0,-3.0,-1.0,2.0,43,1,1,1
wavmark,3,65536,7,chinese:SSB0011,1,fwp,"[23360, 33407, 54086]",39807,0,-3.0,-0.0,3.0,138,1,1,1
wavmark,3,256,8,chinese:SSB0011,2,mean,"[15146, 32378, 50580]",64938,0,-3.0,-3.0,0.0,1,1,0,0
wavmark,3,1024,8,chinese:SSB0011,2,mean,"[15146, 32378, 50580]",24507,0,-3.0,-2.0,1.0,2,1,1,1
wavmark,3,4096,8,chinese:SSB0011,2,mean,"[15146, 32378, 50580]",65530,0,-3.0,-2.0,1.0,13,1,1,1
wavmark,3,16384,8,chinese:SSB0011,2,mean,"[15146, 32378, 50580]",32698,0,-3.0,-0.0,3.0,43,1,1,1
wavmark,3,65536,8,chinese:SSB0011,2,mean,"[15146, 32378, 50580]",32698,0,-3.0,-0.0,3.0,138,1,1,1
wavmark,3,256,8,chinese:SSB0011,2,fwp,"[15146, 32378, 50580]",64938,0,-5.0,-4.0,1.0,10,1,1,1
wavmark,3,1024,8,chinese:SSB0011,2,fwp,"[15146, 32378, 50580]",47102,0,-5.0,-2.0,3.0,43,1,1,1
wavmark,3,4096,8,chinese:SSB0011,2,fwp,"[15146, 32378, 50580]",49118,0,-5.0,-2.0,3.0,163,1,1,1
wavmark,3,16384,8,chinese:SSB0011,2,fwp,"[15146, 32378, 50580]",49086,0,-5.0,-0.0,5.0,636,1,1,1
wavmark,3,65536,8,chinese:SSB0011,2,fwp,"[15146, 32378, 50580]",49086,0,-5.0,-0.0,5.0,2518,1,1,1
wavmark,3,256,9,chinese:SSB0012,0,mean,"[1423, 16784, 36481]",16784,1,-3.0,-3.0,0.0,1,0,0,0
wavmark,3,1024,9,chinese:SSB0012,0,mean,"[1423, 16784, 36481]",9619,0,-3.0,-2.0,1.0,6,1,1,1
wavmark,3,4096,9,chinese:SSB0012,0,mean,"[1423, 16784, 36481]",1489,0,-3.0,-1.0,2.0,8,1,1,1
wavmark,3,16384,9,chinese:SSB0012,0,mean,"[1423, 16784, 36481]",1489,0,-3.0,-1.0,2.0,39,1,1,1
wavmark,3,65536,9,chinese:SSB0012,0,mean,"[1423, 16784, 36481]",1425,0,-3.0,-0.0,3.0,138,1,1,1
wavmark,3,256,9,chinese:SSB0012,0,fwp,"[1423, 16784, 36481]",36481,1,-2.0,-3.0,-1.0,1,0,0,0
wavmark,3,1024,9,chinese:SSB0012,0,fwp,"[1423, 16784, 36481]",36481,1,-2.0,-3.0,-1.0,1,0,0,0
wavmark,3,4096,9,chinese:SSB0012,0,fwp,"[1423, 16784, 36481]",36752,0,-2.0,-1.0,1.0,3,1,1,0
wavmark,3,16384,9,chinese:SSB0012,0,fwp,"[1423, 16784, 36481]",36753,0,-2.0,-0.0,2.0,10,1,1,1
wavmark,3,65536,9,chinese:SSB0012,0,fwp,"[1423, 16784, 36481]",36753,0,-2.0,-0.0,2.0,18,1,1,1
wavmark,3,256,10,chinese:SSB0012,1,mean,"[29600, 50227, 59429]",58401,0,-3.0,-2.0,1.0,2,1,0,0
wavmark,3,1024,10,chinese:SSB0012,1,mean,"[29600, 50227, 59429]",49201,0,-3.0,-1.0,2.0,4,1,1,1
wavmark,3,4096,10,chinese:SSB0012,1,mean,"[29600, 50227, 59429]",57905,0,-3.0,-1.0,2.0,11,1,1,1
wavmark,3,16384,10,chinese:SSB0012,1,mean,"[29600, 50227, 59429]",57905,0,-3.0,-1.0,2.0,37,1,1,1
wavmark,3,65536,10,chinese:SSB0012,1,mean,"[29600, 50227, 59429]",57393,0,-3.0,-0.0,3.0,138,1,1,1
wavmark,3,256,10,chinese:SSB0012,1,fwp,"[29600, 50227, 59429]",61939,0,-4.0,-2.0,2.0,3,1,1,0
wavmark,3,1024,10,chinese:SSB0012,1,fwp,"[29600, 50227, 59429]",62931,0,-4.0,-2.0,2.0,16,1,1,1
wavmark,3,4096,10,chinese:SSB0012,1,fwp,"[29600, 50227, 59429]",62907,0,-4.0,-1.0,3.0,37,1,1,1
wavmark,3,16384,10,chinese:SSB0012,1,fwp,"[29600, 50227, 59429]",62899,0,-4.0,-0.0,4.0,176,1,1,1
wavmark,3,65536,10,chinese:SSB0012,1,fwp,"[29600, 50227, 59429]",62899,0,-4.0,-0.0,4.0,698,1,1,1
wavmark,3,256,11,chinese:SSB0012,2,mean,"[5736, 21389, 58511]",30405,0,-3.0,-2.0,1.0,2,1,1,0
wavmark,3,1024,11,chinese:SSB0012,2,mean,"[5736, 21389, 58511]",59053,0,-3.0,-3.0,0.0,1,1,1,1
wavmark,3,4096,11,chinese:SSB0012,2,mean,"[5736, 21389, 58511]",29837,0,-3.0,-1.0,2.0,9,1,1,1
wavmark,3,16384,11,chinese:SSB0012,2,mean,"[5736, 21389, 58511]",32397,0,-3.0,-1.0,2.0,34,1,1,1
wavmark,3,65536,11,chinese:SSB0012,2,mean,"[5736, 21389, 58511]",30349,0,-3.0,-0.0,3.0,138,1,1,1
wavmark,3,256,11,chinese:SSB0012,2,fwp,"[5736, 21389, 58511]",63226,0,-5.0,-3.0,2.0,12,1,1,1
wavmark,3,1024,11,chinese:SSB0012,2,fwp,"[5736, 21389, 58511]",48879,0,-5.0,-2.0,3.0,48,1,1,1
wavmark,3,4096,11,chinese:SSB0012,2,fwp,"[5736, 21389, 58511]",63470,0,-5.0,-2.0,3.0,159,1,1,1
wavmark,3,16384,11,chinese:SSB0012,2,fwp,"[5736, 21389, 58511]",46830,0,-5.0,-0.0,5.0,667,1,1,1
wavmark,3,65536,11,chinese:SSB0012,2,fwp,"[5736, 21389, 58511]",46830,0,-5.0,-0.0,5.0,2518,1,1,1
wavmark,3,256,12,chinese:SSB0016,0,mean,"[39550, 46193, 46446]",46446,1,-2.0,-3.0,-1.0,1,0,0,0
wavmark,3,1024,12,chinese:SSB0016,0,mean,"[39550, 46193, 46446]",62590,0,-2.0,-1.0,1.0,2,1,0,0
wavmark,3,4096,12,chinese:SSB0016,0,mean,"[39550, 46193, 46446]",46718,0,-2.0,-1.0,1.0,2,1,1,0
wavmark,3,16384,12,chinese:SSB0016,0,mean,"[39550, 46193, 46446]",48254,0,-2.0,-1.0,1.0,5,1,1,1
wavmark,3,65536,12,chinese:SSB0016,0,mean,"[39550, 46193, 46446]",46206,0,-2.0,-0.0,2.0,18,1,1,1
wavmark,3,256,12,chinese:SSB0016,0,fwp,"[39550, 46193, 46446]",65273,0,-4.0,-3.0,1.0,5,1,1,1
wavmark,3,1024,12,chinese:SSB0016,0,fwp,"[39550, 46193, 46446]",48767,0,-4.0,-1.0,3.0,6,1,1,1
wavmark,3,4096,12,chinese:SSB0016,0,fwp,"[39550, 46193, 46446]",48733,0,-4.0,-1.0,3.0,40,1,1,1
wavmark,3,16384,12,chinese:SSB0016,0,fwp,"[39550, 46193, 46446]",48767,0,-4.0,-1.0,3.0,161,1,1,1
wavmark,3,65536,12,chinese:SSB0016,0,fwp,"[39550, 46193, 46446]",48765,0,-4.0,-0.0,4.0,698,1,1,1
wavmark,3,256,13,chinese:SSB0016,1,mean,"[26442, 43351, 43930]",47963,0,-2.0,-2.0,0.0,1,1,0,0
wavmark,3,1024,13,chinese:SSB0016,1,mean,"[26442, 43351, 43930]",43354,0,-2.0,-1.0,1.0,2,1,0,0
wavmark,3,4096,13,chinese:SSB0016,1,mean,"[26442, 43351, 43930]",60282,0,-2.0,-2.0,0.0,1,1,0,0
wavmark,3,16384,13,chinese:SSB0016,1,mean,"[26442, 43351, 43930]",43866,0,-2.0,-0.0,2.0,7,1,1,1
wavmark,3,65536,13,chinese:SSB0016,1,mean,"[26442, 43351, 43930]",43866,0,-2.0,-0.0,2.0,18,1,1,1
wavmark,3,256,13,chinese:SSB0016,1,fwp,"[26442, 43351, 43930]",42334,0,-3.0,-2.0,1.0,2,1,0,0
wavmark,3,1024,13,chinese:SSB0016,1,fwp,"[26442, 43351, 43930]",58719,0,-3.0,-2.0,1.0,3,1,1,1
wavmark,3,4096,13,chinese:SSB0016,1,fwp,"[26442, 43351, 43930]",59214,0,-3.0,-1.0,2.0,12,1,1,1
wavmark,3,16384,13,chinese:SSB0016,1,fwp,"[26442, 43351, 43930]",59358,0,-3.0,-1.0,2.0,31,1,1,1
wavmark,3,65536,13,chinese:SSB0016,1,fwp,"[26442, 43351, 43930]",59230,0,-3.0,-0.0,3.0,138,1,1,1
wavmark,3,256,14,chinese:SSB0016,2,mean,"[11441, 31204, 39632]",43260,0,-4.0,-4.0,0.0,1,1,0,0
wavmark,3,1024,14,chinese:SSB0016,2,mean,"[11441, 31204, 39632]",14580,0,-4.0,-1.0,3.0,14,1,1,1
wavmark,3,4096,14,chinese:SSB0016,2,mean,"[11441, 31204, 39632]",47346,0,-4.0,-2.0,2.0,35,1,1,1
wavmark,3,16384,14,chinese:SSB0016,2,mean,"[11441, 31204, 39632]",30960,0,-4.0,-1.0,3.0,147,1,1,1
wavmark,3,65536,14,chinese:SSB0016,2,mean,"[11441, 31204, 39632]",14576,0,-4.0,-0.0,4.0,698,1,1,1
wavmark,3,256,14,chinese:SSB0016,2,fwp,"[11441, 31204, 39632]",11441,1,-2.0,-3.0,-1.0,1,0,0,0
wavmark,3,1024,14,chinese:SSB0016,2,fwp,"[11441, 31204, 39632]",3509,0,-2.0,-1.0,1.0,2,1,0,0
wavmark,3,4096,14,chinese:SSB0016,2,fwp,"[11441, 31204, 39632]",11703,0,-2.0,-1.0,1.0,3,1,1,1
wavmark,3,16384,14,chinese:SSB0016,2,fwp,"[11441, 31204, 39632]",28085,0,-2.0,-1.0,1.0,6,1,1,1
wavmark,3,65536,14,chinese:SSB0016,2,fwp,"[11441, 31204, 39632]",11701,0,-2.0,-0.0,2.0,18,1,1,1
wavmark,3,256,15,chinese:SSB0018,0,mean,"[12915, 39637, 51649]",39637,1,-1.0,-3.0,-2.0,1,0,0,0
wavmark,3,1024,15,chinese:SSB0018,0,mean,"[12915, 39637, 51649]",39637,1,-1.0,-2.0,-1.0,1,0,0,0
wavmark,3,4096,15,chinese:SSB0018,0,mean,"[12915, 39637, 51649]",56017,0,-1.0,-1.0,0.0,1,1,0,0
wavmark,3,16384,15,chinese:SSB0018,0,mean,"[12915, 39637, 51649]",56017,0,-1.0,-1.0,0.0,1,1,0,0
wavmark,3,65536,15,chinese:SSB0018,0,mean,"[12915, 39637, 51649]",39633,0,-1.0,-0.0,1.0,2,1,1,1
wavmark,3,256,15,chinese:SSB0018,0,fwp,"[12915, 39637, 51649]",12915,1,-3.0,-3.0,0.0,1,0,0,0
wavmark,3,1024,15,chinese:SSB0018,0,fwp,"[12915, 39637, 51649]",11127,0,-3.0,-1.0,2.0,2,1,1,1
wavmark,3,4096,15,chinese:SSB0018,0,fwp,"[12915, 39637, 51649]",44915,0,-3.0,-2.0,1.0,7,1,1,1
wavmark,3,16384,15,chinese:SSB0018,0,fwp,"[12915, 39637, 51649]",11131,0,-3.0,-1.0,2.0,38,1,1,1
wavmark,3,65536,15,chinese:SSB0018,0,fwp,"[12915, 39637, 51649]",11123,0,-3.0,-0.0,3.0,138,1,1,1
wavmark,3,256,16,chinese:SSB0018,1,mean,"[16900, 25899, 50612]",50612,1,-2.0,-3.0,-1.0,1,0,0,0
wavmark,3,1024,16,chinese:SSB0018,1,mean,"[16900, 25899, 50612]",50612,1,-2.0,-2.0,0.0,1,0,0,0
wavmark,3,4096,16,chinese:SSB0018,1,mean,"[16900, 25899, 50612]",50612,1,-2.0,-2.0,0.0,1,0,0,0
wavmark,3,16384,16,chinese:SSB0018,1,mean,"[16900, 25899, 50612]",21812,0,-2.0,-1.0,1.0,4,1,1,0
wavmark,3,65536,16,chinese:SSB0018,1,mean,"[16900, 25899, 50612]",17716,0,-2.0,-0.0,2.0,18,1,1,1
wavmark,3,256,16,chinese:SSB0018,1,fwp,"[16900, 25899, 50612]",58174,0,-3.0,-3.0,0.0,1,1,0,0
wavmark,3,1024,16,chinese:SSB0018,1,fwp,"[16900, 25899, 50612]",26406,0,-3.0,-1.0,2.0,4,1,1,1
wavmark,3,4096,16,chinese:SSB0018,1,fwp,"[16900, 25899, 50612]",30510,0,-3.0,-1.0,2.0,16,1,1,1
wavmark,3,16384,16,chinese:SSB0018,1,fwp,"[16900, 25899, 50612]",26412,0,-3.0,-1.0,2.0,34,1,1,1
wavmark,3,65536,16,chinese:SSB0018,1,fwp,"[16900, 25899, 50612]",26414,0,-3.0,-0.0,3.0,138,1,1,1
wavmark,3,256,17,chinese:SSB0018,2,mean,"[28815, 33682, 57630]",58782,0,-1.0,-1.0,0.0,1,1,0,0
wavmark,3,1024,17,chinese:SSB0018,2,mean,"[28815, 33682, 57630]",57630,1,-1.0,-2.0,-1.0,1,0,0,0
wavmark,3,4096,17,chinese:SSB0018,2,mean,"[28815, 33682, 57630]",58270,0,-1.0,-1.0,0.0,1,1,0,0
wavmark,3,16384,17,chinese:SSB0018,2,mean,"[28815, 33682, 57630]",61854,0,-1.0,-1.0,0.0,1,1,1,0
wavmark,3,65536,17,chinese:SSB0018,2,mean,"[28815, 33682, 57630]",57758,0,-1.0,-0.0,1.0,2,1,1,1
wavmark,3,256,17,chinese:SSB0018,2,fwp,"[28815, 33682, 57630]",42943,0,-4.0,-4.0,0.0,1,1,0,0
wavmark,3,1024,17,chinese:SSB0018,2,fwp,"[28815, 33682, 57630]",13199,0,-4.0,-1.0,3.0,12,1,1,1
wavmark,3,4096,17,chinese:SSB0018,2,fwp,"[28815, 33682, 57630]",16287,0,-4.0,-2.0,2.0,42,1,1,1
wavmark,3,16384,17,chinese:SSB0018,2,fwp,"[28815, 33682, 57630]",13279,0,-4.0,-1.0,3.0,170,1,1,1
wavmark,3,65536,17,chinese:SSB0018,2,fwp,"[28815, 33682, 57630]",13215,0,-4.0,-0.0,4.0,698,1,1,1
wavmark,3,256,18,chinese:SSB0033,0,mean,"[8306, 56255, 56854]",56854,1,-2.0,-3.0,-1.0,1,0,0,0
wavmark,3,1024,18,chinese:SSB0033,0,mean,"[8306, 56255, 56854]",56854,1,-2.0,-2.0,0.0,1,0,0,0
wavmark,3,4096,18,chinese:SSB0033,0,mean,"[8306, 56255, 56854]",55846,0,-2.0,-1.0,1.0,4,1,1,1
wavmark,3,16384,18,chinese:SSB0033,0,mean,"[8306, 56255, 56854]",55862,0,-2.0,-0.0,2.0,7,1,1,1
wavmark,3,65536,18,chinese:SSB0033,0,mean,"[8306, 56255, 56854]",55862,0,-2.0,-0.0,2.0,18,1,1,1
wavmark,3,256,18,chinese:SSB0033,0,fwp,"[8306, 56255, 56854]",43711,0,-3.0,-1.0,2.0,3,1,0,0
wavmark,3,1024,18,chinese:SSB0033,0,fwp,"[8306, 56255, 56854]",44479,0,-3.0,-2.0,1.0,4,1,1,1
wavmark,3,4096,18,chinese:SSB0033,0,fwp,"[8306, 56255, 56854]",43839,0,-3.0,-1.0,2.0,9,1,1,1
wavmark,3,16384,18,chinese:SSB0033,0,fwp,"[8306, 56255, 56854]",43959,0,-3.0,-1.0,2.0,38,1,1,1
wavmark,3,65536,18,chinese:SSB0033,0,fwp,"[8306, 56255, 56854]",43967,0,-3.0,-0.0,3.0,138,1,1,1
wavmark,3,256,19,chinese:SSB0033,1,mean,"[3988, 5092, 24451]",3988,1,-2.0,-2.0,0.0,1,0,0,0
wavmark,3,1024,19,chinese:SSB0033,1,mean,"[3988, 5092, 24451]",24324,0,-2.0,-2.0,0.0,1,1,1,0
wavmark,3,4096,19,chinese:SSB0033,1,mean,"[3988, 5092, 24451]",39812,0,-2.0,-2.0,0.0,1,1,1,1
wavmark,3,16384,19,chinese:SSB0033,1,mean,"[3988, 5092, 24451]",40836,0,-2.0,-1.0,1.0,6,1,1,1
wavmark,3,65536,19,chinese:SSB0033,1,mean,"[3988, 5092, 24451]",8068,0,-2.0,-0.0,2.0,18,1,1,1
wavmark,3,256,19,chinese:SSB0033,1,fwp,"[3988, 5092, 24451]",53223,0,-4.0,-3.0,1.0,2,1,1,1
wavmark,3,1024,19,chinese:SSB0033,1,fwp,"[3988, 5092, 24451]",24519,0,-4.0,-2.0,2.0,12,1,1,1
wavmark,3,4096,19,chinese:SSB0033,1,fwp,"[3988, 5092, 24451]",8167,0,-4.0,-0.0,4.0,43,1,1,1
wavmark,3,16384,19,chinese:SSB0033,1,fwp,"[3988, 5092, 24451]",24551,0,-4.0,-1.0,3.0,179,1,1,1
wavmark,3,65536,19,chinese:SSB0033,1,fwp,"[3988, 5092, 24451]",8167,0,-4.0,-0.0,4.0,698,1,1,1
wavmark,3,256,20,chinese:SSB0033,2,mean,"[48195, 50432, 52785]",52785,1,-3.0,-3.0,0.0,1,0,0,0
wavmark,3,1024,20,chinese:SSB0033,2,mean,"[48195, 50432, 52785]",52227,0,-3.0,-1.0,2.0,3,1,1,1
wavmark,3,4096,20,chinese:SSB0033,2,mean,"[48195, 50432, 52785]",52241,0,-3.0,-1.0,2.0,12,1,1,1
wavmark,3,16384,20,chinese:SSB0033,2,mean,"[48195, 50432, 52785]",52353,0,-3.0,-1.0,2.0,46,1,1,1
wavmark,3,65536,20,chinese:SSB0033,2,mean,"[48195, 50432, 52785]",52225,0,-3.0,-0.0,3.0,138,1,1,1
wavmark,3,256,20,chinese:SSB0033,2,fwp,"[48195, 50432, 52785]",48195,1,-2.0,-3.0,-1.0,1,0,0,0
wavmark,3,1024,20,chinese:SSB0033,2,fwp,"[48195, 50432, 52785]",64770,0,-2.0,-2.0,0.0,1,1,1,0
wavmark,3,4096,20,chinese:SSB0033,2,fwp,"[48195, 50432, 52785]",64579,0,-2.0,-1.0,1.0,3,1,1,1
wavmark,3,16384,20,chinese:SSB0033,2,fwp,"[48195, 50432, 52785]",64867,0,-2.0,-1.0,1.0,4,1,1,1
wavmark,3,65536,20,chinese:SSB0033,2,fwp,"[48195, 50432, 52785]",64835,0,-2.0,-0.0,2.0,18,1,1,1
wavmark,3,256,21,chinese:SSB0038,0,mean,"[29610, 45145, 48116]",48116,1,-3.0,-3.0,0.0,1,0,0,0
wavmark,3,1024,21,chinese:SSB0038,0,mean,"[29610, 45145, 48116]",47080,0,-3.0,-2.0,1.0,2,1,1,0
wavmark,3,4096,21,chinese:SSB0038,0,mean,"[29610, 45145, 48116]",62457,0,-3.0,-2.0,1.0,10,1,1,1
wavmark,3,16384,21,chinese:SSB0038,0,mean,"[29610, 45145, 48116]",62456,0,-3.0,-1.0,2.0,33,1,1,1
wavmark,3,65536,21,chinese:SSB0038,0,mean,"[29610, 45145, 48116]",46072,0,-3.0,-0.0,3.0,138,1,1,1
wavmark,3,256,21,chinese:SSB0038,0,fwp,"[29610, 45145, 48116]",61947,0,-4.0,-1.0,3.0,3,1,1,1
wavmark,3,1024,21,chinese:SSB0038,0,fwp,"[29610, 45145, 48116]",62195,0,-4.0,-2.0,2.0,8,1,1,1
wavmark,3,4096,21,chinese:SSB0038,0,fwp,"[29610, 45145, 48116]",62457,0,-4.0,-1.0,3.0,33,1,1,1
wavmark,3,16384,21,chinese:SSB0038,0,fwp,"[29610, 45145, 48116]",64507,0,-4.0,-1.0,3.0,177,1,1,1
wavmark,3,65536,21,chinese:SSB0038,0,fwp,"[29610, 45145, 48116]",62459,0,-4.0,-0.0,4.0,698,1,1,1
wavmark,3,256,22,chinese:SSB0038,1,mean,"[4923, 16868, 46622]",13119,0,-2.0,-2.0,0.0,1,1,0,0
wavmark,3,1024,22,chinese:SSB0038,1,mean,"[4923, 16868, 46622]",33598,0,-2.0,-2.0,0.0,1,1,0,0
wavmark,3,4096,22,chinese:SSB0038,1,mean,"[4923, 16868, 46622]",4990,0,-2.0,-1.0,1.0,2,1,1,0
wavmark,3,16384,22,chinese:SSB0038,1,mean,"[4923, 16868, 46622]",4926,0,-2.0,-0.0,2.0,7,1,1,1
wavmark,3,65536,22,chinese:SSB0038,1,mean,"[4923, 16868, 46622]",4926,0,-2.0,-0.0,2.0,18,1,1,1
wavmark,3,256,22,chinese:SSB0038,1,fwp,"[4923, 16868, 46622]",48954,0,-4.0,-4.0,0.0,1,1,0,0
wavmark,3,1024,22,chinese:SSB0038,1,fwp,"[4923, 16868, 46622]",49134,0,-4.0,-2.0,2.0,12,1,1,1
wavmark,3,4096,22,chinese:SSB0038,1,fwp,"[4923, 16868, 46622]",65534,0,-4.0,-2.0,2.0,51,1,1,1
wavmark,3,16384,22,chinese:SSB0038,1,fwp,"[4923, 16868, 46622]",47102,0,-4.0,-0.0,4.0,168,1,1,1
wavmark,3,65536,22,chinese:SSB0038,1,fwp,"[4923, 16868, 46622]",47102,0,-4.0,-0.0,4.0,698,1,1,1
wavmark,3,256,23,chinese:SSB0038,2,mean,"[8528, 20249, 61625]",24859,0,-4.0,-1.0,3.0,9,1,1,1
wavmark,3,1024,23,chinese:SSB0038,2,mean,"[8528, 20249, 61625]",24889,0,-4.0,-1.0,3.0,10,1,1,1
wavmark,3,4096,23,chinese:SSB0038,2,mean,"[8528, 20249, 61625]",28953,0,-4.0,-1.0,3.0,41,1,1,1
wavmark,3,16384,23,chinese:SSB0038,2,mean,"[8528, 20249, 61625]",26905,0,-4.0,-1.0,3.0,169,1,1,1
wavmark,3,65536,23,chinese:SSB0038,2,mean,"[8528, 20249, 61625]",24857,0,-4.0,-0.0,4.0,698,1,1,1
wavmark,3,256,23,chinese:SSB0038,2,fwp,"[8528, 20249, 61625]",61753,0,-2.0,-2.0,0.0,1,1,0,0
wavmark,3,1024,23,chinese:SSB0038,2,fwp,"[8528, 20249, 61625]",62953,0,-2.0,-2.0,0.0,1,1,0,0
wavmark,3,4096,23,chinese:SSB0038,2,fwp,"[8528, 20249, 61625]",61945,0,-2.0,-0.0,2.0,3,1,1,1
wavmark,3,16384,23,chinese:SSB0038,2,fwp,"[8528, 20249, 61625]",62969,0,-2.0,-1.0,1.0,4,1,1,1
wavmark,3,65536,23,chinese:SSB0038,2,fwp,"[8528, 20249, 61625]",61945,0,-2.0,-0.0,2.0,18,1,1,1
wavmark,3,256,24,chinese:SSB0043,0,mean,"[50819, 53585, 63792]",53585,1,-1.0,-3.0,-2.0,1,0,0,0
wavmark,3,1024,24,chinese:SSB0043,0,mean,"[50819, 53585, 63792]",53585,1,-1.0,-2.0,-1.0,1,0,0,0
wavmark,3,4096,24,chinese:SSB0043,0,mean,"[50819, 53585, 63792]",53585,1,-1.0,-2.0,-1.0,1,0,0,0
wavmark,3,16384,24,chinese:SSB0043,0,mean,"[50819, 53585, 63792]",55569,0,-1.0,-1.0,0.0,1,1,0,0
wavmark,3,65536,24,chinese:SSB0043,0,mean,"[50819, 53585, 63792]",53521,0,-1.0,-0.0,1.0,2,1,1,1
wavmark,3,256,24,chinese:SSB0043,0,fwp,"[50819, 53585, 63792]",63792,1,-3.0,-4.0,-1.0,1,0,0,0
wavmark,3,1024,24,chinese:SSB0043,0,fwp,"[50819, 53585, 63792]",64994,0,-3.0,-2.0,1.0,4,1,1,1
wavmark,3,4096,24,chinese:SSB0043,0,fwp,"[50819, 53585, 63792]",64930,0,-3.0,-1.0,2.0,8,1,1,1
wavmark,3,16384,24,chinese:SSB0043,0,fwp,"[50819, 53585, 63792]",65010,0,-3.0,-1.0,2.0,30,1,1,1
wavmark,3,65536,24,chinese:SSB0043,0,fwp,"[50819, 53585, 63792]",64946,0,-3.0,-0.0,3.0,138,1,1,1
wavmark,3,256,25,chinese:SSB0043,1,mean,"[12706, 17798, 22060]",64806,0,-3.0,-3.0,0.0,1,1,0,0
wavmark,3,1024,25,chinese:SSB0043,1,mean,"[12706, 17798, 22060]",30638,0,-3.0,-2.0,1.0,4,1,1,1
wavmark,3,4096,25,chinese:SSB0043,1,mean,"[12706, 17798, 22060]",32166,0,-3.0,-1.0,2.0,13,1,1,1
wavmark,3,16384,25,chinese:SSB0043,1,mean,"[12706, 17798, 22060]",30118,0,-3.0,-0.0,3.0,42,1,1,1
wavmark,3,65536,25,chinese:SSB0043,1,mean,"[12706, 17798, 22060]",30118,0,-3.0,-0.0,3.0,138,1,1,1
wavmark,3,256,25,chinese:SSB0043,1,fwp,"[12706, 17798, 22060]",9390,0,-4.0,-3.0,1.0,4,1,1,1
wavmark,3,1024,25,chinese:SSB0043,1,fwp,"[12706, 17798, 22060]",30638,0,-4.0,-1.0,3.0,12,1,1,1
wavmark,3,4096,25,chinese:SSB0043,1,fwp,"[12706, 17798, 22060]",13742,0,-4.0,-1.0,3.0,46,1,1,1
wavmark,3,16384,25,chinese:SSB0043,1,fwp,"[12706, 17798, 22060]",14255,0,-4.0,-1.0,3.0,181,1,1,1
wavmark,3,65536,25,chinese:SSB0043,1,fwp,"[12706, 17798, 22060]",14254,0,-4.0,-0.0,4.0,698,1,1,1
wavmark,3,256,26,chinese:SSB0043,2,mean,"[13073, 17048, 56353]",55809,0,-3.0,-3.0,0.0,1,1,1,0
wavmark,3,1024,26,chinese:SSB0043,2,mean,"[13073, 17048, 56353]",54033,0,-3.0,-2.0,1.0,7,1,1,1
wavmark,3,4096,26,chinese:SSB0043,2,mean,"[13073, 17048, 56353]",53809,0,-3.0,-2.0,1.0,12,1,1,1
wavmark,3,16384,26,chinese:SSB0043,2,mean,"[13073, 17048, 56353]",22033,0,-3.0,-1.0,2.0,35,1,1,1
wavmark,3,65536,26,chinese:SSB0043,2,mean,"[13073, 17048, 56353]",21009,0,-3.0,-0.0,3.0,138,1,1,1
wavmark,3,256,26,chinese:SSB0043,2,fwp,"[13073, 17048, 56353]",63675,0,-3.0,-3.0,0.0,1,1,0,0
wavmark,3,1024,26,chinese:SSB0043,2,fwp,"[13073, 17048, 56353]",64701,0,-3.0,-2.0,1.0,3,1,1,1
wavmark,3,4096,26,chinese:SSB0043,2,fwp,"[13073, 17048, 56353]",56504,0,-3.0,-1.0,2.0,18,1,1,1
wavmark,3,16384,26,chinese:SSB0043,2,fwp,"[13073, 17048, 56353]",56505,0,-3.0,-0.0,3.0,24,1,1,1
wavmark,3,65536,26,chinese:SSB0043,2,fwp,"[13073, 17048, 56353]",56505,0,-3.0,-0.0,3.0,138,1,1,1
wavmark,3,256,27,chinese:SSB0057,0,mean,"[14231, 33376, 64929]",64929,1,-4.0,-4.0,0.0,1,0,0,0
wavmark,3,1024,27,chinese:SSB0057,0,mean,"[14231, 33376, 64929]",63393,0,-4.0,-2.0,2.0,14,1,1,1
wavmark,3,4096,27,chinese:SSB0057,0,mean,"[14231, 33376, 64929]",42929,0,-4.0,-1.0,3.0,33,1,1,1
wavmark,3,16384,27,chinese:SSB0057,0,mean,"[14231, 33376, 64929]",47033,0,-4.0,-1.0,3.0,178,1,1,1
wavmark,3,65536,27,chinese:SSB0057,0,mean,"[14231, 33376, 64929]",47025,0,-4.0,-0.0,4.0,698,1,1,1
wavmark,3,256,27,chinese:SSB0057,0,fwp,"[14231, 33376, 64929]",14231,1,-2.0,-2.0,0.0,1,0,0,0
wavmark,3,1024,27,chinese:SSB0057,0,fwp,"[14231, 33376, 64929]",14231,1,-2.0,-3.0,-1.0,1,0,0,0
wavmark,3,4096,27,chinese:SSB0057,0,fwp,"[14231, 33376, 64929]",13303,0,-2.0,-1.0,1.0,2,1,1,1
wavmark,3,16384,27,chinese:SSB0057,0,fwp,"[14231, 33376, 64929]",16375,0,-2.0,-1.0,1.0,7,1,1,1
wavmark,3,65536,27,chinese:SSB0057,0,fwp,"[14231, 33376, 64929]",14327,0,-2.0,-0.0,2.0,18,1,1,1
wavmark,3,256,28,chinese:SSB0057,1,mean,"[26712, 33223, 62684]",62684,1,-2.0,-3.0,-1.0,1,0,0,0
wavmark,3,1024,28,chinese:SSB0057,1,mean,"[26712, 33223, 62684]",62684,1,-2.0,-2.0,0.0,1,0,0,0
wavmark,3,4096,28,chinese:SSB0057,1,mean,"[26712, 33223, 62684]",57564,0,-2.0,-0.0,2.0,5,1,1,0
wavmark,3,16384,28,chinese:SSB0057,1,mean,"[26712, 33223, 62684]",57564,0,-2.0,-0.0,2.0,6,1,1,1
wavmark,3,65536,28,chinese:SSB0057,1,mean,"[26712, 33223, 62684]",57564,0,-2.0,-0.0,2.0,18,1,1,1
wavmark,3,256,28,chinese:SSB0057,1,fwp,"[26712, 33223, 62684]",10750,0,-4.0,-3.0,1.0,3,1,1,1
wavmark,3,1024,28,chinese:SSB0057,1,fwp,"[26712, 33223, 62684]",43471,0,-4.0,-1.0,3.0,14,1,1,1
wavmark,3,4096,28,chinese:SSB0057,1,fwp,"[26712, 33223, 62684]",59903,0,-4.0,-2.0,2.0,45,1,1,1
wavmark,3,16384,28,chinese:SSB0057,1,fwp,"[26712, 33223, 62684]",59871,0,-4.0,-1.0,3.0,177,1,1,1
wavmark,3,65536,28,chinese:SSB0057,1,fwp,"[26712, 33223, 62684]",43487,0,-4.0,-0.0,4.0,698,1,1,1
wavmark,3,256,29,chinese:SSB0057,2,mean,"[21467, 40472, 64178]",64178,1,-3.0,-3.0,0.0,1,0,0,0
wavmark,3,1024,29,chinese:SSB0057,2,mean,"[21467, 40472, 64178]",64178,1,-3.0,-3.0,0.0,1,0,0,0
wavmark,3,4096,29,chinese:SSB0057,2,mean,"[21467, 40472, 64178]",55834,0,-3.0,-1.0,2.0,8,1,1,1
wavmark,3,16384,29,chinese:SSB0057,2,mean,"[21467, 40472, 64178]",56986,0,-3.0,-1.0,2.0,39,1,1,1
wavmark,3,65536,29,chinese:SSB0057,2,mean,"[21467, 40472, 64178]",55962,0,-3.0,-0.0,3.0,138,1,1,1
wavmark,3,256,29,chinese:SSB0057,2,fwp,"[21467, 40472, 64178]",53209,0,-3.0,-2.0,1.0,3,1,1,0
wavmark,3,1024,29,chinese:SSB0057,2,fwp,"[21467, 40472, 64178]",57055,0,-3.0,-2.0,1.0,2,1,1,1
wavmark,3,4096,29,chinese:SSB0057,2,fwp,"[21467, 40472, 64178]",57311,0,-3.0,-1.0,2.0,7,1,1,1
wavmark,3,16384,29,chinese:SSB0057,2,fwp,"[21467, 40472, 64178]",57307,0,-3.0,-0.0,3.0,30,1,1,1
wavmark,3,65536,29,chinese:SSB0057,2,fwp,"[21467, 40472, 64178]",57307,0,-3.0,-0.0,3.0,138,1,1,1
wavmark,3,256,30,chinese:SSB0073,0,mean,"[21952, 23845, 35618]",23845,1,-2.0,-3.0,-1.0,1,0,0,0
wavmark,3,1024,30,chinese:SSB0073,0,mean,"[21952, 23845, 35618]",32096,0,-2.0,-2.0,0.0,1,1,0,0
wavmark,3,4096,30,chinese:SSB0073,0,mean,"[21952, 23845, 35618]",23904,0,-2.0,-1.0,1.0,2,1,1,1
wavmark,3,16384,30,chinese:SSB0073,0,mean,"[21952, 23845, 35618]",23840,0,-2.0,-0.0,2.0,4,1,1,1
wavmark,3,65536,30,chinese:SSB0073,0,mean,"[21952, 23845, 35618]",23840,0,-2.0,-0.0,2.0,18,1,1,1
wavmark,3,256,30,chinese:SSB0073,0,fwp,"[21952, 23845, 35618]",44770,0,-4.0,-3.0,1.0,3,1,1,0
wavmark,3,1024,30,chinese:SSB0073,0,fwp,"[21952, 23845, 35618]",38754,0,-4.0,-2.0,2.0,13,1,1,1
wavmark,3,4096,30,chinese:SSB0073,0,fwp,"[21952, 23845, 35618]",53218,0,-4.0,-2.0,2.0,38,1,1,1
wavmark,3,16384,30,chinese:SSB0073,0,fwp,"[21952, 23845, 35618]",40934,0,-4.0,-1.0,3.0,183,1,1,1
wavmark,3,65536,30,chinese:SSB0073,0,fwp,"[21952, 23845, 35618]",40930,0,-4.0,-0.0,4.0,698,1,1,1
wavmark,3,256,31,chinese:SSB0073,1,mean,"[32439, 33967, 54132]",50837,0,-3.0,-3.0,0.0,1,1,1,0
wavmark,3,1024,31,chinese:SSB0073,1,mean,"[32439, 33967, 54132]",54973,0,-3.0,-2.0,1.0,2,1,1,0
wavmark,3,4096,31,chinese:SSB0073,1,mean,"[32439, 33967, 54132]",63159,0,-3.0,-1.0,2.0,10,1,1,1
wavmark,3,16384,31,chinese:SSB0073,1,mean,"[32439, 33967, 54132]",54967,0,-3.0,-0.0,3.0,35,1,1,1
wavmark,3,65536,31,chinese:SSB0073,1,mean,"[32439, 33967, 54132]",54967,0,-3.0,-0.0,3.0,138,1,1,1
wavmark,3,256,31,chinese:SSB0073,1,fwp,"[32439, 33967, 54132]",51195,0,-4.0,-2.0,2.0,6,1,1,1
wavmark,3,1024,31,chinese:SSB0073,1,fwp,"[32439, 33967, 54132]",38783,0,-4.0,-2.0,2.0,9,1,1,1
wavmark,3,4096,31,chinese:SSB0073,1,fwp,"[32439, 33967, 54132]",34815,0,-4.0,-0.0,4.0,46,1,1,1
wavmark,3,16384,31,chinese:SSB0073,1,fwp,"[32439, 33967, 54132]",34799,0,-4.0,-1.0,3.0,179,1,1,1
wavmark,3,65536,31,chinese:SSB0073,1,fwp,"[32439, 33967, 54132]",34815,0,-4.0,-0.0,4.0,698,1,1,1
wavmark,3,256,32,chinese:SSB0073,2,mean,"[6067, 14034, 22252]",38642,0,-2.0,-1.0,1.0,2,1,0,0
wavmark,3,1024,32,chinese:SSB0073,2,mean,"[6067, 14034, 22252]",38578,0,-2.0,-2.0,0.0,1,1,0,0
wavmark,3,4096,32,chinese:SSB0073,2,mean,"[6067, 14034, 22252]",21234,0,-2.0,-2.0,0.0,1,1,0,0
wavmark,3,16384,32,chinese:SSB0073,2,mean,"[6067, 14034, 22252]",7922,0,-2.0,-1.0,1.0,5,1,1,1
wavmark,3,65536,32,chinese:SSB0073,2,mean,"[6067, 14034, 22252]",5874,0,-2.0,-0.0,2.0,18,1,1,1
wavmark,3,256,32,chinese:SSB0073,2,fwp,"[6067, 14034, 22252]",46974,0,-3.0,-3.0,0.0,1,1,1,0
wavmark,3,1024,32,chinese:SSB0073,2,fwp,"[6067, 14034, 22252]",16126,0,-3.0,-1.0,2.0,4,1,1,1
wavmark,3,4096,32,chinese:SSB0073,2,fwp,"[6067, 14034, 22252]",13950,0,-3.0,-1.0,2.0,4,1,1,1
wavmark,3,16384,32,chinese:SSB0073,2,fwp,"[6067, 14034, 22252]",30462,0,-3.0,-1.0,2.0,37,1,1,1
wavmark,3,65536,32,chinese:SSB0073,2,fwp,"[6067, 14034, 22252]",14078,0,-3.0,-0.0,3.0,138,1,1,1
wavmark,3,256,33,chinese:SSB0080,0,mean,"[6345, 45417, 64427]",45417,1,-2.0,-3.0,-1.0,1,0,0,0
wavmark,3,1024,33,chinese:SSB0080,0,mean,"[6345, 45417, 64427]",47561,0,-2.0,-1.0,1.0,2,1,0,0
wavmark,3,4096,33,chinese:SSB0080,0,mean,"[6345, 45417, 64427]",63977,0,-2.0,-1.0,1.0,4,1,1,1
wavmark,3,16384,33,chinese:SSB0080,0,mean,"[6345, 45417, 64427]",63977,0,-2.0,-1.0,1.0,5,1,1,1
wavmark,3,65536,33,chinese:SSB0080,0,mean,"[6345, 45417, 64427]",47593,0,-2.0,-0.0,2.0,18,1,1,1
wavmark,3,256,33,chinese:SSB0080,0,fwp,"[6345, 45417, 64427]",64427,1,-0.0,-2.0,-2.0,1,0,0,0
wavmark,3,1024,33,chinese:SSB0080,0,fwp,"[6345, 45417, 64427]",64427,1,-0.0,-2.0,-2.0,1,0,0,0
wavmark,3,4096,33,chinese:SSB0080,0,fwp,"[6345, 45417, 64427]",64427,1,-0.0,-1.0,-1.0,1,0,0,0
wavmark,3,16384,33,chinese:SSB0080,0,fwp,"[6345, 45417, 64427]",64427,1,-0.0,-1.0,-1.0,1,0,0,0
wavmark,3,65536,33,chinese:SSB0080,0,fwp,"[6345, 45417, 64427]",64427,1,-0.0,-1.0,-1.0,1,0,0,0
wavmark,3,256,34,chinese:SSB0080,1,mean,"[13336, 18802, 54529]",54584,0,-3.0,-3.0,0.0,1,1,0,0
wavmark,3,1024,34,chinese:SSB0080,1,mean,"[13336, 18802, 54529]",21784,0,-3.0,-1.0,2.0,3,1,1,0
wavmark,3,4096,34,chinese:SSB0080,1,mean,"[13336, 18802, 54529]",54544,0,-3.0,-1.0,2.0,12,1,1,1
wavmark,3,16384,34,chinese:SSB0080,1,mean,"[13336, 18802, 54529]",21808,0,-3.0,-1.0,2.0,29,1,1,1
wavmark,3,65536,34,chinese:SSB0080,1,mean,"[13336, 18802, 54529]",21776,0,-3.0,-0.0,3.0,138,1,1,1
wavmark,3,256,34,chinese:SSB0080,1,fwp,"[13336, 18802, 54529]",31194,0,-4.0,-3.0,1.0,2,1,1,1
wavmark,3,1024,34,chinese:SSB0080,1,fwp,"[13336, 18802, 54529]",64882,0,-4.0,-2.0,2.0,13,1,1,1
wavmark,3,4096,34,chinese:SSB0080,1,fwp,"[13336, 18802, 54529]",32218,0,-4.0,-2.0,2.0,41,1,1,1
wavmark,3,16384,34,chinese:SSB0080,1,fwp,"[13336, 18802, 54529]",32634,0,-4.0,-1.0,3.0,159,1,1,1
wavmark,3,65536,34,chinese:SSB0080,1,fwp,"[13336, 18802, 54529]",32122,0,-4.0,-0.0,4.0,698,1,1,1
wavmark,3,256,35,chinese:SSB0080,2,mean,"[25946, 28406, 51944]",28406,1,-2.0,-3.0,-1.0,1,0,0,0
wavmark,3,1024,35,chinese:SSB0080,2,mean,"[25946, 28406, 51944]",28634,0,-2.0,-2.0,0.0,1,1,0,0
wavmark,3,4096,35,chinese:SSB0080,2,mean,"[25946, 28406, 51944]",28410,0,-2.0,-0.0,2.0,3,1,1,0
wavmark,3,16384,35,chinese:SSB0080,2,mean,"[25946, 28406, 51944]",28666,0,-2.0,-1.0,1.0,6,1,1,1
wavmark,3,65536,35,chinese:SSB0080,2,mean,"[25946, 28406, 51944]",28410,0,-2.0,-0.0,2.0,18,1,1,1
wavmark,3,256,35,chinese:SSB0080,2,fwp,"[25946, 28406, 51944]",65434,0,-4.0,-3.0,1.0,7,1,1,1
wavmark,3,1024,35,chinese:SSB0080,2,fwp,"[25946, 28406, 51944]",61438,0,-4.0,-1.0,3.0,11,1,1,1
wavmark,3,4096,35,chinese:SSB0080,2,fwp,"[25946, 28406, 51944]",61433,0,-4.0,-2.0,2.0,43,1,1,1
wavmark,3,16384,35,chinese:SSB0080,2,fwp,"[25946, 28406, 51944]",61434,0,-4.0,-0.0,4.0,175,1,1,1
wavmark,3,65536,35,chinese:SSB0080,2,fwp,"[25946, 28406, 51944]",61434,0,-4.0,-0.0,4.0,698,1,1,1
wavmark,3,256,36,chinese:SSB0112,0,mean,"[3621, 11291, 21291]",11291,1,-3.0,-4.0,-1.0,1,0,0,0
wavmark,3,1024,36,chinese:SSB0112,0,mean,"[3621, 11291, 21291]",17979,0,-3.0,-2.0,1.0,3,1,1,1
wavmark,3,4096,36,chinese:SSB0112,0,mean,"[3621, 11291, 21291]",3771,0,-3.0,-1.0,2.0,10,1,1,1
wavmark,3,16384,36,chinese:SSB0112,0,mean,"[3621, 11291, 21291]",36411,0,-3.0,-1.0,2.0,38,1,1,1
wavmark,3,65536,36,chinese:SSB0112,0,mean,"[3621, 11291, 21291]",3643,0,-3.0,-0.0,3.0,138,1,1,1
wavmark,3,256,36,chinese:SSB0112,0,fwp,"[3621, 11291, 21291]",11291,1,-3.0,-4.0,-1.0,1,0,0,0
wavmark,3,1024,36,chinese:SSB0112,0,fwp,"[3621, 11291, 21291]",44987,0,-3.0,-2.0,1.0,2,1,1,1
wavmark,3,4096,36,chinese:SSB0112,0,fwp,"[3621, 11291, 21291]",12091,0,-3.0,-0.0,3.0,13,1,1,1
wavmark,3,16384,36,chinese:SSB0112,0,fwp,"[3621, 11291, 21291]",12091,0,-3.0,-0.0,3.0,38,1,1,1
wavmark,3,65536,36,chinese:SSB0112,0,fwp,"[3621, 11291, 21291]",12091,0,-3.0,-0.0,3.0,138,1,1,1
wavmark,3,256,37,chinese:SSB0112,1,mean,"[23377, 35251, 40364]",47281,0,-2.0,-2.0,0.0,1,1,0,0
wavmark,3,1024,37,chinese:SSB0112,1,mean,"[23377, 35251, 40364]",37297,0,-2.0,-1.0,1.0,2,1,1,0
wavmark,3,4096,37,chinese:SSB0112,1,mean,"[23377, 35251, 40364]",39353,0,-2.0,-1.0,1.0,5,1,1,1
wavmark,3,16384,37,chinese:SSB0112,1,mean,"[23377, 35251, 40364]",47537,0,-2.0,-1.0,1.0,7,1,1,1
wavmark,3,65536,37,chinese:SSB0112,1,mean,"[23377, 35251, 40364]",39345,0,-2.0,-0.0,2.0,18,1,1,1
wavmark,3,256,37,chinese:SSB0112,1,fwp,"[23377, 35251, 40364]",40364,1,-3.0,-5.0,-2.0,1,0,0,0
wavmark,3,1024,37,chinese:SSB0112,1,fwp,"[23377, 35251, 40364]",40381,0,-3.0,-1.0,2.0,6,1,1,1
wavmark,3,4096,37,chinese:SSB0112,1,fwp,"[23377, 35251, 40364]",40429,0,-3.0,-1.0,2.0,11,1,1,1
wavmark,3,16384,37,chinese:SSB0112,1,fwp,"[23377, 35251, 40364]",40444,0,-3.0,-1.0,2.0,34,1,1,1
wavmark,3,65536,37,chinese:SSB0112,1,fwp,"[23377, 35251, 40364]",40445,0,-3.0,-0.0,3.0,138,1,1,1
wavmark,3,256,38,chinese:SSB0112,2,mean,"[1546, 4350, 23447]",4350,1,-3.0,-4.0,-1.0,1,0,0,0
wavmark,3,1024,38,chinese:SSB0112,2,mean,"[1546, 4350, 23447]",6810,0,-3.0,-2.0,1.0,3,1,1,1
wavmark,3,4096,38,chinese:SSB0112,2,mean,"[1546, 4350, 23447]",37790,0,-3.0,-2.0,1.0,11,1,1,1
wavmark,3,16384,38,chinese:SSB0112,2,mean,"[1546, 4350, 23447]",5022,0,-3.0,-1.0,2.0,29,1,1,1
wavmark,3,65536,38,chinese:SSB0112,2,mean,"[1546, 4350, 23447]",4766,0,-3.0,-0.0,3.0,138,1,1,1
wavmark,3,256,38,chinese:SSB0112,2,fwp,"[1546, 4350, 23447]",36747,0,-4.0,-3.0,1.0,5,1,1,1
wavmark,3,1024,38,chinese:SSB0112,2,fwp,"[1546, 4350, 23447]",4055,0,-4.0,-2.0,2.0,9,1,1,1
wavmark,3,4096,38,chinese:SSB0112,2,fwp,"[1546, 4350, 23447]",3871,0,-4.0,-1.0,3.0,40,1,1,1
wavmark,3,16384,38,chinese:SSB0112,2,fwp,"[1546, 4350, 23447]",3999,0,-4.0,-0.0,4.0,172,1,1,1
wavmark,3,65536,38,chinese:SSB0112,2,fwp,"[1546, 4350, 23447]",3999,0,-4.0,-0.0,4.0,698,1,1,1
wavmark,3,256,39,chinese:SSB0122,0,mean,"[15122, 16883, 22771]",22771,1,-1.0,-2.0,-1.0,1,0,0,0
wavmark,3,1024,39,chinese:SSB0122,0,mean,"[15122, 16883, 22771]",22771,1,-1.0,-1.0,0.0,1,0,0,0
wavmark,3,4096,39,chinese:SSB0122,0,mean,"[15122, 16883, 22771]",22899,0,-1.0,-1.0,0.0,1,1,0,0
wavmark,3,16384,39,chinese:SSB0122,0,mean,"[15122, 16883, 22771]",31219,0,-1.0,-1.0,0.0,1,1,1,0
wavmark,3,65536,39,chinese:SSB0122,0,mean,"[15122, 16883, 22771]",23027,0,-1.0,-0.0,1.0,2,1,1,1
wavmark,3,256,39,chinese:SSB0122,0,fwp,"[15122, 16883, 22771]",61363,0,-3.0,-3.0,0.0,1,1,1,0
wavmark,3,1024,39,chinese:SSB0122,0,fwp,"[15122, 16883, 22771]",61427,0,-3.0,-2.0,1.0,4,1,1,1
wavmark,3,4096,39,chinese:SSB0122,0,fwp,"[15122, 16883, 22771]",27634,0,-3.0,-1.0,2.0,10,1,1,1
wavmark,3,16384,39,chinese:SSB0122,0,fwp,"[15122, 16883, 22771]",27635,0,-3.0,-0.0,3.0,37,1,1,1
wavmark,3,65536,39,chinese:SSB0122,0,fwp,"[15122, 16883, 22771]",27635,0,-3.0,-0.0,3.0,138,1,1,1
wavmark,3,256,40,chinese:SSB0122,1,mean,"[13459, 43962, 47911]",47923,0,-3.0,-1.0,2.0,2,1,1,0
wavmark,3,1024,40,chinese:SSB0122,1,mean,"[13459, 43962, 47911]",64419,0,-3.0,-2.0,1.0,2,1,1,1
wavmark,3,4096,40,chinese:SSB0122,1,mean,"[13459, 43962, 47911]",39859,0,-3.0,-1.0,2.0,5,1,1,1
wavmark,3,16384,40,chinese:SSB0122,1,mean,"[13459, 43962, 47911]",48051,0,-3.0,-0.0,3.0,35,1,1,1
wavmark,3,65536,40,chinese:SSB0122,1,mean,"[13459, 43962, 47911]",48051,0,-3.0,-0.0,3.0,138,1,1,1
wavmark,3,256,40,chinese:SSB0122,1,fwp,"[13459, 43962, 47911]",43962,1,-2.0,-4.0,-2.0,1,0,0,0
wavmark,3,1024,40,chinese:SSB0122,1,fwp,"[13459, 43962, 47911]",65434,0,-2.0,-2.0,0.0,1,1,0,0
wavmark,3,4096,40,chinese:SSB0122,1,fwp,"[13459, 43962, 47911]",49146,0,-2.0,-1.0,1.0,3,1,1,1
wavmark,3,16384,40,chinese:SSB0122,1,fwp,"[13459, 43962, 47911]",49083,0,-2.0,-1.0,1.0,5,1,1,1
wavmark,3,65536,40,chinese:SSB0122,1,fwp,"[13459, 43962, 47911]",49082,0,-2.0,-0.0,2.0,18,1,1,1
wavmark,3,256,41,chinese:SSB0122,2,mean,"[3156, 24895, 54310]",54310,1,-3.0,-3.0,0.0,1,0,0,0
wavmark,3,1024,41,chinese:SSB0122,2,mean,"[3156, 24895, 54310]",50238,0,-3.0,-2.0,1.0,2,1,0,0
wavmark,3,4096,41,chinese:SSB0122,2,mean,"[3156, 24895, 54310]",17462,0,-3.0,-0.0,3.0,7,1,1,1
wavmark,3,16384,41,chinese:SSB0122,2,mean,"[3156, 24895, 54310]",17462,0,-3.0,-0.0,3.0,32,1,1,1
wavmark,3,65536,41,chinese:SSB0122,2,mean,"[3156, 24895, 54310]",17462,0,-3.0,-0.0,3.0,138,1,1,1
wavmark,3,256,41,chinese:SSB0122,2,fwp,"[3156, 24895, 54310]",14847,0,-4.0,-3.0,1.0,2,1,1,0
wavmark,3,1024,41,chinese:SSB0122,2,fwp,"[3156, 24895, 54310]",27991,0,-4.0,-3.0,1.0,8,1,1,1
wavmark,3,4096,41,chinese:SSB0122,2,fwp,"[3156, 24895, 54310]",15743,0,-4.0,-1.0,3.0,47,1,1,1
wavmark,3,16384,41,chinese:SSB0122,2,fwp,"[3156, 24895, 54310]",11639,0,-4.0,-1.0,3.0,175,1,1,1
wavmark,3,65536,41,chinese:SSB0122,2,fwp,"[3156, 24895, 54310]",11647,0,-4.0,-0.0,4.0,698,1,1,1
wavmark,3,256,42,chinese:SSB0133,0,mean,"[4018, 22595, 54739]",54739,1,-2.0,-3.0,-1.0,1,0,0,0
wavmark,3,1024,42,chinese:SSB0133,0,mean,"[4018, 22595, 54739]",24051,0,-2.0,-1.0,1.0,2,1,0,0
wavmark,3,4096,42,chinese:SSB0133,0,mean,"[4018, 22595, 54739]",23891,0,-2.0,-1.0,1.0,2,1,0,0
wavmark,3,16384,42,chinese:SSB0133,0,mean,"[4018, 22595, 54739]",24019,0,-2.0,-0.0,2.0,3,1,1,1
wavmark,3,65536,42,chinese:SSB0133,0,mean,"[4018, 22595, 54739]",24019,0,-2.0,-0.0,2.0,18,1,1,1
wavmark,3,256,42,chinese:SSB0133,0,fwp,"[4018, 22595, 54739]",12147,0,-3.0,-3.0,0.0,1,1,1,0
wavmark,3,1024,42,chinese:SSB0133,0,fwp,"[4018, 22595, 54739]",40947,0,-3.0,-1.0,2.0,5,1,1,1
wavmark,3,4096,42,chinese:SSB0133,0,fwp,"[4018, 22595, 54739]",16371,0,-3.0,-1.0,2.0,8,1,1,1
wavmark,3,16384,42,chinese:SSB0133,0,fwp,"[4018, 22595, 54739]",24563,0,-3.0,-1.0,2.0,35,1,1,1
wavmark,3,65536,42,chinese:SSB0133,0,fwp,"[4018, 22595, 54739]",8179,0,-3.0,-0.0,3.0,138,1,1,1
wavmark,3,256,43,chinese:SSB0133,1,mean,"[5570, 21851, 55242]",21851,1,-2.0,-2.0,0.0,1,0,0,0
wavmark,3,1024,43,chinese:SSB0133,1,mean,"[5570, 21851, 55242]",22234,0,-2.0,-2.0,0.0,1,1,0,0
wavmark,3,4096,43,chinese:SSB0133,1,mean,"[5570, 21851, 55242]",20954,0,-2.0,-1.0,1.0,3,1,1,0
wavmark,3,16384,43,chinese:SSB0133,1,mean,"[5570, 21851, 55242]",22490,0,-2.0,-1.0,1.0,9,1,1,1
wavmark,3,65536,43,chinese:SSB0133,1,mean,"[5570, 21851, 55242]",21978,0,-2.0,-0.0,2.0,18,1,1,1
wavmark,3,256,43,chinese:SSB0133,1,fwp,"[5570, 21851, 55242]",21851,1,-2.0,-2.0,0.0,1,0,0,0
wavmark,3,1024,43,chinese:SSB0133,1,fwp,"[5570, 21851, 55242]",21851,1,-2.0,-2.0,0.0,1,0,0,0
wavmark,3,4096,43,chinese:SSB0133,1,fwp,"[5570, 21851, 55242]",6107,0,-2.0,-1.0,1.0,4,1,1,0
wavmark,3,16384,43,chinese:SSB0133,1,fwp,"[5570, 21851, 55242]",38363,0,-2.0,-1.0,1.0,4,1,1,1
wavmark,3,65536,43,chinese:SSB0133,1,fwp,"[5570, 21851, 55242]",5595,0,-2.0,-0.0,2.0,18,1,1,1
wavmark,3,256,44,chinese:SSB0133,2,mean,"[7576, 12646, 41552]",45520,0,-4.0,-2.0,2.0,3,1,1,0
wavmark,3,1024,44,chinese:SSB0133,2,mean,"[7576, 12646, 41552]",12632,0,-4.0,-1.0,3.0,14,1,1,1
wavmark,3,4096,44,chinese:SSB0133,2,mean,"[7576, 12646, 41552]",45396,0,-4.0,-2.0,2.0,38,1,1,1
wavmark,3,16384,44,chinese:SSB0133,2,mean,"[7576, 12646, 41552]",45392,0,-4.0,-1.0,3.0,190,1,1,1
wavmark,3,65536,44,chinese:SSB0133,2,mean,"[7576, 12646, 41552]",12624,0,-4.0,-0.0,4.0,698,1,1,1
wavmark,3,256,44,chinese:SSB0133,2,fwp,"[7576, 12646, 41552]",49086,0,-5.0,-3.0,2.0,8,1,1,1
wavmark,3,1024,44,chinese:SSB0133,2,fwp,"[7576, 12646, 41552]",15855,0,-5.0,-2.0,3.0,40,1,1,1
wavmark,3,4096,44,chinese:SSB0133,2,fwp,"[7576, 12646, 41552]",16382,0,-5.0,-1.0,4.0,151,1,1,1
wavmark,3,16384,44,chinese:SSB0133,2,fwp,"[7576, 12646, 41552]",15870,0,-5.0,-0.0,5.0,647,1,1,1
wavmark,3,65536,44,chinese:SSB0133,2,fwp,"[7576, 12646, 41552]",15870,0,-5.0,-0.0,5.0,2518,1,1,1
wavmark,3,256,45,chinese:SSB0139,0,mean,"[7285, 9249, 38493]",7285,1,-1.0,-2.0,-1.0,1,0,0,0
wavmark,3,1024,45,chinese:SSB0139,0,mean,"[7285, 9249, 38493]",7285,1,-1.0,-2.0,-1.0,1,0,0,0
wavmark,3,4096,45,chinese:SSB0139,0,mean,"[7285, 9249, 38493]",7285,1,-1.0,-1.0,0.0,1,0,0,0
wavmark,3,16384,45,chinese:SSB0139,0,mean,"[7285, 9249, 38493]",7285,1,-1.0,-1.0,0.0,1,0,0,0
wavmark,3,65536,45,chinese:SSB0139,0,mean,"[7285, 9249, 38493]",5237,0,-1.0,-0.0,1.0,2,1,1,0
wavmark,3,256,45,chinese:SSB0139,0,fwp,"[7285, 9249, 38493]",29817,0,-3.0,-2.0,1.0,2,1,1,0
wavmark,3,1024,45,chinese:SSB0139,0,fwp,"[7285, 9249, 38493]",46207,0,-3.0,-2.0,1.0,5,1,1,1
wavmark,3,4096,45,chinese:SSB0139,0,fwp,"[7285, 9249, 38493]",13885,0,-3.0,-2.0,1.0,11,1,1,1
wavmark,3,16384,45,chinese:SSB0139,0,fwp,"[7285, 9249, 38493]",46205,0,-3.0,-1.0,2.0,43,1,1,1
wavmark,3,65536,45,chinese:SSB0139,0,fwp,"[7285, 9249, 38493]",13437,0,-3.0,-0.0,3.0,138,1,1,1
wavmark,3,256,46,chinese:SSB0139,1,mean,"[8651, 12062, 63686]",2508,0,-3.0,-2.0,1.0,2,1,0,0
wavmark,3,1024,46,chinese:SSB0139,1,mean,"[8651, 12062, 63686]",59886,0,-3.0,-3.0,0.0,1,1,1,1
wavmark,3,4096,46,chinese:SSB0139,1,mean,"[8651, 12062, 63686]",10718,0,-3.0,-1.0,2.0,9,1,1,1
wavmark,3,16384,46,chinese:SSB0139,1,mean,"[8651, 12062, 63686]",10702,0,-3.0,-0.0,3.0,37,1,1,1
wavmark,3,65536,46,chinese:SSB0139,1,mean,"[8651, 12062, 63686]",10702,0,-3.0,-0.0,3.0,138,1,1,1
wavmark,3,256,46,chinese:SSB0139,1,fwp,"[8651, 12062, 63686]",61404,0,-4.0,-3.0,1.0,5,1,1,1
wavmark,3,1024,46,chinese:SSB0139,1,fwp,"[8651, 12062, 63686]",48092,0,-4.0,-2.0,2.0,10,1,1,1
wavmark,3,4096,46,chinese:SSB0139,1,fwp,"[8651, 12062, 63686]",49150,0,-4.0,-1.0,3.0,44,1,1,1
wavmark,3,16384,46,chinese:SSB0139,1,fwp,"[8651, 12062, 63686]",49118,0,-4.0,-0.0,4.0,181,1,1,1
wavmark,3,65536,46,chinese:SSB0139,1,fwp,"[8651, 12062, 63686]",49118,0,-4.0,-0.0,4.0,698,1,1,1
wavmark,3,256,47,chinese:SSB0139,2,mean,"[16633, 35430, 45803]",45803,1,-2.0,-2.0,0.0,1,0,0,0
wavmark,3,1024,47,chinese:SSB0139,2,mean,"[16633, 35430, 45803]",45803,1,-2.0,-3.0,-1.0,1,0,0,0
wavmark,3,4096,47,chinese:SSB0139,2,mean,"[16633, 35430, 45803]",35563,0,-2.0,-1.0,1.0,2,1,0,0
wavmark,3,16384,47,chinese:SSB0139,2,mean,"[16633, 35430, 45803]",41707,0,-2.0,-1.0,1.0,7,1,1,1
wavmark,3,65536,47,chinese:SSB0139,2,mean,"[16633, 35430, 45803]",33515,0,-2.0,-0.0,2.0,18,1,1,1
wavmark,3,256,47,chinese:SSB0139,2,fwp,"[16633, 35430, 45803]",51887,0,-4.0,-3.0,1.0,3,1,1,1
wavmark,3,1024,47,chinese:SSB0139,2,fwp,"[16633, 35430, 45803]",39671,0,-4.0,-2.0,2.0,16,1,1,1
wavmark,3,4096,47,chinese:SSB0139,2,fwp,"[16633, 35430, 45803]",51903,0,-4.0,-2.0,2.0,43,1,1,1
wavmark,3,16384,47,chinese:SSB0139,2,fwp,"[16633, 35430, 45803]",35455,0,-4.0,-1.0,3.0,206,1,1,1
wavmark,3,65536,47,chinese:SSB0139,2,fwp,"[16633, 35430, 45803]",35583,0,-4.0,-0.0,4.0,698,1,1,1
wavmark,3,256,48,chinese:SSB0145,0,mean,"[40800, 41770, 56891]",3898,0,-3.0,-2.0,1.0,2,1,0,0
wavmark,3,1024,48,chinese:SSB0145,0,mean,"[40800, 41770, 56891]",40826,0,-3.0,-1.0,2.0,3,1,1,1
wavmark,3,4096,48,chinese:SSB0145,0,mean,"[40800, 41770, 56891]",40730,0,-3.0,-1.0,2.0,12,1,1,1
wavmark,3,16384,48,chinese:SSB0145,0,mean,"[40800, 41770, 56891]",40890,0,-3.0,-1.0,2.0,37,1,1,1
wavmark,3,65536,48,chinese:SSB0145,0,mean,"[40800, 41770, 56891]",40762,0,-3.0,-0.0,3.0,138,1,1,1
wavmark,3,256,48,chinese:SSB0145,0,fwp,"[40800, 41770, 56891]",56891,1,-3.0,-3.0,0.0,1,0,0,0
wavmark,3,1024,48,chinese:SSB0145,0,fwp,"[40800, 41770, 56891]",60985,0,-3.0,-2.0,1.0,2,1,1,1
wavmark,3,4096,48,chinese:SSB0145,0,fwp,"[40800, 41770, 56891]",60987,0,-3.0,-1.0,2.0,7,1,1,1
wavmark,3,16384,48,chinese:SSB0145,0,fwp,"[40800, 41770, 56891]",61243,0,-3.0,-0.0,3.0,40,1,1,1
wavmark,3,65536,48,chinese:SSB0145,0,fwp,"[40800, 41770, 56891]",61243,0,-3.0,-0.0,3.0,138,1,1,1
wavmark,3,256,49,chinese:SSB0145,1,mean,"[9072, 17260, 24750]",17260,1,-2.0,-3.0,-1.0,1,0,0,0
wavmark,3,1024,49,chinese:SSB0145,1,mean,"[9072, 17260, 24750]",17260,1,-2.0,-3.0,-1.0,1,0,0,0
wavmark,3,4096,49,chinese:SSB0145,1,mean,"[9072, 17260, 24750]",29566,0,-2.0,-2.0,0.0,1,1,1,1
wavmark,3,16384,49,chinese:SSB0145,1,mean,"[9072, 17260, 24750]",25596,0,-2.0,-1.0,1.0,7,1,1,1
wavmark,3,65536,49,chinese:SSB0145,1,mean,"[9072, 17260, 24750]",25468,0,-2.0,-0.0,2.0,18,1,1,1
wavmark,3,256,49,chinese:SSB0145,1,fwp,"[9072, 17260, 24750]",25342,0,-4.0,-2.0,2.0,4,1,1,1
wavmark,3,1024,49,chinese:SSB0145,1,fwp,"[9072, 17260, 24750]",13308,0,-4.0,-2.0,2.0,8,1,1,1
wavmark,3,4096,49,chinese:SSB0145,1,fwp,"[9072, 17260, 24750]",58366,0,-4.0,-2.0,2.0,51,1,1,1
wavmark,3,16384,49,chinese:SSB0145,1,fwp,"[9072, 17260, 24750]",13310,0,-4.0,-1.0,3.0,164,1,1,1
wavmark,3,65536,49,chinese:SSB0145,1,fwp,"[9072, 17260, 24750]",9214,0,-4.0,-0.0,4.0,698,1,1,1
wavmark,3,256,50,chinese:SSB0145,2,mean,"[27196, 50417, 59277]",61113,0,-3.0,-2.0,1.0,2,1,0,0
wavmark,3,1024,50,chinese:SSB0145,2,mean,"[27196, 50417, 59277]",61108,0,-3.0,-3.0,0.0,1,1,0,0
wavmark,3,4096,50,chinese:SSB0145,2,mean,"[27196, 50417, 59277]",58045,0,-3.0,-1.0,2.0,10,1,1,1
wavmark,3,16384,50,chinese:SSB0145,2,mean,"[27196, 50417, 59277]",61117,0,-3.0,-1.0,2.0,31,1,1,1
wavmark,3,65536,50,chinese:SSB0145,2,mean,"[27196, 50417, 59277]",59069,0,-3.0,-0.0,3.0,138,1,1,1
wavmark,3,256,50,chinese:SSB0145,2,fwp,"[27196, 50417, 59277]",61113,0,-5.0,-2.0,3.0,11,1,1,1
wavmark,3,1024,50,chinese:SSB0145,2,fwp,"[27196, 50417, 59277]",28409,0,-5.0,-2.0,3.0,36,1,1,1
wavmark,3,4096,50,chinese:SSB0145,2,fwp,"[27196, 50417, 59277]",61309,0,-5.0,-2.0,3.0,157,1,1,1
wavmark,3,16384,50,chinese:SSB0145,2,fwp,"[27196, 50417, 59277]",61165,0,-5.0,-1.0,4.0,654,1,1,1
wavmark,3,65536,50,chinese:SSB0145,2,fwp,"[27196, 50417, 59277]",61181,0,-5.0,-0.0,5.0,2518,1,1,1
wavmark,3,256,51,chinese:SSB0149,0,mean,"[44504, 60545, 65263]",60545,1,-2.0,-3.0,-1.0,1,0,0,0
wavmark,3,1024,51,chinese:SSB0149,0,mean,"[44504, 60545, 65263]",60545,1,-2.0,-3.0,-1.0,1,0,0,0
wavmark,3,4096,51,chinese:SSB0149,0,mean,"[44504, 60545, 65263]",60489,0,-2.0,-1.0,1.0,4,1,1,0
wavmark,3,16384,51,chinese:SSB0149,0,mean,"[44504, 60545, 65263]",60873,0,-2.0,-1.0,1.0,5,1,1,1
wavmark,3,65536,51,chinese:SSB0149,0,mean,"[44504, 60545, 65263]",60617,0,-2.0,-0.0,2.0,18,1,1,1
wavmark,3,256,51,chinese:SSB0149,0,fwp,"[44504, 60545, 65263]",49149,0,-4.0,-1.0,3.0,2,1,1,1
wavmark,3,1024,51,chinese:SSB0149,0,fwp,"[44504, 60545, 65263]",44925,0,-4.0,-1.0,3.0,12,1,1,1
wavmark,3,4096,51,chinese:SSB0149,0,fwp,"[44504, 60545, 65263]",61439,0,-4.0,-2.0,2.0,50,1,1,1
wavmark,3,16384,51,chinese:SSB0149,0,fwp,"[44504, 60545, 65263]",45045,0,-4.0,-1.0,3.0,176,1,1,1
wavmark,3,65536,51,chinese:SSB0149,0,fwp,"[44504, 60545, 65263]",45053,0,-4.0,-0.0,4.0,698,1,1,1
wavmark,3,256,52,chinese:SSB0149,1,mean,"[16984, 35584, 41987]",51856,0,-3.0,-3.0,0.0,1,1,0,0
wavmark,3,1024,52,chinese:SSB0149,1,mean,"[16984, 35584, 41987]",36880,0,-3.0,-2.0,1.0,4,1,1,1
wavmark,3,4096,52,chinese:SSB0149,1,mean,"[16984, 35584, 41987]",37648,0,-3.0,-2.0,1.0,6,1,1,1
wavmark,3,16384,52,chinese:SSB0149,1,mean,"[16984, 35584, 41987]",33296,0,-3.0,-0.0,3.0,33,1,1,1
wavmark,3,65536,52,chinese:SSB0149,1,mean,"[16984, 35584, 41987]",33296,0,-3.0,-0.0,3.0,138,1,1,1
wavmark,3,256,52,chinese:SSB0149,1,fwp,"[16984, 35584, 41987]",42746,0,-5.0,-2.0,3.0,13,1,1,1
wavmark,3,1024,52,chinese:SSB0149,1,fwp,"[16984, 35584, 41987]",59258,0,-5.0,-3.0,2.0,49,1,1,1
wavmark,3,4096,52,chinese:SSB0149,1,fwp,"[16984, 35584, 41987]",42618,0,-5.0,-1.0,4.0,159,1,1,1
wavmark,3,16384,52,chinese:SSB0149,1,fwp,"[16984, 35584, 41987]",42618,0,-5.0,-1.0,4.0,650,1,1,1
wavmark,3,65536,52,chinese:SSB0149,1,fwp,"[16984, 35584, 41987]",42586,0,-5.0,-0.0,5.0,2518,1,1,1
wavmark,3,256,53,chinese:SSB0149,2,mean,"[28719, 35700, 57188]",57188,1,-1.0,-2.0,-1.0,1,0,0,0
wavmark,3,1024,53,chinese:SSB0149,2,mean,"[28719, 35700, 57188]",57188,1,-1.0,-2.0,-1.0,1,0,0,0
wavmark,3,4096,53,chinese:SSB0149,2,mean,"[28719, 35700, 57188]",57188,1,-1.0,-2.0,-1.0,1,0,0,0
wavmark,3,16384,53,chinese:SSB0149,2,mean,"[28719, 35700, 57188]",57188,1,-1.0,-1.0,0.0,1,0,0,0
wavmark,3,65536,53,chinese:SSB0149,2,mean,"[28719, 35700, 57188]",56164,0,-1.0,-0.0,1.0,2,1,0,0
wavmark,3,256,53,chinese:SSB0149,2,fwp,"[28719, 35700, 57188]",62335,0,-4.0,-3.0,1.0,4,1,1,1
wavmark,3,1024,53,chinese:SSB0149,2,fwp,"[28719, 35700, 57188]",47992,0,-4.0,-2.0,2.0,16,1,1,1
wavmark,3,4096,53,chinese:SSB0149,2,fwp,"[28719, 35700, 57188]",47421,0,-4.0,-2.0,2.0,41,1,1,1
wavmark,3,16384,53,chinese:SSB0149,2,fwp,"[28719, 35700, 57188]",47999,0,-4.0,-1.0,3.0,180,1,1,1
wavmark,3,65536,53,chinese:SSB0149,2,fwp,"[28719, 35700, 57188]",47997,0,-4.0,-0.0,4.0,698,1,1,1
wavmark,3,256,54,chinese:SSB0193,0,mean,"[5588, 26173, 38698]",1844,0,-4.0,-2.0,2.0,6,1,1,1
wavmark,3,1024,54,chinese:SSB0193,0,mean,"[5588, 26173, 38698]",5693,0,-4.0,-2.0,2.0,19,1,1,1
wavmark,3,4096,54,chinese:SSB0193,0,mean,"[5588, 26173, 38698]",1852,0,-4.0,-1.0,3.0,38,1,1,1
wavmark,3,16384,54,chinese:SSB0193,0,mean,"[5588, 26173, 38698]",5948,0,-4.0,-0.0,4.0,192,1,1,1
wavmark,3,65536,54,chinese:SSB0193,0,mean,"[5588, 26173, 38698]",5948,0,-4.0,-0.0,4.0,698,1,1,1
wavmark,3,256,54,chinese:SSB0193,0,fwp,"[5588, 26173, 38698]",30655,0,-5.0,-3.0,2.0,13,1,1,1
wavmark,3,1024,54,chinese:SSB0193,0,fwp,"[5588, 26173, 38698]",13565,0,-5.0,-2.0,3.0,44,1,1,1
wavmark,3,4096,54,chinese:SSB0193,0,fwp,"[5588, 26173, 38698]",14329,0,-5.0,-1.0,4.0,169,1,1,1
wavmark,3,16384,54,chinese:SSB0193,0,fwp,"[5588, 26173, 38698]",14332,0,-5.0,-1.0,4.0,637,1,1,1
wavmark,3,65536,54,chinese:SSB0193,0,fwp,"[5588, 26173, 38698]",14333,0,-5.0,-0.0,5.0,2518,1,1,1
wavmark,3,256,55,chinese:SSB0193,1,mean,"[23790, 24548, 36633]",24548,1,-1.0,-2.0,-1.0,1,0,0,0
wavmark,3,1024,55,chinese:SSB0193,1,mean,"[23790, 24548, 36633]",24548,1,-1.0,-2.0,-1.0,1,0,0,0
wavmark,3,4096,55,chinese:SSB0193,1,mean,"[23790, 24548, 36633]",24548,1,-1.0,-2.0,-1.0,1,0,0,0
wavmark,3,16384,55,chinese:SSB0193,1,mean,"[23790, 24548, 36633]",57324,0,-1.0,-1.0,0.0,1,1,0,0
wavmark,3,65536,55,chinese:SSB0193,1,mean,"[23790, 24548, 36633]",24556,0,-1.0,-0.0,1.0,2,1,1,1
wavmark,3,256,55,chinese:SSB0193,1,fwp,"[23790, 24548, 36633]",45049,0,-5.0,-3.0,2.0,12,1,1,1
wavmark,3,1024,55,chinese:SSB0193,1,fwp,"[23790, 24548, 36633]",53183,0,-5.0,-2.0,3.0,40,1,1,1
wavmark,3,4096,55,chinese:SSB0193,1,fwp,"[23790, 24548, 36633]",36862,0,-5.0,-1.0,4.0,158,1,1,1
wavmark,3,16384,55,chinese:SSB0193,1,fwp,"[23790, 24548, 36633]",40959,0,-5.0,-1.0,4.0,664,1,1,1
wavmark,3,65536,55,chinese:SSB0193,1,fwp,"[23790, 24548, 36633]",36863,0,-5.0,-0.0,5.0,2518,1,1,1
wavmark,3,256,56,chinese:SSB0193,2,mean,"[20457, 50792, 65006]",20457,1,-2.0,-2.0,0.0,1,0,0,0
wavmark,3,1024,56,chinese:SSB0193,2,mean,"[20457, 50792, 65006]",53244,0,-2.0,-2.0,0.0,1,1,1,1
wavmark,3,4096,56,chinese:SSB0193,2,mean,"[20457, 50792, 65006]",53192,0,-2.0,-1.0,1.0,2,1,1,1
wavmark,3,16384,56,chinese:SSB0193,2,mean,"[20457, 50792, 65006]",53228,0,-2.0,-1.0,1.0,4,1,1,1
wavmark,3,65536,56,chinese:SSB0193,2,mean,"[20457, 50792, 65006]",53224,0,-2.0,-0.0,2.0,18,1,1,1
wavmark,3,256,56,chinese:SSB0193,2,fwp,"[20457, 50792, 65006]",65006,1,-2.0,-3.0,-1.0,1,0,0,0
wavmark,3,1024,56,chinese:SSB0193,2,fwp,"[20457, 50792, 65006]",65006,1,-2.0,-2.0,0.0,1,0,0,0
wavmark,3,4096,56,chinese:SSB0193,2,fwp,"[20457, 50792, 65006]",61422,0,-2.0,-0.0,2.0,3,1,1,0
wavmark,3,16384,56,chinese:SSB0193,2,fwp,"[20457, 50792, 65006]",61420,0,-2.0,-1.0,1.0,5,1,1,1
wavmark,3,65536,56,chinese:SSB0193,2,fwp,"[20457, 50792, 65006]",61422,0,-2.0,-0.0,2.0,18,1,1,1
wavmark,3,256,57,chinese:SSB0197,0,mean,"[30889, 35554, 63752]",30889,1,-2.0,-3.0,-1.0,1,0,0,0
wavmark,3,1024,57,chinese:SSB0197,0,mean,"[30889, 35554, 63752]",30889,1,-2.0,-3.0,-1.0,1,0,0,0
wavmark,3,4096,57,chinese:SSB0197,0,mean,"[30889, 35554, 63752]",63648,0,-2.0,-1.0,1.0,2,1,1,1
wavmark,3,16384,57,chinese:SSB0197,0,mean,"[30889, 35554, 63752]",64168,0,-2.0,-1.0,1.0,3,1,1,1
wavmark,3,65536,57,chinese:SSB0197,0,mean,"[30889, 35554, 63752]",63656,0,-2.0,-0.0,2.0,18,1,1,1
wavmark,3,256,57,chinese:SSB0197,0,fwp,"[30889, 35554, 63752]",47842,0,-3.0,-3.0,0.0,1,1,0,0
wavmark,3,1024,57,chinese:SSB0197,0,fwp,"[30889, 35554, 63752]",43466,0,-3.0,-2.0,1.0,2,1,1,1
wavmark,3,4096,57,chinese:SSB0197,0,fwp,"[30889, 35554, 63752]",44011,0,-3.0,-1.0,2.0,9,1,1,1
wavmark,3,16384,57,chinese:SSB0197,0,fwp,"[30889, 35554, 63752]",44010,0,-3.0,-0.0,3.0,31,1,1,1
wavmark,3,65536,57,chinese:SSB0197,0,fwp,"[30889, 35554, 63752]",44010,0,-3.0,-0.0,3.0,138,1,1,1
wavmark,3,256,58,chinese:SSB0197,1,mean,"[40091, 62135, 64653]",64653,1,-2.0,-3.0,-1.0,1,0,0,0
wavmark,3,1024,58,chinese:SSB0197,1,mean,"[40091, 62135, 64653]",64653,1,-2.0,-3.0,-1.0,1,0,0,0
wavmark,3,4096,58,chinese:SSB0197,1,mean,"[40091, 62135, 64653]",64735,0,-2.0,-1.0,1.0,4,1,1,1
wavmark,3,16384,58,chinese:SSB0197,1,mean,"[40091, 62135, 64653]",64703,0,-2.0,-1.0,1.0,5,1,1,1
wavmark,3,65536,58,chinese:SSB0197,1,mean,"[40091, 62135, 64653]",64671,0,-2.0,-0.0,2.0,18,1,1,1
wavmark,3,256,58,chinese:SSB0197,1,fwp,"[40091, 62135, 64653]",48958,0,-4.0,-3.0,1.0,4,1,1,0
wavmark,3,1024,58,chinese:SSB0197,1,fwp,"[40091, 62135, 64653]",48702,0,-4.0,-2.0,2.0,7,1,1,1
wavmark,3,4096,58,chinese:SSB0197,1,fwp,"[40091, 62135, 64653]",48799,0,-4.0,-1.0,3.0,35,1,1,1
wavmark,3,16384,58,chinese:SSB0197,1,fwp,"[40091, 62135, 64653]",48799,0,-4.0,-1.0,3.0,160,1,1,1
wavmark,3,65536,58,chinese:SSB0197,1,fwp,"[40091, 62135, 64653]",48831,0,-4.0,-0.0,4.0,698,1,1,1
wavmark,3,256,59,chinese:SSB0197,2,mean,"[21749, 37163, 45118]",45118,1,-2.0,-3.0,-1.0,1,0,0,0
wavmark,3,1024,59,chinese:SSB0197,2,mean,"[21749, 37163, 45118]",49215,0,-2.0,-2.0,0.0,1,1,0,0
wavmark,3,4096,59,chinese:SSB0197,2,mean,"[21749, 37163, 45118]",36895,0,-2.0,-1.0,1.0,2,1,1,0
wavmark,3,16384,59,chinese:SSB0197,2,mean,"[21749, 37163, 45118]",38975,0,-2.0,-1.0,1.0,4,1,1,1
wavmark,3,65536,59,chinese:SSB0197,2,mean,"[21749, 37163, 45118]",36927,0,-2.0,-0.0,2.0,18,1,1,1
wavmark,3,256,59,chinese:SSB0197,2,fwp,"[21749, 37163, 45118]",5605,0,-4.0,-3.0,1.0,2,1,1,1
wavmark,3,1024,59,chinese:SSB0197,2,fwp,"[21749, 37163, 45118]",38293,0,-4.0,-3.0,1.0,7,1,1,1
wavmark,3,4096,59,chinese:SSB0197,2,fwp,"[21749, 37163, 45118]",42487,0,-4.0,-2.0,2.0,45,1,1,1
wavmark,3,16384,59,chinese:SSB0197,2,fwp,"[21749, 37163, 45118]",38391,0,-4.0,-0.0,4.0,192,1,1,1
wavmark,3,65536,59,chinese:SSB0197,2,fwp,"[21749, 37163, 45118]",38391,0,-4.0,-0.0,4.0,698,1,1,1
wavmark,3,256,60,chinese:SSB0200,0,mean,"[22647, 23730, 56788]",57078,0,-2.0,-2.0,0.0,1,1,0,0
wavmark,3,1024,60,chinese:SSB0200,0,mean,"[22647, 23730, 56788]",7414,0,-2.0,-1.0,1.0,2,1,0,0
wavmark,3,4096,60,chinese:SSB0200,0,mean,"[22647, 23730, 56788]",32502,0,-2.0,-2.0,0.0,1,1,1,0
wavmark,3,16384,60,chinese:SSB0200,0,mean,"[22647, 23730, 56788]",56566,0,-2.0,-1.0,1.0,3,1,1,1
wavmark,3,65536,60,chinese:SSB0200,0,mean,"[22647, 23730, 56788]",23798,0,-2.0,-0.0,2.0,18,1,1,1
wavmark,3,256,60,chinese:SSB0200,0,fwp,"[22647, 23730, 56788]",57142,0,-3.0,-3.0,0.0,1,1,1,0
wavmark,3,1024,60,chinese:SSB0200,0,fwp,"[22647, 23730, 56788]",57203,0,-3.0,-2.0,1.0,3,1,1,1
wavmark,3,4096,60,chinese:SSB0200,0,fwp,"[22647, 23730, 56788]",56703,0,-3.0,-1.0,2.0,11,1,1,1
wavmark,3,16384,60,chinese:SSB0200,0,fwp,"[22647, 23730, 56788]",56695,0,-3.0,-0.0,3.0,37,1,1,1
wavmark,3,65536,60,chinese:SSB0200,0,fwp,"[22647, 23730, 56788]",56695,0,-3.0,-0.0,3.0,138,1,1,1
wavmark,3,256,61,chinese:SSB0200,1,mean,"[49696, 51555, 61572]",49696,1,-1.0,-2.0,-1.0,1,0,0,0
wavmark,3,1024,61,chinese:SSB0200,1,mean,"[49696, 51555, 61572]",49696,1,-1.0,-1.0,0.0,1,0,0,0
wavmark,3,4096,61,chinese:SSB0200,1,mean,"[49696, 51555, 61572]",49696,1,-1.0,-2.0,-1.0,1,0,0,0
wavmark,3,16384,61,chinese:SSB0200,1,mean,"[49696, 51555, 61572]",49184,0,-1.0,-0.0,1.0,2,1,0,0
wavmark,3,65536,61,chinese:SSB0200,1,mean,"[49696, 51555, 61572]",49184,0,-1.0,-0.0,1.0,2,1,1,1
wavmark,3,256,61,chinese:SSB0200,1,fwp,"[49696, 51555, 61572]",64870,0,-4.0,-3.0,1.0,4,1,1,1
wavmark,3,1024,61,chinese:SSB0200,1,fwp,"[49696, 51555, 61572]",64995,0,-4.0,-2.0,2.0,9,1,1,1
wavmark,3,4096,61,chinese:SSB0200,1,fwp,"[49696, 51555, 61572]",64999,0,-4.0,-1.0,3.0,58,1,1,1
wavmark,3,16384,61,chinese:SSB0200,1,fwp,"[49696, 51555, 61572]",63983,0,-4.0,-1.0,3.0,186,1,1,1
wavmark,3,65536,61,chinese:SSB0200,1,fwp,"[49696, 51555, 61572]",63975,0,-4.0,-0.0,4.0,698,1,1,1
wavmark,3,256,62,chinese:SSB0200,2,mean,"[22892, 38133, 56565]",56565,1,-0.0,-2.0,-2.0,1,0,0,0
wavmark,3,1024,62,chinese:SSB0200,2,mean,"[22892, 38133, 56565]",56565,1,-0.0,-2.0,-2.0,1,0,0,0
wavmark,3,4096,62,chinese:SSB0200,2,mean,"[22892, 38133, 56565]",56565,1,-0.0,-1.0,-1.0,1,0,0,0
wavmark,3,16384,62,chinese:SSB0200,2,mean,"[22892, 38133, 56565]",56565,1,-0.0,-1.0,-1.0,1,0,0,0
wavmark,3,65536,62,chinese:SSB0200,2,mean,"[22892, 38133, 56565]",56565,1,-0.0,-1.0,-1.0,1,0,0,0
wavmark,3,256,62,chinese:SSB0200,2,fwp,"[22892, 38133, 56565]",40392,0,-4.0,-3.0,1.0,4,1,1,0
wavmark,3,1024,62,chinese:SSB0200,2,fwp,"[22892, 38133, 56565]",40381,0,-4.0,-2.0,2.0,10,1,1,1
wavmark,3,4096,62,chinese:SSB0200,2,fwp,"[22892, 38133, 56565]",40445,0,-4.0,-1.0,3.0,41,1,1,1
wavmark,3,16384,62,chinese:SSB0200,2,fwp,"[22892, 38133, 56565]",40436,0,-4.0,-1.0,3.0,188,1,1,1
wavmark,3,65536,62,chinese:SSB0200,2,fwp,"[22892, 38133, 56565]",40444,0,-4.0,-0.0,4.0,698,1,1,1
wavmark,3,256,63,chinese:SSB0241,0,mean,"[6431, 19377, 39194]",14619,0,-1.0,-1.0,0.0,1,1,0,0
wavmark,3,1024,63,chinese:SSB0241,0,mean,"[6431, 19377, 39194]",6431,1,-1.0,-2.0,-1.0,1,0,0,0
wavmark,3,4096,63,chinese:SSB0241,0,mean,"[6431, 19377, 39194]",6431,1,-1.0,-1.0,0.0,1,0,0,0
wavmark,3,16384,63,chinese:SSB0241,0,mean,"[6431, 19377, 39194]",14619,0,-1.0,-1.0,0.0,1,1,1,0
wavmark,3,65536,63,chinese:SSB0241,0,mean,"[6431, 19377, 39194]",6427,0,-1.0,-0.0,1.0,2,1,1,1
wavmark,3,256,63,chinese:SSB0241,0,fwp,"[6431, 19377, 39194]",39323,0,-3.0,-1.0,2.0,4,1,1,1
wavmark,3,1024,63,chinese:SSB0241,0,fwp,"[6431, 19377, 39194]",55467,0,-3.0,-3.0,0.0,1,1,1,1
wavmark,3,4096,63,chinese:SSB0241,0,fwp,"[6431, 19377, 39194]",39347,0,-3.0,-1.0,2.0,9,1,1,1
wavmark,3,16384,63,chinese:SSB0241,0,fwp,"[6431, 19377, 39194]",39359,0,-3.0,-1.0,2.0,37,1,1,1
wavmark,3,65536,63,chinese:SSB0241,0,fwp,"[6431, 19377, 39194]",39355,0,-3.0,-0.0,3.0,138,1,1,1
wavmark,3,256,64,chinese:SSB0241,1,mean,"[15447, 45475, 51322]",39153,0,-4.0,-3.0,1.0,2,1,1,1
wavmark,3,1024,64,chinese:SSB0241,1,mean,"[15447, 45475, 51322]",48243,0,-4.0,-1.0,3.0,12,1,1,1
wavmark,3,4096,64,chinese:SSB0241,1,mean,"[15447, 45475, 51322]",48755,0,-4.0,-2.0,2.0,42,1,1,1
wavmark,3,16384,64,chinese:SSB0241,1,mean,"[15447, 45475, 51322]",47219,0,-4.0,-0.0,4.0,166,1,1,1
wavmark,3,65536,64,chinese:SSB0241,1,mean,"[15447, 45475, 51322]",47219,0,-4.0,-0.0,4.0,698,1,1,1
wavmark,3,256,64,chinese:SSB0241,1,fwp,"[15447, 45475, 51322]",59771,0,-5.0,-2.0,3.0,12,1,1,1
wavmark,3,1024,64,chinese:SSB0241,1,fwp,"[15447, 45475, 51322]",11259,0,-5.0,-2.0,3.0,34,1,1,1
wavmark,3,4096,64,chinese:SSB0241,1,fwp,"[15447, 45475, 51322]",43519,0,-5.0,-1.0,4.0,156,1,1,1
wavmark,3,16384,64,chinese:SSB0241,1,fwp,"[15447, 45475, 51322]",44027,0,-5.0,-1.0,4.0,617,1,1,1
wavmark,3,65536,64,chinese:SSB0241,1,fwp,"[15447, 45475, 51322]",43515,0,-5.0,-0.0,5.0,2518,1,1,1
wavmark,3,256,65,chinese:SSB0241,2,mean,"[4311, 47357, 55471]",47357,1,-2.0,-3.0,-1.0,1,0,0,0
wavmark,3,1024,65,chinese:SSB0241,2,mean,"[4311, 47357, 55471]",55807,0,-2.0,-2.0,0.0,1,1,0,0
wavmark,3,4096,65,chinese:SSB0241,2,mean,"[4311, 47357, 55471]",63743,0,-2.0,-2.0,0.0,1,1,0,0
wavmark,3,16384,65,chinese:SSB0241,2,mean,"[4311, 47357, 55471]",39163,0,-2.0,-1.0,1.0,5,1,1,1
wavmark,3,65536,65,chinese:SSB0241,2,mean,"[4311, 47357, 55471]",39167,0,-2.0,-0.0,2.0,18,1,1,1
wavmark,3,256,65,chinese:SSB0241,2,fwp,"[4311, 47357, 55471]",39153,0,-3.0,-2.0,1.0,2,1,0,0
wavmark,3,1024,65,chinese:SSB0241,2,fwp,"[4311, 47357, 55471]",55511,0,-3.0,-2.0,1.0,2,1,1,1
wavmark,3,4096,65,chinese:SSB0241,2,fwp,"[4311, 47357, 55471]",47223,0,-3.0,-2.0,1.0,12,1,1,1
wavmark,3,16384,65,chinese:SSB0241,2,fwp,"[4311, 47357, 55471]",40183,0,-3.0,-1.0,2.0,25,1,1,1
wavmark,3,65536,65,chinese:SSB0241,2,fwp,"[4311, 47357, 55471]",39159,0,-3.0,-0.0,3.0,138,1,1,1
wavmark,3,256,66,chinese:SSB0246,0,mean,"[35090, 46943, 50872]",44830,0,-4.0,-3.0,1.0,3,1,1,1
wavmark,3,1024,66,chinese:SSB0246,0,mean,"[35090, 46943, 50872]",40731,0,-4.0,-3.0,1.0,6,1,1,1
wavmark,3,4096,66,chinese:SSB0246,0,mean,"[35090, 46943, 50872]",33562,0,-4.0,-1.0,3.0,43,1,1,1
wavmark,3,16384,66,chinese:SSB0246,0,mean,"[35090, 46943, 50872]",34586,0,-4.0,-0.0,4.0,170,1,1,1
wavmark,3,65536,66,chinese:SSB0246,0,mean,"[35090, 46943, 50872]",34586,0,-4.0,-0.0,4.0,698,1,1,1
wavmark,3,256,66,chinese:SSB0246,0,fwp,"[35090, 46943, 50872]",46943,1,-3.0,-3.0,0.0,1,0,0,0
wavmark,3,1024,66,chinese:SSB0246,0,fwp,"[35090, 46943, 50872]",59358,0,-3.0,-3.0,0.0,1,1,1,1
wavmark,3,4096,66,chinese:SSB0246,0,fwp,"[35090, 46943, 50872]",42975,0,-3.0,-1.0,2.0,17,1,1,1
wavmark,3,16384,66,chinese:SSB0246,0,fwp,"[35090, 46943, 50872]",42999,0,-3.0,-1.0,2.0,28,1,1,1
wavmark,3,65536,66,chinese:SSB0246,0,fwp,"[35090, 46943, 50872]",43007,0,-3.0,-0.0,3.0,138,1,1,1
wavmark,3,256,67,chinese:SSB0246,1,mean,"[17804, 20521, 28829]",28829,1,-1.0,-2.0,-1.0,1,0,0,0
wavmark,3,1024,67,chinese:SSB0246,1,mean,"[17804, 20521, 28829]",28829,1,-1.0,-2.0,-1.0,1,0,0,0
wavmark,3,4096,67,chinese:SSB0246,1,mean,"[17804, 20521, 28829]",28829,1,-1.0,-2.0,-1.0,1,0,0,0
wavmark,3,16384,67,chinese:SSB0246,1,mean,"[17804, 20521, 28829]",29117,0,-1.0,-1.0,0.0,1,1,1,0
wavmark,3,65536,67,chinese:SSB0246,1,mean,"[17804, 20521, 28829]",28861,0,-1.0,-0.0,1.0,2,1,1,1
wavmark,3,256,67,chinese:SSB0246,1,fwp,"[17804, 20521, 28829]",32172,0,-2.0,-2.0,0.0,1,1,0,0
wavmark,3,1024,67,chinese:SSB0246,1,fwp,"[17804, 20521, 28829]",17804,1,-2.0,-3.0,-1.0,1,0,0,0
wavmark,3,4096,67,chinese:SSB0246,1,fwp,"[17804, 20521, 28829]",54572,0,-2.0,-2.0,0.0,1,1,1,1
wavmark,3,16384,67,chinese:SSB0246,1,fwp,"[17804, 20521, 28829]",21996,0,-2.0,-1.0,1.0,5,1,1,1
wavmark,3,65536,67,chinese:SSB0246,1,fwp,"[17804, 20521, 28829]",21932,0,-2.0,-0.0,2.0,18,1,1,1
wavmark,3,256,68,chinese:SSB0246,2,mean,"[1645, 9271, 16545]",9271,1,-2.0,-3.0,-1.0,1,0,0,0
wavmark,3,1024,68,chinese:SSB0246,2,mean,"[1645, 9271, 16545]",1085,0,-2.0,-1.0,1.0,2,1,0,0
wavmark,3,4096,68,chinese:SSB0246,2,mean,"[1645, 9271, 16545]",1085,0,-2.0,-1.0,1.0,2,1,1,0
wavmark,3,16384,68,chinese:SSB0246,2,mean,"[1645, 9271, 16545]",9269,0,-2.0,-1.0,1.0,5,1,1,1
wavmark,3,65536,68,chinese:SSB0246,2,mean,"[1645, 9271, 16545]",1077,0,-2.0,-0.0,2.0,18,1,1,1
wavmark,3,256,68,chinese:SSB0246,2,fwp,"[1645, 9271, 16545]",9271,1,-1.0,-3.0,-2.0,1,0,0,0
wavmark,3,1024,68,chinese:SSB0246,2,fwp,"[1645, 9271, 16545]",9271,1,-1.0,-2.0,-1.0,1,0,0,0
wavmark,3,4096,68,chinese:SSB0246,2,fwp,"[1645, 9271, 16545]",9398,0,-1.0,-1.0,0.0,1,1,0,0
wavmark,3,16384,68,chinese:SSB0246,2,fwp,"[1645, 9271, 16545]",25783,0,-1.0,-1.0,0.0,1,1,0,0
wavmark,3,65536,68,chinese:SSB0246,2,fwp,"[1645, 9271, 16545]",9399,0,-1.0,-0.0,1.0,2,1,1,1
wavmark,3,256,69,chinese:SSB0261,0,mean,"[1861, 55192, 65087]",65087,1,-4.0,-4.0,0.0,1,0,0,0
wavmark,3,1024,69,chinese:SSB0261,0,mean,"[1861, 55192, 65087]",24333,0,-4.0,-2.0,2.0,14,1,1,1
wavmark,3,4096,69,chinese:SSB0261,0,mean,"[1861, 55192, 65087]",65309,0,-4.0,-1.0,3.0,44,1,1,1
wavmark,3,16384,69,chinese:SSB0261,0,mean,"[1861, 55192, 65087]",57117,0,-4.0,-0.0,4.0,184,1,1,1
wavmark,3,65536,69,chinese:SSB0261,0,mean,"[1861, 55192, 65087]",57117,0,-4.0,-0.0,4.0,698,1,1,1
wavmark,3,256,69,chinese:SSB0261,0,fwp,"[1861, 55192, 65087]",43901,0,-4.0,-2.0,2.0,5,1,1,0
wavmark,3,1024,69,chinese:SSB0261,0,fwp,"[1861, 55192, 65087]",44926,0,-4.0,-1.0,3.0,14,1,1,1
wavmark,3,4096,69,chinese:SSB0261,0,fwp,"[1861, 55192, 65087]",48991,0,-4.0,-2.0,2.0,43,1,1,1
wavmark,3,16384,69,chinese:SSB0261,0,fwp,"[1861, 55192, 65087]",44919,0,-4.0,-1.0,3.0,136,1,1,1
wavmark,3,65536,69,chinese:SSB0261,0,fwp,"[1861, 55192, 65087]",44927,0,-4.0,-0.0,4.0,698,1,1,1
wavmark,3,256,70,chinese:SSB0261,1,mean,"[30257, 57338, 57426]",46970,0,-4.0,-3.0,1.0,2,1,1,0
wavmark,3,1024,70,chinese:SSB0261,1,mean,"[30257, 57338, 57426]",63347,0,-4.0,-2.0,2.0,9,1,1,1
wavmark,3,4096,70,chinese:SSB0261,1,mean,"[30257, 57338, 57426]",65106,0,-4.0,-2.0,2.0,43,1,1,1
wavmark,3,16384,70,chinese:SSB0261,1,mean,"[30257, 57338, 57426]",63218,0,-4.0,-1.0,3.0,170,1,1,1
wavmark,3,65536,70,chinese:SSB0261,1,mean,"[30257, 57338, 57426]",63090,0,-4.0,-0.0,4.0,698,1,1,1
wavmark,3,256,70,chinese:SSB0261,1,fwp,"[30257, 57338, 57426]",57338,1,-2.0,-3.0,-1.0,1,0,0,0
wavmark,3,1024,70,chinese:SSB0261,1,fwp,"[30257, 57338, 57426]",60410,0,-2.0,-1.0,1.0,2,1,0,0
wavmark,3,4096,70,chinese:SSB0261,1,fwp,"[30257, 57338, 57426]",65466,0,-2.0,-2.0,0.0,1,1,1,0
wavmark,3,16384,70,chinese:SSB0261,1,fwp,"[30257, 57338, 57426]",61438,0,-2.0,-1.0,1.0,5,1,1,1
wavmark,3,65536,70,chinese:SSB0261,1,fwp,"[30257, 57338, 57426]",61434,0,-2.0,-0.0,2.0,18,1,1,1
wavmark,3,256,71,chinese:SSB0261,2,mean,"[36386, 43162, 56571]",52658,0,-3.0,-3.0,0.0,1,1,0,0
wavmark,3,1024,71,chinese:SSB0261,2,mean,"[36386, 43162, 56571]",36286,0,-3.0,-2.0,1.0,3,1,1,1
wavmark,3,4096,71,chinese:SSB0261,2,mean,"[36386, 43162, 56571]",44222,0,-3.0,-2.0,1.0,6,1,1,1
wavmark,3,16384,71,chinese:SSB0261,2,mean,"[36386, 43162, 56571]",40122,0,-3.0,-1.0,2.0,41,1,1,1
wavmark,3,65536,71,chinese:SSB0261,2,mean,"[36386, 43162, 56571]",36026,0,-3.0,-0.0,3.0,138,1,1,1
wavmark,3,256,71,chinese:SSB0261,2,fwp,"[36386, 43162, 56571]",1787,0,-3.0,-2.0,1.0,2,1,0,0
wavmark,3,1024,71,chinese:SSB0261,2,fwp,"[36386, 43162, 56571]",56571,1,-3.0,-3.0,0.0,1,0,0,0
wavmark,3,4096,71,chinese:SSB0261,2,fwp,"[36386, 43162, 56571]",36539,0,-3.0,-1.0,2.0,7,1,1,1
wavmark,3,16384,71,chinese:SSB0261,2,fwp,"[36386, 43162, 56571]",36603,0,-3.0,-0.0,3.0,39,1,1,1
wavmark,3,65536,71,chinese:SSB0261,2,fwp,"[36386, 43162, 56571]",36603,0,-3.0,-0.0,3.0,138,1,1,1
wavmark,3,256,72,chinese:SSB0267,0,mean,"[10924, 29134, 64119]",31420,0,-4.0,-2.0,2.0,6,1,1,1
wavmark,3,1024,72,chinese:SSB0267,0,mean,"[10924, 29134, 64119]",31998,0,-4.0,-2.0,2.0,16,1,1,1
wavmark,3,4096,72,chinese:SSB0267,0,mean,"[10924, 29134, 64119]",64222,0,-4.0,-2.0,2.0,38,1,1,1
wavmark,3,16384,72,chinese:SSB0267,0,mean,"[10924, 29134, 64119]",31486,0,-4.0,-0.0,4.0,178,1,1,1
wavmark,3,65536,72,chinese:SSB0267,0,mean,"[10924, 29134, 64119]",31486,0,-4.0,-0.0,4.0,698,1,1,1
wavmark,3,256,72,chinese:SSB0267,0,fwp,"[10924, 29134, 64119]",48383,0,-4.0,-3.0,1.0,5,1,1,0
wavmark,3,1024,72,chinese:SSB0267,0,fwp,"[10924, 29134, 64119]",35581,0,-4.0,-2.0,2.0,6,1,1,1
wavmark,3,4096,72,chinese:SSB0267,0,fwp,"[10924, 29134, 64119]",60159,0,-4.0,-1.0,3.0,46,1,1,1
wavmark,3,16384,72,chinese:SSB0267,0,fwp,"[10924, 29134, 64119]",47871,0,-4.0,-1.0,3.0,161,1,1,1
wavmark,3,65536,72,chinese:SSB0267,0,fwp,"[10924, 29134, 64119]",43775,0,-4.0,-0.0,4.0,698,1,1,1
wavmark,3,256,73,chinese:SSB0267,1,mean,"[1920, 9684, 44563]",1920,1,-2.0,-3.0,-1.0,1,0,0,0
wavmark,3,1024,73,chinese:SSB0267,1,mean,"[1920, 9684, 44563]",10224,0,-2.0,-2.0,0.0,1,1,1,0
wavmark,3,4096,73,chinese:SSB0267,1,mean,"[1920, 9684, 44563]",9872,0,-2.0,-1.0,1.0,2,1,1,1
wavmark,3,16384,73,chinese:SSB0267,1,mean,"[1920, 9684, 44563]",10128,0,-2.0,-0.0,2.0,5,1,1,1
wavmark,3,65536,73,chinese:SSB0267,1,mean,"[1920, 9684, 44563]",10128,0,-2.0,-0.0,2.0,18,1,1,1
wavmark,3,256,73,chinese:SSB0267,1,fwp,"[1920, 9684, 44563]",44563,1,-3.0,-4.0,-1.0,1,0,0,0
wavmark,3,1024,73,chinese:SSB0267,1,fwp,"[1920, 9684, 44563]",36743,0,-3.0,-2.0,1.0,2,1,1,0
wavmark,3,4096,73,chinese:SSB0267,1,fwp,"[1920, 9684, 44563]",44439,0,-3.0,-1.0,2.0,11,1,1,1
wavmark,3,16384,73,chinese:SSB0267,1,fwp,"[1920, 9684, 44563]",49047,0,-3.0,-1.0,2.0,33,1,1,1
wavmark,3,65536,73,chinese:SSB0267,1,fwp,"[1920, 9684, 44563]",44951,0,-3.0,-0.0,3.0,138,1,1,1
wavmark,3,256,74,chinese:SSB0267,2,mean,"[8461, 10311, 43336]",8461,1,-2.0,-3.0,-1.0,1,0,0,0
wavmark,3,1024,74,chinese:SSB0267,2,mean,"[8461, 10311, 43336]",10637,0,-2.0,-2.0,0.0,1,1,0,0
wavmark,3,4096,74,chinese:SSB0267,2,mean,"[8461, 10311, 43336]",10605,0,-2.0,-1.0,1.0,4,1,1,1
wavmark,3,16384,74,chinese:SSB0267,2,mean,"[8461, 10311, 43336]",26957,0,-2.0,-1.0,1.0,4,1,1,1
wavmark,3,65536,74,chinese:SSB0267,2,mean,"[8461, 10311, 43336]",10573,0,-2.0,-0.0,2.0,18,1,1,1
wavmark,3,256,74,chinese:SSB0267,2,fwp,"[8461, 10311, 43336]",41039,0,-3.0,-2.0,1.0,2,1,0,0
wavmark,3,1024,74,chinese:SSB0267,2,fwp,"[8461, 10311, 43336]",60235,0,-3.0,-3.0,0.0,1,1,1,0
wavmark,3,4096,74,chinese:SSB0267,2,fwp,"[8461, 10311, 43336]",43087,0,-3.0,-1.0,2.0,12,1,1,1
wavmark,3,16384,74,chinese:SSB0267,2,fwp,"[8461, 10311, 43336]",44367,0,-3.0,-1.0,2.0,39,1,1,1
wavmark,3,65536,74,chinese:SSB0267,2,fwp,"[8461, 10311, 43336]",43343,0,-3.0,-0.0,3.0,138,1,1,1
wavmark,3,256,75,chinese:SSB0273,0,mean,"[7189, 38534, 50428]",38534,1,-3.0,-3.0,0.0,1,0,0,0
wavmark,3,1024,75,chinese:SSB0273,0,mean,"[7189, 38534, 50428]",38550,0,-3.0,-2.0,1.0,3,1,1,1
wavmark,3,4096,75,chinese:SSB0273,0,mean,"[7189, 38534, 50428]",40596,0,-3.0,-2.0,1.0,8,1,1,1
wavmark,3,16384,75,chinese:SSB0273,0,mean,"[7189, 38534, 50428]",38036,0,-3.0,-0.0,3.0,38,1,1,1
wavmark,3,65536,75,chinese:SSB0273,0,mean,"[7189, 38534, 50428]",38036,0,-3.0,-0.0,3.0,138,1,1,1
wavmark,3,256,75,chinese:SSB0273,0,fwp,"[7189, 38534, 50428]",56063,0,-4.0,-4.0,0.0,1,1,0,0
wavmark,3,1024,75,chinese:SSB0273,0,fwp,"[7189, 38534, 50428]",40703,0,-4.0,-2.0,2.0,7,1,1,1
wavmark,3,4096,75,chinese:SSB0273,0,fwp,"[7189, 38534, 50428]",40188,0,-4.0,-1.0,3.0,39,1,1,1
wavmark,3,16384,75,chinese:SSB0273,0,fwp,"[7189, 38534, 50428]",40189,0,-4.0,-0.0,4.0,169,1,1,1
wavmark,3,65536,75,chinese:SSB0273,0,fwp,"[7189, 38534, 50428]",40189,0,-4.0,-0.0,4.0,698,1,1,1
wavmark,3,256,76,chinese:SSB0273,1,mean,"[2740, 47794, 54098]",47794,1,-1.0,-3.0,-2.0,1,0,0,0
wavmark,3,1024,76,chinese:SSB0273,1,mean,"[2740, 47794, 54098]",47794,1,-1.0,-1.0,0.0,1,0,0,0
wavmark,3,4096,76,chinese:SSB0273,1,mean,"[2740, 47794, 54098]",47794,1,-1.0,-2.0,-1.0,1,0,0,0
wavmark,3,16384,76,chinese:SSB0273,1,mean,"[2740, 47794, 54098]",39602,0,-1.0,-0.0,1.0,2,1,0,0
wavmark,3,65536,76,chinese:SSB0273,1,mean,"[2740, 47794, 54098]",39602,0,-1.0,-0.0,1.0,2,1,0,0
wavmark,3,256,76,chinese:SSB0273,1,fwp,"[2740, 47794, 54098]",40958,0,-4.0,-3.0,1.0,6,1,1,1
wavmark,3,1024,76,chinese:SSB0273,1,fwp,"[2740, 47794, 54098]",52208,0,-4.0,-3.0,1.0,9,1,1,1
wavmark,3,4096,76,chinese:SSB0273,1,fwp,"[2740, 47794, 54098]",35828,0,-4.0,-1.0,3.0,60,1,1,1
wavmark,3,16384,76,chinese:SSB0273,1,fwp,"[2740, 47794, 54098]",35830,0,-4.0,-0.0,4.0,188,1,1,1
wavmark,3,65536,76,chinese:SSB0273,1,fwp,"[2740, 47794, 54098]",35830,0,-4.0,-0.0,4.0,698,1,1,1
wavmark,3,256,77,chinese:SSB0273,2,mean,"[18997, 39045, 55758]",39045,1,-2.0,-3.0,-1.0,1,0,0,0
wavmark,3,1024,77,chinese:SSB0273,2,mean,"[18997, 39045, 55758]",56341,0,-2.0,-2.0,0.0,1,1,0,0
wavmark,3,4096,77,chinese:SSB0273,2,mean,"[18997, 39045, 55758]",55445,0,-2.0,-0.0,2.0,2,1,1,1
wavmark,3,16384,77,chinese:SSB0273,2,mean,"[18997, 39045, 55758]",55477,0,-2.0,-1.0,1.0,5,1,1,1
wavmark,3,65536,77,chinese:SSB0273,2,mean,"[18997, 39045, 55758]",55445,0,-2.0,-0.0,2.0,18,1,1,1
wavmark,3,256,77,chinese:SSB0273,2,fwp,"[18997, 39045, 55758]",52061,0,-5.0,-3.0,2.0,11,1,1,1
wavmark,3,1024,77,chinese:SSB0273,2,fwp,"[18997, 39045, 55758]",35831,0,-5.0,-2.0,3.0,40,1,1,1
wavmark,3,4096,77,chinese:SSB0273,2,fwp,"[18997, 39045, 55758]",61439,0,-5.0,-2.0,3.0,143,1,1,1
wavmark,3,16384,77,chinese:SSB0273,2,fwp,"[18997, 39045, 55758]",52222,0,-5.0,-1.0,4.0,620,1,1,1
wavmark,3,65536,77,chinese:SSB0273,2,fwp,"[18997, 39045, 55758]",52223,0,-5.0,-0.0,5.0,2518,1,1,1
wavmark,3,256,78,chinese:SSB0287,0,mean,"[12367, 30784, 62113]",30784,1,-2.0,-3.0,-1.0,1,0,0,0
wavmark,3,1024,78,chinese:SSB0287,0,mean,"[12367, 30784, 62113]",61513,0,-2.0,-2.0,0.0,1,1,0,0
wavmark,3,4096,78,chinese:SSB0287,0,mean,"[12367, 30784, 62113]",28993,0,-2.0,-1.0,1.0,3,1,1,0
wavmark,3,16384,78,chinese:SSB0287,0,mean,"[12367, 30784, 62113]",28769,0,-2.0,-1.0,1.0,3,1,1,1
wavmark,3,65536,78,chinese:SSB0287,0,mean,"[12367, 30784, 62113]",28737,0,-2.0,-0.0,2.0,18,1,1,1
wavmark,3,256,78,chinese:SSB0287,0,fwp,"[12367, 30784, 62113]",53998,0,-4.0,-2.0,2.0,3,1,0,0
wavmark,3,1024,78,chinese:SSB0287,0,fwp,"[12367, 30784, 62113]",62095,0,-4.0,-2.0,2.0,10,1,1,1
wavmark,3,4096,78,chinese:SSB0287,0,fwp,"[12367, 30784, 62113]",64235,0,-4.0,-2.0,2.0,48,1,1,1
wavmark,3,16384,78,chinese:SSB0287,0,fwp,"[12367, 30784, 62113]",62191,0,-4.0,-0.0,4.0,179,1,1,1
wavmark,3,65536,78,chinese:SSB0287,0,fwp,"[12367, 30784, 62113]",62191,0,-4.0,-0.0,4.0,698,1,1,1
wavmark,3,256,79,chinese:SSB0287,1,mean,"[38846, 40686, 49120]",40686,1,-1.0,-2.0,-1.0,1,0,0,0
wavmark,3,1024,79,chinese:SSB0287,1,mean,"[38846, 40686, 49120]",40934,0,-1.0,-1.0,0.0,1,1,0,0
wavmark,3,4096,79,chinese:SSB0287,1,mean,"[38846, 40686, 49120]",40943,0,-1.0,-1.0,0.0,1,1,0,0
wavmark,3,16384,79,chinese:SSB0287,1,mean,"[38846, 40686, 49120]",40942,0,-1.0,-0.0,1.0,2,1,1,0
wavmark,3,65536,79,chinese:SSB0287,1,mean,"[38846, 40686, 49120]",40942,0,-1.0,-0.0,1.0,2,1,1,1
wavmark,3,256,79,chinese:SSB0287,1,fwp,"[38846, 40686, 49120]",49131,0,-3.0,-3.0,0.0,1,1,0,0
wavmark,3,1024,79,chinese:SSB0287,1,fwp,"[38846, 40686, 49120]",49147,0,-3.0,-2.0,1.0,3,1,1,1
wavmark,3,4096,79,chinese:SSB0287,1,fwp,"[38846, 40686, 49120]",65535,0,-3.0,-2.0,1.0,7,1,1,1
wavmark,3,16384,79,chinese:SSB0287,1,fwp,"[38846, 40686, 49120]",49142,0,-3.0,-1.0,2.0,37,1,1,1
wavmark,3,65536,79,chinese:SSB0287,1,fwp,"[38846, 40686, 49120]",49150,0,-3.0,-0.0,3.0,138,1,1,1
wavmark,3,256,80,chinese:SSB0287,2,mean,"[17514, 23059, 37390]",29198,0,-3.0,-3.0,0.0,1,1,0,0
wavmark,3,1024,80,chinese:SSB0287,2,mean,"[17514, 23059, 37390]",4634,0,-3.0,-1.0,2.0,5,1,1,1
wavmark,3,4096,80,chinese:SSB0287,2,mean,"[17514, 23059, 37390]",21022,0,-3.0,-1.0,2.0,7,1,1,1
wavmark,3,16384,80,chinese:SSB0287,2,mean,"[17514, 23059, 37390]",53786,0,-3.0,-1.0,2.0,34,1,1,1
wavmark,3,65536,80,chinese:SSB0287,2,mean,"[17514, 23059, 37390]",21018,0,-3.0,-0.0,3.0,138,1,1,1
wavmark,3,256,80,chinese:SSB0287,2,fwp,"[17514, 23059, 37390]",38703,0,-3.0,-3.0,0.0,1,1,0,0
wavmark,3,1024,80,chinese:SSB0287,2,fwp,"[17514, 23059, 37390]",46718,0,-3.0,-2.0,1.0,7,1,1,1
wavmark,3,4096,80,chinese:SSB0287,2,fwp,"[17514, 23059, 37390]",46694,0,-3.0,-2.0,1.0,9,1,1,1
wavmark,3,16384,80,chinese:SSB0287,2,fwp,"[17514, 23059, 37390]",54894,0,-3.0,-1.0,2.0,39,1,1,1
wavmark,3,65536,80,chinese:SSB0287,2,fwp,"[17514, 23059, 37390]",38510,0,-3.0,-0.0,3.0,138,1,1,1
wavmark,3,256,81,chinese:SSB0288,0,mean,"[22832, 25165, 52268]",52268,1,-3.0,-3.0,0.0,1,0,0,0
wavmark,3,1024,81,chinese:SSB0288,0,mean,"[22832, 25165, 52268]",18620,0,-3.0,-1.0,2.0,2,1,0,0
wavmark,3,4096,81,chinese:SSB0288,0,mean,"[22832, 25165, 52268]",18494,0,-3.0,-1.0,2.0,11,1,1,1
wavmark,3,16384,81,chinese:SSB0288,0,mean,"[22832, 25165, 52268]",18748,0,-3.0,-1.0,2.0,30,1,1,1
wavmark,3,65536,81,chinese:SSB0288,0,mean,"[22832, 25165, 52268]",18492,0,-3.0,-0.0,3.0,138,1,1,1
wavmark,3,256,81,chinese:SSB0288,0,fwp,"[22832, 25165, 52268]",27261,0,-5.0,-2.0,3.0,12,1,1,1
wavmark,3,1024,81,chinese:SSB0288,0,fwp,"[22832, 25165, 52268]",63869,0,-5.0,-2.0,3.0,50,1,1,1
wavmark,3,4096,81,chinese:SSB0288,0,fwp,"[22832, 25165, 52268]",64509,0,-5.0,-2.0,3.0,172,1,1,1
wavmark,3,16384,81,chinese:SSB0288,0,fwp,"[22832, 25165, 52268]",31615,0,-5.0,-1.0,4.0,662,1,1,1
wavmark,3,65536,81,chinese:SSB0288,0,fwp,"[22832, 25165, 52268]",31613,0,-5.0,-0.0,5.0,2518,1,1,1
wavmark,3,256,82,chinese:SSB0288,1,mean,"[13365, 39429, 46873]",65045,0,-3.0,-2.0,1.0,2,1,0,0
wavmark,3,1024,82,chinese:SSB0288,1,mean,"[13365, 39429, 46873]",63124,0,-3.0,-3.0,0.0,1,1,0,0
wavmark,3,4096,82,chinese:SSB0288,1,mean,"[13365, 39429, 46873]",46653,0,-3.0,-2.0,1.0,4,1,1,1
wavmark,3,16384,82,chinese:SSB0288,1,mean,"[13365, 39429, 46873]",48661,0,-3.0,-1.0,2.0,36,1,1,1
wavmark,3,65536,82,chinese:SSB0288,1,mean,"[13365, 39429, 46873]",46613,0,-3.0,-0.0,3.0,138,1,1,1
wavmark,3,256,82,chinese:SSB0288,1,fwp,"[13365, 39429, 46873]",47897,0,-2.0,-2.0,0.0,1,1,0,0
wavmark,3,1024,82,chinese:SSB0288,1,fwp,"[13365, 39429, 46873]",46873,1,-2.0,-3.0,-1.0,1,0,0,0
wavmark,3,4096,82,chinese:SSB0288,1,fwp,"[13365, 39429, 46873]",65437,0,-2.0,-2.0,0.0,1,1,1,1
wavmark,3,16384,82,chinese:SSB0288,1,fwp,"[13365, 39429, 46873]",48927,0,-2.0,-1.0,1.0,3,1,1,1
wavmark,3,65536,82,chinese:SSB0288,1,fwp,"[13365, 39429, 46873]",48925,0,-2.0,-0.0,2.0,18,1,1,1
wavmark,3,256,83,chinese:SSB0288,2,mean,"[14342, 21903, 60245]",48407,0,-4.0,-3.0,1.0,6,1,1,1
wavmark,3,1024,83,chinese:SSB0288,2,mean,"[14342, 21903, 60245]",55575,0,-4.0,-2.0,2.0,12,1,1,1
wavmark,3,4096,83,chinese:SSB0288,2,mean,"[14342, 21903, 60245]",30743,0,-4.0,-1.0,3.0,41,1,1,1
wavmark,3,16384,83,chinese:SSB0288,2,mean,"[14342, 21903, 60245]",31511,0,-4.0,-1.0,3.0,171,1,1,1
wavmark,3,65536,83,chinese:SSB0288,2,mean,"[14342, 21903, 60245]",30999,0,-4.0,-0.0,4.0,698,1,1,1
wavmark,3,256,83,chinese:SSB0288,2,fwp,"[14342, 21903, 60245]",61383,0,-5.0,-3.0,2.0,12,1,1,1
wavmark,3,1024,83,chinese:SSB0288,2,fwp,"[14342, 21903, 60245]",61239,0,-5.0,-3.0,2.0,36,1,1,1
wavmark,3,4096,83,chinese:SSB0288,2,fwp,"[14342, 21903, 60245]",61342,0,-5.0,-1.0,4.0,172,1,1,1
wavmark,3,16384,83,chinese:SSB0288,2,fwp,"[14342, 21903, 60245]",61343,0,-5.0,-0.0,5.0,626,1,1,1
wavmark,3,65536,83,chinese:SSB0288,2,fwp,"[14342, 21903, 60245]",61343,0,-5.0,-0.0,5.0,2518,1,1,1
wavmark,3,256,84,chinese:SSB0299,0,mean,"[8141, 26451, 49346]",26451,1,-2.0,-3.0,-1.0,1,0,0,0
wavmark,3,1024,84,chinese:SSB0299,0,mean,"[8141, 26451, 49346]",26451,1,-2.0,-2.0,0.0,1,0,0,0
wavmark,3,4096,84,chinese:SSB0299,0,mean,"[8141, 26451, 49346]",18371,0,-2.0,-1.0,1.0,2,1,0,0
wavmark,3,16384,84,chinese:SSB0299,0,mean,"[8141, 26451, 49346]",51155,0,-2.0,-1.0,1.0,2,1,1,1
wavmark,3,65536,84,chinese:SSB0299,0,mean,"[8141, 26451, 49346]",18387,0,-2.0,-0.0,2.0,18,1,1,1
wavmark,3,256,84,chinese:SSB0299,0,fwp,"[8141, 26451, 49346]",36751,0,-2.0,-2.0,0.0,1,1,0,0
wavmark,3,1024,84,chinese:SSB0299,0,fwp,"[8141, 26451, 49346]",40398,0,-2.0,-2.0,0.0,1,1,0,0
wavmark,3,4096,84,chinese:SSB0299,0,fwp,"[8141, 26451, 49346]",57039,0,-2.0,-2.0,0.0,1,1,1,1
wavmark,3,16384,84,chinese:SSB0299,0,fwp,"[8141, 26451, 49346]",39887,0,-2.0,-1.0,1.0,3,1,1,1
wavmark,3,65536,84,chinese:SSB0299,0,fwp,"[8141, 26451, 49346]",40911,0,-2.0,-0.0,2.0,18,1,1,1
wavmark,3,256,85,chinese:SSB0299,1,mean,"[40693, 42523, 55842]",7707,0,-4.0,-3.0,1.0,2,1,0,0
wavmark,3,1024,85,chinese:SSB0299,1,mean,"[40693, 42523, 55842]",40499,0,-4.0,-0.0,4.0,17,1,1,1
wavmark,3,4096,85,chinese:SSB0299,1,mean,"[40693, 42523, 55842]",7731,0,-4.0,-1.0,3.0,47,1,1,1
wavmark,3,16384,85,chinese:SSB0299,1,mean,"[40693, 42523, 55842]",40498,0,-4.0,-1.0,3.0,175,1,1,1
wavmark,3,65536,85,chinese:SSB0299,1,mean,"[40693, 42523, 55842]",40499,0,-4.0,-0.0,4.0,698,1,1,1
wavmark,3,256,85,chinese:SSB0299,1,fwp,"[40693, 42523, 55842]",44667,0,-4.0,-3.0,1.0,5,1,1,1
wavmark,3,1024,85,chinese:SSB0299,1,fwp,"[40693, 42523, 55842]",11967,0,-4.0,-1.0,3.0,17,1,1,1
wavmark,3,4096,85,chinese:SSB0299,1,fwp,"[40693, 42523, 55842]",61111,0,-4.0,-2.0,2.0,51,1,1,1
wavmark,3,16384,85,chinese:SSB0299,1,fwp,"[40693, 42523, 55842]",44735,0,-4.0,-0.0,4.0,179,1,1,1
wavmark,3,65536,85,chinese:SSB0299,1,fwp,"[40693, 42523, 55842]",44735,0,-4.0,-0.0,4.0,698,1,1,1
wavmark,3,256,86,chinese:SSB0299,2,mean,"[14182, 40793, 53410]",37744,0,-4.0,-2.0,2.0,5,1,1,1
wavmark,3,1024,86,chinese:SSB0299,2,mean,"[14182, 40793, 53410]",51058,0,-4.0,-2.0,2.0,14,1,1,1
wavmark,3,4096,86,chinese:SSB0299,2,mean,"[14182, 40793, 53410]",57202,0,-4.0,-2.0,2.0,55,1,1,1
wavmark,3,16384,86,chinese:SSB0299,2,mean,"[14182, 40793, 53410]",38770,0,-4.0,-0.0,4.0,162,1,1,1
wavmark,3,65536,86,chinese:SSB0299,2,mean,"[14182, 40793, 53410]",38770,0,-4.0,-0.0,4.0,698,1,1,1
wavmark,3,256,86,chinese:SSB0299,2,fwp,"[14182, 40793, 53410]",39163,0,-5.0,-3.0,2.0,13,1,1,1
wavmark,3,1024,86,chinese:SSB0299,2,fwp,"[14182, 40793, 53410]",48603,0,-5.0,-3.0,2.0,32,1,1,1
wavmark,3,4096,86,chinese:SSB0299,2,fwp,"[14182, 40793, 53410]",40379,0,-5.0,-0.0,5.0,184,1,1,1
wavmark,3,16384,86,chinese:SSB0299,2,fwp,"[14182, 40793, 53410]",40379,0,-5.0,-0.0,5.0,608,1,1,1
wavmark,3,65536,86,chinese:SSB0299,2,fwp,"[14182, 40793, 53410]",40379,0,-5.0,-0.0,5.0,2518,1,1,1
wavmark,3,256,87,chinese:SSB0307,0,mean,"[21962, 33696, 63641]",63641,1,-3.0,-3.0,0.0,1,0,0,0
wavmark,3,1024,87,chinese:SSB0307,0,mean,"[21962, 33696, 63641]",61596,0,-3.0,-2.0,1.0,2,1,1,0
wavmark,3,4096,87,chinese:SSB0307,0,mean,"[21962, 33696, 63641]",62360,0,-3.0,-1.0,2.0,6,1,1,1
wavmark,3,16384,87,chinese:SSB0307,0,mean,"[21962, 33696, 63641]",63896,0,-3.0,-1.0,2.0,41,1,1,1
wavmark,3,65536,87,chinese:SSB0307,0,mean,"[21962, 33696, 63641]",61848,0,-3.0,-0.0,3.0,138,1,1,1
wavmark,3,256,87,chinese:SSB0307,0,fwp,"[21962, 33696, 63641]",49083,0,-5.0,-3.0,2.0,12,1,1,1
wavmark,3,1024,87,chinese:SSB0307,0,fwp,"[21962, 33696, 63641]",44985,0,-5.0,-1.0,4.0,49,1,1,1
wavmark,3,4096,87,chinese:SSB0307,0,fwp,"[21962, 33696, 63641]",43929,0,-5.0,-1.0,4.0,158,1,1,1
wavmark,3,16384,87,chinese:SSB0307,0,fwp,"[21962, 33696, 63641]",43963,0,-5.0,-1.0,4.0,645,1,1,1
wavmark,3,65536,87,chinese:SSB0307,0,fwp,"[21962, 33696, 63641]",43961,0,-5.0,-0.0,5.0,2518,1,1,1
wavmark,3,256,88,chinese:SSB0307,1,mean,"[29766, 33660, 61227]",59005,0,-4.0,-3.0,1.0,3,1,1,1
wavmark,3,1024,88,chinese:SSB0307,1,mean,"[29766, 33660, 61227]",59246,0,-4.0,-1.0,3.0,13,1,1,1
wavmark,3,4096,88,chinese:SSB0307,1,mean,"[29766, 33660, 61227]",61310,0,-4.0,-1.0,3.0,42,1,1,1
wavmark,3,16384,88,chinese:SSB0307,1,mean,"[29766, 33660, 61227]",63358,0,-4.0,-1.0,3.0,183,1,1,1
wavmark,3,65536,88,chinese:SSB0307,1,mean,"[29766, 33660, 61227]",59262,0,-4.0,-0.0,4.0,698,1,1,1
wavmark,3,256,88,chinese:SSB0307,1,fwp,"[29766, 33660, 61227]",61227,1,-2.0,-3.0,-1.0,1,0,0,0
wavmark,3,1024,88,chinese:SSB0307,1,fwp,"[29766, 33660, 61227]",61227,1,-2.0,-3.0,-1.0,1,0,0,0
wavmark,3,4096,88,chinese:SSB0307,1,fwp,"[29766, 33660, 61227]",65319,0,-2.0,-1.0,1.0,2,1,1,1
wavmark,3,16384,88,chinese:SSB0307,1,fwp,"[29766, 33660, 61227]",65391,0,-2.0,-1.0,1.0,4,1,1,1
wavmark,3,65536,88,chinese:SSB0307,1,fwp,"[29766, 33660, 61227]",65327,0,-2.0,-0.0,2.0,18,1,1,1
wavmark,3,256,89,chinese:SSB0307,2,mean,"[863, 22487, 37180]",863,1,-1.0,-2.0,-1.0,1,0,0,0
wavmark,3,1024,89,chinese:SSB0307,2,mean,"[863, 22487, 37180]",863,1,-1.0,-2.0,-1.0,1,0,0,0
wavmark,3,4096,89,chinese:SSB0307,2,mean,"[863, 22487, 37180]",863,1,-1.0,-2.0,-1.0,1,0,0,0
wavmark,3,16384,89,chinese:SSB0307,2,mean,"[863, 22487, 37180]",4959,0,-1.0,-0.0,1.0,2,1,1,0
wavmark,3,65536,89,chinese:SSB0307,2,mean,"[863, 22487, 37180]",4959,0,-1.0,-0.0,1.0,2,1,1,1
wavmark,3,256,89,chinese:SSB0307,2,fwp,"[863, 22487, 37180]",38751,0,-4.0,-2.0,2.0,6,1,1,1
wavmark,3,1024,89,chinese:SSB0307,2,fwp,"[863, 22487, 37180]",38879,0,-4.0,-1.0,3.0,16,1,1,1
wavmark,3,4096,89,chinese:SSB0307,2,fwp,"[863, 22487, 37180]",46079,0,-4.0,-2.0,2.0,52,1,1,1
wavmark,3,16384,89,chinese:SSB0307,2,fwp,"[863, 22487, 37180]",38910,0,-4.0,-1.0,3.0,177,1,1,1
wavmark,3,65536,89,chinese:SSB0307,2,fwp,"[863, 22487, 37180]",38911,0,-4.0,-0.0,4.0,698,1,1,1
wavmark,3,256,90,chinese:SSB0309,0,mean,"[45935, 51832, 55697]",55800,0,-3.0,-3.0,0.0,1,1,0,0
wavmark,3,1024,90,chinese:SSB0309,0,mean,"[45935, 51832, 55697]",56121,0,-3.0,-1.0,2.0,3,1,1,1
wavmark,3,4096,90,chinese:SSB0309,0,mean,"[45935, 51832, 55697]",57209,0,-3.0,-1.0,2.0,9,1,1,1
wavmark,3,16384,90,chinese:SSB0309,0,mean,"[45935, 51832, 55697]",57209,0,-3.0,-1.0,2.0,40,1,1,1
wavmark,3,65536,90,chinese:SSB0309,0,mean,"[45935, 51832, 55697]",56185,0,-3.0,-0.0,3.0,138,1,1,1
wavmark,3,256,90,chinese:SSB0309,0,fwp,"[45935, 51832, 55697]",48059,0,-4.0,-1.0,3.0,5,1,1,1
wavmark,3,1024,90,chinese:SSB0309,0,fwp,"[45935, 51832, 55697]",47791,0,-4.0,-2.0,2.0,15,1,1,1
wavmark,3,4096,90,chinese:SSB0309,0,fwp,"[45935, 51832, 55697]",48031,0,-4.0,-1.0,3.0,45,1,1,1
wavmark,3,16384,90,chinese:SSB0309,0,fwp,"[45935, 51832, 55697]",48055,0,-4.0,-1.0,3.0,178,1,1,1
wavmark,3,65536,90,chinese:SSB0309,0,fwp,"[45935, 51832, 55697]",48063,0,-4.0,-0.0,4.0,698,1,1,1
wavmark,3,256,91,chinese:SSB0309,1,mean,"[36068, 40569, 49754]",40569,1,-2.0,-2.0,0.0,1,0,0,0
wavmark,3,1024,91,chinese:SSB0309,1,mean,"[36068, 40569, 49754]",40569,1,-2.0,-3.0,-1.0,1,0,0,0
wavmark,3,4096,91,chinese:SSB0309,1,mean,"[36068, 40569, 49754]",36440,0,-2.0,-1.0,1.0,2,1,0,0
wavmark,3,16384,91,chinese:SSB0309,1,mean,"[36068, 40569, 49754]",52856,0,-2.0,-1.0,1.0,6,1,1,1
wavmark,3,65536,91,chinese:SSB0309,1,mean,"[36068, 40569, 49754]",36472,0,-2.0,-0.0,2.0,18,1,1,1
wavmark,3,256,91,chinese:SSB0309,1,fwp,"[36068, 40569, 49754]",35964,0,-4.0,-2.0,2.0,7,1,1,1
wavmark,3,1024,91,chinese:SSB0309,1,fwp,"[36068, 40569, 49754]",44638,0,-4.0,-2.0,2.0,9,1,1,1
wavmark,3,4096,91,chinese:SSB0309,1,fwp,"[36068, 40569, 49754]",36470,0,-4.0,-1.0,3.0,44,1,1,1
wavmark,3,16384,91,chinese:SSB0309,1,fwp,"[36068, 40569, 49754]",36734,0,-4.0,-1.0,3.0,163,1,1,1
wavmark,3,65536,91,chinese:SSB0309,1,fwp,"[36068, 40569, 49754]",36478,0,-4.0,-0.0,4.0,698,1,1,1
wavmark,3,256,92,chinese:SSB0309,2,mean,"[464, 31565, 43786]",60252,0,-4.0,-3.0,1.0,5,1,1,0
wavmark,3,1024,92,chinese:SSB0309,2,mean,"[464, 31565, 43786]",2904,0,-4.0,-1.0,3.0,14,1,1,1
wavmark,3,4096,92,chinese:SSB0309,2,mean,"[464, 31565, 43786]",11032,0,-4.0,-1.0,3.0,41,1,1,1
wavmark,3,16384,92,chinese:SSB0309,2,mean,"[464, 31565, 43786]",15192,0,-4.0,-1.0,3.0,165,1,1,1
wavmark,3,65536,92,chinese:SSB0309,2,mean,"[464, 31565, 43786]",11096,0,-4.0,-0.0,4.0,698,1,1,1
wavmark,3,256,92,chinese:SSB0309,2,fwp,"[464, 31565, 43786]",31692,0,-3.0,-3.0,0.0,1,1,0,0
wavmark,3,1024,92,chinese:SSB0309,2,fwp,"[464, 31565, 43786]",48125,0,-3.0,-2.0,1.0,3,1,1,1
wavmark,3,4096,92,chinese:SSB0309,2,fwp,"[464, 31565, 43786]",15069,0,-3.0,-1.0,2.0,8,1,1,1
wavmark,3,16384,92,chinese:SSB0309,2,fwp,"[464, 31565, 43786]",48093,0,-3.0,-1.0,2.0,39,1,1,1
wavmark,3,65536,92,chinese:SSB0309,2,fwp,"[464, 31565, 43786]",15325,0,-3.0,-0.0,3.0,138,1,1,1
wavmark,3,256,93,chinese:SSB0315,0,mean,"[13443, 40194, 55690]",40194,1,-2.0,-3.0,-1.0,1,0,0,0
wavmark,3,1024,93,chinese:SSB0315,0,mean,"[13443, 40194, 55690]",40194,1,-2.0,-3.0,-1.0,1,0,0,0
wavmark,3,4096,93,chinese:SSB0315,0,mean,"[13443, 40194, 55690]",49030,0,-2.0,-2.0,0.0,1,1,1,1
wavmark,3,16384,93,chinese:SSB0315,0,mean,"[13443, 40194, 55690]",47490,0,-2.0,-1.0,1.0,5,1,1,1
wavmark,3,65536,93,chinese:SSB0315,0,mean,"[13443, 40194, 55690]",48514,0,-2.0,-0.0,2.0,18,1,1,1
wavmark,3,256,93,chinese:SSB0315,0,fwp,"[13443, 40194, 55690]",13579,0,-4.0,-3.0,1.0,2,1,1,0
wavmark,3,1024,93,chinese:SSB0315,0,fwp,"[13443, 40194, 55690]",56731,0,-4.0,-3.0,1.0,9,1,1,1
wavmark,3,4096,93,chinese:SSB0315,0,fwp,"[13443, 40194, 55690]",48521,0,-4.0,-1.0,3.0,43,1,1,1
wavmark,3,16384,93,chinese:SSB0315,0,fwp,"[13443, 40194, 55690]",48527,0,-4.0,-1.0,3.0,163,1,1,1
wavmark,3,65536,93,chinese:SSB0315,0,fwp,"[13443, 40194, 55690]",48523,0,-4.0,-0.0,4.0,698,1,1,1
wavmark,3,256,94,chinese:SSB0315,1,mean,"[25781, 50505, 56124]",58815,0,-4.0,-2.0,2.0,3,1,1,1
wavmark,3,1024,94,chinese:SSB0315,1,mean,"[25781, 50505, 56124]",58745,0,-4.0,-2.0,2.0,13,1,1,1
wavmark,3,4096,94,chinese:SSB0315,1,mean,"[25781, 50505, 56124]",58813,0,-4.0,-1.0,3.0,39,1,1,1
wavmark,3,16384,94,chinese:SSB0315,1,mean,"[25781, 50505, 56124]",62781,0,-4.0,-1.0,3.0,164,1,1,1
wavmark,3,65536,94,chinese:SSB0315,1,mean,"[25781, 50505, 56124]",58685,0,-4.0,-0.0,4.0,698,1,1,1
wavmark,3,256,94,chinese:SSB0315,1,fwp,"[25781, 50505, 56124]",55229,0,-4.0,-2.0,2.0,6,1,1,1
wavmark,3,1024,94,chinese:SSB0315,1,fwp,"[25781, 50505, 56124]",65468,0,-4.0,-1.0,3.0,21,1,1,1
wavmark,3,4096,94,chinese:SSB0315,1,fwp,"[25781, 50505, 56124]",65213,0,-4.0,-1.0,3.0,53,1,1,1
wavmark,3,16384,94,chinese:SSB0315,1,fwp,"[25781, 50505, 56124]",65533,0,-4.0,-1.0,3.0,171,1,1,1
wavmark,3,65536,94,chinese:SSB0315,1,fwp,"[25781, 50505, 56124]",65469,0,-4.0,-0.0,4.0,698,1,1,1
wavmark,3,256,95,chinese:SSB0315,2,mean,"[2502, 13302, 21576]",13790,0,-2.0,-2.0,0.0,1,1,0,0
wavmark,3,1024,95,chinese:SSB0315,2,mean,"[2502, 13302, 21576]",29142,0,-2.0,-1.0,1.0,2,1,0,0
wavmark,3,4096,95,chinese:SSB0315,2,mean,"[2502, 13302, 21576]",45526,0,-2.0,-1.0,1.0,2,1,1,1
wavmark,3,16384,95,chinese:SSB0315,2,mean,"[2502, 13302, 21576]",45526,0,-2.0,-1.0,1.0,8,1,1,1
wavmark,3,65536,95,chinese:SSB0315,2,mean,"[2502, 13302, 21576]",12758,0,-2.0,-0.0,2.0,18,1,1,1
wavmark,3,256,95,chinese:SSB0315,2,fwp,"[2502, 13302, 21576]",29694,0,-2.0,-2.0,0.0,1,1,1,0
wavmark,3,1024,95,chinese:SSB0315,2,fwp,"[2502, 13302, 21576]",63486,0,-2.0,-2.0,0.0,1,1,1,0
wavmark,3,4096,95,chinese:SSB0315,2,fwp,"[2502, 13302, 21576]",47102,0,-2.0,-1.0,1.0,2,1,1,1
wavmark,3,16384,95,chinese:SSB0315,2,fwp,"[2502, 13302, 21576]",14332,0,-2.0,-1.0,1.0,3,1,1,1
wavmark,3,65536,95,chinese:SSB0315,2,fwp,"[2502, 13302, 21576]",14334,0,-2.0,-0.0,2.0,18,1,1,1
wavmark,3,256,96,chinese:SSB0316,0,mean,"[5822, 26769, 59632]",59632,1,-2.0,-4.0,-2.0,1,0,0,0
wavmark,3,1024,96,chinese:SSB0316,0,mean,"[5822, 26769, 59632]",26672,0,-2.0,-1.0,1.0,2,1,0,0
wavmark,3,4096,96,chinese:SSB0316,0,mean,"[5822, 26769, 59632]",59824,0,-2.0,-2.0,0.0,1,1,0,0
wavmark,3,16384,96,chinese:SSB0316,0,mean,"[5822, 26769, 59632]",26801,0,-2.0,-1.0,1.0,2,1,0,0
wavmark,3,65536,96,chinese:SSB0316,0,mean,"[5822, 26769, 59632]",26800,0,-2.0,-0.0,2.0,18,1,1,1
wavmark,3,256,96,chinese:SSB0316,0,fwp,"[5822, 26769, 59632]",15099,0,-3.0,-3.0,0.0,1,1,1,0
wavmark,3,1024,96,chinese:SSB0316,0,fwp,"[5822, 26769, 59632]",15935,0,-3.0,-1.0,2.0,5,1,1,1
wavmark,3,4096,96,chinese:SSB0316,0,fwp,"[5822, 26769, 59632]",16062,0,-3.0,-1.0,2.0,5,1,1,1
wavmark,3,16384,96,chinese:SSB0316,0,fwp,"[5822, 26769, 59632]",16127,0,-3.0,-1.0,2.0,38,1,1,1
wavmark,3,65536,96,chinese:SSB0316,0,fwp,"[5822, 26769, 59632]",16063,0,-3.0,-0.0,3.0,138,1,1,1
wavmark,3,256,97,chinese:SSB0316,1,mean,"[4735, 24988, 32152]",24988,1,-1.0,-2.0,-1.0,1,0,0,0
wavmark,3,1024,97,chinese:SSB0316,1,mean,"[4735, 24988, 32152]",24988,1,-1.0,-2.0,-1.0,1,0,0,0
wavmark,3,4096,97,chinese:SSB0316,1,mean,"[4735, 24988, 32152]",30108,0,-1.0,-1.0,0.0,1,1,0,0
wavmark,3,16384,97,chinese:SSB0316,1,mean,"[4735, 24988, 32152]",29084,0,-1.0,-0.0,1.0,2,1,1,0
wavmark,3,65536,97,chinese:SSB0316,1,mean,"[4735, 24988, 32152]",29084,0,-1.0,-0.0,1.0,2,1,1,1
wavmark,3,256,97,chinese:SSB0316,1,fwp,"[4735, 24988, 32152]",15833,0,-6.0,-3.0,3.0,26,1,1,1
wavmark,3,1024,97,chinese:SSB0316,1,fwp,"[4735, 24988, 32152]",16375,0,-6.0,-2.0,4.0,105,1,1,1
wavmark,3,4096,97,chinese:SSB0316,1,fwp,"[4735, 24988, 32152]",15870,0,-6.0,-1.0,5.0,435,1,1,1
wavmark,3,16384,97,chinese:SSB0316,1,fwp,"[4735, 24988, 32152]",15863,0,-6.0,-1.0,5.0,1736,1,1,1
wavmark,3,65536,97,chinese:SSB0316,1,fwp,"[4735, 24988, 32152]",15871,0,-6.0,-0.0,6.0,6886,1,1,1
wavmark,3,256,98,chinese:SSB0316,2,mean,"[7332, 19649, 28565]",32149,0,-2.0,-2.0,0.0,1,1,0,0
wavmark,3,1024,98,chinese:SSB0316,2,mean,"[7332, 19649, 28565]",27805,0,-2.0,-1.0,1.0,2,1,0,0
wavmark,3,4096,98,chinese:SSB0316,2,mean,"[7332, 19649, 28565]",60629,0,-2.0,-2.0,0.0,1,1,0,0
wavmark,3,16384,98,chinese:SSB0316,2,mean,"[7332, 19649, 28565]",27797,0,-2.0,-0.0,2.0,5,1,1,1
wavmark,3,65536,98,chinese:SSB0316,2,mean,"[7332, 19649, 28565]",27797,0,-2.0,-0.0,2.0,18,1,1,1
wavmark,3,256,98,chinese:SSB0316,2,fwp,"[7332, 19649, 28565]",48061,0,-3.0,-3.0,0.0,1,1,0,0
wavmark,3,1024,98,chinese:SSB0316,2,fwp,"[7332, 19649, 28565]",15781,0,-3.0,-2.0,1.0,3,1,1,0
wavmark,3,4096,98,chinese:SSB0316,2,fwp,"[7332, 19649, 28565]",49076,0,-3.0,-2.0,1.0,8,1,1,1
wavmark,3,16384,98,chinese:SSB0316,2,fwp,"[7332, 19649, 28565]",16181,0,-3.0,-1.0,2.0,38,1,1,1
wavmark,3,65536,98,chinese:SSB0316,2,fwp,"[7332, 19649, 28565]",16309,0,-3.0,-0.0,3.0,138,1,1,1
wavmark,3,256,99,chinese:SSB0323,0,mean,"[10332, 23811, 40355]",23811,1,-2.0,-3.0,-1.0,1,0,0,0
wavmark,3,1024,99,chinese:SSB0323,0,mean,"[10332, 23811, 40355]",23891,0,-2.0,-2.0,0.0,1,1,0,0
wavmark,3,4096,99,chinese:SSB0323,0,mean,"[10332, 23811, 40355]",36115,0,-2.0,-2.0,0.0,1,1,1,0
wavmark,3,16384,99,chinese:SSB0323,0,mean,"[10332, 23811, 40355]",7507,0,-2.0,-1.0,1.0,5,1,1,1
wavmark,3,65536,99,chinese:SSB0323,0,mean,"[10332, 23811, 40355]",7443,0,-2.0,-0.0,2.0,18,1,1,1
wavmark,3,256,99,chinese:SSB0323,0,fwp,"[10332, 23811, 40355]",48566,0,-5.0,-3.0,2.0,14,1,1,1
wavmark,3,1024,99,chinese:SSB0323,0,fwp,"[10332, 23811, 40355]",40445,0,-5.0,-2.0,3.0,36,1,1,1
wavmark,3,4096,99,chinese:SSB0323,0,fwp,"[10332, 23811, 40355]",49151,0,-5.0,-1.0,4.0,173,1,1,1
wavmark,3,16384,99,chinese:SSB0323,0,fwp,"[10332, 23811, 40355]",49151,0,-5.0,-1.0,4.0,587,1,1,1
wavmark,3,65536,99,chinese:SSB0323,0,fwp,"[10332, 23811, 40355]",48639,0,-5.0,-0.0,5.0,2518,1,1,1
wavmark,3,256,100,chinese:SSB0323,1,mean,"[25213, 31728, 61037]",27229,0,-1.0,-1.0,0.0,1,1,0,0
wavmark,3,1024,100,chinese:SSB0323,1,mean,"[25213, 31728, 61037]",27229,0,-1.0,-1.0,0.0,1,1,0,0
wavmark,3,4096,100,chinese:SSB0323,1,mean,"[25213, 31728, 61037]",25213,1,-1.0,-2.0,-1.0,1,0,0,0
wavmark,3,16384,100,chinese:SSB0323,1,mean,"[25213, 31728, 61037]",31357,0,-1.0,-1.0,0.0,1,1,1,1
wavmark,3,65536,100,chinese:SSB0323,1,mean,"[25213, 31728, 61037]",27261,0,-1.0,-0.0,1.0,2,1,1,1
wavmark,3,256,100,chinese:SSB0323,1,fwp,"[25213, 31728, 61037]",61037,1,-3.0,-3.0,0.0,1,0,0,0
wavmark,3,1024,100,chinese:SSB0323,1,fwp,"[25213, 31728, 61037]",64253,0,-3.0,-3.0,0.0,1,1,1,0
wavmark,3,4096,100,chinese:SSB0323,1,fwp,"[25213, 31728, 61037]",61438,0,-3.0,-2.0,1.0,11,1,1,1
wavmark,3,16384,100,chinese:SSB0323,1,fwp,"[25213, 31728, 61037]",65533,0,-3.0,-1.0,2.0,38,1,1,1
wavmark,3,65536,100,chinese:SSB0323,1,fwp,"[25213, 31728, 61037]",61437,0,-3.0,-0.0,3.0,138,1,1,1
wavmark,3,256,101,chinese:SSB0323,2,mean,"[16907, 40040, 61716]",53304,0,-4.0,-1.0,3.0,5,1,1,1
wavmark,3,1024,101,chinese:SSB0323,2,mean,"[16907, 40040, 61716]",53260,0,-4.0,-2.0,2.0,12,1,1,1
wavmark,3,4096,101,chinese:SSB0323,2,mean,"[16907, 40040, 61716]",53528,0,-4.0,-1.0,3.0,57,1,1,1
wavmark,3,16384,101,chinese:SSB0323,2,mean,"[16907, 40040, 61716]",54296,0,-4.0,-1.0,3.0,163,1,1,1
wavmark,3,65536,101,chinese:SSB0323,2,mean,"[16907, 40040, 61716]",53272,0,-4.0,-0.0,4.0,698,1,1,1
wavmark,3,256,101,chinese:SSB0323,2,fwp,"[16907, 40040, 61716]",65311,0,-4.0,-2.0,2.0,6,1,1,1
wavmark,3,1024,101,chinese:SSB0323,2,fwp,"[16907, 40040, 61716]",59935,0,-4.0,-3.0,1.0,6,1,1,1
wavmark,3,4096,101,chinese:SSB0323,2,fwp,"[16907, 40040, 61716]",62302,0,-4.0,-2.0,2.0,46,1,1,1
wavmark,3,16384,101,chinese:SSB0323,2,fwp,"[16907, 40040, 61716]",62367,0,-4.0,-1.0,3.0,166,1,1,1
wavmark,3,65536,101,chinese:SSB0323,2,fwp,"[16907, 40040, 61716]",62239,0,-4.0,-0.0,4.0,698,1,1,1
wavmark,3,256,102,chinese:SSB0338,0,mean,"[12751, 24435, 47523]",12723,0,-3.0,-2.0,1.0,2,1,0,0
wavmark,3,1024,102,chinese:SSB0338,0,mean,"[12751, 24435, 47523]",47603,0,-3.0,-1.0,2.0,4,1,1,1
wavmark,3,4096,102,chinese:SSB0338,0,mean,"[12751, 24435, 47523]",14835,0,-3.0,-0.0,3.0,9,1,1,1
wavmark,3,16384,102,chinese:SSB0338,0,mean,"[12751, 24435, 47523]",31219,0,-3.0,-1.0,2.0,41,1,1,1
wavmark,3,65536,102,chinese:SSB0338,0,mean,"[12751, 24435, 47523]",14835,0,-3.0,-0.0,3.0,138,1,1,1
wavmark,3,256,102,chinese:SSB0338,0,fwp,"[12751, 24435, 47523]",8143,0,-5.0,-3.0,2.0,9,1,1,1
wavmark,3,1024,102,chinese:SSB0338,0,fwp,"[12751, 24435, 47523]",15615,0,-5.0,-2.0,3.0,43,1,1,1
wavmark,3,4096,102,chinese:SSB0338,0,fwp,"[12751, 24435, 47523]",16379,0,-5.0,-1.0,4.0,160,1,1,1
wavmark,3,16384,102,chinese:SSB0338,0,fwp,"[12751, 24435, 47523]",16383,0,-5.0,-0.0,5.0,607,1,1,1
wavmark,3,65536,102,chinese:SSB0338,0,fwp,"[12751, 24435, 47523]",16383,0,-5.0,-0.0,5.0,2518,1,1,1
wavmark,3,256,103,chinese:SSB0338,1,mean,"[6225, 16888, 53634]",24000,0,-3.0,-3.0,0.0,1,1,1,0
wavmark,3,1024,103,chinese:SSB0338,1,mean,"[6225, 16888, 53634]",54228,0,-3.0,-3.0,0.0,1,1,1,1
wavmark,3,4096,103,chinese:SSB0338,1,mean,"[6225, 16888, 53634]",53713,0,-3.0,-2.0,1.0,9,1,1,1
wavmark,3,16384,103,chinese:SSB0338,1,mean,"[6225, 16888, 53634]",20944,0,-3.0,-0.0,3.0,35,1,1,1
wavmark,3,65536,103,chinese:SSB0338,1,mean,"[6225, 16888, 53634]",20944,0,-3.0,-0.0,3.0,138,1,1,1
wavmark,3,256,103,chinese:SSB0338,1,fwp,"[6225, 16888, 53634]",49619,0,-4.0,-3.0,1.0,3,1,1,1
wavmark,3,1024,103,chinese:SSB0338,1,fwp,"[6225, 16888, 53634]",6619,0,-4.0,-2.0,2.0,12,1,1,1
wavmark,3,4096,103,chinese:SSB0338,1,fwp,"[6225, 16888, 53634]",39378,0,-4.0,-1.0,3.0,43,1,1,1
wavmark,3,16384,103,chinese:SSB0338,1,fwp,"[6225, 16888, 53634]",40403,0,-4.0,-1.0,3.0,188,1,1,1
wavmark,3,65536,103,chinese:SSB0338,1,fwp,"[6225, 16888, 53634]",39379,0,-4.0,-0.0,4.0,698,1,1,1
wavmark,3,256,104,chinese:SSB0338,2,mean,"[14779, 22621, 24917]",32029,0,-2.0,-2.0,0.0,1,1,0,0
wavmark,3,1024,104,chinese:SSB0338,2,mean,"[14779, 22621, 24917]",32092,0,-2.0,-2.0,0.0,1,1,1,0
wavmark,3,4096,104,chinese:SSB0338,2,mean,"[14779, 22621, 24917]",31068,0,-2.0,-1.0,1.0,2,1,1,1
wavmark,3,16384,104,chinese:SSB0338,2,mean,"[14779, 22621, 24917]",31581,0,-2.0,-1.0,1.0,4,1,1,1
wavmark,3,65536,104,chinese:SSB0338,2,mean,"[14779, 22621, 24917]",31069,0,-2.0,-0.0,2.0,18,1,1,1
wavmark,3,256,104,chinese:SSB0338,2,fwp,"[14779, 22621, 24917]",14779,1,-2.0,-4.0,-2.0,1,0,0,0
wavmark,3,1024,104,chinese:SSB0338,2,fwp,"[14779, 22621, 24917]",14814,0,-2.0,-2.0,0.0,1,1,0,0
wavmark,3,4096,104,chinese:SSB0338,2,fwp,"[14779, 22621, 24917]",47615,0,-2.0,-1.0,1.0,4,1,1,1
wavmark,3,16384,104,chinese:SSB0338,2,fwp,"[14779, 22621, 24917]",47615,0,-2.0,-1.0,1.0,5,1,1,1
wavmark,3,65536,104,chinese:SSB0338,2,fwp,"[14779, 22621, 24917]",14847,0,-2.0,-0.0,2.0,18,1,1,1
wavmark,3,256,105,chinese:SSB0339,0,mean,"[12418, 15730, 18749]",15730,1,-2.0,-3.0,-1.0,1,0,0,0
wavmark,3,1024,105,chinese:SSB0339,0,mean,"[12418, 15730, 18749]",15730,1,-2.0,-2.0,0.0,1,0,0,0
wavmark,3,4096,105,chinese:SSB0339,0,mean,"[12418, 15730, 18749]",10546,0,-2.0,-1.0,1.0,2,1,0,0
wavmark,3,16384,105,chinese:SSB0339,0,mean,"[12418, 15730, 18749]",31026,0,-2.0,-1.0,1.0,7,1,1,1
wavmark,3,65536,105,chinese:SSB0339,0,mean,"[12418, 15730, 18749]",14642,0,-2.0,-0.0,2.0,18,1,1,1
wavmark,3,256,105,chinese:SSB0339,0,fwp,"[12418, 15730, 18749]",47359,0,-5.0,-3.0,2.0,15,1,1,1
wavmark,3,1024,105,chinese:SSB0339,0,fwp,"[12418, 15730, 18749]",14767,0,-5.0,-1.0,4.0,43,1,1,1
wavmark,3,4096,105,chinese:SSB0339,0,fwp,"[12418, 15730, 18749]",31167,0,-5.0,-1.0,4.0,160,1,1,1
wavmark,3,16384,105,chinese:SSB0339,0,fwp,"[12418, 15730, 18749]",15295,0,-5.0,-1.0,4.0,619,1,1,1
wavmark,3,65536,105,chinese:SSB0339,0,fwp,"[12418, 15730, 18749]",14783,0,-5.0,-0.0,5.0,2518,1,1,1
wavmark,3,256,106,chinese:SSB0339,1,mean,"[730, 11690, 35218]",35218,1,-2.0,-3.0,-1.0,1,0,0,0
wavmark,3,1024,106,chinese:SSB0339,1,mean,"[730, 11690, 35218]",10650,0,-2.0,-1.0,1.0,3,1,0,0
wavmark,3,4096,106,chinese:SSB0339,1,mean,"[730, 11690, 35218]",35218,1,-2.0,-2.0,0.0,1,0,0,0
wavmark,3,16384,106,chinese:SSB0339,1,mean,"[730, 11690, 35218]",2458,0,-2.0,-0.0,2.0,5,1,1,1
wavmark,3,65536,106,chinese:SSB0339,1,mean,"[730, 11690, 35218]",2458,0,-2.0,-0.0,2.0,18,1,1,1
wavmark,3,256,106,chinese:SSB0339,1,fwp,"[730, 11690, 35218]",15354,0,-3.0,-2.0,1.0,2,1,1,0
wavmark,3,1024,106,chinese:SSB0339,1,fwp,"[730, 11690, 35218]",44026,0,-3.0,-2.0,1.0,3,1,1,1
wavmark,3,4096,106,chinese:SSB0339,1,fwp,"[730, 11690, 35218]",12250,0,-3.0,-1.0,2.0,6,1,1,1
wavmark,3,16384,106,chinese:SSB0339,1,fwp,"[730, 11690, 35218]",12286,0,-3.0,-1.0,2.0,34,1,1,1
wavmark,3,65536,106,chinese:SSB0339,1,fwp,"[730, 11690, 35218]",12282,0,-3.0,-0.0,3.0,138,1,1,1
wavmark,3,256,107,chinese:SSB0339,2,mean,"[4315, 21526, 35624]",6296,0,-3.0,-3.0,0.0,1,1,0,0
wavmark,3,1024,107,chinese:SSB0339,2,mean,"[4315, 21526, 35624]",12346,0,-3.0,-2.0,1.0,3,1,1,1
wavmark,3,4096,107,chinese:SSB0339,2,mean,"[4315, 21526, 35624]",20506,0,-3.0,-1.0,2.0,13,1,1,1
wavmark,3,16384,107,chinese:SSB0339,2,mean,"[4315, 21526, 35624]",4378,0,-3.0,-1.0,2.0,35,1,1,1
wavmark,3,65536,107,chinese:SSB0339,2,mean,"[4315, 21526, 35624]",4122,0,-3.0,-0.0,3.0,138,1,1,1
wavmark,3,256,107,chinese:SSB0339,2,fwp,"[4315, 21526, 35624]",8058,0,-5.0,-3.0,2.0,9,1,1,1
wavmark,3,1024,107,chinese:SSB0339,2,fwp,"[4315, 21526, 35624]",40238,0,-5.0,-2.0,3.0,44,1,1,1
wavmark,3,4096,107,chinese:SSB0339,2,fwp,"[4315, 21526, 35624]",57150,0,-5.0,-1.0,4.0,156,1,1,1
wavmark,3,16384,107,chinese:SSB0339,2,fwp,"[4315, 21526, 35624]",40830,0,-5.0,-1.0,4.0,615,1,1,1
wavmark,3,65536,107,chinese:SSB0339,2,fwp,"[4315, 21526, 35624]",40766,0,-5.0,-0.0,5.0,2518,1,1,1
wavmark,3,256,108,chinese:SSB0341,0,mean,"[9198, 29978, 52940]",27646,0,-4.0,-3.0,1.0,4,1,1,1
wavmark,3,1024,108,chinese:SSB0341,0,mean,"[9198, 29978, 52940]",61390,0,-4.0,-3.0,1.0,15,1,1,1
wavmark,3,4096,108,chinese:SSB0341,0,mean,"[9198, 29978, 52940]",59294,0,-4.0,-2.0,2.0,36,1,1,1
wavmark,3,16384,108,chinese:SSB0341,0,mean,"[9198, 29978, 52940]",26622,0,-4.0,-1.0,3.0,173,1,1,1
wavmark,3,65536,108,chinese:SSB0341,0,mean,"[9198, 29978, 52940]",26590,0,-4.0,-0.0,4.0,698,1,1,1
wavmark,3,256,108,chinese:SSB0341,0,fwp,"[9198, 29978, 52940]",48926,0,-5.0,-3.0,2.0,12,1,1,1
wavmark,3,1024,108,chinese:SSB0341,0,fwp,"[9198, 29978, 52940]",61390,0,-5.0,-2.0,3.0,42,1,1,1
wavmark,3,4096,108,chinese:SSB0341,0,fwp,"[9198, 29978, 52940]",65438,0,-5.0,-1.0,4.0,168,1,1,1
wavmark,3,16384,108,chinese:SSB0341,0,fwp,"[9198, 29978, 52940]",61406,0,-5.0,-1.0,4.0,671,1,1,1
wavmark,3,65536,108,chinese:SSB0341,0,fwp,"[9198, 29978, 52940]",61342,0,-5.0,-0.0,5.0,2518,1,1,1
wavmark,3,256,109,chinese:SSB0341,1,mean,"[18534, 21196, 27151]",31306,0,-3.0,-3.0,0.0,1,1,0,0
wavmark,3,1024,109,chinese:SSB0341,1,mean,"[18534, 21196, 27151]",52046,0,-3.0,-2.0,1.0,3,1,1,0
wavmark,3,4096,109,chinese:SSB0341,1,mean,"[18534, 21196, 27151]",27230,0,-3.0,-2.0,1.0,7,1,1,1
wavmark,3,16384,109,chinese:SSB0341,1,mean,"[18534, 21196, 27151]",51790,0,-3.0,-1.0,2.0,36,1,1,1
wavmark,3,65536,109,chinese:SSB0341,1,mean,"[18534, 21196, 27151]",19022,0,-3.0,-0.0,3.0,138,1,1,1
wavmark,3,256,109,chinese:SSB0341,1,fwp,"[18534, 21196, 27151]",27151,1,-2.0,-4.0,-2.0,1,0,0,0
wavmark,3,1024,109,chinese:SSB0341,1,fwp,"[18534, 21196, 27151]",60047,0,-2.0,-2.0,0.0,1,1,0,0
wavmark,3,4096,109,chinese:SSB0341,1,fwp,"[18534, 21196, 27151]",27335,0,-2.0,-1.0,1.0,2,1,1,1
wavmark,3,16384,109,chinese:SSB0341,1,fwp,"[18534, 21196, 27151]",27343,0,-2.0,-0.0,2.0,6,1,1,1
wavmark,3,65536,109,chinese:SSB0341,1,fwp,"[18534, 21196, 27151]",27343,0,-2.0,-0.0,2.0,18,1,1,1
wavmark,3,256,110,chinese:SSB0341,2,mean,"[147, 47673, 63307]",47673,1,-2.0,-2.0,0.0,1,0,0,0
wavmark,3,1024,110,chinese:SSB0341,2,mean,"[147, 47673, 63307]",48155,0,-2.0,-2.0,0.0,1,1,0,0
wavmark,3,4096,110,chinese:SSB0341,2,mean,"[147, 47673, 63307]",45595,0,-2.0,-1.0,1.0,2,1,1,0
wavmark,3,16384,110,chinese:SSB0341,2,mean,"[147, 47673, 63307]",64027,0,-2.0,-1.0,1.0,3,1,1,1
wavmark,3,65536,110,chinese:SSB0341,2,mean,"[147, 47673, 63307]",47643,0,-2.0,-0.0,2.0,18,1,1,1
wavmark,3,256,110,chinese:SSB0341,2,fwp,"[147, 47673, 63307]",63307,1,-2.0,-3.0,-1.0,1,0,0,0
wavmark,3,1024,110,chinese:SSB0341,2,fwp,"[147, 47673, 63307]",63307,1,-2.0,-3.0,-1.0,1,0,0,0
wavmark,3,4096,110,chinese:SSB0341,2,fwp,"[147, 47673, 63307]",65503,0,-2.0,-2.0,0.0,1,1,0,0
wavmark,3,16384,110,chinese:SSB0341,2,fwp,"[147, 47673, 63307]",63451,0,-2.0,-0.0,2.0,6,1,1,1
wavmark,3,65536,110,chinese:SSB0341,2,fwp,"[147, 47673, 63307]",63451,0,-2.0,-0.0,2.0,18,1,1,1
wavmark,3,256,111,chinese:SSB0342,0,mean,"[34200, 51257, 63276]",54588,0,-3.0,-2.0,1.0,2,1,1,0
wavmark,3,1024,111,chinese:SSB0342,0,mean,"[34200, 51257, 63276]",56632,0,-3.0,-2.0,1.0,2,1,1,1
wavmark,3,4096,111,chinese:SSB0342,0,mean,"[34200, 51257, 63276]",54648,0,-3.0,-2.0,1.0,7,1,1,1
wavmark,3,16384,111,chinese:SSB0342,0,mean,"[34200, 51257, 63276]",50488,0,-3.0,-0.0,3.0,25,1,1,1
wavmark,3,65536,111,chinese:SSB0342,0,mean,"[34200, 51257, 63276]",50488,0,-3.0,-0.0,3.0,138,1,1,1
wavmark,3,256,111,chinese:SSB0342,0,fwp,"[34200, 51257, 63276]",61232,0,-4.0,-3.0,1.0,5,1,1,0
wavmark,3,1024,111,chinese:SSB0342,0,fwp,"[34200, 51257, 63276]",65317,0,-4.0,-3.0,1.0,9,1,1,1
wavmark,3,4096,111,chinese:SSB0342,0,fwp,"[34200, 51257, 63276]",65405,0,-4.0,-2.0,2.0,48,1,1,1
wavmark,3,16384,111,chinese:SSB0342,0,fwp,"[34200, 51257, 63276]",61309,0,-4.0,-1.0,3.0,176,1,1,1
wavmark,3,65536,111,chinese:SSB0342,0,fwp,"[34200, 51257, 63276]",61245,0,-4.0,-0.0,4.0,698,1,1,1
wavmark,3,256,112,chinese:SSB0342,1,mean,"[30309, 31421, 44144]",30309,1,-2.0,-3.0,-1.0,1,0,0,0
wavmark,3,1024,112,chinese:SSB0342,1,mean,"[30309, 31421, 44144]",65397,0,-2.0,-2.0,0.0,1,1,0,0
wavmark,3,4096,112,chinese:SSB0342,1,mean,"[30309, 31421, 44144]",32381,0,-2.0,-1.0,1.0,4,1,1,1
wavmark,3,16384,112,chinese:SSB0342,1,mean,"[30309, 31421, 44144]",32381,0,-2.0,-1.0,1.0,3,1,1,1
wavmark,3,65536,112,chinese:SSB0342,1,mean,"[30309, 31421, 44144]",32373,0,-2.0,-0.0,2.0,18,1,1,1
wavmark,3,256,112,chinese:SSB0342,1,fwp,"[30309, 31421, 44144]",44217,0,-5.0,-3.0,2.0,13,1,1,1
wavmark,3,1024,112,chinese:SSB0342,1,fwp,"[30309, 31421, 44144]",44281,0,-5.0,-2.0,3.0,30,1,1,1
wavmark,3,4096,112,chinese:SSB0342,1,fwp,"[30309, 31421, 44144]",48893,0,-5.0,-1.0,4.0,173,1,1,1
wavmark,3,16384,112,chinese:SSB0342,1,fwp,"[30309, 31421, 44144]",45053,0,-5.0,-1.0,4.0,640,1,1,1
wavmark,3,65536,112,chinese:SSB0342,1,fwp,"[30309, 31421, 44144]",44797,0,-5.0,-0.0,5.0,2518,1,1,1
wavmark,3,256,113,chinese:SSB0342,2,mean,"[32256, 48090, 54846]",59930,0,-4.0,-2.0,2.0,3,1,0,0
wavmark,3,1024,113,chinese:SSB0342,2,mean,"[32256, 48090, 54846]",32282,0,-4.0,-1.0,3.0,9,1,1,1
wavmark,3,4096,113,chinese:SSB0342,2,mean,"[32256, 48090, 54846]",65162,0,-4.0,-2.0,2.0,53,1,1,1
wavmark,3,16384,113,chinese:SSB0342,2,mean,"[32256, 48090, 54846]",65034,0,-4.0,-1.0,3.0,162,1,1,1
wavmark,3,65536,113,chinese:SSB0342,2,mean,"[32256, 48090, 54846]",65050,0,-4.0,-0.0,4.0,698,1,1,1
wavmark,3,256,113,chinese:SSB0342,2,fwp,"[32256, 48090, 54846]",48090,1,-1.0,-2.0,-1.0,1,0,0,0
wavmark,3,1024,113,chinese:SSB0342,2,fwp,"[32256, 48090, 54846]",48090,1,-1.0,-2.0,-1.0,1,0,0,0
wavmark,3,4096,113,chinese:SSB0342,2,fwp,"[32256, 48090, 54846]",48090,1,-1.0,-2.0,-1.0,1,0,0,0
wavmark,3,16384,113,chinese:SSB0342,2,fwp,"[32256, 48090, 54846]",49115,0,-1.0,-1.0,0.0,1,1,1,0
wavmark,3,65536,113,chinese:SSB0342,2,fwp,"[32256, 48090, 54846]",49114,0,-1.0,-0.0,1.0,2,1,1,1
wavmark,3,256,114,chinese:SSB0354,0,mean,"[12039, 49280, 61301]",61301,1,-2.0,-3.0,-1.0,1,0,0,0
wavmark,3,1024,114,chinese:SSB0354,0,mean,"[12039, 49280, 61301]",61301,1,-2.0,-3.0,-1.0,1,0,0,0
wavmark,3,4096,114,chinese:SSB0354,0,mean,"[12039, 49280, 61301]",65309,0,-2.0,-2.0,0.0,1,1,1,0
wavmark,3,16384,114,chinese:SSB0354,0,mean,"[12039, 49280, 61301]",61333,0,-2.0,-1.0,1.0,5,1,1,1
wavmark,3,65536,114,chinese:SSB0354,0,mean,"[12039, 49280, 61301]",61205,0,-2.0,-0.0,2.0,18,1,1,1
wavmark,3,256,114,chinese:SSB0354,0,fwp,"[12039, 49280, 61301]",61301,1,-1.0,-2.0,-1.0,1,0,0,0
wavmark,3,1024,114,chinese:SSB0354,0,fwp,"[12039, 49280, 61301]",61301,1,-1.0,-2.0,-1.0,1,0,0,0
wavmark,3,4096,114,chinese:SSB0354,0,fwp,"[12039, 49280, 61301]",61301,1,-1.0,-1.0,0.0,1,0,0,0
wavmark,3,16384,114,chinese:SSB0354,0,fwp,"[12039, 49280, 61301]",61429,0,-1.0,-0.0,1.0,2,1,1,1
wavmark,3,65536,114,chinese:SSB0354,0,fwp,"[12039, 49280, 61301]",61429,0,-1.0,-0.0,1.0,2,1,1,1
wavmark,3,256,115,chinese:SSB0354,1,mean,"[13521, 21672, 45129]",13521,1,-1.0,-3.0,-2.0,1,0,0,0
wavmark,3,1024,115,chinese:SSB0354,1,mean,"[13521, 21672, 45129]",13521,1,-1.0,-3.0,-2.0,1,0,0,0
wavmark,3,4096,115,chinese:SSB0354,1,mean,"[13521, 21672, 45129]",13521,1,-1.0,-2.0,-1.0,1,0,0,0
wavmark,3,16384,115,chinese:SSB0354,1,mean,"[13521, 21672, 45129]",13529,0,-1.0,-0.0,1.0,2,1,0,0
wavmark,3,65536,115,chinese:SSB0354,1,mean,"[13521, 21672, 45129]",13529,0,-1.0,-0.0,1.0,2,1,1,1
wavmark,3,256,115,chinese:SSB0354,1,fwp,"[13521, 21672, 45129]",48367,0,-3.0,-3.0,0.0,1,1,0,0
wavmark,3,1024,115,chinese:SSB0354,1,fwp,"[13521, 21672, 45129]",45801,0,-3.0,-2.0,1.0,3,1,1,1
wavmark,3,4096,115,chinese:SSB0354,1,fwp,"[13521, 21672, 45129]",62697,0,-3.0,-1.0,2.0,10,1,1,1
wavmark,3,16384,115,chinese:SSB0354,1,fwp,"[13521, 21672, 45129]",48361,0,-3.0,-1.0,2.0,40,1,1,1
wavmark,3,65536,115,chinese:SSB0354,1,fwp,"[13521, 21672, 45129]",46313,0,-3.0,-0.0,3.0,138,1,1,1
wavmark,3,256,116,chinese:SSB0354,2,mean,"[7820, 15598, 30184]",15598,1,-1.0,-3.0,-2.0,1,0,0,0
wavmark,3,1024,116,chinese:SSB0354,2,mean,"[7820, 15598, 30184]",15598,1,-1.0,-2.0,-1.0,1,0,0,0
wavmark,3,4096,116,chinese:SSB0354,2,mean,"[7820, 15598, 30184]",15596,0,-1.0,-0.0,1.0,2,1,0,0
wavmark,3,16384,116,chinese:SSB0354,2,mean,"[7820, 15598, 30184]",31980,0,-1.0,-1.0,0.0,1,1,0,0
wavmark,3,65536,116,chinese:SSB0354,2,mean,"[7820, 15598, 30184]",15596,0,-1.0,-0.0,1.0,2,1,1,1
wavmark,3,256,116,chinese:SSB0354,2,fwp,"[7820, 15598, 30184]",16380,0,-3.0,-1.0,2.0,2,1,1,0
wavmark,3,1024,116,chinese:SSB0354,2,fwp,"[7820, 15598, 30184]",32716,0,-3.0,-2.0,1.0,3,1,1,1
wavmark,3,4096,116,chinese:SSB0354,2,fwp,"[7820, 15598, 30184]",16365,0,-3.0,-1.0,2.0,13,1,1,1
wavmark,3,16384,116,chinese:SSB0354,2,fwp,"[7820, 15598, 30184]",49132,0,-3.0,-1.0,2.0,38,1,1,1
wavmark,3,65536,116,chinese:SSB0354,2,fwp,"[7820, 15598, 30184]",16364,0,-3.0,-0.0,3.0,138,1,1,1
wavmark,3,256,117,chinese:SSB0366,0,mean,"[3038, 14777, 34655]",3038,1,-2.0,-3.0,-1.0,1,0,0,0
wavmark,3,1024,117,chinese:SSB0366,0,mean,"[3038, 14777, 34655]",11227,0,-2.0,-1.0,1.0,2,1,0,0
wavmark,3,4096,117,chinese:SSB0366,0,mean,"[3038, 14777, 34655]",28639,0,-2.0,-2.0,0.0,1,1,1,1
wavmark,3,16384,117,chinese:SSB0366,0,mean,"[3038, 14777, 34655]",11231,0,-2.0,-0.0,2.0,3,1,1,1
wavmark,3,65536,117,chinese:SSB0366,0,mean,"[3038, 14777, 34655]",11231,0,-2.0,-0.0,2.0,18,1,1,1
wavmark,3,256,117,chinese:SSB0366,0,fwp,"[3038, 14777, 34655]",48575,0,-5.0,-1.0,4.0,8,1,1,1
wavmark,3,1024,117,chinese:SSB0366,0,fwp,"[3038, 14777, 34655]",48575,0,-5.0,-1.0,4.0,42,1,1,1
wavmark,3,4096,117,chinese:SSB0366,0,fwp,"[3038, 14777, 34655]",49087,0,-5.0,-0.0,5.0,177,1,1,1
wavmark,3,16384,117,chinese:SSB0366,0,fwp,"[3038, 14777, 34655]",49086,0,-5.0,-1.0,4.0,609,1,1,1
wavmark,3,65536,117,chinese:SSB0366,0,fwp,"[3038, 14777, 34655]",49087,0,-5.0,-0.0,5.0,2518,1,1,1
wavmark,3,256,118,chinese:SSB0366,1,mean,"[13299, 29009, 44253]",29009,1,-2.0,-4.0,-2.0,1,0,0,0
wavmark,3,1024,118,chinese:SSB0366,1,mean,"[13299, 29009, 44253]",29145,0,-2.0,-2.0,0.0,1,1,0,0
wavmark,3,4096,118,chinese:SSB0366,1,mean,"[13299, 29009, 44253]",47569,0,-2.0,-2.0,0.0,1,1,1,0
wavmark,3,16384,118,chinese:SSB0366,1,mean,"[13299, 29009, 44253]",12753,0,-2.0,-0.0,2.0,4,1,1,1
wavmark,3,65536,118,chinese:SSB0366,1,mean,"[13299, 29009, 44253]",12753,0,-2.0,-0.0,2.0,18,1,1,1
wavmark,3,256,118,chinese:SSB0366,1,fwp,"[13299, 29009, 44253]",8189,0,-5.0,-3.0,2.0,10,1,1,1
wavmark,3,1024,118,chinese:SSB0366,1,fwp,"[13299, 29009, 44253]",16127,0,-5.0,-2.0,3.0,42,1,1,1
wavmark,3,4096,118,chinese:SSB0366,1,fwp,"[13299, 29009, 44253]",11263,0,-5.0,-1.0,4.0,174,1,1,1
wavmark,3,16384,118,chinese:SSB0366,1,fwp,"[13299, 29009, 44253]",28671,0,-5.0,-1.0,4.0,613,1,1,1
wavmark,3,65536,118,chinese:SSB0366,1,fwp,"[13299, 29009, 44253]",12287,0,-5.0,-0.0,5.0,2518,1,1,1
wavmark,3,256,119,chinese:SSB0366,2,mean,"[2071, 49570, 62005]",49319,0,-4.0,-2.0,2.0,7,1,1,1
wavmark,3,1024,119,chinese:SSB0366,2,mean,"[2071, 49570, 62005]",49527,0,-4.0,-2.0,2.0,10,1,1,1
wavmark,3,4096,119,chinese:SSB0366,2,mean,"[2071, 49570, 62005]",57398,0,-4.0,-2.0,2.0,43,1,1,1
wavmark,3,16384,119,chinese:SSB0366,2,mean,"[2071, 49570, 62005]",49463,0,-4.0,-1.0,3.0,165,1,1,1
wavmark,3,65536,119,chinese:SSB0366,2,mean,"[2071, 49570, 62005]",49207,0,-4.0,-0.0,4.0,698,1,1,1
wavmark,3,256,119,chinese:SSB0366,2,fwp,"[2071, 49570, 62005]",43410,0,-4.0,-3.0,1.0,3,1,1,0
wavmark,3,1024,119,chinese:SSB0366,2,fwp,"[2071, 49570, 62005]",36275,0,-4.0,-1.0,3.0,14,1,1,1
wavmark,3,4096,119,chinese:SSB0366,2,fwp,"[2071, 49570, 62005]",35251,0,-4.0,-0.0,4.0,47,1,1,1
wavmark,3,16384,119,chinese:SSB0366,2,fwp,"[2071, 49570, 62005]",51635,0,-4.0,-1.0,3.0,181,1,1,1
wavmark,3,65536,119,chinese:SSB0366,2,fwp,"[2071, 49570, 62005]",35251,0,-4.0,-0.0,4.0,698,1,1,1
wavmark,3,256,120,chinese:SSB0375,0,mean,"[39049, 40452, 52272]",39962,0,-3.0,-2.0,1.0,2,1,0,0
wavmark,3,1024,120,chinese:SSB0375,0,mean,"[39049, 40452, 52272]",56472,0,-3.0,-3.0,0.0,1,1,0,0
wavmark,3,4096,120,chinese:SSB0375,0,mean,"[39049, 40452, 52272]",48146,0,-3.0,-2.0,1.0,9,1,1,1
wavmark,3,16384,120,chinese:SSB0375,0,mean,"[39049, 40452, 52272]",39952,0,-3.0,-0.0,3.0,31,1,1,1
wavmark,3,65536,120,chinese:SSB0375,0,mean,"[39049, 40452, 52272]",39952,0,-3.0,-0.0,3.0,138,1,1,1
wavmark,3,256,120,chinese:SSB0375,0,fwp,"[39049, 40452, 52272]",40632,0,-3.0,-2.0,1.0,2,1,0,0
wavmark,3,1024,120,chinese:SSB0375,0,fwp,"[39049, 40452, 52272]",40633,0,-3.0,-1.0,2.0,4,1,1,1
wavmark,3,4096,120,chinese:SSB0375,0,fwp,"[39049, 40452, 52272]",40185,0,-3.0,-1.0,2.0,11,1,1,1
wavmark,3,16384,120,chinese:SSB0375,0,fwp,"[39049, 40452, 52272]",40125,0,-3.0,-1.0,2.0,26,1,1,1
wavmark,3,65536,120,chinese:SSB0375,0,fwp,"[39049, 40452, 52272]",40121,0,-3.0,-0.0,3.0,138,1,1,1
wavmark,3,256,121,chinese:SSB0375,1,mean,"[8858, 30485, 45932]",31644,0,-4.0,-2.0,2.0,3,1,1,0
wavmark,3,1024,121,chinese:SSB0375,1,mean,"[8858, 30485, 45932]",13188,0,-4.0,-2.0,2.0,11,1,1,1
wavmark,3,4096,121,chinese:SSB0375,1,mean,"[8858, 30485, 45932]",13244,0,-4.0,-1.0,3.0,46,1,1,1
wavmark,3,16384,121,chinese:SSB0375,1,mean,"[8858, 30485, 45932]",15260,0,-4.0,-1.0,3.0,185,1,1,1
wavmark,3,65536,121,chinese:SSB0375,1,mean,"[8858, 30485, 45932]",13212,0,-4.0,-0.0,4.0,698,1,1,1
wavmark,3,256,121,chinese:SSB0375,1,fwp,"[8858, 30485, 45932]",12191,0,-4.0,-2.0,2.0,3,1,1,0
wavmark,3,1024,121,chinese:SSB0375,1,fwp,"[8858, 30485, 45932]",14263,0,-4.0,-2.0,2.0,14,1,1,1
wavmark,3,4096,121,chinese:SSB0375,1,fwp,"[8858, 30485, 45932]",46991,0,-4.0,-2.0,2.0,38,1,1,1
wavmark,3,16384,121,chinese:SSB0375,1,fwp,"[8858, 30485, 45932]",47007,0,-4.0,-1.0,3.0,178,1,1,1
wavmark,3,65536,121,chinese:SSB0375,1,fwp,"[8858, 30485, 45932]",14239,0,-4.0,-0.0,4.0,698,1,1,1
wavmark,3,256,122,chinese:SSB0375,2,mean,"[44951, 45267, 55675]",45267,1,-2.0,-3.0,-1.0,1,0,0,0
wavmark,3,1024,122,chinese:SSB0375,2,mean,"[44951, 45267, 55675]",48531,0,-2.0,-2.0,0.0,1,1,0,0
wavmark,3,4096,122,chinese:SSB0375,2,mean,"[44951, 45267, 55675]",48599,0,-2.0,-2.0,0.0,1,1,0,0
wavmark,3,16384,122,chinese:SSB0375,2,mean,"[44951, 45267, 55675]",63955,0,-2.0,-1.0,1.0,9,1,1,1
wavmark,3,65536,122,chinese:SSB0375,2,mean,"[44951, 45267, 55675]",47571,0,-2.0,-0.0,2.0,18,1,1,1
wavmark,3,256,122,chinese:SSB0375,2,fwp,"[44951, 45267, 55675]",53247,0,-3.0,-2.0,1.0,3,1,1,0
wavmark,3,1024,122,chinese:SSB0375,2,fwp,"[44951, 45267, 55675]",47103,0,-3.0,-2.0,1.0,4,1,1,1
wavmark,3,4096,122,chinese:SSB0375,2,fwp,"[44951, 45267, 55675]",45023,0,-3.0,-1.0,2.0,11,1,1,1
wavmark,3,16384,122,chinese:SSB0375,2,fwp,"[44951, 45267, 55675]",45055,0,-3.0,-0.0,3.0,38,1,1,1
wavmark,3,65536,122,chinese:SSB0375,2,fwp,"[44951, 45267, 55675]",45055,0,-3.0,-0.0,3.0,138,1,1,1
wavmark,3,256,123,chinese:SSB0379,0,mean,"[5140, 30607, 54889]",21277,0,-4.0,-2.0,2.0,7,1,1,1
wavmark,3,1024,123,chinese:SSB0379,0,mean,"[5140, 30607, 54889]",22033,0,-4.0,-2.0,2.0,9,1,1,1
wavmark,3,4096,123,chinese:SSB0379,0,mean,"[5140, 30607, 54889]",22041,0,-4.0,-1.0,3.0,54,1,1,1
wavmark,3,16384,123,chinese:SSB0379,0,mean,"[5140, 30607, 54889]",54813,0,-4.0,-1.0,3.0,173,1,1,1
wavmark,3,65536,123,chinese:SSB0379,0,mean,"[5140, 30607, 54889]",22045,0,-4.0,-0.0,4.0,698,1,1,1
wavmark,3,256,123,chinese:SSB0379,0,fwp,"[5140, 30607, 54889]",40062,0,-4.0,-3.0,1.0,4,1,1,0
wavmark,3,1024,123,chinese:SSB0379,0,fwp,"[5140, 30607, 54889]",54653,0,-4.0,-2.0,2.0,15,1,1,1
wavmark,3,4096,123,chinese:SSB0379,0,fwp,"[5140, 30607, 54889]",38269,0,-4.0,-1.0,3.0,46,1,1,1
wavmark,3,16384,123,chinese:SSB0379,0,fwp,"[5140, 30607, 54889]",38269,0,-4.0,-1.0,3.0,181,1,1,1
wavmark,3,65536,123,chinese:SSB0379,0,fwp,"[5140, 30607, 54889]",38013,0,-4.0,-0.0,4.0,698,1,1,1
wavmark,3,256,124,chinese:SSB0379,1,mean,"[19469, 35275, 49585]",52124,0,-3.0,-3.0,0.0,1,1,0,0
wavmark,3,1024,124,chinese:SSB0379,1,mean,"[19469, 35275, 49585]",55721,0,-3.0,-3.0,0.0,1,1,1,0
wavmark,3,4096,124,chinese:SSB0379,1,mean,"[19469, 35275, 49585]",52121,0,-3.0,-1.0,2.0,17,1,1,1
wavmark,3,16384,124,chinese:SSB0379,1,mean,"[19469, 35275, 49585]",59801,0,-3.0,-1.0,2.0,41,1,1,1
wavmark,3,65536,124,chinese:SSB0379,1,mean,"[19469, 35275, 49585]",51609,0,-3.0,-0.0,3.0,138,1,1,1
wavmark,3,256,124,chinese:SSB0379,1,fwp,"[19469, 35275, 49585]",52724,0,-4.0,-3.0,1.0,3,1,1,1
wavmark,3,1024,124,chinese:SSB0379,1,fwp,"[19469, 35275, 49585]",52663,0,-4.0,-2.0,2.0,15,1,1,1
wavmark,3,4096,124,chinese:SSB0379,1,fwp,"[19469, 35275, 49585]",60733,0,-4.0,-2.0,2.0,49,1,1,1
wavmark,3,16384,124,chinese:SSB0379,1,fwp,"[19469, 35275, 49585]",52669,0,-4.0,-0.0,4.0,171,1,1,1
wavmark,3,65536,124,chinese:SSB0379,1,fwp,"[19469, 35275, 49585]",52669,0,-4.0,-0.0,4.0,698,1,1,1
wavmark,3,256,125,chinese:SSB0379,2,mean,"[32808, 60778, 63302]",60778,1,-1.0,-3.0,-2.0,1,0,0,0
wavmark,3,1024,125,chinese:SSB0379,2,mean,"[32808, 60778, 63302]",60778,1,-1.0,-2.0,-1.0,1,0,0,0
wavmark,3,4096,125,chinese:SSB0379,2,mean,"[32808, 60778, 63302]",60778,1,-1.0,-2.0,-1.0,1,0,0,0
wavmark,3,16384,125,chinese:SSB0379,2,mean,"[32808, 60778, 63302]",62826,0,-1.0,-1.0,0.0,1,1,0,0
wavmark,3,65536,125,chinese:SSB0379,2,mean,"[32808, 60778, 63302]",58730,0,-1.0,-0.0,1.0,2,1,0,0
wavmark,3,256,125,chinese:SSB0379,2,fwp,"[32808, 60778, 63302]",63302,1,-3.0,-3.0,0.0,1,0,0,0
wavmark,3,1024,125,chinese:SSB0379,2,fwp,"[32808, 60778, 63302]",46954,0,-3.0,-1.0,2.0,3,1,0,0
wavmark,3,4096,125,chinese:SSB0379,2,fwp,"[32808, 60778, 63302]",46959,0,-3.0,-1.0,2.0,14,1,1,1
wavmark,3,16384,125,chinese:SSB0379,2,fwp,"[32808, 60778, 63302]",47086,0,-3.0,-1.0,2.0,40,1,1,1
wavmark,3,65536,125,chinese:SSB0379,2,fwp,"[32808, 60778, 63302]",46958,0,-3.0,-0.0,3.0,138,1,1,1
wavmark,3,256,126,chinese:SSB0380,0,mean,"[28298, 35568, 55423]",35568,1,-3.0,-3.0,0.0,1,0,0,0
wavmark,3,1024,126,chinese:SSB0380,0,mean,"[28298, 35568, 55423]",52202,0,-3.0,-2.0,1.0,2,1,1,1
wavmark,3,4096,126,chinese:SSB0380,0,mean,"[28298, 35568, 55423]",64250,0,-3.0,-2.0,1.0,7,1,1,1
wavmark,3,16384,126,chinese:SSB0380,0,mean,"[28298, 35568, 55423]",56058,0,-3.0,-1.0,2.0,37,1,1,1
wavmark,3,65536,126,chinese:SSB0380,0,mean,"[28298, 35568, 55423]",51962,0,-3.0,-0.0,3.0,138,1,1,1
wavmark,3,256,126,chinese:SSB0380,0,fwp,"[28298, 35568, 55423]",61147,0,-5.0,-2.0,3.0,13,1,1,1
wavmark,3,1024,126,chinese:SSB0380,0,fwp,"[28298, 35568, 55423]",65278,0,-5.0,-2.0,3.0,42,1,1,1
wavmark,3,4096,126,chinese:SSB0380,0,fwp,"[28298, 35568, 55423]",65278,0,-5.0,-2.0,3.0,160,1,1,1
wavmark,3,16384,126,chinese:SSB0380,0,fwp,"[28298, 35568, 55423]",61182,0,-5.0,-1.0,4.0,601,1,1,1
wavmark,3,65536,126,chinese:SSB0380,0,fwp,"[28298, 35568, 55423]",61183,0,-5.0,-0.0,5.0,2518,1,1,1
wavmark,3,256,127,chinese:SSB0380,1,mean,"[37853, 54009, 59120]",54009,1,-0.0,-1.0,-1.0,1,0,0,0
wavmark,3,1024,127,chinese:SSB0380,1,mean,"[37853, 54009, 59120]",54009,1,-0.0,-1.0,-1.0,1,0,0,0
wavmark,3,4096,127,chinese:SSB0380,1,mean,"[37853, 54009, 59120]",54009,1,-0.0,-1.0,-1.0,1,0,0,0
wavmark,3,16384,127,chinese:SSB0380,1,mean,"[37853, 54009, 59120]",54009,1,-0.0,-1.0,-1.0,1,0,0,0
wavmark,3,65536,127,chinese:SSB0380,1,mean,"[37853, 54009, 59120]",54009,1,-0.0,-1.0,-1.0,1,0,0,0
wavmark,3,256,127,chinese:SSB0380,1,fwp,"[37853, 54009, 59120]",42589,0,-4.0,-3.0,1.0,3,1,1,1
wavmark,3,1024,127,chinese:SSB0380,1,fwp,"[37853, 54009, 59120]",42972,0,-4.0,-2.0,2.0,13,1,1,1
wavmark,3,4096,127,chinese:SSB0380,1,fwp,"[37853, 54009, 59120]",41981,0,-4.0,-1.0,3.0,46,1,1,1
wavmark,3,16384,127,chinese:SSB0380,1,fwp,"[37853, 54009, 59120]",43005,0,-4.0,-0.0,4.0,179,1,1,1
wavmark,3,65536,127,chinese:SSB0380,1,fwp,"[37853, 54009, 59120]",43005,0,-4.0,-0.0,4.0,698,1,1,1
wavmark,3,256,128,chinese:SSB0380,2,mean,"[8420, 18597, 64921]",18597,1,-2.0,-4.0,-2.0,1,0,0,0
wavmark,3,1024,128,chinese:SSB0380,2,mean,"[8420, 18597, 64921]",30897,0,-2.0,-2.0,0.0,1,1,1,1
wavmark,3,4096,128,chinese:SSB0380,2,mean,"[8420, 18597, 64921]",60597,0,-2.0,-2.0,0.0,1,1,1,1
wavmark,3,16384,128,chinese:SSB0380,2,mean,"[8420, 18597, 64921]",26805,0,-2.0,-0.0,2.0,7,1,1,1
wavmark,3,65536,128,chinese:SSB0380,2,mean,"[8420, 18597, 64921]",26805,0,-2.0,-0.0,2.0,18,1,1,1
wavmark,3,256,128,chinese:SSB0380,2,fwp,"[8420, 18597, 64921]",12285,0,-5.0,-2.0,3.0,10,1,1,1
wavmark,3,1024,128,chinese:SSB0380,2,fwp,"[8420, 18597, 64921]",44477,0,-5.0,-1.0,4.0,50,1,1,1
wavmark,3,4096,128,chinese:SSB0380,2,fwp,"[8420, 18597, 64921]",44540,0,-5.0,-1.0,4.0,146,1,1,1
wavmark,3,16384,128,chinese:SSB0380,2,fwp,"[8420, 18597, 64921]",60925,0,-5.0,-1.0,4.0,616,1,1,1
wavmark,3,65536,128,chinese:SSB0380,2,fwp,"[8420, 18597, 64921]",44541,0,-5.0,-0.0,5.0,2518,1,1,1
wavmark,3,256,129,chinese:SSB0382,0,mean,"[25194, 30227, 55186]",30227,1,-1.0,-3.0,-2.0,1,0,0,0
wavmark,3,1024,129,chinese:SSB0382,0,mean,"[25194, 30227, 55186]",30227,1,-1.0,-2.0,-1.0,1,0,0,0
wavmark,3,4096,129,chinese:SSB0382,0,mean,"[25194, 30227, 55186]",30227,1,-1.0,-2.0,-1.0,1,0,0,0
wavmark,3,16384,129,chinese:SSB0382,0,mean,"[25194, 30227, 55186]",30354,0,-1.0,-1.0,0.0,1,1,1,0
wavmark,3,65536,129,chinese:SSB0382,0,mean,"[25194, 30227, 55186]",30226,0,-1.0,-0.0,1.0,2,1,1,1
wavmark,3,256,129,chinese:SSB0382,0,fwp,"[25194, 30227, 55186]",30202,0,-4.0,-2.0,2.0,4,1,1,1
wavmark,3,1024,129,chinese:SSB0382,0,fwp,"[25194, 30227, 55186]",63451,0,-4.0,-2.0,2.0,13,1,1,1
wavmark,3,4096,129,chinese:SSB0382,0,fwp,"[25194, 30227, 55186]",63486,0,-4.0,-1.0,3.0,40,1,1,1
wavmark,3,16384,129,chinese:SSB0382,0,fwp,"[25194, 30227, 55186]",63418,0,-4.0,-1.0,3.0,192,1,1,1
wavmark,3,65536,129,chinese:SSB0382,0,fwp,"[25194, 30227, 55186]",63482,0,-4.0,-0.0,4.0,698,1,1,1
wavmark,3,256,130,chinese:SSB0382,1,mean,"[32597, 36911, 50476]",50476,1,-3.0,-3.0,0.0,1,0,0,0
wavmark,3,1024,130,chinese:SSB0382,1,mean,"[32597, 36911, 50476]",56637,0,-3.0,-1.0,2.0,2,1,1,1
wavmark,3,4096,130,chinese:SSB0382,1,mean,"[32597, 36911, 50476]",54584,0,-3.0,-2.0,1.0,6,1,1,1
wavmark,3,16384,130,chinese:SSB0382,1,mean,"[32597, 36911, 50476]",56637,0,-3.0,-1.0,2.0,30,1,1,1
wavmark,3,65536,130,chinese:SSB0382,1,mean,"[32597, 36911, 50476]",54589,0,-3.0,-0.0,3.0,138,1,1,1
wavmark,3,256,130,chinese:SSB0382,1,fwp,"[32597, 36911, 50476]",16382,0,-4.0,-2.0,2.0,4,1,1,1
wavmark,3,1024,130,chinese:SSB0382,1,fwp,"[32597, 36911, 50476]",49023,0,-4.0,-1.0,3.0,20,1,1,1
wavmark,3,4096,130,chinese:SSB0382,1,fwp,"[32597, 36911, 50476]",32639,0,-4.0,-1.0,3.0,49,1,1,1
wavmark,3,16384,130,chinese:SSB0382,1,fwp,"[32597, 36911, 50476]",16223,0,-4.0,-1.0,3.0,176,1,1,1
wavmark,3,65536,130,chinese:SSB0382,1,fwp,"[32597, 36911, 50476]",16255,0,-4.0,-0.0,4.0,698,1,1,1
wavmark,3,256,131,chinese:SSB0382,2,mean,"[43550, 48254, 57040]",48254,1,-2.0,-3.0,-1.0,1,0,0,0
wavmark,3,1024,131,chinese:SSB0382,2,mean,"[43550, 48254, 57040]",48728,0,-2.0,-2.0,0.0,1,1,0,0
wavmark,3,4096,131,chinese:SSB0382,2,mean,"[43550, 48254, 57040]",46686,0,-2.0,-1.0,1.0,2,1,1,0
wavmark,3,16384,131,chinese:SSB0382,2,mean,"[43550, 48254, 57040]",48862,0,-2.0,-1.0,1.0,10,1,1,1
wavmark,3,65536,131,chinese:SSB0382,2,mean,"[43550, 48254, 57040]",48734,0,-2.0,-0.0,2.0,18,1,1,1
wavmark,3,256,131,chinese:SSB0382,2,fwp,"[43550, 48254, 57040]",65435,0,-4.0,-3.0,1.0,4,1,1,1
wavmark,3,1024,131,chinese:SSB0382,2,fwp,"[43550, 48254, 57040]",64926,0,-4.0,-2.0,2.0,12,1,1,1
wavmark,3,4096,131,chinese:SSB0382,2,fwp,"[43550, 48254, 57040]",65502,0,-4.0,-2.0,2.0,45,1,1,1
wavmark,3,16384,131,chinese:SSB0382,2,fwp,"[43550, 48254, 57040]",65183,0,-4.0,-1.0,3.0,177,1,1,1
wavmark,3,65536,131,chinese:SSB0382,2,fwp,"[43550, 48254, 57040]",65182,0,-4.0,-0.0,4.0,698,1,1,1
wavmark,3,256,132,chinese:SSB0385,0,mean,"[3442, 11888, 62377]",11888,1,-1.0,-3.0,-2.0,1,0,0,0
wavmark,3,1024,132,chinese:SSB0385,0,mean,"[3442, 11888, 62377]",11888,1,-1.0,-2.0,-1.0,1,0,0,0
wavmark,3,4096,132,chinese:SSB0385,0,mean,"[3442, 11888, 62377]",11888,1,-1.0,-1.0,0.0,1,0,0,0
wavmark,3,16384,132,chinese:SSB0385,0,mean,"[3442, 11888, 62377]",12146,0,-1.0,-1.0,0.0,1,1,0,0
wavmark,3,65536,132,chinese:SSB0385,0,mean,"[3442, 11888, 62377]",12144,0,-1.0,-0.0,1.0,2,1,1,1
wavmark,3,256,132,chinese:SSB0385,0,fwp,"[3442, 11888, 62377]",60347,0,-6.0,-2.0,4.0,26,1,1,1
wavmark,3,1024,132,chinese:SSB0385,0,fwp,"[3442, 11888, 62377]",61437,0,-6.0,-2.0,4.0,112,1,1,1
wavmark,3,4096,132,chinese:SSB0385,0,fwp,"[3442, 11888, 62377]",61371,0,-6.0,-1.0,5.0,403,1,1,1
wavmark,3,16384,132,chinese:SSB0385,0,fwp,"[3442, 11888, 62377]",61435,0,-6.0,-0.0,6.0,1697,1,1,1
wavmark,3,65536,132,chinese:SSB0385,0,fwp,"[3442, 11888, 62377]",61435,0,-6.0,-0.0,6.0,6886,1,1,1
wavmark,3,256,133,chinese:SSB0385,1,mean,"[3766, 37224, 41793]",34144,0,-4.0,-3.0,1.0,3,1,1,1
wavmark,3,1024,133,chinese:SSB0385,1,mean,"[3766, 37224, 41793]",33136,0,-4.0,-1.0,3.0,19,1,1,1
wavmark,3,4096,133,chinese:SSB0385,1,mean,"[3766, 37224, 41793]",37488,0,-4.0,-2.0,2.0,35,1,1,1
wavmark,3,16384,133,chinese:SSB0385,1,mean,"[3766, 37224, 41793]",33648,0,-4.0,-0.0,4.0,187,1,1,1
wavmark,3,65536,133,chinese:SSB0385,1,mean,"[3766, 37224, 41793]",33648,0,-4.0,-0.0,4.0,698,1,1,1
wavmark,3,256,133,chinese:SSB0385,1,fwp,"[3766, 37224, 41793]",49149,0,-4.0,-4.0,0.0,1,1,1,1
wavmark,3,1024,133,chinese:SSB0385,1,fwp,"[3766, 37224, 41793]",12261,0,-4.0,-2.0,2.0,9,1,1,1
wavmark,3,4096,133,chinese:SSB0385,1,fwp,"[3766, 37224, 41793]",12277,0,-4.0,-1.0,3.0,39,1,1,1
wavmark,3,16384,133,chinese:SSB0385,1,fwp,"[3766, 37224, 41793]",45047,0,-4.0,-1.0,3.0,159,1,1,1
wavmark,3,65536,133,chinese:SSB0385,1,fwp,"[3766, 37224, 41793]",12279,0,-4.0,-0.0,4.0,698,1,1,1
wavmark,3,256,134,chinese:SSB0385,2,mean,"[8092, 17842, 28325]",28580,0,-3.0,-1.0,2.0,2,1,0,0
wavmark,3,1024,134,chinese:SSB0385,2,mean,"[8092, 17842, 28325]",26549,0,-3.0,-2.0,1.0,3,1,1,1
wavmark,3,4096,134,chinese:SSB0385,2,mean,"[8092, 17842, 28325]",61364,0,-3.0,-1.0,2.0,11,1,1,1
wavmark,3,16384,134,chinese:SSB0385,2,mean,"[8092, 17842, 28325]",28660,0,-3.0,-1.0,2.0,31,1,1,1
wavmark,3,65536,134,chinese:SSB0385,2,mean,"[8092, 17842, 28325]",28596,0,-3.0,-0.0,3.0,138,1,1,1
wavmark,3,256,134,chinese:SSB0385,2,fwp,"[8092, 17842, 28325]",36541,0,-4.0,-3.0,1.0,3,1,1,1
wavmark,3,1024,134,chinese:SSB0385,2,fwp,"[8092, 17842, 28325]",16317,0,-4.0,-1.0,3.0,10,1,1,1
wavmark,3,4096,134,chinese:SSB0385,2,fwp,"[8092, 17842, 28325]",12189,0,-4.0,-1.0,3.0,47,1,1,1
wavmark,3,16384,134,chinese:SSB0385,2,fwp,"[8092, 17842, 28325]",12221,0,-4.0,-0.0,4.0,189,1,1,1
wavmark,3,65536,134,chinese:SSB0385,2,fwp,"[8092, 17842, 28325]",12221,0,-4.0,-0.0,4.0,698,1,1,1
wavmark,3,256,135,chinese:SSB0393,0,mean,"[4821, 38657, 51259]",38657,1,-3.0,-3.0,0.0,1,0,0,0
wavmark,3,1024,135,chinese:SSB0393,0,mean,"[4821, 38657, 51259]",53809,0,-3.0,-2.0,1.0,5,1,1,1
wavmark,3,4096,135,chinese:SSB0393,0,mean,"[4821, 38657, 51259]",37633,0,-3.0,-2.0,1.0,7,1,1,1
wavmark,3,16384,135,chinese:SSB0393,0,mean,"[4821, 38657, 51259]",45585,0,-3.0,-1.0,2.0,37,1,1,1
wavmark,3,65536,135,chinese:SSB0393,0,mean,"[4821, 38657, 51259]",37393,0,-3.0,-0.0,3.0,138,1,1,1
wavmark,3,256,135,chinese:SSB0393,0,fwp,"[4821, 38657, 51259]",39551,0,-5.0,-2.0,3.0,16,1,1,1
wavmark,3,1024,135,chinese:SSB0393,0,fwp,"[4821, 38657, 51259]",39103,0,-5.0,-1.0,4.0,43,1,1,1
wavmark,3,4096,135,chinese:SSB0393,0,fwp,"[4821, 38657, 51259]",55551,0,-5.0,-1.0,4.0,143,1,1,1
wavmark,3,16384,135,chinese:SSB0393,0,fwp,"[4821, 38657, 51259]",47359,0,-5.0,-1.0,4.0,629,1,1,1
wavmark,3,65536,135,chinese:SSB0393,0,fwp,"[4821, 38657, 51259]",39167,0,-5.0,-0.0,5.0,2518,1,1,1
wavmark,3,256,136,chinese:SSB0393,1,mean,"[2429, 4864, 38387]",4985,0,-4.0,-2.0,2.0,3,1,1,0
wavmark,3,1024,136,chinese:SSB0393,1,mean,"[2429, 4864, 38387]",5491,0,-4.0,-2.0,2.0,6,1,1,1
wavmark,3,4096,136,chinese:SSB0393,1,mean,"[2429, 4864, 38387]",5489,0,-4.0,-1.0,3.0,33,1,1,1
wavmark,3,16384,136,chinese:SSB0393,1,mean,"[2429, 4864, 38387]",37233,0,-4.0,-1.0,3.0,157,1,1,1
wavmark,3,65536,136,chinese:SSB0393,1,mean,"[2429, 4864, 38387]",4465,0,-4.0,-0.0,4.0,698,1,1,1
wavmark,3,256,136,chinese:SSB0393,1,fwp,"[2429, 4864, 38387]",38387,1,-1.0,-3.0,-2.0,1,0,0,0
wavmark,3,1024,136,chinese:SSB0393,1,fwp,"[2429, 4864, 38387]",38771,0,-1.0,-1.0,0.0,1,1,0,0
wavmark,3,4096,136,chinese:SSB0393,1,fwp,"[2429, 4864, 38387]",47091,0,-1.0,-1.0,0.0,1,1,1,0
wavmark,3,16384,136,chinese:SSB0393,1,fwp,"[2429, 4864, 38387]",38899,0,-1.0,-0.0,1.0,2,1,1,0
wavmark,3,65536,136,chinese:SSB0393,1,fwp,"[2429, 4864, 38387]",38899,0,-1.0,-0.0,1.0,2,1,1,1
wavmark,3,256,137,chinese:SSB0393,2,mean,"[41714, 43504, 56320]",43504,1,-1.0,-2.0,-1.0,1,0,0,0
wavmark,3,1024,137,chinese:SSB0393,2,mean,"[41714, 43504, 56320]",43504,1,-1.0,-2.0,-1.0,1,0,0,0
wavmark,3,4096,137,chinese:SSB0393,2,mean,"[41714, 43504, 56320]",43504,1,-1.0,-1.0,0.0,1,0,0,0
wavmark,3,16384,137,chinese:SSB0393,2,mean,"[41714, 43504, 56320]",59632,0,-1.0,-1.0,0.0,1,1,0,0
wavmark,3,65536,137,chinese:SSB0393,2,mean,"[41714, 43504, 56320]",43248,0,-1.0,-0.0,1.0,2,1,1,1
wavmark,3,256,137,chinese:SSB0393,2,fwp,"[41714, 43504, 56320]",41714,1,-3.0,-4.0,-1.0,1,0,0,0
wavmark,3,1024,137,chinese:SSB0393,2,fwp,"[41714, 43504, 56320]",61298,0,-3.0,-2.0,1.0,4,1,1,1
wavmark,3,4096,137,chinese:SSB0393,2,fwp,"[41714, 43504, 56320]",61426,0,-3.0,-1.0,2.0,11,1,1,1
wavmark,3,16384,137,chinese:SSB0393,2,fwp,"[41714, 43504, 56320]",61170,0,-3.0,-0.0,3.0,34,1,1,1
wavmark,3,65536,137,chinese:SSB0393,2,fwp,"[41714, 43504, 56320]",61170,0,-3.0,-0.0,3.0,138,1,1,1
wavmark,3,256,138,chinese:SSB0394,0,mean,"[26933, 33396, 38667]",41909,0,-3.0,-2.0,1.0,2,1,0,0
wavmark,3,1024,138,chinese:SSB0394,0,mean,"[26933, 33396, 38667]",33557,0,-3.0,-1.0,2.0,2,1,1,1
wavmark,3,4096,138,chinese:SSB0394,0,mean,"[26933, 33396, 38667]",33591,0,-3.0,-1.0,2.0,12,1,1,1
wavmark,3,16384,138,chinese:SSB0394,0,mean,"[26933, 33396, 38667]",37685,0,-3.0,-1.0,2.0,43,1,1,1
wavmark,3,65536,138,chinese:SSB0394,0,mean,"[26933, 33396, 38667]",33589,0,-3.0,-0.0,3.0,138,1,1,1
wavmark,3,256,138,chinese:SSB0394,0,fwp,"[26933, 33396, 38667]",42559,0,-6.0,-2.0,4.0,34,1,1,1
wavmark,3,1024,138,chinese:SSB0394,0,fwp,"[26933, 33396, 38667]",44985,0,-6.0,-3.0,3.0,108,1,1,1
wavmark,3,4096,138,chinese:SSB0394,0,fwp,"[26933, 33396, 38667]",49023,0,-6.0,-2.0,4.0,421,1,1,1
wavmark,3,16384,138,chinese:SSB0394,0,fwp,"[26933, 33396, 38667]",61247,0,-6.0,-1.0,5.0,1728,1,1,1
wavmark,3,65536,138,chinese:SSB0394,0,fwp,"[26933, 33396, 38667]",44863,0,-6.0,-0.0,6.0,6886,1,1,1
wavmark,3,256,139,chinese:SSB0394,1,mean,"[20584, 39175, 44426]",39175,1,-3.0,-3.0,0.0,1,0,0,0
wavmark,3,1024,139,chinese:SSB0394,1,mean,"[20584, 39175, 44426]",47434,0,-3.0,-2.0,1.0,3,1,1,1
wavmark,3,4096,139,chinese:SSB0394,1,mean,"[20584, 39175, 44426]",39182,0,-3.0,-1.0,2.0,5,1,1,1
wavmark,3,16384,139,chinese:SSB0394,1,mean,"[20584, 39175, 44426]",39242,0,-3.0,-1.0,2.0,35,1,1,1
wavmark,3,65536,139,chinese:SSB0394,1,mean,"[20584, 39175, 44426]",39178,0,-3.0,-0.0,3.0,138,1,1,1
wavmark,3,256,139,chinese:SSB0394,1,fwp,"[20584, 39175, 44426]",44426,1,-2.0,-3.0,-1.0,1,0,0,0
wavmark,3,1024,139,chinese:SSB0394,1,fwp,"[20584, 39175, 44426]",44514,0,-2.0,-1.0,1.0,2,1,0,0
wavmark,3,4096,139,chinese:SSB0394,1,fwp,"[20584, 39175, 44426]",48619,0,-2.0,-2.0,0.0,1,1,1,0
wavmark,3,16384,139,chinese:SSB0394,1,fwp,"[20584, 39175, 44426]",44522,0,-2.0,-0.0,2.0,6,1,1,1
wavmark,3,65536,139,chinese:SSB0394,1,fwp,"[20584, 39175, 44426]",44522,0,-2.0,-0.0,2.0,18,1,1,1
wavmark,3,256,140,chinese:SSB0394,2,mean,"[7046, 8370, 40499]",39442,0,-4.0,-3.0,1.0,4,1,1,0
wavmark,3,1024,140,chinese:SSB0394,2,mean,"[7046, 8370, 40499]",7154,0,-4.0,-2.0,2.0,19,1,1,1
wavmark,3,4096,140,chinese:SSB0394,2,mean,"[7046, 8370, 40499]",39858,0,-4.0,-2.0,2.0,49,1,1,1
wavmark,3,16384,140,chinese:SSB0394,2,mean,"[7046, 8370, 40499]",39602,0,-4.0,-1.0,3.0,157,1,1,1
wavmark,3,65536,140,chinese:SSB0394,2,mean,"[7046, 8370, 40499]",6834,0,-4.0,-0.0,4.0,698,1,1,1
wavmark,3,256,140,chinese:SSB0394,2,fwp,"[7046, 8370, 40499]",48823,0,-3.0,-2.0,1.0,3,1,0,0
wavmark,3,1024,140,chinese:SSB0394,2,fwp,"[7046, 8370, 40499]",61113,0,-3.0,-3.0,0.0,1,1,1,0
wavmark,3,4096,140,chinese:SSB0394,2,fwp,"[7046, 8370, 40499]",44595,0,-3.0,-1.0,2.0,9,1,1,1
wavmark,3,16384,140,chinese:SSB0394,2,fwp,"[7046, 8370, 40499]",44787,0,-3.0,-1.0,2.0,31,1,1,1
wavmark,3,65536,140,chinese:SSB0394,2,fwp,"[7046, 8370, 40499]",44723,0,-3.0,-0.0,3.0,138,1,1,1
wavmark,3,256,141,chinese:SSB0395,0,mean,"[21675, 45782, 53102]",56830,0,-5.0,-3.0,2.0,6,1,1,1
wavmark,3,1024,141,chinese:SSB0395,0,mean,"[21675, 45782, 53102]",50926,0,-5.0,-2.0,3.0,34,1,1,1
wavmark,3,4096,141,chinese:SSB0395,0,mean,"[21675, 45782, 53102]",22270,0,-5.0,-1.0,4.0,158,1,1,1
wavmark,3,16384,141,chinese:SSB0395,0,mean,"[21675, 45782, 53102]",63230,0,-5.0,-1.0,4.0,602,1,1,1
wavmark,3,65536,141,chinese:SSB0395,0,mean,"[21675, 45782, 53102]",55038,0,-5.0,-0.0,5.0,2518,1,1,1
wavmark,3,256,141,chinese:SSB0395,0,fwp,"[21675, 45782, 53102]",30620,0,-5.0,-4.0,1.0,8,1,1,1
wavmark,3,1024,141,chinese:SSB0395,0,fwp,"[21675, 45782, 53102]",13990,0,-5.0,-2.0,3.0,43,1,1,1
wavmark,3,4096,141,chinese:SSB0395,0,fwp,"[21675, 45782, 53102]",16318,0,-5.0,-2.0,3.0,158,1,1,1
wavmark,3,16384,141,chinese:SSB0395,0,fwp,"[21675, 45782, 53102]",14012,0,-5.0,-1.0,4.0,622,1,1,1
wavmark,3,65536,141,chinese:SSB0395,0,fwp,"[21675, 45782, 53102]",14014,0,-5.0,-0.0,5.0,2518,1,1,1
wavmark,3,256,142,chinese:SSB0395,1,mean,"[12134, 22504, 25575]",27622,0,-2.0,-2.0,0.0,1,1,0,0
wavmark,3,1024,142,chinese:SSB0395,1,mean,"[12134, 22504, 25575]",59362,0,-2.0,-2.0,0.0,1,1,0,0
wavmark,3,4096,142,chinese:SSB0395,1,mean,"[12134, 22504, 25575]",26606,0,-2.0,-1.0,1.0,2,1,1,0
wavmark,3,16384,142,chinese:SSB0395,1,mean,"[12134, 22504, 25575]",28646,0,-2.0,-1.0,1.0,5,1,1,1
wavmark,3,65536,142,chinese:SSB0395,1,mean,"[12134, 22504, 25575]",26598,0,-2.0,-0.0,2.0,18,1,1,1
wavmark,3,256,142,chinese:SSB0395,1,fwp,"[12134, 22504, 25575]",12270,0,-2.0,-0.0,2.0,2,1,0,0
wavmark,3,1024,142,chinese:SSB0395,1,fwp,"[12134, 22504, 25575]",12134,1,-2.0,-2.0,0.0,1,0,0,0
wavmark,3,4096,142,chinese:SSB0395,1,fwp,"[12134, 22504, 25575]",45038,0,-2.0,-1.0,1.0,2,1,1,1
wavmark,3,16384,142,chinese:SSB0395,1,fwp,"[12134, 22504, 25575]",12286,0,-2.0,-1.0,1.0,5,1,1,1
wavmark,3,65536,142,chinese:SSB0395,1,fwp,"[12134, 22504, 25575]",12270,0,-2.0,-0.0,2.0,18,1,1,1
wavmark,3,256,143,chinese:SSB0395,2,mean,"[28241, 40111, 49245]",49245,1,-2.0,-4.0,-2.0,1,0,0,0
wavmark,3,1024,143,chinese:SSB0395,2,mean,"[28241, 40111, 49245]",55389,0,-2.0,-2.0,0.0,1,1,0,0
wavmark,3,4096,143,chinese:SSB0395,2,mean,"[28241, 40111, 49245]",52829,0,-2.0,-1.0,1.0,2,1,1,1
wavmark,3,16384,143,chinese:SSB0395,2,mean,"[28241, 40111, 49245]",60509,0,-2.0,-1.0,1.0,3,1,1,1
wavmark,3,65536,143,chinese:SSB0395,2,mean,"[28241, 40111, 49245]",52317,0,-2.0,-0.0,2.0,18,1,1,1
wavmark,3,256,143,chinese:SSB0395,2,fwp,"[28241, 40111, 49245]",49079,0,-4.0,-3.0,1.0,2,1,0,0
wavmark,3,1024,143,chinese:SSB0395,2,fwp,"[28241, 40111, 49245]",44725,0,-4.0,-2.0,2.0,12,1,1,1
wavmark,3,4096,143,chinese:SSB0395,2,fwp,"[28241, 40111, 49245]",61119,0,-4.0,-1.0,3.0,47,1,1,1
wavmark,3,16384,143,chinese:SSB0395,2,fwp,"[28241, 40111, 49245]",61119,0,-4.0,-1.0,3.0,179,1,1,1
wavmark,3,65536,143,chinese:SSB0395,2,fwp,"[28241, 40111, 49245]",44735,0,-4.0,-0.0,4.0,698,1,1,1
wavmark,3,256,144,chinese:SSB0407,0,mean,"[23299, 25308, 27498]",27498,1,-1.0,-2.0,-1.0,1,0,0,0
wavmark,3,1024,144,chinese:SSB0407,0,mean,"[23299, 25308, 27498]",27498,1,-1.0,-2.0,-1.0,1,0,0,0
wavmark,3,4096,144,chinese:SSB0407,0,mean,"[23299, 25308, 27498]",27518,0,-1.0,-1.0,0.0,1,1,0,0
wavmark,3,16384,144,chinese:SSB0407,0,mean,"[23299, 25308, 27498]",27498,1,-1.0,-1.0,0.0,1,0,0,0
wavmark,3,65536,144,chinese:SSB0407,0,mean,"[23299, 25308, 27498]",27514,0,-1.0,-0.0,1.0,2,1,1,1
wavmark,3,256,144,chinese:SSB0407,0,fwp,"[23299, 25308, 27498]",60378,0,-4.0,-3.0,1.0,2,1,1,1
wavmark,3,1024,144,chinese:SSB0407,0,fwp,"[23299, 25308, 27498]",64479,0,-4.0,-2.0,2.0,15,1,1,1
wavmark,3,4096,144,chinese:SSB0407,0,fwp,"[23299, 25308, 27498]",60319,0,-4.0,-2.0,2.0,45,1,1,1
wavmark,3,16384,144,chinese:SSB0407,0,fwp,"[23299, 25308, 27498]",27615,0,-4.0,-0.0,4.0,181,1,1,1
wavmark,3,65536,144,chinese:SSB0407,0,fwp,"[23299, 25308, 27498]",27615,0,-4.0,-0.0,4.0,698,1,1,1
wavmark,3,256,145,chinese:SSB0407,1,mean,"[3681, 26638, 26801]",26801,1,-1.0,-1.0,0.0,1,0,0,0
wavmark,3,1024,145,chinese:SSB0407,1,mean,"[3681, 26638, 26801]",26801,1,-1.0,-1.0,0.0,1,0,0,0
wavmark,3,4096,145,chinese:SSB0407,1,mean,"[3681, 26638, 26801]",26801,1,-1.0,-2.0,-1.0,1,0,0,0
wavmark,3,16384,145,chinese:SSB0407,1,mean,"[3681, 26638, 26801]",27697,0,-1.0,-1.0,0.0,1,1,0,0
wavmark,3,65536,145,chinese:SSB0407,1,mean,"[3681, 26638, 26801]",26673,0,-1.0,-0.0,1.0,2,1,1,1
wavmark,3,256,145,chinese:SSB0407,1,fwp,"[3681, 26638, 26801]",11871,0,-4.0,-2.0,2.0,4,1,1,1
wavmark,3,1024,145,chinese:SSB0407,1,fwp,"[3681, 26638, 26801]",11867,0,-4.0,-3.0,1.0,4,1,1,1
wavmark,3,4096,145,chinese:SSB0407,1,fwp,"[3681, 26638, 26801]",11879,0,-4.0,-1.0,3.0,47,1,1,1
wavmark,3,16384,145,chinese:SSB0407,1,fwp,"[3681, 26638, 26801]",11887,0,-4.0,-0.0,4.0,166,1,1,1
wavmark,3,65536,145,chinese:SSB0407,1,fwp,"[3681, 26638, 26801]",11887,0,-4.0,-0.0,4.0,698,1,1,1
wavmark,3,256,146,chinese:SSB0407,2,mean,"[9578, 11534, 26957]",11590,0,-2.0,-2.0,0.0,1,1,0,0
wavmark,3,1024,146,chinese:SSB0407,2,mean,"[9578, 11534, 26957]",44394,0,-2.0,-2.0,0.0,1,1,1,0
wavmark,3,4096,146,chinese:SSB0407,2,mean,"[9578, 11534, 26957]",12142,0,-2.0,-1.0,1.0,2,1,1,1
wavmark,3,16384,146,chinese:SSB0407,2,mean,"[9578, 11534, 26957]",44398,0,-2.0,-1.0,1.0,8,1,1,1
wavmark,3,65536,146,chinese:SSB0407,2,mean,"[9578, 11534, 26957]",11630,0,-2.0,-0.0,2.0,18,1,1,1
wavmark,3,256,146,chinese:SSB0407,2,fwp,"[9578, 11534, 26957]",44655,0,-3.0,-3.0,0.0,1,1,1,0
wavmark,3,1024,146,chinese:SSB0407,2,fwp,"[9578, 11534, 26957]",44397,0,-3.0,-2.0,1.0,3,1,1,1
wavmark,3,4096,146,chinese:SSB0407,2,fwp,"[9578, 11534, 26957]",11599,0,-3.0,-1.0,2.0,11,1,1,1
wavmark,3,16384,146,chinese:SSB0407,2,fwp,"[9578, 11534, 26957]",44399,0,-3.0,-1.0,2.0,32,1,1,1
wavmark,3,65536,146,chinese:SSB0407,2,fwp,"[9578, 11534, 26957]",11631,0,-3.0,-0.0,3.0,138,1,1,1
wavmark,3,256,147,chinese:SSB0415,0,mean,"[25442, 44371, 48044]",45426,0,-4.0,-3.0,1.0,2,1,1,0
wavmark,3,1024,147,chinese:SSB0415,0,mean,"[25442, 44371, 48044]",47930,0,-4.0,-3.0,1.0,9,1,1,1
wavmark,3,4096,147,chinese:SSB0415,0,mean,"[25442, 44371, 48044]",60274,0,-4.0,-1.0,3.0,37,1,1,1
wavmark,3,16384,147,chinese:SSB0415,0,mean,"[25442, 44371, 48044]",47986,0,-4.0,-1.0,3.0,185,1,1,1
wavmark,3,65536,147,chinese:SSB0415,0,mean,"[25442, 44371, 48044]",43890,0,-4.0,-0.0,4.0,698,1,1,1
wavmark,3,256,147,chinese:SSB0415,0,fwp,"[25442, 44371, 48044]",40637,0,-4.0,-3.0,1.0,2,1,1,0
wavmark,3,1024,147,chinese:SSB0415,0,fwp,"[25442, 44371, 48044]",40895,0,-4.0,-1.0,3.0,8,1,1,1
wavmark,3,4096,147,chinese:SSB0415,0,fwp,"[25442, 44371, 48044]",48831,0,-4.0,-1.0,3.0,33,1,1,1
wavmark,3,16384,147,chinese:SSB0415,0,fwp,"[25442, 44371, 48044]",65471,0,-4.0,-1.0,3.0,191,1,1,1
wavmark,3,65536,147,chinese:SSB0415,0,fwp,"[25442, 44371, 48044]",49087,0,-4.0,-0.0,4.0,698,1,1,1
wavmark,3,256,148,chinese:SSB0415,1,mean,"[6716, 31342, 44394]",31342,1,-2.0,-4.0,-2.0,1,0,0,0
wavmark,3,1024,148,chinese:SSB0415,1,mean,"[6716, 31342, 44394]",47740,0,-2.0,-2.0,0.0,1,1,0,0
wavmark,3,4096,148,chinese:SSB0415,1,mean,"[6716, 31342, 44394]",48766,0,-2.0,-2.0,0.0,1,1,0,0
wavmark,3,16384,148,chinese:SSB0415,1,mean,"[6716, 31342, 44394]",15230,0,-2.0,-1.0,1.0,4,1,1,1
wavmark,3,65536,148,chinese:SSB0415,1,mean,"[6716, 31342, 44394]",14974,0,-2.0,-0.0,2.0,18,1,1,1
wavmark,3,256,148,chinese:SSB0415,1,fwp,"[6716, 31342, 44394]",44860,0,-4.0,-1.0,3.0,2,1,1,0
wavmark,3,1024,148,chinese:SSB0415,1,fwp,"[6716, 31342, 44394]",43839,0,-4.0,-2.0,2.0,13,1,1,1
wavmark,3,4096,148,chinese:SSB0415,1,fwp,"[6716, 31342, 44394]",48926,0,-4.0,-2.0,2.0,36,1,1,1
wavmark,3,16384,148,chinese:SSB0415,1,fwp,"[6716, 31342, 44394]",61246,0,-4.0,-1.0,3.0,182,1,1,1
wavmark,3,65536,148,chinese:SSB0415,1,fwp,"[6716, 31342, 44394]",44862,0,-4.0,-0.0,4.0,698,1,1,1
wavmark,3,256,149,chinese:SSB0415,2,mean,"[7432, 16202, 42467]",16202,1,-1.0,-2.0,-1.0,1,0,0,0
wavmark,3,1024,149,chinese:SSB0415,2,mean,"[7432, 16202, 42467]",16202,1,-1.0,-3.0,-2.0,1,0,0,0
wavmark,3,4096,149,chinese:SSB0415,2,mean,"[7432, 16202, 42467]",16202,1,-1.0,-2.0,-1.0,1,0,0,0
wavmark,3,16384,149,chinese:SSB0415,2,mean,"[7432, 16202, 42467]",15690,0,-1.0,-0.0,1.0,2,1,0,0
wavmark,3,65536,149,chinese:SSB0415,2,mean,"[7432, 16202, 42467]",15690,0,-1.0,-0.0,1.0,2,1,1,0
wavmark,3,256,149,chinese:SSB0415,2,fwp,"[7432, 16202, 42467]",48595,0,-3.0,-3.0,0.0,1,1,0,0
wavmark,3,1024,149,chinese:SSB0415,2,fwp,"[7432, 16202, 42467]",48634,0,-3.0,-2.0,1.0,2,1,1,1
wavmark,3,4096,149,chinese:SSB0415,2,fwp,"[7432, 16202, 42467]",49131,0,-3.0,-1.0,2.0,6,1,1,1
wavmark,3,16384,149,chinese:SSB0415,2,fwp,"[7432, 16202, 42467]",48635,0,-3.0,-1.0,2.0,32,1,1,1
wavmark,3,65536,149,chinese:SSB0415,2,fwp,"[7432, 16202, 42467]",48619,0,-3.0,-0.0,3.0,138,1,1,1
wavmark,3,256,150,english:103,0,mean,"[17776, 52254, 62914]",50435,0,-3.0,-3.0,0.0,1,1,0,0
wavmark,3,1024,150,english:103,0,mean,"[17776, 52254, 62914]",59218,0,-3.0,-2.0,1.0,5,1,1,1
wavmark,3,4096,150,english:103,0,mean,"[17776, 52254, 62914]",53586,0,-3.0,-2.0,1.0,10,1,1,1
wavmark,3,16384,150,english:103,0,mean,"[17776, 52254, 62914]",58706,0,-3.0,-1.0,2.0,39,1,1,1
wavmark,3,65536,150,english:103,0,mean,"[17776, 52254, 62914]",50514,0,-3.0,-0.0,3.0,138,1,1,1
wavmark,3,256,150,english:103,0,fwp,"[17776, 52254, 62914]",60574,0,-4.0,-2.0,2.0,3,1,1,1
wavmark,3,1024,150,english:103,0,fwp,"[17776, 52254, 62914]",64926,0,-4.0,-2.0,2.0,15,1,1,1
wavmark,3,4096,150,english:103,0,fwp,"[17776, 52254, 62914]",64734,0,-4.0,-2.0,2.0,48,1,1,1
wavmark,3,16384,150,english:103,0,fwp,"[17776, 52254, 62914]",61406,0,-4.0,-1.0,3.0,171,1,1,1
wavmark,3,65536,150,english:103,0,fwp,"[17776, 52254, 62914]",60894,0,-4.0,-0.0,4.0,698,1,1,1
wavmark,3,256,151,english:103,1,mean,"[9255, 17447, 58104]",25653,0,-2.0,-1.0,1.0,2,1,0,0
wavmark,3,1024,151,english:103,1,mean,"[9255, 17447, 58104]",27959,0,-2.0,-2.0,0.0,1,1,0,0
wavmark,3,4096,151,english:103,1,mean,"[9255, 17447, 58104]",25663,0,-2.0,-1.0,1.0,3,1,1,1
wavmark,3,16384,151,english:103,1,mean,"[9255, 17447, 58104]",58423,0,-2.0,-1.0,1.0,7,1,1,1
wavmark,3,65536,151,english:103,1,mean,"[9255, 17447, 58104]",25655,0,-2.0,-0.0,2.0,18,1,1,1
wavmark,3,256,151,english:103,1,fwp,"[9255, 17447, 58104]",46783,0,-5.0,-2.0,3.0,14,1,1,1
wavmark,3,1024,151,english:103,1,fwp,"[9255, 17447, 58104]",42623,0,-5.0,-1.0,4.0,28,1,1,1
wavmark,3,4096,151,english:103,1,fwp,"[9255, 17447, 58104]",42749,0,-5.0,-1.0,4.0,173,1,1,1
wavmark,3,16384,151,english:103,1,fwp,"[9255, 17447, 58104]",44799,0,-5.0,-1.0,4.0,615,1,1,1
wavmark,3,65536,151,english:103,1,fwp,"[9255, 17447, 58104]",42751,0,-5.0,-0.0,5.0,2518,1,1,1
wavmark,3,256,152,english:103,2,mean,"[13265, 15763, 41226]",15763,1,-1.0,-2.0,-1.0,1,0,0,0
wavmark,3,1024,152,english:103,2,mean,"[13265, 15763, 41226]",15763,1,-1.0,-2.0,-1.0,1,0,0,0
wavmark,3,4096,152,english:103,2,mean,"[13265, 15763, 41226]",15763,1,-1.0,-1.0,0.0,1,0,0,0
wavmark,3,16384,152,english:103,2,mean,"[13265, 15763, 41226]",30099,0,-1.0,-1.0,0.0,1,1,0,0
wavmark,3,65536,152,english:103,2,mean,"[13265, 15763, 41226]",13715,0,-1.0,-0.0,1.0,2,1,1,0
wavmark,3,256,152,english:103,2,fwp,"[13265, 15763, 41226]",41971,0,-4.0,-2.0,2.0,3,1,1,1
wavmark,3,1024,152,english:103,2,fwp,"[13265, 15763, 41226]",58074,0,-4.0,-3.0,1.0,9,1,1,1
wavmark,3,4096,152,english:103,2,fwp,"[13265, 15763, 41226]",41946,0,-4.0,-1.0,3.0,49,1,1,1
wavmark,3,16384,152,english:103,2,fwp,"[13265, 15763, 41226]",42971,0,-4.0,-1.0,3.0,173,1,1,1
wavmark,3,65536,152,english:103,2,fwp,"[13265, 15763, 41226]",41947,0,-4.0,-0.0,4.0,698,1,1,1
wavmark,3,256,153,english:1034,0,mean,"[26082, 26815, 39926]",10740,0,-4.0,-2.0,2.0,4,1,1,1
wavmark,3,1024,153,english:1034,0,mean,"[26082, 26815, 39926]",23030,0,-4.0,-2.0,2.0,9,1,1,1
wavmark,3,4096,153,english:1034,0,mean,"[26082, 26815, 39926]",27127,0,-4.0,-1.0,3.0,52,1,1,1
wavmark,3,16384,153,english:1034,0,mean,"[26082, 26815, 39926]",31222,0,-4.0,-1.0,3.0,187,1,1,1
wavmark,3,65536,153,english:1034,0,mean,"[26082, 26815, 39926]",27126,0,-4.0,-0.0,4.0,698,1,1,1
wavmark,3,256,153,english:1034,0,fwp,"[26082, 26815, 39926]",44794,0,-3.0,-3.0,0.0,1,1,0,0
wavmark,3,1024,153,english:1034,0,fwp,"[26082, 26815, 39926]",45030,0,-3.0,-1.0,2.0,10,1,1,1
wavmark,3,4096,153,english:1034,0,fwp,"[26082, 26815, 39926]",59382,0,-3.0,-2.0,1.0,6,1,1,1
wavmark,3,16384,153,english:1034,0,fwp,"[26082, 26815, 39926]",45054,0,-3.0,-1.0,2.0,31,1,1,1
wavmark,3,65536,153,english:1034,0,fwp,"[26082, 26815, 39926]",45046,0,-3.0,-0.0,3.0,138,1,1,1
wavmark,3,256,154,english:1034,1,mean,"[20310, 36371, 49943]",51975,0,-2.0,-2.0,0.0,1,1,0,0
wavmark,3,1024,154,english:1034,1,mean,"[20310, 36371, 49943]",61239,0,-2.0,-2.0,0.0,1,1,1,0
wavmark,3,4096,154,english:1034,1,mean,"[20310, 36371, 49943]",53014,0,-2.0,-1.0,1.0,2,1,1,1
wavmark,3,16384,154,english:1034,1,mean,"[20310, 36371, 49943]",61207,0,-2.0,-1.0,1.0,5,1,1,1
wavmark,3,65536,154,english:1034,1,mean,"[20310, 36371, 49943]",53015,0,-2.0,-0.0,2.0,18,1,1,1
wavmark,3,256,154,english:1034,1,fwp,"[20310, 36371, 49943]",20310,1,-2.0,-3.0,-1.0,1,0,0,0
wavmark,3,1024,154,english:1034,1,fwp,"[20310, 36371, 49943]",36691,0,-2.0,-2.0,0.0,1,1,0,0
wavmark,3,4096,154,english:1034,1,fwp,"[20310, 36371, 49943]",12119,0,-2.0,-1.0,1.0,2,1,0,0
wavmark,3,16384,154,english:1034,1,fwp,"[20310, 36371, 49943]",3927,0,-2.0,-0.0,2.0,7,1,1,1
wavmark,3,65536,154,english:1034,1,fwp,"[20310, 36371, 49943]",3927,0,-2.0,-0.0,2.0,18,1,1,1
wavmark,3,256,155,english:1034,2,mean,"[4189, 9285, 33818]",4189,1,-2.0,-3.0,-1.0,1,0,0,0
wavmark,3,1024,155,english:1034,2,mean,"[4189, 9285, 33818]",4189,1,-2.0,-2.0,0.0,1,0,0,0
wavmark,3,4096,155,english:1034,2,mean,"[4189, 9285, 33818]",33869,0,-2.0,-2.0,0.0,1,1,1,0
wavmark,3,16384,155,english:1034,2,mean,"[4189, 9285, 33818]",1117,0,-2.0,-0.0,2.0,6,1,1,1
wavmark,3,65536,155,english:1034,2,mean,"[4189, 9285, 33818]",1117,0,-2.0,-0.0,2.0,18,1,1,1
wavmark,3,256,155,english:1034,2,fwp,"[4189, 9285, 33818]",33874,0,-3.0,-3.0,0.0,1,1,0,0
wavmark,3,1024,155,english:1034,2,fwp,"[4189, 9285, 33818]",42332,0,-3.0,-2.0,1.0,3,1,1,1
wavmark,3,4096,155,english:1034,2,fwp,"[4189, 9285, 33818]",42588,0,-3.0,-2.0,1.0,7,1,1,1
wavmark,3,16384,155,english:1034,2,fwp,"[4189, 9285, 33818]",58462,0,-3.0,-1.0,2.0,26,1,1,1
wavmark,3,65536,155,english:1034,2,fwp,"[4189, 9285, 33818]",42078,0,-3.0,-0.0,3.0,138,1,1,1
wavmark,3,256,156,english:1040,0,mean,"[21373, 34325, 49990]",49781,0,-3.0,-2.0,1.0,2,1,0,0
wavmark,3,1024,156,english:1040,0,mean,"[21373, 34325, 49990]",50021,0,-3.0,-2.0,1.0,2,1,1,0
wavmark,3,4096,156,english:1040,0,mean,"[21373, 34325, 49990]",53845,0,-3.0,-2.0,1.0,8,1,1,1
wavmark,3,16384,156,english:1040,0,mean,"[21373, 34325, 49990]",51029,0,-3.0,-1.0,2.0,38,1,1,1
wavmark,3,65536,156,english:1040,0,mean,"[21373, 34325, 49990]",50005,0,-3.0,-0.0,3.0,138,1,1,1
wavmark,3,256,156,english:1040,0,fwp,"[21373, 34325, 49990]",61301,0,-4.0,-4.0,0.0,1,1,1,1
wavmark,3,1024,156,english:1040,0,fwp,"[21373, 34325, 49990]",42876,0,-4.0,-2.0,2.0,9,1,1,1
wavmark,3,4096,156,english:1040,0,fwp,"[21373, 34325, 49990]",38781,0,-4.0,-1.0,3.0,36,1,1,1
wavmark,3,16384,156,english:1040,0,fwp,"[21373, 34325, 49990]",34685,0,-4.0,-0.0,4.0,181,1,1,1
wavmark,3,65536,156,english:1040,0,fwp,"[21373, 34325, 49990]",34685,0,-4.0,-0.0,4.0,698,1,1,1
wavmark,3,256,157,english:1040,1,mean,"[17152, 48833, 49461]",49685,0,-3.0,-2.0,1.0,2,1,0,0
wavmark,3,1024,157,english:1040,1,mean,"[17152, 48833, 49461]",57617,0,-3.0,-2.0,1.0,2,1,1,1
wavmark,3,4096,157,english:1040,1,mean,"[17152, 48833, 49461]",51985,0,-3.0,-1.0,2.0,12,1,1,1
wavmark,3,16384,157,english:1040,1,mean,"[17152, 48833, 49461]",51985,0,-3.0,-1.0,2.0,37,1,1,1
wavmark,3,65536,157,english:1040,1,mean,"[17152, 48833, 49461]",49937,0,-3.0,-0.0,3.0,138,1,1,1
wavmark,3,256,157,english:1040,1,fwp,"[17152, 48833, 49461]",65269,0,-4.0,-2.0,2.0,5,1,1,1
wavmark,3,1024,157,english:1040,1,fwp,"[17152, 48833, 49461]",47093,0,-4.0,-1.0,3.0,9,1,1,1
wavmark,3,4096,157,english:1040,1,fwp,"[17152, 48833, 49461]",47093,0,-4.0,-1.0,3.0,41,1,1,1
wavmark,3,16384,157,english:1040,1,fwp,"[17152, 48833, 49461]",49077,0,-4.0,-1.0,3.0,163,1,1,1
wavmark,3,65536,157,english:1040,1,fwp,"[17152, 48833, 49461]",49141,0,-4.0,-0.0,4.0,698,1,1,1
wavmark,3,256,158,english:1040,2,mean,"[4226, 40624, 54075]",40624,1,-3.0,-3.0,0.0,1,0,0,0
wavmark,3,1024,158,english:1040,2,mean,"[4226, 40624, 54075]",55984,0,-3.0,-3.0,0.0,1,1,1,0
wavmark,3,4096,158,english:1040,2,mean,"[4226, 40624, 54075]",37539,0,-3.0,-2.0,1.0,2,1,1,1
wavmark,3,16384,158,english:1040,2,mean,"[4226, 40624, 54075]",45746,0,-3.0,-1.0,2.0,33,1,1,1
wavmark,3,65536,158,english:1040,2,mean,"[4226, 40624, 54075]",37554,0,-3.0,-0.0,3.0,138,1,1,1
wavmark,3,256,158,english:1040,2,fwp,"[4226, 40624, 54075]",54075,1,-3.0,-3.0,0.0,1,0,0,0
wavmark,3,1024,158,english:1040,2,fwp,"[4226, 40624, 54075]",37882,0,-3.0,-1.0,2.0,5,1,1,0
wavmark,3,4096,158,english:1040,2,fwp,"[4226, 40624, 54075]",54202,0,-3.0,-1.0,2.0,8,1,1,1
wavmark,3,16384,158,english:1040,2,fwp,"[4226, 40624, 54075]",37810,0,-3.0,-1.0,2.0,30,1,1,1
wavmark,3,65536,158,english:1040,2,fwp,"[4226, 40624, 54075]",37818,0,-3.0,-0.0,3.0,138,1,1,1
wavmark,3,256,159,english:1069,0,mean,"[4939, 26029, 52113]",25217,0,-4.0,-3.0,1.0,2,1,0,0
wavmark,3,1024,159,english:1069,0,mean,"[4939, 26029, 52113]",27033,0,-4.0,-2.0,2.0,10,1,1,1
wavmark,3,4096,159,english:1069,0,mean,"[4939, 26029, 52113]",25496,0,-4.0,-1.0,3.0,36,1,1,1
wavmark,3,16384,159,english:1069,0,mean,"[4939, 26029, 52113]",26521,0,-4.0,-1.0,3.0,176,1,1,1
wavmark,3,65536,159,english:1069,0,mean,"[4939, 26029, 52113]",25497,0,-4.0,-0.0,4.0,698,1,1,1
wavmark,3,256,159,english:1069,0,fwp,"[4939, 26029, 52113]",42863,0,-4.0,-2.0,2.0,7,1,1,1
wavmark,3,1024,159,english:1069,0,fwp,"[4939, 26029, 52113]",14255,0,-4.0,-2.0,2.0,13,1,1,1
wavmark,3,4096,159,english:1069,0,fwp,"[4939, 26029, 52113]",10215,0,-4.0,-1.0,3.0,39,1,1,1
wavmark,3,16384,159,english:1069,0,fwp,"[4939, 26029, 52113]",10223,0,-4.0,-0.0,4.0,191,1,1,1
wavmark,3,65536,159,english:1069,0,fwp,"[4939, 26029, 52113]",10223,0,-4.0,-0.0,4.0,698,1,1,1
wavmark,3,256,160,english:1069,1,mean,"[52239, 57727, 64096]",59486,0,-2.0,-2.0,0.0,1,1,0,0
wavmark,3,1024,160,english:1069,1,mean,"[52239, 57727, 64096]",60479,0,-2.0,-2.0,0.0,1,1,0,0
wavmark,3,4096,160,english:1069,1,mean,"[52239, 57727, 64096]",60543,0,-2.0,-1.0,1.0,5,1,1,1
wavmark,3,16384,160,english:1069,1,mean,"[52239, 57727, 64096]",60031,0,-2.0,-1.0,1.0,4,1,1,1
wavmark,3,65536,160,english:1069,1,mean,"[52239, 57727, 64096]",59519,0,-2.0,-0.0,2.0,18,1,1,1
wavmark,3,256,160,english:1069,1,fwp,"[52239, 57727, 64096]",61183,0,-4.0,-2.0,2.0,3,1,1,1
wavmark,3,1024,160,english:1069,1,fwp,"[52239, 57727, 64096]",52335,0,-4.0,-2.0,2.0,11,1,1,1
wavmark,3,4096,160,english:1069,1,fwp,"[52239, 57727, 64096]",65151,0,-4.0,-2.0,2.0,50,1,1,1
wavmark,3,16384,160,english:1069,1,fwp,"[52239, 57727, 64096]",61055,0,-4.0,-1.0,3.0,166,1,1,1
wavmark,3,65536,160,english:1069,1,fwp,"[52239, 57727, 64096]",61039,0,-4.0,-0.0,4.0,698,1,1,1
wavmark,3,256,161,english:1069,2,mean,"[49011, 59801, 63210]",65009,0,-3.0,-3.0,0.0,1,1,1,1
wavmark,3,1024,161,english:1069,2,mean,"[49011, 59801, 63210]",65466,0,-3.0,-2.0,1.0,4,1,1,1
wavmark,3,4096,161,english:1069,2,mean,"[49011, 59801, 63210]",65531,0,-3.0,-0.0,3.0,11,1,1,1
wavmark,3,16384,161,english:1069,2,mean,"[49011, 59801, 63210]",65535,0,-3.0,-1.0,2.0,44,1,1,1
wavmark,3,65536,161,english:1069,2,mean,"[49011, 59801, 63210]",65531,0,-3.0,-0.0,3.0,138,1,1,1
wavmark,3,256,161,english:1069,2,fwp,"[49011, 59801, 63210]",60795,0,-4.0,-2.0,2.0,6,1,1,1
wavmark,3,1024,161,english:1069,2,fwp,"[49011, 59801, 63210]",28667,0,-4.0,-1.0,3.0,6,1,1,1
wavmark,3,4096,161,english:1069,2,fwp,"[49011, 59801, 63210]",65531,0,-4.0,-1.0,3.0,46,1,1,1
wavmark,3,16384,161,english:1069,2,fwp,"[49011, 59801, 63210]",61435,0,-4.0,-0.0,4.0,192,1,1,1
wavmark,3,65536,161,english:1069,2,fwp,"[49011, 59801, 63210]",61435,0,-4.0,-0.0,4.0,698,1,1,1
wavmark,3,256,162,english:1081,0,mean,"[5438, 13067, 53239]",6127,0,-3.0,-2.0,1.0,2,1,1,0
wavmark,3,1024,162,english:1081,0,mean,"[5438, 13067, 53239]",14270,0,-3.0,-2.0,1.0,2,1,1,1
wavmark,3,4096,162,english:1081,0,mean,"[5438, 13067, 53239]",6079,0,-3.0,-0.0,3.0,8,1,1,1
wavmark,3,16384,162,english:1081,0,mean,"[5438, 13067, 53239]",38847,0,-3.0,-1.0,2.0,37,1,1,1
wavmark,3,65536,162,english:1081,0,mean,"[5438, 13067, 53239]",6079,0,-3.0,-0.0,3.0,138,1,1,1
wavmark,3,256,162,english:1081,0,fwp,"[5438, 13067, 53239]",44943,0,-5.0,-3.0,2.0,12,1,1,1
wavmark,3,1024,162,english:1081,0,fwp,"[5438, 13067, 53239]",65455,0,-5.0,-2.0,3.0,38,1,1,1
wavmark,3,4096,162,english:1081,0,fwp,"[5438, 13067, 53239]",65215,0,-5.0,-2.0,3.0,147,1,1,1
wavmark,3,16384,162,english:1081,0,fwp,"[5438, 13067, 53239]",49086,0,-5.0,-1.0,4.0,637,1,1,1
wavmark,3,65536,162,english:1081,0,fwp,"[5438, 13067, 53239]",49087,0,-5.0,-0.0,5.0,2518,1,1,1
wavmark,3,256,163,english:1081,1,mean,"[4572, 36572, 46688]",38616,0,-2.0,-1.0,1.0,2,1,0,0
wavmark,3,1024,163,english:1081,1,mean,"[4572, 36572, 46688]",38623,0,-2.0,-2.0,0.0,1,1,1,0
wavmark,3,4096,163,english:1081,1,mean,"[4572, 36572, 46688]",55004,0,-2.0,-1.0,1.0,2,1,1,1
wavmark,3,16384,163,english:1081,1,mean,"[4572, 36572, 46688]",46812,0,-2.0,-1.0,1.0,4,1,1,1
wavmark,3,65536,163,english:1081,1,mean,"[4572, 36572, 46688]",38620,0,-2.0,-0.0,2.0,18,1,1,1
wavmark,3,256,163,english:1081,1,fwp,"[4572, 36572, 46688]",63486,0,-5.0,-2.0,3.0,14,1,1,1
wavmark,3,1024,163,english:1081,1,fwp,"[4572, 36572, 46688]",48636,0,-5.0,-2.0,3.0,33,1,1,1
wavmark,3,4096,163,english:1081,1,fwp,"[4572, 36572, 46688]",47101,0,-5.0,-1.0,4.0,158,1,1,1
wavmark,3,16384,163,english:1081,1,fwp,"[4572, 36572, 46688]",47100,0,-5.0,-0.0,5.0,612,1,1,1
wavmark,3,65536,163,english:1081,1,fwp,"[4572, 36572, 46688]",47100,0,-5.0,-0.0,5.0,2518,1,1,1
wavmark,3,256,164,english:1081,2,mean,"[3756, 20993, 21424]",55937,0,-3.0,-3.0,0.0,1,1,0,0
wavmark,3,1024,164,english:1081,2,mean,"[3756, 20993, 21424]",23088,0,-3.0,-2.0,1.0,2,1,1,1
wavmark,3,4096,164,english:1081,2,mean,"[3756, 20993, 21424]",56224,0,-3.0,-2.0,1.0,8,1,1,1
wavmark,3,16384,164,english:1081,2,mean,"[3756, 20993, 21424]",55968,0,-3.0,-1.0,2.0,39,1,1,1
wavmark,3,65536,164,english:1081,2,mean,"[3756, 20993, 21424]",23200,0,-3.0,-0.0,3.0,138,1,1,1
wavmark,3,256,164,english:1081,2,fwp,"[3756, 20993, 21424]",3756,1,-2.0,-3.0,-1.0,1,0,0,0
wavmark,3,1024,164,english:1081,2,fwp,"[3756, 20993, 21424]",23725,0,-2.0,-2.0,0.0,1,1,0,0
wavmark,3,4096,164,english:1081,2,fwp,"[3756, 20993, 21424]",16045,0,-2.0,-1.0,1.0,2,1,1,0
wavmark,3,16384,164,english:1081,2,fwp,"[3756, 20993, 21424]",7845,0,-2.0,-1.0,1.0,2,1,1,1
wavmark,3,65536,164,english:1081,2,fwp,"[3756, 20993, 21424]",7853,0,-2.0,-0.0,2.0,18,1,1,1
wavmark,3,256,165,english:1088,0,mean,"[35722, 45527, 59716]",59716,1,-3.0,-3.0,0.0,1,0,0,0
wavmark,3,1024,165,english:1088,0,mean,"[35722, 45527, 59716]",59778,0,-3.0,-3.0,0.0,1,1,0,0
wavmark,3,4096,165,english:1088,0,mean,"[35722, 45527, 59716]",43494,0,-3.0,-1.0,2.0,13,1,1,1
wavmark,3,16384,165,english:1088,0,mean,"[35722, 45527, 59716]",44486,0,-3.0,-1.0,2.0,29,1,1,1
wavmark,3,65536,165,english:1088,0,mean,"[35722, 45527, 59716]",43462,0,-3.0,-0.0,3.0,138,1,1,1
wavmark,3,256,165,english:1088,0,fwp,"[35722, 45527, 59716]",46943,0,-3.0,-3.0,0.0,1,1,0,0
wavmark,3,1024,165,english:1088,0,fwp,"[35722, 45527, 59716]",64475,0,-3.0,-2.0,1.0,2,1,1,1
wavmark,3,4096,165,english:1088,0,fwp,"[35722, 45527, 59716]",48090,0,-3.0,-2.0,1.0,7,1,1,1
wavmark,3,16384,165,english:1088,0,fwp,"[35722, 45527, 59716]",48095,0,-3.0,-0.0,3.0,38,1,1,1
wavmark,3,65536,165,english:1088,0,fwp,"[35722, 45527, 59716]",48095,0,-3.0,-0.0,3.0,138,1,1,1
wavmark,3,256,166,english:1088,1,mean,"[9570, 13527, 59218]",9570,1,-2.0,-2.0,0.0,1,0,0,0
wavmark,3,1024,166,english:1088,1,mean,"[9570, 13527, 59218]",42834,0,-2.0,-2.0,0.0,1,1,0,0
wavmark,3,4096,166,english:1088,1,mean,"[9570, 13527, 59218]",25922,0,-2.0,-2.0,0.0,1,1,1,1
wavmark,3,16384,166,english:1088,1,mean,"[9570, 13527, 59218]",9682,0,-2.0,-1.0,1.0,5,1,1,1
wavmark,3,65536,166,english:1088,1,mean,"[9570, 13527, 59218]",9554,0,-2.0,-0.0,2.0,18,1,1,1
wavmark,3,256,166,english:1088,1,fwp,"[9570, 13527, 59218]",13527,1,-2.0,-3.0,-1.0,1,0,0,0
wavmark,3,1024,166,english:1088,1,fwp,"[9570, 13527, 59218]",13809,0,-2.0,-2.0,0.0,1,1,0,0
wavmark,3,4096,166,english:1088,1,fwp,"[9570, 13527, 59218]",13799,0,-2.0,-1.0,1.0,4,1,1,1
wavmark,3,16384,166,english:1088,1,fwp,"[9570, 13527, 59218]",13815,0,-2.0,-0.0,2.0,5,1,1,1
wavmark,3,65536,166,english:1088,1,fwp,"[9570, 13527, 59218]",13815,0,-2.0,-0.0,2.0,18,1,1,1
wavmark,3,256,167,english:1088,2,mean,"[30952, 32519, 62881]",62881,1,-2.0,-3.0,-1.0,1,0,0,0
wavmark,3,1024,167,english:1088,2,mean,"[30952, 32519, 62881]",62881,1,-2.0,-2.0,0.0,1,0,0,0
wavmark,3,4096,167,english:1088,2,mean,"[30952, 32519, 62881]",31905,0,-2.0,-1.0,1.0,3,1,0,0
wavmark,3,16384,167,english:1088,2,mean,"[30952, 32519, 62881]",32160,0,-2.0,-1.0,1.0,3,1,1,0
wavmark,3,65536,167,english:1088,2,mean,"[30952, 32519, 62881]",32161,0,-2.0,-0.0,2.0,18,1,1,1
wavmark,3,256,167,english:1088,2,fwp,"[30952, 32519, 62881]",32143,0,-5.0,-2.0,3.0,9,1,1,1
wavmark,3,1024,167,english:1088,2,fwp,"[30952, 32519, 62881]",64623,0,-5.0,-3.0,2.0,51,1,1,1
wavmark,3,4096,167,english:1088,2,fwp,"[30952, 32519, 62881]",28143,0,-5.0,-1.0,4.0,156,1,1,1
wavmark,3,16384,167,english:1088,2,fwp,"[30952, 32519, 62881]",32237,0,-5.0,-1.0,4.0,640,1,1,1
wavmark,3,65536,167,english:1088,2,fwp,"[30952, 32519, 62881]",32239,0,-5.0,-0.0,5.0,2518,1,1,1
wavmark,3,256,168,english:1098,0,mean,"[23122, 24431, 25870]",8030,0,-4.0,-2.0,2.0,5,1,1,1
wavmark,3,1024,168,english:1098,0,mean,"[23122, 24431, 25870]",24414,0,-4.0,-1.0,3.0,15,1,1,1
wavmark,3,4096,168,english:1098,0,mean,"[23122, 24431, 25870]",32604,0,-4.0,-1.0,3.0,36,1,1,1
wavmark,3,16384,168,english:1098,0,mean,"[23122, 24431, 25870]",32607,0,-4.0,-1.0,3.0,184,1,1,1
wavmark,3,65536,168,english:1098,0,mean,"[23122, 24431, 25870]",32606,0,-4.0,-0.0,4.0,698,1,1,1
wavmark,3,256,168,english:1098,0,fwp,"[23122, 24431, 25870]",8030,0,-4.0,-2.0,2.0,5,1,1,1
wavmark,3,1024,168,english:1098,0,fwp,"[23122, 24431, 25870]",24414,0,-4.0,-1.0,3.0,15,1,1,1
wavmark,3,4096,168,english:1098,0,fwp,"[23122, 24431, 25870]",32604,0,-4.0,-1.0,3.0,36,1,1,1
wavmark,3,16384,168,english:1098,0,fwp,"[23122, 24431, 25870]",32607,0,-4.0,-1.0,3.0,184,1,1,1
wavmark,3,65536,168,english:1098,0,fwp,"[23122, 24431, 25870]",32606,0,-4.0,-0.0,4.0,698,1,1,1
wavmark,3,256,169,english:1098,1,mean,"[36199, 38579, 62480]",38579,1,-2.0,-3.0,-1.0,1,0,0,0
wavmark,3,1024,169,english:1098,1,mean,"[36199, 38579, 62480]",46643,0,-2.0,-2.0,0.0,1,1,0,0
wavmark,3,4096,169,english:1098,1,mean,"[36199, 38579, 62480]",38195,0,-2.0,-1.0,1.0,3,1,1,0
wavmark,3,16384,169,english:1098,1,mean,"[36199, 38579, 62480]",39987,0,-2.0,-1.0,1.0,7,1,1,1
wavmark,3,65536,169,english:1098,1,mean,"[36199, 38579, 62480]",37939,0,-2.0,-0.0,2.0,18,1,1,1
wavmark,3,256,169,english:1098,1,fwp,"[36199, 38579, 62480]",49143,0,-3.0,-2.0,1.0,2,1,0,0
wavmark,3,1024,169,english:1098,1,fwp,"[36199, 38579, 62480]",11639,0,-3.0,-2.0,1.0,2,1,1,1
wavmark,3,4096,169,english:1098,1,fwp,"[36199, 38579, 62480]",64855,0,-3.0,-2.0,1.0,9,1,1,1
wavmark,3,16384,169,english:1098,1,fwp,"[36199, 38579, 62480]",49015,0,-3.0,-1.0,2.0,30,1,1,1
wavmark,3,65536,169,english:1098,1,fwp,"[36199, 38579, 62480]",48503,0,-3.0,-0.0,3.0,138,1,1,1
wavmark,3,256,170,english:1098,2,mean,"[673, 32797, 63238]",49669,0,-2.0,-2.0,0.0,1,1,0,0
wavmark,3,1024,170,english:1098,2,mean,"[673, 32797, 63238]",32797,1,-2.0,-2.0,0.0,1,0,0,0
wavmark,3,4096,170,english:1098,2,mean,"[673, 32797, 63238]",33301,0,-2.0,-0.0,2.0,3,1,1,1
wavmark,3,16384,170,english:1098,2,mean,"[673, 32797, 63238]",37397,0,-2.0,-1.0,1.0,5,1,1,1
wavmark,3,65536,170,english:1098,2,mean,"[673, 32797, 63238]",33301,0,-2.0,-0.0,2.0,18,1,1,1
wavmark,3,256,170,english:1098,2,fwp,"[673, 32797, 63238]",47095,0,-4.0,-2.0,2.0,4,1,1,0
wavmark,3,1024,170,english:1098,2,fwp,"[673, 32797, 63238]",63461,0,-4.0,-3.0,1.0,14,1,1,1
wavmark,3,4096,170,english:1098,2,fwp,"[673, 32797, 63238]",46887,0,-4.0,-1.0,3.0,33,1,1,1
wavmark,3,16384,170,english:1098,2,fwp,"[673, 32797, 63238]",63399,0,-4.0,-1.0,3.0,187,1,1,1
wavmark,3,65536,170,english:1098,2,fwp,"[673, 32797, 63238]",47015,0,-4.0,-0.0,4.0,698,1,1,1
wavmark,3,256,171,english:1116,0,mean,"[602, 14422, 53463]",14422,1,-2.0,-2.0,0.0,1,0,0,0
wavmark,3,1024,171,english:1116,0,mean,"[602, 14422, 53463]",36982,0,-2.0,-2.0,0.0,1,1,0,0
wavmark,3,4096,171,english:1116,0,mean,"[602, 14422, 53463]",36950,0,-2.0,-1.0,1.0,3,1,1,0
wavmark,3,16384,171,english:1116,0,mean,"[602, 14422, 53463]",4182,0,-2.0,-0.0,2.0,7,1,1,1
wavmark,3,65536,171,english:1116,0,mean,"[602, 14422, 53463]",4182,0,-2.0,-0.0,2.0,18,1,1,1
wavmark,3,256,171,english:1116,0,fwp,"[602, 14422, 53463]",54111,0,-4.0,-4.0,0.0,1,1,0,0
wavmark,3,1024,171,english:1116,0,fwp,"[602, 14422, 53463]",33498,0,-4.0,-2.0,2.0,10,1,1,1
wavmark,3,4096,171,english:1116,0,fwp,"[602, 14422, 53463]",33501,0,-4.0,-1.0,3.0,50,1,1,1
wavmark,3,16384,171,english:1116,0,fwp,"[602, 14422, 53463]",49887,0,-4.0,-1.0,3.0,178,1,1,1
wavmark,3,65536,171,english:1116,0,fwp,"[602, 14422, 53463]",33503,0,-4.0,-0.0,4.0,698,1,1,1
wavmark,3,256,172,english:1116,1,mean,"[19165, 27281, 53020]",60061,0,-2.0,-1.0,1.0,2,1,0,0
wavmark,3,1024,172,english:1116,1,mean,"[19165, 27281, 53020]",27281,1,-2.0,-2.0,0.0,1,0,0,0
wavmark,3,4096,172,english:1116,1,mean,"[19165, 27281, 53020]",28309,0,-2.0,-2.0,0.0,1,1,0,0
wavmark,3,16384,172,english:1116,1,mean,"[19165, 27281, 53020]",27285,0,-2.0,-1.0,1.0,4,1,1,1
wavmark,3,65536,172,english:1116,1,mean,"[19165, 27281, 53020]",27293,0,-2.0,-0.0,2.0,18,1,1,1
wavmark,3,256,172,english:1116,1,fwp,"[19165, 27281, 53020]",60061,0,-3.0,-2.0,1.0,2,1,0,0
wavmark,3,1024,172,english:1116,1,fwp,"[19165, 27281, 53020]",65433,0,-3.0,-2.0,1.0,4,1,1,1
wavmark,3,4096,172,english:1116,1,fwp,"[19165, 27281, 53020]",61373,0,-3.0,-1.0,2.0,8,1,1,1
wavmark,3,16384,172,english:1116,1,fwp,"[19165, 27281, 53020]",44957,0,-3.0,-1.0,2.0,33,1,1,1
wavmark,3,65536,172,english:1116,1,fwp,"[19165, 27281, 53020]",61341,0,-3.0,-0.0,3.0,138,1,1,1
wavmark,3,256,173,english:1116,2,mean,"[38368, 46833, 50662]",38368,1,-1.0,-2.0,-1.0,1,0,0,0
wavmark,3,1024,173,english:1116,2,mean,"[38368, 46833, 50662]",38368,1,-1.0,-2.0,-1.0,1,0,0,0
wavmark,3,4096,173,english:1116,2,mean,"[38368, 46833, 50662]",38368,1,-1.0,-1.0,0.0,1,0,0,0
wavmark,3,16384,173,english:1116,2,mean,"[38368, 46833, 50662]",54768,0,-1.0,-1.0,0.0,1,1,0,0
wavmark,3,65536,173,english:1116,2,mean,"[38368, 46833, 50662]",38384,0,-1.0,-0.0,1.0,2,1,1,1
wavmark,3,256,173,english:1116,2,fwp,"[38368, 46833, 50662]",14199,0,-4.0,-3.0,1.0,2,1,0,0
wavmark,3,1024,173,english:1116,2,fwp,"[38368, 46833, 50662]",42943,0,-4.0,-2.0,2.0,14,1,1,1
wavmark,3,4096,173,english:1116,2,fwp,"[38368, 46833, 50662]",47103,0,-4.0,-2.0,2.0,51,1,1,1
wavmark,3,16384,173,english:1116,2,fwp,"[38368, 46833, 50662]",59383,0,-4.0,-1.0,3.0,167,1,1,1
wavmark,3,65536,173,english:1116,2,fwp,"[38368, 46833, 50662]",42999,0,-4.0,-0.0,4.0,698,1,1,1
wavmark,3,256,174,english:118,0,mean,"[4785, 16386, 63579]",16386,1,-3.0,-4.0,-1.0,1,0,0,0
wavmark,3,1024,174,english:118,0,mean,"[4785, 16386, 63579]",20531,0,-3.0,-1.0,2.0,3,1,1,1
wavmark,3,4096,174,english:118,0,mean,"[4785, 16386, 63579]",20531,0,-3.0,-1.0,2.0,6,1,1,1
wavmark,3,16384,174,english:118,0,mean,"[4785, 16386, 63579]",21011,0,-3.0,-1.0,2.0,38,1,1,1
wavmark,3,65536,174,english:118,0,mean,"[4785, 16386, 63579]",20499,0,-3.0,-0.0,3.0,138,1,1,1
wavmark,3,256,174,english:118,0,fwp,"[4785, 16386, 63579]",45819,0,-3.0,-2.0,1.0,4,1,1,0
wavmark,3,1024,174,english:118,0,fwp,"[4785, 16386, 63579]",12539,0,-3.0,-2.0,1.0,2,1,1,0
wavmark,3,4096,174,english:118,0,fwp,"[4785, 16386, 63579]",47355,0,-3.0,-0.0,3.0,17,1,1,1
wavmark,3,16384,174,english:118,0,fwp,"[4785, 16386, 63579]",47355,0,-3.0,-0.0,3.0,46,1,1,1
wavmark,3,65536,174,english:118,0,fwp,"[4785, 16386, 63579]",47355,0,-3.0,-0.0,3.0,138,1,1,1
wavmark,3,256,175,english:118,1,mean,"[20373, 50600, 52591]",51501,0,-4.0,-3.0,1.0,2,1,1,1
wavmark,3,1024,175,english:118,1,mean,"[20373, 50600, 52591]",23997,0,-4.0,-2.0,2.0,9,1,1,1
wavmark,3,4096,175,english:118,1,mean,"[20373, 50600, 52591]",60845,0,-4.0,-2.0,2.0,44,1,1,1
wavmark,3,16384,175,english:118,1,mean,"[20373, 50600, 52591]",52669,0,-4.0,-0.0,4.0,169,1,1,1
wavmark,3,65536,175,english:118,1,mean,"[20373, 50600, 52591]",52669,0,-4.0,-0.0,4.0,698,1,1,1
wavmark,3,256,175,english:118,1,fwp,"[20373, 50600, 52591]",53214,0,-3.0,-2.0,1.0,2,1,1,0
wavmark,3,1024,175,english:118,1,fwp,"[20373, 50600, 52591]",61375,0,-3.0,-2.0,1.0,4,1,1,1
wavmark,3,4096,175,english:118,1,fwp,"[20373, 50600, 52591]",53183,0,-3.0,-1.0,2.0,13,1,1,1
wavmark,3,16384,175,english:118,1,fwp,"[20373, 50600, 52591]",53247,0,-3.0,-0.0,3.0,28,1,1,1
wavmark,3,65536,175,english:118,1,fwp,"[20373, 50600, 52591]",53247,0,-3.0,-0.0,3.0,138,1,1,1
wavmark,3,256,176,english:118,2,mean,"[8207, 19226, 52626]",19738,0,-1.0,-1.0,0.0,1,1,0,0
wavmark,3,1024,176,english:118,2,mean,"[8207, 19226, 52626]",19226,1,-1.0,-3.0,-2.0,1,0,0,0
wavmark,3,4096,176,english:118,2,mean,"[8207, 19226, 52626]",19226,1,-1.0,-1.0,0.0,1,0,0,0
wavmark,3,16384,176,english:118,2,mean,"[8207, 19226, 52626]",19738,0,-1.0,-1.0,0.0,1,1,0,0
wavmark,3,65536,176,english:118,2,mean,"[8207, 19226, 52626]",18714,0,-1.0,-0.0,1.0,2,1,1,1
wavmark,3,256,176,english:118,2,fwp,"[8207, 19226, 52626]",61342,0,-5.0,-3.0,2.0,11,1,1,1
wavmark,3,1024,176,english:118,2,fwp,"[8207, 19226, 52626]",57759,0,-5.0,-3.0,2.0,47,1,1,1
wavmark,3,4096,176,english:118,2,fwp,"[8207, 19226, 52626]",44991,0,-5.0,-2.0,3.0,152,1,1,1
wavmark,3,16384,176,english:118,2,fwp,"[8207, 19226, 52626]",44447,0,-5.0,-0.0,5.0,620,1,1,1
wavmark,3,65536,176,english:118,2,fwp,"[8207, 19226, 52626]",44447,0,-5.0,-0.0,5.0,2518,1,1,1
wavmark,3,256,177,english:1183,0,mean,"[20748, 47411, 60822]",63575,0,-3.0,-3.0,0.0,1,1,0,0
wavmark,3,1024,177,english:1183,0,mean,"[20748, 47411, 60822]",64274,0,-3.0,-2.0,1.0,4,1,1,1
wavmark,3,4096,177,english:1183,0,mean,"[20748, 47411, 60822]",64822,0,-3.0,-2.0,1.0,12,1,1,1
wavmark,3,16384,177,english:1183,0,mean,"[20748, 47411, 60822]",64278,0,-3.0,-1.0,2.0,29,1,1,1
wavmark,3,65536,177,english:1183,0,mean,"[20748, 47411, 60822]",63766,0,-3.0,-0.0,3.0,138,1,1,1
wavmark,3,256,177,english:1183,0,fwp,"[20748, 47411, 60822]",47411,1,-2.0,-3.0,-1.0,1,0,0,0
wavmark,3,1024,177,english:1183,0,fwp,"[20748, 47411, 60822]",48447,0,-2.0,-1.0,1.0,2,1,0,0
wavmark,3,4096,177,english:1183,0,fwp,"[20748, 47411, 60822]",63935,0,-2.0,-2.0,0.0,1,1,1,1
wavmark,3,16384,177,english:1183,0,fwp,"[20748, 47411, 60822]",47415,0,-2.0,-1.0,1.0,4,1,1,1
wavmark,3,65536,177,english:1183,0,fwp,"[20748, 47411, 60822]",47423,0,-2.0,-0.0,2.0,18,1,1,1
wavmark,3,256,178,english:1183,1,mean,"[38655, 39943, 49962]",34347,0,-3.0,-2.0,1.0,2,1,0,0
wavmark,3,1024,178,english:1183,1,mean,"[38655, 39943, 49962]",37903,0,-3.0,-2.0,1.0,3,1,1,1
wavmark,3,4096,178,english:1183,1,mean,"[38655, 39943, 49962]",38703,0,-3.0,-1.0,2.0,11,1,1,1
wavmark,3,16384,178,english:1183,1,mean,"[38655, 39943, 49962]",54831,0,-3.0,-1.0,2.0,32,1,1,1
wavmark,3,65536,178,english:1183,1,mean,"[38655, 39943, 49962]",38447,0,-3.0,-0.0,3.0,138,1,1,1
wavmark,3,256,178,english:1183,1,fwp,"[38655, 39943, 49962]",61199,0,-5.0,-3.0,2.0,10,1,1,1
wavmark,3,1024,178,english:1183,1,fwp,"[38655, 39943, 49962]",64431,0,-5.0,-3.0,2.0,28,1,1,1
wavmark,3,4096,178,english:1183,1,fwp,"[38655, 39943, 49962]",65326,0,-5.0,-2.0,3.0,157,1,1,1
wavmark,3,16384,178,english:1183,1,fwp,"[38655, 39943, 49962]",57151,0,-5.0,-1.0,4.0,606,1,1,1
wavmark,3,65536,178,english:1183,1,fwp,"[38655, 39943, 49962]",57135,0,-5.0,-0.0,5.0,2518,1,1,1
wavmark,3,256,179,english:1183,2,mean,"[17980, 25656, 30440]",25656,1,-2.0,-3.0,-1.0,1,0,0,0
wavmark,3,1024,179,english:1183,2,mean,"[17980, 25656, 30440]",26300,0,-2.0,-1.0,1.0,2,1,0,0
wavmark,3,4096,179,english:1183,2,mean,"[17980, 25656, 30440]",25784,0,-2.0,-1.0,1.0,2,1,1,0
wavmark,3,16384,179,english:1183,2,mean,"[17980, 25656, 30440]",59064,0,-2.0,-1.0,1.0,6,1,1,1
wavmark,3,65536,179,english:1183,2,mean,"[17980, 25656, 30440]",26296,0,-2.0,-0.0,2.0,18,1,1,1
wavmark,3,256,179,english:1183,2,fwp,"[17980, 25656, 30440]",26220,0,-3.0,-2.0,1.0,2,1,0,0
wavmark,3,1024,179,english:1183,2,fwp,"[17980, 25656, 30440]",26300,0,-3.0,-1.0,2.0,4,1,1,0
wavmark,3,4096,179,english:1183,2,fwp,"[17980, 25656, 30440]",9980,0,-3.0,-1.0,2.0,6,1,1,1
wavmark,3,16384,179,english:1183,2,fwp,"[17980, 25656, 30440]",30460,0,-3.0,-1.0,2.0,36,1,1,1
wavmark,3,65536,179,english:1183,2,fwp,"[17980, 25656, 30440]",26364,0,-3.0,-0.0,3.0,138,1,1,1
wavmark,3,256,180,english:1235,0,mean,"[17172, 19505, 51661]",19860,0,-3.0,-3.0,0.0,1,1,0,0
wavmark,3,1024,180,english:1235,0,mean,"[17172, 19505, 51661]",18719,0,-3.0,-2.0,1.0,2,1,1,1
wavmark,3,4096,180,english:1235,0,mean,"[17172, 19505, 51661]",22805,0,-3.0,-1.0,2.0,10,1,1,1
wavmark,3,16384,180,english:1235,0,mean,"[17172, 19505, 51661]",22805,0,-3.0,-1.0,2.0,30,1,1,1
wavmark,3,65536,180,english:1235,0,mean,"[17172, 19505, 51661]",18709,0,-3.0,-0.0,3.0,138,1,1,1
wavmark,3,256,180,english:1235,0,fwp,"[17172, 19505, 51661]",56637,0,-4.0,-1.0,3.0,6,1,1,1
wavmark,3,1024,180,english:1235,0,fwp,"[17172, 19505, 51661]",51645,0,-4.0,-2.0,2.0,12,1,1,1
wavmark,3,4096,180,english:1235,0,fwp,"[17172, 19505, 51661]",60477,0,-4.0,-2.0,2.0,48,1,1,1
wavmark,3,16384,180,english:1235,0,fwp,"[17172, 19505, 51661]",52541,0,-4.0,-0.0,4.0,166,1,1,1
wavmark,3,65536,180,english:1235,0,fwp,"[17172, 19505, 51661]",52541,0,-4.0,-0.0,4.0,698,1,1,1
wavmark,3,256,181,english:1235,1,mean,"[9982, 16547, 59701]",51383,0,-3.0,-3.0,0.0,1,1,1,0
wavmark,3,1024,181,english:1235,1,mean,"[9982, 16547, 59701]",24615,0,-3.0,-2.0,1.0,3,1,1,1
wavmark,3,4096,181,english:1235,1,mean,"[9982, 16547, 59701]",25271,0,-3.0,-1.0,2.0,4,1,1,1
wavmark,3,16384,181,english:1235,1,mean,"[9982, 16547, 59701]",28855,0,-3.0,-1.0,2.0,24,1,1,1
wavmark,3,65536,181,english:1235,1,mean,"[9982, 16547, 59701]",24759,0,-3.0,-0.0,3.0,138,1,1,1
wavmark,3,256,181,english:1235,1,fwp,"[9982, 16547, 59701]",12191,0,-3.0,-2.0,1.0,2,1,1,0
wavmark,3,1024,181,english:1235,1,fwp,"[9982, 16547, 59701]",11231,0,-3.0,-2.0,1.0,2,1,1,1
wavmark,3,4096,181,english:1235,1,fwp,"[9982, 16547, 59701]",16383,0,-3.0,-1.0,2.0,11,1,1,1
wavmark,3,16384,181,english:1235,1,fwp,"[9982, 16547, 59701]",12285,0,-3.0,-1.0,2.0,37,1,1,1
wavmark,3,65536,181,english:1235,1,fwp,"[9982, 16547, 59701]",12287,0,-3.0,-0.0,3.0,138,1,1,1
wavmark,3,256,182,english:1235,2,mean,"[14302, 23628, 24713]",62172,0,-4.0,-3.0,1.0,5,1,1,1
wavmark,3,1024,182,english:1235,2,mean,"[14302, 23628, 24713]",29910,0,-4.0,-2.0,2.0,12,1,1,1
wavmark,3,4096,182,english:1235,2,mean,"[14302, 23628, 24713]",21724,0,-4.0,-1.0,3.0,38,1,1,1
wavmark,3,16384,182,english:1235,2,mean,"[14302, 23628, 24713]",31964,0,-4.0,-1.0,3.0,185,1,1,1
wavmark,3,65536,182,english:1235,2,mean,"[14302, 23628, 24713]",29916,0,-4.0,-0.0,4.0,698,1,1,1
wavmark,3,256,182,english:1235,2,fwp,"[14302, 23628, 24713]",14302,1,-2.0,-3.0,-1.0,1,0,0,0
wavmark,3,1024,182,english:1235,2,fwp,"[14302, 23628, 24713]",14302,1,-2.0,-2.0,0.0,1,0,0,0
wavmark,3,4096,182,english:1235,2,fwp,"[14302, 23628, 24713]",14239,0,-2.0,-0.0,2.0,2,1,1,0
wavmark,3,16384,182,english:1235,2,fwp,"[14302, 23628, 24713]",14239,0,-2.0,-0.0,2.0,8,1,1,1
wavmark,3,65536,182,english:1235,2,fwp,"[14302, 23628, 24713]",14239,0,-2.0,-0.0,2.0,18,1,1,1
wavmark,3,256,183,english:1246,0,mean,"[9439, 15628, 63122]",9358,0,-3.0,-2.0,1.0,2,1,0,0
wavmark,3,1024,183,english:1246,0,mean,"[9439, 15628, 63122]",15519,0,-3.0,-2.0,1.0,2,1,1,1
wavmark,3,4096,183,english:1246,0,mean,"[9439, 15628, 63122]",29854,0,-3.0,-1.0,2.0,15,1,1,1
wavmark,3,16384,183,english:1246,0,mean,"[9439, 15628, 63122]",46238,0,-3.0,-1.0,2.0,37,1,1,1
wavmark,3,65536,183,english:1246,0,mean,"[9439, 15628, 63122]",13470,0,-3.0,-0.0,3.0,138,1,1,1
wavmark,3,256,183,english:1246,0,fwp,"[9439, 15628, 63122]",48959,0,-5.0,-3.0,2.0,8,1,1,1
wavmark,3,1024,183,english:1246,0,fwp,"[9439, 15628, 63122]",48922,0,-5.0,-2.0,3.0,40,1,1,1
wavmark,3,4096,183,english:1246,0,fwp,"[9439, 15628, 63122]",49054,0,-5.0,-0.0,5.0,152,1,1,1
wavmark,3,16384,183,english:1246,0,fwp,"[9439, 15628, 63122]",49052,0,-5.0,-1.0,4.0,633,1,1,1
wavmark,3,65536,183,english:1246,0,fwp,"[9439, 15628, 63122]",49054,0,-5.0,-0.0,5.0,2518,1,1,1
wavmark,3,256,184,english:1246,1,mean,"[794, 35249, 51210]",57626,0,-3.0,-3.0,0.0,1,1,0,0
wavmark,3,1024,184,english:1246,1,mean,"[794, 35249, 51210]",39198,0,-3.0,-2.0,1.0,3,1,1,0
wavmark,3,4096,184,english:1246,1,mean,"[794, 35249, 51210]",52506,0,-3.0,-2.0,1.0,8,1,1,1
wavmark,3,16384,184,english:1246,1,mean,"[794, 35249, 51210]",39194,0,-3.0,-1.0,2.0,26,1,1,1
wavmark,3,65536,184,english:1246,1,mean,"[794, 35249, 51210]",35098,0,-3.0,-0.0,3.0,138,1,1,1
wavmark,3,256,184,english:1246,1,fwp,"[794, 35249, 51210]",52155,0,-3.0,-1.0,2.0,3,1,1,0
wavmark,3,1024,184,english:1246,1,fwp,"[794, 35249, 51210]",4027,0,-3.0,-2.0,1.0,2,1,1,1
wavmark,3,4096,184,english:1246,1,fwp,"[794, 35249, 51210]",35769,0,-3.0,-1.0,2.0,12,1,1,1
wavmark,3,16384,184,english:1246,1,fwp,"[794, 35249, 51210]",35755,0,-3.0,-1.0,2.0,27,1,1,1
wavmark,3,65536,184,english:1246,1,fwp,"[794, 35249, 51210]",35771,0,-3.0,-0.0,3.0,138,1,1,1
wavmark,3,256,185,english:1246,2,mean,"[7544, 12727, 43990]",29182,0,-3.0,-3.0,0.0,1,1,1,0
wavmark,3,1024,185,english:1246,2,mean,"[7544, 12727, 43990]",14582,0,-3.0,-1.0,2.0,3,1,1,1
wavmark,3,4096,185,english:1246,2,mean,"[7544, 12727, 43990]",63990,0,-3.0,-2.0,1.0,11,1,1,1
wavmark,3,16384,185,english:1246,2,mean,"[7544, 12727, 43990]",15350,0,-3.0,-1.0,2.0,31,1,1,1
wavmark,3,65536,185,english:1246,2,mean,"[7544, 12727, 43990]",14838,0,-3.0,-0.0,3.0,138,1,1,1
wavmark,3,256,185,english:1246,2,fwp,"[7544, 12727, 43990]",49022,0,-4.0,-1.0,3.0,8,1,1,1
wavmark,3,1024,185,english:1246,2,fwp,"[7544, 12727, 43990]",49006,0,-4.0,-2.0,2.0,14,1,1,1
wavmark,3,4096,185,english:1246,2,fwp,"[7544, 12727, 43990]",49118,0,-4.0,-1.0,3.0,40,1,1,1
wavmark,3,16384,185,english:1246,2,fwp,"[7544, 12727, 43990]",49150,0,-4.0,-0.0,4.0,161,1,1,1
wavmark,3,65536,185,english:1246,2,fwp,"[7544, 12727, 43990]",49150,0,-4.0,-0.0,4.0,698,1,1,1
wavmark,3,256,186,english:125,0,mean,"[4300, 13504, 43679]",13400,0,-3.0,-2.0,1.0,3,1,0,0
wavmark,3,1024,186,english:125,0,mean,"[4300, 13504, 43679]",12380,0,-3.0,-2.0,1.0,2,1,1,1
wavmark,3,4096,186,english:125,0,mean,"[4300, 13504, 43679]",13516,0,-3.0,-1.0,2.0,11,1,1,1
wavmark,3,16384,186,english:125,0,mean,"[4300, 13504, 43679]",13532,0,-3.0,-0.0,3.0,33,1,1,1
wavmark,3,65536,186,english:125,0,mean,"[4300, 13504, 43679]",13532,0,-3.0,-0.0,3.0,138,1,1,1
wavmark,3,256,186,english:125,0,fwp,"[4300, 13504, 43679]",43679,1,-2.0,-3.0,-1.0,1,0,0,0
wavmark,3,1024,186,english:125,0,fwp,"[4300, 13504, 43679]",48862,0,-2.0,-2.0,0.0,1,1,1,0
wavmark,3,4096,186,english:125,0,fwp,"[4300, 13504, 43679]",44763,0,-2.0,-1.0,1.0,4,1,1,1
wavmark,3,16384,186,english:125,0,fwp,"[4300, 13504, 43679]",45023,0,-2.0,-1.0,1.0,7,1,1,1
wavmark,3,65536,186,english:125,0,fwp,"[4300, 13504, 43679]",44767,0,-2.0,-0.0,2.0,18,1,1,1
wavmark,3,256,187,english:125,1,mean,"[25683, 46468, 62150]",62870,0,-3.0,-2.0,1.0,3,1,1,0
wavmark,3,1024,187,english:125,1,mean,"[25683, 46468, 62150]",62682,0,-3.0,-2.0,1.0,4,1,1,1
wavmark,3,4096,187,english:125,1,mean,"[25683, 46468, 62150]",62678,0,-3.0,-0.0,3.0,8,1,1,1
wavmark,3,16384,187,english:125,1,mean,"[25683, 46468, 62150]",63190,0,-3.0,-1.0,2.0,35,1,1,1
wavmark,3,65536,187,english:125,1,mean,"[25683, 46468, 62150]",62678,0,-3.0,-0.0,3.0,138,1,1,1
wavmark,3,256,187,english:125,1,fwp,"[25683, 46468, 62150]",13767,0,-4.0,-2.0,2.0,6,1,1,1
wavmark,3,1024,187,english:125,1,fwp,"[25683, 46468, 62150]",63443,0,-4.0,-3.0,1.0,12,1,1,1
wavmark,3,4096,187,english:125,1,fwp,"[25683, 46468, 62150]",48597,0,-4.0,-2.0,2.0,37,1,1,1
wavmark,3,16384,187,english:125,1,fwp,"[25683, 46468, 62150]",46551,0,-4.0,-0.0,4.0,192,1,1,1
wavmark,3,65536,187,english:125,1,fwp,"[25683, 46468, 62150]",46551,0,-4.0,-0.0,4.0,698,1,1,1
wavmark,3,256,188,english:125,2,mean,"[4977, 35084, 54835]",4977,1,-2.0,-3.0,-1.0,1,0,0,0
wavmark,3,1024,188,english:125,2,mean,"[4977, 35084, 54835]",37684,0,-2.0,-2.0,0.0,1,1,0,0
wavmark,3,4096,188,english:125,2,mean,"[4977, 35084, 54835]",37665,0,-2.0,-1.0,1.0,2,1,1,1
wavmark,3,16384,188,english:125,2,mean,"[4977, 35084, 54835]",45873,0,-2.0,-1.0,1.0,6,1,1,1
wavmark,3,65536,188,english:125,2,mean,"[4977, 35084, 54835]",37681,0,-2.0,-0.0,2.0,18,1,1,1
wavmark,3,256,188,english:125,2,fwp,"[4977, 35084, 54835]",65337,0,-4.0,-3.0,1.0,6,1,1,1
wavmark,3,1024,188,english:125,2,fwp,"[4977, 35084, 54835]",56895,0,-4.0,-1.0,3.0,9,1,1,1
wavmark,3,4096,188,english:125,2,fwp,"[4977, 35084, 54835]",40767,0,-4.0,-1.0,3.0,43,1,1,1
wavmark,3,16384,188,english:125,2,fwp,"[4977, 35084, 54835]",57150,0,-4.0,-1.0,3.0,165,1,1,1
wavmark,3,65536,188,english:125,2,fwp,"[4977, 35084, 54835]",57151,0,-4.0,-0.0,4.0,698,1,1,1
wavmark,3,256,189,english:1263,0,mean,"[21499, 25545, 53282]",21499,1,-0.0,-2.0,-2.0,1,0,0,0
wavmark,3,1024,189,english:1263,0,mean,"[21499, 25545, 53282]",21499,1,-0.0,-1.0,-1.0,1,0,0,0
wavmark,3,4096,189,english:1263,0,mean,"[21499, 25545, 53282]",21499,1,-0.0,-1.0,-1.0,1,0,0,0
wavmark,3,16384,189,english:1263,0,mean,"[21499, 25545, 53282]",21499,1,-0.0,-1.0,-1.0,1,0,0,0
wavmark,3,65536,189,english:1263,0,mean,"[21499, 25545, 53282]",21499,1,-0.0,-1.0,-1.0,1,0,0,0
wavmark,3,256,189,english:1263,0,fwp,"[21499, 25545, 53282]",58346,0,-3.0,-2.0,1.0,2,1,1,0
wavmark,3,1024,189,english:1263,0,fwp,"[21499, 25545, 53282]",64490,0,-3.0,-2.0,1.0,3,1,1,1
wavmark,3,4096,189,english:1263,0,fwp,"[21499, 25545, 53282]",62411,0,-3.0,-1.0,2.0,6,1,1,1
wavmark,3,16384,189,english:1263,0,fwp,"[21499, 25545, 53282]",63467,0,-3.0,-1.0,2.0,21,1,1,1
wavmark,3,65536,189,english:1263,0,fwp,"[21499, 25545, 53282]",62443,0,-3.0,-0.0,3.0,138,1,1,1
wavmark,3,256,190,english:1263,1,mean,"[21590, 30777, 62003]",62003,1,-2.0,-2.0,0.0,1,0,0,0
wavmark,3,1024,190,english:1263,1,mean,"[21590, 30777, 62003]",62003,1,-2.0,-2.0,0.0,1,0,0,0
wavmark,3,4096,190,english:1263,1,mean,"[21590, 30777, 62003]",28723,0,-2.0,-0.0,2.0,3,1,0,0
wavmark,3,16384,190,english:1263,1,mean,"[21590, 30777, 62003]",28723,0,-2.0,-0.0,2.0,5,1,1,1
wavmark,3,65536,190,english:1263,1,mean,"[21590, 30777, 62003]",28723,0,-2.0,-0.0,2.0,18,1,1,1
wavmark,3,256,190,english:1263,1,fwp,"[21590, 30777, 62003]",65535,0,-4.0,-4.0,0.0,1,1,0,0
wavmark,3,1024,190,english:1263,1,fwp,"[21590, 30777, 62003]",65150,0,-4.0,-3.0,1.0,12,1,1,1
wavmark,3,4096,190,english:1263,1,fwp,"[21590, 30777, 62003]",31871,0,-4.0,-0.0,4.0,44,1,1,1
wavmark,3,16384,190,english:1263,1,fwp,"[21590, 30777, 62003]",32383,0,-4.0,-1.0,3.0,187,1,1,1
wavmark,3,65536,190,english:1263,1,fwp,"[21590, 30777, 62003]",31871,0,-4.0,-0.0,4.0,698,1,1,1
wavmark,3,256,191,english:1263,2,mean,"[29890, 46724, 55300]",46724,1,-2.0,-3.0,-1.0,1,0,0,0
wavmark,3,1024,191,english:1263,2,mean,"[29890, 46724, 55300]",46724,1,-2.0,-3.0,-1.0,1,0,0,0
wavmark,3,4096,191,english:1263,2,mean,"[29890, 46724, 55300]",61572,0,-2.0,-1.0,1.0,2,1,1,1
wavmark,3,16384,191,english:1263,2,mean,"[29890, 46724, 55300]",62660,0,-2.0,-1.0,1.0,5,1,1,1
wavmark,3,65536,191,english:1263,2,mean,"[29890, 46724, 55300]",62596,0,-2.0,-0.0,2.0,18,1,1,1
wavmark,3,256,191,english:1263,2,fwp,"[29890, 46724, 55300]",63718,0,-3.0,-2.0,1.0,2,1,0,0
wavmark,3,1024,191,english:1263,2,fwp,"[29890, 46724, 55300]",64980,0,-3.0,-3.0,0.0,1,1,1,0
wavmark,3,4096,191,english:1263,2,fwp,"[29890, 46724, 55300]",64710,0,-3.0,-0.0,3.0,11,1,1,1
wavmark,3,16384,191,english:1263,2,fwp,"[29890, 46724, 55300]",64726,0,-3.0,-1.0,2.0,33,1,1,1
wavmark,3,65536,191,english:1263,2,fwp,"[29890, 46724, 55300]",64710,0,-3.0,-0.0,3.0,138,1,1,1
wavmark,3,256,192,english:1334,0,mean,"[3983, 26535, 50743]",26535,1,-1.0,-3.0,-2.0,1,0,0,0
wavmark,3,1024,192,english:1334,0,mean,"[3983, 26535, 50743]",26547,0,-1.0,-1.0,0.0,1,1,0,0
wavmark,3,4096,192,english:1334,0,mean,"[3983, 26535, 50743]",26535,1,-1.0,-1.0,0.0,1,0,0,0
wavmark,3,16384,192,english:1334,0,mean,"[3983, 26535, 50743]",26551,0,-1.0,-0.0,1.0,2,1,1,1
wavmark,3,65536,192,english:1334,0,mean,"[3983, 26535, 50743]",26551,0,-1.0,-0.0,1.0,2,1,1,1
wavmark,3,256,192,english:1334,0,fwp,"[3983, 26535, 50743]",34715,0,-3.0,-3.0,0.0,1,1,0,0
wavmark,3,1024,192,english:1334,0,fwp,"[3983, 26535, 50743]",34743,0,-3.0,-2.0,1.0,2,1,1,1
wavmark,3,4096,192,english:1334,0,fwp,"[3983, 26535, 50743]",36799,0,-3.0,-0.0,3.0,11,1,1,1
wavmark,3,16384,192,english:1334,0,fwp,"[3983, 26535, 50743]",36799,0,-3.0,-0.0,3.0,30,1,1,1
wavmark,3,65536,192,english:1334,0,fwp,"[3983, 26535, 50743]",36799,0,-3.0,-0.0,3.0,138,1,1,1
wavmark,3,256,193,english:1334,1,mean,"[1806, 53144, 53541]",18268,0,-3.0,-2.0,1.0,2,1,0,0
wavmark,3,1024,193,english:1334,1,mean,"[1806, 53144, 53541]",50968,0,-3.0,-1.0,2.0,4,1,1,1
wavmark,3,4096,193,english:1334,1,mean,"[1806, 53144, 53541]",59165,0,-3.0,-2.0,1.0,7,1,1,1
wavmark,3,16384,193,english:1334,1,mean,"[1806, 53144, 53541]",51100,0,-3.0,-1.0,2.0,40,1,1,1
wavmark,3,65536,193,english:1334,1,mean,"[1806, 53144, 53541]",50972,0,-3.0,-0.0,3.0,138,1,1,1
wavmark,3,256,193,english:1334,1,fwp,"[1806, 53144, 53541]",54709,0,-4.0,-3.0,1.0,4,1,1,1
wavmark,3,1024,193,english:1334,1,fwp,"[1806, 53144, 53541]",57277,0,-4.0,-0.0,4.0,12,1,1,1
wavmark,3,4096,193,english:1334,1,fwp,"[1806, 53144, 53541]",57277,0,-4.0,-0.0,4.0,49,1,1,1
wavmark,3,16384,193,english:1334,1,fwp,"[1806, 53144, 53541]",57277,0,-4.0,-0.0,4.0,181,1,1,1
wavmark,3,65536,193,english:1334,1,fwp,"[1806, 53144, 53541]",57277,0,-4.0,-0.0,4.0,698,1,1,1
wavmark,3,256,194,english:1334,2,mean,"[18003, 47096, 47518]",47096,1,-2.0,-3.0,-1.0,1,0,0,0
wavmark,3,1024,194,english:1334,2,mean,"[18003, 47096, 47518]",59354,0,-2.0,-2.0,0.0,1,1,0,0
wavmark,3,4096,194,english:1334,2,mean,"[18003, 47096, 47518]",47096,1,-2.0,-2.0,0.0,1,0,0,0
wavmark,3,16384,194,english:1334,2,mean,"[18003, 47096, 47518]",47098,0,-2.0,-1.0,1.0,7,1,1,1
wavmark,3,65536,194,english:1334,2,mean,"[18003, 47096, 47518]",47066,0,-2.0,-0.0,2.0,18,1,1,1
wavmark,3,256,194,english:1334,2,fwp,"[18003, 47096, 47518]",61339,0,-5.0,-3.0,2.0,10,1,1,1
wavmark,3,1024,194,english:1334,2,fwp,"[18003, 47096, 47518]",49151,0,-5.0,-2.0,3.0,49,1,1,1
wavmark,3,4096,194,english:1334,2,fwp,"[18003, 47096, 47518]",45019,0,-5.0,-1.0,4.0,152,1,1,1
wavmark,3,16384,194,english:1334,2,fwp,"[18003, 47096, 47518]",45023,0,-5.0,-0.0,5.0,642,1,1,1
wavmark,3,65536,194,english:1334,2,fwp,"[18003, 47096, 47518]",45023,0,-5.0,-0.0,5.0,2518,1,1,1
wavmark,3,256,195,english:1355,0,mean,"[44897, 45475, 61507]",45475,1,-3.0,-3.0,0.0,1,0,0,0
wavmark,3,1024,195,english:1355,0,mean,"[44897, 45475, 61507]",47427,0,-3.0,-1.0,2.0,3,1,1,1
wavmark,3,4096,195,english:1355,0,mean,"[44897, 45475, 61507]",63859,0,-3.0,-2.0,1.0,4,1,1,1
wavmark,3,16384,195,english:1355,0,mean,"[44897, 45475, 61507]",48483,0,-3.0,-1.0,2.0,47,1,1,1
wavmark,3,65536,195,english:1355,0,mean,"[44897, 45475, 61507]",47459,0,-3.0,-0.0,3.0,138,1,1,1
wavmark,3,256,195,english:1355,0,fwp,"[44897, 45475, 61507]",57187,0,-3.0,-1.0,2.0,3,1,1,0
wavmark,3,1024,195,english:1355,0,fwp,"[44897, 45475, 61507]",65361,0,-3.0,-3.0,0.0,1,1,1,1
wavmark,3,4096,195,english:1355,0,fwp,"[44897, 45475, 61507]",65123,0,-3.0,-1.0,2.0,14,1,1,1
wavmark,3,16384,195,english:1355,0,fwp,"[44897, 45475, 61507]",65515,0,-3.0,-2.0,1.0,35,1,1,1
wavmark,3,65536,195,english:1355,0,fwp,"[44897, 45475, 61507]",65379,0,-3.0,-0.0,3.0,138,1,1,1
wavmark,3,256,196,english:1355,1,mean,"[9312, 20597, 48370]",9312,1,-2.0,-2.0,0.0,1,0,0,0
wavmark,3,1024,196,english:1355,1,mean,"[9312, 20597, 48370]",9312,1,-2.0,-3.0,-1.0,1,0,0,0
wavmark,3,4096,196,english:1355,1,mean,"[9312, 20597, 48370]",13936,0,-2.0,-1.0,1.0,2,1,1,1
wavmark,3,16384,196,english:1355,1,mean,"[9312, 20597, 48370]",13426,0,-2.0,-1.0,1.0,3,1,1,1
wavmark,3,65536,196,english:1355,1,mean,"[9312, 20597, 48370]",13424,0,-2.0,-0.0,2.0,18,1,1,1
wavmark,3,256,196,english:1355,1,fwp,"[9312, 20597, 48370]",48241,0,-3.0,-2.0,1.0,4,1,1,0
wavmark,3,1024,196,english:1355,1,fwp,"[9312, 20597, 48370]",64753,0,-3.0,-2.0,1.0,3,1,1,1
wavmark,3,4096,196,english:1355,1,fwp,"[9312, 20597, 48370]",47349,0,-3.0,-1.0,2.0,6,1,1,1
wavmark,3,16384,196,english:1355,1,fwp,"[9312, 20597, 48370]",64757,0,-3.0,-1.0,2.0,31,1,1,1
wavmark,3,65536,196,english:1355,1,fwp,"[9312, 20597, 48370]",48373,0,-3.0,-0.0,3.0,138,1,1,1
wavmark,3,256,197,english:1355,2,mean,"[27313, 27957, 37976]",27957,1,-2.0,-4.0,-2.0,1,0,0,0
wavmark,3,1024,197,english:1355,2,mean,"[27313, 27957, 37976]",27957,1,-2.0,-2.0,0.0,1,0,0,0
wavmark,3,4096,197,english:1355,2,mean,"[27313, 27957, 37976]",60465,0,-2.0,-1.0,1.0,2,1,1,0
wavmark,3,16384,197,english:1355,2,mean,"[27313, 27957, 37976]",27825,0,-2.0,-1.0,1.0,4,1,1,1
wavmark,3,65536,197,english:1355,2,mean,"[27313, 27957, 37976]",27697,0,-2.0,-0.0,2.0,18,1,1,1
wavmark,3,256,197,english:1355,2,fwp,"[27313, 27957, 37976]",48313,0,-6.0,-2.0,4.0,26,1,1,1
wavmark,3,1024,197,english:1355,2,fwp,"[27313, 27957, 37976]",47097,0,-6.0,-2.0,4.0,119,1,1,1
wavmark,3,4096,197,english:1355,2,fwp,"[27313, 27957, 37976]",48881,0,-6.0,-1.0,5.0,430,1,1,1
wavmark,3,16384,197,english:1355,2,fwp,"[27313, 27957, 37976]",49145,0,-6.0,-1.0,5.0,1671,1,1,1
wavmark,3,65536,197,english:1355,2,fwp,"[27313, 27957, 37976]",48889,0,-6.0,-0.0,6.0,6886,1,1,1
wavmark,3,256,198,english:1363,0,mean,"[11754, 29487, 41676]",45806,0,-4.0,-3.0,1.0,6,1,1,1
wavmark,3,1024,198,english:1363,0,mean,"[11754, 29487, 41676]",11246,0,-4.0,-1.0,3.0,8,1,1,1
wavmark,3,4096,198,english:1363,0,mean,"[11754, 29487, 41676]",13292,0,-4.0,-2.0,2.0,40,1,1,1
wavmark,3,16384,198,english:1363,0,mean,"[11754, 29487, 41676]",25582,0,-4.0,-1.0,3.0,186,1,1,1
wavmark,3,65536,198,english:1363,0,mean,"[11754, 29487, 41676]",9198,0,-4.0,-0.0,4.0,698,1,1,1
wavmark,3,256,198,english:1363,0,fwp,"[11754, 29487, 41676]",45806,0,-3.0,-2.0,1.0,2,1,0,0
wavmark,3,1024,198,english:1363,0,fwp,"[11754, 29487, 41676]",41199,0,-3.0,-1.0,2.0,7,1,1,1
wavmark,3,4096,198,english:1363,0,fwp,"[11754, 29487, 41676]",45807,0,-3.0,-1.0,2.0,11,1,1,1
wavmark,3,16384,198,english:1363,0,fwp,"[11754, 29487, 41676]",43759,0,-3.0,-1.0,2.0,36,1,1,1
wavmark,3,65536,198,english:1363,0,fwp,"[11754, 29487, 41676]",41711,0,-3.0,-0.0,3.0,138,1,1,1
wavmark,3,256,199,english:1363,1,mean,"[25630, 30515, 41463]",30515,1,-3.0,-3.0,0.0,1,0,0,0
wavmark,3,1024,199,english:1363,1,mean,"[25630, 30515, 41463]",25910,0,-3.0,-1.0,2.0,3,1,1,0
wavmark,3,4096,199,english:1363,1,mean,"[25630, 30515, 41463]",60727,0,-3.0,-2.0,1.0,6,1,1,1
wavmark,3,16384,199,english:1363,1,mean,"[25630, 30515, 41463]",30007,0,-3.0,-1.0,2.0,26,1,1,1
wavmark,3,65536,199,english:1363,1,mean,"[25630, 30515, 41463]",25911,0,-3.0,-0.0,3.0,138,1,1,1
wavmark,3,256,199,english:1363,1,fwp,"[25630, 30515, 41463]",26014,0,-4.0,-2.0,2.0,8,1,1,1
wavmark,3,1024,199,english:1363,1,fwp,"[25630, 30515, 41463]",9691,0,-4.0,-2.0,2.0,17,1,1,1
wavmark,3,4096,199,english:1363,1,fwp,"[25630, 30515, 41463]",26015,0,-4.0,-1.0,3.0,49,1,1,1
wavmark,3,16384,199,english:1363,1,fwp,"[25630, 30515, 41463]",13727,0,-4.0,-1.0,3.0,182,1,1,1
wavmark,3,65536,199,english:1363,1,fwp,"[25630, 30515, 41463]",9631,0,-4.0,-0.0,4.0,698,1,1,1
wavmark,3,256,200,english:1363,2,mean,"[27716, 45506, 61440]",61440,1,-2.0,-2.0,0.0,1,0,0,0
wavmark,3,1024,200,english:1363,2,mean,"[27716, 45506, 61440]",62496,0,-2.0,-2.0,0.0,1,1,0,0
wavmark,3,4096,200,english:1363,2,mean,"[27716, 45506, 61440]",62792,0,-2.0,-2.0,0.0,1,1,1,1
wavmark,3,16384,200,english:1363,2,mean,"[27716, 45506, 61440]",62528,0,-2.0,-0.0,2.0,8,1,1,1
wavmark,3,65536,200,english:1363,2,mean,"[27716, 45506, 61440]",62528,0,-2.0,-0.0,2.0,18,1,1,1
wavmark,3,256,200,english:1363,2,fwp,"[27716, 45506, 61440]",60774,0,-4.0,-3.0,1.0,5,1,1,1
wavmark,3,1024,200,english:1363,2,fwp,"[27716, 45506, 61440]",12230,0,-4.0,-2.0,2.0,11,1,1,1
wavmark,3,4096,200,english:1363,2,fwp,"[27716, 45506, 61440]",44358,0,-4.0,-1.0,3.0,44,1,1,1
wavmark,3,16384,200,english:1363,2,fwp,"[27716, 45506, 61440]",44486,0,-4.0,-0.0,4.0,179,1,1,1
wavmark,3,65536,200,english:1363,2,fwp,"[27716, 45506, 61440]",44486,0,-4.0,-0.0,4.0,698,1,1,1
wavmark,3,256,201,english:1447,0,mean,"[31026, 35648, 36687]",35648,1,-2.0,-3.0,-1.0,1,0,0,0
wavmark,3,1024,201,english:1447,0,mean,"[31026, 35648, 36687]",51538,0,-2.0,-2.0,0.0,1,1,0,0
wavmark,3,4096,201,english:1447,0,mean,"[31026, 35648, 36687]",35794,0,-2.0,-1.0,1.0,3,1,1,1
wavmark,3,16384,201,english:1447,0,mean,"[31026, 35648, 36687]",39762,0,-2.0,-1.0,1.0,7,1,1,1
wavmark,3,65536,201,english:1447,0,mean,"[31026, 35648, 36687]",35666,0,-2.0,-0.0,2.0,18,1,1,1
wavmark,3,256,201,english:1447,0,fwp,"[31026, 35648, 36687]",56703,0,-5.0,-2.0,3.0,12,1,1,1
wavmark,3,1024,201,english:1447,0,fwp,"[31026, 35648, 36687]",64893,0,-5.0,-2.0,3.0,51,1,1,1
wavmark,3,4096,201,english:1447,0,fwp,"[31026, 35648, 36687]",48639,0,-5.0,-1.0,4.0,158,1,1,1
wavmark,3,16384,201,english:1447,0,fwp,"[31026, 35648, 36687]",47487,0,-5.0,-1.0,4.0,600,1,1,1
wavmark,3,65536,201,english:1447,0,fwp,"[31026, 35648, 36687]",48511,0,-5.0,-0.0,5.0,2518,1,1,1
wavmark,3,256,202,english:1447,1,mean,"[23074, 31911, 55239]",31911,1,-2.0,-2.0,0.0,1,0,0,0
wavmark,3,1024,202,english:1447,1,mean,"[23074, 31911, 55239]",31911,1,-2.0,-2.0,0.0,1,0,0,0
wavmark,3,4096,202,english:1447,1,mean,"[23074, 31911, 55239]",31911,1,-2.0,-2.0,0.0,1,0,0,0
wavmark,3,16384,202,english:1447,1,mean,"[23074, 31911, 55239]",22183,0,-2.0,-1.0,1.0,2,1,1,1
wavmark,3,65536,202,english:1447,1,mean,"[23074, 31911, 55239]",24231,0,-2.0,-0.0,2.0,18,1,1,1
wavmark,3,256,202,english:1447,1,fwp,"[23074, 31911, 55239]",55239,1,-2.0,-3.0,-1.0,1,0,0,0
wavmark,3,1024,202,english:1447,1,fwp,"[23074, 31911, 55239]",64487,0,-2.0,-2.0,0.0,1,1,1,0
wavmark,3,4096,202,english:1447,1,fwp,"[23074, 31911, 55239]",56295,0,-2.0,-1.0,1.0,2,1,1,1
wavmark,3,16384,202,english:1447,1,fwp,"[23074, 31911, 55239]",57318,0,-2.0,-1.0,1.0,7,1,1,1
wavmark,3,65536,202,english:1447,1,fwp,"[23074, 31911, 55239]",57319,0,-2.0,-0.0,2.0,18,1,1,1
wavmark,3,256,203,english:1447,2,mean,"[35890, 35970, 58150]",35890,1,-0.0,-2.0,-2.0,1,0,0,0
wavmark,3,1024,203,english:1447,2,mean,"[35890, 35970, 58150]",35890,1,-0.0,-2.0,-2.0,1,0,0,0
wavmark,3,4096,203,english:1447,2,mean,"[35890, 35970, 58150]",35890,1,-0.0,-1.0,-1.0,1,0,0,0
wavmark,3,16384,203,english:1447,2,mean,"[35890, 35970, 58150]",35890,1,-0.0,-1.0,-1.0,1,0,0,0
wavmark,3,65536,203,english:1447,2,mean,"[35890, 35970, 58150]",35890,1,-0.0,-1.0,-1.0,1,0,0,0
wavmark,3,256,203,english:1447,2,fwp,"[35890, 35970, 58150]",44516,0,-4.0,-2.0,2.0,4,1,1,1
wavmark,3,1024,203,english:1447,2,fwp,"[35890, 35970, 58150]",49062,0,-4.0,-2.0,2.0,13,1,1,1
wavmark,3,4096,203,english:1447,2,fwp,"[35890, 35970, 58150]",44964,0,-4.0,-2.0,2.0,48,1,1,1
wavmark,3,16384,203,english:1447,2,fwp,"[35890, 35970, 58150]",44462,0,-4.0,-1.0,3.0,171,1,1,1
wavmark,3,65536,203,english:1447,2,fwp,"[35890, 35970, 58150]",44454,0,-4.0,-0.0,4.0,698,1,1,1
wavmark,3,256,204,english:1455,0,mean,"[4731, 11774, 38597]",13311,0,-3.0,-3.0,0.0,1,1,0,0
wavmark,3,1024,204,english:1455,0,mean,"[4731, 11774, 38597]",6135,0,-3.0,-2.0,1.0,3,1,1,1
wavmark,3,4096,204,english:1455,0,mean,"[4731, 11774, 38597]",30463,0,-3.0,-2.0,1.0,9,1,1,1
wavmark,3,16384,204,english:1455,0,mean,"[4731, 11774, 38597]",5887,0,-3.0,-0.0,3.0,38,1,1,1
wavmark,3,65536,204,english:1455,0,mean,"[4731, 11774, 38597]",5887,0,-3.0,-0.0,3.0,138,1,1,1
wavmark,3,256,204,english:1455,0,fwp,"[4731, 11774, 38597]",48511,0,-4.0,-2.0,2.0,3,1,1,1
wavmark,3,1024,204,english:1455,0,fwp,"[4731, 11774, 38597]",65023,0,-4.0,-2.0,2.0,13,1,1,1
wavmark,3,4096,204,english:1455,0,fwp,"[4731, 11774, 38597]",65535,0,-4.0,-1.0,3.0,51,1,1,1
wavmark,3,16384,204,english:1455,0,fwp,"[4731, 11774, 38597]",49151,0,-4.0,-0.0,4.0,162,1,1,1
wavmark,3,65536,204,english:1455,0,fwp,"[4731, 11774, 38597]",49151,0,-4.0,-0.0,4.0,698,1,1,1
wavmark,3,256,205,english:1455,1,mean,"[22036, 38932, 59875]",38932,1,-1.0,-3.0,-2.0,1,0,0,0
wavmark,3,1024,205,english:1455,1,mean,"[22036, 38932, 59875]",38932,1,-1.0,-2.0,-1.0,1,0,0,0
wavmark,3,4096,205,english:1455,1,mean,"[22036, 38932, 59875]",55317,0,-1.0,-1.0,0.0,1,1,0,0
wavmark,3,16384,205,english:1455,1,mean,"[22036, 38932, 59875]",55316,0,-1.0,-0.0,1.0,2,1,1,1
wavmark,3,65536,205,english:1455,1,mean,"[22036, 38932, 59875]",55316,0,-1.0,-0.0,1.0,2,1,1,1
wavmark,3,256,205,english:1455,1,fwp,"[22036, 38932, 59875]",61307,0,-4.0,-3.0,1.0,3,1,1,1
wavmark,3,1024,205,english:1455,1,fwp,"[22036, 38932, 59875]",61311,0,-4.0,-2.0,2.0,11,1,1,1
wavmark,3,4096,205,english:1455,1,fwp,"[22036, 38932, 59875]",65015,0,-4.0,-2.0,2.0,38,1,1,1
wavmark,3,16384,205,english:1455,1,fwp,"[22036, 38932, 59875]",61431,0,-4.0,-0.0,4.0,165,1,1,1
wavmark,3,65536,205,english:1455,1,fwp,"[22036, 38932, 59875]",61431,0,-4.0,-0.0,4.0,698,1,1,1
wavmark,3,256,206,english:1455,2,mean,"[1977, 42589, 62769]",41851,0,-3.0,-3.0,0.0,1,1,1,0
wavmark,3,1024,206,english:1455,2,mean,"[1977, 42589, 62769]",49017,0,-3.0,-3.0,0.0,1,1,1,1
wavmark,3,4096,206,english:1455,2,mean,"[1977, 42589, 62769]",42801,0,-3.0,-1.0,2.0,9,1,1,1
wavmark,3,16384,206,english:1455,2,mean,"[1977, 42589, 62769]",42809,0,-3.0,-0.0,3.0,32,1,1,1
wavmark,3,65536,206,english:1455,2,mean,"[1977, 42589, 62769]",42809,0,-3.0,-0.0,3.0,138,1,1,1
wavmark,3,256,206,english:1455,2,fwp,"[1977, 42589, 62769]",29693,0,-4.0,-3.0,1.0,2,1,1,0
wavmark,3,1024,206,english:1455,2,fwp,"[1977, 42589, 62769]",65535,0,-4.0,-3.0,1.0,13,1,1,1
wavmark,3,4096,206,english:1455,2,fwp,"[1977, 42589, 62769]",63293,0,-4.0,-1.0,3.0,48,1,1,1
wavmark,3,16384,206,english:1455,2,fwp,"[1977, 42589, 62769]",65405,0,-4.0,-1.0,3.0,179,1,1,1
wavmark,3,65536,206,english:1455,2,fwp,"[1977, 42589, 62769]",63357,0,-4.0,-0.0,4.0,698,1,1,1
wavmark,3,256,207,english:150,0,mean,"[5509, 36724, 58260]",58260,1,-2.0,-3.0,-1.0,1,0,0,0
wavmark,3,1024,207,english:150,0,mean,"[5509, 36724, 58260]",42900,0,-2.0,-0.0,2.0,2,1,0,0
wavmark,3,4096,207,english:150,0,mean,"[5509, 36724, 58260]",34708,0,-2.0,-1.0,1.0,2,1,0,0
wavmark,3,16384,207,english:150,0,mean,"[5509, 36724, 58260]",59284,0,-2.0,-1.0,1.0,4,1,1,1
wavmark,3,65536,207,english:150,0,mean,"[5509, 36724, 58260]",42900,0,-2.0,-0.0,2.0,18,1,1,1
wavmark,3,256,207,english:150,0,fwp,"[5509, 36724, 58260]",55284,0,-3.0,-3.0,0.0,1,1,0,0
wavmark,3,1024,207,english:150,0,fwp,"[5509, 36724, 58260]",45045,0,-3.0,-2.0,1.0,5,1,1,1
wavmark,3,4096,207,english:150,0,fwp,"[5509, 36724, 58260]",40951,0,-3.0,-1.0,2.0,10,1,1,1
wavmark,3,16384,207,english:150,0,fwp,"[5509, 36724, 58260]",57341,0,-3.0,-2.0,1.0,36,1,1,1
wavmark,3,65536,207,english:150,0,fwp,"[5509, 36724, 58260]",40949,0,-3.0,-0.0,3.0,138,1,1,1
wavmark,3,256,208,english:150,1,mean,"[24680, 26197, 53193]",26207,0,-2.0,-2.0,0.0,1,1,0,0
wavmark,3,1024,208,english:150,1,mean,"[24680, 26197, 53193]",26457,0,-2.0,-1.0,1.0,2,1,0,0
wavmark,3,4096,208,english:150,1,mean,"[24680, 26197, 53193]",26457,0,-2.0,-1.0,1.0,3,1,1,1
wavmark,3,16384,208,english:150,1,mean,"[24680, 26197, 53193]",26201,0,-2.0,-0.0,2.0,9,1,1,1
wavmark,3,65536,208,english:150,1,mean,"[24680, 26197, 53193]",26201,0,-2.0,-0.0,2.0,18,1,1,1
wavmark,3,256,208,english:150,1,fwp,"[24680, 26197, 53193]",53193,1,-2.0,-3.0,-1.0,1,0,0,0
wavmark,3,1024,208,english:150,1,fwp,"[24680, 26197, 53193]",61433,0,-2.0,-1.0,1.0,2,1,0,0
wavmark,3,4096,208,english:150,1,fwp,"[24680, 26197, 53193]",61433,0,-2.0,-1.0,1.0,4,1,1,1
wavmark,3,16384,208,english:150,1,fwp,"[24680, 26197, 53193]",61417,0,-2.0,-0.0,2.0,7,1,1,1
wavmark,3,65536,208,english:150,1,fwp,"[24680, 26197, 53193]",61417,0,-2.0,-0.0,2.0,18,1,1,1
wavmark,3,256,209,english:150,2,mean,"[7556, 10116, 24271]",16276,0,-2.0,-1.0,1.0,3,1,0,0
wavmark,3,1024,209,english:150,2,mean,"[7556, 10116, 24271]",49060,0,-2.0,-2.0,0.0,1,1,0,0
wavmark,3,4096,209,english:150,2,mean,"[7556, 10116, 24271]",16260,0,-2.0,-0.0,2.0,3,1,0,0
wavmark,3,16384,209,english:150,2,mean,"[7556, 10116, 24271]",16324,0,-2.0,-1.0,1.0,4,1,1,1
wavmark,3,65536,209,english:150,2,mean,"[7556, 10116, 24271]",16260,0,-2.0,-0.0,2.0,18,1,1,1
wavmark,3,256,209,english:150,2,fwp,"[7556, 10116, 24271]",40902,0,-4.0,-4.0,0.0,1,1,1,1
wavmark,3,1024,209,english:150,2,fwp,"[7556, 10116, 24271]",32718,0,-4.0,-2.0,2.0,7,1,1,1
wavmark,3,4096,209,english:150,2,fwp,"[7556, 10116, 24271]",45038,0,-4.0,-2.0,2.0,50,1,1,1
wavmark,3,16384,209,english:150,2,fwp,"[7556, 10116, 24271]",45006,0,-4.0,-1.0,3.0,185,1,1,1
wavmark,3,65536,209,english:150,2,fwp,"[7556, 10116, 24271]",12238,0,-4.0,-0.0,4.0,698,1,1,1
wavmark,3,256,210,english:1502,0,mean,"[693, 12810, 42246]",12934,0,-4.0,-3.0,1.0,6,1,1,1
wavmark,3,1024,210,english:1502,0,mean,"[693, 12810, 42246]",25106,0,-4.0,-2.0,2.0,13,1,1,1
wavmark,3,4096,210,english:1502,0,mean,"[693, 12810, 42246]",25110,0,-4.0,-1.0,3.0,39,1,1,1
wavmark,3,16384,210,english:1502,0,mean,"[693, 12810, 42246]",8726,0,-4.0,-0.0,4.0,192,1,1,1
wavmark,3,65536,210,english:1502,0,mean,"[693, 12810, 42246]",8726,0,-4.0,-0.0,4.0,698,1,1,1
wavmark,3,256,210,english:1502,0,fwp,"[693, 12810, 42246]",42790,0,-4.0,-2.0,2.0,5,1,1,1
wavmark,3,1024,210,english:1502,0,fwp,"[693, 12810, 42246]",44982,0,-4.0,-1.0,3.0,15,1,1,1
wavmark,3,4096,210,english:1502,0,fwp,"[693, 12810, 42246]",59314,0,-4.0,-2.0,2.0,38,1,1,1
wavmark,3,16384,210,english:1502,0,fwp,"[693, 12810, 42246]",42934,0,-4.0,-0.0,4.0,186,1,1,1
wavmark,3,65536,210,english:1502,0,fwp,"[693, 12810, 42246]",42934,0,-4.0,-0.0,4.0,698,1,1,1
wavmark,3,256,211,english:1502,1,mean,"[2447, 52925, 58906]",52925,1,-2.0,-3.0,-1.0,1,0,0,0
wavmark,3,1024,211,english:1502,1,mean,"[2447, 52925, 58906]",56991,0,-2.0,-1.0,1.0,2,1,0,0
wavmark,3,4096,211,english:1502,1,mean,"[2447, 52925, 58906]",52383,0,-2.0,-1.0,1.0,2,1,1,0
wavmark,3,16384,211,english:1502,1,mean,"[2447, 52925, 58906]",52895,0,-2.0,-0.0,2.0,7,1,1,1
wavmark,3,65536,211,english:1502,1,mean,"[2447, 52925, 58906]",52895,0,-2.0,-0.0,2.0,18,1,1,1
wavmark,3,256,211,english:1502,1,fwp,"[2447, 52925, 58906]",61387,0,-4.0,-3.0,1.0,2,1,0,0
wavmark,3,1024,211,english:1502,1,fwp,"[2447, 52925, 58906]",43935,0,-4.0,-2.0,2.0,16,1,1,1
wavmark,3,4096,211,english:1502,1,fwp,"[2447, 52925, 58906]",60831,0,-4.0,-1.0,3.0,46,1,1,1
wavmark,3,16384,211,english:1502,1,fwp,"[2447, 52925, 58906]",61375,0,-4.0,-1.0,3.0,170,1,1,1
wavmark,3,65536,211,english:1502,1,fwp,"[2447, 52925, 58906]",61343,0,-4.0,-0.0,4.0,698,1,1,1
wavmark,3,256,212,english:1502,2,mean,"[27027, 51044, 56215]",56215,1,-2.0,-3.0,-1.0,1,0,0,0
wavmark,3,1024,212,english:1502,2,mean,"[27027, 51044, 56215]",60373,0,-2.0,-2.0,0.0,1,1,0,0
wavmark,3,4096,212,english:1502,2,mean,"[27027, 51044, 56215]",60311,0,-2.0,-0.0,2.0,3,1,1,1
wavmark,3,16384,212,english:1502,2,mean,"[27027, 51044, 56215]",61335,0,-2.0,-1.0,1.0,5,1,1,1
wavmark,3,65536,212,english:1502,2,mean,"[27027, 51044, 56215]",60311,0,-2.0,-0.0,2.0,18,1,1,1
wavmark,3,256,212,english:1502,2,fwp,"[27027, 51044, 56215]",57846,0,-5.0,-3.0,2.0,8,1,1,1
wavmark,3,1024,212,english:1502,2,fwp,"[27027, 51044, 56215]",60883,0,-5.0,-2.0,3.0,40,1,1,1
wavmark,3,4096,212,english:1502,2,fwp,"[27027, 51044, 56215]",60918,0,-5.0,-1.0,4.0,157,1,1,1
wavmark,3,16384,212,english:1502,2,fwp,"[27027, 51044, 56215]",65015,0,-5.0,-1.0,4.0,630,1,1,1
wavmark,3,65536,212,english:1502,2,fwp,"[27027, 51044, 56215]",60919,0,-5.0,-0.0,5.0,2518,1,1,1
wavmark,3,256,213,english:1553,0,mean,"[6855, 10732, 43930]",11102,0,-3.0,-1.0,2.0,2,1,0,0
wavmark,3,1024,213,english:1553,0,mean,"[6855, 10732, 43930]",11231,0,-3.0,-1.0,2.0,5,1,1,0
wavmark,3,4096,213,english:1553,0,mean,"[6855, 10732, 43930]",14814,0,-3.0,-2.0,1.0,6,1,1,1
wavmark,3,16384,213,english:1553,0,mean,"[6855, 10732, 43930]",11230,0,-3.0,-0.0,3.0,28,1,1,1
wavmark,3,65536,213,english:1553,0,mean,"[6855, 10732, 43930]",11230,0,-3.0,-0.0,3.0,138,1,1,1
wavmark,3,256,213,english:1553,0,fwp,"[6855, 10732, 43930]",43930,1,-2.0,-4.0,-2.0,1,0,0,0
wavmark,3,1024,213,english:1553,0,fwp,"[6855, 10732, 43930]",43930,1,-2.0,-2.0,0.0,1,0,0,0
wavmark,3,4096,213,english:1553,0,fwp,"[6855, 10732, 43930]",45983,0,-2.0,-2.0,0.0,1,1,0,0
wavmark,3,16384,213,english:1553,0,fwp,"[6855, 10732, 43930]",43999,0,-2.0,-1.0,1.0,4,1,1,1
wavmark,3,65536,213,english:1553,0,fwp,"[6855, 10732, 43930]",43935,0,-2.0,-0.0,2.0,18,1,1,1
wavmark,3,256,214,english:1553,1,mean,"[6004, 14916, 57745]",13138,0,-3.0,-2.0,1.0,2,1,0,0
wavmark,3,1024,214,english:1553,1,mean,"[6004, 14916, 57745]",13268,0,-3.0,-1.0,2.0,3,1,1,1
wavmark,3,4096,214,english:1553,1,mean,"[6004, 14916, 57745]",41812,0,-3.0,-2.0,1.0,3,1,1,1
wavmark,3,16384,214,english:1553,1,mean,"[6004, 14916, 57745]",13136,0,-3.0,-1.0,2.0,37,1,1,1
wavmark,3,65536,214,english:1553,1,mean,"[6004, 14916, 57745]",13140,0,-3.0,-0.0,3.0,138,1,1,1
wavmark,3,256,214,english:1553,1,fwp,"[6004, 14916, 57745]",13301,0,-4.0,-2.0,2.0,5,1,1,1
wavmark,3,1024,214,english:1553,1,fwp,"[6004, 14916, 57745]",30689,0,-4.0,-2.0,2.0,5,1,1,1
wavmark,3,4096,214,english:1553,1,fwp,"[6004, 14916, 57745]",30453,0,-4.0,-1.0,3.0,47,1,1,1
wavmark,3,16384,214,english:1553,1,fwp,"[6004, 14916, 57745]",63477,0,-4.0,-1.0,3.0,190,1,1,1
wavmark,3,65536,214,english:1553,1,fwp,"[6004, 14916, 57745]",30709,0,-4.0,-0.0,4.0,698,1,1,1
wavmark,3,256,215,english:1553,2,mean,"[8625, 18109, 61737]",16809,0,-2.0,-2.0,0.0,1,1,0,0
wavmark,3,1024,215,english:1553,2,mean,"[8625, 18109, 61737]",25001,0,-2.0,-1.0,1.0,2,1,0,0
wavmark,3,4096,215,english:1553,2,mean,"[8625, 18109, 61737]",25009,0,-2.0,-1.0,1.0,3,1,1,1
wavmark,3,16384,215,english:1553,2,mean,"[8625, 18109, 61737]",29113,0,-2.0,-1.0,1.0,6,1,1,1
wavmark,3,65536,215,english:1553,2,mean,"[8625, 18109, 61737]",25017,0,-2.0,-0.0,2.0,18,1,1,1
wavmark,3,256,215,english:1553,2,fwp,"[8625, 18109, 61737]",64447,0,-4.0,-3.0,1.0,4,1,1,1
wavmark,3,1024,215,english:1553,2,fwp,"[8625, 18109, 61737]",65533,0,-4.0,-2.0,2.0,11,1,1,1
wavmark,3,4096,215,english:1553,2,fwp,"[8625, 18109, 61737]",63422,0,-4.0,-2.0,2.0,47,1,1,1
wavmark,3,16384,215,english:1553,2,fwp,"[8625, 18109, 61737]",63413,0,-4.0,-1.0,3.0,162,1,1,1
wavmark,3,65536,215,english:1553,2,fwp,"[8625, 18109, 61737]",63421,0,-4.0,-0.0,4.0,698,1,1,1
wavmark,3,256,216,english:1578,0,mean,"[9085, 52179, 57619]",57619,1,-2.0,-4.0,-2.0,1,0,0,0
wavmark,3,1024,216,english:1578,0,mean,"[9085, 52179, 57619]",60247,0,-2.0,-2.0,0.0,1,1,0,0
wavmark,3,4096,216,english:1578,0,mean,"[9085, 52179, 57619]",62289,0,-2.0,-2.0,0.0,1,1,0,0
wavmark,3,16384,216,english:1578,0,mean,"[9085, 52179, 57619]",62291,0,-2.0,-1.0,1.0,4,1,1,1
wavmark,3,65536,216,english:1578,0,mean,"[9085, 52179, 57619]",58195,0,-2.0,-0.0,2.0,18,1,1,1
wavmark,3,256,216,english:1578,0,fwp,"[9085, 52179, 57619]",9085,1,-2.0,-3.0,-1.0,1,0,0,0
wavmark,3,1024,216,english:1578,0,fwp,"[9085, 52179, 57619]",62335,0,-2.0,-2.0,0.0,1,1,0,0
wavmark,3,4096,216,english:1578,0,fwp,"[9085, 52179, 57619]",58223,0,-2.0,-2.0,0.0,1,1,1,1
wavmark,3,16384,216,english:1578,0,fwp,"[9085, 52179, 57619]",25471,0,-2.0,-0.0,2.0,5,1,1,1
wavmark,3,65536,216,english:1578,0,fwp,"[9085, 52179, 57619]",25471,0,-2.0,-0.0,2.0,18,1,1,1
wavmark,3,256,217,english:1578,1,mean,"[3020, 16975, 18026]",16975,1,-2.0,-2.0,0.0,1,0,0,0
wavmark,3,1024,217,english:1578,1,mean,"[3020, 16975, 18026]",16975,1,-2.0,-3.0,-1.0,1,0,0,0
wavmark,3,4096,217,english:1578,1,mean,"[3020, 16975, 18026]",17134,0,-2.0,-1.0,1.0,2,1,0,0
wavmark,3,16384,217,english:1578,1,mean,"[3020, 16975, 18026]",19150,0,-2.0,-1.0,1.0,3,1,1,1
wavmark,3,65536,217,english:1578,1,mean,"[3020, 16975, 18026]",17102,0,-2.0,-0.0,2.0,18,1,1,1
wavmark,3,256,217,english:1578,1,fwp,"[3020, 16975, 18026]",11246,0,-3.0,-2.0,1.0,3,1,1,0
wavmark,3,1024,217,english:1578,1,fwp,"[3020, 16975, 18026]",36839,0,-3.0,-3.0,0.0,1,1,1,0
wavmark,3,4096,217,english:1578,1,fwp,"[3020, 16975, 18026]",18414,0,-3.0,-2.0,1.0,11,1,1,1
wavmark,3,16384,217,english:1578,1,fwp,"[3020, 16975, 18026]",4076,0,-3.0,-1.0,2.0,38,1,1,1
wavmark,3,65536,217,english:1578,1,fwp,"[3020, 16975, 18026]",4078,0,-3.0,-0.0,3.0,138,1,1,1
wavmark,3,256,218,english:1578,2,mean,"[41262, 47991, 50875]",59326,0,-4.0,-3.0,1.0,4,1,1,1
wavmark,3,1024,218,english:1578,2,mean,"[41262, 47991, 50875]",47039,0,-4.0,-2.0,2.0,15,1,1,1
wavmark,3,4096,218,english:1578,2,mean,"[41262, 47991, 50875]",41663,0,-4.0,-1.0,3.0,42,1,1,1
wavmark,3,16384,218,english:1578,2,mean,"[41262, 47991, 50875]",42943,0,-4.0,-1.0,3.0,190,1,1,1
wavmark,3,65536,218,english:1578,2,mean,"[41262, 47991, 50875]",41919,0,-4.0,-0.0,4.0,698,1,1,1
wavmark,3,256,218,english:1578,2,fwp,"[41262, 47991, 50875]",59326,0,-4.0,-0.0,4.0,5,1,1,1
wavmark,3,1024,218,english:1578,2,fwp,"[41262, 47991, 50875]",26046,0,-4.0,-2.0,2.0,9,1,1,1
wavmark,3,4096,218,english:1578,2,fwp,"[41262, 47991, 50875]",59310,0,-4.0,-1.0,3.0,59,1,1,1
wavmark,3,16384,218,english:1578,2,fwp,"[41262, 47991, 50875]",61374,0,-4.0,-1.0,3.0,186,1,1,1
wavmark,3,65536,218,english:1578,2,fwp,"[41262, 47991, 50875]",59326,0,-4.0,-0.0,4.0,698,1,1,1
wavmark,3,256,219,english:1594,0,mean,"[46924, 49056, 58001]",46484,0,-3.0,-2.0,1.0,2,1,0,0
wavmark,3,1024,219,english:1594,0,mean,"[46924, 49056, 58001]",47057,0,-3.0,-2.0,1.0,3,1,1,1
wavmark,3,4096,219,english:1594,0,mean,"[46924, 49056, 58001]",65424,0,-3.0,-2.0,1.0,8,1,1,1
wavmark,3,16384,219,english:1594,0,mean,"[46924, 49056, 58001]",65424,0,-3.0,-2.0,1.0,36,1,1,1
wavmark,3,65536,219,english:1594,0,mean,"[46924, 49056, 58001]",46992,0,-3.0,-0.0,3.0,138,1,1,1
wavmark,3,256,219,english:1594,0,fwp,"[46924, 49056, 58001]",59285,0,-4.0,-3.0,1.0,2,1,1,0
wavmark,3,1024,219,english:1594,0,fwp,"[46924, 49056, 58001]",63451,0,-4.0,-2.0,2.0,14,1,1,1
wavmark,3,4096,219,english:1594,0,fwp,"[46924, 49056, 58001]",62941,0,-4.0,-1.0,3.0,50,1,1,1
wavmark,3,16384,219,english:1594,0,fwp,"[46924, 49056, 58001]",63449,0,-4.0,-1.0,3.0,188,1,1,1
wavmark,3,65536,219,english:1594,0,fwp,"[46924, 49056, 58001]",63453,0,-4.0,-0.0,4.0,698,1,1,1
wavmark,3,256,220,english:1594,1,mean,"[13500, 24145, 43893]",11893,0,-4.0,-1.0,3.0,6,1,1,1
wavmark,3,1024,220,english:1594,1,mean,"[13500, 24145, 43893]",48756,0,-4.0,-2.0,2.0,19,1,1,1
wavmark,3,4096,220,english:1594,1,mean,"[13500, 24145, 43893]",48757,0,-4.0,-1.0,3.0,31,1,1,1
wavmark,3,16384,220,english:1594,1,mean,"[13500, 24145, 43893]",15989,0,-4.0,-0.0,4.0,177,1,1,1
wavmark,3,65536,220,english:1594,1,mean,"[13500, 24145, 43893]",15989,0,-4.0,-0.0,4.0,698,1,1,1
wavmark,3,256,220,english:1594,1,fwp,"[13500, 24145, 43893]",47597,0,-4.0,-3.0,1.0,2,1,1,1
wavmark,3,1024,220,english:1594,1,fwp,"[13500, 24145, 43893]",45021,0,-4.0,-2.0,2.0,9,1,1,1
wavmark,3,4096,220,english:1594,1,fwp,"[13500, 24145, 43893]",65533,0,-4.0,-1.0,3.0,40,1,1,1
wavmark,3,16384,220,english:1594,1,fwp,"[13500, 24145, 43893]",49117,0,-4.0,-1.0,3.0,181,1,1,1
wavmark,3,65536,220,english:1594,1,fwp,"[13500, 24145, 43893]",49149,0,-4.0,-0.0,4.0,698,1,1,1
wavmark,3,256,221,english:1594,2,mean,"[2902, 31685, 51286]",2902,1,-1.0,-2.0,-1.0,1,0,0,0
wavmark,3,1024,221,english:1594,2,mean,"[2902, 31685, 51286]",2902,1,-1.0,-2.0,-1.0,1,0,0,0
wavmark,3,4096,221,english:1594,2,mean,"[2902, 31685, 51286]",19414,0,-1.0,-1.0,0.0,1,1,1,0
wavmark,3,16384,221,english:1594,2,mean,"[2902, 31685, 51286]",19286,0,-1.0,-0.0,1.0,2,1,1,1
wavmark,3,65536,221,english:1594,2,mean,"[2902, 31685, 51286]",19286,0,-1.0,-0.0,1.0,2,1,1,1
wavmark,3,256,221,english:1594,2,fwp,"[2902, 31685, 51286]",64962,0,-4.0,-4.0,0.0,1,1,1,1
wavmark,3,1024,221,english:1594,2,fwp,"[2902, 31685, 51286]",65527,0,-4.0,-3.0,1.0,14,1,1,1
wavmark,3,4096,221,english:1594,2,fwp,"[2902, 31685, 51286]",59847,0,-4.0,-2.0,2.0,28,1,1,1
wavmark,3,16384,221,english:1594,2,fwp,"[2902, 31685, 51286]",63958,0,-4.0,-1.0,3.0,195,1,1,1
wavmark,3,65536,221,english:1594,2,fwp,"[2902, 31685, 51286]",63959,0,-4.0,-0.0,4.0,698,1,1,1
wavmark,3,256,222,english:1624,0,mean,"[33380, 41331, 59261]",43892,0,-3.0,-2.0,1.0,2,1,0,0
wavmark,3,1024,222,english:1624,0,mean,"[33380, 41331, 59261]",41847,0,-3.0,-1.0,2.0,5,1,1,0
wavmark,3,4096,222,english:1624,0,mean,"[33380, 41331, 59261]",41845,0,-3.0,-0.0,3.0,12,1,1,1
wavmark,3,16384,222,english:1624,0,mean,"[33380, 41331, 59261]",41844,0,-3.0,-1.0,2.0,34,1,1,1
wavmark,3,65536,222,english:1624,0,mean,"[33380, 41331, 59261]",41845,0,-3.0,-0.0,3.0,138,1,1,1
wavmark,3,256,222,english:1624,0,fwp,"[33380, 41331, 59261]",59261,1,-1.0,-3.0,-2.0,1,0,0,0
wavmark,3,1024,222,english:1624,0,fwp,"[33380, 41331, 59261]",59261,1,-1.0,-1.0,0.0,1,0,0,0
wavmark,3,4096,222,english:1624,0,fwp,"[33380, 41331, 59261]",59261,1,-1.0,-1.0,0.0,1,0,0,0
wavmark,3,16384,222,english:1624,0,fwp,"[33380, 41331, 59261]",59261,1,-1.0,-1.0,0.0,1,0,0,0
wavmark,3,65536,222,english:1624,0,fwp,"[33380, 41331, 59261]",42877,0,-1.0,-0.0,1.0,2,1,0,0
wavmark,3,256,223,english:1624,1,mean,"[28780, 46356, 51378]",61624,0,-4.0,-3.0,1.0,3,1,1,1
wavmark,3,1024,223,english:1624,1,mean,"[28780, 46356, 51378]",63668,0,-4.0,-2.0,2.0,17,1,1,1
wavmark,3,4096,223,english:1624,1,mean,"[28780, 46356, 51378]",61493,0,-4.0,-1.0,3.0,36,1,1,1
wavmark,3,16384,223,english:1624,1,mean,"[28780, 46356, 51378]",62516,0,-4.0,-1.0,3.0,154,1,1,1
wavmark,3,65536,223,english:1624,1,mean,"[28780, 46356, 51378]",61492,0,-4.0,-0.0,4.0,698,1,1,1
wavmark,3,256,223,english:1624,1,fwp,"[28780, 46356, 51378]",63478,0,-4.0,-4.0,0.0,1,1,1,1
wavmark,3,1024,223,english:1624,1,fwp,"[28780, 46356, 51378]",48626,0,-4.0,-2.0,2.0,12,1,1,1
wavmark,3,4096,223,english:1624,1,fwp,"[28780, 46356, 51378]",64822,0,-4.0,-2.0,2.0,39,1,1,1
wavmark,3,16384,223,english:1624,1,fwp,"[28780, 46356, 51378]",48567,0,-4.0,-1.0,3.0,168,1,1,1
wavmark,3,65536,223,english:1624,1,fwp,"[28780, 46356, 51378]",48566,0,-4.0,-0.0,4.0,698,1,1,1
wavmark,3,256,224,english:1624,2,mean,"[8034, 17306, 17367]",25558,0,-2.0,-2.0,0.0,1,1,0,0
wavmark,3,1024,224,english:1624,2,mean,"[8034, 17306, 17367]",27602,0,-2.0,-2.0,0.0,1,1,0,0
wavmark,3,4096,224,english:1624,2,mean,"[8034, 17306, 17367]",978,0,-2.0,-1.0,1.0,2,1,1,1
wavmark,3,16384,224,english:1624,2,mean,"[8034, 17306, 17367]",21458,0,-2.0,-1.0,1.0,3,1,1,1
wavmark,3,65536,224,english:1624,2,mean,"[8034, 17306, 17367]",17362,0,-2.0,-0.0,2.0,18,1,1,1
wavmark,3,256,224,english:1624,2,fwp,"[8034, 17306, 17367]",16306,0,-3.0,-3.0,0.0,1,1,0,0
wavmark,3,1024,224,english:1624,2,fwp,"[8034, 17306, 17367]",40926,0,-3.0,-3.0,0.0,1,1,1,0
wavmark,3,4096,224,english:1624,2,fwp,"[8034, 17306, 17367]",6138,0,-3.0,-1.0,2.0,9,1,1,1
wavmark,3,16384,224,english:1624,2,fwp,"[8034, 17306, 17367]",8184,0,-3.0,-1.0,2.0,34,1,1,1
wavmark,3,65536,224,english:1624,2,fwp,"[8034, 17306, 17367]",8186,0,-3.0,-0.0,3.0,138,1,1,1
wavmark,3,256,225,english:163,0,mean,"[18211, 42046, 49629]",58731,0,-3.0,-3.0,0.0,1,1,0,0
wavmark,3,1024,225,english:163,0,mean,"[18211, 42046, 49629]",58495,0,-3.0,-2.0,1.0,3,1,1,1
wavmark,3,4096,225,english:163,0,mean,"[18211, 42046, 49629]",58687,0,-3.0,-0.0,3.0,5,1,1,1
wavmark,3,16384,225,english:163,0,mean,"[18211, 42046, 49629]",58687,0,-3.0,-0.0,3.0,37,1,1,1
wavmark,3,65536,225,english:163,0,mean,"[18211, 42046, 49629]",58687,0,-3.0,-0.0,3.0,138,1,1,1
wavmark,3,256,225,english:163,0,fwp,"[18211, 42046, 49629]",49915,0,-4.0,-3.0,1.0,4,1,1,1
wavmark,3,1024,225,english:163,0,fwp,"[18211, 42046, 49629]",51103,0,-4.0,-2.0,2.0,7,1,1,1
wavmark,3,4096,225,english:163,0,fwp,"[18211, 42046, 49629]",61439,0,-4.0,-2.0,2.0,40,1,1,1
wavmark,3,16384,225,english:163,0,fwp,"[18211, 42046, 49629]",51195,0,-4.0,-1.0,3.0,171,1,1,1
wavmark,3,65536,225,english:163,0,fwp,"[18211, 42046, 49629]",51199,0,-4.0,-0.0,4.0,698,1,1,1
wavmark,3,256,226,english:163,1,mean,"[17241, 21239, 64310]",54071,0,-2.0,-2.0,0.0,1,1,0,0
wavmark,3,1024,226,english:163,1,mean,"[17241, 21239, 64310]",56183,0,-2.0,-2.0,0.0,1,1,0,0
wavmark,3,4096,226,english:163,1,mean,"[17241, 21239, 64310]",22519,0,-2.0,-2.0,0.0,1,1,0,0
wavmark,3,16384,226,english:163,1,mean,"[17241, 21239, 64310]",21366,0,-2.0,-1.0,1.0,5,1,1,1
wavmark,3,65536,226,english:163,1,mean,"[17241, 21239, 64310]",21367,0,-2.0,-0.0,2.0,18,1,1,1
wavmark,3,256,226,english:163,1,fwp,"[17241, 21239, 64310]",60286,0,-4.0,-1.0,3.0,6,1,1,1
wavmark,3,1024,226,english:163,1,fwp,"[17241, 21239, 64310]",60278,0,-4.0,-2.0,2.0,12,1,1,1
wavmark,3,4096,226,english:163,1,fwp,"[17241, 21239, 64310]",60351,0,-4.0,-2.0,2.0,47,1,1,1
wavmark,3,16384,226,english:163,1,fwp,"[17241, 21239, 64310]",61311,0,-4.0,-1.0,3.0,191,1,1,1
wavmark,3,65536,226,english:163,1,fwp,"[17241, 21239, 64310]",60287,0,-4.0,-0.0,4.0,698,1,1,1
wavmark,3,256,227,english:163,2,mean,"[16073, 29275, 35904]",16073,1,-2.0,-3.0,-1.0,1,0,0,0
wavmark,3,1024,227,english:163,2,mean,"[16073, 29275, 35904]",16081,0,-2.0,-2.0,0.0,1,1,0,0
wavmark,3,4096,227,english:163,2,mean,"[16073, 29275, 35904]",32345,0,-2.0,-1.0,1.0,4,1,1,1
wavmark,3,16384,227,english:163,2,mean,"[16073, 29275, 35904]",15961,0,-2.0,-0.0,2.0,8,1,1,1
wavmark,3,65536,227,english:163,2,mean,"[16073, 29275, 35904]",15961,0,-2.0,-0.0,2.0,18,1,1,1
wavmark,3,256,227,english:163,2,fwp,"[16073, 29275, 35904]",65051,0,-5.0,-3.0,2.0,7,1,1,1
wavmark,3,1024,227,english:163,2,fwp,"[16073, 29275, 35904]",60767,0,-5.0,-2.0,3.0,47,1,1,1
wavmark,3,4096,227,english:163,2,fwp,"[16073, 29275, 35904]",60523,0,-5.0,-2.0,3.0,160,1,1,1
wavmark,3,16384,227,english:163,2,fwp,"[16073, 29275, 35904]",60763,0,-5.0,-1.0,4.0,631,1,1,1
wavmark,3,65536,227,english:163,2,fwp,"[16073, 29275, 35904]",60507,0,-5.0,-0.0,5.0,2518,1,1,1
wavmark,3,256,228,english:1723,0,mean,"[7454, 30208, 49530]",22418,0,-3.0,-3.0,0.0,1,1,0,0
wavmark,3,1024,228,english:1723,0,mean,"[7454, 30208, 49530]",22290,0,-3.0,-2.0,1.0,2,1,1,0
wavmark,3,4096,228,english:1723,0,mean,"[7454, 30208, 49530]",23832,0,-3.0,-2.0,1.0,8,1,1,1
wavmark,3,16384,228,english:1723,0,mean,"[7454, 30208, 49530]",21786,0,-3.0,-0.0,3.0,34,1,1,1
wavmark,3,65536,228,english:1723,0,mean,"[7454, 30208, 49530]",21786,0,-3.0,-0.0,3.0,138,1,1,1
wavmark,3,256,228,english:1723,0,fwp,"[7454, 30208, 49530]",55147,0,-4.0,-3.0,1.0,4,1,1,1
wavmark,3,1024,228,english:1723,0,fwp,"[7454, 30208, 49530]",63314,0,-4.0,-2.0,2.0,14,1,1,1
wavmark,3,4096,228,english:1723,0,fwp,"[7454, 30208, 49530]",63290,0,-4.0,-1.0,3.0,50,1,1,1
wavmark,3,16384,228,english:1723,0,fwp,"[7454, 30208, 49530]",63358,0,-4.0,-1.0,3.0,164,1,1,1
wavmark,3,65536,228,english:1723,0,fwp,"[7454, 30208, 49530]",63354,0,-4.0,-0.0,4.0,698,1,1,1
wavmark,3,256,229,english:1723,1,mean,"[9988, 15214, 41515]",9086,0,-3.0,-2.0,1.0,2,1,0,0
wavmark,3,1024,229,english:1723,1,mean,"[9988, 15214, 41515]",10158,0,-3.0,-2.0,1.0,5,1,1,1
wavmark,3,4096,229,english:1723,1,mean,"[9988, 15214, 41515]",9007,0,-3.0,-1.0,2.0,10,1,1,1
wavmark,3,16384,229,english:1723,1,mean,"[9988, 15214, 41515]",41774,0,-3.0,-1.0,2.0,30,1,1,1
wavmark,3,65536,229,english:1723,1,mean,"[9988, 15214, 41515]",9006,0,-3.0,-0.0,3.0,138,1,1,1
wavmark,3,256,229,english:1723,1,fwp,"[9988, 15214, 41515]",58895,0,-3.0,-3.0,0.0,1,1,0,0
wavmark,3,1024,229,english:1723,1,fwp,"[9988, 15214, 41515]",42767,0,-3.0,-1.0,2.0,2,1,1,1
wavmark,3,4096,229,english:1723,1,fwp,"[9988, 15214, 41515]",59179,0,-3.0,-2.0,1.0,10,1,1,1
wavmark,3,16384,229,english:1723,1,fwp,"[9988, 15214, 41515]",42799,0,-3.0,-0.0,3.0,31,1,1,1
wavmark,3,65536,229,english:1723,1,fwp,"[9988, 15214, 41515]",42799,0,-3.0,-0.0,3.0,138,1,1,1
wavmark,3,256,230,english:1723,2,mean,"[5983, 44679, 47345]",61399,0,-3.0,-3.0,0.0,1,1,1,0
wavmark,3,1024,230,english:1723,2,mean,"[5983, 44679, 47345]",48727,0,-3.0,-1.0,2.0,3,1,1,1
wavmark,3,4096,230,english:1723,2,mean,"[5983, 44679, 47345]",48861,0,-3.0,-2.0,1.0,7,1,1,1
wavmark,3,16384,230,english:1723,2,mean,"[5983, 44679, 47345]",65239,0,-3.0,-1.0,2.0,38,1,1,1
wavmark,3,65536,230,english:1723,2,mean,"[5983, 44679, 47345]",48855,0,-3.0,-0.0,3.0,138,1,1,1
wavmark,3,256,230,english:1723,2,fwp,"[5983, 44679, 47345]",39903,0,-5.0,-3.0,2.0,12,1,1,1
wavmark,3,1024,230,english:1723,2,fwp,"[5983, 44679, 47345]",65503,0,-5.0,-2.0,3.0,39,1,1,1
wavmark,3,4096,230,english:1723,2,fwp,"[5983, 44679, 47345]",45055,0,-5.0,-1.0,4.0,175,1,1,1
wavmark,3,16384,230,english:1723,2,fwp,"[5983, 44679, 47345]",49151,0,-5.0,-0.0,5.0,656,1,1,1
wavmark,3,65536,230,english:1723,2,fwp,"[5983, 44679, 47345]",49151,0,-5.0,-0.0,5.0,2518,1,1,1
wavmark,3,256,231,english:1737,0,mean,"[2171, 12384, 32342]",22640,0,-3.0,-3.0,0.0,1,1,0,0
wavmark,3,1024,231,english:1737,0,mean,"[2171, 12384, 32342]",30832,0,-3.0,-2.0,1.0,4,1,1,1
wavmark,3,4096,231,english:1737,0,mean,"[2171, 12384, 32342]",47216,0,-3.0,-2.0,1.0,14,1,1,1
wavmark,3,16384,231,english:1737,0,mean,"[2171, 12384, 32342]",14450,0,-3.0,-0.0,3.0,29,1,1,1
wavmark,3,65536,231,english:1737,0,mean,"[2171, 12384, 32342]",14450,0,-3.0,-0.0,3.0,138,1,1,1
wavmark,3,256,231,english:1737,0,fwp,"[2171, 12384, 32342]",32094,0,-4.0,-3.0,1.0,3,1,1,1
wavmark,3,1024,231,english:1737,0,fwp,"[2171, 12384, 32342]",32351,0,-4.0,-2.0,2.0,15,1,1,1
wavmark,3,4096,231,english:1737,0,fwp,"[2171, 12384, 32342]",31861,0,-4.0,-2.0,2.0,36,1,1,1
wavmark,3,16384,231,english:1737,0,fwp,"[2171, 12384, 32342]",32383,0,-4.0,-1.0,3.0,187,1,1,1
wavmark,3,65536,231,english:1737,0,fwp,"[2171, 12384, 32342]",31871,0,-4.0,-0.0,4.0,698,1,1,1
wavmark,3,256,232,english:1737,1,mean,"[48924, 54240, 55044]",55044,1,-1.0,-4.0,-3.0,1,0,0,0
wavmark,3,1024,232,english:1737,1,mean,"[48924, 54240, 55044]",55044,1,-1.0,-2.0,-1.0,1,0,0,0
wavmark,3,4096,232,english:1737,1,mean,"[48924, 54240, 55044]",55044,1,-1.0,-2.0,-1.0,1,0,0,0
wavmark,3,16384,232,english:1737,1,mean,"[48924, 54240, 55044]",55044,1,-1.0,-2.0,-1.0,1,0,0,0
wavmark,3,65536,232,english:1737,1,mean,"[48924, 54240, 55044]",55060,0,-1.0,-0.0,1.0,2,1,1,1
wavmark,3,256,232,english:1737,1,fwp,"[48924, 54240, 55044]",32716,0,-4.0,-3.0,1.0,4,1,1,1
wavmark,3,1024,232,english:1737,1,fwp,"[48924, 54240, 55044]",64956,0,-4.0,-2.0,2.0,12,1,1,1
wavmark,3,4096,232,english:1737,1,fwp,"[48924, 54240, 55044]",65520,0,-4.0,-2.0,2.0,52,1,1,1
wavmark,3,16384,232,english:1737,1,fwp,"[48924, 54240, 55044]",65533,0,-4.0,-1.0,3.0,195,1,1,1
wavmark,3,65536,232,english:1737,1,fwp,"[48924, 54240, 55044]",65532,0,-4.0,-0.0,4.0,698,1,1,1
wavmark,3,256,233,english:1737,2,mean,"[15690, 38252, 65264]",48244,0,-4.0,-3.0,1.0,5,1,1,1
wavmark,3,1024,233,english:1737,2,mean,"[15690, 38252, 65264]",64888,0,-4.0,-1.0,3.0,14,1,1,1
wavmark,3,4096,233,english:1737,2,mean,"[15690, 38252, 65264]",48488,0,-4.0,-1.0,3.0,48,1,1,1
wavmark,3,16384,233,english:1737,2,mean,"[15690, 38252, 65264]",64888,0,-4.0,-1.0,3.0,168,1,1,1
wavmark,3,65536,233,english:1737,2,mean,"[15690, 38252, 65264]",48504,0,-4.0,-0.0,4.0,698,1,1,1
wavmark,3,256,233,english:1737,2,fwp,"[15690, 38252, 65264]",65468,0,-3.0,-1.0,2.0,3,1,0,0
wavmark,3,1024,233,english:1737,2,fwp,"[15690, 38252, 65264]",65016,0,-3.0,-2.0,1.0,3,1,1,0
wavmark,3,4096,233,english:1737,2,fwp,"[15690, 38252, 65264]",65533,0,-3.0,-1.0,2.0,15,1,1,1
wavmark,3,16384,233,english:1737,2,fwp,"[15690, 38252, 65264]",65534,0,-3.0,-1.0,2.0,37,1,1,1
wavmark,3,65536,233,english:1737,2,fwp,"[15690, 38252, 65264]",65532,0,-3.0,-0.0,3.0,138,1,1,1
wavmark,3,256,234,english:1743,0,mean,"[26604, 50007, 55589]",50007,1,-2.0,-3.0,-1.0,1,0,0,0
wavmark,3,1024,234,english:1743,0,mean,"[26604, 50007, 55589]",54117,0,-2.0,-2.0,0.0,1,1,0,0
wavmark,3,4096,234,english:1743,0,mean,"[26604, 50007, 55589]",54129,0,-2.0,-2.0,0.0,1,1,0,0
wavmark,3,16384,234,english:1743,0,mean,"[26604, 50007, 55589]",50037,0,-2.0,-0.0,2.0,5,1,1,1
wavmark,3,65536,234,english:1743,0,mean,"[26604, 50007, 55589]",50037,0,-2.0,-0.0,2.0,18,1,1,1
wavmark,3,256,234,english:1743,0,fwp,"[26604, 50007, 55589]",65505,0,-4.0,-2.0,2.0,3,1,1,1
wavmark,3,1024,234,english:1743,0,fwp,"[26604, 50007, 55589]",49069,0,-4.0,-2.0,2.0,11,1,1,1
wavmark,3,4096,234,english:1743,0,fwp,"[26604, 50007, 55589]",65357,0,-4.0,-2.0,2.0,51,1,1,1
wavmark,3,16384,234,english:1743,0,fwp,"[26604, 50007, 55589]",65517,0,-4.0,-0.0,4.0,158,1,1,1
wavmark,3,65536,234,english:1743,0,fwp,"[26604, 50007, 55589]",65517,0,-4.0,-0.0,4.0,698,1,1,1
wavmark,3,256,235,english:1743,1,mean,"[38401, 42410, 42914]",42914,1,-0.0,-3.0,-3.0,1,0,0,0
wavmark,3,1024,235,english:1743,1,mean,"[38401, 42410, 42914]",42914,1,-0.0,-2.0,-2.0,1,0,0,0
wavmark,3,4096,235,english:1743,1,mean,"[38401, 42410, 42914]",42914,1,-0.0,-1.0,-1.0,1,0,0,0
wavmark,3,16384,235,english:1743,1,mean,"[38401, 42410, 42914]",42914,1,-0.0,-1.0,-1.0,1,0,0,0
wavmark,3,65536,235,english:1743,1,mean,"[38401, 42410, 42914]",42914,1,-0.0,-1.0,-1.0,1,0,0,0
wavmark,3,256,235,english:1743,1,fwp,"[38401, 42410, 42914]",42914,1,-2.0,-3.0,-1.0,1,0,0,0
wavmark,3,1024,235,english:1743,1,fwp,"[38401, 42410, 42914]",42914,1,-2.0,-2.0,0.0,1,0,0,0
wavmark,3,4096,235,english:1743,1,fwp,"[38401, 42410, 42914]",47082,0,-2.0,-1.0,1.0,3,1,1,0
wavmark,3,16384,235,english:1743,1,fwp,"[38401, 42410, 42914]",47018,0,-2.0,-0.0,2.0,3,1,1,1
wavmark,3,65536,235,english:1743,1,fwp,"[38401, 42410, 42914]",47018,0,-2.0,-0.0,2.0,18,1,1,1
wavmark,3,256,236,english:1743,2,mean,"[19025, 44766, 59469]",59469,1,-2.0,-3.0,-1.0,1,0,0,0
wavmark,3,1024,236,english:1743,2,mean,"[19025, 44766, 59469]",59469,1,-2.0,-2.0,0.0,1,0,0,0
wavmark,3,4096,236,english:1743,2,mean,"[19025, 44766, 59469]",64221,0,-2.0,-2.0,0.0,1,1,1,1
wavmark,3,16384,236,english:1743,2,mean,"[19025, 44766, 59469]",59997,0,-2.0,-0.0,2.0,5,1,1,1
wavmark,3,65536,236,english:1743,2,mean,"[19025, 44766, 59469]",59997,0,-2.0,-0.0,2.0,18,1,1,1
wavmark,3,256,236,english:1743,2,fwp,"[19025, 44766, 59469]",44766,1,-1.0,-3.0,-2.0,1,0,0,0
wavmark,3,1024,236,english:1743,2,fwp,"[19025, 44766, 59469]",44766,1,-1.0,-2.0,-1.0,1,0,0,0
wavmark,3,4096,236,english:1743,2,fwp,"[19025, 44766, 59469]",61151,0,-1.0,-1.0,0.0,1,1,0,0
wavmark,3,16384,236,english:1743,2,fwp,"[19025, 44766, 59469]",45023,0,-1.0,-1.0,0.0,1,1,0,0
wavmark,3,65536,236,english:1743,2,fwp,"[19025, 44766, 59469]",44767,0,-1.0,-0.0,1.0,2,1,1,1
wavmark,3,256,237,english:1841,0,mean,"[21344, 33648, 53886]",33648,1,-2.0,-3.0,-1.0,1,0,0,0
wavmark,3,1024,237,english:1841,0,mean,"[21344, 33648, 53886]",54065,0,-2.0,-2.0,0.0,1,1,0,0
wavmark,3,4096,237,english:1841,0,mean,"[21344, 33648, 53886]",56112,0,-2.0,-2.0,0.0,1,1,1,1
wavmark,3,16384,237,english:1841,0,mean,"[21344, 33648, 53886]",54256,0,-2.0,-1.0,1.0,4,1,1,1
wavmark,3,65536,237,english:1841,0,mean,"[21344, 33648, 53886]",54128,0,-2.0,-0.0,2.0,18,1,1,1
wavmark,3,256,237,english:1841,0,fwp,"[21344, 33648, 53886]",53886,1,-2.0,-2.0,0.0,1,0,0,0
wavmark,3,1024,237,english:1841,0,fwp,"[21344, 33648, 53886]",62334,0,-2.0,-2.0,0.0,1,1,0,0
wavmark,3,4096,237,english:1841,0,fwp,"[21344, 33648, 53886]",55166,0,-2.0,-2.0,0.0,1,1,0,0
wavmark,3,16384,237,english:1841,0,fwp,"[21344, 33648, 53886]",50046,0,-2.0,-0.0,2.0,5,1,1,1
wavmark,3,65536,237,english:1841,0,fwp,"[21344, 33648, 53886]",50046,0,-2.0,-0.0,2.0,18,1,1,1
wavmark,3,256,238,english:1841,1,mean,"[27392, 29066, 46636]",29098,0,-3.0,-2.0,1.0,2,1,1,0
wavmark,3,1024,238,english:1841,1,mean,"[27392, 29066, 46636]",30600,0,-3.0,-2.0,1.0,3,1,1,0
wavmark,3,4096,238,english:1841,1,mean,"[27392, 29066, 46636]",29480,0,-3.0,-1.0,2.0,8,1,1,1
wavmark,3,16384,238,english:1841,1,mean,"[27392, 29066, 46636]",29576,0,-3.0,-1.0,2.0,34,1,1,1
wavmark,3,65536,238,english:1841,1,mean,"[27392, 29066, 46636]",29608,0,-3.0,-0.0,3.0,138,1,1,1
wavmark,3,256,238,english:1841,1,fwp,"[27392, 29066, 46636]",65326,0,-4.0,-2.0,2.0,3,1,1,1
wavmark,3,1024,238,english:1841,1,fwp,"[27392, 29066, 46636]",59260,0,-4.0,-3.0,1.0,11,1,1,1
wavmark,3,4096,238,english:1841,1,fwp,"[27392, 29066, 46636]",60204,0,-4.0,-1.0,3.0,35,1,1,1
wavmark,3,16384,238,english:1841,1,fwp,"[27392, 29066, 46636]",61228,0,-4.0,-0.0,4.0,190,1,1,1
wavmark,3,65536,238,english:1841,1,fwp,"[27392, 29066, 46636]",61228,0,-4.0,-0.0,4.0,698,1,1,1
wavmark,3,256,239,english:1841,2,mean,"[28094, 33368, 65316]",65341,0,-3.0,-2.0,1.0,4,1,1,0
wavmark,3,1024,239,english:1841,2,mean,"[28094, 33368, 65316]",59192,0,-3.0,-2.0,1.0,2,1,0,0
wavmark,3,4096,239,english:1841,2,mean,"[28094, 33368, 65316]",53052,0,-3.0,-1.0,2.0,9,1,1,1
wavmark,3,16384,239,english:1841,2,mean,"[28094, 33368, 65316]",61244,0,-3.0,-0.0,3.0,41,1,1,1
wavmark,3,65536,239,english:1841,2,mean,"[28094, 33368, 65316]",61244,0,-3.0,-0.0,3.0,138,1,1,1
wavmark,3,256,239,english:1841,2,fwp,"[28094, 33368, 65316]",59388,0,-4.0,-2.0,2.0,7,1,1,1
wavmark,3,1024,239,english:1841,2,fwp,"[28094, 33368, 65316]",49020,0,-4.0,-2.0,2.0,11,1,1,1
wavmark,3,4096,239,english:1841,2,fwp,"[28094, 33368, 65316]",61300,0,-4.0,-1.0,3.0,47,1,1,1
wavmark,3,16384,239,english:1841,2,fwp,"[28094, 33368, 65316]",61300,0,-4.0,-1.0,3.0,188,1,1,1
wavmark,3,65536,239,english:1841,2,fwp,"[28094, 33368, 65316]",61308,0,-4.0,-0.0,4.0,698,1,1,1
wavmark,3,256,240,english:1867,0,mean,"[2907, 11926, 31585]",9051,0,-2.0,-2.0,0.0,1,1,0,0
wavmark,3,1024,240,english:1867,0,mean,"[2907, 11926, 31585]",10579,0,-2.0,-1.0,1.0,2,1,1,0
wavmark,3,4096,240,english:1867,0,mean,"[2907, 11926, 31585]",15123,0,-2.0,-2.0,0.0,1,1,1,1
wavmark,3,16384,240,english:1867,0,mean,"[2907, 11926, 31585]",11091,0,-2.0,-0.0,2.0,6,1,1,1
wavmark,3,65536,240,english:1867,0,mean,"[2907, 11926, 31585]",11091,0,-2.0,-0.0,2.0,18,1,1,1
wavmark,3,256,240,english:1867,0,fwp,"[2907, 11926, 31585]",28407,0,-4.0,-2.0,2.0,3,1,1,1
wavmark,3,1024,240,english:1867,0,fwp,"[2907, 11926, 31585]",10231,0,-4.0,-1.0,3.0,10,1,1,1
wavmark,3,4096,240,english:1867,0,fwp,"[2907, 11926, 31585]",28535,0,-4.0,-2.0,2.0,41,1,1,1
wavmark,3,16384,240,english:1867,0,fwp,"[2907, 11926, 31585]",4087,0,-4.0,-1.0,3.0,159,1,1,1
wavmark,3,65536,240,english:1867,0,fwp,"[2907, 11926, 31585]",12279,0,-4.0,-0.0,4.0,698,1,1,1
wavmark,3,256,241,english:1867,1,mean,"[4520, 34504, 39103]",43176,0,-3.0,-3.0,0.0,1,1,0,0
wavmark,3,1024,241,english:1867,1,mean,"[4520, 34504, 39103]",47289,0,-3.0,-2.0,1.0,2,1,1,0
wavmark,3,4096,241,english:1867,1,mean,"[4520, 34504, 39103]",55481,0,-3.0,-2.0,1.0,14,1,1,1
wavmark,3,16384,241,english:1867,1,mean,"[4520, 34504, 39103]",47288,0,-3.0,-1.0,2.0,28,1,1,1
wavmark,3,65536,241,english:1867,1,mean,"[4520, 34504, 39103]",39096,0,-3.0,-0.0,3.0,138,1,1,1
wavmark,3,256,241,english:1867,1,fwp,"[4520, 34504, 39103]",35039,0,-4.0,-3.0,1.0,2,1,1,1
wavmark,3,1024,241,english:1867,1,fwp,"[4520, 34504, 39103]",36861,0,-4.0,-2.0,2.0,12,1,1,1
wavmark,3,4096,241,english:1867,1,fwp,"[4520, 34504, 39103]",36605,0,-4.0,-1.0,3.0,47,1,1,1
wavmark,3,16384,241,english:1867,1,fwp,"[4520, 34504, 39103]",36606,0,-4.0,-1.0,3.0,173,1,1,1
wavmark,3,65536,241,english:1867,1,fwp,"[4520, 34504, 39103]",36607,0,-4.0,-0.0,4.0,698,1,1,1
wavmark,3,256,242,english:1867,2,mean,"[14834, 30144, 63207]",62971,0,-3.0,-3.0,0.0,1,1,0,0
wavmark,3,1024,242,english:1867,2,mean,"[14834, 30144, 63207]",32210,0,-3.0,-2.0,1.0,4,1,1,0
wavmark,3,4096,242,english:1867,2,mean,"[14834, 30144, 63207]",29170,0,-3.0,-1.0,2.0,4,1,1,1
wavmark,3,16384,242,english:1867,2,mean,"[14834, 30144, 63207]",30198,0,-3.0,-1.0,2.0,25,1,1,1
wavmark,3,65536,242,english:1867,2,mean,"[14834, 30144, 63207]",30194,0,-3.0,-0.0,3.0,138,1,1,1
wavmark,3,256,242,english:1867,2,fwp,"[14834, 30144, 63207]",48117,0,-4.0,-2.0,2.0,4,1,1,0
wavmark,3,1024,242,english:1867,2,fwp,"[14834, 30144, 63207]",65525,0,-4.0,-2.0,2.0,18,1,1,1
wavmark,3,4096,242,english:1867,2,fwp,"[14834, 30144, 63207]",49079,0,-4.0,-1.0,3.0,52,1,1,1
wavmark,3,16384,242,english:1867,2,fwp,"[14834, 30144, 63207]",49143,0,-4.0,-0.0,4.0,191,1,1,1
wavmark,3,65536,242,english:1867,2,fwp,"[14834, 30144, 63207]",49143,0,-4.0,-0.0,4.0,698,1,1,1
wavmark,3,256,243,english:1898,0,mean,"[10792, 35059, 56051]",51955,0,-1.0,-1.0,0.0,1,1,0,0
wavmark,3,1024,243,english:1898,0,mean,"[10792, 35059, 56051]",35539,0,-1.0,-1.0,0.0,1,1,0,0
wavmark,3,4096,243,english:1898,0,mean,"[10792, 35059, 56051]",35555,0,-1.0,-1.0,0.0,1,1,0,0
wavmark,3,16384,243,english:1898,0,mean,"[10792, 35059, 56051]",51955,0,-1.0,-1.0,0.0,1,1,1,1
wavmark,3,65536,243,english:1898,0,mean,"[10792, 35059, 56051]",35571,0,-1.0,-0.0,1.0,2,1,1,1
wavmark,3,256,243,english:1898,0,fwp,"[10792, 35059, 56051]",51955,0,-3.0,-2.0,1.0,3,1,1,0
wavmark,3,1024,243,english:1898,0,fwp,"[10792, 35059, 56051]",61178,0,-3.0,-2.0,1.0,4,1,1,1
wavmark,3,4096,243,english:1898,0,fwp,"[10792, 35059, 56051]",64255,0,-3.0,-2.0,1.0,7,1,1,1
wavmark,3,16384,243,english:1898,0,fwp,"[10792, 35059, 56051]",60123,0,-3.0,-1.0,2.0,34,1,1,1
wavmark,3,65536,243,english:1898,0,fwp,"[10792, 35059, 56051]",60155,0,-3.0,-0.0,3.0,138,1,1,1
wavmark,3,256,244,english:1898,1,mean,"[13620, 18318, 60149]",26518,0,-4.0,-2.0,2.0,5,1,1,1
wavmark,3,1024,244,english:1898,1,mean,"[13620, 18318, 60149]",25524,0,-4.0,-1.0,3.0,8,1,1,1
wavmark,3,4096,244,english:1898,1,mean,"[13620, 18318, 60149]",30652,0,-4.0,-2.0,2.0,56,1,1,1
wavmark,3,16384,244,english:1898,1,mean,"[13620, 18318, 60149]",30644,0,-4.0,-1.0,3.0,169,1,1,1
wavmark,3,65536,244,english:1898,1,mean,"[13620, 18318, 60149]",26548,0,-4.0,-0.0,4.0,698,1,1,1
wavmark,3,256,244,english:1898,1,fwp,"[13620, 18318, 60149]",58367,0,-4.0,-2.0,2.0,4,1,1,1
wavmark,3,1024,244,english:1898,1,fwp,"[13620, 18318, 60149]",61405,0,-4.0,-2.0,2.0,10,1,1,1
wavmark,3,4096,244,english:1898,1,fwp,"[13620, 18318, 60149]",65535,0,-4.0,-1.0,3.0,37,1,1,1
wavmark,3,16384,244,english:1898,1,fwp,"[13620, 18318, 60149]",61437,0,-4.0,-1.0,3.0,179,1,1,1
wavmark,3,65536,244,english:1898,1,fwp,"[13620, 18318, 60149]",61439,0,-4.0,-0.0,4.0,698,1,1,1
wavmark,3,256,245,english:1898,2,mean,"[5896, 42806, 59975]",42806,1,-1.0,-2.0,-1.0,1,0,0,0
wavmark,3,1024,245,english:1898,2,mean,"[5896, 42806, 59975]",42806,1,-1.0,-2.0,-1.0,1,0,0,0
wavmark,3,4096,245,english:1898,2,mean,"[5896, 42806, 59975]",42806,1,-1.0,-2.0,-1.0,1,0,0,0
wavmark,3,16384,245,english:1898,2,mean,"[5896, 42806, 59975]",42902,0,-1.0,-1.0,0.0,1,1,0,0
wavmark,3,65536,245,english:1898,2,mean,"[5896, 42806, 59975]",42774,0,-1.0,-0.0,1.0,2,1,1,1
wavmark,3,256,245,english:1898,2,fwp,"[5896, 42806, 59975]",41935,0,-4.0,-3.0,1.0,3,1,0,0
wavmark,3,1024,245,english:1898,2,fwp,"[5896, 42806, 59975]",43855,0,-4.0,-1.0,3.0,9,1,1,1
wavmark,3,4096,245,english:1898,2,fwp,"[5896, 42806, 59975]",44871,0,-4.0,-1.0,3.0,42,1,1,1
wavmark,3,16384,245,english:1898,2,fwp,"[5896, 42806, 59975]",61263,0,-4.0,-1.0,3.0,133,1,1,1
wavmark,3,65536,245,english:1898,2,fwp,"[5896, 42806, 59975]",44879,0,-4.0,-0.0,4.0,698,1,1,1
wavmark,3,256,246,english:19,0,mean,"[8515, 31130, 64010]",31130,1,-1.0,-3.0,-2.0,1,0,0,0
wavmark,3,1024,246,english:19,0,mean,"[8515, 31130, 64010]",31130,1,-1.0,-2.0,-1.0,1,0,0,0
wavmark,3,4096,246,english:19,0,mean,"[8515, 31130, 64010]",31130,1,-1.0,-1.0,0.0,1,0,0,0
wavmark,3,16384,246,english:19,0,mean,"[8515, 31130, 64010]",32026,0,-1.0,-1.0,0.0,1,1,0,0
wavmark,3,65536,246,english:19,0,mean,"[8515, 31130, 64010]",31002,0,-1.0,-0.0,1.0,2,1,1,0
wavmark,3,256,246,english:19,0,fwp,"[8515, 31130, 64010]",43977,0,-4.0,-2.0,2.0,3,1,1,1
wavmark,3,1024,246,english:19,0,fwp,"[8515, 31130, 64010]",41803,0,-4.0,-1.0,3.0,12,1,1,1
wavmark,3,4096,246,english:19,0,fwp,"[8515, 31130, 64010]",35659,0,-4.0,-1.0,3.0,50,1,1,1
wavmark,3,16384,246,english:19,0,fwp,"[8515, 31130, 64010]",43851,0,-4.0,-0.0,4.0,157,1,1,1
wavmark,3,65536,246,english:19,0,fwp,"[8515, 31130, 64010]",43851,0,-4.0,-0.0,4.0,698,1,1,1
wavmark,3,256,247,english:19,1,mean,"[40097, 44732, 51068]",44732,1,-1.0,-2.0,-1.0,1,0,0,0
wavmark,3,1024,247,english:19,1,mean,"[40097, 44732, 51068]",44732,1,-1.0,-2.0,-1.0,1,0,0,0
wavmark,3,4096,247,english:19,1,mean,"[40097, 44732, 51068]",44732,1,-1.0,-2.0,-1.0,1,0,0,0
wavmark,3,16384,247,english:19,1,mean,"[40097, 44732, 51068]",52924,0,-1.0,-1.0,0.0,1,1,0,0
wavmark,3,65536,247,english:19,1,mean,"[40097, 44732, 51068]",36540,0,-1.0,-0.0,1.0,2,1,0,0
wavmark,3,256,247,english:19,1,fwp,"[40097, 44732, 51068]",40413,0,-4.0,-2.0,2.0,3,1,1,0
wavmark,3,1024,247,english:19,1,fwp,"[40097, 44732, 51068]",40895,0,-4.0,-2.0,2.0,16,1,1,1
wavmark,3,4096,247,english:19,1,fwp,"[40097, 44732, 51068]",57277,0,-4.0,-2.0,2.0,35,1,1,1
wavmark,3,16384,247,english:19,1,fwp,"[40097, 44732, 51068]",56765,0,-4.0,-1.0,3.0,181,1,1,1
wavmark,3,65536,247,english:19,1,fwp,"[40097, 44732, 51068]",40381,0,-4.0,-0.0,4.0,698,1,1,1
wavmark,3,256,248,english:19,2,mean,"[2331, 17252, 58163]",58163,1,-2.0,-2.0,0.0,1,0,0,0
wavmark,3,1024,248,english:19,2,mean,"[2331, 17252, 58163]",58163,1,-2.0,-2.0,0.0,1,0,0,0
wavmark,3,4096,248,english:19,2,mean,"[2331, 17252, 58163]",18227,0,-2.0,-1.0,1.0,2,1,0,0
wavmark,3,16384,248,english:19,2,mean,"[2331, 17252, 58163]",25395,0,-2.0,-1.0,1.0,8,1,1,1
wavmark,3,65536,248,english:19,2,mean,"[2331, 17252, 58163]",17203,0,-2.0,-0.0,2.0,18,1,1,1
wavmark,3,256,248,english:19,2,fwp,"[2331, 17252, 58163]",10879,0,-4.0,-2.0,2.0,5,1,1,1
wavmark,3,1024,248,english:19,2,fwp,"[2331, 17252, 58163]",15231,0,-4.0,-2.0,2.0,17,1,1,1
wavmark,3,4096,248,english:19,2,fwp,"[2331, 17252, 58163]",2431,0,-4.0,-1.0,3.0,50,1,1,1
wavmark,3,16384,248,english:19,2,fwp,"[2331, 17252, 58163]",2943,0,-4.0,-0.0,4.0,157,1,1,1
wavmark,3,65536,248,english:19,2,fwp,"[2331, 17252, 58163]",2943,0,-4.0,-0.0,4.0,698,1,1,1
wavmark,3,256,249,english:1926,0,mean,"[11909, 53947, 64180]",64181,0,-1.0,-0.0,1.0,2,1,0,0
wavmark,3,1024,249,english:1926,0,mean,"[11909, 53947, 64180]",64180,1,-1.0,-2.0,-1.0,1,0,0,0
wavmark,3,4096,249,english:1926,0,mean,"[11909, 53947, 64180]",64180,1,-1.0,-1.0,0.0,1,0,0,0
wavmark,3,16384,249,english:1926,0,mean,"[11909, 53947, 64180]",64181,0,-1.0,-0.0,1.0,2,1,0,0
wavmark,3,65536,249,english:1926,0,mean,"[11909, 53947, 64180]",64181,0,-1.0,-0.0,1.0,2,1,1,1
wavmark,3,256,249,english:1926,0,fwp,"[11909, 53947, 64180]",64181,0,-4.0,-3.0,1.0,3,1,1,0
wavmark,3,1024,249,english:1926,0,fwp,"[11909, 53947, 64180]",63163,0,-4.0,-2.0,2.0,11,1,1,1
wavmark,3,4096,249,english:1926,0,fwp,"[11909, 53947, 64180]",65471,0,-4.0,-1.0,3.0,49,1,1,1
wavmark,3,16384,249,english:1926,0,fwp,"[11909, 53947, 64180]",65213,0,-4.0,-1.0,3.0,167,1,1,1
wavmark,3,65536,249,english:1926,0,fwp,"[11909, 53947, 64180]",65215,0,-4.0,-0.0,4.0,698,1,1,1
wavmark,3,256,250,english:1926,1,mean,"[9536, 62399, 65376]",65376,1,-2.0,-2.0,0.0,1,0,0,0
wavmark,3,1024,250,english:1926,1,mean,"[9536, 62399, 65376]",65376,1,-2.0,-2.0,0.0,1,0,0,0
wavmark,3,4096,250,english:1926,1,mean,"[9536, 62399, 65376]",59248,0,-2.0,-1.0,1.0,2,1,0,0
wavmark,3,16384,250,english:1926,1,mean,"[9536, 62399, 65376]",63344,0,-2.0,-0.0,2.0,5,1,1,1
wavmark,3,65536,250,english:1926,1,mean,"[9536, 62399, 65376]",63344,0,-2.0,-0.0,2.0,18,1,1,1
wavmark,3,256,250,english:1926,1,fwp,"[9536, 62399, 65376]",62399,1,-1.0,-3.0,-2.0,1,0,0,0
wavmark,3,1024,250,english:1926,1,fwp,"[9536, 62399, 65376]",62399,1,-1.0,-2.0,-1.0,1,0,0,0
wavmark,3,4096,250,english:1926,1,fwp,"[9536, 62399, 65376]",63415,0,-1.0,-1.0,0.0,1,1,0,0
wavmark,3,16384,250,english:1926,1,fwp,"[9536, 62399, 65376]",63487,0,-1.0,-1.0,0.0,1,1,1,1
wavmark,3,65536,250,english:1926,1,fwp,"[9536, 62399, 65376]",63423,0,-1.0,-0.0,1.0,2,1,1,1
wavmark,3,256,251,english:1926,2,mean,"[2255, 55934, 56424]",55934,1,-1.0,-2.0,-1.0,1,0,0,0
wavmark,3,1024,251,english:1926,2,mean,"[2255, 55934, 56424]",55934,1,-1.0,-2.0,-1.0,1,0,0,0
wavmark,3,4096,251,english:1926,2,mean,"[2255, 55934, 56424]",55934,1,-1.0,-1.0,0.0,1,0,0,0
wavmark,3,16384,251,english:1926,2,mean,"[2255, 55934, 56424]",55934,1,-1.0,-1.0,0.0,1,0,0,0
wavmark,3,65536,251,english:1926,2,mean,"[2255, 55934, 56424]",55422,0,-1.0,-0.0,1.0,2,1,1,0
wavmark,3,256,251,english:1926,2,fwp,"[2255, 55934, 56424]",23755,0,-4.0,-3.0,1.0,2,1,0,0
wavmark,3,1024,251,english:1926,2,fwp,"[2255, 55934, 56424]",56813,0,-4.0,-2.0,2.0,11,1,1,1
wavmark,3,4096,251,english:1926,2,fwp,"[2255, 55934, 56424]",54511,0,-4.0,-1.0,3.0,42,1,1,1
wavmark,3,16384,251,english:1926,2,fwp,"[2255, 55934, 56424]",56559,0,-4.0,-0.0,4.0,184,1,1,1
wavmark,3,65536,251,english:1926,2,fwp,"[2255, 55934, 56424]",56559,0,-4.0,-0.0,4.0,698,1,1,1
wavmark,3,256,252,english:196,0,mean,"[14975, 40139, 40889]",52987,0,-3.0,-2.0,1.0,3,1,0,0
wavmark,3,1024,252,english:196,0,mean,"[14975, 40139, 40889]",40691,0,-3.0,-1.0,2.0,6,1,1,1
wavmark,3,4096,252,english:196,0,mean,"[14975, 40139, 40889]",40683,0,-3.0,-1.0,2.0,9,1,1,1
wavmark,3,16384,252,english:196,0,mean,"[14975, 40139, 40889]",38651,0,-3.0,-1.0,2.0,34,1,1,1
wavmark,3,65536,252,english:196,0,mean,"[14975, 40139, 40889]",40699,0,-3.0,-0.0,3.0,138,1,1,1
wavmark,3,256,252,english:196,0,fwp,"[14975, 40139, 40889]",16247,0,-4.0,-3.0,1.0,2,1,1,0
wavmark,3,1024,252,english:196,0,fwp,"[14975, 40139, 40889]",48895,0,-4.0,-1.0,3.0,18,1,1,1
wavmark,3,4096,252,english:196,0,fwp,"[14975, 40139, 40889]",65503,0,-4.0,-2.0,2.0,43,1,1,1
wavmark,3,16384,252,english:196,0,fwp,"[14975, 40139, 40889]",49147,0,-4.0,-1.0,3.0,194,1,1,1
wavmark,3,65536,252,english:196,0,fwp,"[14975, 40139, 40889]",49151,0,-4.0,-0.0,4.0,698,1,1,1
wavmark,3,256,253,english:196,1,mean,"[4007, 10479, 27913]",19883,0,-3.0,-3.0,0.0,1,1,1,0
wavmark,3,1024,253,english:196,1,mean,"[4007, 10479, 27913]",11407,0,-3.0,-2.0,1.0,2,1,1,1
wavmark,3,4096,253,english:196,1,mean,"[4007, 10479, 27913]",44461,0,-3.0,-2.0,1.0,9,1,1,1
wavmark,3,16384,253,english:196,1,mean,"[4007, 10479, 27913]",15791,0,-3.0,-1.0,2.0,47,1,1,1
wavmark,3,65536,253,english:196,1,mean,"[4007, 10479, 27913]",11695,0,-3.0,-0.0,3.0,138,1,1,1
wavmark,3,256,253,english:196,1,fwp,"[4007, 10479, 27913]",10479,1,-2.0,-3.0,-1.0,1,0,0,0
wavmark,3,1024,253,english:196,1,fwp,"[4007, 10479, 27913]",10731,0,-2.0,-2.0,0.0,1,1,0,0
wavmark,3,4096,253,english:196,1,fwp,"[4007, 10479, 27913]",27119,0,-2.0,-2.0,0.0,1,1,1,0
wavmark,3,16384,253,english:196,1,fwp,"[4007, 10479, 27913]",11759,0,-2.0,-0.0,2.0,6,1,1,1
wavmark,3,65536,253,english:196,1,fwp,"[4007, 10479, 27913]",11759,0,-2.0,-0.0,2.0,18,1,1,1
wavmark,3,256,254,english:196,2,mean,"[18006, 35582, 59794]",60382,0,-4.0,-2.0,2.0,5,1,1,1
wavmark,3,1024,254,english:196,2,mean,"[18006, 35582, 59794]",60055,0,-4.0,-2.0,2.0,9,1,1,1
wavmark,3,4096,254,english:196,2,mean,"[18006, 35582, 59794]",59990,0,-4.0,-1.0,3.0,32,1,1,1
wavmark,3,16384,254,english:196,2,mean,"[18006, 35582, 59794]",60150,0,-4.0,-1.0,3.0,182,1,1,1
wavmark,3,65536,254,english:196,2,mean,"[18006, 35582, 59794]",60118,0,-4.0,-0.0,4.0,698,1,1,1
wavmark,3,256,254,english:196,2,fwp,"[18006, 35582, 59794]",60382,0,-4.0,-2.0,2.0,3,1,1,0
wavmark,3,1024,254,english:196,2,fwp,"[18006, 35582, 59794]",61271,0,-4.0,-2.0,2.0,14,1,1,1
wavmark,3,4096,254,english:196,2,fwp,"[18006, 35582, 59794]",63446,0,-4.0,-2.0,2.0,46,1,1,1
wavmark,3,16384,254,english:196,2,fwp,"[18006, 35582, 59794]",61382,0,-4.0,-1.0,3.0,178,1,1,1
wavmark,3,65536,254,english:196,2,fwp,"[18006, 35582, 59794]",61398,0,-4.0,-0.0,4.0,698,1,1,1
wavmark,3,256,255,english:1963,0,mean,"[18501, 21276, 50159]",25429,0,-3.0,-2.0,1.0,2,1,0,0
wavmark,3,1024,255,english:1963,0,mean,"[18501, 21276, 50159]",19037,0,-3.0,-2.0,1.0,2,1,1,1
wavmark,3,4096,255,english:1963,0,mean,"[18501, 21276, 50159]",21341,0,-3.0,-1.0,2.0,10,1,1,1
wavmark,3,16384,255,english:1963,0,mean,"[18501, 21276, 50159]",18269,0,-3.0,-1.0,2.0,47,1,1,1
wavmark,3,65536,255,english:1963,0,mean,"[18501, 21276, 50159]",17245,0,-3.0,-0.0,3.0,138,1,1,1
wavmark,3,256,255,english:1963,0,fwp,"[18501, 21276, 50159]",50159,1,-2.0,-3.0,-1.0,1,0,0,0
wavmark,3,1024,255,english:1963,0,fwp,"[18501, 21276, 50159]",60263,0,-2.0,-2.0,0.0,1,1,0,0
wavmark,3,4096,255,english:1963,0,fwp,"[18501, 21276, 50159]",52079,0,-2.0,-0.0,2.0,5,1,1,1
wavmark,3,16384,255,english:1963,0,fwp,"[18501, 21276, 50159]",52207,0,-2.0,-1.0,1.0,5,1,1,1
wavmark,3,65536,255,english:1963,0,fwp,"[18501, 21276, 50159]",52079,0,-2.0,-0.0,2.0,18,1,1,1
wavmark,3,256,256,english:1963,1,mean,"[20345, 44938, 61569]",61387,0,-4.0,-3.0,1.0,2,1,1,0
wavmark,3,1024,256,english:1963,1,mean,"[20345, 44938, 61569]",65437,0,-4.0,-2.0,2.0,13,1,1,1
wavmark,3,4096,256,english:1963,1,mean,"[20345, 44938, 61569]",61337,0,-4.0,-0.0,4.0,43,1,1,1
wavmark,3,16384,256,english:1963,1,mean,"[20345, 44938, 61569]",65433,0,-4.0,-1.0,3.0,156,1,1,1
wavmark,3,65536,256,english:1963,1,mean,"[20345, 44938, 61569]",61337,0,-4.0,-0.0,4.0,698,1,1,1
wavmark,3,256,256,english:1963,1,fwp,"[20345, 44938, 61569]",32225,0,-5.0,-3.0,2.0,7,1,1,1
wavmark,3,1024,256,english:1963,1,fwp,"[20345, 44938, 61569]",65020,0,-5.0,-2.0,3.0,46,1,1,1
wavmark,3,4096,256,english:1963,1,fwp,"[20345, 44938, 61569]",65016,0,-5.0,-1.0,4.0,142,1,1,1
wavmark,3,16384,256,english:1963,1,fwp,"[20345, 44938, 61569]",65009,0,-5.0,-1.0,4.0,659,1,1,1
wavmark,3,65536,256,english:1963,1,fwp,"[20345, 44938, 61569]",65017,0,-5.0,-0.0,5.0,2518,1,1,1
wavmark,3,256,257,english:1963,2,mean,"[29376, 46551, 54055]",63439,0,-4.0,-2.0,2.0,5,1,1,1
wavmark,3,1024,257,english:1963,2,mean,"[29376, 46551, 54055]",25543,0,-4.0,-2.0,2.0,13,1,1,1
wavmark,3,4096,257,english:1963,2,mean,"[29376, 46551, 54055]",62407,0,-4.0,-0.0,4.0,47,1,1,1
wavmark,3,16384,257,english:1963,2,mean,"[29376, 46551, 54055]",64455,0,-4.0,-1.0,3.0,177,1,1,1
wavmark,3,65536,257,english:1963,2,mean,"[29376, 46551, 54055]",62407,0,-4.0,-0.0,4.0,698,1,1,1
wavmark,3,256,257,english:1963,2,fwp,"[29376, 46551, 54055]",63439,0,-3.0,-3.0,0.0,1,1,0,0
wavmark,3,1024,257,english:1963,2,fwp,"[29376, 46551, 54055]",62434,0,-3.0,-2.0,1.0,3,1,1,0
wavmark,3,4096,257,english:1963,2,fwp,"[29376, 46551, 54055]",62407,0,-3.0,-1.0,2.0,10,1,1,1
wavmark,3,16384,257,english:1963,2,fwp,"[29376, 46551, 54055]",62447,0,-3.0,-1.0,2.0,39,1,1,1
wavmark,3,65536,257,english:1963,2,fwp,"[29376, 46551, 54055]",62439,0,-3.0,-0.0,3.0,138,1,1,1
wavmark,3,256,258,english:1970,0,mean,"[35545, 35979, 46424]",36305,0,-2.0,-2.0,0.0,1,1,0,0
wavmark,3,1024,258,english:1970,0,mean,"[35545, 35979, 46424]",35545,1,-2.0,-2.0,0.0,1,0,0,0
wavmark,3,4096,258,english:1970,0,mean,"[35545, 35979, 46424]",34009,0,-2.0,-1.0,1.0,2,1,1,1
wavmark,3,16384,258,english:1970,0,mean,"[35545, 35979, 46424]",36061,0,-2.0,-1.0,1.0,7,1,1,1
wavmark,3,65536,258,english:1970,0,mean,"[35545, 35979, 46424]",36057,0,-2.0,-0.0,2.0,18,1,1,1
wavmark,3,256,258,english:1970,0,fwp,"[35545, 35979, 46424]",11731,0,-4.0,-2.0,2.0,4,1,1,1
wavmark,3,1024,258,english:1970,0,fwp,"[35545, 35979, 46424]",58835,0,-4.0,-3.0,1.0,11,1,1,1
wavmark,3,4096,258,english:1970,0,fwp,"[35545, 35979, 46424]",11739,0,-4.0,-1.0,3.0,38,1,1,1
wavmark,3,16384,258,english:1970,0,fwp,"[35545, 35979, 46424]",44539,0,-4.0,-1.0,3.0,187,1,1,1
wavmark,3,65536,258,english:1970,0,fwp,"[35545, 35979, 46424]",44507,0,-4.0,-0.0,4.0,698,1,1,1
wavmark,3,256,259,english:1970,1,mean,"[12901, 20682, 56378]",21611,0,-3.0,-3.0,0.0,1,1,0,0
wavmark,3,1024,259,english:1970,1,mean,"[12901, 20682, 56378]",20682,1,-3.0,-3.0,0.0,1,0,0,0
wavmark,3,4096,259,english:1970,1,mean,"[12901, 20682, 56378]",20602,0,-3.0,-0.0,3.0,11,1,1,1
wavmark,3,16384,259,english:1970,1,mean,"[12901, 20682, 56378]",22650,0,-3.0,-1.0,2.0,37,1,1,1
wavmark,3,65536,259,english:1970,1,mean,"[12901, 20682, 56378]",20602,0,-3.0,-0.0,3.0,138,1,1,1
wavmark,3,256,259,english:1970,1,fwp,"[12901, 20682, 56378]",40159,0,-5.0,-3.0,2.0,11,1,1,1
wavmark,3,1024,259,english:1970,1,fwp,"[12901, 20682, 56378]",65407,0,-5.0,-3.0,2.0,42,1,1,1
wavmark,3,4096,259,english:1970,1,fwp,"[12901, 20682, 56378]",64638,0,-5.0,-2.0,3.0,135,1,1,1
wavmark,3,16384,259,english:1970,1,fwp,"[12901, 20682, 56378]",48767,0,-5.0,-1.0,4.0,638,1,1,1
wavmark,3,65536,259,english:1970,1,fwp,"[12901, 20682, 56378]",48255,0,-5.0,-0.0,5.0,2518,1,1,1
wavmark,3,256,260,english:1970,2,mean,"[19057, 25118, 55863]",55863,1,-2.0,-2.0,0.0,1,0,0,0
wavmark,3,1024,260,english:1970,2,mean,"[19057, 25118, 55863]",55863,1,-2.0,-2.0,0.0,1,0,0,0
wavmark,3,4096,260,english:1970,2,mean,"[19057, 25118, 55863]",19127,0,-2.0,-1.0,1.0,2,1,0,0
wavmark,3,16384,260,english:1970,2,mean,"[19057, 25118, 55863]",27191,0,-2.0,-1.0,1.0,6,1,1,1
wavmark,3,65536,260,english:1970,2,mean,"[19057, 25118, 55863]",18999,0,-2.0,-0.0,2.0,18,1,1,1
wavmark,3,256,260,english:1970,2,fwp,"[19057, 25118, 55863]",31295,0,-4.0,-2.0,2.0,4,1,1,1
wavmark,3,1024,260,english:1970,2,fwp,"[19057, 25118, 55863]",27455,0,-4.0,-2.0,2.0,13,1,1,1
wavmark,3,4096,260,english:1970,2,fwp,"[19057, 25118, 55863]",27262,0,-4.0,-1.0,3.0,38,1,1,1
wavmark,3,16384,260,english:1970,2,fwp,"[19057, 25118, 55863]",27259,0,-4.0,-1.0,3.0,169,1,1,1
wavmark,3,65536,260,english:1970,2,fwp,"[19057, 25118, 55863]",27263,0,-4.0,-0.0,4.0,698,1,1,1
wavmark,3,256,261,english:198,0,mean,"[30582, 44829, 57856]",59158,0,-4.0,-1.0,3.0,4,1,1,1
wavmark,3,1024,261,english:198,0,mean,"[30582, 44829, 57856]",59280,0,-4.0,-2.0,2.0,13,1,1,1
wavmark,3,4096,261,english:198,0,mean,"[30582, 44829, 57856]",59158,0,-4.0,-1.0,3.0,46,1,1,1
wavmark,3,16384,261,english:198,0,mean,"[30582, 44829, 57856]",59220,0,-4.0,-1.0,3.0,170,1,1,1
wavmark,3,65536,261,english:198,0,mean,"[30582, 44829, 57856]",59156,0,-4.0,-0.0,4.0,698,1,1,1
wavmark,3,256,261,english:198,0,fwp,"[30582, 44829, 57856]",59158,0,-2.0,-2.0,0.0,1,1,0,0
wavmark,3,1024,261,english:198,0,fwp,"[30582, 44829, 57856]",59248,0,-2.0,-2.0,0.0,1,1,0,0
wavmark,3,4096,261,english:198,0,fwp,"[30582, 44829, 57856]",59252,0,-2.0,-1.0,1.0,2,1,1,1
wavmark,3,16384,261,english:198,0,fwp,"[30582, 44829, 57856]",59255,0,-2.0,-1.0,1.0,5,1,1,1
wavmark,3,65536,261,english:198,0,fwp,"[30582, 44829, 57856]",59254,0,-2.0,-0.0,2.0,18,1,1,1
wavmark,3,256,262,english:198,1,mean,"[15975, 23392, 27577]",31409,0,-3.0,-3.0,0.0,1,1,0,0
wavmark,3,1024,262,english:198,1,mean,"[15975, 23392, 27577]",23537,0,-3.0,-2.0,1.0,2,1,1,1
wavmark,3,4096,262,english:198,1,mean,"[15975, 23392, 27577]",64369,0,-3.0,-1.0,2.0,11,1,1,1
wavmark,3,16384,262,english:198,1,mean,"[15975, 23392, 27577]",64369,0,-3.0,-1.0,2.0,32,1,1,1
wavmark,3,65536,262,english:198,1,mean,"[15975, 23392, 27577]",31601,0,-3.0,-0.0,3.0,138,1,1,1
wavmark,3,256,262,english:198,1,fwp,"[15975, 23392, 27577]",45047,0,-5.0,-2.0,3.0,13,1,1,1
wavmark,3,1024,262,english:198,1,fwp,"[15975, 23392, 27577]",16367,0,-5.0,-2.0,3.0,32,1,1,1
wavmark,3,4096,262,english:198,1,fwp,"[15975, 23392, 27577]",28639,0,-5.0,-2.0,3.0,157,1,1,1
wavmark,3,16384,262,english:198,1,fwp,"[15975, 23392, 27577]",12287,0,-5.0,-0.0,5.0,626,1,1,1
wavmark,3,65536,262,english:198,1,fwp,"[15975, 23392, 27577]",12287,0,-5.0,-0.0,5.0,2518,1,1,1
wavmark,3,256,263,english:198,2,mean,"[3829, 18829, 32143]",27965,0,-3.0,-2.0,1.0,2,1,0,0
wavmark,3,1024,263,english:198,2,mean,"[3829, 18829, 32143]",64669,0,-3.0,-3.0,0.0,1,1,1,0
wavmark,3,4096,263,english:198,2,mean,"[3829, 18829, 32143]",60701,0,-3.0,-2.0,1.0,13,1,1,1
wavmark,3,16384,263,english:198,2,mean,"[3829, 18829, 32143]",28061,0,-3.0,-0.0,3.0,41,1,1,1
wavmark,3,65536,263,english:198,2,mean,"[3829, 18829, 32143]",28061,0,-3.0,-0.0,3.0,138,1,1,1
wavmark,3,256,263,english:198,2,fwp,"[3829, 18829, 32143]",44783,0,-4.0,-3.0,1.0,4,1,1,1
wavmark,3,1024,263,english:198,2,fwp,"[3829, 18829, 32143]",12158,0,-4.0,-2.0,2.0,11,1,1,1
wavmark,3,4096,263,english:198,2,fwp,"[3829, 18829, 32143]",45055,0,-4.0,-1.0,3.0,44,1,1,1
wavmark,3,16384,263,english:198,2,fwp,"[3829, 18829, 32143]",12286,0,-4.0,-1.0,3.0,189,1,1,1
wavmark,3,65536,263,english:198,2,fwp,"[3829, 18829, 32143]",12287,0,-4.0,-0.0,4.0,698,1,1,1
wavmark,3,256,264,english:1992,0,mean,"[24132, 31134, 59718]",20822,0,-3.0,-2.0,1.0,2,1,0,0
wavmark,3,1024,264,english:1992,0,mean,"[24132, 31134, 59718]",63826,0,-3.0,-2.0,1.0,2,1,0,0
wavmark,3,4096,264,english:1992,0,mean,"[24132, 31134, 59718]",31582,0,-3.0,-2.0,1.0,8,1,1,1
wavmark,3,16384,264,english:1992,0,mean,"[24132, 31134, 59718]",31060,0,-3.0,-1.0,2.0,38,1,1,1
wavmark,3,65536,264,english:1992,0,mean,"[24132, 31134, 59718]",31062,0,-3.0,-0.0,3.0,138,1,1,1
wavmark,3,256,264,english:1992,0,fwp,"[24132, 31134, 59718]",32663,0,-3.0,-3.0,0.0,1,1,0,0
wavmark,3,1024,264,english:1992,0,fwp,"[24132, 31134, 59718]",64222,0,-3.0,-3.0,0.0,1,1,1,1
wavmark,3,4096,264,english:1992,0,fwp,"[24132, 31134, 59718]",32766,0,-3.0,-1.0,2.0,12,1,1,1
wavmark,3,16384,264,english:1992,0,fwp,"[24132, 31134, 59718]",32734,0,-3.0,-0.0,3.0,32,1,1,1
wavmark,3,65536,264,english:1992,0,fwp,"[24132, 31134, 59718]",32734,0,-3.0,-0.0,3.0,138,1,1,1
wavmark,3,256,265,english:1992,1,mean,"[3763, 26445, 50654]",22479,0,-3.0,-2.0,1.0,3,1,1,0
wavmark,3,1024,265,english:1992,1,mean,"[3763, 26445, 50654]",17375,0,-3.0,-1.0,2.0,2,1,1,0
wavmark,3,4096,265,english:1992,1,mean,"[3763, 26445, 50654]",18391,0,-3.0,-1.0,2.0,8,1,1,1
wavmark,3,16384,265,english:1992,1,mean,"[3763, 26445, 50654]",51167,0,-3.0,-1.0,2.0,36,1,1,1
wavmark,3,65536,265,english:1992,1,mean,"[3763, 26445, 50654]",18399,0,-3.0,-0.0,3.0,138,1,1,1
wavmark,3,256,265,english:1992,1,fwp,"[3763, 26445, 50654]",44539,0,-5.0,-3.0,2.0,7,1,1,1
wavmark,3,1024,265,english:1992,1,fwp,"[3763, 26445, 50654]",12095,0,-5.0,-2.0,3.0,47,1,1,1
wavmark,3,4096,265,english:1992,1,fwp,"[3763, 26445, 50654]",12285,0,-5.0,-1.0,4.0,169,1,1,1
wavmark,3,16384,265,english:1992,1,fwp,"[3763, 26445, 50654]",28671,0,-5.0,-1.0,4.0,638,1,1,1
wavmark,3,65536,265,english:1992,1,fwp,"[3763, 26445, 50654]",12287,0,-5.0,-0.0,5.0,2518,1,1,1
wavmark,3,256,266,english:1992,2,mean,"[39662, 43598, 63961]",56286,0,-3.0,-3.0,0.0,1,1,1,0
wavmark,3,1024,266,english:1992,2,mean,"[39662, 43598, 63961]",48863,0,-3.0,-2.0,1.0,5,1,1,1
wavmark,3,4096,266,english:1992,2,mean,"[39662, 43598, 63961]",65246,0,-3.0,-2.0,1.0,7,1,1,1
wavmark,3,16384,266,english:1992,2,mean,"[39662, 43598, 63961]",47838,0,-3.0,-0.0,3.0,34,1,1,1
wavmark,3,65536,266,english:1992,2,mean,"[39662, 43598, 63961]",47838,0,-3.0,-0.0,3.0,138,1,1,1
wavmark,3,256,266,english:1992,2,fwp,"[39662, 43598, 63961]",60319,0,-3.0,-2.0,1.0,3,1,0,0
wavmark,3,1024,266,english:1992,2,fwp,"[39662, 43598, 63961]",63455,0,-3.0,-2.0,1.0,2,1,1,0
wavmark,3,4096,266,english:1992,2,fwp,"[39662, 43598, 63961]",48095,0,-3.0,-1.0,2.0,10,1,1,1
wavmark,3,16384,266,english:1992,2,fwp,"[39662, 43598, 63961]",64511,0,-3.0,-1.0,2.0,39,1,1,1
wavmark,3,65536,266,english:1992,2,fwp,"[39662, 43598, 63961]",64479,0,-3.0,-0.0,3.0,138,1,1,1
wavmark,3,256,267,english:200,0,mean,"[7367, 15441, 53358]",7367,1,-2.0,-3.0,-1.0,1,0,0,0
wavmark,3,1024,267,english:200,0,mean,"[7367, 15441, 53358]",7511,0,-2.0,-1.0,1.0,2,1,1,0
wavmark,3,4096,267,english:200,0,mean,"[7367, 15441, 53358]",40021,0,-2.0,-2.0,0.0,1,1,1,1
wavmark,3,16384,267,english:200,0,mean,"[7367, 15441, 53358]",7255,0,-2.0,-0.0,2.0,6,1,1,1
wavmark,3,65536,267,english:200,0,mean,"[7367, 15441, 53358]",7255,0,-2.0,-0.0,2.0,18,1,1,1
wavmark,3,256,267,english:200,0,fwp,"[7367, 15441, 53358]",48187,0,-5.0,-2.0,3.0,13,1,1,1
wavmark,3,1024,267,english:200,0,fwp,"[7367, 15441, 53358]",48767,0,-5.0,-1.0,4.0,43,1,1,1
wavmark,3,4096,267,english:200,0,fwp,"[7367, 15441, 53358]",64767,0,-5.0,-2.0,3.0,184,1,1,1
wavmark,3,16384,267,english:200,0,fwp,"[7367, 15441, 53358]",48767,0,-5.0,-1.0,4.0,597,1,1,1
wavmark,3,65536,267,english:200,0,fwp,"[7367, 15441, 53358]",48255,0,-5.0,-0.0,5.0,2518,1,1,1
wavmark,3,256,268,english:200,1,mean,"[4752, 12943, 61759]",12943,1,-1.0,-2.0,-1.0,1,0,0,0
wavmark,3,1024,268,english:200,1,mean,"[4752, 12943, 61759]",12943,1,-1.0,-3.0,-2.0,1,0,0,0
wavmark,3,4096,268,english:200,1,mean,"[4752, 12943, 61759]",12951,0,-1.0,-1.0,0.0,1,1,0,0
wavmark,3,16384,268,english:200,1,mean,"[4752, 12943, 61759]",29343,0,-1.0,-1.0,0.0,1,1,1,0
wavmark,3,65536,268,english:200,1,mean,"[4752, 12943, 61759]",12959,0,-1.0,-0.0,1.0,2,1,1,1
wavmark,3,256,268,english:200,1,fwp,"[4752, 12943, 61759]",61759,1,-2.0,-3.0,-1.0,1,0,0,0
wavmark,3,1024,268,english:200,1,fwp,"[4752, 12943, 61759]",61759,1,-2.0,-2.0,0.0,1,0,0,0
wavmark,3,4096,268,english:200,1,fwp,"[4752, 12943, 61759]",61759,1,-2.0,-2.0,0.0,1,0,0,0
wavmark,3,16384,268,english:200,1,fwp,"[4752, 12943, 61759]",46527,0,-2.0,-1.0,1.0,7,1,1,1
wavmark,3,65536,268,english:200,1,fwp,"[4752, 12943, 61759]",45503,0,-2.0,-0.0,2.0,18,1,1,1
wavmark,3,256,269,english:200,2,mean,"[20028, 22058, 38329]",22058,1,-2.0,-3.0,-1.0,1,0,0,0
wavmark,3,1024,269,english:200,2,mean,"[20028, 22058, 38329]",55096,0,-2.0,-2.0,0.0,1,1,1,0
wavmark,3,4096,269,english:200,2,mean,"[20028, 22058, 38329]",5688,0,-2.0,-1.0,1.0,2,1,1,0
wavmark,3,16384,269,english:200,2,mean,"[20028, 22058, 38329]",63032,0,-2.0,-2.0,0.0,1,1,1,1
wavmark,3,65536,269,english:200,2,mean,"[20028, 22058, 38329]",22072,0,-2.0,-0.0,2.0,18,1,1,1
wavmark,3,256,269,english:200,2,fwp,"[20028, 22058, 38329]",40748,0,-3.0,-3.0,0.0,1,1,0,0
wavmark,3,1024,269,english:200,2,fwp,"[20028, 22058, 38329]",39869,0,-3.0,-1.0,2.0,6,1,1,1
wavmark,3,4096,269,english:200,2,fwp,"[20028, 22058, 38329]",40877,0,-3.0,-1.0,2.0,11,1,1,1
wavmark,3,16384,269,english:200,2,fwp,"[20028, 22058, 38329]",40957,0,-3.0,-1.0,2.0,37,1,1,1
wavmark,3,65536,269,english:200,2,fwp,"[20028, 22058, 38329]",40893,0,-3.0,-0.0,3.0,138,1,1,1
wavmark,3,256,270,english:2002,0,mean,"[19802, 19846, 58840]",19802,1,-2.0,-4.0,-2.0,1,0,0,0
wavmark,3,1024,270,english:2002,0,mean,"[19802, 19846, 58840]",28114,0,-2.0,-1.0,1.0,2,1,1,1
wavmark,3,4096,270,english:2002,0,mean,"[19802, 19846, 58840]",60890,0,-2.0,-1.0,1.0,4,1,1,1
wavmark,3,16384,270,english:2002,0,mean,"[19802, 19846, 58840]",28114,0,-2.0,-1.0,1.0,4,1,1,1
wavmark,3,65536,270,english:2002,0,mean,"[19802, 19846, 58840]",28122,0,-2.0,-0.0,2.0,18,1,1,1
wavmark,3,256,270,english:2002,0,fwp,"[19802, 19846, 58840]",44542,0,-4.0,-3.0,1.0,3,1,1,0
wavmark,3,1024,270,english:2002,0,fwp,"[19802, 19846, 58840]",60686,0,-4.0,-2.0,2.0,14,1,1,1
wavmark,3,4096,270,english:2002,0,fwp,"[19802, 19846, 58840]",60826,0,-4.0,-1.0,3.0,40,1,1,1
wavmark,3,16384,270,english:2002,0,fwp,"[19802, 19846, 58840]",60894,0,-4.0,-1.0,3.0,174,1,1,1
wavmark,3,65536,270,english:2002,0,fwp,"[19802, 19846, 58840]",60830,0,-4.0,-0.0,4.0,698,1,1,1
wavmark,3,256,271,english:2002,1,mean,"[51505, 57996, 60357]",60357,1,-1.0,-1.0,0.0,1,0,0,0
wavmark,3,1024,271,english:2002,1,mean,"[51505, 57996, 60357]",60357,1,-1.0,-3.0,-2.0,1,0,0,0
wavmark,3,4096,271,english:2002,1,mean,"[51505, 57996, 60357]",60357,1,-1.0,-1.0,0.0,1,0,0,0
wavmark,3,16384,271,english:2002,1,mean,"[51505, 57996, 60357]",61317,0,-1.0,-1.0,0.0,1,1,0,0
wavmark,3,65536,271,english:2002,1,mean,"[51505, 57996, 60357]",60293,0,-1.0,-0.0,1.0,2,1,1,0
wavmark,3,256,271,english:2002,1,fwp,"[51505, 57996, 60357]",60045,0,-4.0,-3.0,1.0,2,1,1,0
wavmark,3,1024,271,english:2002,1,fwp,"[51505, 57996, 60357]",58293,0,-4.0,-2.0,2.0,10,1,1,1
wavmark,3,4096,271,english:2002,1,fwp,"[51505, 57996, 60357]",60349,0,-4.0,-0.0,4.0,54,1,1,1
wavmark,3,16384,271,english:2002,1,fwp,"[51505, 57996, 60357]",60349,0,-4.0,-0.0,4.0,169,1,1,1
wavmark,3,65536,271,english:2002,1,fwp,"[51505, 57996, 60357]",60349,0,-4.0,-0.0,4.0,698,1,1,1
wavmark,3,256,272,english:2002,2,mean,"[4134, 12469, 62767]",12469,1,-2.0,-3.0,-1.0,1,0,0,0
wavmark,3,1024,272,english:2002,2,mean,"[4134, 12469, 62767]",28727,0,-2.0,-1.0,1.0,2,1,0,0
wavmark,3,4096,272,english:2002,2,mean,"[4134, 12469, 62767]",61495,0,-2.0,-2.0,0.0,1,1,1,1
wavmark,3,16384,272,english:2002,2,mean,"[4134, 12469, 62767]",14391,0,-2.0,-1.0,1.0,5,1,1,1
wavmark,3,65536,272,english:2002,2,mean,"[4134, 12469, 62767]",12343,0,-2.0,-0.0,2.0,18,1,1,1
wavmark,3,256,272,english:2002,2,fwp,"[4134, 12469, 62767]",62767,1,-3.0,-3.0,0.0,1,0,0,0
wavmark,3,1024,272,english:2002,2,fwp,"[4134, 12469, 62767]",46263,0,-3.0,-2.0,1.0,3,1,1,0
wavmark,3,4096,272,english:2002,2,fwp,"[4134, 12469, 62767]",48543,0,-3.0,-2.0,1.0,8,1,1,1
wavmark,3,16384,272,english:2002,2,fwp,"[4134, 12469, 62767]",46527,0,-3.0,-0.0,3.0,37,1,1,1
wavmark,3,65536,272,english:2002,2,fwp,"[4134, 12469, 62767]",46527,0,-3.0,-0.0,3.0,138,1,1,1
wavmark,3,256,273,english:2007,0,mean,"[24936, 30458, 41583]",30458,1,-2.0,-3.0,-1.0,1,0,0,0
wavmark,3,1024,273,english:2007,0,mean,"[24936, 30458, 41583]",30458,1,-2.0,-3.0,-1.0,1,0,0,0
wavmark,3,4096,273,english:2007,0,mean,"[24936, 30458, 41583]",25336,0,-2.0,-1.0,1.0,3,1,1,0
wavmark,3,16384,273,english:2007,0,mean,"[24936, 30458, 41583]",27386,0,-2.0,-1.0,1.0,5,1,1,1
wavmark,3,65536,273,english:2007,0,mean,"[24936, 30458, 41583]",25338,0,-2.0,-0.0,2.0,18,1,1,1
wavmark,3,256,273,english:2007,0,fwp,"[24936, 30458, 41583]",46839,0,-4.0,-1.0,3.0,4,1,1,1
wavmark,3,1024,273,english:2007,0,fwp,"[24936, 30458, 41583]",64767,0,-4.0,-3.0,1.0,13,1,1,1
wavmark,3,4096,273,english:2007,0,fwp,"[24936, 30458, 41583]",46839,0,-4.0,-1.0,3.0,45,1,1,1
wavmark,3,16384,273,english:2007,0,fwp,"[24936, 30458, 41583]",48895,0,-4.0,-1.0,3.0,185,1,1,1
wavmark,3,65536,273,english:2007,0,fwp,"[24936, 30458, 41583]",46847,0,-4.0,-0.0,4.0,698,1,1,1
wavmark,3,256,274,english:2007,1,mean,"[12376, 24443, 36271]",7291,0,-2.0,-1.0,1.0,2,1,0,0
wavmark,3,1024,274,english:2007,1,mean,"[12376, 24443, 36271]",24443,1,-2.0,-2.0,0.0,1,0,0,0
wavmark,3,4096,274,english:2007,1,mean,"[12376, 24443, 36271]",8059,0,-2.0,-1.0,1.0,4,1,1,0
wavmark,3,16384,274,english:2007,1,mean,"[12376, 24443, 36271]",8059,0,-2.0,-1.0,1.0,5,1,1,1
wavmark,3,65536,274,english:2007,1,mean,"[12376, 24443, 36271]",7547,0,-2.0,-0.0,2.0,18,1,1,1
wavmark,3,256,274,english:2007,1,fwp,"[12376, 24443, 36271]",56783,0,-4.0,-4.0,0.0,1,1,1,0
wavmark,3,1024,274,english:2007,1,fwp,"[12376, 24443, 36271]",15871,0,-4.0,-1.0,3.0,12,1,1,1
wavmark,3,4096,274,english:2007,1,fwp,"[12376, 24443, 36271]",65015,0,-4.0,-2.0,2.0,40,1,1,1
wavmark,3,16384,274,english:2007,1,fwp,"[12376, 24443, 36271]",65023,0,-4.0,-1.0,3.0,171,1,1,1
wavmark,3,65536,274,english:2007,1,fwp,"[12376, 24443, 36271]",48639,0,-4.0,-0.0,4.0,698,1,1,1
wavmark,3,256,275,english:2007,2,mean,"[5880, 10577, 12640]",12640,1,-1.0,-2.0,-1.0,1,0,0,0
wavmark,3,1024,275,english:2007,2,mean,"[5880, 10577, 12640]",12640,1,-1.0,-2.0,-1.0,1,0,0,0
wavmark,3,4096,275,english:2007,2,mean,"[5880, 10577, 12640]",12660,0,-1.0,-1.0,0.0,1,1,0,0
wavmark,3,16384,275,english:2007,2,mean,"[5880, 10577, 12640]",12664,0,-1.0,-1.0,0.0,1,1,0,0
wavmark,3,65536,275,english:2007,2,mean,"[5880, 10577, 12640]",12656,0,-1.0,-0.0,1.0,2,1,1,1
wavmark,3,256,275,english:2007,2,fwp,"[5880, 10577, 12640]",7665,0,-5.0,-2.0,3.0,12,1,1,1
wavmark,3,1024,275,english:2007,2,fwp,"[5880, 10577, 12640]",15849,0,-5.0,-1.0,4.0,36,1,1,1
wavmark,3,4096,275,english:2007,2,fwp,"[5880, 10577, 12640]",48633,0,-5.0,-1.0,4.0,164,1,1,1
wavmark,3,16384,275,english:2007,2,fwp,"[5880, 10577, 12640]",16377,0,-5.0,-1.0,4.0,626,1,1,1
wavmark,3,65536,275,english:2007,2,fwp,"[5880, 10577, 12640]",15865,0,-5.0,-0.0,5.0,2518,1,1,1
wavmark,3,256,276,english:201,0,mean,"[1181, 38280, 55459]",54409,0,-3.0,-2.0,1.0,3,1,1,0
wavmark,3,1024,276,english:201,0,mean,"[1181, 38280, 55459]",40153,0,-3.0,-2.0,1.0,3,1,1,0
wavmark,3,4096,276,english:201,0,mean,"[1181, 38280, 55459]",54424,0,-3.0,-2.0,1.0,4,1,1,1
wavmark,3,16384,276,english:201,0,mean,"[1181, 38280, 55459]",38041,0,-3.0,-0.0,3.0,37,1,1,1
wavmark,3,65536,276,english:201,0,mean,"[1181, 38280, 55459]",38041,0,-3.0,-0.0,3.0,138,1,1,1
wavmark,3,256,276,english:201,0,fwp,"[1181, 38280, 55459]",40123,0,-5.0,-1.0,4.0,15,1,1,1
wavmark,3,1024,276,english:201,0,fwp,"[1181, 38280, 55459]",40118,0,-5.0,-2.0,3.0,27,1,1,1
wavmark,3,4096,276,english:201,0,fwp,"[1181, 38280, 55459]",40126,0,-5.0,-1.0,4.0,134,1,1,1
wavmark,3,16384,276,english:201,0,fwp,"[1181, 38280, 55459]",56511,0,-5.0,-1.0,4.0,673,1,1,1
wavmark,3,65536,276,english:201,0,fwp,"[1181, 38280, 55459]",40127,0,-5.0,-0.0,5.0,2518,1,1,1
wavmark,3,256,277,english:201,1,mean,"[5490, 14827, 30042]",30042,1,-2.0,-3.0,-1.0,1,0,0,0
wavmark,3,1024,277,english:201,1,mean,"[5490, 14827, 30042]",46458,0,-2.0,-1.0,1.0,2,1,0,0
wavmark,3,4096,277,english:201,1,mean,"[5490, 14827, 30042]",13690,0,-2.0,-0.0,2.0,3,1,1,1
wavmark,3,16384,277,english:201,1,mean,"[5490, 14827, 30042]",15738,0,-2.0,-1.0,1.0,5,1,1,1
wavmark,3,65536,277,english:201,1,mean,"[5490, 14827, 30042]",13690,0,-2.0,-0.0,2.0,18,1,1,1
wavmark,3,256,277,english:201,1,fwp,"[5490, 14827, 30042]",14827,1,-2.0,-3.0,-1.0,1,0,0,0
wavmark,3,1024,277,english:201,1,fwp,"[5490, 14827, 30042]",15803,0,-2.0,-1.0,1.0,2,1,0,0
wavmark,3,4096,277,english:201,1,fwp,"[5490, 14827, 30042]",28155,0,-2.0,-2.0,0.0,1,1,0,0
wavmark,3,16384,277,english:201,1,fwp,"[5490, 14827, 30042]",48635,0,-2.0,-1.0,1.0,7,1,1,1
wavmark,3,65536,277,english:201,1,fwp,"[5490, 14827, 30042]",15867,0,-2.0,-0.0,2.0,18,1,1,1
wavmark,3,256,278,english:201,2,mean,"[14263, 46438, 61885]",14263,1,-2.0,-3.0,-1.0,1,0,0,0
wavmark,3,1024,278,english:201,2,mean,"[14263, 46438, 61885]",14263,1,-2.0,-3.0,-1.0,1,0,0,0
wavmark,3,4096,278,english:201,2,mean,"[14263, 46438, 61885]",13751,0,-2.0,-1.0,1.0,2,1,1,1
wavmark,3,16384,278,english:201,2,mean,"[14263, 46438, 61885]",46519,0,-2.0,-0.0,2.0,7,1,1,1
wavmark,3,65536,278,english:201,2,mean,"[14263, 46438, 61885]",46519,0,-2.0,-0.0,2.0,18,1,1,1
wavmark,3,256,278,english:201,2,fwp,"[14263, 46438, 61885]",34239,0,-4.0,-3.0,1.0,2,1,0,0
wavmark,3,1024,278,english:201,2,fwp,"[14263, 46438, 61885]",49151,0,-4.0,-2.0,2.0,13,1,1,1
wavmark,3,4096,278,english:201,2,fwp,"[14263, 46438, 61885]",48575,0,-4.0,-2.0,2.0,42,1,1,1
wavmark,3,16384,278,english:201,2,fwp,"[14263, 46438, 61885]",48639,0,-4.0,-1.0,3.0,188,1,1,1
wavmark,3,65536,278,english:201,2,fwp,"[14263, 46438, 61885]",46591,0,-4.0,-0.0,4.0,698,1,1,1
wavmark,3,256,279,english:2092,0,mean,"[1132, 16199, 48573]",30061,0,-4.0,-2.0,2.0,6,1,1,1
wavmark,3,1024,279,english:2092,0,mean,"[1132, 16199, 48573]",31853,0,-4.0,-2.0,2.0,17,1,1,1
wavmark,3,4096,279,english:2092,0,mean,"[1132, 16199, 48573]",15725,0,-4.0,-0.0,4.0,48,1,1,1
wavmark,3,16384,279,english:2092,0,mean,"[1132, 16199, 48573]",15853,0,-4.0,-1.0,3.0,182,1,1,1
wavmark,3,65536,279,english:2092,0,mean,"[1132, 16199, 48573]",15725,0,-4.0,-0.0,4.0,698,1,1,1
wavmark,3,256,279,english:2092,0,fwp,"[1132, 16199, 48573]",16199,1,-3.0,-3.0,0.0,1,0,0,0
wavmark,3,1024,279,english:2092,0,fwp,"[1132, 16199, 48573]",20335,0,-3.0,-2.0,1.0,3,1,1,1
wavmark,3,4096,279,english:2092,0,fwp,"[1132, 16199, 48573]",12135,0,-3.0,-1.0,2.0,8,1,1,1
wavmark,3,16384,279,english:2092,0,fwp,"[1132, 16199, 48573]",28527,0,-3.0,-1.0,2.0,44,1,1,1
wavmark,3,65536,279,english:2092,0,fwp,"[1132, 16199, 48573]",12143,0,-3.0,-0.0,3.0,138,1,1,1
wavmark,3,256,280,english:2092,1,mean,"[19498, 22391, 46813]",30591,0,-2.0,-2.0,0.0,1,1,0,0
wavmark,3,1024,280,english:2092,1,mean,"[19498, 22391, 46813]",22391,1,-2.0,-2.0,0.0,1,0,0,0
wavmark,3,4096,280,english:2092,1,mean,"[19498, 22391, 46813]",22271,0,-2.0,-1.0,1.0,3,1,1,0
wavmark,3,16384,280,english:2092,1,mean,"[19498, 22391, 46813]",54911,0,-2.0,-1.0,1.0,6,1,1,1
wavmark,3,65536,280,english:2092,1,mean,"[19498, 22391, 46813]",22143,0,-2.0,-0.0,2.0,18,1,1,1
wavmark,3,256,280,english:2092,1,fwp,"[19498, 22391, 46813]",61079,0,-5.0,-3.0,2.0,9,1,1,1
wavmark,3,1024,280,english:2092,1,fwp,"[19498, 22391, 46813]",44727,0,-5.0,-1.0,4.0,41,1,1,1
wavmark,3,4096,280,english:2092,1,fwp,"[19498, 22391, 46813]",44991,0,-5.0,-1.0,4.0,171,1,1,1
wavmark,3,16384,280,english:2092,1,fwp,"[19498, 22391, 46813]",61119,0,-5.0,-1.0,4.0,632,1,1,1
wavmark,3,65536,280,english:2092,1,fwp,"[19498, 22391, 46813]",44735,0,-5.0,-0.0,5.0,2518,1,1,1
wavmark,3,256,281,english:2092,2,mean,"[18257, 47446, 58275]",50115,0,-4.0,-3.0,1.0,3,1,1,0
wavmark,3,1024,281,english:2092,2,mean,"[18257, 47446, 58275]",60243,0,-4.0,-1.0,3.0,14,1,1,1
wavmark,3,4096,281,english:2092,2,mean,"[18257, 47446, 58275]",62291,0,-4.0,-1.0,3.0,46,1,1,1
wavmark,3,16384,281,english:2092,2,mean,"[18257, 47446, 58275]",60243,0,-4.0,-1.0,3.0,165,1,1,1
wavmark,3,65536,281,english:2092,2,mean,"[18257, 47446, 58275]",58195,0,-4.0,-0.0,4.0,698,1,1,1
wavmark,3,256,281,english:2092,2,fwp,"[18257, 47446, 58275]",57303,0,-3.0,-3.0,0.0,1,1,0,0
wavmark,3,1024,281,english:2092,2,fwp,"[18257, 47446, 58275]",60767,0,-3.0,-2.0,1.0,3,1,1,1
wavmark,3,4096,281,english:2092,2,fwp,"[18257, 47446, 58275]",65111,0,-3.0,-2.0,1.0,6,1,1,1
wavmark,3,16384,281,english:2092,2,fwp,"[18257, 47446, 58275]",64863,0,-3.0,-1.0,2.0,37,1,1,1
wavmark,3,65536,281,english:2092,2,fwp,"[18257, 47446, 58275]",64855,0,-3.0,-0.0,3.0,138,1,1,1
wavmark,3,256,282,english:211,0,mean,"[14109, 32034, 36251]",48395,0,-4.0,-2.0,2.0,2,1,1,0
wavmark,3,1024,282,english:211,0,mean,"[14109, 32034, 36251]",64787,0,-4.0,-3.0,1.0,9,1,1,1
wavmark,3,4096,282,english:211,0,mean,"[14109, 32034, 36251]",32027,0,-4.0,-1.0,3.0,42,1,1,1
wavmark,3,16384,282,english:211,0,mean,"[14109, 32034, 36251]",15647,0,-4.0,-1.0,3.0,164,1,1,1
wavmark,3,65536,282,english:211,0,mean,"[14109, 32034, 36251]",15643,0,-4.0,-0.0,4.0,698,1,1,1
wavmark,3,256,282,english:211,0,fwp,"[14109, 32034, 36251]",48565,0,-3.0,-3.0,0.0,1,1,1,0
wavmark,3,1024,282,english:211,0,fwp,"[14109, 32034, 36251]",15807,0,-3.0,-2.0,1.0,2,1,1,1
wavmark,3,4096,282,english:211,0,fwp,"[14109, 32034, 36251]",64955,0,-3.0,-1.0,2.0,10,1,1,1
wavmark,3,16384,282,english:211,0,fwp,"[14109, 32034, 36251]",49083,0,-3.0,-1.0,2.0,34,1,1,1
wavmark,3,65536,282,english:211,0,fwp,"[14109, 32034, 36251]",48571,0,-3.0,-0.0,3.0,138,1,1,1
wavmark,3,256,283,english:211,1,mean,"[25614, 52239, 65460]",52239,1,-3.0,-3.0,0.0,1,0,0,0
wavmark,3,1024,283,english:211,1,mean,"[25614, 52239, 65460]",60422,0,-3.0,-2.0,1.0,4,1,1,1
wavmark,3,4096,283,english:211,1,mean,"[25614, 52239, 65460]",60438,0,-3.0,-1.0,2.0,7,1,1,1
wavmark,3,16384,283,english:211,1,mean,"[25614, 52239, 65460]",60444,0,-3.0,-1.0,2.0,38,1,1,1
wavmark,3,65536,283,english:211,1,mean,"[25614, 52239, 65460]",60446,0,-3.0,-0.0,3.0,138,1,1,1
wavmark,3,256,283,english:211,1,fwp,"[25614, 52239, 65460]",65460,1,-3.0,-3.0,0.0,1,0,0,0
wavmark,3,1024,283,english:211,1,fwp,"[25614, 52239, 65460]",65533,0,-3.0,-2.0,1.0,3,1,0,0
wavmark,3,4096,283,english:211,1,fwp,"[25614, 52239, 65460]",49087,0,-3.0,-1.0,2.0,12,1,1,1
wavmark,3,16384,283,english:211,1,fwp,"[25614, 52239, 65460]",65467,0,-3.0,-1.0,2.0,36,1,1,1
wavmark,3,65536,283,english:211,1,fwp,"[25614, 52239, 65460]",65471,0,-3.0,-0.0,3.0,138,1,1,1
wavmark,3,256,284,english:211,2,mean,"[19551, 46552, 46770]",45274,0,-2.0,-1.0,1.0,2,1,0,0
wavmark,3,1024,284,english:211,2,mean,"[19551, 46552, 46770]",46552,1,-2.0,-2.0,0.0,1,0,0,0
wavmark,3,4096,284,english:211,2,mean,"[19551, 46552, 46770]",46170,0,-2.0,-1.0,1.0,2,1,1,0
wavmark,3,16384,284,english:211,2,mean,"[19551, 46552, 46770]",62938,0,-2.0,-2.0,0.0,1,1,1,1
wavmark,3,65536,284,english:211,2,mean,"[19551, 46552, 46770]",46298,0,-2.0,-0.0,2.0,18,1,1,1
wavmark,3,256,284,english:211,2,fwp,"[19551, 46552, 46770]",48887,0,-5.0,-1.0,4.0,8,1,1,1
wavmark,3,1024,284,english:211,2,fwp,"[19551, 46552, 46770]",48886,0,-5.0,-2.0,3.0,51,1,1,1
wavmark,3,4096,284,english:211,2,fwp,"[19551, 46552, 46770]",65277,0,-5.0,-2.0,3.0,142,1,1,1
wavmark,3,16384,284,english:211,2,fwp,"[19551, 46552, 46770]",48894,0,-5.0,-1.0,4.0,622,1,1,1
wavmark,3,65536,284,english:211,2,fwp,"[19551, 46552, 46770]",48895,0,-5.0,-0.0,5.0,2518,1,1,1
wavmark,3,256,285,english:2136,0,mean,"[12924, 27259, 38138]",29304,0,-2.0,-2.0,0.0,1,1,0,0
wavmark,3,1024,285,english:2136,0,mean,"[12924, 27259, 38138]",13946,0,-2.0,-1.0,1.0,2,1,0,0
wavmark,3,4096,285,english:2136,0,mean,"[12924, 27259, 38138]",13050,0,-2.0,-1.0,1.0,4,1,1,1
wavmark,3,16384,285,english:2136,0,mean,"[12924, 27259, 38138]",12922,0,-2.0,-0.0,2.0,8,1,1,1
wavmark,3,65536,285,english:2136,0,mean,"[12924, 27259, 38138]",12922,0,-2.0,-0.0,2.0,18,1,1,1
wavmark,3,256,285,english:2136,0,fwp,"[12924, 27259, 38138]",48315,0,-4.0,-2.0,2.0,3,1,1,1
wavmark,3,1024,285,english:2136,0,fwp,"[12924, 27259, 38138]",48894,0,-4.0,-2.0,2.0,11,1,1,1
wavmark,3,4096,285,english:2136,0,fwp,"[12924, 27259, 38138]",48763,0,-4.0,-1.0,3.0,44,1,1,1
wavmark,3,16384,285,english:2136,0,fwp,"[12924, 27259, 38138]",49147,0,-4.0,-1.0,3.0,194,1,1,1
wavmark,3,65536,285,english:2136,0,fwp,"[12924, 27259, 38138]",48891,0,-4.0,-0.0,4.0,698,1,1,1
wavmark,3,256,286,english:2136,1,mean,"[6305, 15160, 55777]",6305,1,-1.0,-3.0,-2.0,1,0,0,0
wavmark,3,1024,286,english:2136,1,mean,"[6305, 15160, 55777]",6305,1,-1.0,-3.0,-2.0,1,0,0,0
wavmark,3,4096,286,english:2136,1,mean,"[6305, 15160, 55777]",7585,0,-1.0,-1.0,0.0,1,1,0,0
wavmark,3,16384,286,english:2136,1,mean,"[6305, 15160, 55777]",7585,0,-1.0,-1.0,0.0,1,1,1,0
wavmark,3,65536,286,english:2136,1,mean,"[6305, 15160, 55777]",6561,0,-1.0,-0.0,1.0,2,1,1,1
wavmark,3,256,286,english:2136,1,fwp,"[6305, 15160, 55777]",63928,0,-4.0,-4.0,0.0,1,1,1,1
wavmark,3,1024,286,english:2136,1,fwp,"[6305, 15160, 55777]",64505,0,-4.0,-1.0,3.0,12,1,1,1
wavmark,3,4096,286,english:2136,1,fwp,"[6305, 15160, 55777]",44025,0,-4.0,-1.0,3.0,37,1,1,1
wavmark,3,16384,286,english:2136,1,fwp,"[6305, 15160, 55777]",48121,0,-4.0,-0.0,4.0,170,1,1,1
wavmark,3,65536,286,english:2136,1,fwp,"[6305, 15160, 55777]",48121,0,-4.0,-0.0,4.0,698,1,1,1
wavmark,3,256,287,english:2136,2,mean,"[28808, 33362, 65495]",57936,0,-4.0,-3.0,1.0,2,1,1,0
wavmark,3,1024,287,english:2136,2,mean,"[28808, 33362, 65495]",57922,0,-4.0,-3.0,1.0,7,1,1,1
wavmark,3,4096,287,english:2136,2,mean,"[28808, 33362, 65495]",64218,0,-4.0,-2.0,2.0,44,1,1,1
wavmark,3,16384,287,english:2136,2,mean,"[28808, 33362, 65495]",64210,0,-4.0,-1.0,3.0,174,1,1,1
wavmark,3,65536,287,english:2136,2,mean,"[28808, 33362, 65495]",62162,0,-4.0,-0.0,4.0,698,1,1,1
wavmark,3,256,287,english:2136,2,fwp,"[28808, 33362, 65495]",57247,0,-3.0,-2.0,1.0,2,1,0,0
wavmark,3,1024,287,english:2136,2,fwp,"[28808, 33362, 65495]",65462,0,-3.0,-2.0,1.0,5,1,1,0
wavmark,3,4096,287,english:2136,2,fwp,"[28808, 33362, 65495]",65470,0,-3.0,-1.0,2.0,11,1,1,1
wavmark,3,16384,287,english:2136,2,fwp,"[28808, 33362, 65495]",57246,0,-3.0,-1.0,2.0,32,1,1,1
wavmark,3,65536,287,english:2136,2,fwp,"[28808, 33362, 65495]",65438,0,-3.0,-0.0,3.0,138,1,1,1
wavmark,3,256,288,english:2159,0,mean,"[27391, 35430, 47633]",41047,0,-3.0,-3.0,0.0,1,1,0,0
wavmark,3,1024,288,english:2159,0,mean,"[27391, 35430, 47633]",43903,0,-3.0,-2.0,1.0,4,1,1,1
wavmark,3,4096,288,english:2159,0,mean,"[27391, 35430, 47633]",43767,0,-3.0,-1.0,2.0,10,1,1,1
wavmark,3,16384,288,english:2159,0,mean,"[27391, 35430, 47633]",44663,0,-3.0,-1.0,2.0,35,1,1,1
wavmark,3,65536,288,english:2159,0,mean,"[27391, 35430, 47633]",43639,0,-3.0,-0.0,3.0,138,1,1,1
wavmark,3,256,288,english:2159,0,fwp,"[27391, 35430, 47633]",60415,0,-2.0,-2.0,0.0,1,1,0,0
wavmark,3,1024,288,english:2159,0,fwp,"[27391, 35430, 47633]",48895,0,-2.0,-2.0,0.0,1,1,1,0
wavmark,3,4096,288,english:2159,0,fwp,"[27391, 35430, 47633]",44799,0,-2.0,-1.0,1.0,4,1,1,1
wavmark,3,16384,288,english:2159,0,fwp,"[27391, 35430, 47633]",64255,0,-2.0,-2.0,0.0,1,1,1,1
wavmark,3,65536,288,english:2159,0,fwp,"[27391, 35430, 47633]",43775,0,-2.0,-0.0,2.0,18,1,1,1
wavmark,3,256,289,english:2159,1,mean,"[492, 53760, 61710]",61710,1,-2.0,-3.0,-1.0,1,0,0,0
wavmark,3,1024,289,english:2159,1,mean,"[492, 53760, 61710]",61724,0,-2.0,-2.0,0.0,1,1,0,0
wavmark,3,4096,289,english:2159,1,mean,"[492, 53760, 61710]",62220,0,-2.0,-2.0,0.0,1,1,0,0
wavmark,3,16384,289,english:2159,1,mean,"[492, 53760, 61710]",53644,0,-2.0,-1.0,1.0,9,1,1,1
wavmark,3,65536,289,english:2159,1,mean,"[492, 53760, 61710]",53516,0,-2.0,-0.0,2.0,18,1,1,1
wavmark,3,256,289,english:2159,1,fwp,"[492, 53760, 61710]",55140,0,-4.0,-3.0,1.0,7,1,1,1
wavmark,3,1024,289,english:2159,1,fwp,"[492, 53760, 61710]",55084,0,-4.0,-3.0,1.0,8,1,1,1
wavmark,3,4096,289,english:2159,1,fwp,"[492, 53760, 61710]",37708,0,-4.0,-1.0,3.0,40,1,1,1
wavmark,3,16384,289,english:2159,1,fwp,"[492, 53760, 61710]",37740,0,-4.0,-0.0,4.0,158,1,1,1
wavmark,3,65536,289,english:2159,1,fwp,"[492, 53760, 61710]",37740,0,-4.0,-0.0,4.0,698,1,1,1
wavmark,3,256,290,english:2159,2,mean,"[25181, 50986, 58125]",58125,1,-1.0,-3.0,-2.0,1,0,0,0
wavmark,3,1024,290,english:2159,2,mean,"[25181, 50986, 58125]",58125,1,-1.0,-2.0,-1.0,1,0,0,0
wavmark,3,4096,290,english:2159,2,mean,"[25181, 50986, 58125]",58137,0,-1.0,-1.0,0.0,1,1,0,0
wavmark,3,16384,290,english:2159,2,mean,"[25181, 50986, 58125]",58269,0,-1.0,-1.0,0.0,1,1,1,0
wavmark,3,65536,290,english:2159,2,mean,"[25181, 50986, 58125]",58141,0,-1.0,-0.0,1.0,2,1,1,1
wavmark,3,256,290,english:2159,2,fwp,"[25181, 50986, 58125]",59071,0,-5.0,-3.0,2.0,9,1,1,1
wavmark,3,1024,290,english:2159,2,fwp,"[25181, 50986, 58125]",63343,0,-5.0,-2.0,3.0,28,1,1,1
wavmark,3,4096,290,english:2159,2,fwp,"[25181, 50986, 58125]",63343,0,-5.0,-2.0,3.0,153,1,1,1
wavmark,3,16384,290,english:2159,2,fwp,"[25181, 50986, 58125]",59263,0,-5.0,-0.0,5.0,652,1,1,1
wavmark,3,65536,290,english:2159,2,fwp,"[25181, 50986, 58125]",59263,0,-5.0,-0.0,5.0,2518,1,1,1
wavmark,3,256,291,english:2182,0,mean,"[25553, 34852, 64137]",64137,1,-3.0,-3.0,0.0,1,0,0,0
wavmark,3,1024,291,english:2182,0,mean,"[25553, 34852, 64137]",59925,0,-3.0,-2.0,1.0,5,1,1,1
wavmark,3,4096,291,english:2182,0,mean,"[25553, 34852, 64137]",51857,0,-3.0,-1.0,2.0,12,1,1,1
wavmark,3,16384,291,english:2182,0,mean,"[25553, 34852, 64137]",60051,0,-3.0,-1.0,2.0,28,1,1,1
wavmark,3,65536,291,english:2182,0,mean,"[25553, 34852, 64137]",60049,0,-3.0,-0.0,3.0,138,1,1,1
wavmark,3,256,291,english:2182,0,fwp,"[25553, 34852, 64137]",10737,0,-6.0,-2.0,4.0,28,1,1,1
wavmark,3,1024,291,english:2182,0,fwp,"[25553, 34852, 64137]",43893,0,-6.0,-2.0,4.0,108,1,1,1
wavmark,3,4096,291,english:2182,0,fwp,"[25553, 34852, 64137]",43517,0,-6.0,-1.0,5.0,444,1,1,1
wavmark,3,16384,291,english:2182,0,fwp,"[25553, 34852, 64137]",44021,0,-6.0,-1.0,5.0,1753,1,1,1
wavmark,3,65536,291,english:2182,0,fwp,"[25553, 34852, 64137]",43509,0,-6.0,-0.0,6.0,6886,1,1,1
wavmark,3,256,292,english:2182,1,mean,"[4335, 33753, 37326]",37326,1,-2.0,-3.0,-1.0,1,0,0,0
wavmark,3,1024,292,english:2182,1,mean,"[4335, 33753, 37326]",37326,1,-2.0,-3.0,-1.0,1,0,0,0
wavmark,3,4096,292,english:2182,1,mean,"[4335, 33753, 37326]",37327,0,-2.0,-1.0,1.0,2,1,1,1
wavmark,3,16384,292,english:2182,1,mean,"[4335, 33753, 37326]",53727,0,-2.0,-1.0,1.0,7,1,1,1
wavmark,3,65536,292,english:2182,1,mean,"[4335, 33753, 37326]",37343,0,-2.0,-0.0,2.0,18,1,1,1
wavmark,3,256,292,english:2182,1,fwp,"[4335, 33753, 37326]",54127,0,-4.0,-3.0,1.0,4,1,1,1
wavmark,3,1024,292,english:2182,1,fwp,"[4335, 33753, 37326]",37875,0,-4.0,-2.0,2.0,10,1,1,1
wavmark,3,4096,292,english:2182,1,fwp,"[4335, 33753, 37326]",54270,0,-4.0,-2.0,2.0,45,1,1,1
wavmark,3,16384,292,english:2182,1,fwp,"[4335, 33753, 37326]",39935,0,-4.0,-1.0,3.0,187,1,1,1
wavmark,3,65536,292,english:2182,1,fwp,"[4335, 33753, 37326]",37887,0,-4.0,-0.0,4.0,698,1,1,1
wavmark,3,256,293,english:2182,2,mean,"[29177, 40928, 44720]",49148,0,-2.0,-2.0,0.0,1,1,0,0
wavmark,3,1024,293,english:2182,2,mean,"[29177, 40928, 44720]",40928,1,-2.0,-3.0,-1.0,1,0,0,0
wavmark,3,4096,293,english:2182,2,mean,"[29177, 40928, 44720]",45040,0,-2.0,-1.0,1.0,2,1,1,1
wavmark,3,16384,293,english:2182,2,mean,"[29177, 40928, 44720]",49138,0,-2.0,-1.0,1.0,6,1,1,1
wavmark,3,65536,293,english:2182,2,mean,"[29177, 40928, 44720]",49136,0,-2.0,-0.0,2.0,18,1,1,1
wavmark,3,256,293,english:2182,2,fwp,"[29177, 40928, 44720]",61437,0,-4.0,-2.0,2.0,5,1,1,1
wavmark,3,1024,293,english:2182,2,fwp,"[29177, 40928, 44720]",59320,0,-4.0,-2.0,2.0,11,1,1,1
wavmark,3,4096,293,english:2182,2,fwp,"[29177, 40928, 44720]",65433,0,-4.0,-2.0,2.0,52,1,1,1
wavmark,3,16384,293,english:2182,2,fwp,"[29177, 40928, 44720]",61369,0,-4.0,-0.0,4.0,171,1,1,1
wavmark,3,65536,293,english:2182,2,fwp,"[29177, 40928, 44720]",61369,0,-4.0,-0.0,4.0,698,1,1,1
wavmark,3,256,294,english:2196,0,mean,"[52935, 54301, 57859]",49749,0,-4.0,-3.0,1.0,2,1,0,0
wavmark,3,1024,294,english:2196,0,mean,"[52935, 54301, 57859]",58919,0,-4.0,-3.0,1.0,8,1,1,1
wavmark,3,4096,294,english:2196,0,mean,"[52935, 54301, 57859]",49687,0,-4.0,-1.0,3.0,41,1,1,1
wavmark,3,16384,294,english:2196,0,mean,"[52935, 54301, 57859]",58903,0,-4.0,-1.0,3.0,191,1,1,1
wavmark,3,65536,294,english:2196,0,mean,"[52935, 54301, 57859]",50711,0,-4.0,-0.0,4.0,698,1,1,1
wavmark,3,256,294,english:2196,0,fwp,"[52935, 54301, 57859]",54878,0,-3.0,-3.0,0.0,1,1,0,0
wavmark,3,1024,294,english:2196,0,fwp,"[52935, 54301, 57859]",62993,0,-3.0,-3.0,0.0,1,1,1,0
wavmark,3,4096,294,english:2196,0,fwp,"[52935, 54301, 57859]",65119,0,-3.0,-2.0,1.0,12,1,1,1
wavmark,3,16384,294,english:2196,0,fwp,"[52935, 54301, 57859]",63135,0,-3.0,-1.0,2.0,42,1,1,1
wavmark,3,65536,294,english:2196,0,fwp,"[52935, 54301, 57859]",63007,0,-3.0,-0.0,3.0,138,1,1,1
wavmark,3,256,295,english:2196,1,mean,"[23278, 43285, 61290]",61306,0,-3.0,-2.0,1.0,2,1,0,0
wavmark,3,1024,295,english:2196,1,mean,"[23278, 43285, 61290]",61054,0,-3.0,-2.0,1.0,3,1,1,1
wavmark,3,4096,295,english:2196,1,mean,"[23278, 43285, 61290]",60414,0,-3.0,-1.0,2.0,11,1,1,1
wavmark,3,16384,295,english:2196,1,mean,"[23278, 43285, 61290]",61310,0,-3.0,-1.0,2.0,31,1,1,1
wavmark,3,65536,295,english:2196,1,mean,"[23278, 43285, 61290]",60286,0,-3.0,-0.0,3.0,138,1,1,1
wavmark,3,256,295,english:2196,1,fwp,"[23278, 43285, 61290]",47865,0,-6.0,-3.0,3.0,25,1,1,1
wavmark,3,1024,295,english:2196,1,fwp,"[23278, 43285, 61290]",64511,0,-6.0,-1.0,5.0,98,1,1,1
wavmark,3,4096,295,english:2196,1,fwp,"[23278, 43285, 61290]",56319,0,-6.0,-2.0,4.0,450,1,1,1
wavmark,3,16384,295,english:2196,1,fwp,"[23278, 43285, 61290]",48111,0,-6.0,-1.0,5.0,1704,1,1,1
wavmark,3,65536,295,english:2196,1,fwp,"[23278, 43285, 61290]",48127,0,-6.0,-0.0,6.0,6886,1,1,1
wavmark,3,256,296,english:2196,2,mean,"[37362, 44321, 65000]",43504,0,-3.0,-2.0,1.0,2,1,0,0
wavmark,3,1024,296,english:2196,2,mean,"[37362, 44321, 65000]",62960,0,-3.0,-2.0,1.0,3,1,1,0
wavmark,3,4096,296,english:2196,2,mean,"[37362, 44321, 65000]",48592,0,-3.0,-1.0,2.0,8,1,1,1
wavmark,3,16384,296,english:2196,2,mean,"[37362, 44321, 65000]",48632,0,-3.0,-1.0,2.0,43,1,1,1
wavmark,3,65536,296,english:2196,2,mean,"[37362, 44321, 65000]",48624,0,-3.0,-0.0,3.0,138,1,1,1
wavmark,3,256,296,english:2196,2,fwp,"[37362, 44321, 65000]",49146,0,-4.0,-3.0,1.0,3,1,1,1
wavmark,3,1024,296,english:2196,2,fwp,"[37362, 44321, 65000]",64754,0,-4.0,-3.0,1.0,7,1,1,1
wavmark,3,4096,296,english:2196,2,fwp,"[37362, 44321, 65000]",65523,0,-4.0,-2.0,2.0,38,1,1,1
wavmark,3,16384,296,english:2196,2,fwp,"[37362, 44321, 65000]",65011,0,-4.0,-1.0,3.0,179,1,1,1
wavmark,3,65536,296,english:2196,2,fwp,"[37362, 44321, 65000]",48627,0,-4.0,-0.0,4.0,698,1,1,1
wavmark,3,256,297,english:226,0,mean,"[2254, 10145, 39240]",39240,1,-3.0,-3.0,0.0,1,0,0,0
wavmark,3,1024,297,english:226,0,mean,"[2254, 10145, 39240]",35208,0,-3.0,-2.0,1.0,3,1,0,0
wavmark,3,4096,297,english:226,0,mean,"[2254, 10145, 39240]",39368,0,-3.0,-2.0,1.0,8,1,1,1
wavmark,3,16384,297,english:226,0,mean,"[2254, 10145, 39240]",3528,0,-3.0,-1.0,2.0,35,1,1,1
wavmark,3,65536,297,english:226,0,mean,"[2254, 10145, 39240]",2504,0,-3.0,-0.0,3.0,138,1,1,1
wavmark,3,256,297,english:226,0,fwp,"[2254, 10145, 39240]",45034,0,-5.0,-2.0,3.0,9,1,1,1
wavmark,3,1024,297,english:226,0,fwp,"[2254, 10145, 39240]",15342,0,-5.0,-2.0,3.0,41,1,1,1
wavmark,3,4096,297,english:226,0,fwp,"[2254, 10145, 39240]",28654,0,-5.0,-1.0,4.0,162,1,1,1
wavmark,3,16384,297,english:226,0,fwp,"[2254, 10145, 39240]",12271,0,-5.0,-1.0,4.0,603,1,1,1
wavmark,3,65536,297,english:226,0,fwp,"[2254, 10145, 39240]",12270,0,-5.0,-0.0,5.0,2518,1,1,1
wavmark,3,256,298,english:226,1,mean,"[8900, 12737, 13556]",8900,1,-2.0,-2.0,0.0,1,0,0,0
wavmark,3,1024,298,english:226,1,mean,"[8900, 12737, 13556]",14564,0,-2.0,-2.0,0.0,1,1,0,0
wavmark,3,4096,298,english:226,1,mean,"[8900, 12737, 13556]",12484,0,-2.0,-0.0,2.0,2,1,1,1
wavmark,3,16384,298,english:226,1,mean,"[8900, 12737, 13556]",14532,0,-2.0,-1.0,1.0,5,1,1,1
wavmark,3,65536,298,english:226,1,mean,"[8900, 12737, 13556]",12484,0,-2.0,-0.0,2.0,18,1,1,1
wavmark,3,256,298,english:226,1,fwp,"[8900, 12737, 13556]",46325,0,-2.0,-2.0,0.0,1,1,0,0
wavmark,3,1024,298,english:226,1,fwp,"[8900, 12737, 13556]",38389,0,-2.0,-2.0,0.0,1,1,0,0
wavmark,3,4096,298,english:226,1,fwp,"[8900, 12737, 13556]",9717,0,-2.0,-1.0,1.0,2,1,1,1
wavmark,3,16384,298,english:226,1,fwp,"[8900, 12737, 13556]",46581,0,-2.0,-1.0,1.0,4,1,1,1
wavmark,3,65536,298,english:226,1,fwp,"[8900, 12737, 13556]",13813,0,-2.0,-0.0,2.0,18,1,1,1
wavmark,3,256,299,english:226,2,mean,"[19731, 30793, 35127]",19731,1,-1.0,-2.0,-1.0,1,0,0,0
wavmark,3,1024,299,english:226,2,mean,"[19731, 30793, 35127]",19731,1,-1.0,-2.0,-1.0,1,0,0,0
wavmark,3,4096,299,english:226,2,mean,"[19731, 30793, 35127]",19731,1,-1.0,-2.0,-1.0,1,0,0,0
wavmark,3,16384,299,english:226,2,mean,"[19731, 30793, 35127]",18707,0,-1.0,-0.0,1.0,2,1,0,0
wavmark,3,65536,299,english:226,2,mean,"[19731, 30793, 35127]",18707,0,-1.0,-0.0,1.0,2,1,1,0
wavmark,3,256,299,english:226,2,fwp,"[19731, 30793, 35127]",48575,0,-4.0,-3.0,1.0,4,1,1,1
wavmark,3,1024,299,english:226,2,fwp,"[19731, 30793, 35127]",47935,0,-4.0,-2.0,2.0,12,1,1,1
wavmark,3,4096,299,english:226,2,fwp,"[19731, 30793, 35127]",63855,0,-4.0,-2.0,2.0,43,1,1,1
wavmark,3,16384,299,english:226,2,fwp,"[19731, 30793, 35127]",47487,0,-4.0,-0.0,4.0,186,1,1,1
wavmark,3,65536,299,english:226,2,fwp,"[19731, 30793, 35127]",47487,0,-4.0,-0.0,4.0,698,1,1,1
